Name,Team,W,L,QS,ERA,G,GS,SV,HLD,BS,IP,TBF,H,R,ER,HR,BB,IBB,HBP,SO,K/9,BB/9,K/BB,HR/9,K%,BB%,K-BB%,AVG,WHIP,BABIP,LOB%,GB%,HR/FB,FIP,WAR,RA9-WAR,ADP,InterSD,InterSK,IntraSD,Vol,Skew,Dim,FPTS,FPTS/IP,SPTS,SPTS/IP,P10,P20,P30,P40,P50,P60,P70,P80,P90,TT10,TT20,TT30,TT40,TT50,TT60,TT70,TT80,TT90,NameASCII,PlayerId,MLBAMID
"Paul Skenes","PIT",8,5,12,2.81191,18,18,0,0,,108,431,86,37,34,9,26,,4,128,10.6147,2.17694,4.87599,0.770136,0.296186,0.0607438,0.2354426272213459,0.213915,1.03377,0.289842,0.759507,,,2.69886,3.3119,3.27037,9.649999618530273,,,,,,,630.9,5.841666666666667,589,5.453703703703703,,,,,,,,,,,,,,,,,,,"Paul Skenes","33677",694973
"Cristopher Sánchez","PHI",8,4,12,3.00283,18,18,0,0,,115,467,101,42,38,9,27,,3,118,9.23399,2.08386,4.4312,0.712474,0.253389,0.057183,0.1962060071527958,0.231634,1.1088,0.297563,0.747656,,,2.86764,3.2392,3.1735,24.75,,,,,,,623.6999999999999,5.423478260869564,604,5.252173913043478,,,,,,,,,,,,,,,,,,,"Cristopher Sanchez","20778",650911
"Tarik Skubal","DET",8,4,11,2.74036,16,16,0,0,,102,402,80,34,31,10,20,,3,122,10.6989,1.79139,5.97239,0.841762,0.302864,0.0507107,0.25215334817767143,0.211899,0.981466,0.285833,0.764827,,,2.64126,3.22471,3.2459,7.019999980926514,,,,,,,598.8000000000001,5.870588235294118,555,5.4411764705882355,,,,,,,,,,,,,,,,,,,"Tarik Skubal","22267",669373
"Logan Webb","SFG",7,5,10,3.3668,17,17,0,0,,108,447,104,44,40,8,26,,4,100,8.35175,2.18331,3.82527,0.676158,0.223518,0.0584319,0.16508576273918152,0.249724,1.21045,0.310772,0.727273,,,3.05349,2.52708,2.25866,57.189998626708984,,,,,,,540.4000000000001,5.003703703703705,546,5.055555555555555,,,,,,,,,,,,,,,,,,,"Logan Webb","17995",657277
"Chris Sale","ATL",8,4,10,3.17626,16,16,0,0,,99,405,83,38,35,10,27,,6,120,10.8982,2.42018,4.50306,0.918205,0.297115,0.0659808,0.23113460838794708,0.221992,1.10054,0.299844,0.748594,,,2.99741,2.51837,2.46699,39.36000061035156,,,,,,,534.8,5.402020202020202,506,5.111111111111111,,,,,,,,,,,,,,,,,,,"Chris Sale","10603",519242
"Dylan Cease","TOR",6,5,10,3.53332,17,17,0,0,,98,408,80,42,39,11,38,,3,123,11.2293,3.47079,3.23538,0.980479,0.301453,0.0931739,0.20827879011631012,0.217851,1.19616,0.296791,0.737256,,,3.28113,2.43126,2.00332,74.7699966430664,,,,,,,504.9000000000001,5.152040816326531,470,4.795918367346939,,,,,,,,,,,,,,,,,,,"Dylan Cease","18525",656302
"Jesús Luzardo","PHI",7,6,10,3.61332,18,18,0,0,,108,444,93,47,43,13,33,,4,118,9.8724,2.78077,3.55025,1.04526,0.26637,0.0750287,0.1913415715098381,0.229244,1.17449,0.292445,0.729422,,,3.44859,2.3615,2.12789,70.58999633789062,,,,,,,522.5,4.837962962962963,496,4.592592592592593,,,,,,,,,,,,,,,,,,,"Jesus Luzardo","19959",666200
"Zack Wheeler","PHI",7,4,10,3.36682,16,16,0,0,,101,408,82,41,38,12,27,,5,112,10.0386,2.39278,4.19535,1.07348,0.275634,0.0656998,0.20993399620056152,0.218997,1.08374,0.279443,0.738606,,,3.36073,2.28119,2.31658,110.48999786376953,,,,,,,514.6000000000001,5.095049504950496,477,4.7227722772277225,,,,,,,,,,,,,,,,,,,"Zack Wheeler","10310",554430
"Jacob deGrom","TEX",6,4,9,3.40633,16,16,0,0,,96,383,79,40,36,13,22,,3,110,10.3311,2.03563,5.07514,1.21546,0.288394,0.0568248,0.23156926035881042,0.219248,1.04336,0.279077,0.739757,,,3.32425,2.24848,2.05357,50.0099983215332,,,,,,,490.10000000000014,5.1052083333333345,456,4.75,,,,,,,,,,,,,,,,,,,"Jacob deGrom","10954",594798
"Ranger Suarez","BOS",7,5,10,3.66751,18,18,0,0,,105,441,100,47,43,11,31,,3,97,8.26773,2.63312,3.1399,0.906921,0.219572,0.0699295,0.1496421992778778,0.245879,1.24137,0.298666,0.725655,,,3.55258,2.19667,2.16413,183.97999572753906,,,,,,,473.70000000000005,4.511428571428572,474,4.514285714285714,,,,,,,,,,,,,,,,,,,"Ranger Suarez","17277",624133
"Yoshinobu Yamamoto","LAD",7,4,9,3.31057,14,14,0,0,,88,356,73,35,32,9,25,,3,93,9.59717,2.5538,3.758,0.923486,0.262435,0.0698335,0.19260121881961823,0.220782,1.11109,0.281083,0.735204,,,3.25423,2.17114,2.01509,26.639999389648438,,,,,,,452.7,5.144318181818182,425,4.829545454545454,,,,,,,,,,,,,,,,,,,"Yoshinobu Yamamoto","33825",808967
"Drew Rasmussen","TBR",6,5,10,3.53449,18,18,0,0,,98,397,86,42,38,11,24,,3,92,8.52193,2.20018,3.87329,0.968081,0.232765,0.0600951,0.17267035320401192,0.232234,1.12468,0.282425,0.716371,,,3.44277,2.11838,2.06895,132.36000061035156,,,,,,,469.30000000000007,4.788775510204083,450,4.591836734693878,,,,,,,,,,,,,,,,,,,"Drew Rasmussen","25385",656876
"Kevin Gausman","TOR",7,6,10,3.8843,18,18,0,0,,109,448,99,51,47,14,30,,2,107,8.85913,2.45103,3.61445,1.17445,0.239148,0.0661644,0.17298348248004913,0.238558,1.18403,0.288601,0.713957,,,3.71578,2.08096,1.76901,112.94999694824219,,,,,,,495.0000000000001,4.541284403669726,481,4.412844036697248,,,,,,,,,,,,,,,,,,,"Kevin Gausman","14107",592332
"Hunter Brown","HOU",7,5,9,3.43245,16,16,0,0,,96,396,80,40,37,10,33,,4,106,9.94872,3.05127,3.26052,0.958827,0.267993,0.0821933,0.18579934537410736,0.223295,1.17562,0.288032,0.741449,,,3.41369,2.01569,2.09068,36.189998626708984,,,,,,,480.4000000000001,5.004166666666667,451,4.697916666666667,,,,,,,,,,,,,,,,,,,"Hunter Brown","25880",686613
"Bryan Woo","SEA",7,5,10,3.43894,17,17,0,0,,103,411,85,43,39,14,21,,4,103,9.03539,1.88077,4.80408,1.19281,0.250858,0.0522176,0.19863992556929588,0.221013,1.03915,0.2663,0.730809,,,3.55736,1.99494,1.93577,34.77000045776367,,,,,,,500,4.854368932038835,464,4.504854368932039,,,,,,,,,,,,,,,,,,,"Bryan Woo","30279",693433
"Jacob Misiorowski","MIL",7,4,9,3.49625,21,17,0,0,,96,396,72,40,37,10,40,,6,121,11.3445,3.72343,3.0468,0.984402,0.304889,0.100069,0.20482031255960464,0.20428,1.16078,0.278809,0.73292,,,3.43757,1.95283,1.76883,114.13999938964844,,,,,,,504.2000000000001,5.252083333333334,454,4.729166666666667,,,,,,,,,,,,,,,,,,,"Jacob Misiorowski","31623",694819
"Framber Valdez","DET",7,6,10,3.7246,17,17,0,0,,108,458,100,49,45,10,37,,5,98,8.10994,3.09474,2.62056,0.803564,0.213282,0.081388,0.13189377635717392,0.240446,1.26506,0.292843,0.715074,,,3.64471,1.92807,1.96102,81.13999938964844,,,,,,,486.20000000000005,4.501851851851852,480,4.444444444444445,,,,,,,,,,,,,,,,,,,"Framber Valdez","17295",664285
"Joe Ryan","MIN",6,5,9,3.75295,16,16,0,0,,94,381,81,43,39,14,22,,5,104,9.92322,2.07664,4.7785,1.30413,0.272325,0.0569897,0.2153356485068798,0.227639,1.0884,0.282822,0.717245,,,3.62682,1.89985,1.69116,78.52999877929688,,,,,,,439.80000000000007,4.67872340425532,415,4.414893617021277,,,,,,,,,,,,,,,,,,,"Joe Ryan","21390",657746
"Nathan Eovaldi","TEX",7,6,9,3.71752,16,16,0,0,,101,413,90,45,42,12,25,,5,97,8.6281,2.25795,3.82121,1.08456,0.234159,0.0612788,0.1728806495666504,0.233888,1.13928,0.282396,0.711237,,,3.64135,1.88373,1.84133,132.50999450683594,,,,,,,469.80000000000007,4.651485148514852,453,4.485148514851486,,,,,,,,,,,,,,,,,,,"Nathan Eovaldi","9132",543135
"Sonny Gray","BOS",7,5,9,3.92553,17,17,0,0,,97,404,92,46,42,12,26,,3,99,9.11156,2.4021,3.79316,1.12042,0.24369,0.0642445,0.17944523692131042,0.245069,1.21156,0.301779,0.710962,,,3.59791,1.87124,1.73268,138.08999633789062,,,,,,,442.00000000000006,4.556701030927836,440,4.536082474226804,,,,,,,,,,,,,,,,,,,"Sonny Gray","12768",543243
"Shohei Ohtani","LAD",6,3,8,3.2627,14,14,0,0,,75,304,59,30,27,8,24,,4,88,10.5341,2.83611,3.71428,0.996872,0.288185,0.0775883,0.2105964869260788,0.213412,1.10465,0.280676,0.748333,,,3.28984,1.86301,1.69232,1.2699999809265137,,,,,,,395.20000000000005,5.269333333333334,363,4.84,,,,,,,,,,,,,,,,,,,"Shohei Ohtani","19755",660271
"Gerrit Cole","NYY",7,5,9,4.065,17,17,0,0,,106,442,97,52,48,15,32,,4,103,8.7498,2.71059,3.228,1.29473,0.233969,0.072481,0.16148771345615387,0.238955,1.21321,0.284436,0.713838,,,4.04624,1.85767,1.44098,232.89999389648438,,,,,,,445.7000000000001,4.204716981132076,433,4.084905660377358,,,,,,,,,,,,,,,,,,,"Gerrit Cole","13125",543037
"George Kirby","SEA",7,6,9,3.71396,17,17,0,0,,100,410,94,45,41,12,21,,4,95,8.52729,1.87763,4.54152,1.06979,0.231361,0.0509435,0.18041758611798286,0.243477,1.14505,0.294117,0.711708,,,3.50275,1.83976,1.51198,64.58000183105469,,,,,,,463,4.63,459,4.59,,,,,,,,,,,,,,,,,,,"George Kirby","25436",669923
"Chase Burns","CIN",5,4,7,3.5643,18,14,0,0,,79,321,65,34,31,11,25,,2,93,10.6272,2.87428,3.69732,1.21365,0.289005,0.0781661,0.2108391523361206,0.222498,1.15212,0.287547,0.749119,,,3.52531,1.79762,1.60374,109.72000122070312,,,,,,,385.29999999999995,4.877215189873417,357,4.518987341772152,,,,,,,,,,,,,,,,,,,"Chase Burns","35333",695505
"Logan Gilbert","SEA",6,5,9,3.55234,16,16,0,0,,94,376,78,40,37,13,22,,4,103,9.90289,2.07216,4.77902,1.2496,0.274074,0.0573495,0.21672499552369118,0.223263,1.06668,0.278229,0.731004,,,3.51401,1.77151,1.67963,37.150001525878906,,,,,,,460.90000000000003,4.903191489361703,429,4.5638297872340425,,,,,,,,,,,,,,,,,,,"Logan Gilbert","22250",669302
"Reid Detmers","LAA",5,6,7,4.08568,23,16,0,0,,96,401,84,47,43,12,34,,5,108,10.1071,3.17774,3.18061,1.14386,0.268153,0.0843087,0.18384405970573425,0.231755,1.23094,0.295837,0.700375,,,3.71149,1.71444,1.29577,350.4599914550781,,,,,,,443.4000000000001,4.618750000000001,423,4.40625,,,,,,,,,,,,,,,,,,,"Reid Detmers","27468",672282
"Braxton Ashcraft","PIT",5,4,8,3.69832,20,15,0,0,,88,367,82,39,36,9,26,,4,85,8.70235,2.65503,3.27768,0.932443,0.230732,0.0703947,0.16033688932657242,0.244131,1.23502,0.300875,0.723285,,,3.53872,1.69364,1.55055,239.36000061035156,,,,,,,407.3,4.628409090909091,403,4.579545454545454,,,,,,,,,,,,,,,,,,,"Braxton Ashcraft","23793",677952
"Shane McClanahan","TBR",6,5,9,3.76642,16,16,0,0,,90,371,79,41,38,11,29,,2,92,9.19353,2.88905,3.1822,1.09288,0.248105,0.0779667,0.17013857513666153,0.23208,1.19577,0.286842,0.722278,,,3.6845,1.69347,1.64189,182.99000549316406,,,,,,,416.30000000000007,4.6255555555555565,398,4.4222222222222225,,,,,,,,,,,,,,,,,,,"Shane McClanahan","21483",663556
"José Soriano","LAA",6,6,9,3.77386,17,17,0,0,,100,428,88,46,42,9,44,,5,97,8.7175,4.0042,2.17709,0.788359,0.226025,0.10382,0.12220505625009537,0.231486,1.32144,0.288953,0.722102,,,3.80314,1.6593,1.79228,321.80999755859375,,,,,,,447.49999999999994,4.475,430,4.3,,,,,,,,,,,,,,,,,,,"Jose Soriano","22100",667755
"Kyle Bradish","BAL",6,5,9,3.79605,16,16,0,0,,90,379,79,41,38,10,34,,4,94,9.36033,3.35341,2.79129,1.01047,0.247471,0.0886584,0.1588127687573433,0.231196,1.2477,0.28974,0.723731,,,3.73713,1.61283,1.54061,72.95999908447266,,,,,,,411.6,4.573333333333333,394,4.377777777777778,,,,,,,,,,,,,,,,,,,"Kyle Bradish","24586",680694
"Garrett Crochet","BOS",5,3,6,3.22724,10,10,0,0,,61,247,51,24,22,7,17,,2,73,10.8089,2.449,4.41361,0.990062,0.297083,0.0673106,0.22977199405431747,0.221398,1.09958,0.295681,0.750675,,,3.04853,1.59987,1.6131,12.239999771118164,,,,,,,321.70000000000005,5.27377049180328,303,4.967213114754099,,,,,,,,,,,,,,,,,,,"Garrett Crochet","27463",676979
"Nolan McLean","NYM",7,5,9,3.69536,16,16,0,0,,97,408,83,43,40,10,37,,6,99,9.25451,3.40179,2.72048,0.970833,0.244043,0.089706,0.15433713793754578,0.228411,1.23942,0.285953,0.728701,,,3.77693,1.59428,1.59296,87.29000091552734,,,,,,,448.00000000000006,4.618556701030928,424,4.371134020618556,,,,,,,,,,,,,,,,,,,"Nolan McLean","33703",690997
"Max Fried","NYY",6,3,7,3.36194,12,12,0,0,,74,305,65,30,28,7,22,,3,68,8.32829,2.70755,3.07595,0.81843,0.223833,0.0727688,0.15106438100337982,0.232549,1.18261,0.284937,0.735885,,,3.46361,1.57139,1.68666,50.04999923706055,,,,,,,353.5,4.777027027027027,340,4.594594594594595,,,,,,,,,,,,,,,,,,,"Max Fried","13743",608331
"Freddy Peralta","NYM",7,6,9,3.90381,17,17,0,0,,99,415,84,47,43,13,38,,5,107,9.72873,3.46115,2.81084,1.21537,0.258118,0.0918296,0.16628845781087875,0.225119,1.22999,0.27974,0.728688,,,3.99597,1.55381,1.28705,56.36000061035156,,,,,,,439.30000000000007,4.437373737373738,411,4.151515151515151,,,,,,,,,,,,,,,,,,,"Freddy Peralta","18679",642547
"Ben Brown","CHC",5,5,6,3.81719,28,12,0,0,,95,394,84,44,40,11,31,,3,102,9.67146,2.90119,3.33362,1.03879,0.258721,0.0776096,0.18111135810613632,0.232106,1.20317,0.293834,0.712528,,,3.53222,1.54461,1.19381,733.6500244140625,,,,,,,451.30000000000007,4.750526315789474,434,4.568421052631579,,,,,,,,,,,,,,,,,,,"Ben Brown","23590",676962
"Aaron Nola","PHI",6,6,8,4.24625,17,17,0,0,,101,423,98,52,48,16,29,,3,99,8.83959,2.59132,3.41123,1.38663,0.234126,0.0686338,0.16549218446016312,0.24969,1.25573,0.297008,0.714303,,,4.10066,1.51959,1.1513,205.52999877929688,,,,,,,397.8000000000001,3.93861386138614,399,3.9504950495049505,,,,,,,,,,,,,,,,,,,"Aaron Nola","16149",605400
"Parker Messick","CLE",5,5,9,3.87147,16,16,0,0,,92,387,86,43,39,11,30,,4,87,8.56561,2.93159,2.92182,1.0831,0.225927,0.0773241,0.14860334992408752,0.24305,1.26011,0.293631,0.726017,,,3.87052,1.51871,1.47107,294.17999267578125,,,,,,,393.9,4.281521739130435,389,4.228260869565218,,,,,,,,,,,,,,,,,,,"Parker Messick","31986",800048
"Sandy Alcantara","MIA",6,7,9,4.26503,17,17,0,0,,107,451,106,55,50,13,30,,5,87,7.34163,2.57537,2.8507,1.09074,0.192536,0.0675398,0.12499623000621796,0.253921,1.27798,0.293229,0.688327,,,4.04124,1.50584,1.21388,144.57000732421875,,,,,,,425.30000000000007,3.9747663551401877,435,4.065420560747664,,,,,,,,,,,,,,,,,,,"Sandy Alcantara","18684",645261
"Michael King","SDP",6,5,9,3.8607,17,17,0,0,,95,401,84,44,41,12,35,,4,96,9.04942,3.31614,2.7289,1.16234,0.238838,0.0875216,0.15131618082523346,0.23308,1.25286,0.283954,0.733726,,,4.01952,1.48074,1.33178,129.55999755859375,,,,,,,412,4.336842105263158,394,4.147368421052631,,,,,,,,,,,,,,,,,,,"Michael King","19853",650633
"Gavin Williams","CLE",6,5,9,3.86373,17,17,0,0,,100,423,87,47,43,12,41,,4,107,9.62393,3.63857,2.64497,1.11977,0.253715,0.0959236,0.15779174119234085,0.228652,1.2669,0.286248,0.732366,,,3.90991,1.47561,1.57156,144.74000549316406,,,,,,,445.2,4.452,423,4.23,,,,,,,,,,,,,,,,,,,"Gavin Williams","30122",668909
"Cam Schlittler","NYY",5,4,8,3.68827,14,14,0,0,,79,327,68,35,32,9,27,,3,81,9.25677,3.08427,3.00129,1.05071,0.247154,0.0823495,0.16480498015880585,0.229098,1.2075,0.284482,0.729899,,,3.72565,1.45794,1.47077,116.62999725341797,,,,,,,369.09999999999997,4.672151898734176,350,4.430379746835443,,,,,,,,,,,,,,,,,,,"Cam Schlittler","32095",693645
"Casey Mize","DET",5,5,8,3.99886,15,15,0,0,,85,354,81,41,38,11,23,,3,77,8.19264,2.45517,3.33689,1.15981,0.217795,0.0652688,0.15252617746591568,0.247884,1.23188,0.293371,0.712269,,,3.89116,1.4454,1.28676,289.6499938964844,,,,,,,359.1,4.224705882352941,358,4.211764705882353,,,,,,,,,,,,,,,,,,,"Casey Mize","20492",663554
"Tyler Glasnow","LAD",5,3,7,3.63051,12,12,0,0,,67,274,52,29,27,8,25,,2,80,10.8036,3.40688,3.17113,1.09391,0.293214,0.0924636,0.20075026899576187,0.211507,1.15912,0.278235,0.728701,,,3.49436,1.43138,1.26905,113.73999786376953,,,,,,,341.2,5.092537313432835,310,4.626865671641791,,,,,,,,,,,,,,,,,,,"Tyler Glasnow","14374",607192
"Hunter Greene","CIN",4,4,6,3.76722,12,12,0,0,,68,278,55,31,28,10,22,,4,80,10.7114,2.993,3.57883,1.35459,0.289482,0.0808874,0.20859458297491074,0.217969,1.14409,0.27745,0.738299,,,3.8458,1.39434,1.2921,444.32000732421875,,,,,,,319.20000000000005,4.694117647058825,292,4.294117647058823,,,,,,,,,,,,,,,,,,,"Hunter Greene","22182",668881
"Mason Miller","SDP",2,1,0,2.30361,39,0,18,1,,39,151,22,11,10,3,15,,1,61,14.2055,3.54009,4.01276,0.701323,0.403793,0.100627,0.3031654357910156,0.164388,0.965822,0.270816,0.802599,,,2.24051,1.39411,1.40862,27.860000610351562,,,,,,,362.50000000000006,9.294871794871796,324,8.307692307692308,,,,,,,,,,,,,,,,,,,"Mason Miller","31757",695243
"Tanner Bibee","CLE",6,6,9,4.08236,17,17,0,0,,103,431,97,51,47,14,31,,4,94,8.27269,2.71914,3.0424,1.25748,0.218987,0.0719785,0.14700862765312195,0.244552,1.24414,0.287242,0.716337,,,4.11924,1.37797,1.34842,188.6300048828125,,,,,,,420.8,4.085436893203884,416,4.038834951456311,,,,,,,,,,,,,,,,,,,"Tanner Bibee","30134",676440
"Trey Yesavage","TOR",5,4,8,3.96208,15,15,0,0,,81,343,69,39,36,10,35,,3,88,9.70912,3.91957,2.47709,1.11677,0.255454,0.103127,0.15232734382152557,0.224886,1.27979,0.282275,0.724437,,,3.96672,1.34683,1.19887,194.2899932861328,,,,,,,359,4.432098765432099,337,4.160493827160494,,,,,,,,,,,,,,,,,,,"Trey Yesavage","35456",702056
"MacKenzie Gore","TEX",5,5,8,3.96726,15,15,0,0,,81,343,71,39,36,10,32,,3,89,9.89922,3.59595,2.75288,1.11592,0.259825,0.094383,0.16544215381145477,0.232532,1.28124,0.295078,0.724146,,,3.8418,1.32881,1.16606,164.82000732421875,,,,,,,364.79999999999995,4.503703703703703,348,4.296296296296297,,,,,,,,,,,,,,,,,,,"MacKenzie Gore","22201",669022
"Payton Tolle","BOS",5,4,7,4.04901,14,14,0,0,,79,328,71,39,35,11,25,,3,78,8.88475,2.86376,3.10247,1.27568,0.237151,0.0764392,0.16071156412363052,0.236302,1.2186,0.282928,0.715171,,,4.03019,1.31804,1.25592,673,,,,,,,336.69999999999993,4.262025316455695,324,4.10126582278481,,,,,,,,,,,,,,,,,,,"Payton Tolle","35466",801139
"Carlos Rodón","NYY",8,6,9,4.12935,17,17,0,0,,103,431,88,51,47,15,40,,5,107,9.41619,3.52706,2.6697,1.31189,0.24894,0.0932465,0.15569379925727844,0.227341,1.24811,0.275988,0.717787,,,4.21714,1.31443,1.3514,202.3000030517578,,,,,,,427.90000000000003,4.154368932038835,399,3.8737864077669903,,,,,,,,,,,,,,,,,,,"Carlos Rodon","16137",607074
"Davis Martin","CHW",5,6,8,4.18491,16,16,0,0,,91,385,88,46,42,12,29,,4,78,7.7095,2.92712,2.63382,1.14402,0.201571,0.0765317,0.12503904849290848,0.249221,1.29121,0.290038,0.705848,,,4.16532,1.29834,1.16222,999,,,,,,,353.99999999999994,3.8901098901098896,356,3.912087912087912,,,,,,,,,,,,,,,,,,,"Davis Martin","21448",663436
"Michael Wacha","KCR",6,6,8,4.36185,16,16,0,0,,97,412,96,51,47,13,30,,3,77,7.08859,2.74249,2.58472,1.18197,0.186084,0.0719937,0.11409014463424683,0.252986,1.29023,0.286968,0.690038,,,4.24833,1.29269,1.17768,609.2899780273438,,,,,,,363.30000000000007,3.745360824742269,371,3.8247422680412373,,,,,,,,,,,,,,,,,,,"Michael Wacha","14078",608379
"Cade Smith","CLE",3,2,0,2.81741,39,0,19,1,,39,155,29,13,12,3,10,,2,51,11.8886,2.39535,4.96319,0.704077,0.331606,0.0668132,0.2647932469844818,0.206684,1.0243,0.299659,0.747758,,,2.42609,1.2899,1.18553,39.90999984741211,,,,,,,341.30000000000007,8.751282051282052,321,8.23076923076923,,,,,,,,,,,,,,,,,,,"Cade Smith","27867",671922
"Mitch Keller","PIT",6,6,8,4.41981,17,17,0,0,,100,428,100,53,49,13,31,,6,85,7.64575,2.78658,2.74378,1.14371,0.198484,0.0723398,0.12614469975233078,0.256244,1.31219,0.298196,0.686248,,,4.16043,1.2898,1.00288,518.6300048828125,,,,,,,379.1,3.7910000000000004,390,3.9,,,,,,,,,,,,,,,,,,,"Mitch Keller","17594",656605
"Brandon Woodruff","MIL",5,4,7,3.8884,13,13,0,0,,74,304,64,35,32,11,20,,3,76,9.15754,2.47712,3.69685,1.35929,0.248687,0.0672699,0.18141668289899826,0.229221,1.14063,0.274033,0.722158,,,3.98171,1.28824,1.07361,143.82000732421875,,,,,,,328.9,4.444594594594594,310,4.1891891891891895,,,,,,,,,,,,,,,,,,,"Brandon Woodruff","16162",605540
"Griffin Jax","TBR",4,5,7,3.64275,18,13,0,0,,67,277,58,29,27,8,22,,2,75,10.1178,2.98293,3.39189,1.06247,0.271712,0.0801064,0.1916058212518692,0.229821,1.19791,0.296057,0.734009,,,3.49297,1.28384,1.27742,149.2100067138672,,,,,,,324.59999999999997,4.844776119402985,309,4.611940298507463,,,,,,,,,,,,,,,,,,,"Griffin Jax","20253",643377
"Shota Imanaga","CHC",6,5,8,3.99273,16,16,0,0,,97,396,88,47,43,17,22,,3,91,8.44899,2.04434,4.13287,1.5731,0.23041,0.0557505,0.17465908452868462,0.236506,1.13058,0.269234,0.731894,,,4.26302,1.28142,1.23723,157.92999267578125,,,,,,,386.90000000000003,3.9886597938144335,371,3.8247422680412373,,,,,,,,,,,,,,,,,,,"Shota Imanaga","33829",684007
"Matthew Boyd","CHC",5,4,7,3.85615,14,14,0,0,,77,322,71,36,33,10,22,,3,73,8.51603,2.59943,3.27611,1.15866,0.227686,0.0694988,0.15818723291158676,0.239233,1.20391,0.285932,0.72112,,,3.87837,1.26939,1.12088,212.75999450683594,,,,,,,333.20000000000005,4.327272727272728,326,4.233766233766234,,,,,,,,,,,,,,,,,,,"Matthew Boyd","15440",571510
"Trevor Rogers","BAL",5,5,8,4.24631,16,16,0,0,,90,384,88,46,43,12,30,,3,75,7.48852,2.96212,2.5281,1.14718,0.195841,0.0774658,0.11837536841630936,0.251036,1.30449,0.289797,0.70304,,,4.18769,1.25951,1.01873,146.07000732421875,,,,,,,340.59999999999997,3.784444444444444,345,3.8333333333333335,,,,,,,,,,,,,,,,,,,"Trevor Rogers","22286",669432
"Max Meyer","MIA",4,5,8,4.1416,16,16,0,0,,88,373,82,44,41,12,30,,4,87,8.83146,3.09416,2.85423,1.21016,0.23199,0.0812792,0.1507105827331543,0.243095,1.2784,0.293214,0.713852,,,4.04604,1.25784,1.12331,281.45001220703125,,,,,,,362.40000000000003,4.118181818181818,356,4.045454545454546,,,,,,,,,,,,,,,,,,,"Max Meyer","27474",676974
"Nick Lodolo","CIN",5,5,8,4.24764,16,16,0,0,,89,378,84,46,42,14,25,,8,87,8.83563,2.53278,3.48851,1.36962,0.23123,0.0662834,0.1649470403790474,0.244218,1.22706,0.289774,0.704196,,,4.24057,1.24211,1.14239,127.94999694824219,,,,,,,343.0000000000001,3.853932584269664,338,3.797752808988764,,,,,,,,,,,,,,,,,,,"Nick Lodolo","26378",666157
"Andrew Abbott","CIN",5,6,8,4.34706,17,17,0,0,,96,409,94,51,47,16,32,,2,84,7.85144,3.01083,2.60773,1.46703,0.205876,0.0789485,0.12692788243293762,0.250588,1.30657,0.284506,0.724766,,,4.55443,1.23671,1.09686,221.92999267578125,,,,,,,335.20000000000016,3.4916666666666685,338,3.5208333333333335,,,,,,,,,,,,,,,,,,,"Andrew Abbott","29911",671096
"Emmet Sheehan","LAD",5,3,6,4.00752,19,13,0,0,,72,297,62,35,32,11,23,,3,80,9.99393,2.80919,3.55759,1.33109,0.269489,0.0757505,0.19373878091573715,0.226922,1.16631,0.281852,0.711294,,,3.87582,1.23562,0.881854,111.20999908447266,,,,,,,318.30000000000007,4.420833333333334,299,4.152777777777778,,,,,,,,,,,,,,,,,,,"Emmet Sheehan","29839",686218
"Jack Flaherty","DET",4,5,7,4.16599,14,14,0,0,,75,318,68,38,35,10,28,,3,83,9.9931,3.41224,2.9286,1.23634,0.26162,0.0893328,0.17228753119707108,0.237898,1.28752,0.299928,0.716199,,,3.94725,1.22512,0.948716,209,,,,,,,328.2,4.3759999999999994,318,4.24,,,,,,,,,,,,,,,,,,,"Jack Flaherty","17479",656427
"Jared Jones","PIT",4,5,6,4.11597,19,14,0,0,,78,328,72,39,36,10,27,,4,80,9.26542,3.13721,2.95339,1.16648,0.243931,0.0825934,0.16133741289377213,0.240746,1.26963,0.296784,0.709933,,,3.91468,1.21963,0.939366,714.77001953125,,,,,,,334.00000000000006,4.282051282051283,327,4.1923076923076925,,,,,,,,,,,,,,,,,,,"Jared Jones","27863",683003
"Spencer Strider","ATL",5,4,7,4.00528,13,13,0,0,,74,309,63,36,33,10,28,,3,86,10.4759,3.44996,3.03653,1.22038,0.277579,0.0914133,0.18616565316915512,0.227623,1.24092,0.292541,0.72039,,,3.81704,1.21795,1.01485,124.86000061035156,,,,,,,339.8,4.591891891891892,319,4.3108108108108105,,,,,,,,,,,,,,,,,,,"Spencer Strider","27498",675911
"Cade Cavalli","WSN",5,5,8,4.11438,15,15,0,0,,83,361,82,41,38,9,30,,6,76,8.20769,3.19754,2.56688,1.00649,0.211149,0.082259,0.12888966500759125,0.252573,1.33864,0.303714,0.712083,,,4.01198,1.19653,1.05318,305.2200012207031,,,,,,,334.3,4.0277108433734945,342,4.120481927710843,,,,,,,,,,,,,,,,,,,"Cade Cavalli","27473",676917
"Shane Bieber","TOR",5,4,7,3.81048,16,13,0,0,,75,310,71,34,32,10,19,,2,70,8.36176,2.24572,3.72342,1.1919,0.224355,0.060255,0.1640995442867279,0.245933,1.1986,0.291913,0.728781,,,3.81462,1.19465,1.22584,474.0400085449219,,,,,,,324.4,4.325333333333333,322,4.293333333333333,,,,,,,,,,,,,,,,,,,"Shane Bieber","19427",669456
"Cole Ragans","KCR",4,3,5,3.74153,10,10,0,0,,55,230,45,25,23,7,22,,2,68,11.01,3.56387,3.08935,1.06135,0.294792,0.0954222,0.19936995208263397,0.21813,1.20783,0.291492,0.724976,,,3.47528,1.18035,1.06371,48.15999984741211,,,,,,,267.9,4.87090909090909,248,4.509090909090909,,,,,,,,,,,,,,,,,,,"Cole Ragans","21846",666142
"Dustin May","STL",6,7,8,4.18098,26,17,0,0,,101,433,96,51,47,12,36,,6,91,8.09506,3.15924,2.56235,1.065,0.210773,0.0822579,0.12851528823375702,0.244606,1.29332,0.290689,0.699126,,,4.08967,1.17885,0.883366,414.6700134277344,,,,,,,406.20000000000005,4.021782178217822,405,4.00990099009901,,,,,,,,,,,,,,,,,,,"Dustin May","19716",669160
"Kyle Harrison","MIL",5,4,8,4.13482,16,16,0,0,,85,360,75,43,39,12,32,,4,92,9.65906,3.41345,2.82971,1.26931,0.254305,0.0898699,0.16443552821874619,0.233137,1.26395,0.288189,0.716901,,,4.0686,1.17762,0.941865,446.55999755859375,,,,,,,362.4,4.263529411764706,345,4.0588235294117645,,,,,,,,,,,,,,,,,,,"Kyle Harrison","27758",690986
"Shane Baz","BAL",5,6,8,4.2317,16,16,0,0,,92,390,86,47,43,13,32,,4,88,8.61593,3.12152,2.76017,1.26168,0.226066,0.0819031,0.14416328817605972,0.241953,1.27605,0.287654,0.708451,,,4.19538,1.14006,1.04364,186.92999267578125,,,,,,,365.30000000000007,3.9706521739130443,359,3.902173913043478,,,,,,,,,,,,,,,,,,,"Shane Baz","22264",669358
"Noah Cameron","KCR",5,5,8,4.18485,15,15,0,0,,89,375,86,45,41,12,28,,3,77,7.77011,2.85437,2.72218,1.22956,0.204188,0.0750089,0.12917868793010712,0.249562,1.28489,0.288806,0.712742,,,4.20567,1.12831,1.25819,298,,,,,,,348.4,3.9146067415730332,350,3.932584269662921,,,,,,,,,,,,,,,,,,,"Noah Cameron","30184",702070
"Taj Bradley","MIN",4,5,7,4.38849,15,15,0,0,,83,352,77,44,40,12,31,,3,83,9.02621,3.36101,2.68557,1.27629,0.2359,0.08784,0.1480601727962494,0.243139,1.30827,0.293699,0.701302,,,4.16244,1.12674,0.876626,492.4599914550781,,,,,,,330.40000000000003,3.9807228915662654,323,3.891566265060241,,,,,,,,,,,,,,,,,,,"Taj Bradley","22543",671737
"Landen Roupp","SFG",5,4,7,3.90226,14,14,0,0,,76,324,70,36,33,7,31,,3,73,8.73428,3.72243,2.34639,0.844379,0.226277,0.0964359,0.12984071671962738,0.241775,1.34151,0.300723,0.719097,,,3.7366,1.12638,1.03286,690.0999755859375,,,,,,,338.29999999999995,4.451315789473684,333,4.381578947368421,,,,,,,,,,,,,,,,,,,"Landen Roupp","30076",694738
"Connelly Early","BOS",5,5,7,4.08605,14,14,0,0,,76,323,69,38,35,9,28,,5,75,8.86123,3.36992,2.62951,1.0738,0.23176,0.0881381,0.14362184703350067,0.23689,1.27778,0.289369,0.706098,,,3.99164,1.12112,1.16006,266.4800109863281,,,,,,,323.29999999999995,4.253947368421052,314,4.131578947368421,,,,,,,,,,,,,,,,,,,"Connelly Early","33666",813349
"Grant Taylor","CHW",2,2,0,3.20305,45,0,5,7,,45,184,36,17,16,4,17,,1,56,11.2309,3.3344,3.3682,0.741466,0.303587,0.0901334,0.21345379948616028,0.216404,1.17314,0.302787,0.743334,,,2.88436,1.10944,1.01566,506.67999267578125,,,,,,,301.20000000000005,6.693333333333334,284,6.311111111111111,,,,,,,,,,,,,,,,,,,"Grant Taylor","33927",691799
"Jhoan Duran","PHI",3,2,0,2.77599,38,0,17,1,,38,155,30,13,12,3,11,,2,46,10.8304,2.70416,4.0051,0.64552,0.297335,0.074239,0.22309577465057373,0.21242,1.08533,0.294715,0.761552,,,2.68769,1.1088,1.10977,41.84000015258789,,,,,,,308.3,8.113157894736842,293,7.7105263157894735,,,,,,,,,,,,,,,,,,,"Jhoan Duran","21029",661395
"Foster Griffin","WSN",5,5,7,4.27307,15,15,0,0,,85,361,82,44,41,12,26,,4,78,8.22186,2.7684,2.9699,1.25885,0.216045,0.072745,0.14330033212900162,0.247702,1.26575,0.290711,0.700681,,,4.17716,1.10631,0.872892,999,,,,,,,334.2,3.931764705882353,335,3.9411764705882355,,,,,,,,,,,,,,,,,,,"Foster Griffin","16432",656492
"Nick Martinez","TBR",6,6,8,4.42913,17,17,0,0,,98,413,101,52,48,14,25,,4,69,6.38928,2.26469,2.82127,1.29222,0.167696,0.0594401,0.10825624316930771,0.261972,1.28457,0.28787,0.691842,,,4.42295,1.0994,1.03665,738.3400268554688,,,,,,,341.4,3.483673469387755,359,3.663265306122449,,,,,,,,,,,,,,,,,,,"Nick Martinez","12730",607259
"Michael Soroka","ARI",5,5,7,4.20049,19,15,0,0,,91,387,85,46,43,11,30,,7,88,8.67259,2.99245,2.89816,1.13133,0.226978,0.078318,0.14866000413894653,0.242193,1.26252,0.292406,0.695066,,,4.02808,1.09438,0.990541,710.3599853515625,,,,,,,382.0999999999999,4.198901098901098,377,4.142857142857143,,,,,,,,,,,,,,,,,,,"Michael Soroka","18383",647336
"Will Warren","NYY",5,5,7,4.21406,20,15,0,0,,82,347,77,42,38,11,29,,3,83,9.08404,3.16412,2.87095,1.24337,0.23771,0.0827982,0.1549115926027298,0.245179,1.29679,0.29806,0.714031,,,4.05489,1.08729,0.856929,285.04998779296875,,,,,,,341.3,4.162195121951219,337,4.109756097560975,,,,,,,,,,,,,,,,,,,"Will Warren","30182",701542
"Jack Leiter","TEX",5,6,7,4.2484,15,15,0,0,,87,370,77,45,41,12,35,,4,85,8.78678,3.60405,2.43803,1.262,0.22998,0.0943303,0.1356496810913086,0.232155,1.28204,0.276538,0.708232,,,4.3185,1.07986,0.932404,230.7100067138672,,,,,,,349.00000000000006,4.011494252873564,332,3.8160919540229883,,,,,,,,,,,,,,,,,,,"Jack Leiter","30146",683004
"Grayson Rodriguez","LAA",5,5,6,4.20975,13,13,0,0,,71,300,67,36,33,9,25,,3,72,9.20197,3.24945,2.83186,1.19678,0.240322,0.0848638,0.15545857697725296,0.244914,1.30491,0.300502,0.711948,,,3.99054,1.0734,0.92879,397.1099853515625,,,,,,,300.5,4.232394366197183,298,4.197183098591549,,,,,,,,,,,,,,,,,,,"Grayson Rodriguez","24492",680570
"Edward Cabrera","CHC",5,5,7,4.18421,15,15,0,0,,85,363,76,43,40,11,34,,4,88,9.24013,3.57416,2.58526,1.15621,0.241395,0.0933738,0.14802169054746628,0.235345,1.29277,0.289445,0.707539,,,4.06409,1.04399,0.895061,174.72000122070312,,,,,,,358.1,4.212941176470588,344,4.047058823529412,,,,,,,,,,,,,,,,,,,"Edward Cabrera","21690",665795
"Zac Gallen","ARI",7,6,8,4.35439,17,17,0,0,,101,430,100,53,49,14,33,,4,90,8.02508,2.90453,2.76296,1.20412,0.209621,0.0758686,0.13375291973352432,0.252933,1.30796,0.296694,0.697868,,,4.1364,1.03914,1.01838,222.69000244140625,,,,,,,384.20000000000005,3.8039603960396042,392,3.881188118811881,,,,,,,,,,,,,,,,,,,"Zac Gallen","19291",668678
"Kris Bubic","KCR",4,4,5,3.8774,15,11,0,0,,64,270,58,30,28,7,23,,2,62,8.74267,3.29196,2.65577,0.963686,0.229961,0.0865895,0.1433717906475067,0.239062,1.28,0.293965,0.718273,,,3.75411,1.03746,1.08741,190.69000244140625,,,,,,,285.7,4.4640625,278,4.34375,,,,,,,,,,,,,,,,,,,"Kris Bubic","21455",663460
"Blake Snell","LAD",3,2,5,3.45646,8,8,0,0,,47,194,37,19,18,5,21,,1,57,11.0864,3.97125,2.79167,0.944078,0.295892,0.105991,0.1899009570479393,0.213117,1.22939,0.289334,0.750039,,,3.39986,1.03563,1.03993,178.41000366210938,,,,,,,238.10000000000002,5.065957446808511,218,4.638297872340425,,,,,,,,,,,,,,,,,,,"Blake Snell","13543",605483
"Logan Henderson","MIL",4,4,5,3.98176,17,11,0,0,,63,262,55,31,28,10,20,,2,67,9.43854,2.80676,3.36278,1.3503,0.254254,0.0756082,0.1786458119750023,0.230542,1.18374,0.279448,0.721841,,,3.98644,1.01777,0.779928,413.3999938964844,,,,,,,268.20000000000005,4.257142857142858,253,4.015873015873016,,,,,,,,,,,,,,,,,,,"Logan Henderson","31475",701656
"Michael McGreevy","STL",5,6,7,4.22604,22,16,0,0,,95,399,98,48,44,11,23,,3,65,6.18717,2.19151,2.82325,1.09258,0.162936,0.0577123,0.10522369295358658,0.262737,1.28053,0.291773,0.693461,,,4.12479,1.00839,0.919454,715.3800048828125,,,,,,,364.90000000000003,3.8410526315789477,384,4.042105263157895,,,,,,,,,,,,,,,,,,,"Michael McGreevy","29869",700241
"Bubba Chandler","PIT",5,4,6,4.28783,20,14,0,0,,78,333,72,40,37,10,31,,4,74,8.605,3.57173,2.40919,1.16017,0.222939,0.0925369,0.13040249794721603,0.240787,1.32146,0.288829,0.704306,,,4.21477,0.999785,0.790554,150.00999450683594,,,,,,,310.00000000000006,3.974358974358975,303,3.8846153846153846,,,,,,,,,,,,,,,,,,,"Bubba Chandler","29868",696149
"Zebby Matthews","MIN",4,5,6,4.22127,18,13,0,0,,75,315,74,38,35,12,20,,2,72,8.58928,2.40442,3.5723,1.383,0.227448,0.0636701,0.16377831995487213,0.252898,1.25348,0.298224,0.7162,,,4.08154,0.996885,0.914793,488.6400146484375,,,,,,,293,3.9066666666666667,297,3.96,,,,,,,,,,,,,,,,,,,"Zebby Matthews","31827",805673
"Brady Singer","CIN",5,7,7,4.76114,17,17,0,0,,92,399,94,53,49,15,30,,5,81,7.93134,2.97024,2.67027,1.44293,0.203997,0.0763954,0.12760129570960999,0.260058,1.35277,0.298295,0.689304,,,4.58836,0.995735,0.656389,388.25,,,,,,,308.9000000000001,3.357608695652175,322,3.5,,,,,,,,,,,,,,,,,,,"Brady Singer","25377",663903
"Seth Lugo","KCR",5,5,8,4.44032,16,16,0,0,,96,410,96,51,47,14,31,,4,80,7.49644,2.93427,2.55479,1.30432,0.195078,0.0763579,0.11872020363807678,0.256846,1.32924,0.293129,0.70402,,,4.41478,0.993672,1.11406,493.1000061035156,,,,,,,343.6,3.579166666666667,353,3.6770833333333335,,,,,,,,,,,,,,,,,,,"Seth Lugo","12447",607625
"J.T. Ginn","ATH",4,5,6,4.44592,20,15,0,0,,84,363,81,45,42,11,32,,5,77,8.24232,3.42391,2.40728,1.15817,0.212254,0.0881716,0.12408232688903809,0.248607,1.34324,0.294918,0.693239,,,4.27195,0.974199,0.909266,748.3499755859375,,,,,,,318.69999999999993,3.7940476190476184,320,3.8095238095238093,,,,,,,,,,,,,,,,,,,"J.T. Ginn","27889",669372
"Eduardo Rodriguez","ARI",5,5,7,4.45653,15,15,0,0,,88,380,90,47,44,12,32,,2,75,7.6493,3.24984,2.35375,1.20026,0.197132,0.0837525,0.11337960511445999,0.258943,1.37792,0.300136,0.704904,,,4.29266,0.972905,0.80549,738.219970703125,,,,,,,317.6,3.6090909090909093,332,3.772727272727273,,,,,,,,,,,,,,,,,,,"Eduardo Rodriguez","13164",593958
"Merrill Kelly","ARI",6,5,8,4.40538,16,16,0,0,,98,416,97,52,48,14,31,,3,81,7.48628,2.88503,2.59487,1.27774,0.196103,0.0755735,0.12052980810403824,0.25294,1.30583,0.288653,0.698941,,,4.32621,0.972764,0.931,284.17999267578125,,,,,,,360.8,3.6816326530612247,368,3.7551020408163267,,,,,,,,,,,,,,,,,,,"Merrill Kelly","11156",518876
"Luis Castillo","SEA",5,5,5,3.93024,25,12,0,0,,83,343,75,39,36,11,24,,3,78,8.52062,2.62151,3.25027,1.24831,0.227846,0.0701006,0.15774532407522202,0.238698,1.20368,0.282685,0.722153,,,4.01286,0.965579,0.946934,171.0500030517578,,,,,,,358.9000000000001,4.32409638554217,347,4.180722891566265,,,,,,,,,,,,,,,,,,,"Luis Castillo","15689",622491
"Bryce Miller","SEA",5,5,6,4.06431,22,13,0,0,,82,339,74,40,37,12,24,,3,76,8.38125,2.64812,3.16498,1.2855,0.224798,0.0710265,0.15377110987901688,0.235799,1.19329,0.276122,0.707154,,,4.08867,0.954156,0.769273,341.6000061035156,,,,,,,337.80000000000007,4.119512195121952,325,3.9634146341463414,,,,,,,,,,,,,,,,,,,"Bryce Miller","29837",682243
"Sean Manaea","NYM",4,4,6,4.29033,20,13,0,0,,76,321,69,40,36,11,25,,4,78,9.15597,2.93217,3.12259,1.34858,0.242418,0.0776337,0.1647842600941658,0.236775,1.22857,0.284596,0.69731,,,4.16971,0.94398,0.535923,423.3599853515625,,,,,,,316.69999999999993,4.167105263157894,306,4.026315789473684,,,,,,,,,,,,,,,,,,,"Sean Manaea","15873",640455
"Connor Prielipp","MIN",4,4,5,4.11824,20,12,0,0,,70,302,67,35,32,8,28,,3,69,8.87694,3.61418,2.45614,1.05097,0.228486,0.0930264,0.13545989990234375,0.247645,1.35943,0.304215,0.720816,,,3.99716,0.930773,0.84421,999,,,,,,,290.40000000000003,4.1485714285714295,291,4.1571428571428575,,,,,,,,,,,,,,,,,,,"Connor Prielipp","31857",687570
"Kumar Rocker","TEX",4,5,6,4.34553,22,15,0,0,,83,355,80,44,40,10,30,,4,71,7.69203,3.21822,2.39015,1.12924,0.199656,0.0835329,0.11612303555011749,0.249723,1.32615,0.29088,0.696508,,,4.23318,0.919643,0.78222,720.72998046875,,,,,,,323.20000000000005,3.8939759036144586,325,3.9156626506024095,,,,,,,,,,,,,,,,,,,"Kumar Rocker","31843",677958
"Aroldis Chapman","BOS",2,2,0,3.03286,36,0,18,1,,36,145,25,13,12,3,16,,1,48,12.2425,3.9341,3.11188,0.78875,0.333126,0.10705,0.22607608884572983,0.194387,1.13928,0.28394,0.76038,,,2.93735,0.913153,1.04225,64.55000305175781,,,,,,,303.50000000000006,8.430555555555557,280,7.777777777777778,,,,,,,,,,,,,,,,,,,"Aroldis Chapman","10233",547973
"Braxton Garrett","MIA",3,3,4,4.22932,17,10,0,0,,58,248,56,30,27,7,18,,4,52,7.99459,2.75571,2.9011,1.07678,0.209421,0.0721868,0.13723453879356384,0.24879,1.26994,0.294543,0.688611,,,3.98738,0.911517,0.679237,604.1099853515625,,,,,,,235.50000000000003,4.060344827586207,237,4.086206896551724,,,,,,,,,,,,,,,,,,,"Braxton Garrett","21844",666129
"Christian Scott","NYM",4,3,7,4.11454,14,14,0,0,,72,304,65,36,33,10,25,,4,70,8.72328,3.10094,2.8131,1.25108,0.23011,0.0817991,0.14831037819385529,0.237156,1.24922,0.282907,0.713341,,,4.16596,0.904873,0.743427,748.5700073242188,,,,,,,293.80000000000007,4.080555555555557,283,3.9305555555555554,,,,,,,,,,,,,,,,,,,"Christian Scott","30107",681035
"Roki Sasaki","LAD",4,3,5,4.21955,19,12,0,0,,70,300,64,36,33,9,28,,4,69,8.87571,3.61366,2.45616,1.17558,0.230133,0.0936961,0.13643643260002136,0.239459,1.31774,0.289953,0.712091,,,4.20791,0.901266,0.628007,289.7200012207031,,,,,,,282.9,4.041428571428571,275,3.9285714285714284,,,,,,,,,,,,,,,,,,,"Roki Sasaki","35323",808963
"Stephen Kolek","KCR",4,4,6,4.38001,20,14,0,0,,82,354,86,43,40,9,24,,4,58,6.36438,2.67803,2.37652,0.977789,0.163837,0.0689401,0.09489721059799194,0.265886,1.35152,0.300276,0.685777,,,4.1597,0.901223,0.844552,999,,,,,,,304.5,3.7134146341463414,325,3.9634146341463414,,,,,,,,,,,,,,,,,,,"Stephen Kolek","21487",663568
"Bryce Elder","ATL",5,6,7,4.54439,16,16,0,0,,91,393,93,50,46,12,31,,3,75,7.44846,3.0411,2.44927,1.16897,0.191986,0.0783851,0.1136009693145752,0.260599,1.36352,0.300771,0.689424,,,4.26368,0.892364,0.66996,740.5499877929688,,,,,,,331.99999999999994,3.648351648351648,347,3.8131868131868134,,,,,,,,,,,,,,,,,,,"Bryce Elder","27779",693821
"Robbie Ray","SFG",5,6,8,4.38903,17,17,0,0,,99,423,89,52,48,14,41,,4,99,9.03196,3.7689,2.39644,1.28205,0.2352,0.0981457,0.13705482333898544,0.235897,1.31716,0.283933,0.70418,,,4.32491,0.882323,0.813696,166.44000244140625,,,,,,,392.0000000000001,3.9595959595959607,376,3.797979797979798,,,,,,,,,,,,,,,,,,,"Robbie Ray","11486",592662
"Gage Jump","ATH",4,5,6,4.45835,14,14,0,0,,73,315,72,39,36,10,28,,4,65,7.99622,3.40963,2.34519,1.19642,0.205434,0.087598,0.11783592402935028,0.253159,1.36526,0.29686,0.701192,,,4.34146,0.862911,0.818502,999,,,,,,,264.00000000000006,3.6164383561643842,269,3.684931506849315,,,,,,,,,,,,,,,,,,,"Gage Jump","35418",695611
"Jeffrey Springs","ATH",5,6,7,4.71313,15,15,0,0,,88,374,88,50,46,15,28,,2,75,7.64121,2.88013,2.65308,1.53249,0.199343,0.0751366,0.12420663982629776,0.255943,1.32101,0.287277,0.694416,,,4.66482,0.860303,0.69964,722.25,,,,,,,297.90000000000003,3.385227272727273,305,3.465909090909091,,,,,,,,,,,,,,,,,,,"Jeffrey Springs","17677",605488
"Justin Wrobleski","LAD",5,4,5,4.43248,22,11,0,0,,80,341,79,43,40,11,25,,3,66,7.40496,2.85572,2.59302,1.26292,0.193491,0.07462,0.11887133866548538,0.253429,1.30512,0.288783,0.694346,,,4.34689,0.848526,0.543859,650.3499755859375,,,,,,,299.29999999999995,3.7412499999999995,305,3.8125,,,,,,,,,,,,,,,,,,,"Justin Wrobleski","31204",680736
"Matthew Liberatore","STL",4,5,7,4.42382,15,15,0,0,,82,350,82,44,40,11,26,,3,69,7.52792,2.88025,2.61364,1.2034,0.195746,0.0748943,0.12085219472646713,0.25671,1.32584,0.295835,0.695178,,,4.23529,0.835739,0.590557,410.2300109863281,,,,,,,309.3,3.771951219512195,318,3.8780487804878048,,,,,,,,,,,,,,,,,,,"Matthew Liberatore","22294",669461
"Sean Burke","CHW",4,5,7,4.649,16,16,0,0,,87,377,83,49,45,14,37,,4,82,8.45221,3.76603,2.24433,1.41955,0.217362,0.0968495,0.12051258236169815,0.245864,1.36717,0.286398,0.702835,,,4.66279,0.835543,0.613888,748.5599975585938,,,,,,,296.8000000000001,3.4114942528735646,294,3.3793103448275863,,,,,,,,,,,,,,,,,,,"Sean Burke","29878",680732
"Justin Verlander","DET",4,5,6,4.55014,13,13,0,0,,71,305,71,39,36,10,24,,3,59,7.49952,2.97122,2.52405,1.31609,0.194952,0.0772376,0.11771436780691147,0.253864,1.32023,0.288936,0.690894,,,4.46198,0.834322,0.596902,658.8499755859375,,,,,,,254.79999999999998,3.588732394366197,262,3.6901408450704225,,,,,,,,,,,,,,,,,,,"Justin Verlander","8700",434378
"Janson Junk","MIA",3,4,5,4.70431,16,12,0,0,,71,302,77,40,37,10,17,,2,51,6.43531,2.15466,2.98669,1.24743,0.167403,0.0560497,0.11135328933596611,0.272502,1.32942,0.302382,0.670497,,,4.2907,0.822952,0.318703,999,,,,,,,247.2,3.4816901408450702,270,3.8028169014084505,,,,,,,,,,,,,,,,,,,"Janson Junk","23301",676083
"Ryan Weathers","NYY",4,4,5,3.96772,20,10,0,0,,65,273,59,31,29,9,21,,2,66,9.10432,2.93171,3.10546,1.29016,0.242259,0.0780104,0.16424810141324997,0.236749,1.22839,0.285694,0.729004,,,4.03442,0.821035,0.849721,232.55999755859375,,,,,,,279.9,4.306153846153846,271,4.1692307692307695,,,,,,,,,,,,,,,,,,,"Ryan Weathers","23796",677960
"Rhett Lowder","CIN",4,5,5,4.51419,19,13,0,0,,74,321,75,41,37,10,27,,3,58,7.04344,3.24423,2.17107,1.19505,0.181237,0.0834782,0.09775849431753159,0.256993,1.36699,0.291135,0.695794,,,4.47078,0.812981,0.758177,552.219970703125,,,,,,,255.60000000000002,3.4540540540540543,266,3.5945945945945947,,,,,,,,,,,,,,,,,,,"Rhett Lowder","33876",695076
"Andre Pallante","STL",5,6,7,4.43795,15,15,0,0,,82,357,84,44,40,8,32,,3,59,6.47664,3.45672,1.87364,0.922441,0.165293,0.0882205,0.07707260549068451,0.259676,1.40479,0.295381,0.688819,,,4.26691,0.809442,0.590557,999,,,,,,,303.0000000000001,3.6951219512195137,319,3.8902439024390243,,,,,,,,,,,,,,,,,,,"Andre Pallante","26108",669467
"Anthony Kay","CHW",4,5,6,4.56918,14,14,0,0,,76,332,76,42,39,10,30,,4,59,7.03856,3.61162,1.94886,1.21472,0.178873,0.0917834,0.08709001541137695,0.256122,1.40322,0.289479,0.701156,,,4.6761,0.80278,0.614408,717.8599853515625,,,,,,,257.79999999999995,3.392105263157894,266,3.5,,,,,,,,,,,,,,,,,,,"Anthony Kay","20387",641743
"Kyle Freeland","COL",3,7,6,5.24964,15,15,0,0,,85,373,99,54,50,14,23,,3,63,6.69832,2.4657,2.7166,1.50928,0.169356,0.0623414,0.10701495036482811,0.28684,1.4444,0.316472,0.669949,,,4.73909,0.778331,0.52831,999,,,,,,,247.40000000000003,2.910588235294118,291,3.4235294117647057,,,,,,,,,,,,,,,,,,,"Kyle Freeland","16256",607536
"Tatsuya Imai","HOU",4,4,6,4.22999,12,12,0,0,,69,298,61,35,33,9,31,,4,69,8.97131,3.97684,2.25589,1.17905,0.232173,0.102919,0.1292545422911644,0.23318,1.32743,0.282612,0.713764,,,4.30134,0.770866,0.839473,999,,,,,,,274.30000000000007,3.9753623188405807,261,3.782608695652174,,,,,,,,,,,,,,,,,,,"Tatsuya Imai","37124",837227
"Adrian Morejon","SDP",3,2,0,3.29624,38,0,1,8,,38,156,33,15,14,3,11,,1,39,9.21791,2.67264,3.44899,0.766079,0.249899,0.0724559,0.17744352668523788,0.228995,1.16125,0.292377,0.732336,,,3.1357,0.767198,0.622798,735.8499755859375,,,,,,,237.5,6.25,230,6.052631578947368,,,,,,,,,,,,,,,,,,,"Adrian Morejon","20039",670970
"Eury Pérez","MIA",3,3,4,4.04765,8,8,0,0,,44,182,37,21,20,6,15,,2,49,10.1009,3.17244,3.18395,1.28621,0.271283,0.0852033,0.18607959151268005,0.222522,1.18536,0.278474,0.706918,,,3.90081,0.762395,0.664569,78.6500015258789,,,,,,,202.60000000000002,4.604545454545455,189,4.295454545454546,,,,,,,,,,,,,,,,,,,"Eury Perez","27768",691587
"Chris Bassitt","BAL",5,5,6,4.45785,13,13,0,0,,75,326,76,40,37,10,26,,5,64,7.70604,3.15536,2.44221,1.21116,0.196959,0.0806478,0.11631112545728683,0.258702,1.36614,0.300187,0.702832,,,4.40702,0.761042,0.68084,359.3599853515625,,,,,,,269.4,3.5919999999999996,280,3.7333333333333334,,,,,,,,,,,,,,,,,,,"Chris Bassitt","12304",605135
"Ryne Nelson","ARI",4,4,7,4.45131,15,15,0,0,,81,343,81,44,40,12,23,,3,65,7.22962,2.54411,2.84171,1.30084,0.190141,0.0669108,0.12323052436113358,0.255441,1.28103,0.2884,0.689207,,,4.32641,0.757848,0.668066,251.42999267578125,,,,,,,293.19999999999993,3.6197530864197525,301,3.7160493827160495,,,,,,,,,,,,,,,,,,,"Ryne Nelson","26253",669194
"Garrett Whitlock","BOS",3,2,0,3.37241,37,0,1,8,,37,153,32,15,14,4,11,,2,41,9.98509,2.58866,3.85725,0.880613,0.270958,0.0702465,0.2007116973400116,0.227123,1.14288,0.296059,0.731273,,,3.14495,0.751249,0.769313,624.97998046875,,,,,,,221.40000000000003,5.983783783783784,213,5.756756756756757,,,,,,,,,,,,,,,,,,,"Garrett Whitlock","20191",676477
"David Bednar","NYY",2,3,0,3.41722,37,0,19,1,,37,154,30,15,14,4,13,,1,43,10.4414,3.18551,3.27778,0.925701,0.282041,0.0860463,0.19599439203739166,0.218385,1.16701,0.288696,0.737333,,,3.29287,0.749036,0.708056,64.05999755859375,,,,,,,289.6,7.827027027027028,276,7.45945945945946,,,,,,,,,,,,,,,,,,,"David Bednar","19569",670280
"Slade Cecconi","CLE",4,5,7,4.57796,15,15,0,0,,85,362,87,47,43,14,23,,3,71,7.48055,2.40057,3.11615,1.4371,0.196128,0.0629393,0.1331890970468521,0.259899,1.28862,0.293167,0.690778,,,4.43642,0.736754,0.618512,584.5599975585938,,,,,,,294.59999999999997,3.465882352941176,307,3.611764705882353,,,,,,,,,,,,,,,,,,,"Slade Cecconi","27500",677944
"Bailey Ober","MIN",4,4,6,4.53048,12,12,0,0,,71,297,70,39,36,13,18,,3,61,7.67403,2.23458,3.43422,1.61976,0.204188,0.059457,0.14473113790154457,0.251761,1.22742,0.27977,0.697376,,,4.59958,0.73293,0.61636,494.3399963378906,,,,,,,242.5,3.415492957746479,245,3.4507042253521125,,,,,,,,,,,,,,,,,,,"Bailey Ober","21224",641927
"Joey Cantillo","CLE",4,4,5,4.21184,19,12,0,0,,69,298,63,35,32,9,31,,2,70,9.11978,4.04748,2.2532,1.16412,0.23606,0.104767,0.13129331171512604,0.236912,1.35317,0.289841,0.720507,,,4.19725,0.727892,0.780434,270.80999755859375,,,,,,,277.1,4.015942028985507,269,3.898550724637681,,,,,,,,,,,,,,,,,,,"Joey Cantillo","23335",676282
"Dean Kremer","BAL",4,4,5,4.41419,16,12,0,0,,69,289,66,37,34,10,21,,2,61,7.9874,2.7967,2.856,1.36133,0.210234,0.0736114,0.13662294298410416,0.250058,1.28105,0.288238,0.69947,,,4.31971,0.726969,0.593858,999,,,,,,,269,3.898550724637681,268,3.8840579710144927,,,,,,,,,,,,,,,,,,,"Dean Kremer","19350",665152
"Devin Williams","NYM",3,2,0,3.28297,36,0,16,2,,36,149,26,14,13,3,16,,2,47,11.8282,4.10545,2.8811,0.797532,0.317844,0.11032,0.20752369612455368,0.199675,1.18035,0.285782,0.742085,,,3.15255,0.722245,0.679722,59.470001220703125,,,,,,,289.9000000000001,8.05277777777778,269,7.472222222222222,,,,,,,,,,,,,,,,,,,"Devin Williams","15816",642207
"Josh Hader","HOU",3,2,0,3.23393,35,0,17,1,,35,139,24,14,12,4,13,,1,47,12.1386,3.36398,3.6084,1.16531,0.335231,0.092903,0.24232789874076843,0.19394,1.07393,0.267678,0.765532,,,3.33011,0.719206,0.711374,124.38999938964844,,,,,,,288.40000000000003,8.24,264,7.542857142857143,,,,,,,,,,,,,,,,,,,"Josh Hader","14212",623352
"Ryan Feltner","COL",3,5,5,5.19433,19,14,0,0,,76,335,81,48,44,11,31,,3,61,7.25723,3.62817,2.00025,1.29842,0.18244,0.0912086,0.09123106300830841,0.268567,1.47162,0.305239,0.664979,,,4.69184,0.718365,0.484701,999,,,,,,,236.49999999999997,3.1118421052631575,257,3.3815789473684212,,,,,,,,,,,,,,,,,,,"Ryan Feltner","21446",663372
"Tyler Mahle","SFG",3,4,6,4.07402,11,11,0,0,,60,256,58,30,27,7,20,,2,52,7.69349,3.03278,2.53678,1.09846,0.20208,0.07966,0.12241967022418976,0.247091,1.29199,0.288408,0.713535,,,4.07745,0.716548,0.649047,322.7200012207031,,,,,,,245.09999999999997,4.084999999999999,247,4.116666666666666,,,,,,,,,,,,,,,,,,,"Tyler Mahle","16358",641816
"Kodai Senga","NYM",4,3,5,4.11735,11,11,0,0,,59,252,52,29,27,8,27,,3,61,9.30731,4.05784,2.29366,1.15229,0.241075,0.105105,0.13596973568201065,0.233252,1.33612,0.28758,0.725106,,,4.18453,0.706564,0.661803,223.52000427246094,,,,,,,235.00000000000006,3.983050847457628,223,3.7796610169491527,,,,,,,,,,,,,,,,,,,"Kodai Senga","31838",673540
"Andrew Alvarez","WSN",3,4,3,4.13467,31,8,0,0,,67,290,65,34,31,7,27,,3,55,7.39736,3.63142,2.03704,0.902544,0.190209,0.093375,0.09683400392532349,0.249134,1.36901,0.292973,0.707834,,,4.10176,0.684273,0.511329,999,,,,,,,260.69999999999993,3.891044776119402,264,3.9402985074626864,,,,,,,,,,,,,,,,,,,"Andrew Alvarez","29914",674841
"Trevor Megill","MIL",3,2,0,3.39133,37,0,11,3,,37,151,30,15,14,4,13,,1,44,10.8191,3.16064,3.42308,0.978982,0.29328,0.0856774,0.20760297775268555,0.216723,1.15599,0.289696,0.743654,,,3.27089,0.681188,0.662397,137.6999969482422,,,,,,,259.6,7.0162162162162165,246,6.648648648648648,,,,,,,,,,,,,,,,,,,"Trevor Megill","17722",656730
"Tanner Scott","LAD",2,2,0,3.45829,36,0,9,6,,36,147,29,15,14,4,13,,2,41,10.3179,3.26286,3.16223,0.996017,0.277829,0.0878584,0.18997017294168472,0.217861,1.17311,0.284111,0.741957,,,3.46832,0.679137,0.586522,712.8099975585938,,,,,,,247.80000000000004,6.883333333333335,234,6.5,,,,,,,,,,,,,,,,,,,"Tanner Scott","17586",656945
"Grant Holmes","ATL",4,4,5,4.35329,25,12,0,0,,78,336,74,41,38,11,31,,3,76,8.77031,3.62272,2.42092,1.23051,0.226459,0.0935425,0.13291604071855545,0.245711,1.35046,0.295338,0.711533,,,4.26894,0.668675,0.631939,369.45001220703125,,,,,,,299.5,3.83974358974359,297,3.8076923076923075,,,,,,,,,,,,,,,,,,,"Grant Holmes","16944",656550
"Yusei Kikuchi","LAA",2,3,4,4.27576,9,9,0,0,,48,207,47,25,23,7,18,,1,49,9.13265,3.36343,2.71528,1.32011,0.237347,0.0874118,0.14993539452552795,0.248507,1.33601,0.300867,0.724898,,,4.19143,0.665486,0.561624,506.57000732421875,,,,,,,187.90000000000003,3.914583333333334,190,3.9583333333333335,,,,,,,,,,,,,,,,,,,"Yusei Kikuchi","20633",579328
"Abner Uribe","MIL",2,2,0,3.24738,38,0,4,6,,38,161,30,15,14,3,17,,2,44,10.2901,3.93856,2.61267,0.72006,0.273455,0.104665,0.16879010200500488,0.21328,1.22459,0.286626,0.748165,,,3.33209,0.657522,0.691706,167.27999877929688,,,,,,,241.3,6.3500000000000005,226,5.947368421052632,,,,,,,,,,,,,,,,,,,"Abner Uribe","25327",682842
"Andrés Muñoz","SEA",2,2,0,3.06017,34,0,14,2,,34,140,25,13,12,3,14,,2,43,11.3118,3.6533,3.09632,0.753522,0.306145,0.0988736,0.20727091282606125,0.20124,1.13907,0.282045,0.753027,,,3.06659,0.65503,0.656059,41.189998626708984,,,,,,,265.70000000000005,7.814705882352943,247,7.264705882352941,,,,,,,,,,,,,,,,,,,"Andres Munoz","20373",662253
"Brayan Bello","BOS",4,4,5,4.42391,17,11,0,0,,67,289,68,36,33,8,24,,3,53,7.14859,3.18312,2.24578,1.0768,0.183472,0.0816962,0.10177548974752426,0.258485,1.36811,0.297213,0.694499,,,4.28587,0.649919,0.690865,421.4100036621094,,,,,,,245.59999999999997,3.6656716417910444,256,3.8208955223880596,,,,,,,,,,,,,,,,,,,"Brayan Bello","23920",678394
"Adrian Houser","SFG",4,5,6,4.49631,18,14,0,0,,77,338,82,42,39,9,27,,4,55,6.38296,3.10141,2.05808,0.994855,0.162627,0.0790189,0.08360837399959564,0.266405,1.40137,0.300675,0.688534,,,4.30624,0.644564,0.429614,743.219970703125,,,,,,,262.9000000000001,3.4142857142857155,285,3.7012987012987013,,,,,,,,,,,,,,,,,,,"Adrian Houser","12718",605288
"Zack Littell","WSN",4,6,7,4.71524,15,15,0,0,,87,367,92,49,45,15,20,,3,62,6.41489,2.11157,3.03797,1.59552,0.167806,0.055236,0.11256947740912437,0.267717,1.29849,0.287497,0.694104,,,4.80514,0.638583,0.500447,709.4099731445312,,,,,,,275.1000000000001,3.1620689655172423,295,3.3908045977011496,,,,,,,,,,,,,,,,,,,"Zack Littell","15823",641793
"Raisel Iglesias","ATL",2,2,0,3.49063,37,0,16,1,,37,151,32,16,14,4,10,,1,40,9.71219,2.3656,4.10559,1.05114,0.265825,0.0647472,0.20107804238796234,0.229149,1.12512,0.290408,0.731635,,,3.35486,0.63275,0.535976,100.62000274658203,,,,,,,272.40000000000003,7.362162162162163,264,7.135135135135135,,,,,,,,,,,,,,,,,,,"Raisel Iglesias","17130",628452
"Louis Varland","TOR",2,2,0,3.59306,37,0,14,3,,37,154,33,16,15,4,11,,1,39,9.44775,2.66217,3.54889,0.997124,0.2535,0.0714307,0.18206927925348282,0.235875,1.19391,0.297434,0.731579,,,3.44604,0.625108,0.56565,999,,,,,,,262.8,7.102702702702703,257,6.945945945945946,,,,,,,,,,,,,,,,,,,"Louis Varland","27691",686973
"Spencer Arrighetti","HOU",5,6,6,4.58274,19,14,0,0,,81,354,73,45,41,12,38,,6,80,8.86183,4.18848,2.11577,1.29701,0.226892,0.107239,0.11965334415435791,0.235521,1.3619,0.280983,0.696837,,,4.60873,0.615876,0.544534,728.3099975585938,,,,,,,289.99999999999994,3.5802469135802464,277,3.419753086419753,,,,,,,,,,,,,,,,,,,"Spencer Arrighetti","29921",681293
"Jack Perkins","ATH",4,3,3,4.26904,24,7,0,0,,61,264,55,32,29,7,26,,4,61,8.86892,3.82953,2.31593,1.0957,0.229726,0.0991938,0.1305321827530861,0.23399,1.31441,0.285007,0.698294,,,4.18888,0.615546,0.602055,999,,,,,,,254.30000000000007,4.168852459016395,246,4.032786885245901,,,,,,,,,,,,,,,,,,,"Jack Perkins","31468",678022
"Ian Seymour","TBR",4,3,3,4.1066,32,7,0,0,,64,266,57,32,29,9,21,,3,63,8.90894,3.03804,2.93247,1.23011,0.236333,0.0805918,0.15574076026678085,0.234302,1.22801,0.281902,0.706158,,,4.06621,0.607543,0.60538,521.1400146484375,,,,,,,268.70000000000005,4.198437500000001,257,4.015625,,,,,,,,,,,,,,,,,,,"Ian Seymour","27932",693855
"Aaron Civale","ATH",5,6,6,4.9861,15,15,0,0,,84,361,87,50,46,15,27,,4,68,7.32658,2.9056,2.52154,1.58377,0.18833,0.0746887,0.11364169418811798,0.263683,1.36494,0.292406,0.681899,,,4.87579,0.603631,0.454177,748.5800170898438,,,,,,,253.90000000000003,3.022619047619048,268,3.1904761904761907,,,,,,,,,,,,,,,,,,,"Aaron Civale","19479",650644
"Gregory Soto","PIT",2,2,0,3.78636,37,0,15,2,,37,156,32,17,15,3,15,,3,40,9.85395,3.68882,2.6713,0.774835,0.25654,0.0960358,0.16050447523593903,0.22932,1.27575,0.300508,0.70849,,,3.51038,0.599065,0.417832,728.4099731445312,,,,,,,262.70000000000005,7.100000000000001,255,6.891891891891892,,,,,,,,,,,,,,,,,,,"Gregory Soto","19677",642397
"Alex Vesia","LAD",2,2,0,3.49597,35,0,3,7,,35,145,26,15,14,4,15,,1,44,11.3218,3.87971,2.9182,1.1456,0.304422,0.104319,0.20010381937026978,0.204853,1.18078,0.273655,0.756613,,,3.66167,0.595429,0.468545,743.4199829101562,,,,,,,225.20000000000002,6.434285714285715,206,5.885714285714286,,,,,,,,,,,,,,,,,,,"Alex Vesia","25007",681911
"Hunter Dobbins","STL",4,4,3,4.36792,32,9,0,0,,76,328,76,40,37,9,26,,3,57,6.75205,3.08933,2.1856,1.03307,0.174587,0.0798807,0.09470660984516144,0.255935,1.34421,0.290933,0.690052,,,4.25531,0.592833,0.398663,999,,,,,,,281.1,3.698684210526316,290,3.8157894736842106,,,,,,,,,,,,,,,,,,,"Hunter Dobbins","30240",690928
"Andrew Painter","PHI",4,5,6,4.81488,19,15,0,0,,80,347,82,47,43,13,29,,3,65,7.34063,3.21861,2.28068,1.43553,0.188434,0.0826216,0.10581209510564804,0.260944,1.38508,0.292997,0.691677,,,4.72022,0.586218,0.358549,999,,,,,,,252.90000000000003,3.1612500000000003,265,3.3125,,,,,,,,,,,,,,,,,,,"Andrew Painter","30091",691725
"Robert Suarez","ATL",3,2,0,3.49795,38,0,2,7,,38,154,32,16,15,4,11,,1,38,9.16822,2.58988,3.54002,0.987226,0.249752,0.0705511,0.17920126765966415,0.2284,1.14614,0.28469,0.729098,,,3.45537,0.581706,0.57351,214.39999389648438,,,,,,,226.8,5.968421052631579,216,5.684210526315789,,,,,,,,,,,,,,,,,,,"Robert Suarez","30115",663158
"Luis Severino","ATH",3,4,5,4.63788,10,10,0,0,,58,253,59,33,30,8,21,,4,50,7.66027,3.2282,2.37292,1.28401,0.196395,0.0827651,0.11363017559051514,0.256651,1.3634,0.29513,0.690293,,,4.51466,0.579021,0.456767,642.52001953125,,,,,,,202.40000000000006,3.4896551724137943,211,3.6379310344827585,,,,,,,,,,,,,,,,,,,"Luis Severino","15890",622663
"Jameson Taillon","CHC",4,5,6,4.69195,14,14,0,0,,77,325,78,44,40,14,20,,2,62,7.16581,2.36203,3.03375,1.59802,0.18922,0.0623717,0.1268484927713871,0.257564,1.27198,0.282429,0.689192,,,4.68562,0.57808,0.303779,504.4700012207031,,,,,,,252.80000000000007,3.283116883116884,261,3.3896103896103895,,,,,,,,,,,,,,,,,,,"Jameson Taillon","11674",592791
"Joe Musgrove","SDP",2,2,4,4.00113,7,7,0,0,,40,167,38,19,18,5,10,,3,37,8.42534,2.36153,3.56774,1.23326,0.224267,0.0628597,0.16140743345022202,0.244231,1.20173,0.289337,0.711466,,,3.99848,0.574667,0.509634,385.6199951171875,,,,,,,170.7,4.2675,170,4.25,,,,,,,,,,,,,,,,,,,"Joe Musgrove","12970",605397
"Brandon Sproat","MIL",3,4,4,4.43934,19,11,0,0,,65,283,62,35,32,8,27,,4,57,7.83074,3.71973,2.10519,1.14045,0.201177,0.0955622,0.10561452805995941,0.244345,1.35427,0.285284,0.695165,,,4.4341,0.567111,0.410169,528.2000122070312,,,,,,,242.40000000000003,3.7292307692307696,242,3.723076923076923,,,,,,,,,,,,,,,,,,,"Brandon Sproat","33850",687075
"Martín Pérez","ATL",3,4,5,4.3763,20,11,0,0,,67,291,67,36,33,8,25,,3,54,7.26763,3.32314,2.18698,1.13457,0.187052,0.0855299,0.10152195394039154,0.255709,1.369,0.293563,0.704782,,,4.35065,0.566971,0.496294,999,,,,,,,247.2,3.68955223880597,255,3.8059701492537314,,,,,,,,,,,,,,,,,,,"Martin Perez","6902",527048
"Pete Fairbanks","MIA",2,2,0,3.71675,34,0,14,3,,34,142,29,15,14,4,13,,2,36,9.68753,3.47755,2.78573,0.944817,0.256887,0.0922153,0.16467178612947464,0.225826,1.23524,0.288603,0.722577,,,3.61077,0.563808,0.466516,111.45999908447266,,,,,,,236.00000000000003,6.941176470588236,227,6.676470588235294,,,,,,,,,,,,,,,,,,,"Pete Fairbanks","17998",664126
"Bryan Baker","TBR",2,2,0,3.80255,38,0,18,2,,38,159,32,18,16,5,14,,1,42,9.86158,3.34315,2.94978,1.12463,0.264609,0.0897045,0.17490430921316147,0.221502,1.19943,0.279273,0.722492,,,3.74689,0.562065,0.380266,999,,,,,,,273.5,7.197368421052632,262,6.894736842105263,,,,,,,,,,,,,,,,,,,"Bryan Baker","19804",641329
"Michael Lorenzen","COL",4,7,5,5.21356,21,14,0,0,,84,373,94,53,49,14,31,,4,66,7.05052,3.26782,2.15756,1.51097,0.176535,0.0818217,0.0947137176990509,0.278268,1.48506,0.309698,0.684312,,,4.93754,0.556914,0.469366,999,,,,,,,232.00000000000003,2.7619047619047623,265,3.1547619047619047,,,,,,,,,,,,,,,,,,,"Michael Lorenzen","14843",547179
"Tanner Gordon","COL",3,5,3,5.39383,21,11,0,0,,68,295,79,44,41,13,17,,2,52,6.87296,2.22065,3.09502,1.68028,0.175328,0.0566485,0.11867981776595116,0.285913,1.41187,0.313122,0.660971,,,4.84613,0.550035,0.224102,999,,,,,,,184.90000000000006,2.7191176470588245,218,3.2058823529411766,,,,,,,,,,,,,,,,,,,"Tanner Gordon","27669",685299
"Troy Melton","DET",4,4,3,4.20134,26,8,0,0,,66,277,63,33,31,9,21,,2,55,7.49064,2.84781,2.63032,1.29288,0.19764,0.0751392,0.12250088155269623,0.246108,1.26609,0.279595,0.712394,,,4.36508,0.54877,0.64312,743.22998046875,,,,,,,254.9000000000001,3.8621212121212136,254,3.8484848484848486,,,,,,,,,,,,,,,,,,,"Troy Melton","31807",675512
"Shane Smith","CHW",2,3,4,4.18456,8,8,0,0,,44,186,39,22,20,6,17,,3,43,8.81109,3.5439,2.48627,1.20977,0.229644,0.0923646,0.13727890700101852,0.232791,1.27919,0.279175,0.709265,,,4.2733,0.545761,0.586516,245.5399932861328,,,,,,,176.4,4.009090909090909,168,3.8181818181818183,,,,,,,,,,,,,,,,,,,"Shane Smith","31687",681343
"Garrett Cleavinger","TBR",2,2,0,3.50104,37,0,1,8,,37,154,29,16,14,4,15,,3,45,10.9219,3.54141,3.08405,1.04858,0.291856,0.0946338,0.19722174108028412,0.207966,1.16143,0.27573,0.739842,,,3.58877,0.541265,0.558967,505.4800109863281,,,,,,,222.20000000000002,6.005405405405406,206,5.5675675675675675,,,,,,,,,,,,,,,,,,,"Garrett Cleavinger","17897",664076
"Walbert Ureña","LAA",4,6,6,4.83839,14,14,0,0,,77,347,76,45,42,9,42,,4,61,7.07365,4.82846,1.46499,1.00847,0.17499,0.119448,0.05554205924272537,0.253491,1.52464,0.292018,0.687466,,,4.76966,0.539952,0.425881,999,,,,,,,245.50000000000009,3.1883116883116895,252,3.272727272727273,,,,,,,,,,,,,,,,,,,"Walbert Urena","29357",700712
"Max Scherzer","TOR",4,5,4,4.82376,17,12,0,0,,65,275,64,38,35,12,19,,3,61,8.41878,2.67421,3.14814,1.68726,0.221134,0.0702429,0.1508914828300476,0.252391,1.27898,0.287059,0.685084,,,4.69107,0.538564,0.217394,546.9299926757812,,,,,,,222.99999999999997,3.43076923076923,225,3.4615384615384617,,,,,,,,,,,,,,,,,,,"Max Scherzer","3137",453286
"Carmen Mlodzinski","PIT",3,3,2,3.94489,33,4,0,4,,57,242,55,27,25,6,19,,2,50,7.88949,3.0869,2.5558,0.919287,0.205748,0.0805026,0.1252456158399582,0.249398,1.30988,0.29838,0.71425,,,3.83071,0.533793,0.487067,745.6199951171875,,,,,,,257.99999999999994,4.526315789473683,260,4.56140350877193,,,,,,,,,,,,,,,,,,,"Carmen Mlodzinski","27572",669387
"Jacob Latz","TEX",2,2,0,3.84074,38,1,12,3,,43,180,35,20,18,5,19,,1,42,8.92429,3.92527,2.27355,0.994417,0.235955,0.103783,0.13217245787382126,0.220739,1.26045,0.271183,0.7204,,,3.96256,0.530458,0.465266,730.9299926757812,,,,,,,261.7,6.086046511627907,246,5.72093023255814,,,,,,,,,,,,,,,,,,,"Jacob Latz","21306",656641
"Emerson Hancock","SEA",5,4,5,4.3151,35,12,0,0,,86,363,82,45,41,12,27,,5,72,7.56154,2.82763,2.67416,1.29236,0.198314,0.0741592,0.12415449321269989,0.247606,1.27184,0.282279,0.701052,,,4.39811,0.523877,0.416474,733.4199829101562,,,,,,,323.59999999999997,3.762790697674418,322,3.744186046511628,,,,,,,,,,,,,,,,,,,"Emerson Hancock","27470",676106
"Kyle Leahy","STL",4,5,5,4.64848,29,13,0,0,,87,382,90,49,45,11,34,,4,70,7.18172,3.45748,2.07715,1.16545,0.182964,0.0880839,0.09487972408533096,0.260836,1.41105,0.298193,0.690899,,,4.46586,0.518108,0.28193,733.6699829101562,,,,,,,300.5,3.454022988505747,318,3.6551724137931036,,,,,,,,,,,,,,,,,,,"Kyle Leahy","24763",681517
"Orion Kerkering","PHI",3,2,0,3.5217,35,0,1,9,,35,148,30,15,14,4,13,,2,38,9.63144,3.33517,2.88784,0.892723,0.256066,0.0886705,0.1673959642648697,0.224141,1.21126,0.287252,0.732879,,,3.53975,0.516093,0.435343,999,,,,,,,203.8,5.822857142857143,195,5.571428571428571,,,,,,,,,,,,,,,,,,,"Orion Kerkering","31776",689147
"Will Vest","DET",3,2,0,3.39719,35,0,2,8,,35,145,31,14,13,3,11,,1,36,9.20854,2.95884,3.11222,0.778755,0.24612,0.0790819,0.16703800857067108,0.232186,1.20874,0.296034,0.734141,,,3.28515,0.507079,0.575306,485.7300109863281,,,,,,,219.50000000000003,6.271428571428572,214,6.114285714285714,,,,,,,,,,,,,,,,,,,"Will Vest","19769",676684
"Tyler Phillips","MIA",3,4,4,4.64644,20,11,0,0,,75,326,78,42,39,9,29,,3,53,6.44063,3.45075,1.86645,1.12121,0.163529,0.0876152,0.07591383904218674,0.264117,1.42785,0.295371,0.691445,,,4.55834,0.505359,0.430616,999,,,,,,,251.5,3.3533333333333335,268,3.5733333333333333,,,,,,,,,,,,,,,,,,,"Tyler Phillips","20629",663969
"Joe Boyle","TBR",3,3,3,4.14345,24,7,0,0,,52,224,43,26,24,6,28,,3,56,9.73781,4.86258,2.0026,0.988524,0.249931,0.124803,0.12512797117233276,0.219894,1.36055,0.279867,0.712751,,,4.1654,0.501746,0.453686,713.1400146484375,,,,,,,218.2,4.196153846153846,201,3.8653846153846154,,,,,,,,,,,,,,,,,,,"Joe Boyle","29608",671212
"Mick Abel","MIN",3,4,4,4.60144,16,11,0,0,,61,267,59,34,31,8,27,,3,56,8.21909,4.03906,2.0349,1.19719,0.209285,0.102848,0.10643742233514786,0.248037,1.40865,0.292833,0.697731,,,4.48887,0.500871,0.448712,298.7799987792969,,,,,,,221.6000000000001,3.6327868852459035,223,3.6557377049180326,,,,,,,,,,,,,,,,,,,"Mick Abel","27756",690953
"Dylan Lee","ATL",2,1,0,3.31947,36,0,1,9,,36,144,30,14,13,5,10,,1,41,10.2808,2.37832,4.32273,1.13391,0.284368,0.0657845,0.21858370304107666,0.222433,1.09393,0.285855,0.755308,,,3.31929,0.498703,0.604091,999,,,,,,,216.90000000000003,6.025000000000001,205,5.694444444444445,,,,,,,,,,,,,,,,,,,"Dylan Lee","19996",669276
"Griffin Canning","SDP",4,5,6,4.51055,18,14,0,0,,78,338,75,43,39,12,33,,2,70,8.05984,3.77525,2.13492,1.32608,0.207127,0.0970189,0.11010849475860596,0.24947,1.3857,0.289334,0.713018,,,4.58073,0.496458,0.448627,999,,,,,,,269.6,3.4564102564102566,269,3.448717948717949,,,,,,,,,,,,,,,,,,,"Griffin Canning","19867",656288
"Noah Schultz","CHW",3,5,5,4.63719,12,12,0,0,,62,275,59,35,32,8,30,,4,53,7.68098,4.37204,1.75684,1.18297,0.193451,0.110113,0.08333814889192581,0.246583,1.43819,0.285302,0.700177,,,4.75458,0.494799,0.429358,999,,,,,,,210.99999999999997,3.4032258064516125,210,3.3870967741935485,,,,,,,,,,,,,,,,,,,"Noah Schultz","32056",702273
"David Peterson","NYM",3,2,2,3.99287,22,5,0,0,,48,205,46,23,21,4,19,,2,43,8.15335,3.56976,2.28401,0.836693,0.209555,0.0917487,0.11780618876218796,0.251605,1.37186,0.306647,0.716457,,,3.84298,0.493193,0.376682,452.0400085449219,,,,,,,209.40000000000006,4.362500000000002,211,4.395833333333333,,,,,,,,,,,,,,,,,,,"David Peterson","20302",656849
"Trevor McDonald","SFG",3,3,4,4.15556,16,9,0,0,,56,243,55,28,26,6,21,,4,44,7.11026,3.28719,2.16302,0.922821,0.182794,0.0845086,0.0982852578163147,0.252485,1.34814,0.293422,0.702531,,,4.14505,0.490482,0.490105,748.5800170898438,,,,,,,210.60000000000002,3.760714285714286,215,3.8392857142857144,,,,,,,,,,,,,,,,,,,"Trevor McDonald","26448",686790
"Randy Vásquez","SDP",4,6,7,4.8207,17,17,0,0,,89,386,91,52,48,13,31,,5,62,6.33754,3.18188,1.99176,1.35531,0.161949,0.0813095,0.08063952624797821,0.261529,1.38412,0.285171,0.683468,,,4.87686,0.486839,0.136215,721.1699829101562,,,,,,,278.1,3.124719101123596,292,3.2808988764044944,,,,,,,,,,,,,,,,,,,"Randy Vasquez","24719",681190
"Fernando Cruz","NYY",2,2,0,3.71383,37,0,1,10,,37,155,28,17,15,5,18,,2,49,11.9311,4.31102,2.76759,1.1092,0.314995,0.113815,0.2011796534061432,0.208802,1.24697,0.289238,0.74313,,,3.6476,0.483483,0.309682,999,,,,,,,222.5,6.013513513513513,203,5.486486486486487,,,,,,,,,,,,,,,,,,,"Fernando Cruz","7048",518585
"Ryan Gusto","MIA",3,3,3,4.76919,18,8,0,0,,53,231,55,31,28,8,19,,2,45,7.65971,3.23877,2.36501,1.29044,0.195822,0.0827997,0.1130223274230957,0.262439,1.3953,0.302291,0.685864,,,4.46902,0.480012,0.173666,999,,,,,,,177.80000000000007,3.3547169811320767,188,3.547169811320755,,,,,,,,,,,,,,,,,,,"Ryan Gusto","26440",687473
"Colin Rea","CHC",4,4,4,4.50599,20,11,0,0,,71,303,72,39,36,11,21,,3,56,7.10139,2.72204,2.60885,1.39803,0.184473,0.0707104,0.11376258730888367,0.259609,1.3228,0.289694,0.704406,,,4.58702,0.479044,0.365958,748.260009765625,,,,,,,242.89999999999998,3.42112676056338,252,3.5492957746478875,,,,,,,,,,,,,,,,,,,"Colin Rea","12317",607067
"Mike Burrows","HOU",3,4,5,4.50222,12,12,0,0,,66,281,63,36,33,11,24,,3,59,8.12759,3.29031,2.47016,1.48532,0.210951,0.0853999,0.12555144727230072,0.248765,1.32921,0.284648,0.715254,,,4.66618,0.477087,0.550526,237.9499969482422,,,,,,,226.30000000000007,3.4287878787878796,224,3.393939393939394,,,,,,,,,,,,,,,,,,,"Mike Burrows","24728",681347
"Kevin Ginkel","ARI",2,2,0,3.88013,35,0,1,7,,35,146,31,16,15,3,12,,1,36,9.37028,3.10072,3.02197,0.864245,0.248513,0.0822354,0.16627779603004456,0.235876,1.24141,0.300487,0.698116,,,3.43239,0.475381,0.357338,556.52001953125,,,,,,,207.50000000000003,5.92857142857143,202,5.771428571428571,,,,,,,,,,,,,,,,,,,"Kevin Ginkel","19876",656464
"Aaron Ashby","MIL",3,2,0,3.47236,39,0,2,8,,39,167,33,16,15,3,18,,2,43,9.99162,4.20102,2.37838,0.700393,0.259741,0.109209,0.15053187310695648,0.225453,1.31381,0.299417,0.742364,,,3.44771,0.471079,0.525728,999,,,,,,,233.90000000000003,5.997435897435898,224,5.743589743589744,,,,,,,,,,,,,,,,,,,"Aaron Ashby","23550",676879
"José Alvarado","PHI",3,2,0,3.56752,34,0,0,7,,34,144,30,15,14,3,13,,2,39,10.3105,3.38104,3.04951,0.872698,0.272872,0.0894805,0.1833915114402771,0.230846,1.24703,0.305836,0.734443,,,3.34549,0.471008,0.302049,746.0700073242188,,,,,,,197.70000000000005,5.814705882352943,192,5.647058823529412,,,,,,,,,,,,,,,,,,,"Jose Alvarado","17780",621237
"Hurston Waldrep","ATL",4,3,5,4.43422,10,10,0,0,,55,241,52,29,27,6,26,,2,47,7.69372,4.27137,1.80123,0.993625,0.195069,0.108298,0.08677138388156891,0.246791,1.42807,0.290892,0.700849,,,4.38705,0.458749,0.525755,999,,,,,,,208,3.7818181818181817,207,3.7636363636363637,,,,,,,,,,,,,,,,,,,"Hurston Waldrep","33527",694462
"Tomoyuki Sugano","COL",5,7,6,5.42081,16,16,0,0,,91,400,107,60,55,17,24,,4,57,5.65055,2.34655,2.40802,1.69932,0.143041,0.0594018,0.08363879844546318,0.287685,1.436,0.301796,0.666842,,,5.21575,0.455646,0.379472,999,,,,,,,216.09999999999997,2.3747252747252743,264,2.901098901098901,,,,,,,,,,,,,,,,,,,"Tomoyuki Sugano","35321",608372
"Camilo Doval","NYY",2,2,0,3.76706,36,0,1,8,,36,155,31,17,15,3,17,,2,39,9.64955,4.09517,2.35633,0.818222,0.25153,0.106747,0.14478331804275513,0.224565,1.29775,0.290318,0.720046,,,3.67209,0.452239,0.292258,663.6500244140625,,,,,,,206.9,5.747222222222223,199,5.527777777777778,,,,,,,,,,,,,,,,,,,"Camilo Doval","21992",666808
"Logan Allen","CLE",3,4,3,4.46829,22,8,0,0,,57,250,58,31,29,8,22,,2,49,7.70584,3.52201,2.18791,1.25745,0.196595,0.0898553,0.10673972964286804,0.258665,1.40669,0.29891,0.71592,,,4.4983,0.447561,0.451891,999,,,,,,,198.59999999999997,3.4842105263157888,207,3.6315789473684212,,,,,,,,,,,,,,,,,,,"Logan Allen","27589",671106
"Shane Drohan","MIL",3,3,2,4.05751,24,5,0,0,,49,209,44,24,22,6,19,,2,48,8.80697,3.48614,2.52628,1.1251,0.231496,0.091635,0.1398608237504959,0.23398,1.2762,0.283399,0.713925,,,4.05769,0.446783,0.344569,999,,,,,,,207.4,4.2326530612244895,200,4.081632653061225,,,,,,,,,,,,,,,,,,,"Shane Drohan","27814",675660
"Tyler Rogers","TOR",2,2,0,3.65283,40,0,1,8,,40,167,40,18,16,4,9,,2,27,6.07251,1.98464,3.05976,0.816666,0.161985,0.0529405,0.1090448647737503,0.253509,1.20875,0.286486,0.709603,,,3.73643,0.434683,0.466555,743.280029296875,,,,,,,200.8,5.0200000000000005,206,5.15,,,,,,,,,,,,,,,,,,,"Tyler Rogers","15541",643511
"Nick Pivetta","SDP",2,1,3,3.85931,5,5,0,0,,26,108,22,12,11,4,8,,1,29,9.92946,2.80419,3.54094,1.34278,0.269444,0.076094,0.1933501437306404,0.224708,1.155,0.277585,0.728131,,,3.86159,0.434239,0.369027,96.01000213623047,,,,,,,116.99999999999999,4.499999999999999,109,4.1923076923076925,,,,,,,,,,,,,,,,,,,"Nick Pivetta","15454",601713
"Brandon Young","BAL",3,4,4,4.67106,16,10,0,0,,58,250,59,33,30,9,19,,2,48,7.39274,2.87348,2.57275,1.42202,0.192381,0.0747766,0.1176048144698143,0.257349,1.32767,0.28935,0.690063,,,4.57013,0.433397,0.330386,999,,,,,,,198.10000000000005,3.415517241379311,206,3.5517241379310347,,,,,,,,,,,,,,,,,,,"Brandon Young","27819",687064
"Clay Holmes","NYM",3,2,2,3.82533,10,5,0,0,,34,145,32,16,14,3,13,,2,29,7.68137,3.39433,2.263,0.837115,0.199066,0.0879658,0.11110059171915054,0.244458,1.31894,0.29207,0.720895,,,3.9117,0.426982,0.349372,330.6300048828125,,,,,,,144.5,4.25,144,4.235294117647059,,,,,,,,,,,,,,,,,,,"Clay Holmes","13649",605280
"Robert Gasser","MIL",2,3,2,4.17357,19,6,0,0,,43,185,40,22,20,6,15,,4,41,8.5263,3.09827,2.75195,1.24185,0.222485,0.0808464,0.14163903146982193,0.240027,1.26334,0.284685,0.709504,,,4.29106,0.426765,0.33119,748.5800170898438,,,,,,,165.39999999999998,3.846511627906976,162,3.7674418604651163,,,,,,,,,,,,,,,,,,,"Robert Gasser","29812",688107
"Quinn Priester","MIL",3,2,3,4.2853,7,7,0,0,,42,181,41,22,20,5,15,,2,34,7.22169,3.26572,2.21137,1.10911,0.186447,0.0843132,0.10213413834571838,0.252466,1.34649,0.289652,0.706107,,,4.32488,0.424978,0.38882,592.1400146484375,,,,,,,159.70000000000002,3.8023809523809526,162,3.857142857142857,,,,,,,,,,,,,,,,,,,"Quinn Priester","25977",682990
"Ryan Helsley","BAL",2,2,0,3.4827,29,0,13,2,,29,121,24,12,11,3,12,,1,34,10.3863,3.65949,2.83818,0.981391,0.276812,0.0975315,0.17927999794483185,0.219705,1.22597,0.288011,0.750347,,,3.53342,0.424246,0.511122,85.58999633789062,,,,,,,217.30000000000004,7.493103448275863,208,7.172413793103448,,,,,,,,,,,,,,,,,,,"Ryan Helsley","18138",664854
"Patrick Corbin","TOR",3,4,4,4.98271,15,11,0,0,,61,265,65,36,34,9,21,,2,48,7.05623,3.077,2.29322,1.40879,0.179666,0.0783467,0.10131946206092834,0.270617,1.42156,0.302757,0.681782,,,4.69417,0.422809,0.102895,999,,,,,,,198.7000000000001,3.2573770491803296,215,3.5245901639344264,,,,,,,,,,,,,,,,,,,"Patrick Corbin","9323",571578
"Mason Englert","TBR",2,3,2,4.45426,31,6,0,0,,63,267,63,34,31,10,19,,3,52,7.52329,2.67395,2.81354,1.36577,0.19635,0.0697875,0.12656284123659134,0.257034,1.30384,0.291896,0.701754,,,4.42757,0.419985,0.332633,999,,,,,,,217.40000000000003,3.4507936507936514,223,3.5396825396825395,,,,,,,,,,,,,,,,,,,"Mason Englert","22288",669438
"Matt Brash","SEA",2,1,0,3.22373,27,0,1,6,,27,115,22,11,10,2,11,,2,32,10.4948,3.59851,2.91644,0.749266,0.279011,0.0956686,0.18334269523620605,0.218281,1.2124,0.294884,0.751072,,,3.22546,0.41768,0.380345,733.280029296875,,,,,,,172,6.37037037037037,163,6.037037037037037,,,,,,,,,,,,,,,,,,,"Matt Brash","25756",666374
"Daniel Palencia","CHC",2,2,0,3.76851,36,0,18,1,,36,152,31,16,15,4,15,,2,39,9.81481,3.69184,2.65851,0.98005,0.258557,0.0972561,0.16130059212446213,0.226222,1.25998,0.289752,0.726705,,,3.72372,0.414855,0.397039,91.05999755859375,,,,,,,257.6,7.155555555555556,249,6.916666666666667,,,,,,,,,,,,,,,,,,,"Daniel Palencia","27914",694037
"José A. Ferrer","SEA",2,1,0,3.46084,36,0,3,8,,36,150,33,15,14,3,10,,2,33,8.15069,2.45015,3.3266,0.724287,0.218329,0.0656313,0.15269800275564194,0.238606,1.18418,0.293198,0.715066,,,3.31811,0.414143,0.385019,999,,,,,,,220.70000000000005,6.130555555555556,218,6.055555555555555,,,,,,,,,,,,,,,,,,,"Jose A. Ferrer","24017",678606
"Chad Patrick","MIL",3,4,2,4.18152,39,5,1,6,,59,250,55,30,27,8,21,,2,56,8.54279,3.1805,2.68599,1.287,0.22439,0.0835412,0.140849307179451,0.241839,1.28162,0.285952,0.718136,,,4.24121,0.412154,0.278953,288.6499938964844,,,,,,,267.20000000000005,4.528813559322034,263,4.4576271186440675,,,,,,,,,,,,,,,,,,,"Chad Patrick","30113",694477
"Justin Steele","CHC",2,1,2,3.68681,4,4,0,0,,25,101,22,11,10,3,7,,1,23,8.40648,2.47304,3.39925,1.05438,0.225672,0.0663887,0.1592828929424286,0.2396,1.19171,0.288133,0.726328,,,3.69603,0.408471,0.438708,605.5,,,,,,,112.89999999999999,4.516,108,4.32,,,,,,,,,,,,,,,,,,,"Justin Steele","17312",657006
"Brandon Pfaadt","ARI",3,3,3,4.56117,20,7,0,0,,52,224,54,29,27,8,14,,3,46,7.81953,2.39137,3.2699,1.30461,0.203986,0.0623828,0.14160288125276566,0.262533,1.30165,0.303867,0.683331,,,4.19181,0.401802,0.272655,588.5999755859375,,,,,,,186.99999999999997,3.596153846153846,197,3.7884615384615383,,,,,,,,,,,,,,,,,,,"Brandon Pfaadt","27782",694297
"Jeff Hoffman","TOR",3,2,0,3.50921,33,0,2,7,,33,138,27,14,13,4,12,,2,42,11.3478,3.28684,3.4525,1.13186,0.304884,0.0883081,0.21657568961381912,0.216704,1.17027,0.291744,0.750806,,,3.47962,0.391958,0.351487,99.63999938964844,,,,,,,204.80000000000007,6.206060606060608,193,5.848484848484849,,,,,,,,,,,,,,,,,,,"Jeff Hoffman","17432",656546
"Lucas Giolito","SDP",4,5,6,4.7478,15,15,0,0,,81,351,78,46,43,13,35,,3,68,7.60955,3.87313,1.9647,1.49318,0.194777,0.099138,0.0956389382481575,0.24961,1.39833,0.279803,0.707447,,,4.95947,0.391848,0.255695,728.47998046875,,,,,,,258.7,3.193827160493827,258,3.185185185185185,,,,,,,,,,,,,,,,,,,"Lucas Giolito","15474",608337
"Bryan King","HOU",2,2,0,3.68086,36,0,2,7,,36,152,33,16,15,4,11,,2,34,8.43836,2.7757,3.04008,0.986068,0.224002,0.073683,0.15031937509775162,0.237285,1.21373,0.287467,0.725409,,,3.76508,0.385245,0.449306,748.469970703125,,,,,,,198.40000000000003,5.511111111111112,195,5.416666666666667,,,,,,,,,,,,,,,,,,,"Bryan King","25890",687911
"Sean Sullivan","COL",1,5,4,5.36851,10,10,0,0,,54,236,61,35,32,10,16,,2,38,6.41494,2.71681,2.3612,1.58343,0.163212,0.0691226,0.09408974647521973,0.279127,1.42864,0.302038,0.659942,,,4.95769,0.382642,0.275776,999,,,,,,,140.00000000000003,2.592592592592593,162,3,,,,,,,,,,,,,,,,,,,"Sean Sullivan","33502",807743
"Cristian Javier","HOU",3,4,5,4.88414,12,12,0,0,,61,263,57,36,33,10,28,,3,53,7.83736,4.1067,1.90843,1.44481,0.200329,0.104971,0.09535841643810272,0.243641,1.39368,0.275865,0.687643,,,4.94894,0.381167,0.243702,470.2799987792969,,,,,,,193.2000000000001,3.1672131147541,188,3.081967213114754,,,,,,,,,,,,,,,,,,,"Cristian Javier","17606",664299
"Ryan Walker","SFG",2,2,0,3.70428,36,0,7,6,,36,151,32,16,15,3,12,,3,35,8.94558,3.12699,2.86076,0.792334,0.234494,0.0819691,0.1525249183177948,0.23893,1.2603,0.301182,0.714943,,,3.51586,0.37879,0.353162,144.55999755859375,,,,,,,230.3,6.397222222222222,225,6.25,,,,,,,,,,,,,,,,,,,"Ryan Walker","20423",676254
"Bryan Abreu","HOU",2,2,0,3.39276,35,0,1,7,,35,146,26,14,13,4,17,,2,46,11.9158,4.3004,2.77085,0.971596,0.314141,0.113373,0.20076731592416763,0.206109,1.236,0.289425,0.761614,,,3.46864,0.3783,0.460801,181.6999969482422,,,,,,,210.20000000000002,6.005714285714286,191,5.457142857142857,,,,,,,,,,,,,,,,,,,"Bryan Abreu","16609",650556
"Lucas Erceg","KCR",3,3,0,3.90641,36,0,5,6,,36,153,33,17,15,3,15,,2,33,8.39765,3.68169,2.28092,0.807418,0.216696,0.0950038,0.12169230729341507,0.240789,1.3329,0.296429,0.713252,,,3.8129,0.377709,0.390549,490.70001220703125,,,,,,,207.7,5.769444444444444,205,5.694444444444445,,,,,,,,,,,,,,,,,,,"Lucas Erceg","19360",668674
"Hunter Barco","PIT",2,2,2,4.29314,21,4,0,0,,42,185,40,22,20,5,19,,2,38,8.00419,3.93888,2.0321,1.0048,0.204277,0.100525,0.10375204682350159,0.245977,1.38695,0.293061,0.70569,,,4.2607,0.376559,0.325654,999,,,,,,,158.3,3.7690476190476194,158,3.761904761904762,,,,,,,,,,,,,,,,,,,"Hunter Barco","33174",682995
"Peter Lambert","HOU",3,3,3,4.56188,17,8,0,0,,52,224,50,29,26,7,21,,3,46,7.90475,3.65541,2.16248,1.26542,0.202891,0.0938233,0.10906778275966644,0.248833,1.37013,0.288389,0.69819,,,4.54112,0.365009,0.290476,999,,,,,,,188.70000000000005,3.6288461538461547,189,3.6346153846153846,,,,,,,,,,,,,,,,,,,"Peter Lambert","17969",663567
"Miles Mikolas","WSN",3,5,5,5.08722,12,12,0,0,,64,275,71,39,36,11,15,,2,42,5.90654,2.17246,2.71882,1.55489,0.152875,0.0562285,0.09664664044976234,0.276142,1.35151,0.293744,0.664282,,,4.85676,0.363165,0.0841315,999,,,,,,,186.70000000000002,2.9171875000000003,210,3.28125,,,,,,,,,,,,,,,,,,,"Miles Mikolas","9803",571945
"Drew Anderson","DET",2,2,0,3.81331,37,1,0,7,,41,175,35,19,18,5,17,,2,48,10.4521,3.77749,2.76694,1.04006,0.274191,0.0990955,0.17509570717811584,0.226709,1.27286,0.296663,0.731108,,,3.70172,0.3568,0.186016,999,,,,,,,217.90000000000003,5.314634146341464,207,5.048780487804878,,,,,,,,,,,,,,,,,,,"Drew Anderson","15130",623454
"Sean Newcomb","CHW",1,1,0,3.82757,36,0,2,8,,36,155,33,17,15,4,14,,2,35,8.5666,3.521,2.433,0.899442,0.223477,0.0918525,0.13162482529878616,0.236846,1.29434,0.290867,0.720768,,,3.83882,0.351788,0.273484,999,,,,,,,195.40000000000003,5.427777777777779,192,5.333333333333333,,,,,,,,,,,,,,,,,,,"Sean Newcomb","16943",656794
"Steven Matz","TBR",2,3,1,4.26668,32,4,0,3,,48,203,47,25,23,7,14,,2,41,7.64255,2.67711,2.85478,1.2484,0.200769,0.0703275,0.1304417997598648,0.253427,1.28527,0.291794,0.705698,,,4.2052,0.350856,0.307671,712.989990234375,,,,,,,192.90000000000003,4.018750000000001,195,4.0625,,,,,,,,,,,,,,,,,,,"Steven Matz","13361",571927
"Anthony Bender","MIA",2,2,0,3.74138,35,0,3,6,,35,148,31,16,15,3,13,,2,35,8.92228,3.38365,2.63688,0.893614,0.235114,0.0891638,0.14595060795545578,0.231393,1.25203,0.288186,0.718918,,,3.70434,0.348959,0.365478,999,,,,,,,205.50000000000003,5.871428571428572,200,5.714285714285714,,,,,,,,,,,,,,,,,,,"Anthony Bender","19742",669622
"Erik Sabrowski","CLE",1,1,0,3.51707,32,0,1,9,,32,135,23,13,12,3,18,,1,41,11.5171,5.09105,2.26223,0.889561,0.301147,0.13312,0.16802740097045898,0.200633,1.29605,0.279213,0.752616,,,3.65742,0.332219,0.478232,999,,,,,,,206.09999999999997,6.440624999999999,187,5.84375,,,,,,,,,,,,,,,,,,,"Erik Sabrowski","24978",681870
"Evan Sisk","PIT",1,1,0,3.70236,34,0,1,7,,34,146,30,15,14,3,15,,2,36,9.45044,3.96409,2.38401,0.791503,0.243751,0.102244,0.14150667935609818,0.236077,1.33974,0.303725,0.733669,,,3.64393,0.331421,0.306184,999,,,,,,,190.70000000000005,5.608823529411766,185,5.4411764705882355,,,,,,,,,,,,,,,,,,,"Evan Sisk","24995",681895
"Braydon Fisher","TOR",2,2,0,3.67712,34,0,1,9,,34,144,28,15,14,4,14,,2,38,10.0135,3.75429,2.66722,1.00279,0.265965,0.0997159,0.1662488505244255,0.216547,1.22147,0.278242,0.729598,,,3.73518,0.330943,0.371297,999,,,,,,,198.60000000000002,5.841176470588236,187,5.5,,,,,,,,,,,,,,,,,,,"Braydon Fisher","24609",680755
"Riley O'Brien","STL",2,2,0,3.70069,37,0,15,3,,37,160,33,17,15,3,15,,3,38,9.11744,3.73235,2.44281,0.78716,0.235909,0.0965729,0.13933658599853516,0.233532,1.30055,0.296495,0.724561,,,3.71878,0.330009,0.310475,264.0400085449219,,,,,,,260.1,7.0297297297297305,255,6.891891891891892,,,,,,,,,,,,,,,,,,,"Riley O'Brien","20348",676617
"Kenley Jansen","DET",2,2,0,4.04595,34,0,14,2,,34,141,28,16,15,5,13,,1,35,9.45741,3.42955,2.75763,1.23527,0.252012,0.0913874,0.16062483936548233,0.223783,1.2205,0.273966,0.711684,,,4.04346,0.328982,0.340963,133.02000427246094,,,,,,,223.3,6.56764705882353,211,6.205882352941177,,,,,,,,,,,,,,,,,,,"Kenley Jansen","3096",445276
"Walker Buehler","SDP",3,4,4,4.76508,17,11,0,0,,64,279,65,37,34,9,25,,4,51,7.24274,3.60401,2.00963,1.30477,0.183513,0.0913168,0.0921965017914772,0.259355,1.41945,0.293369,0.693768,,,4.74881,0.323069,0.171798,740.9299926757812,,,,,,,208.90000000000003,3.2640625000000005,218,3.40625,,,,,,,,,,,,,,,,,,,"Walker Buehler","19374",621111
"Brad Keller","PHI",2,2,0,3.80252,37,0,2,7,,37,157,33,17,16,4,14,,2,35,8.5148,3.39903,2.50507,1.01143,0.223168,0.0890866,0.13408125936985016,0.235775,1.27545,0.285671,0.729985,,,3.96848,0.317864,0.380591,745.9099731445312,,,,,,,198.8,5.372972972972973,193,5.216216216216216,,,,,,,,,,,,,,,,,,,"Brad Keller","15734",641745
"Spencer Schwellenbach","ATL",1,1,2,3.6122,3,3,0,0,,16,63,14,7,6,2,3,,1,15,8.6719,1.90829,4.54432,1.033,0.237469,0.0522563,0.1852128617465496,0.237813,1.11758,0.289712,0.712019,,,3.41917,0.317371,0.302278,743.1900024414062,,,,,,,75.4,4.7125,72,4.5,,,,,,,,,,,,,,,,,,,"Spencer Schwellenbach","31846",680885
"Brad Lord","WSN",2,3,1,4.15849,40,2,1,7,,48,206,47,24,22,5,16,,2,40,7.41094,2.91005,2.54667,0.997072,0.193493,0.0759787,0.11751403659582138,0.250134,1.29403,0.291843,0.695212,,,4.02318,0.311585,0.263732,999,,,,,,,230.50000000000006,4.802083333333335,234,4.875,,,,,,,,,,,,,,,,,,,"Brad Lord","31972",695418
"Jakob Junis","TEX",2,1,0,3.86048,35,0,3,6,,35,146,33,16,15,4,9,,2,30,7.61974,2.26331,3.36664,1.10547,0.204613,0.0607765,0.14383607730269432,0.241254,1.17675,0.280006,0.707124,,,3.91592,0.310308,0.353716,999,,,,,,,190,5.428571428571429,189,5.4,,,,,,,,,,,,,,,,,,,"Jakob Junis","13619",596001
"David Festa","MIN",1,2,2,4.20325,13,4,0,0,,28,119,26,14,13,4,10,,1,29,9.14315,3.1093,2.94058,1.23693,0.240815,0.0818937,0.15892155468463898,0.240289,1.26588,0.292472,0.706346,,,4.02444,0.306393,0.247117,999,,,,,,,115.40000000000006,4.121428571428574,113,4.035714285714286,,,,,,,,,,,,,,,,,,,"David Festa","30056",701581
"Brooks Raley","NYM",2,2,0,3.74315,35,0,1,9,,35,146,29,16,14,4,13,,2,36,9.31461,3.32678,2.79989,1.03462,0.246979,0.0882102,0.1587684378027916,0.22498,1.21439,0.280167,0.723639,,,3.83666,0.303921,0.212827,999,,,,,,,202.4,5.782857142857143,191,5.457142857142857,,,,,,,,,,,,,,,,,,,"Brooks Raley","10061",548384
"JoJo Romero","STL",2,2,0,3.64122,37,0,3,7,,37,156,33,16,15,3,15,,2,35,8.60245,3.56187,2.41515,0.838452,0.225439,0.0933436,0.13209515810012817,0.237123,1.29598,0.29375,0.734603,,,3.73471,0.302086,0.43504,479.0799865722656,,,,,,,213.09999999999997,5.759459459459459,208,5.621621621621622,,,,,,,,,,,,,,,,,,,"JoJo Romero","19574",668941
"Seranthony Domínguez","CHW",2,3,0,3.98227,36,0,10,4,,36,152,29,17,16,5,17,,2,39,9.79619,4.3052,2.27543,1.15063,0.255407,0.112245,0.1431613713502884,0.219946,1.29887,0.275501,0.730362,,,4.18359,0.301126,0.352229,194.19000244140625,,,,,,,216.50000000000003,6.013888888888889,202,5.611111111111111,,,,,,,,,,,,,,,,,,,"Seranthony Dominguez","19249",622554
"Luke Weaver","NYM",2,2,0,3.89676,38,0,4,7,,38,156,33,18,16,5,12,,1,40,9.49511,2.91607,3.25613,1.27499,0.254943,0.0782962,0.17664653807878494,0.23107,1.19694,0.283315,0.727328,,,3.91796,0.30049,0.183041,733.510009765625,,,,,,,222.89999999999998,5.8657894736842096,214,5.631578947368421,,,,,,,,,,,,,,,,,,,"Luke Weaver","16918",596133
"Matt Strahm","KCR",2,2,0,3.79667,34,0,1,7,,34,140,29,16,14,4,11,,2,36,9.46666,2.79859,3.38266,1.1861,0.255047,0.0753984,0.1796485036611557,0.226598,1.16355,0.279496,0.720104,,,3.79915,0.2893,0.257767,720.1400146484375,,,,,,,193.00000000000003,5.676470588235295,184,5.411764705882353,,,,,,,,,,,,,,,,,,,"Matt Strahm","13799",621381
"Kevin Kelly","TBR",2,3,0,3.90623,36,0,1,9,,36,150,34,17,16,4,9,,2,31,7.64067,2.24162,3.40855,1.02431,0.204126,0.0598865,0.14423984289169312,0.243935,1.18794,0.285874,0.696258,,,3.81699,0.287111,0.286274,999,,,,,,,198.80000000000004,5.522222222222223,198,5.5,,,,,,,,,,,,,,,,,,,"Kevin Kelly","25679",687330
"Jake Bennett","BOS",1,2,2,4.47031,9,5,0,0,,28,120,29,15,14,3,9,,1,20,6.43034,2.82675,2.27482,1.0418,0.165602,0.0727981,0.09280426800251007,0.265329,1.36504,0.298717,0.685918,,,4.24128,0.284345,0.320272,999,,,,,,,104.9,3.7464285714285714,111,3.9642857142857144,,,,,,,,,,,,,,,,,,,"Jake Bennett","31959",687562
"Didier Fuentes","ATL",3,3,0,4.17468,36,1,0,7,,39,167,37,20,18,5,13,,2,41,9.2841,3.00022,3.09447,1.20211,0.243586,0.0787164,0.16486945748329163,0.241977,1.26229,0.297466,0.705018,,,3.96617,0.282938,0.144998,600.4400024414062,,,,,,,195.90000000000003,5.023076923076924,195,5,,,,,,,,,,,,,,,,,,,"Didier Fuentes","30661",800311
"Justin Slaten","BOS",2,2,0,4.06263,37,0,1,9,,37,154,33,18,17,4,12,,1,36,8.79064,3.02736,2.90373,1.10107,0.233085,0.080271,0.15281422436237335,0.238223,1.24639,0.289487,0.702935,,,3.85329,0.282716,0.299435,999,,,,,,,212.8,5.751351351351351,207,5.594594594594595,,,,,,,,,,,,,,,,,,,"Justin Slaten","25648",686580
"Gabe Speier","SEA",2,2,0,3.42318,33,0,1,7,,33,134,27,14,13,4,10,,2,38,10.4811,2.68094,3.90949,0.990515,0.286314,0.0732357,0.2130783647298813,0.216646,1.10268,0.284708,0.726599,,,3.2645,0.281855,0.200773,999,,,,,,,197.80000000000007,5.993939393939396,186,5.636363636363637,,,,,,,,,,,,,,,,,,,"Gabe Speier","17170",642100
"Keider Montero","DET",3,3,2,4.56398,28,5,0,0,,52,223,52,29,26,8,17,,2,42,7.31048,2.97585,2.4566,1.36191,0.189738,0.0772361,0.11250225454568863,0.254943,1.32639,0.287008,0.695521,,,4.57347,0.280478,0.149767,999,,,,,,,178.2,3.4269230769230767,183,3.519230769230769,,,,,,,,,,,,,,,,,,,"Keider Montero","22630",672456
"Tyler Alexander","TEX",3,3,1,4.57533,38,3,1,7,,54,227,54,30,27,8,15,,2,43,7.23287,2.51346,2.87765,1.33218,0.189695,0.06592,0.12377497553825378,0.257715,1.2896,0.290471,0.680935,,,4.37057,0.27833,0.119529,999,,,,,,,228.80000000000004,4.237037037037037,234,4.333333333333333,,,,,,,,,,,,,,,,,,,"Tyler Alexander","17735",641302
"Jake Irvin","WSN",2,3,3,4.76562,15,8,0,0,,51,219,51,29,27,8,18,,2,42,7.3565,3.10186,2.37164,1.46086,0.189689,0.0799823,0.10970714688301086,0.257201,1.35227,0.287721,0.690394,,,4.75473,0.277217,0.214809,999,,,,,,,170.4,3.3411764705882354,175,3.4313725490196076,,,,,,,,,,,,,,,,,,,"Jake Irvin","21504",663623
"River Ryan","LAD",1,1,2,4.32232,4,4,0,0,,24,103,23,12,11,3,9,,1,20,7.69182,3.43832,2.23709,1.21184,0.199361,0.0891163,0.11024477332830429,0.246294,1.33296,0.284254,0.708584,,,4.42411,0.276838,0.28355,675.5399780273438,,,,,,,90.90000000000002,3.787500000000001,91,3.7916666666666665,,,,,,,,,,,,,,,,,,,"River Ryan","29514",689981
"Jacob Lopez","ATH",3,3,2,4.67179,20,5,0,0,,43,187,40,24,22,7,19,,3,41,8.56071,4.00542,2.13728,1.3772,0.219064,0.102496,0.11656714230775833,0.241466,1.37139,0.283047,0.69754,,,4.70905,0.268435,0.207638,409.239990234375,,,,,,,144.1,3.3511627906976744,140,3.255813953488372,,,,,,,,,,,,,,,,,,,"Jacob Lopez","25098",682052
"Caleb Thielbar","CHC",2,2,0,3.9003,34,0,1,9,,34,141,29,16,15,4,12,,1,35,9.41909,3.21327,2.93131,1.17948,0.251842,0.0859143,0.16592738032341003,0.228325,1.21805,0.28147,0.722034,,,3.86941,0.266831,0.179891,999,,,,,,,199.00000000000003,5.852941176470589,190,5.588235294117647,,,,,,,,,,,,,,,,,,,"Caleb Thielbar","10078",573204
"Sam Hentges","SFG",2,2,0,3.72064,33,0,1,7,,33,143,29,15,14,3,16,,1,33,8.92154,4.24065,2.10381,0.778676,0.23112,0.109857,0.1212620735168457,0.230697,1.34383,0.290636,0.731557,,,3.76636,0.264015,0.185042,999,,,,,,,179.90000000000003,5.451515151515153,174,5.2727272727272725,,,,,,,,,,,,,,,,,,,"Sam Hentges","18548",656529
"Mark Leiter Jr.","ATH",2,2,0,4.21475,35,0,3,8,,35,152,33,18,17,5,14,,2,37,9.52393,3.5026,2.71911,1.16628,0.245857,0.0904183,0.1554385870695114,0.244577,1.3307,0.305033,0.714946,,,4.03694,0.262659,0.141339,727.989990234375,,,,,,,184.7,5.277142857142857,183,5.228571428571429,,,,,,,,,,,,,,,,,,,"Mark Leiter Jr.","15551",643410
"Kai-Wei Teng","HOU",3,3,1,4.50929,30,4,0,0,,49,214,44,27,25,6,22,,5,49,8.97485,4.12669,2.17483,1.0796,0.228372,0.105007,0.12336494773626328,0.236647,1.36065,0.290235,0.684197,,,4.33335,0.259196,0.16526,999,,,,,,,191.4,3.906122448979592,184,3.7551020408163267,,,,,,,,,,,,,,,,,,,"Kai-Wei Teng","24282",678906
"Juan Mejia","COL",2,2,0,4.5642,35,0,4,5,,35,155,34,19,18,4,17,,3,36,9.23975,4.34306,2.12748,1.07578,0.232379,0.109227,0.12315140664577484,0.248193,1.4411,0.308924,0.698616,,,4.27325,0.259004,0.232698,748.510009765625,,,,,,,173.4,4.954285714285715,175,5,,,,,,,,,,,,,,,,,,,"Juan Mejia","23237",675848
"Andrew Kittredge","BAL",2,2,0,3.81807,34,0,2,8,,34,141,32,16,14,5,9,,1,34,8.90367,2.38976,3.72576,1.19791,0.238948,0.0641341,0.17481403797864914,0.24305,1.1999,0.294372,0.728898,,,3.74419,0.258891,0.231532,745.8499755859375,,,,,,,186.90000000000003,5.497058823529413,185,5.4411764705882355,,,,,,,,,,,,,,,,,,,"Andrew Kittredge","12828",552640
"Tobias Myers","NYM",2,2,2,4.25788,26,4,0,0,,43,183,43,22,20,6,13,,2,36,7.482,2.70789,2.76304,1.31484,0.196069,0.0709612,0.1251073032617569,0.254527,1.29444,0.289621,0.715843,,,4.35086,0.252988,0.117577,999,,,,,,,159.59999999999997,3.7116279069767435,164,3.813953488372093,,,,,,,,,,,,,,,,,,,"Tobias Myers","22191",668964
"Reynaldo López","ATL",3,3,1,3.97702,33,3,0,4,,45,190,42,22,20,6,17,,1,44,8.78793,3.32596,2.64222,1.12258,0.230518,0.0872439,0.14327377080917358,0.241915,1.29817,0.293663,0.727922,,,3.96525,0.252083,0.264173,302.9100036621094,,,,,,,200,4.444444444444445,197,4.377777777777778,,,,,,,,,,,,,,,,,,,"Reynaldo Lopez","16400",625643
"Shawn Armstrong","CLE",2,2,0,3.79662,35,0,1,8,,35,146,31,16,15,4,12,,2,35,9.10631,3.02604,3.00932,1.0097,0.241973,0.0804078,0.16156485676765442,0.232164,1.2161,0.287968,0.715339,,,3.7147,0.250372,0.244811,748.469970703125,,,,,,,194.20000000000002,5.548571428571429,188,5.371428571428571,,,,,,,,,,,,,,,,,,,"Shawn Armstrong","12857",542888
"Cody Bradford","TEX",2,2,1,4.19921,15,3,0,0,,28,116,27,14,13,4,6,,1,24,7.73023,2.07577,3.72403,1.29712,0.208468,0.055979,0.15248876065015793,0.245436,1.17717,0.281201,0.68692,,,4.05155,0.247177,0.198863,999,,,,,,,114.8,4.1,115,4.107142857142857,,,,,,,,,,,,,,,,,,,"Cody Bradford","27597",674003
"A.J. Minter","NYM",2,2,0,3.48061,33,0,0,7,,33,134,27,14,13,3,11,,1,35,9.54484,3.1218,3.05748,0.950798,0.257295,0.0841527,0.17314273864030838,0.222557,1.17991,0.282281,0.735988,,,3.49373,0.241687,0.214087,999,,,,,,,199.10000000000008,6.033333333333336,188,5.696969696969697,,,,,,,,,,,,,,,,,,,"A.J. Minter","18655",621345
"Dennis Santana","PIT",2,2,0,4.18689,36,0,2,7,,36,151,33,18,17,4,14,,2,32,8.10954,3.44257,2.35566,1.02028,0.211542,0.0898015,0.12174063920974731,0.243189,1.31286,0.290618,0.699387,,,4.07812,0.239667,0.169604,150.50999450683594,,,,,,,185.40000000000003,5.150000000000001,182,5.055555555555555,,,,,,,,,,,,,,,,,,,"Dennis Santana","17878",642701
"Jason Adam","SDP",2,2,0,3.634,36,0,1,9,,36,151,30,16,15,4,13,,2,35,8.7319,3.1958,2.73231,1.02232,0.232775,0.0851934,0.1475813239812851,0.223645,1.19337,0.271983,0.729431,,,3.90044,0.239162,0.268142,999,,,,,,,205.20000000000005,5.700000000000001,194,5.388888888888889,,,,,,,,,,,,,,,,,,,"Jason Adam","11861",592094
"Spencer Miles","TOR",2,2,1,3.85278,31,2,0,4,,39,162,35,18,16,4,14,,2,37,8.55488,3.15334,2.71296,0.988966,0.225715,0.0831987,0.14251581579446793,0.238561,1.26208,0.290382,0.71895,,,3.80102,0.23853,0.283033,999,,,,,,,190.40000000000003,4.882051282051283,185,4.743589743589744,,,,,,,,,,,,,,,,,,,"Spencer Miles","31621",693686
"Erick Fedde","CHW",2,4,4,5.21683,11,11,0,0,,61,267,64,38,35,10,25,,2,42,6.22148,3.63091,1.71347,1.47437,0.157502,0.09192,0.0655825287103653,0.265114,1.45129,0.285415,0.672076,,,5.16159,0.237879,0.0868947,999,,,,,,,165.00000000000009,2.7049180327868867,178,2.918032786885246,,,,,,,,,,,,,,,,,,,"Erick Fedde","17425",607200
"Luinder Avila","KCR",2,2,1,4.4073,22,4,3,0,,41,182,40,22,20,4,19,,2,35,7.7003,4.24322,1.81473,0.943521,0.194566,0.107215,0.08735132962465286,0.249027,1.43644,0.295119,0.701078,,,4.32397,0.231965,0.269648,999,,,,,,,172.20000000000005,4.200000000000001,175,4.2682926829268295,,,,,,,,,,,,,,,,,,,"Luinder Avila","24452",679883
"Lance McCullers Jr.","HOU",2,2,2,4.59899,15,5,0,0,,36,159,33,20,18,5,19,,2,36,9.00575,4.70169,1.91543,1.18018,0.226501,0.118251,0.10825049132108688,0.240808,1.44543,0.293157,0.705313,,,4.56273,0.231588,0.137657,999,,,,,,,128.10000000000002,3.558333333333334,124,3.4444444444444446,,,,,,,,,,,,,,,,,,,"Lance McCullers Jr.","14120",621121
"Mason Montgomery","PIT",1,2,0,3.98411,35,0,1,8,,35,151,31,17,15,4,16,,1,39,9.91037,4.15052,2.38774,1.00091,0.255886,0.107166,0.14871928840875626,0.23413,1.35077,0.300857,0.727652,,,3.85951,0.231552,0.196257,748.4400024414062,,,,,,,193.20000000000002,5.5200000000000005,187,5.3428571428571425,,,,,,,,,,,,,,,,,,,"Mason Montgomery","29770",682254
"Jordan Montgomery","TEX",2,2,2,4.50452,10,4,0,0,,26,113,27,14,13,3,9,,1,20,6.88387,3.01074,2.28644,1.1439,0.177816,0.0777697,0.10004611313343048,0.260077,1.35737,0.294568,0.689609,,,4.33349,0.229926,0.132915,999,,,,,,,95.3,3.6653846153846152,101,3.8846153846153846,,,,,,,,,,,,,,,,,,,"Jordan Montgomery","16511",656756
"Carson Whisenhunt","SFG",1,2,2,4.35259,10,4,0,0,,29,125,29,15,14,4,11,,1,23,7.2062,3.44305,2.09297,1.12304,0.185266,0.0885181,0.0967477560043335,0.25358,1.37117,0.290544,0.706654,,,4.39543,0.22846,0.193877,999,,,,,,,100.00000000000003,3.4482758620689666,103,3.5517241379310347,,,,,,,,,,,,,,,,,,,"Carson Whisenhunt","31676",687931
"Tyler Holton","DET",2,2,0,3.65808,34,0,1,7,,34,141,31,15,14,4,9,,1,29,7.60315,2.24902,3.38065,1.07061,0.205769,0.0608667,0.14490237459540367,0.238885,1.16323,0.277796,0.723827,,,3.80843,0.225511,0.315986,999,,,,,,,182.80000000000004,5.3764705882352954,179,5.264705882352941,,,,,,,,,,,,,,,,,,,"Tyler Holton","26231",663947
"Kyle Finnegan","DET",2,2,0,4.06065,35,0,2,7,,35,151,33,17,16,4,14,,1,32,8.19429,3.58592,2.28513,1.01092,0.213452,0.093409,0.12004272639751434,0.240283,1.31983,0.287739,0.713427,,,4.03688,0.223578,0.249748,639.030029296875,,,,,,,181,5.171428571428572,180,5.142857142857143,,,,,,,,,,,,,,,,,,,"Kyle Finnegan","15009",640448
"Corbin Burnes","ARI",1,1,2,3.67896,3,3,0,0,,16,65,14,7,6,2,5,,1,15,8.54217,3.00805,2.83977,1.03409,0.22671,0.079834,0.1468764841556549,0.235907,1.23266,0.285504,0.73553,,,3.83465,0.220699,0.306146,738.0999755859375,,,,,,,69.4,4.3375,66,4.125,,,,,,,,,,,,,,,,,,,"Corbin Burnes","19361",669203
"Andrew Morris","MIN",1,2,0,4.07376,32,0,2,7,,32,138,32,16,15,4,10,,1,29,7.93732,2.76673,2.86885,1.00293,0.20744,0.0723078,0.13513252139091492,0.254913,1.303,0.303599,0.707068,,,3.82741,0.216775,0.114428,999,,,,,,,167.40000000000003,5.231250000000001,171,5.34375,,,,,,,,,,,,,,,,,,,"Andrew Morris","31891",702193
"Paul Sewald","ARI",2,2,0,4.29456,35,0,16,2,,35,147,31,18,17,5,11,,2,36,9.27161,2.88916,3.2091,1.36934,0.247201,0.0770313,0.17016958445310593,0.234009,1.21002,0.281599,0.693425,,,4.12766,0.209542,0.0794731,389.9100036621094,,,,,,,237.9,6.797142857142857,231,6.6,,,,,,,,,,,,,,,,,,,"Paul Sewald","13892",623149
"Hunter Gaddis","CLE",2,2,0,3.8924,37,0,1,9,,37,153,33,17,16,5,12,,2,35,8.56615,2.85244,3.0031,1.25073,0.227727,0.0758306,0.15189627557992935,0.236714,1.2194,0.280521,0.731141,,,4.10921,0.207726,0.367011,999,,,,,,,195.5,5.283783783783784,189,5.108108108108108,,,,,,,,,,,,,,,,,,,"Hunter Gaddis","25636",683769
"Emilio Pagán","CIN",1,2,0,4.31021,28,0,10,4,,28,118,25,15,14,5,10,,1,30,9.51424,3.23056,2.94507,1.56062,0.25342,0.0860489,0.16737119853496552,0.232728,1.23808,0.277086,0.720898,,,4.4269,0.202488,0.0575819,111.94000244140625,,,,,,,173.70000000000005,6.20357142857143,168,6,,,,,,,,,,,,,,,,,,,"Emilio Pagan","14771",641941
"Blake Treinen","LAD",3,2,0,4.00662,33,0,2,7,,33,143,30,16,15,4,15,,2,36,9.65411,3.95567,2.44058,1.07077,0.249845,0.102371,0.14747362583875656,0.234526,1.33108,0.296022,0.727504,,,3.98171,0.198738,0.111569,999,,,,,,,176.00000000000006,5.333333333333335,172,5.212121212121212,,,,,,,,,,,,,,,,,,,"Blake Treinen","12572",595014
"Sam Moll","CIN",2,2,0,4.21116,35,0,1,7,,35,149,30,18,16,4,16,,2,35,9.07535,4.04325,2.24457,1.07064,0.234609,0.104523,0.13008613139390945,0.232018,1.3284,0.285591,0.705601,,,4.16151,0.194024,0.108021,999,,,,,,,180.8,5.165714285714286,172,4.914285714285715,,,,,,,,,,,,,,,,,,,"Sam Moll","14874",594580
"Will Klein","LAD",2,2,0,4.11281,36,0,1,9,,36,159,32,18,17,4,20,,2,39,9.79322,5.00296,1.95749,0.899599,0.247217,0.126293,0.120923712849617,0.231842,1.43417,0.299335,0.724331,,,4.06789,0.1902,0.0866677,999,,,,,,,187.00000000000006,5.194444444444446,181,5.027777777777778,,,,,,,,,,,,,,,,,,,"Will Klein","27787",694361
"Jacob Webb","CHC",2,2,0,4.05251,35,0,1,7,,35,148,31,17,16,4,14,,1,34,8.86099,3.53657,2.50554,1.14803,0.233036,0.0930083,0.14002734422683716,0.232617,1.27506,0.281549,0.716501,,,4.09252,0.187058,0.145022,999,,,,,,,185.20000000000002,5.291428571428572,179,5.114285714285714,,,,,,,,,,,,,,,,,,,"Jacob Webb","19274",657097
"Erik Miller","SFG",2,2,0,3.54176,34,0,2,8,,34,147,28,14,13,3,20,,2,38,9.96077,5.23922,1.90119,0.698155,0.254465,0.133845,0.12062005698680878,0.218118,1.39377,0.289371,0.751669,,,3.78471,0.186057,0.42208,999,,,,,,,193.90000000000003,5.702941176470589,183,5.382352941176471,,,,,,,,,,,,,,,,,,,"Erik Miller","26252",669062
"Alan Rangel","PHI",1,1,1,4.74365,13,4,0,0,,31,134,31,18,17,5,11,,1,26,7.45587,3.17688,2.34692,1.55086,0.193188,0.0823155,0.11087221652269363,0.254501,1.34641,0.282879,0.699901,,,4.84259,0.183042,0.0731676,999,,,,,,,103.29999999999998,3.3322580645161284,106,3.4193548387096775,,,,,,,,,,,,,,,,,,,"Alan Rangel","19524",660604
"Bryan Hudson","CHW",2,2,0,4.02223,35,0,2,6,,35,149,31,17,15,4,15,,2,32,8.42912,3.98374,2.11588,0.95241,0.21719,0.102647,0.11454237997531891,0.236769,1.34538,0.287659,0.717994,,,4.10595,0.178894,0.166975,999,,,,,,,176.20000000000002,5.034285714285715,170,4.857142857142857,,,,,,,,,,,,,,,,,,,"Bryan Hudson","19924",663542
"Brent Headrick","NYY",2,1,0,3.93606,35,0,1,7,,35,148,31,17,15,5,13,,1,37,9.38608,3.22537,2.91008,1.25498,0.248367,0.0853471,0.16301994770765305,0.234615,1.25038,0.287275,0.734496,,,4.02293,0.177232,0.106281,999,,,,,,,181.9,5.1971428571428575,175,5,,,,,,,,,,,,,,,,,,,"Brent Headrick","27702",687396
"Kirby Yates","LAA",2,2,0,4.02717,34,0,6,6,,34,144,28,16,15,5,16,,2,40,10.5955,4.20075,2.52229,1.26586,0.277726,0.110109,0.1676175221800804,0.218614,1.27977,0.280032,0.732688,,,4.13897,0.176817,0.363234,269.42999267578125,,,,,,,197.3,5.802941176470589,185,5.4411764705882355,,,,,,,,,,,,,,,,,,,"Kirby Yates","9073",489446
"Jose Quintana","COL",1,2,2,5.23349,4,4,0,0,,24,109,28,15,14,4,10,,1,16,6.00483,3.5851,1.67494,1.34351,0.148894,0.088895,0.05999903380870819,0.2803,1.5317,0.304962,0.680145,,,5.02431,0.176252,0.170621,999,,,,,,,54.60000000000002,2.275000000000001,67,2.7916666666666665,,,,,,,,,,,,,,,,,,,"Jose Quintana","11423",500779
"Colin Holderman","CLE",2,2,0,3.95271,33,0,0,8,,33,143,30,16,15,3,14,,2,33,9.004,3.65484,2.46358,0.927901,0.233461,0.0947648,0.1386958733201027,0.237577,1.31287,0.296207,0.714992,,,3.84987,0.176251,0.101806,999,,,,,,,179.30000000000007,5.433333333333335,176,5.333333333333333,,,,,,,,,,,,,,,,,,,"Colin Holderman","22361",670059
"Kade Morris","ATH",0,0,1,4.17185,15,3,0,0,,23,102,21,12,11,3,10,,1,23,8.70879,3.67657,2.36872,1.12065,0.22001,0.0928814,0.12712904810905457,0.231737,1.3208,0.276937,0.710102,,,4.17257,0.174891,0.188373,999,,,,,,,91.70000000000002,3.986956521739131,89,3.869565217391304,,,,,,,,,,,,,,,,,,,"Kade Morris","33787",695034
"JR Ritchie","ATL",2,3,2,4.64704,16,6,0,0,,43,189,42,24,22,6,19,,2,35,7.40971,4.07699,1.81745,1.19897,0.187708,0.103281,0.08442697674036026,0.249371,1.41975,0.285433,0.696142,,,4.71814,0.173148,0.224252,999,,,,,,,142.2,3.3069767441860463,144,3.3488372093023258,,,,,,,,,,,,,,,,,,,"JR Ritchie","31760",702275
"Juan Morillo","ARI",1,2,0,3.93411,34,0,1,7,,34,147,31,16,15,3,17,,2,34,8.96206,4.4386,2.01912,0.788283,0.228461,0.113149,0.11531206965446472,0.237221,1.39818,0.29924,0.72364,,,3.88301,0.172544,0.189925,999,,,,,,,178.10000000000005,5.238235294117649,175,5.147058823529412,,,,,,,,,,,,,,,,,,,"Juan Morillo","21924",666661
"Mason Fluharty","TOR",2,1,0,3.88296,32,0,1,6,,32,134,27,15,14,4,13,,2,34,9.76825,3.7918,2.57615,1.07064,0.256301,0.09949,0.15681126713752747,0.227155,1.27662,0.287525,0.727575,,,3.88891,0.170781,0.148275,999,,,,,,,169.40000000000003,5.293750000000001,160,5,,,,,,,,,,,,,,,,,,,"Mason Fluharty","31553",689254
"David Sandlin","CHW",2,2,2,4.8805,10,5,0,0,,30,132,30,18,16,5,12,,1,26,7.66182,3.63497,2.10781,1.46485,0.195443,0.092723,0.10271955281496048,0.256638,1.40853,0.290248,0.693759,,,4.84175,0.169469,0.0893051,999,,,,,,,95.5,3.183333333333333,98,3.2666666666666666,,,,,,,,,,,,,,,,,,,"David Sandlin","31743",689818
"Karson Milbrandt","MIA",1,2,1,4.73721,12,4,0,0,,31,136,30,18,16,4,15,,2,26,7.76545,4.51712,1.71911,1.1117,0.194168,0.112947,0.0812215656042099,0.252337,1.48403,0.295482,0.695526,,,4.63984,0.168878,0.145088,999,,,,,,,103.19999999999999,3.3290322580645157,104,3.3548387096774195,,,,,,,,,,,,,,,,,,,"Karson Milbrandt","sa3020659",703596
"Caleb Ferguson","CIN",1,2,0,4.21996,33,0,1,6,,33,142,31,17,15,3,13,,2,31,8.48626,3.53587,2.40005,0.889543,0.218523,0.0910494,0.12747377902269363,0.244715,1.33572,0.300243,0.689913,,,3.89034,0.166601,0.0579198,999,,,,,,,172.70000000000005,5.233333333333334,172,5.212121212121212,,,,,,,,,,,,,,,,,,,"Caleb Ferguson","19349",657571
"Phil Maton","CHC",2,2,0,3.88473,34,0,1,7,,34,146,30,16,15,4,14,,3,37,9.61645,3.55439,2.70551,0.977455,0.251244,0.0928639,0.15838060528039932,0.227581,1.25232,0.289072,0.711778,,,3.83611,0.166377,0.143378,743.3800048828125,,,,,,,180.40000000000003,5.305882352941177,174,5.117647058823529,,,,,,,,,,,,,,,,,,,"Phil Maton","18064",664208
"Drew Pomeranz","LAA",1,2,0,4.11225,32,0,1,6,,32,137,29,16,15,5,12,,2,33,9.18243,3.3975,2.7027,1.26488,0.240172,0.0888639,0.15130843967199326,0.23613,1.27546,0.286682,0.721991,,,4.22718,0.164959,0.121093,735.6199951171875,,,,,,,152.9,4.778125,148,4.625,,,,,,,,,,,,,,,,,,,"Drew Pomeranz","11426",519141
"Steven Okert","HOU",2,1,0,3.99489,34,0,0,7,,34,142,28,16,15,5,12,,2,37,9.65616,3.28794,2.93684,1.28572,0.258189,0.0879141,0.17027537524700165,0.221222,1.19195,0.271242,0.715233,,,4.07293,0.1617,0.152797,999,,,,,,,177.3,5.214705882352941,165,4.852941176470588,,,,,,,,,,,,,,,,,,,"Steven Okert","13580",595345
"Joel Kuhnel","MIL",2,2,0,4.03566,33,0,0,6,,33,141,34,16,15,4,8,,2,25,6.66882,2.24251,2.97381,1.01472,0.174875,0.058805,0.11607008427381516,0.26007,1.27197,0.295562,0.704205,,,4.00186,0.160784,0.0638002,999,,,,,,,150.60000000000005,4.563636363636365,157,4.757575757575758,,,,,,,,,,,,,,,,,,,"Joel Kuhnel","19995",669270
"Dylan Dodd","ATL",1,2,0,4.00324,34,0,0,7,,34,142,33,16,15,4,9,,1,31,8.26136,2.52371,3.2735,1.11592,0.218404,0.0667187,0.1516849771142006,0.252419,1.26297,0.301183,0.71553,,,3.81201,0.159794,0.137368,999,,,,,,,176.60000000000002,5.194117647058825,178,5.235294117647059,,,,,,,,,,,,,,,,,,,"Dylan Dodd","29928",689266
"DJ Herz","WSN",1,1,1,4.08357,13,2,0,0,,23,98,19,11,10,3,11,,1,25,9.92532,4.44947,2.23067,1.11187,0.256062,0.114791,0.14127036929130554,0.227494,1.35135,0.288679,0.728249,,,4.12496,0.158825,0.182896,999,,,,,,,97.9,4.256521739130435,90,3.9130434782608696,,,,,,,,,,,,,,,,,,,"DJ Herz","26389",687792
"Edgardo Henriquez","LAD",2,2,0,4.09148,31,0,1,7,,31,133,27,15,14,4,14,,1,32,9.23533,4.10489,2.24983,1.05556,0.239235,0.106335,0.13290055841207504,0.231425,1.33233,0.287174,0.717546,,,4.08652,0.158026,0.0792091,999,,,,,,,162,5.225806451612903,155,5,,,,,,,,,,,,,,,,,,,"Edgardo Henriquez","26944",683618
"Luis Gil","NYY",2,2,1,4.58345,18,4,0,0,,35,150,30,19,18,5,18,,2,32,8.43015,4.63184,1.82004,1.32555,0.215292,0.11829,0.09700235724449158,0.231152,1.38953,0.26939,0.706457,,,4.84389,0.154377,0.136088,376.5,,,,,,,123.5,3.5285714285714285,114,3.257142857142857,,,,,,,,,,,,,,,,,,,"Luis Gil","21052",661563
"Bradgley Rodriguez","SDP",2,1,0,3.87342,35,0,0,7,,35,149,30,16,15,3,15,,3,32,8.2183,3.86198,2.128,0.864789,0.212032,0.0996393,0.11239311844110489,0.230983,1.30316,0.280366,0.714812,,,4.09553,0.152885,0.162814,999,,,,,,,182.10000000000002,5.202857142857144,174,4.9714285714285715,,,,,,,,,,,,,,,,,,,"Bradgley Rodriguez","29107",699134
"Patrick Sandoval","BOS",1,1,1,4.19637,11,2,0,0,,19,84,19,10,9,2,9,,1,18,8.2844,4.06687,2.03705,0.902217,0.210344,0.103259,0.10708478093147278,0.249823,1.42096,0.303964,0.713838,,,4.05826,0.152838,0.144906,999,,,,,,,72.6,3.8210526315789473,75,3.9473684210526314,,,,,,,,,,,,,,,,,,,"Patrick Sandoval","19447",663776
"Brycen Mautz","STL",2,3,1,4.45318,22,4,0,0,,38,164,37,20,19,5,15,,2,31,7.47939,3.57572,2.09172,1.14171,0.191541,0.0915714,0.09997009485960007,0.251574,1.37546,0.290522,0.699278,,,4.44366,0.152787,0.115682,999,,,,,,,134.5,3.539473684210526,136,3.5789473684210527,,,,,,,,,,,,,,,,,,,"Brycen Mautz","31910",802408
"Jonah Tong","NYM",1,1,1,4.05904,10,2,0,0,,17,72,14,8,8,2,8,,1,18,9.63443,4.13243,2.33142,1.03852,0.250798,0.107573,0.1432250738143921,0.228595,1.3215,0.288791,0.716647,,,3.95205,0.146995,0.140784,722.8099975585938,,,,,,,73.80000000000001,4.341176470588236,68,4,,,,,,,,,,,,,,,,,,,"Jonah Tong","32157",804636
"Michael Petersen","MIA",1,1,0,4.31582,34,0,1,8,,34,149,32,18,17,5,15,,2,34,8.85514,3.83011,2.31198,1.19569,0.227978,0.098607,0.12937074154615402,0.241698,1.35309,0.292075,0.712759,,,4.29906,0.1441,-0.000970749,999,,,,,,,160.90000000000003,4.7323529411764715,159,4.676470588235294,,,,,,,,,,,,,,,,,,,"Michael Petersen","20827",656848
"Eiberson Castellano","COL",0,0,1,4.21894,24,2,0,0,,29,131,27,15,14,4,13,,2,29,8.78623,3.92549,2.23825,1.09869,0.218675,0.0976992,0.12097590416669846,0.229617,1.3482,0.274897,0.706062,,,4.21666,0.143892,0.186088,999,,,,,,,108.20000000000003,3.7310344827586217,106,3.6551724137931036,,,,,,,,,,,,,,,,,,,"Eiberson Castellano","28040",682769
"Yennier Cano","BAL",2,2,0,3.79283,32,0,0,6,,32,137,30,15,14,3,11,,1,30,8.23986,3.14064,2.62363,0.911945,0.216554,0.0825398,0.13401395827531815,0.241483,1.27539,0.292635,0.721037,,,3.76516,0.143841,0.115994,999,,,,,,,169.9,5.309375,169,5.28125,,,,,,,,,,,,,,,,,,,"Yennier Cano","25911",666974
"Jimmy Herget","COL",1,1,0,4.53543,30,0,0,5,,30,129,30,16,15,4,10,,2,28,8.43145,2.86111,2.94691,1.29855,0.218381,0.074105,0.14427585899829865,0.256795,1.32337,0.303839,0.691665,,,4.2302,0.142319,0.100588,999,,,,,,,134.8,4.493333333333334,138,4.6,,,,,,,,,,,,,,,,,,,"Jimmy Herget","17556",623474
"Hagen Smith","CHW",1,2,3,4.7036,6,6,0,0,,29,131,24,16,15,4,20,,2,29,9.14929,6.32991,1.44541,1.18039,0.225145,0.155766,0.06937912106513977,0.224978,1.54805,0.273717,0.718235,,,5.05836,0.138941,0.236805,999,,,,,,,95.00000000000003,3.2758620689655182,85,2.9310344827586206,,,,,,,,,,,,,,,,,,,"Hagen Smith","sa3025544",696146
"Javier Assad","CHC",2,2,1,4.26352,29,3,0,2,,44,190,44,23,21,5,16,,2,35,7.05058,3.19951,2.20364,1.10537,0.182085,0.0826291,0.09945601969957352,0.253267,1.34248,0.288942,0.706995,,,4.351,0.137457,0.174174,999,,,,,,,173.70000000000002,3.947727272727273,179,4.068181818181818,,,,,,,,,,,,,,,,,,,"Javier Assad","21741",665871
"Elmer Rodríguez","NYY",1,1,1,4.21528,10,2,0,0,,17,75,17,9,8,2,7,,1,15,7.62884,3.72787,2.04643,0.919351,0.195574,0.0955683,0.10000581294298172,0.248348,1.37568,0.29412,0.703018,,,4.12565,0.137424,0.0630861,748.5700073242188,,,,,,,63.000000000000014,3.7058823529411775,65,3.823529411764706,,,,,,,,,,,,,,,,,,,"Elmer Rodriguez","31811",695684
"Jonathan Loáisiga","ARI",1,2,0,3.88887,34,0,1,9,,34,147,34,16,15,4,11,,2,28,7.23985,2.90328,2.49368,0.924143,0.187688,0.0752654,0.1124226376414299,0.255861,1.32315,0.298949,0.723659,,,3.95723,0.13728,0.235749,999,,,,,,,172.00000000000003,5.058823529411765,176,5.176470588235294,,,,,,,,,,,,,,,,,,,"Jonathan Loaisiga","19753",642528
"Caden Dana","LAA",3,4,3,4.96956,18,9,0,0,,58,251,55,35,32,10,26,,3,50,7.85501,4.05387,1.93766,1.506,0.199959,0.103196,0.0967627540230751,0.247253,1.40627,0.279046,0.687781,,,5.03155,0.136672,0.224608,999,,,,,,,176.20000000000005,3.0379310344827593,173,2.9827586206896552,,,,,,,,,,,,,,,,,,,"Caden Dana","31508",702674
"Brennan Bernardino","COL",2,2,0,4.4701,34,0,1,6,,34,149,34,18,17,4,14,,2,30,7.9395,3.78439,2.09796,1.01661,0.200416,0.0955293,0.10488707572221756,0.255838,1.42093,0.304421,0.697711,,,4.28275,0.13435,0.191765,999,,,,,,,155.00000000000003,4.558823529411765,159,4.676470588235294,,,,,,,,,,,,,,,,,,,"Brennan Bernardino","16835",657514
"Kyle Hurt","LAD",2,1,0,3.93939,30,0,0,6,,30,129,26,14,13,3,14,,2,33,10.0086,4.33173,2.31052,1.02219,0.258643,0.111941,0.1467016637325287,0.227288,1.33726,0.292239,0.731157,,,3.95825,0.134212,0.10021,999,,,,,,,159.5,5.316666666666666,153,5.1,,,,,,,,,,,,,,,,,,,"Kyle Hurt","27514",669165
"Kendry Rojas","MIN",2,2,1,4.41144,20,3,0,0,,31,140,32,17,15,4,15,,1,28,8.08811,4.25834,1.89936,1.08573,0.202801,0.106774,0.09602764993906021,0.256116,1.47505,0.304663,0.721403,,,4.43415,0.134115,0.194923,999,,,,,,,104.99999999999999,3.387096774193548,111,3.5806451612903225,,,,,,,,,,,,,,,,,,,"Kendry Rojas","29423",696070
"Taylor Rogers","MIN",2,2,0,4.12144,32,0,1,6,,32,137,30,16,15,4,13,,2,32,8.94153,3.63967,2.45669,1.10389,0.23107,0.0940575,0.13701223582029343,0.241598,1.33198,0.295582,0.718993,,,4.0933,0.133604,0.0841651,415.510009765625,,,,,,,157.60000000000002,4.925000000000001,156,4.875,,,,,,,,,,,,,,,,,,,"Taylor Rogers","13449",573124
"Tommy Nance","TOR",1,1,0,3.6827,28,0,0,3,,28,117,26,12,11,3,9,,1,27,8.90602,2.87024,3.10289,0.900823,0.235605,0.075931,0.15967433154582977,0.241117,1.2435,0.300368,0.723898,,,3.52348,0.131572,0.126734,999,,,,,,,138.70000000000005,4.95357142857143,137,4.892857142857143,,,,,,,,,,,,,,,,,,,"Tommy Nance","19178",667297
"Brock Stewart","LAD",1,1,0,3.81201,25,0,0,2,,25,105,21,12,11,3,10,,1,30,10.6597,3.69487,2.88499,1.11934,0.281854,0.0976968,0.18415744602680206,0.220256,1.23253,0.287891,0.729531,,,3.76357,0.127569,0.0341292,999,,,,,,,128.5,5.14,121,4.84,,,,,,,,,,,,,,,,,,,"Brock Stewart","16727",592779
"Anthony Nunez","BAL",2,2,0,4.11712,33,0,1,7,,33,140,29,16,15,4,14,,2,36,9.70759,3.76734,2.57678,1.11053,0.253364,0.0983261,0.15503835678100586,0.231208,1.29375,0.291027,0.710538,,,3.96792,0.126312,0.0983532,999,,,,,,,176.60000000000005,5.351515151515153,170,5.151515151515151,,,,,,,,,,,,,,,,,,,"Anthony Nunez","25796",689296
"Trey Gibson","BAL",1,1,1,4.51019,11,3,0,0,,21,94,21,12,11,3,9,,1,18,7.43818,3.71305,2.00325,1.09044,0.188798,0.0942456,0.09455204755067825,0.256595,1.41698,0.297715,0.699296,,,4.41639,0.124869,0.110625,999,,,,,,,69.9,3.3285714285714287,72,3.4285714285714284,,,,,,,,,,,,,,,,,,,"Trey Gibson","33794",694346
"Yimi García","TOR",2,2,0,3.82826,30,0,0,6,,30,125,25,14,13,4,11,,2,33,9.79681,3.39634,2.88452,1.12569,0.260296,0.090239,0.17005708813667297,0.223867,1.21673,0.281684,0.724235,,,3.85154,0.124204,0.121788,999,,,,,,,158.8,5.293333333333334,149,4.966666666666667,,,,,,,,,,,,,,,,,,,"Yimi Garcia","12095",554340
"Enyel De Los Santos","HOU",2,2,0,4.21642,35,0,1,9,,35,148,31,18,16,5,12,,2,34,8.70002,3.17798,2.7376,1.31282,0.229963,0.0840018,0.1459614410996437,0.235265,1.24835,0.278298,0.707879,,,4.26292,0.123127,0.0689938,999,,,,,,,183.9,5.2542857142857144,177,5.057142857142857,,,,,,,,,,,,,,,,,,,"Enyel De Los Santos","18403",660853
"Tyler Wells","BAL",1,2,0,4.16932,34,0,1,7,,34,138,30,17,16,6,9,,1,31,8.30591,2.29822,3.61406,1.49327,0.224854,0.0622164,0.16263724863529205,0.237611,1.16231,0.271624,0.708335,,,4.27835,0.12286,0.0835165,748.469970703125,,,,,,,164.8,4.847058823529412,157,4.617647058823529,,,,,,,,,,,,,,,,,,,"Tyler Wells","20000",669330
"Greg Weissert","BOS",2,2,0,4.15457,36,0,1,8,,36,152,34,18,16,5,13,,2,32,8.17438,3.1816,2.56926,1.15286,0.212989,0.0828988,0.13009007275104523,0.246993,1.30802,0.29221,0.714335,,,4.15326,0.122511,0.188377,999,,,,,,,172.50000000000003,4.791666666666668,171,4.75,,,,,,,,,,,,,,,,,,,"Greg Weissert","20375",669711
"Sam Aldegheri","LAA",2,4,2,5.05126,22,5,0,0,,48,215,49,29,27,7,22,,4,36,6.78718,4.20895,1.61256,1.33823,0.168508,0.104497,0.06401083618402481,0.259244,1.48608,0.287456,0.685512,,,5.17047,0.120539,0.0510851,999,,,,,,,135.70000000000002,2.827083333333334,143,2.9791666666666665,,,,,,,,,,,,,,,,,,,"Sam Aldegheri","26443",691951
"Johan Oviedo","BOS",1,1,1,4.2485,14,2,0,0,,23,98,20,12,11,3,10,,2,22,8.68251,3.97303,2.18536,1.21891,0.223751,0.102386,0.12136484682559967,0.234608,1.33342,0.280011,0.717178,,,4.46501,0.119874,0.177197,536.780029296875,,,,,,,89.30000000000001,3.8826086956521744,84,3.652173913043478,,,,,,,,,,,,,,,,,,,"Johan Oviedo","22487",670912
"Mitchell Parker","WSN",2,3,1,4.70631,31,2,0,4,,41,178,43,23,22,6,14,,1,33,7.14787,2.96392,2.41163,1.27627,0.184798,0.076628,0.10817030072212219,0.261258,1.35845,0.295467,0.681131,,,4.43575,0.119788,-0.00558591,999,,,,,,,154.8,3.775609756097561,164,4,,,,,,,,,,,,,,,,,,,"Mitchell Parker","27636",680730
"Ty Johnson","TBR",1,1,1,4.29705,2,2,0,0,,10,44,9,5,5,2,4,,1,10,8.81397,3.37963,2.60797,1.30925,0.231993,0.0889551,0.14303751289844513,0.230797,1.24865,0.273729,0.698269,,,4.35218,0.117443,0.136441,999,,,,,,,31,3.1,29,2.9,,,,,,,,,,,,,,,,,,,"Ty Johnson","sa3023410",694494
"Riley Cornelio","WSN",2,3,2,5.14593,19,6,0,0,,45,199,46,28,26,7,22,,2,37,7.35723,4.3825,1.67877,1.33603,0.183473,0.10929,0.07418304681777954,0.260316,1.51106,0.295016,0.682587,,,4.96411,0.116421,-0.067836,999,,,,,,,129.3,2.8733333333333335,136,3.022222222222222,,,,,,,,,,,,,,,,,,,"Riley Cornelio","31953",683000
"Brock Burke","CIN",2,2,0,4.35743,36,0,2,9,,36,154,34,19,17,5,14,,1,33,8.3754,3.56597,2.3487,1.24575,0.216603,0.0922224,0.12438061833381653,0.246515,1.34827,0.291309,0.712014,,,4.34603,0.116378,0.0844873,999,,,,,,,183.50000000000003,5.097222222222223,182,5.055555555555555,,,,,,,,,,,,,,,,,,,"Brock Burke","17968",656271
"Clayton Beeter","WSN",1,2,0,4.04365,35,0,13,3,,35,152,29,17,16,4,19,,2,38,9.89717,4.90543,2.01759,1.02143,0.254025,0.125905,0.12812021374702454,0.222339,1.3761,0.284229,0.729319,,,4.15487,0.115478,0.205962,307.1400146484375,,,,,,,224.4,6.411428571428572,213,6.085714285714285,,,,,,,,,,,,,,,,,,,"Clayton Beeter","27494",690925
"Dax Fulton","MIA",2,2,1,4.59479,18,3,0,0,,30,135,30,17,15,3,15,,2,25,7.59048,4.6208,1.64268,0.970565,0.187947,0.114415,0.07353180646896362,0.257437,1.52228,0.303615,0.705427,,,4.52565,0.115293,0.049409,999,,,,,,,106.1,3.5366666666666666,110,3.6666666666666665,,,,,,,,,,,,,,,,,,,"Dax Fulton","27757",690978
"Danny Coulombe","BOS",1,1,0,3.97157,33,0,0,6,,33,140,30,16,14,4,13,,1,30,8.3392,3.67706,2.2679,1.05651,0.2173,0.0958157,0.12148460000753403,0.238614,1.32054,0.286027,0.727284,,,4.10408,0.114679,0.143636,999,,,,,,,159.00000000000006,4.81818181818182,155,4.696969696969697,,,,,,,,,,,,,,,,,,,"Danny Coulombe","13293",543056
"Peyton Gray","TEX",2,2,0,4.03192,30,0,0,5,,30,128,28,15,14,4,11,,1,29,8.72581,3.30475,2.64039,1.09522,0.229399,0.0868809,0.14251838624477386,0.238614,1.27917,0.289402,0.714486,,,3.96117,0.114641,0.0416342,999,,,,,,,142,4.733333333333333,140,4.666666666666667,,,,,,,,,,,,,,,,,,,"Peyton Gray","25310",682608
"Huascar Brazobán","NYM",2,1,0,4.02875,34,0,1,7,,34,147,30,17,15,4,15,,2,32,8.37366,4.05643,2.06429,0.937762,0.217104,0.105171,0.11193297058343887,0.229771,1.31881,0.278441,0.709541,,,4.121,0.114379,0.010697,999,,,,,,,170.40000000000003,5.011764705882354,164,4.823529411764706,,,,,,,,,,,,,,,,,,,"Huascar Brazoban","6107",623211
"Matt Svanson","STL",1,1,0,3.86313,31,0,0,6,,31,132,29,14,13,3,12,,2,29,8.42811,3.51519,2.39762,0.888985,0.219316,0.0914724,0.12784407287836075,0.242083,1.31558,0.296586,0.721162,,,3.86269,0.11203,0.120321,528.7999877929688,,,,,,,157.09999999999997,5.06774193548387,156,5.032258064516129,,,,,,,,,,,,,,,,,,,"Matt Svanson","29629",694335
"Eduard Bazardo","SEA",2,1,0,3.88783,34,0,1,8,,34,142,30,16,15,4,12,,1,33,8.76766,3.15317,2.78059,1.15116,0.233406,0.0839413,0.14946497976779938,0.231474,1.22682,0.278859,0.722763,,,3.98128,0.111929,0.0970759,999,,,,,,,188.40000000000003,5.541176470588236,182,5.352941176470588,,,,,,,,,,,,,,,,,,,"Eduard Bazardo","20997",660825
"Sam Bachman","LAA",2,3,0,4.15588,36,0,5,6,,36,155,32,18,16,4,17,,2,33,8.35834,4.3247,1.9327,0.92867,0.213111,0.110266,0.10284501314163208,0.238082,1.38983,0.289201,0.71297,,,4.20457,0.10866,0.207321,999,,,,,,,192.00000000000006,5.333333333333335,186,5.166666666666667,,,,,,,,,,,,,,,,,,,"Sam Bachman","29754",696147
"Jesse Scholtens","TBR",1,1,1,4.71771,8,2,0,0,,18,75,18,10,9,3,6,,1,15,7.5125,2.94851,2.5479,1.45247,0.194292,0.0762557,0.11803629249334335,0.258774,1.34354,0.291671,0.692349,,,4.64441,0.1084,0.0675721,999,,,,,,,58.500000000000014,3.250000000000001,60,3.3333333333333335,,,,,,,,,,,,,,,,,,,"Jesse Scholtens","19205",669947
"Cade Povich","BAL",1,1,1,4.42196,11,2,0,0,,18,77,17,10,9,3,7,,1,17,8.63411,3.31976,2.60082,1.29189,0.224268,0.0862296,0.13803830742835999,0.248377,1.33049,0.295471,0.705104,,,4.27048,0.108332,0.0457113,999,,,,,,,62.10000000000001,3.4500000000000006,61,3.388888888888889,,,,,,,,,,,,,,,,,,,"Cade Povich","30055",700249
"Keaton Winn","SFG",1,2,0,4.09762,26,1,0,0,,30,129,29,15,14,3,10,,1,27,7.88514,2.93913,2.68282,0.933274,0.206503,0.0769724,0.12953050434589386,0.247725,1.28484,0.295858,0.693149,,,3.82402,0.105707,0.00562452,999,,,,,,,130.7,4.3566666666666665,132,4.4,,,,,,,,,,,,,,,,,,,"Keaton Winn","23499",676775
"Daniel Lynch IV","KCR",2,1,0,4.08958,36,0,2,8,,36,152,34,18,16,4,12,,2,29,7.36352,3.07976,2.39094,1.07462,0.191749,0.0801982,0.11155065149068832,0.248262,1.30323,0.286906,0.712387,,,4.20838,0.104676,0.210317,999,,,,,,,186.80000000000004,5.18888888888889,186,5.166666666666667,,,,,,,,,,,,,,,,,,,"Daniel Lynch IV","21537",663738
"Alex Lange","KCR",2,2,0,4.10337,34,0,10,4,,34,151,30,17,16,3,18,,2,36,9.35022,4.82947,1.93607,0.904571,0.236404,0.122105,0.1142992377281189,0.232551,1.41839,0.294558,0.722258,,,4.14235,0.103621,0.258089,999,,,,,,,214.70000000000005,6.314705882352943,209,6.147058823529412,,,,,,,,,,,,,,,,,,,"Alex Lange","19883",656638
"Grant Wolfram","BAL",2,2,0,4.04266,27,0,0,2,,27,118,26,13,12,3,11,,1,27,8.88061,3.48811,2.54597,0.907449,0.229353,0.090085,0.13926823437213898,0.246758,1.34087,0.307115,0.710692,,,3.75909,0.103386,0.0433018,999,,,,,,,121.30000000000001,4.492592592592593,122,4.518518518518518,,,,,,,,,,,,,,,,,,,"Grant Wolfram","21623",664991
"Calvin Faucher","MIA",2,2,0,4.12928,33,0,1,7,,33,146,31,17,15,3,17,,1,34,9.05121,4.47789,2.02131,0.920137,0.229702,0.11364,0.11606213450431824,0.241815,1.42513,0.302547,0.722642,,,4.04954,0.102418,0.040494,999,,,,,,,173.70000000000005,5.2636363636363654,173,5.242424242424242,,,,,,,,,,,,,,,,,,,"Calvin Faucher","20116",676534
"Jonathan Bowlan","PHI",2,1,0,4.08838,33,0,0,7,,33,140,31,16,15,5,11,,1,32,8.65398,3.05897,2.82905,1.26858,0.228005,0.0805939,0.1474105715751648,0.242575,1.27185,0.288747,0.724126,,,4.14011,0.102142,0.109492,999,,,,,,,158.10000000000005,4.790909090909093,156,4.7272727272727275,,,,,,,,,,,,,,,,,,,"Jonathan Bowlan","24607",680742
"Trevor Williams","WSN",1,2,1,4.66144,17,2,0,0,,26,113,28,15,14,4,8,,1,21,7.2298,2.69194,2.68572,1.33924,0.187007,0.0696302,0.1173771396279335,0.265039,1.3485,0.29947,0.688951,,,4.44145,0.100942,0.0486751,999,,,,,,,85.39999999999999,3.2846153846153845,93,3.576923076923077,,,,,,,,,,,,,,,,,,,"Trevor Williams","16977",592866
"Tyson Hardin","MIL",0,0,1,4.06043,2,2,0,0,,7,32,7,4,3,1,3,,0,7,8.52559,3.08767,2.76117,1.17259,0.223335,0.0808844,0.14245108515024185,0.236905,1.25599,0.281933,0.720585,,,4.06824,0.100797,0.031119,999,,,,,,,26.300000000000015,3.7571428571428593,27,3.857142857142857,,,,,,,,,,,,,,,,,,,"Tyson Hardin","sa3025574",824620
"Zach Thornton","NYM",0,0,1,4.15184,7,2,0,0,,13,56,12,6,6,2,5,,1,12,8.67589,3.57081,2.42967,1.12997,0.22059,0.0907901,0.1297999769449234,0.232649,1.30916,0.277816,0.711886,,,4.15383,0.0998516,0.0163412,999,,,,,,,46.39999999999999,3.5692307692307685,45,3.4615384615384617,,,,,,,,,,,,,,,,,,,"Zach Thornton","33891",804267
"Anthony Banda","MIN",2,1,0,4.25535,34,0,2,7,,34,148,31,18,16,4,16,,2,33,8.68616,4.10934,2.11376,1.04898,0.222648,0.105333,0.11731547862291336,0.237922,1.3651,0.289369,0.708171,,,4.23869,0.0996596,0.0453684,999,,,,,,,171.80000000000004,5.05294117647059,168,4.9411764705882355,,,,,,,,,,,,,,,,,,,"Anthony Banda","14706",607455
"Ryan Ramsey","KCR",0,0,1,4.06043,2,2,0,0,,7,31,7,3,3,1,2,,0,7,8.52559,3.08767,2.76117,1.17259,0.223335,0.0808844,0.14245107024908066,0.236905,1.25599,0.281933,0.720585,,,4.06824,0.0993903,0.153499,999,,,,,,,29.300000000000015,4.185714285714288,30,4.285714285714286,,,,,,,,,,,,,,,,,,,"Ryan Ramsey","sa3020605",687547
"Elvis Alvarado","ATH",2,2,0,4.26151,36,0,9,5,,36,156,32,19,17,5,18,,2,38,9.4322,4.48953,2.10093,1.13708,0.24156,0.114977,0.12658235430717468,0.232617,1.37828,0.288955,0.718833,,,4.32506,0.0993557,0.120386,748.52001953125,,,,,,,202.70000000000005,5.630555555555556,196,5.444444444444445,,,,,,,,,,,,,,,,,,,"Elvis Alvarado","21662",665660
"Ethan Pecko","HOU",0,0,1,4.06043,2,2,0,0,,7,30,6,3,3,1,2,,0,7,8.52559,3.08767,2.76117,1.17259,0.223335,0.0808844,0.14245107024908066,0.236905,1.25599,0.281933,0.720585,,,4.06824,0.0988168,0.142385,999,,,,,,,31.900000000000013,4.557142857142859,30,4.285714285714286,,,,,,,,,,,,,,,,,,,"Ethan Pecko","sa3022997",814490
"Jaden Hill","COL",1,2,0,4.56068,31,0,1,6,,31,136,30,17,16,4,13,,2,30,8.80014,3.89603,2.25875,1.09016,0.223181,0.0988073,0.12437335401773453,0.248333,1.39429,0.303075,0.688721,,,4.25337,0.0972969,0.0900255,999,,,,,,,146.2,4.716129032258064,147,4.741935483870968,,,,,,,,,,,,,,,,,,,"Jaden Hill","30250",677955
"Quinn Mathews","STL",1,1,1,4.35266,7,3,0,0,,19,86,17,10,9,2,12,,1,18,8.40103,5.43123,1.5468,0.983523,0.20887,0.135034,0.0738365650177002,0.238216,1.51345,0.288307,0.726055,,,4.60587,0.0969566,0.126081,999,,,,,,,68.8,3.621052631578947,66,3.473684210526316,,,,,,,,,,,,,,,,,,,"Quinn Mathews","sa3023407",687273
"Tim Mayza","PHI",1,1,0,4.02636,31,0,0,5,,31,132,30,15,14,4,10,,1,27,7.71991,3.01231,2.56279,1.0251,0.201375,0.0785763,0.12279823422431946,0.250539,1.30749,0.295037,0.715325,,,4.00044,0.0954085,0.0876857,999,,,,,,,143.2,4.619354838709677,144,4.645161290322581,,,,,,,,,,,,,,,,,,,"Tim Mayza","15042",641835
"Taijuan Walker","LAA",1,2,1,5.24839,4,4,0,0,,20,88,22,13,12,3,8,,1,14,6.15784,3.39174,1.81554,1.48028,0.155543,0.085673,0.06986982375383377,0.269701,1.45153,0.290241,0.669524,,,5.11718,0.094,-0.0114485,748.25,,,,,,,54.89999999999999,2.7449999999999997,62,3.1,,,,,,,,,,,,,,,,,,,"Taijuan Walker","11836",592836
"Mitch Spence","KCR",1,1,1,4.72906,15,2,0,0,,26,112,27,15,13,4,9,,1,19,6.81132,3.08515,2.20777,1.25298,0.173319,0.0785039,0.09481494128704071,0.268227,1.40944,0.301051,0.690221,,,4.57104,0.0938696,0.0433483,999,,,,,,,80.99999999999999,3.115384615384615,86,3.3076923076923075,,,,,,,,,,,,,,,,,,,"Mitch Spence","27707",687765
"Cal Quantrill","TEX",2,3,1,4.78318,30,2,0,4,,39,168,39,23,21,6,13,,2,30,6.97126,3.05217,2.28403,1.28881,0.179885,0.0787579,0.10112758725881577,0.256107,1.34098,0.286784,0.669271,,,4.59981,0.0935493,0.0237742,999,,,,,,,144.4,3.7025641025641027,148,3.7948717948717947,,,,,,,,,,,,,,,,,,,"Cal Quantrill","19312",615698
"Seth Halvorsen","COL",2,2,0,4.64857,34,0,2,7,,34,152,34,19,18,4,17,,1,32,8.26637,4.3682,1.8924,1.11026,0.207953,0.109889,0.0980643704533577,0.25212,1.46636,0.301015,0.69952,,,4.44905,0.0924218,0.12914,712.510009765625,,,,,,,162.00000000000003,4.764705882352942,166,4.882352941176471,,,,,,,,,,,,,,,,,,,"Seth Halvorsen","33294",678020
"Cam Booser","TBR",2,2,0,4.206,32,0,1,7,,32,140,29,17,15,5,15,,1,35,9.64137,4.09884,2.35222,1.32726,0.249262,0.105969,0.1432928889989853,0.233849,1.34363,0.287165,0.73486,,,4.37819,0.0917849,0.00555174,999,,,,,,,154.9,4.840625,150,4.6875,,,,,,,,,,,,,,,,,,,"Cam Booser","16061",592155
"Hoby Milner","CHC",1,1,0,4.05226,32,0,0,7,,32,137,32,16,15,4,9,,2,25,7.06873,2.60239,2.71625,0.995838,0.185355,0.0682393,0.11711583286523819,0.253998,1.27995,0.29292,0.702681,,,3.98222,0.0914981,0.0216837,999,,,,,,,149.40000000000003,4.668750000000001,153,4.78125,,,,,,,,,,,,,,,,,,,"Hoby Milner","13346",571948
"Clarke Schmidt","NYY",1,1,0,3.89308,5,1,0,0,,9,40,8,4,4,1,3,,0,9,8.85786,3.2624,2.71513,1.18144,0.235115,0.0865944,0.14852100610733032,0.231009,1.23667,0.278378,0.727987,,,4.0487,0.0903985,0.131837,999,,,,,,,42.500000000000014,4.722222222222224,41,4.555555555555555,,,,,,,,,,,,,,,,,,,"Clarke Schmidt","19899",657376
"Austin Peterson","CLE",1,1,1,4.49734,8,2,0,0,,16,69,17,9,8,2,5,,1,13,6.98021,2.51994,2.76999,1.32201,0.181495,0.065522,0.11597303301095963,0.262637,1.31649,0.294179,0.696167,,,4.44371,0.0880983,0.110429,999,,,,,,,57.60000000000001,3.6000000000000005,62,3.875,,,,,,,,,,,,,,,,,,,"Austin Peterson","sa3020868",804926
"Jonathan Cannon","CHW",1,2,1,5.03196,13,3,0,0,,26,113,27,16,14,4,10,,1,19,6.72296,3.37432,1.99239,1.46738,0.170284,0.0854672,0.08481687307357788,0.265218,1.42528,0.290893,0.682993,,,5.00972,0.0859957,-0.00871087,999,,,,,,,77.99999999999999,2.9999999999999996,83,3.1923076923076925,,,,,,,,,,,,,,,,,,,"Jonathan Cannon","31730",686563
"John King","MIA",2,1,0,4.06377,32,0,1,6,,32,138,33,16,15,3,10,,1,22,6.27726,2.77999,2.25802,0.875908,0.162342,0.0718956,0.0904461070895195,0.262956,1.34709,0.298369,0.707193,,,4.01959,0.0858707,0.0633737,999,,,,,,,154.10000000000002,4.815625000000001,161,5.03125,,,,,,,,,,,,,,,,,,,"John King","22051",667463
"Justin Sterner","ATH",2,2,0,4.24615,34,0,2,7,,34,145,31,18,16,5,12,,2,34,8.87165,3.11524,2.84782,1.35532,0.233539,0.0820062,0.1515326425433159,0.238609,1.25667,0.283595,0.711244,,,4.30585,0.085344,0.0572728,547.0499877929688,,,,,,,173.50000000000003,5.102941176470589,169,4.970588235294118,,,,,,,,,,,,,,,,,,,"Justin Sterner","27694",686993
"Jeremiah Estrada","SDP",2,1,0,3.48149,27,0,0,0,,27,112,21,11,11,3,11,,1,35,11.4811,3.76047,3.05309,1.15289,0.309121,0.101249,0.20787226408720016,0.207349,1.17906,0.279224,0.758801,,,3.58556,0.0844522,0.0592659,623.5800170898438,,,,,,,142.3,5.270370370370371,130,4.814814814814815,,,,,,,,,,,,,,,,,,,"Jeremiah Estrada","22210",669093
"Jack Dreyer","LAD",1,1,0,3.79091,28,0,0,4,,28,115,24,13,12,3,9,,1,28,8.97052,3.02952,2.96103,1.06728,0.240285,0.081149,0.15913579612970352,0.230199,1.20681,0.282042,0.719619,,,3.75683,0.0830757,0.0237176,999,,,,,,,149.90000000000003,5.3535714285714295,143,5.107142857142857,,,,,,,,,,,,,,,,,,,"Jack Dreyer","30249",676263
"Cole Sulser","TBR",2,1,0,4.19456,31,0,1,6,,31,133,29,16,15,4,11,,1,28,8.00875,3.22169,2.48588,1.18,0.210063,0.0845021,0.1255604326725006,0.24279,1.29102,0.284168,0.708313,,,4.20901,0.080691,0.0330919,999,,,,,,,153.79999999999998,4.961290322580645,152,4.903225806451613,,,,,,,,,,,,,,,,,,,"Cole Sulser","15256",642121
"Jack Wenninger","NYM",1,1,1,4.50157,5,2,0,0,,13,58,13,7,7,2,5,,1,11,7.45212,3.41957,2.17925,1.24967,0.191101,0.0876909,0.1034097895026207,0.25406,1.37107,0.290454,0.703169,,,4.54925,0.0806419,0.0854134,999,,,,,,,41.8,3.215384615384615,43,3.3076923076923075,,,,,,,,,,,,,,,,,,,"Jack Wenninger","sa3023282",811307
"Ryan Johnson","LAA",1,1,0,4.54922,13,1,0,0,,18,76,18,10,9,2,6,,1,16,8.03562,3.17332,2.53224,1.27905,0.20724,0.0818403,0.12539943307638168,0.257191,1.36015,0.300231,0.69819,,,4.33893,0.0806267,-0.00572699,999,,,,,,,72.80000000000003,4.044444444444446,75,4.166666666666667,,,,,,,,,,,,,,,,,,,"Ryan Johnson","35325",696270
"Brody Hopkins","TBR",1,1,1,4.84978,3,3,0,0,,15,68,14,9,8,2,8,,1,13,7.83499,4.83154,1.62163,1.23964,0.196154,0.120961,0.07519327104091644,0.242057,1.46618,0.279615,0.691451,,,4.95076,0.0796491,0.0581537,999,,,,,,,49.00000000000001,3.266666666666667,48,3.2,,,,,,,,,,,,,,,,,,,"Brody Hopkins","sa3023515",811315
"Ryne Stanek","STL",2,2,0,4.24018,34,0,1,8,,34,150,30,18,16,4,18,,1,36,9.49432,4.6443,2.0443,1.10933,0.242728,0.118734,0.12399377673864365,0.231764,1.39536,0.289031,0.722329,,,4.2536,0.0793657,-0.0725554,745.9000244140625,,,,,,,176.40000000000003,5.188235294117648,170,5,,,,,,,,,,,,,,,,,,,"Ryne Stanek","15947",592773
"Tyler Davis","CHW",2,3,0,4.67279,34,0,1,6,,34,145,30,19,17,4,17,,1,31,8.401,4.62703,1.81563,0.986983,0.215139,0.118493,0.09664653241634369,0.233426,1.40022,0.282036,0.670475,,,4.29177,0.0784495,-0.0783592,999,,,,,,,161.40000000000003,4.747058823529413,155,4.5588235294117645,,,,,,,,,,,,,,,,,,,"Tyler Davis","34847",699823
"Brandon Eisert","CHW",2,2,0,4.19193,32,0,0,5,,32,136,30,16,15,4,12,,1,30,8.36399,3.34786,2.49831,1.18625,0.217728,0.08715,0.13057757914066315,0.245346,1.31805,0.291336,0.716157,,,4.19652,0.0782614,0.0634248,999,,,,,,,150.60000000000002,4.706250000000001,149,4.65625,,,,,,,,,,,,,,,,,,,"Brandon Eisert","27668",685126
"Blade Tidwell","SFG",1,1,0,4.41418,12,1,0,0,,17,74,16,9,8,2,7,,1,15,7.92532,3.60242,2.2,1.08088,0.203539,0.0925178,0.11102143675088882,0.248614,1.36311,0.293419,0.694574,,,4.26571,0.07698,0.0429966,999,,,,,,,65.60000000000002,3.858823529411766,65,3.823529411764706,,,,,,,,,,,,,,,,,,,"Blade Tidwell","31701",694918
"Mitch Bratt","ARI",0,0,0,4.06733,7,1,0,0,,10,44,10,5,5,1,3,,0,9,7.91367,2.48,3.191,1.15594,0.209347,0.0656055,0.14374130219221115,0.253744,1.26502,0.297755,0.71304,,,3.91823,0.0756256,0.115814,999,,,,,,,44.7,4.470000000000001,46,4.6,,,,,,,,,,,,,,,,,,,"Mitch Bratt","sa3017719",683352
"Jordan Wicks","CHC",1,1,0,4.19026,11,1,0,0,,15,65,15,8,7,2,5,,0,13,7.81226,3.00793,2.59722,1.10619,0.202601,0.0780068,0.12459423393011093,0.258709,1.3498,0.304185,0.716406,,,4.04324,0.0748878,0.00104089,999,,,,,,,58.400000000000006,3.8933333333333335,60,4,,,,,,,,,,,,,,,,,,,"Jordan Wicks","30094",696136
"Eric Lauer","LAD",2,2,1,4.86392,21,2,0,0,,31,135,31,18,17,6,11,,1,28,7.94967,3.12481,2.54404,1.67874,0.205853,0.0809156,0.12493733316659927,0.256066,1.34884,0.286827,0.700017,,,4.90103,0.0747179,0.0518923,720.5399780273438,,,,,,,94.99999999999997,3.064516129032257,97,3.129032258064516,,,,,,,,,,,,,,,,,,,"Eric Lauer","19316",641778
"Yohan Ramírez","PIT",2,2,0,4.25637,32,0,0,6,,32,142,30,17,15,3,14,,4,33,9.21081,3.97499,2.31719,0.958044,0.232968,0.100539,0.13242904841899872,0.240175,1.36149,0.301256,0.698939,,,4.13138,0.0746439,-0.0102943,999,,,,,,,157.9,4.934375,157,4.90625,,,,,,,,,,,,,,,,,,,"Yohan Ramirez","19444",670990
"Jake Bird","NYY",1,1,0,4.0609,28,0,0,3,,28,122,25,14,13,3,12,,2,29,9.31797,3.83644,2.42881,0.987113,0.24024,0.0989127,0.1413273811340332,0.23539,1.32213,0.295462,0.711705,,,3.97124,0.0731501,0.0205425,999,,,,,,,133.30000000000004,4.760714285714287,129,4.607142857142857,,,,,,,,,,,,,,,,,,,"Jake Bird","21267",656234
"Josh Stephan","TEX",1,1,1,4.59818,11,2,0,0,,18,79,19,10,9,3,6,,1,14,7.00132,2.70375,2.58948,1.36739,0.181192,0.0699721,0.11121949553489685,0.261911,1.33303,0.292317,0.694169,,,4.57652,0.0730923,0.0459665,999,,,,,,,53.90000000000001,2.9944444444444454,58,3.2222222222222223,,,,,,,,,,,,,,,,,,,"Josh Stephan","sa3015286",695776
"Dylan Smith","SFG",2,2,0,3.9972,32,0,1,7,,32,139,29,16,14,3,14,,2,28,7.92954,3.81465,2.07871,0.929496,0.204864,0.0985537,0.10631049424409866,0.238104,1.33327,0.284345,0.715512,,,4.12928,0.0728792,0.01339,999,,,,,,,165.5,5.171875,162,5.0625,,,,,,,,,,,,,,,,,,,"Dylan Smith","30145",681916
"Tim Hill","NYY",2,2,0,4.10741,35,0,0,8,,35,149,37,17,16,3,10,,2,20,5.16115,2.57313,2.00579,0.885354,0.13322,0.0664181,0.06680235266685486,0.267685,1.3496,0.292358,0.704309,,,4.22959,0.0722508,0.142937,999,,,,,,,161.90000000000003,4.625714285714286,172,4.914285714285715,,,,,,,,,,,,,,,,,,,"Tim Hill","16814",657612
"Carson Seymour","SFG",1,2,1,4.29602,16,2,0,0,,25,110,25,13,12,3,10,,1,20,7.19629,3.62949,1.98273,1.01753,0.183149,0.0923724,0.09077677130699158,0.255587,1.4024,0.295702,0.710187,,,4.3455,0.0722322,0.0600214,999,,,,,,,90.1,3.6039999999999996,93,3.72,,,,,,,,,,,,,,,,,,,"Carson Seymour","30084",693313
"John Schreiber","KCR",2,2,0,4.29216,33,0,0,7,,33,141,31,17,16,4,12,,2,29,7.89772,3.42921,2.30307,1.09175,0.204535,0.0888096,0.11572550982236862,0.245763,1.32923,0.289189,0.699371,,,4.22327,0.071957,0.0764686,999,,,,,,,158.40000000000006,4.800000000000002,157,4.757575757575758,,,,,,,,,,,,,,,,,,,"John Schreiber","20020",670167
"Tyler Kinley","ATL",2,1,0,4.15738,27,0,0,2,,27,114,23,14,12,4,11,,1,29,9.55095,3.70053,2.58097,1.17548,0.25123,0.0973396,0.15389076620340347,0.230268,1.27948,0.286037,0.708885,,,4.04003,0.0714147,-0.00977477,999,,,,,,,120.80000000000003,4.474074074074075,113,4.185185185185185,,,,,,,,,,,,,,,,,,,"Tyler Kinley","18297",641755
"Germán Márquez","SDP",2,3,2,5.25063,19,6,0,0,,42,185,46,27,25,7,16,,2,31,6.63327,3.3092,2.00449,1.52964,0.168622,0.0841222,0.08450014889240265,0.273269,1.45112,0.298743,0.673427,,,5.05899,0.0708876,-0.133651,743.3200073242188,,,,,,,113.10000000000002,2.6928571428571435,127,3.0238095238095237,,,,,,,,,,,,,,,,,,,"German Marquez","15038",608566
"Cody Laweryson","MIN",1,2,0,4.20559,27,0,0,3,,27,117,26,14,13,3,10,,1,25,8.22071,3.2554,2.52525,1.05699,0.213608,0.0845886,0.1290190890431404,0.245666,1.31072,0.293616,0.700338,,,4.04425,0.0704285,0.00759951,999,,,,,,,124.30000000000001,4.6037037037037045,125,4.62962962962963,,,,,,,,,,,,,,,,,,,"Cody Laweryson","26429",689520
"Edwin Díaz","LAD",1,1,0,3.22085,16,0,0,0,,16,63,11,6,6,2,6,,1,21,12.2051,3.41896,3.56984,0.936358,0.332631,0.0931781,0.23945268243551254,0.199568,1.10475,0.28583,0.746285,,,3.07961,0.0695912,0.0583758,33,,,,,,,86.20000000000002,5.387500000000001,75,4.6875,,,,,,,,,,,,,,,,,,,"Edwin Diaz","14710",621242
"Drew Thorpe","CHW",1,1,1,4.76678,2,2,0,0,,10,42,10,6,5,2,4,,0,7,6.82254,3.39651,2.00869,1.4224,0.176293,0.0877652,0.08852794766426086,0.253207,1.36405,0.278007,0.68985,,,4.85343,0.069348,0.0352642,999,,,,,,,25.4,2.54,26,2.6,,,,,,,,,,,,,,,,,,,"Drew Thorpe","31967",689672
"Eric Orze","MIN",1,2,0,4.34426,31,0,1,5,,31,134,28,16,15,4,14,,2,29,8.49229,4.19677,2.02353,1.04927,0.21641,0.106947,0.10946319997310638,0.240476,1.38683,0.290466,0.704603,,,4.33023,0.069156,0.0317113,999,,,,,,,142.39999999999998,4.5935483870967735,138,4.451612903225806,,,,,,,,,,,,,,,,,,,"Eric Orze","27626",679358
"Sawyer Gipson-Long","DET",0,1,0,4.28749,7,1,0,0,,10,44,10,5,5,1,3,,1,9,7.65059,2.37323,3.2237,1.28212,0.202135,0.0627027,0.139431931078434,0.250941,1.23856,0.287799,0.693615,,,4.21848,0.0691535,0.0187527,999,,,,,,,41.7,4.17,43,4.3,,,,,,,,,,,,,,,,,,,"Sawyer Gipson-Long","26048",687830
"Yoendrys Gómez","MIN",2,1,0,4.45743,35,0,9,4,,35,152,32,19,17,5,16,,2,35,8.9542,3.9958,2.2409,1.23198,0.230501,0.102861,0.12764013558626175,0.236211,1.34393,0.284923,0.699125,,,4.4137,0.068733,-0.0177019,999,,,,,,,191.3,5.465714285714286,187,5.3428571428571425,,,,,,,,,,,,,,,,,,,"Yoendrys Gomez","22872",672782
"Brent Suter","LAA",1,1,0,4.18103,33,0,0,6,,33,139,33,17,15,4,10,,1,27,7.29445,2.77959,2.62429,1.12005,0.190452,0.072573,0.11787935346364975,0.255607,1.30807,0.294113,0.708314,,,4.14102,0.0681823,0.0409694,999,,,,,,,154.20000000000005,4.672727272727274,158,4.787878787878788,,,,,,,,,,,,,,,,,,,"Brent Suter","13942",608718
"Wilber Dotel","PIT",2,2,1,4.72273,21,2,0,0,,31,135,31,18,16,4,13,,2,26,7.53404,3.72055,2.02498,1.25675,0.190858,0.0942518,0.09660635888576508,0.257347,1.42178,0.295328,0.694294,,,4.64905,0.0675376,0.0152813,999,,,,,,,106.6,3.4387096774193546,110,3.5483870967741935,,,,,,,,,,,,,,,,,,,"Wilber Dotel","28901",696062
"Spencer Turnbull",,0,1,1,4.8915,2,2,0,0,,10,45,11,6,6,1,4,,1,8,6.90761,3.95539,1.74638,1.2383,0.172895,0.0990021,0.0738929808139801,0.260996,1.46722,0.293521,0.687638,,,4.86294,0.0663291,0.02869,999,,,,,,,34.1,3.41,38,3.8,,,,,,,,,,,,,,,,,,,"Spencer Turnbull","16207",605513
"Mason Barnett","ATH",2,2,1,4.71915,35,2,1,7,,43,190,42,25,23,6,20,,2,38,7.85831,4.09536,1.91883,1.17785,0.199029,0.103724,0.09530515968799591,0.250318,1.42669,0.292176,0.688994,,,4.57614,0.0661728,-0.0335847,999,,,,,,,178.2,4.144186046511628,180,4.186046511627907,,,,,,,,,,,,,,,,,,,"Mason Barnett","31741",686930
"George Klassen","LAA",1,1,1,4.75032,13,2,0,0,,20,91,20,12,11,3,11,,1,18,8.1395,4.65058,1.75021,1.15438,0.203342,0.116181,0.08716065436601639,0.250708,1.4904,0.296526,0.69932,,,4.6555,0.0651189,0.0631562,999,,,,,,,59.099999999999994,2.9549999999999996,61,3.05,,,,,,,,,,,,,,,,,,,"George Klassen","33464",691946
"Antwone Kelly","PIT",0,0,0,4.24225,24,1,0,0,,27,121,25,14,13,3,12,,2,26,8.82455,4.04868,2.17961,1.08783,0.218029,0.100031,0.11799786239862442,0.228582,1.36176,0.273902,0.70414,,,4.23848,0.0642213,0.0394088,999,,,,,,,107.9,3.9962962962962965,106,3.925925925925926,,,,,,,,,,,,,,,,,,,"Antwone Kelly","29000",699008
"Mike Paredes","MIN",0,0,0,4.23086,16,1,0,0,,19,85,17,10,9,2,8,,1,19,8.80583,3.98848,2.20782,1.09314,0.218344,0.0988957,0.11944784224033356,0.229087,1.35513,0.274387,0.705073,,,4.22782,0.0636306,0.0432579,999,,,,,,,82.8,4.3578947368421055,80,4.2105263157894735,,,,,,,,,,,,,,,,,,,"Mike Paredes","30187",702474
"Simeon Woods Richardson","TOR",2,2,0,4.44283,28,1,0,0,,32,136,30,17,16,5,13,,1,28,7.91004,3.55762,2.2234,1.28947,0.204601,0.0920214,0.11257944256067276,0.247025,1.34996,0.285451,0.707677,,,4.50266,0.0634344,0.00155029,664.0399780273438,,,,,,,111.30000000000001,3.4781250000000004,109,3.40625,,,,,,,,,,,,,,,,,,,"Simeon Woods Richardson","24494",680573
"Cameron Weston","BAL",0,0,0,4.24104,23,1,0,0,,26,115,23,13,12,3,11,,1,25,8.82257,4.0423,2.18256,1.08839,0.218062,0.0999111,0.11815104633569717,0.228636,1.36106,0.273954,0.704238,,,4.23735,0.0631695,0.0175954,999,,,,,,,109.7,4.219230769230769,105,4.038461538461538,,,,,,,,,,,,,,,,,,,"Cameron Weston","31696",687721
"José Suarez","ATH",2,1,0,4.13001,28,0,0,3,,28,121,27,14,13,4,11,,1,27,8.68989,3.4621,2.51,1.13319,0.224587,0.0894768,0.13511019945144653,0.24837,1.34626,0.300588,0.724339,,,4.09352,0.0630555,0.0480112,999,,,,,,,117.80000000000005,4.207142857142859,118,4.214285714285714,,,,,,,,,,,,,,,,,,,"Jose Suarez","19911",660761
"Drew Rom","MIL",1,1,0,3.90652,30,0,0,4,,30,128,27,14,13,3,13,,1,31,9.21108,3.77341,2.44105,1.02973,0.238861,0.0978518,0.14100897312164307,0.237334,1.32483,0.295458,0.732433,,,3.95293,0.0616011,0.0221011,999,,,,,,,150.89999999999998,5.029999999999999,147,4.9,,,,,,,,,,,,,,,,,,,"Drew Rom","24602",680723
"Braydon Tucker","PHI",0,0,0,4.06043,1,1,0,0,,4,15,3,2,2,0,1,,0,3,8.52559,3.08767,2.76117,1.17259,0.223335,0.0808844,0.14245107024908066,0.236905,1.25599,0.281933,0.720585,,,4.06824,0.0608755,0.0516015,999,,,,,,,24.8,6.2,23,5.75,,,,,,,,,,,,,,,,,,,"Braydon Tucker","sa3023249",685319
"Thomas Pannone","MIL",0,0,0,4.20049,8,1,0,0,,11,50,10,6,5,1,5,,1,11,8.75589,3.82795,2.28736,1.1073,0.219194,0.0958284,0.12336529046297073,0.230443,1.33746,0.275691,0.70762,,,4.19938,0.0606189,0.0291927,999,,,,,,,47.10000000000001,4.281818181818182,46,4.181818181818182,,,,,,,,,,,,,,,,,,,"Thomas Pannone","17281",623381
"Kutter Crawford","BOS",1,1,0,4.31096,8,1,0,0,,12,52,12,6,6,2,4,,1,12,8.80447,2.73494,3.21925,1.43456,0.232958,0.0723641,0.16059424728155136,0.242621,1.23608,0.285744,0.706302,,,4.29201,0.0603396,0.0191877,999,,,,,,,42.000000000000014,3.5000000000000013,43,3.5833333333333335,,,,,,,,,,,,,,,,,,,"Kutter Crawford","20531",676710
"Gavin Stone","LAD",0,0,0,4.61862,1,1,0,0,,5,22,5,3,3,1,2,,0,4,7.57568,2.9189,2.59539,1.32735,0.19735,0.0760387,0.12131141126155853,0.256925,1.33048,0.29337,0.687431,,,4.38594,0.0597455,0.00946218,999,,,,,,,13.7,2.7399999999999998,14,2.8,,,,,,,,,,,,,,,,,,,"Gavin Stone","27792",694813
"Chase Silseth","LAA",1,2,0,4.17294,34,0,2,8,,34,150,31,17,16,4,17,,2,34,8.89641,4.42304,2.01138,1.08037,0.227269,0.112992,0.11427763104438782,0.23469,1.38383,0.286705,0.723698,,,4.32962,0.0594921,0.162232,999,,,,,,,174.80000000000004,5.141176470588237,171,5.029411764705882,,,,,,,,,,,,,,,,,,,"Chase Silseth","30074",681217
"Chad Dallas","TOR",1,1,0,4.36329,19,1,0,0,,23,101,23,12,11,3,9,,1,20,7.70524,3.35422,2.29718,1.25541,0.19859,0.0864498,0.11214058846235275,0.251429,1.3501,0.289759,0.712784,,,4.47704,0.0580604,0.0784258,999,,,,,,,83.50000000000001,3.6304347826086962,86,3.739130434782609,,,,,,,,,,,,,,,,,,,"Chad Dallas","30158",689149
"Steven Cruz","KCR",2,1,0,4.34333,31,0,0,6,,31,132,28,16,15,4,14,,1,30,8.80751,4.09114,2.15283,1.1075,0.226689,0.105298,0.12139049172401428,0.238188,1.36441,0.289453,0.704497,,,4.23891,0.0577086,0.0563024,999,,,,,,,146.39999999999998,4.7225806451612895,142,4.580645161290323,,,,,,,,,,,,,,,,,,,"Steven Cruz","23165",674444
"Hogan Harris","ATH",2,2,0,4.26065,37,0,4,7,,37,162,33,19,18,4,19,,2,37,8.879,4.68363,1.89575,1.03399,0.225116,0.118748,0.10636842250823975,0.236654,1.42248,0.290439,0.719627,,,4.33728,0.0575513,0.185368,618.1699829101562,,,,,,,197.8,5.345945945945946,192,5.1891891891891895,,,,,,,,,,,,,,,,,,,"Hogan Harris","21520",663687
"Yorman Gómez","CLE",0,0,0,4.22255,13,1,0,0,,16,71,14,8,7,2,7,,1,15,8.79216,3.94456,2.22893,1.09701,0.218575,0.0980623,0.12051220238208771,0.229456,1.3503,0.274742,0.705761,,,4.22004,0.0575368,0.05001,999,,,,,,,63.40000000000001,3.962500000000001,60,3.75,,,,,,,,,,,,,,,,,,,"Yorman Gomez","sa3015931",691414
"Paul Blackburn","NYY",2,2,0,4.4563,30,0,0,6,,30,129,30,16,15,4,10,,1,25,7.42689,3.01431,2.46387,1.1829,0.192535,0.0781434,0.11439201980829239,0.255933,1.33586,0.294319,0.692501,,,4.28839,0.0571245,-0.0268232,999,,,,,,,135.8,4.526666666666667,139,4.633333333333334,,,,,,,,,,,,,,,,,,,"Paul Blackburn","14739",621112
"A.J. Puk","ARI",2,1,0,3.58582,21,0,3,0,,21,89,18,9,9,3,7,,1,24,10.147,3.15081,3.22044,1.06914,0.270487,0.0839908,0.18649648129940033,0.225937,1.19948,0.290708,0.741804,,,3.62082,0.0568432,0.0454213,748.5,,,,,,,110.7,5.271428571428571,105,5,,,,,,,,,,,,,,,,,,,"A.J. Puk","19343",640462
"Tanner Banks","PHI",2,1,0,3.96248,29,0,0,4,,29,123,28,14,13,4,9,,1,28,8.54312,2.75271,3.10353,1.13446,0.225948,0.0728036,0.15314439684152603,0.246217,1.25638,0.296016,0.720265,,,3.86694,0.056703,0.0170359,999,,,,,,,134.60000000000002,4.641379310344829,135,4.655172413793103,,,,,,,,,,,,,,,,,,,"Tanner Banks","16990",621383
"Trenton Denholm","CLE",0,0,0,4.18778,6,1,0,0,,9,40,8,5,4,1,4,,0,9,8.73499,3.76078,2.32265,1.11322,0.219554,0.0945273,0.12502697855234146,0.231015,1.33007,0.276242,0.708712,,,4.18748,0.0562132,0.0501876,999,,,,,,,39.500000000000014,4.38888888888889,38,4.222222222222222,,,,,,,,,,,,,,,,,,,"Trenton Denholm","sa3018139",671143
"Nestor German","BAL",0,0,0,4.06043,1,1,0,0,,4,15,3,2,2,0,1,,0,3,8.52559,3.08767,2.76117,1.17259,0.223335,0.0808844,0.14245107024908066,0.236905,1.25599,0.281933,0.720585,,,4.06824,0.0561551,0.0498262,999,,,,,,,24.8,6.2,23,5.75,,,,,,,,,,,,,,,,,,,"Nestor German","sa3023517",815148
"Adam Macko","TOR",2,2,0,4.342,25,1,0,0,,29,128,28,15,14,4,13,,2,27,8.33048,4.00332,2.08089,1.14205,0.211942,0.101852,0.11009041219949722,0.247217,1.40047,0.294602,0.716439,,,4.40823,0.0559585,-0.0138335,999,,,,,,,101.60000000000004,3.50344827586207,102,3.5172413793103448,,,,,,,,,,,,,,,,,,,"Adam Macko","25590",671936
"Justin Martinez","ARI",1,1,0,3.47376,17,0,0,0,,17,73,13,7,7,1,9,,1,20,10.8116,5.03293,2.14818,0.602372,0.277894,0.129363,0.14853155612945557,0.212467,1.3443,0.295919,0.739458,,,3.45575,0.0558345,0.0456085,999,,,,,,,89.70000000000002,5.276470588235295,82,4.823529411764706,,,,,,,,,,,,,,,,,,,"Justin Martinez","24453",679885
"Cole Winn","TEX",2,2,0,4.28258,34,0,2,8,,34,145,31,17,16,4,15,,2,31,8.16749,3.94839,2.06856,1.04648,0.210366,0.101696,0.10866907984018326,0.238879,1.34953,0.284873,0.70134,,,4.3046,0.0556127,0.108883,999,,,,,,,174.80000000000004,5.141176470588237,171,5.029411764705882,,,,,,,,,,,,,,,,,,,"Cole Winn","22113",668390
"Chris Martin","TEX",1,1,0,3.68771,20,0,0,0,,20,81,19,9,8,2,4,,1,18,8.37546,1.89675,4.4157,1.09067,0.225526,0.0510738,0.17445269599556923,0.248677,1.17451,0.298389,0.725614,,,3.57166,0.0545826,0.0296282,638.3599853515625,,,,,,,95,4.75,95,4.75,,,,,,,,,,,,,,,,,,,"Chris Martin","11847",455119
"Ronel Blanco","HOU",1,1,0,4.16267,8,1,0,0,,12,52,11,6,6,2,5,,0,12,9.10517,3.81115,2.38909,1.35557,0.23906,0.100063,0.1389966458082199,0.23101,1.29765,0.275972,0.731435,,,4.38288,0.0540004,0.000528536,999,,,,,,,44.600000000000016,3.716666666666668,43,3.5833333333333335,,,,,,,,,,,,,,,,,,,"Ronel Blanco","19407",669854
"Tim Herrin","CLE",2,2,0,4.0149,32,0,0,7,,32,140,28,16,14,3,16,,2,32,9.01503,4.5718,1.97188,0.920433,0.230058,0.11667,0.11338873207569122,0.229948,1.37694,0.286612,0.723033,,,4.15617,0.0532638,0.046971,999,,,,,,,165.10000000000002,5.159375000000001,159,4.96875,,,,,,,,,,,,,,,,,,,"Tim Herrin","25139",682120
"Ty Madden","DET",1,1,0,4.34831,21,1,0,0,,25,108,24,13,12,4,10,,1,23,8.36315,3.53753,2.36412,1.25491,0.216594,0.0916169,0.12497685849666595,0.244923,1.33697,0.288835,0.711016,,,4.36811,0.052844,0.0214097,999,,,,,,,86.4,3.4560000000000004,86,3.44,,,,,,,,,,,,,,,,,,,"Ty Madden","30140",680744
"José Urquidy","PIT",1,1,0,4.61068,15,1,0,0,,20,86,21,11,10,3,6,,1,16,7.12873,2.91115,2.44877,1.30325,0.18392,0.075107,0.10881263017654419,0.262258,1.35793,0.295807,0.693458,,,4.48986,0.0518168,0.0495392,999,,,,,,,67.5,3.375,72,3.6,,,,,,,,,,,,,,,,,,,"Jose Urquidy","18413",664353
"Hayden Wesneski","HOU",1,1,0,4.19677,9,1,0,0,,13,55,12,7,6,2,4,,1,12,8.52787,2.92972,2.91081,1.39719,0.225155,0.0773513,0.1478039026260376,0.240992,1.24948,0.281458,0.719498,,,4.35135,0.051465,0.118215,999,,,,,,,49.39999999999999,3.7999999999999994,48,3.6923076923076925,,,,,,,,,,,,,,,,,,,"Hayden Wesneski","27581",669713
"Luis Medina","ATH",2,2,0,4.52801,30,1,0,4,,35,152,33,19,17,4,16,,2,33,8.68773,4.19192,2.07249,1.12802,0.220217,0.106257,0.11396012455224991,0.245625,1.41327,0.297147,0.699958,,,4.38145,0.0514516,-0.00308563,999,,,,,,,152,4.3428571428571425,151,4.314285714285714,,,,,,,,,,,,,,,,,,,"Luis Medina","21649",665622
"Matt Festa","CLE",2,2,0,4.23094,27,0,0,3,,27,112,24,14,13,4,9,,2,27,9.00242,3.18663,2.82506,1.18913,0.237147,0.0839441,0.1532028764486313,0.23444,1.24521,0.284409,0.692515,,,4.07241,0.0505726,-0.00615089,999,,,,,,,121.20000000000002,4.48888888888889,116,4.296296296296297,,,,,,,,,,,,,,,,,,,"Matt Festa","19330",670036
"Jhony Brito","SDP",1,1,0,4.31263,16,1,0,0,,20,87,21,11,10,3,7,,1,15,6.68935,3.12194,2.14269,1.15235,0.172492,0.0805026,0.09198972582817078,0.257973,1.35857,0.289685,0.710346,,,4.44472,0.048983,0.0328196,999,,,,,,,62.49999999999999,3.1249999999999996,67,3.35,,,,,,,,,,,,,,,,,,,"Jhony Brito","25386",666745
"Pierce Johnson","CIN",1,2,0,4.36307,27,0,0,2,,27,117,25,14,13,4,11,,1,29,9.5515,3.6394,2.62447,1.35921,0.248015,0.0945012,0.15351425856351852,0.241857,1.3327,0.295999,0.718615,,,4.26797,0.0487863,0.0204981,999,,,,,,,115.60000000000002,4.2814814814814826,113,4.185185185185185,,,,,,,,,,,,,,,,,,,"Pierce Johnson","13435",572955
"Jared Koenig","MIL",2,1,0,3.58646,25,0,0,0,,25,107,23,11,10,3,9,,1,25,9.02986,3.32824,2.7131,0.97622,0.237712,0.0876164,0.15009590983390808,0.23481,1.26278,0.29151,0.746796,,,3.76165,0.048561,0.0392734,748.489990234375,,,,,,,108.3,4.332,106,4.24,,,,,,,,,,,,,,,,,,,"Jared Koenig","27517",657649
"Travis Adams","MIN",2,3,1,4.7258,35,2,2,8,,44,190,45,25,23,6,16,,2,36,7.47966,3.39078,2.20588,1.19748,0.190872,0.0865284,0.10434313118457794,0.259768,1.39795,0.299334,0.682693,,,4.44119,0.0473807,-0.0512793,999,,,,,,,194.8,4.427272727272728,202,4.590909090909091,,,,,,,,,,,,,,,,,,,"Travis Adams","30180",701519
"Evan Phillips","LAD",1,1,0,3.47373,18,0,7,0,,18,74,15,7,7,2,6,,1,19,9.49263,3.09135,3.07071,1.00711,0.254179,0.0827754,0.17140372097492218,0.226904,1.19757,0.285736,0.74746,,,3.60669,0.0465537,0.0577826,999,,,,,,,121.60000000000002,6.755555555555556,116,6.444444444444445,,,,,,,,,,,,,,,,,,,"Evan Phillips","17734",623465
"Gus Varland","WSN",2,2,0,4.5115,36,0,5,6,,36,156,35,19,18,4,16,,2,33,8.28519,4.03859,2.05151,1.13512,0.209196,0.101972,0.10722395032644272,0.253826,1.43863,0.302739,0.70818,,,4.40539,0.0462686,-0.0227906,999,,,,,,,187.20000000000005,5.200000000000001,189,5.25,,,,,,,,,,,,,,,,,,,"Gus Varland","24737",681402
"Casey Legumina","TBR",2,2,0,4.53005,35,0,1,8,,35,153,35,19,18,5,13,,2,31,7.92729,3.42585,2.31396,1.24469,0.203644,0.0880066,0.11563732475042343,0.252195,1.36204,0.293526,0.697464,,,4.44279,0.0448781,-0.0229167,999,,,,,,,160.5,4.585714285714285,164,4.685714285714286,,,,,,,,,,,,,,,,,,,"Casey Legumina","25921",668984
"Brandon Williamson","CIN",1,1,0,4.85025,13,1,0,0,,19,81,18,11,10,3,8,,1,16,7.60789,3.74457,2.03171,1.46737,0.19412,0.0955452,0.09857506304979324,0.25058,1.38907,0.281761,0.692007,,,4.94871,0.0443068,-0.0289301,748.4500122070312,,,,,,,61.89999999999999,3.257894736842105,61,3.210526315789474,,,,,,,,,,,,,,,,,,,"Brandon Williamson","25463",682227
"Chris Paddack","CIN",1,2,0,4.98276,25,1,0,0,,29,124,31,17,16,5,8,,1,24,7.31236,2.40794,3.03677,1.63378,0.189755,0.062486,0.12726950272917747,0.269273,1.33988,0.298095,0.679814,,,4.73812,0.0438432,-0.0212309,748.510009765625,,,,,,,93.50000000000003,3.2241379310344835,101,3.4827586206896552,,,,,,,,,,,,,,,,,,,"Chris Paddack","20099",663978
"Cade Gibson","MIA",2,2,0,4.07158,29,0,0,3,,29,126,28,14,13,3,11,,2,24,7.46873,3.56498,2.09503,0.806815,0.190482,0.0909211,0.09956101328134537,0.250106,1.36666,0.297498,0.704926,,,4.03886,0.041638,0.0487765,999,,,,,,,125.90000000000002,4.341379310344828,127,4.379310344827586,,,,,,,,,,,,,,,,,,,"Cade Gibson","31815",806188
"Rico Garcia","BAL",1,2,0,4.15488,36,0,3,7,,36,154,31,18,17,6,16,,1,38,9.44163,4.04347,2.33503,1.40223,0.246254,0.105461,0.14079348742961884,0.229521,1.31614,0.276465,0.741651,,,4.48198,0.0404945,0.1404,999,,,,,,,180.00000000000003,5.000000000000001,170,4.722222222222222,,,,,,,,,,,,,,,,,,,"Rico Garcia","20023",670329
"Hunter Harvey","CHC",1,1,0,3.44984,14,0,0,0,,14,59,12,6,6,2,4,,1,15,9.58387,2.68708,3.56665,1.05284,0.259317,0.0727061,0.18661097437143326,0.227462,1.15397,0.286345,0.744622,,,3.53342,0.0397533,0.0250099,748.530029296875,,,,,,,62.800000000000026,4.4857142857142875,59,4.214285714285714,,,,,,,,,,,,,,,,,,,"Hunter Harvey","15507",640451
"Cole Sands","MIN",1,1,0,4.01943,22,0,0,0,,22,92,20,11,10,3,7,,1,21,8.74038,2.84136,3.07612,1.06014,0.231636,0.0753014,0.1563350260257721,0.240657,1.23647,0.293367,0.700877,,,3.7936,0.0394305,0.00584927,735.4400024414062,,,,,,,91.9,4.177272727272728,89,4.045454545454546,,,,,,,,,,,,,,,,,,,"Cole Sands","21461",663485
"Tejay Antone","CIN",1,1,0,4.6797,34,0,1,7,,34,149,33,19,18,5,15,,2,32,8.37918,3.84082,2.18161,1.202,0.213478,0.0978537,0.1156247928738594,0.248247,1.38771,0.294827,0.685023,,,4.44984,0.0377358,-0.0423841,999,,,,,,,150.3,4.420588235294118,151,4.4411764705882355,,,,,,,,,,,,,,,,,,,"Tejay Antone","16233",622088
"Ben Joyce","LAA",1,1,0,3.71014,20,0,4,0,,20,84,16,9,8,2,9,,1,22,9.72103,4.02066,2.41777,0.916202,0.255762,0.105785,0.14997784793376923,0.2191,1.26321,0.280863,0.727343,,,3.75806,0.0373711,0.0367431,738.6500244140625,,,,,,,115.80000000000001,5.790000000000001,108,5.4,,,,,,,,,,,,,,,,,,,"Ben Joyce","31461",690829
"Tucker Davidson","PHI",0,0,0,4.5,1,1,0,0,,4,15,4,2,2,1,1,,0,3,7.5,3,2.5,1.5,0.2,0.08,0.11999998986721039,0.26087,1.33333,0.294118,0.757576,,,4.60495,0.0371207,0.0516015,999,,,,,,,9.9,2.475,10,2.5,,,,,,,,,,,,,,,,,,,"Tucker Davidson","19871",656353
"Ron Marinaccio","SDP",1,1,0,4.2974,28,0,0,2,,28,122,26,15,14,4,12,,2,26,8.30002,3.70209,2.24198,1.12109,0.214599,0.0957183,0.1188802570104599,0.23862,1.32335,0.28374,0.70006,,,4.30616,0.0370735,-0.0682269,999,,,,,,,108.40000000000006,3.8714285714285737,106,3.7857142857142856,,,,,,,,,,,,,,,,,,,"Ron Marinaccio","23488",676760
"Grant Anderson","MIL",2,2,0,4.30392,35,0,1,7,,35,150,32,18,17,5,14,,2,34,8.6809,3.58869,2.41896,1.25127,0.22581,0.0933499,0.13245974481105804,0.239188,1.3136,0.285096,0.709414,,,4.32316,0.035756,0.00728869,999,,,,,,,167.3,4.78,163,4.6571428571428575,,,,,,,,,,,,,,,,,,,"Grant Anderson","20546",681982
"Tony Santillan","CIN",2,2,0,4.58026,37,0,6,6,,37,163,35,21,19,6,17,,2,38,9.12034,4.17818,2.18285,1.39474,0.232943,0.106715,0.1262281835079193,0.240508,1.38575,0.287829,0.712342,,,4.64918,0.0353128,-0.0928603,718.1199951171875,,,,,,,182,4.918918918918919,180,4.864864864864865,,,,,,,,,,,,,,,,,,,"Tony Santillan","19926",663574
"JP Sears","SDP",1,1,0,4.42435,13,1,0,0,,18,74,17,9,9,3,5,,1,15,7.83661,2.73619,2.86406,1.48418,0.205476,0.071743,0.13373306393623352,0.24967,1.27232,0.282619,0.708606,,,4.58534,0.0352702,-0.041306,999,,,,,,,64.10000000000001,3.561111111111112,63,3.5,,,,,,,,,,,,,,,,,,,"JP Sears","23429",676664
"Cooper Criswell","SEA",2,1,0,4.05408,26,1,0,0,,31,131,30,15,14,4,10,,2,25,7.21117,2.99404,2.40851,1.06214,0.187244,0.0777426,0.1095011755824089,0.251483,1.31036,0.289605,0.716714,,,4.211,0.0349625,-0.0089546,999,,,,,,,116.19999999999999,3.7483870967741932,117,3.774193548387097,,,,,,,,,,,,,,,,,,,"Cooper Criswell","24975",681867
"Jalen Beeks","TEX",2,1,0,4.22405,27,0,0,2,,27,115,25,14,13,3,10,,1,24,7.86037,3.38014,2.32546,1.06929,0.205081,0.0881894,0.11689133197069168,0.243205,1.31073,0.28614,0.699565,,,4.1433,0.0348642,-0.00774713,999,,,,,,,120.9,4.477777777777778,119,4.407407407407407,,,,,,,,,,,,,,,,,,,"Jalen Beeks","17192",656222
"Braden Nett","ATH",1,1,0,4.81064,11,1,0,0,,16,70,16,9,8,2,8,,1,13,7.71698,4.63665,1.66434,1.1342,0.190999,0.114759,0.07623951137065887,0.256737,1.52035,0.299875,0.698967,,,4.75063,0.0338215,0.0638985,999,,,,,,,51.20000000000001,3.2000000000000006,53,3.3125,,,,,,,,,,,,,,,,,,,"Braden Nett","sa3020336",804556
"Robert Garcia","TEX",1,1,0,3.63677,16,0,0,0,,16,66,14,7,6,2,6,,1,17,9.48503,3.47102,2.73263,0.962068,0.251661,0.0920947,0.1595662236213684,0.22827,1.24449,0.289034,0.735514,,,3.66319,0.0337088,0.0299137,232.1199951171875,,,,,,,70.4,4.4,67,4.1875,,,,,,,,,,,,,,,,,,,"Robert Garcia","23363",676395
"Pete Hansen","STL",0,0,0,4.6319,1,1,0,0,,5,23,5,3,3,1,2,,0,3,5.9341,3.06915,1.93347,1.20122,0.152208,0.0787227,0.07348525524139404,0.265969,1.39543,0.290371,0.691742,,,4.62374,0.0333671,0.00464872,999,,,,,,,11.7,2.34,12,2.4,,,,,,,,,,,,,,,,,,,"Pete Hansen","sa3020798",677337
"Matt Gage","SFG",2,1,0,4.0662,29,0,0,3,,29,124,27,14,13,3,11,,1,24,7.62957,3.49881,2.18062,0.921772,0.197908,0.0907578,0.1071503758430481,0.246425,1.34035,0.291667,0.709514,,,4.00652,0.0325464,0.0213684,999,,,,,,,131.5,4.5344827586206895,130,4.482758620689655,,,,,,,,,,,,,,,,,,,"Matt Gage","17381",657424
"Ryan Webb","CLE",0,1,0,5.14286,1,1,0,0,,6,27,6,4,4,1,3,,0,4,6.42857,3.85714,1.66667,1.28571,0.166667,0.1,0.06666667014360428,0.259259,1.42857,0.285714,0.697674,,,4.81924,0.0323316,-0.0198441,999,,,,,,,15.500000000000005,2.5833333333333344,16,2.6666666666666665,,,,,,,,,,,,,,,,,,,"Ryan Webb","sa3018280",669067
"Bennett Sousa","HOU",1,1,0,3.72131,16,0,0,0,,16,69,14,7,7,2,7,,0,18,9.8787,3.60138,2.74303,1.07402,0.262972,0.0958693,0.1671031340956688,0.223632,1.23838,0.284005,0.73643,,,3.73822,0.0317164,0.0317254,999,,,,,,,72.4,4.525,69,4.3125,,,,,,,,,,,,,,,,,,,"Bennett Sousa","21345",656986
"Isaac Mattson","PIT",1,2,0,4.35654,31,0,1,5,,31,135,29,16,15,4,14,,2,28,8.15722,4.14548,1.96774,1.13126,0.208707,0.106064,0.1026427373290062,0.240387,1.38151,0.284118,0.709523,,,4.46176,0.0313539,0.0198394,999,,,,,,,137.79999999999998,4.44516129032258,136,4.387096774193548,,,,,,,,,,,,,,,,,,,"Isaac Mattson","20385",676755
"Brendon Little","TOR",1,1,0,3.7255,21,0,0,0,,21,92,18,9,9,2,12,,1,23,9.69187,5.02644,1.92818,0.778676,0.246137,0.127653,0.1184840202331543,0.228258,1.41918,0.296924,0.746688,,,3.88921,0.0312294,0.0473478,748.52001953125,,,,,,,91.00000000000001,4.333333333333334,86,4.095238095238095,,,,,,,,,,,,,,,,,,,"Brendon Little","21574",663893
"Craig Yoho","MIL",2,1,0,3.95969,28,0,0,2,,28,118,23,13,12,3,13,,2,29,9.33274,4.21678,2.21324,1.01309,0.242752,0.109682,0.1330699697136879,0.221013,1.29415,0.275728,0.717893,,,4.1027,0.0310464,0.0593658,999,,,,,,,131.50000000000006,4.696428571428574,122,4.357142857142857,,,,,,,,,,,,,,,,,,,"Craig Yoho","33248",684974
"Chase Shugart","PHI",1,1,0,4.39012,27,0,0,2,,27,116,25,14,13,4,10,,1,24,7.89693,3.44615,2.29152,1.2152,0.2048,0.0893729,0.11542724072933197,0.244447,1.32439,0.284063,0.6995,,,4.40398,0.0296003,-0.00170718,999,,,,,,,108.60000000000002,4.022222222222223,106,3.925925925925926,,,,,,,,,,,,,,,,,,,"Chase Shugart","21544",663767
"Chase Solesky","TBR",1,1,0,4.87333,8,1,0,0,,13,58,14,8,7,2,5,,1,10,6.70407,3.29168,2.03667,1.36497,0.169216,0.0830845,0.08613132685422897,0.270096,1.44257,0.299379,0.694175,,,4.83245,0.0289822,0.0841492,999,,,,,,,37.199999999999996,2.861538461538461,41,3.1538461538461537,,,,,,,,,,,,,,,,,,,"Chase Solesky","25480",686678
"Tanner McDougal","CHW",0,0,0,4.87289,1,1,0,0,,5,21,5,3,3,1,2,,0,4,7.45272,4.25982,1.74954,1.37046,0.187912,0.107407,0.08050541579723358,0.25231,1.4553,0.284965,0.69783,,,4.9726,0.0284437,0.0176321,999,,,,,,,13.7,2.7399999999999998,14,2.8,,,,,,,,,,,,,,,,,,,"Tanner McDougal","sa3017471",701780
"Jason Alexander","HOU",1,1,0,4.65019,15,1,0,0,,20,86,21,11,10,3,7,,1,15,6.87344,3.17712,2.16342,1.2851,0.175599,0.0811672,0.09443148225545883,0.262541,1.389,0.293864,0.695807,,,4.64345,0.0284328,0.0479491,999,,,,,,,62.49999999999999,3.1249999999999996,67,3.35,,,,,,,,,,,,,,,,,,,"Jason Alexander","19666",669920
"Jovani Morán","BOS",1,1,0,3.90429,18,0,0,0,,18,78,16,9,8,2,9,,1,20,9.74327,4.18456,2.32839,0.936117,0.253624,0.108927,0.1446971371769905,0.226495,1.31705,0.290461,0.72178,,,3.81106,0.0284262,0.0137326,999,,,,,,,77.00000000000003,4.2777777777777795,74,4.111111111111111,,,,,,,,,,,,,,,,,,,"Jovani Moran","20422",663558
"Taylor Clarke","ARI",2,1,0,4.22723,35,0,0,7,,35,147,34,18,16,5,9,,2,27,7.0225,2.42083,2.90086,1.22477,0.18545,0.0639292,0.12152059376239777,0.252908,1.25409,0.285026,0.699111,,,4.25067,0.0278742,0.0235583,999,,,,,,,158.1,4.517142857142857,159,4.542857142857143,,,,,,,,,,,,,,,,,,,"Taylor Clarke","17611",664199
"Ryan Thompson","ARI",2,2,0,4.023,29,0,0,4,,29,125,29,14,13,3,9,,1,23,7.15713,2.79655,2.55927,0.894484,0.186543,0.072889,0.1136537492275238,0.255394,1.30883,0.298233,0.703574,,,3.87128,0.0277508,0.0143744,748.4299926757812,,,,,,,134.3,4.631034482758621,138,4.758620689655173,,,,,,,,,,,,,,,,,,,"Ryan Thompson","16647",657044
"Julian Aguiar","CIN",0,0,0,4.8989,9,1,0,0,,14,59,14,8,7,2,5,,1,10,6.80535,3.06262,2.22207,1.5331,0.174758,0.0786467,0.09611157327890396,0.258554,1.35506,0.281636,0.683701,,,5.01334,0.0276011,0.0621464,999,,,,,,,44.6,3.185714285714286,46,3.2857142857142856,,,,,,,,,,,,,,,,,,,"Julian Aguiar","30031",687924
"Jacob Waguespack","DET",0,0,0,4.2703,29,0,0,2,,29,133,27,15,14,3,14,,2,29,8.87068,4.19695,2.1136,1.07475,0.217263,0.102793,0.11447042971849442,0.227348,1.37808,0.272718,0.70189,,,4.26475,0.0275962,0.00622573,999,,,,,,,125.50000000000001,4.3275862068965525,124,4.275862068965517,,,,,,,,,,,,,,,,,,,"Jacob Waguespack","18318",621097
"Yerry De los Santos","NYY",1,1,0,4.02234,23,0,0,0,,23,98,22,11,10,2,9,,1,19,7.6299,3.43589,2.22065,0.927045,0.197448,0.0889145,0.10853346437215805,0.247314,1.33792,0.292637,0.713848,,,4.0309,0.0275429,0.0148994,999,,,,,,,96.40000000000002,4.191304347826088,97,4.217391304347826,,,,,,,,,,,,,,,,,,,"Yerry De los Santos","21420",660787
"Luke Little","CHC",1,1,0,3.80647,19,0,0,0,,19,83,15,9,8,1,11,,2,20,9.50622,5.42969,1.75079,0.701058,0.239851,0.136996,0.10285480320453644,0.217729,1.41324,0.283102,0.731123,,,4.05657,0.0271989,0.00685307,999,,,,,,,90.29999999999998,4.752631578947367,83,4.368421052631579,,,,,,,,,,,,,,,,,,,"Luke Little","28036",681432
"Bailey Falter","KCR",1,1,0,4.81923,12,1,0,0,,16,71,17,10,9,3,6,,0,12,6.80057,3.15465,2.15573,1.39208,0.17473,0.0810537,0.09367597103118896,0.263814,1.39332,0.291907,0.689417,,,4.71958,0.0266739,0.0170657,999,,,,,,,43.3,2.70625,47,2.9375,,,,,,,,,,,,,,,,,,,"Bailey Falter","20070",663559
"Will Dion","CLE",1,1,0,3.99761,20,0,0,0,,20,85,20,10,9,2,7,,1,19,8.32532,3.05588,2.72436,1.05417,0.216587,0.0795001,0.13708703964948654,0.252717,1.32365,0.303995,0.725076,,,3.90815,0.0265532,-0.00059213,999,,,,,,,85.4,4.2700000000000005,88,4.4,,,,,,,,,,,,,,,,,,,"Will Dion","30061",702021
"Victor Vodnik","COL",2,2,0,4.54552,29,0,0,3,,29,129,29,16,15,3,15,,1,27,8.48295,4.6415,1.82763,0.940121,0.211112,0.115511,0.09560088068246841,0.256869,1.52088,0.314259,0.707025,,,4.23252,0.0263483,0.00805838,496.760009765625,,,,,,,120.30000000000001,4.1482758620689655,124,4.275862068965517,,,,,,,,,,,,,,,,,,,"Victor Vodnik","24614",680767
"Manuel Rodríguez","TBR",0,0,0,3.81235,9,0,0,0,,9,39,9,4,4,1,3,,0,8,8.23644,3.08733,2.66782,0.869672,0.216571,0.081179,0.13539224117994308,0.241703,1.27058,0.29405,0.713603,,,3.69523,0.0262791,0.0176949,999,,,,,,,37.90000000000001,4.211111111111112,39,4.333333333333333,,,,,,,,,,,,,,,,,,,"Manuel Rodriguez","20794",655889
"Jonathan Pintaro","NYM",1,1,0,4.08979,26,0,0,0,,26,112,23,13,12,3,12,,1,26,8.89671,4.25427,2.09124,1.04898,0.227798,0.108929,0.11886867135763168,0.236088,1.37204,0.289464,0.726386,,,4.23349,0.0254602,-0.018525,999,,,,,,,108.7,4.180769230769231,104,4,,,,,,,,,,,,,,,,,,,"Jonathan Pintaro","33980",702752
"Ryan Fernandez","STL",2,2,0,4.1007,25,0,0,0,,25,109,23,13,12,3,12,,1,27,9.48753,4.16468,2.2781,0.982419,0.245035,0.107561,0.1374734565615654,0.234429,1.35383,0.296437,0.714878,,,3.91878,0.0247311,-0.0288016,999,,,,,,,103.3,4.132,101,4.04,,,,,,,,,,,,,,,,,,,"Ryan Fernandez","24862",681676
"Josiah Gray","WSN",1,1,1,5.48867,3,3,0,0,,14,63,15,9,9,3,6,,1,12,7.69503,3.91443,1.96581,1.63418,0.19359,0.0984786,0.09511153399944305,0.259837,1.4565,0.290153,0.660086,,,5.21043,0.0247077,-0.0265043,999,,,,,,,30.700000000000017,2.192857142857144,34,2.4285714285714284,,,,,,,,,,,,,,,,,,,"Josiah Gray","24580",680686
"Kody Funderburk","MIN",2,2,0,4.01235,25,0,0,0,,25,110,24,12,11,2,12,,2,23,8.11343,4.14463,1.95758,0.791692,0.206427,0.10545,0.10097665339708328,0.243617,1.3957,0.297344,0.715978,,,4.03067,0.0246999,0.0217588,748.510009765625,,,,,,,102,4.08,103,4.12,,,,,,,,,,,,,,,,,,,"Kody Funderburk","24993",681892
"Kyle Backhus","PHI",1,2,0,4.18733,25,0,0,0,,25,106,23,12,11,3,9,,2,24,8.55845,3.15881,2.70939,1.09715,0.222285,0.0820427,0.14024275541305542,0.245066,1.29562,0.295757,0.702166,,,4.05794,0.0245189,0.0167876,999,,,,,,,103.3,4.132,101,4.04,,,,,,,,,,,,,,,,,,,"Kyle Backhus","29615",679775
"Félix Bautista","BAL",0,0,0,3.21633,5,0,0,0,,5,23,4,2,2,1,3,,0,8,12.355,4.26205,2.89884,0.82512,0.33258,0.114729,0.2178509309887886,0.197014,1.18753,0.288163,0.754439,,,3.0623,0.0243266,0.0151689,999,,,,,,,21.299999999999997,4.26,19,3.8,,,,,,,,,,,,,,,,,,,"Felix Bautista","20666",642585
"Nolan Hoffman","PHI",1,1,0,4.54446,20,0,0,0,,20,90,20,11,10,2,10,,1,18,8.20399,4.48435,1.82947,0.911533,0.205408,0.112277,0.09313082695007324,0.249356,1.46493,0.302178,0.692357,,,4.2818,0.023593,-0.0290125,999,,,,,,,74.4,3.72,77,3.85,,,,,,,,,,,,,,,,,,,"Nolan Hoffman","23381",676510
"Robby Ahlstrom","TEX",1,2,0,4.36142,33,0,1,6,,33,143,31,17,16,4,15,,1,29,7.92681,3.97046,1.99645,1.09599,0.204195,0.102279,0.10191596299409866,0.240411,1.36218,0.282569,0.701052,,,4.37342,0.0235062,0.0167721,999,,,,,,,153.40000000000006,4.64848484848485,152,4.606060606060606,,,,,,,,,,,,,,,,,,,"Robby Ahlstrom","30167",695239
"Bryse Wilson","PHI",1,1,0,4.90813,7,1,0,0,,10,46,11,6,6,2,3,,1,8,6.58536,2.7445,2.39948,1.45301,0.167338,0.0697392,0.0975983515381813,0.274603,1.40654,0.30148,0.689335,,,4.82348,0.0234148,0.0158844,999,,,,,,,24.799999999999997,2.4799999999999995,28,2.8,,,,,,,,,,,,,,,,,,,"Bryse Wilson","19990",669060
"Scott Barlow","ATH",2,1,0,4.48656,30,0,2,5,,30,133,26,16,15,4,16,,2,31,9.15697,4.84669,1.88933,1.12513,0.231747,0.122661,0.10908602178096771,0.229314,1.40438,0.281326,0.701605,,,4.5386,0.0222844,0.0169069,999,,,,,,,143.20000000000002,4.773333333333334,136,4.533333333333333,,,,,,,,,,,,,,,,,,,"Scott Barlow","14993",605130
"Vince Velasquez","CHC",0,0,0,4.5,1,1,0,0,,4,16,4,2,2,1,2,,0,4,9,4.5,2,1.5,0.230769,0.115385,0.11538460850715637,0.26087,1.5,0.3125,0.789474,,,4.77162,0.0221626,0.0445506,999,,,,,,,8.9,2.225,9,2.25,,,,,,,,,,,,,,,,,,,"Vince Velasquez","11189",592826
"Dane Dunning","SEA",0,0,0,4.78567,1,1,0,0,,5,20,5,3,2,1,2,,0,4,7.33111,3.41496,2.14676,1.35826,0.187589,0.0873824,0.10020684450864792,0.256571,1.38373,0.289396,0.68724,,,4.72176,0.0218185,-0.00255763,999,,,,,,,13.7,2.7399999999999998,14,2.8,,,,,,,,,,,,,,,,,,,"Dane Dunning","19409",641540
"Alimber Santa","HOU",0,0,0,4.2703,27,0,0,2,,27,125,25,15,13,3,13,,2,27,8.87068,4.19695,2.1136,1.07475,0.217263,0.102793,0.11447044461965561,0.227348,1.37808,0.272718,0.70189,,,4.26475,0.0217946,-0.0524144,999,,,,,,,114.9,4.2555555555555555,113,4.185185185185185,,,,,,,,,,,,,,,,,,,"Alimber Santa","28846",695001
"Michael Grove","TBR",0,1,0,4.05545,13,0,0,0,,13,53,11,6,6,2,4,,1,14,9.53375,2.88262,3.30732,1.25919,0.253379,0.0766116,0.1767677664756775,0.234562,1.21204,0.288887,0.71076,,,3.94206,0.0213859,0.018813,999,,,,,,,55.99999999999999,4.3076923076923075,52,4,,,,,,,,,,,,,,,,,,,"Michael Grove","23221",675627
"Max Rajcic","STL",1,1,0,4.70908,11,1,0,0,,15,65,15,8,8,2,5,,1,11,6.80076,3.29913,2.06138,1.21546,0.173473,0.0841536,0.08931919187307358,0.260112,1.3896,0.291873,0.683756,,,4.61813,0.0210542,-0.03181,999,,,,,,,51.400000000000006,3.426666666666667,53,3.533333333333333,,,,,,,,,,,,,,,,,,,"Max Rajcic","sa3020746",691008
"Justin Lawrence","MIN",1,2,0,4.24689,30,0,1,4,,30,131,26,15,14,3,16,,2,31,9.33906,4.77793,1.95462,0.906967,0.235051,0.120254,0.11479700356721878,0.234255,1.4211,0.296587,0.709516,,,4.18304,0.0204047,0.00797628,999,,,,,,,146.5,4.883333333333334,140,4.666666666666667,,,,,,,,,,,,,,,,,,,"Justin Lawrence","17639",664875
"Chase Petty","CIN",1,3,1,5.32366,19,2,0,0,,26,117,28,17,15,4,12,,1,20,6.92928,4.13186,1.67704,1.52537,0.171598,0.102322,0.0692756175994873,0.26767,1.52272,0.294684,0.684407,,,5.30789,0.0202424,-0.0747066,999,,,,,,,71.39999999999999,2.7461538461538457,79,3.0384615384615383,,,,,,,,,,,,,,,,,,,"Chase Petty","30170",695534
"Brady Basso","ATH",1,1,0,4.22672,22,0,0,0,,22,96,22,11,11,3,8,,1,19,7.61006,3.1953,2.38164,1.11942,0.19709,0.0827537,0.1143360584974289,0.252584,1.33845,0.293841,0.711125,,,4.22123,0.0198927,0.0124901,999,,,,,,,79.7,3.622727272727273,82,3.727272727272727,,,,,,,,,,,,,,,,,,,"Brady Basso","25582",669620
"Kohl Drake","ARI",0,0,0,4.78624,1,1,0,0,,5,21,5,3,3,1,2,,0,4,6.97375,3.71131,1.87905,1.33565,0.176982,0.0941867,0.08279498666524887,0.261017,1.44021,0.291729,0.699557,,,4.80557,0.019536,0.0137418,999,,,,,,,13.7,2.7399999999999998,14,2.8,,,,,,,,,,,,,,,,,,,"Kohl Drake","sa3021723",684442
"Drew Sommers","DET",2,3,0,4.11237,31,0,0,4,,31,135,29,15,14,3,14,,3,29,8.34345,3.97129,2.10094,0.856292,0.211577,0.100706,0.11087091267108917,0.244636,1.3837,0.299374,0.709347,,,4.07525,0.0190916,0.0210614,999,,,,,,,140.09999999999997,4.519354838709677,139,4.483870967741935,,,,,,,,,,,,,,,,,,,"Drew Sommers","32026",805427
"Jason Foley","SFG",1,1,0,3.73687,13,0,0,0,,13,54,13,6,5,1,4,,1,10,7.18238,2.76904,2.59382,0.816271,0.187309,0.0722137,0.11509545892477036,0.254399,1.30056,0.29932,0.723636,,,3.76094,0.0190236,0.00849266,999,,,,,,,55.10000000000001,4.238461538461539,57,4.384615384615385,,,,,,,,,,,,,,,,,,,"Jason Foley","19531",671345
"Graham Ashcraft","CIN",1,0,0,4.08981,10,0,0,0,,10,44,10,5,5,1,4,,1,10,8.43756,3.34361,2.52349,0.997458,0.217912,0.0863535,0.13155877590179443,0.249481,1.33883,0.302755,0.713789,,,3.94543,0.0175306,0.00540026,999,,,,,,,40.7,4.07,42,4.2,,,,,,,,,,,,,,,,,,,"Graham Ashcraft","27552",668933
"Brenan Hanifee","DET",1,1,0,4.02539,16,0,0,0,,16,67,16,8,7,2,5,,1,11,6.56149,2.65503,2.47134,0.8922,0.170732,0.069085,0.1016475185751915,0.260135,1.31815,0.297593,0.705459,,,3.94661,0.0168385,0.00303659,999,,,,,,,56.20000000000001,3.5125000000000006,58,3.625,,,,,,,,,,,,,,,,,,,"Brenan Hanifee","22304",669724
"TJ Shook","COL",0,0,0,4.2703,14,0,0,0,,14,66,13,8,7,2,7,,1,14,8.87068,4.19695,2.1136,1.07475,0.217263,0.102793,0.1144704520702362,0.227348,1.37808,0.272718,0.70189,,,4.26475,0.0165691,-0.0035966,999,,,,,,,49.20000000000003,3.5142857142857165,48,3.4285714285714284,,,,,,,,,,,,,,,,,,,"TJ Shook","27567",669298
"Keegan Akin","BAL",2,2,0,4.17774,31,0,0,4,,31,130,28,16,14,4,11,,1,30,8.76269,3.29878,2.65634,1.2905,0.229975,0.0865759,0.1433994174003601,0.241223,1.29165,0.287601,0.721503,,,4.21731,0.0157909,-0.0175495,999,,,,,,,147.39999999999998,4.7548387096774185,143,4.612903225806452,,,,,,,,,,,,,,,,,,,"Keegan Akin","19362",669211
"Philip Abner","ARI",1,1,0,4.24585,15,0,0,0,,15,65,15,8,7,2,6,,1,13,7.93464,3.35417,2.36561,0.973546,0.204809,0.0865777,0.11823096126317978,0.25129,1.34937,0.299809,0.69836,,,4.00179,0.0157519,-0.0157202,999,,,,,,,52.400000000000006,3.4933333333333336,54,3.6,,,,,,,,,,,,,,,,,,,"Philip Abner","33821",691769
"David Morgan","SDP",2,2,0,4.0393,34,0,0,7,,34,148,31,17,15,4,16,,2,34,8.9652,4.24123,2.11382,1.04229,0.228599,0.108145,0.12045396864414215,0.238716,1.38374,0.293918,0.73338,,,4.22342,0.0153651,-0.00588067,999,,,,,,,163.80000000000004,4.817647058823531,160,4.705882352941177,,,,,,,,,,,,,,,,,,,"David Morgan","31616",688158
"Brandyn Garcia","ARI",2,2,0,4.14907,33,0,0,6,,33,144,31,16,15,3,15,,3,29,8.10912,4.23514,1.91472,0.770443,0.203754,0.106414,0.09733971208333969,0.24695,1.42486,0.30187,0.707858,,,4.08913,0.0152919,0.0839551,999,,,,,,,154.70000000000005,4.687878787878789,154,4.666666666666667,,,,,,,,,,,,,,,,,,,"Brandyn Garcia","33568",805299
"Lake Bachar","MIA",1,1,0,4.19587,30,0,0,4,,30,127,27,15,14,4,12,,1,31,9.31316,3.6722,2.53612,1.27016,0.243606,0.0960546,0.14755183458328247,0.233682,1.2954,0.28467,0.718381,,,4.22135,0.0152458,0.000666778,999,,,,,,,141.60000000000002,4.720000000000001,137,4.566666666666666,,,,,,,,,,,,,,,,,,,"Lake Bachar","19222",669199
"Tyler Samaniego","BOS",1,1,0,4.2472,16,0,0,0,,16,70,16,8,8,2,6,,1,13,7.3289,3.51354,2.0859,0.89017,0.18654,0.0894291,0.09711094200611115,0.2583,1.40381,0.303805,0.704051,,,4.08806,0.0152218,0.0122068,999,,,,,,,57.20000000000001,3.5750000000000006,59,3.6875,,,,,,,,,,,,,,,,,,,"Tyler Samaniego","30081",701719
"Paxton Schultz","WSN",1,2,0,4.46091,27,0,0,2,,27,115,26,14,13,4,10,,1,25,8.34491,3.51758,2.37234,1.30278,0.215429,0.0908086,0.12462031841278076,0.248954,1.35544,0.292526,0.708443,,,4.42062,0.0151573,-0.0133057,999,,,,,,,108.00000000000003,4.000000000000001,108,4,,,,,,,,,,,,,,,,,,,"Paxton Schultz","25501",687606
"Reiver Sanmartin","SFG",2,2,0,4.07195,30,0,0,4,,30,129,31,15,14,3,10,,1,23,6.7875,3.01818,2.24887,0.84765,0.175149,0.0778831,0.09726615995168686,0.260398,1.3599,0.30146,0.706912,,,3.9349,0.0148877,-0.0169056,999,,,,,,,133.5,4.45,140,4.666666666666667,,,,,,,,,,,,,,,,,,,"Reiver Sanmartin","19754",665665
"José Fermin","LAA",0,0,0,4.2703,24,0,0,0,,24,111,22,13,12,3,11,,1,24,8.87068,4.19695,2.1136,1.07475,0.217263,0.102793,0.11447044461965561,0.227348,1.37808,0.272718,0.70189,,,4.26475,0.0148438,-0.0220881,999,,,,,,,95.50000000000001,3.9791666666666674,93,3.875,,,,,,,,,,,,,,,,,,,"Jose Fermin","33908",820862
"McCade Brown","COL",0,0,0,5.43577,5,1,0,0,,9,40,9,6,5,2,4,,0,8,8.01839,4.03369,1.98785,1.56147,0.19953,0.100375,0.0991557165980339,0.266018,1.50286,0.303828,0.671738,,,5.07996,0.0147306,-0.0342801,999,,,,,,,22.60000000000001,2.511111111111112,23,2.5555555555555554,,,,,,,,,,,,,,,,,,,"McCade Brown","30004",685326
"Jeff Criswell","COL",1,1,0,4.68183,19,0,0,0,,19,83,19,11,10,3,9,,1,19,8.99084,4.05796,2.21561,1.36383,0.226112,0.102054,0.12405787408351898,0.258285,1.46422,0.310804,0.717838,,,4.56118,0.0144422,-0.00875106,999,,,,,,,62.29999999999999,3.278947368421052,64,3.3684210526315788,,,,,,,,,,,,,,,,,,,"Jeff Criswell","27608",676105
"Mitch Farris","LAA",1,2,0,4.49164,28,0,0,2,,28,120,26,15,14,4,12,,1,27,8.81355,3.96752,2.22143,1.19995,0.226385,0.10191,0.12447504699230194,0.24321,1.37602,0.293445,0.700841,,,4.32134,0.0143876,-0.0131298,999,,,,,,,113.40000000000006,4.0500000000000025,111,3.9642857142857144,,,,,,,,,,,,,,,,,,,"Mitch Farris","33628",815083
"Trevor Martin","TBR",0,0,0,4.2703,21,0,0,0,,21,95,19,11,10,2,10,,1,21,8.87068,4.19695,2.1136,1.07475,0.217263,0.102793,0.11447042971849442,0.227348,1.37808,0.272718,0.70189,,,4.26475,0.014312,-0.00907235,999,,,,,,,90.4,4.3047619047619055,88,4.190476190476191,,,,,,,,,,,,,,,,,,,"Trevor Martin","31878",694680
"Edwin Uceta","TBR",0,0,0,3.7486,6,0,0,0,,6,26,5,3,3,1,2,,0,8,10.5851,3.33776,3.17133,1.20065,0.284195,0.0896138,0.1945808306336403,0.217298,1.17899,0.280033,0.731952,,,3.74542,0.0140447,0.00170646,572.6900024414062,,,,,,,29.10000000000001,4.850000000000001,27,4.5,,,,,,,,,,,,,,,,,,,"Edwin Uceta","20539",670955
"Andrew Nardi","MIA",0,0,0,3.89191,6,0,0,0,,6,23,5,3,2,1,2,,0,7,10.5481,3.66976,2.87434,1.10487,0.279563,0.0972615,0.18230117857456207,0.224507,1.2502,0.292833,0.723492,,,3.67646,0.0133709,0.000133356,999,,,,,,,27.10000000000001,4.516666666666668,25,4.166666666666667,,,,,,,,,,,,,,,,,,,"Andrew Nardi","25942",677053
"Ricky Tiedemann","TOR",0,0,0,3.96291,7,0,0,0,,7,29,6,3,3,1,3,,0,8,10.2406,4.70843,2.17495,0.972759,0.263918,0.121345,0.14257365465164185,0.226356,1.37458,0.295503,0.732441,,,3.88412,0.0125956,0.0157826,999,,,,,,,30.900000000000013,4.414285714285716,29,4.142857142857143,,,,,,,,,,,,,,,,,,,"Ricky Tiedemann","sa3018096",694357
"Jordan Hicks","CHW",1,2,0,4.44881,26,0,0,2,,26,114,25,14,13,3,13,,2,23,8.06514,4.57121,1.76433,0.90119,0.201244,0.114062,0.08718148618936539,0.248067,1.46794,0.299221,0.700915,,,4.36319,0.0122321,-0.0221355,999,,,,,,,99.5,3.826923076923077,100,3.8461538461538463,,,,,,,,,,,,,,,,,,,"Jordan Hicks","19618",663855
"Carlos Lagrange","NYY",1,1,0,4.04042,14,0,0,0,,14,59,11,7,6,2,7,,1,15,10.0715,4.66911,2.15705,1.07938,0.258855,0.120004,0.13885104656219482,0.221379,1.34617,0.283161,0.728354,,,4.18312,0.0120408,-0.000292348,999,,,,,,,56.40000000000003,4.02857142857143,50,3.5714285714285716,,,,,,,,,,,,,,,,,,,"Carlos Lagrange","sa3019390",801739
"Brant Hurter","DET",1,0,0,3.69754,7,0,0,0,,7,29,6,3,3,1,2,,1,6,7.81493,3.0103,2.59607,0.825576,0.203486,0.0783823,0.12510349601507187,0.243731,1.27231,0.292995,0.721879,,,3.81906,0.011808,0.0165704,999,,,,,,,26.9,3.8428571428571425,25,3.5714285714285716,,,,,,,,,,,,,,,,,,,"Brant Hurter","30133",676428
"Gabriel Hughes","COL",1,1,0,4.69714,12,0,0,0,,12,54,13,7,6,2,4,,1,10,7.6355,3.13118,2.43853,1.17131,0.193698,0.0794321,0.11426585912704468,0.268753,1.41741,0.313018,0.688244,,,4.30143,0.0114373,-0.00695162,999,,,,,,,35.40000000000002,2.9500000000000015,39,3.25,,,,,,,,,,,,,,,,,,,"Gabriel Hughes","sa3020661",687312
"Brooks Kriske","ATH",0,0,0,4.61083,9,0,0,0,,9,39,8,5,5,1,5,,0,10,9.69214,4.5811,2.11568,1.15357,0.246773,0.11664,0.1301327422261238,0.238122,1.41852,0.298854,0.695403,,,4.25076,0.0114211,-0.00963958,999,,,,,,,38.500000000000014,4.2777777777777795,37,4.111111111111111,,,,,,,,,,,,,,,,,,,"Brooks Kriske","21189",621139
"Joe Mantiply","TOR",0,0,0,4.05542,8,0,0,0,,8,35,8,4,4,1,2,,0,7,7.67005,2.59824,2.95201,1.06967,0.201091,0.0681199,0.13297106325626373,0.257512,1.29795,0.302018,0.714206,,,3.90187,0.0112289,0.000479322,999,,,,,,,34.10000000000001,4.262500000000001,35,4.375,,,,,,,,,,,,,,,,,,,"Joe Mantiply","14857",573009
"Wyatt Mills","LAD",0,0,0,4.2703,13,0,0,0,,13,60,12,7,6,2,6,,1,13,8.87068,4.19695,2.1136,1.07475,0.217263,0.102793,0.11447043716907501,0.227348,1.37808,0.272718,0.70189,,,4.26475,0.0110552,-0.0188616,999,,,,,,,45.39999999999999,3.4923076923076914,44,3.3846153846153846,,,,,,,,,,,,,,,,,,,"Wyatt Mills","20010",670090
"Sean Guenther","DET",0,0,0,3.88904,4,0,0,0,,4,19,4,2,2,0,1,,0,4,7.11384,2.72588,2.60975,0.851452,0.186545,0.0714802,0.11506498605012894,0.254167,1.29456,0.297375,0.709801,,,3.7605,0.0107884,0.000759148,999,,,,,,,24.200000000000003,6.050000000000001,25,6.25,,,,,,,,,,,,,,,,,,,"Sean Guenther","20045",674944
"Beck Way","KCR",0,0,0,4.2703,29,0,0,4,,29,131,26,15,14,3,13,,2,28,8.87068,4.19695,2.1136,1.07475,0.217263,0.102793,0.1144704520702362,0.227348,1.37808,0.272718,0.70189,,,4.26475,0.010689,0.00251962,999,,,,,,,137.10000000000002,4.727586206896553,133,4.586206896551724,,,,,,,,,,,,,,,,,,,"Beck Way","27877",694360
"Hunter Stratton","ATL",1,1,0,4.2818,22,0,0,0,,22,97,22,12,11,3,8,,1,20,7.95347,3.39162,2.34504,1.08982,0.204439,0.0871796,0.11725986003875732,0.251368,1.35394,0.296986,0.706522,,,4.21837,0.0105724,-0.0330292,999,,,,,,,81.7,3.713636363636364,84,3.8181818181818183,,,,,,,,,,,,,,,,,,,"Hunter Stratton","23455",676702
"Jordan Romano","COL",1,1,0,4.7078,9,0,0,0,,9,38,8,5,5,1,4,,1,9,9.19242,3.61254,2.54458,1.33695,0.236564,0.0929677,0.14359652996063232,0.247489,1.35406,0.30011,0.685361,,,4.39802,0.0103813,0.00156401,688.9600219726562,,,,,,,36.500000000000014,4.055555555555557,35,3.888888888888889,,,,,,,,,,,,,,,,,,,"Jordan Romano","16122",605447
"Alex Hoppe","SEA",1,1,0,4.19891,31,0,0,6,,31,137,29,16,15,3,15,,1,29,8.33813,4.42528,1.8842,0.907222,0.211167,0.112072,0.09909459203481674,0.244499,1.43345,0.297734,0.716796,,,4.16921,0.0103719,-0.0553908,999,,,,,,,151.09999999999997,4.874193548387096,150,4.838709677419355,,,,,,,,,,,,,,,,,,,"Alex Hoppe","31880",695380
"Rob Zastryzny","MIL",1,1,0,4.05393,17,0,0,0,,17,73,16,8,8,2,7,,1,16,8.27393,3.4346,2.40899,1.17195,0.216723,0.0899643,0.12675891816616058,0.236533,1.28318,0.279268,0.720858,,,4.25025,0.0103598,0.0104433,999,,,,,,,67.60000000000002,3.9764705882352955,67,3.9411764705882355,,,,,,,,,,,,,,,,,,,"Rob Zastryzny","15094",642239
"Ian Hamilton","ATL",0,0,0,3.87886,6,0,0,0,,6,24,5,3,2,1,3,,0,6,9.2156,4.01365,2.29606,0.910084,0.239241,0.104196,0.13504495471715927,0.233598,1.33293,0.294116,0.725613,,,3.82076,0.00999311,-0.000662917,999,,,,,,,22.10000000000001,3.683333333333335,20,3.3333333333333335,,,,,,,,,,,,,,,,,,,"Ian Hamilton","19261",641656
"Yuki Matsui","SDP",1,1,0,4.12543,31,0,0,4,,31,131,26,15,14,4,14,,1,31,9.07477,4.14982,2.18679,1.20595,0.236505,0.108152,0.12835341691970825,0.228416,1.32255,0.276692,0.726291,,,4.30597,0.00959401,-0.00834895,999,,,,,,,145.6,4.696774193548387,136,4.387096774193548,,,,,,,,,,,,,,,,,,,"Yuki Matsui","33826",673513
"Justin Hagenman","NYM",0,0,0,4.12226,7,0,0,0,,7,28,6,3,3,1,2,,0,6,8.2211,2.3163,3.54924,1.32947,0.220214,0.0620453,0.15816828608512878,0.246005,1.20681,0.286507,0.708951,,,4.06418,0.00959124,0.0110111,999,,,,,,,29.9,4.271428571428571,28,4,,,,,,,,,,,,,,,,,,,"Justin Hagenman","21546",663795
"Jhancarlos Lara","WSN",0,0,0,4.43846,6,0,0,0,,6,24,5,3,3,1,3,,0,6,10.4353,5.1229,2.03699,0.844821,0.26336,0.129289,0.13407091796398163,0.228693,1.43203,0.305203,0.688894,,,3.89575,0.00956649,-0.00111818,999,,,,,,,22.10000000000001,3.683333333333335,20,3.3333333333333335,,,,,,,,,,,,,,,,,,,"Jhancarlos Lara","sa3019367",702910
"Alec Gamboa","BOS",0,0,0,4.2703,20,0,0,0,,20,89,18,10,9,2,9,,1,19,8.87068,4.19695,2.1136,1.07475,0.217263,0.102793,0.11447042971849442,0.227348,1.37808,0.272718,0.70189,,,4.26475,0.00941362,0.0152585,999,,,,,,,84.60000000000001,4.23,82,4.1,,,,,,,,,,,,,,,,,,,"Alec Gamboa","26227",687941
"Daniel Espino","CLE",2,2,0,4.21319,29,0,0,4,,29,125,26,15,14,4,14,,1,30,9.4948,4.40581,2.15506,1.10954,0.243666,0.113067,0.13059933483600616,0.2333,1.37502,0.291226,0.720362,,,4.20001,0.00939667,-0.0162004,999,,,,,,,128.80000000000004,4.441379310344829,124,4.275862068965517,,,,,,,,,,,,,,,,,,,"Daniel Espino","sa3011495",682982
"Codi Heuer","CLE",1,1,0,4.14965,21,0,0,0,,21,91,20,11,10,3,9,,1,20,8.35785,3.76176,2.22179,1.13222,0.214813,0.0966846,0.11812865734100342,0.244748,1.36099,0.292013,0.725672,,,4.29319,0.00930383,-0.0159558,999,,,,,,,76.5,3.642857142857143,76,3.619047619047619,,,,,,,,,,,,,,,,,,,"Codi Heuer","23293",676051
"PJ Poulin","WSN",2,2,0,4.23276,31,0,0,5,,31,136,29,16,15,4,14,,2,28,8.10609,4.13434,1.96067,1.05856,0.206592,0.105368,0.101223886013031,0.244737,1.39949,0.291353,0.719362,,,4.38772,0.00917785,-0.00177711,999,,,,,,,132.79999999999998,4.283870967741935,131,4.225806451612903,,,,,,,,,,,,,,,,,,,"PJ Poulin","23394",676571
"Coleman Crow","MIL",1,1,0,4.16819,10,0,0,0,,10,43,10,5,5,1,3,,0,9,7.99437,2.77304,2.8829,1.1759,0.211116,0.0732304,0.1378852128982544,0.244889,1.25185,0.28682,0.700181,,,4.08816,0.00912443,-0.00301228,999,,,,,,,44.7,4.470000000000001,46,4.6,,,,,,,,,,,,,,,,,,,"Coleman Crow","27926",689441
"Nick Raquet","BAL",1,1,0,4.45193,19,0,0,0,,19,81,19,10,9,2,7,,1,15,7.1058,3.28325,2.16425,1.12823,0.181913,0.0840534,0.0978594720363617,0.259637,1.38531,0.296837,0.700638,,,4.38455,0.00901345,-0.0166978,999,,,,,,,72.6,3.8210526315789473,75,3.9473684210526314,,,,,,,,,,,,,,,,,,,"Nick Raquet","20333",675919
"Sammy Peralta","COL",1,3,0,5.19511,23,0,2,0,,23,105,26,15,13,3,11,,1,19,7.23001,4.13259,1.74951,1.15129,0.178049,0.101771,0.07627809792757034,0.273594,1.5552,0.314854,0.674198,,,4.67881,0.00875726,-0.0559699,999,,,,,,,77.70000000000002,3.378260869565218,88,3.8260869565217392,,,,,,,,,,,,,,,,,,,"Sammy Peralta","25589",671111
"Najer Victor","LAA",0,0,0,4.2703,14,0,0,0,,14,66,13,8,7,2,7,,1,14,8.87068,4.19695,2.1136,1.07475,0.217263,0.102793,0.1144704520702362,0.227348,1.37808,0.272718,0.70189,,,4.26475,0.00865889,-0.0253052,999,,,,,,,49.20000000000003,3.5142857142857165,48,3.4285714285714284,,,,,,,,,,,,,,,,,,,"Najer Victor","sa3025330",695402
"Ryan Watson","BOS",1,1,0,4.57747,26,0,0,2,,26,115,27,15,13,3,10,,1,22,7.56497,3.33688,2.26708,1.17052,0.193494,0.0853495,0.10814441740512848,0.259655,1.39137,0.30086,0.693411,,,4.35503,0.00825306,-0.0439415,999,,,,,,,104.3,4.0115384615384615,110,4.230769230769231,,,,,,,,,,,,,,,,,,,"Ryan Watson","27853",670245
"Danny Young","ATL",0,0,0,3.98561,8,0,0,0,,8,34,7,4,3,1,4,,1,8,9.36508,4.05284,2.31074,0.837847,0.23965,0.103711,0.1359388828277588,0.234235,1.34044,0.298909,0.709925,,,3.85972,0.00824149,-0.000883889,999,,,,,,,29.700000000000006,3.712500000000001,28,3.5,,,,,,,,,,,,,,,,,,,"Danny Young","18439",664849
"Colin Selby","BAL",0,1,0,3.99443,11,0,0,0,,11,47,10,5,5,1,5,,0,11,9.0641,3.8313,2.3658,1.05556,0.236938,0.100151,0.13678693771362305,0.231526,1.30242,0.285255,0.720424,,,4.00693,0.0081332,0.0146837,999,,,,,,,50.10000000000001,4.554545454545456,49,4.454545454545454,,,,,,,,,,,,,,,,,,,"Colin Selby","24986",681882
"Joey Estes","ATH",2,3,1,5.3108,22,3,0,0,,36,155,38,23,21,7,11,,2,25,6.31124,2.70785,2.33072,1.77245,0.161808,0.069424,0.09238393604755402,0.266938,1.36052,0.28088,0.662902,,,5.35522,0.00800112,-0.050657,999,,,,,,,92.50000000000004,2.5694444444444455,100,2.7777777777777777,,,,,,,,,,,,,,,,,,,"Joey Estes","26257",683155
"DL Hall","MIL",1,1,0,3.97545,23,0,0,0,,23,99,20,11,10,2,12,,1,23,8.86621,4.68885,1.89091,0.945407,0.227663,0.120398,0.10726474970579147,0.226212,1.3717,0.279223,0.728031,,,4.19957,0.00797697,0.00862667,999,,,,,,,100.60000000000002,4.373913043478262,96,4.173913043478261,,,,,,,,,,,,,,,,,,,"DL Hall","22207",669084
"Charlie Barnes","LAD",0,0,0,4.2703,9,0,0,0,,9,40,8,5,4,1,4,,1,9,8.87068,4.19695,2.1136,1.07475,0.217263,0.102793,0.11447044461965561,0.227348,1.37808,0.272718,0.70189,,,4.26475,0.00765363,-0.0177906,999,,,,,,,36.500000000000014,4.055555555555557,35,3.888888888888889,,,,,,,,,,,,,,,,,,,"Charlie Barnes","19865",656212
"Jordan Leasure","CHW",0,1,0,4.21271,8,0,0,0,,8,34,7,4,4,1,3,,0,9,9.88484,3.85895,2.56154,1.46003,0.260384,0.101652,0.15873274207115173,0.222974,1.26671,0.270559,0.729062,,,4.39743,0.00764945,0.00152605,717.510009765625,,,,,,,37.7,4.7125,36,4.5,,,,,,,,,,,,,,,,,,,"Jordan Leasure","29950",673929
"Nate Pearson","HOU",1,2,0,4.57341,31,0,0,5,,31,134,28,17,16,4,15,,2,30,8.81865,4.4041,2.00237,1.23072,0.224376,0.112055,0.11232099682092667,0.238456,1.40053,0.286343,0.70151,,,4.56038,0.00738289,-0.0542417,999,,,,,,,136.39999999999998,4.3999999999999995,132,4.258064516129032,,,,,,,,,,,,,,,,,,,"Nate Pearson","20160",663878
"Taylor Rashi","MIN",1,1,0,4.0937,14,0,0,0,,14,62,14,7,6,2,6,,0,13,8.27695,4.05975,2.03878,1.04115,0.211786,0.103879,0.10790758579969406,0.246847,1.40484,0.296305,0.732516,,,4.20543,0.00733334,0.00372226,999,,,,,,,50.60000000000003,3.6142857142857165,52,3.7142857142857144,,,,,,,,,,,,,,,,,,,"Taylor Rashi","26344",688497
"Jake Cousins","LAD",0,0,0,4.1057,6,0,0,0,,6,24,5,3,3,1,3,,0,6,9.97022,4.59716,2.16878,1.07973,0.256674,0.11835,0.13832438737154007,0.224717,1.35426,0.286455,0.723596,,,4.13652,0.00695916,-0.00157597,999,,,,,,,22.10000000000001,3.683333333333335,20,3.3333333333333335,,,,,,,,,,,,,,,,,,,"Jake Cousins","21620",664776
"Alex McFarlane","PHI",0,0,0,4.2703,10,0,0,0,,10,46,9,5,5,1,5,,1,10,8.87068,4.19695,2.1136,1.07475,0.217263,0.102793,0.11447042971849442,0.227348,1.37808,0.272718,0.70189,,,4.26475,0.00684238,0.000628799,999,,,,,,,40.300000000000004,4.03,39,3.9,,,,,,,,,,,,,,,,,,,"Alex McFarlane","sa3020633",686934
"Alex Cook","TBR",0,0,0,4.2703,10,0,0,0,,10,47,10,6,5,1,5,,1,10,8.87068,4.19695,2.1136,1.07475,0.217263,0.102793,0.11447042971849442,0.227348,1.37808,0.272718,0.70189,,,4.26475,0.00681523,-0.0270746,999,,,,,,,37.7,3.7700000000000005,39,3.9,,,,,,,,,,,,,,,,,,,"Alex Cook","sa3020879",702047
"Eduardo Rivera","BOS",0,0,0,4.2703,14,0,0,0,,14,63,13,7,7,2,6,,1,14,8.87068,4.19695,2.1136,1.07475,0.217263,0.102793,0.1144704595208168,0.227348,1.37808,0.272718,0.70189,,,4.26475,0.00658953,0.0106809,999,,,,,,,52.20000000000003,3.728571428571431,51,3.642857142857143,,,,,,,,,,,,,,,,,,,"Eduardo Rivera","31280",700842
"Brendan Beck","NYY",0,0,0,4.2703,9,0,0,0,,9,41,8,5,4,1,4,,1,9,8.87068,4.19695,2.1136,1.07475,0.217263,0.102793,0.1144704520702362,0.227348,1.37808,0.272718,0.70189,,,4.26475,0.00632923,-0.0154768,999,,,,,,,36.500000000000014,4.055555555555557,35,3.888888888888889,,,,,,,,,,,,,,,,,,,"Brendan Beck","33043",694341
"Tommy Kahnle","BOS",1,2,0,4.38355,34,0,0,7,,34,151,32,18,17,4,17,,1,30,7.87693,4.39091,1.79392,1.06138,0.199879,0.11142,0.08845844119787216,0.243764,1.42588,0.287255,0.711044,,,4.4798,0.00611709,0.0566375,748.510009765625,,,,,,,153.20000000000005,4.505882352941178,152,4.470588235294118,,,,,,,,,,,,,,,,,,,"Tommy Kahnle","11384",592454
"Ryan Lambert","NYM",1,1,0,4.22591,20,0,0,0,,20,89,17,10,9,2,12,,1,23,10.0653,5.39712,1.86494,0.985777,0.25391,0.136149,0.1177603006362915,0.225663,1.44773,0.291888,0.72417,,,4.23168,0.00604456,-0.01425,999,,,,,,,86.2,4.3100000000000005,81,4.05,,,,,,,,,,,,,,,,,,,"Ryan Lambert","sa3025613",822038
"Ryan Yarbrough","NYY",1,1,0,4.26568,30,0,0,4,,30,125,28,15,14,4,9,,2,24,7.27077,2.86853,2.53467,1.27231,0.190707,0.0752396,0.11546766757965088,0.244526,1.26061,0.275788,0.701454,,,4.47978,0.00601229,-0.000626461,999,,,,,,,131,4.366666666666666,129,4.3,,,,,,,,,,,,,,,,,,,"Ryan Yarbrough","16502",642232
"Nick Mears","KCR",1,2,0,4.41912,23,0,0,0,,23,100,22,12,11,3,10,,1,22,8.41421,3.75574,2.24036,1.15834,0.21762,0.0971362,0.12048352509737015,0.242234,1.34754,0.288671,0.697158,,,4.27582,0.00588519,-0.00105157,999,,,,,,,87.10000000000001,3.786956521739131,87,3.782608695652174,,,,,,,,,,,,,,,,,,,"Nick Mears","25376",683232
"Chris Murphy","CHW",1,1,0,4.31633,20,0,0,0,,20,90,19,11,10,2,10,,1,19,8.15768,4.54534,1.79473,1.05655,0.206667,0.115152,0.0915149673819542,0.238221,1.41504,0.283459,0.714602,,,4.51579,0.00577234,-0.0263876,999,,,,,,,79,3.95,79,3.95,,,,,,,,,,,,,,,,,,,"Chris Murphy","26214",669684
"Trevor Richards","CHW",1,1,0,4.83862,30,0,0,4,,30,127,28,17,16,5,12,,1,28,8.6327,3.68728,2.34121,1.45864,0.223474,0.0954524,0.12802180647850037,0.243486,1.34629,0.284193,0.680652,,,4.63024,0.00564834,-0.0546068,999,,,,,,,120.7,4.023333333333333,118,3.933333333333333,,,,,,,,,,,,,,,,,,,"Trevor Richards","19309",670950
"Yariel Rodríguez","TOR",0,0,0,4.17163,9,0,0,0,,9,38,8,4,4,1,4,,1,9,9.11129,4.32701,2.10568,1.10102,0.234178,0.111212,0.12296545505523682,0.22763,1.3384,0.279267,0.715071,,,4.33691,0.00531265,0.0158837,999,,,,,,,36.500000000000014,4.055555555555557,35,3.888888888888889,,,,,,,,,,,,,,,,,,,"Yariel Rodriguez","33838",684320
"Tristan Beck","SFG",1,1,0,4.22743,23,0,0,0,,23,100,23,12,11,3,8,,1,19,7.25725,3.12093,2.32534,1.05745,0.188211,0.0809389,0.1072719469666481,0.25259,1.33022,0.291606,0.70313,,,4.19237,0.00517441,-0.0287044,999,,,,,,,84.50000000000001,3.6739130434782616,87,3.782608695652174,,,,,,,,,,,,,,,,,,,"Tristan Beck","21584",663941
"Grant Holman","PHI",1,0,0,4.22441,7,0,0,0,,7,29,6,3,3,1,3,,0,6,7.85382,3.72387,2.10905,1.10185,0.202935,0.0962214,0.10671404749155045,0.24575,1.3619,0.288401,0.715417,,,4.27717,0.00511349,0.0157155,999,,,,,,,26.9,3.8428571428571425,25,3.5714285714285716,,,,,,,,,,,,,,,,,,,"Grant Holman","30002",680880
"Derek Law","ARI",1,1,0,4.1454,11,0,0,0,,11,48,11,6,5,1,4,,0,9,7.50705,3.3215,2.26014,0.983705,0.193912,0.0857964,0.10811545699834824,0.25377,1.35865,0.297782,0.711661,,,4.0634,0.00481676,-0.0155784,999,,,,,,,46.50000000000001,4.2272727272727275,48,4.363636363636363,,,,,,,,,,,,,,,,,,,"Derek Law","13133",571882
"Joe Rock","CHW",1,1,0,4.05231,23,0,0,0,,23,98,22,11,10,3,8,,1,20,7.87188,3.361,2.34212,1.15147,0.202874,0.0866199,0.1162545308470726,0.24915,1.33905,0.291564,0.732491,,,4.32597,0.00465319,0.0195709,999,,,,,,,89.10000000000001,3.8739130434782614,89,3.869565217391304,,,,,,,,,,,,,,,,,,,"Joe Rock","30016",697812
"Burch Smith","DET",0,0,0,4.33553,8,0,0,0,,8,33,8,4,4,1,3,,0,7,8.54488,3.19813,2.67184,1.1769,0.222955,0.0834462,0.13950882852077484,0.247036,1.31007,0.295907,0.697834,,,4.08707,0.00460645,0.0015183,999,,,,,,,31.100000000000005,3.8875000000000006,32,4,,,,,,,,,,,,,,,,,,,"Burch Smith","12784",572143
"Jack Ralston","MIA",0,0,0,4.2703,11,0,0,0,,11,50,10,6,5,1,5,,1,11,8.87068,4.19695,2.1136,1.07475,0.217263,0.102793,0.11447042971849442,0.227348,1.37808,0.272718,0.70189,,,4.26475,0.00451603,-0.0149331,999,,,,,,,47.10000000000001,4.281818181818182,46,4.181818181818182,,,,,,,,,,,,,,,,,,,"Jack Ralston","sa3011296",667652
"John Brebbia","COL",1,1,0,5.00014,13,0,0,0,,13,58,14,8,7,2,5,,1,13,8.55494,3.26625,2.61919,1.53611,0.218258,0.0833301,0.1349276900291443,0.260078,1.38576,0.303088,0.681786,,,4.68963,0.0044963,-0.0187815,999,,,,,,,43.199999999999996,3.323076923076923,47,3.6153846153846154,,,,,,,,,,,,,,,,,,,"John Brebbia","12777",605154
"Zach McCambley","CIN",1,1,0,4.52398,26,0,0,0,,26,112,24,14,13,3,13,,2,25,8.97288,4.43561,2.02292,1.21599,0.227291,0.112358,0.11493313312530518,0.240338,1.4135,0.291097,0.708235,,,4.53459,0.00439797,-0.0153781,999,,,,,,,98.1,3.773076923076923,96,3.6923076923076925,,,,,,,,,,,,,,,,,,,"Zach McCambley","27666",685112
"Michael Kopech",,1,1,0,4.43721,16,0,0,0,,16,69,13,8,8,2,10,,1,17,9.71782,5.53359,1.75615,1.12138,0.245129,0.139583,0.10554589331150055,0.221178,1.44126,0.277172,0.714672,,,4.57054,0.00402817,0.0496244,999,,,,,,,61.000000000000014,3.812500000000001,55,3.4375,,,,,,,,,,,,,,,,,,,"Michael Kopech","17282",656629
"AJ Smith-Shawver","ATL",0,0,0,3.95514,4,0,0,0,,4,19,4,2,2,1,2,,0,5,9.84952,3.65746,2.69299,1.14028,0.259308,0.0962898,0.16301805526018143,0.231173,1.28137,0.291856,0.72799,,,3.86957,0.00398397,-0.000441944,999,,,,,,,10.9,2.725,11,2.75,,,,,,,,,,,,,,,,,,,"AJ Smith-Shawver","29960",700363
"Zack Kelly","BOS",1,1,0,4.37994,24,0,0,0,,24,104,22,13,12,3,11,,1,22,8.25225,3.98841,2.06906,1.07563,0.212248,0.102582,0.1096661388874054,0.238638,1.35525,0.284522,0.695556,,,4.31859,0.00375216,-0.0108589,999,,,,,,,91.50000000000001,3.8125000000000004,89,3.7083333333333335,,,,,,,,,,,,,,,,,,,"Zack Kelly","20349",677161
"C.J. Culpepper","MIN",0,0,0,4.2703,9,0,0,0,,9,40,8,5,4,1,4,,1,9,8.87068,4.19695,2.1136,1.07475,0.217263,0.102793,0.1144704520702362,0.227348,1.37808,0.272718,0.70189,,,4.26475,0.00373823,-0.0126333,999,,,,,,,36.500000000000014,4.055555555555557,35,3.888888888888889,,,,,,,,,,,,,,,,,,,"C.J. Culpepper","sa3020563",690217
"Bruce Zimmermann","STL",0,1,0,4.07699,7,0,0,0,,7,31,8,4,3,1,2,,0,6,7.10766,2.12896,3.33857,1.17612,0.187375,0.0561243,0.13125049322843552,0.264205,1.28145,0.301278,0.718309,,,4.00389,0.00357943,-0.0193117,999,,,,,,,24.7,3.5285714285714285,28,4,,,,,,,,,,,,,,,,,,,"Bruce Zimmermann","20370",669145
"Beau Burrows","PIT",0,0,0,4.2703,10,0,0,0,,10,45,9,5,5,1,5,,1,10,8.87068,4.19695,2.1136,1.07475,0.217263,0.102793,0.11447044461965561,0.227348,1.37808,0.272718,0.70189,,,4.26475,0.00339314,0.00103858,999,,,,,,,40.300000000000004,4.03,39,3.9,,,,,,,,,,,,,,,,,,,"Beau Burrows","18873",663366
"Josh Walker","BAL",1,0,0,4.35327,16,0,0,0,,16,72,16,9,8,2,7,,1,16,8.86048,4.06794,2.17812,1.24477,0.225402,0.103484,0.12191731482744217,0.24571,1.39993,0.296011,0.724673,,,4.46341,0.00328884,-0.0317708,999,,,,,,,60.20000000000001,3.7625000000000006,62,3.875,,,,,,,,,,,,,,,,,,,"Josh Walker","23617",677020
"Wilian Bormie","TEX",0,0,0,4.2703,6,0,0,0,,6,25,5,3,3,1,3,,0,6,8.87068,4.19695,2.1136,1.07475,0.217263,0.102793,0.11447044461965561,0.227348,1.37808,0.272718,0.70189,,,4.26475,0.00316969,-0.000383453,999,,,,,,,22.10000000000001,3.683333333333335,20,3.3333333333333335,,,,,,,,,,,,,,,,,,,"Wilian Bormie","sa3020327",693781
"Riley Martin","CHC",1,0,0,4.036,8,0,0,0,,8,34,7,4,3,1,4,,0,8,9.19739,4.90343,1.87571,0.964198,0.234559,0.125051,0.10950776934623718,0.231921,1.4235,0.290095,0.735021,,,4.15829,0.00310822,-0.00373062,999,,,,,,,32.7,4.0875,31,3.875,,,,,,,,,,,,,,,,,,,"Riley Martin","29934",702303
"Ricky Vanasco","DET",0,0,0,4.34794,10,0,0,0,,10,43,9,5,5,1,6,,1,10,9.03504,5.21087,1.73388,0.966825,0.225391,0.129992,0.09539879858493805,0.238036,1.48806,0.296057,0.719871,,,4.39851,0.00292756,0.00189787,999,,,,,,,37.300000000000004,3.7300000000000004,36,3.6,,,,,,,,,,,,,,,,,,,"Ricky Vanasco","23391",676568
"Nick Frasso","LAD",0,0,0,4.2703,3,0,0,0,,3,15,3,2,2,0,2,,0,3,8.87068,4.19695,2.1136,1.07475,0.217263,0.102793,0.11447043716907501,0.227348,1.37808,0.272718,0.70189,,,4.26475,0.00255121,-0.0160835,999,,,,,,,14.400000000000002,4.800000000000001,15,5,,,,,,,,,,,,,,,,,,,"Nick Frasso","sa3014492",693308
"Chase Lee","TOR",1,1,0,4.25336,12,0,0,0,,12,50,11,6,6,2,4,,1,11,8.34255,3.18186,2.62191,1.22457,0.217317,0.082885,0.13443173468112946,0.244641,1.29601,0.289092,0.707649,,,4.25876,0.00250606,0.000718983,999,,,,,,,42.600000000000016,3.550000000000001,41,3.4166666666666665,,,,,,,,,,,,,,,,,,,"Chase Lee","29574",695445
"Kervin Castro","NYY",1,1,0,4.37199,19,0,0,0,,19,83,18,10,9,2,8,,1,17,7.97561,3.77075,2.11513,1.08683,0.206096,0.097439,0.10865676403045654,0.240859,1.34225,0.283944,0.694035,,,4.30214,0.00248974,-0.0157198,999,,,,,,,76.2,4.010526315789474,76,4,,,,,,,,,,,,,,,,,,,"Kervin Castro","21656",665645
"John Klein","MIN",1,2,0,4.47235,20,0,0,0,,20,88,19,11,10,3,8,,1,19,8.32966,3.57799,2.32803,1.15357,0.213636,0.0917671,0.12186897546052933,0.247194,1.35309,0.294242,0.692673,,,4.32023,0.00220654,-0.0247473,999,,,,,,,72.69999999999999,3.6349999999999993,72,3.6,,,,,,,,,,,,,,,,,,,"John Klein","32155",804619
"Ryan Weiss","HOU",0,0,0,4.32047,7,0,0,0,,7,29,6,3,3,1,3,,0,7,9.15198,3.95919,2.31158,1.18554,0.235013,0.101668,0.13334525376558304,0.239582,1.35675,0.293148,0.712217,,,4.28391,0.001122,0.0158089,725.9600219726562,,,,,,,28.900000000000013,4.128571428571431,27,3.857142857142857,,,,,,,,,,,,,,,,,,,"Ryan Weiss","24621",680802
"Jack Anderson","BOS",1,1,0,4.50004,10,0,0,0,,10,44,11,6,5,2,3,,0,8,7.32793,2.5956,2.82321,1.32939,0.190947,0.0676346,0.12331234663724899,0.263263,1.32825,0.298581,0.699774,,,4.33946,0.0010176,-0.0214166,999,,,,,,,27.799999999999997,2.78,31,3.1,,,,,,,,,,,,,,,,,,,"Jack Anderson","30086",681252
"Franco Aleman","CLE",1,2,0,4.21694,24,0,0,0,,24,107,22,12,11,3,13,,2,27,9.77885,4.61062,2.12094,1.12273,0.247903,0.116884,0.13101954013109207,0.235449,1.40845,0.297282,0.728768,,,4.28388,0.000876909,-0.000710556,999,,,,,,,92.50000000000001,3.8541666666666674,90,3.75,,,,,,,,,,,,,,,,,,,"Franco Aleman","30195",680916
"Easton McGee","MIL",0,0,0,4.12415,9,0,0,0,,9,39,9,5,4,1,3,,1,8,7.56627,3.2935,2.29733,1.06511,0.196019,0.0853245,0.11069422960281372,0.24697,1.32033,0.28776,0.712119,,,4.23546,0.00067437,-0.018173,999,,,,,,,34.90000000000001,3.877777777777779,36,4,,,,,,,,,,,,,,,,,,,"Easton McGee","22176",668834
"Max Kranick","WSN",0,0,0,4.50659,8,0,0,0,,8,35,8,5,4,1,3,,0,7,7.05755,2.77248,2.54558,1.36413,0.184419,0.0724469,0.1119721531867981,0.256499,1.31197,0.286197,0.69805,,,4.52164,0.000633187,-0.0320417,999,,,,,,,31.100000000000005,3.8875000000000006,32,4,,,,,,,,,,,,,,,,,,,"Max Kranick","22175",668820
"Spencer Bivens","SFG",0,0,0,4.15044,10,0,0,0,,10,43,10,5,5,1,3,,1,7,6.71981,2.93153,2.29225,0.987209,0.173208,0.0755623,0.09764541685581207,0.257913,1.3371,0.294183,0.706223,,,4.20559,0.000608593,-0.00563521,999,,,,,,,37.7,3.7700000000000005,39,3.9,,,,,,,,,,,,,,,,,,,"Spencer Bivens","30226",702352
"Cionel Pérez","NYM",2,2,0,4.25479,30,0,0,4,,30,134,28,16,14,3,16,,2,26,7.83111,4.73109,1.65524,0.759811,0.19644,0.118677,0.07776245474815369,0.243138,1.4605,0.294228,0.705231,,,4.21614,0.000432897,-0.0531059,999,,,,,,,126.3,4.21,125,4.166666666666667,,,,,,,,,,,,,,,,,,,"Cionel Perez","19614",672335
"Joe Ross","TEX",1,1,0,4.35103,25,0,0,0,,25,106,24,13,12,3,9,,1,20,7.24615,3.26483,2.21946,1.16738,0.187123,0.0843102,0.10281252861022949,0.252895,1.34779,0.288942,0.705116,,,4.40384,0.000406083,-0.0169678,999,,,,,,,95.69999999999999,3.8279999999999994,96,3.84,,,,,,,,,,,,,,,,,,,"Joe Ross","12972",605452
"Garrett Acton","MIN",0,1,0,4.40519,13,0,0,0,,13,56,12,7,6,2,6,,0,13,9.0574,3.99398,2.26776,1.31993,0.236345,0.10422,0.13212553411722183,0.230922,1.31753,0.276386,0.706255,,,4.42176,0.000389185,-0.0115891,999,,,,,,,48.39999999999999,3.7230769230769223,47,3.6153846153846154,,,,,,,,,,,,,,,,,,,"Garrett Acton","27583",670183
"Emiliano Teodo","TEX",0,0,0,4.46814,10,0,0,0,,10,45,9,5,5,1,6,,1,10,9.29248,5.55032,1.67422,0.860102,0.230753,0.137827,0.09292635321617126,0.229442,1.48319,0.291085,0.699245,,,4.37627,0.000369537,-0.000639089,999,,,,,,,37.300000000000004,3.7300000000000004,36,3.6,,,,,,,,,,,,,,,,,,,"Emiliano Teodo","sa3015158",693713
"José Leclerc","SDP",1,1,0,4.17265,10,0,0,0,,10,44,9,5,5,1,5,,0,11,9.42014,4.20779,2.23874,1.24581,0.244774,0.109336,0.13543836027383804,0.228507,1.32944,0.279683,0.726895,,,4.32371,0.000237415,-0.00785295,999,,,,,,,45.300000000000004,4.53,44,4.4,,,,,,,,,,,,,,,,,,,"Jose Leclerc","14524",600917
"Paul Gervase","LAD",1,1,0,4.5323,21,0,0,0,,21,92,19,12,11,3,11,,1,22,9.34335,4.48201,2.08463,1.33147,0.239466,0.114872,0.12459375709295273,0.231854,1.37634,0.28068,0.708985,,,4.5927,0.0000637312,-0.0517393,999,,,,,,,77.1,3.6714285714285713,74,3.5238095238095237,,,,,,,,,,,,,,,,,,,"Paul Gervase","31571",801434
"Shane Murphy","CHW",0,0,0,4.36475,5,0,0,0,,5,19,5,2,2,1,1,,0,3,6.15595,2.18125,2.82221,1.35278,0.161916,0.0573722,0.10454428941011429,0.264933,1.29118,0.287569,0.706953,,,4.48761,-0.00000252332,0.016228,999,,,,,,,14.7,2.94,15,3,,,,,,,,,,,,,,,,,,,"Shane Murphy","sa3020389",690294
"Prelander Berroa","CHW",0,0,0,4.35301,7,0,0,0,,7,30,6,4,3,1,4,,0,7,9.09082,5.25834,1.72884,1.07503,0.228715,0.132294,0.0964207798242569,0.233283,1.46966,0.28732,0.724748,,,4.50053,-0.000300941,-0.0137417,999,,,,,,,25.900000000000013,3.700000000000002,24,3.4285714285714284,,,,,,,,,,,,,,,,,,,"Prelander Berroa","22932",672860
"Matt Krook","ATH",0,0,0,4.47361,4,0,0,0,,4,20,4,2,2,0,3,,0,4,8.6188,5.37902,1.6023,0.866194,0.213247,0.133088,0.08015909790992737,0.24461,1.53998,0.302338,0.711402,,,4.35618,-0.000336394,0.00227094,999,,,,,,,18.200000000000003,4.550000000000001,19,4.75,,,,,,,,,,,,,,,,,,,"Matt Krook","19315",640454
"Marco Raya","MIN",1,1,0,4.47304,12,0,0,0,,12,53,12,7,6,1,5,,1,11,7.98121,4.04121,1.97495,1.04388,0.201844,0.102202,0.09964212030172348,0.251191,1.42519,0.298324,0.700794,,,4.36115,-0.000337394,-0.0267993,999,,,,,,,49.30000000000001,4.108333333333334,51,4.25,,,,,,,,,,,,,,,,,,,"Marco Raya","sa3014550",694397
"Rafael Montero","NYY",0,0,0,4.42428,3,0,0,0,,3,15,3,2,2,0,2,,0,3,8.51585,4.40357,1.93385,1.16149,0.217463,0.11245,0.10501211881637573,0.237593,1.39614,0.283704,0.709037,,,4.49305,-0.000846723,-0.0152228,999,,,,,,,14.400000000000002,4.800000000000001,15,5,,,,,,,,,,,,,,,,,,,"Rafael Montero","12760",606160
"Yaramil Hiraldo","BAL",0,0,0,4.40357,8,0,0,0,,8,33,7,4,4,1,3,,0,8,9.10794,3.82097,2.38367,1.46192,0.237799,0.0997615,0.1380370408296585,0.234376,1.31537,0.277333,0.720191,,,4.5572,-0.000909797,-0.000559809,999,,,,,,,35.7,4.4625,34,4.25,,,,,,,,,,,,,,,,,,,"Yaramil Hiraldo","25215",682274
"Cody Bolton","HOU",0,0,0,4.55314,5,0,0,0,,5,24,5,3,3,1,3,,0,5,8.42645,4.14502,2.03291,1.1518,0.214664,0.105595,0.1090695858001709,0.247608,1.41822,0.295955,0.700797,,,4.37781,-0.00110263,-0.0148384,999,,,,,,,12.7,2.54,13,2.6,,,,,,,,,,,,,,,,,,,"Cody Bolton","23265",675989
"Landon Knack","LAD",0,0,0,4.64043,4,0,0,0,,4,19,4,2,2,1,2,,0,4,8.37375,3.58677,2.33462,1.50307,0.217084,0.0929845,0.12409903854131699,0.245119,1.34344,0.282107,0.705643,,,4.70843,-0.00115143,-0.00105065,999,,,,,,,8.9,2.225,9,2.25,,,,,,,,,,,,,,,,,,,"Landon Knack","27487",689017
"Bryce Jarvis","ARI",0,0,0,4.2703,8,0,0,0,,8,36,7,4,4,1,4,,0,8,8.87068,4.19695,2.1136,1.07475,0.217263,0.102793,0.11447044461965561,0.227348,1.37808,0.272718,0.70189,,,4.26475,-0.0011744,-0.000255408,999,,,,,,,32.7,4.0875,31,3.875,,,,,,,,,,,,,,,,,,,"Bryce Jarvis","27477",686826
"Hayden Harris","ATL",1,1,0,4.10168,26,0,0,0,,26,112,23,13,12,3,13,,1,26,9.19323,4.42106,2.07942,1.03847,0.236546,0.113756,0.12278994172811508,0.23058,1.3633,0.286058,0.722215,,,4.17064,-0.00118313,-0.00287264,999,,,,,,,105.7,4.065384615384615,101,3.8846153846153846,,,,,,,,,,,,,,,,,,,"Hayden Harris","31913",802686
"Jake Bloss","TOR",0,1,0,4.49202,8,0,0,0,,8,34,8,4,4,1,3,,0,7,8.07304,3.68184,2.19267,1.26618,0.207436,0.0946042,0.11283140629529953,0.250442,1.38138,0.292344,0.708251,,,4.46578,-0.00118438,0.000479322,999,,,,,,,31.100000000000005,3.8875000000000006,32,4,,,,,,,,,,,,,,,,,,,"Jake Bloss","33168",814005
"Gregory Santos","SFG",0,0,0,4.13096,12,0,0,0,,12,51,11,6,5,1,5,,1,9,7.01059,3.98205,1.76055,0.727617,0.177401,0.100765,0.07663613557815552,0.251651,1.42101,0.296396,0.705065,,,4.10516,-0.00122878,-0.00676225,999,,,,,,,47.90000000000001,3.9916666666666676,47,3.9166666666666665,,,,,,,,,,,,,,,,,,,"Gregory Santos","21894",666619
"Duncan Davitt","CHW",0,1,0,4.48608,11,0,0,0,,11,49,11,6,6,2,4,,1,9,7.51033,2.95925,2.53792,1.32946,0.194387,0.0765933,0.11779402196407318,0.254627,1.32289,0.289665,0.699851,,,4.52269,-0.00127456,-0.0130082,999,,,,,,,31.200000000000003,2.8363636363636364,32,2.909090909090909,,,,,,,,,,,,,,,,,,,"Duncan Davitt","31886",701474
"Ben Casparius","LAD",1,1,0,4.53,12,0,0,0,,12,53,12,7,6,2,5,,1,11,8.4015,3.55853,2.36095,1.36755,0.216525,0.0917112,0.12481404095888138,0.246805,1.34893,0.28854,0.705712,,,4.55652,-0.00185807,-0.0339393,999,,,,,,,37.000000000000014,3.0833333333333344,38,3.1666666666666665,,,,,,,,,,,,,,,,,,,"Ben Casparius","30085",676508
"Miguel Ullola","HOU",1,1,0,4.27475,12,0,0,0,,12,53,10,6,6,2,7,,1,14,10.1467,5.26674,1.92657,1.14309,0.258757,0.13431,0.12444709241390228,0.219903,1.4055,0.280019,0.724309,,,4.38145,-0.00205388,0.000771078,999,,,,,,,42.20000000000002,3.516666666666668,38,3.1666666666666665,,,,,,,,,,,,,,,,,,,"Miguel Ullola","sa3016504",699044
"Ethan Roberts","CHC",1,1,0,4.24173,24,0,0,0,,24,103,22,12,11,3,10,,2,22,8.19846,3.82378,2.14407,1.16264,0.210638,0.0982422,0.11239589750766754,0.241199,1.34986,0.284741,0.716484,,,4.43145,-0.00223113,-0.0111919,999,,,,,,,91.50000000000001,3.8125000000000004,89,3.7083333333333335,,,,,,,,,,,,,,,,,,,"Ethan Roberts","24930",681799
"Craig Kimbrel","TBR",2,2,0,4.36712,30,0,0,4,,30,130,25,16,15,4,15,,2,35,10.3249,4.50402,2.29237,1.29508,0.266177,0.116114,0.1500624343752861,0.224242,1.34162,0.283437,0.714099,,,4.35757,-0.00227259,-0.0215361,999,,,,,,,142.8,4.760000000000001,133,4.433333333333334,,,,,,,,,,,,,,,,,,,"Craig Kimbrel","6655",518886
"Alex Carrillo","NYM",0,1,0,4.43097,9,0,0,0,,9,39,8,5,4,1,5,,0,9,9.4093,4.90633,1.91779,1.23663,0.239189,0.124721,0.11446765065193176,0.228439,1.40672,0.279744,0.71773,,,4.59829,-0.00238615,-0.02225,999,,,,,,,36.500000000000014,4.055555555555557,35,3.888888888888889,,,,,,,,,,,,,,,,,,,"Alex Carrillo","26463",692024
"Enmanuel De Jesus","DET",1,1,0,4.317,31,0,0,5,,31,138,30,16,15,3,15,,2,27,7.86457,4.18284,1.8802,0.999731,0.199069,0.105877,0.09319248050451279,0.246763,1.41808,0.292608,0.710223,,,4.38024,-0.00245776,0.0260438,999,,,,,,,137.49999999999997,4.435483870967741,139,4.483870967741935,,,,,,,,,,,,,,,,,,,"Enmanuel De Jesus","18554",646241
"Hunter Bigge","TBR",1,1,0,4.44583,15,0,0,0,,15,65,14,8,7,2,7,,1,14,8.51958,4.03191,2.11304,1.3229,0.21979,0.104016,0.11577380448579788,0.238597,1.35988,0.280361,0.713064,,,4.57771,-0.00247621,-0.0107681,999,,,,,,,54.00000000000001,3.6000000000000005,53,3.533333333333333,,,,,,,,,,,,,,,,,,,"Hunter Bigge","26259",685801
"Pedro Avila","CLE",0,1,0,4.45314,10,0,0,0,,10,44,10,5,5,1,4,,0,9,7.7903,3.78175,2.05997,1.10925,0.197582,0.0959148,0.10166684538125992,0.256827,1.42584,0.301487,0.708552,,,4.37183,-0.00264509,-0.000296065,999,,,,,,,41.7,4.17,43,4.3,,,,,,,,,,,,,,,,,,,"Pedro Avila","18864",658648
"Yosver Zulueta","SEA",0,0,0,3.96809,7,0,0,0,,7,29,6,3,3,1,3,,0,6,8.55626,4.70517,1.81848,0.867073,0.21852,0.120166,0.09835363179445267,0.230231,1.39315,0.283178,0.726324,,,4.16677,-0.00281699,0.00993591,999,,,,,,,26.9,3.8428571428571425,25,3.5714285714285716,,,,,,,,,,,,,,,,,,,"Yosver Zulueta","27765",691172
"Carlos Vargas","SEA",0,0,0,4.15088,5,0,0,0,,5,24,5,3,3,1,2,,0,4,7.19992,3.35693,2.14479,1.00788,0.185831,0.0866427,0.09918804466724396,0.251336,1.34992,0.29074,0.711237,,,4.21486,-0.00285928,-0.0205553,999,,,,,,,13.7,2.7399999999999998,14,2.8,,,,,,,,,,,,,,,,,,,"Carlos Vargas","22915",672841
"Josh Ekness","MIA",1,0,0,4.42909,14,0,0,0,,14,65,13,8,7,1,8,,1,14,8.74636,4.89268,1.78764,0.921426,0.217153,0.121474,0.09567819535732269,0.241246,1.46887,0.298024,0.704586,,,4.41238,-0.00288605,-0.0299843,999,,,,,,,58.50000000000003,4.178571428571431,58,4.142857142857143,,,,,,,,,,,,,,,,,,,"Josh Ekness","33785",694795
"Justin Bruihl","STL",1,2,0,4.2687,30,0,0,4,,30,130,29,15,14,3,12,,3,25,7.46963,3.66977,2.03545,0.900401,0.189926,0.0933094,0.09661704301834106,0.249513,1.37523,0.294298,0.696009,,,4.22286,-0.00307452,-0.0157112,999,,,,,,,130.7,4.3566666666666665,132,4.4,,,,,,,,,,,,,,,,,,,"Justin Bruihl","23779",677865
"Matt Waldron","SDP",0,1,0,4.57996,9,0,0,0,,9,39,9,5,5,1,3,,0,8,7.77289,3.04029,2.55663,1.33388,0.201845,0.0789498,0.12289566546678543,0.254436,1.33089,0.292221,0.692325,,,4.43148,-0.00316944,-0.0229715,999,,,,,,,37.90000000000001,4.211111111111112,39,4.333333333333333,,,,,,,,,,,,,,,,,,,"Matt Waldron","25550",663362
"Zak Kent","WSN",1,1,0,4.53921,21,0,0,0,,21,92,20,12,11,3,9,,1,19,7.89327,3.9436,2.00154,1.12838,0.201518,0.100681,0.10083629190921783,0.247233,1.39392,0.289999,0.694115,,,4.43994,-0.00319014,-0.0499282,999,,,,,,,74.5,3.5476190476190474,74,3.5238095238095237,,,,,,,,,,,,,,,,,,,"Zak Kent","25703",687849
"Jackson Rutledge","PHI",0,0,0,4.77738,8,0,0,0,,8,34,8,5,4,1,3,,1,7,7.58615,3.69301,2.05419,1.30663,0.192428,0.0936759,0.09875214844942093,0.253203,1.39698,0.289306,0.686926,,,4.75767,-0.00324013,-0.0295963,999,,,,,,,28.100000000000005,3.5125000000000006,29,3.625,,,,,,,,,,,,,,,,,,,"Jackson Rutledge","26215",671131
"Antoine Kelly","CHC",0,0,0,4.50353,4,0,0,0,,4,20,4,2,2,0,3,,0,4,7.75109,5.12498,1.51241,0.895807,0.192325,0.127164,0.0651606023311615,0.24713,1.52465,0.294609,0.707965,,,4.51482,-0.00334771,-0.00186531,999,,,,,,,18.200000000000003,4.550000000000001,19,4.75,,,,,,,,,,,,,,,,,,,"Antoine Kelly","sa3011135",681520
"Tyler Gilbert","CHW",1,1,0,4.52422,19,0,0,0,,19,81,18,10,9,3,8,,1,16,7.91638,3.74139,2.11589,1.26535,0.203244,0.096056,0.10718810558319092,0.246905,1.36976,0.28604,0.701968,,,4.56469,-0.00348777,-0.011504,999,,,,,,,61.89999999999999,3.257894736842105,61,3.210526315789474,,,,,,,,,,,,,,,,,,,"Tyler Gilbert","17964",656457
"Alexis Díaz","TEX",0,0,0,4.78725,4,0,0,0,,4,20,4,3,2,1,2,,0,4,8.86059,4.90177,1.80763,1.22675,0.222604,0.123147,0.09945729374885559,0.229251,1.41019,0.274695,0.682339,,,4.84934,-0.00351249,-0.030462,999,,,,,,,8.9,2.225,9,2.25,,,,,,,,,,,,,,,,,,,"Alexis Diaz","21132",664747
"Tayler Saucedo","LAA",1,1,0,4.35306,23,0,0,0,,23,102,22,12,11,3,10,,1,21,7.92643,4.04577,1.95919,1.02649,0.201273,0.102733,0.09854002296924591,0.246853,1.40332,0.292689,0.705657,,,4.36206,-0.00360199,-0.00745445,999,,,,,,,85.10000000000001,3.7,85,3.6956521739130435,,,,,,,,,,,,,,,,,,,"Tayler Saucedo","17888",642048
"Chen Zhong-Ao Zhuang","ATH",0,1,0,4.59328,8,0,0,0,,8,33,8,4,4,1,2,,0,6,7.16633,2.45129,2.9235,1.48731,0.187465,0.0641234,0.12334127724170685,0.262462,1.30793,0.291652,0.699614,,,4.56663,-0.00360907,0.00454187,999,,,,,,,32.10000000000001,4.012500000000001,33,4.125,,,,,,,,,,,,,,,,,,,"Chen Zhong-Ao Zhuang","sa3018174",800018
"Connor Brogdon","CLE",0,0,0,4.75287,4,0,0,0,,4,19,4,3,2,1,2,,0,4,8.62313,3.65972,2.35623,1.53787,0.22266,0.0944986,0.12816162407398224,0.247476,1.36362,0.287113,0.702245,,,4.71837,-0.00368406,-0.0302639,999,,,,,,,8.9,2.225,9,2.25,,,,,,,,,,,,,,,,,,,"Connor Brogdon","21205",641401
"Adbert Alzolay","NYM",1,1,0,4.20661,11,0,0,0,,11,47,10,6,5,2,4,,1,10,8.39792,3.14372,2.67133,1.35527,0.220712,0.0826225,0.13808949291706085,0.238259,1.2595,0.277584,0.716572,,,4.41885,-0.0036851,-0.0236877,999,,,,,,,35.800000000000004,3.254545454545455,34,3.090909090909091,,,,,,,,,,,,,,,,,,,"Adbert Alzolay","17859",640470
"Max Lazar","PHI",0,0,0,4.47485,11,0,0,0,,11,48,11,6,6,2,4,,0,8,6.77847,2.90313,2.33488,1.228,0.176179,0.0754552,0.10072385519742966,0.257514,1.33184,0.288092,0.693711,,,4.43956,-0.00379428,-0.0144486,999,,,,,,,32.2,2.9272727272727277,33,3,,,,,,,,,,,,,,,,,,,"Max Lazar","23426",676661
"Wilkin Ramos","SFG",0,0,0,4.2703,20,0,0,0,,20,91,18,11,9,2,9,,1,20,8.87068,4.19695,2.1136,1.07475,0.217263,0.102793,0.11447044461965561,0.227348,1.37808,0.272718,0.70189,,,4.26475,-0.00380367,-0.0426872,999,,,,,,,86.60000000000001,4.33,84,4.2,,,,,,,,,,,,,,,,,,,"Wilkin Ramos","23988",678576
"Wandy Peralta","SDP",2,1,0,3.93546,32,0,0,6,,32,138,30,15,14,3,14,,2,26,7.30798,3.95451,1.84801,0.913625,0.187223,0.10131,0.08591272681951523,0.242743,1.37221,0.283789,0.729143,,,4.28336,-0.00402481,0.0652811,999,,,,,,,149.9,4.684375,149,4.65625,,,,,,,,,,,,,,,,,,,"Wandy Peralta","14295",593974
"Andry Lara","WSN",0,0,0,4.72842,3,0,0,0,,3,15,3,2,2,0,1,,0,3,6.92327,3.69204,1.87519,1.20215,0.174694,0.093161,0.08153345435857773,0.262586,1.44645,0.296593,0.695054,,,4.67447,-0.00411033,-0.015786,999,,,,,,,17.400000000000002,5.800000000000001,18,6,,,,,,,,,,,,,,,,,,,"Andry Lara","27967",691251
"Evan Fitterer","SDP",0,1,0,4.3651,7,0,0,0,,7,30,7,4,3,1,4,,0,5,6.99587,4.65398,1.5032,0.860447,0.174875,0.116335,0.05853996425867081,0.249951,1.48686,0.29072,0.709286,,,4.48893,-0.00430614,-0.0213809,999,,,,,,,19.3,2.757142857142857,20,2.857142857142857,,,,,,,,,,,,,,,,,,,"Evan Fitterer","sa3011433",683157
"Steven Wilson","TBR",0,0,0,4.68576,8,0,0,0,,8,35,7,5,4,1,4,,0,8,8.68004,4.07217,2.13155,1.47909,0.225134,0.10562,0.11951445043087006,0.231921,1.33114,0.268557,0.694991,,,4.79814,-0.00435867,-0.0275876,999,,,,,,,32.7,4.0875,31,3.875,,,,,,,,,,,,,,,,,,,"Steven Wilson","20353",621051
"Connor Seabold","TOR",0,0,0,4.83271,6,0,0,0,,6,26,6,4,3,1,2,,0,5,7.42994,3.18667,2.33157,1.43864,0.190856,0.0818571,0.10899847000837326,0.259244,1.37249,0.291731,0.686715,,,4.72318,-0.0045309,-0.0298153,999,,,,,,,20.500000000000007,3.416666666666668,21,3.5,,,,,,,,,,,,,,,,,,,"Connor Seabold","19695",657756
"Andrew Walters","CLE",1,1,0,4.19158,17,0,0,0,,17,72,14,8,8,2,8,,1,19,10.0908,4.57557,2.20537,1.22301,0.260276,0.118019,0.14225661009550095,0.225757,1.35691,0.284886,0.729156,,,4.27683,-0.00478683,0.0148935,999,,,,,,,75.80000000000001,4.458823529411766,70,4.117647058823529,,,,,,,,,,,,,,,,,,,"Andrew Walters","33834",689958
"Juan Burgos","ARI",0,0,0,4.55249,10,0,0,0,,10,42,10,5,5,1,4,,0,8,7.09883,3.84904,1.84431,1.03011,0.179614,0.0973879,0.08222588896751404,0.25757,1.43723,0.296752,0.694925,,,4.43092,-0.00480534,-0.00031926,999,,,,,,,39.7,3.97,41,4.1,,,,,,,,,,,,,,,,,,,"Juan Burgos","27271",686228
"Colton Gordon","HOU",1,1,0,4.47656,13,0,0,0,,13,56,13,7,7,2,4,,1,11,7.78578,2.68454,2.90023,1.49646,0.202463,0.0698091,0.1326535865664482,0.258546,1.313,0.29324,0.714999,,,4.58063,-0.00499056,-0.0143954,999,,,,,,,44.8,3.446153846153846,46,3.5384615384615383,,,,,,,,,,,,,,,,,,,"Colton Gordon","31312",676467
"Brandon Leibrandt","CIN",0,0,0,5.03547,7,0,0,0,,7,30,7,4,4,1,2,,0,5,6.82321,2.95936,2.30564,1.63298,0.174858,0.0758394,0.09901861846446991,0.269025,1.3998,0.292477,0.690928,,,5.01164,-0.00505664,-0.0108937,999,,,,,,,25.3,3.6142857142857143,26,3.7142857142857144,,,,,,,,,,,,,,,,,,,"Brandon Leibrandt","16135",605335
"Dylan Ross","NYM",0,0,0,4.14677,13,0,0,0,,13,59,11,7,6,2,8,,1,14,9.39306,5.24587,1.79056,1.04696,0.23725,0.1325,0.10474959015846252,0.226565,1.43531,0.282853,0.734403,,,4.4397,-0.00527669,-0.0251215,999,,,,,,,43.99999999999999,3.384615384615384,40,3.076923076923077,,,,,,,,,,,,,,,,,,,"Dylan Ross","sa3025659",697811
"Domingo Gonzalez","SEA",0,0,0,4.46079,4,0,0,0,,4,19,4,2,2,1,2,,0,4,7.93457,4.09378,1.9382,1.16043,0.201933,0.104186,0.097747303545475,0.243828,1.39319,0.285221,0.704595,,,4.57057,-0.0058812,-0.00361445,999,,,,,,,8.9,2.225,9,2.25,,,,,,,,,,,,,,,,,,,"Domingo Gonzalez","25241",682445
"Christian Roa","CHC",0,0,0,4.56408,6,0,0,0,,6,25,5,3,3,1,3,,0,5,8.25155,5.00078,1.65005,1.15145,0.207047,0.125479,0.08156806230545044,0.240538,1.4773,0.284806,0.713368,,,4.72402,-0.00609128,-0.00279797,999,,,,,,,20.10000000000001,3.3500000000000014,18,3,,,,,,,,,,,,,,,,,,,"Christian Roa","27662",685005
"Carlos Rodriguez","MIL",0,1,0,4.4594,15,0,0,0,,15,65,14,8,7,2,7,,1,14,8.20452,3.96502,2.06922,1.33334,0.210178,0.101573,0.10860445350408554,0.243596,1.37771,0.283061,0.717024,,,4.67824,-0.00610535,-0.020007,999,,,,,,,54.00000000000001,3.6000000000000005,53,3.533333333333333,,,,,,,,,,,,,,,,,,,"Carlos Rodriguez","30161",692230
"Michael Rucker","SEA",0,0,0,4.2703,28,0,0,3,,28,127,26,15,13,3,13,,2,28,8.87068,4.19695,2.1136,1.07475,0.217263,0.102793,0.11447044461965561,0.227348,1.37808,0.272718,0.70189,,,4.26475,-0.00616948,-0.0743867,999,,,,,,,125.70000000000005,4.489285714285716,124,4.428571428571429,,,,,,,,,,,,,,,,,,,"Michael Rucker","19454",621074
"Eric Reyzelman","NYY",0,0,0,4.58419,7,0,0,0,,7,30,6,4,3,1,4,,0,7,8.90318,5.41465,1.64428,1.19326,0.223458,0.1359,0.08755737543106079,0.235004,1.49557,0.283864,0.719052,,,4.71918,-0.00643676,-0.0154165,999,,,,,,,25.900000000000013,3.700000000000002,24,3.4285714285714284,,,,,,,,,,,,,,,,,,,"Eric Reyzelman","sa3020611",801432
"Tyler Schweitzer","CHW",1,1,0,4.60046,18,0,0,0,,18,76,18,10,9,2,7,,0,13,6.49357,3.32613,1.95229,1.21088,0.166095,0.0850771,0.08101820945739746,0.263063,1.40834,0.292374,0.69897,,,4.59646,-0.00644808,-0.0267564,999,,,,,,,66.80000000000003,3.7111111111111126,69,3.8333333333333335,,,,,,,,,,,,,,,,,,,"Tyler Schweitzer","31920",805326
"Bobby Miller","LAD",0,0,0,4.76592,7,0,0,0,,7,32,7,4,4,1,4,,0,7,8.53554,4.41761,1.93216,1.27448,0.214379,0.110953,0.1034262403845787,0.25071,1.46452,0.29784,0.702005,,,4.66977,-0.00646337,-0.0172464,999,,,,,,,23.300000000000015,3.3285714285714305,24,3.4285714285714284,,,,,,,,,,,,,,,,,,,"Bobby Miller","27483",676272
"Luis Curvelo","TEX",1,1,0,4.70832,19,0,0,0,,19,83,18,11,10,3,8,,1,16,7.5803,3.86698,1.96026,1.27432,0.194397,0.0991687,0.09522787481546402,0.245479,1.37642,0.28026,0.685611,,,4.68888,-0.0064773,-0.0471166,999,,,,,,,61.89999999999999,3.257894736842105,61,3.210526315789474,,,,,,,,,,,,,,,,,,,"Luis Curvelo","24710",681168
"Ken Waldichuk","WSN",0,0,0,4.82044,4,0,0,0,,4,20,4,3,2,1,2,,0,4,8.52039,4.41012,1.93201,1.34786,0.214535,0.111042,0.10349257290363312,0.250287,1.4615,0.295052,0.702427,,,4.75253,-0.00652533,-0.0310074,999,,,,,,,8.9,2.225,9,2.25,,,,,,,,,,,,,,,,,,,"Ken Waldichuk","27681",686610
"Albert Suárez","BAL",1,1,0,4.49529,25,0,0,0,,25,109,26,14,13,4,9,,1,20,7.29055,3.16334,2.3047,1.26,0.187744,0.0814612,0.10628262907266617,0.257533,1.36085,0.292785,0.702186,,,4.49087,-0.00656783,-0.047735,999,,,,,,,78.20000000000002,3.1280000000000006,83,3.32,,,,,,,,,,,,,,,,,,,"Albert Suarez","6175",544150
"Eduarniel Núñez","CHC",0,0,0,4.54769,7,0,0,0,,7,32,7,4,4,1,4,,0,7,8.3984,5.38684,1.55906,1.00591,0.208405,0.133674,0.07473158836364746,0.237647,1.50567,0.286906,0.70889,,,4.67302,-0.00658583,-0.0188578,999,,,,,,,23.300000000000015,3.3285714285714305,24,3.4285714285714284,,,,,,,,,,,,,,,,,,,"Eduarniel Nunez","23162",674384
"Joel Peguero","SFG",0,0,0,4.36553,8,0,0,0,,8,34,8,4,4,1,3,,0,6,7.01721,3.94072,1.78069,0.93725,0.178299,0.100129,0.07816990464925766,0.255039,1.43215,0.295265,0.703469,,,4.32247,-0.00691132,-0.00450816,999,,,,,,,29.100000000000005,3.6375000000000006,30,3.75,,,,,,,,,,,,,,,,,,,"Joel Peguero","21951",666711
"Bailey Horn","DET",0,0,0,4.33946,7,0,0,0,,7,32,7,4,4,1,4,,0,7,8.16526,4.49009,1.81851,1.16067,0.206135,0.113354,0.09278114885091782,0.248703,1.4622,0.294083,0.731955,,,4.55079,-0.00692775,-0.0137493,999,,,,,,,23.300000000000015,3.3285714285714305,24,3.4285714285714284,,,,,,,,,,,,,,,,,,,"Bailey Horn","27753",690544
"William Kempner","MIA",2,2,0,4.38996,31,0,0,6,,31,138,27,16,15,4,18,,2,33,9.62075,5.30935,1.81204,1.02259,0.240301,0.132614,0.10768763720989227,0.230826,1.46321,0.292099,0.71543,,,4.43965,-0.0069872,0.0137592,999,,,,,,,140,4.516129032258065,133,4.290322580645161,,,,,,,,,,,,,,,,,,,"William Kempner","31615",687531
"Cameron Foster","BAL",1,0,0,4.65028,12,0,0,0,,12,54,12,7,6,2,5,,0,11,7.87335,4.04975,1.94416,1.17062,0.197574,0.101624,0.09594935178756714,0.262168,1.48396,0.30755,0.708471,,,4.49766,-0.00709095,-0.0314421,999,,,,,,,40.000000000000014,3.3333333333333344,41,3.4166666666666665,,,,,,,,,,,,,,,,,,,"Cameron Foster","31942",671382
"Chris Devenski","PIT",1,1,0,4.577,13,0,0,0,,13,57,13,7,7,2,4,,1,12,7.96006,2.98153,2.66979,1.35584,0.207073,0.0775616,0.12951172143220901,0.254296,1.32363,0.293557,0.692763,,,4.40103,-0.00713785,-0.0137605,999,,,,,,,46.8,3.5999999999999996,48,3.6923076923076925,,,,,,,,,,,,,,,,,,,"Chris Devenski","12763",606965
"Gordon Graceffo","STL",2,2,0,4.44822,33,0,0,7,,33,143,33,18,16,4,11,,1,25,6.85293,3.10774,2.20512,1.0449,0.177363,0.0804326,0.09693063050508499,0.255852,1.34582,0.291599,0.683349,,,4.23912,-0.0071566,-0.108109,999,,,,,,,151.20000000000005,4.581818181818183,155,4.696969696969697,,,,,,,,,,,,,,,,,,,"Gordon Graceffo","29519",700669
"Luis Morales","ATH",1,2,0,4.61098,24,0,0,0,,24,103,22,13,12,3,10,,1,22,8.23335,3.93445,2.09263,1.29682,0.21052,0.100601,0.10991917550563812,0.246347,1.38836,0.288016,0.700704,,,4.60146,-0.00728762,-0.0159029,735.3200073242188,,,,,,,94.50000000000001,3.9375000000000004,92,3.8333333333333335,,,,,,,,,,,,,,,,,,,"Luis Morales","32227",806960
"Michael Darrell-Hicks","PIT",0,0,0,4.68717,8,0,0,0,,8,34,8,4,4,1,3,,1,6,7.41419,3.60882,2.05446,1.12015,0.186451,0.0907541,0.09569689631462097,0.260801,1.42767,0.301908,0.687387,,,4.52022,-0.00787182,0.00083086,999,,,,,,,26.100000000000005,3.2625000000000006,27,3.375,,,,,,,,,,,,,,,,,,,"Michael Darrell-Hicks","31501",690382
"Tyron Guerrero","BOS",1,1,0,4.39759,30,0,0,4,,30,133,29,16,15,4,13,,2,29,8.56734,3.88405,2.20578,1.14846,0.217705,0.0986978,0.11900732666254044,0.249352,1.39821,0.299968,0.710994,,,4.34768,-0.00788524,-0.00629908,999,,,,,,,126.4,4.213333333333334,127,4.233333333333333,,,,,,,,,,,,,,,,,,,"Tyron Guerrero","11691",594027
"Lazaro Estrada","TOR",0,1,0,4.47303,11,0,0,0,,11,48,11,6,6,2,4,,1,10,8.36703,3.05324,2.74037,1.42096,0.216989,0.0791824,0.13780678808689117,0.24832,1.30058,0.288616,0.704334,,,4.53735,-0.00790766,-0.0145675,999,,,,,,,33.2,3.0181818181818185,34,3.090909090909091,,,,,,,,,,,,,,,,,,,"Lazaro Estrada","24914",681751
"Jake Eder","LAD",0,1,0,4.79059,8,0,0,0,,8,37,8,5,4,1,3,,1,7,7.30509,3.50131,2.08639,1.37115,0.185085,0.0887108,0.09637433290481567,0.256773,1.39439,0.289025,0.690726,,,4.87234,-0.00820016,-0.0327902,999,,,,,,,28.100000000000005,3.5125000000000006,29,3.625,,,,,,,,,,,,,,,,,,,"Jake Eder","27590",671109
"Nick Davila","SEA",0,0,0,4.2703,30,0,0,4,,30,135,27,16,14,4,14,,2,29,8.87068,4.19695,2.1136,1.07475,0.217263,0.102793,0.1144704520702362,0.227348,1.37808,0.272718,0.70189,,,4.26475,-0.00820119,-0.0593556,999,,,,,,,128.60000000000002,4.286666666666667,124,4.133333333333334,,,,,,,,,,,,,,,,,,,"Nick Davila","27741",689546
"Ronan Kopp","LAD",0,0,0,4.64558,7,0,0,0,,7,30,6,4,3,1,5,,0,7,9.17055,6.26895,1.46285,1.09002,0.225069,0.153856,0.07121261954307556,0.232684,1.57899,0.287035,0.722227,,,4.84605,-0.00820969,-0.0172464,999,,,,,,,22.900000000000013,3.271428571428573,21,3,,,,,,,,,,,,,,,,,,,"Ronan Kopp","sa3017751",691947
"Luis Perales","WSN",1,1,0,4.39375,11,0,0,0,,11,49,10,6,5,1,6,,0,10,8.17959,4.65669,1.75652,1.16314,0.208018,0.118426,0.08959200978279114,0.23967,1.4347,0.282535,0.721069,,,4.59267,-0.00836392,-0.0174188,999,,,,,,,45.10000000000001,4.1000000000000005,44,4,,,,,,,,,,,,,,,,,,,"Luis Perales","sa3014677",691384
"Eric Cerantola","KCR",1,1,0,4.59604,22,0,0,0,,22,98,20,12,11,3,12,,2,23,9.15394,4.97828,1.83878,1.04858,0.229634,0.124884,0.10475000739097595,0.235658,1.45034,0.292,0.695496,,,4.45147,-0.00840828,-0.016356,999,,,,,,,77.9,3.540909090909091,75,3.409090909090909,,,,,,,,,,,,,,,,,,,"Eric Cerantola","30128",672021
"Luis Mey","CIN",1,1,0,4.6799,20,0,0,0,,20,92,19,12,11,2,13,,1,20,8.77623,5.55435,1.58007,1.09804,0.216507,0.137024,0.07948288321495056,0.238117,1.52663,0.289265,0.709108,,,4.79415,-0.00857011,-0.0477724,999,,,,,,,72,3.6,72,3.6,,,,,,,,,,,,,,,,,,,"Luis Mey","25620",682825
"Samy Natera Jr.","LAA",1,2,0,4.56373,30,0,0,4,,30,131,26,17,15,4,17,,2,33,10.0403,4.99505,2.01005,1.24396,0.254684,0.126705,0.12797872722148895,0.228053,1.41469,0.286766,0.707113,,,4.50245,-0.00873883,-0.0499749,999,,,,,,,130.20000000000002,4.340000000000001,123,4.1,,,,,,,,,,,,,,,,,,,"Samy Natera Jr.","31936",696519
"Chayce McDermott","LAD",1,1,0,4.66915,10,0,0,0,,10,45,9,6,5,1,6,,1,10,9.37002,5.40846,1.73247,1.33501,0.232843,0.134399,0.0984438955783844,0.234677,1.49326,0.284738,0.722899,,,4.95805,-0.00884979,-0.0333745,999,,,,,,,37.300000000000004,3.7300000000000004,36,3.6,,,,,,,,,,,,,,,,,,,"Chayce McDermott","29866",694646
"Jonathan Hernández","LAD",1,1,0,4.52164,23,0,0,0,,23,102,22,13,12,3,11,,1,22,8.33305,4.26784,1.95252,1.16115,0.210916,0.108022,0.10289348661899567,0.247063,1.42907,0.293901,0.707262,,,4.50543,-0.00885027,-0.0522868,999,,,,,,,84.10000000000001,3.656521739130435,84,3.652173913043478,,,,,,,,,,,,,,,,,,,"Jonathan Hernandez","17464",642546
"Doug Nikhazy","CHC",0,1,0,4.72151,7,0,0,0,,7,30,6,4,3,1,4,,0,6,7.9871,4.8402,1.65016,1.20299,0.200055,0.121234,0.07882152497768402,0.247477,1.49479,0.289306,0.707035,,,4.77486,-0.00889438,-0.0188578,999,,,,,,,23.9,3.414285714285714,22,3.142857142857143,,,,,,,,,,,,,,,,,,,"Doug Nikhazy","30142",680951
"Scott Blewett","STL",1,1,0,4.4665,22,0,0,0,,22,95,22,12,11,3,8,,1,18,7.38843,3.46231,2.13396,1.08451,0.188542,0.0883532,0.10018923133611679,0.259144,1.40259,0.300486,0.699543,,,4.30831,-0.00915604,-0.0428768,999,,,,,,,77.7,3.5318181818181817,80,3.6363636363636362,,,,,,,,,,,,,,,,,,,"Scott Blewett","16427",656240
"Austin Warren","NYM",2,2,0,4.19614,31,0,0,6,,31,135,29,16,15,4,13,,1,29,8.41659,3.60157,2.33692,1.22115,0.218502,0.0934999,0.12500224262475967,0.241024,1.32429,0.285327,0.720696,,,4.33596,-0.00968408,-0.0409629,999,,,,,,,144.79999999999998,4.670967741935483,143,4.612903225806452,,,,,,,,,,,,,,,,,,,"Austin Warren","24937",681810
"Rolddy Muñoz","ATL",0,1,0,4.4515,11,0,0,0,,11,50,11,6,6,1,6,,1,10,8.28984,4.45762,1.8597,0.946294,0.206734,0.111165,0.0955689549446106,0.24623,1.44589,0.298287,0.699373,,,4.4142,-0.00972518,-0.0165146,999,,,,,,,39.50000000000001,3.5909090909090917,41,3.727272727272727,,,,,,,,,,,,,,,,,,,"Rolddy Munoz","27407",691548
"Beau Brieske","DET",1,1,0,4.70564,13,0,0,0,,13,59,13,8,7,2,6,,0,12,7.90313,4.28131,1.84596,1.25173,0.200743,0.108747,0.0919959545135498,0.24645,1.42742,0.285686,0.696927,,,4.69474,-0.0101291,-0.0426171,999,,,,,,,43.8,3.369230769230769,45,3.4615384615384617,,,,,,,,,,,,,,,,,,,"Beau Brieske","26079",689225
"Hayden Juenger","TOR",1,1,0,4.60167,16,0,0,0,,16,68,15,9,8,2,7,,1,13,7.6961,3.78649,2.03252,1.24493,0.195773,0.0963206,0.09945258498191833,0.252601,1.40422,0.291434,0.700883,,,4.61621,-0.0103779,-0.029455,999,,,,,,,56.80000000000001,3.5500000000000007,56,3.5,,,,,,,,,,,,,,,,,,,"Hayden Juenger","29640",696522
"Daysbel Hernández","ATL",1,2,0,4.24582,19,0,0,0,,19,85,17,10,9,2,11,,1,20,9.29465,5.33185,1.74323,1.00846,0.232006,0.13309,0.09891633689403534,0.235135,1.48702,0.294211,0.732429,,,4.43639,-0.0106553,-0.0174209,999,,,,,,,75.8,3.9894736842105263,73,3.8421052631578947,,,,,,,,,,,,,,,,,,,"Daysbel Hernandez","20271",678226
"Joey Gerber","NYM",1,1,0,4.46404,15,0,0,0,,15,65,15,8,8,2,6,,1,14,8.16041,3.30219,2.47121,1.41127,0.21123,0.0854764,0.1257539689540863,0.250871,1.34142,0.289864,0.71512,,,4.55409,-0.0109069,-0.026553,999,,,,,,,54.400000000000006,3.626666666666667,56,3.7333333333333334,,,,,,,,,,,,,,,,,,,"Joey Gerber","24591",680702
"Connor Phillips","CIN",1,1,0,4.61676,15,0,0,0,,15,65,13,8,8,2,8,,1,15,9.43188,4.97267,1.89674,1.3063,0.239019,0.126015,0.11300338804721832,0.226144,1.40291,0.274708,0.704613,,,4.76829,-0.0109992,-0.00661454,999,,,,,,,55.60000000000001,3.7066666666666674,52,3.466666666666667,,,,,,,,,,,,,,,,,,,"Connor Phillips","27649",683175
"Andre Granillo","WSN",1,1,0,4.68513,18,0,0,0,,18,77,17,10,9,3,8,,1,16,8.01742,3.97333,2.01781,1.36173,0.204571,0.101383,0.10318850725889206,0.243798,1.38334,0.280225,0.697816,,,4.76422,-0.0120463,-0.0340683,999,,,,,,,57.10000000000001,3.1722222222222225,56,3.111111111111111,,,,,,,,,,,,,,,,,,,"Andre Granillo","29542",701552
"Seth Johnson","PHI",1,1,0,4.72579,15,0,0,0,,15,64,14,8,8,2,8,,0,14,8.37718,4.6302,1.80925,1.20356,0.210951,0.116596,0.09435511380434036,0.247719,1.4727,0.294077,0.701647,,,4.61426,-0.0123734,-0.014211,999,,,,,,,54.00000000000001,3.6000000000000005,53,3.533333333333333,,,,,,,,,,,,,,,,,,,"Seth Johnson","26020",686751
"Angel Chivilli","NYY",1,1,0,4.70116,17,0,0,0,,17,74,17,10,9,3,7,,1,15,7.90372,3.64738,2.16696,1.3306,0.202082,0.0932559,0.10882608592510223,0.250415,1.37741,0.28861,0.691745,,,4.66126,-0.0124326,-0.0461073,999,,,,,,,50.7,2.9823529411764707,52,3.0588235294117645,,,,,,,,,,,,,,,,,,,"Angel Chivilli","26790",683409
"Ty Adcock","SDP",0,0,0,4.53709,6,0,0,0,,6,27,6,3,3,1,3,,0,6,8.04679,3.67654,2.18869,1.48338,0.207182,0.0946602,0.1125214621424675,0.246261,1.35926,0.280506,0.718912,,,4.8236,-0.0125339,-0.00471177,999,,,,,,,19.500000000000007,3.2500000000000013,20,3.3333333333333335,,,,,,,,,,,,,,,,,,,"Ty Adcock","25651",686654
"Kyle Hart","SDP",1,1,0,4.34978,24,0,0,0,,24,102,23,13,12,3,9,,1,20,7.56714,3.44611,2.19585,1.16809,0.195677,0.0891124,0.10656480491161346,0.247389,1.33944,0.285485,0.703186,,,4.4015,-0.0129206,-0.05069,999,,,,,,,90.90000000000002,3.787500000000001,91,3.7916666666666665,,,,,,,,,,,,,,,,,,,"Kyle Hart","19646",606996
"Kade Strowd","ARI",1,1,0,4.20481,13,0,0,0,,13,57,12,7,6,1,7,,1,11,7.96985,4.7927,1.66292,0.882986,0.199199,0.119789,0.07941015064716339,0.245633,1.48006,0.295568,0.724085,,,4.37317,-0.0129439,-0.0156504,999,,,,,,,50.7,3.9000000000000004,50,3.8461538461538463,,,,,,,,,,,,,,,,,,,"Kade Strowd","26191",669704
"James Karinchak","ATL",2,2,0,4.30995,32,0,0,6,,32,139,27,17,15,4,17,,1,37,10.5147,4.83892,2.17295,1.21638,0.269464,0.124008,0.14545588195323944,0.224913,1.38208,0.289383,0.722255,,,4.26904,-0.0136701,-0.0305422,999,,,,,,,161.40000000000003,5.043750000000001,152,4.75,,,,,,,,,,,,,,,,,,,"James Karinchak","20151",675916
"Logan VanWey","HOU",1,1,0,4.627,20,0,0,0,,20,91,21,11,10,3,10,,1,19,8.45685,4.4933,1.8821,1.17342,0.210277,0.111725,0.09855238348245621,0.263495,1.52589,0.317124,0.719893,,,4.63779,-0.0138198,-0.0291495,999,,,,,,,61.49999999999999,3.0749999999999997,66,3.3,,,,,,,,,,,,,,,,,,,"Logan VanWey","31884",701121
"Mike Clevinger","PIT",0,1,0,4.71988,9,0,0,0,,9,39,9,5,5,1,4,,1,7,7.41802,3.68906,2.01082,1.26444,0.188781,0.0938828,0.09489815682172775,0.253609,1.39866,0.289113,0.68939,,,4.68474,-0.0138556,-0.0141564,748.0900268554688,,,,,,,29.900000000000013,3.3222222222222237,31,3.4444444444444446,,,,,,,,,,,,,,,,,,,"Mike Clevinger","12808",605182
"Victor Mederos","ATL",1,1,0,4.81822,12,0,0,0,,12,55,12,7,7,2,5,,1,10,6.96384,3.89374,1.78847,1.12023,0.17484,0.0977597,0.07708070427179337,0.256522,1.43668,0.291653,0.677085,,,4.70999,-0.0139054,-0.031836,999,,,,,,,35.000000000000014,2.916666666666668,36,3,,,,,,,,,,,,,,,,,,,"Victor Mederos","31533",682989
"Ryan Zeferjahn","LAA",2,2,0,4.40119,34,0,0,7,,34,149,28,18,17,4,19,,3,38,10.0157,5.08185,1.97089,1.16064,0.253228,0.128484,0.12474355101585388,0.222847,1.39908,0.281895,0.711949,,,4.50649,-0.0143487,0.0151007,999,,,,,,,167.60000000000002,4.929411764705883,156,4.588235294117647,,,,,,,,,,,,,,,,,,,"Ryan Zeferjahn","25420",666171
"Valente Bellozo","COL",0,1,0,5.60551,8,0,0,0,,8,35,9,5,5,1,3,,0,5,6.06206,3.15036,1.92425,1.69983,0.151346,0.0786519,0.07269366085529327,0.284397,1.50654,0.302001,0.667846,,,5.36511,-0.0145475,-0.013629,999,,,,,,,24.500000000000007,3.062500000000001,28,3.5,,,,,,,,,,,,,,,,,,,"Valente Bellozo","23899",678368
"Wikelman González","CHW",1,1,0,4.50185,15,0,0,0,,15,66,13,8,7,2,9,,1,15,8.85458,5.62829,1.57323,1.03131,0.220363,0.14007,0.0802922397851944,0.229894,1.49406,0.281356,0.712609,,,4.68479,-0.0146334,-0.012259,999,,,,,,,52.60000000000001,3.5066666666666673,49,3.2666666666666666,,,,,,,,,,,,,,,,,,,"Wikelman Gonzalez","26641",682790
"Thomas Harrington","PIT",1,1,0,4.71351,12,0,0,0,,12,53,12,7,6,2,4,,1,10,7.44821,3.04195,2.4485,1.36752,0.19216,0.0784807,0.11367933452129364,0.257326,1.34627,0.291392,0.685465,,,4.59044,-0.0146557,-0.0288729,999,,,,,,,38.000000000000014,3.166666666666668,39,3.25,,,,,,,,,,,,,,,,,,,"Thomas Harrington","31989",802419
"Andrew Hoffmann","ARI",1,2,0,4.4367,24,0,0,0,,24,103,24,13,12,3,10,,1,21,7.87735,3.77498,2.08673,1.10429,0.200074,0.0958792,0.10419479757547379,0.25626,1.4221,0.301905,0.708831,,,4.33559,-0.0146856,-0.0312295,999,,,,,,,87.30000000000001,3.6375000000000006,90,3.75,,,,,,,,,,,,,,,,,,,"Andrew Hoffmann","29633",694851
"Chris Roycroft","STL",1,2,0,4.55185,29,0,0,3,,29,129,30,16,15,3,14,,1,22,6.8021,4.35003,1.56369,0.856257,0.168788,0.107942,0.06084602326154709,0.262346,1.51828,0.303748,0.699263,,,4.42856,-0.0146882,-0.0813766,999,,,,,,,110.70000000000002,3.8172413793103455,117,4.0344827586206895,,,,,,,,,,,,,,,,,,,"Chris Roycroft","31261",688297
"Josh Simpson","SEA",1,1,0,4.40206,13,0,0,0,,13,58,12,7,6,2,7,,1,13,8.7969,4.67087,1.88335,1.04484,0.223869,0.118867,0.10500171780586243,0.231423,1.3952,0.282291,0.700553,,,4.39893,-0.0147591,-0.0278639,999,,,,,,,42.39999999999999,3.261538461538461,41,3.1538461538461537,,,,,,,,,,,,,,,,,,,"Josh Simpson","25957",681006
"Ben Peoples","CHW",1,1,0,4.65746,14,0,0,0,,14,60,13,8,7,2,7,,1,12,7.98681,4.44047,1.79864,1.27083,0.202051,0.112335,0.0897156223654747,0.242546,1.4252,0.281038,0.702805,,,4.81652,-0.0151117,-0.0274833,999,,,,,,,45.2,3.2285714285714286,44,3.142857142857143,,,,,,,,,,,,,,,,,,,"Ben Peoples","sa3011784",687239
"Michael Kelly","ATH",1,1,0,4.72087,13,0,0,0,,13,60,13,8,7,2,6,,1,12,7.80503,4.18095,1.86681,1.2619,0.195802,0.104886,0.0909157544374466,0.256121,1.46482,0.296774,0.705281,,,4.7642,-0.0151956,-0.036673,999,,,,,,,40.8,3.1384615384615384,42,3.230769230769231,,,,,,,,,,,,,,,,,,,"Michael Kelly","12791",547184
"Joel Hurtado","LAA",0,1,0,4.97479,10,0,0,0,,10,45,11,6,6,1,4,,1,7,5.91105,3.77416,1.56619,1.15357,0.147106,0.0939258,0.05317983776330948,0.270815,1.50011,0.297143,0.680936,,,4.8795,-0.0154436,-0.026555,999,,,,,,,32.1,3.21,36,3.6,,,,,,,,,,,,,,,,,,,"Joel Hurtado","sa3019774",805871
"Carson Palmquist","WSN",0,1,0,4.95482,9,0,0,0,,9,42,9,6,5,1,5,,1,9,8.27621,4.53064,1.82672,1.3733,0.206739,0.113175,0.09356386214494705,0.247986,1.46301,0.288485,0.692022,,,4.98469,-0.0158527,-0.0473581,999,,,,,,,30.900000000000013,3.433333333333335,32,3.5555555555555554,,,,,,,,,,,,,,,,,,,"Carson Palmquist","31612",687223
"AJ Blubaugh","HOU",2,2,0,4.49519,29,0,0,4,,29,124,26,16,14,4,13,,1,26,8.23861,4.1015,2.00868,1.28421,0.211691,0.105388,0.10630284994840622,0.240437,1.37687,0.280722,0.708495,,,4.6084,-0.0159794,-0.0437825,748.5399780273438,,,,,,,123.80000000000004,4.268965517241381,119,4.103448275862069,,,,,,,,,,,,,,,,,,,"AJ Blubaugh","31764",805123
"Carter Baumler","TEX",0,1,0,4.69768,15,0,0,0,,15,65,14,8,8,2,8,,1,13,7.84431,4.85847,1.61456,1.08439,0.196578,0.121753,0.07482504844665527,0.242462,1.47122,0.284596,0.693928,,,4.70536,-0.0159796,-0.016313,999,,,,,,,49.00000000000001,3.266666666666667,48,3.2,,,,,,,,,,,,,,,,,,,"Carter Baumler","30231",691945
"Kyle Nicolas","BAL",1,1,0,4.7899,13,0,0,0,,13,60,12,8,7,2,8,,1,13,8.77416,5.38305,1.62996,1.12035,0.216019,0.13253,0.08348861336708069,0.244776,1.54128,0.297293,0.704307,,,4.75315,-0.016024,-0.046701,999,,,,,,,39.39999999999999,3.03076923076923,38,2.923076923076923,,,,,,,,,,,,,,,,,,,"Kyle Nicolas","27775",693312
"Cole Wilcox","SEA",0,1,0,4.32323,10,0,0,0,,10,43,10,5,5,1,4,,1,8,7.71076,4.08738,1.88648,1.09175,0.194825,0.103274,0.09155057370662689,0.250684,1.4277,0.29332,0.719922,,,4.51047,-0.0161011,-0.00903614,999,,,,,,,36.7,3.6700000000000004,38,3.8,,,,,,,,,,,,,,,,,,,"Cole Wilcox","27481",677961
"JT Brubaker","SFG",1,1,0,4.37681,31,0,0,6,,31,135,30,16,15,4,13,,1,25,7.36813,3.73156,1.97454,1.05809,0.188826,0.0956304,0.09319595247507095,0.249031,1.37961,0.288364,0.70041,,,4.37784,-0.0162429,-0.0298674,999,,,,,,,134.2,4.329032258064516,135,4.354838709677419,,,,,,,,,,,,,,,,,,,"JT Brubaker","17578",664141
"Dan Altavilla","KCR",0,0,0,4.9201,9,0,0,0,,9,40,9,5,5,1,5,,1,7,7.40406,4.7395,1.5622,1.19863,0.18415,0.117878,0.06627161800861359,0.249991,1.49656,0.286164,0.688758,,,4.95332,-0.0163748,-0.00935909,999,,,,,,,26.900000000000013,2.9888888888888903,28,3.111111111111111,,,,,,,,,,,,,,,,,,,"Dan Altavilla","16507",656186
"Alek Jacob","SDP",1,1,0,4.67922,18,0,0,0,,18,79,17,10,9,3,8,,2,16,7.81481,4.03112,1.93862,1.26565,0.198593,0.102441,0.09615277498960495,0.242305,1.37849,0.278977,0.688356,,,4.79164,-0.0173594,-0.045943,999,,,,,,,54.10000000000001,3.005555555555556,53,2.9444444444444446,,,,,,,,,,,,,,,,,,,"Alek Jacob","29628",689690
"Logan Gillaspie","SDP",0,0,0,4.62508,8,0,0,0,,8,35,8,4,4,1,3,,0,6,6.86877,3.53897,1.94089,1.37646,0.173911,0.0896037,0.08430752158164978,0.263081,1.4321,0.292124,0.71718,,,4.88543,-0.0183817,-0.00628236,999,,,,,,,29.100000000000005,3.6375000000000006,30,3.75,,,,,,,,,,,,,,,,,,,"Logan Gillaspie","22461",670810
"Cam Sanders","PIT",1,1,0,4.73614,22,0,0,0,,22,100,20,13,12,3,14,,1,22,8.9466,5.61824,1.59242,1.09942,0.220487,0.13846,0.08202679455280304,0.237679,1.53154,0.290675,0.705277,,,4.7785,-0.0185435,-0.0579192,999,,,,,,,72.9,3.313636363636364,70,3.1818181818181817,,,,,,,,,,,,,,,,,,,"Cam Sanders","23479",676742
"Jared Shuster","STL",1,1,0,4.85673,13,0,0,0,,13,56,14,7,7,2,5,,0,8,6.00985,3.48936,1.72233,1.12531,0.150534,0.0874013,0.06313300132751465,0.274978,1.49138,0.303842,0.687378,,,4.6617,-0.019309,-0.0224944,999,,,,,,,36.199999999999996,2.7846153846153845,40,3.076923076923077,,,,,,,,,,,,,,,,,,,"Jared Shuster","27472",694363
"Robinson Ortiz","SEA",1,1,0,4.16205,20,0,0,0,,20,89,18,10,9,2,11,,1,19,8.43169,4.67969,1.80176,1.03795,0.214588,0.119099,0.09548890590667725,0.234288,1.41035,0.282023,0.726794,,,4.42686,-0.0193174,-0.0180723,999,,,,,,,78.60000000000001,3.9300000000000006,76,3.8,,,,,,,,,,,,,,,,,,,"Robinson Ortiz","sa3004006",673662
"Anthony Molina","ATL",1,1,0,4.78733,17,0,0,0,,17,74,19,10,9,2,6,,0,13,6.85116,3.04108,2.25287,1.25183,0.173938,0.0772074,0.09673105180263519,0.274338,1.43803,0.309036,0.691586,,,4.48975,-0.0194403,-0.0476263,999,,,,,,,59.80000000000002,3.5176470588235307,67,3.9411764705882355,,,,,,,,,,,,,,,,,,,"Anthony Molina","26952",683627
"Jose Franco","CIN",1,1,0,4.94513,14,0,0,0,,14,60,13,8,7,2,7,,1,13,8.35963,4.60442,1.81557,1.439,0.209269,0.115264,0.0940055102109909,0.248605,1.4744,0.288395,0.701417,,,5.02301,-0.0195984,-0.0217874,999,,,,,,,47.20000000000003,3.3714285714285737,46,3.2857142857142856,,,,,,,,,,,,,,,,,,,"Jose Franco","27014",683742
"Carlos Estévez","KCR",1,3,0,5.36135,16,0,0,0,,16,69,15,10,9,2,8,,1,14,7.99569,4.65584,1.71734,1.30197,0.199265,0.116031,0.0832340344786644,0.251803,1.49667,0.292229,0.656158,,,4.91602,-0.0204154,-0.0490576,120.08999633789062,,,,,,,55.80000000000001,3.4875000000000007,55,3.4375,,,,,,,,,,,,,,,,,,,"Carlos Estevez","14542",608032
"Bradley Blalock","MIA",1,1,0,5.18378,14,1,0,0,,18,81,20,11,10,3,8,,1,13,6.36305,3.74272,1.70011,1.35211,0.158841,0.0934295,0.06541131436824799,0.271129,1.49834,0.297344,0.677228,,,5.01965,-0.0207967,-0.0302538,999,,,,,,,43.30000000000001,2.4055555555555563,50,2.7777777777777777,,,,,,,,,,,,,,,,,,,"Bradley Blalock","26419",687134
"Troy Taylor","SEA",1,1,0,4.46249,18,0,0,0,,18,80,17,10,9,2,9,,1,16,8.04936,4.5283,1.77757,1.10855,0.202439,0.113885,0.08855365961790085,0.245087,1.44789,0.289573,0.712645,,,4.60716,-0.021035,-0.0484545,999,,,,,,,66.40000000000002,3.68888888888889,66,3.6666666666666665,,,,,,,,,,,,,,,,,,,"Troy Taylor","31883",700187
"Richard Lovelady","WSN",2,2,0,4.38761,33,0,1,6,,33,144,32,17,16,4,14,,3,28,7.80841,3.87133,2.01699,1.0294,0.19764,0.0979876,0.09965191781520844,0.248704,1.39345,0.293612,0.700179,,,4.40618,-0.0213145,0.00591909,999,,,,,,,145.80000000000007,4.418181818181821,147,4.454545454545454,,,,,,,,,,,,,,,,,,,"Richard Lovelady","19337",663992
"Yovanny Cruz","NYY",1,1,0,4.67512,24,0,0,0,,24,106,22,13,12,3,12,,2,23,8.80329,4.70492,1.87108,1.21236,0.220989,0.118107,0.10288124531507492,0.238201,1.43267,0.286362,0.697738,,,4.71878,-0.0220374,-0.0311113,999,,,,,,,87.50000000000001,3.645833333333334,85,3.5416666666666665,,,,,,,,,,,,,,,,,,,"Yovanny Cruz","22622",672442
"Tyler Ferguson","CHC",1,1,0,4.41032,22,0,0,0,,22,97,20,12,11,3,11,,2,21,8.5284,4.49529,1.89719,1.14064,0.216884,0.114319,0.10256551206111908,0.234205,1.38945,0.280021,0.706923,,,4.56487,-0.0222339,-0.0415095,999,,,,,,,76.9,3.4954545454545456,74,3.3636363636363638,,,,,,,,,,,,,,,,,,,"Tyler Ferguson","19481",621053
"Hunter Parks","CIN",0,1,0,5.38503,9,0,0,0,,9,42,9,6,5,1,6,,1,8,8.35059,5.87541,1.42128,1.32015,0.201271,0.141613,0.05965834856033325,0.249013,1.61772,0.292181,0.684919,,,5.36119,-0.022312,-0.0388564,999,,,,,,,25.900000000000013,2.877777777777779,27,3,,,,,,,,,,,,,,,,,,,"Hunter Parks","sa3017640",688609
"Blas Castaño","COL",0,1,0,5.46241,17,0,0,0,,17,76,19,11,10,2,7,,2,12,6.46886,3.60611,1.79386,1.21563,0.158192,0.0881851,0.07000663131475449,0.281233,1.53928,0.314117,0.651444,,,4.90838,-0.0224118,-0.039037,999,,,,,,,48.80000000000002,2.8705882352941186,56,3.2941176470588234,,,,,,,,,,,,,,,,,,,"Blas Castano","26117",680604
"Drey Jameson","ARI",1,2,0,4.26173,27,0,0,2,,27,118,26,14,13,3,12,,1,23,7.82561,3.98224,1.96512,1.00574,0.198953,0.101242,0.09771106392145157,0.251116,1.41825,0.297479,0.716079,,,4.27264,-0.0226701,-0.006119,999,,,,,,,110.30000000000001,4.0851851851851855,111,4.111111111111111,,,,,,,,,,,,,,,,,,,"Drey Jameson","26260",686753
"Luis Peralta","CHC",0,1,0,4.75483,11,0,0,0,,11,50,10,6,6,1,7,,1,11,8.84392,5.32795,1.65991,1.14735,0.217962,0.131309,0.08665235340595245,0.243369,1.52799,0.295525,0.706725,,,4.78413,-0.0228853,-0.0207547,999,,,,,,,41.10000000000001,3.736363636363637,40,3.6363636363636362,,,,,,,,,,,,,,,,,,,"Luis Peralta","24203",678821
"Austin Love","STL",1,1,0,4.71439,14,0,0,0,,14,61,14,8,7,2,6,,1,11,7.46552,4.2082,1.77404,1.18786,0.187395,0.105632,0.08176346868276596,0.254302,1.45996,0.292564,0.698402,,,4.73404,-0.0232378,-0.0386233,999,,,,,,,43.6,3.1142857142857143,45,3.2142857142857144,,,,,,,,,,,,,,,,,,,"Austin Love","sa3017609",676153
"Gavin Hollowell","CHC",0,1,0,4.59613,12,0,0,0,,12,55,11,7,6,2,7,,1,12,8.91882,5.20814,1.71248,1.19419,0.222046,0.129664,0.09238247573375702,0.239423,1.49473,0.289877,0.717849,,,4.75863,-0.0241388,-0.0367539,999,,,,,,,35.600000000000016,2.966666666666668,34,2.8333333333333335,,,,,,,,,,,,,,,,,,,"Gavin Hollowell","25427",668970
"Jayden Murray","HOU",1,1,0,4.48692,22,0,0,0,,22,96,21,12,11,3,10,,1,18,7.46219,3.99201,1.86928,1.16291,0.189776,0.101523,0.08825238049030304,0.246993,1.39806,0.283981,0.703408,,,4.63998,-0.0245669,-0.0290315,999,,,,,,,74.30000000000001,3.377272727272728,74,3.3636363636363638,,,,,,,,,,,,,,,,,,,"Jayden Murray","26482",681151
"Eli Morgan","KCR",1,2,0,4.85279,26,0,0,0,,26,110,26,15,14,4,10,,1,22,7.84455,3.37316,2.32558,1.43611,0.201581,0.08668,0.11490143835544586,0.255973,1.37595,0.29222,0.685315,,,4.67432,-0.0253135,-0.0433042,999,,,,,,,86.6,3.3307692307692305,89,3.423076923076923,,,,,,,,,,,,,,,,,,,"Eli Morgan","20203",669212
"Trent Thornton","CHC",1,1,0,4.43017,28,0,0,4,,28,119,27,15,14,4,10,,1,22,7.23387,3.13266,2.30918,1.2823,0.187553,0.0812208,0.10633253306150436,0.251417,1.32542,0.283861,0.701962,,,4.54417,-0.026281,-0.0443313,999,,,,,,,114.8,4.1,115,4.107142857142857,,,,,,,,,,,,,,,,,,,"Trent Thornton","17948",663423
"Garrett Hawkins","SDP",1,1,0,4.66428,16,0,0,0,,16,70,15,9,8,2,8,,1,15,8.24627,4.58757,1.79752,1.31816,0.209085,0.116319,0.09276676177978516,0.238845,1.42287,0.277739,0.705809,,,4.85363,-0.0296392,-0.0443549,999,,,,,,,57.80000000000001,3.6125000000000007,57,3.5625,,,,,,,,,,,,,,,,,,,"Garrett Hawkins","sa3017383",678184
"Antonio Senzatela","COL",2,3,0,5.25482,39,1,9,4,,43,192,50,27,25,6,15,,2,30,6.23036,3.02552,2.05927,1.31515,0.155635,0.0755779,0.08005721867084503,0.284317,1.49222,0.312896,0.666007,,,4.76588,-0.0340131,-0.135687,999,,,,,,,184.39999999999998,4.288372093023256,207,4.813953488372093,,,,,,,,,,,,,,,,,,,"Antonio Senzatela","15488",622608
"Brandan Bidois","PIT",2,1,0,4.77366,28,0,0,2,,28,122,25,16,15,4,14,,1,28,8.94534,4.69237,1.90636,1.22623,0.226224,0.118668,0.10755597054958344,0.239649,1.43855,0.289555,0.690832,,,4.58742,-0.0341548,-0.0741237,999,,,,,,,112.00000000000006,4.000000000000002,107,3.8214285714285716,,,,,,,,,,,,,,,,,,,"Brandan Bidois","28052",684049
"Cole Henry","WSN",1,1,0,4.81957,26,0,0,0,,26,114,24,15,14,4,13,,2,24,8.38821,4.67075,1.7959,1.30132,0.209593,0.116706,0.09288665652275085,0.242083,1.44691,0.28418,0.694936,,,4.96169,-0.0345098,-0.0661723,736.2100219726562,,,,,,,83.79999999999998,3.2230769230769223,81,3.1153846153846154,,,,,,,,,,,,,,,,,,,"Cole Henry","27570",669371
"Gavin Collyer","TEX",2,2,0,4.75288,22,0,0,0,,22,102,20,13,12,3,14,,2,22,8.95395,5.7746,1.55057,1.08283,0.219581,0.141613,0.07796822488307953,0.234496,1.53304,0.287059,0.702785,,,4.86752,-0.0353368,-0.0625532,999,,,,,,,69.9,3.1772727272727277,67,3.0454545454545454,,,,,,,,,,,,,,,,,,,"Gavin Collyer","26349",686560
"Joe La Sorsa","BOS",1,1,0,4.69991,23,0,0,0,,23,100,24,13,12,3,8,,1,16,6.29467,3.18448,1.97667,1.27689,0.160263,0.0810774,0.0791858360171318,0.266201,1.4095,0.29247,0.695265,,,4.7459,-0.0367723,-0.0261316,999,,,,,,,75.9,3.3000000000000003,81,3.5217391304347827,,,,,,,,,,,,,,,,,,,"Joe La Sorsa","25481",686747
"Daniel Duarte","NYM",1,1,0,4.30739,27,0,0,2,,27,117,25,14,13,3,12,,1,23,7.7992,4.13124,1.88786,1.1063,0.199546,0.105699,0.09384629875421524,0.240377,1.37987,0.280827,0.711765,,,4.50551,-0.0372321,-0.0377876,999,,,,,,,112.9,4.181481481481482,111,4.111111111111111,,,,,,,,,,,,,,,,,,,"Daniel Duarte","17480",650960
"Zach Maxwell","CIN",1,2,0,4.89244,30,0,0,4,,30,132,27,17,16,5,17,,1,30,9.05346,5.27881,1.71506,1.42215,0.225089,0.131243,0.09384609758853912,0.242319,1.5172,0.288657,0.71477,,,5.03252,-0.0418988,-0.0425152,999,,,,,,,112.3,3.743333333333333,107,3.566666666666667,,,,,,,,,,,,,,,,,,,"Zach Maxwell","31610",687209
"Mason Black","KCR",1,2,0,4.82084,27,0,0,2,,27,120,27,16,15,4,12,,2,23,7.57399,3.92967,1.92738,1.31516,0.190973,0.0990842,0.09188896417617798,0.256153,1.43873,0.292697,0.694002,,,4.80522,-0.0420149,-0.0747913,999,,,,,,,92.40000000000002,3.422222222222223,95,3.5185185185185186,,,,,,,,,,,,,,,,,,,"Mason Black","30171",696131
"Tyler Zuber","MIA",1,1,0,4.9064,26,0,0,0,,26,115,26,15,14,4,14,,1,25,8.90248,4.8211,1.84657,1.33646,0.220144,0.119218,0.10092613101005554,0.256473,1.53946,0.308086,0.711117,,,4.79549,-0.0440721,-0.0599878,999,,,,,,,80.6,3.0999999999999996,83,3.1923076923076925,,,,,,,,,,,,,,,,,,,"Tyler Zuber","20379",676604
"Josh White","MIA",1,1,0,5.46976,21,0,0,0,,21,97,19,14,13,3,16,,1,22,9.26644,6.75092,1.37262,1.08037,0.22433,0.163432,0.06089779734611511,0.233006,1.63413,0.28891,0.664041,,,4.99326,-0.0453491,-0.104808,999,,,,,,,62.1,2.9571428571428573,59,2.8095238095238093,,,,,,,,,,,,,,,,,,,"Josh White","31738",687985
"Yilber Díaz","ARI",1,1,0,4.55769,19,0,0,0,,19,88,18,11,10,2,13,,1,18,8.71339,6.23111,1.39837,1.03858,0.21118,0.151019,0.060161247849464417,0.243558,1.6293,0.2973,0.735044,,,4.88142,-0.052432,-0.0461721,999,,,,,,,63.2,3.3263157894736843,63,3.3157894736842106,,,,,,,,,,,,,,,,,,,"Yilber Diaz","29271",700270
"George Soriano","STL",2,2,0,4.54673,35,0,2,9,,35,151,33,19,18,5,14,,2,32,8.12951,3.72191,2.18423,1.19679,0.209009,0.0956897,0.11331889778375626,0.243437,1.34989,0.285886,0.688107,,,4.45326,-0.0549083,-0.140456,999,,,,,,,173.7,4.962857142857143,172,4.914285714285715,,,,,,,,,,,,,,,,,,,"George Soriano","21863",666277
"Zach Agnos","COL",2,3,0,5.45957,30,2,0,2,,39,171,41,25,23,7,16,,2,29,6.71072,3.76635,1.78176,1.5714,0.167849,0.0942045,0.07364498823881149,0.269335,1.49116,0.293255,0.667183,,,5.26233,-0.057968,-0.0130725,743.47998046875,,,,,,,107.90000000000003,2.7666666666666675,116,2.9743589743589745,,,,,,,,,,,,,,,,,,,"Zach Agnos","31552",688642
"Zach Brzykcy","MIA",1,1,0,5.06982,23,0,0,0,,23,106,23,14,13,3,13,,1,22,8.39585,5.15238,1.62951,1.3161,0.206055,0.126452,0.07960249483585358,0.254614,1.56651,0.300111,0.700707,,,5.01009,-0.0586509,-0.0750143,999,,,,,,,75.50000000000001,3.2826086956521747,78,3.391304347826087,,,,,,,,,,,,,,,,,,,"Zach Brzykcy","27783",694350
"Caleb Kilian","SFG",2,2,0,4.28184,35,0,11,4,,35,152,34,18,17,4,14,,2,29,7.57902,3.65482,2.07371,1.01871,0.19361,0.0933644,0.10024596005678177,0.251385,1.38327,0.294688,0.707166,,,4.27924,-0.0753034,-0.016002,999,,,,,,,202.4,5.782857142857143,204,5.828571428571428,,,,,,,,,,,,,,,,,,,"Caleb Kilian","26213",668873
"Ryan Rolison","CHC",2,1,0,4.52701,31,0,0,6,,31,136,31,17,16,4,14,,1,25,7.27762,3.93904,1.84756,1.19604,0.184614,0.0999229,0.0846908837556839,0.256176,1.43989,0.292633,0.712332,,,4.61892,-0.0964484,-0.0954372,999,,,,,,,128.6,4.148387096774194,132,4.258064516129032,,,,,,,,,,,,,,,,,,,"Ryan Rolison","22200",669020
"Orlando Ribalta","WSN",1,1,0,4.78479,34,0,1,8,,34,150,33,20,18,5,17,,2,30,7.99717,4.61373,1.73334,1.30326,0.200113,0.115449,0.08466364443302155,0.249124,1.47811,0.288755,0.705858,,,4.90495,-0.176906,-0.275413,999,,,,,,,144.3,4.2441176470588236,145,4.264705882352941,,,,,,,,,,,,,,,,,,,"Orlando Ribalta","26247",687377