Name,Team,G,PA,AB,H,1B,2B,3B,HR,R,RBI,BB,IBB,SO,HBP,SF,SH,GDP,SB,CS,AVG,BB%,K%,BB/K,OBP,SLG,wOBA,OPS,ISO,Spd,BABIP,UBR,wSB,wRC,wRAA,wRC+,BsR,Fld,Off,Def,WAR,ADP,InterSD,InterSK,IntraSD,Vol,Skew,Dim,FPTS,FPTS/G,SPTS,SPTS/G,P10,P20,P30,P40,P50,P60,P70,P80,P90,TT10,TT20,TT30,TT40,TT50,TT60,TT70,TT80,TT90,NameASCII,PlayerId,MLBAMID
"Bobby Witt Jr.","KCR",60,260,235,67,41,14,2,10,37,33,21,2,45,2,2,0,,15,3,0.286558,0.0819769,0.173593,0.472237,0.348235,0.495252,0.36126,0.843487,0.208694,6.99242,0.316017,0,1.166,40.3672,9.34674,129.464,1.166,4.51705,10.136494398117065,7.301304817199707,2.7019,3.0999999046325684,,,,,,,375.3,6.255,375.3,6.255,,,,,,,,,,,,,,,,,,,"Bobby Witt Jr.","25764",677951
"Pete Crow-Armstrong","CHC",60,259,232,61,37,11,2,11,38,37,19,1,65,5,1,2,,14,3,0.264903,0.0724767,0.251206,0.288514,0.330126,0.480184,0.349368,0.810311,0.215282,7.55298,0.319184,0,0.991509,37.6753,6.80444,121.989,0.991509,6.33181,7.901971936225891,7.255424439907074,2.38544,32.939998626708984,,,,,,,346.5,5.775,346.5,5.775,,,,,,,,,,,,,,,,,,,"Pete Crow-Armstrong","27769",691718
"Juan Soto","NYM",60,257,207,57,33,8,1,14,39,39,48,4,42,1,1,0,,8,2,0.275188,0.185106,0.163119,1.13479,0.410373,0.53303,0.40321,0.943403,0.257842,4.92525,0.280097,0,0.372096,48.7116,18.011,159.454,0.372096,-2.08057,18.953186482191086,-5.142298698425293,2.24451,4.650000095367432,,,,,,,429.3,7.155,429.3,7.155,,,,,,,,,,,,,,,,,,,"Juan Soto","20123",665742
"Yordan Alvarez","HOU",54,232,196,59,33,11,0,14,33,37,31,6,40,3,1,0,,1,0,0.301338,0.134804,0.173996,0.774751,0.402214,0.576461,0.411196,0.978675,0.275123,2.2325,0.314788,0,-0.301182,45.4363,17.748,167.723,-0.301182,-0.0318509,18.103052377700806,-5.52938187494874,2.10906,33.38999938964844,,,,,,,401.8,7.44074074,401.8,7.44074074,,,,,,,,,,,,,,,,,,,"Yordan Alvarez","19556",670541
"Shohei Ohtani","LAD",58,252,213,61,33,11,2,16,46,44,35,6,60,2,2,0,,8,2,0.286392,0.138161,0.237994,0.580522,0.389204,0.579685,0.405566,0.968889,0.293293,6.32376,0.323325,0,0.659887,48.1786,18.1176,158.277,0.659887,0,18.493793189525604,-6.295679092407227,2.06369,1.2699999809265137,,,,,,,442.9,7.636206896,442.9,7.636206896,,,,,,,,,,,,,,,,,,,"Shohei Ohtani","19755",660271
"Wyatt Langford","TEX",55,240,212,57,34,11,1,11,34,34,24,1,53,2,1,0,,8,2,0.270311,0.101911,0.221814,0.459445,0.348961,0.49114,0.362437,0.840101,0.220829,5.81488,0.311197,0,0.564439,37.4414,8.8453,134.774,0.564439,3.38133,10.324287235736847,0.9702208042144775,2.00708,37.75,,,,,,,335.8,6.105454545,335.8,6.105454545,,,,,,,,,,,,,,,,,,,"Wyatt Langford","33333",694671
"Kevin McGonigle","DET",60,261,227,60,37,13,2,7,37,30,32,0,35,2,1,0,,6,1,0.262739,0.122671,0.13467,0.9109,0.35677,0.432548,0.348359,0.789318,0.169809,5.37903,0.282909,0,0.100359,37.8578,6.66199,123.334,0.100359,0.771796,7.244675852358341,2.9690181016921997,1.97631,999,,,,,,,334.5,5.575,334.5,5.575,,,,,,,,,,,,,,,,,,,"Kevin McGonigle","33572",805808
"Julio Rodríguez","SEA",60,257,233,62,40,11,1,11,35,35,19,2,57,4,1,0,,10,2,0.267118,0.0737099,0.220266,0.334641,0.329583,0.455075,0.339452,0.784658,0.187956,5.29744,0.308556,0,0.567762,35.3968,4.69618,124.053,0.567762,1.14139,7.815576612949371,1.830276906490326,1.9039,9.489999771118164,,,,,,,337.6,5.626666666,337.6,5.626666666,,,,,,,,,,,,,,,,,,,"Julio Rodriguez","23697",677594
"Francisco Lindor","NYM",60,260,231,59,36,11,1,10,38,33,24,1,47,4,1,0,,8,2,0.253659,0.0908204,0.181189,0.501247,0.332669,0.440372,0.33769,0.773041,0.186712,5.89269,0.278233,0,0.594144,35.3936,4.37316,115.673,0.594144,2.18588,5.543311059474945,4.778785228729248,1.90037,25.350000381469727,,,,,,,324.6,5.41,324.6,5.41,,,,,,,,,,,,,,,,,,,"Francisco Lindor","12916",596019
"Elly De La Cruz","CIN",61,263,235,63,38,12,3,10,40,36,25,1,71,1,2,0,,14,4,0.269996,0.0941698,0.269727,0.34913,0.340804,0.478441,0.352703,0.819244,0.208445,7.42135,0.342186,0,0.951156,38.9848,7.62396,117.644,0.951156,1.05665,6.583885073661804,3.5751677751541138,1.89327,8.449999809265137,,,,,,,357.1,5.85409836,357.1,5.85409836,,,,,,,,,,,,,,,,,,,"Elly De La Cruz","26668",682829
"Junior Caminero","TBR",61,265,240,65,38,11,0,16,36,44,23,2,50,1,1,0,,2,1,0.272659,0.0866461,0.187202,0.462848,0.337794,0.518031,0.365362,0.855825,0.245372,3.01668,0.281961,0,-0.204038,42.124,10.433,134.476,-0.204038,-2.16739,10.519371122121811,-1.535286784172058,1.86688,16.479999542236328,,,,,,,379.3,6.218032786,379.3,6.218032786,,,,,,,,,,,,,,,,,,,"Junior Caminero","28163",691406
"Fernando Tatis Jr.","SDP",61,264,232,64,42,12,1,9,38,32,28,1,53,2,2,0,,12,3,0.275442,0.104303,0.199141,0.523764,0.355676,0.45041,0.3512,0.806086,0.174968,5.52907,0.318027,0,0.497605,38.8613,7.34054,125.132,0.497605,3.40367,8.561800807714462,0.6911721229553223,1.80601,14.010000228881836,,,,,,,355.9,5.834426229,355.9,5.834426229,,,,,,,,,,,,,,,,,,,"Fernando Tatis Jr.","19709",665487
"Corbin Carroll","ARI",59,256,223,57,30,11,5,10,41,34,28,1,57,3,1,1,,11,2,0.254202,0.108577,0.222949,0.487005,0.344024,0.486684,0.357321,0.830708,0.232482,8.02724,0.297025,0,1.10119,38.9312,8.38532,124.568,1.10119,3.12188,8.740705132484436,0.49687957763671875,1.77755,14.100000381469727,,,,,,,358.9,6.083050847,358.9,6.083050847,,,,,,,,,,,,,,,,,,,"Corbin Carroll","25878",682998
"Gunnar Henderson","BAL",60,257,229,58,35,11,2,10,36,31,24,1,57,3,1,0,,7,2,0.254492,0.0919085,0.220599,0.416631,0.330107,0.452883,0.339672,0.78299,0.198391,6.04789,0.29449,0,0.323025,35.4427,4.74211,119.036,0.323025,-0.480765,6.058920592069626,2.2747902572155,1.77114,12.510000228881836,,,,,,,321.8,5.363333333,321.8,5.363333333,,,,,,,,,,,,,,,,,,,"Gunnar Henderson","26289",683002
"Geraldo Perdomo","ARI",59,256,214,55,38,10,2,5,35,27,34,0,33,3,2,4,,9,3,0.257867,0.131483,0.128109,1.02634,0.363222,0.394025,0.338683,0.757246,0.136158,5.7611,0.280782,0,0.133871,35.0586,4.51277,112.114,0.133871,1.74941,3.90083746612072,4.491075396537781,1.69199,76.7699966430664,,,,,,,301.1,5.10338983,301.1,5.10338983,,,,,,,,,,,,,,,,,,,"Geraldo Perdomo","22799",672695
"Cal Raleigh","SEA",55,219,189,40,21,7,0,12,26,34,27,2,63,2,2,0,,2,1,0.213555,0.121475,0.287698,0.422231,0.313019,0.445033,0.326512,0.758053,0.231478,2.73523,0.243883,0,-0.164095,27.839,1.69777,115.085,-0.164095,2.51397,3.7063659578561783,5.00162935256958,1.67119,18.729999542236328,,,,,,,256.1,4.656363636,256.1,4.656363636,,,,,,,,,,,,,,,,,,,"Cal Raleigh","21534",663728
"Ronald Acuña Jr.","ATL",56,241,200,56,34,10,1,11,43,30,36,2,51,3,2,0,,12,3,0.278097,0.149881,0.211513,0.708613,0.393695,0.495259,0.386063,0.888954,0.217161,6.16379,0.321378,0,0.626624,42.219,13.4991,144.279,0.626624,-2.05112,13.572391390800476,-5.023954629898071,1.65744,5.260000228881836,,,,,,,383.1,6.841071428,383.1,6.841071428,,,,,,,,,,,,,,,,,,,"Ronald Acuna Jr.","18401",660670
"Ben Rice","NYY",59,255,223,58,31,11,1,15,38,40,28,1,57,3,1,0,,2,1,0.260578,0.108432,0.221684,0.48913,0.348819,0.523653,0.373542,0.872472,0.263075,4.19934,0.282806,0,-0.250197,42.2244,11.7343,142.188,-0.250197,-0.296456,12.374884217977524,-5.352011680603027,1.63216,53.189998626708984,,,,,,,374.4,6.345762711,374.4,6.345762711,,,,,,,,,,,,,,,,,,,"Ben Rice","29576",700250
"Cody Bellinger","NYY",57,245,219,58,37,11,1,8,33,35,23,1,37,1,2,0,,5,2,0.265933,0.095491,0.149407,0.639133,0.337152,0.445793,0.340339,0.782945,0.179859,5.1773,0.283061,0,-0.035596,33.8962,4.65014,119.177,-0.035596,4.16168,5.4690131433308125,1.906123161315918,1.63019,80.98999786376953,,,,,,,294.5,5.166666666,294.5,5.166666666,,,,,,,,,,,,,,,,,,,"Cody Bellinger","15998",641355
"Riley Greene","DET",60,261,231,63,39,12,1,11,34,37,27,1,71,2,2,0,,1,1,0.272483,0.101863,0.272724,0.373503,0.348949,0.476174,0.356985,0.825123,0.203691,3.34454,0.345337,0,-0.43235,39.6883,8.49249,129.312,-0.43235,0.867537,8.542460232973099,-2.0880184173583984,1.59598,78.4800033569336,,,,,,,351.8,5.863333333,351.8,5.863333333,,,,,,,,,,,,,,,,,,,"Riley Greene","25976",682985
"William Contreras","MIL",59,234,206,56,39,10,0,7,31,31,25,2,41,1,2,0,,2,1,0.273813,0.107465,0.173889,0.618009,0.35371,0.425932,0.341239,0.779642,0.152119,3.0394,0.309281,0,-0.373183,32.5174,4.60832,115.535,-0.373183,0.741329,4.040501892566681,4.0954959988594055,1.59333,56.560001373291016,,,,,,,281.4,4.769491525,281.4,4.769491525,,,,,,,,,,,,,,,,,,,"William Contreras","20503",661388
"James Wood","WSN",60,257,219,58,32,13,1,12,40,37,36,3,76,2,1,0,,6,2,0.265115,0.138308,0.295497,0.468052,0.369738,0.502533,0.374546,0.87227,0.237418,5.16646,0.34678,0,0.125893,42.7256,12.025,137.067,0.125893,-0.354356,11.710604205727577,-4.372874706983566,1.5896,37.790000915527344,,,,,,,381.8,6.363333333,381.8,6.363333333,,,,,,,,,,,,,,,,,,,"James Wood","29518",695578
"JJ Wetherholt","STL",58,252,219,56,42,8,1,6,33,28,25,1,40,6,1,0,,6,1,0.256907,0.0981375,0.160727,0.610583,0.346425,0.380423,0.325228,0.726848,0.123515,5.0498,0.288534,0,0.531253,31.7289,1.68848,106.209,0.531253,4.14083,2.430089771747589,5.079102575778961,1.58873,999,,,,,,,281.5,4.853448275,281.5,4.853448275,,,,,,,,,,,,,,,,,,,"JJ Wetherholt","34985",802139
"Gabriel Moreno","ARI",46,182,160,46,33,9,0,4,22,22,19,1,30,2,2,0,,2,1,0.287278,0.103579,0.166483,0.622159,0.36497,0.42347,0.347391,0.788441,0.136192,3.39748,0.328515,0,-0.276129,26.2782,4.50612,117.932,-0.276129,2.74022,3.698403924703598,5.938832521438599,1.57586,181.22000122070312,,,,,,,225.3,4.897826086,225.3,4.897826086,,,,,,,,,,,,,,,,,,,"Gabriel Moreno","22664",672515
"José Ramírez","CLE",48,209,184,48,28,11,1,8,29,28,22,5,26,1,1,0,,11,2,0.263214,0.107253,0.124795,0.859428,0.344448,0.467844,0.344351,0.812292,0.20463,5.95365,0.265782,0,1.19207,29.5912,4.6469,122.015,1.19207,1.48401,6.581780791282654,1.4648792147636414,1.5681,6.28000020980835,,,,,,,281.9,5.872916666,281.9,5.872916666,,,,,,,,,,,,,,,,,,,"Jose Ramirez","13510",608070
"Adley Rutschman","BAL",55,223,196,50,30,12,1,7,25,29,24,1,35,1,2,0,,0,0,0.254005,0.108427,0.154607,0.701309,0.336946,0.426826,0.334399,0.763772,0.172821,2.20234,0.273596,0,-0.334819,29.8137,3.16086,115.381,-0.334819,2.19577,3.68879634141922,3.8127447366714478,1.5646,148.92999267578125,,,,,,,265.3,4.823636363,265.3,4.823636363,,,,,,,,,,,,,,,,,,,"Adley Rutschman","26288",668939
"Michael Harris II","ATL",57,246,232,66,43,12,1,9,30,34,10,0,48,2,2,1,,7,2,0.284306,0.0412206,0.194937,0.211456,0.31724,0.467272,0.337957,0.784512,0.182966,5.6692,0.321807,0,0.458676,33.5756,4.19539,112.135,0.458676,2.63616,4.088000178337097,3.357145667076111,1.56403,99.06999969482422,,,,,,,306.4,5.375438596,306.4,5.375438596,,,,,,,,,,,,,,,,,,,"Michael Harris II","25931",671739
"Shea Langeliers","ATH",57,228,207,53,29,11,0,13,30,36,18,1,51,2,1,0,,1,0,0.258869,0.0781252,0.224365,0.348206,0.322294,0.501558,0.353107,0.823852,0.242689,3.07792,0.282819,0,-0.165334,33.8336,6.67652,124.013,-0.165334,-1.77723,6.235238283872604,0.8477727174758911,1.53749,54.04999923706055,,,,,,,305.8,5.36491228,305.8,5.36491228,,,,,,,,,,,,,,,,,,,"Shea Langeliers","25816",669127
"Otto Lopez","MIA",56,241,222,65,46,12,2,5,31,27,15,0,35,2,2,0,,8,2,0.292308,0.0605358,0.146005,0.414616,0.338143,0.431598,0.335366,0.76974,0.13929,6.2375,0.325989,0,0.302741,32.3844,3.60256,109.546,0.302741,1.58372,3.0995547473430634,4.167055726051331,1.52946,229.16000366210938,,,,,,,295.8,5.282142857,295.8,5.282142857,,,,,,,,,,,,,,,,,,,"Otto Lopez","19608",672640
"Ketel Marte","ARI",59,253,225,60,36,12,2,11,35,35,24,2,41,2,2,0,,2,0,0.265186,0.0966768,0.160429,0.602614,0.341724,0.473529,0.351573,0.815253,0.208343,4.67913,0.279736,0,0.00506452,37.3354,7.11448,120.727,0.00506452,0.440688,6.381675279699266,0.4892991781234741,1.52914,32.63999938964844,,,,,,,342.4,5.80338983,342.4,5.80338983,,,,,,,,,,,,,,,,,,,"Ketel Marte","13613",606466
"Ceddanne Rafaela","BOS",58,249,232,62,40,14,2,7,33,31,12,0,52,4,1,1,,9,3,0.267948,0.0464219,0.210215,0.220831,0.311462,0.429621,0.322593,0.741084,0.161673,6.1778,0.319279,0,0.0945044,30.8477,1.1374,101.466,0.0945044,4.75061,0.5220277681946754,5.639503061771393,1.52144,125.02999877929688,,,,,,,289.7,4.994827586,289.7,4.994827586,,,,,,,,,,,,,,,,,,,"Ceddanne Rafaela","24262",678882
"Byron Buxton","MIN",43,188,169,43,22,9,1,12,31,27,14,1,51,3,1,0,,5,0,0.256559,0.0764935,0.271666,0.281572,0.324272,0.529055,0.36257,0.853327,0.272496,6.85818,0.295372,0,0.710789,29.3304,6.94454,132.667,0.710789,0.488357,7.8881946206092834,0.39267775416374207,1.51446,73.4800033569336,,,,,,,276.9,6.439534883,276.9,6.439534883,,,,,,,,,,,,,,,,,,,"Byron Buxton","14161",621439
"Mookie Betts","LAD",58,249,220,57,37,11,1,9,36,33,27,1,30,1,1,0,,3,1,0.26072,0.107625,0.119096,0.903683,0.343229,0.439382,0.341511,0.782612,0.178663,4.05982,0.265026,0,-0.19232,34.7071,4.96589,115.475,-0.19232,-0.216129,4.492924854159355,2.35763643682003,1.51384,60.58000183105469,,,,,,,308.3,5.315517241,308.3,5.315517241,,,,,,,,,,,,,,,,,,,"Mookie Betts","13611",605141
"Dillon Dingler","DET",54,215,195,49,29,11,1,8,26,32,14,0,52,5,1,0,,0,0,0.248999,0.0638816,0.240205,0.265946,0.311358,0.440789,0.326625,0.752147,0.191791,3.03338,0.295117,0,-0.323422,27.299,1.68322,108.27,-0.323422,2.90552,1.7558466494083405,5.520797491073608,1.5105,254.6199951171875,,,,,,,249.2,4.614814814,249.2,4.614814814,,,,,,,,,,,,,,,,,,,"Dillon Dingler","27464",693307
"Zach Neto","LAA",58,252,223,55,31,13,1,11,37,32,21,1,68,6,1,1,,9,4,0.246683,0.0828867,0.271048,0.3058,0.327188,0.454351,0.339074,0.781539,0.207668,5.68615,0.305188,0,-0.246881,34.582,4.52098,115.956,-0.246881,-1.25705,4.460793003439903,1.4410933256149292,1.50577,32.29999923706055,,,,,,,318.7,5.494827586,318.7,5.494827586,,,,,,,,,,,,,,,,,,,"Zach Neto","31347",687263
"Jeremy Peña","HOU",55,237,216,59,42,11,1,6,31,26,15,0,42,4,2,1,,7,1,0.274396,0.0613436,0.176213,0.348123,0.330567,0.417668,0.328295,0.748235,0.143272,5.1524,0.312131,0,0.420699,30.5001,2.18248,110.267,0.420699,0.565368,3.2743496000766754,3.1070350408554077,1.50159,122.9800033569336,,,,,,,275.9,5.016363636,275.9,5.016363636,,,,,,,,,,,,,,,,,,,"Jeremy Pena","21636",665161
"Pete Alonso","BAL",60,257,226,60,33,13,0,13,33,41,25,2,59,4,2,0,,1,0,0.264337,0.0985475,0.228879,0.430567,0.347643,0.500375,0.363818,0.848019,0.236038,2.78695,0.298139,0,-0.187051,40.4852,9.78461,135.77,-0.187051,-0.214783,10.591338470578194,-4.979597985744476,1.49575,24.440000534057617,,,,,,,358.8,5.98,358.8,5.98,,,,,,,,,,,,,,,,,,,"Pete Alonso","19251",624413
"Brice Turang","MIL",57,248,219,57,38,11,1,7,35,31,26,1,54,0,1,1,,10,2,0.262515,0.104194,0.219966,0.473684,0.339134,0.41606,0.331573,0.755194,0.153545,6.27273,0.319884,0,0.832126,32.5094,2.93842,109.076,0.832126,2.12045,3.5643142461776733,3.0051729679107666,1.48071,48.18000030517578,,,,,,,295,5.175438596,295,5.175438596,,,,,,,,,,,,,,,,,,,"Brice Turang","22186",668930
"Freddie Freeman","LAD",60,257,224,65,40,15,1,9,34,33,28,2,46,3,2,0,,3,1,0.287444,0.109151,0.178867,0.610236,0.371214,0.482647,0.368739,0.853861,0.195203,4.04043,0.323841,0,-0.0327975,41.513,10.8124,133.669,-0.0327975,0.35429,10.489889483898878,-4.2574383020401,1.47778,67.87999725341797,,,,,,,369.7,6.161666666,369.7,6.161666666,,,,,,,,,,,,,,,,,,,"Freddie Freeman","5361",518692
"Dansby Swanson","CHC",61,264,237,55,34,10,1,9,37,35,24,0,66,1,2,0,,7,1,0.231217,0.0894942,0.248746,0.359782,0.301629,0.401721,0.308044,0.70335,0.170505,5.99698,0.27743,0,0.721099,29.6079,-1.91279,94.3763,0.721099,4.19326,-1.0834386944770813,7.022428274154663,1.47072,152.30999755859375,,,,,,,275.8,4.521311475,275.8,4.521311475,,,,,,,,,,,,,,,,,,,"Dansby Swanson","18314",621020
"Vladimir Guerrero Jr.","TOR",62,267,233,66,44,13,0,9,36,36,30,4,35,3,2,0,,3,1,0.283046,0.110928,0.132578,0.836705,0.367079,0.458301,0.357293,0.82538,0.175255,3.22032,0.297222,0,-0.150422,40.5818,8.73609,130.394,-0.150422,0.494438,9.34946395456791,-4.38611713051796,1.46476,18.049999237060547,,,,,,,360.8,5.819354838,360.8,5.819354838,,,,,,,,,,,,,,,,,,,"Vladimir Guerrero Jr.","19611",665489
"Willson Contreras","BOS",59,254,218,58,33,13,1,11,32,38,24,1,63,10,2,0,,2,1,0.265118,0.0950892,0.248121,0.383236,0.36148,0.483063,0.367518,0.844543,0.217945,3.44834,0.320863,0,-0.343806,40.8143,10.4438,132.602,-0.343806,0.494092,9.374302625656128,-4.207142382860184,1.44079,168.1999969482422,,,,,,,356.6,6.044067796,356.6,6.044067796,,,,,,,,,,,,,,,,,,,"Willson Contreras","11609",575929
"Isaac Paredes","HOU",57,245,210,51,32,10,0,9,26,33,26,0,41,7,2,0,,0,0,0.244569,0.108056,0.167673,0.644444,0.344881,0.424866,0.340527,0.769747,0.180296,1.42557,0.261625,0,-0.482035,33.9515,4.68996,118.745,-0.482035,-0.0984561,4.901470065116882,0.2875007688999176,1.40948,243.60000610351562,,,,,,,288.2,5.05614035,288.2,5.05614035,,,,,,,,,,,,,,,,,,,"Isaac Paredes","20036",670623
"Matt Olson","ATL",63,271,237,61,33,14,0,13,37,37,30,2,66,2,2,0,,1,0,0.255625,0.111707,0.24283,0.460023,0.342156,0.487679,0.356962,0.829836,0.232055,2.56226,0.29584,0,-0.210682,41.153,8.80181,124.833,-0.210682,1.92931,7.967812895774841,-2.9102004766464233,1.40447,48.0099983215332,,,,,,,365.3,5.798412698,365.3,5.798412698,,,,,,,,,,,,,,,,,,,"Matt Olson","14344",621566
"Mike Trout","LAA",50,217,179,42,24,8,0,10,31,26,35,4,63,3,1,0,,2,0,0.233991,0.160704,0.289542,0.555028,0.365645,0.451745,0.355282,0.81739,0.217754,4.06586,0.297226,0,0.148681,32.6553,6.75164,127.189,0.148681,-0.866625,7.0611990094184875,-1.1249579787254333,1.38358,178.44000244140625,,,,,,,291.2,5.824,291.2,5.824,,,,,,,,,,,,,,,,,,,"Mike Trout","10155",545361
"Jonathan Aranda","TBR",59,254,219,61,42,11,0,9,32,36,28,1,61,5,3,0,,0,0,0.27763,0.109611,0.238537,0.459514,0.367222,0.442359,0.354799,0.809581,0.164729,1.7441,0.343002,0,-0.475221,38.1867,7.81618,127.155,-0.475221,1.78189,7.619230628013611,-3.097124457359314,1.37553,195.60000610351562,,,,,,,338.1,5.730508474,338.1,5.730508474,,,,,,,,,,,,,,,,,,,"Jonathan Aranda","21837",666018
"Drake Baldwin","ATL",56,229,203,55,35,9,1,10,30,34,22,1,46,3,1,0,,0,0,0.269171,0.0959172,0.199558,0.480649,0.348043,0.471366,0.356272,0.819409,0.202195,2.71614,0.298991,0,-0.331923,34.6059,7.30078,124.372,-0.331923,-0.400591,6.442766845226288,-0.48947954177856445,1.35583,78.62999725341797,,,,,,,305.8,5.460714285,305.8,5.460714285,,,,,,,,,,,,,,,,,,,"Drake Baldwin","31539",686948
"Wilyer Abreu","BOS",55,238,210,53,31,11,1,9,30,31,25,1,55,1,2,0,,4,2,0.25271,0.104853,0.231322,0.453278,0.332432,0.450407,0.338836,0.782838,0.197696,4.36276,0.296318,0,-0.270045,32.6136,4.22376,112.724,-0.270045,4.06905,3.2753893733024597,1.4813954830169678,1.3394,199.89999389648438,,,,,,,289,5.254545454,289,5.254545454,,,,,,,,,,,,,,,,,,,"Wilyer Abreu","23772",677800
"Alejandro Kirk","TOR",39,155,137,36,26,6,0,4,14,19,16,1,20,1,1,0,,0,0,0.25976,0.101768,0.126338,0.805519,0.338839,0.392455,0.322966,0.731294,0.132695,1.4479,0.275497,0,-0.172471,19.2303,0.754238,106.603,-0.172471,3.87996,1.024900808930397,6.660512685775757,1.33604,160.25,,,,,,,170.6,4.374358974,170.6,4.374358974,,,,,,,,,,,,,,,,,,,"Alejandro Kirk","22581",672386
"Kyle Tucker","LAD",58,249,214,55,33,11,1,10,36,36,32,1,40,1,2,0,,7,1,0.25723,0.129951,0.160817,0.808068,0.356049,0.454912,0.353335,0.81096,0.197682,5.56775,0.273195,0,0.678719,37.0993,7.3581,123.376,0.678719,-0.0240824,7.756176710128784,-2.693526918068528,1.33295,13.130000114440918,,,,,,,335.1,5.777586206,335.1,5.777586206,,,,,,,,,,,,,,,,,,,"Kyle Tucker","18345",663656
"Kazuma Okamoto","TOR",56,242,213,52,30,10,0,11,29,39,24,2,56,4,1,0,,0,0,0.243861,0.0983283,0.232687,0.422577,0.328807,0.454053,0.338846,0.782861,0.210193,1.62988,0.276242,0,-0.375225,33.2259,4.30477,117.609,-0.375225,-0.36287,4.623191565275192,-0.10037016868591309,1.33179,999,,,,,,,294.6,5.260714285,294.6,5.260714285,,,,,,,,,,,,,,,,,,,"Kazuma Okamoto","37123",672960
"Jackson Merrill","SDP",59,256,235,60,38,12,2,9,32,33,17,1,55,1,1,2,,6,1,0.256706,0.0658829,0.213227,0.30898,0.308273,0.436,0.321882,0.744273,0.179294,5.57461,0.297339,0,0.384669,31.5676,1.02173,105.541,0.384669,1.88718,2.1076762974262238,2.7232941389083862,1.33172,70.79000091552734,,,,,,,294.4,4.989830508,294.4,4.989830508,,,,,,,,,,,,,,,,,,,"Jackson Merrill","29490",701538
"Nico Hoerner","CHC",60,261,238,64,46,12,1,4,30,26,18,0,23,4,2,0,,10,2,0.267635,0.0686277,0.0889193,0.771798,0.326293,0.375237,0.311004,0.701529,0.107602,5.77101,0.282032,0,0.682354,29.9308,-1.26497,96.3541,0.682354,4.02087,-0.47547638416290283,5.012541115283966,1.31992,101.93000030517578,,,,,,,277.9,4.631666666,277.9,4.631666666,,,,,,,,,,,,,,,,,,,"Nico Hoerner","21479",663538
"Yandy Díaz","TBR",61,263,232,69,49,12,1,8,32,34,26,1,38,4,2,0,,1,1,0.299223,0.0972443,0.143512,0.677603,0.375363,0.456434,0.363702,0.831797,0.157211,2.50188,0.327409,0,-0.475205,41.331,9.9702,133.325,-0.475205,0,9.782331943511963,-6.133333206176758,1.31713,138.63999938964844,,,,,,,359.2,5.88852459,359.2,5.88852459,,,,,,,,,,,,,,,,,,,"Yandy Diaz","16578",650490
"Jackson Chourio","MIL",58,250,231,64,38,15,1,9,37,36,16,1,54,1,1,1,,9,2,0.275701,0.0638383,0.216126,0.295375,0.324365,0.4713,0.342331,0.795665,0.195599,6.03527,0.321833,0,0.482478,35.0545,5.15858,116.265,0.482478,2.05866,5.432563096284866,-0.5857861042022705,1.31538,19.3799991607666,,,,,,,323.7,5.581034482,323.7,5.581034482,,,,,,,,,,,,,,,,,,,"Jackson Chourio","28806",694192
"Colson Montgomery","CHW",59,254,228,50,27,9,1,13,31,39,21,1,80,5,1,0,,1,1,0.219801,0.0811104,0.312599,0.259471,0.296176,0.434496,0.316807,0.730672,0.214695,3.38349,0.273759,0,-0.338421,30.3379,-0.0325821,101.459,-0.338421,1.31686,0.09661239385604858,3.8255014419555664,1.31483,254.75,,,,,,,283.1,4.798305084,283.1,4.798305084,,,,,,,,,,,,,,,,,,,"Colson Montgomery","29712",695657
"Miguel Vargas","CHW",60,257,222,53,30,13,1,9,38,31,30,0,46,3,2,0,,4,1,0.239867,0.118509,0.178134,0.66528,0.337416,0.4338,0.338234,0.771216,0.193933,4.98267,0.260215,0,0.122082,35.1424,4.44182,116.31,0.122082,-1.81049,5.036595985293388,-1.3858015537261963,1.29736,303.0899963378906,,,,,,,306.6,5.11,306.6,5.11,,,,,,,,,,,,,,,,,,,"Miguel Vargas","20178",678246
"Trent Grisham","NYY",54,231,197,44,25,8,1,10,33,30,31,0,52,2,2,1,,3,1,0.222925,0.133285,0.223498,0.59636,0.330374,0.425738,0.333002,0.756113,0.202813,4.57793,0.247569,0,0.015201,30.6344,3.01318,114.091,0.015201,-0.127723,3.8353785322979093,0.6986657977104187,1.29364,253.82000732421875,,,,,,,274.2,5.077777777,274.2,5.077777777,,,,,,,,,,,,,,,,,,,"Trent Grisham","18564",663757
"Andy Pages","LAD",55,238,216,56,34,12,1,9,30,35,16,0,52,4,2,0,,4,2,0.260529,0.0678565,0.216572,0.313321,0.320543,0.453405,0.33561,0.773948,0.192876,4.33184,0.298629,0,-0.433278,32.072,3.60994,111.532,-0.433278,1.23205,2.9080934822559357,2.083593487739563,1.29047,133.4199981689453,,,,,,,284.7,5.176363636,284.7,5.176363636,,,,,,,,,,,,,,,,,,,"Andy Pages","24816",681624
"Matt Chapman","SFG",49,210,182,44,26,11,1,7,27,25,23,0,50,3,1,0,,2,1,0.24363,0.109452,0.240184,0.455702,0.334808,0.430707,0.335608,0.765516,0.187077,3.76834,0.294178,0,-0.290133,28.1948,3.1732,113.387,-0.290133,1.87443,3.119871199131012,2.6230419874191284,1.27153,163.6199951171875,,,,,,,246.8,5.036734693,246.8,5.036734693,,,,,,,,,,,,,,,,,,,"Matt Chapman","16505",656305
"Jacob Wilson","ATH",56,242,225,65,47,12,1,5,29,32,12,0,21,2,1,1,,2,1,0.288645,0.0510468,0.0861829,0.592308,0.329735,0.413449,0.325444,0.743184,0.124804,3.73746,0.299628,0,-0.175712,30.5893,1.6682,104.842,-0.175712,0.0394657,1.1986159980297089,2.63529896363616,1.26209,196.44000244140625,,,,,,,269.5,4.8125,269.5,4.8125,,,,,,,,,,,,,,,,,,,"Jacob Wilson","33266",805779
"CJ Abrams","WSN",59,255,229,60,36,12,2,9,36,34,17,1,50,6,2,0,,12,2,0.26159,0.0684312,0.197353,0.346746,0.326822,0.454238,0.338014,0.78106,0.192648,6.67012,0.294305,0,0.961959,34.7309,4.35012,112.657,0.961959,-3.31765,4.876361906528473,-0.7247443199157715,1.25843,65,,,,,,,324,5.491525423,324,5.491525423,,,,,,,,,,,,,,,,,,,"CJ Abrams","25768",682928
"Xander Bogaerts","SDP",58,250,223,56,41,10,0,5,27,25,23,1,46,2,2,0,,7,1,0.251674,0.0932299,0.185334,0.503038,0.326417,0.370436,0.30984,0.696853,0.118762,4.568,0.293222,0,0.696742,28.447,-1.44898,97.4942,0.696742,1.60903,-0.06588298082351685,4.292360067367554,1.25262,237.1999969482422,,,,,,,252.1,4.346551724,252.1,4.346551724,,,,,,,,,,,,,,,,,,,"Xander Bogaerts","12161",593428
"Jazz Chisholm Jr.","NYY",55,237,209,49,30,8,1,11,31,33,24,1,65,2,2,0,,14,3,0.235451,0.100998,0.27497,0.367305,0.316611,0.433371,0.326464,0.749983,0.197921,6.25329,0.28636,0,1.1483,30.0979,1.82674,109.56,1.1483,-0.562917,3.8010261058807373,0.12736111879348755,1.25201,19.520000457763672,,,,,,,293.9,5.343636363,293.9,5.343636363,,,,,,,,,,,,,,,,,,,"Jazz Chisholm Jr.","20454",665862
"Xavier Edwards","MIA",56,241,213,61,48,8,2,2,29,21,24,1,32,1,2,2,,10,2,0.288122,0.097944,0.131739,0.743468,0.357619,0.381805,0.328172,0.739424,0.0936837,6.07089,0.326438,0,0.667733,30.976,2.19417,104.739,0.667733,1.50402,2.0561617016792297,2.365128815174103,1.24159,182.42999267578125,,,,,,,270.4,4.828571428,270.4,4.828571428,,,,,,,,,,,,,,,,,,,"Xavier Edwards","22266",669364
"Aaron Judge","NYY",25,109,88,25,13,4,0,8,19,20,19,3,28,1,1,0,,2,1,0.280619,0.174594,0.257014,0.679319,0.411424,0.591374,0.418422,1.0028,0.310755,3.82549,0.32289,0,-0.0816222,21.9689,8.9707,173.293,-0.0816222,0.576889,9.268845468759537,-0.9008886814117432,1.23951,1.850000023841858,,,,,,,199.8,7.992,199.8,7.992,,,,,,,,,,,,,,,,,,,"Aaron Judge","15640",592450
"Alex Bregman","CHC",60,261,226,55,36,11,1,8,31,30,30,1,39,4,2,0,,1,1,0.241452,0.113305,0.148967,0.760602,0.336654,0.394718,0.324195,0.731372,0.153266,2.87103,0.258402,0,-0.384409,32.73,1.53426,105.169,-0.384409,1.5046,1.2569881677627563,2.4379307627677917,1.23471,119.16999816894531,,,,,,,295.9,4.931666666,295.9,4.931666666,,,,,,,,,,,,,,,,,,,"Alex Bregman","17678",608324
"Iván Herrera","STL",58,243,206,54,38,9,1,7,32,28,27,1,44,8,2,0,,4,1,0.262928,0.110097,0.182759,0.602417,0.367379,0.415869,0.347839,0.783247,0.152941,4.33833,0.301346,0,0.0715601,35.0826,6.08915,121.318,0.0715601,-0.312966,6.3637410923838615,-2.219138950109482,1.21943,178.42999267578125,,,,,,,303.8,5.237931034,303.8,5.237931034,,,,,,,,,,,,,,,,,,,"Ivan Herrera","20599",671056
"Randy Arozarena","SEA",58,252,217,54,34,12,0,8,35,29,24,0,63,9,2,0,,11,3,0.251185,0.0972175,0.248974,0.390472,0.348525,0.418416,0.340016,0.76694,0.167231,5.5674,0.315352,0,0.584419,34.7746,4.71361,124.444,0.584419,-1.91825,7.796508610248566,-4.731211543083191,1.21879,89.37999725341797,,,,,,,306.9,5.29137931,306.9,5.29137931,,,,,,,,,,,,,,,,,,,"Randy Arozarena","19290",668227
"Taylor Ward","BAL",58,252,214,53,34,11,1,8,32,27,33,0,58,2,2,0,,2,1,0.248234,0.132826,0.229562,0.578608,0.353612,0.419011,0.3425,0.772623,0.170777,3.21352,0.300163,0,-0.463791,35.2825,5.22153,120.996,-0.463791,-0.0525175,5.730813980102539,-2.7506657131016254,1.21017,148.42999267578125,,,,,,,301.6,5.2,301.6,5.2,,,,,,,,,,,,,,,,,,,"Taylor Ward","17548",621493
"Bo Bichette","NYM",58,252,232,64,45,12,0,7,30,32,16,0,42,1,2,0,,2,1,0.277681,0.0644187,0.168687,0.381883,0.325289,0.420043,0.32545,0.745333,0.142362,3.24974,0.311845,0,-0.432078,31.7962,1.73518,107.494,-0.432078,1.31633,1.8612917065620422,1.8904061913490295,1.20914,92.86000061035156,,,,,,,279,4.810344827,279,4.810344827,,,,,,,,,,,,,,,,,,,"Bo Bichette","19612",666182
"Masyn Winn","STL",59,254,229,57,41,10,1,4,32,27,19,0,48,3,2,1,,5,2,0.249504,0.0765529,0.189335,0.404326,0.313552,0.362883,0.300768,0.676435,0.113379,5.21521,0.295048,0,-0.0283445,27.0245,-3.346,89.8654,-0.0283445,4.09032,-3.1616731993854046,6.8162431716918945,1.20786,364.7799987792969,,,,,,,232.4,3.93898305,232.4,3.93898305,,,,,,,,,,,,,,,,,,,"Masyn Winn","27479",691026
"Kyle Schwarber","PHI",61,263,220,51,26,7,0,17,37,40,39,2,80,3,1,0,,2,1,0.231325,0.147445,0.305867,0.482056,0.352193,0.507337,0.369096,0.85953,0.276012,3.19251,0.270936,0,-0.263968,42.4538,11.1135,131.819,-0.263968,-0.0045433,9.887500792741776,-6.510716430842876,1.20651,24.690000534057617,,,,,,,372.7,6.109836065,372.7,6.109836065,,,,,,,,,,,,,,,,,,,"Kyle Schwarber","16478",656941
"Munetaka Murakami","CHW",58,252,209,49,29,7,0,14,36,36,39,3,86,2,1,0,,3,2,0.236068,0.154291,0.341421,0.451908,0.359014,0.465091,0.357499,0.824105,0.229023,2.87134,0.322647,0,-0.663467,38.3234,8.28299,129.662,-0.663467,-0.61163,8.082051873207092,-5.144963324069977,1.20519,999,,,,,,,340.4,5.868965517,340.4,5.868965517,,,,,,,,,,,,,,,,,,,"Munetaka Murakami","37120",808959
"Luis Arraez","SFG",59,256,235,74,57,13,2,3,29,25,13,1,11,2,3,3,,4,1,0.315899,0.0526803,0.0410372,1.28372,0.353521,0.421959,0.337961,0.775481,0.106061,4.80809,0.318838,0,0.0176121,34.9086,4.36274,114.96,0.0176121,-1.64933,4.669428922235966,-1.104880690574646,1.20359,280.04998779296875,,,,,,,306.5,5.194915254,306.5,5.194915254,,,,,,,,,,,,,,,,,,,"Luis Arraez","18568",650333
"Gleyber Torres","DET",54,234,202,53,38,9,0,6,30,25,28,1,42,2,2,0,,2,1,0.262768,0.120249,0.177584,0.677139,0.355038,0.40033,0.335971,0.755367,0.137562,3.07483,0.301323,0,-0.384296,31.5592,3.61302,114.748,-0.384296,-0.640694,3.6608031392097473,-0.11569446325302124,1.20341,261.510009765625,,,,,,,268.3,4.968518518,268.3,4.968518518,,,,,,,,,,,,,,,,,,,"Gleyber Torres","16997",650402
"Andrés Giménez","TOR",53,229,207,51,36,10,1,5,24,27,12,1,41,7,2,1,,8,2,0.245961,0.0505732,0.177853,0.284354,0.305614,0.371745,0.299353,0.677359,0.125784,5.54076,0.282192,0,0.65957,24.0263,-3.27003,90.2379,0.65957,3.19083,-1.9557855725288391,5.640832424163818,1.19792,412.2200012207031,,,,,,,226.9,4.281132075,226.9,4.281132075,,,,,,,,,,,,,,,,,,,"Andres Gimenez","19950",665926
"Bryce Harper","PHI",60,260,223,59,34,13,0,11,35,36,34,3,55,1,2,0,,4,2,0.266377,0.129027,0.213096,0.605486,0.362741,0.484243,0.364659,0.846985,0.217866,3.69836,0.302887,0,-0.344054,41.0844,10.064,128.854,-0.344054,-0.750993,8.767681568861008,-5.448832213878632,1.19183,47.900001525878906,,,,,,,355.5,5.925,355.5,5.925,,,,,,,,,,,,,,,,,,,"Bryce Harper","11579",547180
"Seiya Suzuki","CHC",55,240,210,56,33,11,1,11,31,35,26,1,60,1,2,0,,2,1,0.264596,0.108634,0.251857,0.431331,0.347162,0.476947,0.356132,0.824109,0.212351,3.7937,0.319646,0,-0.360683,36.215,7.61891,126.509,-0.360683,0.410084,7.356433004140854,-3.4010273218154907,1.18933,113.43000030517578,,,,,,,326.6,5.938181818,326.6,5.938181818,,,,,,,,,,,,,,,,,,,"Seiya Suzuki","30116",673548
"Trea Turner","PHI",58,249,229,61,42,11,1,7,37,26,17,0,49,2,1,0,,10,1,0.267961,0.0672911,0.196613,0.342251,0.320873,0.418123,0.323156,0.738996,0.150162,6.49282,0.31164,0,1.08382,30.9938,1.25257,101.122,1.08382,-0.490592,1.4233982563018799,2.1788524985313416,1.1852,26.780000686645508,,,,,,,289.2,4.986206896,289.2,4.986206896,,,,,,,,,,,,,,,,,,,"Trea Turner","16252",607208
"Corey Seager","TEX",40,174,151,37,22,7,0,8,23,23,20,3,36,1,1,0,,1,0,0.242905,0.115563,0.208403,0.554515,0.335117,0.449575,0.337877,0.784692,0.20667,2.66088,0.265224,0,-0.0791724,23.7556,2.95846,117.752,-0.0791724,0.808317,3.544410191476345,1.8972063660621643,1.17919,95.08999633789062,,,,,,,216.6,5.415,216.6,5.415,,,,,,,,,,,,,,,,,,,"Corey Seager","13624",608369
"Max Muncy","LAD",42,182,153,36,20,7,0,9,26,24,26,1,45,2,1,0,,1,0,0.235,0.142329,0.245273,0.580288,0.352427,0.456129,0.353373,0.808556,0.221129,3.52602,0.271505,0,-0.112621,27.1319,5.38563,123.401,-0.112621,-0.158734,5.067813888192177,0.43447549641132355,1.1568,234.3699951171875,,,,,,,239.4,5.7,239.4,5.7,,,,,,,,,,,,,,,,,,,"Max Muncy","13301",571970
"Ernie Clement","TOR",55,240,225,64,45,13,1,5,29,24,10,0,23,1,2,2,,2,1,0.281692,0.039692,0.0978992,0.405437,0.312815,0.409689,0.314625,0.722504,0.127997,4.13207,0.296274,0,-0.278933,28.1411,-0.455053,100.822,-0.278933,1.808,-0.04813200235366821,2.9357738494873047,1.15653,337.67999267578125,,,,,,,257.8,4.687272727,257.8,4.687272727,,,,,,,,,,,,,,,,,,,"Ernie Clement","20352",676391
"Daulton Varsho","TOR",53,229,208,48,27,10,1,9,30,29,18,1,53,2,1,0,,4,1,0.231483,0.076674,0.230154,0.333143,0.295399,0.430062,0.313788,0.725461,0.198579,5.61683,0.263849,0,0.234201,26.7064,-0.589939,100.242,0.234201,2.08041,0.29894088208675385,2.897074520587921,1.14844,192.2100067138672,,,,,,,244.9,4.620754716,244.9,4.620754716,,,,,,,,,,,,,,,,,,,"Daulton Varsho","19918",662139
"Manny Machado","SDP",59,256,228,55,33,11,0,11,32,36,25,2,53,1,2,0,,3,1,0.241698,0.0961212,0.205562,0.467602,0.31416,0.433029,0.323159,0.747188,0.191331,3.24577,0.265217,0,-0.128834,31.8329,1.28706,106.394,-0.128834,1.24449,1.8595028072595596,1.1472692489624023,1.14716,37.52000045776367,,,,,,,296.2,5.020338983,296.2,5.020338983,,,,,,,,,,,,,,,,,,,"Manny Machado","11493",592518
"Nick Kurtz","ATH",45,196,167,44,24,9,0,10,30,33,27,2,57,1,1,0,,2,0,0.26129,0.139443,0.289067,0.482391,0.367015,0.500362,0.372927,0.867377,0.239073,3.62378,0.332108,0,-0.123271,32.3035,8.90662,137.75,-0.123271,-0.736738,8.545609399676323,-4.236737608909607,1.14316,19.8700008392334,,,,,,,287.3,6.384444444,287.3,6.384444444,,,,,,,,,,,,,,,,,,,"Nick Kurtz","35110",701762
"Josh Jung","TEX",55,240,220,58,39,12,1,7,27,26,15,0,54,2,2,0,,1,1,0.263919,0.0644751,0.226887,0.284173,0.316546,0.418516,0.321405,0.735062,0.154597,3.25141,0.318841,0,-0.303015,29.4598,0.863665,106.336,-0.303015,0.102238,1.475196212530136,0.9577935487031937,1.11053,610.5,,,,,,,261.2,4.749090909,261.2,4.749090909,,,,,,,,,,,,,,,,,,,"Josh Jung","26299",673962
"Caleb Durbin","BOS",55,238,211,53,34,13,1,5,31,28,17,0,27,7,1,2,,9,3,0.252132,0.0697186,0.111891,0.623094,0.325819,0.393122,0.3189,0.718942,0.14099,5.87942,0.266799,0,0.350817,28.7635,0.373696,98.9067,0.350817,1.56356,0.04619079828262329,2.412941873073578,1.10694,219.8300018310547,,,,,,,256.9,4.67090909,256.9,4.67090909,,,,,,,,,,,,,,,,,,,"Caleb Durbin","29646",702332
"Willy Adames","SFG",59,256,230,54,31,12,0,10,32,31,23,1,66,1,1,0,,3,1,0.23354,0.0913485,0.257614,0.354594,0.306321,0.423659,0.318222,0.729979,0.190119,4.04972,0.280129,0,-0.1277,30.8072,0.261281,101.77,-0.1277,-0.558343,0.4226609766483307,2.1833236813545227,1.10661,133.92999267578125,,,,,,,276.1,4.679661016,276.1,4.679661016,,,,,,,,,,,,,,,,,,,"Willy Adames","15986",642715
"Michael Busch","CHC",55,237,203,51,30,10,1,9,30,32,28,1,57,4,2,0,,1,0,0.251024,0.116628,0.23868,0.488636,0.350084,0.451141,0.350225,0.801225,0.200117,4.05037,0.299704,0,-0.132412,34.6675,6.39635,122.562,-0.132412,1.04322,6.361036896705627,-3.205395221710205,1.09944,106.45999908447266,,,,,,,299.8,5.45090909,299.8,5.45090909,,,,,,,,,,,,,,,,,,,"Michael Busch","26319",683737
"Maikel Garcia","KCR",48,206,187,50,34,11,1,3,26,22,17,0,31,0,1,1,,7,2,0.266317,0.0848026,0.151587,0.559431,0.327971,0.389452,0.317045,0.717423,0.123136,5.78289,0.302965,0,0.180951,24.6379,0.0134834,98.82,0.180951,2.84171,-0.10423523187637329,3.578436315059662,1.09582,63.150001525878906,,,,,,,217.5,4.53125,217.5,4.53125,,,,,,,,,,,,,,,,,,,"Maikel Garcia","22715",672580
"Ian Happ","CHC",59,256,221,52,30,12,1,9,34,30,32,1,67,2,1,0,,3,1,0.236204,0.123693,0.260233,0.475318,0.336629,0.426588,0.334889,0.763217,0.190385,4.16155,0.292792,0,-0.17101,34.2702,3.72436,112.314,-0.17101,1.43785,3.6582543700933456,-1.3427093029022217,1.07722,184.86000061035156,,,,,,,300.2,5.088135593,300.2,5.088135593,,,,,,,,,,,,,,,,,,,"Ian Happ","17919",664023
"Brayan Rocchio","CLE",52,225,201,50,34,10,1,4,25,24,17,0,38,4,1,2,,6,3,0.250368,0.0767488,0.170163,0.451031,0.31858,0.378007,0.309173,0.696587,0.127639,5.1446,0.287845,0,-0.147031,25.4393,-1.42376,97.634,-0.147031,0.960821,-0.77084781229496,3.371931791305542,1.07515,999,,,,,,,217.3,4.178846153,217.3,4.178846153,,,,,,,,,,,,,,,,,,,"Brayan Rocchio","23690",677587
"Ryan Jeffers","MIN",45,183,158,40,25,9,1,6,22,23,20,0,36,3,1,0,,1,0,0.252263,0.108104,0.198025,0.545914,0.345133,0.429039,0.340814,0.774172,0.176776,3.25515,0.289711,0,-0.216887,25.3804,3.54274,117.589,-0.216887,-1.09808,3.55301433801651,0.3275402784347534,1.0527,298.05999755859375,,,,,,,225.1,5.002222222,225.1,5.002222222,,,,,,,,,,,,,,,,,,,"Ryan Jeffers","24618",680777
"Bryson Stott","PHI",54,233,209,54,37,10,2,5,27,26,20,0,40,1,1,1,,10,1,0.256292,0.0860903,0.169777,0.507078,0.323087,0.392584,0.315674,0.715671,0.136292,6.49804,0.292559,0,1.19503,27.5781,-0.244342,96.1218,1.19503,1.67498,0.0965965986251831,2.5456624031066895,1.03512,181.44000244140625,,,,,,,260,4.814814814,260,4.814814814,,,,,,,,,,,,,,,,,,,"Bryson Stott","26294",681082
"Tommy Edman","LAD",47,204,185,48,32,9,1,6,28,25,14,0,37,2,1,1,,5,1,0.261671,0.0687253,0.180856,0.38,0.31976,0.416998,0.3229,0.736758,0.155328,6.0247,0.297292,0,0.40258,25.2858,0.98119,103.039,0.40258,1.79733,1.1544295251369476,2.371401369571686,1.02744,730.1199951171875,,,,,,,226.7,4.823404255,226.7,4.823404255,,,,,,,,,,,,,,,,,,,"Tommy Edman","19470",669242
"Brandon Nimmo","TEX",55,237,210,53,34,11,2,7,28,26,21,0,52,4,1,0,,3,0,0.254299,0.0906733,0.218317,0.415328,0.333203,0.420362,0.331096,0.753565,0.166063,4.7228,0.304441,0,0.0569477,30.9887,2.71755,113.052,0.0569477,0.826586,3.6786529682576656,-1.983135998249054,1.0261,145.4600067138672,,,,,,,276.6,5.029090909,276.6,5.029090909,,,,,,,,,,,,,,,,,,,"Brandon Nimmo","12927",607043
"Austin Riley","ATL",57,246,221,55,33,10,1,10,31,31,20,0,66,4,1,0,,2,1,0.247597,0.0796821,0.267684,0.297673,0.3184,0.437766,0.329732,0.756166,0.190169,3.86691,0.305273,0,-0.14905,31.9317,2.55153,106.638,-0.14905,-0.587614,1.8364136517047882,0.29139870405197144,1.02606,59.36000061035156,,,,,,,288.7,5.06491228,288.7,5.06491228,,,,,,,,,,,,,,,,,,,"Austin Riley","18360",663586
"Kody Clemens","MIN",43,185,168,39,21,9,2,8,24,26,13,0,44,2,1,1,,3,1,0.234139,0.0686313,0.237799,0.288611,0.294654,0.456586,0.322694,0.75124,0.222447,5.75778,0.265012,0,0.0535081,22.926,0.859914,105.03,0.0535081,2.01026,1.1429565101861954,2.1729117929935455,1.00247,700.7000122070312,,,,,,,211,4.906976744,211,4.906976744,,,,,,,,,,,,,,,,,,,"Kody Clemens","20572",665019
"Travis Bazzana","CLE",56,241,208,47,29,10,2,6,32,27,27,0,65,3,2,0,,6,2,0.227657,0.11377,0.271168,0.419555,0.324977,0.378778,0.313717,0.703755,0.151121,5.9451,0.299383,0,0.173439,28.146,-0.635801,100.783,0.173439,0.494444,0.39471594989299774,0.8962961435317993,1.00061,999,,,,,,,247.8,4.425,247.8,4.425,,,,,,,,,,,,,,,,,,,"Travis Bazzana","34967",683953
"Garrett Mitchell","MIL",45,193,169,43,27,10,2,5,25,25,21,0,63,1,1,1,,6,2,0.255495,0.107922,0.32838,0.32865,0.340711,0.419414,0.334562,0.760125,0.163919,6.31967,0.3785,0,-0.063594,25.8337,2.76177,111.074,-0.063594,0.308162,2.53727013617754,0.9984398186206818,0.994416,691.1699829101562,,,,,,,231,5.133333333,231,5.133333333,,,,,,,,,,,,,,,,,,,"Garrett Mitchell","27555",669003
"Chase Meidroth","CHW",54,235,204,53,40,9,0,3,30,19,25,0,43,3,1,1,,4,2,0.257735,0.107085,0.182338,0.587292,0.346453,0.351921,0.316405,0.698374,0.0941866,4.03247,0.309299,0,-0.204182,27.9528,-0.106864,101.181,-0.204182,0.210752,0.12098962068557739,1.1095171570777893,0.97266,646.8699951171875,,,,,,,233.1,4.316666666,233.1,4.316666666,,,,,,,,,,,,,,,,,,,"Chase Meidroth","31580",805367
"Josh Naylor","SEA",55,236,213,57,40,10,0,7,26,32,19,2,32,2,1,0,,9,1,0.268239,0.0808369,0.137089,0.589666,0.332723,0.417837,0.327292,0.75056,0.149597,4.36256,0.285731,0,0.843086,30.1192,1.97701,115.626,0.843086,0.281423,5.159099996089935,-3.98586043715477,0.969361,67.45999908447266,,,,,,,278.3,5.06,278.3,5.06,,,,,,,,,,,,,,,,,,,"Josh Naylor","18839",647304
"Nick Gonzales","PIT",52,225,206,58,41,12,2,4,28,25,15,0,45,3,1,0,,2,1,0.279881,0.0669058,0.200481,0.333727,0.337371,0.406404,0.328116,0.743775,0.126523,4.44907,0.34106,0,-0.521181,28.9008,2.03772,104.167,-0.521181,0.804414,0.6183379888534546,1.627253234386444,0.968513,999,,,,,,,257.6,4.953846153,257.6,4.953846153,,,,,,,,,,,,,,,,,,,"Nick Gonzales","27490",693304
"Rafael Devers","SFG",59,256,224,56,30,14,0,12,33,34,29,3,65,2,2,0,,1,0,0.25118,0.112112,0.255185,0.439338,0.338776,0.473295,0.347789,0.812071,0.222115,2.50426,0.299679,0,-0.321297,36.9505,6.40464,121.526,-0.321297,-0.25292,6.3724285364151,-5.386253654956818,0.942726,61.619998931884766,,,,,,,337.9,5.727118644,337.9,5.727118644,,,,,,,,,,,,,,,,,,,"Rafael Devers","17350",646240
"Nolan Arenado","ARI",55,240,217,54,35,12,0,7,27,31,18,1,40,3,2,0,,2,0,0.25117,0.0756496,0.166429,0.454545,0.315428,0.406313,0.315005,0.721741,0.155142,3.18965,0.27589,0,-0.106321,28.2149,-0.381222,96.292,-0.106321,1.91626,-1.185742661356926,2.6940345764160156,0.941745,638.0599975585938,,,,,,,252.8,4.596363636,252.8,4.596363636,,,,,,,,,,,,,,,,,,,"Nolan Arenado","9777",571448
"Steven Kwan","CLE",50,217,190,52,40,8,1,3,27,18,22,0,20,2,1,1,,5,2,0.27115,0.101327,0.0915404,1.10691,0.350421,0.366678,0.321577,0.717099,0.0955278,5.05099,0.29005,0,0.0266813,26.7163,0.812623,106.23,0.0266813,0.588471,1.6106747817248106,-0.12912172079086304,0.932888,169.60000610351562,,,,,,,234.2,4.684,234.2,4.684,,,,,,,,,,,,,,,,,,,"Steven Kwan","24610",680757
"Sal Stewart","CIN",58,249,222,58,34,13,0,10,33,38,23,1,50,2,2,0,,6,1,0.259765,0.0921355,0.199004,0.462983,0.33235,0.455308,0.341875,0.787658,0.195543,4.23957,0.289431,0,0.33668,34.7446,5.03434,110.408,0.33668,1.39173,3.4845859110355377,-2.381104588508606,0.931535,161.8699951171875,,,,,,,318.1,5.484482758,318.1,5.484482758,,,,,,,,,,,,,,,,,,,"Sal Stewart","31505",701398
"Cole Young","SEA",50,214,191,46,32,9,1,5,25,26,18,0,38,3,1,1,,2,2,0.243749,0.0846122,0.175581,0.481898,0.317517,0.381944,0.309961,0.699461,0.138194,4.12572,0.276178,0,-0.47911,24.3651,-1.21878,103.614,-0.47911,0.206003,0.42847350239753723,0.9714347422122955,0.914961,704.2899780273438,,,,,,,206.6,4.132,206.6,4.132,,,,,,,,,,,,,,,,,,,"Cole Young","31680",702284
"Hunter Goodman","COL",54,219,201,51,27,11,1,13,30,33,15,1,61,2,1,0,,1,1,0.253307,0.0686553,0.280298,0.244937,0.31093,0.502283,0.347431,0.813213,0.248976,3.61035,0.298889,0,-0.42048,31.5923,5.42327,105.476,-0.42048,-1.12853,1.0383860170841217,0.688292384147644,0.896861,67.36000061035156,,,,,,,294.5,5.453703703,294.5,5.453703703,,,,,,,,,,,,,,,,,,,"Hunter Goodman","29715",696100
"Oneil Cruz","PIT",38,166,146,36,21,7,1,8,24,23,18,1,52,1,1,0,,10,2,0.247489,0.109707,0.314659,0.348655,0.335001,0.459354,0.343787,0.794356,0.211866,6.70762,0.329021,0,1.10774,23.4451,3.6176,114.638,1.10774,-1.06797,4.062388777732849,-0.6278456151485443,0.894648,92.93000030517578,,,,,,,227.2,5.978947368,227.2,5.978947368,,,,,,,,,,,,,,,,,,,"Oneil Cruz","21711",665833
"Colt Emerson","SEA",53,228,203,46,30,9,2,5,26,26,19,1,55,4,1,0,,4,2,0.22459,0.083056,0.241805,0.343483,0.302569,0.357547,0.293508,0.660116,0.132956,5.17403,0.281971,0,-0.337055,22.8456,-4.33727,92.2112,-0.337055,0.668007,-2.4150648713111877,3.069550633430481,0.887877,999,,,,,,,210.1,3.964150943,210.1,3.964150943,,,,,,,,,,,,,,,,,,,"Colt Emerson","33575",806068
"Alec Burleson","STL",57,246,224,62,41,12,1,9,29,35,19,0,36,2,2,0,,2,0,0.278051,0.0755502,0.144341,0.523414,0.336837,0.452178,0.343149,0.789015,0.174127,3.76505,0.296117,0,-0.0370715,34.6132,5.23301,118.184,-0.0370715,-0.198777,5.401677347719669,-4.712357372045517,0.880523,175.19000244140625,,,,,,,315.1,5.528070175,315.1,5.528070175,,,,,,,,,,,,,,,,,,,"Alec Burleson","27615",676475
"Nathan Lukes","TOR",42,180,161,44,33,7,1,4,20,20,13,0,28,2,1,2,,1,1,0.274819,0.0745879,0.156813,0.475648,0.337881,0.397826,0.325245,0.735707,0.123007,3.27689,0.311378,0,-0.505466,22.6551,1.208,108.182,-0.505466,2.81634,1.2169266939163208,1.046897053718567,0.877324,999,,,,,,,193.1,4.597619047,193.1,4.597619047,,,,,,,,,,,,,,,,,,,"Nathan Lukes","18123",664770
"Tyler Soderstrom","ATH",56,242,216,54,31,12,1,10,29,36,23,1,52,2,1,0,,1,1,0.251999,0.0948249,0.214725,0.441611,0.32904,0.461813,0.341635,0.790853,0.209814,3.38682,0.284531,0,-0.35713,33.7746,4.85347,116.063,-0.35713,-1.62439,4.202465236186981,-4.259113430976868,0.868472,82.8499984741211,,,,,,,295,5.267857142,295,5.267857142,,,,,,,,,,,,,,,,,,,"Tyler Soderstrom","27467",691016
"Francisco Alvarez","NYM",38,153,136,32,20,5,0,7,17,20,14,0,41,2,1,0,,0,0,0.238893,0.092132,0.26932,0.342091,0.317818,0.439655,0.330343,0.757474,0.200763,2.21745,0.286024,0,-0.147311,19.8973,1.65968,110.763,-0.147311,-0.824163,1.8510124385356903,1.682626724243164,0.8608,165.25,,,,,,,171.5,4.513157894,171.5,4.513157894,,,,,,,,,,,,,,,,,,,"Francisco Alvarez","26121",682626
"Jac Caglianone","KCR",52,225,203,53,32,10,1,10,30,29,18,1,53,3,1,0,,2,0,0.260562,0.0793012,0.234595,0.338035,0.328045,0.465343,0.343671,0.793387,0.204781,3.83651,0.303215,0,-0.143177,31.7431,4.88009,117.273,-0.143177,-1.05404,4.411091983318329,-3.962683916091919,0.857361,164.58999633789062,,,,,,,289.3,5.563461538,289.3,5.563461538,,,,,,,,,,,,,,,,,,,"Jac Caglianone","35041",695506
"Kyle Teel","CHW",47,187,164,40,28,7,0,5,24,22,20,0,51,2,1,0,,2,1,0.243799,0.106167,0.271188,0.391487,0.329332,0.371714,0.313868,0.701046,0.127916,4.15214,0.323044,0,-0.0844049,21.8733,-0.470728,99.4223,-0.0844049,-0.318875,-0.21110137552022934,1.9823598563671112,0.8546,266.8800048828125,,,,,,,194.3,4.134042553,194.3,4.134042553,,,,,,,,,,,,,,,,,,,"Kyle Teel","33549",691019
"Brandon Marsh","PHI",51,222,201,55,36,10,1,7,29,27,18,1,61,1,1,1,,5,2,0.272342,0.0823545,0.275751,0.298655,0.334036,0.441768,0.337324,0.775804,0.169427,5.17355,0.354766,0,0.00225984,30.2192,3.67592,110.588,0.00225984,0.525502,2.8633657582104206,-1.6655476093292236,0.853681,609.72998046875,,,,,,,268.4,5.262745098,268.4,5.262745098,,,,,,,,,,,,,,,,,,,"Brandon Marsh","20202",669016
"Luke Keaschall","MIN",48,209,181,48,34,10,1,4,28,22,20,0,33,6,2,0,,8,2,0.265589,0.0975664,0.158474,0.615662,0.355889,0.387826,0.332595,0.743715,0.122237,5.96242,0.304416,0,0.415262,27.5964,2.65212,111.893,0.415262,-1.46607,3.326860249042511,-2.384589433670044,0.849327,114.8499984741211,,,,,,,247.7,5.160416666,247.7,5.160416666,,,,,,,,,,,,,,,,,,,"Luke Keaschall","33321",807712
"Patrick Bailey","CLE",38,152,138,29,20,5,1,3,15,16,12,0,42,1,1,1,,1,0,0.213907,0.0780559,0.273997,0.284879,0.277135,0.330355,0.270945,0.60749,0.116448,4.07297,0.280893,0,0.00102395,12.4531,-5.67486,71.1391,0.00102395,5.14415,-5.134011565591209,8.11020302772522,0.849069,747.8900146484375,,,,,,,113.7,2.992105263,113.7,2.992105263,,,,,,,,,,,,,,,,,,,"Patrick Bailey","27478",672275
"J.P. Crawford","SEA",55,236,202,47,33,8,0,5,26,21,29,0,45,2,1,1,,2,1,0.23388,0.124215,0.192056,0.646763,0.336183,0.357957,0.313515,0.694139,0.124077,2.80286,0.27469,0,-0.405057,27.4819,-0.660374,106.077,-0.405057,-2.47129,1.2735683619976044,-1.323142170906067,0.845645,748.5399780273438,,,,,,,225.4,4.098181818,225.4,4.098181818,,,,,,,,,,,,,,,,,,,"J.P. Crawford","15491",641487
"Dalton Rushing","LAD",37,148,128,30,17,6,0,6,19,21,16,0,41,4,1,0,,0,0,0.232747,0.106142,0.276637,0.383686,0.331129,0.426445,0.333415,0.757574,0.193698,2.81269,0.290117,0,-0.145896,19.5977,1.97225,110.065,-0.145896,-0.752427,1.6600385308265686,1.811771035194397,0.83765,745.8300170898438,,,,,,,173.8,4.697297297,173.8,4.697297297,,,,,,,,,,,,,,,,,,,"Dalton Rushing","31382",687221
"Luis Campusano","SDP",37,145,129,33,21,6,0,5,18,18,15,0,30,1,1,0,,0,0,0.255137,0.100671,0.205491,0.489903,0.334306,0.422584,0.333227,0.75689,0.167447,2.75177,0.295124,0,-0.146609,19.231,1.91545,113.122,-0.146609,-1.12371,2.166369393467903,1.345733404159546,0.833174,999,,,,,,,168.2,4.545945945,168.2,4.545945945,,,,,,,,,,,,,,,,,,,"Luis Campusano","22217",669134
"Jarren Duran","BOS",54,235,212,51,29,12,3,7,30,29,18,0,60,3,2,0,,9,2,0.238754,0.0775388,0.25541,0.303585,0.304875,0.421388,0.315901,0.726263,0.182634,7.13038,0.296287,0,0.773566,27.8567,-0.202997,96.8285,0.773566,2.94664,-0.09986609220504761,-0.08546161651611328,0.829415,64.04000091552734,,,,,,,265.8,4.922222222,265.8,4.922222222,,,,,,,,,,,,,,,,,,,"Jarren Duran","24617",680776
"Jung Hoo Lee","SFG",54,234,215,61,42,12,3,4,28,23,15,0,23,2,2,0,,3,1,0.281009,0.0621821,0.098117,0.633754,0.330921,0.412391,0.325435,0.743313,0.131382,5.23424,0.298733,0,-0.204803,29.5563,1.61012,106.589,-0.204803,0.699735,1.6697960048913956,-1.1474876403808594,0.824054,339.44000244140625,,,,,,,270,5,270,5,,,,,,,,,,,,,,,,,,,"Jung Hoo Lee","33824",808982
"Christian Walker","HOU",57,245,219,51,28,11,0,11,29,34,21,1,61,4,1,0,,1,0,0.230314,0.0839527,0.248784,0.337452,0.306236,0.4373,0.322677,0.743537,0.206986,2.86974,0.264546,0,-0.232913,30.3986,1.13703,106.374,-0.232913,2.1679,1.5976587682962418,-2.2094197273254395,0.822599,212.94000244140625,,,,,,,278.8,4.89122807,278.8,4.89122807,,,,,,,,,,,,,,,,,,,"Christian Walker","13419",572233
"J.T. Realmuto","PHI",47,184,166,40,26,8,1,5,20,21,13,0,42,4,1,0,,3,1,0.243659,0.0719208,0.228299,0.315029,0.312757,0.39569,0.312086,0.708446,0.15203,4.752,0.294536,0,0.0842262,21.2278,-0.728662,93.7245,0.0842262,-0.0628643,-1.3184487074613571,3.4102838039398193,0.817552,212.27000427246094,,,,,,,187.8,3.99574468,187.8,3.99574468,,,,,,,,,,,,,,,,,,,"J.T. Realmuto","11739",592663
"Lars Nootbaar","STL",47,205,176,43,28,9,1,6,26,21,26,1,43,1,1,0,,2,1,0.245057,0.126733,0.207836,0.609773,0.342975,0.404718,0.330482,0.747693,0.159661,3.84407,0.28924,0,-0.425447,26.6746,2.24615,109.72,-0.425447,1.5924,1.9917629957199097,-0.600196361541748,0.814923,745.989990234375,,,,,,,235,5,235,5,,,,,,,,,,,,,,,,,,,"Lars Nootbaar","21454",663457
"Brandon Lowe","PIT",48,209,187,46,27,10,0,9,28,28,18,0,55,1,2,0,,1,0,0.243924,0.0869767,0.264847,0.328404,0.312425,0.445545,0.328282,0.757969,0.20162,3.34412,0.2929,0,-0.165834,26.8645,1.92023,104.277,-0.165834,-0.125004,0.9203492999076843,0.31511925160884857,0.813364,187.57000732421875,,,,,,,243.1,5.064583333,243.1,5.064583333,,,,,,,,,,,,,,,,,,,"Brandon Lowe","18882",664040
"Evan Carter","TEX",43,185,159,36,23,6,2,5,23,20,21,0,44,3,1,1,,8,1,0.22357,0.112699,0.235976,0.477584,0.322949,0.376601,0.312095,0.699551,0.153032,7.09824,0.276171,0,0.714036,21.3651,-0.731954,99.8835,0.714036,0.00649784,0.6887757107615471,0.6676089568063617,0.80516,280.4800109863281,,,,,,,202.8,4.716279069,202.8,4.716279069,,,,,,,,,,,,,,,,,,,"Evan Carter","27790",694497
"Chase DeLauter","CLE",46,198,178,47,31,11,0,6,22,26,19,0,30,0,1,0,,2,1,0.265902,0.0955338,0.151481,0.630667,0.334469,0.426163,0.333696,0.760633,0.160261,2.79506,0.290087,0,-0.377748,26.3584,2.69338,114.63,-0.377748,0.188752,3.0203389525413513,-2.1649513840675354,0.80187,999,,,,,,,231.5,5.032608695,231.5,5.032608695,,,,,,,,,,,,,,,,,,,"Chase DeLauter","32127",800050
"Sam Antonacci","CHW",49,213,180,46,34,8,2,3,31,24,18,0,35,12,1,2,,9,2,0.258618,0.0842901,0.16408,0.513714,0.362793,0.369537,0.331959,0.73233,0.110919,7.2878,0.306503,0,0.477743,28.0114,2.59257,111.961,0.477743,-1.2071,3.4616836607456207,-3.133030414581299,0.801589,999,,,,,,,241.9,4.936734693,241.9,4.936734693,,,,,,,,,,,,,,,,,,,"Sam Antonacci","35101",803011
"Kyle Stowers","MIA",55,236,208,50,27,11,2,10,28,34,22,1,69,4,1,0,,1,1,0.24271,0.0944379,0.293338,0.321942,0.325336,0.460147,0.339439,0.785483,0.217437,4.26753,0.309922,0,-0.279145,32.4445,4.30224,112.267,-0.279145,0.66702,3.2352625131607056,-3.007054388523102,0.799708,164.42999267578125,,,,,,,286.4,5.207272727,286.4,5.207272727,,,,,,,,,,,,,,,,,,,"Kyle Stowers","26151",669065
"Carson Kelly","CHC",37,148,131,32,22,5,0,4,17,18,15,0,28,2,1,0,,1,0,0.247083,0.0989799,0.190807,0.518745,0.330543,0.388596,0.320414,0.719139,0.141513,2.9194,0.284484,0,-0.188456,18.0544,0.413896,102.642,-0.188456,0.355514,0.28602398931980133,2.756902813911438,0.794674,591.9099731445312,,,,,,,153.2,4.14054054,153.2,4.14054054,,,,,,,,,,,,,,,,,,,"Carson Kelly","13620",608348
"Zack Gelof","ATH",39,169,152,37,23,8,0,6,23,21,14,0,51,2,1,1,,5,1,0.243314,0.0813854,0.301613,0.269834,0.311048,0.422631,0.321067,0.733679,0.179317,5.7142,0.322024,0,0.415403,20.7095,0.5622,101.808,0.415403,0.737684,0.7728850245475769,0.9904614388942719,0.787399,999,,,,,,,189.5,4.858974358,189.5,4.858974358,,,,,,,,,,,,,,,,,,,"Zack Gelof","29766",680869
"Carter Jensen","KCR",45,185,165,41,25,9,1,6,22,24,18,0,50,1,2,0,,2,0,0.247138,0.0957117,0.272526,0.351202,0.319632,0.418605,0.322533,0.738236,0.171466,4.64664,0.315806,0,0.0518538,22.9208,0.836488,102.623,0.0518538,0.101145,0.6204807311296463,0.49342919141054153,0.780245,999,,,,,,,213.6,4.746666666,213.6,4.746666666,,,,,,,,,,,,,,,,,,,"Carter Jensen","29478",695600
"Ezequiel Duran","TEX",49,210,193,49,32,11,1,5,25,25,13,0,49,2,2,1,,5,1,0.255657,0.0634017,0.235843,0.26883,0.306729,0.404934,0.311326,0.711663,0.149277,5.41048,0.314638,0,0.297027,24.0619,-0.959699,99.3506,0.297027,-0.350853,0.13755567371845245,0.08664721250534058,0.779016,999,,,,,,,217.7,4.442857142,217.7,4.442857142,,,,,,,,,,,,,,,,,,,"Ezequiel Duran","23733",677649
"Bryan Reynolds","PIT",57,246,215,56,36,12,1,7,31,30,26,1,59,4,1,0,,3,1,0.261429,0.106295,0.241148,0.440787,0.350153,0.42854,0.342303,0.778693,0.167111,4.34665,0.327612,0,-0.0464802,34.4925,5.07107,113.647,-0.0464802,-1.50009,4.040845409035683,-4.370463013648987,0.778572,204.72000122070312,,,,,,,297.8,5.224561403,297.8,5.224561403,,,,,,,,,,,,,,,,,,,"Bryan Reynolds","19326",668804
"Henry Bolte","ATH",43,188,167,41,29,8,1,4,21,23,15,0,64,5,1,0,,10,2,0.24693,0.0789955,0.340626,0.231912,0.323309,0.374813,0.311182,0.698121,0.127883,6.85958,0.373501,0,0.758376,21.54,-0.88202,94.9568,0.758376,0.525926,-0.35147660970687866,1.1578700542449951,0.759338,999,,,,,,,202.5,4.709302325,202.5,4.709302325,,,,,,,,,,,,,,,,,,,"Henry Bolte","31448",703607
"Joe Mack","MIA",42,167,151,35,23,6,0,5,20,22,12,0,45,2,1,1,,1,0,0.228891,0.0728239,0.270737,0.268984,0.293328,0.381006,0.296923,0.674334,0.152115,3.68802,0.288324,0,-0.0986565,17.1718,-2.71055,83.858,-0.0986565,2.07925,-3.365807816386223,5.332338571548462,0.747637,999,,,,,,,153.3,3.65,153.3,3.65,,,,,,,,,,,,,,,,,,,"Joe Mack","29780",691788
"Ozzie Albies","ATL",59,254,230,59,39,12,1,8,33,31,19,0,37,3,3,0,,3,1,0.254743,0.0728908,0.146082,0.49897,0.313721,0.41074,0.316033,0.724461,0.155997,4.04911,0.27042,0,-0.328674,30.1781,-0.19239,97.4851,-0.328674,-0.697675,-1.1062132716178894,0.21096694469451904,0.747537,150.5,,,,,,,285,4.830508474,285,4.830508474,,,,,,,,,,,,,,,,,,,"Ozzie Albies","16556",645277
"Jackson Holliday","BAL",46,201,176,43,28,7,1,6,26,21,22,0,46,1,1,0,,5,2,0.240959,0.108158,0.227745,0.474908,0.326398,0.392466,0.318366,0.718863,0.151507,5.03996,0.290992,0,-0.269474,24.2135,0.228599,104.269,-0.269474,-1.3118,0.7355188727378845,-0.5559375882148743,0.743163,203.14999389648438,,,,,,,220.1,4.784782608,220.1,4.784782608,,,,,,,,,,,,,,,,,,,"Jackson Holliday","31781",702616
"Jose Altuve","HOU",54,235,211,54,36,10,1,8,31,25,20,1,45,2,1,0,,4,2,0.255817,0.0855721,0.189948,0.450504,0.324453,0.419315,0.324989,0.743767,0.163498,4.18763,0.28902,0,-0.245711,29.5314,1.52844,107.976,-0.245711,-2.86594,1.9464357048273087,-3.007139503955841,0.739136,116.5199966430664,,,,,,,269.3,4.987037037,269.3,4.987037037,,,,,,,,,,,,,,,,,,,"Jose Altuve","5417",514888
"Luis Robert Jr.","NYM",40,174,157,37,24,7,0,6,21,24,14,1,45,2,1,0,,8,2,0.237421,0.0821539,0.261246,0.314469,0.305997,0.404584,0.310195,0.710581,0.167164,4.86595,0.292153,0,0.365908,19.8297,-0.957219,97.3005,0.365908,1.15922,-0.20532625913619995,1.704588234424591,0.725325,105.63999938964844,,,,,,,184.5,4.6125,184.5,4.6125,,,,,,,,,,,,,,,,,,,"Luis Robert Jr.","20043",673357
"Brendan Donovan","SEA",35,150,131,35,24,7,0,3,17,15,14,0,22,3,1,0,,1,1,0.265882,0.0955869,0.148015,0.645793,0.351625,0.397081,0.332819,0.748706,0.131199,3.36074,0.297204,0,-0.37404,19.84,1.93133,119.456,-0.37404,-0.3725,3.045740008354187,-1.2336112558841705,0.724668,268.5799865722656,,,,,,,163.6,4.674285714,163.6,4.674285714,,,,,,,,,,,,,,,,,,,"Brendan Donovan","24679",680977
"Casey Schmitt","SFG",54,234,217,57,37,10,1,9,26,30,12,1,49,3,2,0,,3,1,0.262488,0.0510961,0.210019,0.243293,0.308676,0.437941,0.323254,0.746617,0.175453,4.15645,0.299281,0,0.172952,29.1418,1.19556,105.132,0.172952,-0.102981,1.6329903155565262,-2.1835368275642395,0.71551,999,,,,,,,269.4,4.988888888,269.4,4.988888888,,,,,,,,,,,,,,,,,,,"Casey Schmitt","27577",669477
"Austin Wells","NYY",43,169,151,32,19,6,0,6,17,21,16,0,43,1,1,0,,2,0,0.21029,0.0944616,0.254616,0.370996,0.290254,0.38345,0.296524,0.673704,0.17316,3.51892,0.247206,0,0.00433764,17.4179,-2.81295,88.8102,0.00433764,-0.142839,-2.217533973045647,3.046050101518631,0.695345,246.13999938964844,,,,,,,156.8,3.646511627,156.8,3.646511627,,,,,,,,,,,,,,,,,,,"Austin Wells","27562",669224
"Jake Bauers","MIL",41,177,152,36,20,8,1,9,25,27,23,1,50,2,1,0,,4,1,0.240362,0.129764,0.284817,0.455605,0.34472,0.468917,0.352882,0.813637,0.228556,4.95768,0.297794,0,0.297176,26.2827,5.16054,123.315,0.297176,-1.55628,5.310412645339966,-4.249330997467041,0.690245,999,,,,,,,242.9,5.924390243,242.9,5.924390243,,,,,,,,,,,,,,,,,,,"Jake Bauers","15194",641343
"Coby Mayo","BAL",41,177,159,36,20,8,1,7,21,24,14,0,51,2,1,0,,1,1,0.224081,0.0818296,0.288848,0.283296,0.296439,0.420563,0.31247,0.717003,0.196482,3.86524,0.27831,0,-0.13429,20.4614,-0.64529,100.183,-0.13429,0.457793,-0.09635292366147041,0.5726077407598495,0.686179,459.1600036621094,,,,,,,184.4,4.497560975,184.4,4.497560975,,,,,,,,,,,,,,,,,,,"Coby Mayo","28312",691723
"Spencer Horwitz","PIT",39,169,146,40,26,9,0,4,21,19,19,0,28,2,1,0,,1,0,0.273628,0.114789,0.166661,0.688757,0.364345,0.43206,0.351245,0.796405,0.158431,2.80489,0.309377,0,-0.231881,24.8453,4.69806,119.622,-0.231881,0.486583,3.7925236225128174,-2.5655778348445892,0.680123,738.1500244140625,,,,,,,206.6,5.297435897,206.6,5.297435897,,,,,,,,,,,,,,,,,,,"Spencer Horwitz","26477",687462
"Dominic Canzone","SEA",43,188,170,43,26,8,1,8,24,26,14,1,41,2,1,0,,1,1,0.253559,0.0762215,0.219421,0.347375,0.31484,0.452526,0.331696,0.767366,0.198968,3.5847,0.286328,0,-0.283312,24.6291,2.24322,118.678,-0.283312,-0.12206,3.8204733431339264,-3.815269783139229,0.677188,477.1600036621094,,,,,,,222,5.162790697,222,5.162790697,,,,,,,,,,,,,,,,,,,"Dominic Canzone","26438",686527
"Heliot Ramos","SFG",55,237,216,57,37,11,1,8,30,29,16,1,57,3,1,0,,2,1,0.26278,0.0691624,0.240184,0.287956,0.32309,0.434518,0.329702,0.757609,0.171738,4.20007,0.319856,0,-0.321975,30.7207,2.44949,109.441,-0.321975,-0.825762,2.3950677514076233,-3.518817365169525,0.666485,218.8000030517578,,,,,,,274,4.981818181,274,4.981818181,,,,,,,,,,,,,,,,,,,"Heliot Ramos","22515",671218
"Yainer Diaz","HOU",36,143,135,36,24,7,0,5,15,19,6,0,24,1,1,0,,0,0,0.26447,0.0416094,0.17159,0.242493,0.297063,0.428708,0.313714,0.72577,0.164238,2.2081,0.288687,0,-0.271544,16.65,-0.37652,100.162,-0.271544,-0.814978,-0.24451009929180145,1.73610258102417,0.665573,113.04000091552734,,,,,,,154.9,4.302777777,154.9,4.302777777,,,,,,,,,,,,,,,,,,,"Yainer Diaz","23003",673237
"Colton Cowser","BAL",38,163,144,33,21,6,0,6,20,20,16,0,51,2,1,0,,4,1,0.228589,0.0999295,0.309615,0.322754,0.314531,0.390743,0.312161,0.705274,0.162154,4.76841,0.307075,0,0.150378,18.8702,-0.637439,99.9688,0.150378,0.207183,0.1444061235524714,0.5611952543258667,0.66105,251.72000122070312,,,,,,,173.4,4.563157894,173.4,4.563157894,,,,,,,,,,,,,,,,,,,"Colton Cowser","29591",681297
"Teoscar Hernández","LAD",55,236,215,56,35,10,0,10,30,37,16,1,64,2,2,0,,2,1,0.259504,0.0695421,0.27154,0.256103,0.316374,0.44971,0.331683,0.766084,0.190206,3.59581,0.320945,0,-0.0877333,30.9597,2.81751,108.908,-0.0877333,-1.05044,2.4642254933714867,-3.6146349906921387,0.660229,125.41999816894531,,,,,,,276.6,5.029090909,276.6,5.029090909,,,,,,,,,,,,,,,,,,,"Teoscar Hernandez","13066",606192
"José Caballero","NYY",49,210,185,42,29,8,0,5,26,23,18,0,50,4,2,2,,19,5,0.228073,0.0843725,0.240126,0.351368,0.306883,0.360481,0.298185,0.667363,0.132408,6.4336,0.282159,0,1.30014,21.8252,-3.19644,89.9611,1.30014,-0.944564,-1.1652467250823975,0.2123802900314331,0.659928,200.02999877929688,,,,,,,208.5,4.25510204,208.5,4.25510204,,,,,,,,,,,,,,,,,,,"Jose Caballero","23401",676609
"Dylan Crews","WSN",50,214,194,45,30,7,1,6,29,23,15,0,48,5,1,0,,9,2,0.232468,0.0698883,0.225652,0.309717,0.30224,0.378287,0.301594,0.680527,0.145819,6.662,0.277517,0,0.57792,22.9088,-2.67502,88.3201,0.57792,3.46049,-2.464023768901825,1.9679019451141357,0.655824,282.2200012207031,,,,,,,211.9,4.238,211.9,4.238,,,,,,,,,,,,,,,,,,,"Dylan Crews","33541",686611
"Tyler Stephenson","CIN",40,160,141,34,21,7,0,5,17,20,17,0,44,1,1,0,,0,0,0.24037,0.10327,0.274366,0.376396,0.323376,0.408497,0.322259,0.731873,0.168127,1.85329,0.307573,0,-0.398247,19.8166,0.688879,97.3006,-0.398247,-0.514464,-0.9238696396350861,2.12257319688797,0.649131,294.75,,,,,,,170.7,4.2675,170.7,4.2675,,,,,,,,,,,,,,,,,,,"Tyler Stephenson","17988",663886
"Ryan O'Hearn","PIT",51,220,196,53,36,9,0,8,28,30,20,1,44,3,1,0,,1,0,0.271417,0.0901876,0.20249,0.445394,0.343825,0.439701,0.341827,0.783525,0.168284,2.8825,0.313374,0,-0.216488,30.6583,4.43486,113.328,-0.216488,-0.301398,3.3415593206882477,-4.185965925455093,0.638237,285.44000244140625,,,,,,,273,5.352941176,273,5.352941176,,,,,,,,,,,,,,,,,,,"Ryan O'Hearn","16442",656811
"Anthony Volpe","NYY",32,136,123,28,18,7,1,3,16,15,11,0,33,1,1,0,,5,2,0.232155,0.0835933,0.242718,0.344405,0.30059,0.384954,0.302221,0.685544,0.152799,5.85696,0.287831,0,0.077599,14.6183,-1.6295,92.7586,0.077599,1.06197,-1.0771918296813965,2.500858783721924,0.635162,641.989990234375,,,,,,,127.9,3.996875,127.9,3.996875,,,,,,,,,,,,,,,,,,,"Anthony Volpe","27647",683011
"Roman Anthony","BOS",28,122,103,27,17,5,1,3,17,14,17,0,30,1,1,0,,2,1,0.258367,0.136784,0.248577,0.550267,0.364757,0.420551,0.348057,0.785308,0.162183,4.61008,0.332046,0,-0.185684,17.5971,3.07207,119.115,-0.185684,1.07876,2.5393343716859818,-0.6200069189071655,0.633235,50.75,,,,,,,151.6,5.414285714,151.6,5.414285714,,,,,,,,,,,,,,,,,,,"Roman Anthony","31812",701350
"Matt McLain","CIN",36,155,136,32,20,6,1,5,20,18,16,0,42,2,1,1,,5,1,0.232453,0.103314,0.271214,0.380933,0.319897,0.398068,0.318067,0.717965,0.165615,5.6807,0.297275,0,0.358611,18.625,0.138576,94.4992,0.358611,1.16662,-0.6765923202037811,1.8382256627082825,0.627681,144.3000030517578,,,,,,,174,4.833333333,174,4.833333333,,,,,,,,,,,,,,,,,,,"Matt McLain","29695",680574
"Michael Massey","KCR",45,196,181,46,30,10,0,5,21,23,10,0,36,2,2,1,,2,1,0.253363,0.0521542,0.182317,0.286064,0.296582,0.397662,0.303267,0.694244,0.144299,3.3721,0.287143,0,-0.149552,21.1701,-2.17517,89.271,-0.149552,1.34255,-2.6078788936138153,1.8113728761672974,0.625076,999,,,,,,,189.6,4.213333333,189.6,4.213333333,,,,,,,,,,,,,,,,,,,"Michael Massey","27684",686681
"Jeff McNeil","ATH",43,188,168,44,31,9,1,3,19,20,15,1,22,3,1,1,,1,1,0.264129,0.0786397,0.118215,0.665227,0.33371,0.3909,0.320022,0.724609,0.126771,3.3306,0.284725,0,-0.285541,22.8883,0.4663,101.084,-0.285541,-0.828512,-0.04707281291484833,-0.48823440074920654,0.623594,440.5199890136719,,,,,,,191.5,4.453488372,191.5,4.453488372,,,,,,,,,,,,,,,,,,,"Jeff McNeil","15362",643446
"Jake Burger","TEX",57,248,228,55,32,10,0,12,28,38,15,0,64,3,1,0,,1,0,0.240581,0.0612577,0.256857,0.23849,0.295764,0.444387,0.320061,0.740151,0.203806,2.47847,0.279562,0,-0.254074,30.1939,0.622885,105.405,-0.254074,0.491232,1.3145345449447632,-4.010156124830246,0.621123,236.72000122070312,,,,,,,277.7,4.871929824,277.7,4.871929824,,,,,,,,,,,,,,,,,,,"Jake Burger","22275",669394
"Ryan McMahon","NYY",40,174,155,33,20,7,0,6,18,20,18,0,56,1,1,0,,1,1,0.21141,0.101741,0.32025,0.317692,0.295044,0.373542,0.295716,0.668586,0.162132,2.91885,0.284884,0,-0.402134,17.7911,-3.00604,88.25,-0.402134,2.04432,-2.8005552887916565,2.6665437817573547,0.615082,732.8599853515625,,,,,,,162.6,4.065,162.6,4.065,,,,,,,,,,,,,,,,,,,"Ryan McMahon","15112",641857
"Colt Keith","DET",46,199,180,46,31,9,1,6,26,23,16,0,43,1,1,0,,1,0,0.25754,0.0795699,0.218474,0.364208,0.320278,0.413442,0.32137,0.73372,0.155901,4.25305,0.307676,0,-0.107971,24.4327,0.710926,104.629,-0.107971,0.0952048,0.9697204232215881,-2.014517344534397,0.611337,502.489990234375,,,,,,,218.7,4.754347826,218.7,4.754347826,,,,,,,,,,,,,,,,,,,"Colt Keith","27899",690993
"Spencer Torkelson","DET",57,245,215,49,26,12,0,12,30,34,26,1,68,3,1,0,,1,0,0.227864,0.104655,0.279512,0.374423,0.316349,0.444759,0.33073,0.761108,0.216895,2.35817,0.274632,0,-0.26843,31.9846,2.73853,111.116,-0.26843,-1.21071,2.922278970479965,-5.624597549438477,0.610623,188.35000610351562,,,,,,,295.9,5.19122807,295.9,5.19122807,,,,,,,,,,,,,,,,,,,"Spencer Torkelson","27465",679529
"Lane Thomas","KCR",46,198,175,42,25,9,1,6,23,25,20,0,49,2,1,0,,6,2,0.239108,0.0985161,0.247957,0.397312,0.320877,0.417006,0.324104,0.737883,0.177898,5.55068,0.294329,0,-0.101533,24.8143,1.14929,103.712,-0.101533,-1.24601,0.7607205957174301,-1.800946831703186,0.610085,726.6699829101562,,,,,,,220.2,4.786956521,220.2,4.786956521,,,,,,,,,,,,,,,,,,,"Lane Thomas","16939",657041
"Will Smith","LAD",23,91,78,20,13,3,0,3,12,11,11,0,17,2,1,0,,0,0,0.253824,0.115633,0.191951,0.60241,0.350513,0.42898,0.342441,0.779493,0.175155,3.07669,0.285364,0,-0.137674,12.7575,1.88432,116.097,-0.137674,-0.16267,1.6440438032150269,1.3777618557214737,0.605784,95.69000244140625,,,,,,,109.9,4.778260869,109.9,4.778260869,,,,,,,,,,,,,,,,,,,"Will Smith","19197",669257
"Curtis Mead","WSN",43,185,165,42,26,9,1,6,23,23,15,0,37,4,1,0,,3,1,0.252311,0.0828982,0.198872,0.416843,0.329337,0.420814,0.33054,0.750151,0.168503,4.35506,0.289613,0,-0.127032,24.1037,2.03767,107.662,-0.127032,-0.931948,1.59417025744915,-1.6304051876068115,0.605274,999,,,,,,,218.3,5.076744186,218.3,5.076744186,,,,,,,,,,,,,,,,,,,"Curtis Mead","23986",678554
"Jake Mangum","PIT",32,139,129,37,29,7,1,1,15,12,7,0,23,2,1,1,,7,2,0.289075,0.0492104,0.166426,0.29569,0.33208,0.381151,0.315262,0.713232,0.0920768,5.76727,0.34242,0,0.263505,16.4369,-0.192623,95.5776,0.263505,2.0768,-0.4851478934288025,1.9237177222967148,0.604456,672.4199829101562,,,,,,,148.3,4.634375,148.3,4.634375,,,,,,,,,,,,,,,,,,,"Jake Mangum","26202",663968
"Samuel Basallo","BAL",44,183,166,40,23,8,0,9,21,27,15,1,46,1,1,0,,0,0,0.238394,0.0804112,0.253605,0.317073,0.304225,0.445281,0.323462,0.749505,0.206887,1.96774,0.275054,0,-0.266577,22.8504,0.967091,107.801,-0.266577,-0.793604,1.4088813364505768,-2.0852704644203186,0.593039,160.94000244140625,,,,,,,213.8,4.859090909,213.8,4.859090909,,,,,,,,,,,,,,,,,,,"Samuel Basallo","28824",694212
"Trevor Larnach","MIN",39,169,149,38,25,8,0,5,22,20,18,1,37,1,1,0,,1,1,0.257476,0.105282,0.220586,0.477286,0.340039,0.418488,0.333552,0.758527,0.161012,3.12575,0.310709,0,-0.365499,22.4206,2.27329,112.556,-0.365499,-0.214489,2.117365449666977,-2.2907231748104095,0.591456,748.52001953125,,,,,,,190.1,4.874358974,190.1,4.874358974,,,,,,,,,,,,,,,,,,,"Trevor Larnach","21501",663616
"Ty France","SDP",46,199,178,45,30,9,0,6,21,24,12,1,39,7,2,0,,1,0,0.254468,0.0589676,0.195322,0.3019,0.323461,0.417664,0.325174,0.741124,0.163196,2.63839,0.289403,0,-0.25213,25.0465,1.3247,107.741,-0.25213,1.31436,1.6171806454658508,-2.2925890684127808,0.586299,999,,,,,,,215.4,4.682608695,215.4,4.682608695,,,,,,,,,,,,,,,,,,,"Ty France","17982",664034
"Jasson Domínguez","NYY",43,188,170,43,28,8,1,6,25,22,16,0,46,1,1,0,,9,1,0.250129,0.0831507,0.246326,0.337563,0.314785,0.415848,0.319636,0.730633,0.165719,6.09578,0.305636,0,0.988988,22.8294,0.407424,104.828,0.988988,-0.811948,2.0515052676200867,-3.0188928842544556,0.579879,421.5400085449219,,,,,,,221.4,5.148837209,221.4,5.148837209,,,,,,,,,,,,,,,,,,,"Jasson Dominguez","28080",691176
"Cedric Mullins","TBR",47,202,179,38,25,6,1,6,23,22,18,0,44,2,1,1,,9,2,0.214889,0.089867,0.219844,0.408776,0.293061,0.368218,0.293538,0.661278,0.153329,5.85822,0.24726,0,0.51549,20.2581,-3.84021,84.6973,0.51549,0.905711,-3.103920340538025,1.6266990900039673,0.578969,321.5,,,,,,,184.8,3.931914893,184.8,3.931914893,,,,,,,,,,,,,,,,,,,"Cedric Mullins","17929",656775
"Paul Goldschmidt","NYY",36,155,140,37,23,7,0,6,20,21,13,1,36,1,1,0,,1,0,0.261719,0.0842929,0.233223,0.361426,0.327848,0.449637,0.336937,0.777485,0.187919,3.37036,0.309028,0,-0.0434776,21.0389,2.51643,116.819,-0.0434776,0.20149,3.014112178236246,-2.8804545253515244,0.573405,748.3599853515625,,,,,,,187.8,5.216666666,187.8,5.216666666,,,,,,,,,,,,,,,,,,,"Paul Goldschmidt","9218",502671
"Joc Pederson","TEX",40,172,147,35,20,6,1,8,21,21,20,1,40,3,1,0,,1,0,0.234277,0.115109,0.233855,0.492224,0.334259,0.44943,0.341114,0.783689,0.215153,3.42677,0.26206,0,-0.193009,23.8352,3.36299,119.995,-0.193009,0,3.8247129321098328,-4.287499904632568,0.571996,999,,,,,,,218.2,5.455,218.2,5.455,,,,,,,,,,,,,,,,,,,"Joc Pederson","11899",592626
"Jake Cronenworth","SDP",54,231,200,46,31,9,1,5,27,23,25,0,47,5,1,1,,2,1,0.230928,0.10716,0.202368,0.529532,0.329158,0.366619,0.312495,0.695776,0.13569,4.23328,0.274567,0,-0.189624,26.7814,-0.839829,99.2685,-0.189624,-1.53974,-0.39532265067100525,-1.4911272712051868,0.571385,738.2999877929688,,,,,,,227.4,4.211111111,227.4,4.211111111,,,,,,,,,,,,,,,,,,,"Jake Cronenworth","18036",630105
"Jacob Young","WSN",47,204,183,44,33,7,1,3,25,19,13,0,36,3,1,3,,9,3,0.24027,0.0658936,0.176621,0.37308,0.302774,0.3352,0.286213,0.637974,0.0949304,6.55007,0.284952,0,0.321671,19.2205,-5.0842,78.0423,0.321671,3.277,-5.111104428768158,4.0041592717170715,0.558724,746.0700073242188,,,,,,,174.3,3.708510638,174.3,3.708510638,,,,,,,,,,,,,,,,,,,"Jacob Young","29931",696285
"Marcus Semien","NYM",46,198,178,41,28,7,1,6,25,22,17,0,36,1,1,0,,3,1,0.230959,0.0864343,0.182201,0.47439,0.300343,0.372053,0.297329,0.672396,0.141094,4.65973,0.257341,0,-0.00299958,20.5041,-3.16098,88.703,-0.00299958,1.06134,-2.7245555294211954,1.7693694233894348,0.556427,266.25,,,,,,,190.9,4.15,190.9,4.15,,,,,,,,,,,,,,,,,,,"Marcus Semien","12533",543760
"Josh Bell","MIN",50,214,190,48,30,10,0,7,24,28,21,0,42,2,1,0,,0,1,0.253303,0.0995525,0.196538,0.50653,0.332139,0.427834,0.333368,0.759974,0.174531,1.92562,0.287012,0,-0.473695,28.4384,2.8546,112.428,-0.473695,-0.0512072,2.6470282673835754,-4.796886056661606,0.555819,636.3300170898438,,,,,,,239.8,4.796,239.8,4.796,,,,,,,,,,,,,,,,,,,"Josh Bell","13145",605137
"Blaze Alexander","BAL",25,110,97,25,18,5,1,2,12,12,9,0,31,3,1,1,,3,1,0.259774,0.078151,0.280685,0.278429,0.334127,0.3937,0.322893,0.727827,0.133926,4.99773,0.353715,0,-0.170712,13.6405,0.528763,107.407,-0.170712,0.45693,0.7824792563915253,0.791806697845459,0.555606,745.9099731445312,,,,,,,120.9,4.836,120.9,4.836,,,,,,,,,,,,,,,,,,,"Blaze Alexander","23789",677942
"Jakob Marsee","MIA",48,209,177,40,26,8,2,4,26,21,25,0,44,3,1,2,,11,5,0.223983,0.119403,0.208298,0.573233,0.328917,0.359522,0.310555,0.688439,0.135539,6.72032,0.272132,0,0.0938045,23.8566,-1.08764,92.9668,0.0938045,-0.398566,-1.6921498328447342,0.34773004055023193,0.552348,137.0800018310547,,,,,,,210.1,4.377083333,210.1,4.377083333,,,,,,,,,,,,,,,,,,,"Jakob Marsee","31370",805300
"Nolan Schanuel","LAA",48,206,180,48,35,9,0,4,23,21,21,1,30,3,1,1,,2,0,0.265403,0.102353,0.143205,0.714731,0.351663,0.385808,0.329358,0.737471,0.120405,3.05741,0.295803,0,-0.201547,26.7003,2.07584,109.222,-0.201547,-0.220323,2.027226686477661,-3.9805082380771637,0.546708,594.6599731445312,,,,,,,228.3,4.75625,228.3,4.75625,,,,,,,,,,,,,,,,,,,"Nolan Schanuel","33189",694384
"Ben Williamson","TBR",31,136,123,32,24,6,1,1,16,14,10,0,26,1,1,0,,3,1,0.261488,0.0723371,0.195012,0.370936,0.321973,0.360649,0.303869,0.682622,0.0991606,5.70793,0.320689,0,0.196371,14.7347,-1.44093,91.8574,0.196371,0.838601,-1.0963485538959503,1.6583536863327026,0.545802,999,,,,,,,124.6,4.019354838,124.6,4.019354838,,,,,,,,,,,,,,,,,,,"Ben Williamson","33197",810938
"Jake McCarthy","COL",41,177,160,45,31,8,3,4,23,21,11,0,30,3,1,2,,9,2,0.284537,0.0623122,0.168179,0.370512,0.339674,0.438317,0.339584,0.777991,0.153781,7.77389,0.327977,0,0.698685,24.3245,3.24362,100.233,0.698685,0.478763,0.7487247586250305,-1.1121316254138947,0.544986,506.760009765625,,,,,,,223.4,5.448780487,223.4,5.448780487,,,,,,,,,,,,,,,,,,,"Jake McCarthy","21622",664983
"Justin Crawford","PHI",48,206,188,52,40,9,2,2,28,19,14,0,42,1,1,2,,10,3,0.277338,0.0665268,0.203991,0.326126,0.328164,0.378371,0.312996,0.706536,0.101033,6.88725,0.344495,0,0.623219,23.9597,-0.664713,94.3328,0.623219,-1.37303,-0.7974094152450562,-0.6363043189048767,0.534489,999,,,,,,,215.1,4.48125,215.1,4.48125,,,,,,,,,,,,,,,,,,,"Justin Crawford","31791",702222
"George Springer","TOR",45,196,173,42,27,7,1,7,26,23,20,0,39,2,1,0,,4,1,0.245176,0.103396,0.196927,0.525045,0.330034,0.417757,0.329229,0.747792,0.172581,4.96514,0.275955,0,0.198983,25.3487,1.95188,110.944,0.198983,0.000731198,2.7120198160409927,-4.432602199376561,0.533143,94.37999725341797,,,,,,,224.8,4.995555555,224.8,4.995555555,,,,,,,,,,,,,,,,,,,"George Springer","12856",543807
"Kyle Karros","COL",37,161,142,37,25,8,1,3,21,17,16,1,36,2,1,0,,2,0,0.258979,0.0971638,0.224396,0.433001,0.337712,0.39422,0.323142,0.731932,0.135241,5.0786,0.325017,0,0.0408382,19.9995,0.806492,89.2463,0.0408382,1.5371,-2.0602596141397953,2.0548497438430786,0.529108,999,,,,,,,180.1,4.867567567,180.1,4.867567567,,,,,,,,,,,,,,,,,,,"Kyle Karros","33252",691720
"Kyle Manzardo","CLE",48,209,184,43,25,8,1,8,23,26,21,1,55,3,1,0,,1,0,0.232263,0.100137,0.26449,0.378605,0.317757,0.420251,0.323204,0.738008,0.187989,3.10907,0.283099,0,-0.155023,26.0029,1.05861,107.358,-0.155023,0.343648,1.646392360329628,-3.961907148361206,0.519726,253.4600067138672,,,,,,,234.8,4.891666666,234.8,4.891666666,,,,,,,,,,,,,,,,,,,"Kyle Manzardo","29794",700932
"Trevor Story","BOS",36,158,147,37,23,8,0,5,19,21,8,0,45,1,1,0,,5,0,0.248766,0.051784,0.287719,0.179981,0.292345,0.406332,0.30309,0.698677,0.157566,5.94993,0.3249,0,0.798229,17.0407,-1.77585,87.9498,0.798229,-0.771449,-1.4272080659866333,0.9174396395683289,0.517195,111.33000183105469,,,,,,,166.9,4.636111111,166.9,4.636111111,,,,,,,,,,,,,,,,,,,"Trevor Story","12564",596115
"Endy Rodríguez","PIT",24,96,85,21,13,5,1,2,13,11,10,0,21,1,0,0,,1,0,0.244184,0.100885,0.215171,0.468858,0.323873,0.406204,0.321921,0.730077,0.162021,4.38839,0.292936,0,-0.153026,11.8159,0.385405,100.028,-0.153026,0.369344,-0.14981483365409076,2.139405608177185,0.516732,999,,,,,,,106.5,4.4375,106.5,4.4375,,,,,,,,,,,,,,,,,,,"Endy Rodriguez","25332",682848
"Dylan Beavers","BAL",35,153,133,33,21,7,1,4,20,17,17,0,36,1,1,1,,4,2,0.247322,0.109754,0.235168,0.466706,0.334028,0.403907,0.326081,0.737935,0.156585,5.38297,0.307116,0,-0.0743961,19.3589,1.13038,109.616,-0.0743961,-0.694422,1.6460456773638725,-1.9860885739326477,0.516593,505.0400085449219,,,,,,,171.4,4.897142857,171.4,4.897142857,,,,,,,,,,,,,,,,,,,"Dylan Beavers","31695",687637
"Alec Bohm","PHI",50,214,196,51,35,10,1,6,22,28,14,1,33,2,2,0,,1,0,0.260417,0.0657813,0.15367,0.428068,0.31536,0.408026,0.316347,0.723386,0.147609,2.88133,0.28354,0,-0.195784,25.4763,-0.107572,96.5715,-0.195784,-1.2892,-1.0887225270271301,-0.8108058571815491,0.513836,239.8699951171875,,,,,,,230.6,4.612,230.6,4.612,,,,,,,,,,,,,,,,,,,"Alec Bohm","21618",664761
"Mike Yastrzemski","ATL",36,155,134,31,18,7,1,5,21,18,18,0,37,2,1,0,,1,0,0.232547,0.11421,0.239127,0.477612,0.327282,0.412854,0.325724,0.740136,0.180307,4.12467,0.280065,0,-0.176991,19.5879,1.10152,103.961,-0.176991,1.19499,0.5683528631925583,-0.5432767868041992,0.512692,656.0999755859375,,,,,,,174.5,4.847222222,174.5,4.847222222,,,,,,,,,,,,,,,,,,,"Mike Yastrzemski","14854",573262
"Jordan Lawlar","ARI",30,128,113,27,17,6,1,3,17,15,11,0,34,2,1,1,,5,1,0.240235,0.0882148,0.266241,0.331334,0.319936,0.390833,0.314138,0.710769,0.150598,6.74066,0.314861,0,0.428681,14.9793,-0.293663,95.7128,0.428681,0.950991,-0.23788416385650635,1.135713666677475,0.512312,261.6499938964844,,,,,,,135.2,4.506666666,135.2,4.506666666,,,,,,,,,,,,,,,,,,,"Jordan Lawlar","29976",691783
"Joshua Kuroda-Grauer","ATH",38,163,151,41,31,9,0,1,15,15,8,0,18,3,1,1,,3,1,0.269427,0.0496849,0.113049,0.439499,0.31792,0.340832,0.294831,0.658751,0.0714042,3.94427,0.301952,0,-0.110271,16.5618,-2.93552,83.6247,-0.110271,2.13237,-3.243904620409012,2.4434856176376343,0.508369,999,,,,,,,150,3.947368421,150,3.947368421,,,,,,,,,,,,,,,,,,,"Joshua Kuroda-Grauer","35121",811965
"Esteury Ruiz","MIA",21,91,79,20,12,4,1,2,14,11,8,0,21,3,1,1,,9,2,0.249147,0.0918988,0.2275,0.403951,0.341096,0.409442,0.332917,0.750538,0.160294,8.39195,0.308156,0,0.96541,12.053,1.17987,107.909,0.96541,0.587893,1.84088933467865,0.18604141473770142,0.505129,748.530029296875,,,,,,,113.6,5.409523809,113.6,5.409523809,,,,,,,,,,,,,,,,,,,"Esteury Ruiz","21780",665923
"Isaac Collins","KCR",43,185,158,38,24,9,2,3,22,18,22,0,40,3,1,1,,5,3,0.237991,0.120928,0.21658,0.558354,0.340827,0.373051,0.320207,0.713878,0.135059,5.72715,0.297455,0,-0.343758,22.5527,0.486668,101.011,-0.343758,0.473207,-0.12472960352897644,-1.5073484480381012,0.501872,666.1699829101562,,,,,,,196.6,4.572093023,196.6,4.572093023,,,,,,,,,,,,,,,,,,,"Isaac Collins","25477",686555
"Vinnie Pasquantino","KCR",54,233,207,52,32,11,1,9,24,32,22,1,36,2,2,0,,1,0,0.248964,0.093984,0.153131,0.613749,0.323626,0.433065,0.328754,0.756691,0.184101,3.30087,0.260343,0,-0.0257117,30.0536,2.23116,106.935,-0.0257117,-0.878478,1.8679942581802607,-5.231873393058777,0.500659,77.0999984741211,,,,,,,280.3,5.19074074,280.3,5.19074074,,,,,,,,,,,,,,,,,,,"Vinnie Pasquantino","27676",686469
"Victor Caratini","MIN",32,131,114,28,20,4,0,3,11,15,11,0,23,4,2,0,,0,0,0.243664,0.0857461,0.178262,0.481013,0.327363,0.366793,0.310206,0.694156,0.123129,1.66608,0.274381,0,-0.144,14.8712,-0.716669,96.3755,-0.144,-0.0624553,-0.6985212564468384,0.9326064176857471,0.494861,681.02001953125,,,,,,,127.6,3.9875,127.6,3.9875,,,,,,,,,,,,,,,,,,,"Victor Caratini","14968",605170
"Sean Murphy","ATL",24,95,83,18,10,4,0,4,10,12,9,0,26,2,1,0,,0,0,0.217236,0.095411,0.276595,0.344948,0.309363,0.40804,0.315677,0.717403,0.190804,1.20269,0.262925,0,-0.117759,11.2378,-0.0992777,97.2471,-0.117759,1.09401,-0.4354677125811577,2.21005916595459,0.492402,746.0599975585938,,,,,,,100,4.166666666,100,4.166666666,,,,,,,,,,,,,,,,,,,"Sean Murphy","19352",669221
"Oswald Peraza","LAA",45,196,180,41,28,7,0,5,21,18,11,0,53,3,1,0,,8,2,0.226784,0.0580592,0.270544,0.214602,0.283752,0.356142,0.283597,0.639894,0.129358,5.48025,0.290126,0,0.690223,18.0464,-5.29881,77.507,0.690223,1.68035,-4.4636024832725525,2.3405327200889587,0.490863,999,,,,,,,168.5,3.744444444,168.5,3.744444444,,,,,,,,,,,,,,,,,,,"Oswald Peraza","22823",672724
"Esmerlyn Valdez","PIT",40,174,156,39,22,8,1,7,21,27,14,0,54,3,1,0,,1,1,0.248529,0.0815527,0.308673,0.264205,0.321534,0.454739,0.337471,0.776273,0.206209,3.32413,0.326573,0,-0.423502,23.6865,2.89959,110.418,-0.423502,-0.432248,1.7810532450675964,-2.6041612029075623,0.490363,999,,,,,,,207.2,5.18,207.2,5.18,,,,,,,,,,,,,,,,,,,"Esmerlyn Valdez","29005",699013
"Tristan Peters","CHW",40,171,154,38,25,8,1,3,21,18,14,0,33,1,1,1,,3,2,0.247998,0.0794532,0.19397,0.409615,0.312896,0.381663,0.306387,0.694558,0.133665,5.09332,0.29523,0,-0.40165,18.9945,-1.47262,94.238,-0.40165,-0.33255,-1.5591362714767456,0.2797960340976715,0.489227,999,,,,,,,161,4.025,161,4.025,,,,,,,,,,,,,,,,,,,"Tristan Peters","30063",671976
"Mauricio Dubón","ATL",56,241,224,58,41,12,1,5,28,27,13,0,32,1,1,1,,2,1,0.260135,0.0560261,0.133129,0.420842,0.30456,0.385045,0.30324,0.689606,0.12491,4.02618,0.284764,0,-0.228079,26.0387,-2.6812,88.9367,-0.228079,1.44177,-3.4626285284757614,0.44424211978912354,0.487182,743.3800048828125,,,,,,,231.3,4.130357142,231.3,4.130357142,,,,,,,,,,,,,,,,,,,"Mauricio Dubon","16530",643289
"Alan Roden","MIN",29,126,111,29,20,6,1,2,16,14,11,0,20,3,1,0,,2,1,0.258684,0.0893366,0.158798,0.562579,0.343093,0.379342,0.322848,0.722435,0.120658,5.01001,0.296157,0,0.0231883,15.6321,0.601545,105.137,0.0231883,0.813233,0.781083270907402,-0.45929789543151855,0.486886,999,,,,,,,136.3,4.7,136.3,4.7,,,,,,,,,,,,,,,,,,,"Alan Roden","31564",702176
"Jesús Sánchez","TOR",37,158,143,36,23,8,0,6,18,21,12,0,37,2,1,0,,3,1,0.253451,0.0731255,0.234525,0.311803,0.313297,0.429395,0.322571,0.742692,0.175944,4.40348,0.301458,0,0.0472507,19.5662,0.718714,106.329,0.0472507,-0.325444,1.2180052399635315,-2.0559990406036377,0.484923,617.4299926757812,,,,,,,183.1,4.948648648,183.1,4.948648648,,,,,,,,,,,,,,,,,,,"Jesus Sanchez","19913",660821
"Luis García Jr.","WSN",50,214,202,55,35,10,1,8,28,33,11,0,34,0,1,0,,4,2,0.271237,0.0513615,0.158413,0.324225,0.308169,0.457899,0.330125,0.766068,0.186662,4.96349,0.288423,0,-0.0323696,27.8741,2.29023,107.385,-0.0323696,-0.322283,1.8909445442259312,-4.092035919427872,0.483326,261.8500061035156,,,,,,,250.9,5.018,250.9,5.018,,,,,,,,,,,,,,,,,,,"Luis Garcia Jr.","20391",671277
"Ryan Waldschmidt","ARI",30,131,114,27,19,6,1,2,17,14,13,0,31,3,1,0,,4,1,0.236428,0.100681,0.238616,0.421936,0.327279,0.350359,0.305305,0.677638,0.113932,5.75265,0.306377,0,-0.0605686,14.3607,-1.23715,89.8103,-0.0605686,2.27081,-1.6785513162612915,2.193029969930649,0.482495,999,,,,,,,131.9,4.396666666,131.9,4.396666666,,,,,,,,,,,,,,,,,,,"Ryan Waldschmidt","35061",814439
"Carlos Narváez","BOS",34,134,119,26,17,6,0,3,14,13,12,0,37,2,1,1,,1,0,0.220561,0.0921684,0.278818,0.330569,0.300043,0.354019,0.291532,0.654062,0.133458,2.52586,0.290719,0,-0.13603,13.2524,-2.77227,79.9392,-0.13603,0.772996,-3.2911809980869293,3.271761476993561,0.482416,443.010009765625,,,,,,,116.1,3.414705882,116.1,3.414705882,,,,,,,,,,,,,,,,,,,"Carlos Narvaez","19722",665966
"Cam Smith","HOU",48,208,187,43,28,9,1,5,23,21,18,0,53,2,2,0,,4,1,0.231008,0.0843726,0.252876,0.333652,0.30321,0.376347,0.3008,0.679557,0.145339,5.22479,0.289431,0,0.171314,22.1233,-2.73325,91.2113,0.171314,1.41502,-1.9728011637926102,-0.7030342817306519,0.480621,341.8699951171875,,,,,,,197.4,4.1125,197.4,4.1125,,,,,,,,,,,,,,,,,,,"Cam Smith","35108",701358
"Romy Gonzalez","BOS",33,144,133,34,22,7,2,4,18,20,8,0,37,2,1,0,,3,2,0.257006,0.0542433,0.259823,0.20877,0.304902,0.422471,0.3153,0.727373,0.165466,6.40903,0.327547,0,-0.255,16.9715,-0.194442,96.4115,-0.255,0.991327,-0.8595904111862183,0.47774630784988403,0.480245,999,,,,,,,156.8,4.751515151,156.8,4.751515151,,,,,,,,,,,,,,,,,,,"Romy Gonzalez","21562",663853
"TJ Rumfield","COL",49,213,190,52,35,11,1,6,24,25,19,0,37,3,1,0,,1,1,0.27647,0.0899189,0.172792,0.520388,0.351623,0.432708,0.344981,0.784331,0.156238,3.10535,0.314284,0,-0.325999,30.3429,4.85706,103.84,-0.325999,0.985936,0.6701602339744568,-2.939527213573456,0.473714,999,,,,,,,260.3,5.312244897,260.3,5.312244897,,,,,,,,,,,,,,,,,,,"TJ Rumfield","29805",681198
"Ezequiel Tovar","COL",55,237,220,54,33,13,1,7,27,26,13,0,59,1,2,1,,3,1,0.245584,0.0528265,0.249215,0.211971,0.287422,0.406363,0.301051,0.693785,0.160779,4.63065,0.302603,0,-0.122783,25.2522,-3.06543,74.4848,-0.122783,1.89463,-7.4780954867601395,4.436299562454224,0.473711,209.22999572753906,,,,,,,236.5,4.3,236.5,4.3,,,,,,,,,,,,,,,,,,,"Ezequiel Tovar","24064",678662
"Luis Torrens","NYM",25,100,92,22,14,5,0,2,10,11,7,0,22,1,0,1,,0,0,0.239823,0.0663786,0.220368,0.301217,0.298831,0.37028,0.296152,0.66911,0.130456,2.5631,0.293305,0,-0.176259,10.2907,-1.69718,87.9168,-0.176259,1.0793,-1.6508424282073975,3.0407193899154663,0.471438,999,,,,,,,88.5,3.54,88.5,3.54,,,,,,,,,,,,,,,,,,,"Luis Torrens","15905",620443
"Kyle Higashioka","TEX",29,115,105,24,15,4,0,4,12,14,8,0,29,1,0,0,,1,0,0.225085,0.073529,0.252131,0.29163,0.285929,0.391347,0.297106,0.677276,0.166262,3.07216,0.268397,0,-0.137168,11.8688,-1.85367,89.4953,-0.137168,0.105243,-1.5519760102033615,2.108020417392254,0.471047,999,,,,,,,107.5,3.706896551,107.5,3.706896551,,,,,,,,,,,,,,,,,,,"Kyle Higashioka","5517",543309
"Kerry Carpenter","DET",46,199,181,44,26,7,1,10,24,32,14,1,51,3,2,0,,1,1,0.242721,0.068605,0.255748,0.268252,0.304125,0.458353,0.328134,0.762478,0.215631,3.61565,0.280497,0,-0.36327,25.5242,1.80238,109.317,-0.36327,-0.640673,1.8058715760707855,-4.247617483139038,0.470003,236.22000122070312,,,,,,,235.5,5.119565217,235.5,5.119565217,,,,,,,,,,,,,,,,,,,"Kerry Carpenter","25961",681481
"Jordan Walker","STL",58,249,226,57,37,11,1,9,29,34,19,1,65,2,2,0,,5,2,0.253692,0.0769286,0.262501,0.29306,0.316823,0.427499,0.324492,0.744322,0.173808,4.43456,0.315394,0,-0.222028,31.2316,1.5213,105.718,-0.222028,-2.23898,1.5073212534189224,-4.984662055969238,0.468078,511.7200012207031,,,,,,,282.3,4.867241379,282.3,4.867241379,,,,,,,,,,,,,,,,,,,"Jordan Walker","27475",691023
"Royce Lewis","MIN",50,214,195,46,28,10,0,8,24,28,17,0,50,1,2,0,,5,1,0.238655,0.0780137,0.231598,0.336849,0.300605,0.418992,0.313155,0.719596,0.180336,4.21743,0.275299,0,0.482857,24.9209,-0.662923,98.4198,0.482857,-0.219417,0.08606123924255371,-3.1089237481355667,0.467495,193.64999389648438,,,,,,,227.5,4.55,227.5,4.55,,,,,,,,,,,,,,,,,,,"Royce Lewis","20437",668904
"Josh Lowe","LAA",39,169,154,37,24,7,1,6,20,20,12,1,47,1,1,1,,6,1,0.242763,0.0730892,0.277048,0.263814,0.300327,0.409868,0.308942,0.710196,0.167105,6.14417,0.310227,0,0.690088,19.0478,-1.09943,95.0729,0.690088,0.616597,-0.2842179536819458,-1.115193247795105,0.467412,297.0899963378906,,,,,,,183.2,4.697435897,183.2,4.697435897,,,,,,,,,,,,,,,,,,,"Josh Lowe","19953",666139
"Cooper Pratt","MIL",50,218,192,42,31,8,1,3,25,21,20,0,47,3,2,1,,8,2,0.22066,0.0937162,0.215868,0.434136,0.302549,0.311632,0.278452,0.614181,0.0909722,5.9805,0.276323,0,0.590411,19.186,-6.81046,73.5804,0.590411,1.59027,-6.401350021362305,3.923605799674988,0.466724,999,,,,,,,178.9,3.578,178.9,3.578,,,,,,,,,,,,,,,,,,,"Cooper Pratt","33530",806198
"Brooks Lee","MIN",53,230,212,52,35,10,1,7,24,28,15,0,39,1,1,0,,2,1,0.246686,0.0670246,0.168418,0.397966,0.300229,0.395738,0.304776,0.695967,0.149052,3.89476,0.271931,0,-0.390276,25.2223,-2.28029,92.6123,-0.390276,-2.24173,-2.384475827217102,-1.2275359630584717,0.465888,542.5700073242188,,,,,,,228.7,4.315094339,228.7,4.315094339,,,,,,,,,,,,,,,,,,,"Brooks Lee","31595",686797
"Miguel Amaya","CHC",29,115,101,24,16,5,0,3,13,14,9,0,25,4,0,1,,0,0,0.235038,0.0814614,0.21723,0.375,0.321234,0.373776,0.311148,0.695009,0.138738,2.38324,0.284669,0,-0.157862,13.2063,-0.544026,96.4508,-0.157862,-0.448871,-0.654664620757103,1.4566842913627625,0.460599,745.969970703125,,,,,,,115.1,3.968965517,115.1,3.968965517,,,,,,,,,,,,,,,,,,,"Miguel Amaya","21693",665804
"Luke Raley","SEA",38,163,144,33,20,6,1,7,18,21,11,0,51,6,1,1,,2,1,0.23015,0.0663733,0.30919,0.214668,0.310148,0.423221,0.321607,0.733369,0.193071,4.48042,0.300561,0,-0.167716,20.1237,0.616001,111.685,-0.167716,-1.24839,2.0696364790201187,-3.3628957271575928,0.458819,748.25,,,,,,,181.7,4.781578947,181.7,4.781578947,,,,,,,,,,,,,,,,,,,"Luke Raley","19354",670042
"JJ Bleday","CIN",52,224,195,46,25,10,1,11,29,31,26,1,49,1,1,0,,2,1,0.235569,0.116547,0.219884,0.530039,0.326801,0.452462,0.338745,0.779263,0.216893,3.32788,0.259094,0,-0.410585,30.7008,3.96154,108.316,-0.410585,-2.13649,1.8531661629676819,-4.615500450134277,0.458428,748.5800170898438,,,,,,,282.7,5.436538461,282.7,5.436538461,,,,,,,,,,,,,,,,,,,"JJ Bleday","26368",668709
"Tyler O'Neill","BAL",35,153,134,31,19,5,0,7,19,18,16,1,43,2,1,0,,2,0,0.230902,0.105698,0.278899,0.378983,0.31993,0.426081,0.326267,0.746011,0.19518,4.01931,0.283141,0,0.0336814,19.3819,1.1534,109.745,0.0336814,-0.798645,1.7771452516317368,-2.7026572227478027,0.457359,477.6400146484375,,,,,,,177.7,5.077142857,177.7,5.077142857,,,,,,,,,,,,,,,,,,,"Tyler O'Neill","15711",641933
"Joey Ortiz","MIL",35,152,137,34,23,7,1,3,19,16,12,0,27,1,1,2,,4,2,0.245829,0.079229,0.17605,0.450038,0.309846,0.37177,0.301891,0.681616,0.125941,5.43524,0.284281,0,-0.121836,16.3317,-1.86586,89.2428,-0.121836,0.794792,-2.114605613052845,1.5336809158325195,0.44341,743.4400024414062,,,,,,,148.6,4.245714285,148.6,4.245714285,,,,,,,,,,,,,,,,,,,"Joey Ortiz","25493",687401
"Cole Carrigg","COL",47,203,182,45,29,8,3,5,30,25,14,1,52,3,2,2,,9,3,0.248462,0.0692585,0.25763,0.26883,0.309047,0.409779,0.312673,0.718825,0.161317,8.11183,0.317457,0,0.342803,23.5201,-0.707225,82.2511,0.342803,0.909092,-4.03465861082077,1.746900200843811,0.437122,999,,,,,,,217,4.617021276,217,4.617021276,,,,,,,,,,,,,,,,,,,"Cole Carrigg","33253",694249
"Griffin Conine","MIA",45,196,173,41,25,7,1,7,23,25,19,0,65,2,1,0,,1,0,0.234412,0.0986067,0.334884,0.294451,0.317438,0.4069,0.319528,0.724337,0.172488,3.81132,0.33072,0,-0.228463,23.7523,0.407008,98.9626,-0.228463,1.08563,-0.4750013053417206,-1.6029514074325562,0.434008,999,,,,,,,213.3,4.74,213.3,4.74,,,,,,,,,,,,,,,,,,,"Griffin Conine","21626",665052
"Lawrence Butler","ATH",47,201,180,42,26,9,1,6,26,25,19,0,53,0,1,0,,6,2,0.232336,0.0962582,0.263455,0.365368,0.306951,0.389815,0.30739,0.696767,0.157479,5.18352,0.292485,0,0.122609,22.4806,-1.56619,92.3288,0.122609,0.450253,-1.6879206076264381,-1.2414133548736572,0.430495,157.22000122070312,,,,,,,206.2,4.387234042,206.2,4.387234042,,,,,,,,,,,,,,,,,,,"Lawrence Butler","22542",671732
"Spencer Steer","CIN",47,202,179,43,26,9,0,7,25,25,19,0,44,3,1,0,,3,0,0.240633,0.0947463,0.216367,0.437896,0.321442,0.420007,0.325921,0.741449,0.179374,4.28962,0.27638,0,0.110464,25.5664,1.46809,99.7472,0.110464,-0.129944,0.048445384949445724,-2.4311784356832504,0.423954,335.70001220703125,,,,,,,225.4,4.79574468,225.4,4.79574468,,,,,,,,,,,,,,,,,,,"Spencer Steer","26323",668715
"Andrew Vaughn","MIL",45,193,174,45,28,10,1,6,19,28,16,0,35,2,1,0,,0,0,0.260362,0.08122,0.181045,0.448618,0.327703,0.433414,0.332568,0.761117,0.173052,1.76119,0.292256,0,-0.253604,25.5207,2.44881,109.741,-0.253604,-0.643384,2.034304678440094,-4.153106272220612,0.422331,272.2699890136719,,,,,,,223.1,4.957777777,223.1,4.957777777,,,,,,,,,,,,,,,,,,,"Andrew Vaughn","26197",683734
"Danny Jansen","TEX",24,95,82,16,9,4,0,3,10,10,10,0,23,2,0,0,,0,0,0.19995,0.109532,0.247786,0.442042,0.303179,0.378318,0.304017,0.681497,0.178368,2.28777,0.234211,0,-0.150718,10.2955,-0.994388,94.2846,-0.150718,-0.292432,-0.7840385437011719,1.5547902584075928,0.419241,999,,,,,,,83.4,3.475,83.4,3.475,,,,,,,,,,,,,,,,,,,"Danny Jansen","16535",643376
"Liam Hicks","MIA",43,184,158,41,31,6,0,4,21,23,19,0,23,4,2,0,,1,0,0.261863,0.101553,0.126218,0.804585,0.351602,0.380252,0.327871,0.731854,0.11839,3.33263,0.281513,0,-0.105709,23.5461,1.62625,104.538,-0.105709,-0.539768,0.9068982303142548,-2.79779314994812,0.413598,748.5399780273438,,,,,,,197.5,4.593023255,197.5,4.593023255,,,,,,,,,,,,,,,,,,,"Liam Hicks","29844",689414
"Eugenio Suárez","CIN",49,210,187,43,23,8,0,12,26,34,19,0,68,3,1,0,,1,0,0.231226,0.0883803,0.323387,0.273296,0.309781,0.4675,0.335956,0.777281,0.236274,2.68025,0.289455,0,-0.276846,28.3297,3.241,106.453,-0.276846,-0.160197,1.3711732625961304,-4.130567669868469,0.413176,97.91999816894531,,,,,,,257.7,5.259183673,257.7,5.259183673,,,,,,,,,,,,,,,,,,,"Eugenio Suarez","12552",553993
"Daniel Schneemann","CLE",36,155,140,31,19,7,1,4,17,16,14,0,43,1,1,0,,3,1,0.220593,0.0914552,0.278469,0.328421,0.293599,0.360541,0.29072,0.65414,0.139948,4.69549,0.289235,0,-0.0186915,15.237,-3.31129,84.845,-0.0186915,0.999924,-2.777640325948596,1.2486898005008698,0.405973,999,,,,,,,145.1,4.030555555,145.1,4.030555555,,,,,,,,,,,,,,,,,,,"Daniel Schneemann","25180",682177
"Edmundo Sosa","PHI",38,166,154,38,25,7,1,5,19,22,6,0,36,4,2,1,,3,0,0.245559,0.033774,0.217279,0.15544,0.287444,0.400827,0.299696,0.688272,0.155269,5.57268,0.287976,0,0.148759,17.4984,-2.32904,85.4456,0.148759,1.7161,-2.788940578699112,1.3716541230678558,0.403772,999,,,,,,,167.5,4.407894736,167.5,4.407894736,,,,,,,,,,,,,,,,,,,"Edmundo Sosa","17022",624641
"Austin Hedges","CLE",20,78,69,15,11,2,0,2,7,6,7,0,18,1,0,2,,1,0,0.226099,0.0838882,0.228786,0.366667,0.298636,0.33217,0.283825,0.630807,0.106071,2.6467,0.280441,0,-0.148686,7.24717,-2.10921,80.0658,-0.148686,1.63671,-1.979273870587349,3.167569875717163,0.403041,999,,,,,,,65.5,3.275,65.5,3.275,,,,,,,,,,,,,,,,,,,"Austin Hedges","12976",595978
"Konnor Griffin","PIT",20,88,80,21,14,4,1,2,14,11,5,0,23,3,1,0,,5,1,0.260324,0.0603174,0.256437,0.235213,0.326299,0.398458,0.320139,0.724757,0.138134,7.52101,0.335838,0,0.433239,10.7812,0.227899,98.8368,0.433239,0.135168,0.3082738444209099,0.7953531891107559,0.40289,999,,,,,,,104.4,5.22,104.4,5.22,,,,,,,,,,,,,,,,,,,"Konnor Griffin","35376",804606
"Jose Trevino","CIN",26,101,94,23,16,4,0,2,11,11,5,0,15,1,1,1,,0,0,0.242213,0.04877,0.145746,0.334623,0.282934,0.364379,0.284567,0.647312,0.122165,2.36981,0.264541,0,-0.119804,9.41218,-2.66056,72.1146,-0.119804,2.24256,-3.5469167605042458,4.217865705490112,0.401044,999,,,,,,,83.2,3.2,83.2,3.2,,,,,,,,,,,,,,,,,,,"Jose Trevino","16725",624431
"Jimmy Crooks","STL",26,104,94,22,15,4,0,2,11,12,7,0,29,1,1,0,,0,0,0.235202,0.0708621,0.281663,0.251584,0.299029,0.367158,0.295424,0.666187,0.131957,3.23592,0.312038,0,-0.0914034,10.5855,-1.81737,86.2941,-0.0914034,0.482062,-1.8219223767518997,2.388234406709671,0.399568,999,,,,,,,83.6,3.215384615,83.6,3.215384615,,,,,,,,,,,,,,,,,,,"Jimmy Crooks","31354",699625
"Carson Benge","NYM",44,190,170,43,29,7,2,5,25,21,17,0,41,3,1,0,,5,1,0.251593,0.0881996,0.213131,0.413829,0.32645,0.3995,0.320109,0.725951,0.147908,6.44633,0.301848,0,0.360528,23.1913,0.485615,103.925,0.360528,-1.56036,1.2677560448646545,-3.52177894115448,0.398544,999,,,,,,,216.2,4.913636363,216.2,4.913636363,,,,,,,,,,,,,,,,,,,"Carson Benge","35177",701807
"Kyle Isbel","KCR",29,126,113,28,19,5,1,2,15,11,8,0,25,1,1,3,,3,1,0.244262,0.0610689,0.198345,0.307892,0.299027,0.370696,0.295491,0.669723,0.126435,6.33743,0.293405,0,0.00307093,12.835,-2.19554,83.8814,0.00307093,1.3553,-2.3747786511667073,1.8049868941307068,0.396682,999,,,,,,,112.7,3.886206896,112.7,3.886206896,,,,,,,,,,,,,,,,,,,"Kyle Isbel","21614",664728
"Harrison Bader","SFG",35,150,138,33,21,6,0,5,18,17,9,0,38,2,1,0,,4,2,0.235936,0.0598572,0.251224,0.238262,0.290483,0.388634,0.298038,0.679117,0.152698,4.71728,0.28742,0,-0.146898,15.5716,-2.30098,88.2829,-0.146898,0.767537,-2.2787366807460785,1.3022589087486267,0.394423,554.3099975585938,,,,,,,146.2,4.177142857,146.2,4.177142857,,,,,,,,,,,,,,,,,,,"Harrison Bader","18030",664056
"Chandler Simpson","TBR",43,185,172,49,42,5,2,0,23,12,10,0,18,0,1,3,,15,4,0.28473,0.0522549,0.099108,0.527252,0.320924,0.337017,0.293172,0.657942,0.0522876,7.28892,0.316516,0,1.03253,18.538,-3.57961,84.4438,1.03253,1.55859,-2.3444350957870483,-0.3870922327041626,0.392197,180.19000244140625,,,,,,,175.6,4.08372093,175.6,4.08372093,,,,,,,,,,,,,,,,,,,"Chandler Simpson","31912",802415
"Brett Baty","NYM",32,137,122,30,20,5,0,4,17,16,12,0,34,1,1,0,,2,0,0.243572,0.0874657,0.250246,0.349519,0.314294,0.397146,0.313624,0.71144,0.153574,4.31472,0.300087,0,0.00956124,15.9391,-0.370589,99.592,0.00956124,0.182148,-0.058178857900202274,-0.5354447364807129,0.390028,292.9200134277344,,,,,,,140.9,4.403125,140.9,4.403125,,,,,,,,,,,,,,,,,,,"Brett Baty","26123",683146
"David Hamilton","MIL",33,144,128,29,20,4,1,3,19,14,13,0,36,1,1,2,,12,3,0.225885,0.0876536,0.24885,0.352235,0.297887,0.349129,0.288959,0.647016,0.123244,7.48251,0.287344,0,1.13181,13.9416,-3.28104,80.601,1.13181,0.706922,-2.2693417072296143,1.3194218873977661,0.379175,743.3300170898438,,,,,,,136.3,4.13030303,136.3,4.13030303,,,,,,,,,,,,,,,,,,,"David Hamilton","27531",666152
"Ryan Kreidler","MIN",35,150,131,28,18,6,1,3,17,16,15,0,42,2,1,1,,3,2,0.210908,0.103028,0.280474,0.367334,0.30238,0.342596,0.29045,0.644976,0.131688,5.44041,0.282949,0,-0.303658,14.6787,-3.22999,82.6837,-0.303658,0.53847,-3.3473621010780334,1.6866177320480347,0.373306,999,,,,,,,128.2,3.662857142,128.2,3.662857142,,,,,,,,,,,,,,,,,,,"Ryan Kreidler","25867",668952
"Mickey Moniak","COL",41,179,167,44,25,8,2,9,24,27,9,0,45,2,1,0,,3,1,0.266382,0.0524658,0.248808,0.210868,0.310386,0.501026,0.346343,0.811412,0.234644,5.53474,0.309909,0,-0.175028,25.6713,4.27574,104.75,-0.175028,0.0401544,0.8594658225774765,-3.00984551012516,0.372875,245.8300018310547,,,,,,,234.5,5.719512195,234.5,5.719512195,,,,,,,,,,,,,,,,,,,"Mickey Moniak","19956",666160
"Zach McKinstry","DET",35,152,135,31,21,6,2,3,17,13,14,0,31,1,1,1,,4,1,0.227659,0.092353,0.201808,0.457627,0.303944,0.357773,0.293598,0.661717,0.130114,6.07772,0.272215,0,-0.030535,15.3051,-2.89246,85.3806,-0.030535,0.411353,-2.6416433304548264,0.8585754334926605,0.369662,510.30999755859375,,,,,,,145.4,4.154285714,145.4,4.154285714,,,,,,,,,,,,,,,,,,,"Zach McKinstry","19392",656716
"Harry Ford","WSN",20,81,70,16,11,3,0,2,10,9,9,0,18,2,0,0,,2,1,0.23474,0.110323,0.224005,0.492502,0.333798,0.356206,0.312108,0.690004,0.121467,4.36321,0.291291,0,-0.110565,9.32997,-0.318791,95.3456,-0.110565,0.00888658,-0.5677370205521584,1.5875903377309442,0.369451,725.52001953125,,,,,,,81.1,4.055,81.1,4.055,,,,,,,,,,,,,,,,,,,"Harry Ford","29958",695670
"Christian Yelich","MIL",48,207,180,45,30,8,1,6,29,26,24,2,54,2,1,0,,6,1,0.250168,0.113725,0.262,0.434063,0.340205,0.402981,0.326595,0.743186,0.152813,5.61973,0.322874,0,0.425393,26.3146,1.6179,105.75,0.425393,0.000475401,1.871062010526657,-4.9773025574104395,0.367267,127.22000122070312,,,,,,,243.9,5.08125,243.9,5.08125,,,,,,,,,,,,,,,,,,,"Christian Yelich","11477",592885
"Nick Fortes","TBR",30,119,108,25,19,4,0,2,12,11,6,0,18,3,1,1,,1,0,0.234033,0.0505663,0.153273,0.32991,0.29165,0.334921,0.28057,0.626571,0.100888,2.74293,0.261761,0,-0.157223,10.6736,-3.51188,75.7096,-0.157223,0.607287,-3.539128139615059,2.928274631500244,0.366985,999,,,,,,,91.3,3.043333333,91.3,3.043333333,,,,,,,,,,,,,,,,,,,"Nick Fortes","21538",663743
"Logan O'Hoppe","LAA",35,137,124,28,19,4,0,5,14,16,10,0,37,2,1,0,,1,0,0.22912,0.0728704,0.269723,0.270168,0.294343,0.386166,0.300015,0.680509,0.157046,2.65277,0.282314,0,-0.222203,14.4858,-1.88783,88.8856,-0.222203,-2.0386,-2.008345052599907,0.6404120922088623,0.356531,246.50999450683594,,,,,,,129.3,3.694285714,129.3,3.694285714,,,,,,,,,,,,,,,,,,,"Logan O'Hoppe","24729",681351
"LaMonte Wade Jr.","HOU",29,124,103,23,15,4,0,3,15,13,18,1,30,2,1,1,,1,0,0.222881,0.143587,0.241478,0.594618,0.34394,0.370746,0.321273,0.714686,0.147865,4.00026,0.277262,0,0.00455268,15.2215,0.433387,105.401,0.00455268,-0.36758,0.788438817486167,-1.7513762414455414,0.349578,999,,,,,,,127.5,4.396551724,127.5,4.396551724,,,,,,,,,,,,,,,,,,,"LaMonte Wade Jr.","18126",664774
"Brandon Valenzuela","TOR",28,113,102,22,14,4,0,3,11,13,10,0,31,0,1,0,,1,0,0.213674,0.0876679,0.269942,0.324766,0.284176,0.355657,0.283325,0.639832,0.141983,2.80958,0.268715,0,-0.108409,10.4392,-3.09755,79.1295,-0.108409,0.747597,-2.8812872543931007,2.235096573829651,0.3438,999,,,,,,,92.9,3.317857142,92.9,3.317857142,,,,,,,,,,,,,,,,,,,"Brandon Valenzuela","23813",678218
"Bryce Eldridge","SFG",41,177,158,39,22,9,0,7,19,23,17,1,52,1,1,0,,0,0,0.243921,0.0958241,0.293478,0.326512,0.31955,0.441199,0.329161,0.760749,0.197278,2.23486,0.313565,0,-0.233186,22.8745,1.75231,109.079,-0.233186,-0.27366,1.7190190851688385,-4.113937258720398,0.34059,999,,,,,,,206.3,5.031707317,206.3,5.031707317,,,,,,,,,,,,,,,,,,,"Bryce Eldridge","33390",805811
"Jared Triolo","PIT",22,94,83,20,15,4,0,1,11,8,9,0,21,1,0,0,,3,1,0.245734,0.0967676,0.225488,0.429147,0.3244,0.351195,0.303061,0.675595,0.105461,5.41106,0.314061,0,0.16677,10.1343,-1.05863,87.4246,0.16677,0.955467,-1.2661153674125671,1.5008376836776733,0.33263,735.5399780273438,,,,,,,82.9,3.768181818,82.9,3.768181818,,,,,,,,,,,,,,,,,,,"Jared Triolo","25807",669707
"Gavin Sheets","SDP",51,220,197,46,27,10,0,8,21,28,20,0,46,2,1,0,,1,0,0.234124,0.0924708,0.207271,0.446135,0.311348,0.416455,0.319053,0.727803,0.182331,2.49296,0.26276,0,-0.160226,26.6954,0.373964,103.651,-0.160226,-1.44047,0.8180271983146667,-4.73630154132843,0.329948,684.8099975585938,,,,,,,232.7,4.562745098,232.7,4.562745098,,,,,,,,,,,,,,,,,,,"Gavin Sheets","19901",657757
"Vaughn Grissom","LAA",38,163,146,37,26,7,0,4,20,19,13,0,29,3,1,0,,2,1,0.252499,0.0778553,0.175319,0.444079,0.322523,0.379555,0.311877,0.702078,0.127056,4.12612,0.289042,0,0.0224497,18.8326,-0.675101,97.1068,0.0224497,-0.519061,-0.5314963236451149,-2.040357232093811,0.329459,999,,,,,,,168.1,4.42368421,168.1,4.42368421,,,,,,,,,,,,,,,,,,,"Vaughn Grissom","26031",687093
"Nasim Nuñez","WSN",39,169,147,34,28,4,1,1,22,14,18,0,40,1,1,2,,16,3,0.23113,0.10575,0.236375,0.447384,0.316793,0.28692,0.278688,0.603713,0.0557899,7.24622,0.308919,0,1.82628,14.9015,-5.24582,73.0141,1.82628,0.758329,-3.7084882259368896,1.4567856788635254,0.328177,583.0999755859375,,,,,,,149.1,3.823076923,149.1,3.823076923,,,,,,,,,,,,,,,,,,,"Nasim Nunez","25979",683083
"Willi Castro","COL",49,211,188,49,33,9,1,5,28,22,17,0,51,5,1,0,,5,2,0.259145,0.0808434,0.243533,0.331961,0.334112,0.40785,0.327605,0.741962,0.148706,5.78479,0.327575,0,-0.186566,26.9931,1.82192,92.2288,-0.186566,-1.87746,-2.177882805466652,-1.444437563419342,0.328149,256.3399963378906,,,,,,,235.1,4.797959183,235.1,4.797959183,,,,,,,,,,,,,,,,,,,"Willi Castro","17338",650489
"Keibert Ruiz","WSN",36,142,133,34,22,7,0,4,14,18,6,0,16,2,1,0,,1,0,0.253488,0.0439679,0.115017,0.382271,0.292641,0.394522,0.30006,0.687163,0.141034,2.63175,0.262578,0,-0.173882,15.0084,-1.95004,87.2955,-0.173882,-1.79493,-2.3671345710754395,0.9797661304473877,0.327624,720.3499755859375,,,,,,,141.2,3.922222222,141.2,3.922222222,,,,,,,,,,,,,,,,,,,"Keibert Ruiz","19610",660688
"Drew Cavanaugh","SFG",22,87,76,17,12,3,0,2,9,9,8,0,28,2,0,0,,1,0,0.218135,0.0972683,0.322795,0.301331,0.31069,0.323575,0.288839,0.634265,0.10544,4.33926,0.321461,0,-0.0839283,8.40916,-1.98944,82.1361,-0.0839283,0.660127,-1.9749542251229286,2.3615154027938843,0.326072,999,,,,,,,78.6,3.572727272,78.6,3.572727272,,,,,,,,,,,,,,,,,,,"Drew Cavanaugh","33380",701852
"Gabriel Arias","CLE",26,113,104,24,15,5,0,4,12,12,7,0,37,1,1,0,,2,1,0.23436,0.0600732,0.325092,0.184788,0.288032,0.39312,0.296945,0.681153,0.15876,4.59318,0.323143,0,-0.089606,11.6024,-1.82911,89.159,-0.089606,0.509239,-1.5187511444091797,0.7005965858697891,0.323222,748.3800048828125,,,,,,,107.5,4.134615384,107.5,4.134615384,,,,,,,,,,,,,,,,,,,"Gabriel Arias","22563",672356
"Josh Smith","TEX",21,93,81,20,14,4,0,2,11,8,9,0,18,2,1,0,,2,1,0.246292,0.098646,0.190337,0.51827,0.334551,0.376854,0.317438,0.711405,0.130562,4.73874,0.290264,0,-0.0582874,11.0841,0.0355798,103.587,-0.0582874,-0.763468,0.33063966035842896,-0.4523566961288452,0.321651,428.9100036621094,,,,,,,95.4,4.542857142,95.4,4.542857142,,,,,,,,,,,,,,,,,,,"Josh Smith","26396",669701
"Jake Meyers","HOU",20,87,78,19,13,3,0,2,10,8,7,0,18,1,1,0,,2,1,0.236253,0.0765456,0.212095,0.360902,0.302044,0.35487,0.292643,0.656915,0.118617,4.92802,0.285775,0,-0.0636795,8.6653,-1.71782,85.5584,-0.0636795,1.2627,-1.535402074456215,1.573345124721527,0.317691,738.1500244140625,,,,,,,80.9,4.045,80.9,4.045,,,,,,,,,,,,,,,,,,,"Jake Meyers","20308",676694
"Taylor Trammell","HOU",29,124,109,24,14,6,0,4,15,15,13,0,37,1,1,0,,3,1,0.221467,0.107583,0.29539,0.364206,0.310918,0.400984,0.314319,0.711902,0.179517,5.12724,0.28961,0,0.0421687,14.5219,-0.266182,100.581,0.0421687,-0.983172,0.1264859065413475,-1.406782627105713,0.31747,999,,,,,,,125.3,4.320689655,125.3,4.320689655,,,,,,,,,,,,,,,,,,,"Taylor Trammell","19960",666211
"Daniel Susac","SFG",28,112,104,25,18,4,1,2,9,14,6,0,31,1,1,0,,1,1,0.239476,0.0512315,0.274337,0.186747,0.286563,0.357625,0.284177,0.644188,0.118149,3.73667,0.315317,0,-0.179652,10.3878,-2.98182,79.021,-0.179652,0.333402,-3.034943327307701,2.5209021866321564,0.316944,999,,,,,,,92.2,3.292857142,92.2,3.292857142,,,,,,,,,,,,,,,,,,,"Daniel Susac","31441",691740
"Nick Loftin","KCR",22,94,82,20,13,5,0,2,11,11,10,0,14,1,1,0,,1,0,0.241176,0.10144,0.149049,0.680585,0.327694,0.376649,0.314307,0.704342,0.135472,4.42201,0.267254,0,-0.0502442,10.9906,-0.202349,96.9223,-0.0502442,-0.0326646,-0.3883524686098099,0.1682613231241703,0.316063,999,,,,,,,98.2,4.463636363,98.2,4.463636363,,,,,,,,,,,,,,,,,,,"Nick Loftin","27630",679845
"Hunter Feduccia","TBR",33,131,115,26,17,5,1,3,14,12,14,0,35,0,1,0,,0,0,0.223384,0.109455,0.269781,0.405718,0.309993,0.350973,0.29631,0.660966,0.127588,3.66274,0.297425,0,-0.123136,13.4895,-2.20504,86.6188,-0.123136,-1.95443,-2.1843783259391785,0.6134752035140991,0.315469,999,,,,,,,121,3.666666666,121,3.666666666,,,,,,,,,,,,,,,,,,,"Hunter Feduccia","23372",676439
"Owen Caissie","MIA",34,147,130,32,19,7,0,5,18,21,14,0,49,1,2,0,,2,1,0.249487,0.0955726,0.335929,0.284503,0.324921,0.43305,0.330234,0.757971,0.183563,3.84255,0.353344,0,-0.183429,19.1764,1.58755,106.116,-0.183429,-0.594173,0.9117188602685928,-2.5938639044761658,0.315199,528.5,,,,,,,162.5,4.779411764,162.5,4.779411764,,,,,,,,,,,,,,,,,,,"Owen Caissie","27496",683357
"Heriberto Hernández","MIA",38,166,146,34,20,7,1,7,19,23,17,0,47,1,1,0,,3,1,0.23187,0.103512,0.28533,0.362779,0.317118,0.427078,0.325697,0.744197,0.195208,4.41447,0.291319,0,-0.045782,21.0052,1.17771,103.085,-0.045782,-0.326602,0.5768634080886841,-2.871663808822632,0.314991,999,,,,,,,193.1,5.081578947,193.1,5.081578947,,,,,,,,,,,,,,,,,,,"Heriberto Hernandez","24878",681715
"Sung-Mun Song","SDP",22,95,86,21,15,4,0,2,11,10,9,1,17,0,1,0,,3,0,0.242373,0.0896998,0.18205,0.49272,0.310378,0.365185,0.297949,0.675563,0.122812,5.61918,0.280592,0,0.280655,9.90233,-1.47114,89.5491,0.280655,0.656846,-0.9293672740459442,0.9387905895709991,0.314818,999,,,,,,,94.7,4.304545454,94.7,4.304545454,,,,,,,,,,,,,,,,,,,"Sung-Mun Song","37122",823550
"Ryan Vilade","TBR",21,91,81,20,13,4,1,2,11,12,8,0,21,1,1,0,,2,1,0.247624,0.0852593,0.228216,0.37359,0.318329,0.40224,0.317047,0.720569,0.154616,5.1168,0.3007,0,-0.064166,10.8999,0.00608744,100.99,-0.064166,0.66333,0.04173445701599121,-0.19592911005020142,0.313687,999,,,,,,,95.1,4.528571428,95.1,4.528571428,,,,,,,,,,,,,,,,,,,"Ryan Vilade","22165",668723
"Jared Young","NYM",33,145,127,30,19,6,1,5,17,19,14,0,34,3,1,0,,1,1,0.23922,0.0940334,0.235256,0.399706,0.324895,0.419374,0.327792,0.744269,0.180154,4.10768,0.283116,0,-0.147764,18.541,1.27188,109.059,-0.147764,-0.407962,1.4447840303182602,-3.0869747400283813,0.310416,999,,,,,,,161.2,4.884848484,161.2,4.884848484,,,,,,,,,,,,,,,,,,,"Jared Young","20404",676724
"Jorge Polanco","NYM",42,179,159,39,24,7,0,8,20,24,17,0,36,1,1,1,,1,1,0.242614,0.0969355,0.19791,0.489796,0.319252,0.430303,0.327517,0.749555,0.187689,2.4742,0.265373,0,-0.241449,22.9644,1.53793,108.875,-0.241449,-0.182669,1.694340780377388,-4.478656858205795,0.309592,209.42999267578125,,,,,,,208,4.952380952,208,4.952380952,,,,,,,,,,,,,,,,,,,"Jorge Polanco","13152",593871
"Taylor Walls","TBR",38,166,144,31,21,7,1,2,21,14,18,0,40,1,1,2,,8,2,0.214093,0.108864,0.2396,0.454355,0.302577,0.312861,0.279678,0.615438,0.0987678,6.58456,0.279743,0,0.514964,14.7831,-5.02373,75.0914,0.514964,-0.249316,-4.327291250228882,1.4296959340572357,0.305546,999,,,,,,,141,3.710526315,141,3.710526315,,,,,,,,,,,,,,,,,,,"Taylor Walls","22458",670764
"Sal Frelick","MIL",26,114,103,27,20,5,1,2,14,12,9,0,14,1,1,0,,3,1,0.262684,0.0782444,0.124001,0.630996,0.325649,0.371385,0.309111,0.697034,0.108701,5.59752,0.288226,0,0.0648699,12.919,-0.729174,94.0667,0.0648699,1.23396,-0.7594865635037422,0.0478518009185791,0.304639,216.39999389648438,,,,,,,120.1,4.619230769,120.1,4.619230769,,,,,,,,,,,,,,,,,,,"Sal Frelick","29622",686217
"Leody Taveras","BAL",21,91,82,20,14,3,1,2,11,10,7,0,20,0,0,1,,4,1,0.248165,0.0783401,0.217183,0.36071,0.308108,0.377719,0.302794,0.685827,0.129553,6.78978,0.304316,0,0.275998,9.825,-1.04814,93.4765,0.275998,0.00180255,-0.4201725125312805,0.17402477411087602,0.303761,999,,,,,,,89,4.238095238,89,4.238095238,,,,,,,,,,,,,,,,,,,"Leody Taveras","18900",665750
"Gavin Lux","TBR",22,94,83,21,15,4,1,1,11,9,10,0,21,0,0,0,,1,0,0.252983,0.105932,0.222458,0.47619,0.332627,0.369928,0.314102,0.702556,0.116945,4.09894,0.320388,0,-0.100632,11.0053,-0.21856,98.9495,-0.100632,-0.544,-0.21635416150093081,-0.20819750428199768,0.296313,745.989990234375,,,,,,,93.2,4.236363636,93.2,4.236363636,,,,,,,,,,,,,,,,,,,"Gavin Lux","19955",666158
"Masataka Yoshida","BOS",28,119,107,30,20,6,0,3,13,14,9,0,15,2,1,0,,1,0,0.277502,0.0778342,0.124436,0.625498,0.344222,0.421304,0.336071,0.765526,0.143802,4.09797,0.298626,0,0.0642613,16.0398,1.84485,110.807,0.0642613,-0.0101298,1.5699534341692924,-2.903956774622202,0.294106,748.3300170898438,,,,,,,141.5,5.053571428,141.5,5.053571428,,,,,,,,,,,,,,,,,,,"Masataka Yoshida","31837",807799
"Javier Sanoja","MIA",27,118,109,29,19,7,1,2,12,14,7,0,11,0,1,1,,3,2,0.262351,0.0572392,0.0934951,0.612216,0.305571,0.38608,0.30328,0.691651,0.123729,5.04574,0.278304,0,-0.317928,12.7613,-1.30984,88.1058,-0.317928,0.688658,-2.021689713001251,1.0905099213123322,0.294099,999,,,,,,,119.3,4.418518518,119.3,4.418518518,,,,,,,,,,,,,,,,,,,"Javier Sanoja","28253",691594
"Connor Wong","BOS",24,96,85,21,14,5,0,2,11,10,8,0,23,2,1,1,,2,1,0.250454,0.0796343,0.24354,0.326987,0.32234,0.377838,0.311495,0.700178,0.127384,4.03348,0.321605,0,-0.154732,11.0424,-0.426714,93.7749,-0.154732,-1.58555,-0.8554789572954178,0.2909928560256958,0.289568,999,,,,,,,96.9,4.0375,96.9,4.0375,,,,,,,,,,,,,,,,,,,"Connor Wong","19896",657136
"Austin Martin","MIN",25,110,94,23,17,5,0,1,13,8,13,0,19,2,1,0,,4,2,0.247079,0.116564,0.169461,0.687856,0.34916,0.328119,0.310883,0.677279,0.0810403,4.83971,0.29752,0,-0.108018,12.5693,-0.542458,96.8446,-0.108018,0.282003,-0.5140868648886681,-0.5695397853851318,0.286696,748.5599975585938,,,,,,,105.7,4.228,105.7,4.228,,,,,,,,,,,,,,,,,,,"Austin Martin","27462",668885
"James Outman","DET",21,93,82,17,10,3,1,3,13,10,9,0,32,1,0,0,,3,1,0.208503,0.0979171,0.350836,0.279096,0.297379,0.394012,0.304468,0.691391,0.185509,7.20626,0.2933,0,0.220802,10.1093,-0.939218,92.9141,0.220802,-0.231873,-0.5475936830043793,0.05979388952255249,0.284613,999,,,,,,,88.7,4.223809523,88.7,4.223809523,,,,,,,,,,,,,,,,,,,"James Outman","24770",681546
"Rhys Hoskins","CLE",38,163,139,30,16,7,0,6,18,19,21,0,47,2,1,0,,1,0,0.214164,0.128435,0.287892,0.446123,0.322247,0.4016,0.320242,0.723848,0.187436,2.70432,0.270847,0,-0.180516,19.9426,0.434889,105.305,-0.180516,-0.633962,0.8352821171283722,-3.8966163992881775,0.279937,737.989990234375,,,,,,,176.6,4.647368421,176.6,4.647368421,,,,,,,,,,,,,,,,,,,"Rhys Hoskins","16472",656555
"Jonny DeLuca","TBR",26,113,104,25,16,6,1,3,12,14,7,0,23,1,0,1,,4,1,0.239781,0.0628002,0.200574,0.313102,0.294863,0.393384,0.300917,0.688247,0.153603,5.94164,0.278787,0,0.248277,12.0572,-1.47749,89.8113,0.248277,0.358643,-1.1051978468894958,-0.1845669448375702,0.278625,999,,,,,,,116.1,4.465384615,116.1,4.465384615,,,,,,,,,,,,,,,,,,,"Jonny DeLuca","26365",676356
"Daylen Lile","WSN",52,225,206,52,34,10,3,5,28,26,14,0,42,3,2,0,,5,2,0.254691,0.0635946,0.184707,0.344299,0.309424,0.406522,0.312577,0.715946,0.151831,6.45577,0.296109,0,-0.252031,26.0613,-0.801698,95.6595,-0.252031,-0.0368858,-1.43899467587471,-3.136885739862919,0.278362,206.50999450683594,,,,,,,233.2,4.484615384,233.2,4.484615384,,,,,,,,,,,,,,,,,,,"Daylen Lile","29995",695734
"Henry Davis","PIT",30,120,106,22,13,5,0,4,14,14,10,0,29,3,1,1,,1,1,0.208052,0.0827443,0.239155,0.345985,0.293586,0.365331,0.29304,0.658918,0.157279,4.11111,0.24549,0,-0.107915,11.9953,-2.33166,80.7286,-0.107915,-0.582051,-2.9186119362711906,1.7620849013328552,0.27836,999,,,,,,,107.4,3.58,107.4,3.58,,,,,,,,,,,,,,,,,,,"Henry Davis","29617",680779
"Jo Adell","LAA",51,222,205,48,29,8,0,10,25,34,12,0,58,5,1,0,,3,1,0.233716,0.0527487,0.259142,0.203551,0.289332,0.430593,0.312231,0.719925,0.196877,3.75227,0.27211,0,-0.199018,25.6886,-0.854627,97.3523,-0.199018,-1.91877,-0.8887954503297806,-4.301179051399231,0.277241,120.33000183105469,,,,,,,234.9,4.605882352,234.9,4.605882352,,,,,,,,,,,,,,,,,,,"Jo Adell","20220",666176
"Carson Williams","TBR",20,86,77,16,10,3,1,3,11,11,7,0,30,1,0,0,,2,1,0.211555,0.0819133,0.345228,0.237273,0.282061,0.381917,0.291849,0.663978,0.170361,6.55471,0.296509,0,-0.114862,8.4852,-1.74833,83.5269,-0.114862,0.579502,-1.7694320902228355,1.4387611746788025,0.275876,724.5499877929688,,,,,,,80.2,4.01,80.2,4.01,,,,,,,,,,,,,,,,,,,"Carson Williams","30038",700246
"Miguel Rojas","LAD",17,75,68,18,13,3,0,1,7,7,5,0,9,1,1,1,,1,0,0.259016,0.0638745,0.125695,0.50817,0.310913,0.371513,0.300504,0.682426,0.112497,3.33913,0.279125,0,-0.018058,7.95169,-1.00266,88.0736,-0.018058,1.0403,-1.1052074078470469,1.3656106889247894,0.273452,999,,,,,,,70.8,4.164705882,70.8,4.164705882,,,,,,,,,,,,,,,,,,,"Miguel Rojas","7802",500743
"Dane Myers","CIN",24,102,91,23,17,4,0,3,13,13,9,0,25,1,1,0,,4,1,0.254947,0.0889599,0.247008,0.36015,0.329467,0.391585,0.320098,0.721053,0.136638,5.10562,0.321184,0,0.241468,12.4745,0.260287,95.8562,0.241468,-0.723239,-0.27377787232398987,-0.3973127603530884,0.26917,999,,,,,,,112.4,4.683333333,112.4,4.683333333,,,,,,,,,,,,,,,,,,,"Dane Myers","22054",667472
"A.J. Ewing","NYM",33,145,130,33,24,6,2,2,19,15,12,0,33,1,1,0,,9,2,0.254726,0.0851674,0.229416,0.371236,0.321509,0.369597,0.306058,0.691106,0.114871,7.74367,0.327054,0,0.580988,15.9879,-1.28117,94.5364,0.580988,-1.47887,-0.3795143961906433,-1.6893663704395294,0.267247,999,,,,,,,152.9,4.633333333,152.9,4.633333333,,,,,,,,,,,,,,,,,,,"A.J. Ewing","33656",805999
"Tyler Tolbert","KCR",22,94,84,20,15,3,1,1,14,9,6,0,24,1,1,3,,8,1,0.241976,0.059098,0.257578,0.229437,0.29752,0.347645,0.286721,0.645165,0.105669,9.0694,0.322686,0,1.03688,8.89027,-2.30266,77.8037,1.03688,0.961982,-1.4015403985977173,0.6845133006572723,0.265787,999,,,,,,,85.2,3.872727272,85.2,3.872727272,,,,,,,,,,,,,,,,,,,"Tyler Tolbert","25779",686475
"Andrew Benintendi","CHW",45,194,175,44,28,8,1,6,23,26,17,1,38,1,2,0,,1,0,0.250747,0.0859456,0.196007,0.438482,0.315243,0.41445,0.317878,0.729694,0.163704,3.93853,0.285197,0,-0.102174,23.2516,0.143579,102.202,-0.102174,-0.257402,0.39719999581575394,-4.701845735311508,0.262974,735.8099975585938,,,,,,,212.6,4.724444444,212.6,4.724444444,,,,,,,,,,,,,,,,,,,"Andrew Benintendi","17901",643217
"Freddy Fermin","SDP",26,105,94,20,14,4,0,2,10,10,8,0,21,1,1,1,,0,0,0.217822,0.0742314,0.1964,0.377961,0.280949,0.332583,0.27284,0.613533,0.114761,1.95712,0.254252,0,-0.243234,8.73291,-3.74541,72.7705,-0.243234,0.846484,-3.7021616399288177,2.888150930404663,0.261998,735.3099975585938,,,,,,,75.4,2.9,75.4,2.9,,,,,,,,,,,,,,,,,,,"Freddy Fermin","21840",666023
"Ha-Seong Kim","ATL",26,113,99,22,16,4,0,2,12,10,12,0,21,1,1,0,,4,1,0.223378,0.107263,0.188303,0.569632,0.312114,0.326331,0.28913,0.638445,0.102953,5.00712,0.263289,0,0.267528,10.972,-2.56266,79.508,0.267528,0.221326,-2.5559040307998657,1.4361412078142166,0.260216,748.3800048828125,,,,,,,98.4,3.784615384,98.4,3.784615384,,,,,,,,,,,,,,,,,,,"Ha-Seong Kim","27506",673490
"Salvador Perez","KCR",53,216,200,48,30,9,0,8,19,28,10,2,45,4,2,0,,0,0,0.238652,0.0454545,0.208475,0.218034,0.286215,0.410591,0.300249,0.696806,0.171939,1.15158,0.26574,0,-0.234971,22.853,-2.93183,87.1794,-0.234971,-2.01348,-3.4795435816049576,-1.6594674289226532,0.259473,91.13999938964844,,,,,,,212.1,4.001886792,212.1,4.001886792,,,,,,,,,,,,,,,,,,,"Salvador Perez","7304",521692
"TJ Friedl","CIN",38,163,141,32,23,5,1,3,18,15,16,0,30,3,1,2,,4,1,0.229132,0.099876,0.181977,0.548837,0.322125,0.34986,0.303426,0.671985,0.120728,5.367,0.266449,0,0.216504,17.683,-1.79372,84.7161,0.216504,-0.0474402,-2.813871204853058,0.06120175123214722,0.258988,265.1499938964844,,,,,,,148.4,3.905263157,148.4,3.905263157,,,,,,,,,,,,,,,,,,,"TJ Friedl","19522",670770
"Samad Taylor","SDP",25,106,93,24,18,4,1,2,15,11,9,0,26,1,1,2,,6,1,0.2586,0.088524,0.242801,0.364595,0.328888,0.375768,0.31363,0.704655,0.117168,7.25111,0.336601,0,0.389605,12.3858,-0.287503,100.027,0.389605,-0.278822,0.3930567486677319,-1.2996552288532257,0.258012,999,,,,,,,116.1,4.644,116.1,4.644,,,,,,,,,,,,,,,,,,,"Samad Taylor","22274",669392
"Victor Scott II","STL",32,138,120,26,20,4,1,2,16,11,11,0,30,2,1,3,,9,2,0.217868,0.0826669,0.218857,0.377721,0.297065,0.307047,0.274946,0.604112,0.0891792,6.80072,0.274249,0,0.794343,11.788,-4.71772,72.6108,0.794343,1.33818,-3.8077991008758545,1.8320079445838928,0.255598,391.1300048828125,,,,,,,112.2,3.50625,112.2,3.50625,,,,,,,,,,,,,,,,,,,"Victor Scott II","31349",687363
"Matt Shaw","CHC",19,82,73,18,11,3,1,2,11,10,7,0,16,1,0,0,,3,1,0.245395,0.0887664,0.1919,0.462565,0.321937,0.409258,0.321971,0.731195,0.163864,6.31312,0.279993,0,0.144653,10.0807,0.331982,103.683,0.144653,0.249276,0.5101156830787659,-0.6451680362224579,0.255363,336.67999267578125,,,,,,,87.9,4.626315789,87.9,4.626315789,,,,,,,,,,,,,,,,,,,"Matt Shaw","33322",807713
"Parker Meadows","DET",14,60,53,12,8,2,1,1,7,7,5,0,15,0,0,0,,2,0,0.233559,0.0908681,0.246998,0.367891,0.307773,0.385213,0.305155,0.692986,0.151654,6.9453,0.29474,0,0.134011,6.57475,-0.574285,93.3907,0.134011,0.481131,-0.32974156737327576,0.6950194835662842,0.253051,745.6900024414062,,,,,,,53.9,3.85,53.9,3.85,,,,,,,,,,,,,,,,,,,"Parker Meadows","23800",678009
"Tristan Gray","MIN",33,142,130,29,18,7,1,4,15,18,9,0,43,1,1,0,,1,0,0.22524,0.0634781,0.302617,0.209764,0.280591,0.376287,0.287377,0.656878,0.151047,3.62423,0.299923,0,-0.137681,13.5379,-3.41135,80.5534,-0.137681,-0.5102,-3.3727227598428726,0.7431948184967041,0.246291,999,,,,,,,127.9,3.875757575,127.9,3.875757575,,,,,,,,,,,,,,,,,,,"Tristan Gray","19877",656484
"Travis d'Arnaud","LAA",18,71,65,14,8,3,0,2,7,7,4,0,20,2,0,0,,0,0,0.212905,0.0627657,0.279935,0.224215,0.27868,0.371981,0.286986,0.65066,0.159075,2.26162,0.270305,0,-0.0777972,6.77193,-1.7347,79.8558,-0.0777972,0.315064,-1.7596638277173042,1.5875946283340454,0.239723,999,,,,,,,58.9,3.272222222,58.9,3.272222222,,,,,,,,,,,,,,,,,,,"Travis d'Arnaud","7739",518595
"Jake Rogers","DET",14,55,49,10,6,2,0,2,6,6,5,0,16,0,0,0,,0,0,0.200826,0.0912904,0.295844,0.308576,0.278656,0.351519,0.279831,0.630175,0.150693,3.87634,0.260774,0,-0.03972,4.88523,-1.65103,75.8392,-0.03972,0.936357,-1.589691836386919,2.005801558494568,0.239672,999,,,,,,,46.6,3.328571428,46.6,3.328571428,,,,,,,,,,,,,,,,,,,"Jake Rogers","19452",668670
"Angel Martínez","CLE",35,150,137,33,20,7,1,4,17,17,8,0,33,2,1,2,,3,1,0.237051,0.0529179,0.217638,0.243147,0.287155,0.391877,0.297014,0.679032,0.154826,5.18454,0.280732,0,-0.0287573,15.4783,-2.43042,89.2068,-0.0287573,0.466251,-1.9258869607001543,-1.0646129548549652,0.238771,748.5800170898438,,,,,,,144.3,4.122857142,144.3,4.122857142,,,,,,,,,,,,,,,,,,,"Angel Martinez","26540",682657
"Victor Robles","SEA",21,91,81,20,15,3,0,1,10,8,5,0,19,2,1,1,,5,1,0.240885,0.0600992,0.210625,0.285337,0.305472,0.340916,0.289939,0.646388,0.100031,6.06927,0.296564,0,0.329395,8.87423,-1.99891,89.7374,0.329395,0.632106,-0.7658056914806366,-0.1524614691734314,0.23576,727.5399780273438,,,,,,,76.8,3.657142857,76.8,3.657142857,,,,,,,,,,,,,,,,,,,"Victor Robles","18363",645302
"José Fermín","STL",21,91,80,19,14,4,0,1,10,10,9,0,11,1,1,1,,2,1,0.244483,0.099493,0.118183,0.841853,0.329918,0.356988,0.308457,0.686906,0.112505,4.10332,0.264798,0,0.0161727,10.2634,-0.630412,95.0033,0.0161727,-0.200723,-0.5379557386040688,-0.1118345782160759,0.234886,999,,,,,,,78.4,3.733333333,78.4,3.733333333,,,,,,,,,,,,,,,,,,,"Jose Fermin","21746",665877
"Colby Thomas","ATH",28,120,110,26,15,6,1,4,15,18,7,0,36,2,1,0,,2,1,0.238921,0.0549493,0.300232,0.183023,0.294427,0.422447,0.31202,0.716874,0.183526,4.97511,0.312917,0,-0.174947,13.8172,-0.480897,95.5379,-0.174947,0.471368,-0.8011289834976196,-1.1619656682014465,0.233578,748.5900268554688,,,,,,,124.3,4.439285714,124.3,4.439285714,,,,,,,,,,,,,,,,,,,"Colby Thomas","31855",687515
"Troy Johnston","COL",37,158,142,39,26,9,1,3,18,20,12,0,30,3,1,0,,4,2,0.274227,0.0753565,0.188391,0.4,0.340313,0.417579,0.332987,0.757892,0.143352,5.04865,0.324964,0,-0.133898,20.936,2.05758,95.8251,-0.133898,0.30165,-0.9362414181232452,-1.9199552834033966,0.232002,748.4099731445312,,,,,,,183.4,4.956756756,183.4,4.956756756,,,,,,,,,,,,,,,,,,,"Troy Johnston","26143",687859
"Brice Matthews","HOU",16,69,61,13,8,2,0,2,8,8,6,0,23,1,0,0,,3,1,0.218449,0.0910019,0.331138,0.274815,0.298003,0.382285,0.300855,0.680289,0.163837,6.69639,0.30412,0,0.126989,7.28417,-0.896475,91.2496,0.126989,0.265546,-0.5755930840969086,0.3973359167575836,0.229243,740.969970703125,,,,,,,60.3,3.76875,60.3,3.76875,,,,,,,,,,,,,,,,,,,"Brice Matthews","33280",694728
"Everson Pereira","CHW",22,94,84,20,12,3,0,4,13,11,8,0,30,1,1,0,,2,1,0.232857,0.0802339,0.32339,0.248103,0.3047,0.407446,0.312631,0.712146,0.17459,5.41561,0.315257,0,0.0185915,10.893,-0.330864,98.5653,0.0185915,-0.754167,-0.1394583284854889,-0.9714513272047043,0.226872,999,,,,,,,102.3,4.65,102.3,4.65,,,,,,,,,,,,,,,,,,,"Everson Pereira","23695",677592
"Christian Vázquez","HOU",26,101,92,20,15,3,0,2,9,10,7,0,19,0,1,1,,0,0,0.21812,0.0684461,0.189441,0.361305,0.274853,0.323051,0.266305,0.597904,0.104931,2.21387,0.251715,0,-0.138013,7.91864,-4.16354,67.3046,-0.138013,0.658702,-4.015185460448265,2.63555371761322,0.225628,999,,,,,,,68.5,2.634615384,68.5,2.634615384,,,,,,,,,,,,,,,,,,,"Christian Vazquez","9774",543877
"Denzer Guzman","LAA",40,174,157,35,23,7,1,4,17,20,13,0,53,2,1,1,,2,1,0.224369,0.0757629,0.304014,0.249208,0.290482,0.362641,0.289564,0.653123,0.138272,4.01784,0.305835,0,-0.157587,16.9124,-3.87444,81.6423,-0.157587,-0.766245,-3.9029274582862854,-0.10605943202972412,0.222726,999,,,,,,,148.6,3.715,148.6,3.715,,,,,,,,,,,,,,,,,,,"Denzer Guzman","28816",694203
"Connor Norby","MIA",20,88,80,19,12,4,0,2,11,10,7,0,24,1,0,0,,2,1,0.244689,0.0776255,0.275782,0.281474,0.313802,0.396923,0.313577,0.710725,0.152234,4.83487,0.319854,0,-0.0216951,10.3101,-0.243188,94.9864,-0.0216951,0.460455,-0.5603220090270042,-0.12318646907806396,0.22208,728.1400146484375,,,,,,,81.8,4.09,81.8,4.09,,,,,,,,,,,,,,,,,,,"Connor Norby","29592",681393
"José Tena","WSN",22,96,88,22,15,5,1,2,11,10,7,0,25,1,0,0,,2,1,0.251561,0.0748639,0.263231,0.284404,0.310714,0.383895,0.306496,0.694609,0.132335,5.56545,0.331053,0,-0.0582335,10.6929,-0.819818,91.5961,-0.0582335,0.0144069,-1.0431656911969185,0.09095009136945009,0.221369,999,,,,,,,99.2,4.509090909,99.2,4.509090909,,,,,,,,,,,,,,,,,,,"Jose Tena","23691",677588
"Gary Sánchez","MIL",16,67,57,12,7,2,0,3,8,10,8,0,17,1,0,0,,0,0,0.215681,0.118974,0.249332,0.477171,0.322101,0.417817,0.32682,0.739918,0.202136,1.81053,0.244395,0,-0.0899892,8.53974,0.536536,105.9,-0.0899892,-0.515041,0.39073218405246735,-0.39837414771318436,0.220085,999,,,,,,,71.2,4.45,71.2,4.45,,,,,,,,,,,,,,,,,,,"Gary Sanchez","11442",596142
"Derek Hill","PHI",18,78,71,17,12,3,1,3,11,9,5,0,25,1,0,1,,3,1,0.244785,0.0644858,0.318568,0.202424,0.299421,0.403821,0.307832,0.703243,0.159037,6.70205,0.337549,0,0.0816712,8.69798,-0.576161,90.8818,0.0816712,0.639687,-0.7791853100061417,0.41962479054927826,0.219554,999,,,,,,,87.7,4.872222222,87.7,4.872222222,,,,,,,,,,,,,,,,,,,"Derek Hill","16947",656537
"Victor Mesa Jr.","TBR",27,116,105,24,16,4,0,4,13,14,9,0,25,1,1,0,,2,1,0.230403,0.0753326,0.211157,0.356762,0.291852,0.377663,0.29507,0.669515,0.14726,3.99389,0.2648,0,-0.141355,11.7998,-2.06496,85.759,-0.141355,1.13934,-2.07928504049778,0.0924224853515625,0.218076,999,,,,,,,109.6,4.059259259,109.6,4.059259259,,,,,,,,,,,,,,,,,,,"Victor Mesa Jr.","25999",683748
"Jose Siri","LAA",16,70,63,13,8,3,0,3,10,9,4,0,24,1,0,0,,2,1,0.210648,0.0635014,0.351262,0.180781,0.269677,0.391667,0.288664,0.661343,0.181019,6.0921,0.287198,0,0.0223243,6.71405,-1.6007,81.0182,0.0223243,1.13453,-1.5267383269965649,1.1919342577457428,0.217458,999,,,,,,,62.7,3.91875,62.7,3.91875,,,,,,,,,,,,,,,,,,,"Jose Siri","17452",642350
"Jesus Rodriguez","SFG",14,58,53,14,11,2,0,1,6,6,4,0,9,1,0,0,,1,1,0.273155,0.0761953,0.156496,0.486884,0.334504,0.370839,0.313819,0.705343,0.0976845,4.68199,0.315398,0,-0.0932453,6.7689,-0.148026,98.8274,-0.0932453,-0.453219,-0.17581123113632202,0.4315033555030823,0.21675,999,,,,,,,54.7,3.907142857,54.7,3.907142857,,,,,,,,,,,,,,,,,,,"Jesus Rodriguez","26991",683679
"Braden Montgomery","CHW",48,207,188,45,27,12,2,4,22,24,15,0,61,3,1,0,,3,2,0.236499,0.0718222,0.29176,0.246169,0.299301,0.387706,0.301301,0.687008,0.151207,5.05265,0.322164,0,-0.378402,22.1206,-2.63796,90.713,-0.378402,-0.514968,-2.6351502537727356,-2.658178389072418,0.212838,999,,,,,,,201.9,4.20625,201.9,4.20625,,,,,,,,,,,,,,,,,,,"Braden Montgomery","35423",695731
"Richie Palacios","TBR",26,113,99,23,16,4,1,2,14,11,12,0,22,1,1,0,,4,1,0.230962,0.109977,0.190481,0.577365,0.323287,0.333591,0.29742,0.656878,0.102629,5.77804,0.279306,0,0.0351242,11.7353,-1.79939,87.3881,0.0351242,-0.174029,-1.640255220234394,-0.3814365118741989,0.204574,999,,,,,,,109.7,4.219230769,109.7,4.219230769,,,,,,,,,,,,,,,,,,,"Richie Palacios","24589",680700
"Kaelen Culpepper","MIN",10,43,39,10,7,1,0,1,5,5,3,0,9,1,0,0,,1,0,0.247312,0.0684932,0.21135,0.324074,0.315068,0.382796,0.310276,0.697864,0.135484,5.66795,0.294461,0,0.0371469,4.88397,-0.232798,96.4243,0.0371469,0.1984,-0.14242523163557053,0.6193876713514328,0.202921,999,,,,,,,43.2,4.32,43.2,4.32,,,,,,,,,,,,,,,,,,,"Kaelen Culpepper","sa3025360",701785
"Brenton Doyle","COL",16,69,63,15,10,3,0,2,9,7,4,0,19,0,0,0,,3,0,0.242542,0.0653651,0.27795,0.235168,0.29466,0.395259,0.30198,0.689919,0.152717,6.87836,0.313877,0,0.260459,7.3468,-0.83384,75.106,0.260459,1.33545,-1.8126806914806366,1.5801996886730194,0.202234,166.25,,,,,,,66.2,4.1375,66.2,4.1375,,,,,,,,,,,,,,,,,,,"Brenton Doyle","25479",686668
"Nolan Gorman","STL",23,100,88,19,12,3,0,4,11,13,10,0,32,0,1,0,,0,0,0.21665,0.103249,0.319684,0.322973,0.297076,0.397274,0.303717,0.694349,0.180623,2.78356,0.282529,0,-0.137783,10.8131,-1.07097,91.8354,-0.137783,0.181806,-1.1255368739366531,-0.19350291788578033,0.194505,653.1400146484375,,,,,,,94.7,4.117391304,94.7,4.117391304,,,,,,,,,,,,,,,,,,,"Nolan Gorman","22263",669357
"Jonah Heim","ATH",33,136,125,29,19,5,0,4,14,17,10,0,26,1,1,0,,0,0,0.230536,0.0709371,0.192212,0.369057,0.287182,0.379128,0.292788,0.66631,0.148592,2.87488,0.256983,0,-0.0652175,13.5602,-2.66905,82.2085,-0.0652175,0.446183,-2.8991754353046417,-0.117706298828125,0.185336,999,,,,,,,122.5,3.712121212,122.5,3.712121212,,,,,,,,,,,,,,,,,,,"Jonah Heim","16930",641680
"Luisangel Acuña","CHW",22,94,87,22,18,3,0,1,12,7,5,0,18,1,1,1,,6,2,0.251933,0.0573258,0.191284,0.299689,0.297856,0.325226,0.278399,0.623081,0.0732925,6.55458,0.305924,0,0.370142,8.27945,-2.94443,74.8402,0.370142,0.24109,-2.4014786779880524,0.8731886744499207,0.184644,395.510009765625,,,,,,,78.1,3.55,78.1,3.55,,,,,,,,,,,,,,,,,,,"Luisangel Acuna","26548",682668
"Pedro Pagés","STL",15,58,53,12,8,2,0,1,5,6,3,0,15,1,0,1,,0,0,0.221891,0.0568237,0.264995,0.214433,0.271858,0.346643,0.272224,0.618501,0.124752,3.10215,0.282548,0,-0.00783917,4.82913,-2.1127,70.7915,-0.00783917,0.854033,-2.071929659694433,1.9898350834846497,0.183263,748.2899780273438,,,,,,,41.4,2.76,41.4,2.76,,,,,,,,,,,,,,,,,,,"Pedro Pages","25782",686780
"Wade Meckler","LAA",20,86,76,21,16,4,0,1,10,8,9,0,17,0,0,0,,1,0,0.273061,0.100573,0.202866,0.495763,0.347765,0.369174,0.320675,0.716939,0.0961129,4.86447,0.341531,0,-0.0395222,10.4918,0.258308,103.205,-0.0395222,-0.801919,0.28234195336699486,-1.5290796160697937,0.183194,999,,,,,,,91.5,4.575,91.5,4.575,,,,,,,,,,,,,,,,,,,"Wade Meckler","31490",685133
"Austin Hays","CHW",19,83,76,19,12,4,1,3,11,10,5,0,21,1,0,0,,1,0,0.25447,0.064729,0.253745,0.255094,0.307558,0.43264,0.320351,0.740199,0.17817,5.13002,0.314504,0,-0.0128324,10.1316,0.228127,103.916,-0.0128324,-0.079286,0.3677783375605941,-1.5212613940238953,0.182651,572.469970703125,,,,,,,95.8,5.042105263,95.8,5.042105263,,,,,,,,,,,,,,,,,,,"Austin Hays","19363",669720
"Ke'Bryan Hayes","CIN",41,177,163,37,27,6,1,3,17,16,12,0,34,1,1,0,,3,1,0.224543,0.0684193,0.191425,0.35742,0.282453,0.324753,0.270858,0.607206,0.10021,4.90174,0.26449,0,0.0964502,14.5011,-6.62624,62.9539,0.0964502,3.27565,-7.871252194046974,3.90774667263031,0.182033,999,,,,,,,137.4,3.351219512,137.4,3.351219512,,,,,,,,,,,,,,,,,,,"Ke'Bryan Hayes","18577",663647
"Blaze Jordan","STL",33,141,131,32,22,6,1,3,15,17,7,0,19,1,1,0,,0,0,0.2451,0.0524693,0.137522,0.381535,0.288505,0.375556,0.290759,0.664061,0.130456,3.54108,0.264306,0,-0.171759,13.8347,-3.00112,83.1772,-0.171759,0.778331,-3.0549901574850082,0.23512154817581177,0.17931,999,,,,,,,123.5,3.742424242,123.5,3.742424242,,,,,,,,,,,,,,,,,,,"Blaze Jordan","28199",691458
"Kahlil Watson","CLE",33,145,131,29,17,6,1,4,15,18,11,0,49,2,1,0,,5,2,0.220191,0.0770892,0.335705,0.229634,0.28875,0.382897,0.295595,0.671646,0.162706,6.27168,0.311462,0,0.101308,14.7588,-2.51029,88.2235,0.101308,-0.939884,-1.8947388902306557,-1.4948227405548096,0.179063,999,,,,,,,135,4.09090909,135,4.09090909,,,,,,,,,,,,,,,,,,,"Kahlil Watson","29905",696135
"Alex Call","LAD",9,38,31,8,5,2,0,1,5,5,5,0,7,1,0,0,,1,0,0.243201,0.128463,0.174357,0.736785,0.353899,0.376264,0.329403,0.730164,0.133064,4.08047,0.279933,0,-0.0593389,4.85597,0.3788,107.384,-0.0593389,0.395347,0.27721400931477547,0.2613964080810547,0.178046,999,,,,,,,48.9,5.433333333,48.9,5.433333333,,,,,,,,,,,,,,,,,,,"Alex Call","19296",669743
"Giancarlo Stanton","NYY",19,82,73,17,9,3,0,5,8,14,7,0,26,0,0,0,,0,0,0.227957,0.0907117,0.314697,0.288251,0.300509,0.45902,0.326762,0.75953,0.231063,1.36848,0.277632,0,-0.063126,10.3984,0.6497,109.767,-0.063126,0,0.8713975250720978,-2.0416667461395264,0.176275,251.4600067138672,,,,,,,98.9,5.205263157,98.9,5.205263157,,,,,,,,,,,,,,,,,,,"Giancarlo Stanton","4949",519317
"Carlos Cortes","ATH",30,131,117,29,19,7,0,4,14,15,11,0,25,1,1,0,,0,0,0.248857,0.0869628,0.190053,0.457571,0.319232,0.404502,0.318815,0.723735,0.155645,2.80376,0.285152,0,-0.187713,15.7942,0.196267,100.247,-0.187713,0.0563633,-0.14993801712989807,-2.78252562135458,0.174793,999,,,,,,,139.3,4.643333333,139.3,4.643333333,,,,,,,,,,,,,,,,,,,"Carlos Cortes","21842",666126
"Mitch Garver","SEA",16,64,55,11,7,2,0,2,7,7,8,0,19,1,0,0,,0,0,0.195184,0.12055,0.30237,0.398683,0.300601,0.341445,0.289492,0.642045,0.14626,3.42773,0.256734,0,-0.0215556,6.22595,-1.43093,89.4275,-0.0215556,-0.779473,-0.8160939496010542,0.25386059284210205,0.174563,999,,,,,,,58.2,3.6375,58.2,3.6375,,,,,,,,,,,,,,,,,,,"Mitch Garver","15161",641598
"Nathaniel Lowe","CIN",23,100,88,23,15,4,0,4,11,13,10,0,24,1,0,0,,0,0,0.257878,0.103622,0.244372,0.424035,0.337489,0.433342,0.337271,0.770831,0.175465,2.19747,0.314508,0,-0.168016,13.5257,1.64156,107.332,-0.168016,-0.151301,0.7189770936965942,-2.245128184556961,0.173551,999,,,,,,,123,5.347826086,123,5.347826086,,,,,,,,,,,,,,,,,,,"Nathaniel Lowe","19566",663993
"Ramón Urías","STL",16,69,62,15,10,3,0,2,7,7,5,0,15,1,0,0,,0,0,0.235209,0.0772978,0.216694,0.356713,0.305283,0.380101,0.303404,0.685384,0.144893,3.44743,0.278072,0,-0.0393649,7.49157,-0.761281,91.6265,-0.0393649,0.132741,-0.7428554072976112,0.20187707245349884,0.173015,999,,,,,,,67.5,4.21875,67.5,4.21875,,,,,,,,,,,,,,,,,,,"Ramon Urias","18795",602104
"Max Kepler","ARI",41,177,158,37,23,8,0,5,21,21,16,0,35,1,2,0,,1,0,0.232256,0.0901474,0.197661,0.45607,0.305976,0.386583,0.304883,0.692559,0.154327,3.71125,0.264118,0,0.00294953,19.3862,-1.73596,89.5282,0.00294953,0.772733,-2.2487244030926377,-1.8231002688407898,0.170932,999,,,,,,,172.3,4.202439024,172.3,4.202439024,,,,,,,,,,,,,,,,,,,"Max Kepler","12144",596146
"Ildemaro Vargas","ARI",35,152,142,36,26,6,1,2,16,20,8,0,16,1,1,1,,1,0,0.254142,0.0533575,0.104587,0.510172,0.298862,0.368699,0.293202,0.667561,0.114558,4.50585,0.270252,0,-0.0618368,15.2561,-2.94149,81.7231,-0.0618368,1.73767,-3.447635482996702,0.16267073154449463,0.169833,999,,,,,,,130.4,3.725714285,130.4,3.725714285,,,,,,,,,,,,,,,,,,,"Ildemaro Vargas","13324",545121
"Max Clark","DET",9,38,33,8,6,1,0,1,5,4,4,0,8,0,0,0,,1,0,0.236735,0.116071,0.207143,0.560345,0.328571,0.365306,0.311582,0.693878,0.128571,5.8426,0.283747,0,0.051128,4.38281,-0.166574,97.8447,0.051128,0.20078,-0.04510707035660744,0.3368915915489197,0.167036,999,,,,,,,38,4.222222222,38,4.222222222,,,,,,,,,,,,,,,,,,,"Max Clark","sa3022683",703601
"Hao-Yu Lee","DET",11,49,44,11,7,2,0,1,6,6,4,0,11,1,0,0,,1,0,0.240758,0.0738527,0.220022,0.33566,0.306223,0.38016,0.302872,0.686384,0.139402,5.72893,0.292256,0,-0.0104791,5.28848,-0.560728,91.808,-0.0104791,0.200872,-0.4807716282084584,0.3758717328310013,0.166192,999,,,,,,,49.7,4.518181818,49.7,4.518181818,,,,,,,,,,,,,,,,,,,"Hao-Yu Lee","30080",701678
"Ali Sánchez","NYY",13,52,48,11,8,2,0,1,5,6,3,0,13,0,0,0,,0,0,0.223657,0.0638612,0.256685,0.248792,0.279048,0.32257,0.268765,0.601618,0.0989123,2.19881,0.289244,0,-0.102102,4.19353,-2.04563,69.5713,-0.102102,0.713644,-1.965447299182415,1.7344776391983032,0.165224,999,,,,,,,37.8,2.907692307,37.8,2.907692307,,,,,,,,,,,,,,,,,,,"Ali Sanchez","18551",645305
"Marcell Ozuna","PIT",31,134,117,28,18,5,0,5,14,15,16,0,34,1,1,0,,0,0,0.239978,0.119598,0.252322,0.473988,0.334364,0.410672,0.329289,0.745036,0.170694,0.923846,0.293399,0,-0.190763,17.3304,1.34052,104.951,-0.190763,0,0.6151145547628403,-3.3487653732299805,0.164689,377.510009765625,,,,,,,152.3,4.912903225,152.3,4.912903225,,,,,,,,,,,,,,,,,,,"Marcell Ozuna","10324",542303
"Tyler Locklear","ARI",19,82,72,18,12,4,0,2,10,11,7,0,21,2,0,0,,2,0,0.251456,0.0809205,0.255674,0.316498,0.330396,0.407379,0.325533,0.737775,0.155922,5.40054,0.321846,0,0.0354633,10.3168,0.568163,103.327,0.0354633,0.0305511,0.3656037822365761,-1.4277823064476252,0.161563,999,,,,,,,90,4.736842105,90,4.736842105,,,,,,,,,,,,,,,,,,,"Tyler Locklear","31396",682988
"Joey Loperfido","HOU",11,47,42,10,7,2,0,1,6,6,4,0,13,1,0,0,,1,0,0.242039,0.0777249,0.277155,0.280439,0.311503,0.391055,0.308858,0.702558,0.149016,5.52688,0.32089,0,-0.0277064,5.3512,-0.312321,96.7962,-0.0277064,0.514834,-0.20579317212104797,0.08180961012840271,0.158648,746.02001953125,,,,,,,46.1,4.19090909,46.1,4.19090909,,,,,,,,,,,,,,,,,,,"Joey Loperfido","29630",694388
"Nathan Church","STL",32,138,126,31,23,5,1,3,17,14,8,0,21,2,1,1,,3,1,0.244647,0.0602788,0.155191,0.388416,0.299301,0.356771,0.29055,0.656072,0.112124,5.4372,0.274538,0,-0.027227,13.54,-2.96574,83.0375,-0.027227,-0.0806512,-2.8773857168853283,-0.06089809536933899,0.15822,999,,,,,,,128.9,4.028125,128.9,4.028125,,,,,,,,,,,,,,,,,,,"Nathan Church","31357",701675
"Luis Urías","TOR",11,46,40,10,7,2,0,1,5,5,4,0,8,1,0,0,,0,0,0.236407,0.0956378,0.179031,0.534197,0.326289,0.378625,0.315335,0.704914,0.142218,3.06724,0.264811,0,-0.0464674,5.46303,-0.061228,101.314,-0.0464674,-0.343566,0.024799156934022903,-0.13939915597438812,0.155388,999,,,,,,,46.2,4.2,46.2,4.2,,,,,,,,,,,,,,,,,,,"Luis Urias","16622",649966
"Addison Barger","TOR",11,49,44,10,6,3,0,2,6,7,4,0,12,0,0,0,,0,0,0.239015,0.0889639,0.23735,0.374821,0.310695,0.423864,0.319479,0.734558,0.184848,3.36339,0.283443,0,-0.0606619,5.94926,0.10005,104.186,-0.0606619,0.131915,0.17967623472213745,-0.39308488368988037,0.155214,193.08999633789062,,,,,,,51.5,4.681818181,51.5,4.681818181,,,,,,,,,,,,,,,,,,,"Addison Barger","24598",680718
"Marcelo Mayer","BOS",22,94,86,20,13,4,0,2,11,10,7,0,21,1,1,0,,1,0,0.231937,0.0742649,0.224891,0.330225,0.293215,0.362606,0.289277,0.655821,0.130669,4.18638,0.282162,0,-0.0765424,9.11,-2.11388,78.3765,-0.0765424,-0.0855652,-2.4585969671607018,0.605792872607708,0.151812,589.5399780273438,,,,,,,82.3,3.74090909,82.3,3.74090909,,,,,,,,,,,,,,,,,,,"Marcelo Mayer","29668",691785
"Andruw Monasterio","BOS",16,69,62,16,10,4,0,2,9,7,6,0,15,1,0,0,,2,1,0.251106,0.0901895,0.220757,0.408547,0.323888,0.397725,0.318967,0.721613,0.146619,4.73104,0.308646,0,-0.161744,8.36528,0.112432,98.9537,-0.161744,-0.753081,-0.24649932980537415,-0.7234515622258186,0.151327,999,,,,,,,80,5,80,5,,,,,,,,,,,,,,,,,,,"Andruw Monasterio","19455",655316
"Jake Fraley","TBR",20,86,76,18,12,4,0,2,9,8,8,0,18,1,0,0,,3,1,0.23973,0.0935926,0.213992,0.437365,0.31937,0.369735,0.306735,0.689105,0.130005,4.89976,0.291054,0,0.186411,9.52144,-0.712097,93.8438,0.186411,-0.0869456,-0.43192221224308014,-1.1634888499975204,0.147918,999,,,,,,,85.1,4.255,85.1,4.255,,,,,,,,,,,,,,,,,,,"Jake Fraley","19260",641584
"Joey Bart","ATL",12,46,40,9,6,1,0,1,5,5,4,0,13,1,0,0,,0,0,0.228067,0.0886338,0.29539,0.300057,0.315279,0.362148,0.304122,0.677427,0.134081,1.91067,0.305323,0,-0.0885021,4.95813,-0.474601,89.5258,-0.0885021,-0.304915,-0.6677757799625397,0.5839737355709076,0.141445,999,,,,,,,37.7,3.141666666,37.7,3.141666666,,,,,,,,,,,,,,,,,,,"Joey Bart","21524",663698
"Alex Freeland","LAD",11,48,42,9,6,2,0,1,6,5,5,0,13,1,0,0,,1,0,0.225663,0.108835,0.277397,0.392345,0.317833,0.362589,0.304686,0.680421,0.136925,4.59904,0.298013,0,0.0254435,5.27555,-0.480812,90.868,0.0254435,0.0999223,-0.5096858609467745,0.2912802919745445,0.136757,999,,,,,,,43.5,3.954545454,43.5,3.954545454,,,,,,,,,,,,,,,,,,,"Alex Freeland","31665",690976
"Brady House","WSN",19,80,75,19,12,3,0,2,9,11,4,0,22,1,0,0,,1,0,0.246479,0.0509567,0.275623,0.184878,0.288934,0.394079,0.297717,0.683012,0.1476,3.92241,0.315677,0,-0.10579,8.33779,-1.25615,85.7295,-0.10579,-0.0636425,-1.4995371848344803,0.22339452803134918,0.135645,710.1199951171875,,,,,,,75.8,3.989473684,75.8,3.989473684,,,,,,,,,,,,,,,,,,,"Brady House","29993",691781
"Leo Jiménez","MIA",20,88,76,17,12,4,0,1,10,9,7,0,19,4,1,0,,1,0,0.224457,0.0846301,0.211641,0.399876,0.324135,0.329226,0.298873,0.653361,0.104769,3.91348,0.278101,0,-0.146336,9.25458,-1.29875,85.161,-0.146336,-0.231422,-1.7405292838811874,0.19913341104984283,0.135284,999,,,,,,,75.1,3.755,75.1,3.755,,,,,,,,,,,,,,,,,,,"Leo Jimenez","23782",677870
"Jonatan Clase","TOR",14,63,56,13,8,3,0,2,8,7,5,0,18,0,0,0,,3,1,0.226702,0.0847273,0.288448,0.293735,0.297109,0.375998,0.297371,0.673107,0.149296,7.02487,0.302444,0,0.264034,6.47786,-0.996135,88.8642,0.264034,0.16634,-0.5528431534767151,-0.3878270387649536,0.130747,999,,,,,,,62.2,4.442857142,62.2,4.442857142,,,,,,,,,,,,,,,,,,,"Jonatan Clase","26599",682729
"Matt Wallner","MIN",7,32,28,6,3,1,0,1,4,4,3,0,10,1,0,0,,0,0,0.228457,0.104223,0.325398,0.320295,0.33019,0.451876,0.341549,0.782066,0.223419,4.13407,0.304718,0,-0.0483083,4.47932,0.641746,118.098,-0.0483083,-0.150176,0.6333563216030598,-0.49462081491947174,0.130035,340.5899963378906,,,,,,,29.9,4.271428571,29.9,4.271428571,,,,,,,,,,,,,,,,,,,"Matt Wallner","26466",670242
"Max Muncy","ATH",8,35,32,8,5,2,0,1,4,5,3,0,11,1,0,0,,0,0,0.246833,0.0719224,0.297702,0.241592,0.314208,0.408532,0.316603,0.72274,0.161699,4.28993,0.332893,0,-0.0843676,4.21403,-0.0104044,98.7138,-0.0843676,0.0103411,-0.13769684731960297,0.1561744660139084,0.129562,672.719970703125,,,,,,,40,5,40,5,,,,,,,,,,,,,,,,,,,"Max Muncy","29779",691777
"Bryan Torres","STL",16,69,59,16,12,2,0,1,8,7,8,0,12,0,0,1,,2,1,0.268328,0.112257,0.170688,0.657676,0.353562,0.364909,0.323733,0.718472,0.0965816,5.05407,0.319137,0,-0.0245145,8.63284,0.379982,105.211,-0.0245145,-0.530043,0.41325865872204304,-1.4288082718849182,0.125001,999,,,,,,,70.8,4.425,70.8,4.425,,,,,,,,,,,,,,,,,,,"Bryan Torres","21464",663494
"Jorge Soler","LAA",47,201,176,38,21,8,0,8,23,26,21,0,60,3,2,0,,0,0,0.215832,0.103812,0.299411,0.346722,0.30577,0.401643,0.311226,0.707413,0.185811,1.6077,0.274376,0,-0.246147,23.0486,-0.936267,96.6556,-0.246147,-0.308955,-1.0334536284208298,-4.911115109920502,0.123563,634.8099975585938,,,,,,,207.2,4.408510638,207.2,4.408510638,,,,,,,,,,,,,,,,,,,"Jorge Soler","14221",624585
"Denzel Clarke","ATH",9,38,34,7,5,2,0,1,5,4,3,0,13,1,0,0,,1,0,0.220978,0.0783793,0.341664,0.229404,0.296276,0.351424,0.289093,0.6477,0.130445,7.23397,0.332311,0,0.101933,3.68686,-0.86253,79.6478,0.101933,0.532654,-0.8068233728408813,0.6687646806240082,0.123547,728.3300170898438,,,,,,,34.3,3.811111111,34.3,3.811111111,,,,,,,,,,,,,,,,,,,"Denzel Clarke","29858",672016
"Jorge Mateo","ATL",11,47,44,10,6,2,0,1,7,4,3,0,13,0,0,0,,3,1,0.226916,0.0589675,0.276043,0.213617,0.273699,0.369087,0.281494,0.642786,0.142171,8.36395,0.295972,0,0.380615,4.25786,-1.35408,74.4053,0.380615,0.30013,-1.0815905928611755,0.7643277049064636,0.12277,999,,,,,,,39.1,3.554545454,39.1,3.554545454,,,,,,,,,,,,,,,,,,,"Jorge Mateo","17273",622761
"Jacob Gonzalez","PIT",33,145,132,30,20,7,1,2,14,16,9,0,26,2,1,1,,2,0,0.22857,0.0633115,0.176328,0.359056,0.287249,0.336933,0.278316,0.624183,0.108364,4.30281,0.267566,0,0.00964052,12.729,-4.54009,70.89,0.00964052,0.406974,-5.107863126322627,1.593393236398697,0.120992,999,,,,,,,117.6,3.563636363,117.6,3.563636363,,,,,,,,,,,,,,,,,,,"Jacob Gonzalez","33225",694378
"Amed Rosario","NYY",22,95,90,23,16,4,1,3,10,12,4,0,18,1,1,0,,2,0,0.252679,0.0447285,0.188814,0.236891,0.288172,0.391239,0.29589,0.679411,0.13856,5.1644,0.287719,0,0.0550523,9.74303,-1.63043,88.3709,0.0550523,-1.02605,-1.2430862970650196,-0.9774363525211811,0.11913,999,,,,,,,103.1,4.686363636,103.1,4.686363636,,,,,,,,,,,,,,,,,,,"Amed Rosario","15518",642708
"Tyler Callihan","PIT",19,83,74,17,11,4,1,2,9,9,6,0,23,1,1,1,,2,1,0.233492,0.0771259,0.279277,0.276163,0.298292,0.371681,0.295896,0.669974,0.138189,6.28877,0.313195,0,0.102431,8.49297,-1.42077,82.6375,0.102431,0.00588236,-1.64982021600008,0.11112927692010999,0.117908,999,,,,,,,79.3,4.17368421,79.3,4.17368421,,,,,,,,,,,,,,,,,,,"Tyler Callihan","27497",682997
"J.C. Escarra","NYY",6,25,22,5,3,1,0,0,3,3,2,0,4,0,0,0,,0,0,0.230302,0.0859329,0.177777,0.483376,0.302584,0.367114,0.297138,0.669698,0.136813,4.0095,0.264261,0,-0.0320795,2.57032,-0.400703,89.2353,-0.0320795,0.129239,-0.3459792956709862,0.6153503954410553,0.117059,999,,,,,,,14.9,2.483333333,14.9,2.483333333,,,,,,,,,,,,,,,,,,,"J.C. Escarra","20084",641555
"Ben Malgeri","DET",10,44,39,9,6,2,0,1,6,6,3,0,12,1,0,0,,1,0,0.241852,0.0723891,0.282956,0.255831,0.309144,0.383326,0.304953,0.69247,0.141474,5.65378,0.325608,0,-0.10241,4.77449,-0.424809,93.2506,-0.10241,0.382671,-0.44683243334293365,0.03267127275466919,0.115258,999,,,,,,,40.5,4.05,40.5,4.05,,,,,,,,,,,,,,,,,,,"Ben Malgeri","29577",701162
"Jon Berti",,8,33,29,7,6,1,0,0,4,3,3,0,7,0,0,0,,2,0,0.244275,0.0821918,0.226027,0.363636,0.312715,0.332061,0.290462,0.644776,0.0877863,6.20857,0.309278,0,0.169488,3.19648,-0.702992,81.7823,0.169488,0.341419,-0.5407207906246185,0.5553082227706909,0.114216,999,,,,,,,25.9,3.2375,25.9,3.2375,,,,,,,,,,,,,,,,,,,"Jon Berti","12037",542932
"James McCann","ARI",16,62,58,14,9,3,0,2,6,7,3,0,17,1,0,0,,0,0,0.236566,0.0446187,0.271553,0.164309,0.279695,0.367886,0.284634,0.64758,0.13132,2.56679,0.306307,0,-0.0296011,5.79406,-1.63351,75.9979,-0.0296011,-0.302791,-1.8444589376449585,0.9124866425991058,0.110682,999,,,,,,,59.9,3.74375,59.9,3.74375,,,,,,,,,,,,,,,,,,,"James McCann","12859",543510
"Eli White","ATL",8,36,33,8,5,1,0,1,5,4,2,0,9,1,0,0,,1,0,0.240681,0.0616725,0.261148,0.236159,0.296901,0.387312,0.299741,0.684213,0.14663,7.21968,0.302975,0,0.165626,3.7887,-0.502788,86.5985,0.165626,0.609766,-0.4198460578918457,0.3430991470813751,0.110664,999,,,,,,,35,4.375,35,4.375,,,,,,,,,,,,,,,,,,,"Eli White","19346",642201
"Eduardo Valencia","DET",9,37,34,8,5,1,0,2,5,5,2,0,8,0,0,0,,0,0,0.245854,0.0661957,0.222881,0.297,0.303193,0.429268,0.318091,0.732462,0.183415,2.03942,0.278053,0,-0.044683,4.41585,0.0335831,102.356,-0.044683,-0.0659549,0.056654926389455795,-0.2798437923192978,0.109883,999,,,,,,,38.5,4.277777777,38.5,4.277777777,,,,,,,,,,,,,,,,,,,"Eduardo Valencia","24574",680664
"Jahmai Jones","BOS",10,44,38,9,5,2,0,1,6,5,5,0,11,1,0,0,,1,0,0.236641,0.104973,0.242781,0.43238,0.333011,0.407569,0.327286,0.74058,0.170928,5.61636,0.297357,0,-0.103507,5.65264,0.370811,104.719,-0.103507,0.148079,0.1411050260066986,-0.6420441418886185,0.108973,999,,,,,,,47.5,4.75,47.5,4.75,,,,,,,,,,,,,,,,,,,"Jahmai Jones","18872",663330
"Drew Gilbert","SFG",17,73,65,15,10,3,1,2,8,8,6,0,14,1,0,0,,1,1,0.230625,0.08222,0.184717,0.445113,0.30762,0.372836,0.301522,0.680456,0.142211,4.07139,0.265164,0,-0.223287,7.85213,-0.921686,90.6104,-0.223287,-0.259116,-1.0619390308856964,-0.2688385657966137,0.107485,999,,,,,,,72.3,4.252941176,72.3,4.252941176,,,,,,,,,,,,,,,,,,,"Drew Gilbert","31545",687551
"Donovan Walton","ATH",9,38,34,8,6,2,0,1,5,4,3,0,6,1,0,0,,0,0,0.248507,0.0798225,0.164217,0.486079,0.317736,0.361883,0.302808,0.679619,0.113376,3.3589,0.285218,0,-0.0697498,4.11128,-0.438105,89.1531,-0.0697498,0.0994388,-0.5540813729166985,0.25499439984560013,0.107255,999,,,,,,,38,4.222222222,38,4.222222222,,,,,,,,,,,,,,,,,,,"Donovan Walton","19314",622268
"Nick Allen","HOU",18,79,71,16,13,3,0,1,8,6,6,0,16,1,1,1,,2,1,0.228858,0.0728503,0.20077,0.362855,0.289664,0.301676,0.267223,0.59134,0.0728183,4.3117,0.282468,0,-0.102196,6.24537,-3.19383,67.9407,-0.102196,0.875867,-3.0723077207803726,1.3088920414447784,0.10691,999,,,,,,,58.7,3.261111111,58.7,3.261111111,,,,,,,,,,,,,,,,,,,"Nick Allen","22277",669397
"Tyler Heineman","LAA",8,32,28,6,5,1,0,0,3,3,2,0,6,1,0,1,,0,0,0.210571,0.0704468,0.19137,0.368119,0.288925,0.293336,0.266588,0.582261,0.0827655,4.66154,0.253235,0,-0.00229461,2.4985,-1.30253,65.7184,-0.00229461,0.571044,-1.2812201492488384,1.1929574608802795,0.105965,999,,,,,,,17.5,2.1875,17.5,2.1875,,,,,,,,,,,,,,,,,,,"Tyler Heineman","13897",623168
"Starling Marte","KCR",20,86,77,21,15,4,0,1,9,8,6,0,19,2,1,0,,2,1,0.268001,0.0649588,0.222181,0.292369,0.329777,0.378326,0.314754,0.708102,0.110325,5.11255,0.33559,0,0.0215105,10.0797,-0.15387,97.2323,0.0215105,0.0624846,-0.25648160465061665,-1.7745524942874908,0.103845,999,,,,,,,86.6,4.33,86.6,4.33,,,,,,,,,,,,,,,,,,,"Starling Marte","9241",516782
"Alejandro Osuna","TEX",14,63,55,14,10,2,0,1,8,7,6,0,12,2,0,1,,2,1,0.250594,0.0884469,0.196531,0.450041,0.335982,0.359429,0.312838,0.695411,0.108835,5.28339,0.305688,0,-0.0624362,7.26417,-0.209817,100.398,-0.0624362,-0.606915,-0.033224502578377724,-1.1805263757705688,0.103118,999,,,,,,,63.6,4.542857142,63.6,4.542857142,,,,,,,,,,,,,,,,,,,"Alejandro Osuna","27915",696030
"Jeremiah Jackson","BAL",12,54,51,12,8,2,0,2,6,7,2,0,12,0,0,0,,1,0,0.243069,0.0412124,0.222601,0.18514,0.277943,0.400373,0.294522,0.678316,0.157305,3.57893,0.282598,0,-0.0969597,5.41954,-0.976424,87.7438,-0.0969597,-0.219544,-0.8663450330495834,-0.028186291456222534,0.102829,999,,,,,,,48.7,4.058333333,48.7,4.058333333,,,,,,,,,,,,,,,,,,,"Jeremiah Jackson","22239",669236
"Yoán Moncada","LAA",12,51,45,10,6,2,0,2,5,6,5,0,15,1,0,0,,0,0,0.225752,0.105368,0.301323,0.349685,0.316104,0.394464,0.314043,0.710569,0.168712,3.90637,0.30149,0,-0.0260427,5.95542,-0.120741,98.6082,-0.0260427,-0.349123,-0.10904681868851185,-0.7031354606151581,0.101494,746.1500244140625,,,,,,,53.6,4.466666666,53.6,4.466666666,,,,,,,,,,,,,,,,,,,"Yoan Moncada","17232",660162
"Nate Eaton","BOS",10,41,37,9,6,2,0,1,5,5,3,0,10,1,0,0,,2,0,0.238825,0.0691911,0.24834,0.278614,0.302192,0.381416,0.301694,0.683607,0.142591,6.4384,0.303234,0,0.10417,4.43736,-0.514355,86.9822,0.10417,0.313187,-0.5284967347979546,0.026767432689666748,0.0989147,999,,,,,,,44.4,4.44,44.4,4.44,,,,,,,,,,,,,,,,,,,"Nate Eaton","25055",681987
"Christian Encarnacion-Strand","BAL",9,40,37,9,5,2,0,2,5,6,2,0,11,1,0,0,,0,0,0.245335,0.0470865,0.264651,0.177919,0.291138,0.432085,0.313209,0.723223,0.18675,3.15601,0.300487,0,-0.100153,4.67443,-0.122544,100.695,-0.100153,-0.189853,-0.06741807609796524,-0.39077843725681305,0.0986416,999,,,,,,,47,5.222222222,47,5.222222222,,,,,,,,,,,,,,,,,,,"Christian Encarnacion-Strand","30011",687952
"Isiah Kiner-Falefa","BOS",12,50,46,12,9,2,0,0,5,5,3,0,7,1,0,0,,2,1,0.261467,0.0575755,0.148197,0.388506,0.311418,0.337604,0.290387,0.649022,0.0761374,5.36046,0.302299,0,0.0737592,4.86781,-1.07425,79.1458,0.0737592,0.00472648,-1.142463468015194,0.3405289500951767,0.0984772,746.1500244140625,,,,,,,40,3.333333333,40,3.333333333,,,,,,,,,,,,,,,,,,,"Isiah Kiner-Falefa","16512",643396
"Jesse Winker",,10,44,36,8,6,2,0,1,5,5,6,0,9,1,0,0,,0,0,0.232787,0.14011,0.217033,0.64557,0.349862,0.370492,0.324896,0.720354,0.137705,3.73399,0.283105,0,-0.0219799,5.47981,0.280508,105.211,-0.0219799,0,0.2489045150578022,-0.7777777910232544,0.0968127,999,,,,,,,45,4.5,45,4.5,,,,,,,,,,,,,,,,,,,"Jesse Winker","13590",608385
"Edouard Julien","COL",32,140,119,29,20,5,1,3,16,13,19,0,39,1,1,0,,2,1,0.241863,0.134934,0.277451,0.486336,0.348366,0.367541,0.322831,0.715907,0.125678,4.18534,0.332831,0,-0.303088,17.3414,0.66546,89.0386,-0.303088,-1.12386,-2.1638945639133453,-1.4345116317272186,0.0961302,746.0499877929688,,,,,,,152.8,4.775,152.8,4.775,,,,,,,,,,,,,,,,,,,"Edouard Julien","27534",666397
"Mickey Gasper","BOS",7,28,25,6,4,1,0,0,3,3,3,0,5,1,0,0,,0,0,0.242965,0.0980688,0.174809,0.561006,0.329969,0.36206,0.310939,0.692029,0.119095,4.13364,0.283726,0,-0.0205328,3.21105,-0.137246,93.3893,-0.0205328,-0.26352,-0.23778054676949978,0.1809244155883789,0.0954573,999,,,,,,,23.5,3.357142857,23.5,3.357142857,,,,,,,,,,,,,,,,,,,"Mickey Gasper","24759",681508
"Matt Vierling","DET",31,133,121,29,19,6,1,3,15,15,10,0,28,1,1,0,,2,1,0.235711,0.0767021,0.20811,0.368566,0.297149,0.376949,0.296109,0.674098,0.141238,4.87323,0.278675,0,-0.132184,13.6639,-2.2589,87.1211,-0.132184,-0.949475,-2.1448995620012283,-1.678641438484192,0.0944626,999,,,,,,,126.7,4.087096774,126.7,4.087096774,,,,,,,,,,,,,,,,,,,"Matt Vierling","21558",663837
"Christian Moore","LAA",17,72,65,14,10,2,1,2,8,8,7,0,23,0,1,0,,1,1,0.223259,0.0911264,0.323943,0.281304,0.297322,0.353234,0.288833,0.650556,0.129975,5.46888,0.319402,0,-0.0854204,6.98221,-1.65234,81.1354,-0.0854204,0.0448731,-1.6841366589069366,0.03530523553490639,0.0941803,748.3499755859375,,,,,,,63.8,3.752941176,63.8,3.752941176,,,,,,,,,,,,,,,,,,,"Christian Moore","34979",695681
"Justin Foscue","TEX",13,57,51,12,7,3,0,2,7,7,5,0,10,1,0,0,,1,0,0.234627,0.0848771,0.179221,0.473588,0.309868,0.406479,0.315056,0.716347,0.171852,3.68827,0.25752,0,-0.0528706,6.73547,-0.0886124,101.935,-0.0528706,-0.0524239,0.07676095142960548,-1.189923919737339,0.0936503,999,,,,,,,63.6,4.892307692,63.6,4.892307692,,,,,,,,,,,,,,,,,,,"Justin Foscue","27501",679822
"Ryan Mountcastle","BAL",9,40,37,10,6,2,0,1,4,5,2,0,10,0,0,0,,0,0,0.26075,0.0578885,0.245731,0.235577,0.30677,0.432535,0.321222,0.739305,0.171786,3.39783,0.317033,0,0.00372589,4.93587,0.138902,106.248,0.00372589,-0.0100588,0.2979067862033844,-0.8424662109464407,0.089904,748.0900268554688,,,,,,,40.2,4.466666666,40.2,4.466666666,,,,,,,,,,,,,,,,,,,"Ryan Mountcastle","18373",663624
"Alex Jackson","MIN",4,17,16,3,2,1,0,1,2,2,1,0,5,0,0,0,,0,0,0.222325,0.0620833,0.312392,0.198735,0.285019,0.407236,0.302295,0.692254,0.18491,3.69357,0.292568,0,-0.0075494,1.84247,-0.20424,90.8926,-0.0075494,0.119956,-0.19049942446872592,0.4548325538635254,0.0886096,999,,,,,,,16.1,4.025,16.1,4.025,,,,,,,,,,,,,,,,,,,"Alex Jackson","17276",656577
"Graham Pauley","MIA",18,78,70,15,9,4,0,2,9,9,6,0,16,1,0,0,,1,0,0.217828,0.0814844,0.209705,0.388567,0.288145,0.362145,0.287486,0.65029,0.144318,4.53711,0.25584,0,-0.0277056,7.41447,-1.85967,77.5523,-0.0277056,0.489117,-2.147003099322319,0.4795490950345993,0.0872297,999,,,,,,,67.3,3.738888888,67.3,3.738888888,,,,,,,,,,,,,,,,,,,"Graham Pauley","31363",688363
"Elias Díaz","TEX",11,45,41,10,6,2,0,1,4,5,3,0,10,0,0,0,,0,0,0.232185,0.0571733,0.232986,0.245394,0.278548,0.367723,0.283649,0.646271,0.135538,1.56529,0.280864,0,-0.0507825,4.13591,-1.21194,80.1688,-0.0507825,-0.521657,-1.0916889235377312,0.35334283113479614,0.0869495,999,,,,,,,39.2,3.563636363,39.2,3.563636363,,,,,,,,,,,,,,,,,,,"Elias Diaz","11680",553869
"Alika Williams","ATH",6,27,25,6,4,1,0,0,3,3,2,0,6,0,0,0,,0,0,0.245906,0.0596497,0.21734,0.274454,0.29832,0.360032,0.291687,0.658352,0.114126,3.95985,0.30279,0,-0.0659254,2.69082,-0.558743,81.446,-0.0659254,0.30676,-0.6576870977878571,0.5206491947174072,0.0843605,999,,,,,,,17.5,2.916666666,17.5,2.916666666,,,,,,,,,,,,,,,,,,,"Alika Williams","27604",675961
"Zach Dezenzo","HOU",15,63,58,14,9,3,0,2,9,7,5,0,20,1,0,0,,1,0,0.243355,0.0750562,0.313407,0.239485,0.305605,0.393089,0.307749,0.698694,0.149734,4.21164,0.336113,0,0.0200933,7.07795,-0.473407,96.0274,0.0200933,-0.456684,-0.2743352223187685,-1.1532888412475586,0.0838189,999,,,,,,,67.8,4.52,67.8,4.52,,,,,,,,,,,,,,,,,,,"Zach Dezenzo","31562",701305
"Rafael Flores Jr.","PIT",8,32,29,7,5,2,0,1,3,3,3,0,9,0,0,0,,0,0,0.253218,0.0809062,0.286165,0.282725,0.317177,0.400237,0.315949,0.717414,0.147019,3.07377,0.338478,0,-0.00970981,3.77476,-0.0262679,96.0366,-0.00970981,-0.68548,-0.16307017672806978,-0.06356638669967651,0.0819645,999,,,,,,,34.4,4.3,34.4,4.3,,,,,,,,,,,,,,,,,,,"Rafael Flores Jr.","31991",804668
"Davis Schneider","TOR",4,19,16,3,2,1,0,1,2,2,3,0,6,0,0,0,,0,0,0.209025,0.134048,0.291066,0.460542,0.322879,0.387495,0.31707,0.710374,0.17847,4.44741,0.270479,0,-0.00710556,2.27632,0.00162534,102.516,-0.00710556,0.103747,0.04907635226845741,0.05513620004057884,0.0793011,999,,,,,,,22.1,5.525,22.1,5.525,,,,,,,,,,,,,,,,,,,"Davis Schneider","23565",676914
"Gabriel Rincones Jr.","PHI",31,134,119,25,15,6,0,4,17,16,13,0,36,2,1,0,,3,1,0.212966,0.0943879,0.269656,0.350031,0.297005,0.367509,0.294199,0.664513,0.154542,5.03459,0.26751,0,0.0163766,13.5137,-2.47624,81.772,0.0163766,0.787421,-2.9507192578166723,-0.6477640867233276,0.0771909,999,,,,,,,123.9,3.996774193,123.9,3.996774193,,,,,,,,,,,,,,,,,,,"Gabriel Rincones Jr.","31958",687282
"Cam Cauley","TEX",24,103,95,21,12,5,1,2,14,11,7,0,32,0,1,0,,3,1,0.220051,0.0676407,0.311939,0.21684,0.274704,0.37307,0.283554,0.647775,0.153019,7.67127,0.3027,0,0.161536,9.54192,-2.80641,80.1027,0.161536,-1.16598,-2.2499611228704453,-0.6798694729804993,0.0768347,999,,,,,,,85.5,3.5625,85.5,3.5625,,,,,,,,,,,,,,,,,,,"Cam Cauley","29710",695508
"Jorbit Vivas","WSN",20,88,77,18,13,3,0,1,10,8,8,0,12,2,1,0,,1,1,0.233404,0.0923605,0.133189,0.693452,0.321568,0.325705,0.294021,0.647273,0.0923007,4.44456,0.260877,0,-0.178549,8.9063,-1.64704,83.2603,-0.178549,0.222974,-1.9769426584243774,-0.1501745879650116,0.076025,999,,,,,,,71,3.55,71,3.55,,,,,,,,,,,,,,,,,,,"Jorbit Vivas","23917",678391
"Michael Conforto","CHC",28,120,105,23,13,5,0,4,14,13,13,0,33,2,1,0,,0,0,0.219288,0.107677,0.272956,0.394484,0.311903,0.3897,0.3101,0.701604,0.170412,2.93952,0.27536,0,-0.0772556,13.6304,-0.667694,95.7501,-0.0772556,-0.393274,-0.6958448067307472,-2.4543851613998413,0.0758539,999,,,,,,,120.9,4.317857142,120.9,4.317857142,,,,,,,,,,,,,,,,,,,"Michael Conforto","16376",624424
"Andrés Chaparro","WSN",8,35,31,7,4,2,0,1,4,5,3,0,8,0,0,0,,0,0,0.23964,0.0898005,0.239876,0.374363,0.315001,0.419664,0.321561,0.734664,0.180023,3.0551,0.284888,0,-0.0170389,4.28735,0.129978,101.662,-0.0170389,0.259986,0.05331503972411156,-0.45760637521743774,0.0738244,999,,,,,,,32.4,4.05,32.4,4.05,,,,,,,,,,,,,,,,,,,"Andres Chaparro","21797",665953
"Rafael Marchán","PHI",14,56,51,10,7,2,0,1,5,5,4,0,9,1,0,0,,0,0,0.199922,0.0676881,0.151946,0.445476,0.270391,0.295978,0.257081,0.566369,0.0960562,1.32129,0.221156,0,-0.067554,3.98553,-2.73937,56.9699,-0.067554,0.805377,-3.0133621245622635,1.9056857228279114,0.0735146,999,,,,,,,35.2,2.514285714,35.2,2.514285714,,,,,,,,,,,,,,,,,,,"Rafael Marchan","21646",665561
"Blake Dunn","CIN",8,36,31,8,6,1,0,1,5,4,3,0,10,1,0,0,,1,0,0.249567,0.0850942,0.267202,0.318464,0.333285,0.363621,0.313428,0.696906,0.114053,6.10359,0.335719,0,0.0962962,4.18825,-0.103231,91.3999,0.0962962,0.0183286,-0.2794192060828209,-0.16932573728263378,0.0730278,999,,,,,,,40,5,40,5,,,,,,,,,,,,,,,,,,,"Blake Dunn","29487",694362
"Raynel Delgado","HOU",6,26,23,6,4,1,0,0,3,3,2,0,6,0,0,0,,1,0,0.248676,0.078605,0.23288,0.337534,0.316656,0.342033,0.295021,0.65869,0.0933577,5.70195,0.320997,0,0.0350735,2.67674,-0.469663,87.2063,0.0350735,-0.0211542,-0.3600156307220459,0.11063597165048122,0.0698762,999,,,,,,,21.4,3.566666666,21.4,3.566666666,,,,,,,,,,,,,,,,,,,"Raynel Delgado","22272",669384
"Spencer Jones","NYY",6,25,22,5,3,1,0,1,3,4,2,0,9,0,0,0,,1,0,0.237932,0.0842863,0.387408,0.217565,0.30606,0.449332,0.326775,0.755392,0.2114,6.30431,0.356696,0,0.0414304,3.11978,0.195176,109.776,0.0414304,-0.205543,0.3220529593527317,-0.5069320499897003,0.0696977,999,,,,,,,26.2,4.366666666,26.2,4.366666666,,,,,,,,,,,,,,,,,,,"Spencer Jones","31532",682987
"Anthony Seigler","BOS",15,64,55,12,8,3,0,1,8,6,8,0,13,1,0,0,,2,0,0.227534,0.122793,0.206498,0.594646,0.327559,0.350034,0.306127,0.677593,0.122501,5.59369,0.278919,0,0.136808,7.0329,-0.559728,90.0545,0.136808,-1.20791,-0.6043317764997482,-0.9807452708482742,0.0691362,999,,,,,,,61.1,4.073333333,61.1,4.073333333,,,,,,,,,,,,,,,,,,,"Anthony Seigler","23802",678011
"Max Schuemann","NYY",5,22,18,4,3,1,0,0,3,2,3,0,5,1,0,0,,1,0,0.224066,0.115687,0.225395,0.513266,0.333384,0.339517,0.307126,0.6729,0.11545,5.90529,0.283748,0,0.0161956,2.42567,-0.173978,96.1582,0.0161956,-0.15498,-0.08182971552014351,-0.018869146704673767,0.068392,999,,,,,,,21.2,4.24,21.2,4.24,,,,,,,,,,,,,,,,,,,"Max Schuemann","24488",680474
"Myles Straw","TOR",14,60,54,13,9,2,0,1,8,5,5,0,10,0,1,1,,2,0,0.233828,0.0759906,0.172815,0.439723,0.292383,0.319444,0.274121,0.611828,0.0856164,6.26882,0.276546,0,0.158726,5.06553,-2.08351,72.75,0.158726,0.567865,-1.753315046429634,0.27619805932044983,0.0666504,999,,,,,,,52.8,3.771428571,52.8,3.771428571,,,,,,,,,,,,,,,,,,,"Myles Straw","17620",664702
"Ryan Ritter","COL",4,18,16,4,3,1,0,0,3,2,1,0,5,0,0,0,,0,0,0.258127,0.0767809,0.270148,0.284218,0.331436,0.420445,0.330737,0.751881,0.162318,5.86176,0.339741,0,-0.0115031,2.40881,0.206334,94.3213,-0.0115031,0.0961026,-0.13882731460034847,0.18082482367753983,0.0650292,999,,,,,,,12.3,3.075,12.3,3.075,,,,,,,,,,,,,,,,,,,"Ryan Ritter","31500",690022
"Josh Rojas","KCR",7,29,26,6,4,1,0,1,3,3,3,0,6,0,0,0,,1,0,0.23749,0.0976907,0.213743,0.457048,0.313055,0.35875,0.298988,0.671805,0.12126,4.84539,0.292041,0,0.0199616,3.08761,-0.43017,86.3051,0.0199616,-0.0818266,-0.45287533290684223,0.04255615174770355,0.0648192,999,,,,,,,30.8,4.4,30.8,4.4,,,,,,,,,,,,,,,,,,,"Josh Rojas","19734",668942
"Nicky Lopez","TEX",25,109,98,24,20,3,1,0,10,7,8,0,16,1,1,2,,2,1,0.24616,0.0707765,0.146324,0.483698,0.3082,0.307756,0.279146,0.615956,0.0615961,4.78313,0.288784,0,-0.319833,9.65439,-3.34386,77.0477,-0.319833,-0.53676,-3.2479850351810455,-0.011759757995605469,0.0631012,999,,,,,,,78.8,3.152,78.8,3.152,,,,,,,,,,,,,,,,,,,"Nicky Lopez","19339",670032
"Miguel Andujar","SDP",30,131,122,32,21,8,1,3,13,14,7,1,20,1,1,0,,1,1,0.262548,0.0527905,0.149238,0.353734,0.306525,0.408978,0.311055,0.715503,0.14643,3.42569,0.28987,0,-0.184324,14.9709,-0.626996,98.3065,-0.184324,-0.127115,-0.45322227478027344,-3.1993369460105896,0.0609018,722.9099731445312,,,,,,,137.4,4.58,137.4,4.58,,,,,,,,,,,,,,,,,,,"Miguel Andujar","15878",609280
"Shay Whitcomb","HOU",4,16,14,3,2,1,0,1,2,2,1,0,5,0,0,0,,0,0,0.228427,0.06896,0.309808,0.22259,0.288983,0.412028,0.305112,0.701012,0.183601,4.87646,0.293404,0,0.0163546,1.73564,-0.152205,94.2004,0.0163546,0.105221,-0.0911057349294424,0.10522089712321758,0.0584922,999,,,,,,,18.1,4.525,18.1,4.525,,,,,,,,,,,,,,,,,,,"Shay Whitcomb","27789",694376
"Will Wagner","SDP",12,52,45,11,8,2,0,1,6,5,6,0,9,0,0,0,,0,0,0.251185,0.106428,0.173301,0.614124,0.336922,0.357446,0.312151,0.694367,0.106261,3.17034,0.296391,0,-0.106415,5.97199,-0.202178,99.0385,-0.106415,0.0403085,-0.1668466553092003,-0.941635899245739,0.058235,999,,,,,,,49.8,4.15,49.8,4.15,,,,,,,,,,,,,,,,,,,"Will Wagner","29634",695238
"Jace Jung","DET",3,14,12,3,2,1,0,0,2,2,2,0,3,0,0,0,,0,0,0.22729,0.122205,0.251327,0.486239,0.324618,0.392436,0.317962,0.717054,0.165146,3.45842,0.281548,0,-0.0240754,1.6358,0.0110237,102.267,-0.0240754,0.0647664,0.01206924207508564,0.055044133216142654,0.0559026,999,,,,,,,13.7,4.566666666,13.7,4.566666666,,,,,,,,,,,,,,,,,,,"Jace Jung","31437",690291
"Brandon Lockridge","MIL",4,16,15,4,3,1,0,0,2,2,1,0,4,0,0,0,,1,0,0.254524,0.0845614,0.261526,0.323339,0.324014,0.348571,0.301828,0.672585,0.0940476,7.07496,0.347992,0,0.116554,1.74898,-0.200753,89.2006,0.116554,0.167499,-0.09779643267393112,0.10916576161980629,0.0549557,999,,,,,,,15.2,3.8,15.2,3.8,,,,,,,,,,,,,,,,,,,"Brandon Lockridge","21496",663604
"Blake Perkins","MIL",6,27,24,5,3,1,0,0,4,3,3,0,7,0,0,0,,1,0,0.215915,0.103904,0.261725,0.396998,0.301832,0.329202,0.285069,0.631033,0.113287,5.94135,0.286367,0,0.0214146,2.54452,-0.705045,78.0019,0.0214146,0.257071,-0.7062928676605225,0.354293629527092,0.0540628,999,,,,,,,17.8,2.966666666,17.8,2.966666666,,,,,,,,,,,,,,,,,,,"Blake Perkins","19921",663368
"Brian Navarreto","MIA",7,29,27,6,4,1,0,0,3,3,2,0,7,0,0,0,,0,0,0.209468,0.0582713,0.24582,0.237049,0.261326,0.314202,0.256358,0.575528,0.104734,4.01328,0.264912,0,-0.00773955,2.06215,-1.44649,56.7523,-0.00773955,0.528765,-1.5524556711316109,1.1028392910957336,0.0513362,999,,,,,,,15.5,2.214285714,15.5,2.214285714,,,,,,,,,,,,,,,,,,,"Brian Navarreto","16398",640459
"Thomas Saggese","STL",7,30,28,7,5,1,0,1,4,3,2,0,8,0,0,0,,0,0,0.241216,0.0617605,0.269282,0.229353,0.295617,0.358228,0.289801,0.653845,0.117013,4.38548,0.318083,0,-0.0640601,2.9603,-0.670958,82.5372,-0.0640601,0.0895621,-0.7095902562141418,0.21795712411403656,0.0504689,999,,,,,,,29.5,4.214285714,29.5,4.214285714,,,,,,,,,,,,,,,,,,,"Thomas Saggese","27883",695336
"Tyrone Taylor","NYM",10,43,39,9,5,2,0,1,5,5,2,0,9,1,0,0,,1,0,0.230437,0.046817,0.217156,0.215592,0.280092,0.396497,0.294178,0.676589,0.16606,5.76455,0.271054,0,-0.00756003,4.32366,-0.793112,86.5978,-0.00756003,0.110973,-0.7056602383963764,-0.19519994407892227,0.0500606,999,,,,,,,37.5,3.75,37.5,3.75,,,,,,,,,,,,,,,,,,,"Tyrone Taylor","13675",621438
"Edgar Quero","CHW",12,46,41,10,8,1,0,1,4,5,4,0,9,1,1,0,,0,0,0.234822,0.0831754,0.199404,0.417121,0.306773,0.321354,0.28395,0.628126,0.0865318,1.38009,0.281428,0,-0.0884099,4.30043,-1.24549,78.6873,-0.0884099,-0.338671,-1.2485087141394615,0.07614412903785706,0.0490255,475.1000061035156,,,,,,,42.3,3.525,42.3,3.525,,,,,,,,,,,,,,,,,,,"Edgar Quero","28022",700337
"Jett Williams","MIL",4,19,17,4,2,1,0,0,3,2,2,0,5,0,0,0,,1,0,0.228745,0.101604,0.270945,0.375,0.314286,0.396761,0.313674,0.711047,0.168016,7.30401,0.301205,0,-0.000201252,2.22377,-0.0509204,97.1159,-0.000201252,-0.188519,-0.06698541076912079,-0.08157464861869812,0.0477427,999,,,,,,,16.2,4.05,16.2,4.05,,,,,,,,,,,,,,,,,,,"Jett Williams","sa3020134",702518
"Lourdes Gurriel Jr.","ARI",45,196,181,46,31,9,1,5,19,25,11,0,32,2,2,0,,2,1,0.255038,0.0569361,0.164559,0.345992,0.303844,0.399248,0.307248,0.703093,0.144211,3.89202,0.282068,0,-0.0298374,21.8504,-1.54643,91.1088,-0.0298374,0.0475984,-2.147524105384946,-3.763512548059225,0.0476259,689.0700073242188,,,,,,,195.4,4.342222222,195.4,4.342222222,,,,,,,,,,,,,,,,,,,"Lourdes Gurriel Jr.","19238",666971
"Jacob Melton","TBR",8,36,33,7,5,1,0,1,5,4,3,0,10,0,0,0,,2,0,0.218935,0.0733696,0.277174,0.264706,0.279891,0.366864,0.285501,0.646755,0.147929,6.34176,0.278761,0,0.127545,3.37299,-0.918495,79.127,0.127545,0.161032,-0.7516293823719025,-0.06612822413444519,0.0469842,727.5700073242188,,,,,,,31.3,3.9125,31.3,3.9125,,,,,,,,,,,,,,,,,,,"Jacob Melton","31661",689200
"Mark Vientos","NYM",17,75,69,17,10,3,0,3,8,11,5,0,19,1,0,0,,0,0,0.239994,0.0661959,0.258344,0.256231,0.296465,0.430838,0.315859,0.727303,0.190844,2.55571,0.285163,0,-0.0654288,8.887,-0.0673508,101.085,-0.0654288,-0.558024,0.03349053114652634,-2.0123454332351685,0.0468991,652.5700073242188,,,,,,,81.1,4.770588235,81.1,4.770588235,,,,,,,,,,,,,,,,,,,"Mark Vientos","22184",668901
"Kameron Misner","KCR",3,13,12,3,2,1,0,0,2,1,1,0,4,0,0,0,,1,0,0.217847,0.106392,0.31504,0.337709,0.305039,0.365504,0.29875,0.670543,0.147657,6.6135,0.308782,0,0.0410141,1.40088,-0.198114,86.1405,0.0410141,0.0966184,-0.17649450153112411,0.14445795118808746,0.0450917,999,,,,,,,12.6,4.2,12.6,4.2,,,,,,,,,,,,,,,,,,,"Kameron Misner","26374",670224
"Tommy Troy","ARI",11,49,44,10,7,2,0,1,5,5,4,0,11,1,0,0,,1,0,0.233159,0.0800787,0.225957,0.354397,0.302304,0.347122,0.290402,0.649427,0.113963,4.9969,0.290524,0,0.00574809,4.79234,-1.05687,79.8523,0.00574809,0.138377,-1.1939396252855659,0.04115437716245651,0.0447851,999,,,,,,,44.1,4.009090909,44.1,4.009090909,,,,,,,,,,,,,,,,,,,"Tommy Troy","33279",694371
"Ronny Mauricio","NYM",3,13,12,3,2,1,0,0,2,1,1,0,3,0,0,0,,0,0,0.237546,0.0560871,0.258583,0.216901,0.283531,0.387771,0.291132,0.671302,0.150225,4.88885,0.293187,0,0.015616,1.31801,-0.280982,84.5622,0.015616,0.136571,-0.23567497730255127,0.22268220782279968,0.0428116,999,,,,,,,10.7,3.566666666,10.7,3.566666666,,,,,,,,,,,,,,,,,,,"Ronny Mauricio","23698",677595
"Drew Romo","CHW",15,58,53,11,7,2,0,1,5,6,4,0,14,1,0,0,,0,0,0.204055,0.061523,0.249118,0.246964,0.260376,0.324813,0.260154,0.585188,0.120758,3.37352,0.25136,0,-0.0743731,4.25918,-2.68265,62.195,-0.0743731,-0.139441,-2.6501432731747627,0.9963612407445908,0.0425133,999,,,,,,,38.8,2.586666666,38.8,2.586666666,,,,,,,,,,,,,,,,,,,"Drew Romo","27763",691011
"Brewer Hicklen","ATL",4,17,15,3,2,1,0,1,2,2,1,0,6,0,0,0,,1,0,0.218527,0.0894199,0.351386,0.254478,0.305808,0.389751,0.307213,0.695559,0.171224,6.88456,0.316977,0,0.0891922,1.8493,-0.131386,91.5913,0.0891922,0.0981372,-0.08035548031330109,-0.04013437032699585,0.0424691,999,,,,,,,19,4.75,19,4.75,,,,,,,,,,,,,,,,,,,"Brewer Hicklen","20450",676551
"Wenceel Pérez","DET",13,57,52,12,7,2,1,2,7,7,5,0,12,0,0,0,,1,0,0.224043,0.079486,0.206695,0.384557,0.290122,0.377027,0.293984,0.667149,0.152984,6.19649,0.259118,0,-0.00181591,5.75732,-1.06676,85.6481,-0.00181591,-0.0960111,-0.9630656825611368,-0.6696221753954887,0.0410882,748.5399780273438,,,,,,,62.4,4.8,62.4,4.8,,,,,,,,,,,,,,,,,,,"Wenceel Perez","22857",672761
"Christian Koss","SFG",3,14,12,3,2,1,0,0,2,1,1,0,3,0,0,0,,0,0,0.248332,0.0488621,0.221268,0.220828,0.29736,0.36416,0.292605,0.66152,0.115828,4.96596,0.306599,0,-0.0189533,1.35555,-0.269232,84.6522,-0.0189533,0.127659,-0.27280920185148716,0.21515855938196182,0.0390051,999,,,,,,,10.7,3.566666666,10.7,3.566666666,,,,,,,,,,,,,,,,,,,"Christian Koss","27653",683766
"Moisés Ballesteros","CHC",9,38,34,9,6,1,0,1,4,5,3,0,7,0,0,0,,0,0,0.259475,0.0811612,0.178529,0.454611,0.321944,0.394464,0.314578,0.716408,0.134989,2.71603,0.295119,0,-0.0671515,4.42073,-0.0729477,98.7427,-0.0671515,0.000835556,-0.12466617673635483,-0.7186088980524801,0.0386917,594.3599853515625,,,,,,,37.7,4.188888888,37.7,4.188888888,,,,,,,,,,,,,,,,,,,"Moises Ballesteros","28820",694208
"Brett Sullivan","COL",16,63,57,13,8,3,1,1,7,7,4,0,10,0,1,0,,1,0,0.235096,0.0679668,0.165297,0.41118,0.290003,0.378082,0.292956,0.668084,0.142985,4.8882,0.264312,0,-0.119404,6.25793,-1.22151,69.0757,-0.119404,-0.419728,-2.4739915132522583,0.8040370941162109,0.0374498,999,,,,,,,53.5,3.34375,53.5,3.34375,,,,,,,,,,,,,,,,,,,"Brett Sullivan","18217",664954
"Drew Millas","WSN",4,17,15,4,3,1,0,0,2,2,1,0,3,0,0,0,,0,0,0.228155,0.0819791,0.198843,0.412281,0.296302,0.33568,0.281913,0.631982,0.107524,5.20747,0.274519,0,-0.0110946,1.5587,-0.488003,75.1693,-0.0110946,0.00191364,-0.5284515544772148,0.33679018064867705,0.0370904,999,,,,,,,13.3,3.325,13.3,3.325,,,,,,,,,,,,,,,,,,,"Drew Millas","25643",686452
"Tsung-Che Cheng","BOS",8,36,31,7,5,1,0,0,4,4,3,0,9,0,0,1,,1,1,0.221097,0.0933046,0.253179,0.368531,0.298294,0.314031,0.276997,0.612325,0.0929338,5.7424,0.296865,0,-0.0829254,3.12474,-1.16674,69.8653,-0.0829254,0.101154,-1.3522054329514503,0.4270799458026886,0.0361215,999,,,,,,,19.2,2.4,19.2,2.4,,,,,,,,,,,,,,,,,,,"Tsung-Che Cheng","28344",691907
"Agustín Ramírez","MIA",7,29,26,6,4,1,0,1,4,4,2,0,6,0,0,0,,1,0,0.242587,0.0774767,0.204983,0.377967,0.308534,0.416218,0.315782,0.724753,0.173631,5.04111,0.276473,0,0.0401207,3.40791,-0.027636,96.4598,0.0401207,-0.108858,-0.0836927630007267,-0.501142293214798,0.0356384,86.8499984741211,,,,,,,27.8,3.971428571,27.8,3.971428571,,,,,,,,,,,,,,,,,,,"Agustin Ramirez","26546",682663
"Luis Rengifo","SDP",6,27,25,6,4,1,0,0,3,3,2,0,5,0,0,0,,1,0,0.238643,0.0724537,0.167239,0.433234,0.29801,0.343933,0.285652,0.641943,0.10529,4.67878,0.273075,0,-0.0377011,2.5574,-0.692161,81.3316,-0.0377011,0.0136342,-0.6552581042051315,0.11085646040737629,0.0345968,644.9299926757812,,,,,,,19.4,3.233333333,19.4,3.233333333,,,,,,,,,,,,,,,,,,,"Luis Rengifo","19858",650859
"Joey Wiemer","WSN",7,29,26,6,4,1,0,1,3,3,3,0,9,0,0,0,,1,0,0.217289,0.0915058,0.303624,0.301378,0.297156,0.359658,0.291957,0.656814,0.142369,5.32362,0.296396,0,0.019289,2.91937,-0.598406,81.881,0.019289,0.210457,-0.629568163305521,0.009531036019325256,0.0343463,999,,,,,,,30.8,4.4,30.8,4.4,,,,,,,,,,,,,,,,,,,"Joey Wiemer","27690",686894
"Michael Helman","TEX",3,14,12,3,2,1,0,0,2,2,1,0,3,0,0,0,,0,0,0.217803,0.0576173,0.231573,0.248808,0.275785,0.372302,0.284703,0.648086,0.154499,6.46912,0.25815,0,0.0306178,1.26821,-0.356566,80.899,0.0306178,0.0987526,-0.273985480889678,0.12791925482451916,0.0343345,999,,,,,,,10.7,3.566666666,10.7,3.566666666,,,,,,,,,,,,,,,,,,,"Michael Helman","24605",680737
"Javier Báez","DET",12,52,49,12,8,2,0,1,6,6,2,0,12,1,0,0,,1,0,0.235341,0.0344038,0.235505,0.146086,0.269148,0.365663,0.277403,0.634811,0.130321,5.19187,0.286415,0,0.0331094,4.51261,-1.66155,74.1562,0.0331094,-0.455638,-1.5329840518534184,0.020751357078552246,0.0336301,740.6500244140625,,,,,,,44.3,3.691666666,44.3,3.691666666,,,,,,,,,,,,,,,,,,,"Javier Baez","12979",595879
"Buddy Kennedy","SEA",2,8,7,2,1,0,0,0,1,1,1,0,2,0,0,0,,0,0,0.227255,0.100786,0.202474,0.497772,0.315452,0.347648,0.297723,0.663101,0.120393,4.11628,0.274317,0,-0.0149886,0.833818,-0.125576,95.1321,-0.0149886,0.0753732,-0.06082586944103241,0.10407692193984985,0.0333756,999,,,,,,,7.2,3.6,7.2,3.6,,,,,,,,,,,,,,,,,,,"Buddy Kennedy","22505",671083
"Tanner Murray","CHW",4,17,15,4,2,1,0,0,2,2,1,0,4,0,0,0,,0,0,0.236818,0.0499954,0.230735,0.216679,0.281649,0.357262,0.280929,0.638911,0.120444,3.29307,0.291481,0,-0.0264445,1.49516,-0.485524,76.5934,-0.0264445,0.191661,-0.48147178068757057,0.21141453459858894,0.0325479,999,,,,,,,13.3,3.325,13.3,3.325,,,,,,,,,,,,,,,,,,,"Tanner Murray","28848",695020
"Walker Jenkins","MIN",3,13,12,3,2,1,0,0,2,2,1,0,3,0,0,0,,0,0,0.24269,0.0953608,0.213918,0.445783,0.324742,0.383041,0.314519,0.707783,0.140351,5.70441,0.295276,0,0.015,1.57239,-0.0265983,99.365,0.015,-0.170674,0.0050346143543720245,-0.16110625863075256,0.0325427,999,,,,,,,10.7,3.566666666,10.7,3.566666666,,,,,,,,,,,,,,,,,,,"Walker Jenkins","sa3022894",805805
"Bo Naylor","CLE",2,7,6,1,1,0,0,0,1,1,1,0,2,0,0,0,,0,0,0.207955,0.102936,0.237025,0.434281,0.291941,0.38211,0.297074,0.674051,0.174155,3.16665,0.241226,0,-0.0117757,0.75848,-0.118681,89.2487,-0.0117757,0.0117373,-0.10433572717010975,0.15525583643466234,0.0316658,574.2899780273438,,,,,,,2.6,1.3,2.6,1.3,,,,,,,,,,,,,,,,,,,"Bo Naylor","21865",666310
"Nick Sogard","BOS",4,17,15,4,3,1,0,0,2,2,2,0,3,0,0,0,,0,0,0.244374,0.106646,0.200049,0.533101,0.329853,0.338379,0.302577,0.668232,0.0940052,4.81861,0.304447,0,-0.00740588,1.78683,-0.193854,87.5938,-0.00740588,-0.0788761,-0.2485845754854381,-0.03936997056007385,0.0307372,999,,,,,,,16.3,4.075,16.3,4.075,,,,,,,,,,,,,,,,,,,"Nick Sogard","25483",686765
"Luke Maile","KCR",2,7,6,1,1,0,0,0,1,1,1,0,2,0,0,0,,0,0,0.228713,0.104941,0.273384,0.383858,0.322652,0.353014,0.304977,0.675666,0.124301,3.29557,0.305552,0,0.00696229,0.805632,-0.0715283,90.4559,0.00696229,-0.0295084,-0.07520512398332357,0.11401009745895863,0.0304401,999,,,,,,,2.6,1.3,2.6,1.3,,,,,,,,,,,,,,,,,,,"Luke Maile","13355",571912
"Sam Huff","BAL",2,7,7,1,1,0,0,0,1,1,1,0,3,0,0,0,,0,0,0.219006,0.0760214,0.351443,0.216312,0.281404,0.370563,0.286122,0.651966,0.151557,1.92227,0.316152,0,-0.00825237,0.693133,-0.184027,81.9224,-0.00825237,0.0510743,-0.16388601437211037,0.19459283351898193,0.0296208,999,,,,,,,1.6,0.8,1.6,0.8,,,,,,,,,,,,,,,,,,,"Sam Huff","22209",669087
"Jim Jarvis","ATL",20,88,81,19,14,4,0,1,11,8,5,0,15,2,1,0,,2,1,0.234738,0.0518634,0.171772,0.301932,0.288424,0.312458,0.269159,0.600882,0.0777202,5.02104,0.28046,0,-0.123889,7.12848,-3.43517,66.1634,-0.123889,0.249221,-3.7625910192728043,1.157862827181816,0.0279882,999,,,,,,,68.4,3.42,68.4,3.42,,,,,,,,,,,,,,,,,,,"Jim Jarvis","33492",805347
"John Rave","KCR",6,24,21,5,3,1,0,1,3,2,2,0,6,0,0,0,,1,0,0.23504,0.0939628,0.265051,0.354508,0.311211,0.391322,0.30984,0.702534,0.156282,6.88622,0.307137,0,0.0340785,2.73869,-0.139492,93.8263,0.0340785,-0.036947,-0.14032260328531265,-0.44836677238345146,0.0274397,999,,,,,,,27.2,4.533333333,27.2,4.533333333,,,,,,,,,,,,,,,,,,,"John Rave","26284",670231
"Gabriel Gonzalez","MIN",2,8,7,2,1,0,0,0,1,1,1,0,1,0,0,0,,0,0,0.273217,0.0623963,0.17532,0.355899,0.330463,0.420319,0.329373,0.750782,0.147103,3.86038,0.316546,0,-0.0144456,1.04037,0.0809752,109.659,-0.0144456,-0.00756931,0.0765093807131052,-0.09368042787536979,0.0272625,999,,,,,,,7.2,3.6,7.2,3.6,,,,,,,,,,,,,,,,,,,"Gabriel Gonzalez","28833",694224
"Jorge Barrosa","ARI",8,35,32,7,4,2,0,0,4,3,3,0,8,0,0,0,,0,0,0.220913,0.0831515,0.236373,0.351781,0.290261,0.337767,0.279864,0.628028,0.116855,4.96341,0.282994,0,-0.0697474,3.15831,-1.06611,72.8108,-0.0697474,0.460857,-1.2390050515532494,0.3539123833179474,0.0270306,999,,,,,,,22,2.75,22,2.75,,,,,,,,,,,,,,,,,,,"Jorge Barrosa","23968",678489
"Weston Wilson","SEA",4,16,14,3,2,1,0,1,2,2,2,0,5,0,0,0,,0,0,0.204933,0.098835,0.306425,0.322542,0.287612,0.35264,0.2848,0.640252,0.147707,5.30188,0.271125,0,0.00351495,1.49897,-0.419815,86.1762,0.00351495,-0.0303937,-0.25682266941294074,-0.049529459327459335,0.0270049,999,,,,,,,21.1,5.275,21.1,5.275,,,,,,,,,,,,,,,,,,,"Weston Wilson","19358",642215
"Mike Tauchman","NYM",3,13,12,3,2,1,0,0,2,1,2,0,3,0,0,0,,0,0,0.236527,0.121134,0.244845,0.494737,0.337629,0.371257,0.31794,0.708886,0.134731,3.92625,0.301724,0,-0.0134369,1.60959,0.0106041,102.475,-0.0134369,0.0238899,0.026858288794755936,-0.1961718276143074,0.0269961,999,,,,,,,13.7,4.566666666,13.7,4.566666666,,,,,,,,,,,,,,,,,,,"Mike Tauchman","15274",643565
"David Fry","CLE",16,67,59,12,7,3,0,2,7,8,6,0,19,1,0,0,,0,0,0.210101,0.097697,0.28161,0.346923,0.29764,0.374602,0.297279,0.672242,0.164501,3.38601,0.264641,0,-0.017038,6.87686,-1.06327,89.3903,-0.017038,-0.0500144,-0.8438609670847654,-1.2651378959417343,0.0266334,999,,,,,,,56.7,3.54375,56.7,3.54375,,,,,,,,,,,,,,,,,,,"David Fry","24934",681807
"Jhonny Pereda","SEA",2,7,7,2,1,0,0,0,1,1,1,0,2,0,0,0,,0,0,0.240998,0.0956737,0.232149,0.412121,0.316703,0.325648,0.291104,0.642351,0.0846494,2.15915,0.309125,0,-0.00632035,0.722857,-0.154303,90.5451,-0.00632035,-0.0552343,-0.08771946607157588,0.08828417956829071,0.0265712,999,,,,,,,7.2,3.6,7.2,3.6,,,,,,,,,,,,,,,,,,,"Jhonny Pereda","19802",640902
"Triston Casas","BOS",3,11,10,2,1,0,0,0,1,1,1,0,3,0,0,0,,0,0,0.23871,0.128134,0.253482,0.505494,0.339833,0.425806,0.335297,0.765639,0.187097,0.932952,0.291262,0,-0.0151423,1.48512,0.16466,110.271,-0.0151423,-0.0236522,0.117968225851655,-0.2606892082840204,0.0254741,746.0599975585938,,,,,,,4.2,1.4,4.2,1.4,,,,,,,,,,,,,,,,,,,"Triston Casas","22514",671213
"Darell Hernaiz","ATH",2,8,7,2,1,0,0,0,1,1,1,0,1,0,0,0,,0,0,0.257254,0.0789656,0.147322,0.536007,0.320466,0.354921,0.301805,0.675387,0.0976668,4.75391,0.295005,0,-0.0021983,0.874338,-0.10053,88.458,-0.0021983,0.0196102,-0.11263442039489746,0.06822134740650654,0.0249741,999,,,,,,,7.2,3.6,7.2,3.6,,,,,,,,,,,,,,,,,,,"Darell Hernaiz","26224",687231
"Luis Lara","MIL",29,125,111,24,18,5,1,0,13,10,12,0,27,2,1,0,,5,2,0.219642,0.0929344,0.214306,0.433653,0.304749,0.288487,0.272958,0.593236,0.0688454,5.6686,0.284093,0,0.0276511,10.4734,-4.47462,69.9095,0.0276511,1.54146,-4.551215907558799,0.7053488492965698,0.0234091,999,,,,,,,89.5,3.086206896,89.5,3.086206896,,,,,,,,,,,,,,,,,,,"Luis Lara","30675",800325
"Thairo Estrada",,3,11,10,2,2,0,0,0,1,1,0,0,2,0,0,0,,0,0,0.241935,0.0401003,0.200501,0.2,0.285714,0.370968,0.288739,0.656682,0.129032,4.61129,0.280702,0,-0.0147422,1.05026,-0.249565,80.61,-0.0147422,0.0789091,-0.2667128974571824,0.11779798194766045,0.0225139,999,,,,,,,1.2,0.4,1.2,0.4,,,,,,,,,,,,,,,,,,,"Thairo Estrada","16426",642731
"Will Benson","CIN",2,8,7,2,1,0,0,0,1,1,1,0,3,0,0,0,,0,0,0.225741,0.113923,0.302382,0.376752,0.320136,0.418189,0.32352,0.738325,0.192448,6.15999,0.297289,0,-0.00446062,1.03451,0.0441632,98.1434,-0.00446062,0.0249438,-0.02317842422053218,-0.02443893998861313,0.0225121,999,,,,,,,7.2,3.6,7.2,3.6,,,,,,,,,,,,,,,,,,,"Will Benson","21853",666181
"Grant McCray","SFG",4,16,15,3,2,1,0,0,2,2,1,0,5,0,0,0,,1,0,0.227462,0.0791031,0.30105,0.262758,0.294485,0.365137,0.291942,0.659622,0.137675,7.56689,0.313794,0,0.0508425,1.61787,-0.331864,84.2096,0.0508425,-0.029269,-0.2625694200396538,-0.04871348664164543,0.0223119,999,,,,,,,9.6,2.4,9.6,2.4,,,,,,,,,,,,,,,,,,,"Grant McCray","25690",687529
"Christian Cairo","PHI",4,19,16,4,3,1,0,0,2,2,2,0,5,0,0,0,,1,0,0.214085,0.0960591,0.26601,0.361111,0.30198,0.298592,0.274828,0.600572,0.084507,6.9404,0.295547,0,0.0351977,1.59694,-0.641643,68.8283,0.0351977,0.174375,-0.6751652806997299,0.2796219140291214,0.0217582,999,,,,,,,17.2,4.3,17.2,4.3,,,,,,,,,,,,,,,,,,,"Christian Cairo","sa3010028",686551
"Dustin Harris","SDP",3,14,12,3,2,1,0,0,2,1,1,0,3,0,0,0,,1,0,0.248534,0.084482,0.22311,0.378657,0.31991,0.380885,0.309423,0.700795,0.13235,6.65429,0.306453,0,0.0435547,1.54143,-0.0833555,97.2157,0.0435547,-0.0800326,-0.0024989545345306396,-0.22586597502231598,0.0217334,999,,,,,,,12.6,4.2,12.6,4.2,,,,,,,,,,,,,,,,,,,"Dustin Harris","25705",687957
"Charles McAdoo","TOR",2,8,7,2,1,0,0,0,1,1,1,0,2,0,0,0,,0,0,0.228533,0.0715379,0.300389,0.238151,0.288467,0.381402,0.294373,0.669869,0.152869,5.8466,0.305396,0,0.0179581,0.825053,-0.149815,86.786,0.0179581,-0.000545933,-0.1084755677729845,0.028620736149605364,0.0213883,999,,,,,,,7.2,3.6,7.2,3.6,,,,,,,,,,,,,,,,,,,"Charles McAdoo","33323",807727
"Reese McGuire","CHW",3,12,11,2,2,0,0,0,1,1,1,0,3,0,0,0,,0,0,0.218714,0.0559905,0.222906,0.251185,0.272265,0.328841,0.267857,0.601106,0.110127,2.25663,0.26231,0,-0.00514371,0.989282,-0.496231,66.4015,-0.00514371,0.0464958,-0.5041243829764426,0.28955134376883507,0.0212397,999,,,,,,,3.2,1.066666666,3.2,1.066666666,,,,,,,,,,,,,,,,,,,"Reese McGuire","15674",624512
"Brett Harris","BOS",2,8,7,2,1,0,0,0,1,1,1,0,2,0,0,0,,0,0,0.2378,0.0927845,0.190373,0.487382,0.325194,0.359681,0.308077,0.684875,0.121881,4.24252,0.280372,0,-0.00847734,0.930471,-0.0598714,91.406,-0.00847734,0.0922206,-0.09201116859912872,0.003331705927848816,0.0209633,999,,,,,,,7.2,3.6,7.2,3.6,,,,,,,,,,,,,,,,,,,"Brett Harris","29788",695391
"Leo Rivas","SEA",1,5,4,1,1,0,0,0,1,0,1,0,1,0,0,0,,0,0,0.208016,0.140202,0.256728,0.546109,0.329609,0.293999,0.29097,0.623608,0.085983,6.30598,0.283463,0,0.0181134,0.526499,-0.113097,90.452,0.0181134,0.0180375,-0.04182415269315243,0.05630911514163017,0.0207987,999,,,,,,,4.6,4.6,4.6,4.6,,,,,,,,,,,,,,,,,,,"Leo Rivas","21009",660844
"Petey Halpin","CLE",4,19,17,4,3,1,0,0,2,2,1,0,6,0,0,0,,0,0,0.219424,0.0713688,0.301752,0.236515,0.278199,0.337958,0.2736,0.616157,0.118534,6.6396,0.305318,0,0.0212857,1.57825,-0.660335,72.9797,0.0212857,0.0801312,-0.5723878964781761,0.10883491486310959,0.020767,999,,,,,,,11.3,2.825,11.3,2.825,,,,,,,,,,,,,,,,,,,"Petey Halpin","27931",690984
"Randal Grichuk","CHW",10,41,39,9,5,2,0,2,5,5,2,0,9,0,0,0,,0,0,0.234733,0.0547294,0.222336,0.246156,0.281397,0.419738,0.302294,0.701136,0.185005,3.01496,0.265602,0,-0.0620751,4.45756,-0.494147,91.4012,-0.0620751,-0.0369474,-0.4799806848168373,-0.7974412180483341,0.0204353,999,,,,,,,42,4.2,42,4.2,,,,,,,,,,,,,,,,,,,"Randal Grichuk","10243",545341
"Kristian Campbell","BOS",2,8,7,2,1,0,0,0,1,1,1,0,2,0,0,0,,0,0,0.244399,0.0982143,0.258929,0.37931,0.335714,0.370672,0.317738,0.706386,0.126273,4.60803,0.324405,0,-0.0100539,0.995553,0.00521094,98.1017,-0.0100539,-0.0556522,-0.028505326248705387,-0.06552871316671371,0.0204215,746.1400146484375,,,,,,,7.2,3.6,7.2,3.6,,,,,,,,,,,,,,,,,,,"Kristian Campbell","33644",692225
"Max Anderson","DET",1,5,5,1,1,0,0,0,1,1,0,0,1,0,0,0,,0,0,0.252016,0.047081,0.177024,0.265957,0.293785,0.403226,0.301572,0.697011,0.15121,3.59851,0.28133,0,-0.0106356,0.581862,-0.06805,90.9071,-0.0106356,0.052,-0.06863715685904026,0.0714444424957037,0.019929,999,,,,,,,0.6,0.6,0.6,0.6,,,,,,,,,,,,,,,,,,,"Max Anderson","sa3022567",801194
"Ryan Ward","LAD",2,8,7,2,1,0,0,0,1,1,1,0,2,0,0,0,,0,0,0.227902,0.0782633,0.259157,0.301991,0.290692,0.43284,0.31237,0.723533,0.204939,4.83509,0.266155,0,-0.00672968,0.929409,-0.0299847,96.0029,-0.00672968,0.0783164,-0.04576735245063901,-0.0269305557012558,0.0191206,999,,,,,,,7.2,3.6,7.2,3.6,,,,,,,,,,,,,,,,,,,"Ryan Ward","27449",669899
"Rikuu Nishida","CHW",3,14,12,3,3,0,0,0,2,1,1,0,2,0,0,0,,1,0,0.240409,0.0931518,0.155818,0.597826,0.325868,0.275034,0.27971,0.600903,0.0346252,6.07539,0.291276,0,0.000191866,1.23229,-0.418283,75.7489,0.000191866,0.154859,-0.39267760630173143,0.08572287857532501,0.0188365,999,,,,,,,9.7,3.233333333,9.7,3.233333333,,,,,,,,,,,,,,,,,,,"Rikuu Nishida","33795",807747
"Lenyn Sosa","TOR",13,54,51,12,8,3,0,2,6,7,2,0,12,0,0,0,,0,0,0.241819,0.0385729,0.224953,0.171471,0.274223,0.393136,0.289871,0.667358,0.151317,2.72012,0.284189,0,-0.0963207,5.30132,-1.1978,83.6657,-0.0963207,-0.466494,-1.1382476016879082,-0.6220496743917465,0.0183551,487.05999755859375,,,,,,,49.7,3.823076923,49.7,3.823076923,,,,,,,,,,,,,,,,,,,"Lenyn Sosa","22896",672820
"Zach Cole","HOU",2,8,7,1,1,0,0,0,1,1,1,0,3,0,0,0,,0,0,0.209869,0.0873649,0.40365,0.216437,0.290927,0.397113,0.300771,0.68804,0.187244,6.75759,0.329717,0,0.0048794,0.839942,-0.103978,91.1915,0.0048794,0.00865927,-0.0767266470938921,-0.03840863145887852,0.0168834,743.5999755859375,,,,,,,1.6,0.8,1.6,0.8,,,,,,,,,,,,,,,,,,,"Zach Cole","31583",805904
"Heston Kjerstad","BAL",2,11,10,2,2,0,0,0,1,1,1,0,3,0,0,0,,0,0,0.242424,0.0648379,0.261845,0.247619,0.306733,0.402204,0.310381,0.708937,0.15978,4.30659,0.305221,0,-0.0138274,1.22191,-0.0572846,98.7354,-0.0138274,0,-0.02970435842871666,-0.1913580298423767,0.0163008,999,,,,,,,4.2,2.1,4.2,2.1,,,,,,,,,,,,,,,,,,,"Heston Kjerstad","31166",677008
"Oliver Dunn","TBR",1,6,5,1,1,0,0,0,1,1,1,0,2,0,0,0,,0,0,0.215065,0.0906223,0.335885,0.269802,0.295455,0.344105,0.286392,0.639559,0.12904,6.09452,0.319593,0,0.00903958,0.522926,-0.137303,79.745,0.00903958,0.0643521,-0.1222136914730072,0.08410513773560524,0.0161013,999,,,,,,,3.6,3.6,3.6,3.6,,,,,,,,,,,,,,,,,,,"Oliver Dunn","26295",686554
"Nolan Jones","CHW",1,6,5,1,1,0,0,0,1,1,1,0,2,0,0,0,,0,0,0.240409,0.105618,0.298876,0.353383,0.326577,0.378517,0.312872,0.705093,0.138107,4.75657,0.336,0,-0.00587539,0.64185,-0.0183787,98.7326,-0.00587539,0.03072,-0.014088484458625317,-0.028539258986711502,0.015644,999,,,,,,,3.6,3.6,3.6,3.6,,,,,,,,,,,,,,,,,,,"Nolan Jones","20529",666134
"Steward Berroa","PHI",2,8,7,2,1,0,0,0,1,1,1,0,2,0,0,0,,1,0,0.217165,0.0959423,0.305354,0.3142,0.29821,0.320279,0.279635,0.618489,0.103114,7.90487,0.313468,0,0.0333546,0.715776,-0.243618,72.0405,0.0333546,0.13968,-0.23971470072865486,0.13011203706264496,0.0153868,999,,,,,,,9.1,4.55,9.1,4.55,,,,,,,,,,,,,,,,,,,"Steward Berroa","22766",672642
"Cody Freeman","TEX",6,25,23,6,4,1,0,1,3,3,1,0,4,0,0,0,,0,0,0.241998,0.0543784,0.16021,0.33942,0.286226,0.378353,0.290629,0.66458,0.136355,3.97985,0.264975,0,-0.030668,2.40068,-0.523922,85.0062,-0.030668,-0.127123,-0.461056862026453,-0.27295663952827454,0.01414,999,,,,,,,25.9,4.316666666,25.9,4.316666666,,,,,,,,,,,,,,,,,,,"Cody Freeman","25629",683227
"Rodolfo Durán","SDP",1,5,5,1,1,0,0,0,1,1,0,0,1,0,0,0,,0,0,0.215906,0.0603457,0.24662,0.244691,0.270085,0.37073,0.281207,0.640816,0.154824,3.90409,0.259909,0,-0.00020747,0.449674,-0.144532,78.3617,-0.00020747,0.0107596,-0.13109758585051168,0.1079817833378911,0.0140591,999,,,,,,,0.6,0.6,0.6,0.6,,,,,,,,,,,,,,,,,,,"Rodolfo Duran","20958",660710
"Oswaldo Cabrera","NYY",3,11,10,2,2,0,0,0,1,1,1,0,2,0,0,0,,0,0,0.228127,0.0799165,0.213885,0.373641,0.294144,0.349319,0.286668,0.643464,0.121192,4.69905,0.27343,0,-0.00791774,1.03195,-0.267877,81.9793,-0.00791774,0.0270155,-0.2378182765096426,-0.011873435229063034,0.0140279,999,,,,,,,4.2,1.4,4.2,1.4,,,,,,,,,,,,,,,,,,,"Oswaldo Cabrera","21707",665828
"Ryan Bliss","SEA",1,5,5,1,1,0,0,0,1,1,0,0,1,0,0,0,,0,0,0.213287,0.0812553,0.269702,0.301278,0.285351,0.329147,0.275462,0.614498,0.11586,6.23628,0.281293,0,-0.00859761,0.459028,-0.180568,79.704,-0.00859761,0.0593057,-0.13600623235106468,0.07844150066375732,0.0135092,999,,,,,,,0.6,0.6,0.6,0.6,,,,,,,,,,,,,,,,,,,"Ryan Bliss","29547",669208
"Gustavo Campero","LAA",1,2,2,1,0,0,0,0,0,0,0,0,0,0,0,0,,0,0,0.246711,0.0724638,0.185507,0.390625,0.326531,0.404605,0.323243,0.731136,0.157895,7.10824,0.286325,0,0.00480197,0.304873,0.0124866,104.984,0.00480197,-0.0224255,0.01910446071997285,0.02541397511959076,0.0133421,999,,,,,,,3.6,3.6,3.6,3.6,,,,,,,,,,,,,,,,,,,"Gustavo Campero","22707",672569
"Ivan Johnson","CIN",3,14,12,3,2,1,0,0,2,2,1,0,5,0,0,0,,0,0,0.207364,0.0887054,0.331202,0.267829,0.287899,0.353166,0.285772,0.641065,0.145803,6.09888,0.294208,0,0.0142693,1.30035,-0.35022,72.9198,0.0142693,0.148367,-0.4407522175461054,0.11873747780919075,0.0129703,999,,,,,,,10.7,3.566666666,10.7,3.566666666,,,,,,,,,,,,,,,,,,,"Ivan Johnson","27593",671155
"Willie MacIver","TOR",1,2,2,1,0,0,0,0,0,0,0,0,1,0,0,0,,0,0,0.232787,0.0843023,0.264535,0.318681,0.309038,0.370492,0.302009,0.67953,0.137705,5.03866,0.301435,0,0.000848791,0.266876,-0.0302263,92.078,0.000848791,0.0107386,-0.022251771646551788,0.05934974830597639,0.0127339,999,,,,,,,3.6,3.6,3.6,3.6,,,,,,,,,,,,,,,,,,,"Willie MacIver","24641",680862
"Bryce Teodosio","LAA",2,11,10,2,2,0,0,0,1,1,1,0,4,0,0,0,,1,0,0.219612,0.0533999,0.330029,0.161804,0.273836,0.315752,0.263525,0.589588,0.09614,7.74797,0.326966,0,0.0547751,0.814188,-0.465004,63.5956,0.0547751,0.184139,-0.4022842347621918,0.14586786925792694,0.0127239,999,,,,,,,6.1,3.05,6.1,3.05,,,,,,,,,,,,,,,,,,,"Bryce Teodosio","29524",669326
"Cooper Ingle","CLE",8,35,30,7,4,2,0,1,4,4,4,0,7,0,0,0,,0,0,0.222103,0.124054,0.206265,0.60143,0.322309,0.346729,0.302504,0.669038,0.124626,1.9634,0.271632,0,-0.0913046,3.72373,-0.406237,93.0121,-0.0913046,-0.0557127,-0.3745575472712517,-0.735033705830574,0.0125762,999,,,,,,,36.4,4.55,36.4,4.55,,,,,,,,,,,,,,,,,,,"Cooper Ingle","33708",694876
"Hyeseong Kim","LAD",2,8,7,2,1,0,0,0,1,1,0,0,2,0,0,0,,1,0,0.238592,0.0544927,0.287689,0.189415,0.28675,0.345719,0.279956,0.632469,0.107127,7.86123,0.324524,0,0.0712331,0.717869,-0.241526,74.3433,0.0712331,-0.00779321,-0.1793454885482788,0.04004630073904991,0.0123823,740.77001953125,,,,,,,6.1,3.05,6.1,3.05,,,,,,,,,,,,,,,,,,,"Hyeseong Kim","35322",808975
"Justin Turner",,8,33,29,7,5,1,0,1,3,4,3,0,6,1,0,0,,0,0,0.245232,0.0930788,0.188544,0.493671,0.324582,0.370572,0.308861,0.695154,0.125341,2.40904,0.284211,0,-0.0472283,3.68452,-0.214955,94.301,-0.0472283,-0.00547826,-0.26940081268548965,-0.7249227147549391,0.0121415,999,,,,,,,34.5,4.3125,34.5,4.3125,,,,,,,,,,,,,,,,,,,"Justin Turner","5235",457759
"Jared Oliva","NYM",1,3,2,1,0,0,0,0,0,0,0,0,1,0,0,0,,0,0,0.237065,0.0600648,0.223133,0.269188,0.296548,0.366548,0.293318,0.663096,0.129483,8.96008,0.292116,0,0.0280053,0.268359,-0.0514395,86.0234,0.0280053,0.0392599,-0.01749597303569317,0.04882778972387314,0.0119952,999,,,,,,,3.6,3.6,3.6,3.6,,,,,,,,,,,,,,,,,,,"Jared Oliva","19968",666931
"Trei Cruz","DET",5,22,19,4,3,1,0,0,3,2,2,0,6,0,0,0,,0,0,0.220699,0.114577,0.254327,0.450512,0.311864,0.345252,0.295039,0.657117,0.124553,4.82243,0.286631,0,-0.0491372,2.21193,-0.387721,86.3796,-0.0491372,-0.247597,-0.39666422829031944,-0.2670411244034767,0.0114308,999,,,,,,,12.3,2.46,12.3,2.46,,,,,,,,,,,,,,,,,,,"Trei Cruz","27569",669360
"Otto Kemp","PHI",2,11,9,2,1,0,0,0,1,1,1,0,3,0,0,0,,0,0,0.231301,0.0703165,0.283742,0.247818,0.315764,0.391735,0.313549,0.707499,0.160434,5.51482,0.304245,0,-0.0193029,1.24947,-0.0297239,94.7019,-0.0193029,-0.111163,-0.08829512260854244,-0.14943431317806244,0.011249,999,,,,,,,5.2,2.6,5.2,2.6,,,,,,,,,,,,,,,,,,,"Otto Kemp","31792",805249
"Juan Brito","CLE",1,5,5,1,1,0,0,0,1,1,1,0,1,0,0,0,,0,0,0.222388,0.0988046,0.214786,0.460015,0.307891,0.359471,0.297787,0.667362,0.137083,3.89644,0.26838,0,-0.0152627,0.556159,-0.0834373,89.7426,-0.0152627,-0.019824,-0.07965387403964996,-0.0006882380694150925,0.0112047,999,,,,,,,3.6,3.6,3.6,3.6,,,,,,,,,,,,,,,,,,,"Juan Brito","26693",682877
"Junior Perez","CHW",6,28,25,5,3,1,0,1,3,3,3,0,10,0,0,0,,1,0,0.203903,0.0914103,0.352542,0.259289,0.28042,0.359384,0.282844,0.639803,0.155481,5.6861,0.296844,0,0.0193378,2.53495,-0.766187,77.9212,0.0193378,-0.00357131,-0.6960210204124451,-0.1813490940257907,0.0110178,999,,,,,,,26.2,4.366666666,26.2,4.366666666,,,,,,,,,,,,,,,,,,,"Junior Perez","23989",678577
"George Lombard Jr.","NYY",1,5,5,1,1,0,0,0,1,1,1,0,2,0,0,0,,0,0,0.20428,0.0989761,0.293515,0.337209,0.296928,0.328794,0.283081,0.625722,0.124514,6.46931,0.283582,0,0.00330219,0.500116,-0.149797,79.4932,0.00330219,0,-0.12750626681372523,0.03888889029622078,0.0106793,999,,,,,,,3.6,3.6,3.6,3.6,,,,,,,,,,,,,,,,,,,"George Lombard Jr.","sa3023233",806146
"Garrett Stubbs","PHI",2,7,7,1,1,0,0,0,1,1,1,0,2,0,0,0,,0,0,0.222659,0.0757489,0.23834,0.317819,0.295308,0.328806,0.279182,0.624115,0.106147,5.43886,0.281724,0,-0.0154831,0.651721,-0.22544,71.7377,-0.0154831,-0.0095403,-0.2678498672321439,0.13397822342813015,0.0106621,999,,,,,,,1.6,0.8,1.6,0.8,,,,,,,,,,,,,,,,,,,"Garrett Stubbs","18067",596117
"Tatem Levins","TBR",1,3,2,0,0,0,0,0,0,0,0,0,1,0,0,0,,0,0,0.208469,0.107345,0.299435,0.358491,0.305949,0.32899,0.28721,0.634939,0.120521,3.132,0.290816,0,-0.00192377,0.24073,-0.0610882,80.3117,-0.00192377,0.0250435,-0.06024654000066221,0.074426194652915,0.0105577,999,,,,,,,-2,-2,-2,-2,,,,,,,,,,,,,,,,,,,"Tatem Levins","sa3020278",694420
"RJ Schreck","TOR",1,3,2,1,0,0,0,0,0,0,0,0,1,0,0,0,,0,0,0.216066,0.113744,0.241706,0.470588,0.324582,0.398892,0.321825,0.723474,0.182826,4.79706,0.255144,0,-0.00257155,0.335699,0.0107432,105.812,-0.00257155,0.0171818,0.015965470811352134,-0.011984849348664284,0.0102252,999,,,,,,,3.6,3.6,3.6,3.6,,,,,,,,,,,,,,,,,,,"RJ Schreck","sa3022602",702302
"Nick Yorke","PIT",2,8,7,2,1,0,0,0,1,1,1,0,2,0,0,0,,0,0,0.247416,0.0705262,0.221784,0.317994,0.305715,0.350784,0.291753,0.656499,0.103368,4.63638,0.309136,0,-0.00636838,0.794863,-0.164532,79.8691,-0.00636838,0.0103638,-0.20297864824533463,0.03906748536974192,0.00989224,999,,,,,,,7.2,3.6,7.2,3.6,,,,,,,,,,,,,,,,,,,"Nick Yorke","27504",694377
"Tim Tawa","ARI",28,122,110,24,15,5,0,3,13,14,10,0,31,1,1,1,,2,1,0.219215,0.0831332,0.250595,0.331744,0.289077,0.364087,0.289396,0.653164,0.144872,3.96836,0.269984,0,-0.300582,11.8807,-2.74232,79.1797,-0.300582,0.681898,-3.3999335169792175,-0.49449121952056885,0.00952881,748.489990234375,,,,,,,101.1,3.610714285,101.1,3.610714285,,,,,,,,,,,,,,,,,,,"Tim Tawa","29571",694374
"Jeferson Quero","MIL",1,2,2,1,0,0,0,0,0,0,0,0,0,0,0,0,,0,0,0.230008,0.0755873,0.197967,0.381818,0.293351,0.372987,0.294581,0.666338,0.142978,2.97773,0.259401,0,-0.000283184,0.251866,-0.0452365,84.3582,-0.000283184,0.0113547,-0.047591655544238165,0.059965819120407104,0.00945085,999,,,,,,,3.6,3.6,3.6,3.6,,,,,,,,,,,,,,,,,,,"Jeferson Quero","28272",691620
"Braxton Fulford","COL",7,30,27,6,4,1,0,1,4,4,2,0,9,1,0,0,,1,0,0.231142,0.0746464,0.285905,0.261088,0.30633,0.37958,0.303858,0.68591,0.148437,5.72233,0.306818,0,0.00549864,3.29168,-0.32219,76.3608,0.00549864,0.0835184,-0.8641623365692794,-0.02944456785917282,0.00931997,999,,,,,,,29.8,4.257142857,29.8,4.257142857,,,,,,,,,,,,,,,,,,,"Braxton Fulford","29704",690924
"Jonah Cox","SFG",2,8,7,2,1,0,0,0,1,1,0,0,2,0,0,0,,1,0,0.224827,0.0598194,0.283102,0.211299,0.28064,0.323211,0.268517,0.603851,0.098384,9.01746,0.313759,0,0.0484572,0.653596,-0.321273,68.5567,0.0484572,0.0565513,-0.2635895237326622,0.08571793884038925,0.00890685,999,,,,,,,6.1,3.05,6.1,3.05,,,,,,,,,,,,,,,,,,,"Jonah Cox","33270",813841
"Drew Waters","KCR",1,3,2,1,0,0,0,0,0,0,0,0,1,0,0,0,,0,0,0.231527,0.0801782,0.293987,0.272727,0.299107,0.391626,0.303305,0.690733,0.160098,6.93049,0.315789,0,-0.00241557,0.290083,-0.0297153,89.297,-0.00241557,0.0163967,-0.0360097058583051,0.02596459537744522,0.0086503,999,,,,,,,3.6,3.6,3.6,3.6,,,,,,,,,,,,,,,,,,,"Drew Waters","20505",671221
"Nelson Rada","LAA",1,5,5,1,1,0,0,0,1,0,0,0,1,0,0,0,,0,0,0.244701,0.0916667,0.238333,0.384615,0.329372,0.300578,0.290205,0.62995,0.0558767,5.69297,0.329787,0,0.00415528,0.523173,-0.116423,82.0868,0.00415528,0.0213793,-0.10829574754461646,0.0022435076534748077,0.00860353,999,,,,,,,0.6,0.6,0.6,0.6,,,,,,,,,,,,,,,,,,,"Nelson Rada","sa3018421",703185
"Eric Wagaman","NYM",7,32,30,7,5,1,0,1,3,3,2,0,7,0,0,0,,0,0,0.245024,0.0688538,0.207127,0.332423,0.299595,0.392214,0.303627,0.691809,0.14719,3.66365,0.286174,0,-0.0548843,3.48941,-0.348167,92.9118,-0.0548843,-0.0217138,-0.3317929580807686,-0.6340594664216042,0.00818424,748.2100219726562,,,,,,,27.5,3.928571428,27.5,3.928571428,,,,,,,,,,,,,,,,,,,"Eric Wagaman","23395",676572
"Joshua Báez","STL",1,3,2,1,0,0,0,0,0,0,0,0,1,0,0,0,,0,0,0.23445,0.0767591,0.298507,0.257143,0.307692,0.38756,0.307181,0.695252,0.15311,6.41178,0.315985,0,0.0125529,0.308144,-0.0219704,94.1501,0.0125529,0.0244068,-0.007105871103703976,-0.005222849547863007,0.00786257,999,,,,,,,3.6,3.6,3.6,3.6,,,,,,,,,,,,,,,,,,,"Joshua Baez","sa3017022",695491
"DaShawn Keirsey Jr.","ATL",1,3,3,1,0,0,0,0,0,0,0,0,1,0,0,0,,0,0,0.238845,0.0647482,0.280576,0.230769,0.295673,0.362205,0.290738,0.657878,0.12336,7.74198,0.323077,0,0.0132679,0.271222,-0.0588922,80.5828,0.0132679,0.0250667,-0.05198454298079014,0.03494320996105671,0.00738578,999,,,,,,,2.6,2.6,2.6,2.6,,,,,,,,,,,,,,,,,,,"DaShawn Keirsey Jr.","24496",680577
"Mikey Romero","BOS",2,8,8,2,1,1,0,0,1,1,0,0,2,0,0,0,,0,0,0.228992,0.0527344,0.289062,0.182432,0.273084,0.394958,0.290175,0.668042,0.165966,4.13348,0.299685,0,-0.0185911,0.809873,-0.180469,78.9989,-0.0185911,-0.0325161,-0.22272256016731262,-0.0028864946216344833,0.00710965,999,,,,,,,6.1,3.05,6.1,3.05,,,,,,,,,,,,,,,,,,,"Mikey Romero","sa3020216",702540
"Mark Canha",,2,8,7,2,1,0,0,0,1,1,1,0,2,0,0,0,,0,0,0.233553,0.0909091,0.207386,0.438356,0.326705,0.358553,0.307577,0.685257,0.125,3.53345,0.277533,0,0.00178761,0.912612,-0.0622563,93.4271,0.00178761,-0.06237,-0.06227307301014662,-0.14986999705433846,0.0067219,999,,,,,,,7.2,3.6,7.2,3.6,,,,,,,,,,,,,,,,,,,"Mark Canha","11445",592192
"Adael Amador","COL",2,11,9,2,2,0,0,0,1,1,1,0,2,0,0,0,,0,0,0.246014,0.0985915,0.167002,0.590361,0.327935,0.369021,0.312371,0.696956,0.123007,4.51156,0.280347,0,-0.0134396,1.21923,-0.0393253,82.0492,-0.0134396,-0.0738151,-0.24342650920152664,-0.036160800606012344,0.00644477,999,,,,,,,5.2,2.6,5.2,2.6,,,,,,,,,,,,,,,,,,,"Adael Amador","27962",691182
"Alek Thomas","LAD",1,5,5,1,1,0,0,0,1,1,0,0,1,0,0,0,,0,0,0.237505,0.0522278,0.227444,0.22963,0.284183,0.381795,0.291516,0.665978,0.14429,5.94803,0.289331,0,0.00134144,0.528874,-0.110722,82.0679,0.00134144,0.0223466,-0.11541548650711775,0.0032108351588249207,0.00629834,746.030029296875,,,,,,,0.6,0.6,0.6,0.6,,,,,,,,,,,,,,,,,,,"Alek Thomas","23792",677950
"Pavin Smith","ARI",2,8,7,2,1,0,0,0,1,1,1,0,2,0,0,0,,0,0,0.227199,0.118658,0.249668,0.475264,0.319121,0.380135,0.310374,0.699256,0.152936,3.84492,0.282628,0,-0.00501836,0.931165,-0.0437033,93.1978,-0.00501836,0.0137762,-0.0725239273160696,-0.13205709122121334,0.00620457,999,,,,,,,7.2,3.6,7.2,3.6,,,,,,,,,,,,,,,,,,,"Pavin Smith","19892",656976
"Mason McCoy","SDP",1,3,2,1,0,0,0,0,0,0,0,0,1,0,0,0,,0,0,0.206806,0.0796253,0.316159,0.251852,0.274882,0.319372,0.265174,0.594253,0.112565,6.01401,0.296296,0,0.00289613,0.210476,-0.114481,67.6485,0.00289613,0.0473894,-0.10412409482523799,0.07655604742467403,0.00617842,999,,,,,,,3.6,3.6,3.6,3.6,,,,,,,,,,,,,,,,,,,"Mason McCoy","22232",669200
"Luis Vázquez","BAL",1,3,2,1,0,0,0,0,0,0,0,0,1,0,0,0,,0,0,0.235821,0.0592992,0.247978,0.23913,0.29235,0.358209,0.288203,0.650559,0.122388,3.93372,0.298319,0,-0.00807395,0.25723,-0.0625678,83.3642,-0.00807395,0.0160962,-0.060289849527180195,0.025664055719971657,0.00616339,999,,,,,,,3.6,3.6,3.6,3.6,,,,,,,,,,,,,,,,,,,"Luis Vazquez","23442",676679
"Maximo Acosta","MIA",1,5,5,1,1,0,0,0,1,1,0,0,1,0,0,0,,0,0,0.22833,0.075,0.242308,0.309524,0.290944,0.342495,0.282456,0.633439,0.114165,5.53543,0.286136,0,-0.00414936,0.489459,-0.150137,74.1913,-0.00414936,0.0181231,-0.17219161428511143,0.056394683197140694,0.00593489,999,,,,,,,0.6,0.6,0.6,0.6,,,,,,,,,,,,,,,,,,,"Maximo Acosta","27963",691185
"Johnathan Rodríguez","BAL",1,3,2,1,0,0,0,0,0,0,0,0,1,0,0,0,,0,0,0.256767,0.0862956,0.27666,0.31192,0.323387,0.429466,0.328419,0.752853,0.172699,2.9015,0.327618,0,-0.00584554,0.344716,0.0249179,111.237,-0.00584554,0,0.029424283653497696,-0.06697531044483185,0.00586743,999,,,,,,,3.6,3.6,3.6,3.6,,,,,,,,,,,,,,,,,,,"Johnathan Rodriguez","22530",671286
"Korey Lee","CHW",1,3,2,1,0,0,0,0,0,0,0,0,1,0,0,0,,0,0,0.228228,0.0616246,0.27451,0.22449,0.280112,0.369369,0.28627,0.649481,0.141141,4.85898,0.293333,0,-0.000272755,0.238801,-0.0630179,80.2955,-0.000272755,-0.0256,-0.05864357968675904,0.023782717064023018,0.00559614,999,,,,,,,3.6,3.6,3.6,3.6,,,,,,,,,,,,,,,,,,,"Korey Lee","25543",686676
"César Prieto","STL",2,8,8,2,1,0,0,0,1,1,0,0,1,0,0,0,,0,0,0.25285,0.0450639,0.149189,0.30206,0.295132,0.364104,0.290716,0.659236,0.111254,3.90111,0.285281,0,-0.0367905,0.813515,-0.176827,83.1484,-0.0367905,-0.057699,-0.20668263733386993,-0.00831625983119011,0.00557758,999,,,,,,,3.2,1.6,3.2,1.6,,,,,,,,,,,,,,,,,,,"Cesar Prieto","30163",693409
"Bryce Johnson","SDP",1,3,2,1,0,0,0,0,0,0,0,0,1,0,0,0,,0,0,0.2276,0.0832381,0.277865,0.299563,0.304445,0.320243,0.282895,0.624688,0.0926438,6.61765,0.318127,0,0.00915759,0.249646,-0.0753105,79.4893,0.00915759,0.0123232,-0.05869259126484394,0.022045413963496685,0.00525985,999,,,,,,,3.6,3.6,3.6,3.6,,,,,,,,,,,,,,,,,,,"Bryce Johnson","20002",669369
"Nelson Velázquez","STL",15,66,59,13,8,2,0,3,8,9,6,0,17,1,0,0,,1,0,0.2204,0.0893275,0.262953,0.339709,0.294942,0.398113,0.303555,0.693054,0.177713,3.90686,0.262957,0,-0.0854073,7.20003,-0.722711,91.7271,-0.0854073,-0.0937622,-0.7526388242840767,-1.3579596877098083,0.00510165,748.5599975585938,,,,,,,70.7,4.713333333,70.7,4.713333333,,,,,,,,,,,,,,,,,,,"Nelson Velazquez","23359",676369
"Rudy Martin Jr.","BAL",1,3,2,1,0,0,0,0,0,0,0,0,1,0,0,0,,0,0,0.234875,0.0838509,0.254658,0.329268,0.307692,0.341637,0.291523,0.649329,0.106762,7.43138,0.312821,0,0.0139281,0.264453,-0.0553447,85.6655,0.0139281,-0.0237284,-0.031064635142683983,-0.01416049338877201,0.00509102,999,,,,,,,3.6,3.6,3.6,3.6,,,,,,,,,,,,,,,,,,,"Rudy Martin Jr.","sa829374",657675
"Jack Brannigan","PIT",1,3,2,1,0,0,0,0,0,0,0,0,1,0,0,0,,0,0,0.216039,0.0772763,0.317887,0.243094,0.290722,0.349263,0.285617,0.639986,0.133224,6.18074,0.304866,0,0.00521053,0.251604,-0.0681937,75.7684,0.00521053,0.0070717,-0.07367606181651354,0.03577540069818497,0.00499069,999,,,,,,,3.6,3.6,3.6,3.6,,,,,,,,,,,,,,,,,,,"Jack Brannigan","31471",687394
"Kevin Alcántara","CHC",6,25,22,5,4,1,0,1,3,3,2,0,8,0,0,0,,0,0,0.235703,0.0753074,0.326208,0.230857,0.296569,0.366013,0.29339,0.662583,0.13031,4.00195,0.335557,0,-0.0383333,2.4556,-0.469004,84.5844,-0.0383333,-0.0680106,-0.49729273840785027,-0.2527328282594681,0.00482556,999,,,,,,,24.3,4.05,24.3,4.05,,,,,,,,,,,,,,,,,,,"Kevin Alcantara","25971",682634
"Blake Hunt","SDP",1,2,2,0,0,0,0,0,0,0,0,0,1,0,0,0,,0,0,0.217081,0.0680391,0.269373,0.252583,0.282362,0.35182,0.281626,0.634183,0.13474,3.23454,0.279044,0,-0.00120526,0.225683,-0.0714198,78.6414,-0.00120526,-0.0161701,-0.06580414378549904,0.03244105912744999,0.00482347,999,,,,,,,-2,-2,-2,-2,,,,,,,,,,,,,,,,,,,"Blake Hunt","23209",675448
"Joey Meneses","ATH",1,3,3,1,0,0,0,0,0,0,0,0,1,0,0,0,,0,0,0.258519,0.0642851,0.197728,0.325119,0.311492,0.397674,0.310596,0.709166,0.139155,2.30268,0.304414,0,-0.00232015,0.310878,-0.014078,94.5507,-0.00232015,-0.00361341,-0.019700046395882964,-0.03278007567860186,0.00451292,999,,,,,,,2.6,2.6,2.6,2.6,,,,,,,,,,,,,,,,,,,"Joey Meneses","14366",608841
"José Barrero","BAL",1,5,5,1,1,0,0,0,1,1,0,0,2,0,0,0,,0,0,0.201166,0.0586667,0.349333,0.167939,0.261333,0.355685,0.271693,0.617018,0.154519,5.78796,0.280788,0,0.00518801,0.44263,-0.196966,71.9218,0.00518801,-0.0143077,-0.17107378272339702,0.023963913321495056,0.0044496,999,,,,,,,0.6,0.6,0.6,0.6,,,,,,,,,,,,,,,,,,,"Jose Barrero","23378",676480
"Rece Hinds","MIA",2,11,10,2,1,1,0,0,1,2,1,0,4,0,0,0,,0,0,0.233045,0.0597818,0.351486,0.170083,0.28578,0.422505,0.306038,0.708285,0.18946,6.42329,0.330274,0,0.00397285,1.18411,-0.0950788,89.9487,0.00397285,-0.103338,-0.12691665813326836,-0.17988155037164688,0.00426112,999,,,,,,,7.1,3.55,7.1,3.55,,,,,,,,,,,,,,,,,,,"Rece Hinds","27493",677956
"Tim Elko","CHW",2,8,8,2,1,0,0,0,1,1,0,0,3,0,0,0,,0,0,0.233684,0.0568628,0.34902,0.162921,0.282353,0.389474,0.294127,0.671827,0.155789,3.12979,0.330961,0,-0.00310418,0.83649,-0.153852,85.7404,-0.00310418,0.0340645,-0.14170794491656125,-0.11408363282680511,0.00405598,999,,,,,,,3.2,1.6,3.2,1.6,,,,,,,,,,,,,,,,,,,"Tim Elko","31522",671284
"Brian Serven","ATH",1,2,2,0,0,0,0,0,0,0,0,0,1,0,0,0,,0,0,0.20413,0.0857982,0.30313,0.283041,0.28363,0.282764,0.25988,0.566394,0.0786338,2.60964,0.292122,0,-0.00131347,0.181736,-0.115367,59.4016,-0.00131347,0.0221737,-0.11969917896203697,0.07078482583165169,0.00403175,999,,,,,,,-2,-2,-2,-2,,,,,,,,,,,,,,,,,,,"Brian Serven","19422",661531
"Chad Stevens","COL",2,8,7,2,1,0,0,0,1,1,1,0,2,0,0,0,,0,0,0.239243,0.0837832,0.299299,0.279932,0.312854,0.382291,0.307822,0.695145,0.143048,5.50871,0.330638,0,-0.00849732,0.885215,-0.0587047,79.0093,-0.00849732,-0.0387855,-0.21019828040152788,-0.010544739663600922,0.00371535,999,,,,,,,7.2,3.6,7.2,3.6,,,,,,,,,,,,,,,,,,,"Chad Stevens","29614",677060
"Yohandy Morales","WSN",3,13,12,3,2,1,0,0,2,1,1,0,4,0,0,0,,0,0,0.24359,0.0740741,0.296296,0.25,0.304094,0.371795,0.298187,0.675888,0.128205,4.46834,0.33657,0,-0.017794,1.39475,-0.204244,86.0436,-0.017794,0.063,-0.2449708953499794,-0.15706173330545425,0.00345116,999,,,,,,,10.7,3.566666666,10.7,3.566666666,,,,,,,,,,,,,,,,,,,"Yohandy Morales","sa3022672",691002
"Billy Cook","PIT",4,19,17,4,3,1,0,0,2,2,1,0,5,0,0,0,,1,0,0.230946,0.068739,0.289348,0.237565,0.292501,0.366882,0.290671,0.659383,0.135937,6.67371,0.310741,0,0.0468889,1.8382,-0.400382,79.1462,0.0468889,-0.100977,-0.42834341526031494,-0.14881622791290283,0.00338344,999,,,,,,,13.2,3.3,13.2,3.3,,,,,,,,,,,,,,,,,,,"Billy Cook","29573",695257
"Sam Haggerty","CIN",1,3,2,1,0,0,0,0,0,0,0,0,1,0,0,0,,0,0,0.241224,0.0863799,0.221815,0.389423,0.316449,0.352535,0.298343,0.668985,0.111311,7.51418,0.306838,0,0.0144295,0.288299,-0.0418153,81.3198,0.0144295,0.0139104,-0.04834610503166914,-0.015719237737357616,0.00262821,999,,,,,,,3.6,3.6,3.6,3.6,,,,,,,,,,,,,,,,,,,"Sam Haggerty","18054",664059
"Collin Price","HOU",1,2,2,0,0,0,0,0,0,0,0,0,1,0,0,0,,0,0,0.198672,0.0798496,0.344906,0.231511,0.271267,0.341284,0.272824,0.61255,0.142611,3.64633,0.280909,0,-0.00162143,0.201295,-0.0863757,71.8225,-0.00162143,-0.0267397,-0.08117894176393747,0.020328251644968987,0.00253902,999,,,,,,,-2,-2,-2,-2,,,,,,,,,,,,,,,,,,,"Collin Price","31415",805672
"Tyler Black","MIL",1,3,2,1,0,0,0,0,0,0,0,0,1,0,0,0,,0,0,0.235686,0.111483,0.24334,0.458136,0.332526,0.377053,0.316604,0.709579,0.141367,7.03187,0.303824,0,0.00604104,0.32416,-0.000796547,99.0741,0.00604104,0,0.0029782482888549566,-0.06805555522441864,0.00238348,999,,,,,,,3.6,3.6,3.6,3.6,,,,,,,,,,,,,,,,,,,"Tyler Black","29949",672012
"BJ Murray","CHC",1,5,5,1,1,0,0,0,1,1,1,0,1,0,0,0,,0,0,0.208989,0.110236,0.257874,0.427481,0.301181,0.334831,0.287299,0.636013,0.125843,4.32744,0.265574,0,0.00301688,0.518763,-0.131149,80.5146,0.00301688,0.0690968,-0.12590004038065672,-0.028125450015068054,0.00235187,999,,,,,,,3.6,3.6,3.6,3.6,,,,,,,,,,,,,,,,,,,"BJ Murray","sa3017287",681230
"Chadwick Tromp","BAL",1,2,2,0,0,0,0,0,0,0,0,0,1,0,0,0,,0,0,0.209122,0.0632135,0.259401,0.24369,0.260233,0.320548,0.257887,0.580781,0.111426,2.28039,0.263287,0,-0.00104199,0.174886,-0.117501,62.3531,-0.00104199,-0.00474575,-0.10907836351543665,0.04309375258162618,0.00216215,999,,,,,,,-2,-2,-2,-2,,,,,,,,,,,,,,,,,,,"Chadwick Tromp","16953",644433
"Gage Workman","DET",1,3,2,1,0,0,0,0,0,0,0,0,1,0,0,0,,0,0,0.21349,0.0817034,0.367951,0.22205,0.281486,0.390418,0.294061,0.671904,0.176928,7.09353,0.314884,0,-0.00109666,0.274329,-0.0506268,85.7018,-0.00109666,-0.0396557,-0.046699253376573324,-0.029933488927781582,0.00206932,999,,,,,,,3.6,3.6,3.6,3.6,,,,,,,,,,,,,,,,,,,"Gage Workman","27573",669398
"Justin Dean","CHC",3,11,10,2,2,0,0,0,1,1,1,0,4,0,0,0,,1,0,0.211737,0.0944842,0.326567,0.289326,0.294919,0.309721,0.274518,0.60464,0.0979834,7.9497,0.316419,0,0.0322393,0.924519,-0.375306,71.9742,0.0322393,0.0430193,-0.3386024087667465,0.0041303932666778564,0.00203064,999,,,,,,,6.1,2.033333333,6.1,2.033333333,,,,,,,,,,,,,,,,,,,"Justin Dean","25005",681909
"Patrick Wisdom","SEA",1,3,2,0,0,0,0,0,0,0,0,0,1,0,0,0,,0,0,0.174068,0.0870049,0.40035,0.217322,0.252885,0.367134,0.270936,0.620018,0.193066,3.86372,0.245243,0,-0.00128503,0.219669,-0.100129,76.5675,-0.00128503,-0.0139661,-0.07483433734159917,-0.004398209974169731,0.00165038,999,,,,,,,-2,-2,-2,-2,,,,,,,,,,,,,,,,,,,"Patrick Wisdom","13602",621550
"Connor Joe","SEA",2,8,7,1,1,0,0,0,1,1,1,0,2,0,0,0,,0,0,0.205929,0.11294,0.254346,0.44404,0.30665,0.322382,0.286511,0.629033,0.116453,4.62914,0.271798,0,-0.0138005,0.76065,-0.198744,87.3618,-0.0138005,-0.0141108,-0.13280609901994467,-0.13849355280399323,0.00155151,999,,,,,,,1.6,0.8,1.6,0.8,,,,,,,,,,,,,,,,,,,"Connor Joe","16572",656582
"Hayden Senger","NYM",1,2,2,0,0,0,0,0,0,0,0,0,1,0,0,0,,0,0,0.197932,0.0531933,0.304653,0.174603,0.257461,0.292796,0.24805,0.550257,0.0948645,3.69422,0.275633,0,-0.0046358,0.155321,-0.137066,55.7746,-0.0046358,0.0202595,-0.1362721216864884,0.06809897162020206,0.00117148,999,,,,,,,-2,-2,-2,-2,,,,,,,,,,,,,,,,,,,"Hayden Senger","21489",663584
"Zack Short","NYM",1,3,2,0,0,0,0,0,0,0,0,0,1,0,0,0,,0,0,0.182313,0.124563,0.304391,0.409221,0.292813,0.300861,0.273086,0.593674,0.118549,2.97548,0.250384,0,-0.00588209,0.224346,-0.0954521,72.5041,-0.00588209,0.00397355,-0.09539599856361747,0.013541452586650848,0.000543732,999,,,,,,,-2,-2,-2,-2,,,,,,,,,,,,,,,,,,,"Zack Short","19562",670097
"Brandon Drury","KCR",1,5,5,1,1,0,0,0,1,1,0,0,1,0,0,0,,0,0,0.221212,0.0788044,0.23913,0.329545,0.293478,0.360606,0.290342,0.654084,0.139394,3.46318,0.274262,0,-0.00956131,0.523769,-0.115827,80.3131,-0.00956131,0,-0.13314639683812857,-0.05740740895271301,0.0000542337,999,,,,,,,0.6,0.6,0.6,0.6,,,,,,,,,,,,,,,,,,,"Brandon Drury","11615",592273
"Will Banfield","CIN",1,3,2,1,0,0,0,0,0,0,0,0,1,0,0,0,,0,0,0.214706,0.043956,0.285714,0.153846,0.252747,0.335294,0.257593,0.588041,0.120588,2.35119,0.27897,0,-0.00260812,0.179925,-0.121894,54.0904,-0.00260812,0.01088,-0.14366553304716945,0.06026271637529135,-0.000109075,999,,,,,,,3.6,3.6,3.6,3.6,,,,,,,,,,,,,,,,,,,"Will Banfield","23790",677943
"Mario Camilletti","CHW",1,3,2,0,0,0,0,0,0,0,0,0,1,0,0,0,,0,0,0.207386,0.108642,0.246914,0.44,0.300995,0.269886,0.265726,0.570881,0.0625,3.57594,0.278884,0,-0.00273303,0.215056,-0.115058,66.0571,-0.00273303,0.00186408,-0.11270871455781162,0.011740621412172914,-0.000236854,999,,,,,,,-2,-2,-2,-2,,,,,,,,,,,,,,,,,,,"Mario Camilletti","sa3020192",680519
"Jhostynxon Garcia","PIT",3,13,12,3,2,1,0,0,2,1,1,0,4,0,0,0,,0,0,0.233513,0.0635626,0.282147,0.225282,0.291011,0.381411,0.295647,0.672423,0.147898,5.3691,0.3049,0,-0.00643457,1.36712,-0.231872,82.4707,-0.00643457,-0.0471529,-0.29177115159109235,-0.15239981561899185,-0.000812108,999,,,,,,,10.7,3.566666666,10.7,3.566666666,,,,,,,,,,,,,,,,,,,"Jhostynxon Garcia","28142",691373
"Yohendrick Piñango","TOR",9,41,37,9,6,2,0,1,4,5,3,0,9,0,0,0,,0,0,0.23276,0.0780277,0.23106,0.337695,0.295123,0.364684,0.291588,0.659807,0.131924,3.53167,0.285327,0,-0.026283,4.03293,-0.841416,84.8559,-0.026283,-0.240199,-0.7507917992770672,-0.7165875136852264,-0.00112197,999,,,,,,,37.6,4.177777777,37.6,4.177777777,,,,,,,,,,,,,,,,,,,"Yohendrick Pinango","26664",682818
"Riley Adams","WSN",1,5,4,1,1,0,0,0,0,1,0,0,2,0,0,0,,0,0,0.210317,0.0714286,0.328571,0.217391,0.282143,0.357143,0.283848,0.639286,0.146825,3.40884,0.292208,0,-0.00220062,0.453043,-0.131731,76.4626,-0.00220062,-0.124,-0.14231796865351498,-0.02832099050283432,-0.00112655,999,,,,,,,1.6,1.6,1.6,1.6,,,,,,,,,,,,,,,,,,,"Riley Adams","19864",656180
"MJ Melendez","NYM",2,11,10,2,1,0,0,0,1,1,1,0,3,0,0,0,,0,0,0.216346,0.0844459,0.307573,0.274556,0.289492,0.401122,0.301907,0.690614,0.184776,4.31383,0.279996,0,-0.0287478,1.14817,-0.131027,91.7622,-0.0287478,-0.0366866,-0.1360215600579977,-0.22804458439350128,-0.00153287,999,,,,,,,4.2,2.1,4.2,2.1,,,,,,,,,,,,,,,,,,,"MJ Melendez","22197",669004
"Kemp Alderman","MIA",1,3,2,1,0,0,0,0,0,0,0,0,1,0,0,0,,0,0,0.25,0.0533333,0.262857,0.202899,0.295238,0.397541,0.302556,0.692779,0.147541,5.04817,0.315634,0,-0.00900996,0.288453,-0.0313451,87.6218,-0.00900996,-0.0244242,-0.04930771794170141,-0.053127946332097054,-0.00153853,999,,,,,,,3.6,3.6,3.6,3.6,,,,,,,,,,,,,,,,,,,"Kemp Alderman","sa3022562",694580
"Jared Serna","MIA",1,5,5,1,1,0,0,0,1,1,0,0,1,0,0,0,,0,0,0.225,0.0681818,0.191288,0.356436,0.288425,0.327083,0.275174,0.615508,0.102083,4.80892,0.26738,0,-0.0138748,0.457774,-0.181822,69.3249,-0.0138748,0.00406557,-0.21360234916210175,0.023201376665383577,-0.00161304,999,,,,,,,0.6,0.6,0.6,0.6,,,,,,,,,,,,,,,,,,,"Jared Serna","sa3015579",691858
"Christian Franklin","WSN",2,11,9,2,2,0,0,0,1,1,1,0,3,0,0,0,,0,0,0.237089,0.104294,0.239264,0.435897,0.32716,0.34507,0.304154,0.672231,0.107981,5.35683,0.306931,0,-0.0135557,1.16772,-0.111476,90.0307,-0.0135557,-0.107186,-0.14337723795324564,-0.22200125455856323,-0.00166564,999,,,,,,,5.2,2.6,5.2,2.6,,,,,,,,,,,,,,,,,,,"Christian Franklin","sa3017510",681047
"Nick Morabito","NYM",1,3,2,1,0,0,0,0,0,0,0,0,1,0,0,0,,0,0,0.236443,0.0727277,0.260533,0.27915,0.302168,0.32321,0.281747,0.625379,0.0867679,6.57157,0.318555,0,0.00454918,0.243186,-0.0766119,78.2912,0.00454918,-0.0130829,-0.06612453423440456,-0.04178657103329897,-0.00209249,999,,,,,,,3.6,3.6,3.6,3.6,,,,,,,,,,,,,,,,,,,"Nick Morabito","32119",703492
"Andrew Pintar","MIA",1,3,2,1,0,0,0,0,0,0,0,0,1,0,0,0,,0,0,0.222874,0.072,0.290667,0.247706,0.286096,0.325513,0.27397,0.611609,0.102639,5.79294,0.310044,0,0.0049388,0.226269,-0.0935287,68.5209,0.0049388,-0.038,-0.097542570438236,-0.028432097285985947,-0.00392004,999,,,,,,,3.6,3.6,3.6,3.6,,,,,,,,,,,,,,,,,,,"Andrew Pintar","sa3020715",801464
"Héctor Rodríguez","CIN",3,11,10,3,2,0,0,0,1,1,0,0,2,0,0,0,,0,0,0.249545,0.0430293,0.170396,0.252525,0.284483,0.3898,0.293303,0.674282,0.140255,5.27308,0.276888,0,-0.018162,1.10792,-0.212537,77.9516,-0.018162,0.0250629,-0.31454054079949856,-0.09345557913184166,-0.00483867,999,,,,,,,6.8,2.266666666,6.8,2.266666666,,,,,,,,,,,,,,,,,,,"Hector Rodriguez","sa3015828",699302
"Robert Hassell III","PIT",1,5,5,1,1,0,0,0,1,1,0,0,1,0,0,0,,0,0,0.243187,0.0711538,0.244231,0.291339,0.301158,0.337526,0.285239,0.638685,0.0943396,4.68565,0.314869,0,0.00246193,0.501565,-0.138032,75.5159,0.00246193,-0.00939394,-0.1569553732406348,-0.06680134870111942,-0.00498775,999,,,,,,,0.6,0.6,0.6,0.6,,,,,,,,,,,,,,,,,,,"Robert Hassell III","27482",690987
"Matthew Lugo","KCR",1,3,3,1,0,0,0,0,0,0,0,0,1,0,0,0,,0,0,0.224944,0.0498961,0.318087,0.156863,0.272917,0.378619,0.285042,0.651536,0.153675,5.89,0.312281,0,-0.00544289,0.250355,-0.0694435,76.6398,-0.00544289,-0.0386229,-0.07876522000879049,-0.06732665374875069,-0.005114,999,,,,,,,2.6,2.6,2.6,2.6,,,,,,,,,,,,,,,,,,,"Matthew Lugo","25980",683090
"Kristian Robinson","ARI",1,3,2,1,0,0,0,0,0,0,0,0,1,0,0,0,,0,0,0.210526,0.101695,0.358051,0.284024,0.29661,0.325359,0.280367,0.621969,0.114833,5.87976,0.326446,0,0.00168325,0.244058,-0.0808984,73.1465,0.00168325,-0.0320339,-0.08714928093831986,-0.06120056472718716,-0.00604147,999,,,,,,,3.6,3.6,3.6,3.6,,,,,,,,,,,,,,,,,,,"Kristian Robinson","sa3006884",677565
"Seaver King","WSN",2,11,10,2,2,0,0,0,1,1,0,0,3,0,0,0,,0,0,0.229084,0.0462107,0.238447,0.193798,0.271028,0.306773,0.256922,0.577801,0.0776892,6.52161,0.296496,0,0.0257117,0.756732,-0.52246,58.4702,0.0257117,0.0488189,-0.5150945596396923,0.10622630640864372,-0.00606564,999,,,,,,,1.2,0.6,1.2,0.6,,,,,,,,,,,,,,,,,,,"Seaver King","sa3025414",814409
"Sebastián Rivero","LAA",1,5,5,1,1,0,0,0,0,0,0,0,1,0,0,0,,0,0,0.204477,0.0465413,0.232149,0.20048,0.250833,0.295826,0.244107,0.546659,0.0913491,3.0008,0.258147,0,-0.00838438,0.294959,-0.289815,50.1376,-0.00838438,-0.0383038,-0.2945674993097782,0.0573752261698246,-0.00632146,999,,,,,,,0.6,0.6,0.6,0.6,,,,,,,,,,,,,,,,,,,"Sebastian Rivero","21735",665861
"Andrew McCutchen","ATL",2,8,7,2,1,0,0,0,1,1,1,0,2,0,0,0,,0,0,0.221085,0.121691,0.249042,0.488636,0.3205,0.353122,0.302399,0.673621,0.132037,2.31379,0.276268,0,-0.0154356,0.892215,-0.098127,88.3741,-0.0154356,0,-0.13264349289238453,-0.2074074000120163,-0.00707433,999,,,,,,,7.2,3.6,7.2,3.6,,,,,,,,,,,,,,,,,,,"Andrew McCutchen","9847",457705
"LuJames Groover","ARI",4,16,15,4,3,1,0,0,2,2,1,0,3,0,0,0,,0,0,0.248718,0.0767616,0.17943,0.427807,0.315202,0.356979,0.299692,0.672181,0.108261,1.96788,0.293057,0,-0.0345634,1.72066,-0.229081,86.06,-0.0345634,0.0075724,-0.31124865263700485,-0.30353869684040546,-0.00839465,999,,,,,,,13.3,3.325,13.3,3.325,,,,,,,,,,,,,,,,,,,"LuJames Groover","33552",694410
"Aaron Zavala","TEX",1,5,5,1,1,0,0,0,1,1,1,0,2,0,0,0,,0,0,0.201357,0.102767,0.357708,0.287293,0.293069,0.30543,0.27211,0.598499,0.104072,4.68226,0.315175,0,-0.0120769,0.451614,-0.198298,72.1714,-0.0120769,-0.0309661,-0.18958958331495523,-0.08929943665862083,-0.0085711,999,,,,,,,3.6,3.6,3.6,3.6,,,,,,,,,,,,,,,,,,,"Aaron Zavala","sa3017665",701648
"Kyle Farmer","ATL",4,16,15,3,2,1,0,0,2,2,1,0,4,0,0,0,,0,0,0.228529,0.0539563,0.230541,0.234043,0.284497,0.345319,0.279789,0.629817,0.11679,2.76875,0.279977,0,-0.0509643,1.45867,-0.493721,73.2664,-0.0509643,-0.0750868,-0.582302138209343,-0.0355805829167366,-0.00863461,999,,,,,,,7.7,1.925,7.7,1.925,,,,,,,,,,,,,,,,,,,"Kyle Farmer","14813",571657
"Jordan Beck","COL",10,45,41,10,6,2,0,1,5,5,4,0,13,0,0,0,,1,0,0.243474,0.0787337,0.279173,0.282025,0.303831,0.40579,0.310346,0.709622,0.162316,5.51393,0.317298,0,-0.00462671,5.10807,-0.240811,80.6961,-0.00462671,-0.0399031,-1.0557502140291035,-0.5199956931173801,-0.0118144,232.9199981689453,,,,,,,44.1,4.41,44.1,4.41,,,,,,,,,,,,,,,,,,,"Jordan Beck","31431",687597
"Tyler Freeman","COL",28,121,106,28,21,4,1,1,14,11,8,0,15,6,0,1,,4,2,0.261575,0.067234,0.121349,0.554054,0.344837,0.354348,0.31696,0.699186,0.0927729,5.3973,0.291162,0,-0.137818,14.473,-0.000465636,85.1155,-0.137818,-0.49483,-2.3308927714824677,-1.7374226748943329,-0.0121922,745.8599853515625,,,,,,,121.5,4.339285714,121.5,4.339285714,,,,,,,,,,,,,,,,,,,"Tyler Freeman","22532",671289
"Braden Shewmake","MIL",8,35,33,7,5,1,0,1,4,4,2,0,7,0,0,0,,1,0,0.213933,0.0547487,0.208882,0.262103,0.2609,0.336441,0.263245,0.597341,0.122508,6.17174,0.251789,0,0.101065,2.68075,-1.54368,63.4192,0.101065,0.0136628,-1.4720729812979698,0.19838500954210758,-0.0122848,999,,,,,,,26.4,3.3,26.4,3.3,,,,,,,,,,,,,,,,,,,"Braden Shewmake","25817",669699
"Tommy Pham","PHI",5,21,19,4,3,1,0,1,2,2,2,0,5,0,0,0,,0,0,0.227077,0.0965757,0.246731,0.391421,0.304071,0.352947,0.292846,0.657018,0.125871,4.17364,0.284086,0,0.000534276,2.13865,-0.419738,80.8681,0.000534276,-0.0957997,-0.4977408846025355,-0.3254293352365494,-0.012681,999,,,,,,,21.7,4.34,21.7,4.34,,,,,,,,,,,,,,,,,,,"Tommy Pham","2967",502054
"Tyler Austin","CHC",8,33,29,7,4,1,0,1,4,3,3,0,8,0,0,0,,1,0,0.230771,0.0837326,0.235398,0.355706,0.30249,0.370863,0.298199,0.673353,0.140093,4.48554,0.281689,0,-0.00711045,3.4017,-0.497772,87.7979,-0.00711045,0,-0.4914898262359202,-0.699999988079071,-0.0129361,999,,,,,,,33.4,4.175,33.4,4.175,,,,,,,,,,,,,,,,,,,"Tyler Austin","11850",592122
"Felix Reyes","PHI",2,8,8,2,1,0,0,0,1,1,0,0,2,0,0,0,,0,0,0.242565,0.0326963,0.195116,0.167573,0.269426,0.37905,0.281839,0.648476,0.136485,4.63849,0.278809,0,-0.00540026,0.730163,-0.229231,73.5135,-0.00540026,-0.0428385,-0.2640826883725822,-0.12894964963197708,-0.0132887,999,,,,,,,3.2,1.6,3.2,1.6,,,,,,,,,,,,,,,,,,,"Felix Reyes","28763",694025
"Sterlin Thompson","COL",4,18,17,4,3,1,0,0,2,2,1,0,5,0,0,0,,0,0,0.246663,0.0715484,0.245989,0.290861,0.318522,0.388005,0.313167,0.706527,0.141342,4.98742,0.31352,0,-0.0268357,2.14559,-0.0568944,82.5811,-0.0268357,-0.0868809,-0.4173879958689213,-0.3222203701734543,-0.0140484,999,,,,,,,11.3,2.825,11.3,2.825,,,,,,,,,,,,,,,,,,,"Sterlin Thompson","31443",694514
"Abimelec Ortiz","WSN",13,56,51,12,7,2,0,2,7,7,4,0,15,1,0,0,,0,0,0.228201,0.0778548,0.269644,0.288732,0.29571,0.397634,0.303525,0.693344,0.169433,3.9212,0.283859,0,-0.135548,6.10178,-0.613975,89.6105,-0.135548,0.082834,-0.845838725566864,-1.1322894096374512,-0.014804,999,,,,,,,55.8,4.292307692,55.8,4.292307692,,,,,,,,,,,,,,,,,,,"Abimelec Ortiz","29539",694673
"Rob Refsnyder","SEA",9,38,33,7,4,1,0,1,4,4,3,0,11,1,0,0,,0,0,0.206667,0.0917558,0.287465,0.31919,0.294771,0.34127,0.284625,0.636041,0.134603,3.12116,0.26811,0,-0.0263716,3.49225,-0.984919,86.0545,-0.0263716,-0.0619286,-0.6391766704618931,-0.8464964628219604,-0.0149781,999,,,,,,,30.5,3.388888888,30.5,3.388888888,,,,,,,,,,,,,,,,,,,"Rob Refsnyder","13770",608701
"Jacob Berry","MIA",2,8,7,2,1,0,0,0,1,1,1,0,2,0,0,0,,0,0,0.22449,0.0718686,0.211499,0.339806,0.290123,0.335601,0.278818,0.625724,0.111111,5.26034,0.275449,0,-0.000926726,0.710444,-0.24895,71.7601,-0.000926726,-0.116,-0.2767348221386783,-0.16383951157331467,-0.0180987,999,,,,,,,7.2,3.6,7.2,3.6,,,,,,,,,,,,,,,,,,,"Jacob Berry","sa3019825",694351
"Adam Frazier","LAA",11,46,41,9,7,2,0,1,5,4,3,0,9,1,0,0,,1,0,0.22987,0.0706077,0.19862,0.355491,0.294569,0.330996,0.279712,0.625565,0.101126,4.23349,0.278295,0,-0.102062,4.05893,-1.37764,74.8145,-0.102062,-0.308623,-1.445938341319561,-0.3947337120771408,-0.0218947,999,,,,,,,38.5,3.5,38.5,3.5,,,,,,,,,,,,,,,,,,,"Adam Frazier","15223",624428
"Pedro Ramírez","CHC",17,73,67,17,13,3,1,1,8,8,5,0,14,1,0,0,,2,1,0.248174,0.0635053,0.191098,0.332317,0.302731,0.344713,0.287725,0.647444,0.0965386,5.68781,0.298732,0,-0.0302143,7.02872,-1.74509,80.7992,-0.0302143,0.345627,-1.7451759688556194,-0.9085399210453033,-0.0263608,999,,,,,,,71,4.176470588,71,4.176470588,,,,,,,,,,,,,,,,,,,"Pedro Ramirez","29218",699393
"Zac Veen","COL",7,29,26,6,4,1,0,1,3,3,2,0,7,0,0,0,,1,0,0.239796,0.0781609,0.250575,0.311927,0.30485,0.377551,0.300621,0.682401,0.137755,5.93414,0.304348,0,0.0248658,3.07626,-0.384785,74.1975,0.0248658,-0.0316509,-0.8842388596385717,-0.34229908883571625,-0.0285812,743.6599731445312,,,,,,,27.8,3.971428571,27.8,3.971428571,,,,,,,,,,,,,,,,,,,"Zac Veen","27770",691728
"Eliezer Alfonzo","LAD",5,20,18,4,3,1,0,0,2,2,1,0,2,0,0,0,,0,0,0.22485,0.0442382,0.120113,0.368304,0.26245,0.306355,0.251787,0.568805,0.0815047,1.94093,0.24234,0,-0.0468683,1.30203,-1.03707,55.5205,-0.0468683,-0.224018,-1.1060081645846367,0.15869760513305664,-0.0312923,999,,,,,,,10.3,2.06,10.3,2.06,,,,,,,,,,,,,,,,,,,"Eliezer Alfonzo","22741",672613
"Enrique Hernández","LAD",19,80,74,16,10,4,0,2,9,9,6,0,19,0,0,0,,0,0,0.222004,0.0708117,0.24076,0.294118,0.278112,0.362896,0.282481,0.641008,0.140892,2.50967,0.268811,0,-0.139094,7.34351,-2.25044,76.0309,-0.139094,-0.512463,-2.4800598323345184,-0.4550553262233734,-0.0321985,999,,,,,,,64,3.368421052,64,3.368421052,,,,,,,,,,,,,,,,,,,"Enrique Hernandez","10472",571771
"Wilmer Flores",,8,33,29,7,4,1,0,1,3,4,3,0,6,0,0,0,,0,0,0.224658,0.0786241,0.179361,0.438356,0.29484,0.356164,0.289658,0.651005,0.131507,1.15621,0.249123,0,-0.0416594,3.17514,-0.724336,81.2348,-0.0416594,0,-0.7732129916548729,-0.6805555820465088,-0.0343421,999,,,,,,,31.5,3.9375,31.5,3.9375,,,,,,,,,,,,,,,,,,,"Wilmer Flores","5827",527038
"Deyvison De Los Santos","MIA",11,46,42,10,7,1,0,1,5,5,2,0,12,0,0,0,,1,0,0.239082,0.0535062,0.258324,0.207128,0.285598,0.376073,0.289899,0.661671,0.136991,3.97734,0.296219,0,-0.0416307,4.43566,-1.00091,79.1648,-0.0416307,0.248862,-1.1947332620620728,-0.660088300704956,-0.0376295,999,,,,,,,34.2,3.109090909,34.2,3.109090909,,,,,,,,,,,,,,,,,,,"Deyvison De Los Santos","27969",691277
"Bryan De La Cruz","PHI",11,48,45,11,7,2,0,2,5,6,3,0,14,0,0,0,,0,0,0.238298,0.0591716,0.282051,0.20979,0.285996,0.382979,0.293091,0.668975,0.144681,3.02358,0.304762,0,-0.00159989,4.82156,-0.934803,81.0321,-0.00159989,-0.318857,-1.113109924015589,-0.835523784160614,-0.0382956,999,,,,,,,50.2,4.563636363,50.2,4.563636363,,,,,,,,,,,,,,,,,,,"Bryan De La Cruz","19600",650559
"Kyler Fedko","MIN",6,24,21,4,3,1,0,1,3,3,2,0,6,0,0,0,,1,0,0.209631,0.0987712,0.25528,0.386913,0.292501,0.340369,0.283831,0.632869,0.130738,4.75795,0.263478,0,0.0102061,2.22947,-0.648709,78.0958,0.0102061,-0.490899,-0.6085633514449,-0.6726888567209244,-0.0426291,999,,,,,,,21.6,3.6,21.6,3.6,,,,,,,,,,,,,,,,,,,"Kyler Fedko","29930",693459
"Jase Bowen","SDP",14,63,57,12,8,2,0,1,7,8,4,0,20,1,0,0,,2,1,0.214564,0.0587794,0.326573,0.179988,0.270786,0.344205,0.272239,0.614992,0.129641,6.72958,0.303777,0,0.125061,5.20013,-2.27386,72.3694,0.125061,0.028248,-1.9772098809480667,-0.4870297107845545,-0.0430611,999,,,,,,,41.4,2.957142857,41.4,2.957142857,,,,,,,,,,,,,,,,,,,"Jase Bowen","26047",687749
"Jose Fernandez","ARI",5,22,20,5,3,1,0,0,2,2,1,0,5,0,0,0,,0,0,0.236303,0.0408359,0.244304,0.167152,0.27114,0.345879,0.271278,0.61702,0.109577,5.27072,0.299741,0,-0.00544039,1.79175,-0.8079,67.0737,-0.00544039,-0.182538,-0.8768130862154067,-0.2992042377591133,-0.047241,999,,,,,,,13.9,2.78,13.9,2.78,,,,,,,,,,,,,,,,,,,"Jose Fernandez","28020",699912
"Adrian Del Castillo","ARI",13,56,51,11,7,2,0,2,6,7,5,0,16,0,0,0,,0,0,0.220244,0.0812738,0.29347,0.276941,0.286669,0.371884,0.289785,0.658553,0.15164,2.99604,0.288853,0,-0.0438257,5.44887,-1.23594,79.4396,-0.0438257,-0.00683158,-1.4429831393063068,-0.8526648809202015,-0.0477826,999,,,,,,,50.2,3.861538461,50.2,3.861538461,,,,,,,,,,,,,,,,,,,"Adrian Del Castillo","29554",680728
"Charlie Condon","COL",9,40,35,8,6,1,0,1,4,5,3,0,12,1,0,0,,0,0,0.239474,0.0774648,0.293427,0.264,0.316901,0.381579,0.310678,0.69848,0.142105,3.62456,0.325203,0,-0.0942213,4.51779,-0.201815,80.9181,-0.0942213,0.0958571,-1.0110178515315056,-0.7796058654785156,-0.05092,999,,,,,,,34.1,3.788888888,34.1,3.788888888,,,,,,,,,,,,,,,,,,,"Charlie Condon","sa3025257",809707
"Victor Bericoto","SFG",11,49,46,11,8,2,0,1,5,6,3,0,13,0,0,0,,0,0,0.244638,0.0555689,0.255923,0.217131,0.288041,0.378408,0.292225,0.666448,0.13377,2.74578,0.307745,0,-0.158831,4.86487,-0.984339,84.3986,-0.158831,-0.414478,-1.0878145396709442,-1.056144654750824,-0.0554952,999,,,,,,,39.8,3.618181818,39.8,3.618181818,,,,,,,,,,,,,,,,,,,"Victor Bericoto","26468",682674
"Dominic Smith","ATL",26,113,102,25,18,4,0,3,13,14,9,0,21,1,1,0,,1,0,0.246688,0.076491,0.185419,0.412531,0.311167,0.379339,0.304217,0.690507,0.132651,3.78663,0.281013,0,-0.0388889,12.361,-1.17366,89.5892,-0.0388889,0.00762014,-1.4733200259506702,-2.807194662746042,-0.0595674,999,,,,,,,109.7,4.219230769,109.7,4.219230769,,,,,,,,,,,,,,,,,,,"Dominic Smith","15653",642086
"Edwin Arroyo","CIN",35,152,141,36,28,6,1,1,15,13,7,0,31,2,1,1,,2,1,0.253722,0.0481936,0.205113,0.234961,0.298048,0.328945,0.279736,0.626994,0.0752233,4.33705,0.316972,0,-0.443204,13.5583,-4.59795,68.8862,-0.443204,-0.123463,-6.19397646188736,0.45925334841012955,-0.0791557,999,,,,,,,121.1,3.46,121.1,3.46,,,,,,,,,,,,,,,,,,,"Edwin Arroyo","29957",695490
"Sean Keys","TOR",17,74,64,12,7,3,0,2,8,8,7,0,21,1,0,0,,1,0,0.187452,0.0988601,0.286042,0.345614,0.281693,0.331998,0.275875,0.613691,0.144546,4.10552,0.241106,0,-0.0335324,6.3215,-2.45232,73.9659,-0.0335324,-0.098221,-2.275419697165489,-1.2162765860557556,-0.0880587,999,,,,,,,56.6,3.329411764,56.6,3.329411764,,,,,,,,,,,,,,,,,,,"Sean Keys","35094",815873
"Lucas Spence","HOU",13,58,51,10,7,2,0,1,6,5,6,0,18,1,0,0,,1,0,0.196834,0.0954201,0.307267,0.310545,0.28685,0.299513,0.26792,0.586363,0.102679,5.53084,0.28284,0,0.0340859,4.61277,-2.30931,68.424,0.0340859,-1.0496,-2.1111634336411953,-1.0307736694812775,-0.108645,999,,,,,,,43.1,3.315384615,43.1,3.315384615,,,,,,,,,,,,,,,,,,,"Lucas Spence","35126",828599
"Noelvi Marte","CIN",31,133,123,30,19,6,0,4,16,16,8,0,31,1,1,0,,4,1,0.244101,0.0609914,0.232088,0.262794,0.295648,0.403366,0.30496,0.699014,0.159264,5.22209,0.290544,0,0.0652887,14.5515,-1.29395,85.7411,0.0652887,-1.86719,-2.2347568199038506,-3.249901533126831,-0.117625,147.7100067138672,,,,,,,131.8,4.251612903,131.8,4.251612903,,,,,,,,,,,,,,,,,,,"Noelvi Marte","26517",682622
"Tommy White","ATH",16,71,66,16,11,3,0,2,7,9,4,0,13,1,0,0,,0,0,0.235279,0.0505192,0.179262,0.281818,0.2803,0.355289,0.280435,0.635589,0.12001,2.0068,0.266633,0,-0.122758,6.34945,-2.09941,73.6476,-0.122758,-0.39757,-2.308013863861561,-1.817014366388321,-0.161957,999,,,,,,,66.1,4.13125,66.1,4.13125,,,,,,,,,,,,,,,,,,,"Tommy White","35107",695720