Name,Team,W,L,QS,ERA,G,GS,SV,HLD,BS,IP,TBF,H,R,ER,HR,BB,IBB,HBP,SO,K/9,BB/9,K/BB,HR/9,K%,BB%,K-BB%,AVG,WHIP,BABIP,LOB%,GB%,HR/FB,FIP,WAR,RA9-WAR,ADP,InterSD,InterSK,IntraSD,Vol,Skew,Dim,FPTS,FPTS/IP,SPTS,SPTS/IP,P10,P20,P30,P40,P50,P60,P70,P80,P90,TT10,TT20,TT30,TT40,TT50,TT60,TT70,TT80,TT90,NameASCII,PlayerId,MLBAMID
"Tarik Skubal","LAD",2,1,3,2.88311,4,4,0,0,,28,111,22,10,9,3,6,,1,34,10.9566,1.81845,6.02523,0.952364,0.309281,0.0513309,0.25794975459575653,0.213025,0.989754,0.287171,0.762293,,,2.73973,0.87582,0.784822,7.019999980926514,,,,,,,160.10000000000002,5.717857142857143,148,5.285714285714286,,,,,,,,,,,,,,,,,,,"Tarik Skubal","22267",669373
"Cristopher Sánchez","PHI",2,1,3,3.0414,5,5,0,0,,31,127,28,11,11,3,7,,1,32,9.24004,2.13632,4.32521,0.735754,0.252331,0.0583396,0.19399147108197212,0.233683,1.12475,0.299607,0.74971,,,2.90687,0.87472,0.924491,24.75,,,,,,,159.7,5.151612903225806,156,5.032258064516129,,,,,,,,,,,,,,,,,,,"Cristopher Sanchez","20778",650911
"Paul Skenes","PIT",2,1,3,2.84244,5,5,0,0,,28,110,22,9,9,2,7,,1,33,10.713,2.33496,4.5881,0.780023,0.296876,0.0647055,0.2321700006723404,0.214963,1.05627,0.292269,0.7626,,,2.73753,0.863238,0.938051,9.649999618530273,,,,,,,167.40000000000003,5.9785714285714295,156,5.571428571428571,,,,,,,,,,,,,,,,,,,"Paul Skenes","33677",694973
"Chris Sale","ATL",2,1,3,3.08769,4,4,0,0,,28,111,23,10,9,3,7,,2,34,11.0247,2.28049,4.83438,0.876062,0.302769,0.0626284,0.24014081805944443,0.219357,1.07195,0.299344,0.747099,,,2.84153,0.78275,0.791484,39.36000061035156,,,,,,,151.50000000000006,5.410714285714287,142,5.071428571428571,,,,,,,,,,,,,,,,,,,"Chris Sale","10603",519242
"Zack Wheeler","PHI",2,1,3,3.27883,5,5,0,0,,30,119,24,12,11,3,8,,1,34,10.4392,2.39826,4.35281,1.03743,0.287741,0.0661046,0.22163629531860352,0.216856,1.07309,0.282829,0.742663,,,3.19663,0.767218,0.740315,110.48999786376953,,,,,,,163.7,5.456666666666666,152,5.066666666666666,,,,,,,,,,,,,,,,,,,"Zack Wheeler","10310",554430
"Jesús Luzardo","PHI",2,1,3,3.45558,5,5,0,0,,30,123,25,13,12,3,9,,1,34,10.1983,2.761,3.69369,0.968385,0.276886,0.0749618,0.20192375034093857,0.223804,1.14583,0.291612,0.732009,,,3.24604,0.744926,0.631511,70.58999633789062,,,,,,,158.1,5.27,149,4.966666666666667,,,,,,,,,,,,,,,,,,,"Jesus Luzardo","19959",666200
"Logan Webb","SFG",2,2,3,3.41967,5,5,0,0,,32,133,31,13,12,3,8,,1,29,8.09757,2.15223,3.76241,0.71946,0.216932,0.0576577,0.15927400812506676,0.249569,1.20608,0.306415,0.724825,,,3.14231,0.729772,0.683785,57.189998626708984,,,,,,,150.3,4.696875,152,4.75,,,,,,,,,,,,,,,,,,,"Logan Webb","17995",657277
"Dylan Cease","TOR",2,1,3,3.44713,5,5,0,0,,28,116,22,12,11,3,11,,1,36,11.5052,3.56666,3.22576,0.954461,0.309912,0.0960741,0.21383744478225708,0.213376,1.18565,0.29517,0.741753,,,3.18195,0.705866,0.561053,74.7699966430664,,,,,,,149.10000000000002,5.325000000000001,137,4.892857142857143,,,,,,,,,,,,,,,,,,,"Dylan Cease","18525",656302
"Yoshinobu Yamamoto","LAD",2,1,2,3.34819,4,4,0,0,,28,112,23,11,10,3,8,,1,29,9.43278,2.48661,3.79343,0.922361,0.258437,0.0681276,0.19030972570180893,0.220109,1.10159,0.27812,0.727702,,,3.23738,0.703216,0.66636,26.639999389648438,,,,,,,141.50000000000006,5.053571428571431,132,4.714285714285714,,,,,,,,,,,,,,,,,,,"Yoshinobu Yamamoto","33825",808967
"Jacob deGrom","TEX",2,1,3,3.369,5,5,0,0,,27,109,22,11,10,3,6,,1,31,10.3393,2.14118,4.82878,1.15136,0.287296,0.0594966,0.22779928520321846,0.220615,1.06162,0.283188,0.741896,,,3.24379,0.639637,0.587865,50.0099983215332,,,,,,,146.7,5.433333333333333,137,5.074074074074074,,,,,,,,,,,,,,,,,,,"Jacob deGrom","10954",594798
"Jacob Misiorowski","MIL",2,1,3,3.32148,5,5,0,0,,26,104,19,10,9,3,9,,2,34,11.91,3.29183,3.61806,0.994794,0.325929,0.090084,0.2358454316854477,0.199108,1.08921,0.278651,0.73632,,,3.15385,0.630602,0.632632,114.13999938964844,,,,,,,141.09999999999997,5.426923076923075,126,4.846153846153846,,,,,,,,,,,,,,,,,,,"Jacob Misiorowski","31623",694819
"Blake Snell","LAD",2,1,2,3.42352,4,4,0,0,,26,107,20,11,10,3,11,,1,32,11.1516,3.84065,2.90357,0.934053,0.298524,0.102813,0.1957111656665802,0.213265,1.21557,0.290769,0.749436,,,3.30984,0.623379,0.528527,178.41000366210938,,,,,,,131.49999999999997,5.057692307692307,119,4.576923076923077,,,,,,,,,,,,,,,,,,,"Blake Snell","13543",605483
"Max Fried","NYY",2,1,3,3.30936,4,4,0,0,,28,115,24,11,10,2,8,,1,26,8.53295,2.6946,3.16669,0.802359,0.229934,0.0726103,0.15732408314943314,0.230596,1.17155,0.285257,0.737403,,,3.36979,0.61981,0.685522,50.04999923706055,,,,,,,145.20000000000005,5.185714285714288,139,4.964285714285714,,,,,,,,,,,,,,,,,,,"Max Fried","13743",608331
"Ranger Suarez","BOS",2,1,3,3.56761,5,5,0,0,,28,115,26,12,11,3,8,,1,26,8.45883,2.5597,3.30462,0.857024,0.225739,0.0683099,0.15742860734462738,0.243837,1.22279,0.299704,0.726881,,,3.38701,0.618555,0.605431,183.97999572753906,,,,,,,127.70000000000005,4.560714285714288,126,4.5,,,,,,,,,,,,,,,,,,,"Ranger Suarez","17277",624133
"Drew Rasmussen","TBR",2,1,3,3.4538,5,5,0,0,,27,110,24,11,10,3,6,,1,26,8.68999,2.08442,4.16902,0.948953,0.238256,0.057149,0.18110660463571548,0.230787,1.10469,0.283046,0.718402,,,3.3315,0.604957,0.623465,132.36000061035156,,,,,,,131.5,4.87037037037037,127,4.703703703703703,,,,,,,,,,,,,,,,,,,"Drew Rasmussen","25385",656876
"Logan Gilbert","SEA",2,1,3,3.50458,5,5,0,0,,30,119,25,13,12,4,7,,1,33,9.9397,2.05363,4.84006,1.19867,0.275499,0.0569205,0.2185782790184021,0.222394,1.06043,0.279107,0.729056,,,3.4055,0.598026,0.498576,37.150001525878906,,,,,,,149.8,4.993333333333334,140,4.666666666666667,,,,,,,,,,,,,,,,,,,"Logan Gilbert","22250",669302
"Cam Schlittler","NYY",2,1,3,3.55947,5,5,0,0,,28,114,23,12,11,3,9,,1,30,9.83522,2.9471,3.33726,1.03281,0.264803,0.0793474,0.18545524775981903,0.224341,1.1691,0.285718,0.733026,,,3.51521,0.584179,0.570655,116.62999725341797,,,,,,,140.50000000000006,5.017857142857145,131,4.678571428571429,,,,,,,,,,,,,,,,,,,"Cam Schlittler","32095",693645
"Chase Burns","CIN",2,1,2,3.62148,4,4,0,0,,24,98,20,10,10,3,8,,1,28,10.5235,3.01806,3.48685,1.1673,0.285047,0.0817491,0.2032974660396576,0.221986,1.16563,0.286973,0.740057,,,3.51622,0.572612,0.534725,109.72000122070312,,,,,,,117.70000000000002,4.904166666666668,110,4.583333333333333,,,,,,,,,,,,,,,,,,,"Chase Burns","35333",695505
"Tyler Glasnow","LAD",2,1,2,3.646,4,4,0,0,,25,101,20,11,10,3,9,,1,30,10.7693,3.36825,3.1973,1.06542,0.292102,0.0913591,0.20074327290058136,0.213676,1.16502,0.281829,0.725197,,,3.41625,0.562386,0.461292,113.73999786376953,,,,,,,126.1,5.044,116,4.64,,,,,,,,,,,,,,,,,,,"Tyler Glasnow","14374",607192
"Gerrit Cole","NYY",2,1,3,3.96633,5,5,0,0,,30,124,27,14,13,4,8,,1,31,9.13515,2.50962,3.64005,1.2642,0.246309,0.0676665,0.17864271253347397,0.237259,1.18277,0.287623,0.713653,,,3.81258,0.548961,0.489233,232.89999389648438,,,,,,,137.60000000000002,4.586666666666668,133,4.433333333333334,,,,,,,,,,,,,,,,,,,"Gerrit Cole","13125",543037
"Braxton Ashcraft","PIT",2,1,3,3.64541,5,5,0,0,,25,106,24,11,10,3,7,,1,25,8.9061,2.60026,3.42508,0.927791,0.236947,0.06918,0.1677670180797577,0.242608,1.22138,0.3015,0.725228,,,3.44291,0.542667,0.505546,239.36000061035156,,,,,,,111.69999999999999,4.468,112,4.48,,,,,,,,,,,,,,,,,,,"Braxton Ashcraft","23793",677952
"Bryan Woo","SEA",2,1,2,3.45607,6,4,0,0,,29,115,24,12,11,4,6,,1,29,9.04342,1.89671,4.76794,1.15907,0.249951,0.0524234,0.19752804562449455,0.22311,1.05157,0.270218,0.727868,,,3.50221,0.53333,0.52799,34.77000045776367,,,,,,,140.00000000000003,4.8275862068965525,130,4.482758620689655,,,,,,,,,,,,,,,,,,,"Bryan Woo","30279",693433
"Framber Valdez","DET",2,2,3,3.75957,5,5,0,0,,30,129,29,14,13,3,10,,2,27,7.90714,3.06336,2.5812,0.788078,0.206977,0.0801863,0.12679053843021393,0.244218,1.28069,0.295666,0.713787,,,3.64793,0.529278,0.503769,81.13999938964844,,,,,,,127.69999999999999,4.256666666666666,129,4.3,,,,,,,,,,,,,,,,,,,"Framber Valdez","17295",664285
"George Kirby","SEA",2,2,3,3.81791,5,5,0,0,,29,121,28,14,12,4,6,,1,28,8.41681,1.82795,4.60451,1.09567,0.227406,0.0493877,0.17801831290125847,0.247596,1.16066,0.297394,0.706467,,,3.53078,0.524933,0.323578,64.58000183105469,,,,,,,127.60000000000004,4.400000000000001,128,4.413793103448276,,,,,,,,,,,,,,,,,,,"George Kirby","25436",669923
"Hunter Brown","HOU",2,1,3,3.60513,5,5,0,0,,28,118,24,12,11,3,10,,1,31,9.75179,3.29058,2.96355,0.989225,0.260011,0.0877365,0.1722748950123787,0.226036,1.21549,0.288321,0.734814,,,3.56733,0.524371,0.562492,36.189998626708984,,,,,,,136.90000000000003,4.889285714285715,130,4.642857142857143,,,,,,,,,,,,,,,,,,,"Hunter Brown","25880",686613
"Kevin Gausman","CHC",2,2,3,3.83009,5,5,0,0,,29,118,26,13,12,4,8,,1,28,8.81889,2.61284,3.37522,1.12203,0.236855,0.0701748,0.16668037325143814,0.239143,1.20495,0.290418,0.720468,,,3.68151,0.523718,0.484219,112.94999694824219,,,,,,,126.80000000000004,4.3724137931034495,122,4.206896551724138,,,,,,,,,,,,,,,,,,,"Kevin Gausman","14107",592332
"Nolan McLean","NYM",2,1,2,3.58341,4,4,0,0,,27,113,23,12,11,3,10,,2,29,9.52256,3.31482,2.87273,0.922237,0.252397,0.0878598,0.1645374894142151,0.226321,1.21956,0.287913,0.731142,,,3.59176,0.518386,0.468575,87.29000091552734,,,,,,,125.10000000000001,4.633333333333334,118,4.37037037037037,,,,,,,,,,,,,,,,,,,"Nolan McLean","33703",690997
"Sonny Gray","BOS",2,1,2,3.87372,4,4,0,0,,26,109,25,12,11,3,7,,1,27,9.14456,2.3603,3.87432,1.07049,0.245161,0.0632784,0.1818825900554657,0.243545,1.19915,0.301616,0.708201,,,3.49024,0.506124,0.472333,138.08999633789062,,,,,,,120.5,4.634615384615385,121,4.653846153846154,,,,,,,,,,,,,,,,,,,"Sonny Gray","12768",543243
"Parker Messick","CLE",2,1,3,3.81426,5,5,0,0,,28,116,26,13,12,3,9,,1,26,8.55354,2.79129,3.06437,1.01352,0.226594,0.0739445,0.15264900028705597,0.2426,1.24223,0.294873,0.720627,,,3.70308,0.505278,0.459031,294.17999267578125,,,,,,,124.70000000000005,4.45357142857143,123,4.392857142857143,,,,,,,,,,,,,,,,,,,"Parker Messick","31986",800048
"Eury Pérez","MIA",1,1,2,3.8723,4,4,0,0,,25,102,20,12,11,3,9,,1,28,10.0831,3.1119,3.24017,1.17212,0.272063,0.0839655,0.18809707462787628,0.219525,1.16427,0.277759,0.709412,,,3.70413,0.490452,0.374248,78.6500015258789,,,,,,,122.1,4.8839999999999995,112,4.48,,,,,,,,,,,,,,,,,,,"Eury Perez","27768",691587
"Gavin Williams","CLE",2,1,3,3.71876,5,5,0,0,,27,114,23,12,11,3,10,,1,31,10.178,3.36196,3.02739,1.07801,0.271473,0.0896724,0.1818009540438652,0.225922,1.22286,0.290808,0.733281,,,3.59797,0.477425,0.499595,144.74000549316406,,,,,,,132.10000000000002,4.892592592592593,125,4.62962962962963,,,,,,,,,,,,,,,,,,,"Gavin Williams","30122",668909
"Sandy Alcantara","MIA",2,2,3,4.18578,5,5,0,0,,30,126,29,15,14,4,8,,1,25,7.44667,2.54501,2.92599,1.07027,0.196322,0.067096,0.1292259618639946,0.251105,1.25922,0.291451,0.68973,,,3.95239,0.47239,0.387221,144.57000732421875,,,,,,,120.4,4.013333333333334,121,4.033333333333333,,,,,,,,,,,,,,,,,,,"Sandy Alcantara","18684",645261
"Payton Tolle","BOS",1,1,2,3.89672,4,4,0,0,,25,104,22,12,11,3,8,,1,26,9.42969,2.75955,3.41712,1.21125,0.253845,0.0742863,0.17955882847309113,0.23245,1.1879,0.286207,0.717653,,,3.74608,0.464648,0.406139,673,,,,,,,115.89999999999999,4.635999999999999,111,4.44,,,,,,,,,,,,,,,,,,,"Payton Tolle","35466",801139
"Kyle Bradish","BAL",2,1,3,3.82025,5,5,0,0,,27,114,24,12,11,3,10,,1,27,9.11332,3.26334,2.79264,1.0001,0.24089,0.0862589,0.15463074296712875,0.233474,1.24894,0.29006,0.720303,,,3.72438,0.462766,0.478228,72.95999908447266,,,,,,,121.5,4.5,117,4.333333333333333,,,,,,,,,,,,,,,,,,,"Kyle Bradish","24586",680694
"MacKenzie Gore","TEX",2,2,3,3.95762,5,5,0,0,,27,112,23,13,12,3,10,,1,29,9.92356,3.4036,2.91561,1.11625,0.261725,0.0897669,0.17195836454629898,0.232689,1.26064,0.295593,0.720024,,,3.75174,0.45421,0.370859,164.82000732421875,,,,,,,128.10000000000002,4.744444444444445,121,4.481481481481482,,,,,,,,,,,,,,,,,,,"MacKenzie Gore","22201",669022
"José Soriano","TOR",2,2,3,3.67335,5,5,0,0,,28,119,24,12,11,3,12,,1,27,8.7411,3.95659,2.20925,0.816399,0.227589,0.103017,0.12457292526960373,0.229912,1.30841,0.286391,0.731977,,,3.7862,0.449703,0.561053,321.80999755859375,,,,,,,122.90000000000003,4.389285714285715,116,4.142857142857143,,,,,,,,,,,,,,,,,,,"Jose Soriano","22100",667755
"Cade Cavalli","WSN",1,1,2,3.89605,4,4,0,0,,25,105,23,12,11,3,8,,2,24,8.66488,2.96237,2.92498,0.977504,0.226147,0.0773156,0.14883137494325638,0.246538,1.28132,0.302265,0.717975,,,3.75503,0.441526,0.3852,305.2200012207031,,,,,,,106.3,4.252,104,4.16,,,,,,,,,,,,,,,,,,,"Cade Cavalli","27473",676917
"Shane McClanahan","TBR",2,1,2,3.78207,4,4,0,0,,24,101,22,11,10,3,8,,1,24,8.96695,2.96456,3.02472,1.08135,0.240756,0.0795962,0.1611599177122116,0.233326,1.21141,0.286017,0.723387,,,3.72711,0.435264,0.423005,182.99000549316406,,,,,,,104.50000000000001,4.354166666666667,102,4.25,,,,,,,,,,,,,,,,,,,"Shane McClanahan","21483",663556
"Reid Detmers","LAA",1,2,2,4.11637,5,5,0,0,,26,109,23,13,12,3,9,,1,29,10.0062,3.1006,3.22719,1.19025,0.26661,0.0826136,0.1839963048696518,0.230342,1.21541,0.291168,0.697167,,,3.74675,0.434493,0.324478,350.4599914550781,,,,,,,123.7,4.757692307692308,119,4.576923076923077,,,,,,,,,,,,,,,,,,,"Reid Detmers","27468",672282
"Aaron Nola","PHI",1,2,2,4.33687,5,5,0,0,,28,116,27,14,13,4,8,,1,27,8.93654,2.69151,3.32027,1.41421,0.236185,0.0711341,0.16505048424005508,0.24963,1.26639,0.297323,0.709684,,,4.12732,0.429658,0.395422,205.52999877929688,,,,,,,114.80000000000005,4.100000000000002,115,4.107142857142857,,,,,,,,,,,,,,,,,,,"Aaron Nola","16149",605400
"Trevor Rogers","BAL",2,2,3,4.06567,5,5,0,0,,27,114,26,13,12,3,8,,1,23,7.6635,2.81061,2.72663,1.08131,0.202347,0.0742113,0.1281357854604721,0.246989,1.26677,0.288415,0.706146,,,3.97314,0.42886,0.371482,146.07000732421875,,,,,,,114.30000000000001,4.233333333333333,115,4.2592592592592595,,,,,,,,,,,,,,,,,,,"Trevor Rogers","22286",669432
"Freddy Peralta","TBR",2,2,3,4.00954,5,5,0,0,,28,116,24,13,12,4,10,,1,29,9.48546,3.36485,2.81898,1.26382,0.251038,0.0890527,0.16198507696390152,0.229669,1.24147,0.281497,0.724705,,,4.0632,0.421594,0.47574,56.36000061035156,,,,,,,120.60000000000005,4.307142857142859,113,4.035714285714286,,,,,,,,,,,,,,,,,,,"Freddy Peralta","18679",642547
"Casey Mize","SDP",2,1,2,3.99347,4,4,0,0,,25,102,23,12,11,3,7,,1,22,8.22727,2.47215,3.32799,1.2195,0.219453,0.0659415,0.15351106971502304,0.246038,1.22429,0.289722,0.71718,,,3.9344,0.420437,0.307031,289.6499938964844,,,,,,,108.3,4.332,106,4.24,,,,,,,,,,,,,,,,,,,"Casey Mize","20492",663554
"Logan Henderson","MIL",2,1,2,3.91379,6,4,0,0,,24,98,20,11,10,4,7,,1,26,9.76728,2.6513,3.68396,1.35698,0.265308,0.0720171,0.19329100102186203,0.227116,1.14971,0.278497,0.721301,,,3.8492,0.418197,0.259839,413.3999938964844,,,,,,,104.40000000000003,4.350000000000001,96,4,,,,,,,,,,,,,,,,,,,"Logan Henderson","31475",701656
"Matthew Boyd","CHC",2,1,3,3.93862,5,5,0,0,,27,115,26,13,12,4,8,,1,25,8.13752,2.61302,3.11422,1.1574,0.216127,0.0694001,0.146727092564106,0.2435,1.227,0.287169,0.717621,,,3.95733,0.417849,0.354526,212.75999450683594,,,,,,,106.00000000000003,3.925925925925927,106,3.925925925925926,,,,,,,,,,,,,,,,,,,"Matthew Boyd","15440",571510
"Michael King","SDP",2,1,3,3.90046,5,5,0,0,,27,114,24,13,12,4,10,,1,27,8.91504,3.33973,2.66939,1.17308,0.234946,0.0880149,0.14693141728639603,0.233852,1.2593,0.283074,0.731998,,,4.05034,0.408222,0.327313,129.55999755859375,,,,,,,109.20000000000002,4.044444444444445,104,3.8518518518518516,,,,,,,,,,,,,,,,,,,"Michael King","19853",650633
"Jared Jones","PIT",1,1,2,3.99199,5,4,0,0,,22,93,20,11,10,3,7,,1,23,9.36831,2.99859,3.12424,1.13745,0.248732,0.0796136,0.16911856085062027,0.236039,1.23098,0.292612,0.710461,,,3.7883,0.402991,0.331906,714.77001953125,,,,,,,95.9,4.359090909090909,93,4.2272727272727275,,,,,,,,,,,,,,,,,,,"Jared Jones","27863",683003
"Shota Imanaga","CHC",2,1,3,3.98321,5,5,0,0,,28,113,26,13,12,5,6,,1,26,8.45036,1.93784,4.3607,1.5505,0.230677,0.0528991,0.17777802795171738,0.239288,1.1317,0.273728,0.730632,,,4.1672,0.390238,0.418963,157.92999267578125,,,,,,,109.10000000000005,3.896428571428573,106,3.7857142857142856,,,,,,,,,,,,,,,,,,,"Shota Imanaga","33829",684007
"Christian Scott","NYM",1,1,2,3.94167,4,4,0,0,,24,99,21,11,10,3,8,,1,25,9.32737,3.08344,3.02498,1.16854,0.248063,0.0820045,0.16605797410011292,0.231341,1.21842,0.284767,0.71613,,,3.8747,0.389904,0.379971,748.5700073242188,,,,,,,109.10000000000002,4.545833333333334,104,4.333333333333333,,,,,,,,,,,,,,,,,,,"Christian Scott","30107",681035
"Gage Jump","ATH",2,2,2,4.27278,4,4,0,0,,24,105,23,13,12,3,10,,1,24,8.97732,3.56361,2.51916,1.14373,0.231914,0.0920599,0.13985394686460495,0.245631,1.34348,0.300203,0.709908,,,4.07111,0.385909,0.303811,999,,,,,,,95.90000000000002,3.995833333333334,96,4,,,,,,,,,,,,,,,,,,,"Gage Jump","35418",695611
"Michael Wacha","KCR",2,2,2,4.34844,5,5,0,0,,27,114,27,14,13,3,8,,1,21,7.0187,2.63082,2.66788,1.15086,0.184562,0.0691791,0.11538254469633102,0.254258,1.28447,0.28863,0.686867,,,4.15589,0.384769,0.330882,609.2899780273438,,,,,,,107.7,3.988888888888889,111,4.111111111111111,,,,,,,,,,,,,,,,,,,"Michael Wacha","14078",608379
"Luis Castillo","CHW",2,2,2,4.26333,5,5,0,0,,29,122,28,15,14,4,9,,1,26,7.97926,2.68029,2.97702,1.33328,0.210623,0.0707497,0.13987335562705994,0.248171,1.25837,0.286484,0.707419,,,4.25237,0.378629,0.319557,171.0500030517578,,,,,,,114.60000000000004,3.951724137931036,115,3.9655172413793105,,,,,,,,,,,,,,,,,,,"Luis Castillo","15689",622491
"Mason Miller","SDP",1,0,0,2.25933,10,0,5,0,,10,41,6,3,3,1,4,,0,17,14.2909,3.44209,4.1518,0.669713,0.406957,0.0980194,0.30893756449222565,0.163311,0.95045,0.27184,0.800669,,,2.14646,0.378424,0.332676,27.860000610351562,,,,,,,93.10000000000001,9.31,84,8.4,,,,,,,,,,,,,,,,,,,"Mason Miller","31757",695243
"Carlos Rodón","NYY",2,2,2,4.11049,5,5,0,0,,27,115,23,14,12,4,11,,1,29,9.52884,3.52566,2.70271,1.26877,0.252154,0.0932969,0.15885738283395767,0.226986,1.24623,0.278199,0.714861,,,4.10163,0.374041,0.296058,202.3000030517578,,,,,,,112.80000000000003,4.177777777777779,105,3.888888888888889,,,,,,,,,,,,,,,,,,,"Carlos Rodon","16137",607074
"Foster Griffin","CLE",2,1,2,4.06559,4,4,0,0,,25,105,24,12,11,3,7,,1,23,8.36043,2.50422,3.33854,1.12816,0.221487,0.0663425,0.15514487773180008,0.247053,1.23306,0.295127,0.701653,,,3.84286,0.373575,0.368684,999,,,,,,,107.69999999999999,4.308,108,4.32,,,,,,,,,,,,,,,,,,,"Foster Griffin","16432",656492
"Troy Melton","DET",2,1,2,4.0595,6,4,0,0,,27,115,25,13,12,4,9,,1,24,7.89323,2.87191,2.74842,1.18818,0.209845,0.0763511,0.13349416851997375,0.239293,1.23497,0.278123,0.709135,,,4.10155,0.366122,0.347667,743.22998046875,,,,,,,103.60000000000002,3.837037037037038,101,3.740740740740741,,,,,,,,,,,,,,,,,,,"Troy Melton","31807",675512
"Taj Bradley","MIN",2,2,2,4.34695,5,5,0,0,,27,113,24,14,13,4,10,,1,27,9.19422,3.43068,2.68,1.23807,0.241075,0.0899535,0.15112172067165375,0.239471,1.29747,0.291968,0.69915,,,4.06247,0.363452,0.294731,492.4599914550781,,,,,,,109.20000000000002,4.044444444444445,104,3.8518518518518516,,,,,,,,,,,,,,,,,,,"Taj Bradley","22543",671737
"Sean Burke","CHW",1,2,2,4.35007,5,5,0,0,,28,118,25,15,13,4,11,,1,28,9.12843,3.47087,2.63001,1.3178,0.238712,0.0907649,0.1479475274682045,0.238156,1.29533,0.287049,0.706166,,,4.24602,0.357935,0.256768,748.5599975585938,,,,,,,113.00000000000006,4.035714285714287,108,3.857142857142857,,,,,,,,,,,,,,,,,,,"Sean Burke","29878",680732
"Sean Manaea","NYM",1,1,2,4.25864,5,5,0,0,,26,109,24,13,12,4,8,,2,26,9.08828,2.83585,3.20478,1.31274,0.240828,0.0751466,0.16568173468112946,0.237439,1.22119,0.285756,0.695055,,,4.09085,0.35628,0.297034,423.3599853515625,,,,,,,102.79999999999998,3.953846153846153,100,3.8461538461538463,,,,,,,,,,,,,,,,,,,"Sean Manaea","15873",640455
"Clay Holmes","CHC",2,1,2,3.78212,4,4,0,0,,25,108,24,11,11,2,10,,1,21,7.43924,3.4111,2.18089,0.800167,0.192471,0.0882532,0.10421757400035858,0.245382,1.32564,0.291515,0.723347,,,3.89641,0.35388,0.440317,330.6300048828125,,,,,,,107,4.28,108,4.32,,,,,,,,,,,,,,,,,,,"Clay Holmes","13649",605280
"Landen Roupp","SFG",2,1,2,3.97973,4,4,0,0,,24,103,22,12,11,2,10,,1,23,8.48825,3.83343,2.21427,0.843501,0.219639,0.0991925,0.12044639140367508,0.240836,1.3491,0.296621,0.713084,,,3.79811,0.352917,0.267434,690.0999755859375,,,,,,,108.80000000000003,4.533333333333334,107,4.458333333333333,,,,,,,,,,,,,,,,,,,"Landen Roupp","30076",694738
"Shane Baz","BAL",2,2,2,4.19466,5,5,0,0,,27,115,26,14,13,4,9,,1,26,8.45176,3.02333,2.79551,1.21542,0.222004,0.0794144,0.14258935302495956,0.244444,1.27666,0.290408,0.708038,,,4.10547,0.35006,0.26803,186.92999267578125,,,,,,,105.00000000000003,3.8888888888888897,105,3.888888888888889,,,,,,,,,,,,,,,,,,,"Shane Baz","22264",669358
"Andrew Abbott","CIN",1,2,2,4.3445,4,4,0,0,,26,109,25,13,12,4,9,,1,22,7.81127,3.15263,2.4777,1.37971,0.204718,0.0826242,0.12209366261959076,0.249109,1.31308,0.284659,0.717717,,,4.46443,0.34304,0.350763,221.92999267578125,,,,,,,92.19999999999999,3.5461538461538455,92,3.5384615384615383,,,,,,,,,,,,,,,,,,,"Andrew Abbott","29911",671096
"Nick Lodolo","CIN",1,1,2,4.23845,4,4,0,0,,24,102,23,12,11,3,7,,2,23,8.65941,2.57097,3.36814,1.29875,0.226183,0.0671537,0.15902966260910034,0.244738,1.23423,0.290412,0.699806,,,4.16911,0.342972,0.323769,127.94999694824219,,,,,,,99.90000000000002,4.1625000000000005,100,4.166666666666667,,,,,,,,,,,,,,,,,,,"Nick Lodolo","26378",666157
"Tanner Bibee","CLE",2,2,2,4.15389,4,4,0,0,,27,113,26,14,12,4,8,,1,24,8.07293,2.60479,3.09927,1.26252,0.213755,0.0689696,0.14478574693202972,0.246319,1.24047,0.287122,0.707602,,,4.11892,0.342146,0.291518,188.6300048828125,,,,,,,104.00000000000003,3.851851851851853,104,3.8518518518518516,,,,,,,,,,,,,,,,,,,"Tanner Bibee","30134",676440
"Dustin May","MIL",2,1,2,4.09264,4,4,0,0,,25,107,23,13,12,3,9,,2,24,8.67788,3.26801,2.6554,1.15213,0.227541,0.0856901,0.14185141026973724,0.23623,1.26316,0.284062,0.709339,,,4.10152,0.333716,0.244483,414.6700134277344,,,,,,,103.3,4.132,101,4.04,,,,,,,,,,,,,,,,,,,"Dustin May","19716",669160
"Yusei Kikuchi","LAA",1,2,2,4.20732,5,5,0,0,,26,111,25,13,12,4,10,,1,27,9.15639,3.29559,2.77837,1.29952,0.238515,0.0858469,0.1526680588722229,0.247368,1.32261,0.300238,0.726914,,,4.12277,0.333627,0.324478,506.57000732421875,,,,,,,99.19999999999999,3.815384615384615,99,3.8076923076923075,,,,,,,,,,,,,,,,,,,"Yusei Kikuchi","20633",579328
"Joey Cantillo","CLE",1,2,2,4.04692,6,4,0,0,,25,105,22,12,11,3,11,,1,26,9.48318,3.85656,2.45897,1.07506,0.246749,0.100346,0.14640279114246368,0.236981,1.33231,0.297027,0.724029,,,3.89828,0.333337,0.328652,270.80999755859375,,,,,,,106.89999999999999,4.276,102,4.08,,,,,,,,,,,,,,,,,,,"Joey Cantillo","23335",676282
"Cade Smith","CLE",1,1,0,2.92507,11,0,5,0,,11,43,8,4,4,1,3,,1,14,11.7421,2.6348,4.45653,0.723684,0.324654,0.0728489,0.2518045902252197,0.20811,1.05751,0.298884,0.745279,,,2.55107,0.331977,0.282091,39.90999984741211,,,,,,,89.30000000000001,8.118181818181819,83,7.545454545454546,,,,,,,,,,,,,,,,,,,"Cade Smith","27867",671922
"Noah Cameron","KCR",2,1,2,4.19781,4,4,0,0,,25,108,25,13,12,3,8,,1,22,7.76445,2.93934,2.64156,1.17867,0.203336,0.0769756,0.12636006623506546,0.250799,1.30073,0.291709,0.710364,,,4.13651,0.329854,0.302699,298,,,,,,,100.1,4.004,103,4.12,,,,,,,,,,,,,,,,,,,"Noah Cameron","30184",702070
"Janson Junk","MIA",1,2,2,4.66255,4,4,0,0,,25,107,27,14,13,3,6,,1,18,6.52778,2.26299,2.88458,1.24629,0.169666,0.0588181,0.11084771528840065,0.270996,1.33319,0.301561,0.67591,,,4.28247,0.329737,0.173742,999,,,,,,,92.89999999999999,3.7159999999999997,101,4.04,,,,,,,,,,,,,,,,,,,"Janson Junk","23301",676083
"Brady Singer","CIN",1,2,2,4.62271,5,5,0,0,,27,116,27,15,14,4,9,,2,24,7.98813,2.98285,2.67802,1.32697,0.206216,0.0770031,0.1292126104235649,0.256029,1.33287,0.296897,0.687621,,,4.40288,0.329001,0.215531,388.25,,,,,,,95.40000000000002,3.533333333333334,98,3.6296296296296298,,,,,,,,,,,,,,,,,,,"Brady Singer","25377",663903
"Patrick Sandoval","BOS",1,1,2,4.23983,6,4,0,0,,22,96,21,11,10,2,10,,1,20,8.2745,3.93671,2.10188,0.93691,0.210843,0.100312,0.11053156852722168,0.251164,1.41344,0.304599,0.711039,,,4.02139,0.327022,0.285229,999,,,,,,,90.60000000000002,4.118181818181819,91,4.136363636363637,,,,,,,,,,,,,,,,,,,"Patrick Sandoval","19447",663776
"Andrew Alvarez","WSN",1,1,2,4.09904,4,4,0,0,,22,94,21,11,10,2,9,,1,18,7.24128,3.6911,1.96182,0.89414,0.185846,0.0947314,0.09111452102661133,0.248757,1.3737,0.291022,0.711679,,,4.13294,0.325466,0.293799,999,,,,,,,89.60000000000002,4.072727272727274,90,4.090909090909091,,,,,,,,,,,,,,,,,,,"Andrew Alvarez","29914",674841
"Jhoan Duran","PHI",1,1,0,2.68342,10,0,5,0,,10,42,8,3,3,1,3,,1,13,10.8942,2.54021,4.2887,0.607972,0.299912,0.0699307,0.2299812138080597,0.212886,1.06929,0.297432,0.764537,,,2.5577,0.32092,0.369528,41.84000015258789,,,,,,,79.9,7.99,76,7.6,,,,,,,,,,,,,,,,,,,"Jhoan Duran","21029",661395
"Jake Bennett","BOS",1,1,2,4.16049,6,4,0,0,,24,100,24,12,11,3,6,,1,18,6.8281,2.44903,2.78808,1.01009,0.179076,0.064229,0.11484657227993011,0.257887,1.28335,0.294724,0.693357,,,3.97123,0.32008,0.313668,999,,,,,,,93.30000000000001,3.8875000000000006,96,4,,,,,,,,,,,,,,,,,,,"Jake Bennett","31959",687562
"Will Warren","NYY",1,2,2,4.33657,7,5,0,0,,27,116,26,14,13,4,10,,1,27,8.91294,3.19299,2.79141,1.27855,0.231622,0.0829768,0.14864535629749298,0.249792,1.3237,0.301057,0.711192,,,4.13956,0.319159,0.270692,285.04998779296875,,,,,,,104.00000000000003,3.851851851851853,104,3.8518518518518516,,,,,,,,,,,,,,,,,,,"Will Warren","30182",701542
"Ian Seymour","TBR",1,1,2,4.06332,5,4,0,0,,21,88,19,10,10,3,7,,1,21,9.13602,2.92458,3.12388,1.27584,0.243444,0.07793,0.1655137836933136,0.232734,1.20764,0.281101,0.710383,,,4.02737,0.311436,0.266586,521.1400146484375,,,,,,,87.1,4.147619047619047,84,4,,,,,,,,,,,,,,,,,,,"Ian Seymour","27932",693855
"Carmen Mlodzinski","PIT",1,1,2,4.11221,6,4,0,0,,23,97,22,11,10,2,8,,1,18,7.33275,3.08828,2.37438,0.9791,0.190578,0.0802644,0.1103135272860527,0.252709,1.32721,0.294653,0.706921,,,4.01139,0.307777,0.297586,745.6199951171875,,,,,,,97.40000000000002,4.234782608695653,98,4.260869565217392,,,,,,,,,,,,,,,,,,,"Carmen Mlodzinski","27572",669387
"Nick Martinez","TBR",2,2,2,4.41721,5,5,0,0,,28,118,29,15,14,4,6,,1,20,6.28607,2.0425,3.07763,1.31698,0.166162,0.0539901,0.1121717132627964,0.261117,1.25532,0.28512,0.687169,,,4.38397,0.306282,0.272188,738.3400268554688,,,,,,,101.6,3.6285714285714286,107,3.8214285714285716,,,,,,,,,,,,,,,,,,,"Nick Martinez","12730",607259
"Bubba Chandler","PIT",1,1,2,4.23822,4,4,0,0,,21,91,20,11,10,3,8,,1,20,8.34287,3.55729,2.34528,1.08638,0.216032,0.0921136,0.12391891330480576,0.240807,1.3199,0.287934,0.702088,,,4.1521,0.30608,0.245105,150.00999450683594,,,,,,,79.5,3.7857142857142856,79,3.761904761904762,,,,,,,,,,,,,,,,,,,"Bubba Chandler","29868",696149
"Kyle Harrison","MIL",1,1,2,4.1239,4,4,0,0,,22,94,20,11,10,3,8,,1,24,9.67591,3.24675,2.98019,1.29863,0.255502,0.0857335,0.16976824402809143,0.233965,1.24953,0.28863,0.717384,,,4.03602,0.303739,0.260141,446.55999755859375,,,,,,,94.9,4.3136363636363635,92,4.181818181818182,,,,,,,,,,,,,,,,,,,"Kyle Harrison","27758",690986
"Eduardo Rodriguez","ARI",2,1,2,4.4979,5,5,0,0,,26,112,27,14,13,3,9,,1,21,7.41966,3.19439,2.32272,1.19554,0.190787,0.0821396,0.10864733904600143,0.261967,1.38784,0.301465,0.702753,,,4.29596,0.302935,0.228998,738.219970703125,,,,,,,97.3,3.7423076923076923,103,3.9615384615384617,,,,,,,,,,,,,,,,,,,"Eduardo Rodriguez","13164",593958
"Brandon Pfaadt","ARI",2,1,2,4.60397,5,5,0,0,,26,109,27,14,13,4,6,,1,21,7.30704,2.20939,3.30727,1.2779,0.190809,0.0576938,0.13311504572629929,0.26601,1.30012,0.303128,0.67562,,,4.17656,0.301471,0.228998,588.5999755859375,,,,,,,93.99999999999999,3.615384615384615,99,3.8076923076923075,,,,,,,,,,,,,,,,,,,"Brandon Pfaadt","27782",694297
"Grant Taylor","CHW",1,1,0,3.2524,12,0,3,1,,12,51,10,5,4,1,5,,0,15,11.0176,3.36018,3.27886,0.724784,0.297792,0.0908218,0.20697037875652313,0.216616,1.17714,0.300612,0.736885,,,2.8825,0.299759,0.209907,506.67999267578125,,,,,,,84.50000000000001,7.041666666666668,81,6.75,,,,,,,,,,,,,,,,,,,"Grant Taylor","33927",691799
"Cody Bradford","TEX",1,1,2,4.28587,6,4,0,0,,23,94,22,12,11,3,5,,1,19,7.48579,2.13229,3.51068,1.28327,0.200963,0.0572433,0.14371942356228828,0.247916,1.19617,0.282103,0.680902,,,4.08227,0.296816,0.251394,999,,,,,,,96.10000000000001,4.178260869565218,96,4.173913043478261,,,,,,,,,,,,,,,,,,,"Cody Bradford","27597",674003
"Davis Martin","CHW",1,2,2,4.3609,4,4,0,0,,25,106,24,13,12,3,8,,1,20,7.39937,3.07522,2.40613,1.16073,0.191607,0.0796329,0.11197439581155777,0.253407,1.3294,0.291435,0.698722,,,4.295,0.293377,0.268557,999,,,,,,,98.69999999999999,3.9479999999999995,99,3.96,,,,,,,,,,,,,,,,,,,"Davis Martin","21448",663436
"Tyler Mahle","ATL",1,1,2,4.10089,4,4,0,0,,23,96,21,11,10,3,8,,1,20,7.9705,3.10321,2.56847,1.15456,0.209409,0.0815305,0.12787820398807526,0.24496,1.2889,0.287239,0.715427,,,4.10484,0.293342,0.336387,322.7200012207031,,,,,,,91.70000000000002,3.986956521739131,89,3.869565217391304,,,,,,,,,,,,,,,,,,,"Tyler Mahle","16358",641816
"Kyle Leahy","STL",1,1,2,4.38572,4,4,0,0,,24,102,24,13,12,3,8,,1,20,7.68329,3.1118,2.46908,1.10615,0.198955,0.0805785,0.11837636679410934,0.254765,1.34057,0.297761,0.693959,,,4.13204,0.290619,0.176079,733.6699829101562,,,,,,,91.30000000000001,3.804166666666667,94,3.9166666666666665,,,,,,,,,,,,,,,,,,,"Kyle Leahy","24763",681517
"Connor Prielipp","MIN",1,1,2,4.08852,7,4,0,0,,22,96,21,11,10,3,9,,1,22,8.93771,3.50143,2.55259,1.01186,0.230893,0.0904545,0.1404384896159172,0.24654,1.34123,0.304626,0.715852,,,3.87533,0.290313,0.280071,999,,,,,,,85.30000000000001,3.877272727272728,85,3.8636363636363638,,,,,,,,,,,,,,,,,,,"Connor Prielipp","31857",687570
"Dean Kremer","MIN",1,2,2,4.39037,4,4,0,0,,25,106,24,13,12,4,8,,1,22,8.02026,2.89598,2.76944,1.2831,0.210406,0.0759741,0.13443180173635483,0.250932,1.2966,0.291906,0.698594,,,4.20597,0.285452,0.269208,999,,,,,,,90.4,3.616,90,3.6,,,,,,,,,,,,,,,,,,,"Dean Kremer","19350",665152
"Michael McGreevy","STL",1,1,2,4.32204,5,5,0,0,,26,109,27,13,12,3,6,,1,18,6.22496,2.2252,2.79748,1.1466,0.163368,0.0583981,0.10496951639652252,0.264714,1.29489,0.293204,0.692238,,,4.18462,0.285168,0.300784,715.3800048828125,,,,,,,100.3,3.8576923076923078,106,4.076923076923077,,,,,,,,,,,,,,,,,,,"Michael McGreevy","29869",700241
"Joe Ryan","MIN",1,1,1,3.81196,2,2,0,0,,15,59,13,7,6,2,3,,1,16,9.79649,2.05063,4.77731,1.30858,0.268057,0.0561105,0.21194641664624214,0.231278,1.10335,0.286136,0.714574,,,3.62212,0.284633,0.244182,78.52999877929688,,,,,,,72.60000000000001,4.840000000000001,69,4.6,,,,,,,,,,,,,,,,,,,"Joe Ryan","21390",657746
"Bryce Miller","SEA",1,1,2,4.10122,6,4,0,0,,24,101,22,12,11,4,7,,1,23,8.42547,2.53322,3.326,1.31529,0.226784,0.0681854,0.15859907865524292,0.236775,1.18457,0.277085,0.703341,,,4.05241,0.282401,0.203015,341.6000061035156,,,,,,,93.20000000000003,3.8833333333333346,90,3.75,,,,,,,,,,,,,,,,,,,"Bryce Miller","29837",682243
"J.T. Ginn","ATH",1,1,2,4.51834,4,4,0,0,,23,100,22,13,12,3,9,,1,21,8.12708,3.52428,2.30603,1.20796,0.208713,0.0905077,0.11820575594902039,0.248169,1.35214,0.291648,0.692683,,,4.39018,0.281312,0.240391,748.3499755859375,,,,,,,88.10000000000001,3.830434782608696,88,3.8260869565217392,,,,,,,,,,,,,,,,,,,"J.T. Ginn","27889",669372
"Drew Anderson","DET",1,1,1,4.18342,5,3,0,0,,20,86,18,10,9,2,8,,1,21,9.42356,3.59531,2.62107,1.11766,0.244597,0.0933195,0.15127769857645035,0.239306,1.31493,0.298119,0.709584,,,3.96955,0.280812,0.240874,999,,,,,,,91.60000000000001,4.58,89,4.45,,,,,,,,,,,,,,,,,,,"Drew Anderson","15130",623454
"Jack Flaherty","DET",1,1,1,4.20043,3,3,0,0,,17,70,15,8,8,2,6,,1,18,9.93776,3.40221,2.92097,1.22227,0.260364,0.089136,0.17122770845890045,0.237478,1.28431,0.299065,0.710131,,,3.91454,0.278487,0.278417,209,,,,,,,77.20000000000002,4.541176470588236,74,4.352941176470588,,,,,,,,,,,,,,,,,,,"Jack Flaherty","17479",656427
"Grayson Rodriguez","LAA",2,1,2,4.2999,4,4,0,0,,22,96,21,12,11,3,8,,1,22,8.86967,3.20499,2.76746,1.19443,0.231021,0.0834778,0.14754356443881989,0.246552,1.30835,0.298662,0.7029,,,4.04863,0.277111,0.173808,397.1099853515625,,,,,,,88.30000000000001,4.013636363636365,88,4,,,,,,,,,,,,,,,,,,,"Grayson Rodriguez","24492",680570
"Matthew Liberatore","STL",1,2,2,4.39765,5,5,0,0,,24,102,24,13,12,3,8,,1,21,7.85772,2.85887,2.74854,1.21818,0.204418,0.0743734,0.13004467636346817,0.255871,1.31877,0.298112,0.697485,,,4.17216,0.274533,0.175537,410.2300109863281,,,,,,,93.30000000000001,3.8875000000000006,96,4,,,,,,,,,,,,,,,,,,,"Matthew Liberatore","22294",669461
"Kumar Rocker","TEX",1,1,2,4.36161,4,4,0,0,,22,94,21,12,11,3,8,,1,20,8.00426,3.14461,2.54539,1.17019,0.208562,0.0819371,0.12662475556135178,0.248901,1.31373,0.292231,0.695382,,,4.16472,0.274242,0.158204,720.72998046875,,,,,,,84.30000000000001,3.8318181818181825,84,3.8181818181818183,,,,,,,,,,,,,,,,,,,"Kumar Rocker","31843",677958
"Bailey Ober","MIN",1,2,2,4.55957,5,5,0,0,,27,115,27,15,14,5,7,,1,23,7.48231,2.17999,3.43227,1.56859,0.198944,0.057963,0.14098145440220833,0.254349,1.23485,0.282482,0.690497,,,4.51514,0.270535,0.195473,494.3399963378906,,,,,,,90.10000000000001,3.3370370370370375,92,3.4074074074074074,,,,,,,,,,,,,,,,,,,"Bailey Ober","21224",641927
"Joe Musgrove","SDP",1,1,2,4.03233,3,3,0,0,,18,77,17,9,8,3,5,,1,17,8.44478,2.44167,3.45861,1.23594,0.224181,0.0648184,0.15936299413442612,0.245469,1.21728,0.291079,0.712456,,,3.98714,0.267012,0.182883,385.6199951171875,,,,,,,68.10000000000001,3.7833333333333337,67,3.7222222222222223,,,,,,,,,,,,,,,,,,,"Joe Musgrove","12970",605397
"Rhett Lowder","CIN",1,1,2,4.52656,5,4,0,0,,23,98,23,12,11,3,8,,1,18,7.12472,3.1431,2.26678,1.21438,0.183484,0.0809448,0.10253958404064178,0.257697,1.35946,0.292384,0.69435,,,4.43688,0.265491,0.121252,552.219970703125,,,,,,,82.50000000000001,3.5869565217391313,85,3.6956521739130435,,,,,,,,,,,,,,,,,,,"Rhett Lowder","33876",695076
"Merrill Kelly","ARI",2,2,2,4.54433,5,5,0,0,,27,114,27,15,13,4,9,,1,22,7.32739,2.98124,2.45784,1.28358,0.190311,0.0774304,0.11288087069988251,0.257731,1.34166,0.292814,0.694251,,,4.38191,0.26296,0.192412,284.17999267578125,,,,,,,94.40000000000002,3.496296296296297,97,3.5925925925925926,,,,,,,,,,,,,,,,,,,"Merrill Kelly","11156",518876
"Blade Tidwell","SFG",1,1,2,4.53916,4,4,0,0,,24,104,23,13,12,3,10,,1,20,7.42612,3.59346,2.06656,1.1191,0.18992,0.0919014,0.09801851958036423,0.252755,1.38358,0.292024,0.690677,,,4.40043,0.262207,0.165426,999,,,,,,,87.90000000000002,3.662500000000001,88,3.6666666666666665,,,,,,,,,,,,,,,,,,,"Blade Tidwell","31701",694918
"Seth Lugo","KCR",1,2,2,4.45305,5,5,0,0,,26,114,27,14,13,4,9,,1,22,7.32604,2.99395,2.44695,1.27,0.189645,0.0775026,0.11214213073253632,0.257784,1.34213,0.293281,0.702725,,,4.41876,0.256723,0.267546,493.1000061035156,,,,,,,86.99999999999999,3.346153846153846,92,3.5384615384615383,,,,,,,,,,,,,,,,,,,"Seth Lugo","12447",607625
"Robert Gasser","MIL",1,1,1,4.15686,5,3,0,0,,20,85,19,10,9,3,6,,2,19,8.44141,2.8586,2.95299,1.24846,0.220905,0.0748072,0.14609742909669876,0.242171,1.24754,0.286328,0.707756,,,4.22871,0.253566,0.212543,748.5800170898438,,,,,,,75.69999999999999,3.7849999999999993,75,3.75,,,,,,,,,,,,,,,,,,,"Robert Gasser","29812",688107
"David Peterson","CHC",1,1,1,3.96577,6,3,0,0,,21,93,21,10,9,2,9,,1,19,7.88415,3.58887,2.19683,0.860623,0.202452,0.0921563,0.11029573529958725,0.25116,1.37354,0.30217,0.721632,,,3.91222,0.253365,0.216308,452.0400085449219,,,,,,,84.20000000000002,4.00952380952381,87,4.142857142857143,,,,,,,,,,,,,,,,,,,"David Peterson","20302",656849
"Gabriel Hughes","COL",1,2,2,4.89054,6,4,0,0,,23,103,25,14,13,3,8,,1,19,7.37312,3.23881,2.27649,1.26465,0.186914,0.0821061,0.10480773448944092,0.269279,1.43224,0.308294,0.681168,,,4.47337,0.252085,0.25215,999,,,,,,,79.30000000000001,3.447826086956522,87,3.782608695652174,,,,,,,,,,,,,,,,,,,"Gabriel Hughes","31614",687312
"Jack Perkins","ATH",1,2,2,4.54586,5,4,0,0,,23,97,21,12,11,3,9,,1,22,8.92106,3.76287,2.37082,1.30504,0.230613,0.0972717,0.13334167748689651,0.23766,1.32529,0.284298,0.691691,,,4.42906,0.25153,0.194892,999,,,,,,,92.70000000000002,4.030434782608697,90,3.9130434782608696,,,,,,,,,,,,,,,,,,,"Jack Perkins","31468",678022
"Chris Bassitt","BAL",1,1,2,4.46995,4,4,0,0,,25,107,25,13,12,3,9,,2,21,7.59446,3.15539,2.40682,1.18777,0.193956,0.0805858,0.11336995661258698,0.259142,1.36848,0.300096,0.700025,,,4.3796,0.248254,0.24451,359.3599853515625,,,,,,,92.1,3.6839999999999997,95,3.8,,,,,,,,,,,,,,,,,,,"Chris Bassitt","12304",605135
"Aroldis Chapman","BOS",1,1,0,3.09294,10,0,5,0,,10,39,7,4,3,1,4,,0,13,11.9748,3.90619,3.06559,0.774913,0.325483,0.106173,0.21930988132953644,0.19763,1.15078,0.285348,0.754424,,,2.92496,0.244143,0.218156,64.55000305175781,,,,,,,82.5,8.25,76,7.6,,,,,,,,,,,,,,,,,,,"Aroldis Chapman","10233",547973
"Keider Montero","DET",1,1,2,4.57428,4,4,0,0,,24,101,24,13,12,3,7,,1,18,6.926,2.86176,2.42019,1.3182,0.179757,0.0742738,0.10548312216997147,0.257211,1.32564,0.286909,0.689988,,,4.5386,0.243566,0.220487,999,,,,,,,90.30000000000001,3.7625000000000006,93,3.875,,,,,,,,,,,,,,,,,,,"Keider Montero","22630",672456
"Anthony Kay","CHW",1,2,2,4.43952,4,4,0,0,,23,102,23,13,12,3,9,,2,19,7.17915,3.41931,2.09959,1.13829,0.183598,0.0874448,0.0961533710360527,0.252607,1.36346,0.288632,0.697311,,,4.48576,0.24325,0.144465,717.8599853515625,,,,,,,78.50000000000001,3.41304347826087,81,3.5217391304347827,,,,,,,,,,,,,,,,,,,"Anthony Kay","20387",641743
"Jacob Lopez","ATH",1,2,2,4.63216,6,4,0,0,,23,97,21,13,12,4,10,,1,22,8.61827,3.85962,2.23293,1.40495,0.221633,0.0992566,0.1223764568567276,0.24013,1.34845,0.281119,0.698299,,,4.67052,0.23672,0.209929,409.239990234375,,,,,,,77.4,3.365217391304348,74,3.217391304347826,,,,,,,,,,,,,,,,,,,"Jacob Lopez","25098",682052
"Robbie Ray","SDP",1,2,2,4.43009,5,5,0,0,,28,118,25,15,14,4,12,,1,28,8.97007,3.87893,2.31251,1.41298,0.233666,0.101044,0.13262205570936203,0.233589,1.31791,0.276145,0.712927,,,4.53636,0.235194,0.180913,166.44000244140625,,,,,,,110.00000000000006,3.9285714285714306,105,3.75,,,,,,,,,,,,,,,,,,,"Robbie Ray","11486",592662
"Nathan Eovaldi","TEX",1,1,1,3.6799,2,2,0,0,,12,50,11,5,5,1,3,,1,12,8.79764,2.2066,3.98697,1.06867,0.239299,0.0600204,0.17927896231412888,0.233201,1.13018,0.283931,0.711398,,,3.54169,0.229413,0.24926,132.50999450683594,,,,,,,59.90000000000001,4.991666666666668,59,4.916666666666667,,,,,,,,,,,,,,,,,,,"Nathan Eovaldi","9132",543135
"David Bednar","NYY",1,1,0,3.31957,10,0,5,0,,10,42,8,4,4,1,3,,0,12,10.4091,2.95847,3.51842,0.885525,0.283535,0.080586,0.20294932276010513,0.214833,1.12494,0.284681,0.733419,,,3.16798,0.222327,0.201692,64.05999755859375,,,,,,,80.9,8.09,77,7.7,,,,,,,,,,,,,,,,,,,"David Bednar","19569",670280
"Shohei Ohtani","LAD",1,0,1,3.2395,4,2,0,0,,10,40,8,4,4,1,3,,0,12,10.4734,2.71232,3.8614,0.915376,0.28641,0.0741726,0.21223747730255127,0.216105,1.1036,0.2863,0.741106,,,3.1307,0.220385,0.203783,1.2699999809265137,,,,,,,55.900000000000006,5.590000000000001,52,5.2,,,,,,,,,,,,,,,,,,,"Shohei Ohtani","19755",660271
"Garrett Whitlock","BOS",1,0,0,3.28002,10,0,0,2,,10,39,8,4,4,1,3,,0,11,9.91813,2.36754,4.18922,0.85273,0.271814,0.0648841,0.20692948251962662,0.22595,1.11187,0.294571,0.730919,,,3.00405,0.220367,0.202948,624.97998046875,,,,,,,61.900000000000006,6.19,58,5.8,,,,,,,,,,,,,,,,,,,"Garrett Whitlock","20191",676477
"Josh Hader","HOU",1,1,0,3.17744,10,0,5,0,,10,40,7,4,4,1,4,,0,13,12.0753,3.37429,3.57862,1.12695,0.333423,0.0931708,0.24025237560272217,0.192324,1.06785,0.265781,0.76646,,,3.29105,0.215974,0.197807,124.38999938964844,,,,,,,82.5,8.25,76,7.6,,,,,,,,,,,,,,,,,,,"Josh Hader","14212",623352
"Adrian Morejon","SDP",1,1,0,3.17096,10,0,0,2,,10,42,9,4,4,1,3,,0,11,9.55541,2.78138,3.43549,0.722564,0.258872,0.0753522,0.18351946026086807,0.225159,1.15465,0.292823,0.740401,,,3.04073,0.214573,0.156678,735.8499755859375,,,,,,,59.300000000000004,5.930000000000001,58,5.8,,,,,,,,,,,,,,,,,,,"Adrian Morejon","20039",670970
"Trevor Megill","MIL",1,0,0,3.33868,10,0,4,1,,10,40,8,4,4,1,3,,0,12,10.6637,2.97063,3.58971,0.948001,0.292014,0.0813474,0.21066612750291824,0.214827,1.12503,0.286119,0.738374,,,3.15421,0.213696,0.189081,137.6999969482422,,,,,,,79.9,7.99,76,7.6,,,,,,,,,,,,,,,,,,,"Trevor Megill","17722",656730
"Andrés Muñoz","SEA",1,1,0,2.93818,10,0,5,0,,10,39,7,3,3,1,4,,1,12,11.7462,3.65602,3.21284,0.71966,0.318877,0.0992508,0.2196260243654251,0.197949,1.12442,0.284533,0.760088,,,2.90673,0.213481,0.325025,41.189998626708984,,,,,,,77.5,7.75,71,7.1,,,,,,,,,,,,,,,,,,,"Andres Munoz","20373",662253
"Tanner Scott","LAD",1,1,0,3.34725,10,0,5,1,,10,41,8,4,4,1,3,,0,12,10.5648,3.17187,3.33079,0.919864,0.284774,0.0854974,0.19927635043859482,0.21777,1.16256,0.289652,0.743821,,,3.27024,0.212753,0.192295,712.8099975585938,,,,,,,84.9,8.49,81,8.1,,,,,,,,,,,,,,,,,,,"Tanner Scott","17586",656945
"Bryce Elder","ATL",1,2,2,4.74573,4,4,0,0,,24,102,24,14,12,3,8,,1,19,7.3635,3.076,2.39385,1.26065,0.189255,0.0790586,0.1101960614323616,0.262542,1.37777,0.299863,0.680912,,,4.39929,0.21157,0.0991318,740.5499877929688,,,,,,,89.30000000000001,3.7208333333333337,92,3.8333333333333335,,,,,,,,,,,,,,,,,,,"Bryce Elder","27779",693821
"Griffin Jax","TBR",1,1,1,3.4795,4,2,0,0,,11,46,10,5,4,1,3,,0,13,10.5157,2.74917,3.82505,0.996738,0.28499,0.0745062,0.21048403531312943,0.227576,1.15956,0.300481,0.736009,,,3.22672,0.211371,0.17206,149.2100067138672,,,,,,,60.10000000000001,5.463636363636365,59,5.363636363636363,,,,,,,,,,,,,,,,,,,"Griffin Jax","20253",643377
"Peter Lambert","HOU",1,1,2,4.5814,6,4,0,0,,24,105,23,14,12,4,10,,1,23,8.29435,3.58972,2.31058,1.30732,0.214144,0.0926796,0.12146425992250443,0.24538,1.3451,0.287155,0.693497,,,4.47066,0.209873,0.138542,999,,,,,,,81.60000000000004,3.4000000000000017,81,3.375,,,,,,,,,,,,,,,,,,,"Peter Lambert","17969",663567
"Jeffrey Springs","ATH",1,2,2,4.94234,4,4,0,0,,24,103,24,14,13,4,8,,1,20,7.59835,3.11488,2.43937,1.64556,0.196783,0.0806695,0.11611348390579224,0.257942,1.35762,0.286304,0.690531,,,4.87812,0.205332,0.210836,722.25,,,,,,,79.00000000000003,3.291666666666668,81,3.375,,,,,,,,,,,,,,,,,,,"Jeffrey Springs","17677",605488
"Zebby Matthews","MIN",1,1,1,4.31308,6,3,0,0,,20,84,20,10,9,3,5,,1,19,8.50479,2.49338,3.41095,1.38721,0.224125,0.0657076,0.1584177389740944,0.254345,1.27125,0.298981,0.710917,,,4.11932,0.20507,0.182936,488.6400146484375,,,,,,,79.1,3.9549999999999996,81,4.05,,,,,,,,,,,,,,,,,,,"Zebby Matthews","31827",805673
"Michael Soroka","ARI",1,1,1,4.21923,4,3,0,0,,17,71,16,9,8,2,5,,1,16,8.61512,2.92932,2.941,1.13627,0.225626,0.0767176,0.14890886843204498,0.24267,1.25793,0.29221,0.692172,,,4.01054,0.201005,0.139958,710.3599853515625,,,,,,,73.60000000000002,4.329411764705884,73,4.294117647058823,,,,,,,,,,,,,,,,,,,"Michael Soroka","18383",647336
"Grant Holmes","ATL",1,1,2,4.46283,7,4,0,0,,24,104,23,13,12,3,10,,1,22,8.39555,3.63878,2.30724,1.23454,0.215835,0.0935467,0.12228807806968689,0.248481,1.36647,0.294412,0.704581,,,4.35044,0.20066,0.224581,369.45001220703125,,,,,,,91.90000000000002,3.8291666666666675,92,3.8333333333333335,,,,,,,,,,,,,,,,,,,"Grant Holmes","16944",656550
"Max Scherzer","TOR",1,1,2,4.768,4,4,0,0,,21,87,20,12,11,4,6,,1,19,8.49679,2.62339,3.23886,1.65664,0.223834,0.0691088,0.15472503006458282,0.252216,1.27216,0.288616,0.68639,,,4.57683,0.196721,0.112117,546.9299926757812,,,,,,,71.2,3.3904761904761904,70,3.3333333333333335,,,,,,,,,,,,,,,,,,,"Max Scherzer","3137",453286
"Ryan Gusto","MIA",1,1,1,4.70916,7,3,0,0,,21,89,21,12,11,3,7,,1,18,7.6799,3.1315,2.45247,1.29478,0.197239,0.0804248,0.11681430786848068,0.261081,1.37613,0.300687,0.687305,,,4.4114,0.191548,0.0726185,999,,,,,,,75.9,3.6142857142857148,78,3.7142857142857144,,,,,,,,,,,,,,,,,,,"Ryan Gusto","26440",687473
"Andrew Painter","PHI",1,1,2,4.78081,4,4,0,0,,20,89,21,12,11,3,8,,1,17,7.47352,3.31891,2.2518,1.37293,0.191369,0.0849848,0.10638424009084702,0.260276,1.39267,0.295277,0.691437,,,4.62165,0.190992,0.0886286,999,,,,,,,63.49999999999999,3.175,68,3.4,,,,,,,,,,,,,,,,,,,"Andrew Painter","30091",691725
"Tanner Gordon","COL",1,2,1,5.37399,6,4,0,0,,23,100,27,15,14,4,5,,1,18,7.0258,2.09592,3.35214,1.74067,0.180028,0.0537055,0.1263226568698883,0.284479,1.38985,0.311537,0.661987,,,4.84417,0.190863,0.0772634,999,,,,,,,68.8,2.991304347826087,81,3.5217391304347827,,,,,,,,,,,,,,,,,,,"Tanner Gordon","27669",685299
"Reynaldo López","ATL",1,1,1,4.14486,8,3,0,0,,20,86,19,10,9,3,8,,1,19,8.53924,3.36116,2.54056,1.2121,0.222731,0.0876699,0.1350608766078949,0.24528,1.3192,0.292562,0.724019,,,4.14897,0.190603,0.237663,302.9100036621094,,,,,,,72.69999999999999,3.6349999999999993,72,3.6,,,,,,,,,,,,,,,,,,,"Reynaldo Lopez","16400",625643
"Walbert Ureña","LAA",1,2,2,4.54025,4,4,0,0,,23,101,22,13,12,2,12,,1,19,7.35988,4.62769,1.5904,0.923856,0.184427,0.115963,0.06846420466899872,0.246697,1.46717,0.288977,0.694265,,,4.4956,0.189688,0.137319,999,,,,,,,87.40000000000002,3.8000000000000007,88,3.8260869565217392,,,,,,,,,,,,,,,,,,,"Walbert Urena","29357",700712
"Zac Thornton","NYM",0,0,2,4.47457,4,4,0,0,,17,73,16,9,8,2,7,,1,16,8.46937,3.58737,2.36089,1.24883,0.217789,0.0922486,0.12553995847702026,0.23719,1.3166,0.279246,0.703852,,,4.35683,0.187817,0.142728,999,,,,,,,67.60000000000002,3.9764705882352955,67,3.9411764705882355,,,,,,,,,,,,,,,,,,,"Zac Thornton","33891",804267
"Ryan Feltner","COL",1,1,1,5.42078,4,4,0,0,,22,97,24,14,13,3,9,,1,17,7.02504,3.67981,1.90908,1.39972,0.175675,0.0920209,0.08365411311388016,0.272347,1.49803,0.304803,0.658711,,,4.87618,0.186984,0.134296,999,,,,,,,67.5,3.0681818181818183,75,3.409090909090909,,,,,,,,,,,,,,,,,,,"Ryan Feltner","21446",663372
"Hayden Wesneski","HOU",2,1,2,4.40228,7,4,0,0,,24,99,22,13,12,4,8,,1,21,8.12087,2.86343,2.83606,1.4501,0.214322,0.0755704,0.1387520655989647,0.244772,1.2613,0.280323,0.704454,,,4.44418,0.185818,0.22795,999,,,,,,,86.20000000000003,3.591666666666668,83,3.4583333333333335,,,,,,,,,,,,,,,,,,,"Hayden Wesneski","27581",669713
"Jake Irvin","WSN",1,2,2,4.75673,4,4,0,0,,23,98,23,13,12,4,8,,1,18,7.27123,3.13241,2.32129,1.44066,0.187732,0.0808737,0.10685786604881287,0.25568,1.34766,0.2854,0.688148,,,4.73033,0.183603,0.158983,999,,,,,,,70.2,3.0521739130434784,72,3.130434782608696,,,,,,,,,,,,,,,,,,,"Jake Irvin","21504",663623
"Jackson Kent","WSN",0,0,2,4.47457,4,4,0,0,,15,64,14,8,7,2,6,,1,14,8.46937,3.58737,2.36089,1.24883,0.217789,0.0922486,0.12553995102643967,0.23719,1.3166,0.279246,0.703852,,,4.35683,0.183185,0.15013,999,,,,,,,57.00000000000001,3.8000000000000003,56,3.7333333333333334,,,,,,,,,,,,,,,,,,,"Jackson Kent","35462",800600
"Brandon Young","BAL",1,1,2,4.64319,5,4,0,0,,20,85,20,11,10,3,6,,1,16,7.33725,2.92574,2.50783,1.34672,0.191116,0.0762078,0.11490848660469055,0.255857,1.32562,0.288867,0.685268,,,4.46371,0.175813,0.158342,999,,,,,,,70.1,3.505,72,3.6,,,,,,,,,,,,,,,,,,,"Brandon Young","27819",687064
"Abner Uribe","MIL",1,0,0,3.2287,10,0,1,2,,10,41,8,4,3,1,4,,1,11,10.1879,3.83385,2.65736,0.725133,0.271459,0.102154,0.16930531710386276,0.213155,1.21204,0.285025,0.74788,,,3.31364,0.175679,0.175811,167.27999877929688,,,,,,,60.900000000000006,6.090000000000001,57,5.7,,,,,,,,,,,,,,,,,,,"Abner Uribe","25327",682842
"Louis Varland","TOR",1,1,0,3.57204,10,0,5,0,,10,41,9,4,4,1,3,,0,10,9.50754,2.63045,3.61442,0.975665,0.25579,0.0707694,0.1850210502743721,0.23585,1.1902,0.298789,0.730715,,,3.34797,0.171395,0.197122,999,,,,,,,74.30000000000001,7.4300000000000015,73,7.3,,,,,,,,,,,,,,,,,,,"Louis Varland","27691",686973
"Corbin Burnes","ARI",1,0,1,3.74696,5,2,0,0,,13,54,12,6,5,1,4,,0,12,8.5892,2.9486,2.91298,0.981644,0.227952,0.0782541,0.14969820529222488,0.239902,1.24608,0.292722,0.725776,,,3.66715,0.169769,0.249051,738.0999755859375,,,,,,,64.7,4.976923076923077,64,4.923076923076923,,,,,,,,,,,,,,,,,,,"Corbin Burnes","19361",669203
"Jameson Taillon","TOR",1,1,2,4.82253,4,4,0,0,,20,86,21,12,11,4,5,,0,17,7.41427,2.39887,3.09073,1.66713,0.195252,0.0631733,0.13207827508449554,0.259986,1.2889,0.28636,0.68618,,,4.70439,0.16654,0.0516006,504.4700012207031,,,,,,,63.199999999999996,3.1599999999999997,67,3.35,,,,,,,,,,,,,,,,,,,"Jameson Taillon","11674",592791
"Bryan Abreu","HOU",1,1,0,3.33942,10,0,0,2,,10,41,7,4,4,1,4,,1,13,11.9791,4.15169,2.88535,0.935478,0.317327,0.109979,0.20734841376543045,0.205839,1.2177,0.291307,0.759562,,,3.33175,0.164138,0.183955,181.6999969482422,,,,,,,62.5,6.25,56,5.6,,,,,,,,,,,,,,,,,,,"Bryan Abreu","16609",650556
"Jeff Hoffman","MIN",1,1,0,3.60092,10,0,1,2,,10,40,8,4,4,1,4,,1,12,11.3323,3.42835,3.30548,1.02465,0.302622,0.0915517,0.21107061207294464,0.218248,1.19334,0.297333,0.733541,,,3.36028,0.162499,0.187036,99.63999938964844,,,,,,,62.900000000000006,6.290000000000001,59,5.9,,,,,,,,,,,,,,,,,,,"Jeff Hoffman","17432",656546
"Justin Martinez","ARI",1,0,0,3.46413,9,0,3,1,,9,38,7,4,3,1,5,,1,11,10.9884,4.94731,2.22109,0.625342,0.282658,0.127261,0.15539748966693878,0.211759,1.33146,0.296618,0.739831,,,3.42791,0.161486,0.117607,999,,,,,,,59.10000000000001,6.566666666666667,55,6.111111111111111,,,,,,,,,,,,,,,,,,,"Justin Martinez","24453",679885
"Tatsuya Imai","HOU",1,1,1,4.10945,8,2,0,0,,18,79,16,9,8,2,8,,1,20,9.58801,4.14869,2.31109,1.14546,0.248387,0.107476,0.14091118425130844,0.228892,1.32534,0.285285,0.722681,,,4.14528,0.159805,0.21552,999,,,,,,,80.00000000000003,4.444444444444446,77,4.277777777777778,,,,,,,,,,,,,,,,,,,"Tatsuya Imai","37124",837227
"Robert Stock","NYM",1,1,1,4.50829,5,2,0,0,,16,68,15,9,8,2,7,,1,14,8.25186,3.98483,2.07082,1.16323,0.20933,0.101086,0.10824443399906158,0.247672,1.40075,0.293687,0.701975,,,4.46595,0.156424,0.159414,999,,,,,,,58.80000000000001,3.6750000000000007,58,3.625,,,,,,,,,,,,,,,,,,,"Robert Stock","6576",476594
"Tyler Phillips","MIA",1,1,2,4.69992,6,4,0,0,,24,105,25,14,13,3,9,,1,17,6.47151,3.33674,1.93947,1.19156,0.164878,0.085012,0.07986611872911453,0.264107,1.41513,0.293911,0.689155,,,4.58666,0.156289,0.0876669,999,,,,,,,79.70000000000002,3.320833333333334,85,3.5416666666666665,,,,,,,,,,,,,,,,,,,"Tyler Phillips","20629",663969
"Bryan Baker","TBR",1,1,0,3.69106,11,0,5,1,,11,43,9,5,4,1,4,,0,12,9.95563,3.21469,3.09692,1.1259,0.269663,0.0870746,0.18258822709321976,0.217799,1.16746,0.275281,0.727266,,,3.64274,0.156187,0.135962,999,,,,,,,86.70000000000002,7.881818181818184,83,7.545454545454546,,,,,,,,,,,,,,,,,,,"Bryan Baker","19804",641329
"Brayan Bello","BOS",1,1,1,4.23728,7,2,0,0,,17,71,16,8,8,2,6,,1,14,7.36541,2.9848,2.46764,0.945666,0.190785,0.0773147,0.11347010731697083,0.254278,1.32519,0.297759,0.690477,,,3.95925,0.15196,0.0948605,421.4100036621094,,,,,,,66.60000000000002,3.9176470588235306,66,3.8823529411764706,,,,,,,,,,,,,,,,,,,"Brayan Bello","23920",678394
"Martín Pérez","ATL",1,1,1,4.47706,3,3,0,0,,18,78,18,10,9,2,7,,1,14,6.99724,3.45183,2.02711,1.17746,0.179443,0.0885215,0.09092126786708832,0.256104,1.38537,0.289994,0.702592,,,4.49178,0.15192,0.122556,999,,,,,,,65.80000000000003,3.655555555555557,68,3.7777777777777777,,,,,,,,,,,,,,,,,,,"Martin Perez","6902",527048
"Raisel Iglesias","ATL",1,1,0,3.61492,10,0,5,0,,10,42,9,4,4,1,3,,0,11,9.60961,2.48955,3.85998,1.09634,0.26109,0.0676402,0.19344940036535263,0.230565,1.146,0.289631,0.727264,,,3.48816,0.151784,0.195755,100.62000274658203,,,,,,,76.30000000000001,7.630000000000001,75,7.5,,,,,,,,,,,,,,,,,,,"Raisel Iglesias","17130",628452
"Brad Lord","WSN",1,1,1,4.0945,6,2,0,0,,14,58,13,7,6,1,5,,1,11,7.61134,3.06039,2.48705,0.956589,0.198785,0.079928,0.11885657906532288,0.246647,1.29277,0.2908,0.697806,,,3.94862,0.149713,0.188644,999,,,,,,,61.500000000000014,4.392857142857144,61,4.357142857142857,,,,,,,,,,,,,,,,,,,"Brad Lord","31972",695418
"Daniel Lynch IV","KCR",1,1,1,4.42448,5,3,0,0,,18,79,18,10,9,2,6,,1,14,6.60308,3.08989,2.137,1.15605,0.1707,0.0798784,0.09082166105508804,0.255155,1.34017,0.285215,0.694464,,,4.45943,0.148821,0.128481,999,,,,,,,68.80000000000003,3.8222222222222237,71,3.9444444444444446,,,,,,,,,,,,,,,,,,,"Daniel Lynch IV","21537",663738
"Cal Quantrill","TEX",1,1,1,4.8782,6,4,0,0,,20,87,21,12,11,3,7,,1,15,6.73901,2.91342,2.3131,1.33252,0.173879,0.0751716,0.09870754927396774,0.25905,1.3411,0.286856,0.663199,,,4.64735,0.148816,0.0128201,999,,,,,,,62.49999999999999,3.1249999999999996,67,3.35,,,,,,,,,,,,,,,,,,,"Cal Quantrill","19312",615698
"Jonah Tong","NYM",1,1,1,4.19724,3,2,0,0,,12,50,10,6,5,1,5,,0,12,9.23044,4.19588,2.19988,1.1321,0.238897,0.108596,0.13030152767896652,0.234073,1.35553,0.28835,0.719516,,,4.14868,0.144787,0.194625,722.8099975585938,,,,,,,59.500000000000014,4.958333333333335,56,4.666666666666667,,,,,,,,,,,,,,,,,,,"Jonah Tong","32157",804636
"Ryan Johnson","LAA",1,2,1,4.80747,7,4,0,0,,22,96,22,13,12,3,8,,1,19,7.81089,3.31971,2.35289,1.41143,0.19984,0.0849342,0.11490625888109207,0.259889,1.3907,0.297549,0.691705,,,4.61937,0.144071,0.0723749,999,,,,,,,79.7,3.622727272727273,82,3.727272727272727,,,,,,,,,,,,,,,,,,,"Ryan Johnson","35325",696270
"Kade Anderson","SEA",0,0,2,4.52245,5,4,0,0,,18,79,17,10,9,3,7,,1,17,8.46173,3.64608,2.32078,1.25452,0.216248,0.0931794,0.12306901067495346,0.23778,1.33002,0.279526,0.701688,,,4.3891,0.143969,0.0886863,999,,,,,,,62.10000000000001,3.4500000000000006,61,3.388888888888889,,,,,,,,,,,,,,,,,,,"Kade Anderson","37238",807739
"Mason Adams","COL",1,1,1,5.04055,6,3,0,0,,18,79,20,11,10,2,7,,1,13,6.60387,3.33217,1.98185,1.23401,0.164631,0.0830694,0.08156191557645798,0.277236,1.48645,0.3103,0.678018,,,4.69069,0.143965,0.130976,999,,,,,,,58.60000000000002,3.255555555555557,66,3.6666666666666665,,,,,,,,,,,,,,,,,,,"Mason Adams","31663",690279
"Quinn Mathews","STL",1,1,2,4.36541,5,4,0,0,,21,93,19,11,10,2,12,,1,20,8.49355,5.26456,1.61334,1.02608,0.212986,0.132015,0.08097067475318909,0.234369,1.47574,0.283181,0.720687,,,4.56846,0.143266,0.153185,999,,,,,,,82.4,3.923809523809524,80,3.8095238095238093,,,,,,,,,,,,,,,,,,,"Quinn Mathews","33851",687273
"Dylan Lee","ATL",1,0,0,3.32006,10,0,0,3,,10,40,8,4,4,1,3,,0,11,10.4197,2.49136,4.18234,1.14604,0.288862,0.0690669,0.21979478746652603,0.219049,1.09041,0.282511,0.755849,,,3.30454,0.142062,0.15461,999,,,,,,,65.9,6.590000000000001,62,6.2,,,,,,,,,,,,,,,,,,,"Dylan Lee","19996",669276
"Jacob Latz","TEX",0,0,0,3.71964,10,0,4,0,,10,42,8,5,4,1,4,,0,10,9.09151,3.79169,2.39775,0.948871,0.242518,0.101144,0.14137398451566696,0.217319,1.22929,0.269967,0.721149,,,3.77563,0.139639,0.0320363,730.9299926757812,,,,,,,68.9,6.890000000000001,65,6.5,,,,,,,,,,,,,,,,,,,"Jacob Latz","21306",656641
"Mason Montgomery","PIT",0,0,0,3.62471,9,0,1,2,,9,40,8,4,4,1,4,,0,11,10.751,3.94558,2.72482,0.877046,0.282233,0.103579,0.17865467816591263,0.223866,1.27775,0.301913,0.735975,,,3.41056,0.137335,0.124463,748.4400024414062,,,,,,,56.500000000000014,6.2777777777777795,55,6.111111111111111,,,,,,,,,,,,,,,,,,,"Mason Montgomery","29770",682254
"Orion Kerkering","PHI",1,1,0,3.64064,10,0,0,2,,10,40,8,4,4,1,4,,1,10,9.62364,3.64325,2.6415,0.913411,0.253555,0.095989,0.15756577998399734,0.223674,1.24323,0.285895,0.729733,,,3.67048,0.13366,0.17157,999,,,,,,,53.900000000000006,5.390000000000001,50,5,,,,,,,,,,,,,,,,,,,"Orion Kerkering","31776",689147
"Garrett Cleavinger","TBR",1,1,0,3.44471,10,0,0,3,,10,41,8,4,4,1,4,,1,12,11.0262,3.49128,3.15822,1.01964,0.296084,0.0937503,0.20233339071273804,0.207505,1.15222,0.277633,0.740927,,,3.46949,0.130207,0.163783,505.4800109863281,,,,,,,61.900000000000006,6.19,58,5.8,,,,,,,,,,,,,,,,,,,"Garrett Cleavinger","17897",664076
"Aaron Ashby","MIL",1,1,0,3.43723,10,0,0,2,,10,44,9,4,4,1,5,,1,12,10.2132,4.21443,2.42339,0.702025,0.26549,0.109553,0.1559366062283516,0.224929,1.31277,0.301568,0.745821,,,3.38739,0.126956,0.149271,999,,,,,,,52.300000000000004,5.23,51,5.1,,,,,,,,,,,,,,,,,,,"Aaron Ashby","23550",676879
"Gregory Soto","PIT",1,1,0,3.75356,9,0,1,2,,9,40,8,4,4,1,4,,1,10,9.82529,3.70034,2.65524,0.792133,0.256232,0.0965007,0.15973155200481415,0.227816,1.26968,0.297633,0.712064,,,3.5203,0.124404,0.105401,728.4099731445312,,,,,,,51.500000000000014,5.722222222222224,50,5.555555555555555,,,,,,,,,,,,,,,,,,,"Gregory Soto","19677",642397
"Brock Stewart","LAD",0,0,0,3.87995,9,0,0,3,,9,39,8,4,4,1,4,,0,11,10.2309,3.56541,2.86949,1.08396,0.271248,0.0945283,0.17672014981508255,0.223609,1.23427,0.288117,0.718503,,,3.70383,0.123812,0.086522,999,,,,,,,55.500000000000014,6.166666666666668,54,6,,,,,,,,,,,,,,,,,,,"Brock Stewart","16727",592779
"Zac Gallen","ARI",1,1,1,4.49768,2,2,0,0,,13,57,13,7,7,2,4,,1,11,7.80698,2.93796,2.65728,1.26569,0.202508,0.0762086,0.12629901617765427,0.256794,1.33191,0.297461,0.694885,,,4.2808,0.123495,0.114656,222.69000244140625,,,,,,,44.8,3.446153846153846,46,3.5384615384615383,,,,,,,,,,,,,,,,,,,"Zac Gallen","19291",668678
"Walker Buehler","SDP",1,1,2,4.80538,6,4,0,0,,22,96,22,13,12,3,9,,1,18,7.46357,3.68826,2.0236,1.31741,0.188424,0.0931133,0.09531097859144211,0.260386,1.43429,0.296776,0.694615,,,4.72773,0.122814,0.0380318,740.9299926757812,,,,,,,74.7,3.3954545454545455,77,3.5,,,,,,,,,,,,,,,,,,,"Walker Buehler","19374",621111
"Matt Wilkinson","SFG",0,0,1,4.5359,4,3,0,0,,14,62,13,8,7,2,6,,1,13,8.45958,3.66258,2.30974,1.25612,0.215819,0.0934388,0.12238013744354248,0.237945,1.33379,0.279603,0.701089,,,4.39816,0.122608,0.0778495,999,,,,,,,50.20000000000003,3.585714285714288,49,3.5,,,,,,,,,,,,,,,,,,,"Matt Wilkinson","33760",683363
"Brent Headrick","NYY",1,0,0,3.66308,10,0,0,2,,10,42,9,4,4,1,3,,0,11,9.90262,3.01532,3.28411,1.16439,0.265643,0.0808876,0.18475574254989624,0.226479,1.18705,0.285364,0.740265,,,3.70458,0.122231,0.187581,999,,,,,,,59.300000000000004,5.930000000000001,58,5.8,,,,,,,,,,,,,,,,,,,"Brent Headrick","27702",687396
"Randy Dobnak","KCR",1,2,2,4.83041,4,4,0,0,,24,107,26,14,13,3,10,,1,15,5.48631,3.67397,1.49329,1.06607,0.136987,0.0917347,0.045251987874507904,0.271495,1.4927,0.295743,0.685311,,,4.7706,0.122195,0.144052,999,,,,,,,70.10000000000002,2.9208333333333343,78,3.25,,,,,,,,,,,,,,,,,,,"Randy Dobnak","23798",677976
"Anthony Molina","SFG",1,0,1,4.72009,6,3,0,0,,19,84,21,11,10,2,7,,1,14,6.68342,3.12041,2.14184,1.14332,0.169724,0.0792421,0.09048200398683548,0.272371,1.436,0.307463,0.688266,,,4.37781,0.121851,0.0601922,999,,,,,,,65.4,3.4421052631578952,73,3.8421052631578947,,,,,,,,,,,,,,,,,,,"Anthony Molina","26952",683627
"Spencer Arrighetti","TOR",1,2,1,4.76925,6,3,0,0,,20,87,18,11,11,3,10,,2,20,8.8808,4.30584,2.0625,1.36628,0.225649,0.109406,0.11624366790056229,0.237954,1.38709,0.282399,0.690553,,,4.74624,0.121495,0.0485496,728.3099975585938,,,,,,,68.3,3.415,65,3.25,,,,,,,,,,,,,,,,,,,"Spencer Arrighetti","29921",681293
"Jordan Montgomery","TEX",1,1,1,4.53689,8,2,0,0,,15,64,15,8,7,2,5,,1,11,6.91629,2.84812,2.42837,1.14454,0.178784,0.073623,0.10516105592250824,0.262661,1.35308,0.298086,0.685207,,,4.25482,0.121206,0.0545095,999,,,,,,,51.400000000000006,3.426666666666667,53,3.533333333333333,,,,,,,,,,,,,,,,,,,"Jordan Montgomery","16511",656756
"Spencer Miles","TOR",0,0,0,3.54134,9,0,0,2,,9,38,8,4,4,1,3,,0,9,8.57226,2.75527,3.11123,0.867668,0.229294,0.0736987,0.1555948108434677,0.238,1.21504,0.293316,0.728973,,,3.43686,0.120811,0.0902849,999,,,,,,,50.500000000000014,5.6111111111111125,49,5.444444444444445,,,,,,,,,,,,,,,,,,,"Spencer Miles","31621",693686
"José A. Ferrer","SEA",1,1,0,3.56734,10,0,1,2,,10,42,9,4,4,1,3,,1,9,8.00749,2.48119,3.22728,0.743973,0.213226,0.0660698,0.14715591073036194,0.242103,1.20526,0.29538,0.710785,,,3.37784,0.120026,0.147029,999,,,,,,,57.300000000000004,5.73,56,5.6,,,,,,,,,,,,,,,,,,,"Jose A. Ferrer","24017",678606
"Eric Lauer","LAD",1,1,1,4.9536,6,3,0,0,,20,86,21,12,11,4,7,,1,17,7.5428,3.01134,2.5048,1.69268,0.195203,0.0779317,0.11727160215377808,0.260141,1.35778,0.287273,0.693957,,,4.93286,0.119218,0.041222,720.5399780273438,,,,,,,54.199999999999996,2.71,58,2.9,,,,,,,,,,,,,,,,,,,"Eric Lauer","19316",641778
"Jackson Jobe","DET",1,1,1,4.7113,6,3,0,0,,20,89,20,12,11,3,9,,1,16,7.28597,4.03509,1.80565,1.22146,0.184971,0.10244,0.08253113925457001,0.251058,1.42382,0.285613,0.69283,,,4.70205,0.118638,0.141627,999,,,,,,,61.099999999999994,3.0549999999999997,63,3.15,,,,,,,,,,,,,,,,,,,"Jackson Jobe","30203",695549
"Hunter Dobbins","STL",1,1,1,4.449,4,2,0,0,,13,57,13,7,7,2,4,,1,10,6.77725,3.04323,2.22699,1.0997,0.17477,0.078478,0.09629182517528534,0.258712,1.35374,0.292885,0.690316,,,4.31502,0.117932,0.0759832,999,,,,,,,42.8,3.292307692307692,44,3.3846153846153846,,,,,,,,,,,,,,,,,,,"Hunter Dobbins","30240",690928
"Cristian Javier","HOU",1,1,1,4.80134,7,4,0,0,,22,93,20,13,12,4,9,,1,19,8.06772,3.9332,2.05119,1.46239,0.207373,0.101099,0.10627368092536926,0.243607,1.37423,0.277846,0.692705,,,4.82943,0.11617,0.012828,470.2799987792969,,,,,,,69.60000000000001,3.163636363636364,66,3,,,,,,,,,,,,,,,,,,,"Cristian Javier","17606",664299
"Connelly Early","WSN",1,1,1,3.92413,1,1,0,0,,7,32,7,4,3,1,3,,0,8,9.03537,3.40171,2.65613,1.03528,0.236492,0.0890364,0.14745549857616425,0.235183,1.2728,0.290334,0.718566,,,3.89168,0.116151,0.0444575,266.4800109863281,,,,,,,28.300000000000015,4.042857142857145,29,4.142857142857143,,,,,,,,,,,,,,,,,,,"Connelly Early","33666",813349
"Yennier Cano","BAL",1,1,0,3.67448,10,0,2,2,,10,42,9,4,4,1,3,,0,9,8.2988,3.06213,2.71014,0.840659,0.218756,0.0807175,0.13803809881210327,0.239638,1.25736,0.292968,0.722163,,,3.61757,0.114802,0.189304,999,,,,,,,65.30000000000001,6.530000000000001,64,6.4,,,,,,,,,,,,,,,,,,,"Yennier Cano","25911",666974
"Tomoyuki Sugano","COL",2,2,2,5.46461,5,5,0,0,,26,115,31,17,16,5,7,,1,17,5.64461,2.25372,2.50458,1.76373,0.14322,0.057183,0.08603649213910103,0.288212,1.42871,0.300852,0.665944,,,5.24917,0.114494,0.119446,999,,,,,,,60.30000000000001,2.31923076923077,75,2.8846153846153846,,,,,,,,,,,,,,,,,,,"Tomoyuki Sugano","35321",608372
"Shane Drohan","MIL",1,1,1,4.16127,6,2,0,0,,13,53,12,6,6,2,5,,0,12,8.67027,3.34131,2.59487,1.25391,0.227472,0.087662,0.1398097649216652,0.239248,1.28642,0.284976,0.718228,,,4.19761,0.114094,0.158541,999,,,,,,,49.39999999999999,3.7999999999999994,48,3.6923076923076925,,,,,,,,,,,,,,,,,,,"Shane Drohan","27814",675660
"Justin Verlander","DET",1,1,1,4.6084,2,2,0,0,,10,43,10,6,5,1,3,,0,8,7.39159,2.96271,2.49487,1.32168,0.191626,0.076808,0.11481811851263046,0.25555,1.32812,0.289744,0.687334,,,4.48075,0.113944,0.0355817,658.8499755859375,,,,,,,42.7,4.2700000000000005,44,4.4,,,,,,,,,,,,,,,,,,,"Justin Verlander","8700",434378
"Ethan Pecko","HOU",0,0,1,4.47457,3,3,0,0,,11,48,10,6,5,2,4,,1,10,8.46937,3.58737,2.36089,1.24883,0.217789,0.0922486,0.12553996592760086,0.23719,1.3166,0.279246,0.703852,,,4.35683,0.111435,0.0871304,999,,,,,,,35.800000000000004,3.254545454545455,34,3.090909090909091,,,,,,,,,,,,,,,,,,,"Ethan Pecko","33515",814490
"Kevin Kelly","TBR",1,1,0,3.77324,10,0,0,2,,10,42,10,5,4,1,2,,1,9,7.67408,2.08008,3.68933,0.966048,0.206624,0.0560058,0.15061791613698006,0.242485,1.16263,0.286022,0.698297,,,3.62901,0.111387,0.0501522,999,,,,,,,52.7,5.2700000000000005,54,5.4,,,,,,,,,,,,,,,,,,,"Kevin Kelly","25679",687330
"Emilio Pagán","CIN",0,1,0,4.13701,10,0,4,0,,10,42,9,5,5,2,3,,0,11,9.69779,3.0499,3.17971,1.44192,0.260419,0.0819004,0.17851890623569489,0.228456,1.19732,0.277093,0.717026,,,4.15139,0.110853,0.0572665,111.94000244140625,,,,,,,59.00000000000001,5.9,57,5.7,,,,,,,,,,,,,,,,,,,"Emilio Pagan","14771",641941
"Luke Weaver","PIT",1,1,0,3.87987,10,0,3,1,,10,40,9,5,4,1,3,,0,10,9.21082,2.84121,3.24186,1.16962,0.246035,0.0758933,0.17014215141534805,0.235419,1.20973,0.288957,0.721107,,,3.81202,0.110509,0.0655447,733.510009765625,,,,,,,68.30000000000001,6.830000000000001,67,6.7,,,,,,,,,,,,,,,,,,,"Luke Weaver","16918",596133
"Edgardo Henriquez","LAD",1,1,0,3.97303,10,0,1,2,,10,41,8,5,4,1,5,,1,10,9.508,4.23532,2.24493,0.963749,0.24639,0.109754,0.1366361379623413,0.226725,1.32381,0.287008,0.718953,,,3.93597,0.10991,0.0332111,999,,,,,,,55.900000000000006,5.590000000000001,52,5.2,,,,,,,,,,,,,,,,,,,"Edgardo Henriquez","26944",683618
"Tyler Rogers","TOR",1,1,0,3.66895,11,0,0,2,,11,45,11,5,4,1,3,,1,7,5.80836,2.15529,2.69493,0.808033,0.153891,0.0571037,0.09678687155246735,0.255188,1.2365,0.286028,0.714247,,,3.81984,0.106066,0.114481,743.280029296875,,,,,,,50.50000000000001,4.590909090909092,52,4.7272727272727275,,,,,,,,,,,,,,,,,,,"Tyler Rogers","15541",643511
"A.J. Minter","MIN",1,1,0,3.75124,10,0,0,2,,10,40,8,4,4,1,3,,0,10,9.03027,2.83518,3.18508,1.05419,0.242892,0.0762594,0.1666327565908432,0.232164,1.19489,0.285737,0.719603,,,3.62244,0.10557,0.158892,999,,,,,,,59.900000000000006,5.99,56,5.6,,,,,,,,,,,,,,,,,,,"A.J. Minter","18655",621345
"Sean Newcomb","CHW",0,1,0,3.83123,10,0,1,2,,10,44,9,5,4,1,4,,1,10,8.5201,3.59188,2.37205,0.856536,0.222055,0.093613,0.12844152003526688,0.235667,1.29634,0.290039,0.716732,,,3.7953,0.10544,0.0427705,999,,,,,,,56.300000000000004,5.630000000000001,55,5.5,,,,,,,,,,,,,,,,,,,"Sean Newcomb","16943",656794
"Kyle Freeland","COL",0,1,1,5.14221,2,2,0,0,,10,43,11,6,6,2,3,,0,7,6.82654,2.29543,2.97397,1.50624,0.17389,0.0584706,0.11541925743222237,0.284495,1.4121,0.31507,0.671646,,,4.62682,0.102117,0.0927624,999,,,,,,,25.799999999999997,2.5799999999999996,29,2.9,,,,,,,,,,,,,,,,,,,"Kyle Freeland","16256",607536
"Ben Joyce","LAA",1,0,0,3.69304,10,0,4,1,,10,41,8,4,4,1,4,,1,10,9.71415,4.0054,2.42526,0.894852,0.25485,0.105082,0.14976879209280014,0.220649,1.26892,0.28353,0.72841,,,3.72129,0.100862,0.19726,738.6500244140625,,,,,,,69.9,6.99,66,6.6,,,,,,,,,,,,,,,,,,,"Ben Joyce","31461",690829
"Pete Fairbanks","MIA",0,0,0,3.72781,6,0,2,1,,6,24,5,3,2,1,2,,0,6,9.97285,3.37405,2.95575,1.03003,0.265715,0.0898976,0.17581700533628464,0.223687,1.21338,0.286642,0.724645,,,3.62025,0.0995197,0.0291466,111.45999908447266,,,,,,,39.10000000000001,6.516666666666668,37,6.166666666666667,,,,,,,,,,,,,,,,,,,"Pete Fairbanks","17998",664126
"Kenley Jansen","DET",1,1,0,4.06511,10,0,4,1,,10,40,8,5,4,1,4,,0,10,9.35872,3.56428,2.6257,1.2173,0.248885,0.0947882,0.15409702062606812,0.223308,1.23385,0.272655,0.711249,,,4.04063,0.0990368,0.0551474,133.02000427246094,,,,,,,72.9,7.290000000000001,69,6.9,,,,,,,,,,,,,,,,,,,"Kenley Jansen","3096",445276
"Roki Sasaki","LAD",1,0,0,4.33558,4,1,0,0,,9,40,9,5,4,1,4,,1,9,8.88006,3.64584,2.43567,1.20665,0.229641,0.0942825,0.13535849004983902,0.24117,1.32994,0.291359,0.705911,,,4.23817,0.098681,0.153632,289.7200012207031,,,,,,,33.90000000000001,3.766666666666668,35,3.888888888888889,,,,,,,,,,,,,,,,,,,"Roki Sasaki","35323",808963
"Alex Vesia","LAD",1,0,0,3.55543,9,0,0,2,,9,39,7,4,4,1,4,,0,12,11.3755,4.1909,2.71434,1.14307,0.303063,0.111653,0.19141026586294174,0.203912,1.21103,0.27308,0.7565,,,3.75217,0.0982366,0.070606,743.4199829101562,,,,,,,56.10000000000001,6.233333333333334,52,5.777777777777778,,,,,,,,,,,,,,,,,,,"Alex Vesia","25007",681911
"Devin Williams","NYM",0,0,0,3.34026,5,0,2,1,,5,20,4,2,2,0,2,,0,6,11.368,4.00869,2.83585,0.832719,0.305348,0.107674,0.19767393916845322,0.20501,1.19403,0.285758,0.742714,,,3.215,0.0977242,0.0920908,59.470001220703125,,,,,,,46.6,9.32,45,9,,,,,,,,,,,,,,,,,,,"Devin Williams","15816",642207
"Hunter Barco","PIT",1,1,0,4.40036,5,1,0,0,,12,51,11,6,6,1,5,,1,10,7.56093,4.07891,1.85367,1.00006,0.191343,0.103224,0.08811914175748825,0.250386,1.42521,0.293738,0.703949,,,4.37335,0.0968186,0.0992053,999,,,,,,,49.90000000000001,4.158333333333334,49,4.083333333333333,,,,,,,,,,,,,,,,,,,"Hunter Barco","33174",682995
"Jonathan Bowlan","PHI",1,0,0,3.8782,10,0,0,2,,10,41,9,5,4,1,3,,0,10,9.23122,3.02079,3.0559,1.20144,0.244869,0.08013,0.16473907232284546,0.235784,1.23347,0.288575,0.731037,,,3.91012,0.0958804,0.0615462,999,,,,,,,57.300000000000004,5.73,56,5.6,,,,,,,,,,,,,,,,,,,"Jonathan Bowlan","24607",680742
"José Alvarado","PHI",1,1,0,3.64309,9,0,0,2,,9,38,8,4,4,1,4,,0,10,10.3625,3.47378,2.98308,0.910776,0.27333,0.0916269,0.18170329928398132,0.230299,1.25491,0.3046,0.732032,,,3.41432,0.0952321,0.0677532,746.0700073242188,,,,,,,49.500000000000014,5.500000000000002,48,5.333333333333333,,,,,,,,,,,,,,,,,,,"Jose Alvarado","17780",621237
"Matt Waldron","WSN",1,1,1,4.74985,6,2,0,0,,14,61,14,8,7,2,5,,1,12,7.41412,2.98005,2.48792,1.35601,0.190899,0.0767302,0.1141686663031578,0.260073,1.35394,0.294809,0.682662,,,4.54199,0.094685,0.0369998,999,,,,,,,48.6,3.4714285714285715,50,3.5714285714285716,,,,,,,,,,,,,,,,,,,"Matt Waldron","25550",663362
"Steven Okert","HOU",1,0,0,3.8361,10,0,0,3,,10,39,8,4,4,1,3,,1,10,9.87051,2.88864,3.41701,1.27445,0.267054,0.0781541,0.18889949470758438,0.220138,1.14239,0.272682,0.719269,,,3.85675,0.0932098,0.156251,999,,,,,,,60.900000000000006,6.090000000000001,57,5.7,,,,,,,,,,,,,,,,,,,"Steven Okert","13580",595345
"Yunior Marte","SFG",0,0,1,4.56911,4,2,0,0,,12,50,11,6,6,2,5,,1,11,8.45428,3.7033,2.28291,1.26007,0.214765,0.0940755,0.12069001793861389,0.238349,1.3431,0.279794,0.699625,,,4.42054,0.0920015,0.110707,999,,,,,,,39.600000000000016,3.300000000000001,38,3.1666666666666665,,,,,,,,,,,,,,,,,,,"Yunior Marte","31097",805074
"Will Dion","WSN",1,1,0,4.01447,9,0,0,2,,9,37,9,4,4,1,3,,0,8,8.33175,2.91185,2.86133,1.03096,0.217882,0.0761471,0.14173459261655807,0.254529,1.31711,0.306999,0.719498,,,3.75691,0.0918095,0.0987572,999,,,,,,,45.90000000000001,5.100000000000001,47,5.222222222222222,,,,,,,,,,,,,,,,,,,"Will Dion","30061",702021
"Daniel Palencia","CHC",0,0,0,3.76346,9,0,3,1,,9,40,8,4,4,1,4,,1,10,9.97115,3.78542,2.63409,1.03631,0.261606,0.0993156,0.1622905284166336,0.226757,1.27292,0.290721,0.736154,,,3.79334,0.0914055,0.0994591,91.05999755859375,,,,,,,57.500000000000014,6.38888888888889,56,6.222222222222222,,,,,,,,,,,,,,,,,,,"Daniel Palencia","27914",694037
"Dax Fulton","MIA",1,1,1,4.49004,6,2,0,0,,13,59,13,7,6,1,7,,1,11,7.70397,4.9352,1.56102,0.839013,0.189121,0.121152,0.06796932965517044,0.256776,1.55373,0.30752,0.710682,,,4.41567,0.0907481,0.0668198,999,,,,,,,48.10000000000001,3.7000000000000006,50,3.8461538461538463,,,,,,,,,,,,,,,,,,,"Dax Fulton","27757",690978
"Tobias Myers","NYM",1,1,1,4.41205,6,2,0,0,,12,53,13,7,6,2,4,,1,10,7.18116,2.77403,2.58871,1.33007,0.186746,0.0721384,0.11460716277360916,0.258132,1.32075,0.290491,0.707361,,,4.45924,0.0900624,0.0903031,999,,,,,,,35.40000000000002,2.9500000000000015,39,3.25,,,,,,,,,,,,,,,,,,,"Tobias Myers","22191",668964
"Shane Bieber","TOR",1,0,0,4.19256,4,1,0,0,,9,39,9,5,4,1,3,,0,8,7.82041,2.67345,2.92521,1.2783,0.205425,0.0702257,0.13519936054944992,0.254504,1.29049,0.294353,0.718315,,,4.1714,0.0900014,0.140788,474.0400085449219,,,,,,,37.90000000000001,4.211111111111112,39,4.333333333333333,,,,,,,,,,,,,,,,,,,"Shane Bieber","19427",669456
"Didier Fuentes","ATL",1,1,0,3.97307,10,0,0,2,,10,40,9,5,4,1,3,,1,11,9.91497,2.90206,3.41653,1.14079,0.262564,0.0768509,0.18571271002292633,0.236815,1.22542,0.300329,0.711457,,,3.67632,0.0898089,0.0237128,600.4400024414062,,,,,,,56.300000000000004,5.630000000000001,55,5.5,,,,,,,,,,,,,,,,,,,"Didier Fuentes","30661",800311
"Erik Sabrowski","CLE",0,1,0,3.69121,10,0,0,3,,10,41,7,4,4,1,6,,1,12,11.4839,5.19839,2.20912,0.932073,0.296887,0.134392,0.16249537467956543,0.2055,1.33028,0.28431,0.746215,,,3.7833,0.0894577,0.157736,999,,,,,,,58.5,5.85,52,5.2,,,,,,,,,,,,,,,,,,,"Erik Sabrowski","24978",681870
"Emmet Sheehan","LAD",1,0,0,3.89469,3,1,0,0,,6,25,5,3,3,1,2,,0,7,10.4657,2.75404,3.80015,1.25324,0.282835,0.0744274,0.2084077224135399,0.222949,1.14093,0.284786,0.70885,,,3.66743,0.0890919,0.0482063,111.20999908447266,,,,,,,27.10000000000001,4.516666666666668,25,4.166666666666667,,,,,,,,,,,,,,,,,,,"Emmet Sheehan","29839",686218
"Brandyn Garcia","ARI",0,1,0,3.85017,9,0,1,2,,9,40,9,4,4,1,4,,1,9,8.68437,3.79641,2.28752,0.670679,0.223034,0.0975001,0.12553346157073975,0.2397,1.33926,0.302338,0.707945,,,3.61912,0.088915,0.109168,999,,,,,,,46.90000000000001,5.211111111111112,48,5.333333333333333,,,,,,,,,,,,,,,,,,,"Brandyn Garcia","33568",805299
"Justin Wrobleski","LAD",1,1,0,4.47702,6,1,0,0,,11,47,11,6,6,2,3,,0,10,7.69228,2.71272,2.83563,1.32797,0.201845,0.0711818,0.13066332787275314,0.253477,1.28948,0.290252,0.691452,,,4.3012,0.088455,0.0193287,650.3499755859375,,,,,,,39.20000000000001,3.5636363636363644,40,3.6363636363636362,,,,,,,,,,,,,,,,,,,"Justin Wrobleski","31204",680736
"Tyler Holton","DET",1,1,0,3.60729,10,0,0,2,,10,41,9,4,4,1,2,,0,8,7.35209,2.14974,3.41999,1.03588,0.198573,0.0580625,0.14051083847880363,0.240921,1.16245,0.278638,0.725836,,,3.78656,0.0877546,0.164239,999,,,,,,,56.300000000000004,5.630000000000001,55,5.5,,,,,,,,,,,,,,,,,,,"Tyler Holton","26231",663947
"Robert Suarez","ATL",1,0,0,3.53791,6,0,0,1,,6,26,6,3,3,1,2,,0,7,9.06127,2.633,3.44143,1.02708,0.246812,0.0717178,0.17509382963180542,0.228706,1.15228,0.282623,0.730467,,,3.51374,0.0876323,0.0223118,214.39999389648438,,,,,,,28.500000000000007,4.750000000000001,29,4.833333333333333,,,,,,,,,,,,,,,,,,,"Robert Suarez","30115",663158
"Brandon Sproat","MIL",0,0,1,4.35655,3,2,0,0,,9,41,9,5,5,1,4,,1,9,8.27706,3.7894,2.18427,1.14352,0.213084,0.0975539,0.11553002893924713,0.241137,1.34573,0.286097,0.701782,,,4.33976,0.0875842,0.0942927,528.2000122070312,,,,,,,33.90000000000001,3.766666666666668,35,3.888888888888889,,,,,,,,,,,,,,,,,,,"Brandon Sproat","33850",687075
"Mike Burrows","HOU",1,1,1,4.53807,5,2,0,0,,14,62,14,8,7,2,5,,1,13,8.11905,3.19589,2.54046,1.46003,0.210708,0.0829407,0.12776710093021393,0.25063,1.32836,0.287712,0.708549,,,4.58236,0.085884,0.0515683,237.9499969482422,,,,,,,50.60000000000003,3.6142857142857165,52,3.7142857142857144,,,,,,,,,,,,,,,,,,,"Mike Burrows","24728",681347
"Jordan Romano","COL",0,1,0,4.83121,9,0,4,1,,9,40,9,5,5,1,4,,1,10,9.37804,3.73507,2.5108,1.28442,0.240467,0.0957729,0.14469410479068756,0.248364,1.37402,0.304975,0.673247,,,4.2704,0.0854919,0.0487086,688.9600219726562,,,,,,,59.90000000000001,6.655555555555557,61,6.777777777777778,,,,,,,,,,,,,,,,,,,"Jordan Romano","16122",605447
"Andrew Kittredge","BAL",1,1,0,3.86982,10,0,2,1,,10,40,9,5,4,1,3,,0,9,8.52288,2.40757,3.54004,1.16701,0.228397,0.0645182,0.16387862712144852,0.245277,1.21323,0.293642,0.722945,,,3.74662,0.08421,0.0295673,745.8499755859375,,,,,,,61.300000000000004,6.130000000000001,60,6,,,,,,,,,,,,,,,,,,,"Andrew Kittredge","12828",552640
"Shane Smith","CHW",0,1,1,4.19288,1,1,0,0,,7,31,6,4,3,1,3,,1,7,8.7893,3.59848,2.4425,1.14681,0.22794,0.0933224,0.13461779803037643,0.233699,1.29014,0.281963,0.704974,,,4.21102,0.0830508,0.0400618,245.5399932861328,,,,,,,25.900000000000013,3.700000000000002,24,3.4285714285714284,,,,,,,,,,,,,,,,,,,"Shane Smith","31687",681343
"Juan Morillo","ARI",0,0,0,3.82911,9,0,1,2,,9,40,8,4,4,1,4,,0,9,8.97021,4.07981,2.19868,0.769298,0.231243,0.105173,0.126069575548172,0.235352,1.34898,0.297482,0.721159,,,3.71459,0.0830081,0.092291,999,,,,,,,52.500000000000014,5.833333333333335,51,5.666666666666667,,,,,,,,,,,,,,,,,,,"Juan Morillo","21924",666661
"Gabe Speier","SEA",0,1,0,3.52651,9,0,0,2,,9,38,8,4,4,1,3,,1,11,10.2168,2.7619,3.69921,1.03656,0.277905,0.0751255,0.2027791365981102,0.217792,1.11712,0.281419,0.723117,,,3.40409,0.0824368,0.0480063,999,,,,,,,51.500000000000014,5.722222222222224,50,5.555555555555555,,,,,,,,,,,,,,,,,,,"Gabe Speier","17170",642100
"Randy Vásquez","SDP",1,1,1,4.78876,7,3,0,0,,19,82,20,11,10,3,7,,1,13,6.2419,3.13827,1.98896,1.32213,0.159136,0.0800096,0.07912633568048477,0.263844,1.39166,0.28789,0.68576,,,4.82168,0.0822292,0.0367848,721.1699829101562,,,,,,,53.69999999999999,2.8263157894736834,58,3.0526315789473686,,,,,,,,,,,,,,,,,,,"Randy Vasquez","24719",681190
"Andre Pallante","STL",0,0,1,4.34661,1,1,0,0,,7,29,7,4,3,1,2,,0,5,6.42699,3.23536,1.98648,0.876072,0.164915,0.0830186,0.08189652860164642,0.259828,1.381,0.296204,0.687742,,,4.11653,0.0818842,0.0312063,999,,,,,,,25.3,3.6142857142857143,26,3.7142857142857144,,,,,,,,,,,,,,,,,,,"Andre Pallante","26108",669467
"Jacob Webb","CHC",1,1,0,3.92476,10,0,2,1,,10,43,9,5,4,1,4,,0,10,9.03032,3.37666,2.67434,1.08067,0.238736,0.0892693,0.14946702867746353,0.230287,1.24581,0.282463,0.716157,,,3.90419,0.081728,0.0205618,999,,,,,,,60.300000000000004,6.03,59,5.9,,,,,,,,,,,,,,,,,,,"Jacob Webb","19274",657097
"Drew Thorpe","CHW",0,1,1,4.63614,2,2,0,0,,9,39,9,5,5,1,3,,0,7,7.0263,3.42598,2.05089,1.25144,0.182656,0.0890622,0.09359417855739594,0.24734,1.33695,0.277355,0.680244,,,4.55318,0.079804,0.0647539,999,,,,,,,35.90000000000001,3.9888888888888903,37,4.111111111111111,,,,,,,,,,,,,,,,,,,"Drew Thorpe","31967",689672
"Evan Phillips","LAD",1,0,0,3.63111,9,0,0,2,,9,37,8,4,4,1,3,,0,9,9.53145,2.86624,3.32542,1.13564,0.255766,0.0769123,0.17885368317365646,0.229017,1.18287,0.285119,0.739734,,,3.70451,0.0789137,0.05469,999,,,,,,,50.500000000000014,5.6111111111111125,49,5.444444444444445,,,,,,,,,,,,,,,,,,,"Evan Phillips","17734",623465
"Steven Cruz","KCR",0,0,0,4.18428,9,0,3,1,,9,40,8,5,4,1,4,,0,9,8.76471,3.68151,2.38074,1.02424,0.227932,0.0957402,0.1321922242641449,0.236862,1.31226,0.289629,0.699876,,,3.9932,0.0787209,-0.0145983,999,,,,,,,58.500000000000014,6.500000000000002,57,6.333333333333333,,,,,,,,,,,,,,,,,,,"Steven Cruz","23165",674444
"Brooks Raley","PHI",1,0,0,3.82999,9,0,0,2,,9,40,8,4,4,1,3,,1,9,8.74355,3.18835,2.74234,1.03669,0.231511,0.084421,0.14709041267633438,0.230121,1.22408,0.280206,0.71651,,,3.88742,0.0780841,0.086935,999,,,,,,,47.500000000000014,5.2777777777777795,46,5.111111111111111,,,,,,,,,,,,,,,,,,,"Brooks Raley","10061",548384
"Erik Miller","BOS",1,1,0,3.51319,10,0,0,3,,10,43,8,4,4,1,6,,1,11,10.2731,5.12196,2.0057,0.715835,0.263042,0.131148,0.1318948119878769,0.21711,1.37591,0.291476,0.752525,,,3.70441,0.0780765,0.172531,999,,,,,,,53.900000000000006,5.390000000000001,50,5,,,,,,,,,,,,,,,,,,,"Erik Miller","26252",669062
"Riley O'Brien","STL",1,1,0,3.78778,10,0,5,0,,10,42,8,4,4,1,4,,1,10,9.18007,3.98571,2.30324,0.797365,0.23596,0.102447,0.13351309299468994,0.23251,1.32307,0.2957,0.721922,,,3.80637,0.0777791,0.18595,264.0400085449219,,,,,,,70.9,7.090000000000001,67,6.7,,,,,,,,,,,,,,,,,,,"Riley O'Brien","20348",676617
"Tyler Wells","TBR",0,1,0,3.807,10,0,0,2,,10,39,8,4,4,1,3,,0,9,8.81218,2.37042,3.71757,1.32848,0.240926,0.0648075,0.17611874639987946,0.226418,1.1151,0.267218,0.72136,,,3.95093,0.0763055,0.134824,748.469970703125,,,,,,,57.900000000000006,5.790000000000001,54,5.4,,,,,,,,,,,,,,,,,,,"Tyler Wells","20000",669330
"Emerson Hancock","SEA",1,1,1,4.36788,4,2,0,0,,11,48,11,6,5,2,3,,1,9,7.41933,2.76389,2.68438,1.28804,0.194205,0.0723464,0.12185848504304886,0.251141,1.28301,0.285358,0.697815,,,4.37192,0.074217,0.0295867,733.4199829101562,,,,,,,34.2,3.1090909090909093,35,3.1818181818181817,,,,,,,,,,,,,,,,,,,"Emerson Hancock","27470",676106
"Jack Dreyer","LAD",0,0,0,3.64422,8,0,0,2,,8,34,7,4,3,1,3,,0,9,9.41301,2.88426,3.26358,1.00945,0.254751,0.0780588,0.17669258266687393,0.226684,1.17349,0.284401,0.721488,,,3.47723,0.0741608,0.00929601,999,,,,,,,45.7,5.7125,44,5.5,,,,,,,,,,,,,,,,,,,"Jack Dreyer","30249",676263
"Calvin Faucher","MIA",1,1,0,3.96392,10,0,1,2,,10,42,9,5,4,1,5,,1,10,9.22219,4.32212,2.13372,0.853402,0.234988,0.110131,0.12485724687576294,0.239124,1.39491,0.303021,0.725881,,,3.8731,0.0729108,0.0446745,999,,,,,,,53.300000000000004,5.33,52,5.2,,,,,,,,,,,,,,,,,,,"Calvin Faucher","20116",676534
"Jakob Junis","TEX",0,0,0,3.92279,10,0,0,2,,10,41,9,5,4,1,2,,1,8,7.54948,2.26651,3.33089,1.1114,0.201343,0.0604472,0.14089571312069893,0.245627,1.19934,0.284617,0.706873,,,3.93707,0.0717268,0.0292358,999,,,,,,,53.300000000000004,5.33,52,5.2,,,,,,,,,,,,,,,,,,,"Jakob Junis","13619",596001
"Ryne Nelson","ARI",0,0,0,4.51141,5,1,0,0,,10,43,10,6,5,1,3,,0,8,7.11291,2.51285,2.83061,1.30573,0.18705,0.066081,0.12096886336803436,0.25752,1.2885,0.289627,0.685142,,,4.30648,0.0713522,0.0246691,251.42999267578125,,,,,,,42.7,4.2700000000000005,44,4.4,,,,,,,,,,,,,,,,,,,"Ryne Nelson","26253",669194
"Cade Povich","BAL",0,1,0,4.57703,3,1,0,0,,9,38,9,5,4,1,3,,0,8,8.08183,3.27374,2.46868,1.3431,0.209765,0.0849706,0.12479471415281296,0.252421,1.34631,0.292875,0.69768,,,4.39239,0.070888,0.03277,999,,,,,,,37.90000000000001,4.211111111111112,39,4.333333333333333,,,,,,,,,,,,,,,,,,,"Cade Povich","30055",700249
"Zack Littell",,0,0,0,4.51665,1,1,0,0,,7,30,7,4,4,1,2,,0,5,6.61648,2.16464,3.05662,1.41744,0.173101,0.0566315,0.11646929755806923,0.265519,1.2925,0.291429,0.696831,,,4.51559,0.0707855,0.0396483,709.4099731445312,,,,,,,25.3,3.6142857142857143,26,3.7142857142857144,,,,,,,,,,,,,,,,,,,"Zack Littell","15823",641793
"Manuel Rodríguez","TBR",1,1,0,3.69722,9,0,0,2,,9,36,8,4,4,1,3,,1,8,8.59543,2.92985,2.93375,0.875781,0.228105,0.0777523,0.15035316348075867,0.234106,1.21502,0.288364,0.71237,,,3.60044,0.0697721,0.0536086,999,,,,,,,45.500000000000014,5.055555555555557,44,4.888888888888889,,,,,,,,,,,,,,,,,,,"Manuel Rodriguez","20794",655889
"Edward Cabrera","CHC",1,1,0,4.18332,6,1,0,0,,11,45,10,5,5,1,4,,1,11,9.31998,3.64181,2.55916,1.12556,0.243246,0.0950489,0.1481967270374298,0.235292,1.30002,0.291259,0.70652,,,3.99364,0.0690934,-0.0114858,174.72000122070312,,,,,,,50.10000000000001,4.554545454545456,49,4.454545454545454,,,,,,,,,,,,,,,,,,,"Edward Cabrera","21690",665795
"Nick Pivetta","SDP",0,0,0,3.89773,1,1,0,0,,4,17,4,2,2,1,1,,0,5,9.99984,2.80356,3.56684,1.34711,0.270678,0.0758873,0.19479098170995712,0.226156,1.16195,0.280344,0.725757,,,3.8402,0.069049,0.0406121,96.01000213623047,,,,,,,13.9,3.475,14,3.5,,,,,,,,,,,,,,,,,,,"Nick Pivetta","15454",601713
"Bryan Hudson","CHW",1,1,0,3.98049,10,0,1,2,,10,43,9,5,4,1,4,,1,9,8.47098,3.62879,2.33438,0.917534,0.220282,0.0943643,0.1259179711341858,0.236258,1.30338,0.288483,0.708779,,,3.91406,0.0678338,0.035236,999,,,,,,,54.300000000000004,5.430000000000001,53,5.3,,,,,,,,,,,,,,,,,,,"Bryan Hudson","19924",663542
"AJ Smith-Shawver","ATL",1,1,0,4.13938,7,1,0,0,,12,50,11,6,5,1,5,,0,12,9.30237,3.80666,2.44371,1.14241,0.242485,0.0992283,0.14325714856386185,0.236584,1.32478,0.292266,0.719096,,,4.0184,0.0673632,0.0124947,999,,,,,,,56.90000000000001,4.741666666666668,56,4.666666666666667,,,,,,,,,,,,,,,,,,,"AJ Smith-Shawver","29960",700363
"Trey Yesavage","TOR",0,0,0,4.15424,1,1,0,0,,5,20,4,2,2,1,2,,0,5,9.47516,4.06022,2.33366,1.21201,0.248467,0.106471,0.14199573546648026,0.226103,1.30133,0.278118,0.718559,,,4.15939,0.0671106,0.115744,194.2899932861328,,,,,,,18.299999999999997,3.6599999999999993,16,3.2,,,,,,,,,,,,,,,,,,,"Trey Yesavage","35456",702056
"Brandon Williamson","CIN",1,1,1,4.93235,6,2,0,0,,13,55,12,8,7,2,5,,1,10,7.4008,3.91262,1.89152,1.45424,0.188146,0.0994679,0.088677778840065,0.250676,1.40823,0.280009,0.687417,,,5.00065,0.0662195,0.0731188,748.4500122070312,,,,,,,42.39999999999999,3.261538461538461,41,3.1538461538461537,,,,,,,,,,,,,,,,,,,"Brandon Williamson","25463",682227
"Kevin Ginkel","ARI",1,1,0,4.0286,9,0,0,2,,9,36,8,4,4,1,3,,0,9,9.08379,3.14771,2.88584,0.927598,0.239626,0.0830352,0.15659088641405106,0.23965,1.26692,0.299881,0.695133,,,3.55918,0.0650024,0.058536,556.52001953125,,,,,,,50.500000000000014,5.6111111111111125,49,5.444444444444445,,,,,,,,,,,,,,,,,,,"Kevin Ginkel","19876",656464
"Bradgley Rodriguez","SDP",1,0,0,3.78299,10,0,0,3,,10,41,8,4,4,1,4,,1,9,8.74212,3.67599,2.37816,0.923961,0.227255,0.0955589,0.13169575482606888,0.227966,1.26771,0.280716,0.721387,,,3.99028,0.0627044,0.132871,999,,,,,,,55.900000000000006,5.590000000000001,52,5.2,,,,,,,,,,,,,,,,,,,"Bradgley Rodriguez","29107",699134
"Drew Sommers","DET",0,1,0,4.00482,10,0,0,2,,10,45,10,5,5,1,4,,1,10,9.0058,3.78401,2.37996,0.795767,0.230208,0.0967278,0.13348064571619034,0.240992,1.3444,0.304395,0.705158,,,3.76973,0.0618246,0.0334412,999,,,,,,,48.7,4.87,50,5,,,,,,,,,,,,,,,,,,,"Drew Sommers","32026",805427
"Dylan Smith","SFG",1,1,0,3.9742,10,0,4,1,,10,43,9,5,4,1,4,,1,9,8.26131,3.97438,2.07864,0.94552,0.213039,0.10249,0.11054955422878265,0.234377,1.33242,0.28287,0.719158,,,4.1369,0.0610632,0.0220513,999,,,,,,,65.30000000000001,6.530000000000001,64,6.4,,,,,,,,,,,,,,,,,,,"Dylan Smith","30145",681916
"Kodai Senga","NYM",1,1,0,3.96421,10,0,2,1,,10,42,8,5,4,1,5,,0,11,9.83736,4.22149,2.3303,1.09129,0.255417,0.109607,0.1458105444908142,0.226464,1.321,0.286809,0.731582,,,4.02604,0.0605422,0.0238928,223.52000427246094,,,,,,,61.900000000000006,6.19,58,5.8,,,,,,,,,,,,,,,,,,,"Kodai Senga","31838",673540
"Jose Quintana","COL",0,1,1,5.22494,2,2,0,0,,8,37,9,5,5,1,3,,0,6,6.01976,3.60656,1.66911,1.35788,0.149706,0.0896918,0.060014061629772186,0.278709,1.52516,0.302846,0.680498,,,5.00724,0.0581865,0.0564512,999,,,,,,,26.500000000000007,3.312500000000001,30,3.75,,,,,,,,,,,,,,,,,,,"Jose Quintana","11423",500779
"Michael Petersen","MIA",0,0,0,4.08987,9,0,1,2,,9,40,8,5,4,1,4,,0,10,9.33864,3.73691,2.49903,1.14031,0.243203,0.097319,0.1458836942911148,0.23391,1.30372,0.2892,0.718944,,,4.05923,0.0578184,-0.0244715,999,,,,,,,54.500000000000014,6.055555555555557,53,5.888888888888889,,,,,,,,,,,,,,,,,,,"Michael Petersen","20827",656848
"Andrew Morris","MIN",1,1,0,3.9084,9,0,0,2,,9,39,9,4,4,1,3,,0,8,7.94519,2.76649,2.87194,0.952125,0.208269,0.0725188,0.13575055450201035,0.250753,1.28129,0.299832,0.714148,,,3.75758,0.0578016,0.0763809,999,,,,,,,45.90000000000001,5.100000000000001,47,5.222222222222222,,,,,,,,,,,,,,,,,,,"Andrew Morris","31891",702193
"Clayton Beeter","WSN",0,1,0,4.01461,9,0,4,0,,9,39,7,4,4,1,5,,0,10,9.93793,4.86945,2.04087,0.97164,0.255634,0.125257,0.13037674129009247,0.220619,1.36414,0.283934,0.724886,,,4.04445,0.0569852,0.12569,307.1400146484375,,,,,,,61.10000000000001,6.78888888888889,57,6.333333333333333,,,,,,,,,,,,,,,,,,,"Clayton Beeter","27494",690925
"Camilo Doval","PIT",1,1,0,3.9563,9,0,0,2,,9,37,8,4,4,1,4,,1,9,9.50241,4.4101,2.15469,0.753288,0.243588,0.11305,0.13053811341524124,0.231108,1.36468,0.299026,0.710914,,,3.70917,0.0558667,0.0672757,663.6500244140625,,,,,,,44.500000000000014,4.944444444444446,43,4.777777777777778,,,,,,,,,,,,,,,,,,,"Camilo Doval","21992",666808
"Bennett Sousa","HOU",1,0,0,3.73643,9,0,0,2,,9,38,8,4,4,1,3,,0,10,9.88377,3.35535,2.94567,1.10516,0.265362,0.0900855,0.17527680844068527,0.222014,1.20324,0.280869,0.729141,,,3.67747,0.0535579,0.0575617,999,,,,,,,52.500000000000014,5.833333333333335,51,5.666666666666667,,,,,,,,,,,,,,,,,,,"Bennett Sousa","21345",656986
"Jimmy Herget","COL",0,1,0,4.77728,10,0,0,2,,10,42,10,6,5,1,4,,1,9,8.30148,3.31048,2.50764,1.38339,0.211936,0.084516,0.12741948664188385,0.259087,1.38542,0.302956,0.690851,,,4.51067,0.053045,-0.00654117,999,,,,,,,46.7,4.67,48,4.8,,,,,,,,,,,,,,,,,,,"Jimmy Herget","17556",623474
"Logan Allen","CLE",0,1,0,4.29418,6,1,0,0,,10,42,10,5,5,1,4,,0,9,8.05929,3.39302,2.37526,1.15626,0.206017,0.0867344,0.11928217858076096,0.258258,1.3902,0.305156,0.720111,,,4.23284,0.0528102,0.0513401,999,,,,,,,41.7,4.17,43,4.3,,,,,,,,,,,,,,,,,,,"Logan Allen","27589",671106
"Kohl Drake","ARI",0,0,0,4.48146,2,1,0,0,,6,25,6,3,3,1,2,,0,5,7.96143,3.47444,2.29143,1.18046,0.203842,0.0889586,0.11488375812768936,0.257828,1.39697,0.302828,0.705267,,,4.27542,0.0527701,-0.000491111,999,,,,,,,20.500000000000007,3.416666666666668,21,3.5,,,,,,,,,,,,,,,,,,,"Kohl Drake","32070",684442
"Hogan Harris","ATH",1,1,0,4.20246,10,0,3,1,,10,43,9,5,5,1,5,,1,10,9.4866,4.68706,2.02399,1.06219,0.240729,0.118938,0.1217915415763855,0.233978,1.41095,0.293323,0.725209,,,4.23194,0.0519881,0.104032,618.1699829101562,,,,,,,59.300000000000004,5.930000000000001,58,5.8,,,,,,,,,,,,,,,,,,,"Hogan Harris","21520",663687
"Mason Barnett","ATH",0,1,1,5.15928,4,2,0,0,,11,47,11,7,6,2,5,,0,9,7.42412,4.12248,1.80089,1.4106,0.186552,0.103589,0.0829630047082901,0.257073,1.46499,0.289649,0.675911,,,4.98579,0.0516053,0.029475,999,,,,,,,31.200000000000003,2.8363636363636364,32,2.909090909090909,,,,,,,,,,,,,,,,,,,"Mason Barnett","31741",686930
"Caleb Thielbar","CHC",1,1,0,3.96229,9,0,0,2,,9,37,8,4,4,1,3,,0,10,9.741,3.07797,3.16475,1.21901,0.26197,0.0827775,0.1791924387216568,0.227977,1.20131,0.2837,0.714425,,,3.76608,0.0513459,0.048857,999,,,,,,,52.500000000000014,5.833333333333335,51,5.666666666666667,,,,,,,,,,,,,,,,,,,"Caleb Thielbar","10078",573204
"Mitch Bratt","ARI",0,0,0,4.42386,1,1,0,0,,5,21,5,3,2,1,1,,0,4,7.57635,2.67503,2.83225,1.31809,0.19756,0.0697536,0.12780587375164032,0.258783,1.3132,0.295987,0.702891,,,4.30895,0.0508971,0.0141515,999,,,,,,,16.7,3.34,17,3.4,,,,,,,,,,,,,,,,,,,"Mitch Bratt","30003",683352
"Yohan Ramírez","PIT",1,1,0,4.00588,9,0,0,2,,9,40,8,4,4,1,4,,1,10,9.46426,4.15647,2.277,0.85594,0.240562,0.105649,0.13491292297840118,0.232235,1.34205,0.296996,0.709939,,,3.96001,0.050521,0.0863381,999,,,,,,,46.500000000000014,5.166666666666668,45,5,,,,,,,,,,,,,,,,,,,"Yohan Ramirez","19444",670990
"Colin Holderman","CLE",0,1,0,3.99006,9,0,0,2,,9,40,8,4,4,1,4,,1,9,8.66893,3.6188,2.39553,0.870058,0.224525,0.0937269,0.13079848885536194,0.238071,1.31134,0.294481,0.705316,,,3.82593,0.0501284,0.0754244,999,,,,,,,44.500000000000014,4.944444444444446,43,4.777777777777778,,,,,,,,,,,,,,,,,,,"Colin Holderman","22361",670059
"Tejay Antone","CIN",0,0,0,4.49226,9,0,0,2,,9,40,9,5,5,1,4,,1,9,8.47382,3.43121,2.46963,1.19931,0.220011,0.0890865,0.13092437386512756,0.242368,1.31216,0.288367,0.683739,,,4.24838,0.0492224,-0.0187275,999,,,,,,,41.90000000000001,4.655555555555557,43,4.777777777777778,,,,,,,,,,,,,,,,,,,"Tejay Antone","16233",622088
"Mason Fluharty","TOR",1,0,0,3.99406,9,0,0,2,,9,38,8,4,4,1,4,,0,10,9.53107,3.76878,2.52895,1.08037,0.249475,0.0986474,0.15082726627588272,0.229851,1.28725,0.287927,0.719156,,,3.92525,0.0489213,0.0737418,999,,,,,,,49.500000000000014,5.500000000000002,48,5.333333333333333,,,,,,,,,,,,,,,,,,,"Mason Fluharty","31553",689254
"Hunter Gaddis","CLE",0,1,0,3.93656,10,0,0,2,,10,43,9,5,4,1,3,,1,10,8.63812,2.92797,2.95021,1.24218,0.228858,0.0775734,0.15128431469202042,0.237475,1.2316,0.282604,0.728227,,,4.09075,0.0487256,0.0414671,999,,,,,,,54.300000000000004,5.430000000000001,53,5.3,,,,,,,,,,,,,,,,,,,"Hunter Gaddis","25636",683769
"George Klassen","LAA",0,0,0,4.68767,1,1,0,0,,7,29,6,4,3,1,3,,0,6,7.83111,4.38039,1.78777,1.15077,0.197528,0.110489,0.08703923970460892,0.247431,1.44347,0.288937,0.693834,,,4.62025,0.0484275,0.0379024,999,,,,,,,26.9,3.8428571428571425,25,3.5714285714285716,,,,,,,,,,,,,,,,,,,"George Klassen","33464",691946
"Alan Rangel","PHI",0,0,0,4.68725,3,1,0,0,,8,33,8,4,4,1,3,,0,6,7.64564,3.32283,2.30094,1.54405,0.197944,0.0860274,0.11191675066947937,0.253038,1.35498,0.283236,0.707653,,,4.80237,0.048235,0.023228,999,,,,,,,29.100000000000005,3.6375000000000006,30,3.75,,,,,,,,,,,,,,,,,,,"Alan Rangel","19524",660604
"Kyle Finnegan","DET",1,1,0,4.153,10,0,1,2,,10,43,9,5,5,1,4,,0,9,8.18168,3.5326,2.31605,1.09063,0.212794,0.091878,0.1209159642457962,0.243615,1.33098,0.289613,0.714193,,,4.10002,0.0477481,0.0508062,639.030029296875,,,,,,,57.300000000000004,5.73,56,5.6,,,,,,,,,,,,,,,,,,,"Kyle Finnegan","15009",640448
"Jovani Morán","BOS",0,0,0,3.80141,8,0,0,2,,8,36,7,4,4,1,4,,0,9,9.68945,4.02527,2.40715,0.886837,0.254791,0.105847,0.1489434465765953,0.224168,1.28806,0.288187,0.720762,,,3.63505,0.0474655,0.0210987,999,,,,,,,42.7,5.3375,41,5.125,,,,,,,,,,,,,,,,,,,"Jovani Moran","20422",663558
"Dedniel Núñez","NYM",0,0,0,4.18681,9,0,0,2,,9,37,8,4,4,1,4,,0,9,9.38256,3.66937,2.557,1.19474,0.245313,0.0959382,0.14937525987625122,0.23704,1.3118,0.292304,0.71597,,,4.03089,0.046803,0.0503931,999,,,,,,,47.500000000000014,5.2777777777777795,46,5.111111111111111,,,,,,,,,,,,,,,,,,,"Dedniel Nunez","23055",673380
"Dylan Dodd","ATL",0,0,0,4.02802,9,0,0,2,,9,39,9,5,4,1,3,,0,9,8.45122,2.67375,3.16081,1.1383,0.22435,0.0709788,0.15337157994508743,0.24683,1.25075,0.29562,0.711827,,,3.81509,0.0467558,-0.0256148,999,,,,,,,47.90000000000001,5.322222222222224,49,5.444444444444445,,,,,,,,,,,,,,,,,,,"Dylan Dodd","29928",689266
"Jason Foley","SFG",1,1,0,3.87478,9,0,1,2,,9,40,9,4,4,1,3,,0,7,6.97454,2.78844,2.50123,0.80555,0.18102,0.0723724,0.10864783078432083,0.25773,1.32023,0.301346,0.713236,,,3.77884,0.046454,0.0629428,999,,,,,,,48.90000000000001,5.4333333333333345,50,5.555555555555555,,,,,,,,,,,,,,,,,,,"Jason Foley","19531",671345
"Adrian Houser","SFG",0,0,0,4.49109,1,1,0,0,,5,24,6,3,3,1,2,,0,4,6.2477,3.04606,2.05108,1.01831,0.159914,0.0779657,0.08194806426763535,0.264095,1.38277,0.295893,0.686368,,,4.32598,0.0462657,0.0055803,743.219970703125,,,,,,,11.1,2.2199999999999998,14,2.8,,,,,,,,,,,,,,,,,,,"Adrian Houser","12718",605288
"Daniel Duarte","NYM",1,0,0,4.20118,10,0,1,2,,10,42,9,5,4,1,4,,1,9,8.12073,4.02577,2.01719,1.03271,0.207964,0.103096,0.10486800223588943,0.241712,1.3749,0.288189,0.714438,,,4.27392,0.046134,0.0190551,999,,,,,,,54.300000000000004,5.430000000000001,53,5.3,,,,,,,,,,,,,,,,,,,"Daniel Duarte","17480",650960
"Brennan Bernardino","COL",1,1,0,4.45197,10,0,0,2,,10,42,10,5,5,1,4,,1,8,7.80135,3.57182,2.18414,1.06785,0.198282,0.0907828,0.10749918222427368,0.255699,1.39658,0.301295,0.698028,,,4.27796,0.0454498,0.102132,999,,,,,,,44.7,4.470000000000001,46,4.6,,,,,,,,,,,,,,,,,,,"Brennan Bernardino","16835",657514
"Javier Assad","CHC",1,1,0,4.24526,6,1,0,0,,11,46,11,5,5,1,4,,1,8,7.11132,3.11076,2.28604,1.18697,0.183987,0.0804827,0.10350386053323746,0.252926,1.33083,0.287004,0.713772,,,4.41576,0.0453781,0.0812723,999,,,,,,,41.50000000000001,3.7727272727272734,43,3.909090909090909,,,,,,,,,,,,,,,,,,,"Javier Assad","21741",665871
"Tim Mayza","PHI",1,0,0,3.89917,8,0,0,1,,8,35,8,4,4,1,3,,0,7,8.04615,2.82635,2.84683,0.966812,0.212046,0.0744849,0.13756126910448074,0.247639,1.27186,0.29668,0.714195,,,3.73679,0.0448978,0.0206301,999,,,,,,,35.10000000000001,4.387500000000001,36,4.5,,,,,,,,,,,,,,,,,,,"Tim Mayza","15042",641835
"Tommy Nance","MIN",0,1,0,3.99841,9,0,0,2,,9,39,9,4,4,1,3,,0,9,8.66275,3.16072,2.74075,0.918257,0.22554,0.0822913,0.14324872940778732,0.246751,1.30446,0.304153,0.707253,,,3.69786,0.0423944,0.0593099,999,,,,,,,47.90000000000001,5.322222222222224,49,5.444444444444445,,,,,,,,,,,,,,,,,,,"Tommy Nance","19178",667297
"Mason Molina","STL",0,0,0,4.47457,1,1,0,0,,4,17,4,2,2,1,2,,0,4,8.46937,3.58737,2.36089,1.24883,0.217789,0.0922486,0.12553995102643967,0.23719,1.3166,0.279246,0.703852,,,4.35683,0.0415569,0.0462724,999,,,,,,,8.9,2.225,9,2.25,,,,,,,,,,,,,,,,,,,"Mason Molina","sa3025586",695766
"Eduard Bazardo","SEA",1,0,0,3.95928,10,0,0,3,,10,40,8,5,4,1,3,,0,10,8.97437,2.95837,3.03355,1.19924,0.239595,0.0789817,0.1606133133172989,0.231773,1.20665,0.280219,0.714122,,,3.94294,0.0405967,-0.00664771,999,,,,,,,63.900000000000006,6.390000000000001,60,6,,,,,,,,,,,,,,,,,,,"Eduard Bazardo","20997",660825
"Jordan Hicks","CHW",1,1,0,4.23043,10,0,0,2,,10,43,9,5,5,1,5,,1,9,8.64339,4.35281,1.9857,0.842597,0.218686,0.11013,0.10855602473020554,0.24151,1.41022,0.299345,0.703043,,,4.04469,0.0394123,0.0277015,999,,,,,,,46.300000000000004,4.630000000000001,45,4.5,,,,,,,,,,,,,,,,,,,"Jordan Hicks","19618",663855
"Paul Blackburn","NYY",1,1,0,4.3436,10,0,0,3,,10,42,10,5,5,1,3,,0,8,7.66416,3.09003,2.48029,1.12983,0.198941,0.080209,0.11873219907283783,0.251866,1.32301,0.29326,0.695938,,,4.18475,0.0390733,0.0361169,999,,,,,,,54.7,5.470000000000001,56,5.6,,,,,,,,,,,,,,,,,,,"Paul Blackburn","14739",621112
"Brycen Mautz","STL",1,1,0,4.54084,7,1,0,0,,10,45,10,6,5,1,4,,1,9,7.54632,3.82744,1.97164,1.14061,0.192337,0.097552,0.09478500485420227,0.250502,1.39787,0.289939,0.696026,,,4.48445,0.0387262,0.00658278,999,,,,,,,38.7,3.87,40,4,,,,,,,,,,,,,,,,,,,"Brycen Mautz","31910",802408
"Braydon Fisher","TOR",1,0,0,3.83593,9,0,0,2,,9,37,7,4,4,1,4,,0,9,9.68894,4.02794,2.40544,1.03256,0.254388,0.105755,0.1486325040459633,0.219689,1.26683,0.277601,0.726402,,,3.92965,0.038283,0.0571986,999,,,,,,,50.10000000000001,5.566666666666667,46,5.111111111111111,,,,,,,,,,,,,,,,,,,"Braydon Fisher","24609",680755
"Tyron Guerrero","BOS",0,0,0,4.24613,9,0,0,2,,9,41,9,5,4,1,4,,1,9,8.42352,3.45055,2.44121,0.930442,0.216147,0.0885409,0.12760622054338455,0.250862,1.35786,0.306166,0.696584,,,3.89245,0.0382768,-0.0117498,999,,,,,,,41.90000000000001,4.655555555555557,43,4.777777777777778,,,,,,,,,,,,,,,,,,,"Tyron Guerrero","11691",594027
"Samy Natera Jr.","LAA",0,1,0,4.01784,9,0,0,2,,9,37,7,4,4,1,5,,0,11,11.0779,5.0456,2.19555,1.11189,0.284739,0.129689,0.15504951775074005,0.21473,1.35635,0.285878,0.736109,,,4.07894,0.037901,0.106956,999,,,,,,,51.10000000000001,5.677777777777779,47,5.222222222222222,,,,,,,,,,,,,,,,,,,"Samy Natera Jr.","31936",696519
"Jonathan Loáisiga","ARI",0,0,0,3.81,9,0,0,2,,9,38,9,4,4,1,3,,0,7,7.41892,2.68721,2.76082,0.962413,0.193991,0.0702656,0.12372531741857529,0.253405,1.28628,0.296909,0.726865,,,3.87965,0.0376961,0.0754135,999,,,,,,,43.90000000000001,4.877777777777779,45,5,,,,,,,,,,,,,,,,,,,"Jonathan Loaisiga","19753",642528
"Cam Booser","TBR",0,0,0,4.00673,9,0,0,2,,9,39,8,5,4,1,4,,0,10,10.151,3.80646,2.66678,1.36068,0.267174,0.100186,0.16698814928531647,0.227137,1.27816,0.283183,0.744733,,,4.16199,0.037249,-0.0183155,999,,,,,,,49.500000000000014,5.500000000000002,48,5.333333333333333,,,,,,,,,,,,,,,,,,,"Cam Booser","16061",592155
"Erick Fedde","CHW",0,1,1,5.0428,5,2,0,0,,12,51,12,7,7,2,5,,0,8,6.43487,3.48875,1.84446,1.38915,0.164083,0.0889595,0.07512310892343521,0.262439,1.42026,0.286514,0.673683,,,4.92821,0.037007,0.0500379,999,,,,,,,34.000000000000014,2.8333333333333344,35,2.9166666666666665,,,,,,,,,,,,,,,,,,,"Erick Fedde","17425",607200
"José Urquidy","CHW",0,0,0,4.5939,3,1,0,0,,5,21,5,3,3,1,2,,0,4,7.64799,3.24332,2.35808,1.05156,0.198555,0.084202,0.11435267329216003,0.250351,1.33218,0.293282,0.665207,,,4.09672,0.0368141,0.0108246,999,,,,,,,13.7,2.7399999999999998,14,2.8,,,,,,,,,,,,,,,,,,,"Jose Urquidy","18413",664353
"Tyler Kinley","DET",1,1,0,4.33054,9,0,0,2,,9,40,8,5,5,1,4,,0,10,9.39318,3.80834,2.46647,1.21476,0.24564,0.0995916,0.14604847133159637,0.232027,1.29949,0.285335,0.699197,,,4.16646,0.0361356,-0.0179449,999,,,,,,,49.500000000000014,5.500000000000002,48,5.333333333333333,,,,,,,,,,,,,,,,,,,"Tyler Kinley","18297",641755
"Kade Morris","ATH",0,0,0,4.95047,7,1,0,0,,9,42,9,5,5,1,4,,1,9,8.39342,4.17092,2.01237,1.30543,0.203281,0.101016,0.10226498544216156,0.242801,1.44998,0.281859,0.684278,,,4.67754,0.0361091,-0.0169945,999,,,,,,,33.90000000000001,3.766666666666668,35,3.888888888888889,,,,,,,,,,,,,,,,,,,"Kade Morris","33787",695034
"Jaden Hill","COL",0,1,0,4.63082,10,0,0,2,,10,45,10,6,5,1,5,,1,10,8.77542,4.03494,2.17486,1.0899,0.221627,0.101904,0.11972302198410034,0.248279,1.40944,0.302711,0.685671,,,4.29268,0.035742,-0.00752114,999,,,,,,,45.7,4.57,47,4.7,,,,,,,,,,,,,,,,,,,"Jaden Hill","30250",677955
"Evan Sisk","PIT",0,0,0,3.73613,7,0,0,1,,7,32,7,3,3,1,4,,1,8,9.20829,4.29865,2.14214,0.689148,0.234355,0.109403,0.12495265901088715,0.23735,1.38327,0.305262,0.730404,,,3.68292,0.0347966,0.0356717,999,,,,,,,26.300000000000015,3.7571428571428593,27,3.857142857142857,,,,,,,,,,,,,,,,,,,"Evan Sisk","24995",681895
"Slade Cecconi","CLE",1,1,0,4.54721,7,1,0,0,,10,42,10,5,5,2,3,,0,8,7.55258,2.36046,3.19963,1.37937,0.197688,0.0617847,0.13590309768915176,0.261293,1.29159,0.297281,0.689317,,,4.31435,0.0341116,0.0513401,584.5599975585938,,,,,,,30.4,3.04,31,3.1,,,,,,,,,,,,,,,,,,,"Slade Cecconi","27500",677944
"Ryan Walker","SFG",1,1,0,3.85174,9,0,0,2,,9,38,8,4,4,1,3,,1,8,8.50475,3.26314,2.60631,0.883774,0.220776,0.0847082,0.13606733828783035,0.243693,1.29942,0.299388,0.717965,,,3.77751,0.0339015,0.0485594,144.55999755859375,,,,,,,45.500000000000014,5.055555555555557,44,4.888888888888889,,,,,,,,,,,,,,,,,,,"Ryan Walker","20423",676254
"Lucas Braun","KCR",0,0,0,4.47457,1,1,0,0,,3,12,3,2,1,0,1,,0,3,8.46937,3.58737,2.36089,1.24883,0.217789,0.0922486,0.12553995102643967,0.23719,1.3166,0.279246,0.703852,,,4.35683,0.0331742,-0.00595495,999,,,,,,,17.400000000000002,5.800000000000001,18,6,,,,,,,,,,,,,,,,,,,"Lucas Braun","sa3022996",814351
"Trey Gibson","BAL",0,1,0,4.62066,3,1,0,0,,5,24,5,3,3,1,2,,0,5,7.61706,3.89395,1.95612,1.12633,0.192505,0.0984113,0.09409335255622864,0.254293,1.425,0.295883,0.693674,,,4.49998,0.0325764,0.0470109,999,,,,,,,15.7,3.1399999999999997,16,3.2,,,,,,,,,,,,,,,,,,,"Trey Gibson","33794",694346
"Jace Beck","MIA",0,0,0,4.68074,2,1,0,0,,4,19,4,2,2,1,2,,0,4,8.43646,3.84018,2.19689,1.27335,0.211289,0.0961763,0.11511263996362686,0.239688,1.37438,0.280422,0.694863,,,4.49577,0.0323454,-0.0248555,999,,,,,,,8.9,2.225,9,2.25,,,,,,,,,,,,,,,,,,,"Jace Beck","sa3011811",689476
"Ronel Blanco","HOU",0,1,0,4.45729,5,1,0,0,,9,40,8,5,5,2,4,,0,9,8.6426,3.85961,2.23924,1.42712,0.225123,0.100535,0.12458744645118713,0.235608,1.32579,0.274684,0.713421,,,4.60023,0.0321677,0.0134512,999,,,,,,,27.200000000000006,3.022222222222223,25,2.7777777777777777,,,,,,,,,,,,,,,,,,,"Ronel Blanco","19407",669854
"Tony Gonsolin","KCR",1,0,0,4.79678,3,1,0,0,,7,29,6,4,4,1,3,,1,7,8.92457,3.89404,2.29185,1.47485,0.228027,0.0994946,0.12853258103132248,0.240939,1.35635,0.283703,0.689512,,,4.77548,0.0321669,0.0230815,999,,,,,,,25.900000000000013,3.700000000000002,24,3.4285714285714284,,,,,,,,,,,,,,,,,,,"Tony Gonsolin","19388",664062
"Noah Schultz","CHW",0,0,0,4.62796,1,1,0,0,,4,16,3,2,2,0,2,,0,3,7.87774,4.25384,1.85191,1.16289,0.198766,0.10733,0.0914357453584671,0.246648,1.42539,0.288125,0.696231,,,4.63536,0.0318561,0.0510823,999,,,,,,,21.8,5.45,20,5,,,,,,,,,,,,,,,,,,,"Noah Schultz","32056",702273
"Peyton Gray","TEX",1,1,0,3.96608,9,0,0,2,,9,38,8,4,4,1,3,,0,9,8.96268,3.22037,2.78312,1.15847,0.235783,0.084719,0.15106401592493057,0.236742,1.26042,0.2879,0.723399,,,3.99798,0.0311878,0.052905,999,,,,,,,50.500000000000014,5.6111111111111125,49,5.444444444444445,,,,,,,,,,,,,,,,,,,"Peyton Gray","25310",682608
"Luis Morales","ATH",0,0,0,4.89231,4,1,0,0,,8,35,8,5,4,1,4,,0,7,7.70754,3.98554,1.93387,1.4205,0.195499,0.101092,0.09440723061561584,0.254188,1.43463,0.288809,0.695227,,,4.85869,0.0311708,-0.0186184,735.3200073242188,,,,,,,28.100000000000005,3.5125000000000006,29,3.625,,,,,,,,,,,,,,,,,,,"Luis Morales","32227",806960
"Juan Mejia","COL",0,0,0,4.67574,9,0,0,2,,9,38,8,5,4,1,4,,1,9,8.89775,4.43454,2.00647,1.06633,0.223131,0.111206,0.1119251698255539,0.2506,1.46263,0.308129,0.692441,,,4.3276,0.0306413,0.0217901,748.510009765625,,,,,,,44.500000000000014,4.944444444444446,43,4.777777777777778,,,,,,,,,,,,,,,,,,,"Juan Mejia","23237",675848
"Luis Medina","ATH",1,1,0,4.51713,10,0,0,2,,11,49,10,6,6,1,5,,1,11,9.22448,4.3747,2.1086,1.14539,0.233416,0.110697,0.12271860986948013,0.243188,1.42115,0.299982,0.70444,,,4.32588,0.0304625,0.0792369,999,,,,,,,55.10000000000001,5.00909090909091,54,4.909090909090909,,,,,,,,,,,,,,,,,,,"Luis Medina","21649",665622
"Tyler Alexander","TEX",0,1,0,4.37391,10,0,0,2,,11,46,11,6,5,1,3,,0,9,7.51049,2.39689,3.13343,1.22911,0.198109,0.0632243,0.1348845437169075,0.254726,1.26092,0.292492,0.684915,,,4.1129,0.0303897,-0.0374586,999,,,,,,,57.50000000000001,5.2272727272727275,59,5.363636363636363,,,,,,,,,,,,,,,,,,,"Tyler Alexander","17735",641302
"Sean Sullivan","COL",0,1,0,5.66874,1,1,0,0,,6,25,7,4,4,1,2,,0,4,6.29275,2.85391,2.20496,1.66819,0.158437,0.0718549,0.08658190071582794,0.283807,1.47025,0.304472,0.648869,,,5.14439,0.0300958,0.0213053,999,,,,,,,15.90000000000001,2.6500000000000017,19,3.1666666666666665,,,,,,,,,,,,,,,,,,,"Sean Sullivan","33502",807743
"Khristian Curtis","PIT",0,0,0,4.87921,5,1,0,0,,7,31,7,4,4,1,3,,0,6,8.40479,4.08354,2.05821,1.29696,0.205345,0.0997685,0.10557618737220764,0.241995,1.43001,0.28149,0.686956,,,4.62951,0.0292902,-0.00406863,999,,,,,,,24.3,3.4714285714285715,25,3.5714285714285716,,,,,,,,,,,,,,,,,,,"Khristian Curtis","33865",694753
"Riley Cornelio","WSN",0,0,0,4.8272,3,1,0,0,,6,25,5,3,3,1,3,,0,5,7.91694,4.55628,1.73759,1.24397,0.198816,0.114421,0.08439561724662781,0.251824,1.48571,0.292954,0.698586,,,4.72597,0.0292718,0.0540281,999,,,,,,,20.10000000000001,3.3500000000000014,18,3,,,,,,,,,,,,,,,,,,,"Riley Cornelio","31953",683000
"Pete Hansen","STL",0,1,0,4.5,4,1,0,0,,7,28,7,3,3,1,2,,0,4,5.625,3.375,1.66667,1.125,0.147059,0.0882353,0.05882353335618973,0.290323,1.5,0.32,0.754717,,,4.58336,0.02897,0.061418,999,,,,,,,23.3,3.3285714285714287,24,3.4285714285714284,,,,,,,,,,,,,,,,,,,"Pete Hansen","sa3020798",677337
"Jesse Scholtens","TBR",1,0,0,4.55226,8,1,0,0,,10,42,10,5,5,2,3,,0,8,7.67973,2.87033,2.67555,1.37474,0.19991,0.0747173,0.12519267201423645,0.254797,1.3139,0.290532,0.694614,,,4.45286,0.0289547,-0.0219781,999,,,,,,,30.4,3.04,31,3.1,,,,,,,,,,,,,,,,,,,"Jesse Scholtens","19205",669947
"Joe Whitman","SFG",0,0,0,4.47457,1,1,0,0,,3,13,3,2,1,0,1,,0,3,8.46937,3.58737,2.36089,1.24883,0.217789,0.0922486,0.12553996592760086,0.23719,1.3166,0.279246,0.703852,,,4.35683,0.0287027,-0.0168868,999,,,,,,,17.400000000000002,5.800000000000001,18,6,,,,,,,,,,,,,,,,,,,"Joe Whitman","sa3023131",802126
"Chad Patrick","MIL",1,1,0,4.11544,10,0,0,2,,12,51,11,6,6,2,4,,1,12,8.84808,3.15571,2.80383,1.27721,0.232809,0.0830327,0.14977674186229706,0.239707,1.26811,0.286985,0.721014,,,4.14811,0.0283574,-0.0329492,288.6499938964844,,,,,,,52.600000000000016,4.383333333333335,51,4.25,,,,,,,,,,,,,,,,,,,"Chad Patrick","30113",694477
"Victor Vodnik","MIA",1,1,0,4.04122,9,0,0,2,,9,39,8,4,4,1,4,,0,8,8.38945,4.4267,1.89519,0.79494,0.212234,0.111985,0.10024850815534592,0.244838,1.43614,0.301789,0.722348,,,3.97343,0.0282665,0.0599754,496.760009765625,,,,,,,45.500000000000014,5.055555555555557,44,4.888888888888889,,,,,,,,,,,,,,,,,,,"Victor Vodnik","24614",680767
"Elvis Alvarado","ATH",1,1,0,4.28276,10,0,1,2,,10,42,8,5,5,1,5,,1,11,9.80606,4.42619,2.21546,1.24945,0.252116,0.113799,0.13831777125597,0.229909,1.35844,0.286416,0.722629,,,4.36553,0.0281869,0.0964315,748.52001953125,,,,,,,57.900000000000006,5.790000000000001,54,5.4,,,,,,,,,,,,,,,,,,,"Elvis Alvarado","21662",665660
"Cooper Hjerpe","STL",0,0,0,4.77064,3,1,0,0,,5,22,5,3,3,1,2,,0,5,8.42212,3.95041,2.13196,1.28404,0.20856,0.0978255,0.1107344925403595,0.240745,1.39958,0.280913,0.691197,,,4.55635,0.0278335,-0.0157581,999,,,,,,,15.7,3.1399999999999997,16,3.2,,,,,,,,,,,,,,,,,,,"Cooper Hjerpe","sa3020736",687309
"Seranthony Domínguez","SEA",1,1,0,3.78988,9,0,0,2,,9,39,7,4,4,1,4,,1,10,10.1105,4.39156,2.30226,1.06714,0.264321,0.114809,0.1495116576552391,0.214998,1.28495,0.27522,0.739295,,,4.00735,0.0274293,0.0366103,194.19000244140625,,,,,,,49.10000000000001,5.455555555555557,45,5,,,,,,,,,,,,,,,,,,,"Seranthony Dominguez","19249",622554
"Félix Bautista","BAL",0,0,0,3.26042,6,0,0,0,,6,27,5,3,2,1,3,,0,9,12.3362,4.61117,2.67529,0.818203,0.329233,0.123064,0.2061687856912613,0.19657,1.22432,0.287479,0.757081,,,3.14778,0.0271216,-0.000899125,999,,,,,,,28.10000000000001,4.6833333333333345,26,4.333333333333333,,,,,,,,,,,,,,,,,,,"Felix Bautista","20666",642585
"Matt Festa","CLE",1,1,0,4.21333,9,0,0,2,,9,38,8,5,4,1,3,,1,9,8.89108,3.17361,2.80156,1.11799,0.233074,0.0831942,0.14987967908382416,0.238619,1.26463,0.290707,0.692912,,,3.97211,0.0269356,-0.0214538,999,,,,,,,47.500000000000014,5.2777777777777795,46,5.111111111111111,,,,,,,,,,,,,,,,,,,"Matt Festa","19330",670036
"John Schreiber","KCR",0,1,0,4.35365,9,0,0,2,,9,39,9,5,4,1,4,,0,8,7.954,3.56468,2.23134,1.08101,0.204567,0.091679,0.11288777738809586,0.248256,1.35707,0.293287,0.699184,,,4.22499,0.0267423,-0.0134734,999,,,,,,,42.90000000000001,4.766666666666668,44,4.888888888888889,,,,,,,,,,,,,,,,,,,"John Schreiber","20020",670167
"Jose Cabrera","ARI",0,0,0,4.77064,3,1,0,0,,5,22,5,3,3,1,2,,0,5,8.42212,3.95041,2.13196,1.28404,0.20856,0.0978255,0.1107344925403595,0.240745,1.39958,0.280913,0.691197,,,4.55635,0.0266885,-0.0109517,999,,,,,,,15.7,3.1399999999999997,16,3.2,,,,,,,,,,,,,,,,,,,"Jose Cabrera","30412",703615
"Tony Santillan","CIN",0,1,0,4.49168,10,0,0,2,,10,42,9,5,5,1,4,,1,10,8.99272,4.0776,2.2054,1.32871,0.230202,0.104381,0.12582077085971832,0.239497,1.36948,0.286902,0.711225,,,4.54647,0.0258794,0.052784,718.1199951171875,,,,,,,51.300000000000004,5.130000000000001,50,5,,,,,,,,,,,,,,,,,,,"Tony Santillan","19926",663574
"Brady Basso","ATH",0,0,0,4.15244,8,0,0,1,,8,36,8,4,4,1,3,,0,7,7.7159,3.01707,2.55742,1.13936,0.200967,0.0785818,0.12238480150699615,0.254599,1.32917,0.297033,0.718501,,,4.10062,0.0254663,0.0345842,999,,,,,,,35.10000000000001,4.387500000000001,36,4.5,,,,,,,,,,,,,,,,,,,"Brady Basso","25582",669620
"Edwin Díaz","LAD",0,0,0,3.37168,6,0,0,0,,6,25,5,2,2,1,2,,0,8,12.1178,3.32931,3.63974,0.985842,0.328601,0.0902815,0.238319531083107,0.206169,1.12513,0.292544,0.738773,,,3.11771,0.0253889,0.0309323,33,,,,,,,29.10000000000001,4.850000000000001,27,4.5,,,,,,,,,,,,,,,,,,,"Edwin Diaz","14710",621242
"Brent Suter","ATL",0,0,0,4.04311,9,0,0,2,,9,37,9,4,4,1,2,,0,7,7.29902,2.59188,2.8161,1.04316,0.191877,0.0681355,0.12374123185873032,0.255597,1.28716,0.296173,0.710169,,,3.92067,0.0252638,0.0483358,999,,,,,,,46.90000000000001,5.211111111111112,48,5.333333333333333,,,,,,,,,,,,,,,,,,,"Brent Suter","13942",608718
"Andrew Sears","DET",0,0,0,4.95047,7,1,0,0,,10,44,9,6,5,1,4,,1,9,8.39342,4.17092,2.01237,1.30543,0.203281,0.101016,0.10226497054100037,0.242801,1.44998,0.281859,0.684278,,,4.67754,0.02495,-0.0368514,999,,,,,,,41.300000000000004,4.130000000000001,40,4,,,,,,,,,,,,,,,,,,,"Andrew Sears","33664",808825
"Pierce Johnson","CIN",1,0,0,4.38872,9,0,0,2,,9,38,8,5,4,1,4,,0,9,9.36487,3.62804,2.58125,1.32082,0.243467,0.0943216,0.1491456851363182,0.242718,1.33581,0.295977,0.712851,,,4.20359,0.0244509,-0.0158014,999,,,,,,,47.500000000000014,5.2777777777777795,46,5.111111111111111,,,,,,,,,,,,,,,,,,,"Pierce Johnson","13435",572955
"Michael Fulmer","NYY",0,0,0,3.6,8,0,0,1,,8,33,7,4,3,1,3,,0,8,9,3.6,2.5,0.9,0.243902,0.097561,0.1463414803147316,0.243243,1.3,0.307692,0.689655,,,3.58336,0.0240492,0.00124075,999,,,,,,,39.7,4.9625,38,4.75,,,,,,,,,,,,,,,,,,,"Michael Fulmer","13218",605242
"Trent Harris","SFG",1,0,0,4.63252,10,0,1,2,,10,42,10,5,5,1,3,,0,8,7.45891,3.16304,2.35814,1.08488,0.19045,0.0807627,0.10968729853630066,0.267005,1.41147,0.311011,0.685586,,,4.13772,0.0240112,0.0199165,999,,,,,,,55.7,5.57,57,5.7,,,,,,,,,,,,,,,,,,,"Trent Harris","33214",805345
"Jeremiah Estrada","SDP",0,0,0,3.41461,7,0,0,0,,7,28,5,3,3,1,3,,0,9,11.7597,3.83305,3.06797,1.17644,0.317944,0.103633,0.21431054174900055,0.205545,1.17878,0.27956,0.769638,,,3.50964,0.0237849,0.0115219,623.5800170898438,,,,,,,35.500000000000014,5.071428571428574,31,4.428571428571429,,,,,,,,,,,,,,,,,,,"Jeremiah Estrada","22210",669093
"Joe Mantiply","TOR",0,0,0,4.02562,7,0,0,1,,7,31,7,4,3,1,2,,0,6,7.69825,2.54059,3.0301,0.966248,0.202861,0.0669487,0.1359124556183815,0.254821,1.27739,0.301708,0.701991,,,3.70248,0.0234845,-0.0203624,999,,,,,,,31.3,4.4714285714285715,32,4.571428571428571,,,,,,,,,,,,,,,,,,,"Joe Mantiply","14857",573009
"Grant Wolfram","BAL",1,0,0,4.19195,8,0,0,1,,8,33,7,4,4,1,3,,0,7,8.74126,3.70699,2.35804,0.967741,0.225267,0.0955312,0.12973567843437195,0.243927,1.35072,0.300105,0.703599,,,3.92687,0.023234,0.00331984,999,,,,,,,37.7,4.7125,36,4.5,,,,,,,,,,,,,,,,,,,"Grant Wolfram","21623",664991
"Greg Weissert","BOS",1,1,0,4.08774,9,0,0,2,,9,38,8,4,4,1,3,,0,8,8.14482,3.08514,2.64001,1.10152,0.213408,0.0808358,0.1325717568397522,0.243755,1.28075,0.289148,0.709448,,,4.04246,0.0230716,0.0683415,999,,,,,,,48.500000000000014,5.38888888888889,47,5.222222222222222,,,,,,,,,,,,,,,,,,,"Greg Weissert","20375",669711
"Brock Burke","CIN",1,0,0,4.26498,9,0,0,2,,9,40,9,5,4,1,4,,0,9,8.40915,3.60664,2.33158,1.18792,0.218057,0.0935235,0.12453365325927734,0.241597,1.32775,0.286941,0.711008,,,4.27418,0.0226478,-0.0167768,999,,,,,,,44.90000000000001,4.988888888888891,46,5.111111111111111,,,,,,,,,,,,,,,,,,,"Brock Burke","17968",656271
"Tanner Banks","PHI",0,0,0,4.1263,7,0,0,1,,7,31,7,4,3,1,2,,0,7,8.28744,2.77043,2.99139,1.19589,0.216934,0.0725196,0.14441478997468948,0.255635,1.3072,0.30343,0.721436,,,3.97516,0.0224873,-0.0138323,999,,,,,,,33.30000000000001,4.757142857142859,34,4.857142857142857,,,,,,,,,,,,,,,,,,,"Tanner Banks","16990",621383
"Taylor Rogers","MIN",0,1,0,4.16558,9,0,0,2,,9,37,8,4,4,1,4,,1,9,8.91391,3.88711,2.2932,1.07986,0.228716,0.0997367,0.12897931784391403,0.240361,1.35422,0.29424,0.717503,,,4.14182,0.0221049,0.0507745,415.510009765625,,,,,,,44.500000000000014,4.944444444444446,43,4.777777777777778,,,,,,,,,,,,,,,,,,,"Taylor Rogers","13449",573124
"Kris Bubic","LAD",0,0,0,3.48677,6,0,0,0,,6,27,6,3,3,1,2,,0,7,9.59171,3.1989,2.99844,0.865725,0.256731,0.0856215,0.17110919207334518,0.227809,1.21393,0.292457,0.734598,,,3.35052,0.0220496,-0.000430643,190.69000244140625,,,,,,,24.500000000000007,4.083333333333335,25,4.166666666666667,,,,,,,,,,,,,,,,,,,"Kris Bubic","21455",663460
"Matt Brash","SEA",0,0,0,3.18144,7,0,0,0,,7,30,6,3,3,1,3,,0,8,10.6222,3.55538,2.98764,0.755652,0.28282,0.0946636,0.18815669417381287,0.216363,1.1985,0.29376,0.753286,,,3.19336,0.0218152,0.00996947,733.280029296875,,,,,,,30.900000000000013,4.414285714285716,29,4.142857142857143,,,,,,,,,,,,,,,,,,,"Matt Brash","25756",666374
"Enyel De Los Santos","HOU",1,1,0,4.23922,9,0,0,2,,9,40,9,5,4,1,3,,0,9,8.64128,3.03812,2.84429,1.33224,0.227618,0.0800262,0.14759144186973572,0.239887,1.25595,0.283195,0.709409,,,4.25697,0.0217667,-0.0283123,999,,,,,,,47.90000000000001,5.322222222222224,49,5.444444444444445,,,,,,,,,,,,,,,,,,,"Enyel De Los Santos","18403",660853
"Danny Coulombe",,0,0,0,4.00376,4,0,0,0,,4,18,4,2,2,0,2,,0,4,7.91383,3.66218,2.16096,1.02262,0.206063,0.0953572,0.1107059195637703,0.241007,1.33094,0.285244,0.723115,,,4.1014,0.0206639,0.0123268,999,,,,,,,21.200000000000003,5.300000000000001,22,5.5,,,,,,,,,,,,,,,,,,,"Danny Coulombe","13293",543056
"Jefry Yan","NYM",1,0,0,4.12225,8,0,0,2,,8,38,7,4,4,1,5,,1,10,10.6119,5.73494,1.85039,0.869341,0.265612,0.143544,0.12206859886646271,0.221799,1.46661,0.297438,0.727631,,,4.08023,0.0202285,0.00556869,999,,,,,,,38.7,4.8375,37,4.625,,,,,,,,,,,,,,,,,,,"Jefry Yan","27902",642376
"Sam Moll","CIN",0,0,0,4.2776,8,0,0,1,,8,33,7,4,4,1,4,,0,8,8.8817,4.11997,2.15577,1.02474,0.228993,0.106224,0.12276964634656906,0.233356,1.34354,0.286416,0.698334,,,4.13114,0.0201188,0.00995318,999,,,,,,,36.7,4.5875,35,4.375,,,,,,,,,,,,,,,,,,,"Sam Moll","14874",594580
"Steven Matz","TBR",1,1,0,4.10846,8,0,0,1,,9,39,9,5,4,1,3,,0,8,7.70193,2.48179,3.10338,1.18854,0.203589,0.0656025,0.13798674196004868,0.25072,1.24948,0.290642,0.707584,,,4.04766,0.0196719,0.00720701,712.989990234375,,,,,,,41.90000000000001,4.655555555555557,43,4.777777777777778,,,,,,,,,,,,,,,,,,,"Steven Matz","13361",571927
"Ryne Stanek","STL",0,1,0,4.39745,9,0,1,2,,9,39,8,5,4,1,5,,0,9,9.39414,4.50716,2.08427,1.2061,0.24118,0.115714,0.12546557188034058,0.23347,1.38764,0.28726,0.713775,,,4.32586,0.0195502,-0.0435065,745.9000244140625,,,,,,,49.500000000000014,5.500000000000002,48,5.333333333333333,,,,,,,,,,,,,,,,,,,"Ryne Stanek","15947",592773
"Kody Funderburk","MIN",0,0,0,3.86023,8,0,0,1,,8,35,7,4,3,1,4,,1,7,8.28772,3.97806,2.08336,0.725222,0.212374,0.101938,0.11043545603752136,0.240856,1.364,0.297682,0.71755,,,3.81327,0.0193832,0.00719394,748.510009765625,,,,,,,31.700000000000006,3.962500000000001,30,3.75,,,,,,,,,,,,,,,,,,,"Kody Funderburk","24993",681892
"Shelby Miller","CHC",0,0,0,3.96,7,0,0,1,,7,31,6,4,3,1,3,,0,8,9.6534,3.3543,2.87792,1.1656,0.256521,0.0891342,0.16738654673099518,0.22698,1.22716,0.282923,0.716071,,,3.87244,0.0189582,-0.025415,999,,,,,,,34.90000000000001,4.9857142857142875,33,4.714285714285714,,,,,,,,,,,,,,,,,,,"Shelby Miller","10197",571946
"Michael Grove","TBR",0,0,0,4.13416,7,0,0,0,,7,29,6,3,3,1,2,,0,7,9.2405,3.00371,3.07636,1.13116,0.244207,0.0793819,0.1648252084851265,0.240923,1.25735,0.297597,0.700999,,,3.77594,0.0188773,0.017283,999,,,,,,,31.900000000000013,4.557142857142859,30,4.285714285714286,,,,,,,,,,,,,,,,,,,"Michael Grove","23221",675627
"Trevor Richards","CHW",0,0,0,4.62932,9,0,0,2,,9,38,8,5,5,1,3,,0,9,8.78961,3.47152,2.53192,1.38569,0.230653,0.0910979,0.13955462723970413,0.23847,1.29698,0.28145,0.682323,,,4.37044,0.0188065,-0.0208076,999,,,,,,,50.500000000000014,5.6111111111111125,49,5.444444444444445,,,,,,,,,,,,,,,,,,,"Trevor Richards","19309",670950
"Karson Milbrandt","MIA",0,0,0,5.00677,1,1,0,0,,4,16,4,2,2,0,2,,0,3,7.31365,4.78324,1.52901,1.21917,0.181902,0.118967,0.06293503940105438,0.254322,1.52396,0.290084,0.688953,,,4.91388,0.0188009,0.0516275,999,,,,,,,19.200000000000003,4.800000000000001,20,5,,,,,,,,,,,,,,,,,,,"Karson Milbrandt","sa3020659",703596
"Chase Petty","CIN",0,1,0,5.2744,6,1,0,0,,10,45,11,6,6,2,4,,1,8,6.77977,3.91714,1.7308,1.48208,0.16892,0.0975965,0.07132332026958466,0.266404,1.492,0.292604,0.677785,,,5.19593,0.0187939,0.005398,999,,,,,,,21.799999999999997,2.1799999999999997,25,2.5,,,,,,,,,,,,,,,,,,,"Chase Petty","30170",695534
"Rico Garcia","BAL",0,0,0,4.32157,10,0,1,2,,10,41,8,5,5,1,4,,0,10,9.10545,3.7671,2.4171,1.40071,0.238423,0.09864,0.1397828459739685,0.233737,1.30622,0.278302,0.720635,,,4.42033,0.0185652,0.023919,999,,,,,,,61.900000000000006,6.19,58,5.8,,,,,,,,,,,,,,,,,,,"Rico Garcia","20023",670329
"Luis Gastelum","STL",1,1,0,4.16876,9,0,0,2,,9,38,8,4,4,1,3,,1,8,8.38625,3.14007,2.67072,1.18725,0.218602,0.0818515,0.13675087690353394,0.243777,1.28697,0.289531,0.710791,,,4.17813,0.0177213,0.0664053,999,,,,,,,45.500000000000014,5.055555555555557,44,4.888888888888889,,,,,,,,,,,,,,,,,,,"Luis Gastelum","33027",703725
"Ryan Zeferjahn","CHC",1,1,0,4.01342,9,0,0,2,,9,41,7,5,4,1,5,,1,11,10.583,4.93307,2.14532,1.04769,0.271691,0.126644,0.1450471132993698,0.211824,1.33019,0.277385,0.724354,,,4.15283,0.0171713,-0.0415475,999,,,,,,,48.10000000000001,5.344444444444445,44,4.888888888888889,,,,,,,,,,,,,,,,,,,"Ryan Zeferjahn","25420",666171
"Seth Lonsway","SFG",0,0,0,4.93378,6,1,0,0,,9,39,8,5,5,1,4,,1,8,8.39608,4.15046,2.02293,1.30345,0.203761,0.100726,0.10303522646427155,0.242614,1.4453,0.281773,0.684898,,,4.66629,0.017133,-0.0501023,999,,,,,,,34.500000000000014,3.833333333333335,33,3.6666666666666665,,,,,,,,,,,,,,,,,,,"Seth Lonsway","30064",675920
"Joey Estes","ATH",0,0,0,5.44321,3,1,0,0,,7,30,7,5,4,1,2,,0,5,6.4525,2.83779,2.27377,1.78797,0.165184,0.0726473,0.09253621846437454,0.263999,1.35911,0.278171,0.649148,,,5.39156,0.0170104,0.0388332,999,,,,,,,25.3,3.6142857142857143,26,3.7142857142857144,,,,,,,,,,,,,,,,,,,"Joey Estes","26257",683155
"Scott Blewett","ATH",0,0,0,4.60244,9,0,0,2,,9,40,10,5,5,1,3,,0,8,7.30271,3.33332,2.19082,1.18119,0.186595,0.085171,0.10142368078231812,0.262333,1.40524,0.300986,0.695365,,,4.37768,0.0169945,0.012138,999,,,,,,,43.30000000000001,4.811111111111113,47,5.222222222222222,,,,,,,,,,,,,,,,,,,"Scott Blewett","16427",656240
"Jacob Waguespack","DET",0,0,0,4.36256,9,0,0,2,,9,39,8,5,4,1,4,,1,8,8.33045,3.9658,2.10057,1.0348,0.213713,0.10174,0.1119723841547966,0.241065,1.36496,0.289699,0.696088,,,4.21714,0.0169683,-0.0168235,999,,,,,,,42.500000000000014,4.722222222222224,41,4.555555555555555,,,,,,,,,,,,,,,,,,,"Jacob Waguespack","18318",621097
"Chase Silseth","TEX",0,1,0,4.00362,10,0,0,2,,10,41,8,5,4,1,5,,1,10,9.17698,4.45457,2.06013,1.05298,0.235837,0.114477,0.12135998904705048,0.228127,1.355,0.282166,0.731589,,,4.22565,0.0169417,0.0236348,999,,,,,,,50.900000000000006,5.090000000000001,47,4.7,,,,,,,,,,,,,,,,,,,"Chase Silseth","30074",681217
"Alex Lange","KCR",0,0,0,4.21304,9,0,0,2,,9,39,8,5,4,1,5,,1,9,9.18152,4.80952,1.90903,0.914949,0.231276,0.121149,0.11012779921293259,0.236676,1.43667,0.297577,0.716847,,,4.16091,0.0164943,-0.0127235,999,,,,,,,41.500000000000014,4.6111111111111125,40,4.444444444444445,,,,,,,,,,,,,,,,,,,"Alex Lange","19883",656638
"Justin Bruihl","STL",0,0,0,4.21202,8,0,0,2,,8,35,8,4,4,1,3,,1,7,7.38345,3.35897,2.19813,0.88945,0.189265,0.086103,0.10316241532564163,0.251836,1.35274,0.296499,0.695039,,,4.06248,0.0163096,0.00638088,999,,,,,,,36.10000000000001,4.512500000000001,37,4.625,,,,,,,,,,,,,,,,,,,"Justin Bruihl","23779",677865
"Tyler Davis","CHW",0,0,0,4.82073,7,0,0,1,,7,30,6,4,4,1,4,,0,6,8.59804,5.18166,1.65932,0.768376,0.217643,0.131164,0.08647900819778442,0.236968,1.47947,0.295114,0.659775,,,4.00978,0.0162261,-0.0191689,999,,,,,,,27.9,3.9857142857142853,26,3.7142857142857144,,,,,,,,,,,,,,,,,,,"Tyler Davis","34847",699823
"Jonathan Cannon","CHW",0,1,0,4.99207,6,1,0,0,,11,47,11,7,6,2,4,,1,8,6.76741,3.27625,2.0656,1.55333,0.172146,0.0833397,0.08880660682916641,0.263772,1.40661,0.287309,0.689884,,,5.06943,0.0158612,0.0620988,999,,,,,,,29.200000000000003,2.6545454545454548,30,2.727272727272727,,,,,,,,,,,,,,,,,,,"Jonathan Cannon","31730",686563
"Justin Slaten","BOS",0,0,0,3.81539,6,0,0,0,,6,27,6,3,3,1,2,,0,7,9.0442,2.69404,3.35711,0.999547,0.242739,0.0723061,0.1704331412911415,0.237109,1.20378,0.294011,0.708754,,,3.49364,0.0157758,0.00336308,999,,,,,,,24.500000000000007,4.083333333333335,25,4.166666666666667,,,,,,,,,,,,,,,,,,,"Justin Slaten","25648",686580
"Cade Winquest","STL",0,0,0,4.49459,7,0,0,1,,7,32,8,4,4,1,3,,0,6,7.5354,3.25177,2.31732,0.880381,0.192494,0.0830674,0.10942661017179489,0.259868,1.38304,0.308315,0.67428,,,3.93402,0.0157745,-0.0239002,999,,,,,,,25.7,3.6714285714285713,29,4.142857142857143,,,,,,,,,,,,,,,,,,,"Cade Winquest","31850",685464
"Josh Walker","BAL",0,0,0,4.43093,9,0,0,2,,9,41,9,5,5,1,4,,1,9,8.53538,3.80345,2.24412,1.23036,0.218326,0.0972881,0.12103777378797531,0.246497,1.37457,0.293587,0.70947,,,4.40947,0.015569,-0.0352296,999,,,,,,,41.90000000000001,4.655555555555557,43,4.777777777777778,,,,,,,,,,,,,,,,,,,"Josh Walker","23617",677020
"Yuki Matsui","SDP",1,0,0,4.18429,9,0,0,2,,9,38,8,5,4,1,4,,0,9,9.20235,4.30254,2.13882,1.24656,0.239497,0.111976,0.127520389854908,0.227471,1.33491,0.275663,0.727046,,,4.34634,0.0152552,-0.0432923,999,,,,,,,47.500000000000014,5.2777777777777795,46,5.111111111111111,,,,,,,,,,,,,,,,,,,"Yuki Matsui","33826",673513
"Garrett Crochet","BOS",0,0,0,3.06573,4,0,0,0,,5,19,4,2,2,1,1,,0,6,11.1243,2.32619,4.7822,0.942667,0.309705,0.064762,0.24494288116693497,0.214926,1.05512,0.292455,0.753853,,,2.82598,0.0148516,0.0157846,12.239999771118164,,,,,,,23.300000000000004,4.660000000000001,21,4.2,,,,,,,,,,,,,,,,,,,"Garrett Crochet","27463",676979
"Brendon Little","TOR",0,1,0,3.74915,8,0,0,1,,8,34,7,3,3,1,4,,0,9,10.1486,5.19153,1.95484,0.695746,0.257205,0.131574,0.12563148140907288,0.225289,1.42308,0.301388,0.73794,,,3.71678,0.0148514,0.0314226,748.52001953125,,,,,,,38.7,4.8375,37,4.625,,,,,,,,,,,,,,,,,,,"Brendon Little","21574",663893
"Graham Ashcraft","CIN",0,0,0,4.0468,6,0,0,0,,6,27,6,3,3,1,2,,0,6,8.17305,3.27756,2.49364,0.883058,0.214036,0.0858328,0.12820301949977875,0.242461,1.29556,0.293906,0.696614,,,3.74697,0.0141652,0.00208588,999,,,,,,,22.500000000000007,3.7500000000000013,23,3.8333333333333335,,,,,,,,,,,,,,,,,,,"Graham Ashcraft","27552",668933
"Kyle Hurt","LAD",0,0,0,4.06333,8,0,0,1,,8,33,7,4,3,1,4,,0,8,9.88631,4.54607,2.17469,1.0592,0.254224,0.116901,0.13732299208641052,0.230074,1.3747,0.293317,0.730584,,,4.04034,0.0140637,-0.00057419,999,,,,,,,36.7,4.5875,35,4.375,,,,,,,,,,,,,,,,,,,"Kyle Hurt","27514",669165
"Derek Law","ARI",0,0,0,3.61666,8,0,0,1,,8,32,7,3,3,1,3,,0,7,7.61466,3.13135,2.43175,0.784821,0.201761,0.0829694,0.11879133433103561,0.237018,1.25191,0.283534,0.721451,,,3.66325,0.0140101,0.03178,999,,,,,,,37.7,4.7125,36,4.5,,,,,,,,,,,,,,,,,,,"Derek Law","13133",571882
"David Morgan","SDP",0,0,0,4.00671,9,0,0,2,,9,37,8,4,4,1,4,,1,8,8.84768,3.89334,2.27252,1.04186,0.227568,0.100139,0.12742894887924194,0.239067,1.34685,0.29298,0.728359,,,4.10912,0.0137735,0.0357435,999,,,,,,,42.500000000000014,4.722222222222224,41,4.555555555555555,,,,,,,,,,,,,,,,,,,"David Morgan","31616",688158
"Lake Bachar","PIT",1,0,0,4.26406,8,0,0,1,,8,35,7,4,4,1,3,,0,8,8.94312,3.57696,2.50021,1.26948,0.232957,0.0931752,0.13978195190429688,0.237172,1.30219,0.28496,0.712588,,,4.28196,0.0136884,0.0202157,999,,,,,,,39.7,4.9625,38,4.75,,,,,,,,,,,,,,,,,,,"Lake Bachar","19222",669199
"Drew Rom","ATH",0,0,0,4.13268,5,0,0,0,,5,22,5,3,2,1,2,,0,6,9.47059,3.62461,2.61285,0.945781,0.245814,0.0940788,0.15173550695180893,0.238695,1.31512,0.302924,0.698633,,,3.72023,0.0135321,-0.00772773,999,,,,,,,17.7,3.54,18,3.6,,,,,,,,,,,,,,,,,,,"Drew Rom","24602",680723
"Ryan Helsley","BAL",0,0,0,3.58108,4,0,0,0,,4,15,3,2,1,0,1,,0,4,10.3488,3.55762,2.90892,0.919426,0.275483,0.0947028,0.18078002333641052,0.224745,1.2389,0.296392,0.735849,,,3.37291,0.0128034,-0.000599417,85.58999633789062,,,,,,,26.8,6.7,25,6.25,,,,,,,,,,,,,,,,,,,"Ryan Helsley","18138",664854
"JoJo Romero","MIL",1,0,0,3.66695,8,0,0,1,,8,34,7,4,3,1,3,,0,8,9.00432,3.62845,2.48159,0.926759,0.235025,0.0947077,0.14031755924224854,0.236405,1.30141,0.294966,0.741881,,,3.79297,0.0126439,-0.00120688,479.0799865722656,,,,,,,39.7,4.9625,38,4.75,,,,,,,,,,,,,,,,,,,"JoJo Romero","19574",668941
"DL Hall","MIL",0,0,0,4.01304,9,0,0,2,,9,39,8,4,4,1,4,,0,9,8.79463,4.52233,1.94471,0.940501,0.225976,0.1162,0.10977542400360107,0.228282,1.36329,0.281246,0.721964,,,4.14791,0.0124648,0.0452429,999,,,,,,,47.500000000000014,5.2777777777777795,46,5.111111111111111,,,,,,,,,,,,,,,,,,,"DL Hall","22207",669084
"Paul Sewald","TOR",0,1,0,4.4578,8,0,0,2,,8,33,7,4,4,1,2,,0,8,9.4396,2.77133,3.40616,1.62399,0.251296,0.073777,0.17751942574977875,0.236852,1.21108,0.279701,0.701854,,,4.41318,0.0124306,0.0114306,389.9100036621094,,,,,,,46.7,5.8375,45,5.625,,,,,,,,,,,,,,,,,,,"Paul Sewald","13892",623149
"Anthony Nunez","BAL",1,1,0,4.20713,9,0,0,2,,9,38,8,4,4,1,4,,1,9,9.40248,3.98928,2.35693,1.132,0.242916,0.103065,0.13985176384449005,0.230612,1.31548,0.285806,0.7086,,,4.18458,0.0119582,0.0453039,999,,,,,,,44.500000000000014,4.944444444444446,43,4.777777777777778,,,,,,,,,,,,,,,,,,,"Anthony Nunez","25796",689296
"Sammy Peralta","LAA",0,0,0,4.41795,8,0,0,1,,8,36,8,4,4,1,3,,0,7,7.64598,2.8514,2.68148,1.07821,0.198018,0.0738465,0.12417171150445938,0.257871,1.32797,0.301968,0.684683,,,4.04905,0.0118729,0.000367837,999,,,,,,,35.10000000000001,4.387500000000001,36,4.5,,,,,,,,,,,,,,,,,,,"Sammy Peralta","25589",671111
"José Suarez","ATH",0,0,0,4.23795,8,0,0,1,,8,34,8,4,4,1,3,,0,8,8.50331,3.29648,2.57951,1.1989,0.221159,0.0857368,0.1354224532842636,0.24814,1.32668,0.296231,0.714665,,,4.13055,0.0115647,0.0102636,999,,,,,,,37.10000000000001,4.637500000000001,38,4.75,,,,,,,,,,,,,,,,,,,"Jose Suarez","19911",660761
"Joe Boyle","TBR",0,0,0,4.04097,6,0,0,0,,7,32,6,4,3,1,4,,0,8,10.0629,5.01827,2.00525,0.828479,0.257255,0.128291,0.12896457314491272,0.222274,1.38926,0.292166,0.715036,,,3.85761,0.0115531,-0.000246717,713.1400146484375,,,,,,,27.900000000000013,3.9857142857142875,26,3.7142857142857144,,,,,,,,,,,,,,,,,,,"Joe Boyle","29608",671212
"Reiver Sanmartin","SFG",0,1,0,4.10217,9,0,0,2,,9,37,9,4,4,1,3,,0,7,6.92302,3.02912,2.28549,0.919049,0.178288,0.0780086,0.10027896612882614,0.26017,1.3599,0.300856,0.710366,,,4.01597,0.011188,0.0413677,999,,,,,,,43.90000000000001,4.877777777777779,45,5,,,,,,,,,,,,,,,,,,,"Reiver Sanmartin","19754",665665
"Enmanuel De Jesus","DET",0,0,0,4.28131,8,0,0,1,,8,35,8,4,4,1,3,,1,7,7.92749,3.89958,2.03291,0.946896,0.201396,0.0990678,0.10232803225517273,0.249067,1.39847,0.297656,0.704459,,,4.18481,0.011089,0.00938808,999,,,,,,,32.10000000000001,4.012500000000001,33,4.125,,,,,,,,,,,,,,,,,,,"Enmanuel De Jesus","18554",646241
"Clarke Schmidt","NYY",0,0,0,3.76756,5,0,0,0,,6,26,5,3,3,1,2,,0,6,9.02711,3.21996,2.80349,1.11341,0.239032,0.0852622,0.153769351541996,0.233733,1.2454,0.286015,0.737157,,,3.88115,0.0106386,0.0151837,999,,,,,,,25.10000000000001,4.1833333333333345,23,3.8333333333333335,,,,,,,,,,,,,,,,,,,"Clarke Schmidt","19899",657376
"Lucas Erceg","KCR",0,0,0,4.0284,6,0,0,0,,6,27,6,3,3,1,3,,0,6,8.0034,3.69845,2.16399,0.793983,0.204902,0.0946874,0.11021500825881958,0.245345,1.35835,0.29791,0.706025,,,3.88686,0.0105389,0.00318636,490.70001220703125,,,,,,,19.500000000000007,3.2500000000000013,20,3.3333333333333335,,,,,,,,,,,,,,,,,,,"Lucas Erceg","19360",668674
"Jared Koenig","MIL",0,0,0,3.73049,6,0,0,0,,6,26,6,3,3,1,2,,0,6,8.90536,3.45619,2.57664,0.990172,0.233243,0.0905222,0.1427210047841072,0.237899,1.29241,0.293639,0.739529,,,3.80633,0.0105299,-0.000905159,748.489990234375,,,,,,,22.500000000000007,3.7500000000000013,23,3.8333333333333335,,,,,,,,,,,,,,,,,,,"Jared Koenig","27517",657649
"Kirby Yates","PIT",0,1,0,3.95887,8,0,0,1,,8,33,6,4,3,1,4,,0,9,10.2441,4.14283,2.47272,1.13832,0.268085,0.108417,0.1596679612994194,0.220282,1.28137,0.282053,0.72738,,,4.00664,0.0104358,0.00410568,269.42999267578125,,,,,,,41.300000000000004,5.1625000000000005,37,4.625,,,,,,,,,,,,,,,,,,,"Kirby Yates","9073",489446
"Bradley Hanner","NYY",0,0,0,4.48078,8,0,0,1,,8,33,7,4,4,1,3,,1,8,8.90941,3.90042,2.28422,1.11306,0.230776,0.101031,0.12974559515714645,0.230594,1.30552,0.280478,0.675007,,,4.23358,0.00999281,0.00738581,999,,,,,,,36.7,4.5875,35,4.375,,,,,,,,,,,,,,,,,,,"Bradley Hanner","26097",690440
"Germán Márquez","MIN",0,0,0,5.44343,1,1,0,0,,4,18,4,3,2,1,2,,0,3,6.46787,3.47977,1.8587,1.50902,0.162995,0.0876928,0.07530222833156586,0.277276,1.49387,0.302409,0.664307,,,5.07314,0.00998666,-0.0437639,743.3200073242188,,,,,,,6.9,1.725,7,1.75,,,,,,,,,,,,,,,,,,,"German Marquez","15038",608566
"Ben Brown","CHC",0,0,0,3.70576,3,0,0,0,,4,18,4,2,2,0,1,,0,5,9.87052,2.93575,3.36218,0.915517,0.264402,0.0786401,0.18576185405254364,0.231473,1.20391,0.299216,0.712536,,,3.28061,0.00995953,0.0129154,733.6500244140625,,,,,,,26.200000000000003,6.550000000000001,27,6.75,,,,,,,,,,,,,,,,,,,"Ben Brown","23590",676962
"Jason Adam","SDP",1,0,0,3.74158,7,0,0,0,,7,31,6,3,3,1,3,,1,7,8.68039,3.06944,2.828,1.08932,0.231425,0.0818333,0.14959122240543365,0.225853,1.19003,0.272285,0.723263,,,3.95374,0.00974159,0.0115219,999,,,,,,,25.900000000000013,3.700000000000002,24,3.4285714285714284,,,,,,,,,,,,,,,,,,,"Jason Adam","11861",592094
"Franco Aleman","CLE",0,0,0,4.04406,7,0,0,1,,7,32,6,4,3,1,4,,0,8,10.2452,4.38654,2.33559,1.08416,0.262993,0.112602,0.15039099752902985,0.22892,1.35132,0.2956,0.729625,,,4.03622,0.00973581,-0.0195373,999,,,,,,,31.900000000000013,4.557142857142859,30,4.285714285714286,,,,,,,,,,,,,,,,,,,"Franco Aleman","30195",680916
"Yerry De los Santos","NYY",0,0,0,3.98661,6,0,0,0,,6,28,6,3,3,1,2,,0,5,7.50615,3.2571,2.30455,0.93882,0.195251,0.0847239,0.11052673310041428,0.249026,1.32687,0.293075,0.715932,,,3.96105,0.00967362,0.00093056,999,,,,,,,20.500000000000007,3.416666666666668,21,3.5,,,,,,,,,,,,,,,,,,,"Yerry De los Santos","21420",660787
"Nate Pearson","KCR",1,1,0,4.63453,9,0,2,1,,9,42,9,5,5,1,5,,1,9,8.17642,4.46511,1.83118,1.12112,0.206265,0.112641,0.09362444281578064,0.244079,1.43573,0.289375,0.694506,,,4.5504,0.00953497,-0.0142234,999,,,,,,,44.90000000000001,4.988888888888891,46,5.111111111111111,,,,,,,,,,,,,,,,,,,"Nate Pearson","20160",663878
"Sam Hentges","SFG",0,0,0,3.6552,4,0,0,0,,4,17,3,2,2,0,2,,0,4,8.93852,4.01256,2.22763,0.704841,0.232487,0.104365,0.12812170386314392,0.230071,1.31541,0.292182,0.724817,,,3.59224,0.00946973,-0.00142663,999,,,,,,,23.8,5.95,22,5.5,,,,,,,,,,,,,,,,,,,"Sam Hentges","18548",656529
"George Soriano","STL",0,0,0,4.52206,9,0,1,2,,9,40,9,5,5,1,4,,1,9,8.51212,3.74894,2.27054,1.17207,0.219032,0.0964667,0.12256515026092529,0.241948,1.34534,0.289042,0.687175,,,4.32257,0.00940423,-0.049262,999,,,,,,,46.90000000000001,5.211111111111112,48,5.333333333333333,,,,,,,,,,,,,,,,,,,"George Soriano","21863",666277
"Tim Herrin","CLE",0,1,0,4.09755,9,0,0,2,,9,40,8,5,4,1,4,,1,9,8.82585,4.44565,1.98528,0.933918,0.2248,0.113233,0.11156626790761948,0.234165,1.38373,0.289466,0.717716,,,4.15873,0.00937775,-0.0232366,999,,,,,,,44.500000000000014,4.944444444444446,43,4.777777777777778,,,,,,,,,,,,,,,,,,,"Tim Herrin","25139",682120
"Jake Bird","WSN",0,0,0,4.26503,6,0,0,0,,6,26,6,3,3,1,2,,0,6,9.04753,3.62151,2.49828,1.04941,0.232853,0.0932052,0.13964736461639404,0.243038,1.3367,0.300361,0.700153,,,4.00741,0.00933912,0.00184401,999,,,,,,,22.500000000000007,3.7500000000000013,23,3.8333333333333335,,,,,,,,,,,,,,,,,,,"Jake Bird","21267",656234
"Mason Black","KCR",0,1,0,5.17528,4,1,0,0,,7,33,8,5,4,1,3,,0,6,6.86218,4.00555,1.71317,1.38755,0.170715,0.0996486,0.07106596231460571,0.266569,1.50272,0.296125,0.682025,,,5.05864,0.00931382,-0.0501468,999,,,,,,,21.7,3.1,25,3.5714285714285716,,,,,,,,,,,,,,,,,,,"Mason Black","30171",696131
"Luis Mey","CIN",1,1,0,4.43104,9,0,0,2,,9,42,8,5,5,1,6,,1,10,9.10974,5.62641,1.6191,1.00076,0.225921,0.139535,0.08638623356819153,0.231798,1.50322,0.287791,0.718395,,,4.58122,0.00915564,-0.0206782,999,,,,,,,40.500000000000014,4.500000000000002,39,4.333333333333333,,,,,,,,,,,,,,,,,,,"Luis Mey","25620",682825
"Bradley Blalock","MIA",0,1,0,5.14812,3,1,0,0,,7,31,8,4,4,1,3,,0,5,6.35155,3.84518,1.65182,1.35713,0.15833,0.0958516,0.06247798353433609,0.272483,1.51715,0.298758,0.685579,,,5.00449,0.00879191,-0.0136408,999,,,,,,,19.7,2.814285714285714,23,3.2857142857142856,,,,,,,,,,,,,,,,,,,"Bradley Blalock","26419",687134
"Isaac Mattson","PIT",0,0,0,4.25744,6,0,0,0,,6,27,6,3,3,1,3,,0,6,8.48264,4.08861,2.0747,0.969286,0.216584,0.104393,0.1121910810470581,0.241223,1.37941,0.293519,0.704219,,,4.14824,0.00869776,0.00307926,999,,,,,,,19.500000000000007,3.2500000000000013,20,3.3333333333333335,,,,,,,,,,,,,,,,,,,"Isaac Mattson","20385",676755
"Kyle Hart","SDP",0,1,0,4.25234,9,0,0,2,,9,40,9,5,4,1,4,,1,8,8.06608,3.42522,2.35491,1.14688,0.20918,0.0888273,0.12035299092531204,0.244225,1.32093,0.287587,0.706648,,,4.24992,0.00864294,-0.0518719,999,,,,,,,39.90000000000001,4.4333333333333345,41,4.555555555555555,,,,,,,,,,,,,,,,,,,"Kyle Hart","19646",606996
"Brandon Eisert","PIT",0,0,0,4.10645,6,0,0,0,,6,25,6,3,3,1,2,,0,6,8.68696,3.30319,2.62987,1.08791,0.226991,0.0863129,0.1406785547733307,0.244593,1.30925,0.29693,0.71341,,,3.92433,0.00859822,0.00307926,999,,,,,,,22.500000000000007,3.7500000000000013,23,3.8333333333333335,,,,,,,,,,,,,,,,,,,"Brandon Eisert","27668",685126
"Blake Treinen","LAD",0,0,0,3.96274,5,0,0,0,,5,21,4,2,2,1,2,,0,5,9.72494,3.89446,2.49712,1.06494,0.251128,0.100567,0.1505609005689621,0.236793,1.33558,0.300129,0.732516,,,3.93028,0.00857233,0.015241,999,,,,,,,18.299999999999997,3.6599999999999993,16,3.2,,,,,,,,,,,,,,,,,,,"Blake Treinen","12572",595014
"Raymond Burgos","BOS",0,0,0,4.45028,7,0,0,1,,7,31,8,4,4,1,2,,0,5,6.78719,3.09869,2.19035,0.96404,0.173752,0.0793263,0.09442577511072159,0.266365,1.40085,0.305747,0.690211,,,4.08878,0.00849927,-0.0135306,999,,,,,,,26.7,3.814285714285714,30,4.285714285714286,,,,,,,,,,,,,,,,,,,"Raymond Burgos","22370",670103
"Ryan Watson","LAA",0,1,0,4.40043,10,0,0,2,,10,41,10,5,5,1,3,,1,8,7.61582,2.9894,2.54761,1.19752,0.196804,0.0772504,0.11955344676971436,0.256508,1.33612,0.296761,0.699807,,,4.27798,0.0083283,0.0317524,999,,,,,,,47.7,4.7700000000000005,49,4.9,,,,,,,,,,,,,,,,,,,"Ryan Watson","27853",670245
"Hunter Harvey","CHC",0,0,0,3.43959,2,0,0,0,,2,9,2,1,1,0,1,,0,2,9.83216,2.77063,3.5487,0.876485,0.267074,0.0752595,0.19181415438652039,0.224992,1.15155,0.291521,0.725113,,,3.18619,0.00826577,-0.000685659,748.530029296875,,,,,,,10.600000000000001,5.300000000000001,11,5.5,,,,,,,,,,,,,,,,,,,"Hunter Harvey","15507",640451
"Eddy Yean","WSN",0,0,0,4.43398,7,0,0,1,,7,30,7,4,3,1,3,,0,5,7.17859,3.9546,1.81525,0.940045,0.182152,0.100345,0.08180657774209976,0.253895,1.42966,0.295448,0.696691,,,4.28185,0.00817264,-0.0168409,999,,,,,,,26.3,3.757142857142857,27,3.857142857142857,,,,,,,,,,,,,,,,,,,"Eddy Yean","24248",678868
"Elmer Rodríguez","NYY",0,0,0,4.06971,6,0,0,0,,8,36,8,4,4,1,4,,0,7,8.04083,3.87987,2.07245,0.822439,0.207348,0.100049,0.10729808360338211,0.242177,1.36104,0.293704,0.705155,,,3.89113,0.00813434,-0.0173875,748.5700073242188,,,,,,,28.100000000000005,3.5125000000000006,29,3.625,,,,,,,,,,,,,,,,,,,"Elmer Rodriguez","31811",695684
"Taylor Clarke","ARI",0,0,0,4.23137,8,0,0,2,,8,34,8,4,4,1,2,,0,6,6.79827,2.32327,2.92616,1.25531,0.179528,0.0613526,0.11817501485347748,0.254413,1.25111,0.283728,0.700935,,,4.29947,0.00791549,0.0126325,999,,,,,,,40.10000000000001,5.012500000000001,41,5.125,,,,,,,,,,,,,,,,,,,"Taylor Clarke","17611",664199
"Ryan Thompson","ARI",0,0,0,4.07019,6,0,0,0,,6,24,6,3,3,1,2,,0,4,7.07423,2.81642,2.51178,0.878389,0.182513,0.0726629,0.10985028743743896,0.260375,1.33736,0.303798,0.704403,,,3.89685,0.00764914,0.000641814,748.4299926757812,,,,,,,18.500000000000007,3.0833333333333344,19,3.1666666666666665,,,,,,,,,,,,,,,,,,,"Ryan Thompson","16647",657044
"Robert Garcia","TEX",0,0,0,3.67603,3,0,0,0,,3,14,3,2,1,0,1,,0,4,9.51697,3.39366,2.80434,0.888628,0.252908,0.0901846,0.16272375732660294,0.229433,1.2414,0.293211,0.722859,,,3.4937,0.00755039,-0.0158468,232.1199951171875,,,,,,,19.400000000000002,6.466666666666668,20,6.666666666666667,,,,,,,,,,,,,,,,,,,"Robert Garcia","23363",676395
"Alex Hoppe","BAL",0,0,0,4.5583,9,0,0,2,,9,40,9,5,5,1,5,,0,8,8.17616,4.49288,1.8198,0.928267,0.204364,0.1123,0.09206398576498032,0.252537,1.48238,0.3054,0.696467,,,4.26371,0.00752018,-0.0299785,999,,,,,,,39.90000000000001,4.4333333333333345,41,4.555555555555555,,,,,,,,,,,,,,,,,,,"Alex Hoppe","31880",695380
"Huascar Brazobán","CHW",0,0,0,4.03163,6,0,0,0,,6,27,6,3,3,1,3,,0,6,8.42475,4.0023,2.10498,0.8934,0.2187,0.103896,0.11480320990085602,0.229341,1.31069,0.279761,0.703053,,,4.01436,0.00743685,0.000798424,999,,,,,,,19.500000000000007,3.2500000000000013,20,3.3333333333333335,,,,,,,,,,,,,,,,,,,"Huascar Brazoban","6107",623211
"Justin Steele","CHC",0,0,0,3.34769,2,0,0,0,,2,10,2,1,1,0,1,,0,3,9.25522,2.50613,3.69304,0.792998,0.250544,0.0678422,0.18270155787467957,0.231139,1.15328,0.29483,0.727208,,,3.13114,0.00737829,-0.000685659,605.5,,,,,,,12.600000000000001,6.300000000000001,13,6.5,,,,,,,,,,,,,,,,,,,"Justin Steele","17312",657006
"Matt Svanson","STL",0,0,0,3.87295,6,0,0,0,,6,25,5,3,3,1,2,,0,6,8.41725,3.46938,2.42615,0.932792,0.218874,0.0902143,0.1286594420671463,0.242011,1.31008,0.295139,0.723045,,,3.91789,0.00726961,-0.00136765,528.7999877929688,,,,,,,25.10000000000001,4.1833333333333345,23,3.8333333333333335,,,,,,,,,,,,,,,,,,,"Matt Svanson","29629",694335
"Tim Hill","NYY",1,1,0,4.25549,9,0,0,2,,9,41,10,5,4,1,3,,0,5,5.03473,2.49989,2.01398,0.944038,0.129981,0.0645391,0.06544168293476105,0.268153,1.34401,0.290268,0.693358,,,4.31089,0.00717159,-0.0251513,999,,,,,,,37.30000000000001,4.144444444444446,41,4.555555555555555,,,,,,,,,,,,,,,,,,,"Tim Hill","16814",657612
"Shawn Armstrong","CLE",0,0,0,3.97467,5,0,0,0,,5,20,4,2,2,1,2,,0,5,8.82879,3.18663,2.77057,1.03445,0.232541,0.0839325,0.14860861003398895,0.235908,1.25251,0.288846,0.70766,,,3.84582,0.00704068,0.0159779,748.469970703125,,,,,,,18.299999999999997,3.6599999999999993,16,3.2,,,,,,,,,,,,,,,,,,,"Shawn Armstrong","12857",542888
"Bryan King","HOU",0,0,0,3.86117,7,0,0,0,,7,30,7,3,3,1,2,,0,7,8.54105,2.73715,3.12041,1.17038,0.22581,0.0723654,0.15344471484422684,0.241179,1.22903,0.288425,0.728486,,,3.97921,0.00703322,0.015877,748.469970703125,,,,,,,29.300000000000015,4.185714285714288,30,4.285714285714286,,,,,,,,,,,,,,,,,,,"Bryan King","25890",687911
"Aaron Civale","CHC",0,1,0,4.16888,8,0,0,1,,8,32,7,4,4,1,2,,0,7,8.27693,2.65754,3.11451,1.32401,0.218943,0.0702977,0.14864517748355865,0.247595,1.25288,0.289373,0.715805,,,4.15507,0.00688215,-0.00274263,748.5800170898438,,,,,,,40.7,5.0875,39,4.875,,,,,,,,,,,,,,,,,,,"Aaron Civale","19479",650644
"Ryan Fernandez","STL",1,0,0,4.22239,8,0,0,1,,8,33,7,4,4,1,4,,0,8,9.12645,4.30189,2.1215,0.964926,0.234605,0.110585,0.12402001768350601,0.237305,1.3834,0.296272,0.708222,,,3.96993,0.00673783,-0.00182353,999,,,,,,,36.7,4.5875,35,4.375,,,,,,,,,,,,,,,,,,,"Ryan Fernandez","24862",681676
"Dennis Santana","ARI",0,0,0,4.22986,6,0,0,0,,6,26,6,3,3,1,2,,0,6,8.17153,3.35286,2.43718,1.06144,0.213959,0.0877897,0.1261695697903633,0.244599,1.31029,0.291962,0.698091,,,4.02984,0.00646996,0.000641814,150.50999450683594,,,,,,,22.500000000000007,3.7500000000000013,23,3.8333333333333335,,,,,,,,,,,,,,,,,,,"Dennis Santana","17878",642701
"Chase Shugart","PHI",0,0,0,4.40323,8,0,0,1,,8,34,7,4,4,1,3,,0,7,8.1666,3.46169,2.35914,1.22222,0.212048,0.0898835,0.12216412276029587,0.242758,1.31753,0.284707,0.696942,,,4.34299,0.00646865,0.00428326,999,,,,,,,37.7,4.7125,36,4.5,,,,,,,,,,,,,,,,,,,"Chase Shugart","21544",663767
"Tyler Samaniego","BOS",0,0,0,4.24879,6,0,0,0,,6,27,6,3,3,1,2,,0,5,7.3623,3.50388,2.10118,0.842105,0.187965,0.0894567,0.09850835800170898,0.25509,1.38583,0.301493,0.695463,,,4.00029,0.00625882,0.00336308,999,,,,,,,20.500000000000007,3.416666666666668,21,3.5,,,,,,,,,,,,,,,,,,,"Tyler Samaniego","30081",701719
"Anthony Bender","MIA",0,0,0,3.64935,3,0,0,0,,3,13,3,1,1,0,1,,0,3,9.11912,3.32142,2.74555,0.900199,0.240936,0.0877551,0.15318052470684052,0.228404,1.23045,0.286434,0.724224,,,3.65922,0.0062399,0.0159703,999,,,,,,,17.400000000000002,5.800000000000001,18,6,,,,,,,,,,,,,,,,,,,"Anthony Bender","19742",669622
"Tom Cosgrove","WSN",0,1,0,4.70955,8,0,0,2,,8,37,8,5,4,1,4,,1,7,7.80789,4.14846,1.88212,1.11348,0.197539,0.104956,0.09258336573839188,0.246346,1.41213,0.288323,0.680707,,,4.54835,0.00594401,-0.073108,999,,,,,,,33.10000000000001,4.137500000000001,34,4.25,,,,,,,,,,,,,,,,,,,"Tom Cosgrove","23443",676680
"Cole Sulser","TBR",0,0,0,3.99447,4,0,0,0,,4,17,4,2,2,1,1,,0,4,8.41602,2.95198,2.85098,1.17155,0.224216,0.0786455,0.14557084441184998,0.237522,1.2345,0.282178,0.714727,,,3.96762,0.00592242,0.001165,999,,,,,,,11.9,2.975,12,3,,,,,,,,,,,,,,,,,,,"Cole Sulser","15256",642121
"Spencer Strider","ATL",0,0,0,3.80312,2,0,0,0,,2,8,2,1,1,0,1,,0,2,11.0416,3.36643,3.27991,1.11967,0.295773,0.0901771,0.2055957391858101,0.219415,1.19202,0.291817,0.719858,,,3.50684,0.00579215,0.0000268194,124.86000061035156,,,,,,,10.600000000000001,5.300000000000001,11,5.5,,,,,,,,,,,,,,,,,,,"Spencer Strider","27498",675911
"Cade Gibson","MIA",0,0,0,4.03862,6,0,0,0,,6,28,6,3,3,1,3,,0,5,7.44209,3.61483,2.05877,0.779754,0.19,0.0922881,0.09771165996789932,0.248979,1.36637,0.296532,0.705672,,,3.98801,0.00575826,0.00104322,999,,,,,,,17.500000000000007,2.916666666666668,18,3,,,,,,,,,,,,,,,,,,,"Cade Gibson","31815",806188
"Chris Roycroft","ATH",0,1,0,4.64964,9,0,0,2,,9,40,9,5,5,1,4,,1,7,7.0344,3.98344,1.76591,1.05617,0.176629,0.100022,0.07660765200853348,0.257046,1.4494,0.294728,0.690877,,,4.57062,0.00572009,0.00791558,999,,,,,,,37.90000000000001,4.211111111111112,39,4.333333333333333,,,,,,,,,,,,,,,,,,,"Chris Roycroft","31261",688297
"Brant Hurter","DET",0,0,0,3.69671,3,0,0,0,,3,11,2,1,1,0,1,,0,2,7.68661,3.06321,2.50933,0.793662,0.201057,0.0801236,0.12093333154916763,0.239646,1.25752,0.28735,0.71518,,,3.7838,0.00545587,0.0162582,999,,,,,,,18.000000000000004,6.000000000000001,16,5.333333333333333,,,,,,,,,,,,,,,,,,,"Brant Hurter","30133",676428
"Angel Bastardo","BOS",0,0,0,4.17276,4,0,0,0,,4,16,3,2,2,0,2,,0,4,9.00189,4.09684,2.19728,0.947261,0.232326,0.105734,0.12659230083227158,0.237954,1.36387,0.296114,0.706866,,,3.9108,0.00540214,0.00224206,999,,,,,,,23.8,5.95,22,5.5,,,,,,,,,,,,,,,,,,,"Angel Bastardo","sa3009716",682785
"Gavin Stone","LAD",0,0,0,4.3151,3,0,0,0,,3,14,3,2,2,0,1,,0,3,8.26088,2.85607,2.8924,1.14093,0.216907,0.074992,0.14191467314958572,0.249807,1.28634,0.29715,0.690071,,,3.95361,0.00528402,-0.0154973,999,,,,,,,17.400000000000002,5.800000000000001,18,6,,,,,,,,,,,,,,,,,,,"Gavin Stone","27792",694813
"Daniel Espino","CLE",1,1,0,4.21809,7,0,0,0,,7,29,6,3,3,1,3,,0,7,9.8901,4.44273,2.22613,1.10058,0.25476,0.114441,0.14031922072172165,0.233286,1.37905,0.29645,0.719974,,,4.02944,0.0052512,0.0161541,999,,,,,,,28.900000000000013,4.128571428571431,27,3.857142857142857,,,,,,,,,,,,,,,,,,,"Daniel Espino","25625",682982
"Braxton Garrett","CHC",0,0,0,3.90798,2,0,0,0,,4,15,3,2,2,0,1,,0,3,8.53371,2.82426,3.02158,0.965924,0.224714,0.0743699,0.15034445375204086,0.245495,1.26064,0.299683,0.710259,,,3.67031,0.00516826,-0.00267987,604.1099853515625,,,,,,,24.8,6.2,23,5.75,,,,,,,,,,,,,,,,,,,"Braxton Garrett","21844",666129
"Yoendrys Gómez","MIN",1,0,0,4.4606,10,0,3,1,,10,43,9,5,5,1,5,,1,10,8.80591,4.05533,2.17144,1.20644,0.226207,0.104173,0.12203322350978851,0.236634,1.35265,0.284494,0.698665,,,4.40916,0.00499371,0.0469194,999,,,,,,,59.300000000000004,5.930000000000001,58,5.8,,,,,,,,,,,,,,,,,,,"Yoendrys Gomez","22872",672782
"Justin Topa","NYY",0,0,0,3.91935,2,0,0,0,,2,7,2,1,1,0,0,,0,1,7.40323,2.75806,2.68421,0.870968,0.194656,0.0725191,0.1221374049782753,0.254167,1.29032,0.300546,0.698324,,,3.76078,0.00481493,0.000310187,999,,,,,,,11.600000000000001,5.800000000000001,12,6,,,,,,,,,,,,,,,,,,,"Justin Topa","15145",623437
"Ryan Weathers","NYY",0,0,0,3.84882,3,0,0,0,,4,17,4,2,2,1,1,,0,4,9.14307,2.87769,3.17723,1.1725,0.243305,0.0765778,0.16672717779874802,0.237437,1.22582,0.290572,0.729312,,,3.82316,0.00480119,0.014953,232.55999755859375,,,,,,,11.9,2.975,12,3,,,,,,,,,,,,,,,,,,,"Ryan Weathers","23796",677960
"Brenan Hanifee","DET",0,0,0,4.14884,7,0,0,0,,7,31,8,4,3,1,2,,0,5,6.35651,2.60775,2.43755,0.942923,0.164173,0.0673516,0.0968211442232132,0.265151,1.33975,0.300172,0.702959,,,4.05895,0.00479025,-0.0129305,999,,,,,,,22.7,3.242857142857143,26,3.7142857142857144,,,,,,,,,,,,,,,,,,,"Brenan Hanifee","22304",669724
"Nolan Hoffman","KCR",0,0,0,4.70601,4,0,0,0,,4,19,4,2,2,0,2,,0,4,7.96213,4.56055,1.74587,0.809919,0.197576,0.113168,0.08440869301557541,0.254802,1.50173,0.308843,0.678449,,,4.20188,0.00478547,0.00212424,999,,,,,,,21.200000000000003,5.300000000000001,22,5.5,,,,,,,,,,,,,,,,,,,"Nolan Hoffman","23381",676510
"Kyle Backhus","PHI",0,0,0,4.19041,4,0,0,0,,4,19,4,2,2,0,2,,0,4,8.24067,3.36641,2.44791,1.01,0.211509,0.0864039,0.1251051053404808,0.249981,1.34395,0.300725,0.70596,,,4.05838,0.00474975,0.00214163,999,,,,,,,21.200000000000003,5.300000000000001,22,5.5,,,,,,,,,,,,,,,,,,,"Kyle Backhus","29615",679775
"Hunter Stratton","SDP",0,0,0,4.17867,5,0,0,0,,5,21,5,2,2,1,2,,0,4,8.04748,3.45616,2.32845,1.08731,0.209258,0.0898704,0.1193879172205925,0.242282,1.3145,0.286557,0.70705,,,4.1632,0.0045071,0.0128697,999,,,,,,,13.7,2.7399999999999998,14,2.8,,,,,,,,,,,,,,,,,,,"Hunter Stratton","23455",676702
"Ricky Tiedemann","TOR",0,0,0,4.06518,4,0,0,0,,4,18,4,2,2,0,2,,0,5,10.001,4.63787,2.15637,1.04624,0.256021,0.118728,0.13729343563318253,0.229726,1.38319,0.294708,0.731068,,,4.05953,0.00412779,0.000170313,999,,,,,,,23.200000000000003,5.800000000000001,24,6,,,,,,,,,,,,,,,,,,,"Ricky Tiedemann","30165",694357
"Luke Little","KCR",0,0,0,4.12774,4,0,0,0,,4,16,3,2,2,0,2,,0,4,9.20016,5.68346,1.61876,0.719511,0.227856,0.140759,0.08709639310836792,0.226472,1.48348,0.290262,0.718134,,,4.25126,0.00411434,0.00212424,999,,,,,,,23.8,5.95,22,5.5,,,,,,,,,,,,,,,,,,,"Luke Little","28036",681432
"Michael Lorenzen","TOR",1,1,0,5.30745,8,1,0,0,,12,55,14,8,7,2,5,,1,9,6.77908,3.29579,2.05689,1.52453,0.169307,0.0823118,0.08699479699134827,0.279476,1.49492,0.307863,0.67892,,,5.00958,0.0040049,-0.0322272,999,,,,,,,27.80000000000002,2.316666666666668,34,2.8333333333333335,,,,,,,,,,,,,,,,,,,"Michael Lorenzen","14843",547179
"Blake Weiman","LAA",0,1,0,4.36674,8,0,0,1,,8,33,8,4,4,1,2,,0,7,7.70436,2.90485,2.65224,1.2454,0.200565,0.075621,0.12494424730539322,0.256954,1.32907,0.297046,0.70612,,,4.22567,0.00391382,0.00593096,999,,,,,,,38.10000000000001,4.762500000000001,39,4.875,,,,,,,,,,,,,,,,,,,"Blake Weiman","20257",676620
"Carlos Lagrange","NYY",0,0,0,4.07299,4,0,0,0,,4,16,3,2,2,0,2,,0,4,10.0695,4.72463,2.13127,1.0915,0.259428,0.121725,0.13770326226949692,0.221983,1.35524,0.283581,0.728273,,,4.13951,0.00382421,0.000620373,999,,,,,,,23.8,5.95,22,5.5,,,,,,,,,,,,,,,,,,,"Carlos Lagrange","sa3019390",801739
"Caden Dana","LAA",1,1,1,5.00296,5,2,0,0,,14,62,13,9,8,2,7,,1,12,7.63566,4.17228,1.83009,1.47481,0.193733,0.10586,0.0878731906414032,0.247259,1.41946,0.277546,0.685048,,,5.057,0.00382034,0.0718485,999,,,,,,,45.2,3.2285714285714286,44,3.142857142857143,,,,,,,,,,,,,,,,,,,"Caden Dana","31508",702674
"Noah Murdock","PIT",0,0,0,4.46571,5,0,0,0,,5,23,5,3,2,0,3,,1,5,8.29798,5.20863,1.59312,0.682727,0.201803,0.126671,0.0751313865184784,0.251679,1.55744,0.312312,0.701541,,,4.26584,0.00381698,-0.012262,999,,,,,,,22,4.4,23,4.6,,,,,,,,,,,,,,,,,,,"Noah Murdock","27908",668716
"Taylor Rashi","ATH",0,0,0,4.20231,5,0,0,0,,5,20,4,2,2,1,2,,0,4,8.21135,4.06356,2.02073,1.12547,0.21006,0.103953,0.10610732436180115,0.246396,1.40295,0.29263,0.729246,,,4.3301,0.00371735,0.0207594,999,,,,,,,16.299999999999997,3.2599999999999993,14,2.8,,,,,,,,,,,,,,,,,,,"Taylor Rashi","26344",688497
"Nick Frasso","COL",1,0,0,5.08903,8,0,0,1,,8,36,9,5,5,1,4,,0,7,8.17683,4.19702,1.94825,1.11603,0.201261,0.103304,0.09795766323804855,0.270393,1.54479,0.322895,0.67837,,,4.45561,0.0036587,-0.0128008,999,,,,,,,29.500000000000007,3.687500000000001,33,4.125,,,,,,,,,,,,,,,,,,,"Nick Frasso","27861",693308
"Josh Fleming","STL",0,0,0,4.5,4,0,0,0,,4,15,4,2,2,0,1,,0,2,5.4,2.7,2,0.9,0.139535,0.0697674,0.06976744532585144,0.275,1.4,0.30303,0.714286,,,4.08336,0.00365386,-0.000911767,999,,,,,,,20.200000000000003,5.050000000000001,21,5.25,,,,,,,,,,,,,,,,,,,"Josh Fleming","20418",676596
"Caleb Kilian","PHI",0,0,0,4.32562,3,0,0,0,,3,12,3,1,1,0,1,,0,3,8.11419,3.68273,2.20331,1.02646,0.208586,0.0946692,0.11391641944646835,0.248462,1.37125,0.296877,0.700601,,,4.11369,0.00328329,0.0167118,999,,,,,,,17.400000000000002,5.800000000000001,18,6,,,,,,,,,,,,,,,,,,,"Caleb Kilian","26213",668873
"Phil Maton","CHC",0,0,0,3.9113,2,0,0,0,,2,7,1,1,1,0,1,,0,2,9.53214,3.73063,2.5551,0.879118,0.24748,0.0968572,0.15062251687049866,0.229878,1.28314,0.294049,0.707229,,,3.73803,0.00324397,-0.000685659,743.3800048828125,,,,,,,13.200000000000001,6.6000000000000005,11,5.5,,,,,,,,,,,,,,,,,,,"Phil Maton","18064",664208
"Cionel Pérez","NYM",0,0,0,4.09689,3,0,0,0,,3,14,3,2,1,0,2,,0,3,8.24616,4.3984,1.87481,0.755024,0.209296,0.111636,0.0976601243019104,0.243107,1.42337,0.29909,0.711051,,,3.94066,0.00319368,-0.0162757,999,,,,,,,14.400000000000002,4.800000000000001,15,5,,,,,,,,,,,,,,,,,,,"Cionel Perez","19614",672335
"Zach McCambley","CIN",0,0,0,4.46413,6,0,0,0,,6,24,5,3,3,1,3,,0,5,8.89158,4.39136,2.02479,1.13553,0.224637,0.110943,0.11369364708662033,0.242785,1.42096,0.295672,0.70867,,,4.41258,0.00306983,0.00208588,999,,,,,,,20.10000000000001,3.3500000000000014,18,3,,,,,,,,,,,,,,,,,,,"Zach McCambley","27666",685112
"Keaton Winn","SFG",0,0,0,4.1221,2,0,0,0,,2,9,2,1,1,0,1,,0,2,7.70387,3.16281,2.43576,0.873737,0.200169,0.0821792,0.11798994243144989,0.248165,1.31195,0.295958,0.692252,,,3.8508,0.00306619,-0.000713316,999,,,,,,,10.600000000000001,5.300000000000001,11,5.5,,,,,,,,,,,,,,,,,,,"Keaton Winn","23499",676775
"Sawyer Gipson-Long","DET",0,0,0,4.26934,2,0,0,0,,2,8,2,1,1,0,1,,0,2,7.93884,2.87075,2.76543,1.09276,0.208759,0.0754889,0.13326998054981232,0.247204,1.27456,0.291456,0.687086,,,3.9771,0.00299097,0.000610527,999,,,,,,,10.600000000000001,5.300000000000001,11,5.5,,,,,,,,,,,,,,,,,,,"Sawyer Gipson-Long","26048",687830
"Matt Bowman","MIN",0,0,0,4.47819,4,0,0,0,,4,17,4,2,2,1,1,,0,3,7.37636,3.20754,2.29969,1.12792,0.189332,0.0823292,0.10700271278619766,0.259936,1.37849,0.300207,0.696276,,,4.26376,0.00270329,0.000562813,999,,,,,,,9.9,2.475,10,2.5,,,,,,,,,,,,,,,,,,,"Matt Bowman","13528",621199
"Nick Raquet","BAL",0,0,0,4.44326,2,0,0,0,,2,7,2,1,1,0,1,,0,1,7.26536,3.18092,2.28405,1.01908,0.187633,0.0821496,0.1054837554693222,0.25709,1.36047,0.298277,0.685423,,,4.09677,0.00269908,-0.000299708,999,,,,,,,8.600000000000001,4.300000000000001,9,4.5,,,,,,,,,,,,,,,,,,,"Nick Raquet","20333",675919
"Will Klein","LAD",0,0,0,4.12509,2,0,0,0,,2,8,2,1,1,0,1,,0,2,9.85275,4.92865,1.99908,0.87972,0.245334,0.122724,0.12261052429676056,0.245201,1.49296,0.318301,0.733537,,,3.98542,0.00268894,-0.000143548,999,,,,,,,10.600000000000001,5.300000000000001,11,5.5,,,,,,,,,,,,,,,,,,,"Will Klein","27787",694361
"Griffin Canning","SDP",0,1,0,4.26422,8,0,0,1,,9,39,8,5,4,1,4,,0,9,8.62022,3.58842,2.40223,1.23329,0.222915,0.0927947,0.13012000918388367,0.243959,1.33962,0.291049,0.718449,,,4.26887,0.00260277,-0.00441657,999,,,,,,,43.500000000000014,4.833333333333335,42,4.666666666666667,,,,,,,,,,,,,,,,,,,"Griffin Canning","19867",656288
"Matt Gage","SFG",0,0,0,4.22349,7,0,0,0,,7,30,7,4,3,1,3,,0,6,7.33925,3.48809,2.10409,0.952101,0.189739,0.0901767,0.09956279397010803,0.249317,1.35404,0.291242,0.699834,,,4.09182,0.0025594,-0.0181503,999,,,,,,,24.3,3.4714285714285715,25,3.5714285714285716,,,,,,,,,,,,,,,,,,,"Matt Gage","17381",657424
"James Karinchak","ATL",0,0,0,4.3688,7,0,0,0,,7,31,6,4,3,1,4,,0,8,10.7018,4.94502,2.16416,1.33588,0.273648,0.126446,0.14720290899276733,0.225801,1.39817,0.289234,0.731319,,,4.39459,0.00255529,-0.0152224,999,,,,,,,27.900000000000013,3.9857142857142875,26,3.7142857142857144,,,,,,,,,,,,,,,,,,,"James Karinchak","20151",675916
"Joel Kuhnel","MIL",0,0,0,4.24462,5,0,0,0,,5,20,5,2,2,1,1,,0,3,6.26207,2.65868,2.35533,1.13954,0.161977,0.0687705,0.0932064950466156,0.264811,1.34358,0.293884,0.71245,,,4.35004,0.00252997,0.0149197,999,,,,,,,14.7,2.94,15,3,,,,,,,,,,,,,,,,,,,"Joel Kuhnel","19995",669270
"Yaramil Hiraldo","BAL",0,0,0,4.31013,6,0,0,0,,6,26,5,3,3,1,3,,0,7,9.50028,3.79599,2.50271,1.44697,0.249635,0.0997459,0.14988932758569717,0.231723,1.29947,0.278814,0.724994,,,4.3847,0.00248957,-0.000899125,999,,,,,,,24.10000000000001,4.016666666666668,22,3.6666666666666665,,,,,,,,,,,,,,,,,,,"Yaramil Hiraldo","25215",682274
"Ty Madden","DET",0,0,0,4.40175,6,0,0,0,,7,31,7,4,4,1,3,,0,6,8.07876,3.68052,2.195,1.14017,0.207283,0.0944341,0.11284908652305603,0.247831,1.36776,0.29254,0.702409,,,4.32006,0.00248194,-0.000162629,999,,,,,,,24.3,3.4714285714285715,25,3.5714285714285716,,,,,,,,,,,,,,,,,,,"Ty Madden","30140",680744
"Zach Franklin","NYM",0,0,0,4.11972,4,0,0,0,,4,16,3,2,2,0,2,,0,4,9.17905,4.0006,2.29442,1.19524,0.236936,0.103266,0.13366951793432236,0.241699,1.37204,0.296005,0.737272,,,4.17102,0.00248104,-0.00108581,999,,,,,,,23.8,5.95,22,5.5,,,,,,,,,,,,,,,,,,,"Zach Franklin","sa3022735",702103
"Wandy Peralta","SDP",1,0,0,3.95971,8,0,0,1,,8,36,8,4,4,1,3,,0,7,7.12563,3.6729,1.94006,0.892072,0.183096,0.0943765,0.08871939033269882,0.245784,1.35641,0.286168,0.721216,,,4.186,0.00239923,-0.00524242,999,,,,,,,35.10000000000001,4.387500000000001,36,4.5,,,,,,,,,,,,,,,,,,,"Wandy Peralta","14295",593974
"Eric Orze","MIN",0,0,0,4.38444,6,0,0,0,,6,28,6,3,3,1,3,,0,6,8.26429,4.10344,2.01399,1.07559,0.211355,0.104944,0.10641166567802429,0.241631,1.38124,0.288645,0.701622,,,4.34607,0.00234726,0.000844219,999,,,,,,,19.500000000000007,3.2500000000000013,20,3.3333333333333335,,,,,,,,,,,,,,,,,,,"Eric Orze","27626",679358
"Jhony Brito","SDP",0,0,0,4.25203,4,0,0,0,,4,17,4,2,2,0,1,,0,3,7.02583,2.86118,2.45557,1.05983,0.182917,0.0744909,0.10842655599117279,0.257892,1.32917,0.295583,0.700537,,,4.09242,0.00223429,-0.00262121,999,,,,,,,22.200000000000003,5.550000000000001,23,5.75,,,,,,,,,,,,,,,,,,,"Jhony Brito","25386",666745
"Austin Peterson","CLE",0,0,0,4.3373,3,0,0,0,,4,19,5,2,2,1,1,,0,4,7.40844,2.56977,2.88292,1.10079,0.192343,0.0667183,0.12562481313943863,0.265533,1.33759,0.308211,0.697695,,,3.97983,0.00222813,0.0138534,999,,,,,,,9.3,2.325,12,3,,,,,,,,,,,,,,,,,,,"Austin Peterson","sa3020868",804926
"Edwin Uceta","TBR",0,0,0,3.70127,1,0,0,0,,1,5,1,1,1,0,0,,0,2,10.5445,3.42703,3.07687,1.16065,0.282141,0.0916975,0.1904434934258461,0.215487,1.18036,0.278265,0.733483,,,3.74265,0.00216442,-0.0143172,572.6900024414062,,,,,,,8.8,8.8,9,9,,,,,,,,,,,,,,,,,,,"Edwin Uceta","20539",670955
"Jeff Criswell","COL",0,0,0,4.9411,5,0,0,0,,5,23,6,3,3,1,2,,0,5,8.80833,4.07497,2.16157,1.43979,0.220085,0.101817,0.11826752871274948,0.265147,1.50275,0.315457,0.708485,,,4.66656,0.00210963,-0.00461804,999,,,,,,,13.1,2.62,16,3.2,,,,,,,,,,,,,,,,,,,"Jeff Criswell","27608",676105
"Joe Rock","ATH",0,0,0,4.2211,3,0,0,0,,3,15,3,2,2,0,1,,0,3,7.86892,3.78528,2.07882,1.03673,0.198303,0.095392,0.10291097313165665,0.260035,1.4432,0.308322,0.728125,,,4.26146,0.00204412,-0.0102275,999,,,,,,,17.400000000000002,5.800000000000001,18,6,,,,,,,,,,,,,,,,,,,"Joe Rock","30016",697812
"Spencer Bivens","SFG",0,0,0,4.11038,4,0,0,0,,4,15,4,2,2,0,1,,0,3,6.90707,2.95556,2.33697,0.978796,0.179131,0.0766511,0.10248029232025146,0.253807,1.31819,0.29139,0.704817,,,4.11578,0.00197272,-0.00142663,999,,,,,,,22.200000000000003,5.550000000000001,23,5.75,,,,,,,,,,,,,,,,,,,"Spencer Bivens","30226",702352
"Jordan Wicks","CHC",0,0,0,4.12181,2,0,0,0,,2,8,2,1,1,0,1,,0,2,7.64948,3.02611,2.52783,1.04018,0.199383,0.0788753,0.12050784379243851,0.252556,1.3195,0.296368,0.709771,,,3.99474,0.00182832,-0.000685659,999,,,,,,,10.600000000000001,5.300000000000001,11,5.5,,,,,,,,,,,,,,,,,,,"Jordan Wicks","30094",696136
"Jonathan Pintaro","NYM",0,0,0,4.17662,7,0,0,1,,7,32,7,4,3,1,4,,0,7,8.9401,4.41313,2.0258,1.07439,0.228078,0.112587,0.11549104005098343,0.234384,1.38121,0.286995,0.722179,,,4.31185,0.00181487,-0.0244739,999,,,,,,,27.300000000000015,3.900000000000002,28,4,,,,,,,,,,,,,,,,,,,"Jonathan Pintaro","33980",702752
"Adam Macko","TEX",0,0,0,4.43632,8,0,0,1,,8,37,8,4,4,1,4,,1,8,8.27391,4.37375,1.89172,1.00457,0.207869,0.109884,0.09798542410135269,0.248467,1.44806,0.29934,0.706206,,,4.3473,0.00177945,0.0077059,999,,,,,,,31.100000000000005,3.8875000000000006,32,4,,,,,,,,,,,,,,,,,,,"Adam Macko","25590",671936
"Connor Phillips","CIN",0,0,0,4.56707,3,0,0,0,,3,12,2,2,1,0,2,,0,3,9.58838,4.88452,1.96301,1.12593,0.245015,0.124816,0.1201993003487587,0.224984,1.38749,0.280647,0.689498,,,4.35926,0.00159913,-0.0138615,999,,,,,,,17.000000000000004,5.666666666666668,15,5,,,,,,,,,,,,,,,,,,,"Connor Phillips","27649",683175
"Rob Zastryzny","MIL",0,0,0,4.11025,3,0,0,0,,3,12,3,1,1,0,1,,0,3,8.28072,3.44874,2.40109,1.20526,0.216688,0.0902458,0.1264422908425331,0.237418,1.28917,0.279532,0.719593,,,4.27449,0.00158319,0.0153038,999,,,,,,,17.400000000000002,5.800000000000001,18,6,,,,,,,,,,,,,,,,,,,"Rob Zastryzny","15094",642239
"Justin Hagenman","NYM",0,0,0,4.07418,1,0,0,0,,1,5,1,1,1,0,0,,0,1,8.19124,2.41624,3.39008,1.27654,0.218856,0.0645577,0.1542978435754776,0.243989,1.20762,0.285042,0.709153,,,4.0354,0.00157734,-0.0153441,999,,,,,,,6.800000000000001,6.800000000000001,7,7,,,,,,,,,,,,,,,,,,,"Justin Hagenman","21546",663795
"Paxton Schultz","WSN",0,0,0,4.37869,2,0,0,0,,2,10,2,1,1,0,1,,0,2,8.11792,3.30428,2.45679,1.2756,0.210408,0.0856437,0.12476462125778198,0.251901,1.347,0.294479,0.712339,,,4.31291,0.00153926,0.000614668,999,,,,,,,10.600000000000001,5.300000000000001,11,5.5,,,,,,,,,,,,,,,,,,,"Paxton Schultz","25501",687606
"Dylan Ross","NYM",0,0,0,4.14772,2,0,0,0,,2,10,2,1,1,0,1,,0,2,9.31932,5.51851,1.68874,0.800394,0.234135,0.138645,0.09549000859260559,0.227717,1.47122,0.290931,0.720484,,,4.13212,0.00150552,-0.000542903,999,,,,,,,10.600000000000001,5.300000000000001,11,5.5,,,,,,,,,,,,,,,,,,,"Dylan Ross","sa3025659",697811
"Mason Englert","TBR",0,0,0,4.29299,3,0,0,0,,4,19,4,2,2,1,1,,0,4,8.04974,2.64541,3.04291,1.35458,0.211415,0.0694781,0.14193741977214813,0.254964,1.28978,0.295478,0.714788,,,4.22541,0.00146342,0.0142352,999,,,,,,,11.9,2.975,12,3,,,,,,,,,,,,,,,,,,,"Mason Englert","22288",669438
"Codi Heuer","BAL",0,0,0,4.32727,5,0,0,0,,5,23,5,3,3,1,2,,0,4,7.68312,3.46997,2.21417,1.11007,0.195592,0.0883362,0.1072554737329483,0.257129,1.39279,0.300623,0.713191,,,4.32154,0.00141929,-0.016198,999,,,,,,,13.7,2.7399999999999998,14,2.8,,,,,,,,,,,,,,,,,,,"Codi Heuer","23293",676051
"John King",,0,0,0,4.12192,2,0,0,0,,2,9,2,1,1,0,1,,0,2,6.29287,2.75073,2.28771,0.933349,0.163013,0.0712561,0.09175693243741989,0.261884,1.33811,0.295827,0.704399,,,4.07352,0.00133879,0.000347741,999,,,,,,,10.600000000000001,5.300000000000001,11,5.5,,,,,,,,,,,,,,,,,,,"John King","22051",667463
"Johan Oviedo","BOS",0,0,0,4.16122,3,0,0,0,,4,17,4,2,2,0,2,,0,4,8.85749,3.9297,2.25399,1.09602,0.227814,0.101071,0.1267424300312996,0.235383,1.33246,0.286697,0.714217,,,4.24081,0.0013294,0.000123923,536.780029296875,,,,,,,21.200000000000003,5.300000000000001,22,5.5,,,,,,,,,,,,,,,,,,,"Johan Oviedo","22487",670912
"Gus Varland","WSN",0,0,0,4.5296,3,0,0,0,,3,12,3,2,1,0,1,,0,3,8.3901,3.87888,2.16302,1.1767,0.21328,0.0986029,0.11467728018760681,0.254328,1.42351,0.303491,0.706552,,,4.32382,0.00128219,-0.0140188,999,,,,,,,17.400000000000002,5.800000000000001,18,6,,,,,,,,,,,,,,,,,,,"Gus Varland","24737",681402
"Eric Cerantola","SFG",0,0,0,4.5,3,0,0,0,,3,14,3,2,2,0,2,,0,3,9,5.25,1.71429,0.75,0.218182,0.127273,0.09090909361839294,0.234043,1.5,0.294118,0.662651,,,4.16669,0.0011661,-0.0166077,999,,,,,,,14.400000000000002,4.800000000000001,15,5,,,,,,,,,,,,,,,,,,,"Eric Cerantola","30128",672021
"Miguel Ullola","HOU",0,0,0,4.27288,8,0,0,1,,8,34,6,4,4,1,5,,0,9,10.2464,5.26683,1.94546,1.05433,0.26001,0.13365,0.12636056542396545,0.219622,1.40417,0.283753,0.716132,,,4.27832,0.00116267,0.0061106,999,,,,,,,38.300000000000004,4.7875000000000005,34,4.25,,,,,,,,,,,,,,,,,,,"Miguel Ullola","29036",699044
"Chris Murphy","CHW",0,0,0,4.24551,4,0,0,0,,4,18,4,2,2,0,2,,0,4,8.28458,4.18465,1.97976,1.04822,0.211267,0.106713,0.10455313324928284,0.236928,1.36849,0.283468,0.70991,,,4.38713,0.00113277,0.000532283,999,,,,,,,21.200000000000003,5.300000000000001,22,5.5,,,,,,,,,,,,,,,,,,,"Chris Murphy","26214",669684
"Yariel Rodríguez","TOR",0,0,0,4.19713,2,0,0,0,,2,9,2,1,1,0,1,,0,2,9.00899,4.514,1.99579,1.0842,0.231345,0.115917,0.1154281347990036,0.229763,1.36962,0.28141,0.718354,,,4.29386,0.00110247,0.0000851563,999,,,,,,,10.600000000000001,5.300000000000001,11,5.5,,,,,,,,,,,,,,,,,,,"Yariel Rodriguez","33838",684320
"Chad Dallas","TOR",0,0,0,4.36563,6,0,0,0,,7,28,7,3,3,1,3,,0,6,8.03116,3.5005,2.29429,1.19317,0.206411,0.0899672,0.11644365638494492,0.253157,1.37534,0.297348,0.71284,,,4.30246,0.000991976,-0.000741637,999,,,,,,,24.3,3.4714285714285715,25,3.5714285714285716,,,,,,,,,,,,,,,,,,,"Chad Dallas","30158",689149
"Hunter Bigge","TBR",0,0,0,4.42271,4,0,0,0,,4,15,3,2,2,0,2,,0,3,8.26689,3.96491,2.08501,1.18909,0.213403,0.102351,0.1110522523522377,0.239768,1.35832,0.282904,0.702413,,,4.3933,0.000962281,0.001165,999,,,,,,,21.8,5.45,20,5,,,,,,,,,,,,,,,,,,,"Hunter Bigge","26259",685801
"Kendry Rojas","MIN",0,0,0,4.3027,5,0,0,0,,6,28,6,3,3,1,3,,0,6,8.5579,4.33354,1.9748,0.98381,0.215523,0.109136,0.10638655722141266,0.25066,1.45492,0.30607,0.718398,,,4.1883,0.000957288,-0.0154784,999,,,,,,,19.500000000000007,3.2500000000000013,20,3.3333333333333335,,,,,,,,,,,,,,,,,,,"Kendry Rojas","29423",696070
"Paul Gervase","LAD",0,0,0,4.57824,4,0,0,0,,4,19,4,2,2,1,2,,0,5,9.44253,4.60939,2.04854,1.27069,0.241856,0.118062,0.12379342317581177,0.231529,1.38889,0.283299,0.701767,,,4.47426,0.000948198,-0.000287095,999,,,,,,,10.9,2.725,11,2.75,,,,,,,,,,,,,,,,,,,"Paul Gervase","31571",801434
"Tyler Uberstine","ATL",0,0,0,4.5,1,0,0,0,,1,6,1,1,1,0,0,,0,1,7.875,3.375,2.33333,1.125,0.194444,0.0833333,0.1111111119389534,0.272727,1.5,0.32,0.660377,,,4.08336,0.000932549,-0.0148162,999,,,,,,,6.800000000000001,6.800000000000001,7,7,,,,,,,,,,,,,,,,,,,"Tyler Uberstine","29961",700413
"Duncan Davitt","ATL",0,0,0,4.46678,4,0,0,0,,4,16,4,2,2,0,1,,0,3,7.72679,3.07175,2.51544,1.19604,0.197433,0.0784887,0.11894446611404419,0.266701,1.39967,0.310881,0.708792,,,4.23421,0.00091549,0.0000536388,999,,,,,,,22.200000000000003,5.550000000000001,23,5.75,,,,,,,,,,,,,,,,,,,"Duncan Davitt","31886",701474
"Ryan Yarbrough","NYY",1,0,0,4.35207,9,0,0,2,,9,39,9,5,4,1,3,,1,7,7.05957,2.90152,2.43306,1.29511,0.184254,0.0757291,0.10852447897195816,0.247471,1.27935,0.276677,0.699272,,,4.55588,0.000907112,-0.0219158,999,,,,,,,40.90000000000001,4.544444444444446,42,4.666666666666667,,,,,,,,,,,,,,,,,,,"Ryan Yarbrough","16502",642232
"Nick Mears","KCR",0,0,0,4.369,2,0,0,0,,2,10,2,1,1,0,1,,0,2,8.322,3.68335,2.25935,1.14776,0.21603,0.0956159,0.12041439861059189,0.240826,1.33237,0.286087,0.69743,,,4.23336,0.000906666,0.00106212,999,,,,,,,10.600000000000001,5.300000000000001,11,5.5,,,,,,,,,,,,,,,,,,,"Nick Mears","25376",683232
"Tyler Ferguson","CHC",0,0,0,4.19423,4,0,0,0,,4,17,3,2,2,0,2,,0,4,8.91943,4.45099,2.00392,1.02663,0.230404,0.114977,0.11542760580778122,0.225513,1.34188,0.276469,0.7066,,,4.21623,0.000898169,-0.00137132,999,,,,,,,23.8,5.95,22,5.5,,,,,,,,,,,,,,,,,,,"Tyler Ferguson","19481",621053
"Coleman Crow","MIL",0,0,0,4.27483,3,0,0,0,,4,16,4,2,2,0,1,,0,3,7.79046,2.99843,2.59818,1.20216,0.204944,0.0788799,0.1260642409324646,0.245576,1.2804,0.284693,0.698848,,,4.18773,0.000881274,-0.00129883,999,,,,,,,22.200000000000003,5.550000000000001,23,5.75,,,,,,,,,,,,,,,,,,,"Coleman Crow","27926",689441
"DJ Herz","WSN",0,0,0,4.03692,2,0,0,0,,3,15,3,2,2,0,2,,0,4,9.8054,4.24664,2.30898,1.11958,0.252989,0.109568,0.1434217467904091,0.234345,1.36252,0.296225,0.736281,,,4.03893,0.000863802,-0.016265,999,,,,,,,16.400000000000002,5.466666666666668,17,5.666666666666667,,,,,,,,,,,,,,,,,,,"DJ Herz","26389",687792
"Hayden Harris","ATL",0,0,0,4.04652,3,0,0,0,,3,15,3,2,2,0,2,,0,4,9.7061,4.75781,2.04003,0.98476,0.247824,0.121481,0.12634383141994476,0.225953,1.37811,0.287777,0.726084,,,4.12557,0.000775652,-0.0151652,999,,,,,,,16.400000000000002,5.466666666666668,17,5.666666666666667,,,,,,,,,,,,,,,,,,,"Hayden Harris","31913",802686
"Ryan Weiss","HOU",0,0,0,4.26923,1,0,0,0,,1,5,1,1,1,0,0,,0,1,8.76923,3.46154,2.53333,1.15385,0.228228,0.0900901,0.13813814520835876,0.240803,1.30769,0.29108,0.704545,,,4.109,0.000747274,-0.0147474,725.9600219726562,,,,,,,6.800000000000001,6.800000000000001,7,7,,,,,,,,,,,,,,,,,,,"Ryan Weiss","24621",680802
"Jordan Leasure","CHW",0,0,0,4.16479,2,0,0,0,,2,8,2,1,1,0,1,,0,2,9.87488,3.78691,2.60764,1.52638,0.259835,0.0996439,0.16019118577241898,0.223624,1.26159,0.269225,0.740706,,,4.48188,0.000733474,0.000266141,717.510009765625,,,,,,,10.600000000000001,5.300000000000001,11,5.5,,,,,,,,,,,,,,,,,,,"Jordan Leasure","29950",673929
"Jack Anderson","MIN",0,1,0,4.41692,7,0,0,0,,7,30,7,4,3,1,2,,0,6,7.42913,2.63696,2.81731,1.27566,0.194076,0.068887,0.12518920749425888,0.260519,1.31819,0.29766,0.70082,,,4.22931,0.000726972,-0.0142328,999,,,,,,,27.3,3.9,28,4,,,,,,,,,,,,,,,,,,,"Jack Anderson","30086",681252
"Chris Devenski","NYM",0,0,0,4.51514,7,0,0,0,,7,30,7,4,4,1,2,,1,6,7.52384,2.82435,2.66392,1.1308,0.19613,0.0736246,0.1225050538778305,0.247718,1.27205,0.286447,0.662997,,,4.22727,0.000709231,-0.0174762,999,,,,,,,24.3,3.4714285714285715,25,3.5714285714285716,,,,,,,,,,,,,,,,,,,"Chris Devenski","12763",606965
"Angel Chivilli","NYY",0,0,0,4.6522,4,0,0,0,,4,17,4,2,2,1,1,,0,4,7.99406,3.26355,2.4495,1.22432,0.206112,0.0841445,0.12196728587150574,0.250092,1.33309,0.292149,0.674954,,,4.36229,0.000691247,0.000620373,999,,,,,,,11.9,2.975,12,3,,,,,,,,,,,,,,,,,,,"Angel Chivilli","26790",683409
"Grant Holman","PHI",0,0,0,4.25013,1,0,0,0,,1,5,1,1,1,0,1,,0,1,7.67401,3.99379,1.92149,1.06095,0.19742,0.102743,0.09467682987451553,0.239568,1.36053,0.279702,0.708685,,,4.38733,0.000633696,-0.013847,999,,,,,,,3.8000000000000003,3.8000000000000003,4,4,,,,,,,,,,,,,,,,,,,"Grant Holman","30002",680880
"Tristan Beck","SFG",0,0,0,4.26026,2,0,0,0,,2,8,2,1,1,0,1,,0,1,7.11329,3.19522,2.22623,1.07343,0.185242,0.083209,0.10203324258327484,0.249445,1.32216,0.285716,0.69914,,,4.2217,0.00061173,-0.000713316,999,,,,,,,8.600000000000001,4.300000000000001,9,4.5,,,,,,,,,,,,,,,,,,,"Tristan Beck","21584",663941
"Zak Kent","WSN",0,0,0,4.40866,2,0,0,0,,2,7,2,1,1,0,1,,0,1,7.58337,3.77738,2.00757,1.0898,0.194264,0.0967657,0.09749848395586014,0.248066,1.37973,0.288657,0.700116,,,4.37437,0.0005145,0.000614668,999,,,,,,,8.600000000000001,4.300000000000001,9,4.5,,,,,,,,,,,,,,,,,,,"Zak Kent","25703",687849
"Ricky Vanasco","ATL",0,0,0,4.43706,5,0,0,0,,5,22,5,3,2,1,3,,0,5,8.77684,5.35868,1.63787,0.948209,0.217486,0.132786,0.08470027148723602,0.244511,1.53722,0.301832,0.720535,,,4.39913,0.000508022,-0.0152158,999,,,,,,,12.7,2.54,13,2.6,,,,,,,,,,,,,,,,,,,"Ricky Vanasco","23391",676568
"Easton McGee","KCR",0,0,0,4.45994,5,0,0,0,,5,21,5,3,2,1,2,,0,4,7.27058,3.19698,2.2742,1.0512,0.18632,0.0819279,0.10439243912696838,0.258181,1.36801,0.298847,0.688565,,,4.22502,0.000504756,-0.0121741,999,,,,,,,13.7,2.7399999999999998,14,2.8,,,,,,,,,,,,,,,,,,,"Easton McGee","22176",668834
"Jaden Woods","CHW",0,0,0,5,1,0,0,0,,1,6,1,1,1,0,1,,0,1,7,4,1.75,1,0.175,0.1,0.07499999552965164,0.25,1.44444,0.285714,0.689655,,,4.30558,0.000467178,-0.0146108,999,,,,,,,3.8000000000000003,3.8000000000000003,4,4,,,,,,,,,,,,,,,,,,,"Jaden Woods","sa3023064",692243
"Tanner Houck","BOS",0,0,0,4.76471,3,0,0,0,,3,12,3,2,1,0,1,,0,2,6.88235,3.17647,2.16667,1.05882,0.180556,0.0833333,0.0972222164273262,0.261538,1.35294,0.3,0.643564,,,4.31865,0.000408893,-0.0130484,999,,,,,,,15.400000000000002,5.133333333333334,16,5.333333333333333,,,,,,,,,,,,,,,,,,,"Tanner Houck","19879",656557
"Kade Strowd","ARI",0,0,0,4.214,4,0,0,0,,4,18,4,2,2,0,2,,0,4,8.06751,4.71191,1.71215,0.810414,0.201456,0.117662,0.08379361778497696,0.25187,1.50324,0.306432,0.721988,,,4.14078,0.0003725,0.000427876,999,,,,,,,21.200000000000003,5.300000000000001,22,5.5,,,,,,,,,,,,,,,,,,,"Kade Strowd","26191",669704
"Jack Leiter","TEX",0,0,0,4.29475,5,0,0,0,,7,29,6,4,3,1,3,,0,7,8.71634,3.61127,2.41365,1.27384,0.227832,0.0943929,0.13343876600265503,0.233427,1.28947,0.277051,0.706283,,,4.32366,0.000321841,-0.00361915,230.7100067138672,,,,,,,28.900000000000013,4.128571428571431,27,3.857142857142857,,,,,,,,,,,,,,,,,,,"Jack Leiter","30146",683004
"José Leclerc","SDP",0,0,0,4.20286,3,0,0,0,,3,12,2,1,1,0,1,,0,3,9.3974,4.20315,2.2358,1.26596,0.243658,0.10898,0.13467756658792496,0.228679,1.32976,0.27902,0.725764,,,4.36144,0.000179842,0.0142678,999,,,,,,,20.000000000000004,6.666666666666668,18,6,,,,,,,,,,,,,,,,,,,"Jose Leclerc","14524",600917
"Austin Warren","NYM",1,1,0,4.23511,8,0,0,1,,8,34,7,4,4,1,3,,0,8,8.47268,3.64716,2.32309,1.16492,0.219748,0.0945928,0.12515492737293243,0.238599,1.31714,0.284424,0.709245,,,4.26964,0.000164299,-0.00217161,999,,,,,,,39.7,4.9625,38,4.75,,,,,,,,,,,,,,,,,,,"Austin Warren","24937",681810
"Parker Mushinski","COL",0,0,0,4.94041,1,0,0,0,,1,6,1,1,1,0,1,,0,1,7.2461,4.67462,1.55009,1.04997,0.177753,0.114672,0.06308051943778992,0.262023,1.55262,0.30335,0.688086,,,4.74843,0.000157219,-0.011479,999,,,,,,,3.8000000000000003,3.8000000000000003,4,4,,,,,,,,,,,,,,,,,,,"Parker Mushinski","21324",656786
"Drey Jameson","ARI",0,0,0,4.3504,4,0,0,0,,4,20,4,2,2,1,2,,0,4,7.6383,4.10457,1.86093,1.02359,0.193075,0.103752,0.0893232449889183,0.25528,1.45357,0.300087,0.717089,,,4.32902,0.000140798,0.000427876,999,,,,,,,8.9,2.225,9,2.25,,,,,,,,,,,,,,,,,,,"Drey Jameson","26260",686753
"Tanner McDougal","CHW",0,0,0,4.3705,5,0,0,0,,5,22,5,3,2,1,2,,0,5,8.6725,4.25513,2.03813,1.11527,0.220642,0.108257,0.11238467693328857,0.239878,1.39112,0.289847,0.708984,,,4.38402,0.000119399,-0.0145263,999,,,,,,,15.7,3.1399999999999997,16,3.2,,,,,,,,,,,,,,,,,,,"Tanner McDougal","29887",701780
"Kai-Wei Teng","HOU",0,1,0,4.51199,8,0,0,1,,9,41,9,5,5,1,4,,1,10,9.17053,3.94187,2.32644,1.13022,0.233499,0.100367,0.13313128799200058,0.237459,1.34417,0.29218,0.684076,,,4.32092,0.0000223909,-0.00052148,999,,,,,,,39.90000000000001,4.4333333333333345,41,4.555555555555555,,,,,,,,,,,,,,,,,,,"Kai-Wei Teng","24282",678906
"Seth Halvorsen","LAD",1,0,0,4.40715,7,0,0,1,,7,30,6,4,3,1,3,,0,6,8.36549,4.30997,1.94096,1.21211,0.213133,0.109808,0.10332531481981277,0.243852,1.41734,0.288684,0.720283,,,4.51316,0.00000487499,-0.0218409,712.510009765625,,,,,,,30.9,4.414285714285714,29,4.142857142857143,,,,,,,,,,,,,,,,,,,"Seth Halvorsen","33294",678020
"Daniel Guerra","TOR",0,0,,0,0,0,0,0,,0,0,0,0,0,0,0,,0,0,0,0,0,0,0,0,0,0,0,0,1,,,3.08336,0,0,999,,,,,,,0,,0,,,,,,,,,,,,,,,,,,,,"Daniel Guerra","sa3019786",806413
"Landon Knack","LAD",0,0,0,4.75341,4,0,0,0,,4,16,4,2,2,1,1,,0,3,8.49115,3.56644,2.38084,1.47704,0.220296,0.0925286,0.12776755541563034,0.245172,1.34145,0.284272,0.690273,,,4.61247,-0.0000446365,-0.000287095,999,,,,,,,9.9,2.475,10,2.5,,,,,,,,,,,,,,,,,,,"Landon Knack","27487",689017
"Max Lazar","PHI",0,0,0,4.5499,3,0,0,0,,3,14,3,2,2,0,1,,0,3,6.77799,2.91211,2.32752,1.24933,0.176481,0.0758237,0.10065743327140808,0.257213,1.33124,0.287156,0.687604,,,4.4308,-0.000112299,-0.0131289,999,,,,,,,17.400000000000002,5.800000000000001,18,6,,,,,,,,,,,,,,,,,,,"Max Lazar","23426",676661
"Andrew Walters","CLE",0,0,0,4.28782,3,0,0,0,,3,15,3,2,2,0,2,,0,4,10.1583,4.50646,2.25417,1.22708,0.263495,0.116892,0.1466027796268463,0.226838,1.35448,0.287117,0.718999,,,4.15788,-0.000123619,-0.0148249,999,,,,,,,16.400000000000002,5.466666666666668,17,5.666666666666667,,,,,,,,,,,,,,,,,,,"Andrew Walters","33834",689958
"Woo-Suk Go","MIN",0,0,0,4.78617,2,0,0,0,,2,9,2,1,1,0,1,,0,2,7.85849,3.77958,2.0792,1.08965,0.200458,0.0964113,0.10404694825410843,0.253811,1.40977,0.298992,0.670605,,,4.27906,-0.000135473,0.000281407,999,,,,,,,10.600000000000001,5.300000000000001,11,5.5,,,,,,,,,,,,,,,,,,,"Woo-Suk Go","33827",808970
"Beau Brieske","DET",0,0,0,4.64378,4,0,0,0,,4,15,3,2,2,0,2,,0,3,7.66256,3.8521,1.98919,1.25849,0.19698,0.0990249,0.09795482456684113,0.246897,1.38202,0.283411,0.692243,,,4.5731,-0.000157926,0.00122105,999,,,,,,,21.8,5.45,20,5,,,,,,,,,,,,,,,,,,,"Beau Brieske","26079",689225
"Ryan Ramsey","KCR",0,0,,4.47457,0,0,0,0,,1,4,1,1,0,0,0,,0,1,8.46937,3.58737,2.36089,1.24883,0.217789,0.0922486,0.12553995102643967,0.23719,1.3166,0.279246,0.703852,,,4.35683,-0.00026963,-0.000997105,999,,,,,,,6.800000000000001,6.800000000000001,7,7,,,,,,,,,,,,,,,,,,,"Ryan Ramsey","sa3020605",687547
"Nestor German","BAL",0,0,,4.47457,0,0,0,0,,1,4,1,1,0,0,0,,0,1,8.46937,3.58737,2.36089,1.24883,0.217789,0.0922486,0.12553995847702026,0.23719,1.3166,0.279246,0.703852,,,4.35683,-0.00026963,-0.000997105,999,,,,,,,6.800000000000001,6.800000000000001,7,7,,,,,,,,,,,,,,,,,,,"Nestor German","sa3023517",815148
"Ryan Sloan","SEA",0,0,,4.47457,0,0,0,0,,1,4,1,1,0,0,0,,0,1,8.46937,3.58737,2.36089,1.24883,0.217789,0.0922486,0.12553995847702026,0.23719,1.3166,0.279246,0.703852,,,4.35683,-0.00026963,-0.000997105,999,,,,,,,6.800000000000001,6.800000000000001,7,7,,,,,,,,,,,,,,,,,,,"Ryan Sloan","sa3067131",815549
"Blake Wehunt","BOS",0,0,,4.47457,0,0,0,0,,1,4,1,1,0,0,0,,0,1,8.46937,3.58737,2.36089,1.24883,0.217789,0.0922486,0.12553995847702026,0.23719,1.3166,0.279246,0.703852,,,4.35683,-0.00026963,-0.000997105,999,,,,,,,6.800000000000001,6.800000000000001,7,7,,,,,,,,,,,,,,,,,,,"Blake Wehunt","sa3023220",687762
"Chuck King","PHI",0,0,,4.47457,0,0,0,0,,1,4,1,1,0,0,0,,0,1,8.46937,3.58737,2.36089,1.24883,0.217789,0.0922486,0.12553995847702026,0.23719,1.3166,0.279246,0.703852,,,4.35683,-0.00026963,-0.000997105,999,,,,,,,6.800000000000001,6.800000000000001,7,7,,,,,,,,,,,,,,,,,,,"Chuck King","sa3023436",666155
"Tucker Davidson","PHI",0,0,,4.5,0,0,0,0,,1,4,1,0,0,0,0,,0,1,7.5,3,2.5,1.5,0.2,0.08,0.11999999731779099,0.26087,1.33333,0.294118,0.757576,,,4.58336,-0.00026963,-0.000997105,999,,,,,,,6.800000000000001,6.800000000000001,7,7,,,,,,,,,,,,,,,,,,,"Tucker Davidson","19871",656353
"Burch Smith","DET",0,0,0,4.98283,1,0,0,0,,1,6,1,1,1,0,0,,0,1,8.04247,2.99907,2.68165,1.30368,0.204978,0.076437,0.1285405084490776,0.266639,1.39126,0.31171,0.664277,,,4.35378,-0.000311463,-0.0142912,999,,,,,,,6.800000000000001,6.800000000000001,7,7,,,,,,,,,,,,,,,,,,,"Burch Smith","12784",572143
"Craig Yoho","CLE",1,0,0,4.29927,8,0,0,1,,8,35,7,4,4,1,4,,1,8,8.76109,4.0539,2.16115,1.07966,0.22634,0.104731,0.1216089203953743,0.229876,1.31905,0.278807,0.694823,,,4.26266,-0.000363375,0.000841123,999,,,,,,,33.7,4.2125,32,4,,,,,,,,,,,,,,,,,,,"Craig Yoho","33248",684974
"Tyler Gilbert","CHW",0,0,0,4.4136,6,0,0,0,,6,26,6,3,3,1,2,,0,5,7.87748,3.58419,2.19784,1.23112,0.204084,0.0928565,0.11122717708349228,0.244545,1.34022,0.283526,0.702681,,,4.42157,-0.000400438,0.000798424,999,,,,,,,20.500000000000007,3.416666666666668,21,3.5,,,,,,,,,,,,,,,,,,,"Tyler Gilbert","17964",656457
"Kyle Nicolas","WSN",0,0,0,4.6446,2,0,0,0,,2,9,2,1,1,0,1,,0,2,8.68717,5.00357,1.73619,1.10974,0.217686,0.125381,0.09230504930019379,0.238155,1.46563,0.287929,0.699679,,,4.59907,-0.000483427,0.000614668,999,,,,,,,10.600000000000001,5.300000000000001,11,5.5,,,,,,,,,,,,,,,,,,,"Kyle Nicolas","27775",693312
"River Ryan","DET",0,0,,4.17378,0,0,0,0,,2,7,1,1,1,0,1,,0,1,7.5717,3.44473,2.19805,1.03163,0.196423,0.0893623,0.10706073045730591,0.246713,1.33582,0.288408,0.707656,,,4.15099,-0.00053926,-0.00199421,675.5399780273438,,,,,,,11.200000000000001,5.6000000000000005,9,4.5,,,,,,,,,,,,,,,,,,,"River Ryan","29514",689981
"Cesar Perdomo","SFG",0,0,,4.47457,0,0,0,0,,2,9,2,1,1,0,1,,0,2,8.46937,3.58737,2.36089,1.24883,0.217789,0.0922486,0.12553995847702026,0.23719,1.3166,0.279246,0.703852,,,4.35683,-0.00053926,-0.00199421,999,,,,,,,10.600000000000001,5.300000000000001,11,5.5,,,,,,,,,,,,,,,,,,,"Cesar Perdomo","sa3019248",702885
"Jared Simpson","WSN",0,0,,4.47457,0,0,0,0,,2,8,2,1,1,0,1,,0,2,8.46937,3.58737,2.36089,1.24883,0.217789,0.0922486,0.12553995102643967,0.23719,1.3166,0.279246,0.703852,,,4.35683,-0.00053926,-0.00199421,999,,,,,,,10.600000000000001,5.300000000000001,11,5.5,,,,,,,,,,,,,,,,,,,"Jared Simpson","sa3022902",688692
"Ryan Gallagher","MIN",0,0,,4.47457,0,0,0,0,,2,9,2,1,1,0,1,,0,2,8.46937,3.58737,2.36089,1.24883,0.217789,0.0922486,0.12553995847702026,0.23719,1.3166,0.279246,0.703852,,,4.35683,-0.00053926,-0.00199421,999,,,,,,,10.600000000000001,5.300000000000001,11,5.5,,,,,,,,,,,,,,,,,,,"Ryan Gallagher","sa3031857",801594
"Jonathan Santucci","NYM",0,0,,4.47457,0,0,0,0,,2,9,2,1,1,0,1,,0,2,8.46937,3.58737,2.36089,1.24883,0.217789,0.0922486,0.12553995847702026,0.23719,1.3166,0.279246,0.703852,,,4.35683,-0.00053926,-0.00199421,999,,,,,,,10.600000000000001,5.300000000000001,11,5.5,,,,,,,,,,,,,,,,,,,"Jonathan Santucci","sa3041559",695558
"Troy Taylor","SEA",0,0,0,4.49959,3,0,0,0,,3,15,3,2,2,0,2,,0,3,8.16063,4.29819,1.89862,1.01658,0.20796,0.109532,0.09842788428068161,0.240804,1.40058,0.287934,0.689891,,,4.31971,-0.000596016,-0.0187961,999,,,,,,,14.400000000000002,4.800000000000001,15,5,,,,,,,,,,,,,,,,,,,"Troy Taylor","31883",700187
"AJ Blubaugh","HOU",1,1,0,4.40071,9,0,0,2,,9,37,8,5,4,1,4,,0,8,8.64179,3.90413,2.2135,1.2938,0.224139,0.10126,0.12287908792495728,0.238507,1.34523,0.282498,0.711332,,,4.41929,-0.00067121,-0.0225108,748.5399780273438,,,,,,,45.500000000000014,5.055555555555557,44,4.888888888888889,,,,,,,,,,,,,,,,,,,"AJ Blubaugh","31764",805123
"Connor Thomas","KCR",0,0,0,4.79279,8,0,0,2,,8,36,9,5,4,1,3,,0,6,6.35512,3.07814,2.0646,1.19214,0.159605,0.0773055,0.08229928463697433,0.278956,1.46783,0.310692,0.693231,,,4.55826,-0.000689186,-0.0485271,999,,,,,,,34.50000000000001,4.312500000000001,38,4.75,,,,,,,,,,,,,,,,,,,"Connor Thomas","25873",671162
"Prelander Berroa","CHW",0,0,0,4.37303,2,0,0,0,,2,10,2,1,1,0,1,,0,2,9.02476,5.16583,1.74701,1.07136,0.226998,0.129935,0.09706287086009979,0.232823,1.45711,0.286032,0.719875,,,4.49833,-0.000718204,0.000266141,999,,,,,,,10.600000000000001,5.300000000000001,11,5.5,,,,,,,,,,,,,,,,,,,"Prelander Berroa","22932",672860
"Yosver Zulueta","BAL",0,0,0,4.24625,3,0,0,0,,3,14,3,2,1,0,2,,0,3,7.98476,4.40292,1.81351,0.913849,0.202486,0.111654,0.09083223342895508,0.240631,1.41134,0.288595,0.707941,,,4.27711,-0.000726718,-0.0158191,999,,,,,,,14.400000000000002,4.800000000000001,15,5,,,,,,,,,,,,,,,,,,,"Yosver Zulueta","27765",691172
"Ethan Roberts","CHC",0,0,0,4.46675,3,0,0,0,,3,15,3,2,2,0,1,,0,3,8.00789,3.96066,2.02186,1.17741,0.204289,0.101041,0.1032489761710167,0.24429,1.38076,0.28616,0.702481,,,4.51873,-0.000751876,-0.0165539,999,,,,,,,17.400000000000002,5.800000000000001,18,6,,,,,,,,,,,,,,,,,,,"Ethan Roberts","24930",681799
"Bobby Miller","LAD",0,0,0,4.85314,2,0,0,0,,2,7,2,1,1,0,1,,0,2,8.69521,4.00858,2.16915,1.27009,0.220367,0.101591,0.118775375187397,0.2495,1.41281,0.298284,0.680263,,,4.50607,-0.00080193,-0.000143548,999,,,,,,,10.600000000000001,5.300000000000001,11,5.5,,,,,,,,,,,,,,,,,,,"Bobby Miller","27483",676272
"JP Sears","SDP",0,0,0,4.58843,2,0,0,0,,3,15,3,2,2,1,1,,0,3,7.75154,2.56322,3.02414,1.48708,0.203698,0.0673572,0.1363404244184494,0.254264,1.27699,0.287568,0.691263,,,4.48697,-0.000806393,-0.00230771,999,,,,,,,5.100000000000002,1.7000000000000008,5,1.6666666666666667,,,,,,,,,,,,,,,,,,,"JP Sears","23429",676664
"Jack Wenninger","NYM",0,0,,4.65988,0,0,0,0,,3,11,3,1,1,0,1,,0,2,7.00758,3.55116,1.97332,1.24618,0.179673,0.091051,0.0886220633983612,0.255072,1.39099,0.287005,0.691817,,,4.60752,-0.00080889,-0.00299132,999,,,,,,,15.400000000000002,5.133333333333334,16,5.333333333333333,,,,,,,,,,,,,,,,,,,"Jack Wenninger","sa3023282",811307
"Henry Williams","KCR",0,0,,5.54353,0,0,0,0,,3,13,3,2,2,0,1,,0,2,5.59246,3.77061,1.48317,1.41886,0.138617,0.0934597,0.04515717923641205,0.276676,1.53205,0.294521,0.657757,,,5.26901,-0.00080889,-0.00299132,999,,,,,,,15.400000000000002,5.133333333333334,16,5.333333333333333,,,,,,,,,,,,,,,,,,,"Henry Williams","sa3020901",689275
"Cole Winn","TEX",0,0,0,4.34964,8,0,0,1,,8,33,7,4,4,1,3,,1,7,8.02763,3.80461,2.10997,1.07563,0.207049,0.0981289,0.10892055928707123,0.240197,1.34004,0.284165,0.694728,,,4.32006,-0.000899305,-0.00125567,999,,,,,,,34.7,4.3375,33,4.125,,,,,,,,,,,,,,,,,,,"Cole Winn","22113",668390
"Robby Ahlstrom","TEX",0,0,0,4.37198,7,0,0,0,,7,30,6,4,3,1,3,,0,6,7.97559,4.13256,1.92994,1.05468,0.203954,0.105679,0.09827496856451035,0.240842,1.38237,0.284826,0.701262,,,4.36981,-0.000946113,-0.0165881,999,,,,,,,26.9,3.8428571428571425,25,3.5714285714285716,,,,,,,,,,,,,,,,,,,"Robby Ahlstrom","30167",695239
"Josh Simpson","SEA",0,0,0,4.29166,5,0,0,0,,5,22,5,3,2,1,3,,0,5,8.87752,4.47991,1.98163,0.977643,0.226413,0.114256,0.11215702444314957,0.233095,1.38224,0.287408,0.702284,,,4.20912,-0.000949402,-0.0207108,999,,,,,,,12.7,2.54,13,2.6,,,,,,,,,,,,,,,,,,,"Josh Simpson","25957",681006
"Jake Cousins","LAD",0,0,0,5.18176,1,0,0,0,,1,6,1,1,1,0,1,,0,1,8.35651,4.45452,1.87596,1.33294,0.196823,0.104918,0.09190420806407928,0.24534,1.5148,0.283009,0.676112,,,4.8334,-0.000972815,-0.0149741,999,,,,,,,3.8000000000000003,3.8000000000000003,4,4,,,,,,,,,,,,,,,,,,,"Jake Cousins","21620",664776
"David Sandlin","CHW",0,0,0,4.51039,4,0,0,0,,4,17,4,2,2,1,2,,0,3,8.06061,3.72607,2.1633,1.27011,0.20701,0.0956918,0.1113182008266449,0.249873,1.38335,0.291361,0.707231,,,4.46811,-0.00103167,0.000532283,999,,,,,,,6.9,1.725,7,1.75,,,,,,,,,,,,,,,,,,,"David Sandlin","31743",689818
"Carlos Duran","KCR",0,0,0,4.84489,6,0,0,0,,6,27,6,3,3,1,4,,0,6,8.74108,6.01964,1.45209,0.871394,0.211019,0.14532,0.0656985342502594,0.247445,1.62567,0.307279,0.698293,,,4.60685,-0.00105309,0.00318636,999,,,,,,,16.500000000000007,2.7500000000000013,17,2.8333333333333335,,,,,,,,,,,,,,,,,,,"Carlos Duran","24458",679922
"Guillo Zuñiga","NYM",0,0,0,4.73879,2,0,0,0,,2,7,1,1,1,0,1,,0,1,7.9979,4.59084,1.74214,1.18314,0.200717,0.115213,0.08550436794757843,0.246433,1.46173,0.28864,0.696111,,,4.71233,-0.00107673,-0.000542903,999,,,,,,,11.200000000000001,5.6000000000000005,9,4.5,,,,,,,,,,,,,,,,,,,"Guillo Zuniga","19588",670871
"Luis Curvelo","TEX",0,0,0,4.89049,2,0,0,0,,2,8,2,1,1,0,1,,0,2,7.59511,4.32898,1.75448,1.21929,0.192893,0.109943,0.08294977247714996,0.245664,1.4287,0.282186,0.676382,,,4.70857,-0.00121124,-0.000313917,999,,,,,,,10.600000000000001,5.300000000000001,11,5.5,,,,,,,,,,,,,,,,,,,"Luis Curvelo","24710",681168
"Gavin Hollowell","CHC",0,0,0,4.58536,1,0,0,0,,1,5,1,1,1,0,1,,0,1,8.47656,4.64397,1.82528,1.18749,0.216302,0.118503,0.09779879450798035,0.23609,1.41534,0.280529,0.700098,,,4.54973,-0.00121572,-0.0154763,999,,,,,,,3.8000000000000003,3.8000000000000003,4,4,,,,,,,,,,,,,,,,,,,"Gavin Hollowell","25427",668970
"Mitch Spence","KCR",0,0,0,4.8494,2,0,0,0,,4,18,5,2,2,1,1,,0,3,6.65599,3.11683,2.1355,1.22822,0.168611,0.0789562,0.08965496718883514,0.27332,1.44083,0.306232,0.684246,,,4.52328,-0.00125641,-0.016863,999,,,,,,,7.300000000000001,1.8250000000000002,10,2.5,,,,,,,,,,,,,,,,,,,"Mitch Spence","27707",687765
"Cameron Foster","BAL",0,0,0,4.776,3,0,0,0,,3,15,4,2,2,0,2,,0,3,7.81249,4.02023,1.94329,1.11657,0.194592,0.100135,0.09445678442716599,0.267095,1.50719,0.314411,0.697696,,,4.43126,-0.00128038,-0.0158191,999,,,,,,,11.800000000000002,3.933333333333334,15,5,,,,,,,,,,,,,,,,,,,"Cameron Foster","31942",671382
"Max Kranick","WSN",0,0,0,4.86181,8,0,0,2,,8,34,8,5,4,1,3,,0,6,6.4886,3.05589,2.12331,1.3677,0.166751,0.0785334,0.0882173627614975,0.263826,1.38242,0.28926,0.67989,,,4.72906,-0.00128351,-0.0600818,999,,,,,,,37.10000000000001,4.637500000000001,38,4.75,,,,,,,,,,,,,,,,,,,"Max Kranick","22175",668820
"Grant Anderson","MIL",0,0,0,4.44509,7,0,0,1,,7,32,7,4,4,1,3,,0,7,8.58756,3.6256,2.36859,1.34948,0.222485,0.0939312,0.12855355441570282,0.240493,1.32428,0.282875,0.706622,,,4.49611,-0.00132806,-0.0228838,999,,,,,,,30.300000000000015,4.328571428571431,31,4.428571428571429,,,,,,,,,,,,,,,,,,,"Grant Anderson","20546",681982
"Brooks Kriske","ATH",0,0,0,5.18175,2,0,0,0,,2,7,2,1,1,0,1,,0,1,8.35651,4.45452,1.87596,1.33294,0.196823,0.104918,0.09190421551465988,0.24534,1.5148,0.283009,0.676112,,,4.8334,-0.00134099,0.0025659,999,,,,,,,8.600000000000001,4.300000000000001,9,4.5,,,,,,,,,,,,,,,,,,,"Brooks Kriske","21189",621139
"Kent Emanuel","CIN",0,0,0,5.18176,2,0,0,0,,2,10,2,1,1,0,1,,0,2,8.35651,4.45452,1.87596,1.33294,0.196823,0.104918,0.09190421551465988,0.24534,1.5148,0.283009,0.676112,,,4.8334,-0.00135976,0.000695292,999,,,,,,,10.600000000000001,5.300000000000001,11,5.5,,,,,,,,,,,,,,,,,,,"Kent Emanuel","15849",592288
"Brandan Bidois","MIA",0,0,0,4.73444,4,0,0,0,,4,19,4,2,2,1,2,,0,4,9.25579,5.04358,1.83516,1.14353,0.233674,0.127331,0.10634243488311768,0.23484,1.45352,0.289339,0.691207,,,4.4722,-0.00136553,0.000695482,999,,,,,,,8.9,2.225,9,2.25,,,,,,,,,,,,,,,,,,,"Brandan Bidois","28052",684049
"Ryan Lambert","NYM",0,0,0,4.36981,2,0,0,0,,2,11,2,1,1,0,2,,0,3,10.0632,5.75908,1.74736,1.14056,0.251372,0.143858,0.10751385986804962,0.226245,1.49078,0.287817,0.733253,,,4.5563,-0.00137424,-0.000542903,999,,,,,,,9.600000000000001,4.800000000000001,10,5,,,,,,,,,,,,,,,,,,,"Ryan Lambert","sa3025613",822038
"T.J. Brock","TOR",0,0,0,5.18176,1,0,0,0,,1,7,2,1,1,0,1,,0,1,8.35651,4.45452,1.87596,1.33294,0.196823,0.104918,0.09190422296524048,0.24534,1.5148,0.283009,0.676112,,,4.8334,-0.00139454,-0.0147787,999,,,,,,,1.2000000000000002,1.2000000000000002,4,4,,,,,,,,,,,,,,,,,,,"T.J. Brock","sa3020079",697813
"Johan Moreno","SDP",0,0,0,5.18176,1,0,0,0,,1,6,1,1,1,0,1,,0,1,8.35651,4.45452,1.87596,1.33294,0.196823,0.104918,0.09190420806407928,0.24534,1.5148,0.283009,0.676112,,,4.8334,-0.00142921,-0.0160544,999,,,,,,,3.8000000000000003,3.8000000000000003,4,4,,,,,,,,,,,,,,,,,,,"Johan Moreno","sa3020999",808052
"Anthony Veneziano","TEX",0,0,0,5.18176,1,0,0,0,,1,6,1,1,1,0,1,,0,1,8.35651,4.45452,1.87596,1.33294,0.196823,0.104918,0.09190420806407928,0.24534,1.5148,0.283009,0.676112,,,4.8334,-0.00152205,-0.0151485,999,,,,,,,3.8000000000000003,3.8000000000000003,4,4,,,,,,,,,,,,,,,,,,,"Anthony Veneziano","27453",685107
"Eiberson Castellano","COL",0,1,0,5.09438,7,0,0,0,,9,39,9,5,5,1,4,,1,7,7.37328,3.92282,1.87959,1.15635,0.181777,0.096711,0.08506588637828827,0.271714,1.52155,0.314047,0.67549,,,4.64884,-0.00154093,-0.0183292,999,,,,,,,29.900000000000013,3.3222222222222237,31,3.4444444444444446,,,,,,,,,,,,,,,,,,,"Eiberson Castellano","28040",682769
"Emiliano Teodo","TEX",0,0,0,4.59374,5,0,0,0,,5,24,5,3,3,1,4,,0,5,9.18711,6.03825,1.52148,0.880769,0.227267,0.149372,0.07789519429206848,0.231809,1.54904,0.292289,0.704119,,,4.4244,-0.00160188,-0.01624,999,,,,,,,9.7,1.94,10,2,,,,,,,,,,,,,,,,,,,"Emiliano Teodo","27999",693713
"Gage Ziehl","BOS",0,0,0,5.18176,1,0,0,0,,1,6,1,1,1,0,1,,0,1,8.35651,4.45452,1.87596,1.33294,0.196823,0.104918,0.09190420806407928,0.24534,1.5148,0.283009,0.676112,,,4.8334,-0.00161495,-0.013817,999,,,,,,,3.8000000000000003,3.8000000000000003,4,4,,,,,,,,,,,,,,,,,,,"Gage Ziehl","sa3045855",695721
"Garrett Acton","MIN",0,0,0,4.43127,4,0,0,0,,4,19,4,2,2,1,2,,0,4,8.90905,4.16784,2.13757,1.29796,0.230927,0.108032,0.12289439141750336,0.232774,1.34598,0.277823,0.708697,,,4.45959,-0.00168642,0.000562813,999,,,,,,,8.9,2.225,9,2.25,,,,,,,,,,,,,,,,,,,"Garrett Acton","27583",670183
"Brian Keller","PHI",0,0,0,5.18175,2,0,0,0,,2,9,2,1,1,0,1,,0,2,8.35651,4.45452,1.87596,1.33294,0.196823,0.104918,0.09190421551465988,0.24534,1.5148,0.283009,0.676112,,,4.8334,-0.00170443,0.00107082,999,,,,,,,10.600000000000001,5.300000000000001,11,5.5,,,,,,,,,,,,,,,,,,,"Brian Keller","19593",662144
"Aaron Rozek","MIN",0,0,0,5.18176,1,0,0,0,,1,6,1,1,1,0,1,,0,1,8.35651,4.45452,1.87596,1.33294,0.196823,0.104918,0.09190420806407928,0.24534,1.5148,0.283009,0.676112,,,4.8334,-0.0017864,-0.0145966,999,,,,,,,3.8000000000000003,3.8000000000000003,4,4,,,,,,,,,,,,,,,,,,,"Aaron Rozek","sa3015224",702065
"Wilber Dotel","PIT",0,0,0,4.6172,4,0,0,0,,7,29,7,4,3,1,3,,0,5,7.54755,3.7457,2.01499,1.13726,0.190268,0.094426,0.09584168344736099,0.260175,1.43955,0.302184,0.698469,,,4.47145,-0.00185444,-0.000938477,999,,,,,,,22.3,3.185714285714286,23,3.2857142857142856,,,,,,,,,,,,,,,,,,,"Wilber Dotel","28901",696062
"Michael Rucker","SEA",0,0,0,4.25512,8,0,0,1,,8,34,8,4,4,1,3,,0,8,8.70095,3.64249,2.38874,1.14907,0.223279,0.0934714,0.12980715930461884,0.247481,1.36173,0.299122,0.716684,,,4.19824,-0.00197411,-0.00731217,999,,,,,,,37.10000000000001,4.637500000000001,38,4.75,,,,,,,,,,,,,,,,,,,"Michael Rucker","19454",621074
"Travis Adams","MIN",0,0,0,4.58569,8,0,0,1,,8,36,8,5,4,1,3,,0,7,7.85584,3.45353,2.27472,1.13549,0.201693,0.0886668,0.1130257174372673,0.25552,1.38249,0.299891,0.687199,,,4.23467,-0.00197826,-0.0291864,999,,,,,,,35.10000000000001,4.387500000000001,36,4.5,,,,,,,,,,,,,,,,,,,"Travis Adams","30180",701519
"Mitch Farris","LAA",0,0,0,4.57649,7,0,0,0,,7,29,6,4,3,1,3,,0,7,8.73959,3.98196,2.19479,1.18376,0.224415,0.102249,0.12216611206531525,0.244674,1.38508,0.294944,0.693094,,,4.2745,-0.00201651,-0.0149824,999,,,,,,,28.900000000000013,4.128571428571431,27,3.857142857142857,,,,,,,,,,,,,,,,,,,"Mitch Farris","33628",815083
"Seth Johnson","ATH",0,1,0,4.88955,8,0,0,1,,8,34,7,5,4,1,4,,0,7,8.57539,4.76924,1.79806,1.22678,0.215023,0.119586,0.09543722122907639,0.248044,1.48982,0.296176,0.692305,,,4.63375,-0.00205268,-0.0246348,999,,,,,,,34.7,4.3375,33,4.125,,,,,,,,,,,,,,,,,,,"Seth Johnson","26020",686751
"Josh Ekness","MIA",0,1,0,4.46061,9,0,0,2,,9,38,8,5,4,1,4,,1,8,8.47015,4.32391,1.95891,1.09838,0.214153,0.109323,0.10483061522245407,0.242553,1.41229,0.291436,0.703678,,,4.44605,-0.00207964,-0.0198222,999,,,,,,,42.500000000000014,4.722222222222224,41,4.555555555555555,,,,,,,,,,,,,,,,,,,"Josh Ekness","33785",694795
"Blake Walston","ARI",0,0,0,5,3,0,0,0,,3,12,3,2,1,0,1,,0,3,9,5,1.8,1,0.209302,0.116279,0.09302324801683426,0.27027,1.66667,0.333333,0.661765,,,4.5278,-0.0021374,-0.0148003,999,,,,,,,17.400000000000002,5.800000000000001,18,6,,,,,,,,,,,,,,,,,,,"Blake Walston","26270",686796
"Carlos Estévez","KCR",0,0,0,5.74319,1,0,0,0,,1,5,1,1,1,0,1,,0,1,8.21614,5.30316,1.54929,1.40629,0.201511,0.130067,0.0714443027973175,0.252935,1.57449,0.293335,0.649734,,,5.19402,-0.002148,-0.0138717,120.08999633789062,,,,,,,3.8000000000000003,3.8000000000000003,4,4,,,,,,,,,,,,,,,,,,,"Carlos Estevez","14542",608032
"Carson Palmquist","WSN",0,0,0,4.75571,3,0,0,0,,3,14,3,2,2,0,2,,0,3,8.33821,4.62434,1.80311,1.21434,0.208485,0.115625,0.09285982698202133,0.244764,1.45692,0.289491,0.696011,,,4.75663,-0.00216318,-0.0140188,999,,,,,,,14.400000000000002,4.800000000000001,15,5,,,,,,,,,,,,,,,,,,,"Carson Palmquist","31612",687223
"Ben Casparius","LAD",0,0,0,4.5585,2,0,0,0,,2,7,1,1,1,0,1,,0,1,8.53896,4.32093,1.97619,1.44059,0.21693,0.109772,0.10715804994106293,0.244034,1.41948,0.284365,0.726907,,,4.83943,-0.00219859,-0.000143548,999,,,,,,,11.200000000000001,5.6000000000000005,9,4.5,,,,,,,,,,,,,,,,,,,"Ben Casparius","30085",676508
"Jake Brooks","COL",0,0,0,4.91959,4,0,0,0,,5,25,5,3,3,1,2,,0,5,8.39834,4.13306,2.03199,1.30176,0.204171,0.100478,0.10369248688220978,0.242454,1.44133,0.2817,0.685428,,,4.65673,-0.0023061,-0.0101617,999,,,,,,,15.7,3.1399999999999997,16,3.2,,,,,,,,,,,,,,,,,,,"Jake Brooks","sa3023205",694860
"Yerry Rodríguez","NYY",0,0,0,5.18175,2,0,0,0,,2,9,2,1,1,0,1,,0,2,8.35651,4.45452,1.87596,1.33294,0.196823,0.104918,0.09190421551465988,0.24534,1.5148,0.283009,0.676112,,,4.8334,-0.00234881,0.000310187,999,,,,,,,10.600000000000001,5.300000000000001,11,5.5,,,,,,,,,,,,,,,,,,,"Yerry Rodriguez","21955",666720
"Andrew Baker","COL",0,0,0,5.18175,4,0,0,0,,4,17,4,2,2,1,2,,0,3,8.35651,4.45452,1.87596,1.33294,0.196823,0.104918,0.09190421551465988,0.24534,1.5148,0.283009,0.676112,,,4.8334,-0.00235579,0.00722191,999,,,,,,,6.9,1.725,7,1.75,,,,,,,,,,,,,,,,,,,"Andrew Baker","sa3017196",687900
"JT Brubaker","SFG",0,0,0,4.42863,6,0,0,0,,6,28,6,3,3,1,3,,0,5,7.03324,3.63072,1.93715,1.05222,0.180303,0.0930763,0.08722645044326782,0.249442,1.37053,0.285424,0.692439,,,4.41159,-0.00241283,-0.00213995,999,,,,,,,17.500000000000007,2.916666666666668,18,3,,,,,,,,,,,,,,,,,,,"JT Brubaker","17578",664141
"Casey Legumina","TBR",0,1,0,4.51299,8,0,0,1,,8,36,8,5,4,1,3,,0,7,7.6074,3.37699,2.25272,1.25052,0.19524,0.0866688,0.1085713803768158,0.252929,1.36043,0.290713,0.699356,,,4.50161,-0.00243085,-0.0277092,999,,,,,,,35.10000000000001,4.387500000000001,36,4.5,,,,,,,,,,,,,,,,,,,"Casey Legumina","25921",668984
"Philip Abner","SFG",0,0,0,4.38289,8,0,0,1,,8,35,8,4,4,1,3,,0,7,7.65374,3.55214,2.15469,1.04257,0.195867,0.0909027,0.10496401786804199,0.253152,1.38106,0.297099,0.698775,,,4.22475,-0.00250061,0.000562459,999,,,,,,,35.10000000000001,4.387500000000001,36,4.5,,,,,,,,,,,,,,,,,,,"Philip Abner","33821",691769
"Colin Rea","CHC",1,1,0,4.37509,7,0,0,0,,10,41,10,5,5,1,3,,1,8,7.37064,2.62828,2.80435,1.33942,0.191938,0.068443,0.12349530309438705,0.258132,1.30456,0.292312,0.70805,,,4.41292,-0.0025565,-0.0210322,748.260009765625,,,,,,,39.7,3.97,41,4.1,,,,,,,,,,,,,,,,,,,"Colin Rea","12317",607067
"Shaun Anderson","LAA",0,0,0,5.00368,2,0,0,0,,2,11,3,1,1,0,1,,0,2,6.91456,2.99508,2.30864,1.43378,0.176939,0.0766423,0.10029706358909607,0.268377,1.40024,0.297766,0.676119,,,4.71167,-0.00256467,0.0000919592,999,,,,,,,8,4,11,5.5,,,,,,,,,,,,,,,,,,,"Shaun Anderson","19453",641312
"Brandon Neeck","PIT",0,0,0,5.18175,2,0,0,0,,2,8,2,1,1,0,1,,0,2,8.35651,4.45452,1.87596,1.33294,0.196823,0.104918,0.09190421551465988,0.24534,1.5148,0.283009,0.676112,,,4.8334,-0.00259022,0.00102642,999,,,,,,,10.600000000000001,5.300000000000001,11,5.5,,,,,,,,,,,,,,,,,,,"Brandon Neeck","sa3021978",677957
"Beau Burrows","PIT",0,0,0,5.18176,2,0,0,0,,2,10,2,1,1,0,1,,0,2,8.35651,4.45452,1.87596,1.33294,0.196823,0.104918,0.09190421551465988,0.24534,1.5148,0.283009,0.676112,,,4.8334,-0.00259022,0.00102642,999,,,,,,,10.600000000000001,5.300000000000001,11,5.5,,,,,,,,,,,,,,,,,,,"Beau Burrows","18873",663366
"Peter Strzelecki","STL",0,0,0,4.95641,5,0,0,0,,5,21,5,3,3,1,2,,0,4,7.65134,3.66929,2.08524,1.0565,0.191689,0.0919266,0.09976229816675186,0.264375,1.45352,0.31069,0.663152,,,4.3468,-0.00260496,-0.0166417,999,,,,,,,13.7,2.7399999999999998,14,2.8,,,,,,,,,,,,,,,,,,,"Peter Strzelecki","21367",657265
"Yunior Tur","ATH",0,0,0,5.18175,4,0,0,0,,4,19,4,3,2,1,2,,0,4,8.35651,4.45452,1.87596,1.33294,0.196823,0.104918,0.09190420806407928,0.24534,1.5148,0.283009,0.676112,,,4.8334,-0.00268199,-0.0228572,999,,,,,,,8.9,2.225,9,2.25,,,,,,,,,,,,,,,,,,,"Yunior Tur","33026",814305
"Josiah Gray","WSN",0,0,0,6.32706,1,0,0,0,,1,6,2,1,1,0,1,,0,1,8.35271,4.32342,1.93197,1.74039,0.203429,0.105296,0.09813261777162552,0.280883,1.61701,0.322461,0.633501,,,5.28774,-0.00272846,-0.0142707,999,,,,,,,1.2000000000000002,1.2000000000000002,4,4,,,,,,,,,,,,,,,,,,,"Josiah Gray","24580",680686
"Jhonathan Díaz","SEA",0,0,0,4.5,2,0,0,0,,2,10,2,1,1,0,1,,0,2,7.5,3,2.5,1.5,0.208333,0.0833333,0.1249999925494194,0.227273,1.16667,0.25,0.714286,,,4.58336,-0.00274199,-0.00182804,999,,,,,,,10.600000000000001,5.300000000000001,11,5.5,,,,,,,,,,,,,,,,,,,"Jhonathan Diaz","20298",646242
"Logan VanWey","HOU",0,0,0,4.63124,4,0,0,0,,4,16,4,2,2,0,2,,0,3,8.29788,4.15717,1.99604,1.21434,0.209122,0.104768,0.10435377806425095,0.265905,1.49889,0.3173,0.717227,,,4.52046,-0.00276309,0.000237813,999,,,,,,,19.200000000000003,4.800000000000001,20,5,,,,,,,,,,,,,,,,,,,"Logan VanWey","31884",701121
"Julian Aguiar","CIN",0,0,0,4.85662,2,0,0,0,,3,14,3,2,2,1,1,,0,2,6.94612,3.27422,2.12146,1.48859,0.17836,0.0840745,0.09428585320711136,0.257082,1.37079,0.282432,0.688395,,,4.92043,-0.00280784,-0.00129892,999,,,,,,,3.1000000000000023,1.033333333333334,3,1,,,,,,,,,,,,,,,,,,,"Julian Aguiar","30031",687924
"Luis Gil","NYY",0,0,0,4.41389,8,0,0,2,,8,37,7,5,4,1,4,,1,8,8.74863,4.69291,1.86422,1.25004,0.223318,0.119792,0.10352671146392822,0.228594,1.38377,0.27183,0.715275,,,4.68636,-0.00286282,-0.0571363,376.5,,,,,,,37.7,4.7125,36,4.5,,,,,,,,,,,,,,,,,,,"Luis Gil","21052",661563
"Matt Seelinger","NYM",0,0,0,5.18175,2,0,0,0,,2,9,2,1,1,0,1,,0,2,8.35651,4.45452,1.87596,1.33294,0.196823,0.104918,0.09190421551465988,0.24534,1.5148,0.283009,0.676112,,,4.8334,-0.00288334,-0.000542903,999,,,,,,,10.600000000000001,5.300000000000001,11,5.5,,,,,,,,,,,,,,,,,,,"Matt Seelinger","23563",676910
"Bryse Wilson","MIL",0,0,0,4.4989,5,0,0,0,,5,22,5,3,3,1,2,,0,4,7.13038,2.72953,2.61231,1.33741,0.185075,0.0708472,0.11422795802354813,0.261532,1.33387,0.294024,0.702172,,,4.45118,-0.00289301,-0.0161863,999,,,,,,,13.7,2.7399999999999998,14,2.8,,,,,,,,,,,,,,,,,,,"Bryse Wilson","19990",669060
"Valente Bellozo","COL",0,0,0,5.37642,2,0,0,0,,2,8,2,1,1,0,1,,0,1,5.93359,2.92068,2.03158,1.63951,0.149526,0.0736007,0.07592494785785675,0.278973,1.45043,0.295431,0.670158,,,5.25283,-0.00293174,0.00361095,999,,,,,,,8.600000000000001,4.300000000000001,9,4.5,,,,,,,,,,,,,,,,,,,"Valente Bellozo","23899",678368
"TJ Shook","COL",0,0,0,5.18176,5,0,0,0,,5,22,5,3,3,1,2,,0,4,8.35651,4.45452,1.87596,1.33294,0.196823,0.104918,0.09190423786640167,0.24534,1.5148,0.283009,0.676112,,,4.8334,-0.00294474,-0.00461804,999,,,,,,,13.7,2.7399999999999998,14,2.8,,,,,,,,,,,,,,,,,,,"TJ Shook","27567",669298
"Lucas Giolito","SDP",0,0,0,4.6365,2,0,0,0,,2,8,2,1,1,0,1,,0,2,7.62881,4.10231,1.85964,1.43951,0.195206,0.10497,0.0902361199259758,0.246408,1.40732,0.277359,0.716037,,,4.90978,-0.00299298,-0.0013106,728.47998046875,,,,,,,10.600000000000001,5.300000000000001,11,5.5,,,,,,,,,,,,,,,,,,,"Lucas Giolito","15474",608337
"Winston Santos","TEX",0,0,0,5.18176,2,0,0,0,,2,12,3,2,1,0,1,,0,2,8.35651,4.45452,1.87596,1.33294,0.196823,0.104918,0.09190420806407928,0.24534,1.5148,0.283009,0.676112,,,4.8334,-0.00304409,-0.0302971,999,,,,,,,8,4,11,5.5,,,,,,,,,,,,,,,,,,,"Winston Santos","28489",692437
"Carter Baumler","TEX",0,0,0,4.75331,4,0,0,0,,4,19,4,2,2,1,2,,0,4,7.84365,4.67326,1.67841,1.05645,0.197096,0.11743,0.07966580986976624,0.24576,1.46744,0.289551,0.68557,,,4.55714,-0.00308014,-0.000627835,999,,,,,,,8.9,2.225,9,2.25,,,,,,,,,,,,,,,,,,,"Carter Baumler","30231",691945
"Chayce McDermott","NYM",0,0,0,4.54386,6,0,0,0,,6,25,5,3,3,1,3,,0,6,9.34126,5.30687,1.76022,1.20423,0.233972,0.132922,0.10105027258396149,0.231112,1.46434,0.283541,0.716957,,,4.70113,-0.00321377,-0.00162871,999,,,,,,,22.10000000000001,3.683333333333335,20,3.3333333333333335,,,,,,,,,,,,,,,,,,,"Chayce McDermott","29866",694646
"Cole Henry","WSN",0,0,0,4.77909,3,0,0,0,,3,13,3,2,2,0,2,,0,3,8.14733,4.54007,1.79454,1.28391,0.202568,0.112881,0.08968763798475266,0.243471,1.44161,0.283625,0.696056,,,4.98665,-0.00324282,-0.0140188,736.2100219726562,,,,,,,14.400000000000002,4.800000000000001,15,5,,,,,,,,,,,,,,,,,,,"Cole Henry","27570",669371
"Blake Burkhalter","ATL",0,0,0,5.18176,2,0,0,0,,2,10,2,1,1,0,1,,0,2,8.35651,4.45452,1.87596,1.33294,0.196823,0.104918,0.09190421551465988,0.24534,1.5148,0.283009,0.676112,,,4.8334,-0.00327401,0.0000268194,999,,,,,,,10.600000000000001,5.300000000000001,11,5.5,,,,,,,,,,,,,,,,,,,"Blake Burkhalter","sa3020382",686628
"Hunter Parks","CIN",0,0,0,5.31927,2,0,0,0,,2,11,2,2,1,0,2,,0,2,8.46926,5.69408,1.48738,1.22836,0.205359,0.138068,0.0672914981842041,0.249909,1.6022,0.297301,0.680151,,,5.08408,-0.00332354,-0.0283918,999,,,,,,,7.6000000000000005,3.8000000000000003,8,4,,,,,,,,,,,,,,,,,,,"Hunter Parks","sa3017640",688609
"Thomas Harrington","PIT",0,0,0,4.81899,3,0,0,0,,4,17,4,2,2,1,1,,0,3,7.17764,3.14339,2.28341,1.47044,0.183063,0.0801709,0.10289186984300613,0.267534,1.41214,0.29864,0.701482,,,4.7632,-0.00341718,0.000029314,999,,,,,,,9.9,2.475,10,2.5,,,,,,,,,,,,,,,,,,,"Thomas Harrington","31989",802419
"Luis De León","BAL",0,0,0,4.9779,3,0,0,0,,3,16,3,2,2,1,2,,0,3,8.38904,4.20456,1.99522,1.30869,0.202496,0.10149,0.101005420088768,0.243109,1.45767,0.281999,0.683268,,,4.69602,-0.00349093,-0.0312679,999,,,,,,,2.1000000000000023,0.7000000000000007,2,0.6666666666666666,,,,,,,,,,,,,,,,,,,"Luis De Leon","sa3019283",801725
"Owen Murphy","ATL",0,0,0,4.9779,3,0,0,0,,3,16,3,2,2,1,2,,0,3,8.38904,4.20456,1.99522,1.30869,0.202496,0.10149,0.101005420088768,0.243109,1.45767,0.281999,0.683268,,,4.69602,-0.00354364,-0.0306295,999,,,,,,,2.1000000000000023,0.7000000000000007,2,0.6666666666666666,,,,,,,,,,,,,,,,,,,"Owen Murphy","31761",702566
"C.J. Culpepper","MIN",0,0,0,5.18175,2,0,0,0,,2,7,2,1,1,0,1,,0,1,8.35651,4.45452,1.87596,1.33294,0.196823,0.104918,0.09190421551465988,0.24534,1.5148,0.283009,0.676112,,,4.8334,-0.0035728,0.000281407,999,,,,,,,8.600000000000001,4.300000000000001,9,4.5,,,,,,,,,,,,,,,,,,,"C.J. Culpepper","sa3020563",690217
"Mike Paredes","MIN",0,0,0,5.18176,2,0,0,0,,2,12,3,2,1,0,1,,0,2,8.35651,4.45452,1.87596,1.33294,0.196823,0.104918,0.09190420806407928,0.24534,1.5148,0.283009,0.676112,,,4.8334,-0.0035728,-0.0291933,999,,,,,,,8,4,11,5.5,,,,,,,,,,,,,,,,,,,"Mike Paredes","30187",702474
"Trenton Denholm","CLE",0,0,0,5.18176,2,0,0,0,,2,10,2,1,1,0,1,,0,2,8.35651,4.45452,1.87596,1.33294,0.196823,0.104918,0.09190421551465988,0.24534,1.5148,0.283009,0.676112,,,4.8334,-0.00367531,0.000210281,999,,,,,,,10.600000000000001,5.300000000000001,11,5.5,,,,,,,,,,,,,,,,,,,"Trenton Denholm","sa3018139",671143
"Colton Gordon","MIL",0,0,0,4.53918,4,0,0,0,,5,22,5,3,3,1,1,,0,4,7.5117,2.6415,2.84373,1.62293,0.194749,0.0684839,0.1262655258178711,0.26543,1.345,0.29566,0.729298,,,4.73086,-0.00375056,-0.00259765,999,,,,,,,16.7,3.34,17,3.4,,,,,,,,,,,,,,,,,,,"Colton Gordon","31312",676467
"JR Ritchie","ATL",0,0,0,4.58696,4,0,0,0,,6,27,6,3,3,1,3,,0,5,7.8358,4.31678,1.8152,1.12275,0.197637,0.108879,0.08875791728496552,0.246409,1.43115,0.28846,0.698106,,,4.5951,-0.00383078,-0.0181565,999,,,,,,,17.500000000000007,2.916666666666668,18,3,,,,,,,,,,,,,,,,,,,"JR Ritchie","31760",702275
"Simeon Woods Richardson","TOR",0,0,0,4.69739,2,0,0,0,,2,8,2,1,1,0,1,,0,1,7.55496,4.00178,1.8879,1.54748,0.191703,0.101543,0.09016004949808121,0.252986,1.43015,0.282084,0.725416,,,5.08974,-0.00385815,0.0000851563,664.0399780273438,,,,,,,8.600000000000001,4.300000000000001,9,4.5,,,,,,,,,,,,,,,,,,,"Simeon Woods Richardson","24494",680573
"Chase Solesky","CIN",0,0,0,5.0469,4,0,0,0,,5,22,5,3,3,1,2,,0,4,6.68362,3.48981,1.91518,1.42689,0.168768,0.0881211,0.08064691722393036,0.269261,1.46003,0.296559,0.686957,,,4.91315,-0.00387163,-0.0158558,999,,,,,,,13.7,2.7399999999999998,14,2.8,,,,,,,,,,,,,,,,,,,"Chase Solesky","25480",686678
"Sam Bachman","LAA",0,0,0,4.30486,6,0,0,0,,6,28,6,3,3,1,3,,0,6,8.25594,4.52339,1.82517,0.971325,0.208672,0.114331,0.09434176981449127,0.23893,1.41616,0.287902,0.708462,,,4.36909,-0.00389449,0.000275878,999,,,,,,,19.500000000000007,3.2500000000000013,20,3.3333333333333335,,,,,,,,,,,,,,,,,,,"Sam Bachman","29754",696147
"Jason Alexander","HOU",0,0,0,4.7266,5,0,0,0,,6,28,7,4,3,1,2,,0,5,6.87318,3.07169,2.23759,1.23285,0.176184,0.0787382,0.09744543582201004,0.264407,1.38729,0.297517,0.682924,,,4.4726,-0.00389451,-0.0159585,999,,,,,,,17.90000000000001,2.9833333333333347,21,3.5,,,,,,,,,,,,,,,,,,,"Jason Alexander","19666",669920
"Wikelman González","MIA",0,0,0,4.5064,8,0,0,1,,8,35,7,4,4,1,5,,0,8,8.93494,5.05687,1.76689,1.01676,0.225945,0.127877,0.09806813299655914,0.231369,1.43783,0.284672,0.698289,,,4.39018,-0.00392281,0.00763617,999,,,,,,,33.7,4.2125,32,4,,,,,,,,,,,,,,,,,,,"Wikelman Gonzalez","26641",682790
"Ben Lively","CLE",0,0,0,4.93378,2,0,0,0,,3,13,3,2,2,0,1,,0,3,8.39608,4.15046,2.02293,1.30345,0.203761,0.100726,0.10303521901369095,0.242614,1.4453,0.281773,0.684898,,,4.66629,-0.00394494,-0.000786825,999,,,,,,,17.400000000000002,5.800000000000001,18,6,,,,,,,,,,,,,,,,,,,"Ben Lively","14932",594902
"Gordon Graceffo","STL",0,1,0,4.52099,9,0,0,2,,9,37,9,5,4,1,3,,0,7,6.95353,3.32914,2.08869,1.05023,0.178844,0.0856252,0.09321892261505127,0.254731,1.36454,0.291159,0.68144,,,4.30135,-0.00405982,-0.0319957,999,,,,,,,43.90000000000001,4.877777777777779,45,5,,,,,,,,,,,,,,,,,,,"Gordon Graceffo","29519",700669
"Blake Adams","COL",0,0,0,5.18175,7,0,0,0,,7,32,7,4,4,1,3,,0,6,8.35651,4.45452,1.87596,1.33294,0.196823,0.104918,0.09190421551465988,0.24534,1.5148,0.283009,0.676112,,,4.8334,-0.00412263,-0.00103362,999,,,,,,,24.3,3.4714285714285715,25,3.5714285714285716,,,,,,,,,,,,,,,,,,,"Blake Adams","31492",687060
"Jose Cuas","KCR",0,1,0,4.69458,7,0,0,1,,7,33,7,4,4,1,4,,1,7,8.51864,4.66395,1.82648,1.05716,0.210007,0.114979,0.09502813965082169,0.252563,1.50152,0.306024,0.698946,,,4.55865,-0.00413997,-0.0139192,999,,,,,,,24.300000000000015,3.4714285714285738,25,3.5714285714285716,,,,,,,,,,,,,,,,,,,"Jose Cuas","17701",621016
"Cooper Criswell","SEA",0,0,0,4.0673,7,0,0,0,,8,35,8,4,4,1,3,,1,6,7.21684,3.08842,2.33674,1.0463,0.185071,0.0792006,0.10587063431739807,0.257105,1.35026,0.297051,0.723402,,,4.23794,-0.00415134,-0.00747834,999,,,,,,,26.100000000000005,3.2625000000000006,27,3.375,,,,,,,,,,,,,,,,,,,"Cooper Criswell","24975",681867
"CJ Van Eyk","TOR",0,0,0,5.18175,3,0,0,0,,3,15,3,2,2,0,2,,0,3,8.35651,4.45452,1.87596,1.33294,0.196823,0.104918,0.09190420806407928,0.24534,1.5148,0.283009,0.676112,,,4.8334,-0.00418361,-0.0150689,999,,,,,,,14.400000000000002,4.800000000000001,15,5,,,,,,,,,,,,,,,,,,,"CJ Van Eyk","27568",669310
"Marco Raya","MIN",0,0,0,4.61558,6,0,0,0,,6,26,6,3,3,1,3,,0,5,7.80424,4.35582,1.79168,1.07175,0.19555,0.109143,0.0864066407084465,0.256221,1.48643,0.30188,0.703936,,,4.46288,-0.00420216,0.000844219,999,,,,,,,17.500000000000007,2.916666666666668,18,3,,,,,,,,,,,,,,,,,,,"Marco Raya","30166",694397
"Garrett Hawkins","SDP",0,0,0,4.62157,3,0,0,0,,3,15,3,2,2,0,2,,0,3,8.24864,4.76162,1.73232,1.29435,0.208713,0.120482,0.08823088556528091,0.242076,1.4585,0.282688,0.716172,,,4.77547,-0.00424386,-0.0177713,999,,,,,,,14.400000000000002,4.800000000000001,15,5,,,,,,,,,,,,,,,,,,,"Garrett Hawkins","sa3017383",678184
"Cole Wilcox","SEA",0,0,0,4.28281,6,0,0,0,,6,25,6,3,3,1,3,,0,5,7.73448,4.04471,1.91225,0.990741,0.196849,0.102941,0.0939079001545906,0.250047,1.41966,0.29551,0.713062,,,4.25205,-0.00447304,-0.00548413,999,,,,,,,17.500000000000007,2.916666666666668,18,3,,,,,,,,,,,,,,,,,,,"Cole Wilcox","27481",677961
"Cam Sanders","BAL",0,0,0,4.68627,8,0,0,1,,8,37,7,5,4,1,5,,1,9,9.24013,5.21919,1.77042,1.09638,0.231387,0.130696,0.10069073736667633,0.232266,1.46028,0.287127,0.693405,,,4.55376,-0.00449896,-0.0320367,999,,,,,,,32.7,4.0875,31,3.875,,,,,,,,,,,,,,,,,,,"Cam Sanders","23479",676742
"Austin Love","STL",0,0,0,4.76831,4,0,0,0,,4,18,4,2,2,1,2,,0,4,7.70042,4.41897,1.74258,1.16053,0.192268,0.110335,0.08193283528089523,0.258186,1.50381,0.300812,0.701232,,,4.6302,-0.00459424,-0.000911767,999,,,,,,,8.9,2.225,9,2.25,,,,,,,,,,,,,,,,,,,"Austin Love","sa3017609",676153
"Jose Franco","CIN",0,0,0,4.9057,4,0,0,0,,4,16,3,2,2,1,2,,0,3,8.13548,4.69772,1.73179,1.36805,0.205496,0.118661,0.08683516830205917,0.242167,1.45187,0.27942,0.693584,,,4.92834,-0.00463928,0.00139058,999,,,,,,,9.5,2.375,7,1.75,,,,,,,,,,,,,,,,,,,"Jose Franco","27014",683742
"Juan Burgos","ARI",0,0,0,4.64764,5,0,0,0,,5,22,5,3,3,1,2,,0,4,6.82423,3.68476,1.85201,1.19842,0.171775,0.0927501,0.07902450114488602,0.260283,1.43335,0.292775,0.699351,,,4.73871,-0.0046723,-0.014663,999,,,,,,,13.7,2.7399999999999998,14,2.8,,,,,,,,,,,,,,,,,,,"Juan Burgos","27271",686228
"Jared Shuster","STL",0,0,0,5.18176,3,0,0,0,,3,15,3,2,2,0,2,,0,3,8.35651,4.45452,1.87596,1.33294,0.196823,0.104918,0.09190420806407928,0.24534,1.5148,0.283009,0.676112,,,4.8334,-0.00497711,-0.0161061,999,,,,,,,14.400000000000002,4.800000000000001,15,5,,,,,,,,,,,,,,,,,,,"Jared Shuster","27472",694363
"Zach Maxwell","CIN",0,0,0,4.86676,7,0,0,0,,7,31,6,4,4,1,4,,0,7,8.82967,5.29589,1.66727,1.29036,0.219842,0.131858,0.08798438310623169,0.242348,1.51925,0.289888,0.706452,,,4.85052,-0.00498209,-0.0125774,999,,,,,,,25.900000000000013,3.700000000000002,24,3.4285714285714284,,,,,,,,,,,,,,,,,,,"Zach Maxwell","31610",687209
"Lyon Richardson","MIL",0,0,0,5.04936,1,0,0,0,,1,6,1,1,1,0,1,,0,1,7.28299,4.86375,1.4974,1.77739,0.180968,0.120855,0.06011320650577545,0.253106,1.52655,0.272942,0.73334,,,5.75873,-0.00502818,-0.0151207,999,,,,,,,3.8000000000000003,3.8000000000000003,4,4,,,,,,,,,,,,,,,,,,,"Lyon Richardson","24581",680689
"Alex McFarlane","PHI",0,0,0,5.18176,6,0,0,0,,6,26,6,4,3,1,3,,0,5,8.35651,4.45452,1.87596,1.33294,0.196823,0.104918,0.09190421551465988,0.24534,1.5148,0.283009,0.676112,,,4.8334,-0.00511329,-0.0262578,999,,,,,,,17.500000000000007,2.916666666666668,18,3,,,,,,,,,,,,,,,,,,,"Alex McFarlane","31773",686934
"Hayden Juenger","ATH",0,0,0,4.98473,6,0,0,0,,6,29,7,4,4,1,3,,0,5,7.17463,3.76672,1.90474,1.31283,0.180028,0.0945155,0.08551211655139923,0.262225,1.45282,0.296018,0.6814,,,4.83674,-0.00512261,-0.020455,999,,,,,,,14.90000000000001,2.4833333333333347,18,3,,,,,,,,,,,,,,,,,,,"Hayden Juenger","29640",696522
"Yilber Díaz","DET",0,0,0,4.60897,4,0,0,0,,4,21,4,3,2,1,3,,0,4,8.69604,6.06581,1.43362,1.10839,0.211008,0.147186,0.06382229924201965,0.243777,1.61205,0.2954,0.73311,,,4.945,-0.00516083,-0.028514,999,,,,,,,5.9,1.475,6,1.5,,,,,,,,,,,,,,,,,,,"Yilber Diaz","29271",700270
"Brody Hopkins","TBR",0,0,0,3.85714,3,0,0,0,,3,11,2,1,1,0,1,,0,2,7.71429,3.85714,2,1.28571,0.206897,0.103448,0.10344827175140381,0.24,1.28571,0.277778,0.657895,,,4.9405,-0.00518453,0.0162294,999,,,,,,,18.000000000000004,6.000000000000001,16,5.333333333333333,,,,,,,,,,,,,,,,,,,"Brody Hopkins","sa3023515",811315
"Wyatt Mills","WSN",0,0,0,5.18175,5,0,0,0,,5,25,6,3,3,1,3,,0,5,8.3565,4.45452,1.87596,1.33294,0.196823,0.104918,0.09190420806407928,0.24534,1.5148,0.283009,0.676112,,,4.8334,-0.00529169,-0.0134789,999,,,,,,,10.1,2.02,13,2.6,,,,,,,,,,,,,,,,,,,"Wyatt Mills","20010",670090
"Julian Garcia","CIN",0,0,0,5.18176,8,0,0,1,,8,39,8,5,5,1,4,,1,8,8.35651,4.45452,1.87596,1.33294,0.196823,0.104918,0.09190422296524048,0.24534,1.5148,0.283009,0.676112,,,4.8334,-0.00543906,-0.0271206,999,,,,,,,31.100000000000005,3.8875000000000006,32,4,,,,,,,,,,,,,,,,,,,"Julian Garcia","22362",670062
"Antwone Kelly","PIT",0,0,0,5.05614,5,0,0,0,,5,25,5,3,3,1,3,,0,5,8.37655,4.30049,1.94781,1.318,0.200285,0.102826,0.09745968878269196,0.243976,1.47959,0.282393,0.680451,,,4.74874,-0.00545008,-0.0282745,999,,,,,,,12.7,2.54,13,2.6,,,,,,,,,,,,,,,,,,,"Antwone Kelly","29000",699008
"Tyler Schweitzer","CHW",1,1,0,4.54819,8,0,0,1,,8,36,8,4,4,1,3,,0,6,6.22312,3.40257,1.82895,1.16677,0.158911,0.0868866,0.07202468812465668,0.262708,1.41494,0.290243,0.70181,,,4.59881,-0.00556131,0.00106457,999,,,,,,,33.10000000000001,4.137500000000001,34,4.25,,,,,,,,,,,,,,,,,,,"Tyler Schweitzer","31920",805326
"Yovanny Cruz","WSN",0,1,0,4.74905,7,0,0,1,,7,33,7,4,4,1,4,,1,7,8.92667,5.26313,1.69608,1.13701,0.219932,0.129671,0.09026098251342773,0.24551,1.5317,0.299619,0.707205,,,4.70071,-0.00557897,-0.0128965,999,,,,,,,24.300000000000015,3.4714285714285738,25,3.5714285714285716,,,,,,,,,,,,,,,,,,,"Yovanny Cruz","22622",672442
"Mark Manfredi","COL",0,0,0,5.18175,7,0,0,1,,7,35,8,5,4,1,4,,0,7,8.35651,4.45452,1.87596,1.33294,0.196823,0.104918,0.09190421551465988,0.24534,1.5148,0.283009,0.676112,,,4.8334,-0.00561278,-0.0419845,999,,,,,,,24.700000000000014,3.5285714285714307,28,4,,,,,,,,,,,,,,,,,,,"Mark Manfredi","33603",815081
"Robinson Ortiz","SEA",0,0,0,4.30127,4,0,0,0,,4,16,3,2,2,0,2,,0,4,8.68039,5.25094,1.65311,1.10422,0.218394,0.132111,0.08628319203853607,0.238135,1.49301,0.287983,0.736832,,,4.53944,-0.00561986,-0.00365609,999,,,,,,,23.8,5.95,22,5.5,,,,,,,,,,,,,,,,,,,"Robinson Ortiz","sa3004006",673662
"Blas Castaño","COL",0,0,0,5.51435,4,0,0,0,,4,18,5,3,2,1,2,,0,3,6.48231,3.54289,1.82967,1.25308,0.158435,0.0865923,0.07184305787086487,0.281592,1.53427,0.313804,0.648292,,,4.93918,-0.00568839,-0.0197937,999,,,,,,,4.300000000000001,1.0750000000000002,7,1.75,,,,,,,,,,,,,,,,,,,"Blas Castano","26117",680604
"Tanner Rainey","DET",0,0,0,4.52695,9,0,0,1,,9,39,8,5,4,1,5,,0,9,9.12531,4.9541,1.84197,1.13559,0.231133,0.125481,0.10565143823623657,0.232329,1.43114,0.284658,0.704992,,,4.48401,-0.00603784,-0.012338,999,,,,,,,40.500000000000014,4.500000000000002,39,4.333333333333333,,,,,,,,,,,,,,,,,,,"Tanner Rainey","17610",663432
"Victor Mederos","ATL",1,1,0,4.78932,8,0,0,1,,9,39,9,5,5,1,4,,1,7,7.2766,3.91518,1.85856,1.14761,0.182343,0.0981099,0.08423342555761337,0.257164,1.44244,0.295133,0.683602,,,4.67376,-0.00619351,-0.0227118,999,,,,,,,33.90000000000001,3.766666666666668,35,3.888888888888889,,,,,,,,,,,,,,,,,,,"Victor Mederos","31533",682989
"Tayler Saucedo","LAA",0,0,0,4.34186,9,0,0,2,,9,39,8,5,4,1,4,,1,8,8.33406,4.07756,2.04388,1.04827,0.211522,0.10349,0.10803158581256866,0.245768,1.40129,0.295393,0.7082,,,4.30433,-0.00621191,-0.0248009,999,,,,,,,42.500000000000014,4.722222222222224,41,4.555555555555555,,,,,,,,,,,,,,,,,,,"Tayler Saucedo","17888",642048
"Chase Lee","TOR",0,0,0,4.4151,7,0,0,0,,7,28,6,3,3,1,3,,0,6,7.89383,3.50489,2.25223,1.34851,0.203822,0.0904978,0.11332448571920395,0.245002,1.33375,0.280995,0.712222,,,4.62372,-0.00662998,0.0157746,999,,,,,,,26.9,3.8428571428571425,25,3.5714285714285716,,,,,,,,,,,,,,,,,,,"Chase Lee","29574",695445
"Josh White","MIA",0,0,0,5.65766,3,0,0,0,,3,13,3,2,2,0,2,,0,3,9.47885,7.60987,1.2456,0.947484,0.223541,0.179465,0.04407653212547302,0.237246,1.75066,0.301074,0.665744,,,5.03454,-0.00669197,-0.0145394,999,,,,,,,14.400000000000002,4.800000000000001,15,5,,,,,,,,,,,,,,,,,,,"Josh White","31738",687985
"Troy Watson","SEA",0,0,0,5.18176,3,0,0,0,,3,13,3,2,2,0,1,,0,3,8.35651,4.45452,1.87596,1.33294,0.196823,0.104918,0.09190421551465988,0.24534,1.5148,0.283009,0.676112,,,4.8334,-0.00674305,-0.0187961,999,,,,,,,17.400000000000002,5.800000000000001,18,6,,,,,,,,,,,,,,,,,,,"Troy Watson","sa3007249",681890
"Najer Victor","LAA",0,0,0,5.18175,4,0,0,0,,4,19,4,3,2,1,2,,0,4,8.35651,4.45452,1.87596,1.33294,0.196823,0.104918,0.09190420806407928,0.24534,1.5148,0.283009,0.676112,,,4.8334,-0.00683822,-0.030012,999,,,,,,,8.9,2.225,9,2.25,,,,,,,,,,,,,,,,,,,"Najer Victor","sa3025330",695402
"Ryan Rolison","CHC",0,0,0,4.33578,9,0,0,2,,9,37,8,5,4,1,4,,0,7,7.7499,3.77508,2.05291,1.14521,0.198683,0.0967813,0.10190217941999435,0.25228,1.40129,0.294331,0.71753,,,4.34195,-0.00684778,-0.0317755,999,,,,,,,43.500000000000014,4.833333333333335,42,4.666666666666667,,,,,,,,,,,,,,,,,,,"Ryan Rolison","22200",669020
"Alex Cook","TBR",0,0,0,5.18175,5,0,0,0,,5,23,5,3,3,1,2,,0,4,8.35651,4.45452,1.87596,1.33294,0.196823,0.104918,0.09190423786640167,0.24534,1.5148,0.283009,0.676112,,,4.8334,-0.0068516,-0.0135916,999,,,,,,,13.7,2.7399999999999998,14,2.8,,,,,,,,,,,,,,,,,,,"Alex Cook","32015",702047
"Brendan Cellucci","TOR",0,0,0,5.18176,5,0,0,0,,5,22,5,3,3,1,2,,0,4,8.35651,4.45452,1.87596,1.33294,0.196823,0.104918,0.09190420061349869,0.24534,1.5148,0.283009,0.676112,,,4.8334,-0.00697268,-0.0150611,999,,,,,,,13.7,2.7399999999999998,14,2.8,,,,,,,,,,,,,,,,,,,"Brendan Cellucci","sa3011710",676454
"Eduardo Rivera","BOS",0,0,0,4.958,5,0,0,0,,6,29,6,4,3,1,3,,0,6,8.39222,4.18015,2.00764,1.30633,0.203065,0.101146,0.10191851109266281,0.242886,1.45209,0.281897,0.684,,,4.68261,-0.00699908,-0.0290326,999,,,,,,,19.500000000000007,3.2500000000000013,20,3.3333333333333335,,,,,,,,,,,,,,,,,,,"Eduardo Rivera","31280",700842
"Trent Baker","MIN",0,0,0,5.18175,4,0,0,0,,4,17,4,2,2,1,2,,0,3,8.35651,4.45452,1.87596,1.33294,0.196823,0.104918,0.09190421551465988,0.24534,1.5148,0.283009,0.676112,,,4.8334,-0.00714559,0.000562813,999,,,,,,,6.9,1.725,7,1.75,,,,,,,,,,,,,,,,,,,"Trent Baker","sa3017504",694536
"Alek Jacob","SDP",0,0,0,4.76935,4,0,0,0,,4,16,4,2,2,1,2,,0,3,7.72455,4.03939,1.91231,1.45329,0.193835,0.101362,0.09247321635484695,0.251389,1.42602,0.284477,0.708371,,,5.08812,-0.00717437,-0.00262121,999,,,,,,,6.9,1.725,7,1.75,,,,,,,,,,,,,,,,,,,"Alek Jacob","29628",689690
"Jack Weisenburger","NYM",0,0,0,5.18176,5,0,0,0,,5,22,5,3,3,1,2,,0,4,8.35651,4.45452,1.87596,1.33294,0.196823,0.104918,0.09190423786640167,0.24534,1.5148,0.283009,0.676112,,,4.8334,-0.00720834,-0.0168987,999,,,,,,,13.7,2.7399999999999998,14,2.8,,,,,,,,,,,,,,,,,,,"Jack Weisenburger","26333",674073
"Brendan Beck","NYY",0,0,0,5.08316,6,0,0,0,,7,33,7,4,4,1,3,,0,7,8.37224,4.33363,1.93192,1.32121,0.199532,0.103281,0.09625028818845749,0.244272,1.48717,0.282528,0.679498,,,4.76696,-0.00731606,-0.0302573,999,,,,,,,26.300000000000015,3.7571428571428593,27,3.857142857142857,,,,,,,,,,,,,,,,,,,"Brendan Beck","33043",694341
"Yorman Gómez","CLE",0,0,0,5.18176,4,0,0,0,,4,18,4,2,2,1,2,,0,4,8.35651,4.45452,1.87596,1.33294,0.196823,0.104918,0.09190420806407928,0.24534,1.5148,0.283009,0.676112,,,4.8334,-0.00735061,0.000420562,999,,,,,,,8.9,2.225,9,2.25,,,,,,,,,,,,,,,,,,,"Yorman Gomez","sa3015931",691414
"Sam Aldegheri","LAA",0,0,0,5.0409,3,0,0,0,,4,18,4,3,2,1,2,,0,3,6.70789,4.15755,1.61342,1.36162,0.166777,0.103369,0.06340838968753815,0.259124,1.47973,0.28586,0.686893,,,5.18306,-0.00747025,-0.0160527,999,,,,,,,6.9,1.725,7,1.75,,,,,,,,,,,,,,,,,,,"Sam Aldegheri","26443",691951
"Gavin Collyer","TEX",0,0,0,4.71698,5,0,0,0,,5,24,5,3,3,1,3,,0,5,8.89347,5.60464,1.5868,1.06669,0.219509,0.138334,0.08117492496967316,0.232714,1.50532,0.284472,0.698555,,,4.77515,-0.00753172,-0.01624,999,,,,,,,12.7,2.54,13,2.6,,,,,,,,,,,,,,,,,,,"Gavin Collyer","26349",686560
"Antoine Kelly","CHC",0,0,0,4.29819,6,0,0,0,,6,28,6,3,3,1,4,,1,5,8.0004,5.1084,1.56613,0.966445,0.197836,0.126322,0.07151411473751068,0.240861,1.49089,0.287598,0.724913,,,4.68148,-0.00794469,-0.00205698,999,,,,,,,11.500000000000005,1.9166666666666676,12,2,,,,,,,,,,,,,,,,,,,"Antoine Kelly","25611",681520
"Wyatt Olds","BOS",0,0,0,5.18176,5,0,0,0,,5,23,5,3,3,1,2,,0,5,8.35651,4.45452,1.87596,1.33294,0.196823,0.104918,0.09190420806407928,0.24534,1.5148,0.283009,0.676112,,,4.8334,-0.00807477,-0.012,999,,,,,,,15.7,3.1399999999999997,16,3.2,,,,,,,,,,,,,,,,,,,"Wyatt Olds","29922",681544
"Patrick Monteverde","MIA",0,0,0,5.18175,6,0,0,0,,6,28,6,4,3,1,3,,0,5,8.35651,4.45452,1.87596,1.33294,0.196823,0.104918,0.09190422296524048,0.24534,1.5148,0.283009,0.676112,,,4.8334,-0.00826232,-0.0290788,999,,,,,,,17.500000000000007,2.916666666666668,18,3,,,,,,,,,,,,,,,,,,,"Patrick Monteverde","29564",687287
"Cameron Weston","BAL",0,0,0,5.05614,5,0,0,0,,6,26,6,3,3,1,3,,0,5,8.37655,4.30049,1.94781,1.318,0.200285,0.102826,0.09745970368385315,0.243976,1.47959,0.282393,0.680451,,,4.74874,-0.00832288,-0.0171951,999,,,,,,,17.500000000000007,2.916666666666668,18,3,,,,,,,,,,,,,,,,,,,"Cameron Weston","31696",687721
"Brett Kerry","LAA",0,0,0,4.87964,5,0,0,0,,6,27,7,4,3,1,2,,0,5,7.05769,2.93449,2.40508,1.50878,0.180387,0.0750025,0.1053844541311264,0.270615,1.40572,0.300221,0.697161,,,4.7671,-0.00887083,-0.0170352,999,,,,,,,17.90000000000001,2.9833333333333347,21,3.5,,,,,,,,,,,,,,,,,,,"Brett Kerry","29826",695049
"Ben Peoples","TEX",0,1,0,4.26991,7,0,0,1,,7,32,6,4,4,1,3,,0,6,7.64483,4.08405,1.87187,1.1534,0.198275,0.105923,0.09235147386789322,0.227123,1.30894,0.2608,0.702288,,,4.60734,-0.00970626,-0.0229937,999,,,,,,,30.9,4.414285714285714,29,4.142857142857143,,,,,,,,,,,,,,,,,,,"Ben Peoples","26406",687239
"Craig Kimbrel","KCR",0,0,0,4.54738,9,0,0,2,,9,38,8,5,4,1,5,,1,9,9.54449,4.84044,1.97182,1.1924,0.240898,0.12217,0.11872778087854385,0.234934,1.43142,0.291543,0.708078,,,4.48076,-0.00988629,-0.0119736,999,,,,,,,41.500000000000014,4.6111111111111125,40,4.444444444444445,,,,,,,,,,,,,,,,,,,"Craig Kimbrel","6655",518886
"Garrett Stallings","MIL",0,0,0,5.18175,7,0,0,0,,7,32,7,4,4,1,3,,0,6,8.35651,4.45452,1.87596,1.33294,0.196823,0.104918,0.09190421551465988,0.24534,1.5148,0.283009,0.676112,,,4.8334,-0.00999723,-0.0165222,999,,,,,,,24.3,3.4714285714285715,25,3.5714285714285716,,,,,,,,,,,,,,,,,,,"Garrett Stallings","27485",668831
"Beck Way","KCR",0,0,0,5.18175,7,0,0,0,,7,32,7,4,4,1,3,,0,6,8.3565,4.45452,1.87596,1.33294,0.196823,0.104918,0.09190420806407928,0.24534,1.5148,0.283009,0.676112,,,4.8334,-0.0100145,-0.0111434,999,,,,,,,24.3,3.4714285714285715,25,3.5714285714285716,,,,,,,,,,,,,,,,,,,"Beck Way","27877",694360
"Trevor Martin","LAA",0,0,0,5.18176,6,0,0,0,,6,26,6,4,3,1,3,,0,5,8.35651,4.45452,1.87596,1.33294,0.196823,0.104918,0.09190421551465988,0.24534,1.5148,0.283009,0.676112,,,4.8334,-0.0102573,-0.0301112,999,,,,,,,17.500000000000007,2.916666666666668,18,3,,,,,,,,,,,,,,,,,,,"Trevor Martin","31878",694680
"Alimber Santa","HOU",0,0,0,5.18175,6,0,0,0,,6,31,7,4,4,1,3,,0,6,8.35651,4.45452,1.87596,1.33294,0.196823,0.104918,0.09190420061349869,0.24534,1.5148,0.283009,0.676112,,,4.8334,-0.0104251,-0.0300061,999,,,,,,,16.90000000000001,2.816666666666668,20,3.3333333333333335,,,,,,,,,,,,,,,,,,,"Alimber Santa","28846",695001
"Jack Ralston","MIA",0,0,0,5.18176,8,0,0,1,,8,39,8,5,5,1,4,,1,8,8.35651,4.45452,1.87596,1.33294,0.196823,0.104918,0.09190422296524048,0.24534,1.5148,0.283009,0.676112,,,4.8334,-0.0110164,-0.0288259,999,,,,,,,31.100000000000005,3.8875000000000006,32,4,,,,,,,,,,,,,,,,,,,"Jack Ralston","26104",667652
"Anthony Gose","KCR",0,0,0,5.18175,8,0,0,1,,8,36,8,5,4,1,4,,1,7,8.35651,4.45452,1.87596,1.33294,0.196823,0.104918,0.09190421551465988,0.24534,1.5148,0.283009,0.676112,,,4.8334,-0.0114452,-0.0253555,999,,,,,,,29.100000000000005,3.6375000000000006,30,3.75,,,,,,,,,,,,,,,,,,,"Anthony Gose","5097",543238
"Luis Perales","WSN",1,1,0,4.64061,7,0,0,0,,9,40,9,5,5,1,5,,0,7,7.35907,4.70707,1.56341,1.22465,0.185048,0.118362,0.06668609380722046,0.243949,1.46196,0.277313,0.709028,,,4.92626,-0.0115982,-0.0158878,999,,,,,,,29.900000000000013,3.3222222222222237,31,3.4444444444444446,,,,,,,,,,,,,,,,,,,"Luis Perales","28148",691384
"Hancel Rincon","STL",0,0,0,5.18176,7,0,0,0,,7,31,7,4,4,1,3,,0,6,8.35651,4.45452,1.87596,1.33294,0.196823,0.104918,0.09190420806407928,0.24534,1.5148,0.283009,0.676112,,,4.8334,-0.0116133,-0.017132,999,,,,,,,24.3,3.4714285714285715,25,3.5714285714285716,,,,,,,,,,,,,,,,,,,"Hancel Rincon","sa3009629",684516
"Carlos Vargas","SEA",0,0,0,4.15717,8,0,0,2,,8,36,8,4,4,1,3,,1,7,7.10868,3.32067,2.14073,1.01549,0.182482,0.0852426,0.09723926335573196,0.252671,1.35283,0.291202,0.712012,,,4.27404,-0.012487,-0.00642595,999,,,,,,,36.10000000000001,4.512500000000001,37,4.625,,,,,,,,,,,,,,,,,,,"Carlos Vargas","22915",672841
"Alec Gamboa","BOS",0,0,0,5.18176,8,0,0,1,,8,36,8,5,4,1,4,,1,7,8.35651,4.45452,1.87596,1.33294,0.196823,0.104918,0.09190420806407928,0.24534,1.5148,0.283009,0.676112,,,4.8334,-0.0129196,-0.0250664,999,,,,,,,29.100000000000005,3.6375000000000006,30,3.75,,,,,,,,,,,,,,,,,,,"Alec Gamboa","26227",687941
"Hagen Smith","CHW",0,0,0,4.42518,10,0,0,2,,11,50,9,6,5,1,8,,1,12,9.9137,6.51362,1.52199,0.948445,0.244841,0.160869,0.08397255837917328,0.217006,1.53024,0.279376,0.720182,,,4.59756,-0.0130789,-0.0244923,999,,,,,,,50.70000000000001,4.60909090909091,47,4.2727272727272725,,,,,,,,,,,,,,,,,,,"Hagen Smith","35205",696146
"Ray Kerr","ATL",0,0,0,5.18175,8,0,0,1,,8,40,9,5,5,1,4,,1,8,8.35651,4.45452,1.87596,1.33294,0.196823,0.104918,0.09190421551465988,0.24534,1.5148,0.283009,0.676112,,,4.8334,-0.013096,-0.0304002,999,,,,,,,28.500000000000007,3.562500000000001,32,4,,,,,,,,,,,,,,,,,,,"Ray Kerr","23809",678061
"Tyler Zuber","MIA",0,0,0,4.57485,10,0,1,2,,10,42,9,5,5,1,4,,0,10,9.17014,4.16119,2.20373,1.3127,0.231101,0.104868,0.1262330412864685,0.253077,1.44834,0.307601,0.720031,,,4.48046,-0.0139707,0.036868,999,,,,,,,59.300000000000004,5.930000000000001,58,5.8,,,,,,,,,,,,,,,,,,,"Tyler Zuber","20379",676604
"Zach Brzykcy","MIA",0,0,0,5.08718,7,0,0,0,,7,32,7,4,4,1,4,,0,7,8.29219,5.08425,1.63095,1.20078,0.204397,0.125323,0.07907332479953766,0.248854,1.529,0.294633,0.681416,,,4.87591,-0.0142415,-0.0139527,999,,,,,,,23.300000000000015,3.3285714285714305,24,3.4285714285714284,,,,,,,,,,,,,,,,,,,"Zach Brzykcy","27783",694350
"Braxton Roxby","SFG",0,0,0,5.18176,8,0,0,1,,8,39,8,5,5,1,4,,1,8,8.35651,4.45452,1.87596,1.33294,0.196823,0.104918,0.09190422296524048,0.24534,1.5148,0.283009,0.676112,,,4.8334,-0.0154263,-0.0340298,999,,,,,,,31.100000000000005,3.8875000000000006,32,4,,,,,,,,,,,,,,,,,,,"Braxton Roxby","27793",694820
"Erik Tolman","WSN",0,0,0,5.18175,8,0,0,1,,8,36,8,5,4,1,4,,1,7,8.35651,4.45452,1.87596,1.33294,0.196823,0.104918,0.09190421551465988,0.24534,1.5148,0.283009,0.676112,,,4.8334,-0.0168796,-0.0535686,999,,,,,,,29.100000000000005,3.6375000000000006,30,3.75,,,,,,,,,,,,,,,,,,,"Erik Tolman","32065",680899
"Trent Thornton","CHC",1,0,0,4.38424,10,0,0,2,,10,41,9,5,5,1,3,,1,8,7.09201,3.13196,2.2644,1.22096,0.18425,0.0813681,0.10288212448358536,0.247738,1.30633,0.279376,0.695834,,,4.49637,-0.0183525,0.0162,999,,,,,,,50.300000000000004,5.03,49,4.9,,,,,,,,,,,,,,,,,,,"Trent Thornton","17948",663423
"Nestor Cortes","PHI",1,0,0,4.51646,7,0,0,0,,8,33,7,4,4,2,3,,0,7,7.73383,2.89967,2.66714,2.09777,0.20509,0.0768952,0.12819480895996094,0.238293,1.23255,0.248273,0.758179,,,5.50357,-0.0188096,-0.0272549,999,,,,,,,21.400000000000002,2.6750000000000003,19,2.375,,,,,,,,,,,,,,,,,,,"Nestor Cortes","17874",641482
"Orlando Ribalta","WSN",0,0,0,4.66721,9,0,0,2,,9,39,8,5,5,1,4,,1,8,8.26928,4.42565,1.86849,1.29003,0.207807,0.111217,0.09659042954444885,0.248075,1.4518,0.290866,0.709862,,,4.76328,-0.0190194,-0.0244944,999,,,,,,,42.500000000000014,4.722222222222224,41,4.555555555555555,,,,,,,,,,,,,,,,,,,"Orlando Ribalta","26247",687377
"Zach Agnos","COL",0,1,0,5.04372,8,0,0,1,,8,36,8,5,5,1,3,,0,6,6.67359,3.60884,1.84924,1.34301,0.169428,0.0916206,0.07780756801366806,0.258748,1.41677,0.28552,0.668644,,,4.8925,-0.0191934,-0.0192327,743.47998046875,,,,,,,33.10000000000001,4.137500000000001,34,4.25,,,,,,,,,,,,,,,,,,,"Zach Agnos","31552",688642
"Gerardo Carrillo","ARI",0,0,0,5.18175,7,0,0,1,,7,34,7,4,4,1,4,,0,7,8.35651,4.45452,1.87596,1.33294,0.196823,0.104918,0.09190421551465988,0.24534,1.5148,0.283009,0.676112,,,4.8334,-0.0193004,-0.0194837,999,,,,,,,27.300000000000015,3.900000000000002,28,4,,,,,,,,,,,,,,,,,,,"Gerardo Carrillo","22754",672629
"Xzavion Curry","NYM",0,0,0,4.80361,6,0,0,0,,6,27,6,4,3,1,3,,0,4,5.80437,3.96578,1.46361,1.68413,0.146568,0.100141,0.04642672836780548,0.261118,1.46903,0.270821,0.736407,,,5.61162,-0.0213555,-0.0325513,999,,,,,,,15.500000000000005,2.5833333333333344,16,2.6666666666666665,,,,,,,,,,,,,,,,,,,"Xzavion Curry","25595",675540
"Antonio Senzatela","MIL",1,1,0,4.65304,10,0,0,2,,10,42,10,5,5,1,3,,0,7,6.64939,2.99914,2.2171,1.27229,0.169824,0.0765971,0.0932266116142273,0.266526,1.39066,0.296724,0.694781,,,4.59276,-0.0241371,0.0182371,999,,,,,,,48.7,4.87,50,5,,,,,,,,,,,,,,,,,,,"Antonio Senzatela","15488",622608
"Nick Davila","SEA",0,0,0,5.18175,7,0,0,1,,7,35,8,5,4,1,4,,0,7,8.35651,4.45452,1.87596,1.33294,0.196823,0.104918,0.09190421551465988,0.24534,1.5148,0.283009,0.676112,,,4.8334,-0.0249647,-0.0859745,999,,,,,,,24.700000000000014,3.5285714285714307,28,4,,,,,,,,,,,,,,,,,,,"Nick Davila","27741",689546
"Luke Murphy","LAA",0,0,0,5.18176,9,0,0,2,,9,41,9,5,5,1,4,,1,8,8.35651,4.45452,1.87596,1.33294,0.196823,0.104918,0.09190421551465988,0.24534,1.5148,0.283009,0.676112,,,4.8334,-0.0326651,-0.0228225,999,,,,,,,39.90000000000001,4.4333333333333345,41,4.555555555555555,,,,,,,,,,,,,,,,,,,"Luke Murphy","29952",684665
"Carson Seymour","SFG",0,1,0,4.40429,9,0,1,2,,9,41,9,5,5,1,4,,0,7,6.96829,3.7661,1.85027,1.04493,0.176445,0.095362,0.08108322322368622,0.257127,1.42568,0.294404,0.707573,,,4.45674,-0.0332522,-0.0486106,999,,,,,,,45.90000000000001,5.100000000000001,47,5.222222222222222,,,,,,,,,,,,,,,,,,,"Carson Seymour","30084",693313
"Nate Lavender","NYM",0,0,0,5.18175,9,0,0,2,,9,43,9,6,5,1,5,,1,8,8.35651,4.45452,1.87596,1.33294,0.196823,0.104918,0.09190422296524048,0.24534,1.5148,0.283009,0.676112,,,4.8334,-0.0375878,-0.141818,999,,,,,,,36.90000000000001,4.100000000000001,38,4.222222222222222,,,,,,,,,,,,,,,,,,,"Nate Lavender","30109",681320
"José Fermin","LAA",0,0,0,5.18176,9,0,0,2,,9,44,10,6,5,1,5,,1,9,8.35651,4.45452,1.87596,1.33294,0.196823,0.104918,0.09190421551465988,0.24534,1.5148,0.283009,0.676112,,,4.8334,-0.0456245,-0.129617,999,,,,,,,36.30000000000001,4.033333333333335,40,4.444444444444445,,,,,,,,,,,,,,,,,,,"Jose Fermin","33908",820862