Name,Team,G,PA,AB,H,1B,2B,3B,HR,R,RBI,BB,IBB,SO,HBP,SF,SH,GDP,SB,CS,AVG,BB%,K%,BB/K,OBP,SLG,wOBA,OPS,ISO,Spd,BABIP,UBR,wSB,wRC,wRAA,wRC+,BsR,Fld,Off,Def,WAR,ADP,InterSD,InterSK,IntraSD,Vol,Skew,Dim,FPTS,FPTS/G,SPTS,SPTS/G,P10,P20,P30,P40,P50,P60,P70,P80,P90,TT10,TT20,TT30,TT40,TT50,TT60,TT70,TT80,TT90,NameASCII,PlayerId,MLBAMID
"Alek Thomas","LAD",11,49,45,9,6,2,0,1,4,5,3,0,10,0,0,0,,1,0,0.207878,0.0516083,0.209173,0.246726,0.252386,0.328063,0.256044,0.580449,0.120185,4.05574,0.24496,0.0723452,-0.00784471,3.38205,-2.35705,58.9157,0.0645005,29.9887,-2.3347607254981995,30.162292897701263,3.00039,746.030029296875,,,,,,,31.5,2.863636363,31.5,2.863636363,,,,,,,,,,,,,,,,,,,"Alek Thomas","23792",677950
"Darell Hernaiz","ATH",16,71,65,15,12,2,0,1,7,7,5,0,11,0,0,0,,1,0,0.230637,0.0736108,0.152601,0.482374,0.288676,0.300817,0.266319,0.589493,0.07018,3.72386,0.265337,-0.0410868,-0.0891185,5.55103,-2.8663,58.9894,-0.130205,15.7905,-3.520243853330612,16.384608805179596,1.57052,999,,,,,,,51.1,3.19375,51.1,3.19375,,,,,,,,,,,,,,,,,,,"Darell Hernaiz","26224",687231
"Bobby Witt Jr.","KCR",23,101,91,26,16,5,1,4,15,13,8,1,17,1,1,0,,6,1,0.290756,0.0835573,0.170034,0.491416,0.353706,0.500155,0.366379,0.853861,0.209399,6.96936,0.318899,0.58362,0.373514,15.948,4.07191,134.103,0.957134,1.03278,4.934499442577362,2.1105602979660034,1.0826,3.0999999046325684,,,,,,,148,6.434782608,148,6.434782608,,,,,,,,,,,,,,,,,,,"Bobby Witt Jr.","25764",677951
"Pete Crow-Armstrong","CHC",24,104,91,23,13,5,1,4,15,13,9,1,26,2,1,1,,6,1,0.250422,0.0824005,0.249408,0.330384,0.323148,0.460912,0.338796,0.784059,0.21049,7.33642,0.300148,0.560813,0.476133,14.1348,1.89138,116.134,1.03695,2.32276,3.046963691711426,2.693129986524582,0.92859,32.939998626708984,,,,,,,137.2,5.716666666,137.2,5.716666666,,,,,,,,,,,,,,,,,,,"Pete Crow-Armstrong","27769",691718
"Julio Rodríguez","SEA",24,105,95,26,17,4,0,5,15,14,8,1,23,1,1,0,,4,1,0.2711,0.075369,0.215203,0.350223,0.333949,0.465891,0.346374,0.799841,0.194791,5.38277,0.309533,0.2267,0.298958,14.9222,2.55131,129.434,0.525658,0.739444,4.101499617099762,1.1136725842952728,0.911021,9.489999771118164,,,,,,,141,5.875,141,5.875,,,,,,,,,,,,,,,,,,,"Julio Rodriguez","23697",677594
"Gunnar Henderson","BAL",24,104,92,24,14,5,1,4,15,12,10,0,22,1,1,0,,3,1,0.259205,0.0981648,0.215447,0.455634,0.338561,0.45623,0.345385,0.794791,0.197025,5.94139,0.299527,0.33208,0.242551,14.6857,2.4423,124.063,0.574631,0.315713,3.4678720235824585,1.4268241822719574,0.874412,12.510000228881836,,,,,,,136.1,5.670833333,136.1,5.670833333,,,,,,,,,,,,,,,,,,,"Gunnar Henderson","26289",683002
"Fernando Tatis Jr.","SDP",24,105,92,25,16,5,1,4,15,12,11,1,20,1,1,0,,5,1,0.273914,0.105781,0.191598,0.552101,0.357025,0.467222,0.358404,0.824247,0.193308,5.88848,0.309986,0.375436,0.26482,15.9387,3.56777,131.158,0.640256,1.59481,4.562485158443451,0.5184180736541748,0.864894,14.010000228881836,,,,,,,148.5,6.1875,148.5,6.1875,,,,,,,,,,,,,,,,,,,"Fernando Tatis Jr.","19709",665487
"Yordan Alvarez","HOU",23,98,82,25,14,5,0,6,15,16,14,2,17,1,1,0,,0,0,0.297966,0.139094,0.170014,0.818132,0.402327,0.566513,0.410874,0.96884,0.268547,2.39056,0.308693,-0.310179,-0.105782,19.1118,7.50605,168.247,-0.415961,-0.120812,7.362461715936661,-2.424052506685257,0.859345,33.38999938964844,,,,,,,173.9,7.560869565,173.9,7.560869565,,,,,,,,,,,,,,,,,,,"Yordan Alvarez","19556",670541
"Shohei Ohtani","LAD",24,102,86,24,13,4,1,6,18,16,14,2,24,1,1,0,,3,1,0.284579,0.139999,0.236325,0.5924,0.388183,0.570688,0.40532,0.958871,0.286109,5.95109,0.322778,0.117777,0.116707,19.2871,7.29874,159.109,0.234484,0,7.445043638348579,-2.5385801792144775,0.83638,1.2699999809265137,,,,,,,170,7.083333333,170,7.083333333,,,,,,,,,,,,,,,,,,,"Shohei Ohtani","19755",660271
"Francisco Lindor","NYM",24,105,92,24,15,4,0,4,15,13,10,0,19,2,1,0,,3,1,0.255164,0.093468,0.183059,0.510588,0.336066,0.444728,0.341881,0.780794,0.189565,5.78439,0.279226,0.0429125,0.203523,14.5426,2.17169,117.768,0.246436,0.856336,2.483150467276573,1.9018608331680298,0.793881,25.350000381469727,,,,,,,130.5,5.4375,130.5,5.4375,,,,,,,,,,,,,,,,,,,"Francisco Lindor","12916",596019
"José Ramírez","CLE",23,100,88,24,15,5,0,4,14,13,11,2,11,1,1,0,,6,1,0.270288,0.107737,0.114221,0.943234,0.351544,0.464152,0.350087,0.815696,0.193864,5.64633,0.271953,0.443307,0.461189,14.6076,2.74685,125.67,0.904496,0.0865037,3.8945587277412415,0.13665799796581268,0.774581,6.28000020980835,,,,,,,143.1,6.22173913,143.1,6.22173913,,,,,,,,,,,,,,,,,,,"Jose Ramirez","13510",608070
"Juan Soto","NYM",22,93,74,21,12,3,0,5,14,14,17,2,16,0,1,0,,3,1,0.275711,0.184831,0.169394,1.09113,0.410169,0.533343,0.403625,0.943512,0.257632,4.12377,0.281321,-0.0728611,0.0601728,17.5186,6.55061,159.21,-0.0126884,-0.77257,6.595566542819142,-2.508680820465088,0.724175,4.650000095367432,,,,,,,153.2,6.963636363,153.2,6.963636363,,,,,,,,,,,,,,,,,,,"Juan Soto","20123",665742
"Corey Seager","TEX",21,90,78,20,12,4,0,4,12,13,10,1,18,1,1,0,,0,0,0.258328,0.114697,0.198841,0.576827,0.347525,0.476662,0.353812,0.824187,0.218334,2.5719,0.279413,-0.234149,-0.0709229,13.3062,2.72081,129.969,-0.305072,0.355388,2.810346692800522,1.007394701242447,0.713742,95.08999633789062,,,,,,,116.2,5.533333333,116.2,5.533333333,,,,,,,,,,,,,,,,,,,"Corey Seager","13624",608369
"Jeremy Peña","HOU",22,97,88,24,16,4,1,3,13,11,6,0,18,2,1,0,,3,1,0.272964,0.0610252,0.184656,0.330481,0.329355,0.432852,0.333624,0.762206,0.159887,5.67807,0.310924,0.187918,0.135024,12.8459,1.36768,114.523,0.322941,0.547559,1.9599938690662384,1.5892252326011658,0.713679,122.9800033569336,,,,,,,118.8,5.4,118.8,5.4,,,,,,,,,,,,,,,,,,,"Jeremy Pena","21636",665161
"Kevin McGonigle","DET",23,99,86,22,15,5,1,3,13,11,12,0,14,1,1,0,,2,1,0.260647,0.118552,0.14591,0.812504,0.351014,0.419202,0.340422,0.770216,0.158555,4.95914,0.284334,0.0884111,0.0306219,13.6048,1.93274,117.607,0.119033,0.476405,2.137238658964634,1.30294868350029,0.708489,999,,,,,,,125.6,5.460869565,125.6,5.460869565,,,,,,,,,,,,,,,,,,,"Kevin McGonigle","33572",805808
"Elly De La Cruz","CIN",24,105,93,24,14,5,1,4,15,13,10,1,28,1,1,0,,6,1,0.25909,0.0996386,0.266361,0.374073,0.335742,0.459656,0.344474,0.795398,0.200565,7.4363,0.326246,0.638576,0.469962,14.7617,2.39081,115.564,1.10854,-0.54277,3.067695379257202,0.4255944490432739,0.702885,8.449999809265137,,,,,,,140.8,5.866666666,140.8,5.866666666,,,,,,,,,,,,,,,,,,,"Elly De La Cruz","26668",682829
"Joshua Báez","STL",18,79,72,17,10,3,0,4,9,11,6,0,22,1,0,0,,3,0,0.229823,0.0762711,0.282661,0.269832,0.29297,0.420244,0.310098,0.713214,0.190421,5.37951,0.27964,0.156871,0.403231,8.91863,-0.386354,96.1686,0.560102,4.88721,0.19732972979545593,4.042764961719513,0.693241,999,,,,,,,96.2,5.344444444,96.2,5.344444444,,,,,,,,,,,,,,,,,,,"Joshua Baez","29596",695491
"Junior Caminero","TBR",25,108,97,26,15,4,0,6,15,18,9,1,20,1,1,0,,1,0,0.269657,0.0871687,0.189958,0.458884,0.33582,0.514268,0.362864,0.850088,0.244611,3.07732,0.278865,-0.127831,-0.0606434,16.7932,4.06006,133.309,-0.188474,-1.30463,3.9767138063907623,-1.01574045419693,0.692081,16.479999542236328,,,,,,,148.5,5.94,148.5,5.94,,,,,,,,,,,,,,,,,,,"Junior Caminero","28163",691406
"Corbin Carroll","ARI",22,95,83,21,11,4,2,4,15,12,10,0,20,1,1,0,,4,1,0.253436,0.109558,0.211356,0.518356,0.343197,0.483012,0.356334,0.826209,0.229576,8.0231,0.290204,0.683122,0.423771,14.3532,3.08926,125.094,1.10689,0.710279,3.9831141233444214,-0.29712826013565063,0.69155,14.100000381469727,,,,,,,133,6.045454545,133,6.045454545,,,,,,,,,,,,,,,,,,,"Corbin Carroll","25878",682998
"Cal Raleigh","SEA",22,87,75,16,8,3,0,5,11,13,10,1,24,1,1,0,,1,0,0.215948,0.120589,0.2817,0.428076,0.316259,0.452854,0.332283,0.769113,0.236906,2.98418,0.243504,-0.233844,-0.0378735,11.3817,1.12787,119.634,-0.271717,0.7584,1.7053492963314056,1.9736782908439636,0.689432,18.729999542236328,,,,,,,105.2,4.781818181,105.2,4.781818181,,,,,,,,,,,,,,,,,,,"Cal Raleigh","21534",663728
"Jackson Merrill","SDP",24,102,93,24,15,5,1,4,13,13,7,0,21,1,1,0,,2,1,0.261399,0.066463,0.210914,0.315119,0.313108,0.445738,0.328164,0.758846,0.184339,5.53406,0.300267,0.320441,0.0895151,12.9698,0.981451,110.861,0.409956,1.28538,1.734901875257492,1.6171720325946808,0.677761,70.79000091552734,,,,,,,124.2,5.175,124.2,5.175,,,,,,,,,,,,,,,,,,,"Jackson Merrill","29490",701538
"Zach Neto","LAA",24,104,92,22,13,5,0,4,14,12,8,0,28,3,1,0,,4,1,0.239062,0.0781823,0.269919,0.28965,0.316,0.431918,0.326264,0.747918,0.192855,5.97924,0.2961,0.10867,0.124141,13.0868,0.843399,109.493,0.232811,0.50795,1.3742058277130127,1.5804811120033264,0.676442,32.29999923706055,,,,,,,121.1,5.045833333,121.1,5.045833333,,,,,,,,,,,,,,,,,,,"Zach Neto","31347",687263
"Trea Turner","PHI",24,103,94,26,18,4,1,3,15,11,7,0,20,1,1,0,,4,1,0.272705,0.0650811,0.190998,0.340743,0.324149,0.428144,0.328982,0.752294,0.155439,6.52854,0.314509,0.53838,0.368983,13.1754,1.05953,103.906,0.907363,0.42609,1.3889271318912506,1.525627076625824,0.636685,26.780000686645508,,,,,,,125.9,5.245833333,125.9,5.245833333,,,,,,,,,,,,,,,,,,,"Trea Turner","16252",607208
"William Contreras","MIL",23,92,81,21,15,4,0,3,11,12,10,1,16,1,1,0,,1,0,0.265197,0.108093,0.175722,0.61514,0.347667,0.414403,0.335429,0.762069,0.149206,3.01612,0.299701,-0.203669,-0.115219,12.2865,1.42773,112.693,-0.318888,0.95568,1.0836126506328583,2.174815833568573,0.636574,56.560001373291016,,,,,,,111.3,4.839130434,111.3,4.839130434,,,,,,,,,,,,,,,,,,,"William Contreras","20503",661388
"Kyle Tucker","LAD",23,100,86,22,14,4,0,4,15,13,13,1,16,1,1,0,,3,1,0.260482,0.133598,0.160425,0.832772,0.362234,0.461776,0.359009,0.824011,0.201294,5.51824,0.276288,0.0866444,0.239084,15.3305,3.46967,128.026,0.325728,0.270241,3.7081537544727325,-0.8061479330062866,0.628262,13.130000114440918,,,,,,,131.3,5.708695652,131.3,5.708695652,,,,,,,,,,,,,,,,,,,"Kyle Tucker","18345",663656
"Ronald Acuña Jr.","ATL",23,98,83,22,14,4,0,4,16,12,13,1,21,1,1,0,,4,1,0.269217,0.135838,0.215381,0.630683,0.375807,0.477612,0.372096,0.853419,0.208395,5.79136,0.311432,0.339525,0.177611,16.038,4.43233,136.271,0.517136,-0.727997,4.8005446791648865,-1.904694676399231,0.620491,5.260000228881836,,,,,,,136.2,5.92173913,136.2,5.92173913,,,,,,,,,,,,,,,,,,,"Ronald Acuna Jr.","18401",660670
"Mookie Betts","LAD",23,100,89,24,15,5,0,4,14,13,10,0,12,1,1,0,,1,0,0.266421,0.100724,0.116527,0.86439,0.34296,0.444074,0.343513,0.787034,0.177653,4.03376,0.270669,-0.107751,-0.0625492,14.0751,2.21436,117.625,-0.1703,-0.208619,1.956810101866722,0.8291898667812347,0.616424,60.58000183105469,,,,,,,132.4,5.756521739,132.4,5.756521739,,,,,,,,,,,,,,,,,,,"Mookie Betts","13611",605141
"Wyatt Langford","TEX",23,100,88,22,13,4,1,4,14,12,11,0,23,1,1,0,,4,1,0.249997,0.110284,0.231658,0.476062,0.337059,0.452598,0.343788,0.789657,0.202601,5.98835,0.292424,0.185317,0.280083,14.0974,2.23663,122.998,0.465399,0.204378,3.1441820859909058,-0.7022581398487091,0.612401,37.75,,,,,,,130.9,5.691304347,130.9,5.691304347,,,,,,,,,,,,,,,,,,,"Wyatt Langford","33333",694671
"Will Smith","LAD",16,62,54,14,9,2,0,2,9,8,7,0,12,1,0,0,,0,0,0.262433,0.118467,0.191966,0.617126,0.359795,0.444949,0.353885,0.804744,0.182517,2.78721,0.295617,-0.200415,-0.0997938,9.25162,1.89465,124.586,-0.300209,1.20592,1.5403249859809875,2.374902844429016,0.605541,95.69000244140625,,,,,,,73,4.5625,73,4.5625,,,,,,,,,,,,,,,,,,,"Will Smith","19197",669257
"Geraldo Perdomo","ARI",23,97,82,21,15,4,1,2,13,9,12,0,13,1,1,1,,3,1,0.259514,0.127418,0.128273,0.99333,0.361564,0.38262,0.334422,0.744184,0.123106,5.67071,0.285562,0.10316,0.066301,12.9429,1.43409,110.387,0.169461,0.305195,1.3858810812234879,1.3496395349502563,0.601416,76.7699966430664,,,,,,,113.6,4.939130434,113.6,4.939130434,,,,,,,,,,,,,,,,,,,"Geraldo Perdomo","22799",672695
"Mike Trout","LAA",21,91,75,18,11,3,0,4,12,11,14,1,25,1,1,0,,1,0,0.239476,0.150326,0.279058,0.53869,0.361808,0.449035,0.352403,0.810842,0.209559,4.09084,0.300034,-0.125001,0.000339214,13.3635,2.65055,127.672,-0.124662,0.0723139,2.7866331562399864,-0.12830333411693573,0.599334,178.44000244140625,,,,,,,119,5.666666666,119,5.666666666,,,,,,,,,,,,,,,,,,,"Mike Trout","10155",545361
"Dillon Dingler","DET",23,91,83,21,13,4,1,3,11,12,6,0,21,2,1,0,,0,0,0.251693,0.0623297,0.235685,0.264462,0.310483,0.438355,0.325877,0.748838,0.186662,3.44365,0.297743,-0.0752665,-0.107444,11.4068,0.708708,107.491,-0.18271,0.906552,0.604328528046608,2.0259962677955627,0.596021,254.6199951171875,,,,,,,104.1,4.526086956,104.1,4.526086956,,,,,,,,,,,,,,,,,,,"Dillon Dingler","27464",693307
"Gabriel Moreno","ARI",20,79,70,20,14,4,0,2,10,10,8,0,13,1,1,0,,1,0,0.28146,0.100233,0.161671,0.619978,0.356383,0.415609,0.340828,0.771991,0.134149,3.20119,0.31953,-0.0620781,-0.111884,10.9533,1.57835,114.687,-0.173962,0.854123,1.2270777970552444,2.035604178905487,0.595459,181.22000122070312,,,,,,,101.3,5.065,101.3,5.065,,,,,,,,,,,,,,,,,,,"Gabriel Moreno","22664",672515
"Kaelen Culpepper","MIN",21,90,81,19,13,3,0,2,11,9,6,0,19,1,1,0,,2,0,0.238054,0.0711494,0.215908,0.329536,0.301698,0.378444,0.300809,0.680142,0.14039,5.61101,0.281671,0.0980684,0.167717,9.47433,-1.11111,91.1635,0.265785,2.30892,-0.65280681848526,3.269565165042877,0.591187,999,,,,,,,77.7,3.7,77.7,3.7,,,,,,,,,,,,,,,,,,,"Kaelen Culpepper","35111",701785
"Isaac Paredes","HOU",24,103,89,21,14,4,0,4,12,13,11,0,16,2,1,0,,0,0,0.241358,0.106224,0.160432,0.66211,0.338486,0.413145,0.333685,0.751631,0.171788,1.97239,0.256459,-0.219216,-0.157488,13.5646,1.4487,114.565,-0.376704,0.624264,1.3563414216041565,0.7284307852387428,0.583766,243.60000610351562,,,,,,,116.8,4.866666666,116.8,4.866666666,,,,,,,,,,,,,,,,,,,"Isaac Paredes","20036",670623
"Konnor Griffin","PIT",17,73,66,18,12,3,0,2,10,8,5,0,18,1,0,0,,4,1,0.265227,0.0646461,0.248493,0.260152,0.327266,0.401316,0.322268,0.728582,0.13609,6.19551,0.33849,0.304467,0.268284,8.92688,0.356507,99.5504,0.572751,2.15851,0.5335454568266869,2.7511035203933716,0.575171,999,,,,,,,85.1,5.005882352,85.1,5.005882352,,,,,,,,,,,,,,,,,,,"Konnor Griffin","35376",804606
"Ketel Marte","ARI",19,83,73,20,12,4,0,4,11,11,8,1,13,1,1,0,,1,0,0.269377,0.0987667,0.156822,0.6298,0.348005,0.480696,0.357856,0.8287,0.211318,4.0082,0.282669,-0.0677568,-0.065596,12.5828,2.78809,126.115,-0.133353,0.225649,2.4694881290197372,0.37379680573940277,0.564416,32.63999938964844,,,,,,,117.1,6.163157894,117.1,6.163157894,,,,,,,,,,,,,,,,,,,"Ketel Marte","13613",606466
"Freddie Freeman","LAD",24,104,91,26,17,6,0,4,14,14,11,1,18,1,1,0,,1,0,0.28655,0.10609,0.175705,0.603798,0.369055,0.468758,0.363961,0.837813,0.182208,3.57101,0.322123,-0.205323,-0.0191739,16.239,3.99563,131.349,-0.224497,0.310729,3.681074872612953,-1.5488392412662506,0.560424,67.87999725341797,,,,,,,147.5,6.145833333,147.5,6.145833333,,,,,,,,,,,,,,,,,,,"Freddie Freeman","5361",518692
"Bryce Harper","PHI",24,102,87,23,14,5,0,4,14,14,14,1,22,1,1,0,,1,1,0.26923,0.13325,0.212548,0.626915,0.369748,0.484326,0.369633,0.854074,0.215095,3.49363,0.308445,-0.0634958,-0.107987,16.3651,4.37679,131.191,-0.171483,-0.0781179,3.6334257274866104,-1.4901548773050308,0.554408,47.900001525878906,,,,,,,138,5.75,138,5.75,,,,,,,,,,,,,,,,,,,"Bryce Harper","11579",547180
"Brice Turang","MIL",22,96,85,22,15,4,0,3,12,11,10,0,21,0,1,1,,4,1,0.256749,0.102317,0.223334,0.458134,0.333524,0.405094,0.325403,0.738618,0.148345,5.84007,0.313085,0.287272,0.301937,12.0659,0.715218,105.964,0.589209,0.510668,1.2780544757843018,0.8694643378257751,0.536985,48.18000030517578,,,,,,,112.8,5.127272727,112.8,5.127272727,,,,,,,,,,,,,,,,,,,"Brice Turang","22186",668930
"Vladimir Guerrero Jr.","TOR",23,97,85,24,16,5,0,3,13,13,11,1,13,1,1,0,,1,0,0.287276,0.110471,0.133765,0.825858,0.371259,0.463243,0.362551,0.834502,0.175967,2.87115,0.303661,-0.1763,-0.1438,15.1538,3.64504,134.752,-0.3201,-0.0426671,3.607587695121765,-1.8056300207972527,0.536316,18.049999237060547,,,,,,,130,5.652173913,130,5.652173913,,,,,,,,,,,,,,,,,,,"Vladimir Guerrero Jr.","19611",665489
"Alex Bregman","CHC",24,105,92,23,15,4,0,3,13,13,11,0,15,1,1,0,,0,0,0.248629,0.104877,0.147215,0.712405,0.334962,0.405158,0.327086,0.74012,0.156529,3.09975,0.265639,-0.213336,-0.121383,13.2926,0.921698,108.274,-0.334719,0.765235,0.7068483531475067,1.1394631564617157,0.534818,119.16999816894531,,,,,,,112.6,4.691666666,112.6,4.691666666,,,,,,,,,,,,,,,,,,,"Alex Bregman","17678",608324
"Matt Olson","ATL",24,106,92,23,13,5,0,5,15,15,12,1,26,1,1,0,,0,0,0.251171,0.114149,0.244155,0.467528,0.340739,0.478879,0.354429,0.819618,0.227708,2.22204,0.288739,-0.251843,-0.143622,15.7637,3.26521,124.413,-0.395465,0.930233,2.7093715369701385,-0.9601990580558777,0.528476,48.0099983215332,,,,,,,137.3,5.720833333,137.3,5.720833333,,,,,,,,,,,,,,,,,,,"Matt Olson","14344",621566
"Pete Alonso","BAL",24,105,92,23,13,4,0,5,14,16,11,1,24,2,1,0,,0,0,0.254132,0.100618,0.231602,0.434445,0.341066,0.484824,0.356604,0.82589,0.230691,2.68405,0.284173,-0.328181,-0.117112,15.7866,3.41564,131.865,-0.445293,-0.0250533,3.4259854555130005,-1.9733558427542448,0.527069,24.440000534057617,,,,,,,134.4,5.6,134.4,5.6,,,,,,,,,,,,,,,,,,,"Pete Alonso","19251",624413
"Nico Hoerner","CHC",24,105,95,26,20,5,1,1,12,10,7,0,10,1,1,0,,4,1,0.273232,0.0680725,0.0919614,0.740229,0.330772,0.36966,0.311702,0.700432,0.096428,5.80925,0.292435,0.371939,0.302662,11.9928,-0.378132,97.9484,0.674601,0.404735,0.41633862257003784,1.3190873265266418,0.523502,101.93000030517578,,,,,,,109,4.541666666,109,4.541666666,,,,,,,,,,,,,,,,,,,"Nico Hoerner","21479",663538
"Cody Bellinger","NYY",23,98,88,23,14,4,1,4,13,13,9,0,15,0,1,0,,2,1,0.258282,0.0927754,0.1515,0.61238,0.328053,0.445051,0.335971,0.773104,0.186769,5.03633,0.270649,0.0430683,-0.0195023,13.1747,1.56896,115.522,0.023566,0.693226,1.7926765568554401,-0.24427437782287598,0.513409,80.98999786376953,,,,,,,123.7,5.378260869,123.7,5.378260869,,,,,,,,,,,,,,,,,,,"Cody Bellinger","15998",641355
"Adley Rutschman","BOS",21,83,73,18,12,4,0,2,9,10,9,0,13,0,1,0,,0,0,0.254775,0.110318,0.151462,0.728357,0.339363,0.410128,0.331107,0.749491,0.155353,1.93329,0.277671,-0.17754,-0.126739,10.7854,0.99799,109.366,-0.30428,0.359937,0.5959600508213043,1.4980539679527283,0.513405,148.92999267578125,,,,,,,85.2,4.057142857,85.2,4.057142857,,,,,,,,,,,,,,,,,,,"Adley Rutschman","26288",668939
"Xander Bogaerts","SDP",23,99,89,23,17,4,0,2,12,10,9,0,17,1,1,0,,3,1,0.25928,0.091216,0.175822,0.518796,0.329977,0.383562,0.316611,0.713539,0.124282,4.54607,0.297232,0.188929,0.168484,11.768,0.0347047,103.106,0.357413,-0.0550982,0.7283034026622772,1.0097166039049625,0.505911,237.1999969482422,,,,,,,103.1,4.482608695,103.1,4.482608695,,,,,,,,,,,,,,,,,,,"Xander Bogaerts","12161",593428
"Willson Contreras","BOS",23,100,87,22,13,4,0,4,13,14,10,0,25,3,1,0,,1,0,0.256951,0.0990034,0.249864,0.396229,0.351228,0.464438,0.356644,0.815667,0.207487,3.82025,0.310411,-0.240596,-0.150866,15.1388,3.27806,127.126,-0.391461,0.385684,2.7681397199630737,-1.4391618967056274,0.498829,168.1999969482422,,,,,,,126.3,5.491304347,126.3,5.491304347,,,,,,,,,,,,,,,,,,,"Willson Contreras","11609",575929
"Wilyer Abreu","BOS",22,97,86,21,12,5,0,4,12,13,10,1,22,0,1,0,,1,1,0.248756,0.102131,0.226631,0.45065,0.327469,0.456717,0.339293,0.784185,0.207961,4.46538,0.285415,-0.0577218,-0.0576614,13.2903,1.81214,115.059,-0.115383,0.885434,1.5821167901158333,-0.1870967149734497,0.493852,199.89999389648438,,,,,,,112.8,5.127272727,112.8,5.127272727,,,,,,,,,,,,,,,,,,,"Wilyer Abreu","23772",677800
"J.P. Crawford","SEA",22,95,81,19,13,4,0,2,11,9,12,0,19,1,1,1,,1,0,0.237505,0.122977,0.195074,0.630415,0.337146,0.363398,0.315909,0.700543,0.125893,2.91893,0.279833,-0.121593,-0.0669549,11.2026,-0.0205563,108.247,-0.188548,-0.402235,0.7203700989484787,0.5777033269405365,0.476148,748.5399780273438,,,,,,,96.7,4.395454545,96.7,4.395454545,,,,,,,,,,,,,,,,,,,"J.P. Crawford","15491",641487
"Steven Kwan","CLE",22,97,85,23,18,4,0,1,12,8,10,0,9,1,1,1,,2,1,0.272403,0.103503,0.0924747,1.11926,0.351193,0.358996,0.319591,0.71019,0.0865936,4.88849,0.294034,0.11697,0.0657135,11.7458,0.267624,104.462,0.182684,0.65448,0.6856698989868164,0.5078748166561127,0.473292,169.60000610351562,,,,,,,98.8,4.49090909,98.8,4.49090909,,,,,,,,,,,,,,,,,,,"Steven Kwan","24610",680757
"Jazz Chisholm Jr.","NYY",20,86,77,18,11,3,0,4,12,11,9,0,24,1,1,0,,5,1,0.232873,0.0984145,0.277753,0.354324,0.312565,0.430492,0.323358,0.743056,0.197619,6.56203,0.283769,0.418042,0.385509,10.7032,0.500366,106.75,0.803551,-0.222134,1.479870080947876,0.08650821447372437,0.472283,19.520000457763672,,,,,,,106.8,5.34,106.8,5.34,,,,,,,,,,,,,,,,,,,"Jazz Chisholm Jr.","20454",665862
"Xavier Edwards","MIA",23,99,88,24,19,4,1,1,12,8,10,0,14,0,1,1,,4,1,0.276774,0.0960272,0.141306,0.67957,0.34793,0.36622,0.318461,0.71415,0.0894454,6.09934,0.319153,0.308795,0.216149,11.9162,0.182958,99.242,0.524944,0.54678,0.4344394877552986,0.9017181396484375,0.464903,182.42999267578125,,,,,,,107.9,4.691304347,107.9,4.691304347,,,,,,,,,,,,,,,,,,,"Xavier Edwards","22266",669364
"Miguel Vargas","CHW",24,106,92,22,12,5,0,4,14,13,12,0,20,1,1,0,,2,1,0.237253,0.111931,0.186596,0.599857,0.329645,0.428008,0.332904,0.757653,0.190755,4.48964,0.258997,0.00277371,-0.0299021,13.8922,1.42432,113.535,-0.0271284,-0.998873,1.6301586385816336,-0.8464036285877228,0.461782,303.0899963378906,,,,,,,123.3,5.1375,123.3,5.1375,,,,,,,,,,,,,,,,,,,"Miguel Vargas","20178",678246
"Brandon Nimmo","TEX",23,100,89,23,15,4,1,3,13,12,9,0,22,1,1,0,,1,0,0.258674,0.0907194,0.216726,0.41859,0.334772,0.437208,0.338116,0.771979,0.178534,4.88705,0.303506,-0.04834,0.0194903,13.638,1.77718,119.054,-0.0288497,-0.124483,2.1904911026358604,-1.2934640496969223,0.45475,145.4600067138672,,,,,,,117.2,5.095652173,117.2,5.095652173,,,,,,,,,,,,,,,,,,,"Brandon Nimmo","12927",607043
"Manny Machado","SDP",24,103,92,23,15,4,0,4,13,15,10,1,21,0,1,0,,1,0,0.253916,0.0927675,0.199866,0.464148,0.323208,0.447453,0.333893,0.770661,0.193536,3.21648,0.278906,-0.16825,-0.0605641,13.5818,1.46591,114.706,-0.228814,-0.363156,1.5842431634664536,-0.55219966173172,0.444583,37.52000045776367,,,,,,,117.9,4.9125,117.9,4.9125,,,,,,,,,,,,,,,,,,,"Manny Machado","11493",592518
"Ryan Jeffers","MIN",18,72,63,16,10,3,0,2,9,9,8,0,14,1,1,0,,0,0,0.254883,0.104123,0.195763,0.531885,0.343707,0.426105,0.339733,0.769812,0.171222,3.00258,0.289722,-0.166673,-0.0643629,9.8984,1.37175,118.234,-0.231036,-0.334815,1.2957864999771118,0.49851810932159424,0.444213,298.05999755859375,,,,,,,81.1,4.505555555,81.1,4.505555555,,,,,,,,,,,,,,,,,,,"Ryan Jeffers","24618",680777
"Ceddanne Rafaela","BOS",23,99,93,24,15,5,1,3,12,11,4,0,21,1,1,1,,3,1,0.257024,0.0442726,0.21055,0.210271,0.297269,0.41384,0.309592,0.711109,0.156816,6.16974,0.302911,0.208113,0.124372,11.2055,-0.527707,94.4033,0.332485,0.773935,-0.3124059736728668,1.1288737654685974,0.442624,125.02999877929688,,,,,,,107.7,4.682608695,107.7,4.682608695,,,,,,,,,,,,,,,,,,,"Ceddanne Rafaela","24262",678882
"Randy Arozarena","SEA",23,98,85,21,13,4,0,3,14,11,10,0,24,3,1,0,,4,1,0.247542,0.0994328,0.24265,0.409779,0.343228,0.416698,0.337129,0.759926,0.169156,5.12864,0.303419,-0.0118967,0.136162,13.2664,1.66069,123.004,0.124265,-0.677356,2.7461199685931206,-1.900350272655487,0.441709,89.37999725341797,,,,,,,116.2,5.052173913,116.2,5.052173913,,,,,,,,,,,,,,,,,,,"Randy Arozarena","19290",668227
"Riley Greene","DET",22,93,83,21,13,4,0,4,12,13,9,0,25,1,1,0,,1,0,0.25889,0.0996268,0.273452,0.36433,0.336541,0.454877,0.343859,0.791418,0.195987,3.33031,0.324884,-0.102322,-0.0664724,13.0902,2.08133,119.997,-0.168794,0.162503,1.9931437075138092,-0.9970654100179672,0.438769,78.4800033569336,,,,,,,115.7,5.259090909,115.7,5.259090909,,,,,,,,,,,,,,,,,,,"Riley Greene","25976",682985
"Trevor Story","BOS",20,89,82,20,13,4,0,3,11,11,5,0,25,1,1,0,,3,1,0.23942,0.0588945,0.277893,0.211932,0.289892,0.394604,0.298958,0.684496,0.155184,5.46726,0.304261,0.218447,0.280695,9.22799,-1.22991,87.0074,0.499141,0.951226,-0.8352189660072327,1.9003002643585205,0.428939,111.33000183105469,,,,,,,90.7,4.535,90.7,4.535,,,,,,,,,,,,,,,,,,,"Trevor Story","12564",596115
"Michael Harris II","ATL",23,100,94,25,16,5,1,4,12,13,4,0,20,1,1,0,,3,1,0.268395,0.0439303,0.194189,0.226224,0.303803,0.445029,0.323632,0.748832,0.176634,5.44073,0.301774,0.121966,0.15353,12.4646,0.603859,103.742,0.275496,-0.107432,0.7271603643894196,0.18963616341352463,0.42568,99.06999969482422,,,,,,,121.7,5.291304347,121.7,5.291304347,,,,,,,,,,,,,,,,,,,"Michael Harris II","25931",671739
"Gleyber Torres","DET",24,104,90,23,16,4,0,3,13,11,13,0,19,1,1,0,,1,0,0.254013,0.120167,0.17756,0.676765,0.346578,0.384208,0.327177,0.730786,0.130196,3.02029,0.291159,-0.323134,-0.159382,13.2619,0.926644,108.395,-0.482516,-0.279595,0.5344447791576385,-0.1311386227607727,0.418897,261.510009765625,,,,,,,122.5,5.104166666,122.5,5.104166666,,,,,,,,,,,,,,,,,,,"Gleyber Torres","16997",650402
"Otto Lopez","MIA",22,97,90,25,18,4,1,2,12,11,6,0,14,1,1,0,,3,1,0.276499,0.0605263,0.142981,0.423316,0.322716,0.406818,0.319551,0.729534,0.130319,5.78578,0.30614,0.220505,0.140387,11.7426,0.264437,99.9736,0.360892,-0.463648,0.35781120881438255,0.5780189335346222,0.416908,229.16000366210938,,,,,,,110,5,110,5,,,,,,,,,,,,,,,,,,,"Otto Lopez","19608",672640
"Munetaka Murakami","CHW",24,102,86,19,10,3,0,6,14,14,15,1,33,1,1,0,,1,0,0.221645,0.146356,0.319797,0.457653,0.340991,0.452932,0.344949,0.793922,0.231287,3.13845,0.279689,-0.154459,-0.103219,14.4418,2.37181,121.912,-0.257679,-0.0347653,2.33965864777565,-1.8764320090413094,0.416888,999,,,,,,,135.4,5.641666666,135.4,5.641666666,,,,,,,,,,,,,,,,,,,"Munetaka Murakami","37120",808959
"CJ Abrams","WSN",22,95,86,22,13,4,1,3,13,12,7,0,20,2,1,0,,4,1,0.252295,0.0727555,0.204586,0.355623,0.320938,0.433094,0.328964,0.754032,0.180799,6.55963,0.287758,0.392236,0.330865,12.2476,0.983661,105.419,0.723101,-0.680307,1.3442671298980713,-0.3750603497028351,0.414315,65,,,,,,,114.5,5.204545454,114.5,5.204545454,,,,,,,,,,,,,,,,,,,"CJ Abrams","25768",682928
"Max Muncy","LAD",18,80,67,16,9,3,0,4,11,11,11,1,19,1,1,0,,1,0,0.230531,0.134027,0.243738,0.54988,0.342813,0.445662,0.3446,0.788475,0.215131,3.27517,0.262124,-0.188608,-0.0445119,11.2696,1.832,118.354,-0.23312,-0.304509,1.5294558554887772,-0.06531178951263428,0.413681,234.3699951171875,,,,,,,106.8,5.933333333,106.8,5.933333333,,,,,,,,,,,,,,,,,,,"Max Muncy","13301",571970
"Ben Rice","NYY",21,90,79,20,11,4,0,5,13,13,10,0,20,1,1,0,,1,0,0.250357,0.107137,0.224943,0.476286,0.338888,0.491551,0.358153,0.830438,0.241194,3.87575,0.274568,-0.134688,-0.0826172,13.742,3.06184,130.949,-0.217306,-0.121275,3.028719514608383,-2.189176321029663,0.412731,53.189998626708984,,,,,,,126.5,6.023809523,126.5,6.023809523,,,,,,,,,,,,,,,,,,,"Ben Rice","29576",700250
"Roman Anthony","BOS",22,93,80,21,14,4,0,3,13,10,12,0,23,1,0,0,,2,0,0.261414,0.126855,0.247567,0.512405,0.361279,0.423227,0.348107,0.784506,0.161813,4.40469,0.33364,-0.00150631,0.0382215,13.3599,2.39184,121.189,0.0367152,0.0599242,2.3190104253590107,-1.5835942402482033,0.41092,50.75,,,,,,,120.2,5.463636363,120.2,5.463636363,,,,,,,,,,,,,,,,,,,"Roman Anthony","31812",701350
"Caleb Durbin","BOS",22,97,87,22,15,5,0,2,12,10,7,0,12,3,1,1,,4,1,0.251205,0.0679944,0.118704,0.572806,0.32148,0.386139,0.314072,0.70762,0.134934,5.91088,0.267464,0.187504,0.161632,11.3131,-0.165051,97.5188,0.349136,0.130054,0.06944942474365234,0.4772758483886719,0.407287,219.8300018310547,,,,,,,104.3,4.74090909,104.3,4.74090909,,,,,,,,,,,,,,,,,,,"Caleb Durbin","29646",702332
"Kyle Schwarber","PHI",25,109,91,21,11,3,0,7,16,17,16,1,32,1,1,0,,1,0,0.228373,0.150956,0.297591,0.507262,0.35297,0.488448,0.364189,0.841417,0.260075,3.07845,0.268397,-0.340429,-0.0936792,17.1049,4.22379,127.537,-0.434108,-0.0256756,3.175220340490341,-2.722435098141432,0.406899,24.690000534057617,,,,,,,154,6.16,154,6.16,,,,,,,,,,,,,,,,,,,"Kyle Schwarber","16478",656941
"Masyn Winn","STL",18,76,68,17,12,3,0,1,9,7,6,0,14,1,1,0,,2,0,0.249495,0.0745409,0.186614,0.399439,0.311672,0.37117,0.302983,0.682843,0.121675,5.37178,0.293249,0.111644,0.0460548,8.13229,-0.805394,91.3933,0.157699,1.31243,-0.6250447630882263,2.1235392093658447,0.403187,364.7799987792969,,,,,,,70.1,3.894444444,70.1,3.894444444,,,,,,,,,,,,,,,,,,,"Masyn Winn","27479",691026
"Kody Clemens","MIN",19,83,76,17,10,3,1,4,10,11,6,0,20,1,1,0,,1,0,0.230307,0.070951,0.235525,0.301246,0.290465,0.441742,0.31645,0.732208,0.211436,4.90891,0.257498,0.0308158,0.000978848,9.83848,0.0182528,102.041,0.0317947,0.574501,0.2286449447274208,0.7481118589639664,0.400398,700.7000122070312,,,,,,,94.1,4.952631578,94.1,4.952631578,,,,,,,,,,,,,,,,,,,"Kody Clemens","20572",665019
"Drake Baldwin","ATL",23,94,83,22,14,3,0,4,12,13,9,0,17,1,1,0,,0,0,0.261053,0.0941509,0.18499,0.508951,0.336713,0.441721,0.34087,0.778435,0.180668,2.19195,0.285567,-0.16782,-0.135808,12.9114,1.86323,115.313,-0.303628,-0.430611,1.4178385734558105,-0.5270617604255676,0.400271,78.62999725341797,,,,,,,116.5,5.065217391,116.5,5.065217391,,,,,,,,,,,,,,,,,,,"Drake Baldwin","31539",686948
"Evan Carter","TEX",18,78,67,15,10,3,1,2,10,8,8,0,18,1,1,0,,3,1,0.226962,0.105401,0.227579,0.463139,0.320047,0.381502,0.312114,0.701549,0.15454,6.44197,0.273627,0.203167,0.217499,8.92774,-0.254809,100.97,0.420667,0.352711,0.5081715285778046,0.6304889619350433,0.397392,280.4800109863281,,,,,,,80.1,4.45,80.1,4.45,,,,,,,,,,,,,,,,,,,"Evan Carter","27790",694497
"Andrés Giménez","TOR",21,90,82,20,14,4,0,2,10,9,5,0,16,2,1,0,,3,1,0.241959,0.0503434,0.179209,0.280919,0.299219,0.353375,0.289646,0.652594,0.111416,5.11238,0.279956,0.1996,0.235497,8.72163,-1.93012,84.0494,0.435096,0.953904,-1.233429193496704,1.9205709099769592,0.396308,412.2200012207031,,,,,,,84.3,4.014285714,84.3,4.014285714,,,,,,,,,,,,,,,,,,,"Andres Gimenez","19950",665926
"Bryson Stott","PHI",20,84,75,19,13,4,0,2,10,9,8,0,14,1,1,0,,4,1,0.256198,0.0894532,0.16797,0.532555,0.325899,0.395399,0.318548,0.721298,0.1392,6.14388,0.290097,0.352737,0.323286,10.1088,0.161087,96.9034,0.676024,0.452992,0.36257433891296387,0.7770662009716034,0.394852,181.44000244140625,,,,,,,93.6,4.68,93.6,4.68,,,,,,,,,,,,,,,,,,,"Bryson Stott","26294",681082
"Jackson Chourio","MIL",23,99,91,24,15,5,1,4,14,13,7,1,21,1,1,0,,3,1,0.267324,0.069467,0.214033,0.324562,0.321099,0.46021,0.336779,0.781309,0.192885,5.98732,0.307921,0.232451,0.148717,13.3842,1.6509,113.599,0.381169,-0.343781,2.0048040449619293,-1.3622998297214508,0.394118,19.3799991607666,,,,,,,128.1,5.569565217,128.1,5.569565217,,,,,,,,,,,,,,,,,,,"Jackson Chourio","28806",694192
"J.T. Realmuto","PHI",20,79,72,18,12,3,0,2,9,9,5,0,18,1,1,0,,1,0,0.248262,0.0692727,0.230697,0.300275,0.310897,0.388632,0.308735,0.699529,0.140371,4.23308,0.302489,-0.0564085,-0.0228638,8.85416,-0.474137,90.3169,-0.0792723,0.664222,-0.9983954504132271,2.2074316143989563,0.384587,212.27000427246094,,,,,,,76.2,3.81,76.2,3.81,,,,,,,,,,,,,,,,,,,"J.T. Realmuto","11739",592663
"Michael Busch","CHC",24,102,88,22,13,4,0,4,13,13,11,0,24,2,1,0,,1,0,0.247004,0.109375,0.238926,0.457778,0.339938,0.45239,0.346532,0.792328,0.205386,3.7185,0.290154,-0.2554,-0.0712299,14.4737,2.48538,121.326,-0.32663,0.0148489,2.27491757273674,-1.7984227826818824,0.38432,106.45999908447266,,,,,,,125.3,5.220833333,125.3,5.220833333,,,,,,,,,,,,,,,,,,,"Michael Busch","26319",683737
"Trent Grisham","NYY",22,94,81,18,10,4,0,4,13,11,12,0,21,1,1,0,,1,0,0.227251,0.12528,0.220318,0.568632,0.329174,0.427708,0.333451,0.756882,0.200457,3.89173,0.252419,-0.0888507,-0.0728027,12.4046,1.30902,113.769,-0.161653,-1.23996,1.3387169539928436,-0.9043132364749908,0.384109,253.82000732421875,,,,,,,109.9,4.995454545,109.9,4.995454545,,,,,,,,,,,,,,,,,,,"Trent Grisham","18564",663757
"Luis Robert Jr.","NYM",20,87,79,18,12,3,0,3,11,10,7,0,24,1,1,0,,4,1,0.233053,0.0803767,0.271363,0.296196,0.299333,0.396983,0.304693,0.696316,0.16393,5.33028,0.289338,0.0446771,0.287362,9.52008,-0.810289,92.8081,0.332039,1.26284,-0.4239532947540283,1.3284220397472382,0.381567,105.63999938964844,,,,,,,87.5,4.375,87.5,4.375,,,,,,,,,,,,,,,,,,,"Luis Robert Jr.","20043",673357
"Alejandro Kirk","TOR",15,59,52,14,10,2,0,2,6,7,6,0,7,0,1,0,,0,0,0.26199,0.0984604,0.126162,0.780432,0.337464,0.406699,0.326894,0.744163,0.144708,1.58859,0.27298,-0.249395,-0.0818459,7.47077,0.509522,109.954,-0.331241,0.213855,0.34924134612083435,1.2731147110462189,0.378729,160.25,,,,,,,69,4.6,69,4.6,,,,,,,,,,,,,,,,,,,"Alejandro Kirk","22581",672386
"Brandon Lowe","PIT",20,88,79,19,11,4,0,4,11,12,8,0,23,1,1,0,,1,0,0.240825,0.0866397,0.263721,0.328528,0.310574,0.431871,0.323919,0.742445,0.191046,3.3503,0.290437,-0.107982,-0.0468376,10.9572,0.550268,100.659,-0.15482,0.939198,-0.08505941927433014,0.9280864894390106,0.37744,187.57000732421875,,,,,,,105.5,5.275,105.5,5.275,,,,,,,,,,,,,,,,,,,"Brandon Lowe","18882",664040
"Kazuma Okamoto","TOR",22,94,84,19,11,4,0,4,11,13,9,0,22,1,1,0,,0,0,0.232418,0.0904206,0.231262,0.390987,0.310196,0.428592,0.322214,0.738788,0.196173,2.02927,0.261727,-0.191237,-0.115201,11.6008,0.459339,106.699,-0.306438,-0.109229,0.4265231192111969,-0.09811808168888092,0.374698,999,,,,,,,101.6,4.618181818,101.6,4.618181818,,,,,,,,,,,,,,,,,,,"Kazuma Okamoto","37123",672960
"Yandy Díaz","TBR",24,106,94,27,19,5,0,3,13,13,10,0,16,1,1,0,,0,0,0.284844,0.0921995,0.147468,0.625216,0.35622,0.436345,0.347736,0.792565,0.1515,2.53671,0.311376,-0.265464,-0.140298,15.1552,2.68731,122.789,-0.405762,-0.00664096,2.3844810128211975,-2.4782460243441164,0.372235,138.63999938964844,,,,,,,132.9,5.5375,132.9,5.5375,,,,,,,,,,,,,,,,,,,"Yandy Diaz","16578",650490
"Oneil Cruz","PIT",20,87,77,18,11,4,0,4,12,11,9,1,27,1,1,0,,5,1,0.240022,0.106302,0.304677,0.348899,0.325383,0.435033,0.331163,0.760415,0.195011,6.09067,0.314512,0.446862,0.456422,11.3371,1.05262,105.521,0.903283,-0.886951,1.481048583984375,-0.6647292077541351,0.371286,92.93000030517578,,,,,,,109.7,5.485,109.7,5.485,,,,,,,,,,,,,,,,,,,"Oneil Cruz","21711",665833
"Brendan Donovan","SEA",16,68,60,16,11,3,0,2,8,7,6,0,10,1,1,0,,1,0,0.262592,0.0879041,0.142726,0.615894,0.340811,0.391853,0.325701,0.732664,0.129261,2.9839,0.2891,-0.116173,-0.119387,8.55736,0.522628,115.057,-0.23556,0.167939,0.9524874091148376,0.2643894925713539,0.370224,268.5799865722656,,,,,,,80,5,80,5,,,,,,,,,,,,,,,,,,,"Brendan Donovan","24679",680977
"James Wood","WSN",18,80,67,17,10,4,0,3,12,11,11,1,23,1,1,0,,2,1,0.258579,0.139928,0.286706,0.488055,0.366183,0.473883,0.364175,0.840066,0.215304,4.45509,0.334971,0.0912345,0.0482979,12.4636,3.07702,129.053,0.139532,-0.459517,2.9144705682992935,-1.8934681117534637,0.367032,37.790000915527344,,,,,,,105,5.833333333,105,5.833333333,,,,,,,,,,,,,,,,,,,"James Wood","29518",695578
"Colson Montgomery","CHW",24,104,93,20,12,4,0,5,12,14,9,0,31,2,1,0,,0,0,0.21772,0.0851594,0.29918,0.284643,0.296828,0.410021,0.308963,0.706849,0.192302,2.98721,0.270758,-0.17412,-0.0989072,11.7275,-0.607768,96.8855,-0.273027,-0.473946,-0.6503089070320129,0.5331524312496185,0.365786,254.75,,,,,,,110.6,4.608333333,110.6,4.608333333,,,,,,,,,,,,,,,,,,,"Colson Montgomery","29712",695657
"Cole Young","SEA",23,98,88,21,14,4,1,2,11,10,8,0,17,1,1,1,,1,0,0.243419,0.0823266,0.174111,0.47284,0.314114,0.37761,0.306776,0.691724,0.134191,4.29322,0.277287,-0.0875452,-0.107067,10.8605,-0.745168,101.895,-0.194612,-0.291272,0.021380379796028137,0.06752431392669678,0.364474,704.2899780273438,,,,,,,94.6,4.113043478,94.6,4.113043478,,,,,,,,,,,,,,,,,,,"Cole Young","31680",702284
"Jackson Holliday","BAL",21,91,80,19,13,4,1,2,12,9,10,0,21,1,1,0,,2,1,0.243795,0.105045,0.228997,0.45872,0.327488,0.387999,0.316671,0.715487,0.144205,5.2994,0.299415,-0.0317683,-0.0572719,10.7491,0.0361161,104.094,-0.0890402,-0.388758,0.3416479602456093,-0.0646834671497345,0.356326,203.14999389648438,,,,,,,96.5,4.595238095,96.5,4.595238095,,,,,,,,,,,,,,,,,,,"Jackson Holliday","31781",702616
"Luke Keaschall","MIN",21,91,79,21,15,4,0,2,12,9,9,0,15,2,1,0,,4,1,0.266617,0.097182,0.161662,0.601144,0.352588,0.394092,0.332991,0.74668,0.127475,5.49448,0.305202,0.171317,0.174264,11.9432,1.23021,113.545,0.345582,-0.688342,1.7706268429756165,-1.5062435865402222,0.355042,114.8499984741211,,,,,,,106.8,5.085714285,106.8,5.085714285,,,,,,,,,,,,,,,,,,,"Luke Keaschall","33321",807712
"Samuel Basallo","BAL",19,78,71,17,11,3,0,3,9,11,6,0,19,1,1,0,,0,0,0.240855,0.0796575,0.247111,0.322355,0.306197,0.421693,0.316401,0.72789,0.180838,2.77078,0.283879,-0.131756,-0.066822,9.244,0.0140823,103.906,-0.198578,0.110172,0.15545408427715302,0.5461288839578629,0.354241,160.94000244140625,,,,,,,82.1,4.321052631,82.1,4.321052631,,,,,,,,,,,,,,,,,,,"Samuel Basallo","28824",694212
"Brett Bateman","TOR",12,52,46,11,9,2,0,0,5,4,5,0,12,0,0,0,,2,0,0.242734,0.100176,0.226335,0.442601,0.319103,0.318833,0.289575,0.637936,0.0760985,4.43335,0.313943,0.0104815,0.0754616,5.00944,-1.11225,83.9996,0.0859432,2.30288,-0.8759692385792732,2.458437994122505,0.348949,999,,,,,,,40.2,3.35,40.2,3.35,,,,,,,,,,,,,,,,,,,"Brett Bateman","33312",703520
"Ian Happ","CHC",22,95,82,19,11,4,0,3,12,11,12,0,24,1,1,0,,1,0,0.23045,0.126749,0.257064,0.493066,0.332218,0.407009,0.326748,0.739226,0.176558,3.86091,0.284196,-0.110765,-0.0600163,12.0333,0.810212,108.047,-0.170781,0.598955,0.7481788396835327,-0.4504278302192688,0.344653,184.86000061035156,,,,,,,105.1,4.777272727,105.1,4.777272727,,,,,,,,,,,,,,,,,,,"Ian Happ","17919",664023
"Colt Keith","DET",22,93,84,22,14,4,1,3,12,10,8,0,19,1,1,0,,1,0,0.258553,0.083943,0.201399,0.4168,0.324147,0.419473,0.325852,0.74362,0.16092,4.37263,0.300555,0.0655484,-0.0691358,11.7363,0.727443,107.474,-0.0035874,0.0450285,0.8044606728944927,-0.7454036064445972,0.34315,502.489990234375,,,,,,,113.6,5.163636363,113.6,5.163636363,,,,,,,,,,,,,,,,,,,"Colt Keith","27899",690993
"Iván Herrera","STL",21,90,78,20,14,4,0,3,11,10,9,0,17,2,1,0,,1,0,0.26257,0.0998426,0.188808,0.528804,0.353666,0.408532,0.338385,0.762199,0.145962,3.86341,0.303676,-0.0783856,-0.0161671,12.1989,1.6066,115.155,-0.0945527,-0.100246,1.538887843489647,-1.1187640875577927,0.339476,178.42999267578125,,,,,,,108.7,5.176190476,108.7,5.176190476,,,,,,,,,,,,,,,,,,,"Ivan Herrera","20599",671056
"Josh Naylor","SEA",23,100,91,24,16,4,0,3,12,13,8,1,14,1,1,0,,3,1,0.262747,0.0832437,0.139721,0.595784,0.32803,0.414871,0.324516,0.742901,0.152124,4.36929,0.279102,0.00758377,0.20837,12.5363,0.675488,114.232,0.215954,-0.31538,1.8737266510725021,-2.1093614995479584,0.339167,67.45999908447266,,,,,,,113.1,4.917391304,113.1,4.917391304,,,,,,,,,,,,,,,,,,,"Josh Naylor","18839",647304
"Jonathan Aranda","TBR",24,106,92,24,16,4,0,3,13,13,11,1,25,2,1,0,,0,0,0.258551,0.104733,0.240886,0.434783,0.346291,0.418951,0.337161,0.765242,0.1604,1.967,0.318589,-0.413939,-0.147611,14.2547,1.78679,115.434,-0.561549,0.262582,1.3281777501106262,-1.759639859199524,0.337774,195.60000610351562,,,,,,,121.2,5.05,121.2,5.05,,,,,,,,,,,,,,,,,,,"Jonathan Aranda","21837",666018
"Austin Wells","NYY",18,70,62,13,8,3,0,3,8,9,6,0,17,1,1,0,,1,0,0.214118,0.0905159,0.248538,0.364194,0.291594,0.388564,0.298926,0.680158,0.174445,3.27348,0.248763,-0.0651581,-0.0229566,7.30341,-0.975454,89.7583,-0.0881147,0.322061,-0.9207952544093132,1.6916593611240387,0.332187,246.13999938964844,,,,,,,70.6,3.922222222,70.6,3.922222222,,,,,,,,,,,,,,,,,,,"Austin Wells","27562",669224
"Sam Antonacci","CHW",22,94,82,22,16,4,0,1,12,9,8,0,16,3,1,1,,4,1,0.263941,0.0840085,0.166797,0.503656,0.346871,0.374504,0.32334,0.721375,0.110563,5.93013,0.309072,0.170806,0.143628,11.6865,0.545025,106.884,0.314434,-0.159535,1.0676404535770416,-1.1706461608409882,0.330674,999,,,,,,,100,4.545454545,100,4.545454545,,,,,,,,,,,,,,,,,,,"Sam Antonacci","35101",803011
"Taylor Ward","SEA",19,81,69,16,10,3,0,3,10,9,10,0,19,1,1,0,,1,0,0.235747,0.128615,0.23454,0.54837,0.339536,0.403425,0.330285,0.742961,0.167678,2.90911,0.282597,-0.204762,-0.128841,10.4868,0.921613,118.244,-0.333604,-0.0559488,1.3801750838756561,-1.0165969878435135,0.330015,148.42999267578125,,,,,,,92.4,4.863157894,92.4,4.863157894,,,,,,,,,,,,,,,,,,,"Taylor Ward","17548",621493
"Seiya Suzuki","CHC",22,95,83,21,13,4,1,4,12,13,11,0,24,1,1,0,,1,0,0.25609,0.111161,0.249655,0.445256,0.341656,0.458212,0.347417,0.799868,0.202122,4.19682,0.309564,-0.21554,-0.11875,13.6177,2.39455,121.92,-0.334291,-0.468048,2.169011414051056,-2.0421225130558014,0.327217,113.43000030517578,,,,,,,127.4,5.79090909,127.4,5.79090909,,,,,,,,,,,,,,,,,,,"Seiya Suzuki","30116",673548
"Joe Mack","MIA",18,73,66,15,10,3,0,2,8,9,6,0,19,1,1,0,,1,0,0.223063,0.0759261,0.266661,0.284728,0.287579,0.37248,0.291219,0.660059,0.149416,3.16222,0.276518,-0.0643132,-0.0176359,7.15782,-1.47086,80.9575,-0.0819491,1.13946,-1.7539120689034462,2.5669320821762085,0.324585,999,,,,,,,68.4,3.8,68.4,3.8,,,,,,,,,,,,,,,,,,,"Joe Mack","29780",691788
"Travis Bazzana","CLE",20,86,75,18,11,4,0,2,11,8,10,0,21,1,1,0,,3,1,0.235829,0.112404,0.241406,0.465621,0.328951,0.378364,0.315747,0.707315,0.142535,5.65774,0.298064,0.158692,0.0955895,10.1728,-0.0300098,101.788,0.254282,-0.230419,0.4334830492734909,-0.3230111598968506,0.323714,999,,,,,,,92.1,4.605,92.1,4.605,,,,,,,,,,,,,,,,,,,"Travis Bazzana","34967",683953
"Daulton Varsho","HOU",20,89,80,18,10,4,0,4,11,11,7,0,21,1,1,0,,1,0,0.226104,0.0817835,0.241748,0.338301,0.293481,0.421648,0.31079,0.715129,0.195544,5.00694,0.259736,0.0250202,-0.00226775,10.0731,-0.384784,98.6432,0.0227524,-0.178572,-0.11659865640103817,0.13778597116470337,0.322414,192.2100067138672,,,,,,,95.9,4.795,95.9,4.795,,,,,,,,,,,,,,,,,,,"Daulton Varsho","19918",662139
"Max Clark","DET",21,91,80,19,13,3,1,2,11,9,9,0,18,1,1,0,,2,0,0.241847,0.0993758,0.198806,0.499863,0.321559,0.379836,0.311166,0.701395,0.137989,5.75737,0.284726,0.0195696,0.123547,10.3759,-0.367726,97.2603,0.143117,-0.249207,-0.14594566822052002,0.07579284906387329,0.321842,999,,,,,,,93.4,4.447619047,93.4,4.447619047,,,,,,,,,,,,,,,,,,,"Max Clark","33381",703601
"Bo Bichette","NYM",24,102,94,26,18,5,0,3,12,12,7,0,17,1,1,0,,1,0,0.275394,0.0651014,0.168562,0.386215,0.325015,0.411617,0.323309,0.736632,0.136223,3.31047,0.31161,-0.104468,-0.117119,12.5723,0.583936,105.303,-0.221588,-0.651377,0.4253591448068619,-0.5665004253387451,0.321293,92.86000061035156,,,,,,,120.2,5.008333333,120.2,5.008333333,,,,,,,,,,,,,,,,,,,"Bo Bichette","19612",666182
"Jose Altuve","HOU",23,98,89,23,15,4,0,3,13,11,8,0,18,1,1,0,,1,0,0.255962,0.0833953,0.18099,0.460774,0.321907,0.409494,0.320781,0.731401,0.153532,3.90476,0.286454,-0.115701,-0.0591656,11.9707,0.364932,105.592,-0.174867,-0.867203,0.4624357968568802,-0.8247650265693665,0.318427,116.5199966430664,,,,,,,108.5,4.717391304,108.5,4.717391304,,,,,,,,,,,,,,,,,,,"Jose Altuve","5417",514888
"Rafael Devers","SFG",24,104,90,22,13,5,0,5,13,14,12,1,26,1,1,0,,0,0,0.246556,0.118575,0.251113,0.472198,0.340427,0.455374,0.34409,0.795801,0.208818,2.1866,0.292659,-0.218561,-0.129543,14.5775,2.33408,119.771,-0.348104,-0.260708,2.1150711476802826,-2.359473764896393,0.317898,61.619998931884766,,,,,,,133.7,5.570833333,133.7,5.570833333,,,,,,,,,,,,,,,,,,,"Rafael Devers","17350",646240
"Chase Meidroth","CHW",23,101,88,22,17,4,0,2,12,8,10,0,18,1,1,1,,2,0,0.254624,0.100951,0.175844,0.574093,0.338956,0.352526,0.312686,0.691482,0.0979021,4.2622,0.30105,-0.100173,-0.040563,11.6527,-0.284657,99.4745,-0.140736,-0.6506,-0.20234225690364838,-0.2734397053718567,0.317004,646.8699951171875,,,,,,,102.4,4.452173913,102.4,4.452173913,,,,,,,,,,,,,,,,,,,"Chase Meidroth","31580",805367
"Ernie Clement","TOR",21,90,85,22,16,5,0,2,10,9,4,0,9,1,1,1,,1,0,0.2656,0.0410897,0.101229,0.405909,0.298758,0.389172,0.300652,0.68793,0.123572,4.52659,0.279483,-0.00350291,-0.0461976,9.52232,-1.12943,91.7037,-0.0497006,0.422585,-0.9175387658178806,0.8188810348510742,0.316121,337.67999267578125,,,,,,,88.4,4.209523809,88.4,4.209523809,,,,,,,,,,,,,,,,,,,"Ernie Clement","20352",676391
"Josh Jung","TEX",16,67,61,16,11,3,0,2,7,8,5,0,15,1,0,0,,0,0,0.259335,0.0673113,0.225653,0.298296,0.313675,0.405934,0.315998,0.719609,0.146599,3.20718,0.312364,-0.173624,-0.0322064,7.89748,-0.00971548,103.671,-0.205831,0.398168,0.07922439277172089,0.6373652070760727,0.315267,610.5,,,,,,,74.1,4.63125,74.1,4.63125,,,,,,,,,,,,,,,,,,,"Josh Jung","26299",673962
"Tommy Edman","LAD",22,93,84,21,14,4,1,2,11,10,6,0,17,1,1,0,,2,0,0.243218,0.0658748,0.184988,0.356104,0.301468,0.388547,0.303536,0.690015,0.145329,5.33618,0.276184,0.114868,0.0665504,10.0211,-0.946974,90.7921,0.181418,0.597008,-0.8462351262569427,0.9133655428886414,0.313976,730.1199951171875,,,,,,,94.5,4.295454545,94.5,4.295454545,,,,,,,,,,,,,,,,,,,"Tommy Edman","19470",669242
"Colton Cowser","BAL",18,77,67,15,9,3,0,3,9,9,8,0,24,1,1,0,,2,0,0.223282,0.101879,0.308504,0.330234,0.310895,0.39648,0.312735,0.707375,0.173198,4.43944,0.293973,0.0932345,0.0842483,8.84215,-0.212865,101.357,0.177483,-0.150839,0.2981251999735832,0.061351969838142395,0.313974,251.72000122070312,,,,,,,84.7,4.705555555,84.7,4.705555555,,,,,,,,,,,,,,,,,,,"Colton Cowser","29591",681297
"Ozzie Albies","ATL",23,100,91,23,15,4,0,3,12,12,7,0,15,1,1,0,,1,0,0.250381,0.0735916,0.14653,0.50223,0.310879,0.407613,0.314547,0.718492,0.157232,4.1022,0.264678,-0.0258326,-0.0315232,11.7287,-0.132076,97.6446,-0.0573557,-0.207623,-0.3416263796389103,0.1511734277009964,0.31269,150.5,,,,,,,103.5,4.5,103.5,4.5,,,,,,,,,,,,,,,,,,,"Ozzie Albies","16556",645277
"Garrett Mitchell","MIL",18,79,69,16,10,3,1,2,9,8,8,0,24,1,0,0,,2,1,0.233021,0.10636,0.303709,0.350205,0.320422,0.379211,0.310975,0.699633,0.14619,5.91834,0.325921,0.142476,0.117662,8.97927,-0.330811,96.2797,0.260138,0.304463,-0.09230518341064453,0.5860984027385712,0.311089,691.1699829101562,,,,,,,81.8,4.544444444,81.8,4.544444444,,,,,,,,,,,,,,,,,,,"Garrett Mitchell","27555",669003
"Austin Riley","ATL",23,98,89,22,13,4,0,4,12,12,8,0,27,1,1,0,,1,0,0.243837,0.0776444,0.275976,0.281345,0.310625,0.428802,0.323163,0.739427,0.184965,3.51581,0.303927,-0.0763417,-0.0675692,12.1594,0.553705,103.428,-0.143911,-0.753581,0.2608719617128372,-0.4025012254714966,0.310529,59.36000061035156,,,,,,,112.3,4.882608695,112.3,4.882608695,,,,,,,,,,,,,,,,,,,"Austin Riley","18360",663586
"Aaron Judge","NYY",6,27,22,6,3,1,0,2,5,5,5,0,7,0,0,0,,0,0,0.285433,0.176503,0.24969,0.706891,0.418653,0.603977,0.431714,1.02263,0.318543,3.6565,0.323139,-0.0544232,-0.000495561,5.7043,2.51592,182.107,-0.0549188,0.01277,2.515982858836651,-0.4309028200805187,0.310411,1.850000023841858,,,,,,,48.3,8.05,48.3,8.05,,,,,,,,,,,,,,,,,,,"Aaron Judge","15640",592450
"Kyle Stowers","MIA",20,89,78,19,11,4,1,4,10,13,9,0,26,1,1,0,,1,0,0.240608,0.0992565,0.288272,0.344316,0.323835,0.449088,0.336161,0.772923,0.20848,4.12538,0.30455,-0.0390798,-0.0684752,11.8852,1.42731,111.122,-0.107555,0.707709,1.0760138407349586,-0.9049452543258667,0.310298,164.42999267578125,,,,,,,115.2,5.76,115.2,5.76,,,,,,,,,,,,,,,,,,,"Kyle Stowers","26151",669065
"Brayan Rocchio","CLE",21,90,80,19,13,4,0,2,10,9,6,0,16,1,1,1,,2,1,0.242223,0.0723259,0.176061,0.4108,0.30727,0.362525,0.297838,0.669796,0.120303,5.13858,0.281,-0.0191912,-0.0245606,9.25958,-1.32585,89.3338,-0.0437518,0.0557571,-1.152549635618925,1.0164052098989487,0.310265,999,,,,,,,78.8,3.752380952,78.8,3.752380952,,,,,,,,,,,,,,,,,,,"Brayan Rocchio","23690",677587
"Cooper Pratt","MIL",19,81,72,17,12,3,0,1,9,8,7,0,16,1,1,1,,3,1,0.236991,0.0910046,0.197037,0.461866,0.312215,0.349102,0.295719,0.661316,0.112111,5.88864,0.284339,0.159759,0.195498,8.22865,-1.3365,86.0402,0.355257,0.525171,-1.003465712070465,1.3932260870933533,0.307616,999,,,,,,,68.2,3.589473684,68.2,3.589473684,,,,,,,,,,,,,,,,,,,"Cooper Pratt","33530",806198
"Kameron Misner","PHI",0,1,1,0,0,0,0,0,0,0,0,0,0,0,0,0,,0,0,0.17323,0.0751337,0.354981,0.211656,0.238801,0.291142,0.237963,0.529943,0.117912,4.59016,0.251338,0.00292162,0.00197054,0.0594078,-0.0681276,42.8152,0.00489216,3.03605,-0.06931919325143099,3.039905483368784,0.306707,999,,,,,,,-1,,-1,,,,,,,,,,,,,,,,,,,,"Kameron Misner","26374",670224
"JJ Wetherholt","STL",11,49,42,11,8,2,0,1,6,5,5,0,8,1,0,0,,1,0,0.254432,0.103848,0.167621,0.619538,0.34418,0.394034,0.328898,0.738214,0.139601,4.53488,0.285139,0.0688223,0.063566,6.25435,0.49995,108.787,0.132388,0.52849,0.6469218581914902,0.7247862964868546,0.301111,999,,,,,,,54.7,4.972727272,54.7,4.972727272,,,,,,,,,,,,,,,,,,,"JJ Wetherholt","34985",802139
"George Springer","TOR",19,81,71,18,12,3,0,3,11,10,8,0,15,1,1,0,,2,0,0.255443,0.102331,0.187997,0.544322,0.338107,0.440853,0.341378,0.77896,0.18541,5.10773,0.282787,0.072757,0.0613167,11.1935,1.64368,120.027,0.134074,-0.0621817,2.0122835487127304,-1.9658854380249977,0.297179,94.37999725341797,,,,,,,97.5,5.131578947,97.5,5.131578947,,,,,,,,,,,,,,,,,,,"George Springer","12856",543807
"Yainer Diaz","HOU",14,54,51,14,9,2,0,2,6,7,2,0,9,0,1,0,,0,0,0.264216,0.042984,0.170742,0.251748,0.297513,0.428263,0.314119,0.725777,0.164047,2.14603,0.285946,-0.0738185,-0.0666079,6.32304,-0.0901651,100.958,-0.140426,-0.0176825,-0.08008236438035965,1.0432742908596992,0.294681,113.04000091552734,,,,,,,58,4.142857142,58,4.142857142,,,,,,,,,,,,,,,,,,,"Yainer Diaz","23003",673237
"Sal Stewart","CIN",24,105,94,24,15,5,0,4,14,15,9,0,22,1,1,0,,2,1,0.255982,0.088921,0.210222,0.422986,0.327813,0.453852,0.339324,0.781666,0.19787,4.00663,0.287512,-0.0687676,0.00253991,14.3266,1.9557,112.107,-0.0662277,-0.146543,1.45782470703125,-1.9868206679821014,0.292428,161.8699951171875,,,,,,,123.5,5.145833333,123.5,5.145833333,,,,,,,,,,,,,,,,,,,"Sal Stewart","31505",701398
"Carter Jensen","KCR",19,78,70,16,10,4,0,3,9,9,8,0,20,0,1,0,,1,0,0.234524,0.0985572,0.258956,0.380595,0.312595,0.409264,0.316861,0.721859,0.17474,4.26633,0.291219,-0.0117783,-0.039674,9.30276,0.0432523,99.665,-0.0514522,-0.0803771,-0.0819134321063757,0.11221548914909363,0.286646,999,,,,,,,85.3,4.489473684,85.3,4.489473684,,,,,,,,,,,,,,,,,,,"Carter Jensen","29478",695600
"Luis Arraez","PHI",24,102,94,28,22,5,1,1,12,10,5,1,4,1,1,1,,1,0,0.299658,0.053784,0.0442778,1.21469,0.340199,0.387526,0.319852,0.727724,0.0878677,4.50091,0.305879,0.00538523,-0.0657361,12.2892,0.300864,97.7784,-0.0603509,-0.562181,-0.3313636854290962,-0.19952690601348877,0.281521,280.04998779296875,,,,,,,112.3,4.679166666,112.3,4.679166666,,,,,,,,,,,,,,,,,,,"Luis Arraez","18568",650333
"Liam Hicks","TBR",17,70,60,15,11,3,0,2,8,8,7,0,9,2,1,0,,0,0,0.249094,0.0995414,0.133628,0.744912,0.338546,0.373424,0.319162,0.711971,0.124331,3.03752,0.268252,-0.188831,-0.0548558,8.38335,0.167447,102.916,-0.243687,-0.683888,-0.008409753441810608,0.29111242294311523,0.280444,748.5399780273438,,,,,,,78.5,4.617647058,78.5,4.617647058,,,,,,,,,,,,,,,,,,,"Liam Hicks","29844",689414
"Cam Smith","HOU",21,91,81,19,12,4,1,3,11,10,8,0,23,1,1,0,,2,0,0.239223,0.0833614,0.257434,0.323816,0.311272,0.399094,0.312939,0.710366,0.159872,5.39826,0.300041,0.105656,0.00870633,10.4761,-0.236919,100.138,0.114362,0.361967,0.12886193115264177,-0.6102554202079773,0.278939,341.8699951171875,,,,,,,101.7,4.842857142,101.7,4.842857142,,,,,,,,,,,,,,,,,,,"Cam Smith","35108",701358
"Nolan Arenado","ARI",19,83,75,19,12,4,0,3,9,10,6,0,13,1,1,0,,0,0,0.247745,0.0770253,0.158,0.487503,0.311184,0.402913,0.312377,0.714096,0.155168,2.95719,0.266075,-0.118775,-0.0686844,9.54049,-0.254226,95.5905,-0.187459,0.405743,-0.6269392669200897,0.6724095940589905,0.278911,638.0599975585938,,,,,,,92.2,4.852631578,92.2,4.852631578,,,,,,,,,,,,,,,,,,,"Nolan Arenado","9777",571448
"Carson Benge","NYM",20,86,78,20,13,3,0,2,11,9,7,0,19,1,1,0,,2,1,0.252755,0.0817527,0.215284,0.379744,0.321495,0.397536,0.31728,0.719032,0.144781,5.63143,0.3026,0.116824,0.110502,10.2797,0.0768358,101.257,0.227326,0.465265,0.3577880263328552,-0.42979681491851807,0.27835,999,,,,,,,86.5,4.325,86.5,4.325,,,,,,,,,,,,,,,,,,,"Carson Benge","35177",701807
"Jakob Marsee","MIA",18,80,68,16,11,3,1,2,10,7,9,0,17,1,1,1,,4,1,0.231813,0.114052,0.212785,0.535995,0.329774,0.362835,0.311713,0.692609,0.131023,6.38014,0.282895,0.22606,0.246791,9.14987,-0.287743,94.7133,0.472852,-0.117298,-0.03484994173049927,0.16819534450769424,0.277879,137.0800018310547,,,,,,,89.6,4.977777777,89.6,4.977777777,,,,,,,,,,,,,,,,,,,"Jakob Marsee","31370",805300
"Bryan Reynolds","PIT",23,97,85,22,14,4,1,3,12,11,10,0,23,1,1,0,,1,0,0.255813,0.104554,0.237116,0.440939,0.341384,0.417472,0.333956,0.758856,0.161659,4.50979,0.317025,-0.0630686,-0.0401263,12.9062,1.39745,107.395,-0.103195,0.17845,0.7628742679953575,-1.2067355513572693,0.276974,204.72000122070312,,,,,,,118.6,5.156521739,118.6,5.156521739,,,,,,,,,,,,,,,,,,,"Bryan Reynolds","19326",668804
"Ezequiel Duran","TEX",22,93,86,21,14,5,1,2,11,10,6,0,22,1,1,0,,2,1,0.242793,0.0606663,0.237089,0.25588,0.294373,0.38379,0.297898,0.678163,0.140997,5.70565,0.300291,-0.0104504,0.103087,9.59871,-1.36933,91.0831,0.092637,-0.0108739,-0.8678175806999207,0.2900519724935293,0.276916,999,,,,,,,92.6,4.209090909,92.6,4.209090909,,,,,,,,,,,,,,,,,,,"Ezequiel Duran","23733",677649
"Ty France","SDP",23,100,91,23,16,4,0,3,11,12,6,0,19,3,1,0,,0,0,0.257367,0.0596308,0.193615,0.307986,0.323007,0.405206,0.321511,0.728213,0.147839,2.29735,0.294835,-0.218096,-0.143047,12.2929,0.432084,106.396,-0.361142,0.837975,0.4107823669910431,-0.9560061693191528,0.276487,999,,,,,,,104.6,4.547826086,104.6,4.547826086,,,,,,,,,,,,,,,,,,,"Ty France","17982",664034
"Lawrence Butler","ATH",22,94,84,20,13,4,0,3,12,10,9,0,24,0,1,0,,3,1,0.235537,0.0937742,0.257398,0.364316,0.307072,0.396675,0.309999,0.703746,0.161138,4.65893,0.291177,0.144284,0.13239,10.6274,-0.468175,89.3676,0.276674,1.21224,-0.8818792104721069,0.25159138441085815,0.275461,157.22000122070312,,,,,,,97.7,4.44090909,97.7,4.44090909,,,,,,,,,,,,,,,,,,,"Lawrence Butler","22542",671732
"Carson Kelly","CHC",14,55,49,12,8,2,0,2,6,6,5,0,10,1,0,0,,0,0,0.238585,0.0961295,0.191587,0.501755,0.317712,0.375031,0.308834,0.692743,0.136445,2.53174,0.271549,-0.167455,-0.0634067,6.14349,-0.324374,96.0236,-0.230861,0.567885,-0.4925638437271118,1.3973600268363953,0.273443,591.9099731445312,,,,,,,60.8,4.342857142,60.8,4.342857142,,,,,,,,,,,,,,,,,,,"Carson Kelly","13620",608348
"Ryan McMahon","NYY",14,63,55,12,8,2,0,2,7,7,7,0,19,0,0,0,,0,0,0.220368,0.10741,0.30689,0.349994,0.308331,0.382425,0.306301,0.690756,0.162057,2.53313,0.291932,-0.0616138,-0.106761,6.89811,-0.498944,94.8876,-0.168375,0.774492,-0.5397520661354065,0.9982576370239258,0.273308,732.8599853515625,,,,,,,57.8,4.128571428,57.8,4.128571428,,,,,,,,,,,,,,,,,,,"Ryan McMahon","15112",641857
"Marcus Semien","NYM",20,86,77,18,12,3,0,3,10,10,8,0,16,1,1,0,,1,0,0.231855,0.0882256,0.181129,0.487088,0.302908,0.375257,0.300525,0.678165,0.143402,4.0488,0.256409,0.0491939,-0.00676432,9.11209,-1.09074,90.0105,0.0424295,0.560746,-0.9946799576282501,0.8693878054618835,0.272913,266.25,,,,,,,89.6,4.48,89.6,4.48,,,,,,,,,,,,,,,,,,,"Marcus Semien","12533",543760
"José Caballero","NYY",11,49,42,10,7,2,0,1,6,4,5,0,12,1,0,0,,5,1,0.231426,0.0993945,0.242853,0.409279,0.321025,0.34832,0.301997,0.669345,0.116894,6.6569,0.294225,0.280006,0.471671,5.18328,-0.555814,91.8944,0.751677,0.425766,0.2948376536369324,0.6456734538078308,0.271723,200.02999877929688,,,,,,,53.9,4.9,53.9,4.9,,,,,,,,,,,,,,,,,,,"Jose Caballero","23401",676609
"Kyle Karros","COL",16,68,60,16,10,3,0,1,8,7,7,0,15,1,1,0,,1,0,0.259728,0.0968411,0.222164,0.435899,0.338625,0.400623,0.325836,0.739248,0.140895,4.55851,0.321375,-0.0402173,-0.0334589,8.56473,0.529998,92.4061,-0.0736761,0.891652,-0.6945398673415184,1.134707659482956,0.269905,999,,,,,,,73.6,4.6,73.6,4.6,,,,,,,,,,,,,,,,,,,"Kyle Karros","33252",691720
"Dominic Canzone","SEA",21,90,81,20,12,4,0,4,11,12,7,0,20,1,1,0,,1,0,0.245458,0.0811756,0.222088,0.36551,0.310517,0.435502,0.323671,0.746019,0.190043,3.17457,0.278054,-0.149685,-0.0698697,11.1272,0.541785,113.645,-0.219554,0.044212,1.1988936960697174,-1.7343373075127602,0.269518,477.1600036621094,,,,,,,106.1,5.052380952,106.1,5.052380952,,,,,,,,,,,,,,,,,,,"Dominic Canzone","26438",686527
"Sal Frelick","MIL",16,68,61,16,12,3,0,1,8,7,6,0,9,1,1,0,,2,1,0.258356,0.0825893,0.130913,0.63087,0.32539,0.353311,0.303756,0.678701,0.0949553,5.28852,0.287714,0.101546,0.108142,7.35311,-0.681621,91.4346,0.209689,1.63133,-0.4906013309955597,0.9175905585289001,0.26856,216.39999389648438,,,,,,,68.7,4.29375,68.7,4.29375,,,,,,,,,,,,,,,,,,,"Sal Frelick","29622",686217
"Chase DeLauter","CLE",18,77,68,18,12,4,0,2,9,9,8,0,12,0,1,0,,1,0,0.26666,0.0983914,0.158116,0.622275,0.338456,0.423219,0.334768,0.761676,0.156559,3.32016,0.293721,-0.0405332,-0.0762358,10.2047,1.1497,115.017,-0.116769,0.118806,1.2186108008027077,-1.3665335923433304,0.262196,999,,,,,,,89.1,4.95,89.1,4.95,,,,,,,,,,,,,,,,,,,"Chase DeLauter","32127",800050
"Walker Jenkins","MIN",21,91,82,20,13,5,0,1,9,8,8,0,19,1,0,0,,1,0,0.244429,0.0898637,0.213729,0.420456,0.316231,0.359634,0.302108,0.675865,0.115205,4.06235,0.304573,0.0301228,-0.015191,9.68354,-1.02943,92.067,0.0149318,-0.00585636,-0.8196685491129756,0.1484646201133728,0.259569,999,,,,,,,82.8,3.942857142,82.8,3.942857142,,,,,,,,,,,,,,,,,,,"Walker Jenkins","33571",805805
"Luis Campusano","SDP",14,55,49,12,8,2,0,2,6,6,5,0,12,1,0,0,,0,0,0.24115,0.0953369,0.226106,0.421646,0.318907,0.386385,0.313322,0.705291,0.145235,2.20106,0.289128,-0.0642401,-0.0639033,6.37387,-0.126791,100.899,-0.128143,0.122107,-0.06867489591240883,0.8126931563019753,0.257955,999,,,,,,,60.8,4.342857142,60.8,4.342857142,,,,,,,,,,,,,,,,,,,"Luis Campusano","22217",669134
"Freddy Fermin","SDP",13,51,46,11,8,2,0,1,5,5,4,0,10,1,1,1,,0,0,0.234476,0.0689822,0.195738,0.352421,0.293395,0.352967,0.286675,0.646362,0.118491,2.54416,0.273018,-0.0549674,-0.0664469,4.84163,-1.22176,83.0137,-0.121414,1.01693,-1.1694445461034775,2.020014524459839,0.256584,735.3099975585938,,,,,,,45.8,3.523076923,45.8,3.523076923,,,,,,,,,,,,,,,,,,,"Freddy Fermin","21840",666023
"Jarren Duran","BOS",20,86,78,19,11,4,1,2,11,10,7,0,21,1,1,0,,3,1,0.245621,0.0772437,0.244902,0.315406,0.312512,0.418695,0.319526,0.731207,0.173073,7.08557,0.304883,0.432895,0.251232,10.4362,0.233351,101.312,0.684127,-0.367066,0.815579742193222,-1.370152235031128,0.255849,64.04000091552734,,,,,,,91.4,4.57,91.4,4.57,,,,,,,,,,,,,,,,,,,"Jarren Duran","24617",680776
"Francisco Alvarez","NYM",16,66,59,14,8,2,0,3,8,9,6,0,17,1,1,0,,0,0,0.232915,0.0963201,0.260444,0.36983,0.31439,0.426993,0.324526,0.741383,0.194077,2.12263,0.275036,-0.0958491,-0.0809433,8.29643,0.447536,106.12,-0.176792,-0.590765,0.311997190117836,0.03423476219177246,0.255115,165.25,,,,,,,74.4,4.65,74.4,4.65,,,,,,,,,,,,,,,,,,,"Francisco Alvarez","26121",682626
"Patrick Bailey","CLE",16,63,57,13,9,2,0,1,6,7,5,0,16,0,1,1,,0,0,0.223481,0.0770195,0.2558,0.301092,0.284884,0.335697,0.276563,0.620581,0.112217,3.11251,0.285876,-0.120301,-0.0345592,5.44357,-2.01907,74.5378,-0.15486,1.03535,-2.020905837416649,2.269922137260437,0.253939,747.8900146484375,,,,,,,46,2.875,46,2.875,,,,,,,,,,,,,,,,,,,"Patrick Bailey","27478",672275
"Sean Murphy","ATL",13,51,44,10,6,2,0,2,6,6,5,0,14,1,0,0,,0,0,0.216238,0.0938214,0.277361,0.338265,0.30642,0.386995,0.307707,0.693416,0.170758,2.16453,0.267977,-0.0726924,-0.0627743,5.63364,-0.345946,93.0533,-0.135467,0.500753,-0.558141440153122,1.345660150051117,0.247803,746.0599975585938,,,,,,,54.6,4.2,54.6,4.2,,,,,,,,,,,,,,,,,,,"Sean Murphy","19352",669221
"JJ Bleday","CIN",22,96,84,19,11,4,0,4,12,12,11,0,22,0,1,0,,1,0,0.228397,0.118946,0.229031,0.519347,0.322472,0.425421,0.328234,0.747893,0.197024,3.45999,0.259707,-0.131916,-0.120764,12.2853,0.934657,104.663,-0.25268,0.153598,0.28592491149902344,-0.9845194518566132,0.246551,748.5800170898438,,,,,,,106.5,4.84090909,106.5,4.84090909,,,,,,,,,,,,,,,,,,,"JJ Bleday","26368",668709
"Nathan Lukes","TOR",17,75,67,17,13,3,0,1,8,8,5,0,12,1,1,1,,1,0,0.258291,0.0736293,0.154619,0.476199,0.317137,0.372494,0.305377,0.68963,0.114203,3.18566,0.290442,-0.0969836,-0.106249,8.16498,-0.65026,94.9894,-0.203233,0.826716,-0.6370005458593369,0.3970862030982971,0.245467,999,,,,,,,66.2,3.894117647,66.2,3.894117647,,,,,,,,,,,,,,,,,,,"Nathan Lukes","18123",664770
"Alec Burleson","STL",23,99,89,24,16,5,0,3,12,14,8,0,15,1,1,0,,1,0,0.272409,0.0781121,0.151158,0.516757,0.332459,0.444943,0.338104,0.777402,0.172534,3.07472,0.290764,-0.18511,-0.0693316,13.3731,1.74185,114.966,-0.254441,-0.527429,1.516889214515686,-2.3163180351257324,0.244118,175.19000244140625,,,,,,,117,5.086956521,117,5.086956521,,,,,,,,,,,,,,,,,,,"Alec Burleson","27615",676475
"Brandon Marsh","PHI",18,80,72,19,12,4,0,2,10,9,7,0,22,0,1,0,,2,0,0.261402,0.0871264,0.269062,0.323815,0.328049,0.420594,0.326843,0.748644,0.159193,5.4441,0.33865,0.0842454,0.0863758,10.1251,0.687489,102.471,0.170621,0.204257,0.4079098105430603,-0.6059282720088959,0.244064,609.72998046875,,,,,,,89.6,4.977777777,89.6,4.977777777,,,,,,,,,,,,,,,,,,,"Brandon Marsh","20202",669016
"Luis Torrens","NYM",12,46,42,10,7,2,0,1,5,5,3,0,10,1,0,0,,0,0,0.231603,0.0683176,0.215435,0.317115,0.293527,0.349716,0.286851,0.643242,0.118112,2.71568,0.280649,-0.0477845,-0.0530115,4.38271,-1.09766,80.8331,-0.100796,1.13731,-1.1696548387408257,2.043946921825409,0.242679,999,,,,,,,41.2,3.433333333,41.2,3.433333333,,,,,,,,,,,,,,,,,,,"Luis Torrens","15905",620443
"Teoscar Hernández","LAD",22,94,86,22,14,4,0,4,12,14,7,0,25,1,1,0,,1,0,0.256682,0.0691919,0.262704,0.263383,0.312617,0.451828,0.331467,0.764445,0.195146,3.51974,0.310906,-0.152689,-0.0379898,12.2542,1.15866,109.539,-0.190678,-0.541137,0.8863653838634491,-1.5635135173797607,0.241597,125.41999816894531,,,,,,,112.3,5.104545454,112.3,5.104545454,,,,,,,,,,,,,,,,,,,"Teoscar Hernandez","13066",606192
"Chandler Simpson","TBR",20,85,79,23,19,3,1,0,10,6,4,0,9,0,1,1,,7,2,0.284231,0.0520813,0.103345,0.503956,0.320655,0.33753,0.293336,0.658185,0.0532983,7.13155,0.316006,0.648312,0.713933,8.50781,-1.57259,84.9551,1.36225,0.354182,-0.12711870670318604,-0.5445832908153534,0.240147,180.19000244140625,,,,,,,83.9,4.195,83.9,4.195,,,,,,,,,,,,,,,,,,,"Chandler Simpson","31912",802415
"Joey Ortiz","MIL",16,70,63,15,10,3,0,1,8,7,5,0,12,1,1,1,,2,1,0.239639,0.0768798,0.177629,0.432811,0.302553,0.367057,0.296596,0.66961,0.127418,5.44376,0.276357,0.0570434,0.0241297,7.18115,-1.10865,86.6287,0.0811731,0.739071,-1.0467386916279793,1.1210156083106995,0.23971,743.4400024414062,,,,,,,58.1,3.63125,58.1,3.63125,,,,,,,,,,,,,,,,,,,"Joey Ortiz","25493",687401
"Jacob Young","WSN",19,81,73,18,13,3,1,1,9,7,6,0,15,1,1,1,,4,1,0.245043,0.0697518,0.178435,0.39091,0.308544,0.344776,0.292243,0.65332,0.0997328,6.20509,0.290983,0.282076,0.178624,8.0485,-1.57277,80.7726,0.4607,0.838208,-1.4216999113559723,1.129256933927536,0.239571,746.0700073242188,,,,,,,77.4,4.07368421,77.4,4.07368421,,,,,,,,,,,,,,,,,,,"Jacob Young","29931",696285
"Spencer Torkelson","DET",23,101,88,20,12,4,0,4,12,13,11,0,27,1,1,0,,0,0,0.229328,0.105882,0.270915,0.390831,0.31864,0.426545,0.326423,0.745184,0.197217,2.35523,0.278206,-0.112699,-0.12214,12.7726,0.835288,107.871,-0.23484,-0.103782,0.6878525167703629,-1.925386756658554,0.239271,188.35000610351562,,,,,,,109.2,4.747826086,109.2,4.747826086,,,,,,,,,,,,,,,,,,,"Spencer Torkelson","27465",679529
"George Lombard Jr.","NYY",20,89,79,18,12,3,0,2,10,9,7,0,22,1,1,1,,1,0,0.224593,0.0788635,0.244353,0.322745,0.293732,0.355962,0.2889,0.649694,0.13137,4.4937,0.278732,0,-0.0170201,8.50957,-1.94833,82.7854,-0.0170201,0,-1.784992776811123,0.9490740895271301,0.23495,999,,,,,,,75.2,3.76,75.2,3.76,,,,,,,,,,,,,,,,,,,"George Lombard Jr.","33433",806146
"Christian Walker","HOU",24,102,90,21,12,4,0,5,12,14,9,0,25,2,1,0,,0,0,0.233755,0.0850241,0.246965,0.344275,0.309592,0.430281,0.322448,0.739872,0.196525,2.53818,0.27005,-0.197476,-0.105819,12.5017,0.513408,106.751,-0.303295,0.0162919,0.4914623498916626,-1.7969797626137733,0.233896,212.94000244140625,,,,,,,119.2,4.966666666,119.2,4.966666666,,,,,,,,,,,,,,,,,,,"Christian Walker","13419",572233
"Tristan Peters","CHW",17,73,66,16,10,3,0,1,8,7,6,0,16,1,1,0,,1,0,0.237153,0.0778212,0.224978,0.345905,0.301574,0.364069,0.294946,0.665643,0.126916,4.76719,0.293086,-0.00684173,-0.0532504,7.37126,-1.25013,87.1373,-0.0600921,0.735045,-1.1491264402866364,0.8514034003019333,0.233631,999,,,,,,,64.6,3.8,64.6,3.8,,,,,,,,,,,,,,,,,,,"Tristan Peters","30063",671976
"Salvador Perez","KCR",21,86,80,19,12,4,0,4,9,12,4,1,17,2,1,0,,0,0,0.243665,0.0472735,0.201906,0.234136,0.291979,0.42762,0.310454,0.719599,0.183955,1.27202,0.265875,-0.409688,-0.101247,9.79168,-0.398327,95.2089,-0.510935,0.416784,-0.9903826415538788,0.21308061480522156,0.232728,91.13999938964844,,,,,,,93.6,4.457142857,93.6,4.457142857,,,,,,,,,,,,,,,,,,,"Salvador Perez","7304",521692
"Henry Bolte","ATH",20,84,76,19,13,4,1,2,10,8,6,0,26,1,1,0,,4,1,0.251766,0.0747116,0.311922,0.23952,0.318902,0.387258,0.312797,0.706159,0.135492,6.64504,0.356933,0.220743,0.321604,9.71807,-0.229684,91.3131,0.542347,-0.551834,-0.30629634857177734,-0.40522874891757965,0.232022,999,,,,,,,92.3,4.615,92.3,4.615,,,,,,,,,,,,,,,,,,,"Henry Bolte","31448",703607
"Brenton Doyle","CHW",11,46,42,10,7,2,0,1,5,5,3,0,13,0,0,0,,2,0,0.231491,0.0657498,0.273251,0.24062,0.28239,0.370897,0.287232,0.653287,0.139406,5.70781,0.294926,0.123755,0.119536,4.36303,-1.07507,81.772,0.243292,1.20526,-0.7301706671714783,1.3697666823863983,0.231799,166.25,,,,,,,42,3.818181818,42,3.818181818,,,,,,,,,,,,,,,,,,,"Brenton Doyle","25479",686668
"Nasim Nuñez","WSN",17,74,64,15,12,2,0,1,8,5,7,0,16,0,1,1,,6,1,0.228053,0.0970489,0.220134,0.440863,0.306926,0.29902,0.276719,0.605946,0.0709666,6.94757,0.29268,0.471396,0.538639,6.34274,-2.33987,70.3534,1.01004,0.744882,-1.6092579364776611,1.4902528524398804,0.230986,583.0999755859375,,,,,,,64.8,3.811764705,64.8,3.811764705,,,,,,,,,,,,,,,,,,,"Nasim Nunez","25979",683083
"Jac Caglianone","KCR",22,94,86,21,13,4,0,4,12,13,7,0,22,1,1,0,,1,0,0.248341,0.0734259,0.237148,0.30962,0.311619,0.443536,0.328105,0.755155,0.195195,3.89594,0.289562,-0.0229353,-0.0461677,12.0491,0.907622,107.485,-0.069103,-0.764024,0.7498229742050171,-1.8492087721824646,0.228998,164.58999633789062,,,,,,,106.7,4.85,106.7,4.85,,,,,,,,,,,,,,,,,,,"Jac Caglianone","35041",695506
"Denzel Clarke","ATH",7,30,28,6,4,1,0,1,4,3,2,0,10,0,0,0,,1,0,0.226025,0.0714274,0.327722,0.217951,0.286479,0.345455,0.281651,0.631934,0.11943,6.33827,0.328226,0.0629722,0.123553,2.72893,-0.842057,69.6527,0.186525,1.93634,-0.8777222335338593,2.0443689599633217,0.228406,728.3300170898438,,,,,,,25.8,3.685714285,25.8,3.685714285,,,,,,,,,,,,,,,,,,,"Denzel Clarke","29858",672016
"Jake Rogers","CHW",6,26,23,5,3,1,0,1,3,3,2,0,7,0,0,0,,0,0,0.207418,0.0870995,0.282567,0.308243,0.279553,0.359896,0.28338,0.639449,0.152478,3.36957,0.262061,-0.0221711,-0.0248405,2.3526,-0.679101,79.0932,-0.0470116,1.49326,-0.6694650463759899,1.994807779788971,0.228085,999,,,,,,,23.3,3.883333333,23.3,3.883333333,,,,,,,,,,,,,,,,,,,"Jake Rogers","19452",668670
"Matt Shaw","CHC",11,48,43,10,7,2,0,2,6,5,4,0,10,0,0,0,,2,0,0.242027,0.085764,0.20095,0.426793,0.309912,0.402704,0.313749,0.712616,0.160677,5.94859,0.276373,0.0587457,0.160885,5.51848,-0.0930776,99.3222,0.219631,0.535433,0.1809268668293953,0.51228485442698,0.227874,336.67999267578125,,,,,,,53.4,4.854545454,53.4,4.854545454,,,,,,,,,,,,,,,,,,,"Matt Shaw","33322",807713
"Maikel Garcia","KCR",10,44,39,10,7,2,0,1,5,4,4,0,6,0,0,0,,2,0,0.266415,0.0844661,0.148455,0.568967,0.327388,0.393089,0.317825,0.720477,0.126674,6.13446,0.300045,0.0942827,0.0676375,5.20007,0.0578474,100.335,0.16192,0.315111,0.1788310967385769,0.47066690027713776,0.223749,63.150001525878906,,,,,,,48,4.8,48,4.8,,,,,,,,,,,,,,,,,,,"Maikel Garcia","22715",672580
"Christian Koss","SFG",19,81,74,17,13,3,0,1,9,7,4,0,18,1,1,1,,2,0,0.235018,0.0487265,0.225281,0.216292,0.281818,0.334142,0.273566,0.61596,0.0991245,4.7229,0.292813,0.0543432,0.011801,6.78142,-2.78373,72.4355,0.0661442,1.34684,-2.6167338117957115,2.184031069278717,0.223687,999,,,,,,,58.1,3.057894736,58.1,3.057894736,,,,,,,,,,,,,,,,,,,"Christian Koss","27653",683766
"Dylan Crews","WSN",18,80,72,17,11,3,0,2,10,9,6,0,18,1,1,0,,3,1,0.232025,0.0728906,0.227818,0.319951,0.300124,0.385644,0.302489,0.685768,0.153619,6.245,0.276162,0.145907,0.228194,8.50908,-0.877521,87.65,0.374101,1.05261,-0.8054991066455841,0.37112653255462646,0.218517,282.2200012207031,,,,,,,74.6,4.144444444,74.6,4.144444444,,,,,,,,,,,,,,,,,,,"Dylan Crews","33541",686611
"Blaze Alexander","BAL",15,66,59,14,10,3,0,2,8,6,5,0,18,2,0,0,,2,1,0.245607,0.0757575,0.279784,0.270771,0.320558,0.375907,0.310893,0.696465,0.1303,4.56961,0.330659,0.0308438,-0.0464437,7.49889,-0.280765,100.076,-0.0155999,-0.259323,-0.009830699302256107,-0.18602052330970764,0.21825,745.9099731445312,,,,,,,68.9,4.593333333,68.9,4.593333333,,,,,,,,,,,,,,,,,,,"Blaze Alexander","23789",677942
"Joc Pederson","TEX",16,70,60,14,8,2,0,3,9,9,8,0,16,1,1,0,,1,0,0.235258,0.113593,0.225684,0.503328,0.334924,0.436234,0.338413,0.771158,0.200977,3.27611,0.263359,-0.118617,-0.0434753,9.54871,1.25891,119.26,-0.162092,0,1.4058526456356049,-1.7554012537002563,0.218188,999,,,,,,,81.3,5.08125,81.3,5.08125,,,,,,,,,,,,,,,,,,,"Joc Pederson","11899",592626
"Taylor Walls","TBR",22,95,84,17,12,4,1,1,11,8,10,0,23,0,1,1,,4,1,0.206015,0.100401,0.243464,0.412387,0.288492,0.309442,0.270916,0.597934,0.103427,6.44052,0.265498,0.306078,0.289251,7.78902,-3.4851,69.3633,0.595329,0.521721,-2.796695053577423,1.544869065284729,0.217504,999,,,,,,,72.7,3.304545454,72.7,3.304545454,,,,,,,,,,,,,,,,,,,"Taylor Walls","22458",670764
"Nick Gonzales","PIT",22,93,86,23,17,5,1,1,11,10,6,0,17,1,1,0,,1,0,0.270442,0.0608374,0.186004,0.327076,0.322079,0.384581,0.312143,0.70666,0.114139,4.09189,0.323242,-0.0718049,-0.162062,10.7155,-0.303586,92.7549,-0.233867,0.10115,-1.0462260097265244,0.13818688318133354,0.215893,999,,,,,,,95.3,4.331818181,95.3,4.331818181,,,,,,,,,,,,,,,,,,,"Nick Gonzales","27490",693304
"Nick Loftin","KCR",16,68,60,14,10,3,0,1,8,7,6,0,11,1,1,0,,1,0,0.238757,0.090932,0.156828,0.579819,0.314945,0.3583,0.300763,0.673245,0.119543,3.92116,0.268124,-0.0424583,-0.0236784,7.22995,-0.850693,88.4694,-0.0661366,0.792494,-0.9811586961150169,0.6591610610485077,0.214595,999,,,,,,,59.4,3.7125,59.4,3.7125,,,,,,,,,,,,,,,,,,,"Nick Loftin","27630",679845
"Kyle Teel","CHW",11,44,39,9,6,2,0,1,5,5,5,0,12,0,0,0,,1,0,0.245847,0.10653,0.265802,0.400786,0.329916,0.388265,0.32021,0.718181,0.142418,3.96526,0.319038,-0.043083,0.02032,5.29194,0.141847,104.707,-0.022763,-0.285674,0.2153146229684353,0.31617793440818787,0.211948,266.8800048828125,,,,,,,43.5,3.954545454,43.5,3.954545454,,,,,,,,,,,,,,,,,,,"Kyle Teel","33549",691019
"Hunter Goodman","COL",22,88,80,20,10,4,1,5,12,14,6,0,25,1,1,0,,1,0,0.247766,0.071124,0.281118,0.253004,0.305883,0.492697,0.342151,0.79858,0.244932,4.22245,0.292812,-0.152118,-0.108419,12.2273,1.84226,103.357,-0.260537,-1.52885,0.09420961141586304,-0.8691263794898987,0.211723,67.36000061035156,,,,,,,119.2,5.418181818,119.2,5.418181818,,,,,,,,,,,,,,,,,,,"Hunter Goodman","29715",696100
"Tyler Stephenson","CIN",18,73,64,15,10,3,0,2,8,9,7,0,20,1,1,0,,0,0,0.237554,0.101666,0.275114,0.369541,0.319946,0.400987,0.318086,0.720933,0.163433,1.97365,0.303016,-0.149405,-0.10575,8.74856,0.112597,97.8523,-0.255156,-0.233767,-0.44388872385025024,0.13660329580307007,0.210466,294.75,,,,,,,71.5,3.972222222,71.5,3.972222222,,,,,,,,,,,,,,,,,,,"Tyler Stephenson","17988",663886
"Vinnie Pasquantino","KCR",21,92,82,21,13,4,0,3,10,12,8,1,14,1,1,0,,0,0,0.25133,0.0918637,0.154073,0.596234,0.324346,0.425535,0.32634,0.749881,0.174205,2.72632,0.26621,-0.249468,-0.0715697,11.6529,0.756315,106.257,-0.321037,0.140368,0.34853118658065796,-1.559631958603859,0.210099,77.0999984741211,,,,,,,102.4,4.876190476,102.4,4.876190476,,,,,,,,,,,,,,,,,,,"Vinnie Pasquantino","27676",686469
"Jake Burger","TEX",23,99,91,22,13,4,0,4,11,14,6,0,25,1,1,0,,0,0,0.237916,0.0609221,0.251697,0.242045,0.292937,0.429444,0.314116,0.722381,0.191527,2.67174,0.276383,-0.121897,-0.0888476,11.5681,-0.165174,102.363,-0.210745,0.272648,0.06148296594619751,-1.5329071283340454,0.209155,236.72000122070312,,,,,,,102.4,4.452173913,102.4,4.452173913,,,,,,,,,,,,,,,,,,,"Jake Burger","22275",669394
"Matt McLain","CIN",22,97,85,19,12,4,0,3,12,10,10,0,27,1,1,1,,3,1,0.226753,0.0978824,0.276326,0.354228,0.310042,0.379462,0.306535,0.689505,0.152709,5.63612,0.29294,0.115166,0.189853,10.7223,-0.755919,90.0989,0.305019,-0.635963,-0.8514021933078766,-0.2501610219478607,0.209001,144.3000030517578,,,,,,,97.1,4.413636363,97.1,4.413636363,,,,,,,,,,,,,,,,,,,"Matt McLain","29695",680574
"Jake McCarthy","COL",20,86,79,21,15,4,1,2,11,9,5,0,15,1,1,1,,4,1,0.267921,0.0589675,0.171703,0.343427,0.320606,0.408193,0.319697,0.728799,0.140272,7.24283,0.308954,0.430465,0.306614,10.4481,0.245247,88.2858,0.737078,0.364141,-0.4790871739387512,-0.3303036689758301,0.203104,506.760009765625,,,,,,,97.5,4.875,97.5,4.875,,,,,,,,,,,,,,,,,,,"Jake McCarthy","21622",664983
"Ryan Waldschmidt","ARI",12,51,45,11,8,2,0,1,6,5,5,0,12,1,0,0,,2,0,0.244732,0.0914936,0.243652,0.37551,0.323723,0.363636,0.308138,0.687358,0.118904,5.60286,0.316443,0.0366462,0.0685238,5.66987,-0.329396,92.7454,0.10517,0.644225,-0.33769379556179047,0.6479288190603256,0.199649,999,,,,,,,53.6,4.466666666,53.6,4.466666666,,,,,,,,,,,,,,,,,,,"Ryan Waldschmidt","35061",814439
"David Hamilton","MIL",16,69,62,13,9,2,0,1,8,6,6,0,17,0,0,1,,6,1,0.211969,0.0839726,0.245096,0.342611,0.281799,0.33217,0.274514,0.613969,0.120201,7.71369,0.267125,0.462002,0.535678,5.83966,-2.32261,71.8072,0.997679,0.758279,-1.3438931703567505,1.0514884293079376,0.19872,743.3300170898438,,,,,,,52.6,3.2875,52.6,3.2875,,,,,,,,,,,,,,,,,,,"David Hamilton","27531",666152
"Trevor Larnach","MIN",17,72,64,16,10,3,0,2,9,8,7,0,16,1,1,0,,1,0,0.248942,0.103553,0.214979,0.481689,0.331409,0.400005,0.32362,0.731414,0.151063,3.28714,0.295612,-0.093581,-0.0637946,8.97921,0.434338,107.028,-0.157376,-0.25304,0.43236517906188965,-1.0593672096729279,0.197686,748.52001953125,,,,,,,79,4.647058823,79,4.647058823,,,,,,,,,,,,,,,,,,,"Trevor Larnach","21501",663616
"Byron Buxton","MIN",8,35,31,8,4,2,0,2,5,5,3,0,9,1,0,0,,1,0,0.255585,0.0771104,0.258685,0.298086,0.321947,0.512021,0.35594,0.833969,0.256437,6.35924,0.292271,0.0979876,0.0819166,5.18944,1.10831,129.505,0.179904,-0.108275,1.3624394237995148,-0.6638303995132446,0.196266,73.4800033569336,,,,,,,52.3,6.5375,52.3,6.5375,,,,,,,,,,,,,,,,,,,"Byron Buxton","14161",621439
"Zack Gelof","ATH",22,96,87,20,12,4,0,4,13,11,7,0,29,1,1,1,,3,1,0.235421,0.0764266,0.305631,0.250062,0.298133,0.414275,0.311396,0.712409,0.178855,5.14503,0.308085,0.215018,0.128642,10.98,-0.370633,90.3392,0.343661,-0.213925,-0.733220785856247,-0.750190794467926,0.196215,999,,,,,,,101.1,4.595454545,101.1,4.595454545,,,,,,,,,,,,,,,,,,,"Zack Gelof","29766",680869
"Ezequiel Tovar","COL",20,86,80,20,13,4,1,2,10,10,4,0,21,1,1,1,,1,0,0.250463,0.0520269,0.246437,0.211116,0.292272,0.410028,0.305555,0.7023,0.159565,4.91541,0.309141,0.0332247,-0.0525994,9.46261,-0.740219,78.7937,-0.0193746,0.402001,-2.2210056856274605,1.3279271721839905,0.194564,209.22999572753906,,,,,,,85,4.25,85,4.25,,,,,,,,,,,,,,,,,,,"Ezequiel Tovar","24064",678662
"Drew Cavanaugh","SFG",16,61,55,12,8,2,0,2,7,6,5,0,15,1,0,0,,1,0,0.224593,0.0788635,0.244353,0.322745,0.293732,0.355962,0.2889,0.649694,0.13137,4.4937,0.278732,0,-0.0117658,5.88258,-1.34686,82.7275,-0.0117658,0,-1.2823937712237239,1.1959877014160156,0.19362,999,,,,,,,56.7,3.54375,56.7,3.54375,,,,,,,,,,,,,,,,,,,"Drew Cavanaugh","33380",701852
"Isaac Collins","KCR",19,84,72,17,11,4,1,2,10,8,10,0,19,1,1,0,,2,1,0.234496,0.113419,0.225214,0.503604,0.33051,0.366794,0.313032,0.697304,0.132298,5.36289,0.293675,-0.0306067,0.0199177,9.70412,-0.213034,97.002,-0.010689,0.0502796,-0.3026716085150838,-0.7904611751437187,0.192143,666.1699829101562,,,,,,,93.3,4.910526315,93.3,4.910526315,,,,,,,,,,,,,,,,,,,"Isaac Collins","25477",686555
"Jesús Sánchez","TOR",16,69,63,16,10,3,0,2,8,8,5,0,16,1,1,0,,1,0,0.250227,0.078332,0.229005,0.342053,0.314005,0.416624,0.319712,0.730628,0.166397,4.27445,0.296821,-0.0341536,0.00784915,8.40112,0.198044,104.959,-0.0263044,-0.195835,0.3731981012970209,-0.9550940990447998,0.191823,617.4299926757812,,,,,,,74,4.625,74,4.625,,,,,,,,,,,,,,,,,,,"Jesus Sanchez","19913",660821
"Royce Lewis","MIN",22,93,84,20,12,4,0,4,11,12,7,0,21,0,1,0,,2,0,0.242903,0.0785324,0.224184,0.350304,0.304655,0.42766,0.318883,0.732314,0.184757,4.3884,0.27745,0.0719111,0.107509,11.1707,0.202698,103.734,0.17942,-0.710625,0.5815910696983337,-1.9992057085037231,0.191213,193.64999389648438,,,,,,,102,4.636363636,102,4.636363636,,,,,,,,,,,,,,,,,,,"Royce Lewis","20437",668904
"Cedric Mullins","TBR",19,82,73,16,10,3,0,3,9,9,7,0,18,1,1,1,,3,1,0.216841,0.0889574,0.220717,0.403038,0.292824,0.377096,0.29616,0.66992,0.160255,6.143,0.250943,0.143965,0.194651,8.35876,-1.32373,86.9194,0.338615,-0.424713,-0.9051727950572968,-0.13181200623512268,0.190687,321.5,,,,,,,80.4,4.231578947,80.4,4.231578947,,,,,,,,,,,,,,,,,,,"Cedric Mullins","17929",656775
"Alec Bohm","PHI",21,92,84,22,16,4,0,2,10,11,6,0,14,1,1,0,,0,0,0.264355,0.0661578,0.151552,0.436537,0.319151,0.400728,0.316475,0.719879,0.136373,3.13268,0.290347,-0.148472,-0.075975,10.8625,0.0220213,95.5117,-0.224447,0.667419,-0.7195480018854141,-0.39353787899017334,0.189969,239.8699951171875,,,,,,,90.6,4.314285714,90.6,4.314285714,,,,,,,,,,,,,,,,,,,"Alec Bohm","21618",664761
"Luis García Jr.","NYY",17,72,68,18,11,3,0,3,9,10,4,0,11,0,1,0,,2,1,0.266219,0.0536209,0.158178,0.338992,0.304448,0.460891,0.329138,0.765339,0.194672,5.23968,0.279114,-0.0322683,0.014125,9.30125,0.756383,110.77,-0.0181433,-0.281014,0.8856007903814316,-1.5966004133224487,0.189115,261.8500061035156,,,,,,,82.7,4.864705882,82.7,4.864705882,,,,,,,,,,,,,,,,,,,"Luis Garcia Jr.","20391",671277
"Dane Myers","CIN",18,79,71,17,12,3,0,2,9,8,7,0,20,1,1,0,,3,1,0.236278,0.0841244,0.256344,0.32817,0.307236,0.357705,0.296921,0.664941,0.121427,5.07192,0.301582,0.084422,0.165099,8.08567,-1.22441,83.6464,0.249521,0.316012,-1.2997417896986008,0.5976477265357971,0.189054,999,,,,,,,78.6,4.366666666,78.6,4.366666666,,,,,,,,,,,,,,,,,,,"Dane Myers","22054",667472
"Esteury Ruiz","MIA",14,58,51,12,7,2,0,1,8,5,5,0,15,1,1,0,,6,1,0.228488,0.0841104,0.253772,0.331441,0.310667,0.376895,0.305661,0.687562,0.148407,8.0729,0.290059,0.435653,0.591237,6.39228,-0.494632,90.6513,1.02689,-0.129934,0.37174683809280396,-0.4154278337955475,0.188389,748.530029296875,,,,,,,58,4.142857142,58,4.142857142,,,,,,,,,,,,,,,,,,,"Esteury Ruiz","21780",665923
"Kevin Alcántara","CHC",0,2,2,0,0,0,0,0,0,0,0,0,1,0,0,0,,0,0,0.202643,0.0655168,0.304744,0.21499,0.25688,0.319878,0.256485,0.576758,0.117235,4.61014,0.274232,0.00149731,0.00478058,0.151083,-0.103988,60.8874,0.0062779,1.86508,-0.09523849934339523,1.8573666918091476,0.18696,999,,,,,,,-2,,-2,,,,,,,,,,,,,,,,,,,,"Kevin Alcantara","25971",682634
"Nathan Church","STL",16,67,61,15,10,3,0,1,7,7,4,0,12,1,1,1,,2,0,0.24186,0.059083,0.181051,0.326334,0.293884,0.364967,0.290552,0.658852,0.123108,5.26179,0.278042,0.0167148,0.031488,6.56537,-1.39284,83.0492,0.0482028,0.729556,-1.3244642950594425,0.9406667202711105,0.18368,999,,,,,,,59.9,3.74375,59.9,3.74375,,,,,,,,,,,,,,,,,,,"Nathan Church","31357",701675
"Javier Sanoja","MIA",17,75,69,18,12,4,1,1,8,8,4,0,8,0,1,1,,2,1,0.258048,0.0573125,0.107501,0.533136,0.301742,0.384154,0.300334,0.685895,0.126106,5.10863,0.27577,-0.0443419,-0.0478408,7.84775,-0.952187,87.0759,-0.0921827,0.456748,-1.249467059969902,0.6072108447551727,0.180876,999,,,,,,,71.5,4.205882352,71.5,4.205882352,,,,,,,,,,,,,,,,,,,"Javier Sanoja","28253",691594
"Alex Jackson","MIN",1,5,5,1,1,0,0,0,1,1,0,0,2,0,0,0,,0,0,0.217557,0.0534967,0.334277,0.160037,0.266393,0.346989,0.27116,0.613382,0.129432,2.7677,0.307042,-0.00380204,-0.00564752,0.403765,-0.179254,70.5442,-0.00944955,1.65787,-0.17809992842376232,1.7543242499232292,0.178701,999,,,,,,,0.6,0.6,0.6,0.6,,,,,,,,,,,,,,,,,,,"Alex Jackson","17276",656577
"Jordan Walker","STL",23,99,89,23,14,5,0,3,12,12,7,0,25,1,1,0,,2,1,0.252317,0.0754341,0.258819,0.291456,0.314939,0.424576,0.323309,0.739515,0.172259,4.53399,0.312665,0.0293314,0.0592823,12.1977,0.5665,105.036,0.0886137,-1.0512,0.6845905110239983,-2.1363824605941772,0.177547,511.7200012207031,,,,,,,107.5,4.673913043,107.5,4.673913043,,,,,,,,,,,,,,,,,,,"Jordan Walker","27475",691023
"Brooks Lee","MIN",22,93,85,20,14,4,0,3,10,11,6,0,16,1,1,0,,1,0,0.240258,0.0674181,0.168849,0.399281,0.294343,0.384863,0.297973,0.679206,0.144605,4.18064,0.264754,-0.12301,-0.0725177,9.60433,-1.36371,89.1912,-0.195528,-0.595366,-1.3597650676965714,-0.24042761325836182,0.172581,542.5700073242188,,,,,,,89.7,4.077272727,89.7,4.077272727,,,,,,,,,,,,,,,,,,,"Brooks Lee","31595",686797
"José Fermín","STL",13,58,51,12,9,3,0,1,6,6,6,0,8,1,0,1,,2,1,0.243334,0.0956131,0.136661,0.699636,0.325443,0.361516,0.307767,0.68696,0.118182,4.29847,0.266917,0.0143115,0.00861539,6.46247,-0.393829,94.6041,0.0229269,-0.0547325,-0.3535258322954178,0.16008233651518822,0.172249,999,,,,,,,56.3,4.33076923,56.3,4.33076923,,,,,,,,,,,,,,,,,,,"Jose Fermin","21746",665877
"Max Muncy","ATH",12,52,47,11,7,2,0,2,6,6,3,0,15,1,0,0,,0,0,0.233568,0.0638911,0.29519,0.216441,0.295017,0.402111,0.306259,0.697128,0.168542,3.53143,0.305006,-0.0454245,-0.0576233,5.70699,-0.414704,86.766,-0.103048,1.13347,-0.8986494392156601,0.7322379946708679,0.170483,672.719970703125,,,,,,,51.2,4.266666666,51.2,4.266666666,,,,,,,,,,,,,,,,,,,"Max Muncy","29779",691777
"Dylan Beavers","BAL",17,75,65,15,10,3,0,2,9,8,8,0,18,1,1,0,,2,1,0.236622,0.106811,0.240384,0.444333,0.322347,0.390613,0.316005,0.712961,0.153991,5.27857,0.293154,0.0234221,0.0133547,8.7896,-0.0103423,103.631,0.0367768,-0.529498,0.35054728761315346,-1.3281086683273315,0.169724,505.0400085449219,,,,,,,74.5,4.382352941,74.5,4.382352941,,,,,,,,,,,,,,,,,,,"Dylan Beavers","31695",687637
"Coby Mayo","BAL",16,69,62,14,8,3,0,3,8,9,6,0,20,1,0,0,,1,0,0.227533,0.0831367,0.29306,0.283685,0.298842,0.427952,0.316576,0.726794,0.200419,4.421,0.284525,-0.0156621,-0.0229989,8.18446,0.0221975,104.027,-0.038661,-0.032116,0.28416285291314125,-1.073782593011856,0.169375,459.1600036621094,,,,,,,76.2,4.7625,76.2,4.7625,,,,,,,,,,,,,,,,,,,"Coby Mayo","28312",691723
"Spencer Horwitz","PIT",19,82,71,18,12,4,0,2,10,9,9,0,14,1,1,0,,0,0,0.257328,0.112644,0.170649,0.660092,0.349191,0.406045,0.335529,0.755235,0.148716,2.77038,0.291493,-0.196934,-0.0936931,10.9506,1.27834,108.451,-0.290627,-0.0791633,0.5411192178726196,-1.5643483996391296,0.166426,738.1500244140625,,,,,,,90.2,4.747368421,90.2,4.747368421,,,,,,,,,,,,,,,,,,,"Spencer Horwitz","26477",687462
"Jake Cronenworth","SDP",22,96,83,19,13,4,0,2,11,10,10,0,19,2,1,1,,1,0,0.231359,0.105332,0.200803,0.524553,0.327205,0.35662,0.308187,0.683825,0.125261,3.72085,0.275872,-0.0385006,-0.0995012,10.7312,-0.619475,97.4524,-0.138002,-1.25785,-0.4322528541088104,-1.0533770024776459,0.166237,738.2999877929688,,,,,,,91.7,4.168181818,91.7,4.168181818,,,,,,,,,,,,,,,,,,,"Jake Cronenworth","18036",630105
"Danny Jansen","TEX",10,40,34,7,4,1,0,1,4,4,4,0,10,1,0,0,,0,0,0.20636,0.10671,0.242199,0.440587,0.304281,0.378647,0.304986,0.682928,0.172287,2.49997,0.239932,-0.0861533,-0.0487631,4.30766,-0.356494,96.013,-0.134916,-0.257994,-0.3175366222858429,0.5136110484600067,0.162839,999,,,,,,,32.5,3.25,32.5,3.25,,,,,,,,,,,,,,,,,,,"Danny Jansen","16535",643376
"Jimmy Crooks","STL",8,30,27,6,4,1,0,1,3,3,2,0,9,0,0,0,,0,0,0.225704,0.0746029,0.28481,0.261939,0.294819,0.366302,0.293211,0.661121,0.140598,2.43501,0.296542,-0.0293806,-0.0361204,3.02021,-0.561861,84.8343,-0.065501,0.632452,-0.6182837411761284,1.2250444293022156,0.162222,999,,,,,,,24.9,3.1125,24.9,3.1125,,,,,,,,,,,,,,,,,,,"Jimmy Crooks","31354",699625
"Oswaldo Cabrera","NYY",0,1,1,0,0,0,0,0,0,0,0,0,0,0,0,0,,0,0,0.200106,0.0634558,0.203967,0.311108,0.253785,0.301597,0.247783,0.555382,0.101491,2.83984,0.236183,-0.0000162048,-0.000815564,0.0679611,-0.0595743,54.1903,-0.000831769,1.60261,-0.05820661102188751,1.6064677783288062,0.161899,999,,,,,,,-1,,-1,,,,,,,,,,,,,,,,,,,,"Oswaldo Cabrera","21707",665828
"Henry Davis","PIT",14,54,48,10,7,2,0,2,6,6,4,0,13,1,0,0,,1,0,0.216395,0.0826334,0.246246,0.335573,0.296405,0.360651,0.293243,0.657056,0.144256,3.85181,0.263556,-0.0639369,-0.00546466,5.38112,-0.999435,80.069,-0.0694016,0.135923,-1.3634402304887772,1.1914783418178558,0.16112,999,,,,,,,49.5,3.535714285,49.5,3.535714285,,,,,,,,,,,,,,,,,,,"Henry Davis","29617",680779
"César Prieto","STL",3,13,13,3,2,1,0,0,2,1,1,0,3,0,0,0,,0,0,0.247964,0.0435478,0.217138,0.200554,0.284181,0.354385,0.280501,0.638566,0.106421,3.59586,0.304496,-0.0184567,-0.0199712,1.20382,-0.38782,76.3034,-0.0384278,1.4785,-0.4222141280770302,1.5562750473618507,0.160295,999,,,,,,,9.7,3.233333333,9.7,3.233333333,,,,,,,,,,,,,,,,,,,"Cesar Prieto","30163",693409
"Moisés Ballesteros","LAA",20,83,75,19,13,3,0,3,9,10,7,0,16,1,1,0,,0,0,0.249637,0.0833503,0.190401,0.437762,0.315527,0.400801,0.314389,0.716327,0.151164,2.77603,0.282135,-0.114506,-0.067328,9.7039,-0.119971,101.235,-0.181834,-0.283312,-0.06269879639148712,-1.3288361430168152,0.158836,594.3599853515625,,,,,,,92.3,4.615,92.3,4.615,,,,,,,,,,,,,,,,,,,"Moises Ballesteros","28820",694208
"Esmerlyn Valdez","PIT",19,83,73,17,10,3,0,3,9,10,9,0,24,1,1,0,,0,0,0.234519,0.103094,0.289832,0.355704,0.320992,0.415852,0.324594,0.736844,0.181333,3.0112,0.301433,-0.125587,-0.110145,10.3578,0.563035,101.112,-0.235732,0.0818162,-0.12494037300348282,-1.0144801139831543,0.157998,999,,,,,,,89.1,4.689473684,89.1,4.689473684,,,,,,,,,,,,,,,,,,,"Esmerlyn Valdez","29005",699013
"Michael Massey","KCR",15,64,60,15,10,3,0,2,7,7,3,0,12,1,1,0,,0,0,0.245095,0.0504766,0.179745,0.280823,0.287153,0.383687,0.293465,0.670839,0.138591,3.30375,0.275668,-0.0568318,-0.027389,6.41341,-1.1775,83.3939,-0.0842209,0.425129,-1.3221501037478447,0.5658696591854095,0.155281,999,,,,,,,63.5,4.233333333,63.5,4.233333333,,,,,,,,,,,,,,,,,,,"Michael Massey","27684",686681
"TJ Friedl","CIN",15,65,56,13,9,2,0,1,7,6,6,0,12,1,1,1,,1,0,0.227731,0.0969386,0.180781,0.536221,0.3184,0.35144,0.30199,0.66984,0.123708,4.81536,0.260581,0.0507277,0.0548577,6.91066,-0.741465,87.0485,0.105585,0.650111,-0.9028806835412979,0.31060466170310974,0.153835,265.1499938964844,,,,,,,54.9,3.66,54.9,3.66,,,,,,,,,,,,,,,,,,,"TJ Friedl","19522",670770
"Daylen Lile","WSN",21,90,83,21,14,4,1,2,11,11,6,0,16,1,1,0,,2,1,0.258925,0.0628794,0.180694,0.347989,0.312574,0.418605,0.319054,0.731178,0.15968,5.95304,0.295633,0.125226,0.00534933,10.8871,0.209803,98.7684,0.130575,-0.210965,-0.003237128257751465,-1.4213042110204697,0.153615,206.50999450683594,,,,,,,92.7,4.414285714,92.7,4.414285714,,,,,,,,,,,,,,,,,,,"Daylen Lile","29995",695734
"Braxton Fulford","COL",1,3,3,1,0,0,0,0,0,0,0,0,1,0,0,0,,0,0,0.224059,0.0914876,0.285954,0.319938,0.300545,0.355211,0.292785,0.655756,0.131152,5.30888,0.300326,0.000928358,-0.00223101,0.293923,-0.0558883,70.2225,-0.00130265,1.44683,-0.10729653958696872,1.504697185009718,0.152394,999,,,,,,,2.6,2.6,2.6,2.6,,,,,,,,,,,,,,,,,,,"Braxton Fulford","29704",690924
"Eduardo Valencia","DET",10,40,37,9,6,2,0,1,5,5,3,0,9,1,0,0,,0,0,0.244066,0.0678138,0.227046,0.298678,0.304565,0.409796,0.312805,0.714361,0.16573,2.51575,0.285004,-0.0558097,-0.0451476,4.64642,-0.109559,98.3999,-0.100957,0.0950748,-0.17569360882043839,0.23951923102140427,0.152155,999,,,,,,,40.6,4.06,40.6,4.06,,,,,,,,,,,,,,,,,,,"Eduardo Valencia","24574",680664
"Christian Encarnacion-Strand","BAL",17,72,67,16,9,3,0,3,8,9,4,0,19,1,1,0,,0,0,0.234492,0.0497446,0.263223,0.188983,0.280699,0.41766,0.302647,0.698359,0.183168,2.60418,0.279208,-0.0572669,-0.0753899,7.75521,-0.789655,94.3402,-0.132657,-0.188351,-0.6075938791036606,-0.4777030795812607,0.150919,999,,,,,,,74.5,4.382352941,74.5,4.382352941,,,,,,,,,,,,,,,,,,,"Christian Encarnacion-Strand","30011",687952
"Jorge Barrosa","ARI",1,6,6,1,1,0,0,0,1,1,0,0,2,0,0,0,,0,0,0.204065,0.0747509,0.246618,0.303105,0.265835,0.309691,0.257526,0.575526,0.105626,3.83479,0.265127,-0.0019212,-0.00371232,0.44034,-0.294263,58.775,-0.00563352,1.60259,-0.3137910203076899,1.5803697686642408,0.149819,999,,,,,,,-0.4,-0.4,-0.4,-0.4,,,,,,,,,,,,,,,,,,,"Jorge Barrosa","23968",678489
"Jake Bauers","MIL",19,81,70,16,9,3,0,3,10,11,10,0,22,1,1,0,,2,1,0.225912,0.124474,0.277231,0.448989,0.327322,0.414412,0.326311,0.741735,0.1885,4.55587,0.280086,-0.0412092,0.0699916,10.2272,0.662009,106.573,0.0287825,-0.595481,0.6685670856386423,-1.8416230082511902,0.148137,999,,,,,,,90.5,4.763157894,90.5,4.763157894,,,,,,,,,,,,,,,,,,,"Jake Bauers","15194",641343
"Dansby Swanson","CHC",6,27,24,6,4,1,0,1,4,3,2,0,7,0,0,0,,1,0,0.238497,0.0897053,0.245053,0.366066,0.309584,0.412685,0.316673,0.722269,0.174188,5.82234,0.28537,0.0783589,0.0435861,3.19917,0.0107877,101.285,0.121945,0.115387,0.16362693533301353,0.40473855286836624,0.14728,152.30999755859375,,,,,,,29.8,4.966666666,29.8,4.966666666,,,,,,,,,,,,,,,,,,,"Dansby Swanson","18314",621020
"Carlos Narváez","BAL",11,42,38,8,5,2,0,1,4,4,4,0,12,0,0,0,,0,0,0.213206,0.0834773,0.284319,0.293604,0.285621,0.337051,0.278362,0.622673,0.123845,2.80491,0.280883,-0.0744655,-0.0283408,3.719,-1.29496,77.4512,-0.102806,0.312779,-1.213098019361496,1.1422546803951263,0.146313,443.010009765625,,,,,,,34,3.09090909,34,3.09090909,,,,,,,,,,,,,,,,,,,"Carlos Narvaez","19722",665966
"Christian Franklin","BAL",8,33,29,7,5,1,0,1,4,3,3,0,9,1,0,0,,1,0,0.223832,0.100039,0.25988,0.384944,0.312768,0.323232,0.289963,0.636,0.0993995,4.58465,0.297767,-0.00849754,0.0278592,3.24575,-0.707848,85.5193,0.0193617,1.01109,-0.5428705476224422,0.7757498174905777,0.144835,999,,,,,,,36.4,4.55,36.4,4.55,,,,,,,,,,,,,,,,,,,"Christian Franklin","29896",681047
"Tyler O'Neill","BAL",12,50,44,10,6,2,0,2,6,6,5,0,14,1,0,0,,1,0,0.230536,0.103231,0.274204,0.376476,0.316202,0.432836,0.327252,0.749038,0.2023,3.85237,0.276268,-0.0303365,0.0085087,6.31035,0.443721,111.452,-0.0218278,-0.343554,0.6379681136459112,-0.9839864075183868,0.144344,477.6400146484375,,,,,,,56.5,4.708333333,56.5,4.708333333,,,,,,,,,,,,,,,,,,,"Tyler O'Neill","15711",641933
"Alex Call","LAD",5,22,19,4,3,1,0,1,3,2,3,0,4,0,0,0,,0,0,0.238469,0.116062,0.18522,0.626616,0.332518,0.382635,0.319975,0.715153,0.144166,3.58572,0.273693,-0.0216228,-0.0269856,2.61686,0.0661534,101.826,-0.0486085,0.788646,-0.0012176558375358582,0.7114857882261276,0.143904,999,,,,,,,24.7,4.94,24.7,4.94,,,,,,,,,,,,,,,,,,,"Alex Call","19296",669743
"Christian Yelich","MIL",18,79,69,17,12,3,0,2,10,10,9,1,19,1,1,0,,2,1,0.249245,0.108198,0.245995,0.439836,0.334958,0.399307,0.323371,0.734266,0.150062,5.07144,0.311113,0.188963,0.121576,9.76746,0.457382,104.6,0.310539,0.011788,0.7462892532348633,-1.9133663224056363,0.141605,127.22000122070312,,,,,,,84.7,4.705555555,84.7,4.705555555,,,,,,,,,,,,,,,,,,,"Christian Yelich","11477",592885
"Brandon Valenzuela","TOR",12,46,42,9,6,2,0,1,5,5,4,0,12,0,0,0,,0,0,0.213659,0.0837313,0.266744,0.313901,0.279975,0.340483,0.275941,0.620458,0.126824,1.9883,0.27106,-0.0474471,-0.0641362,3.96503,-1.50252,74.5178,-0.111583,0.735203,-1.4798264801502228,1.2240921258926392,0.141336,999,,,,,,,35.6,2.966666666,35.6,2.966666666,,,,,,,,,,,,,,,,,,,"Brandon Valenzuela","23813",678218
"Vaughn Grissom","LAA",19,81,73,18,13,4,0,2,9,8,6,0,16,1,1,0,,1,0,0.244812,0.0705936,0.195304,0.361454,0.306927,0.365288,0.298718,0.672215,0.120476,3.6716,0.287711,-0.0180483,-0.0136581,8.42459,-1.14056,90.3363,-0.0317064,0.537828,-0.9394593201577663,-0.5462766289710999,0.1413,999,,,,,,,81.1,4.268421052,81.1,4.268421052,,,,,,,,,,,,,,,,,,,"Vaughn Grissom","26031",687093
"Jacob Melton","TBR",2,9,8,2,1,0,0,0,1,1,1,0,3,0,0,0,,1,0,0.215774,0.081786,0.287699,0.284277,0.282141,0.352163,0.282092,0.634305,0.13639,6.06762,0.283528,0.0369407,0.060835,0.814075,-0.247019,77.1355,0.0977757,1.25409,-0.1404827982187271,1.2059376314282417,0.141219,727.5700073242188,,,,,,,8.1,4.05,8.1,4.05,,,,,,,,,,,,,,,,,,,"Jacob Melton","31661",689200
"Jake Meyers","HOU",4,16,15,3,2,1,0,0,2,2,1,0,3,0,0,0,,0,0,0.229036,0.0814922,0.215726,0.377758,0.295802,0.329586,0.28116,0.625388,0.10055,5.34477,0.282883,0.00175765,0.0347434,1.4555,-0.457526,78.0363,0.036501,1.1973,-0.3761289156973362,1.1780109070241451,0.140411,738.1500244140625,,,,,,,7.7,1.925,7.7,1.925,,,,,,,,,,,,,,,,,,,"Jake Meyers","20308",676694
"Brett Baty","NYM",14,62,55,13,9,2,0,2,7,7,5,0,16,0,1,0,,1,0,0.235173,0.084118,0.255238,0.329567,0.303523,0.386626,0.30453,0.690149,0.151453,3.62098,0.288135,-0.02642,0.00189631,6.69121,-0.578303,92.6986,-0.0245236,0.323975,-0.5646180734038353,-0.057968974113464355,0.140028,292.9200134277344,,,,,,,59.3,4.235714285,59.3,4.235714285,,,,,,,,,,,,,,,,,,,"Brett Baty","26123",683146
"Eugenio Suárez","CIN",22,93,82,18,10,3,0,5,11,14,8,0,29,2,1,0,,0,0,0.222371,0.0868941,0.309071,0.281146,0.300764,0.442457,0.323103,0.743221,0.220086,2.60303,0.270843,-0.281995,-0.0816753,11.4868,0.51879,101.219,-0.363671,-0.117169,-0.22758187353610992,-1.4366130605340004,0.137302,97.91999816894531,,,,,,,104.5,4.75,104.5,4.75,,,,,,,,,,,,,,,,,,,"Eugenio Suarez","12552",553993
"Braden Montgomery","CHW",23,98,87,21,14,5,1,2,11,10,9,0,26,1,1,0,,1,1,0.238697,0.0874784,0.268582,0.325705,0.312169,0.375447,0.305091,0.687616,0.13675,4.78203,0.314402,-0.102687,-0.0769171,10.6656,-0.873758,94.1923,-0.179604,-0.234386,-0.8377459198236465,-1.2816081792116165,0.1371,999,,,,,,,98.7,4.291304347,98.7,4.291304347,,,,,,,,,,,,,,,,,,,"Braden Montgomery","35423",695731
"Taylor Trammell","HOU",12,53,47,10,6,2,0,2,6,6,6,0,16,1,0,0,,1,0,0.211489,0.105426,0.303194,0.34772,0.302658,0.369937,0.300195,0.672594,0.158448,4.20244,0.279739,-0.0149895,-0.0219385,5.5671,-0.68213,91.2748,-0.036928,0.539313,-0.5723967291414738,0.033911287784576416,0.13642,999,,,,,,,56.5,4.708333333,56.5,4.708333333,,,,,,,,,,,,,,,,,,,"Taylor Trammell","19960",666211
"Jo Adell","CLE",22,93,85,21,12,4,0,4,11,13,6,0,24,2,1,0,,1,0,0.242177,0.0593555,0.253399,0.234237,0.299499,0.437802,0.320537,0.737301,0.195625,3.99613,0.284089,-0.0865571,-0.0783766,11.2946,0.326607,105.12,-0.164934,-1.34939,0.3865753710269928,-2.344760537147522,0.13605,120.33000183105469,,,,,,,107.7,4.895454545,107.7,4.895454545,,,,,,,,,,,,,,,,,,,"Jo Adell","20220",666176
"Hao-Yu Lee","DET",6,27,25,6,4,1,0,1,3,3,2,0,6,0,0,0,,1,0,0.249523,0.0683435,0.219229,0.311744,0.306967,0.392035,0.308073,0.699003,0.142513,5.34353,0.298122,-0.0199634,0.0575874,3.00709,-0.17619,95.1096,0.037624,0.374766,-0.1152578853070736,0.47106222808361053,0.13379,999,,,,,,,28.8,4.8,28.8,4.8,,,,,,,,,,,,,,,,,,,"Hao-Yu Lee","30080",701678
"Jordan Lawlar","ARI",12,50,45,11,7,2,0,1,6,5,4,0,14,1,0,0,,2,1,0.235594,0.0798472,0.271721,0.293857,0.30564,0.377292,0.302642,0.682932,0.141697,6.07274,0.309663,0.124472,0.0860963,5.33354,-0.543293,89.0561,0.210568,-0.0617347,-0.44387727975845337,0.1160430982708931,0.131108,261.6499938964844,,,,,,,47.8,3.983333333,47.8,3.983333333,,,,,,,,,,,,,,,,,,,"Jordan Lawlar","29976",691783
"Pedro Pagés","STL",6,26,24,5,4,1,0,1,2,3,2,0,7,0,0,0,,0,0,0.222808,0.0630514,0.263633,0.239164,0.274642,0.350971,0.276523,0.625614,0.128163,2.47758,0.281703,-0.0383762,-0.0270035,2.20381,-0.818556,73.6331,-0.0653797,0.827906,-0.8762765824794769,1.3279058933258057,0.130719,748.2899780273438,,,,,,,22.3,3.716666666,22.3,3.716666666,,,,,,,,,,,,,,,,,,,"Pedro Pages","25782",686780
"Nolan Gorman","STL",12,54,48,10,6,2,0,2,6,7,6,0,18,0,0,0,,0,0,0.204905,0.107518,0.331298,0.324535,0.291585,0.381812,0.297457,0.673396,0.176907,2.70867,0.272494,-0.153476,-0.0544876,5.55256,-0.814008,87.684,-0.207964,0.633501,-1.005837008357048,0.5149823501706123,0.128186,653.1400146484375,,,,,,,50.6,4.216666666,50.6,4.216666666,,,,,,,,,,,,,,,,,,,"Nolan Gorman","22263",669357
"Richie Palacios","TBR",15,66,58,13,9,2,0,1,8,6,7,0,13,1,1,0,,2,1,0.221624,0.1088,0.198748,0.54743,0.312494,0.334543,0.292171,0.647037,0.112918,5.76301,0.265097,0.0713433,0.149784,6.5425,-1.28307,84.1451,0.221127,-0.288458,-0.9973383396863937,-0.09987765550613403,0.127676,999,,,,,,,55,3.666666666,55,3.666666666,,,,,,,,,,,,,,,,,,,"Richie Palacios","24589",680700
"Lane Thomas","ATL",12,53,47,11,7,2,0,2,6,6,5,0,14,1,1,0,,2,1,0.230703,0.092598,0.25962,0.356668,0.307892,0.389972,0.308289,0.697863,0.159268,5.47137,0.287208,0.0384775,0.0467537,5.91253,-0.336703,93.444,0.0852313,0.413737,-0.33166030049324036,-0.13796034455299377,0.127068,726.6699829101562,,,,,,,58.2,4.85,58.2,4.85,,,,,,,,,,,,,,,,,,,"Lane Thomas","16939",657041
"Mauricio Dubón","ATL",22,94,87,22,16,4,0,2,10,10,5,0,12,0,1,1,,1,0,0.253384,0.0549123,0.128544,0.427185,0.296363,0.362634,0.290908,0.658997,0.109249,3.93947,0.276873,-0.049964,-0.0604215,9.18063,-1.91494,81.7781,-0.110385,-0.032843,-2.1677041053771973,0.35681748390197754,0.125904,743.3800048828125,,,,,,,83.5,3.795454545,83.5,3.795454545,,,,,,,,,,,,,,,,,,,"Mauricio Dubon","16530",643289
"Tyler Tolbert","KCR",10,43,38,9,6,2,0,1,5,3,3,0,10,1,0,1,,5,1,0.224437,0.0636801,0.2381,0.267451,0.285909,0.326961,0.274305,0.61287,0.102523,8.1606,0.287444,0.231239,0.59421,3.58423,-1.43556,70.0686,0.82545,0.295748,-0.6500741839408875,0.3735255002975464,0.1255,999,,,,,,,46.3,4.63,46.3,4.63,,,,,,,,,,,,,,,,,,,"Tyler Tolbert","25779",686475
"Jorge Mateo","TBR",9,40,38,8,5,2,0,1,5,4,2,0,11,0,0,0,,3,1,0.222884,0.061446,0.277972,0.221051,0.272535,0.368039,0.281391,0.640574,0.145154,7.77822,0.287622,0.250679,0.331985,3.64047,-1.13445,76.6479,0.582664,0.0419915,-0.5123634338378906,0.2747075967490673,0.121971,999,,,,,,,30.9,3.433333333,30.9,3.433333333,,,,,,,,,,,,,,,,,,,"Jorge Mateo","17273",622761
"Josh Bell","MIN",20,84,75,18,12,3,0,3,10,11,8,0,16,1,1,0,,0,0,0.246045,0.0952953,0.193278,0.493048,0.321863,0.416086,0.324459,0.737949,0.170041,1.88056,0.273566,-0.289542,-0.133585,10.5104,0.56265,107.611,-0.423127,-0.19446,0.32043954730033875,-2.115756571292877,0.121425,636.3300170898438,,,,,,,89.7,4.485,89.7,4.485,,,,,,,,,,,,,,,,,,,"Josh Bell","13145",605137
"Miguel Amaya","CHC",13,52,46,10,7,2,0,1,6,6,4,0,12,1,0,0,,0,0,0.226614,0.0760564,0.224893,0.338189,0.301353,0.360322,0.29568,0.661674,0.133708,2.58986,0.273283,-0.114753,-0.0572635,5.24276,-0.853434,87.1943,-0.172016,-0.386376,-0.966380700469017,0.47782155871391296,0.12085,745.969970703125,,,,,,,40.2,3.092307692,40.2,3.092307692,,,,,,,,,,,,,,,,,,,"Miguel Amaya","21693",665804
"LaMonte Wade Jr.","HOU",8,36,30,7,4,1,0,1,4,3,5,0,8,1,0,0,,0,0,0.216719,0.136042,0.235507,0.577656,0.33497,0.34468,0.30915,0.67965,0.127961,2.55395,0.271625,-0.101189,-0.0503511,4.00668,-0.201992,97.5026,-0.15154,0.574876,-0.25476018339395523,0.1697838008403778,0.12021,999,,,,,,,39.5,4.9375,39.5,4.9375,,,,,,,,,,,,,,,,,,,"LaMonte Wade Jr.","18126",664774
"Leody Taveras","BAL",14,62,56,13,8,2,0,1,7,6,5,0,14,0,0,1,,2,1,0.226076,0.0753478,0.227163,0.33169,0.284539,0.357792,0.283685,0.642331,0.131715,6.34334,0.275079,0.125016,0.130477,5.65632,-1.6132,81.1535,0.255493,0.405273,-1.0899613797664642,0.08505743741989136,0.120068,999,,,,,,,48,3.428571428,48,3.428571428,,,,,,,,,,,,,,,,,,,"Leody Taveras","18900",665750
"Josh Lowe","LAA",18,79,72,17,10,4,0,2,9,9,6,0,22,0,1,0,,3,1,0.23145,0.0784124,0.274673,0.285476,0.294311,0.387904,0.2978,0.682215,0.156454,5.24879,0.294511,0.159132,0.261315,8.14153,-1.16856,89.6975,0.420446,-0.220178,-0.5215093791484833,-1.0959493517875671,0.120048,297.0899963378906,,,,,,,74.5,4.138888888,74.5,4.138888888,,,,,,,,,,,,,,,,,,,"Josh Lowe","19953",666139
"Miguel Rojas","LAD",8,35,31,8,6,2,0,1,4,3,2,0,5,0,0,0,,1,0,0.256412,0.0674014,0.134762,0.500152,0.306448,0.372371,0.298922,0.678819,0.115959,3.97661,0.278347,-0.0332077,0.0098351,3.60016,-0.480974,87.6951,-0.0233726,0.452544,-0.5343671683222055,0.5760004371404648,0.118528,999,,,,,,,36.9,4.6125,36.9,4.6125,,,,,,,,,,,,,,,,,,,"Miguel Rojas","7802",500743
"Zach McKinstry","DET",15,63,56,13,9,3,1,1,7,6,6,0,12,1,1,0,,2,1,0.232628,0.0890917,0.196524,0.453337,0.306688,0.355576,0.294903,0.662263,0.122948,5.69586,0.277661,0.0697653,0.0143725,6.34841,-1.07925,85.9498,0.0841378,0.489,-0.9407280385494232,-0.12890145182609558,0.118306,510.30999755859375,,,,,,,62.6,4.173333333,62.6,4.173333333,,,,,,,,,,,,,,,,,,,"Zach McKinstry","19392",656716
"Nolan Schanuel","LAA",14,59,52,14,10,2,0,1,7,6,6,0,8,1,0,0,,0,0,0.261609,0.104579,0.140682,0.743376,0.348414,0.372575,0.323436,0.720989,0.110966,2.89228,0.291742,-0.148942,-0.053178,7.36216,0.347713,107.526,-0.20212,-0.181569,0.3163207024335861,-1.2656739354133606,0.117926,594.6599731445312,,,,,,,62.6,4.471428571,62.6,4.471428571,,,,,,,,,,,,,,,,,,,"Nolan Schanuel","33189",694384
"Jake Mangum","PIT",14,59,55,15,12,3,0,0,7,5,3,0,10,1,1,0,,3,1,0.27473,0.0495256,0.170422,0.290606,0.316191,0.36329,0.300615,0.679481,0.0885598,6.14436,0.325723,0.147789,0.1564,6.23697,-0.741762,85.017,0.304189,0.411315,-0.7597962617874146,0.0002041459083557129,0.117905,672.4199829101562,,,,,,,52.6,3.757142857,52.6,3.757142857,,,,,,,,,,,,,,,,,,,"Jake Mangum","26202",663968
"Brock Rodden","SEA",9,40,36,8,5,2,0,1,4,4,3,0,10,0,0,0,,1,0,0.224593,0.0788636,0.244353,0.322745,0.293732,0.355962,0.2889,0.649694,0.13137,4.4937,0.278732,0,-0.00767979,3.83969,-0.879122,89.4625,-0.00767979,0,-0.4960005288012326,0.22762346267700195,0.117117,999,,,,,,,34.9,3.877777777,34.9,3.877777777,,,,,,,,,,,,,,,,,,,"Brock Rodden","33191",801126
"Ryan Kreidler","MIN",10,42,37,8,5,2,0,1,5,4,4,0,12,1,0,0,,1,0,0.212001,0.0893429,0.292572,0.30537,0.292657,0.333829,0.282541,0.626486,0.121827,5.05915,0.290007,0.00073407,0.00246632,3.83124,-1.14264,78.4592,0.00320039,0.496924,-1.048982521519065,0.693683534860611,0.116058,999,,,,,,,39.9,3.99,39.9,3.99,,,,,,,,,,,,,,,,,,,"Ryan Kreidler","25867",668952
"Donovan Walton","ATH",12,54,48,11,8,2,0,1,6,5,4,0,9,1,0,1,,0,0,0.238066,0.0814653,0.164163,0.496247,0.310495,0.346644,0.294617,0.657139,0.108578,3.14535,0.272675,-0.0796264,-0.0575869,5.43779,-0.938982,78.67,-0.137213,0.355922,-1.4729639142751694,0.6568480432033539,0.111994,999,,,,,,,43.8,3.65,43.8,3.65,,,,,,,,,,,,,,,,,,,"Donovan Walton","19314",622268
"Lars Nootbaar","ARI",16,69,60,15,9,3,0,2,8,7,9,0,14,0,1,0,,1,0,0.245468,0.126396,0.198185,0.637766,0.34392,0.398798,0.328727,0.742718,0.15333,3.84377,0.28777,-0.0391664,-0.113495,8.90616,0.703083,106.564,-0.152662,-0.475838,0.3952713906764984,-1.5610231757164001,0.110742,745.989990234375,,,,,,,80.4,5.025,80.4,5.025,,,,,,,,,,,,,,,,,,,"Lars Nootbaar","21454",663457
"Andruw Monasterio","BOS",11,48,43,10,7,2,0,1,6,5,4,0,11,1,0,0,,1,0,0.243227,0.0828511,0.22468,0.368751,0.311871,0.37837,0.305936,0.690241,0.135142,4.19936,0.295723,-0.0223712,-0.0272354,5.21906,-0.392494,91.8608,-0.0496066,-0.316731,-0.4981451742351055,-0.1006820797920227,0.110735,999,,,,,,,45.1,4.1,45.1,4.1,,,,,,,,,,,,,,,,,,,"Andruw Monasterio","19455",655316
"Jonny DeLuca","TBR",11,48,45,10,7,2,0,1,6,5,3,0,10,1,0,0,,2,0,0.232818,0.0605235,0.212168,0.285261,0.287069,0.36973,0.289753,0.656799,0.136912,5.93993,0.27637,0.122238,0.155713,4.67409,-1.0293,82.4637,0.277952,0.301733,-0.7042578160762787,0.07302975654602051,0.11024,999,,,,,,,42,3.818181818,42,3.818181818,,,,,,,,,,,,,,,,,,,"Jonny DeLuca","26365",676356
"Victor Caratini","MIN",12,46,41,10,7,2,0,1,5,5,4,0,9,1,1,0,,0,0,0.242862,0.0815089,0.189133,0.43096,0.318749,0.371975,0.307477,0.690724,0.129113,1.9399,0.277172,-0.153353,-0.0608272,5.15816,-0.325859,95.8013,-0.21418,-0.539664,-0.4403034746646881,-0.1307138204574585,0.109667,681.02001953125,,,,,,,45.2,3.766666666,45.2,3.766666666,,,,,,,,,,,,,,,,,,,"Victor Caratini","14968",605170
"Jeff McNeil","ATH",19,81,72,19,13,4,0,2,9,8,6,0,10,1,1,0,,1,0,0.256932,0.0769398,0.124787,0.616569,0.324478,0.385673,0.313522,0.710151,0.128741,4.22145,0.277165,-0.16737,-0.0280542,9.3917,-0.173455,91.8176,-0.195424,0.131512,-0.9640330523252487,-0.8522843420505524,0.107566,440.5199890136719,,,,,,,87.7,4.615789473,87.7,4.615789473,,,,,,,,,,,,,,,,,,,"Jeff McNeil","15362",643446
"Denzer Guzman","LAA",18,79,72,16,11,3,0,2,8,8,6,0,23,1,1,0,,1,0,0.225265,0.0701127,0.293209,0.239122,0.283916,0.355687,0.28338,0.639602,0.130422,3.91897,0.299569,-0.0248314,-0.0399127,7.22463,-2.08545,79.6691,-0.0647441,-0.105546,-1.9235927686095238,0.18380603939294815,0.107565,999,,,,,,,68,3.777777777,68,3.777777777,,,,,,,,,,,,,,,,,,,"Denzer Guzman","28816",694203
"Nathaniel Lowe","CLE",14,60,53,13,9,2,0,2,7,7,6,0,15,0,1,0,,0,0,0.251744,0.107338,0.240196,0.446875,0.334801,0.397166,0.324237,0.731966,0.145422,1.92009,0.311536,-0.155603,-0.090421,7.53509,0.393107,107.693,-0.246024,-0.257669,0.2935308367013931,-1.3842119872570038,0.107409,999,,,,,,,62.4,4.457142857,62.4,4.457142857,,,,,,,,,,,,,,,,,,,"Nathaniel Lowe","19566",663993
"Pedro Ramírez","CHC",15,64,58,15,11,3,0,1,7,7,4,0,12,1,0,0,,2,1,0.259306,0.0695758,0.185953,0.374158,0.319844,0.357649,0.3019,0.677493,0.0983436,4.87544,0.311258,0.069262,0.0335174,6.79086,-0.733722,91.3695,0.102779,0.013407,-0.5580319836735725,-0.4842781601473689,0.104339,999,,,,,,,60.1,4.006666666,60.1,4.006666666,,,,,,,,,,,,,,,,,,,"Pedro Ramirez","29218",699393
"Kyle Isbel","KCR",16,71,64,15,10,3,1,1,8,6,4,0,14,1,1,1,,1,0,0.233749,0.0618779,0.200631,0.308416,0.287429,0.3512,0.282625,0.638629,0.117451,5.35234,0.280771,0.103462,-0.00260291,6.4177,-1.90781,75.8553,0.100859,0.145371,-1.8732290044426918,0.39722275733947754,0.104332,999,,,,,,,60.7,3.79375,60.7,3.79375,,,,,,,,,,,,,,,,,,,"Kyle Isbel","21614",664728
"Austin Martin","MIN",5,21,18,4,3,1,0,0,2,2,2,0,4,0,0,0,,1,0,0.24979,0.111647,0.175667,0.635558,0.34415,0.350453,0.315462,0.694604,0.100663,5.1552,0.299524,0.0163639,0.0368469,2.41133,-0.011838,101.354,0.0532109,0.364169,0.08544234186410904,0.19827355444431305,0.103157,748.5599975585938,,,,,,,15.2,3.04,15.2,3.04,,,,,,,,,,,,,,,,,,,"Austin Martin","27462",668885
"Jhonny Pereda","SEA",6,22,20,5,4,1,0,0,2,2,2,0,5,0,0,0,,0,0,0.241296,0.0867782,0.225392,0.38501,0.309775,0.344383,0.293088,0.654158,0.103087,1.72258,0.301475,-0.0380696,-0.0339223,2.16075,-0.404528,92.3756,-0.0719918,0.078999,-0.2640689089894295,0.503381758928299,0.102977,999,,,,,,,16.9,2.816666666,16.9,2.816666666,,,,,,,,,,,,,,,,,,,"Jhonny Pereda","19802",640902
"Jonah Heim","ATH",17,68,63,14,9,3,0,2,7,8,5,0,13,0,1,0,,0,0,0.22656,0.0690963,0.195671,0.353124,0.283509,0.377751,0.29077,0.66126,0.151191,1.90648,0.251651,-0.141662,-0.0832157,6.67059,-1.40058,75.9941,-0.224878,-0.0197388,-2.127655178308487,0.7132859360426664,0.102833,999,,,,,,,57.9,3.405882352,57.9,3.405882352,,,,,,,,,,,,,,,,,,,"Jonah Heim","16930",641680
"Ryan Ritter","COL",5,22,19,5,4,1,0,0,2,2,2,0,6,0,0,0,,0,0,0.249754,0.0804751,0.265829,0.302732,0.315981,0.340049,0.294962,0.65603,0.0902956,4.3594,0.337957,0.000605071,-0.0204199,2.18112,-0.369585,71.684,-0.0198148,0.924617,-0.7547532822936773,1.055789828300476,0.102144,999,,,,,,,17.9,3.58,17.9,3.58,,,,,,,,,,,,,,,,,,,"Ryan Ritter","31500",690022
"Drew Gilbert","SFG",16,70,63,14,10,3,0,1,7,7,6,0,13,1,1,0,,1,0,0.228072,0.0827364,0.188472,0.438985,0.302616,0.356464,0.293316,0.659081,0.128392,4.33217,0.264649,-0.0505772,-0.10632,6.99546,-1.29434,85.692,-0.156897,-0.0462593,-1.3638250827789307,0.08105548471212387,0.101229,999,,,,,,,56.4,3.525,56.4,3.525,,,,,,,,,,,,,,,,,,,"Drew Gilbert","31545",687551
"Josh Smith","TOR",8,36,32,8,5,1,0,1,4,3,4,0,7,1,0,0,,1,0,0.237334,0.0969887,0.194456,0.498771,0.325534,0.353206,0.306033,0.67874,0.115872,4.53609,0.283462,-0.00136574,0.0141975,3.98828,-0.296909,95.4454,0.0128317,-0.0911891,-0.17883802857249975,-0.11711504496634007,0.101024,428.9100036621094,,,,,,,42,5.25,42,5.25,,,,,,,,,,,,,,,,,,,"Josh Smith","26396",669701
"Harry Ford","WSN",9,34,29,6,4,1,0,1,4,3,3,0,8,1,1,0,,1,0,0.221669,0.103144,0.250072,0.412456,0.313951,0.338896,0.294626,0.652847,0.117227,3.87597,0.281338,-0.0186077,-0.0163716,3.38497,-0.584218,82.3725,-0.0349792,-0.0114936,-0.7469336465001106,0.6451422106474638,0.100758,725.52001953125,,,,,,,30.8,3.422222222,30.8,3.422222222,,,,,,,,,,,,,,,,,,,"Harry Ford","29958",695670
"Jared Triolo","PIT",8,35,31,8,5,2,0,1,4,3,3,0,8,0,0,0,,1,0,0.243297,0.0953408,0.221329,0.430765,0.324268,0.348211,0.303291,0.672479,0.104914,4.83901,0.306864,0.0325636,0.0697551,3.7964,-0.366357,86.8135,0.102319,0.14084,-0.45624174177646637,0.29639582335948944,0.100253,735.5399780273438,,,,,,,39.9,4.9875,39.9,4.9875,,,,,,,,,,,,,,,,,,,"Jared Triolo","25807",669707
"Ramón Urías","STL",10,44,39,9,6,2,0,1,5,5,3,0,10,1,0,0,,0,0,0.238046,0.075332,0.219796,0.342735,0.305055,0.382298,0.304575,0.687352,0.144252,3.58451,0.282502,-0.0584885,-0.023386,4.73474,-0.407483,92.4615,-0.0818745,-0.0641324,-0.4763258025050163,0.04697868227958679,0.100179,999,,,,,,,38.6,3.86,38.6,3.86,,,,,,,,,,,,,,,,,,,"Ramon Urias","18795",602104
"Jung Hoo Lee","SFG",23,99,91,25,17,5,1,1,11,10,6,0,11,1,1,0,,2,0,0.270717,0.0637058,0.110266,0.577747,0.323164,0.396708,0.316726,0.719872,0.125991,5.1929,0.292404,0.0713479,-0.0297244,11.7772,0.0439564,101.404,0.0416235,-1.37372,0.20929645374417305,-2.453964352607727,0.0994946,339.44000244140625,,,,,,,103.4,4.495652173,103.4,4.495652173,,,,,,,,,,,,,,,,,,,"Jung Hoo Lee","33824",808982
"Dustin Harris","SDP",12,54,48,11,8,2,0,1,6,4,6,0,14,0,0,0,,2,1,0.234273,0.107227,0.265358,0.404084,0.31879,0.369226,0.308578,0.688016,0.134953,4.10952,0.30412,0,0.0126826,6.04578,-0.33099,97.7148,0.0126826,0,-0.1355974618345499,-0.6558641791343689,0.0977963,999,,,,,,,47.8,3.983333333,47.8,3.983333333,,,,,,,,,,,,,,,,,,,"Dustin Harris","25705",687957
"Andy Pages","LAD",4,16,15,4,2,1,0,1,2,2,1,0,3,0,0,0,,0,0,0.262036,0.070315,0.21144,0.332552,0.322063,0.45057,0.335776,0.772634,0.188534,4.88387,0.300744,-0.00275078,-0.00711492,2.1691,0.256071,112.432,-0.0098657,0.132946,0.2321336828172207,0.19081659242510796,0.0967288,133.4199981689453,,,,,,,22.7,5.675,22.7,5.675,,,,,,,,,,,,,,,,,,,"Andy Pages","24816",681624
"Victor Mesa Jr.","TBR",12,53,48,11,7,2,0,2,6,6,4,0,11,0,0,0,,1,0,0.228699,0.0747092,0.209993,0.35577,0.28999,0.395108,0.29998,0.685098,0.166409,4.57766,0.259317,0.00825605,-0.0373959,5.54432,-0.689611,89.5763,-0.0291399,0.245404,-0.6672839932143688,-0.2561396360397339,0.09667,999,,,,,,,52.1,4.341666666,52.1,4.341666666,,,,,,,,,,,,,,,,,,,"Victor Mesa Jr.","25999",683748
"Blake Perkins","CLE",3,13,12,3,2,1,0,0,2,1,1,0,3,0,0,0,,1,0,0.223221,0.100155,0.255936,0.391327,0.303053,0.3187,0.281827,0.621753,0.0954786,5.63397,0.297748,0.0159467,0.0490056,1.17138,-0.359049,78.1984,0.0649523,0.680277,-0.26271476596593857,0.6957092676311731,0.0910514,999,,,,,,,12.6,4.2,12.6,4.2,,,,,,,,,,,,,,,,,,,"Blake Perkins","19921",663368
"Jared Young","NYM",16,70,62,15,9,3,0,2,8,8,6,0,16,1,1,0,,1,0,0.236686,0.085377,0.232256,0.367599,0.311827,0.406049,0.315659,0.717876,0.169363,4.5123,0.27988,-0.0569772,-0.0253382,8.26045,-0.0293535,100.169,-0.0823154,-0.012021,-0.06809783354401588,-1.31989124417305,0.0904917,999,,,,,,,72.4,4.525,72.4,4.525,,,,,,,,,,,,,,,,,,,"Jared Young","20404",676724
"Gary Sánchez","MIL",7,29,25,5,3,1,0,1,4,4,3,0,7,1,0,0,,0,0,0.217904,0.110955,0.246735,0.449694,0.319433,0.40705,0.32238,0.726483,0.189146,2.37293,0.251724,-0.0695292,-0.0341785,3.51717,0.142944,103.935,-0.103708,-0.160036,0.0313960462808609,-0.07515914738178253,0.0900188,999,,,,,,,27.3,3.9,27.3,3.9,,,,,,,,,,,,,,,,,,,"Gary Sanchez","11442",596142
"Ke'Bryan Hayes","CIN",10,45,42,10,7,2,0,1,5,4,3,0,9,0,0,0,,1,0,0.232623,0.0643834,0.195334,0.329606,0.2862,0.346788,0.280461,0.632988,0.114165,4.98966,0.273476,0.0193116,-0.00561771,4.04984,-1.30664,72.5982,0.0136939,0.72489,-1.479850770905614,0.8869268447160721,0.0894864,999,,,,,,,40.1,4.01,40.1,4.01,,,,,,,,,,,,,,,,,,,"Ke'Bryan Hayes","18577",663647
"Connor Wong","BOS",6,26,23,5,4,1,0,1,3,2,2,0,6,0,0,0,,0,0,0.233324,0.0730412,0.243888,0.299487,0.302111,0.36147,0.295992,0.663582,0.128147,4.36752,0.294164,-0.0367912,0.00887901,2.61373,-0.417965,84.9445,-0.0279122,-0.0620906,-0.4761551432311535,0.4394526705145836,0.0890943,999,,,,,,,23.3,3.883333333,23.3,3.883333333,,,,,,,,,,,,,,,,,,,"Connor Wong","19896",657136
"Keibert Ruiz","WSN",13,53,49,12,8,3,0,1,5,6,3,0,6,1,0,0,,0,0,0.245747,0.0502058,0.115724,0.433839,0.289495,0.372644,0.290702,0.662139,0.126897,2.87077,0.25666,-0.152719,-0.0346132,5.13941,-1.08256,79.7385,-0.187332,-0.399536,-1.470130905508995,0.6297849714756012,0.0884734,720.3499755859375,,,,,,,48.3,3.715384615,48.3,3.715384615,,,,,,,,,,,,,,,,,,,"Keibert Ruiz","19610",660688
"Kerry Carpenter","DET",10,44,40,10,6,2,0,2,5,6,3,0,11,1,0,0,,0,0,0.241288,0.0690706,0.24728,0.279322,0.302473,0.448927,0.325017,0.7514,0.207639,3.9056,0.27812,-0.0702232,-0.0467849,5.48514,0.312304,106.893,-0.117008,-0.0523622,0.23317106813192368,-0.9230412617325783,0.0880093,236.22000122070312,,,,,,,52.6,5.26,52.6,5.26,,,,,,,,,,,,,,,,,,,"Kerry Carpenter","25961",681481
"Tyler Heineman","LAA",10,39,34,7,5,1,0,1,4,3,3,0,8,1,0,1,,0,0,0.208203,0.0669978,0.205158,0.326567,0.280787,0.294636,0.262163,0.575422,0.0864323,4.16617,0.25422,-0.0437049,-0.00355737,2.86993,-1.67762,64.9135,-0.0472622,0.356574,-1.6141984909772873,1.1088885068893433,0.0876947,999,,,,,,,29.5,2.95,29.5,2.95,,,,,,,,,,,,,,,,,,,"Tyler Heineman","13897",623168
"Javier Báez","DET",16,67,63,15,11,3,0,1,7,7,3,0,15,1,1,0,,1,0,0.237259,0.0374434,0.229493,0.163157,0.272926,0.352102,0.274827,0.625029,0.114843,4.49019,0.289617,0.0346618,0.00370208,5.71068,-2.24753,71.9877,0.0383639,0.274342,-2.1508934907615185,0.6194034814834595,0.0874219,740.6500244140625,,,,,,,53,3.3125,53,3.3125,,,,,,,,,,,,,,,,,,,"Javier Baez","12979",595879
"Griffin Conine","MIA",20,85,76,17,11,3,0,3,10,11,8,0,26,1,1,0,,1,0,0.228098,0.0948064,0.303413,0.312467,0.306156,0.398341,0.31073,0.704497,0.170243,3.36808,0.298481,-0.114647,-0.0581458,9.70041,-0.374881,94.053,-0.172793,0.0177543,-0.7824951559305191,-1.1512271258980036,0.0847992,999,,,,,,,85,4.25,85,4.25,,,,,,,,,,,,,,,,,,,"Griffin Conine","21626",665052
"Christian Vázquez","HOU",11,43,40,9,6,1,0,1,4,4,3,0,9,0,0,0,,0,0,0.217406,0.0652312,0.198166,0.329174,0.272448,0.31838,0.263959,0.590828,0.100974,2.49222,0.255664,-0.11313,-0.0535742,3.30081,-1.82976,66.074,-0.166704,0.309355,-1.8760543465614319,1.1581202149391174,0.0838511,999,,,,,,,31.7,2.881818181,31.7,2.881818181,,,,,,,,,,,,,,,,,,,"Christian Vazquez","9774",543877
"Alika Williams","ATH",16,67,61,15,11,3,0,1,7,6,4,0,14,1,0,1,,0,0,0.244853,0.0549136,0.207193,0.265036,0.295631,0.350735,0.287553,0.646366,0.105882,3.15822,0.299498,-0.0956265,-0.0795841,6.36134,-1.54585,73.7569,-0.175211,0.106814,-2.213054284453392,0.6546532213687897,0.0831136,999,,,,,,,56.1,3.50625,56.1,3.50625,,,,,,,,,,,,,,,,,,,"Alika Williams","27604",675961
"Travis d'Arnaud","LAA",9,36,33,7,4,2,0,1,4,4,2,0,10,1,0,0,,0,0,0.212394,0.0654643,0.286204,0.228733,0.275185,0.367751,0.284329,0.642935,0.155356,2.04225,0.269492,-0.0848197,-0.0436216,3.28465,-0.913083,80.329,-0.128441,-0.203602,-0.9393544346094131,0.4908425956964493,0.0827784,999,,,,,,,30.4,3.377777777,30.4,3.377777777,,,,,,,,,,,,,,,,,,,"Travis d'Arnaud","7739",518595
"Heriberto Hernández","MIA",19,82,73,17,10,3,0,3,10,10,8,0,23,1,1,0,,1,1,0.231594,0.0945256,0.275144,0.34355,0.30909,0.416543,0.317632,0.725633,0.184949,4.13797,0.285967,-0.0704671,-0.0657118,9.78899,0.0962976,98.6859,-0.136179,-0.143051,-0.26578521728515625,-1.593668282032013,0.0816644,999,,,,,,,85.2,4.484210526,85.2,4.484210526,,,,,,,,,,,,,,,,,,,"Heriberto Hernandez","24878",681715
"Austin Hedges","CLE",8,34,30,6,5,1,0,1,3,3,3,0,8,0,0,1,,0,0,0.21206,0.0818946,0.227656,0.359729,0.286085,0.320025,0.273537,0.60611,0.107965,2.53168,0.26011,-0.0590063,-0.0469643,2.80995,-1.15457,72.4331,-0.105971,0.132132,-1.1792513206601143,0.7879961878061295,0.0814797,999,,,,,,,24.9,3.1125,24.9,3.1125,,,,,,,,,,,,,,,,,,,"Austin Hedges","12976",595978
"Paul Goldschmidt","NYY",8,36,33,8,5,2,0,1,4,4,3,0,8,0,0,0,,0,0,0.248703,0.0808656,0.223995,0.361016,0.311227,0.411236,0.316568,0.722463,0.162533,3.23655,0.292733,-0.0704235,-0.0259227,4.2199,0.0112317,102.028,-0.0963462,0.229628,-0.012533627450466156,-0.4532424211502075,0.0813514,748.3599853515625,,,,,,,36,4.5,36,4.5,,,,,,,,,,,,,,,,,,,"Paul Goldschmidt","9218",502671
"Myles Straw","TOR",11,49,44,10,7,2,0,1,6,4,4,0,8,0,1,1,,2,0,0.237053,0.0736283,0.171722,0.428764,0.293355,0.337509,0.280358,0.630863,0.100456,6.08664,0.275221,0.138902,0.227804,4.34663,-1.40776,77.5895,0.366706,0.102541,-0.8997336328029633,-0.034495800733566284,0.0808826,999,,,,,,,43,3.909090909,43,3.909090909,,,,,,,,,,,,,,,,,,,"Myles Straw","17620",664702
"Luisangel Acuña","CHW",8,34,31,8,6,1,0,0,4,3,2,0,6,0,0,0,,2,1,0.247049,0.0551033,0.189063,0.291454,0.290311,0.339941,0.280059,0.630252,0.0928928,6.09958,0.295435,0.126682,0.143212,2.99754,-0.981564,76.7838,0.269895,-0.00359822,-0.6373186409473419,0.2291178370360285,0.0801968,395.510009765625,,,,,,,23.7,2.9625,23.7,2.9625,,,,,,,,,,,,,,,,,,,"Luisangel Acuna","26548",682668
"Bo Naylor","MIL",0,2,2,0,0,0,0,0,0,0,0,0,1,0,0,0,,0,0,0.196172,0.0918618,0.273955,0.335317,0.272858,0.362135,0.280354,0.634993,0.165963,3.09338,0.236968,-0.00224242,-0.00128986,0.17615,-0.0570579,75.7272,-0.00353228,0.72733,-0.06113203149288893,0.7659106329083443,0.0784499,574.2899780273438,,,,,,,-2,,-2,,,,,,,,,,,,,,,,,,,,"Bo Naylor","21865",666310
"Jose Trevino","CIN",12,46,43,10,7,2,0,1,5,5,3,0,8,0,0,0,,0,0,0.229919,0.0542523,0.167786,0.323343,0.273223,0.354554,0.276701,0.627777,0.124635,2.13639,0.253903,-0.0795876,-0.0477383,4.00277,-1.47761,70.0744,-0.127326,0.152051,-1.796156957745552,1.0586863458156586,0.0782052,999,,,,,,,37.2,3.1,37.2,3.1,,,,,,,,,,,,,,,,,,,"Jose Trevino","16725",624431
"Carson Williams","TBR",3,12,11,2,1,0,0,0,1,1,1,0,4,0,0,0,,0,0,0.205577,0.0769332,0.345701,0.222543,0.269328,0.361318,0.278654,0.630646,0.155741,5.68307,0.287819,0.000153236,0.029659,1.08509,-0.37391,74.7445,0.0298122,0.556116,-0.33205255307257175,0.6243259832262993,0.0745043,724.5499877929688,,,,,,,3.2,1.066666666,3.2,1.066666666,,,,,,,,,,,,,,,,,,,"Carson Williams","30038",700246
"Marcelo Mayer","SFG",11,48,43,10,7,2,0,1,5,5,4,0,11,0,0,0,,1,0,0.234253,0.0740364,0.230741,0.320864,0.293594,0.359983,0.288921,0.653577,0.12573,3.80724,0.287241,-0.0124309,0.0000316774,4.56695,-1.0446,82.7422,-0.0123993,0.00132917,-0.9978348035365343,0.1865143661852926,0.0743424,589.5399780273438,,,,,,,42.1,3.827272727,42.1,3.827272727,,,,,,,,,,,,,,,,,,,"Marcelo Mayer","29668",691785
"Elias Díaz","TEX",9,35,32,7,5,1,0,1,3,4,2,0,8,0,0,0,,0,0,0.218665,0.0592778,0.241655,0.245299,0.268005,0.342234,0.269628,0.610239,0.12357,2.13227,0.268075,-0.0928157,-0.0381881,2.78365,-1.29749,71.4226,-0.131004,0.075752,-1.2763492614030838,0.7509063631296158,0.0713572,999,,,,,,,25.5,2.833333333,25.5,2.833333333,,,,,,,,,,,,,,,,,,,"Elias Diaz","11680",553869
"Heliot Ramos","NYY",19,82,74,19,12,3,0,3,10,10,6,0,20,1,1,0,,1,0,0.249164,0.0724082,0.24953,0.290178,0.312767,0.419584,0.319619,0.732351,0.17042,4.31805,0.303969,-0.088347,-0.097931,9.92051,0.227825,104.15,-0.186278,-1.44735,0.20870330929756165,-2.4195748567581177,0.0712089,218.8000030517578,,,,,,,92.2,4.852631578,92.2,4.852631578,,,,,,,,,,,,,,,,,,,"Heliot Ramos","22515",671218
"Jose Siri","LAA",13,55,50,11,7,2,0,2,7,6,4,0,20,1,1,0,,1,0,0.213104,0.0637823,0.359225,0.177555,0.270177,0.379795,0.284837,0.649972,0.166691,5.58013,0.299516,0.059161,0.0777356,5.11209,-1.39221,80.6827,0.136897,0.0919364,-1.0970045328140259,-0.15883520245552063,0.071028,999,,,,,,,53.1,4.084615384,53.1,4.084615384,,,,,,,,,,,,,,,,,,,"Jose Siri","17452",642350
"Justin Crawford","PHI",19,82,75,20,15,3,1,1,10,7,5,0,16,0,1,1,,4,1,0.267621,0.0652139,0.199756,0.326468,0.318088,0.360252,0.301236,0.67834,0.0926314,6.4268,0.329945,0.224977,0.297411,8.70358,-0.98911,85.2834,0.522388,-1.33072,-0.9290906190872192,-1.037514716386795,0.0707299,999,,,,,,,80.6,4.242105263,80.6,4.242105263,,,,,,,,,,,,,,,,,,,"Justin Crawford","31791",702222
"Mickey Moniak","COL",18,77,71,18,11,3,1,4,10,11,4,0,19,1,1,0,,1,0,0.256506,0.0553995,0.248483,0.222951,0.301904,0.47198,0.332755,0.773884,0.215474,5.27821,0.299001,-0.0350585,-0.0167589,10.0803,1.02525,97.0506,-0.0518174,-0.122702,-0.32357413321733475,-1.4691526666283607,0.0706174,245.8300018310547,,,,,,,98.7,5.483333333,98.7,5.483333333,,,,,,,,,,,,,,,,,,,"Mickey Moniak","19956",666160
"Andrew Knizner","SFG",8,34,30,7,5,1,0,1,3,3,2,0,7,1,0,0,,0,0,0.224704,0.0740916,0.198151,0.373914,0.296859,0.339736,0.285558,0.636594,0.115032,2.66209,0.2653,-0.0458037,-0.038495,3.13544,-0.829084,80.4845,-0.0842987,-0.202565,-0.8715803176164627,0.45329926908016205,0.0683305,999,,,,,,,30.5,3.8125,30.5,3.8125,,,,,,,,,,,,,,,,,,,"Andrew Knizner","19514",668800
"Sung-Mun Song","SDP",8,35,31,7,5,1,0,1,4,3,3,0,6,0,0,0,,1,0,0.230207,0.0837203,0.184894,0.452802,0.295636,0.338684,0.283544,0.634321,0.108477,4.76429,0.268581,0.0554142,0.0836621,3.17154,-0.909593,80.9126,0.139076,0.0368496,-0.6535827070474625,0.198886688798666,0.0678796,999,,,,,,,31.4,3.925,31.4,3.925,,,,,,,,,,,,,,,,,,,"Sung-Mun Song","37122",823550
"Christian Moore","LAA",14,63,56,12,8,2,0,2,7,6,6,0,19,0,0,0,,1,0,0.221216,0.0928137,0.310575,0.298844,0.296155,0.352061,0.289663,0.648216,0.130845,4.63946,0.307555,-0.0196409,0.0361909,6.05753,-1.33952,84.0386,0.01655,-0.596217,-1.142931504175067,-0.41874808073043823,0.0671569,748.3499755859375,,,,,,,55.7,3.978571428,55.7,3.978571428,,,,,,,,,,,,,,,,,,,"Christian Moore","34979",695681
"Amed Rosario","NYY",8,32,30,8,6,1,0,1,4,4,2,0,6,0,0,0,,1,0,0.257184,0.0513128,0.20049,0.255937,0.297432,0.388355,0.301163,0.685787,0.131171,4.74279,0.301991,0.0532741,0.0261132,3.43371,-0.392353,91.3139,0.0793873,-0.361764,-0.2469833791255951,-0.24602362513542175,0.0668561,999,,,,,,,35,4.375,35,4.375,,,,,,,,,,,,,,,,,,,"Amed Rosario","15518",642708
"Ha-Seong Kim","ATL",10,41,36,8,6,2,0,1,5,4,4,0,8,0,0,0,,1,0,0.227513,0.108084,0.192768,0.560697,0.313442,0.343376,0.295739,0.656818,0.115863,5.15591,0.268006,0.0429215,0.119131,4.16984,-0.676502,85.0208,0.162053,-0.528959,-0.5766364187002182,-0.10457614064216614,0.066192,748.3800048828125,,,,,,,37.9,3.79,37.9,3.79,,,,,,,,,,,,,,,,,,,"Ha-Seong Kim","27506",673490
"Andrew Benintendi","CHW",19,81,73,18,12,3,0,3,9,10,7,0,16,0,1,0,,0,0,0.244338,0.0845176,0.191641,0.44102,0.310502,0.403462,0.312862,0.713964,0.159125,3.71473,0.275433,-0.14163,-0.0553661,9.33358,-0.21627,99.5966,-0.196996,-0.000663137,-0.23482604324817657,-1.9907866472494788,0.0653305,735.8099975585938,,,,,,,85.7,4.510526315,85.7,4.510526315,,,,,,,,,,,,,,,,,,,"Andrew Benintendi","17901",643217
"Tyrone Taylor","CHC",8,33,31,7,5,1,0,1,4,4,2,0,7,1,0,0,,1,0,0.231626,0.0545676,0.22156,0.246288,0.287377,0.372897,0.291286,0.660273,0.141271,5.78271,0.277071,0.0387823,0.0558019,3.28146,-0.672132,84.245,0.0945842,0.39595,-0.5392392873764038,0.08344995975494385,0.0641968,999,,,,,,,31.4,3.925,31.4,3.925,,,,,,,,,,,,,,,,,,,"Tyrone Taylor","13675",621438
"Oswald Peraza","LAA",11,48,44,9,6,2,0,1,5,4,3,0,13,1,0,0,,2,0,0.215435,0.0603845,0.273564,0.220733,0.273855,0.339494,0.272845,0.613349,0.124059,5.13396,0.275492,0.0901938,0.0906756,3.95083,-1.66073,72.3427,0.180869,0.103637,-1.3432746976613998,0.25795772671699524,0.0610906,999,,,,,,,37.4,3.4,37.4,3.4,,,,,,,,,,,,,,,,,,,"Oswald Peraza","22823",672724
"Nick Sogard","BOS",13,55,48,11,8,2,0,1,6,5,6,0,12,1,0,0,,1,0,0.23412,0.10412,0.212305,0.490424,0.31973,0.329501,0.294056,0.649231,0.0953818,4.10776,0.292853,-0.0584892,-0.0106118,5.52162,-0.982687,83.5986,-0.069101,-0.415057,-1.1167483925819397,-0.24144558608531952,0.0605832,999,,,,,,,51.7,3.976923076,51.7,3.976923076,,,,,,,,,,,,,,,,,,,"Nick Sogard","25483",686765
"Leo Rivas","SEA",2,10,8,2,1,0,0,0,1,1,1,0,2,0,0,0,,0,0,0.209003,0.129733,0.255984,0.506801,0.315992,0.290046,0.281323,0.606038,0.0810424,5.46841,0.282976,0.0158686,0.0361086,0.87458,-0.273239,84.193,0.0519772,0.302083,-0.12620148062705994,0.3753858134150505,0.0605778,999,,,,,,,6.2,3.1,6.2,3.1,,,,,,,,,,,,,,,,,,,"Leo Rivas","21009",660844
"Willi Castro","COL",19,83,74,19,12,4,1,2,10,9,7,0,20,2,1,0,,2,1,0.251074,0.0814033,0.239616,0.339724,0.327143,0.404307,0.323353,0.73145,0.153232,5.58699,0.312595,0.0242652,0.0421904,10.3015,0.481237,90.7395,0.0664555,-1.41244,-0.8589167147874832,-1.2696925550699234,0.0577694,256.3399963378906,,,,,,,96.5,5.078947368,96.5,5.078947368,,,,,,,,,,,,,,,,,,,"Willi Castro","17338",650489
"Nick Fortes","TBR",10,39,36,8,6,2,0,1,4,4,2,0,6,1,0,1,,0,0,0.231501,0.0490534,0.165752,0.295944,0.282951,0.342113,0.278205,0.625064,0.110613,2.79077,0.262322,-0.0364306,-0.0395641,3.41309,-1.19509,74.4325,-0.0759947,-0.359399,-1.2330403327941895,0.4029466509819031,0.0564087,999,,,,,,,33,3.3,33,3.3,,,,,,,,,,,,,,,,,,,"Nick Fortes","21538",663743
"Austin Hays","SDP",8,36,33,8,5,2,0,1,4,4,2,0,9,0,0,0,,1,0,0.246511,0.0650024,0.249117,0.260931,0.300389,0.406103,0.308706,0.706493,0.159593,4.5951,0.301553,-0.0256821,0.0220775,3.9939,-0.214764,97.801,-0.00360461,0.083495,-0.09777996432967484,-0.5144988223910332,0.0553702,572.469970703125,,,,,,,34.9,4.3625,34.9,4.3625,,,,,,,,,,,,,,,,,,,"Austin Hays","19363",669720
"Joey Bart","CHW",3,13,12,3,2,0,0,0,2,1,1,0,4,0,0,0,,0,0,0.232144,0.0900139,0.271161,0.331957,0.321201,0.378668,0.31368,0.699869,0.146524,2.52833,0.299484,-0.0315946,-0.0173125,1.54959,-0.0268902,100.166,-0.0489071,-0.144986,-0.04634037031792104,0.11581644415855408,0.0553663,999,,,,,,,7.8,2.6,7.8,2.6,,,,,,,,,,,,,,,,,,,"Joey Bart","21524",663698
"Ali Sánchez","NYY",5,21,19,4,3,1,0,0,2,2,1,0,5,0,0,0,,0,0,0.218334,0.0640934,0.242599,0.264195,0.27124,0.326393,0.266506,0.597633,0.108058,2.27823,0.271153,-0.0326623,-0.0250275,1.61797,-0.830707,67.2113,-0.0576898,0.248411,-0.846168078482151,0.6535032987594604,0.0553252,999,,,,,,,9.3,1.86,9.3,1.86,,,,,,,,,,,,,,,,,,,"Ali Sanchez","18551",645305
"Randal Grichuk","CHW",9,40,38,9,6,2,0,1,5,5,2,0,9,0,0,0,,0,0,0.245141,0.0599963,0.211819,0.283243,0.295739,0.419441,0.311402,0.71518,0.1743,2.79563,0.279674,-0.0247215,-0.0444932,4.6192,-0.155721,98.5818,-0.0692147,-0.00850266,-0.13571544736623764,-0.7628237027674913,0.0545303,999,,,,,,,33.6,3.733333333,33.6,3.733333333,,,,,,,,,,,,,,,,,,,"Randal Grichuk","10243",545341
"Bryce Teodosio","LAA",3,12,11,2,2,0,0,0,1,1,1,0,4,0,0,0,,1,0,0.204678,0.0544004,0.315127,0.17263,0.264094,0.310468,0.258256,0.574562,0.10579,6.39323,0.286981,0.0421198,0.0582737,0.84792,-0.554969,62.1963,0.100393,0.599077,-0.4204299971461296,0.533490926027298,0.054498,999,,,,,,,5.1,1.7,5.1,1.7,,,,,,,,,,,,,,,,,,,"Bryce Teodosio","29524",669326
"Osleivis Basabe","SFG",14,63,58,14,10,3,0,1,6,6,3,0,11,1,0,0,,1,0,0.236385,0.0507463,0.177126,0.286498,0.283004,0.339024,0.276563,0.622028,0.102639,4.63204,0.275626,-0.00510666,0.0217181,5.39573,-2.00132,74.4474,0.0166115,0.0381628,-1.9067165739834309,0.3931010961532593,0.0526735,999,,,,,,,52.4,3.742857142,52.4,3.742857142,,,,,,,,,,,,,,,,,,,"Osleivis Basabe","23985",678545
"Tanner Murray","CHW",1,3,3,1,1,0,0,0,0,0,0,0,1,0,0,0,,0,0,0.227701,0.0483731,0.230887,0.20951,0.268363,0.309185,0.257336,0.577547,0.0814839,4.012,0.286824,-0.00330414,-0.00352405,0.238001,-0.15991,60.9807,-0.00682819,0.531285,-0.15930290333926678,0.5513465367257595,0.0521916,999,,,,,,,2.6,2.6,2.6,2.6,,,,,,,,,,,,,,,,,,,"Tanner Murray","28848",695020
"Owen Caissie","MIA",17,72,65,15,9,3,0,2,8,9,6,0,24,1,1,0,,1,0,0.228654,0.089551,0.324718,0.275781,0.302487,0.395946,0.307426,0.698432,0.167292,3.4714,0.313538,-0.0261009,-0.070507,8.03415,-0.510719,91.8358,-0.0966079,-0.0688001,-0.8064792081713676,-1.029448240995407,0.051924,528.5,,,,,,,69.4,4.082352941,69.4,4.082352941,,,,,,,,,,,,,,,,,,,"Owen Caissie","27496",683357
"Edmundo Sosa","PHI",9,39,36,9,6,2,0,1,5,5,2,0,9,1,0,0,,0,0,0.24354,0.0412346,0.221727,0.18597,0.286342,0.394054,0.296737,0.680396,0.150514,4.9178,0.28659,0.0301974,0.00133023,3.98168,-0.609589,82.264,0.0315277,0.314454,-0.7970775663852692,0.03667575120925903,0.0509686,999,,,,,,,38.6,4.288888888,38.6,4.288888888,,,,,,,,,,,,,,,,,,,"Edmundo Sosa","17022",624641
"Jake Fraley","TBR",4,17,15,3,2,1,0,0,2,2,2,0,4,0,0,0,,1,0,0.229303,0.0913229,0.219579,0.415899,0.302943,0.357141,0.294427,0.660084,0.127837,4.66054,0.275799,0.00715854,0.0273307,1.69401,-0.295544,85.7144,0.0344893,0.327371,-0.2446286901831627,0.14681550860404968,0.0509446,999,,,,,,,12.6,3.15,12.6,3.15,,,,,,,,,,,,,,,,,,,"Jake Fraley","19260",641584
"Graham Pauley","MIA",4,19,18,4,2,1,0,1,2,2,2,0,4,0,0,0,,0,0,0.215184,0.0805032,0.229151,0.35131,0.288196,0.359961,0.288382,0.648157,0.144776,3.98165,0.256847,-0.00801149,0.0109702,1.85984,-0.435793,79.0536,0.00295874,0.362311,-0.48633823241107166,0.3545949552208185,0.0508383,999,,,,,,,22.7,5.675,22.7,5.675,,,,,,,,,,,,,,,,,,,"Graham Pauley","31363",688363
"Daniel Schneemann","CLE",6,24,21,5,3,1,0,1,3,2,2,0,6,0,0,0,,1,0,0.219177,0.0941386,0.269195,0.349704,0.294115,0.353223,0.288906,0.647338,0.134046,4.34528,0.283679,-0.0142922,0.0232472,2.28318,-0.522601,83.1217,0.00895503,0.155903,-0.4561124471947551,0.10960650071501732,0.0505618,999,,,,,,,27.2,4.533333333,27.2,4.533333333,,,,,,,,,,,,,,,,,,,"Daniel Schneemann","25180",682177
"Kyle Manzardo","CLE",5,22,19,4,2,1,0,1,3,3,2,0,5,0,0,0,,0,0,0.234074,0.0979536,0.253211,0.386845,0.321975,0.447939,0.336323,0.769914,0.213866,2.3381,0.272193,-0.0332564,-0.022144,2.90166,0.35095,116.098,-0.0554004,-0.178359,0.3478524833917618,-0.6181738078594208,0.0505251,253.4600067138672,,,,,,,21.7,4.34,21.7,4.34,,,,,,,,,,,,,,,,,,,"Kyle Manzardo","29794",700932
"James McCann","ARI",6,22,20,5,3,1,0,1,2,3,1,0,5,0,0,0,,0,0,0.243738,0.0520313,0.251695,0.206723,0.291867,0.382891,0.29696,0.674758,0.139153,2.67568,0.304362,-0.0544521,-0.0232242,2.23669,-0.337923,85.2425,-0.0776763,-0.176098,-0.46429452300071716,0.24982750415802002,0.0502085,999,,,,,,,23.3,3.883333333,23.3,3.883333333,,,,,,,,,,,,,,,,,,,"James McCann","12859",543510
"Edwin Arroyo","CIN",8,36,33,8,6,2,0,1,4,3,2,0,7,1,0,0,,1,0,0.248969,0.0538517,0.207439,0.259603,0.301524,0.354243,0.291912,0.655767,0.105274,4.45287,0.304353,-0.0229486,0.0313539,3.51119,-0.697477,80.2845,0.00840529,0.00194165,-0.8359228707849979,0.14468856249004602,0.0473132,999,,,,,,,37.9,4.7375,37.9,4.7375,,,,,,,,,,,,,,,,,,,"Edwin Arroyo","29957",695490
"Victor Scott II","STL",5,21,18,4,3,1,0,0,2,2,2,0,5,0,0,0,,1,0,0.217913,0.0773282,0.230276,0.335807,0.292312,0.315258,0.275236,0.60757,0.0973453,6.15027,0.276622,0.113326,0.11679,1.76398,-0.684697,72.7696,0.230116,0.162923,-0.4483751803636551,0.23699720203876495,0.0469974,391.1300048828125,,,,,,,15.2,3.04,15.2,3.04,,,,,,,,,,,,,,,,,,,"Victor Scott II","31349",687363
"Cody Freeman","TEX",11,49,45,11,7,2,0,1,6,6,3,0,8,0,0,0,,0,0,0.236143,0.0579469,0.164571,0.35211,0.281982,0.352192,0.280033,0.634174,0.116049,3.68062,0.267896,-0.0410288,-0.0468772,4.32234,-1.41675,78.6588,-0.087906,-0.021868,-1.2907135263085365,0.028286363929510117,0.0469227,999,,,,,,,40.8,3.709090909,40.8,3.709090909,,,,,,,,,,,,,,,,,,,"Cody Freeman","25629",683227
"Yohandy Morales","WSN",2,7,6,2,1,0,0,0,1,1,1,0,2,0,0,0,,0,0,0.238402,0.0735344,0.284872,0.258132,0.296923,0.40031,0.305051,0.697233,0.161907,2.70432,0.308847,-0.00504503,-0.00897619,0.758912,-0.0624156,89.3691,-0.0140212,0.44274,-0.10286871995776892,0.31851204484701157,0.0450042,999,,,,,,,8.2,4.1,8.2,4.1,,,,,,,,,,,,,,,,,,,"Yohandy Morales","sa3022672",691002
"Petey Halpin","CLE",6,27,25,6,4,1,0,1,3,2,2,0,7,0,0,0,,1,0,0.22927,0.0667171,0.269466,0.24759,0.282309,0.346025,0.278952,0.628335,0.116756,4.87378,0.300917,0.0231529,0.0217841,2.37776,-0.810626,76.1989,0.044937,0.0864515,-0.7003105767071247,0.18290209025144577,0.0448385,999,,,,,,,28.8,4.8,28.8,4.8,,,,,,,,,,,,,,,,,,,"Petey Halpin","27931",690984
"Mike Yastrzemski","ATL",16,69,60,14,8,3,0,2,9,8,7,0,16,1,1,0,,1,0,0.229909,0.106554,0.231808,0.459663,0.317386,0.401695,0.316892,0.719081,0.171786,3.99114,0.271836,-0.0533607,-0.0289504,8.20208,0.039814,99.2183,-0.082311,-0.681341,-0.14723322540521622,-1.6535627245903015,0.0447953,656.0999755859375,,,,,,,71.8,4.4875,71.8,4.4875,,,,,,,,,,,,,,,,,,,"Mike Yastrzemski","14854",573262
"Jesus Rodriguez","SFG",1,3,3,1,1,0,0,0,0,0,0,0,0,0,0,0,,0,0,0.257991,0.079074,0.156109,0.50653,0.318727,0.33952,0.294907,0.658247,0.0815294,3.75923,0.300746,-0.0000650169,-0.00304199,0.298994,-0.0508173,86.7598,-0.00310701,0.323259,-0.05023584235459566,0.38112927600741386,0.0435616,999,,,,,,,2.6,2.6,2.6,2.6,,,,,,,,,,,,,,,,,,,"Jesus Rodriguez","26991",683679
"Enrique Hernández","LAD",12,52,48,11,7,2,0,2,6,6,4,0,12,0,0,0,,0,0,0.225939,0.0718481,0.231703,0.310087,0.282246,0.375902,0.289629,0.658149,0.149963,2.83434,0.267866,-0.025824,-0.0467809,5.01173,-1.10996,81.4583,-0.072605,-0.113321,-1.2276000529527664,-0.02844475954771042,0.0432451,999,,,,,,,50.2,4.183333333,50.2,4.183333333,,,,,,,,,,,,,,,,,,,"Enrique Hernandez","10472",571771
"Jorbit Vivas","WSN",8,33,29,7,5,1,0,0,3,3,3,0,5,1,0,0,,0,0,0.233595,0.095613,0.145045,0.659195,0.322572,0.32214,0.293683,0.644711,0.0885451,3.47992,0.264994,-0.0206353,-0.0453323,3.27711,-0.594867,81.739,-0.0659676,0.168738,-0.7854419872164726,0.14389267191290855,0.0429552,999,,,,,,,25.1,3.1375,25.1,3.1375,,,,,,,,,,,,,,,,,,,"Jorbit Vivas","23917",678391
"TJ Rumfield","COL",20,89,79,21,14,4,0,2,10,11,8,0,16,1,1,0,,0,0,0.260077,0.0877482,0.175348,0.500422,0.332607,0.398504,0.323754,0.731111,0.138427,2.92454,0.296668,-0.201904,-0.0759799,10.9991,0.541169,91.009,-0.277884,0.41648,-1.2346625626087189,-1.2193228602409363,0.0424223,999,,,,,,,96,4.8,96,4.8,,,,,,,,,,,,,,,,,,,"TJ Rumfield","29805",681198
"Christopher Morel","NYM",5,23,20,4,3,1,0,1,3,3,2,0,7,0,0,0,,0,0,0.220779,0.092219,0.302594,0.304762,0.300578,0.402597,0.308552,0.703175,0.181818,5.28696,0.286458,0.0193777,-0.00332818,2.53875,-0.139488,95.3982,0.0160495,0.0629214,-0.10936208069324493,-0.21099840104579926,0.0423045,999,,,,,,,20.7,4.14,20.7,4.14,,,,,,,,,,,,,,,,,,,"Christopher Morel","21897",666624
"Brian Serven","ATH",10,41,37,8,5,2,0,1,4,4,3,0,12,1,0,0,,0,0,0.210477,0.0765277,0.297903,0.256888,0.28205,0.326812,0.274191,0.608863,0.116335,2.33429,0.287193,-0.0611602,-0.0515597,3.49302,-1.40434,64.4646,-0.11272,-0.0436675,-1.821776993572712,0.7665177173912525,0.042287,999,,,,,,,35,3.5,35,3.5,,,,,,,,,,,,,,,,,,,"Brian Serven","19422",661531
"Jacob Gonzalez","PIT",8,36,33,7,5,1,0,1,4,4,3,0,9,0,0,0,,1,0,0.224593,0.0788635,0.244353,0.322745,0.293732,0.355962,0.2889,0.649694,0.13137,4.4937,0.278732,0,-0.00697407,3.48685,-0.798338,77.1537,-0.00697407,0,-1.0031686155125499,0.24074074625968933,0.0421909,999,,,,,,,29.4,3.675,29.4,3.675,,,,,,,,,,,,,,,,,,,"Jacob Gonzalez","33225",694378
"Alejandro Osuna","TEX",4,17,15,4,3,1,0,0,2,1,2,0,3,0,0,0,,0,0,0.243244,0.0896887,0.197279,0.45463,0.318568,0.340216,0.296557,0.658784,0.0969722,4.51357,0.299421,0.00209233,-0.00531604,1.76712,-0.273447,90.1505,-0.00322371,0.146736,-0.20060111279599369,-0.007585301995277405,0.0412437,999,,,,,,,16.3,4.075,16.3,4.075,,,,,,,,,,,,,,,,,,,"Alejandro Osuna","27915",696030
"A.J. Ewing","NYM",20,85,76,17,12,3,0,2,9,9,7,0,21,1,1,1,,1,0,0.224593,0.0788636,0.244353,0.322745,0.293732,0.355962,0.2889,0.649694,0.13137,4.4937,0.278732,0,-0.0163974,8.19825,-1.87705,82.2078,-0.0163974,0,-1.840487154200673,-0.5285493731498718,0.0403773,999,,,,,,,72.6,3.63,72.6,3.63,,,,,,,,,,,,,,,,,,,"A.J. Ewing","33656",805999
"Spencer Jones","NYY",8,35,31,7,4,2,0,2,4,4,3,0,13,0,0,0,,1,0,0.222312,0.0869685,0.370478,0.234747,0.292472,0.419544,0.310777,0.712016,0.197233,5.34239,0.318516,0.0344025,0.0982182,3.93061,-0.150522,98.0004,0.132621,-0.559963,0.05248057097196579,-0.8840373456478119,0.0401196,999,,,,,,,43.7,5.4625,43.7,5.4625,,,,,,,,,,,,,,,,,,,"Spencer Jones","31532",682987
"Jonah Cox","SFG",6,26,23,5,4,1,0,1,3,3,2,0,6,0,0,0,,0,0,0.224593,0.0788635,0.244353,0.322745,0.293732,0.355962,0.2889,0.649694,0.13137,4.4937,0.278732,0,-0.00498149,2.49061,-0.570242,82.7275,-0.00498149,0,-0.5429490497335792,0.09259258955717087,0.0397526,999,,,,,,,23.3,3.883333333,23.3,3.883333333,,,,,,,,,,,,,,,,,,,"Jonah Cox","33270",813841
"Victor Robles","SEA",3,12,11,3,2,0,0,0,1,1,1,0,3,0,0,0,,1,0,0.241482,0.0642171,0.212709,0.301901,0.309247,0.330741,0.28906,0.639988,0.0892584,5.94342,0.302166,0.0282107,0.0594158,1.14307,-0.259819,89.5744,0.0876265,0.102636,-0.056007929146289825,0.021617524325847626,0.0394512,727.5399780273438,,,,,,,10.7,3.566666666,10.7,3.566666666,,,,,,,,,,,,,,,,,,,"Victor Robles","18363",645302
"Andrew Vaughn","MIL",17,75,67,17,11,3,0,2,8,10,6,0,14,1,1,0,,0,0,0.25539,0.0820967,0.184452,0.445083,0.322205,0.411419,0.322541,0.733624,0.156029,1.54152,0.287221,-0.206965,-0.102271,9.1824,0.382458,104.043,-0.309236,-0.852539,0.05277559161186218,-2.08324933052063,0.0392138,272.2699890136719,,,,,,,76.7,4.511764705,76.7,4.511764705,,,,,,,,,,,,,,,,,,,"Andrew Vaughn","26197",683734
"Carlos Correa","HOU",2,8,7,2,1,0,0,0,1,1,1,0,1,0,0,0,,0,0,0.270949,0.10019,0.192282,0.521059,0.345755,0.42507,0.338599,0.770825,0.154121,1.9426,0.314376,0,-0.0107906,1.02946,0.136712,117.983,-0.0107906,0,0.14687272068113089,-0.0347222238779068,0.0387831,281.2300109863281,,,,,,,7.2,3.6,7.2,3.6,,,,,,,,,,,,,,,,,,,"Carlos Correa","14162",621043
"Blaze Jordan","STL",4,19,17,4,3,1,0,0,2,2,1,0,3,0,0,0,,0,0,0.258207,0.0534634,0.135011,0.395992,0.302142,0.389556,0.302658,0.691698,0.131349,3.47564,0.280856,-0.0219844,-0.0249218,2.00032,-0.203487,91.175,-0.0469062,0.0862521,-0.24480769410729408,0.019585438072681427,0.0387279,999,,,,,,,11.3,2.825,11.3,2.825,,,,,,,,,,,,,,,,,,,"Blaze Jordan","28199",691458
"Drew Romo","CHW",5,21,19,4,3,1,0,0,2,2,1,0,6,0,0,0,,0,0,0.205586,0.059729,0.314892,0.189681,0.263872,0.322541,0.262074,0.586413,0.116955,2.69691,0.283972,-0.00981269,-0.0319771,1.52915,-0.896206,64.2758,-0.0417898,0.137702,-0.8926772475242615,0.5389364212751389,0.0381739,999,,,,,,,9.3,1.86,9.3,1.86,,,,,,,,,,,,,,,,,,,"Drew Romo","27763",691011
"Rafael Marchán","PHI",4,14,13,3,2,1,0,0,1,1,1,0,2,0,0,0,,0,0,0.21204,0.0718261,0.17487,0.41074,0.273492,0.314013,0.263666,0.587505,0.101973,2.94638,0.244209,-0.019823,-0.0134064,1.04698,-0.585468,60.0665,-0.0332294,0.343702,-0.6965700499713421,0.6137633323669434,0.0372617,999,,,,,,,9.7,2.425,9.7,2.425,,,,,,,,,,,,,,,,,,,"Rafael Marchan","21646",665561
"Rhys Hoskins","CLE",9,38,32,7,4,1,0,2,4,5,5,0,10,0,0,0,,0,0,0.216384,0.120729,0.277452,0.435134,0.318632,0.407528,0.320551,0.726161,0.191144,2.60588,0.263306,-0.109261,-0.0387332,4.59706,0.133325,105.129,-0.147994,-0.275167,0.07686120271682739,-1.0583457052707672,0.0365366,737.989990234375,,,,,,,43.9,4.877777777,43.9,4.877777777,,,,,,,,,,,,,,,,,,,"Rhys Hoskins","16472",656555
"Romy Gonzalez","BOS",4,18,17,4,3,1,0,0,2,2,1,0,5,0,0,0,,0,0,0.250083,0.0604003,0.254695,0.237147,0.297674,0.391412,0.302188,0.689086,0.141329,4.95086,0.315604,-0.0152851,0.0222075,1.96096,-0.207146,89.2541,0.00692235,-0.00173264,-0.22187741240486503,-0.07503510557580739,0.036095,999,,,,,,,11.3,2.825,11.3,2.825,,,,,,,,,,,,,,,,,,,"Romy Gonzalez","21562",663853
"Jahmai Jones","BOS",6,24,21,5,3,1,0,1,3,3,2,0,6,1,0,0,,1,0,0.234202,0.0964756,0.255444,0.377679,0.325266,0.391857,0.319766,0.717124,0.157655,5.28965,0.294807,-0.000255972,0.0334047,2.87454,0.0687589,101.478,0.0331487,-0.0118787,0.07388545945286751,-0.5751502811908722,0.0347693,999,,,,,,,30.2,5.033333333,30.2,5.033333333,,,,,,,,,,,,,,,,,,,"Jahmai Jones","18872",663330
"John Peck","DET",4,17,15,3,2,1,0,0,2,2,1,0,4,0,0,0,,0,0,0.224593,0.0788636,0.244353,0.322745,0.293732,0.355962,0.2889,0.649694,0.131369,4.4937,0.278732,0,-0.00323796,1.61889,-0.370657,81.7749,-0.00323796,0,-0.3593278231564909,0.10030864179134369,0.0344942,999,,,,,,,7.7,1.925,7.7,1.925,,,,,,,,,,,,,,,,,,,"John Peck","sa3022896",807726
"Nate Furman","SFG",9,40,35,9,7,1,0,1,5,4,3,0,7,1,0,0,,1,0,0.244304,0.0867356,0.165442,0.524267,0.323904,0.336626,0.299431,0.66053,0.0923216,4.58561,0.2837,0.0308137,0.0511785,4.17909,-0.53972,89.7959,0.0819922,-0.698738,-0.4079723209142685,-0.5559907704591751,0.0337673,999,,,,,,,41.6,4.622222222,41.6,4.622222222,,,,,,,,,,,,,,,,,,,"Nate Furman","31988",801501
"Charles McAdoo","TOR",6,25,22,5,3,1,0,1,3,3,2,0,6,0,0,0,,0,0,0.224593,0.0788635,0.244353,0.322745,0.293732,0.355962,0.2889,0.649694,0.131369,4.4937,0.278732,0,-0.00478222,2.39098,-0.547432,83.5301,-0.00478222,0,-0.4800501656718552,-0.07407407462596893,0.033437,999,,,,,,,24.3,4.05,24.3,4.05,,,,,,,,,,,,,,,,,,,"Charles McAdoo","33323",807727
"Carlos Cortes","ATH",17,72,65,16,10,4,0,2,8,9,6,0,14,1,1,0,,0,0,0.242287,0.081135,0.1954,0.415226,0.306671,0.394853,0.308382,0.701524,0.152566,2.72,0.275854,-0.118483,-0.0702975,8.08993,-0.454943,88.2427,-0.188781,0.107193,-1.1753946095705032,-1.0695048421621323,0.0325869,999,,,,,,,76,4.470588235,76,4.470588235,,,,,,,,,,,,,,,,,,,"Carlos Cortes","21842",666126
"Leo Jiménez","MIA",13,55,48,11,8,2,0,1,6,5,4,0,12,2,1,0,,0,0,0.231675,0.0769941,0.220016,0.349949,0.312611,0.349246,0.297609,0.661857,0.117571,3.81218,0.28436,-0.0903397,-0.0200268,5.67943,-0.824873,85.2464,-0.110366,-0.437985,-1.086832918226719,-0.3801146000623703,0.0324371,999,,,,,,,46.8,3.6,46.8,3.6,,,,,,,,,,,,,,,,,,,"Leo Jimenez","23782",677870
"Mike Tauchman",,4,16,14,3,2,1,0,0,2,2,2,0,4,0,0,0,,0,0,0.235887,0.119443,0.224305,0.532502,0.331174,0.376451,0.317497,0.707625,0.140565,2.73202,0.286686,-0.041375,-0.0214426,1.93027,0.0172376,100.658,-0.0628176,-0.00790516,-0.050229513086378574,-0.18151626456528902,0.0324269,999,,,,,,,11.7,2.925,11.7,2.925,,,,,,,,,,,,,,,,,,,"Mike Tauchman","15274",643565
"David Fry","CLE",5,21,19,5,3,1,0,1,2,3,2,0,6,0,0,0,,0,0,0.238469,0.085762,0.277534,0.309015,0.309923,0.38155,0.306139,0.691472,0.143081,3.09019,0.310093,-0.0237051,-0.0134448,2.35546,-0.173386,95.1063,-0.0371498,0.0254849,-0.15868133306503296,-0.2908731587231159,0.0315656,999,,,,,,,27.3,5.46,27.3,5.46,,,,,,,,,,,,,,,,,,,"David Fry","24934",681807
"Andrés Chaparro","WSN",10,42,37,9,5,2,0,1,5,5,4,0,10,1,0,0,,0,0,0.227511,0.0840614,0.236913,0.35482,0.301973,0.393032,0.306697,0.695005,0.165521,2.61482,0.268979,-0.0573534,-0.0423299,4.60889,-0.319079,90.4742,-0.0996833,0.386273,-0.5773540735244751,-0.46557849645614624,0.0315656,999,,,,,,,43.6,4.36,43.6,4.36,,,,,,,,,,,,,,,,,,,"Andres Chaparro","21797",665953
"Brandon Lockridge","MIL",2,9,8,2,1,0,0,0,1,1,1,0,2,0,0,0,,0,0,0.229583,0.0796568,0.261719,0.30436,0.293344,0.297986,0.268159,0.59133,0.0684032,5.93008,0.313504,0.0283814,0.0520289,0.685673,-0.334609,67.5418,0.0804103,0.295987,-0.2565697953104973,0.28055461402982473,0.0310174,999,,,,,,,6.2,3.1,6.2,3.1,,,,,,,,,,,,,,,,,,,"Brandon Lockridge","21496",663604
"Bryan Torres","STL",8,36,32,8,6,1,0,0,4,3,4,0,7,0,0,0,,1,0,0.258895,0.0989134,0.182247,0.542743,0.332213,0.350699,0.306407,0.682913,0.0918045,4.48926,0.310592,-0.00190472,0.0093244,3.99925,-0.285939,93.6915,0.00741968,-0.143659,-0.2676594825461507,-0.6066223978996277,0.0307767,999,,,,,,,29.6,3.7,29.6,3.7,,,,,,,,,,,,,,,,,,,"Bryan Torres","21464",663494
"Kyle Higashioka","TEX",3,12,11,2,1,0,0,0,1,1,1,0,3,0,0,0,,0,0,0.219536,0.0737811,0.247554,0.298041,0.278917,0.390185,0.293599,0.669101,0.170649,2.54877,0.256222,-0.0344584,-0.0093707,1.18347,-0.215771,88.0936,-0.0438291,-0.152673,-0.20743805542588234,0.07880839705467224,0.0297229,999,,,,,,,3.2,1.066666666,3.2,1.066666666,,,,,,,,,,,,,,,,,,,"Kyle Higashioka","5517",543309
"Bryce Eldridge","SFG",23,99,88,20,13,4,0,3,11,12,10,1,29,1,1,0,,0,0,0.233258,0.100545,0.293704,0.342333,0.313903,0.401068,0.313301,0.714971,0.167809,2.20624,0.303702,-0.210329,-0.0966907,11.5028,-0.230495,99.1057,-0.307019,-0.302643,-0.4137975350022316,-2.5171487629413605,0.0294628,999,,,,,,,96.8,4.208695652,96.8,4.208695652,,,,,,,,,,,,,,,,,,,"Bryce Eldridge","33390",805811
"Logan O'Hoppe","TEX",4,16,15,3,2,1,0,1,2,2,1,0,4,0,0,0,,0,0,0.225209,0.0707965,0.269637,0.262562,0.285998,0.397634,0.300108,0.683631,0.172425,2.31888,0.27406,-0.0499849,-0.0180917,1.69011,-0.20835,92.6207,-0.0680765,-0.251544,-0.2056543454527855,-0.08179131150245667,0.0288037,246.50999450683594,,,,,,,17.1,4.275,17.1,4.275,,,,,,,,,,,,,,,,,,,"Logan O'Hoppe","24729",681351
"Trey Lipscomb","WSN",1,5,5,1,1,0,0,0,1,1,0,0,1,0,0,0,,0,0,0.232074,0.0479168,0.23536,0.20359,0.270255,0.29408,0.25258,0.564335,0.0620066,4.11734,0.298294,-0.00234217,-0.00618051,0.331843,-0.25482,54.1513,-0.00852268,0.399145,-0.2822225606068969,0.4026941219344735,0.0287213,999,,,,,,,0.6,0.6,0.6,0.6,,,,,,,,,,,,,,,,,,,"Trey Lipscomb","31567",702358
"Jim Jarvis","ATL",3,14,13,3,2,1,0,0,2,1,1,0,3,0,0,0,,0,0,0.224593,0.0788635,0.244353,0.322745,0.293732,0.355962,0.2889,0.649694,0.13137,4.4937,0.278732,0,-0.00269831,1.34908,-0.308881,80.4303,-0.00269831,0,-0.3328536478802562,0.15046297013759613,0.0278138,999,,,,,,,9.7,3.233333333,9.7,3.233333333,,,,,,,,,,,,,,,,,,,"Jim Jarvis","33492",805347
"Eli White","BOS",2,6,6,1,1,0,0,0,1,1,0,0,2,0,0,0,,0,0,0.238238,0.0673159,0.254393,0.264613,0.293754,0.393939,0.301975,0.687694,0.155701,6.09971,0.293527,0.0109543,0.0242776,0.690987,-0.0742251,89.1058,0.0352319,0.132444,-0.046635620296001434,0.07843145728111267,0.0266777,999,,,,,,,-0.4,-0.2,-0.4,-0.2,,,,,,,,,,,,,,,,,,,"Eli White","19346",642201
"Leo Bernal","STL",5,19,17,4,3,1,0,0,2,2,1,0,5,0,0,0,,0,0,0.224593,0.0788635,0.244353,0.322745,0.293732,0.355962,0.2889,0.649694,0.131369,4.4937,0.278732,0,-0.00358097,1.79039,-0.409922,81.9403,-0.00358097,0,-0.4079269936773926,0.06296296417713165,0.0264108,999,,,,,,,11.3,2.26,11.3,2.26,,,,,,,,,,,,,,,,,,,"Leo Bernal","sa3015773",699024
"Alan Roden","MIN",2,8,7,2,1,0,0,0,1,1,1,0,1,0,0,0,,0,0,0.243424,0.0881116,0.186715,0.471903,0.323939,0.367913,0.308907,0.691852,0.124489,3.93404,0.282424,-0.00338773,-0.0000611172,0.848418,-0.0443299,96.7956,-0.00344885,0.0900869,-0.0315425880253315,0.009068377315998077,0.0250452,999,,,,,,,7.2,3.6,7.2,3.6,,,,,,,,,,,,,,,,,,,"Alan Roden","31564",702176
"Luis Lara","MIL",8,32,29,7,4,1,0,1,3,3,3,0,8,0,0,0,,1,0,0.224593,0.0788636,0.244353,0.322745,0.293732,0.355962,0.2889,0.649694,0.131369,4.4937,0.278732,0,-0.00622686,3.11326,-0.712802,81.4629,-0.00622686,0,-0.7279188227839768,-0.08487654477357864,0.0241947,999,,,,,,,33.4,4.175,33.4,4.175,,,,,,,,,,,,,,,,,,,"Luis Lara","30675",800325
"Tommy Troy","ARI",2,7,7,2,1,0,0,0,1,1,1,0,2,0,0,0,,0,0,0.243877,0.0814,0.235784,0.345232,0.308168,0.348657,0.293861,0.656825,0.10478,4.64204,0.314619,0.000942569,-0.00424197,0.726414,-0.130624,83.1629,-0.0032994,0.136263,-0.15013295807875693,0.14737409353256226,0.0237172,999,,,,,,,7.2,3.6,7.2,3.6,,,,,,,,,,,,,,,,,,,"Tommy Troy","33279",694371
"Thomas Saggese","STL",5,22,20,5,3,1,0,0,3,2,1,0,6,0,0,0,,0,0,0.236747,0.0583416,0.267185,0.218356,0.28415,0.348897,0.280289,0.633046,0.11215,3.99908,0.314571,-0.0111541,-0.0217488,1.9409,-0.630213,76.1607,-0.0329029,0.00744867,-0.6565997004508972,0.18152275262400508,0.0235165,999,,,,,,,13.9,2.78,13.9,2.78,,,,,,,,,,,,,,,,,,,"Thomas Saggese","27883",695336
"Isiah Kiner-Falefa","BOS",4,18,17,4,3,1,0,0,2,2,1,0,3,0,0,0,,1,0,0.251233,0.0548315,0.163195,0.335988,0.299907,0.31949,0.27829,0.619397,0.0682578,5.3703,0.297515,0.0451635,0.0453507,1.60707,-0.561029,72.6335,0.0905142,-0.0410733,-0.4921683594584465,0.07080939039587975,0.0233958,746.1500244140625,,,,,,,13.2,3.3,13.2,3.3,,,,,,,,,,,,,,,,,,,"Isiah Kiner-Falefa","16512",643396
"Brian Navarreto","MIA",2,8,7,1,1,0,0,0,1,1,0,0,2,0,0,0,,0,0,0.204421,0.0567192,0.242816,0.233589,0.252124,0.297255,0.245274,0.549379,0.0928335,2.84197,0.259044,-0.00612053,-0.00927156,0.481101,-0.451729,50.1195,-0.0153921,0.300912,-0.48886208422482014,0.4552334249019623,0.0226894,999,,,,,,,-1.4,-0.7,-1.4,-0.7,,,,,,,,,,,,,,,,,,,"Brian Navarreto","16398",640459
"Brady House","WSN",16,71,66,16,11,3,0,2,7,8,4,0,19,1,1,0,,1,0,0.243073,0.0496405,0.274665,0.180731,0.284167,0.375434,0.288915,0.659601,0.13236,3.782,0.313144,-0.0642597,-0.0224418,6.77948,-1.55113,78.539,-0.0867015,-0.261742,-1.9059229791164398,-0.15880980342626572,0.0225757,710.1199951171875,,,,,,,68,4.25,68,4.25,,,,,,,,,,,,,,,,,,,"Brady House","29993",691781
"Shea Langeliers","ATH",2,8,7,2,1,0,0,0,1,1,1,0,2,0,0,0,,0,0,0.253186,0.0785393,0.22699,0.346003,0.313195,0.498151,0.347197,0.811346,0.244964,3.75971,0.273067,0,-0.0021178,1.08188,0.189132,115.237,-0.0021178,0,0.13146659336052835,-0.18904320895671844,0.0214631,54.04999923706055,,,,,,,7.2,3.6,7.2,3.6,,,,,,,,,,,,,,,,,,,"Shea Langeliers","25816",669127
"Tim Tawa","ARI",17,74,66,15,10,3,0,2,8,8,6,0,18,1,1,1,,2,1,0.226232,0.0771064,0.245797,0.313699,0.290363,0.364679,0.289347,0.655042,0.138447,4.81331,0.278395,-0.0254641,0.0658791,7.09987,-1.59294,80.1327,0.0404149,0.510514,-1.7169355116784573,-0.463559627532959,0.020905,748.489990234375,,,,,,,67.5,3.970588235,67.5,3.970588235,,,,,,,,,,,,,,,,,,,"Tim Tawa","29571",694374
"Davis Schneider","TOR",1,4,4,1,0,0,0,0,1,1,1,0,1,0,0,0,,0,0,0.21433,0.133673,0.285193,0.468711,0.32586,0.374812,0.315427,0.700672,0.160481,3.72313,0.275363,-0.0031197,-0.002877,0.487227,-0.00250884,101.979,-0.00599671,0.0645685,0.003521813079714775,0.049753726460039616,0.0204337,999,,,,,,,4.6,4.6,4.6,4.6,,,,,,,,,,,,,,,,,,,"Davis Schneider","23565",676914
"Parks Harber","SFG",4,19,17,4,3,1,0,0,2,2,2,0,5,0,0,0,,0,0,0.224593,0.0788636,0.244353,0.322745,0.293732,0.355962,0.2889,0.649694,0.13137,4.4937,0.278732,0,-0.00373612,1.86796,-0.427681,82.7275,-0.00373612,0,-0.40721187903545797,-0.023148145526647568,0.0203658,999,,,,,,,14.3,3.575,14.3,3.575,,,,,,,,,,,,,,,,,,,"Parks Harber","sa3025308",692238
"Mark Vientos","NYM",7,30,28,7,4,1,0,1,3,4,2,0,8,0,0,0,,0,0,0.234287,0.0686036,0.259112,0.264765,0.289434,0.425373,0.31099,0.714806,0.191086,2.11948,0.276226,-0.0684313,-0.0307862,3.44446,-0.126527,97.0345,-0.0992175,0.00143867,-0.2069753035902977,-0.5772650358267128,0.0199661,652.5700073242188,,,,,,,29.5,4.214285714,29.5,4.214285714,,,,,,,,,,,,,,,,,,,"Mark Vientos","22184",668901
"Tyler Callihan","PIT",1,5,5,1,1,0,0,0,1,1,0,0,1,0,0,0,,0,0,0.217696,0.0811153,0.270168,0.30024,0.283585,0.320451,0.271056,0.604036,0.102755,4.54961,0.292682,0.00242137,0.00100747,0.423518,-0.188652,65.1773,0.00342884,0.233862,-0.21348817949183285,0.23756528412923217,0.0195989,999,,,,,,,0.6,0.6,0.6,0.6,,,,,,,,,,,,,,,,,,,"Tyler Callihan","27497",682997
"Angel Genao","CLE",15,65,59,15,11,3,0,1,7,7,5,0,12,0,1,0,,1,0,0.261423,0.0729684,0.178069,0.409776,0.317089,0.371204,0.304824,0.688293,0.109781,4.15189,0.306211,-0.0165631,0.0100983,7.05878,-0.593339,94.1924,-0.00646473,-2.01668,-0.4428952159360051,-1.6617398262023926,0.0195617,999,,,,,,,60,4,60,4,,,,,,,,,,,,,,,,,,,"Angel Genao","28811",694197
"Max Kepler","ARI",13,56,50,12,7,3,0,2,6,7,5,0,11,1,0,0,,0,0,0.235443,0.0915727,0.199136,0.45985,0.310605,0.388758,0.308321,0.699363,0.153316,3.11202,0.26874,-0.0951921,-0.0252038,6.25668,-0.354757,92.868,-0.120396,-0.161872,-0.6001994237303734,-1.0285381823778152,0.0189269,999,,,,,,,62.7,4.823076923,62.7,4.823076923,,,,,,,,,,,,,,,,,,,"Max Kepler","12144",596146
"Brett Sullivan","COL",8,32,29,7,4,1,0,1,3,3,2,0,6,0,1,0,,0,0,0.23138,0.0638043,0.199396,0.319988,0.283483,0.358703,0.282433,0.642186,0.127323,3.93539,0.267792,-0.0166884,-0.0078842,2.87138,-0.859944,63.2746,-0.0245726,-0.0450089,-1.4189754482358694,0.5722750499844551,0.0180819,999,,,,,,,28.5,3.5625,28.5,3.5625,,,,,,,,,,,,,,,,,,,"Brett Sullivan","18217",664954
"Turner Hill","SFG",14,59,53,12,8,2,0,1,6,6,5,0,15,1,0,0,,1,0,0.224593,0.0788636,0.244353,0.322745,0.293732,0.355962,0.2889,0.649694,0.131369,4.4937,0.278732,0,-0.0114159,5.70764,-1.3068,82.7275,-0.0114159,0,-1.2442590584978461,-0.513117253780365,0.017085,999,,,,,,,49.3,3.521428571,49.3,3.521428571,,,,,,,,,,,,,,,,,,,"Turner Hill","32053",806367
"Lourdes Gurriel Jr.","ARI",13,57,52,13,9,3,0,2,6,7,3,0,9,1,1,0,,1,0,0.256561,0.058049,0.160596,0.36146,0.304975,0.403294,0.309738,0.708269,0.146733,3.60672,0.279752,-0.0450105,-0.00586205,6.43772,-0.296148,93.8193,-0.0508726,-0.00395382,-0.4743821807205677,-1.207657462451607,0.0169161,689.0700073242188,,,,,,,62.2,4.784615384,62.2,4.784615384,,,,,,,,,,,,,,,,,,,"Lourdes Gurriel Jr.","19238",666971
"Matt Vierling","DET",2,8,7,2,1,0,0,0,1,1,1,0,2,0,0,0,,0,0,0.24195,0.0752247,0.214683,0.350399,0.301399,0.378117,0.300204,0.679516,0.136167,4.39531,0.287762,0.000751138,-0.00388484,0.827167,-0.10129,89.6367,-0.00313371,0.033968,-0.09762583603151143,-0.018192537128925323,0.0166134,999,,,,,,,7.2,3.6,7.2,3.6,,,,,,,,,,,,,,,,,,,"Matt Vierling","21558",663837
"Andrew Velazquez",,2,10,9,2,1,0,0,0,1,1,1,0,2,0,0,0,,0,0,0.224593,0.0788635,0.244353,0.322745,0.293732,0.355962,0.2889,0.649694,0.13137,4.4937,0.278732,0,-0.00186806,0.933978,-0.213841,81.1231,-0.00186806,0,-0.21849836711771786,0.050154320895671844,0.0164666,999,,,,,,,5.2,2.6,5.2,2.6,,,,,,,,,,,,,,,,,,,"Andrew Velazquez","14196",623205
"Jorge Soler",,5,22,19,4,2,1,0,1,3,3,2,0,6,0,0,0,,0,0,0.220889,0.102517,0.28059,0.365362,0.312946,0.411338,0.320123,0.724284,0.190449,1.88306,0.272538,-0.0670769,-0.0267732,2.61944,0.0687354,102.452,-0.09385,0,-0.03131403028964996,-0.540123462677002,0.0164547,634.8099975585938,,,,,,,21.7,4.34,21.7,4.34,,,,,,,,,,,,,,,,,,,"Jorge Soler","14221",624585
"Angel Martínez","CLE",10,45,42,10,6,2,0,1,5,5,2,0,10,1,0,1,,1,0,0.240398,0.0540944,0.210704,0.256732,0.290481,0.383632,0.296423,0.674112,0.143234,4.61545,0.284184,0.0378871,-0.014558,4.6338,-0.722685,88.3496,0.0233292,-0.358156,-0.589520076289773,-0.859699159860611,0.0161449,748.5800170898438,,,,,,,40.1,4.01,40.1,4.01,,,,,,,,,,,,,,,,,,,"Angel Martinez","26540",682657
"Luis Rengifo","SDP",3,13,12,3,2,0,0,0,1,1,1,0,2,0,0,0,,0,0,0.248071,0.0744231,0.166129,0.447984,0.311753,0.340049,0.292737,0.651802,0.0919782,4.62383,0.288924,0.00715767,-0.00241401,1.28541,-0.245013,87.0826,0.00474366,0.0219336,-0.1964189140126109,-0.07065896689891815,0.0156006,644.9299926757812,,,,,,,7.8,2.6,7.8,2.6,,,,,,,,,,,,,,,,,,,"Luis Rengifo","19858",650859
"Aeverson Arteaga","SFG",2,8,7,2,1,0,0,0,1,1,1,0,2,0,0,0,,0,0,0.224593,0.0788636,0.244353,0.322745,0.293732,0.355962,0.2889,0.649694,0.131369,4.4937,0.278732,0,-0.00145293,0.726427,-0.166321,82.7275,-0.00145293,0,-0.15836022270377725,0.06558641791343689,0.0155315,999,,,,,,,7.2,3.6,7.2,3.6,,,,,,,,,,,,,,,,,,,"Aeverson Arteaga","sa3014707",692348
"Tyler Locklear","ARI",2,8,7,2,1,0,0,0,1,1,1,0,2,0,0,0,,0,0,0.239234,0.0795649,0.273148,0.291289,0.31321,0.371107,0.30511,0.684317,0.131873,4.63028,0.316063,-0.00129662,0.00526104,0.905438,-0.0740339,90.7131,0.00396442,0.118302,-0.08859486924484372,-0.029846176505088806,0.0153407,999,,,,,,,7.2,3.6,7.2,3.6,,,,,,,,,,,,,,,,,,,"Tyler Locklear","31396",682988
"Anthony Seigler","BOS",2,8,7,2,1,0,0,0,1,1,1,0,2,0,0,0,,0,0,0.230451,0.111296,0.201745,0.551667,0.318596,0.34474,0.299229,0.663337,0.114289,4.72242,0.280114,0.00342466,0.0177188,0.78941,-0.103337,87.1963,0.0211434,-0.055001,-0.09110990725457668,-0.027994873002171516,0.0151844,999,,,,,,,7.2,3.6,7.2,3.6,,,,,,,,,,,,,,,,,,,"Anthony Seigler","23802",678011
"Ben Williamson","TBR",1,6,5,1,1,0,0,0,1,1,0,0,1,0,0,0,,0,0,0.247852,0.0679908,0.207021,0.328425,0.302591,0.312333,0.277447,0.614925,0.0644817,4.34792,0.311643,0.00202146,-0.00200251,0.487757,-0.175427,73.905,0.0000189557,0.0813854,-0.16993239379553415,0.10947183147072792,0.0141389,999,,,,,,,0.6,0.6,0.6,0.6,,,,,,,,,,,,,,,,,,,"Ben Williamson","33197",810938
"Daz Cameron","TOR",6,25,22,5,3,1,0,1,3,3,2,0,6,0,0,0,,0,0,0.224593,0.0788635,0.244353,0.322745,0.293732,0.355962,0.2889,0.649694,0.13137,4.4937,0.278732,0,-0.00478222,2.39098,-0.547432,83.5301,-0.00478222,0,-0.4800501405261457,-0.2666666805744171,0.0137837,999,,,,,,,24.3,4.05,24.3,4.05,,,,,,,,,,,,,,,,,,,"Daz Cameron","18353",663662
"Jasson Domínguez","NYY",1,3,3,1,0,0,0,0,0,0,0,0,1,0,0,0,,0,0,0.246831,0.0853436,0.24419,0.349497,0.313527,0.440942,0.328476,0.754469,0.194111,5.72192,0.292543,0.00628092,0.0175781,0.414743,0.0321371,110.309,0.0238591,-0.00820691,0.06259444542229176,-0.04292912967503071,0.0137233,421.5400085449219,,,,,,,2.6,2.6,2.6,2.6,,,,,,,,,,,,,,,,,,,"Jasson Dominguez","28080",691176
"Tristan Gray","MIN",2,10,9,2,1,0,0,0,1,1,1,0,3,0,0,0,,0,0,0.210396,0.0628218,0.288739,0.217573,0.263858,0.332697,0.264413,0.596555,0.122301,2.4948,0.281714,-0.0104873,-0.0095844,0.742017,-0.405802,65.8515,-0.0200717,0.135485,-0.4049982875585556,0.1933557540178299,0.0135524,999,,,,,,,5.2,2.6,5.2,2.6,,,,,,,,,,,,,,,,,,,"Tristan Gray","19877",656484
"Luke Maile","KCR",1,5,4,1,1,0,0,0,0,0,0,0,1,0,0,0,,0,0,0.214551,0.0929432,0.278893,0.333258,0.2929,0.293969,0.268615,0.586869,0.0794182,3.25554,0.295143,-0.00493009,-0.00330788,0.377886,-0.181812,66.1117,-0.00823797,0.0614441,-0.19450559839606285,0.15403665602207184,0.0130099,999,,,,,,,1.6,1.6,1.6,1.6,,,,,,,,,,,,,,,,,,,"Luke Maile","13355",571912
"Anthony Volpe","NYY",2,8,7,2,1,0,0,0,1,1,1,0,2,0,0,0,,0,0,0.232613,0.0795292,0.238721,0.333147,0.295685,0.382059,0.298814,0.677744,0.149447,5.2195,0.288372,0.0185845,0.00461502,0.786877,-0.105871,89.6803,0.0231995,-0.132894,-0.06727551482617855,-0.07502372935414314,0.0128176,641.989990234375,,,,,,,7.2,3.6,7.2,3.6,,,,,,,,,,,,,,,,,,,"Anthony Volpe","27647",683011
"Lazaro Montes","SEA",7,31,28,6,4,1,0,1,3,3,2,0,8,0,0,0,,1,0,0.224593,0.0788636,0.244353,0.322745,0.293732,0.355962,0.2889,0.649694,0.13137,4.4937,0.278732,0,-0.0060193,3.00948,-0.689042,89.4625,-0.0060193,0,-0.38875729124993086,-0.597993791103363,0.0125661,999,,,,,,,25.8,3.685714285,25.8,3.685714285,,,,,,,,,,,,,,,,,,,"Lazaro Montes","sa3018409",703155
"Gavin Sheets","SDP",8,33,30,7,4,1,0,1,4,4,3,0,7,0,0,0,,0,0,0.232917,0.0955339,0.200791,0.475788,0.310861,0.39047,0.309915,0.701332,0.157553,2.68835,0.263784,-0.0708602,-0.0239833,3.7845,-0.169097,98.6126,-0.0948434,-0.0465248,-0.15066029876470566,-0.8142717145383358,0.012241,684.8099975585938,,,,,,,30.5,3.8125,30.5,3.8125,,,,,,,,,,,,,,,,,,,"Gavin Sheets","19901",657757
"Derek Hill","PHI",6,27,25,6,4,1,0,1,3,3,2,0,8,0,0,0,,1,0,0.227798,0.0630627,0.303211,0.207983,0.282825,0.356783,0.283528,0.639608,0.128986,6.15532,0.309021,0.0647321,0.0368863,2.47742,-0.710966,73.3981,0.101618,-0.00442208,-0.761442668735981,-0.0005640536546707153,0.0115213,999,,,,,,,28.8,4.8,28.8,4.8,,,,,,,,,,,,,,,,,,,"Derek Hill","16947",656537
"Jonatan Clase","TOR",1,6,6,1,1,0,0,0,1,1,1,0,2,0,0,0,,0,0,0.218801,0.0835343,0.275685,0.303007,0.286985,0.356154,0.285835,0.643139,0.137353,5.41663,0.283607,0.0184129,0.0260569,0.58237,-0.152233,81.3988,0.0444699,0.0318053,-0.0897224172949791,-0.020046543329954147,0.0112943,999,,,,,,,2.6,2.6,2.6,2.6,,,,,,,,,,,,,,,,,,,"Jonatan Clase","26599",682729
"Ildemaro Vargas","ARI",14,59,54,13,10,3,1,1,6,6,3,0,7,1,0,0,,1,0,0.247781,0.0570855,0.1183,0.482549,0.296194,0.358071,0.288581,0.654265,0.11029,4.82723,0.269376,-0.0332993,-0.0270001,5.66339,-1.31535,79.6185,-0.0602994,0.0844021,-1.5076407939195633,-0.29707934707403183,0.0112538,999,,,,,,,56.5,4.035714285,56.5,4.035714285,,,,,,,,,,,,,,,,,,,"Ildemaro Vargas","13324",545121
"Ryan O'Hearn","PIT",7,32,29,8,5,1,0,1,4,4,3,0,6,0,0,0,,0,0,0.264088,0.0888106,0.196109,0.452862,0.332267,0.412967,0.327918,0.745234,0.14888,2.65467,0.305878,-0.0828034,-0.0393388,4.09978,0.304328,103.342,-0.122142,-0.238755,0.00694207102060318,-0.9387551844120026,0.0111923,285.44000244140625,,,,,,,37.1,5.3,37.1,5.3,,,,,,,,,,,,,,,,,,,"Ryan O'Hearn","16442",656811
"Patrick Wisdom","SEA",2,9,8,2,1,0,0,0,1,1,1,0,2,0,0,0,,0,0,0.224593,0.0788635,0.244353,0.322745,0.293732,0.355962,0.2889,0.649694,0.13137,4.4937,0.278732,0,-0.0016605,0.830202,-0.190081,89.4625,-0.0016605,0,-0.10724337317515165,-0.09259258955717087,0.0108517,999,,,,,,,6.2,3.1,6.2,3.1,,,,,,,,,,,,,,,,,,,"Patrick Wisdom","13602",621550
"Kenny Piper","TBR",1,3,3,1,0,0,0,0,0,0,0,0,1,0,0,0,,0,0,0.224593,0.0788636,0.244353,0.322745,0.293732,0.355962,0.2889,0.649694,0.13137,4.4937,0.278732,0,-0.000592085,0.296026,-0.0677773,81.87,-0.000592085,0,-0.06536579318344593,0.06018518656492233,0.0106121,999,,,,,,,2.6,2.6,2.6,2.6,,,,,,,,,,,,,,,,,,,"Kenny Piper","29962",700652
"Masataka Yoshida","BOS",2,8,7,2,1,0,0,0,1,1,1,0,1,0,0,0,,0,0,0.270493,0.0780881,0.124974,0.624837,0.335515,0.395876,0.323489,0.731391,0.125383,3.60508,0.291278,-0.0118204,-0.000933948,0.937326,0.0445783,104.068,-0.0127543,0,0.02290784940123558,-0.18904320895671844,0.0103852,748.3300170898438,,,,,,,7.2,3.6,7.2,3.6,,,,,,,,,,,,,,,,,,,"Masataka Yoshida","31837",807799
"Marcell Ozuna",,2,11,9,2,1,0,0,0,1,1,1,0,3,0,0,0,,0,0,0.232529,0.119503,0.25204,0.474141,0.326905,0.399025,0.322327,0.72593,0.166496,1.45733,0.282372,-0.0302933,-0.0162588,1.32892,0.0535646,103.958,-0.0465521,0,0.003912866115570068,-0.270061731338501,0.0102244,377.510009765625,,,,,,,5.2,2.6,5.2,2.6,,,,,,,,,,,,,,,,,,,"Marcell Ozuna","10324",542303
"Samad Taylor","SDP",7,30,27,6,5,1,0,0,4,3,3,0,7,0,0,1,,1,0,0.238856,0.0850574,0.231642,0.367193,0.306585,0.334552,0.288429,0.641137,0.0956952,5.67643,0.305643,0.0590964,0.0572291,2.89423,-0.676759,84.1912,0.116326,-0.144936,-0.4581160917878151,-0.4227133244276047,0.0101096,999,,,,,,,20.4,2.914285714,20.4,2.914285714,,,,,,,,,,,,,,,,,,,"Samad Taylor","22274",669392
"Garrett Stubbs","PHI",2,6,5,1,1,0,0,0,1,1,0,0,1,0,0,0,,0,0,0.211174,0.0784813,0.221755,0.353909,0.27796,0.272365,0.251856,0.550325,0.0611912,3.55866,0.267764,-0.00380254,-0.00704107,0.39228,-0.307342,52.1403,-0.0108436,0.141752,-0.35155999567359686,0.2574923262000084,0.00999155,999,,,,,,,0.6,0.3,0.6,0.3,,,,,,,,,,,,,,,,,,,"Garrett Stubbs","18067",596117
"Gabriel Arias","CHC",4,15,14,3,2,1,0,0,2,2,1,0,5,0,0,0,,0,0,0.218406,0.0622963,0.32296,0.192891,0.271186,0.347851,0.273505,0.619038,0.129446,4.78808,0.302265,0.0034944,0.0169118,1.26512,-0.520373,72.3107,0.0204062,0.0811851,-0.4826661068946123,0.08890110300853848,0.00981521,748.3800048828125,,,,,,,8.7,2.175,8.7,2.175,,,,,,,,,,,,,,,,,,,"Gabriel Arias","22563",672356
"Corey Julks","DET",3,15,13,3,2,1,0,0,2,1,1,0,3,0,0,0,,0,0,0.236372,0.0744805,0.222811,0.334276,0.294141,0.369607,0.292495,0.663748,0.133235,4.84487,0.282417,0.000466767,0.0287178,1.44538,-0.278897,84.2752,0.0291846,-0.032707,-0.2370873223990202,-0.18918848410248756,0.00930289,999,,,,,,,9.7,3.233333333,9.7,3.233333333,,,,,,,,,,,,,,,,,,,"Corey Julks","20311",667452
"Brett Callahan","DET",4,16,14,3,2,1,0,0,2,2,1,0,4,0,0,0,,0,0,0.224593,0.0788635,0.244353,0.322745,0.293732,0.355962,0.2889,0.649694,0.13137,4.4937,0.278732,0,-0.0030221,1.51097,-0.345947,81.7749,-0.0030221,0,-0.33537259022705257,-0.13641975820064545,0.00871986,999,,,,,,,8.7,2.175,8.7,2.175,,,,,,,,,,,,,,,,,,,"Brett Callahan","33514",814430
"Ben Rortvedt","LAD",2,10,9,2,1,0,0,0,1,1,1,0,2,0,0,0,,0,0,0.203894,0.0862044,0.245534,0.35109,0.286297,0.310506,0.271497,0.596803,0.106611,2.20249,0.259318,-0.0153522,-0.0144737,0.810211,-0.355827,69.2878,-0.0298258,-0.0340729,-0.3942299261689186,0.15882835537195206,0.00862954,999,,,,,,,5.2,2.6,5.2,2.6,,,,,,,,,,,,,,,,,,,"Ben Rortvedt","20287",666163
"Raynel Delgado","HOU",2,11,10,2,2,0,0,0,1,1,1,0,3,0,0,0,,1,0,0.226335,0.0728671,0.239719,0.303969,0.285781,0.306949,0.266174,0.59273,0.0806135,5.63021,0.296141,0.0171927,0.0523928,0.839806,-0.435548,67.6144,0.0695855,-0.00844609,-0.33603132516145706,0.03785020299255848,0.00862701,999,,,,,,,6.1,3.05,6.1,3.05,,,,,,,,,,,,,,,,,,,"Raynel Delgado","22272",669384
"Ben Malgeri","DET",6,25,22,5,3,1,0,1,3,3,2,0,6,0,0,0,,0,0,0.224593,0.0788635,0.244353,0.322745,0.293732,0.355962,0.2889,0.649694,0.13137,4.4937,0.278732,0,-0.00474901,2.37438,-0.54363,81.7749,-0.00474901,0,-0.5270140888169408,-0.2648147940635681,0.00855535,999,,,,,,,24.3,4.05,24.3,4.05,,,,,,,,,,,,,,,,,,,"Ben Malgeri","29577",701162
"Rece Hinds","BAL",2,9,8,2,1,0,0,0,1,1,1,0,3,0,0,0,,0,0,0.217234,0.0628053,0.343017,0.183097,0.2695,0.401889,0.291888,0.671389,0.184655,4.28607,0.296319,0.00329511,-0.00294183,0.851029,-0.169254,86.8583,0.000353283,-0.00336885,-0.13132209435570985,-0.09596143895760179,0.00805078,999,,,,,,,6.2,3.1,6.2,3.1,,,,,,,,,,,,,,,,,,,"Rece Hinds","27493",677956
"Mickey Gasper","BOS",1,4,4,1,1,0,0,0,0,0,0,0,1,0,0,0,,0,0,0.224705,0.0945612,0.226504,0.417481,0.318432,0.371303,0.309635,0.689735,0.146598,3.49647,0.268382,0,-0.00165329,0.476903,-0.0223072,94.4328,-0.00165329,0,-0.028946238686330616,-0.04629629850387573,0.00760911,999,,,,,,,1.6,1.6,1.6,1.6,,,,,,,,,,,,,,,,,,,"Mickey Gasper","24759",681508
"Cam Cauley","TEX",4,18,17,4,2,1,0,0,2,2,1,0,5,0,0,0,,1,0,0.217789,0.071716,0.273844,0.261886,0.276311,0.353238,0.277716,0.629549,0.135449,6.795,0.282553,0.0416555,0.0388955,1.59858,-0.569518,77.0478,0.0805511,-0.243281,-0.40814290195703506,-0.16997865587472916,0.00739887,999,,,,,,,13.2,3.3,13.2,3.3,,,,,,,,,,,,,,,,,,,"Cam Cauley","29710",695508
"Mitch Garver","NYY",1,3,3,1,0,0,0,0,0,0,0,0,1,0,0,0,,0,0,0.208995,0.115408,0.279324,0.413169,0.305905,0.367784,0.301392,0.673689,0.158789,3.29645,0.261943,-0.00402847,-0.00208072,0.314488,-0.0353236,91.4736,-0.00610919,-0.0570997,-0.035400071647018194,0.0007706619799137115,0.00717848,999,,,,,,,2.6,2.6,2.6,2.6,,,,,,,,,,,,,,,,,,,"Mitch Garver","15161",641598
"Luis Urías","TOR",1,5,5,1,1,0,0,0,0,1,0,0,1,0,0,0,,0,0,0.228687,0.0881305,0.181045,0.486787,0.307214,0.350396,0.29539,0.65761,0.121709,2.29922,0.264801,-0.00580766,-0.00673212,0.525257,-0.086913,88.0437,-0.0125398,-0.0556815,-0.08441860508173704,-0.029755588620901108,0.00709547,999,,,,,,,0.6,0.6,0.6,0.6,,,,,,,,,,,,,,,,,,,"Luis Urias","16622",649966
"Christian Bethancourt","PIT",1,3,3,1,0,0,0,0,0,0,0,0,1,0,0,0,,0,0,0.224593,0.0788635,0.244353,0.322745,0.293732,0.355962,0.2889,0.649694,0.131369,4.4937,0.278732,0,-0.00054654,0.273255,-0.0625636,77.1537,-0.00054654,0,-0.07861565327038988,0.0555555559694767,0.00705038,999,,,,,,,2.6,2.6,2.6,2.6,,,,,,,,,,,,,,,,,,,"Christian Bethancourt","10028",542194
"Gage Workman","SDP",0,2,2,0,0,0,0,0,0,0,0,0,1,0,0,0,,0,0,0.216479,0.075348,0.361897,0.208203,0.277256,0.311809,0.264442,0.589065,0.09533,4.61092,0.336941,0.000470119,-0.00026003,0.164944,-0.0901263,68.0916,0.000210089,0.064071,-0.0826078231621068,0.07950305379927158,0.00682564,999,,,,,,,-2,,-2,,,,,,,,,,,,,,,,,,,,"Gage Workman","27573",669398
"Weston Wilson","SEA",4,16,15,3,2,1,0,1,2,2,2,0,5,0,0,0,,1,0,0.202885,0.0938416,0.293244,0.320012,0.28017,0.367487,0.286991,0.647657,0.164602,4.92689,0.256043,0.00129869,0.0409662,1.53169,-0.381339,88.1351,0.0422649,-0.386483,-0.18064061552286148,-0.3286123462021351,0.00661558,999,,,,,,,22,5.5,22,5.5,,,,,,,,,,,,,,,,,,,"Weston Wilson","19358",642215
"Joshua Kuroda-Grauer","ATH",6,26,23,5,4,1,0,1,3,3,2,0,6,0,0,0,,0,0,0.224593,0.0788636,0.244353,0.322745,0.293732,0.355962,0.2889,0.649694,0.13137,4.4937,0.278732,0,-0.00498149,2.49061,-0.570242,74.6935,-0.00498149,0,-0.7656722343526781,-0.09259258210659027,0.00615002,999,,,,,,,23.3,3.883333333,23.3,3.883333333,,,,,,,,,,,,,,,,,,,"Joshua Kuroda-Grauer","35121",811965
"Nicky Lopez","TEX",11,46,42,10,8,2,0,0,4,3,3,0,7,0,0,1,,1,0,0.23609,0.0700124,0.159202,0.439771,0.296669,0.290625,0.266773,0.587294,0.0545348,4.89708,0.283337,0.039621,-0.068529,3.63361,-1.85041,69.4375,-0.028908,-0.104582,-1.674877043813467,0.08446156233549118,0.00564189,999,,,,,,,30.7,2.79090909,30.7,2.79090909,,,,,,,,,,,,,,,,,,,"Nicky Lopez","19339",670032
"Bryan Lavastida","ATH",0,2,2,0,0,0,0,0,0,0,0,0,0,0,0,0,,0,0,0.224593,0.0788636,0.244353,0.322745,0.293732,0.355962,0.2889,0.649694,0.13137,4.4937,0.278732,0,-0.000379542,0.189761,-0.043447,74.6935,-0.000379542,0,-0.05833691553561948,0.03858024626970291,0.00512542,999,,,,,,,-2,,-2,,,,,,,,,,,,,,,,,,,,"Bryan Lavastida","24765",681526
"Michael Stefanic","ATH",5,21,18,4,3,1,0,1,2,2,2,0,5,0,0,0,,0,0,0.224593,0.0788636,0.244353,0.322745,0.293732,0.355962,0.2889,0.649694,0.131369,4.4937,0.278732,0,-0.00394367,1.97173,-0.451441,74.6935,-0.00394367,0,-0.6061572353355587,-0.07330247014760971,0.00486876,999,,,,,,,22.7,4.54,22.7,4.54,,,,,,,,,,,,,,,,,,,"Michael Stefanic","25353",683021
"Emmanuel Rodriguez","MIN",1,4,4,1,1,0,0,0,1,0,1,0,1,0,0,0,,0,0,0.214632,0.137106,0.329656,0.415906,0.326259,0.316126,0.295769,0.642385,0.101494,4.37648,0.323821,-0.000707918,-0.00219236,0.439034,-0.0711074,87.6584,-0.00290028,0.00157568,-0.06472990894690156,-0.04472061444539577,0.00445309,999,,,,,,,4.6,4.6,4.6,4.6,,,,,,,,,,,,,,,,,,,"Emmanuel Rodriguez","sa3014693",691181
"Kahlil Watson","CLE",0,1,1,0,0,0,0,0,0,0,0,0,0,0,0,0,,0,0,0.25,0.0909091,0.318182,0.285714,0.318182,0.45,0.335523,0.768182,0.2,1.60119,0.333333,0.0000396644,-0.00140547,0.144386,0.0168508,115.542,-0.0013658,-0.00161534,0.01810015202499926,-0.013189418008551002,0.00440663,999,,,,,,,-1,,-1,,,,,,,,,,,,,,,,,,,,"Kahlil Watson","29905",696135
"Eric Haase",,1,3,3,1,0,0,0,0,0,0,0,0,1,0,0,0,,0,0,0.227273,0.0833333,0.333333,0.25,0.291667,0.272727,0.259138,0.564394,0.0454546,1.30357,0.357143,0.00108314,-0.0042405,0.213537,-0.136274,60.7928,-0.00315736,0.0215773,-0.14028158551082015,0.07944770529866219,0.00404598,999,,,,,,,2.6,2.6,2.6,2.6,,,,,,,,,,,,,,,,,,,"Eric Haase","14111",606992
"Jack Winkler","ATH",0,2,2,0,0,0,0,0,0,0,0,0,1,0,0,0,,0,0,0.224593,0.0788635,0.244353,0.322745,0.293732,0.355962,0.2889,0.649694,0.13137,4.4937,0.278732,0,-0.000415124,0.207551,-0.0475201,74.6935,-0.000415124,0,-0.06380601198179647,0.023148147389292717,0.00366206,999,,,,,,,-2,,-2,,,,,,,,,,,,,,,,,,,,"Jack Winkler","29830",676466
"Heston Kjerstad","BAL",4,17,16,4,2,1,0,1,2,2,1,0,5,0,0,0,,0,0,0.232564,0.0597849,0.263386,0.226986,0.292129,0.377264,0.29489,0.669394,0.1447,2.82055,0.293559,-0.016794,-0.0229378,1.74389,-0.296681,88.9456,-0.0397319,-0.0534389,-0.2612558417022228,-0.3157845623791218,0.00360368,999,,,,,,,21.7,5.425,21.7,5.425,,,,,,,,,,,,,,,,,,,"Heston Kjerstad","31166",677008
"Collin Price","HOU",0,1,1,0,0,0,0,0,0,0,0,0,0,0,0,0,,0,0,0.224593,0.0788636,0.244353,0.322745,0.293732,0.355962,0.2889,0.649694,0.13137,4.4937,0.278732,0,-0.000189771,0.0948803,-0.0217235,83.4191,-0.000189771,0,-0.019176724410499446,0.019290123134851456,0.00358233,999,,,,,,,-1,,-1,,,,,,,,,,,,,,,,,,,,"Collin Price","31415",805672
"Drew Millas","WSN",1,5,4,1,1,0,0,0,0,0,0,0,1,0,0,0,,0,0,0.231704,0.0808921,0.18985,0.426084,0.29618,0.294436,0.268006,0.590616,0.0627322,4.06503,0.283377,-0.00136442,-0.00163769,0.359908,-0.176469,64.5048,-0.00300211,-0.00420995,-0.19673296879045665,0.08452461799606681,0.0035692,999,,,,,,,1.6,1.6,1.6,1.6,,,,,,,,,,,,,,,,,,,"Drew Millas","25643",686452
"Carlos Pérez","DET",0,1,1,0,0,0,0,0,0,0,0,0,0,0,0,0,,0,0,0.224593,0.0788635,0.244353,0.322745,0.293732,0.355962,0.2889,0.649694,0.13137,4.4937,0.278732,0,-0.000197362,0.0986755,-0.0225924,81.7749,-0.000197362,0,-0.021901889995206147,0.020061727613210678,0.0035258,999,,,,,,,-1,,-1,,,,,,,,,,,,,,,,,,,,"Carlos Perez","10642",542208
"Hyeseong Kim","LAD",0,2,2,0,0,0,0,0,0,0,0,0,1,0,0,0,,0,0,0.245114,0.0643975,0.252228,0.255315,0.296693,0.344187,0.285275,0.64088,0.0990728,5.55743,0.321111,0.00435121,0.00753873,0.201236,-0.0538345,78.5356,0.0118899,0,-0.04382077977061272,0.007716049440205097,0.00345813,740.77001953125,,,,,,,-2,,-2,,,,,,,,,,,,,,,,,,,,"Hyeseong Kim","35322",808975
"C.J. Stubbs","TOR",0,1,1,0,0,0,0,0,0,0,0,0,0,0,0,0,,0,0,0.224593,0.0788636,0.244353,0.322745,0.293732,0.355962,0.2889,0.649694,0.13137,4.4937,0.278732,0,-0.00018218,0.0910851,-0.0208545,83.5301,-0.00018218,0,-0.01828760700300336,0.018518518656492233,0.00345149,999,,,,,,,-1,,-1,,,,,,,,,,,,,,,,,,,,"C.J. Stubbs","25814",667690
"Yohendrick Piñango","TOR",4,16,14,3,2,1,0,0,2,2,1,0,4,0,0,0,,0,0,0.232963,0.0805061,0.238955,0.33691,0.296155,0.385636,0.300178,0.681791,0.152673,2.28765,0.2837,-0.010298,-0.0161158,1.63583,-0.200684,91.3736,-0.0264138,-0.12435,-0.1819948274642229,-0.3354613035917282,0.00343518,999,,,,,,,8.7,2.175,8.7,2.175,,,,,,,,,,,,,,,,,,,"Yohendrick Pinango","26664",682818
"Ronny Mauricio","NYM",1,5,5,1,1,0,0,0,1,1,0,0,1,0,0,0,,0,0,0.224185,0.0668478,0.259738,0.257366,0.278457,0.347146,0.275989,0.625603,0.122961,4.02617,0.283939,0.00180958,0.00131668,0.462647,-0.17503,73.5421,0.00312626,0,-0.16855164244771004,0.02700617164373398,0.00341205,999,,,,,,,0.6,0.6,0.6,0.6,,,,,,,,,,,,,,,,,,,"Ronny Mauricio","23698",677595
"Rodolfo Durán","SDP",0,1,1,0,0,0,0,0,0,0,0,0,0,0,0,0,,0,0,0.224593,0.0788636,0.244353,0.322745,0.293732,0.355962,0.2889,0.649694,0.13137,4.4937,0.278732,0,-0.000189771,0.0948803,-0.0217235,84.5071,-0.000189771,0,-0.01857227557047736,0.019290123134851456,0.00333838,999,,,,,,,-1,,-1,,,,,,,,,,,,,,,,,,,,"Rodolfo Duran","20958",660710
"Rikuu Nishida","CHW",1,3,3,1,0,0,0,0,0,0,0,0,1,0,0,0,,0,0,0.224593,0.0788635,0.244353,0.322745,0.293732,0.355962,0.2889,0.649694,0.13137,4.4937,0.278732,0,-0.000647593,0.323779,-0.0741314,82.932,-0.000647593,0,-0.06734399852575734,-0.020061727613210678,0.00326582,999,,,,,,,2.6,2.6,2.6,2.6,,,,,,,,,,,,,,,,,,,"Rikuu Nishida","33795",807747
"Zach Morgan","SFG",0,1,1,0,0,0,0,0,0,0,0,0,0,0,0,0,,0,0,0.224593,0.0788636,0.244353,0.322745,0.293732,0.355962,0.2889,0.649694,0.13137,4.4937,0.278732,0,-0.000189771,0.0948803,-0.0217235,82.7275,-0.000189771,0,-0.02068377383693587,0.019290123134851456,0.00312291,999,,,,,,,-1,,-1,,,,,,,,,,,,,,,,,,,,"Zach Morgan","sa3019968",681439
"Hayden Senger","NYM",0,1,1,0,0,0,0,0,0,0,0,0,0,0,0,0,,0,0,0.224593,0.0788636,0.244353,0.322745,0.293732,0.355962,0.2889,0.649694,0.13137,4.4937,0.278732,0,-0.000189771,0.0948803,-0.0217235,82.2078,-0.000189771,0,-0.021300387612427585,0.019290123134851456,0.00305999,999,,,,,,,-1,,-1,,,,,,,,,,,,,,,,,,,,"Hayden Senger","21489",663584
"Curtis Mead","BOS",1,3,3,1,0,0,0,0,0,0,0,0,1,0,0,0,,0,0,0.245428,0.083161,0.210475,0.395111,0.315184,0.374727,0.306882,0.689912,0.1293,4.09417,0.297489,-0.00149912,-0.00231041,0.358315,-0.0242907,92.5182,-0.00380953,-0.00390363,-0.031921459129080176,-0.05405794735997915,0.0029427,999,,,,,,,2.6,2.6,2.6,2.6,,,,,,,,,,,,,,,,,,,"Curtis Mead","23986",678554
"Eliezer Alfonzo","LAD",0,1,1,0,0,0,0,0,0,0,0,0,0,0,0,0,,0,0,0.224593,0.0788636,0.244353,0.322745,0.293732,0.355962,0.2889,0.649694,0.13137,4.4937,0.278732,0,-0.000189771,0.0948803,-0.0217235,80.9684,-0.000189771,0,-0.022770973897422664,0.019290123134851456,0.00290992,999,,,,,,,-1,,-1,,,,,,,,,,,,,,,,,,,,"Eliezer Alfonzo","22741",672613
"Jair Camargo","ATL",0,1,1,0,0,0,0,0,0,0,0,0,0,0,0,0,,0,0,0.224593,0.0788636,0.244353,0.322745,0.293732,0.355962,0.2889,0.649694,0.13137,4.4937,0.278732,0,-0.000189771,0.0948803,-0.0217235,80.4303,-0.000189771,0,-0.023409486791933887,0.019290123134851456,0.00284476,999,,,,,,,-1,,-1,,,,,,,,,,,,,,,,,,,,"Jair Camargo","21730",665856
"Logan Driscoll","MIA",0,1,1,0,0,0,0,0,0,0,0,0,0,0,0,0,,0,0,0.224593,0.0788636,0.244353,0.322745,0.293732,0.355962,0.2889,0.649694,0.13137,4.4937,0.278732,0,-0.000189771,0.0948803,-0.0217235,79.4008,-0.000189771,0,-0.024630895859445445,0.019290123134851456,0.00272012,999,,,,,,,-1,,-1,,,,,,,,,,,,,,,,,,,,"Logan Driscoll","25475",686482
"Adael Amador","COL",1,3,3,1,0,0,0,0,0,0,0,0,1,0,0,0,,0,0,0.238564,0.0928083,0.174956,0.530466,0.312516,0.363817,0.302167,0.676333,0.125253,4.52354,0.272193,-0.00203662,0.00300721,0.345994,-0.0366117,76.5196,0.000970586,-0.000871454,-0.09044408885529265,0.010702619736548513,0.00257642,999,,,,,,,2.6,2.6,2.6,2.6,,,,,,,,,,,,,,,,,,,"Adael Amador","27962",691182
"Chad Wallach","ATH",0,1,1,0,0,0,0,0,0,0,0,0,0,0,0,0,,0,0,0.224593,0.0788636,0.244353,0.322745,0.293732,0.355962,0.2889,0.649694,0.13137,4.4937,0.278732,0,-0.000189771,0.0948803,-0.0217235,74.6935,-0.000189771,0,-0.02916845776780974,0.019290123134851456,0.00256271,999,,,,,,,-1,,-1,,,,,,,,,,,,,,,,,,,,"Chad Wallach","17161",595453
"Jonathon Long","MIA",2,6,6,1,1,0,0,0,1,1,1,0,2,0,0,0,,0,0,0.240171,0.0878211,0.234408,0.37465,0.309614,0.377169,0.304553,0.686782,0.136998,2.14351,0.29411,-0.00766235,-0.00886217,0.704462,-0.0607497,89.9076,-0.0165245,0.038665,-0.09510877542197704,-0.09250783920288086,0.00228192,999,,,,,,,2.6,1.3,2.6,1.3,,,,,,,,,,,,,,,,,,,"Jonathon Long","sa3022864",675085
"Noelvi Marte","CIN",2,11,10,2,2,0,0,0,1,1,1,0,2,0,0,0,,0,0,0.2463,0.0584962,0.22978,0.254575,0.294681,0.396524,0.303113,0.691205,0.150224,4.91089,0.294052,0.0109424,0.00466799,1.16156,-0.113795,87.8023,0.0156104,-0.0694188,-0.14268469996750355,-0.18515954166650772,0.00225722,147.7100067138672,,,,,,,4.2,2.1,4.2,2.1,,,,,,,,,,,,,,,,,,,"Noelvi Marte","26517",682622
"Joey Loperfido","HOU",0,2,2,0,0,0,0,0,0,0,0,0,1,0,0,0,,0,0,0.233645,0.0649718,0.279661,0.232323,0.295455,0.367601,0.292852,0.663056,0.133956,5.16287,0.310185,-0.000616077,-0.00041552,0.214436,-0.0406344,86.1679,-0.0010316,0.00391912,-0.035679839667864144,-0.019229026045650244,0.00220781,746.02001953125,,,,,,,-2,,-2,,,,,,,,,,,,,,,,,,,,"Joey Loperfido","29630",694388
"Lucas Spence","HOU",0,1,1,0,0,0,0,0,0,0,0,0,0,0,0,0,,0,0,0.224593,0.0788635,0.244353,0.322745,0.293732,0.355962,0.2889,0.649694,0.13137,4.4937,0.278732,0,-0.000207562,0.103775,-0.0237601,83.4191,-0.000207562,0,-0.020974546525394544,0.0038580247201025486,0.00215884,999,,,,,,,-1,,-1,,,,,,,,,,,,,,,,,,,,"Lucas Spence","35126",828599
"Miguel Andujar","SDP",5,23,21,6,4,1,0,1,2,3,1,0,3,0,0,0,,0,0,0.266018,0.0517638,0.151435,0.341823,0.305894,0.394074,0.306308,0.699968,0.128056,2.99374,0.295413,-0.0308929,-0.0301867,2.49771,-0.180533,96.1914,-0.0610796,-0.0126932,-0.16487455740571022,-0.5489585977047682,0.00215225,722.9099731445312,,,,,,,27.9,5.58,27.9,5.58,,,,,,,,,,,,,,,,,,,"Miguel Andujar","15878",609280
"Oliver Dunn","TBR",0,1,1,0,0,0,0,0,0,0,0,0,0,0,0,0,,0,0,0.224593,0.0788635,0.244353,0.322745,0.293732,0.355962,0.2889,0.649694,0.13137,4.4937,0.278732,0,-0.000215864,0.107926,-0.0247105,81.87,-0.000215864,0,-0.023831291691749357,0.004012345802038908,0.00203929,999,,,,,,,-1,,-1,,,,,,,,,,,,,,,,,,,,"Oliver Dunn","26295",686554
"Jack Suwinski","TBR",1,2,2,0,0,0,0,0,0,0,0,0,1,0,0,0,,0,0,0.199088,0.110374,0.309461,0.356665,0.294144,0.366451,0.293791,0.660594,0.167363,4.17561,0.261032,0.0000262961,0.00278502,0.224716,-0.0405579,85.2721,0.00281132,0,-0.035556505201384425,-0.024074073880910873,0.00203842,999,,,,,,,-2,-2,-2,-2,,,,,,,,,,,,,,,,,,,"Jack Suwinski","22244",669261
"Nacho Alvarez Jr.","LAA",1,3,3,1,1,0,0,0,0,0,0,0,1,0,0,0,,0,0,0.235244,0.0793069,0.214812,0.369192,0.303226,0.299528,0.273934,0.602754,0.0642845,3.50414,0.297781,-0.00366181,-0.00504419,0.27222,-0.110386,73.1,-0.00870599,0.000240297,-0.10977939050644636,0.011814371144282632,0.00171962,999,,,,,,,2.6,2.6,2.6,2.6,,,,,,,,,,,,,,,,,,,"Nacho Alvarez Jr.","31765",805373
"Luis Vázquez","BAL",1,3,3,1,0,0,0,0,0,0,0,0,1,0,0,0,,0,0,0.220089,0.0579124,0.260322,0.222465,0.27167,0.32644,0.265809,0.59811,0.106351,4.02568,0.281943,-0.00120599,0.00121316,0.250987,-0.13162,68.7209,0.00000716866,0,-0.1175205323006594,0.019290123134851456,0.00169254,999,,,,,,,2.6,2.6,2.6,2.6,,,,,,,,,,,,,,,,,,,"Luis Vazquez","23442",676679
"Ryan Mountcastle","BAL",1,5,5,1,1,0,0,0,1,1,0,0,1,0,0,0,,0,0,0.259037,0.0621008,0.240123,0.258621,0.306932,0.375797,0.301794,0.682729,0.11676,2.92673,0.32319,-0.00223102,-0.00673302,0.575033,-0.0626434,93.7472,-0.00896404,0.000498843,-0.048121025785803795,-0.12681597814662382,0.00167599,748.0900268554688,,,,,,,0.6,0.6,0.6,0.6,,,,,,,,,,,,,,,,,,,"Ryan Mountcastle","18373",663624
"Gustavo Campero","LAA",2,8,7,2,1,0,0,0,1,1,1,0,2,0,0,0,,0,0,0.236597,0.0690742,0.202074,0.341826,0.304574,0.361978,0.296408,0.666552,0.12538,5.93033,0.281011,0.00959062,0.0225011,0.772209,-0.120538,88.7297,0.0320917,-0.103864,-0.06671761348843575,-0.18488285690546036,0.00166383,999,,,,,,,7.2,3.6,7.2,3.6,,,,,,,,,,,,,,,,,,,"Gustavo Campero","22707",672569
"Carlos Santana",,2,6,6,1,1,0,0,0,1,1,1,0,1,0,0,0,,0,0,0.21868,0.104963,0.186123,0.563946,0.304641,0.367686,0.299048,0.672327,0.149007,3.44216,0.240457,0,0.00350313,0.675689,-0.0895233,88.0555,0.00350313,0,-0.08787996717728674,-0.11574073880910873,0.00165161,999,,,,,,,2.6,1.3,2.6,1.3,,,,,,,,,,,,,,,,,,,"Carlos Santana","2396",467793
"Austin Wynns","CHC",0,1,1,0,0,0,0,0,0,0,0,0,0,0,0,0,,0,0,0.215026,0.0647505,0.267151,0.242374,0.269632,0.314462,0.261694,0.584094,0.0994354,2.62328,0.278486,-0.00131961,-0.00108749,0.0732145,-0.0433893,64.3834,-0.0024071,0.00881232,-0.0446665296331048,0.028102442622184753,0.00157483,999,,,,,,,-1,,-1,,,,,,,,,,,,,,,,,,,,"Austin Wynns","15271",642851
"Andrew Pintar","MIA",0,1,1,0,0,0,0,0,0,0,0,0,0,0,0,0,,0,0,0.224593,0.0788635,0.244353,0.322745,0.293732,0.355962,0.2889,0.649694,0.13137,4.4937,0.278732,0,-0.000207562,0.103775,-0.0237601,79.4008,-0.000207562,0,-0.026940047595417127,0.0038580247201025486,0.00121581,999,,,,,,,-1,,-1,,,,,,,,,,,,,,,,,,,,"Andrew Pintar","sa3020715",801464
"Tommy Pham","PHI",0,2,2,0,0,0,0,0,0,0,0,0,0,0,0,0,,0,0,0.236477,0.0938765,0.227308,0.412993,0.310672,0.371626,0.302998,0.682298,0.135149,3.98197,0.288047,-0.00136088,-0.0000625382,0.232111,-0.0229599,86.4659,-0.00142341,0,-0.03655094210989773,-0.023148147389292717,0.00105043,999,,,,,,,-2,,-2,,,,,,,,,,,,,,,,,,,,"Tommy Pham","2967",502054
"Jeremiah Jackson","BAL",0,2,2,0,0,0,0,0,0,0,0,0,0,0,0,0,,0,0,0.240758,0.0460026,0.228125,0.201656,0.277945,0.381383,0.288702,0.659328,0.140625,4.26996,0.28903,-0.00180396,0.000642983,0.207206,-0.0478649,84.6421,-0.00116098,-0.0195001,-0.039631325751543045,-0.027216192800551653,0.00098952,999,,,,,,,-2,,-2,,,,,,,,,,,,,,,,,,,,"Jeremiah Jackson","22239",669236
"Willie MacIver","SEA",0,1,1,0,0,0,0,0,0,0,0,0,0,0,0,0,,0,0,0.214286,0.0666667,0.266667,0.25,0.266667,0.25,0.236985,0.516667,0.0357143,1.86161,0.3,-0.000153972,-0.00131927,0.0535371,-0.0630666,53.3583,-0.00147324,0.00852597,-0.05488301254808903,0.027816097252070904,0.000808691,999,,,,,,,-1,,-1,,,,,,,,,,,,,,,,,,,,"Willie MacIver","24641",680862
"Santiago Espinal","ARI",1,3,3,1,1,0,0,0,0,0,0,0,0,0,0,0,,0,0,0.246593,0.0652202,0.143525,0.454416,0.298152,0.328704,0.280466,0.626855,0.0821105,3.15967,0.28349,-0.00112665,-0.0037683,0.277715,-0.0895865,74.1717,-0.00489495,-0.0130754,-0.10142841283231974,0.005443114787340164,0.000490258,999,,,,,,,2.6,2.6,2.6,2.6,,,,,,,,,,,,,,,,,,,"Santiago Espinal","19997",669289
"Pavin Smith","ARI",0,1,1,0,0,0,0,0,0,0,0,0,0,0,0,0,,0,0,0.230244,0.11336,0.249966,0.453501,0.318553,0.376586,0.309398,0.695139,0.146342,3.03564,0.287239,-0.00285831,-0.000866598,0.116765,-0.00566879,93.5911,-0.00372491,0,-0.011709366692230105,-0.018518518656492233,0.000343756,999,,,,,,,-1,,-1,,,,,,,,,,,,,,,,,,,,"Pavin Smith","19892",656976
"Scott Bandura","SFG",0,2,2,0,0,0,0,0,0,0,0,0,1,0,0,0,,0,0,0.224593,0.0788635,0.244353,0.322745,0.293732,0.355962,0.2889,0.649694,0.13137,4.4937,0.278732,0,-0.000415124,0.207551,-0.0475201,82.7275,-0.000415124,0,-0.04524576262338087,-0.023148147389292717,0.000163158,999,,,,,,,-2,,-2,,,,,,,,,,,,,,,,,,,,"Scott Bandura","sa3022699",814154
"Dalton Rushing","LAD",0,2,2,0,0,0,0,0,0,0,0,0,1,0,0,0,,0,0,0.233318,0.0966515,0.283676,0.34071,0.313528,0.386908,0.310476,0.700437,0.153591,2.63275,0.304177,-0.00200206,-0.00241223,0.245139,-0.00993196,95.4505,-0.00441429,0,-0.016222504433244467,-0.054012347012758255,-0.0000247026,745.8300170898438,,,,,,,-2,,-2,,,,,,,,,,,,,,,,,,,,"Dalton Rushing","31382",687221
"Michael Helman","TEX",0,1,1,0,0,0,0,0,0,0,0,0,0,0,0,0,,0,0,0.209223,0.0603246,0.23223,0.259762,0.261339,0.306681,0.25443,0.56802,0.0974571,5.46212,0.258248,0.00130213,0.000503144,0.0737513,-0.053784,60.8533,0.00180528,0.00222261,-0.047224403358995914,0.006080638384446502,-0.000293034,999,,,,,,,-1,,-1,,,,,,,,,,,,,,,,,,,,"Michael Helman","24605",680737
"Chad Stevens","COL",0,1,1,0,0,0,0,0,0,0,0,0,0,0,0,0,,0,0,0.224593,0.0788635,0.244353,0.322745,0.293732,0.355962,0.2889,0.649694,0.13137,4.4937,0.278732,0,-0.000207562,0.103775,-0.0237601,67.6148,-0.000207562,0,-0.04223528117290698,0.0038580247201025486,-0.000345003,999,,,,,,,-1,,-1,,,,,,,,,,,,,,,,,,,,"Chad Stevens","29614",677060
"Kemp Alderman","MIA",0,1,1,0,0,0,0,0,0,0,0,0,0,0,0,0,,0,0,0.224593,0.0788635,0.244353,0.322745,0.293732,0.355962,0.2889,0.649694,0.13137,4.4937,0.278732,0,-0.000207562,0.103775,-0.0237601,79.4008,-0.000207562,0,-0.026940047595417127,-0.011574073694646358,-0.00035897,999,,,,,,,-1,,-1,,,,,,,,,,,,,,,,,,,,"Kemp Alderman","sa3022562",694580
"Brewer Hicklen","ATL",3,12,11,2,2,0,0,0,1,1,1,0,3,0,0,0,,0,0,0.224593,0.0788636,0.244353,0.322745,0.293732,0.355962,0.2889,0.649694,0.13137,4.4937,0.278732,0,-0.00228318,1.14153,-0.261361,80.4302,-0.00228318,0,-0.28164547216147184,-0.11188271641731262,-0.000874319,999,,,,,,,3.2,1.066666666,3.2,1.066666666,,,,,,,,,,,,,,,,,,,"Brewer Hicklen","20450",676551
"Yoán Moncada","LAA",1,4,4,1,1,0,0,0,0,0,0,0,1,0,0,0,,0,0,0.227308,0.102577,0.286,0.35866,0.31097,0.359745,0.300147,0.670715,0.132438,2.65209,0.309457,-0.00718358,-0.0052679,0.45429,-0.055851,91.3302,-0.0124515,0,-0.05588602367788553,-0.10802469402551651,-0.00110434,746.1500244140625,,,,,,,1.6,1.6,1.6,1.6,,,,,,,,,,,,,,,,,,,"Yoan Moncada","17232",660162
"Nelson Rada","LAA",1,4,4,1,1,0,0,0,1,0,0,0,1,0,0,0,,0,0,0.230333,0.0869247,0.240629,0.36124,0.302809,0.278167,0.267031,0.580977,0.0478343,4.94545,0.308601,0.0056413,0.00235762,0.338908,-0.171233,68.2991,0.00799892,0.00184463,-0.15081781521439552,-0.013587470864877105,-0.00115481,999,,,,,,,1.6,1.6,1.6,1.6,,,,,,,,,,,,,,,,,,,"Nelson Rada","sa3018421",703185
"Josh Rojas","KCR",6,27,24,6,4,1,0,0,3,2,2,0,6,0,0,0,,0,0,0.229713,0.0856619,0.213556,0.401122,0.296731,0.3264,0.280138,0.623131,0.0966863,3.98438,0.284998,-0.0232933,0.00511512,2.39975,-0.783532,74.1255,-0.0181782,-0.243619,-0.827051742002368,-0.1399148553609848,-0.00119324,999,,,,,,,18.5,3.083333333,18.5,3.083333333,,,,,,,,,,,,,,,,,,,"Josh Rojas","19734",668942
"Robert Hassell III","PIT",0,1,1,0,0,0,0,0,0,0,0,0,0,0,0,0,,0,0,0.232019,0.0712288,0.252319,0.282296,0.289759,0.336534,0.279024,0.626294,0.104516,3.92712,0.300701,0.00103379,0.000688822,0.0913662,-0.0310678,70.5252,0.00172261,0,-0.03499817557167262,-0.011111111380159855,-0.00127687,999,,,,,,,-1,,-1,,,,,,,,,,,,,,,,,,,,"Robert Hassell III","27482",690987
"Hunter Feduccia","LAD",7,27,24,5,4,1,0,1,3,3,3,0,7,0,0,0,,0,0,0.223833,0.101537,0.255705,0.397087,0.303962,0.337961,0.288995,0.641923,0.114128,3.18006,0.290229,-0.042191,-0.0231228,2.56382,-0.584482,81.0324,-0.0653138,-0.724554,-0.6729542762041092,-0.20372074842453003,-0.00130253,999,,,,,,,25.3,3.614285714,25.3,3.614285714,,,,,,,,,,,,,,,,,,,"Hunter Feduccia","23372",676439
"Gabriel Rincones Jr.","PHI",0,2,2,0,0,0,0,0,0,0,0,0,1,0,0,0,,0,0,0.215331,0.0878911,0.271318,0.323941,0.290914,0.352356,0.286319,0.64327,0.137026,4.19338,0.277046,0.000579046,0.00261033,0.203055,-0.0520157,75.2712,0.00318937,0,-0.06099393800832331,-0.023148147389292717,-0.00144388,999,,,,,,,-2,,-2,,,,,,,,,,,,,,,,,,,,"Gabriel Rincones Jr.","31958",687282
"Colby Thomas","PHI",1,3,3,1,0,0,0,0,0,0,0,0,1,0,0,0,,0,0,0.227749,0.0596981,0.300954,0.198363,0.278323,0.377234,0.288253,0.655557,0.149485,4.85209,0.29647,-0.00159674,0.000463223,0.309635,-0.0729707,76.5691,-0.00113352,0.00746539,-0.09235559543594718,-0.02725683432072401,-0.00149224,748.5900268554688,,,,,,,2.6,2.6,2.6,2.6,,,,,,,,,,,,,,,,,,,"Colby Thomas","31855",687515
"Jace Jung","DET",0,1,1,0,0,0,0,0,0,0,0,0,0,0,0,0,,0,0,0.216667,0.107454,0.248682,0.432092,0.304076,0.301479,0.277335,0.605555,0.0848121,2.93174,0.282406,-0.00134985,-0.00184739,0.09745,-0.0351868,73.732,-0.00319725,0.00260338,-0.037412920501083136,-0.017458343179896474,-0.00153765,999,,,,,,,-1,,-1,,,,,,,,,,,,,,,,,,,,"Jace Jung","31437",690291
"Tyler Austin","CHC",0,2,2,0,0,0,0,0,0,0,0,0,1,0,0,0,,0,0,0.24276,0.0830158,0.247833,0.334967,0.307844,0.370753,0.300581,0.678596,0.127992,3.13016,0.303017,-0.00456254,-0.00268474,0.227901,-0.0271696,90.4843,-0.00724727,0,-0.031945315189659595,-0.054012347012758255,-0.00162915,999,,,,,,,-2,,-2,,,,,,,,,,,,,,,,,,,,"Tyler Austin","11850",592122
"Jack Brannigan","PIT",0,1,1,0,0,0,0,0,0,0,0,0,0,0,0,0,,0,0,0.209618,0.0780072,0.316644,0.246356,0.276414,0.305737,0.26332,0.582152,0.0961195,4.59905,0.297606,-0.000128267,-0.0000902774,0.0782347,-0.0441993,59.9848,-0.000218544,-0.0123552,-0.050070866956957616,-0.0012440560385584831,-0.00180809,999,,,,,,,-1,,-1,,,,,,,,,,,,,,,,,,,,"Jack Brannigan","31471",687394
"Nick Yorke","PIT",3,15,13,3,3,0,0,0,2,2,1,0,3,0,0,0,,0,0,0.245049,0.0736256,0.223823,0.328946,0.302906,0.328558,0.283207,0.631464,0.0835094,4.43337,0.30857,-0.00313103,-0.0124825,1.3281,-0.385972,73.3332,-0.0156136,-0.029941,-0.48072819504886866,-0.0077187977731227875,-0.00184657,999,,,,,,,6.8,2.266666666,6.8,2.266666666,,,,,,,,,,,,,,,,,,,"Nick Yorke","27504",694377
"Ralphy Velazquez","CLE",2,6,6,1,1,0,0,0,1,1,1,0,2,0,0,0,,0,0,0.224593,0.0788635,0.244353,0.322745,0.293732,0.355962,0.2889,0.649694,0.13137,4.4937,0.278732,0,-0.00124537,0.622652,-0.14256,83.1173,-0.00124537,0,-0.12811491580214351,-0.12345679104328156,-0.00223875,999,,,,,,,2.6,1.3,2.6,1.3,,,,,,,,,,,,,,,,,,,"Ralphy Velazquez","sa3023013",806252
"Andrew McCutchen",,1,5,5,1,1,0,0,0,1,1,1,0,1,0,0,0,,0,0,0.22877,0.11602,0.235713,0.49221,0.321227,0.360243,0.30592,0.68147,0.131473,2.67056,0.285811,-0.0180828,-0.00701182,0.593006,-0.0446709,92.7503,-0.0250946,0,-0.07131539098918438,-0.1350308656692505,-0.0023649,999,,,,,,,3.6,3.6,3.6,3.6,,,,,,,,,,,,,,,,,,,"Andrew McCutchen","9847",457705
"Ivan Johnson","CIN",4,15,14,3,2,1,0,0,2,2,1,0,4,0,0,0,,0,0,0.224593,0.0788636,0.244353,0.322745,0.293732,0.355962,0.2889,0.649694,0.131369,4.4937,0.278732,0,-0.00290586,1.45285,-0.332641,78.2622,-0.00290586,0,-0.39784719492308795,-0.11574073880910873,-0.00241221,999,,,,,,,8.7,2.175,8.7,2.175,,,,,,,,,,,,,,,,,,,"Ivan Johnson","27593",671155
"DaShawn Keirsey Jr.","ATL",0,1,1,0,0,0,0,0,0,0,0,0,0,0,0,0,,0,0,0.2,0.0740741,0.296296,0.25,0.259259,0.24,0.230345,0.499259,0.04,6.61554,0.294118,-0.00208905,0.0146294,0.0527722,-0.0747631,41.129,0.0125404,0.000931159,-0.06385926529765129,0.004789183498360217,-0.00245662,999,,,,,,,-1,,-1,,,,,,,,,,,,,,,,,,,,"DaShawn Keirsey Jr.","24496",680577
"Edouard Julien","COL",0,1,1,0,0,0,0,0,0,0,0,0,0,0,0,0,,0,0,0.242228,0.120576,0.274854,0.43869,0.338574,0.369238,0.318156,0.707811,0.127009,3.41091,0.328833,-0.00157895,-0.00110169,0.129259,0.00172355,87.2517,-0.00268064,-0.0441574,-0.019224748015403748,-0.0402993424795568,-0.00250295,746.0499877929688,,,,,,,-1,,-1,,,,,,,,,,,,,,,,,,,,"Edouard Julien","27534",666397
"Nick Allen","HOU",7,29,26,6,4,1,0,0,3,2,2,0,6,0,0,1,,1,0,0.222179,0.0719005,0.207846,0.345932,0.280998,0.306217,0.264691,0.587216,0.0840384,4.26417,0.274085,-0.0120008,0.00912652,2.2326,-1.21085,66.5832,-0.00287426,-0.101001,-1.132912516593933,0.07261011004447937,-0.00275051,999,,,,,,,18.4,2.628571428,18.4,2.628571428,,,,,,,,,,,,,,,,,,,"Nick Allen","22277",669397
"Sean Keys","TOR",1,3,3,1,0,0,0,0,0,0,0,0,1,0,0,0,,0,0,0.224593,0.0788635,0.244353,0.322745,0.293732,0.355962,0.2889,0.649694,0.13137,4.4937,0.278732,0,-0.000597778,0.298873,-0.068429,83.5301,-0.000597778,0,-0.06000624888110906,-0.07777778059244156,-0.0028124,999,,,,,,,2.6,2.6,2.6,2.6,,,,,,,,,,,,,,,,,,,"Sean Keys","35094",815873
"Nelson Velázquez","HOU",4,16,15,3,2,1,0,1,2,2,1,0,5,0,0,0,,0,0,0.215175,0.0884132,0.294258,0.300462,0.28844,0.397367,0.301194,0.685806,0.182191,4.38677,0.268663,0.00312368,0.0112227,1.71727,-0.195762,91.9697,0.0143464,-0.292434,-0.1365188742056489,-0.4660450220108032,-0.0029064,748.5599975585938,,,,,,,17.1,4.275,17.1,4.275,,,,,,,,,,,,,,,,,,,"Nelson Velazquez","23359",676369
"Tyler Freeman","COL",2,11,10,3,2,0,0,0,1,1,1,0,1,0,0,0,,0,0,0.26935,0.0672657,0.133102,0.505369,0.34039,0.357747,0.314784,0.698137,0.0883969,5.28047,0.304373,-0.00146433,0.000738658,1.26322,-0.0121368,84.9883,-0.000725667,-0.113506,-0.19553900766186416,-0.1829502135515213,-0.00291089,745.8599853515625,,,,,,,9.8,4.9,9.8,4.9,,,,,,,,,,,,,,,,,,,"Tyler Freeman","22532",671289
"LuJames Groover","ARI",1,3,3,1,0,0,0,0,0,0,0,0,1,0,0,0,,0,0,0.224593,0.0788635,0.244353,0.322745,0.293732,0.355962,0.2889,0.649694,0.13137,4.4937,0.278732,0,-0.000597778,0.298873,-0.068429,79.8326,-0.000597778,0,-0.07597378187347203,-0.0555555559694767,-0.00313686,999,,,,,,,2.6,2.6,2.6,2.6,,,,,,,,,,,,,,,,,,,"LuJames Groover","33552",694410
"Matthew Lugo","KCR",5,20,18,4,3,1,0,1,2,2,1,0,6,0,0,0,,0,0,0.221337,0.0581496,0.295722,0.196636,0.272597,0.367491,0.281562,0.640088,0.146154,4.78966,0.29335,0.00550827,-0.000252699,1.77628,-0.549966,75.1155,0.00525557,0,-0.5632289750501513,-0.1666666716337204,-0.0032462,999,,,,,,,19.7,3.94,19.7,3.94,,,,,,,,,,,,,,,,,,,"Matthew Lugo","25980",683090
"Jared Serna","MIA",0,1,1,0,0,0,0,0,0,0,0,0,0,0,0,0,,0,0,0.185185,0.0689655,0.172414,0.4,0.241379,0.222222,0.214459,0.463602,0.037037,2.19643,0.227273,-0.000305652,-0.00127946,0.0389351,-0.0886003,29.4371,-0.00158511,0.0206647,-0.09315784531645477,0.024522677529603243,-0.00343269,999,,,,,,,-1,,-1,,,,,,,,,,,,,,,,,,,,"Jared Serna","sa3015579",691858
"Gavin Cross","KCR",1,6,6,1,1,0,0,0,1,1,0,0,2,0,0,0,,0,0,0.224593,0.0788635,0.244353,0.322745,0.293732,0.355962,0.2889,0.649694,0.13137,4.4937,0.278732,0,-0.00119556,0.597746,-0.136858,80.2187,-0.00119556,0,-0.14390162169001997,-0.1111111119389534,-0.00352721,999,,,,,,,-0.4,-0.4,-0.4,-0.4,,,,,,,,,,,,,,,,,,,"Gavin Cross","sa3019985",688457
"Ethan Murray","MIL",0,1,1,0,0,0,0,0,0,0,0,0,0,0,0,0,,0,0,0.171977,0.0986098,0.285551,0.345332,0.261446,0.233457,0.232759,0.494903,0.0614801,3.79861,0.249575,0,-0.000540196,0.0548747,-0.0726607,43.7817,-0.000540196,0,-0.07349724281812087,0.0038580247201025486,-0.00353515,999,,,,,,,-1,,-1,,,,,,,,,,,,,,,,,,,,"Ethan Murray","sa3017051",696140
"Andrew Pinckney","WSN",6,24,22,5,4,1,0,1,3,2,2,0,7,0,0,0,,1,0,0.224744,0.0638347,0.313144,0.203851,0.286626,0.328487,0.276484,0.615113,0.103743,5.42213,0.316315,0.0228354,0.078885,2.05259,-0.763396,70.1957,0.10172,0.114073,-0.7522990331053734,-0.056297801434993744,-0.00366105,999,,,,,,,26.2,4.366666666,26.2,4.366666666,,,,,,,,,,,,,,,,,,,"Andrew Pinckney","33357",687605
"Charlie Condon","COL",3,14,13,3,2,1,0,1,2,2,1,0,4,0,0,0,,0,0,0.238545,0.0778041,0.290981,0.267386,0.312332,0.417922,0.321489,0.730254,0.179377,3.73292,0.308699,-0.00775819,-0.0164444,1.7181,0.0601439,89.4885,-0.0242026,0.0293971,-0.20153816044330597,-0.2908189930021763,-0.00381693,999,,,,,,,19.1,6.366666666,19.1,6.366666666,,,,,,,,,,,,,,,,,,,"Charlie Condon","sa3025257",809707
"Junior Perez","CHW",1,3,3,1,0,0,0,0,0,0,0,0,1,0,0,0,,0,0,0.195559,0.0848939,0.348712,0.243449,0.265856,0.298352,0.255332,0.564208,0.102793,4.76051,0.290359,0.00401722,0.00144679,0.232555,-0.165356,59.587,0.005464,0.00471482,-0.152456805575639,-0.015346904750913382,-0.00493846,999,,,,,,,2.6,2.6,2.6,2.6,,,,,,,,,,,,,,,,,,,"Junior Perez","23989",678577
"Michael Chavis","CIN",2,6,6,1,1,0,0,0,1,1,1,0,2,0,0,0,,0,0,0.224593,0.0788636,0.244353,0.322745,0.293732,0.355962,0.2889,0.649694,0.131369,4.4937,0.278732,0,-0.00124537,0.622652,-0.14256,78.2622,-0.00124537,0,-0.1705059469677508,-0.09259259700775146,-0.00542069,999,,,,,,,2.6,1.3,2.6,1.3,,,,,,,,,,,,,,,,,,,"Michael Chavis","17321",656308
"Michael Conforto","CHC",14,58,51,11,7,2,0,2,7,7,6,0,15,1,1,0,,0,0,0.219675,0.107374,0.257243,0.417404,0.31303,0.37819,0.307199,0.691219,0.158515,2.31625,0.268885,-0.074548,-0.073621,6.46458,-0.42233,94.9257,-0.148169,-0.404931,-0.5037677586078644,-1.4465972185134888,-0.0061799,999,,,,,,,56.2,4.014285714,56.2,4.014285714,,,,,,,,,,,,,,,,,,,"Michael Conforto","16376",624424
"Will Banfield","CIN",1,3,3,1,0,0,0,0,0,0,0,0,1,0,0,0,,0,0,0.190476,0.0454546,0.318182,0.142857,0.227273,0.238095,0.210503,0.465368,0.0476191,2.01786,0.285714,0.000276708,-0.003084,0.0973401,-0.252471,25.6428,-0.00280729,0.0526218,-0.26748422207310796,0.11049215123057365,-0.00622499,999,,,,,,,2.6,2.6,2.6,2.6,,,,,,,,,,,,,,,,,,,"Will Banfield","23790",677943
"Gavin Lux","TBR",3,11,10,2,2,1,0,0,1,1,1,0,3,0,0,0,,0,0,0.244521,0.102471,0.228925,0.447618,0.322169,0.35157,0.303089,0.673739,0.107049,3.59436,0.312956,0,-0.00646773,1.2078,-0.118563,91.7384,-0.00646773,-0.389533,-0.11408025631681085,-0.3494095280766487,-0.00667983,745.989990234375,,,,,,,7.1,2.366666666,7.1,2.366666666,,,,,,,,,,,,,,,,,,,"Gavin Lux","19955",666158
"Matt Wallner","MIN",1,3,3,1,0,0,0,0,0,0,0,0,1,0,0,0,,0,0,0.219681,0.101551,0.308768,0.328892,0.321665,0.434919,0.333006,0.756584,0.215238,3.22461,0.277624,-0.00445791,-0.00286974,0.426582,0.0439758,113.556,-0.00732766,-0.19069,0.0436064382083714,-0.225412055850029,-0.00683595,340.5899963378906,,,,,,,2.6,2.6,2.6,2.6,,,,,,,,,,,,,,,,,,,"Matt Wallner","26466",670242
"Sterlin Thompson","COL",1,3,3,1,1,0,0,0,0,0,0,0,1,0,0,0,,0,0,0.251111,0.0762389,0.225775,0.337676,0.31428,0.338214,0.293634,0.652494,0.087103,4.18671,0.3175,-0.00242511,-0.00502676,0.323698,-0.0589079,70.7927,-0.00745187,-0.0032705,-0.12116277730092406,-0.053424822399392724,-0.00710222,999,,,,,,,2.6,2.6,2.6,2.6,,,,,,,,,,,,,,,,,,,"Sterlin Thompson","31443",694514
"Gabriel Gonzalez","MIN",5,21,19,5,4,1,0,0,3,3,1,0,4,0,0,0,,0,0,0.252435,0.0585146,0.18559,0.31529,0.300144,0.329819,0.282182,0.629963,0.0773838,3.98925,0.303283,-0.0239074,-0.0281021,1.86056,-0.562614,78.2094,-0.0520095,-0.00968586,-0.5705539472401142,-0.2295932760462165,-0.00744689,999,,,,,,,14.9,2.98,14.9,2.98,,,,,,,,,,,,,,,,,,,"Gabriel Gonzalez","28833",694224
"Max Schuemann","NYY",0,2,2,0,0,0,0,0,0,0,0,0,0,0,0,0,,0,0,0.21855,0.110174,0.219484,0.501971,0.310778,0.298152,0.280305,0.608929,0.0796018,4.69713,0.275403,0.00177025,-0.00204924,0.192578,-0.0624929,76.808,-0.000278999,-0.0925982,-0.05837302334839478,-0.10031429352238774,-0.00838234,999,,,,,,,-2,,-2,,,,,,,,,,,,,,,,,,,,"Max Schuemann","24488",680474
"Jordan Beck","COL",8,32,30,7,5,1,0,1,4,3,2,0,9,0,0,0,,1,0,0.241929,0.0758936,0.279859,0.271185,0.302586,0.390048,0.305351,0.692634,0.14812,5.35134,0.317817,0.0331434,0.0404814,3.54316,-0.282902,78.6571,0.0736248,-0.00243337,-0.7573066726326942,-0.38051978312432766,-0.00897337,232.9199981689453,,,,,,,29.4,3.675,29.4,3.675,,,,,,,,,,,,,,,,,,,"Jordan Beck","31431",687597
"Justin Foscue","TEX",7,31,28,6,4,2,0,1,3,3,2,0,7,0,0,0,,0,0,0.224047,0.0782195,0.215946,0.362217,0.296489,0.386331,0.302216,0.68282,0.162284,2.64759,0.259583,-0.0239529,-0.042985,3.34585,-0.352674,94.0862,-0.0669379,-0.372378,-0.281735397875309,-0.9163593649864197,-0.00900061,999,,,,,,,26.8,3.828571428,26.8,3.828571428,,,,,,,,,,,,,,,,,,,"Justin Foscue","27501",679822
"Adrian Del Castillo","ARI",1,4,4,1,1,0,0,0,0,0,0,0,1,0,0,0,,0,0,0.230312,0.0800273,0.273034,0.293103,0.293737,0.360816,0.2905,0.654553,0.130504,2.58393,0.297051,-0.00534648,-0.00460684,0.386542,-0.082205,80.9067,-0.00995332,-0.102156,-0.10102406982332468,-0.11697090789675713,-0.00911965,999,,,,,,,1.6,1.6,1.6,1.6,,,,,,,,,,,,,,,,,,,"Adrian Del Castillo","29554",680728
"Will Wagner","SDP",0,2,2,0,0,0,0,0,0,0,0,0,0,0,0,0,,0,0,0.237493,0.0970464,0.186835,0.519422,0.315379,0.326177,0.290573,0.641556,0.0886837,2.98398,0.286644,-0.00139932,-0.0022506,0.210466,-0.0446043,85.6305,-0.00364992,-0.102256,-0.04094587219879031,-0.12540370970964432,-0.0098328,999,,,,,,,-2,,-2,,,,,,,,,,,,,,,,,,,,"Will Wagner","29634",695238
"Eric Wagaman","NYM",0,2,2,0,0,0,0,0,0,0,0,0,0,0,0,0,,0,0,0.232573,0.0718114,0.21838,0.328837,0.288744,0.32709,0.275852,0.615834,0.0945167,3.04642,0.285927,-0.00323143,-0.0023631,0.18482,-0.0702505,73.4502,-0.00559453,-0.0461899,-0.07450435496866703,-0.0924861840903759,-0.00989821,748.2100219726562,,,,,,,-2,,-2,,,,,,,,,,,,,,,,,,,,"Eric Wagaman","23395",676572
"Ronny Simon","PIT",2,9,8,2,2,0,0,0,1,1,1,0,2,0,0,0,,0,0,0.252935,0.0804336,0.184817,0.435206,0.314692,0.358992,0.299706,0.673683,0.106056,4.95559,0.300782,0.00516757,0.0139858,0.977948,-0.123957,84.4072,0.0191534,-0.070538,-0.15568110905587673,-0.24461204558610916,-0.00999276,999,,,,,,,6.2,3.1,6.2,3.1,,,,,,,,,,,,,,,,,,,"Ronny Simon","25346",682927
"Cristian Pache","NYM",3,12,11,2,2,0,0,0,1,1,1,0,4,0,0,0,,0,0,0.19468,0.0699591,0.329309,0.212442,0.25377,0.271988,0.238139,0.525758,0.0773085,4.18383,0.290808,-0.00185289,-0.0170879,0.655175,-0.747714,48.138,-0.0189407,0.3089,-0.7592811603099108,0.27417804300785065,-0.0102192,999,,,,,,,3.2,1.066666666,3.2,1.066666666,,,,,,,,,,,,,,,,,,,"Cristian Pache","19948",665506
"Adam Frazier","LAA",6,28,25,6,4,1,0,0,3,2,2,0,6,0,0,0,,0,0,0.223994,0.0697641,0.196858,0.354387,0.290743,0.322835,0.276008,0.613577,0.0988403,4.38007,0.26879,-0.0252719,0.0156903,2.40619,-0.909727,74.5418,-0.00958156,-0.0440698,-0.8386010471731424,-0.2601191848516464,-0.0105764,999,,,,,,,17.5,2.916666666,17.5,2.916666666,,,,,,,,,,,,,,,,,,,"Adam Frazier","15223",624428
"Zac Veen","COL",16,69,63,15,9,3,0,2,8,8,5,0,17,1,1,0,,2,1,0.24067,0.0723615,0.252097,0.287038,0.301136,0.40499,0.309029,0.706126,0.164321,5.85489,0.297467,0.0602392,0.074193,7.76376,-0.398501,81.1256,0.134432,0.00870394,-1.433198243379593,-0.9172219689935446,-0.0112915,743.6599731445312,,,,,,,67.5,4.21875,67.5,4.21875,,,,,,,,,,,,,,,,,,,"Zac Veen","27770",691728
"Agustín Ramírez","MIA",9,38,35,8,5,2,0,1,5,5,3,0,8,1,0,0,,1,0,0.238495,0.0760374,0.203747,0.373195,0.306107,0.402712,0.31153,0.70882,0.164218,4.56071,0.273303,0.00570099,0.0430249,4.3891,-0.143869,94.5905,0.0487259,-0.977917,-0.2007916234433651,-1.159244492650032,-0.0118541,86.8499984741211,,,,,,,38.9,4.322222222,38.9,4.322222222,,,,,,,,,,,,,,,,,,,"Agustin Ramirez","26546",682663
"Parker Meadows","DET",0,1,1,0,0,0,0,0,0,0,0,0,0,0,0,0,,0,0,0.226246,0.0961589,0.25654,0.374831,0.303171,0.373949,0.300368,0.67712,0.147703,5.21938,0.285005,0.00152466,0.00215221,0.118315,-0.0143215,89.7507,0.00367687,-0.15281,-0.009673475520685315,-0.1487978552468121,-0.0121096,745.6900024414062,,,,,,,-1,,-1,,,,,,,,,,,,,,,,,,,,"Parker Meadows","23800",678009
"José Tena","WSN",7,31,28,7,5,1,0,1,3,3,2,0,8,0,0,0,,1,0,0.238893,0.0753483,0.260101,0.289689,0.300732,0.352549,0.291291,0.653282,0.113656,4.86081,0.31382,0.0000305672,-0.00104327,3.01908,-0.618227,80.1338,-0.00101271,-0.204175,-0.7362953671254218,-0.38519375026226044,-0.0125916,999,,,,,,,31.4,4.485714285,31.4,4.485714285,,,,,,,,,,,,,,,,,,,"Jose Tena","23691",677588
"Johnathan Rodríguez","ATH",3,12,11,3,2,0,0,0,1,1,1,0,3,0,0,0,,0,0,0.244216,0.0842369,0.259166,0.32503,0.309931,0.342725,0.292633,0.652655,0.0985088,3.34329,0.32091,-0.0169319,-0.0101413,1.1773,-0.225588,77.29,-0.0270732,-0.00599859,-0.33995066210627556,-0.21047390718013048,-0.0132078,999,,,,,,,8.8,2.933333333,8.8,2.933333333,,,,,,,,,,,,,,,,,,,"Johnathan Rodriguez","22530",671286
"Zach Dezenzo","HOU",1,3,3,1,1,0,0,0,0,0,0,0,1,0,0,0,,0,0,0.221728,0.0798849,0.300798,0.265577,0.286277,0.317363,0.272318,0.60364,0.095635,4.1495,0.307769,0.000959013,-0.00263606,0.267997,-0.114609,71.8873,-0.00167705,-0.0950615,-0.10730710416100919,-0.13749975711107254,-0.013265,999,,,,,,,2.6,2.6,2.6,2.6,,,,,,,,,,,,,,,,,,,"Zach Dezenzo","31562",701305
"Jhostynxon Garcia","PIT",1,4,4,1,1,0,0,0,0,0,0,0,1,0,0,0,,0,0,0.232498,0.0641547,0.297602,0.215572,0.284861,0.37714,0.291506,0.662001,0.144642,3.89901,0.308488,-0.00187551,-0.00322457,0.407216,-0.0825197,78.9034,-0.00510008,-0.141466,-0.11023189639672637,-0.17109611444175243,-0.0149948,999,,,,,,,1.6,1.6,1.6,1.6,,,,,,,,,,,,,,,,,,,"Jhostynxon Garcia","28142",691373
"Wenceel Pérez","DET",1,4,4,1,1,0,0,0,1,0,0,0,1,0,0,0,,0,0,0.230985,0.0810513,0.211658,0.382935,0.295163,0.347543,0.286709,0.642706,0.116558,4.68374,0.276042,0.00746858,-0.00114856,0.423766,-0.106781,80.2511,0.00632001,-0.166371,-0.09657626785337925,-0.21451950818300247,-0.0154991,748.5399780273438,,,,,,,1.6,1.6,1.6,1.6,,,,,,,,,,,,,,,,,,,"Wenceel Perez","22857",672761
"John Rave","KCR",10,41,37,8,5,2,0,1,5,4,4,0,10,0,0,0,,1,0,0.223741,0.0917486,0.250975,0.365568,0.297452,0.370878,0.296299,0.66833,0.147137,5.82289,0.282617,0.0263511,0.0414448,4.23247,-0.664889,85.3647,0.0677959,-0.541925,-0.6360806077718735,-0.9863696396350861,-0.0155925,999,,,,,,,36.9,3.69,36.9,3.69,,,,,,,,,,,,,,,,,,,"John Rave","26284",670231
"Yohel Pozo","BAL",1,3,3,1,0,0,0,0,0,0,0,0,0,0,0,0,,0,0,0.243437,0.0403217,0.146432,0.275361,0.27508,0.357092,0.277398,0.632172,0.113654,2.39896,0.27087,-0.00565237,-0.00245717,0.257162,-0.0926497,76.7807,-0.00810954,-0.231483,-0.08787521254271269,-0.17361292615532875,-0.0159715,999,,,,,,,2.6,2.6,2.6,2.6,,,,,,,,,,,,,,,,,,,"Yohel Pozo","18848",650968
"Grant McCray","SFG",5,21,18,4,2,1,0,0,2,2,2,0,6,0,0,0,,1,0,0.207598,0.0816087,0.304168,0.268301,0.279289,0.339508,0.275668,0.618797,0.131911,6.61474,0.28696,0.032924,0.04217,1.75276,-0.670416,73.8467,0.075094,-0.161042,-0.5697721168398857,-0.2729248180985451,-0.0181402,999,,,,,,,15.2,3.04,15.2,3.04,,,,,,,,,,,,,,,,,,,"Grant McCray","25690",687529
"Dominic Smith","ATL",7,30,27,7,5,1,0,1,3,3,2,0,6,0,0,0,,0,0,0.246133,0.0772016,0.190581,0.405084,0.313903,0.367603,0.303113,0.681506,0.121469,2.8408,0.28641,-0.0799062,-0.0340922,3.25237,-0.318618,89.9705,-0.113998,0.0555591,-0.47843822836875916,-0.6851816214621067,-0.0187479,999,,,,,,,30.5,4.357142857,30.5,4.357142857,,,,,,,,,,,,,,,,,,,"Dominic Smith","15653",642086
"Jett Williams","MIL",0,1,1,0,0,0,0,0,0,0,0,0,0,0,0,0,,0,0,0.219562,0.0858772,0.253924,0.338201,0.289475,0.303798,0.269273,0.593273,0.0842366,5.94624,0.289247,0.00168476,0.00196383,0.0866797,-0.0408557,68.2896,0.00364859,-0.210155,-0.03750341502018273,-0.20629673218354583,-0.0213075,999,,,,,,,-1,,-1,,,,,,,,,,,,,,,,,,,,"Jett Williams","sa3020134",702518
"Cole Carrigg","COL",22,97,87,20,13,4,0,2,10,10,8,0,24,1,1,1,,2,1,0.224593,0.0788636,0.244353,0.322745,0.293732,0.355962,0.2889,0.649694,0.131369,4.4937,0.278732,0,-0.0186806,9.33978,-2.13841,67.6148,-0.0186806,0,-3.80117629468441,0.4243827164173126,-0.0231765,999,,,,,,,83.4,3.79090909,83.4,3.79090909,,,,,,,,,,,,,,,,,,,"Cole Carrigg","33253",694249
"Ryan Vilade","TBR",10,42,37,9,6,2,0,1,4,5,3,0,10,1,0,0,,1,0,0.229049,0.0787812,0.248174,0.317443,0.299082,0.36328,0.294709,0.662361,0.13423,4.56446,0.286696,-0.0200476,0.0230474,4.188,-0.719563,85.9103,0.0029998,-0.63699,-0.6760465970728546,-1.034212350845337,-0.0242405,999,,,,,,,42.5,4.25,42.5,4.25,,,,,,,,,,,,,,,,,,,"Ryan Vilade","22165",668723
"Abimelec Ortiz","WSN",15,66,59,13,8,3,0,2,7,8,5,0,16,1,1,0,,0,0,0.224455,0.07967,0.243393,0.327331,0.292132,0.397379,0.301507,0.689512,0.172925,3.12391,0.262641,-0.0852032,-0.0654587,6.96803,-0.775918,86.9905,-0.150662,0.0334807,-1.1757954806089401,-1.187507025897503,-0.0243197,999,,,,,,,59.3,3.953333333,59.3,3.953333333,,,,,,,,,,,,,,,,,,,"Abimelec Ortiz","29539",694673
"J.C. Escarra","NYY",0,2,2,0,0,0,0,0,0,0,0,0,0,0,0,0,,0,0,0.214016,0.074237,0.187328,0.396295,0.276583,0.319067,0.266441,0.595649,0.105051,4.36555,0.248587,-0.00195234,-0.00051909,0.15399,-0.079218,67.1663,-0.00247143,-0.299758,-0.07766763330437243,-0.26117824763059616,-0.0274363,999,,,,,,,-2,,-2,,,,,,,,,,,,,,,,,,,,"J.C. Escarra","20084",641555
"Seaver King","WSN",4,18,17,4,3,0,0,0,2,2,1,0,4,0,0,0,,0,0,0.216946,0.0527491,0.217397,0.242639,0.261475,0.284397,0.245173,0.545873,0.067451,3.85595,0.270598,0.00431415,-0.0202236,1.08779,-1.02419,49.1797,-0.0159095,-0.0012081,-1.1080712284892797,0.1904585644369945,-0.0344989,999,,,,,,,8.4,2.1,8.4,2.1,,,,,,,,,,,,,,,,,,,"Seaver King","sa3025414",814409
"Héctor Rodríguez","CIN",17,72,67,16,10,3,0,2,9,8,4,0,14,0,1,0,,1,0,0.241772,0.0560419,0.193429,0.289729,0.286688,0.404416,0.299941,0.691104,0.162645,4.80823,0.270384,-0.050478,-0.0727229,7.59729,-0.947577,85.6729,-0.123201,-0.430525,-1.3689294755458832,-1.314013034105301,-0.0345103,999,,,,,,,64,3.764705882,64,3.764705882,,,,,,,,,,,,,,,,,,,"Hector Rodriguez","29189",699302
"Edgar Quero","CHW",1,5,5,1,1,0,0,0,0,1,0,0,1,0,0,0,,0,0,0.242691,0.0830109,0.186021,0.446245,0.315491,0.340207,0.295709,0.655698,0.0975156,1.76695,0.286602,-0.0124083,-0.0080418,0.521578,-0.0847619,87.6679,-0.0204501,-0.562303,-0.09388240613043308,-0.4619947224855423,-0.038157,475.1000061035156,,,,,,,0.6,0.6,0.6,0.6,,,,,,,,,,,,,,,,,,,"Edgar Quero","28022",700337
"Bryan De La Cruz","PHI",8,37,34,8,5,1,0,1,4,4,2,0,10,0,0,0,,0,0,0.238,0.064653,0.270001,0.239455,0.288851,0.382379,0.295337,0.67123,0.144379,3.23796,0.301595,-0.0506097,-0.0138472,3.71899,-0.617208,81.3238,-0.0644569,-0.309392,-0.88851398229599,-0.6874779760837555,-0.0394014,999,,,,,,,29.1,3.6375,29.1,3.6375,,,,,,,,,,,,,,,,,,,"Bryan De La Cruz","19600",650559
"Wade Meckler","LAA",20,86,77,19,14,4,0,1,9,7,8,0,19,1,1,0,,1,0,0.243769,0.0977392,0.221278,0.441702,0.320606,0.320768,0.290516,0.641374,0.0769992,4.4316,0.313724,-0.0106328,-0.0161356,8.41465,-1.78818,84.6317,-0.0267684,-1.01953,-1.5666218735277653,-1.8837246298789978,-0.0396522,999,,,,,,,79.3,3.965,79.3,3.965,,,,,,,,,,,,,,,,,,,"Wade Meckler","31490",685133
"Deyvison De Los Santos","MIA",4,18,17,4,3,1,0,1,2,2,1,0,4,0,0,0,,0,0,0.236711,0.053648,0.239302,0.224185,0.279866,0.376894,0.287449,0.65676,0.140182,3.63797,0.286118,0.000442922,-0.010207,1.7427,-0.425398,78.4273,-0.00976413,-0.0979934,-0.4856931483373046,-0.5030859485268593,-0.0401897,999,,,,,,,20.7,5.175,20.7,5.175,,,,,,,,,,,,,,,,,,,"Deyvison De Los Santos","27969",691277
"Troy Johnston","COL",8,35,31,8,6,2,0,1,4,4,2,0,7,1,0,0,,1,0,0.258469,0.0709281,0.192289,0.368863,0.319639,0.377464,0.308693,0.697103,0.118995,4.24665,0.306743,-0.0156205,-0.00154573,3.87252,-0.208609,80.9002,-0.0171662,-0.132721,-0.8103406112641096,-0.7114244699478149,-0.0410102,748.4099731445312,,,,,,,39.9,4.9875,39.9,4.9875,,,,,,,,,,,,,,,,,,,"Troy Johnston","26143",687859
"Tim Elko","CHW",1,3,3,1,1,0,0,0,0,0,0,0,1,0,0,0,,0,0,0.219874,0.051354,0.338666,0.151636,0.262268,0.318653,0.258466,0.580921,0.098779,3.89245,0.317318,-0.00340143,-0.00298513,0.241071,-0.156839,61.7666,-0.00638656,-0.314181,-0.15579044446349144,-0.3743661269545555,-0.041915,999,,,,,,,2.6,2.6,2.6,2.6,,,,,,,,,,,,,,,,,,,"Tim Elko","31522",671284
"James Triantos","CHC",0,1,1,0,0,0,0,0,0,0,0,0,0,0,0,0,,0,0,0.258432,0.0459825,0.158096,0.290851,0.29554,0.344396,0.283276,0.639936,0.0859638,4.32791,0.298988,0.0031946,0.00113966,0.0988772,-0.0286582,78.8692,0.00433426,-0.440492,-0.02308815624564886,-0.4366335025988519,-0.0433414,999,,,,,,,-1,,-1,,,,,,,,,,,,,,,,,,,,"James Triantos","29795",701649
"Jase Bowen","SDP",5,23,21,5,3,1,0,1,3,2,1,0,7,0,0,0,,1,0,0.214069,0.0609497,0.316535,0.192553,0.265165,0.357279,0.273723,0.622443,0.143209,5.77063,0.287746,0.0303193,0.0609916,1.90168,-0.776564,74.3208,0.0913109,-0.393578,-0.6085150092840195,-0.5749053806066513,-0.0457671,999,,,,,,,24.2,4.84,24.2,4.84,,,,,,,,,,,,,,,,,,,"Jase Bowen","26047",687749
"Sebastián Rivero","LAA",0,2,2,0,0,0,0,0,0,0,0,0,0,0,0,0,,0,0,0.174959,0.029889,0.228329,0.130903,0.203741,0.216846,0.189922,0.420587,0.0418871,4.64453,0.227969,0,0.00141252,0.0321142,-0.201093,14.6729,0.00141252,-0.416167,-0.1940046591917053,-0.37758638709783554,-0.0511869,999,,,,,,,-2,,-2,,,,,,,,,,,,,,,,,,,,"Sebastian Rivero","21735",665861
"Victor Bericoto","SFG",13,55,51,12,9,2,0,1,6,6,3,0,14,0,0,0,,0,0,0.239656,0.0593516,0.245633,0.241627,0.286558,0.365591,0.287165,0.652149,0.125934,3.48117,0.298153,-0.0747062,-0.0840866,5.2155,-1.2888,81.5635,-0.158793,-0.291428,-1.3790102154016495,-0.9280022382736206,-0.0532879,999,,,,,,,40.4,3.107692307,40.4,3.107692307,,,,,,,,,,,,,,,,,,,"Victor Bericoto","26468",682674
"Brice Matthews","HOU",3,12,11,2,1,0,0,0,1,1,1,0,4,0,0,0,,0,0,0.20982,0.0837521,0.333417,0.251193,0.280584,0.372202,0.288917,0.652786,0.162382,6.00375,0.288068,0.0162361,0.0401094,1.1417,-0.261194,83.4312,0.0563455,-0.74093,-0.1719244308769703,-0.8065159618854523,-0.056885,740.969970703125,,,,,,,3.2,1.066666666,3.2,1.066666666,,,,,,,,,,,,,,,,,,,"Brice Matthews","33280",694728
"Ryan Ward","LAD",1,4,4,1,1,0,0,0,1,1,0,0,1,0,0,0,,0,0,0.225448,0.0684913,0.241534,0.283568,0.28007,0.321889,0.268757,0.601958,0.0964412,3.82995,0.28311,-0.00299489,-0.00697776,0.344922,-0.165219,67.449,-0.00997265,-0.523962,-0.17894440982490778,-0.5779746621847153,-0.0629554,999,,,,,,,1.6,1.6,1.6,1.6,,,,,,,,,,,,,,,,,,,"Ryan Ward","27449",669899
"Jose Fernandez","ARI",4,16,15,4,3,0,0,0,2,2,1,0,4,0,0,0,,0,0,0.242331,0.0413377,0.245317,0.168507,0.275029,0.31581,0.262821,0.59084,0.0734798,4.16506,0.313921,0.00561352,-0.0238404,1.16727,-0.669242,62.3291,-0.0182269,-0.504666,-0.7222037743777037,-0.5972589775919914,-0.0832198,999,,,,,,,10.4,2.6,10.4,2.6,,,,,,,,,,,,,,,,,,,"Jose Fernandez","28020",699912
"Tommy White","ATH",18,80,72,16,11,3,0,2,9,8,6,0,20,1,1,1,,1,0,0.224593,0.0788636,0.244353,0.322745,0.293732,0.355962,0.2889,0.649694,0.131369,4.4937,0.278732,0,-0.0153596,7.67937,-1.75825,74.6935,-0.0153596,0,-2.360822849906981,-1.4043209552764893,-0.095209,999,,,,,,,68,3.777777777,68,3.777777777,,,,,,,,,,,,,,,,,,,"Tommy White","35107",695720
"Juan Brito","CIN",4,15,14,3,2,1,0,0,2,1,1,0,3,0,0,0,,0,0,0.217519,0.0981056,0.209056,0.469278,0.296832,0.325424,0.280419,0.622257,0.107905,3.02362,0.265305,-0.0168852,-0.020852,1.34944,-0.43606,72.57,-0.0377371,-0.843732,-0.5360971204936504,-0.9749047756195068,-0.104194,999,,,,,,,8.7,2.175,8.7,2.175,,,,,,,,,,,,,,,,,,,"Juan Brito","26693",682877
"Alex Freeland","LAD",2,9,8,2,1,0,0,0,1,1,1,0,2,0,0,0,,0,0,0.219911,0.101291,0.280857,0.360649,0.302174,0.311816,0.279544,0.61399,0.0919053,3.58439,0.300579,0.00292707,-0.00704025,0.765007,-0.255276,74.6887,-0.00411318,-1.30783,-0.2668939405120909,-1.269251398742199,-0.128187,999,,,,,,,6.2,3.1,6.2,3.1,,,,,,,,,,,,,,,,,,,"Alex Freeland","31665",690976
"Maximo Acosta","MIA",0,2,2,0,0,0,0,0,0,0,0,0,1,0,0,0,,0,0,0.197479,0.0618484,0.274044,0.225688,0.250948,0.310369,0.250295,0.561317,0.11289,4.1243,0.255727,0.00296534,-0.00115127,0.140298,-0.114773,53.4894,0.00181406,-1.64127,-0.11890377744566649,-1.625838777050376,-0.170901,999,,,,,,,-2,,-2,,,,,,,,,,,,,,,,,,,,"Maximo Acosta","27963",691185
"Rafael Flores Jr.","PIT",13,53,48,11,8,2,0,1,5,6,5,0,15,0,0,0,,0,0,0.233096,0.086816,0.281554,0.308346,0.301525,0.369194,0.298064,0.670719,0.136098,2.91429,0.307727,-0.0600472,-0.0333353,5.53298,-0.781112,83.305,-0.0933825,-2.75962,-1.166029579937458,-2.3410995602607727,-0.181081,999,,,,,,,43.8,3.369230769,43.8,3.369230769,,,,,,,,,,,,,,,,,,,"Rafael Flores Jr.","31991",804668
"Billy Cook","PIT",3,12,12,3,2,0,0,0,1,1,1,0,3,0,0,0,,0,0,0.22623,0.0579049,0.260293,0.222461,0.273972,0.308783,0.260676,0.582756,0.0825535,3.81847,0.296999,0.0132888,-0.00985193,0.912288,-0.556919,58.2104,0.00343686,-1.49433,-0.6213189379777759,-1.5980360209941864,-0.185335,999,,,,,,,7.8,2.6,7.8,2.6,,,,,,,,,,,,,,,,,,,"Billy Cook","29573",695257
"Everson Pereira","STL",6,26,23,5,3,1,0,1,3,3,2,0,8,0,0,0,,0,0,0.20734,0.0738452,0.31812,0.23213,0.271519,0.360407,0.278866,0.631926,0.153067,4.26907,0.273655,-0.0139386,0.00801608,2.28085,-0.779999,75.2057,-0.00592254,-3.01702,-0.7781645455397666,-3.2503485530614853,-0.325383,999,,,,,,,23.3,3.883333333,23.3,3.883333333,,,,,,,,,,,,,,,,,,,"Everson Pereira","23695",677592
"Shay Whitcomb","SFG",16,70,66,14,9,3,0,2,10,9,4,0,21,0,0,0,,2,0,0.218504,0.0564781,0.296407,0.190543,0.263789,0.366482,0.276823,0.630272,0.147978,5.56803,0.280901,0.0468284,0.155189,6.06165,-2.22814,74.6218,0.202017,-5.9152,-1.938719004392624,-5.64899605512619,-0.542164,999,,,,,,,55.7,3.48125,55.7,3.48125,,,,,,,,,,,,,,,,,,,"Shay Whitcomb","27789",694376
"Connor Norby","COL",14,63,56,14,9,3,0,2,8,7,5,0,16,1,0,0,,1,0,0.251336,0.0800713,0.26161,0.306072,0.316663,0.405393,0.317709,0.722056,0.154057,4.5914,0.320009,-0.0419876,-0.0339125,7.47445,0.0773939,86.9518,-0.0759002,-7.17806,-1.0580301508307457,-7.100902892649174,-0.625453,728.1400146484375,,,,,,,69.8,4.985714285,69.8,4.985714285,,,,,,,,,,,,,,,,,,,"Connor Norby","29592",681393