Name,Team,W,L,QS,ERA,G,GS,SV,HLD,BS,IP,TBF,H,R,ER,HR,BB,IBB,HBP,SO,K/9,BB/9,K/BB,HR/9,K%,BB%,K-BB%,AVG,WHIP,BABIP,LOB%,GB%,HR/FB,FIP,WAR,RA9-WAR,ADP,InterSD,InterSK,IntraSD,Vol,Skew,Dim,FPTS,FPTS/IP,SPTS,SPTS/IP,P10,P20,P30,P40,P50,P60,P70,P80,P90,TT10,TT20,TT30,TT40,TT50,TT60,TT70,TT80,TT90,NameASCII,PlayerId,MLBAMID
"Tarik Skubal","LAD",0,0,1.75813,2.76872,5,5,0,0,,27.305,107.902,21.5137,9.01,8.4,2.35001,5.40545,0.0699751,0.811689,32.0563,10.5661,1.78169,5.93036,0.774587,0.297087,0.0500958,0.24699072167277336,0.211572,0.98587,0.284841,0.757927,,,2.53727,0.936987,0.837937,7.019999980926514,,,,,,,164,6.074074074074074,155,5.7407407407407405,,,,,,,,,,,,,,,,,,,"Tarik Skubal","22267",669373
"Blake Snell","LAD",0,0,2.01733,3.09965,5,5,0,0,,28.6,115.939,21.0503,10.53,9.85,2.58262,10.1561,0.102192,0.855031,36.5701,11.5081,3.19597,3.60081,0.812713,0.315426,0.0875985,0.2278270348906517,0.200617,1.09113,0.28077,0.749396,,,2.85494,0.894204,0.747275,178.41000366210938,,,,,,,164.10000000000002,5.658620689655173,147,5.068965517241379,,,,,,,,,,,,,,,,,,,"Blake Snell","13543",605483
"Chris Sale","ATL",0,0,2.14021,3.34991,5,5,0,0,,29.15,119.673,24.9272,11.64,10.85,2.47315,7.37384,0.0751737,1.95184,34.3216,10.5967,2.27666,4.65452,0.763581,0.286796,0.0616166,0.22517891973257065,0.225898,1.1081,0.30528,0.716436,,,2.79124,0.885998,0.634779,39.36000061035156,,,,,,,166.00000000000003,5.724137931034484,160,5.517241379310345,,,,,,,,,,,,,,,,,,,"Chris Sale","10603",519242
"Jacob Misiorowski","MIL",0,0,1.86581,2.96871,5,5,0,0,,27.8,112.711,19.3448,9.8,9.17,3.00672,9.75502,0.0748906,1.74499,40.0802,12.9756,3.1581,4.10867,0.973398,0.355601,0.086549,0.26905210316181183,0.191134,1.04676,0.28109,0.775392,,,2.84692,0.856618,0.792139,114.13999938964844,,,,,,,164.90000000000003,5.889285714285715,145,5.178571428571429,,,,,,,,,,,,,,,,,,,"Jacob Misiorowski","31623",694819
"Dylan Cease","TOR",0,0,2.41003,3.30917,5,5,0,0,,30.76,126.685,22.658,12.07,11.31,3.11161,12.8578,0.103116,0.832159,39.7951,11.6436,3.76202,3.09503,0.910418,0.314126,0.101494,0.21263208985328674,0.200521,1.15461,0.278881,0.752443,,,3.14612,0.855746,0.772787,74.7699966430664,,,,,,,170.7,5.506451612903225,154,4.967741935483871,,,,,,,,,,,,,,,,,,,"Dylan Cease","18525",656302
"Paul Skenes","PIT",0,0,2.05411,3.34928,5,5,0,0,,28.645,117.699,23.8387,11.43,10.66,2.71212,8.16173,0.0734307,1.59549,32.164,10.1056,2.56434,3.94084,0.852125,0.273275,0.0693443,0.20393026620149612,0.220848,1.11714,0.289146,0.729358,,,3.09038,0.852406,0.747275,9.649999618530273,,,,,,,149.3,5.1482758620689655,140,4.827586206896552,,,,,,,,,,,,,,,,,,,"Paul Skenes","33677",694973
"Yoshinobu Yamamoto","LAD",0,0,2.1665,3.09924,5,5,0,0,,29.475,118.951,23.505,10.86,10.15,2.71702,8.30306,0.085688,0.919696,31.3809,9.58196,2.53529,3.77944,0.829623,0.263815,0.0698025,0.19401199370622635,0.214211,1.07915,0.274864,0.748032,,,3.09108,0.781007,0.747275,26.639999389648438,,,,,,,150.3,5.182758620689656,141,4.862068965517241,,,,,,,,,,,,,,,,,,,"Yoshinobu Yamamoto","33825",808967
"Cristopher Sánchez","PHI",0,0,2.02633,3.17147,5,5,0,0,,28.605,117.088,26.0379,10.89,10.08,2.06889,7.25377,0.0765056,0.964186,27.027,8.50351,2.28226,3.72592,0.650935,0.230826,0.0619514,0.16887468472123146,0.239164,1.16384,0.30046,0.737012,,,2.9958,0.763579,0.747275,24.75,,,,,,,152.40000000000003,5.255172413793105,149,5.137931034482759,,,,,,,,,,,,,,,,,,,"Cristopher Sanchez","20778",650911
"Cam Schlittler","NYY",0,0,2.00484,3.41056,5,5,0,0,,28.315,116.437,23.0305,11.49,10.73,3.01242,9.33315,0.063336,0.947007,32.8682,10.4472,2.96657,3.52166,0.957507,0.282284,0.0801564,0.20212724804878235,0.216949,1.14299,0.28485,0.741614,,,3.23401,0.728574,0.677826,116.62999725341797,,,,,,,146.50000000000006,5.232142857142859,137,4.892857142857143,,,,,,,,,,,,,,,,,,,"Cam Schlittler","32095",693645
"Jacob deGrom","TEX",0,0,1.87142,3.15049,5,5,0,0,,27.71,110.726,21.1686,10.35,9.7,2.95322,7.67421,0.0951513,0.363517,28.2258,9.16753,2.49252,3.67801,0.959183,0.254915,0.069308,0.18560725450515747,0.206144,1.04088,0.254727,0.748446,,,3.30182,0.721887,0.792139,50.0099983215332,,,,,,,147.70000000000005,5.275000000000001,133,4.75,,,,,,,,,,,,,,,,,,,"Jacob deGrom","10954",594798
"Jesús Luzardo","PHI",0,0,2.20657,3.5107,5,5,0,0,,29.43,122.543,25.2851,12.4,11.48,2.73386,9.50554,0.0825149,1.98603,31.5997,9.66352,2.90689,3.32434,0.836044,0.257867,0.0775692,0.18029748648405075,0.227688,1.18215,0.293951,0.723136,,,3.31494,0.708938,0.634779,70.58999633789062,,,,,,,140.70000000000002,4.851724137931035,134,4.620689655172414,,,,,,,,,,,,,,,,,,,"Jesus Luzardo","19959",666200
"Gavin Williams","CLE",0,0,2.15077,3.46962,5,5,0,0,,29.13,120.29,23.8202,12.05,11.23,3.2821,10.2438,0.0616349,0.864196,34.0595,10.523,3.16493,3.32489,1.01404,0.283144,0.085159,0.19798506051301956,0.218169,1.16938,0.285883,0.747021,,,3.3536,0.684668,0.634779,144.74000549316406,,,,,,,150.3,5.182758620689656,141,4.862068965517241,,,,,,,,,,,,,,,,,,,"Gavin Williams","30122",668909
"Logan Gilbert","SEA",0,0,1.99735,3.58018,5,5,0,0,,28.155,114.699,23.4864,12.01,11.2,3.47219,7.47166,0.0821485,1.18883,30.8707,9.86811,2.38838,4.13171,1.10992,0.269147,0.0651417,0.20400510728359222,0.22149,1.09956,0.279157,0.726063,,,3.41646,0.672805,0.56713,37.150001525878906,,,,,,,148.50000000000006,5.303571428571431,139,4.964285714285714,,,,,,,,,,,,,,,,,,,"Logan Gilbert","22250",669302
"George Kirby","SEA",0,0,2.00006,3.93841,5,5,0,0,,27.925,116.36,27.2079,13.09,12.22,3.05081,6.57284,0.0798687,0.958841,25.6622,8.27073,2.11837,3.90428,0.983251,0.220541,0.056487,0.16405412554740906,0.250007,1.20969,0.301528,0.701152,,,3.4748,0.657727,0.45988,64.58000183105469,,,,,,,128.10000000000002,4.575000000000001,129,4.607142857142857,,,,,,,,,,,,,,,,,,,"George Kirby","25436",669923
"Kevin Gausman","CHC",0,0,2.12179,3.87866,5,5,0,0,,28.68,118.873,25.2818,13.22,12.36,3.3519,9.06551,0.0985523,0.42028,28.7034,9.00733,2.84483,3.16622,1.05185,0.241463,0.0762622,0.16520041972398758,0.231122,1.19761,0.283582,0.712445,,,3.59331,0.642061,0.525814,112.94999694824219,,,,,,,143.70000000000002,4.955172413793104,137,4.724137931034483,,,,,,,,,,,,,,,,,,,"Kevin Gausman","14107",592332
"Parker Messick","CLE",0,0,1.96359,3.70009,5,5,0,0,,27.875,116.374,25.137,12.26,11.46,2.92531,8.18873,0.105122,1.51008,26.4098,8.52693,2.6439,3.22514,0.944494,0.226939,0.0703656,0.15657318383455276,0.23564,1.19554,0.287195,0.720681,,,3.59657,0.631678,0.56713,294.17999267578125,,,,,,,127.30000000000004,4.546428571428573,123,4.392857142857143,,,,,,,,,,,,,,,,,,,"Parker Messick","31986",800048
"Bryan Woo","SEA",0,0,1.80953,3.65703,6,5,0,0.1072,,28.3017,115.899,24.7478,12.37,11.5,3.67148,6.58282,0.104174,1.34967,28.4924,9.06064,2.09335,4.32829,1.16754,0.245837,0.0567977,0.18903924897313118,0.229216,1.10702,0.27804,0.723949,,,3.59718,0.629913,0.555138,34.77000045776367,,,,,,,125.00000000000006,4.464285714285716,120,4.285714285714286,,,,,,,,,,,,,,,,,,,"Bryan Woo","30279",693433
"Zack Wheeler","PHI",0,0,2.1673,3.59135,5,5,0,0,,29.145,120.701,23.9113,12.46,11.63,3.49946,10.0932,0.0871946,1.26672,30.5564,9.43585,3.1168,3.02742,1.08064,0.253158,0.0836217,0.1695363000035286,0.218685,1.16673,0.271127,0.740227,,,3.71674,0.620501,0.634779,110.48999786376953,,,,,,,144.3,4.975862068965518,135,4.655172413793103,,,,,,,,,,,,,,,,,,,"Zack Wheeler","10310",554430
"Payton Tolle","BOS",0,0,1.61952,3.71141,5,5,0,0,,25.85,106.297,22.0886,11.44,10.66,3.47168,7.00079,0.103513,0.941166,27.6039,9.61063,2.43741,3.94296,1.20871,0.259686,0.0658606,0.19382528215646744,0.22458,1.12531,0.276709,0.728439,,,3.61527,0.616591,0.541657,673,,,,,,,130.3,5.011538461538462,123,4.730769230769231,,,,,,,,,,,,,,,,,,,"Payton Tolle","35466",801139
"Chase Burns","CIN",0,0,1.93858,3.80043,5,5,0,0,,27.66,115.28,22.6997,12.45,11.68,3.30241,10.8203,0.113332,0.451546,30.4968,9.92302,3.52071,2.81847,1.07454,0.264546,0.0938616,0.17068426311016083,0.21825,1.21186,0.27628,0.729151,,,3.6529,0.615075,0.56713,109.72000122070312,,,,,,,137.50000000000006,4.910714285714287,128,4.571428571428571,,,,,,,,,,,,,,,,,,,"Chase Burns","35333",695505
"Braxton Ashcraft","PIT",0,0,1.64851,3.71138,5,5,0,0,,26.02,108.201,23.6754,11.52,10.73,2.64656,7.41935,0.0710882,0.996603,25.5312,8.83093,2.56626,3.44117,0.915411,0.23596,0.0685697,0.16739004850387573,0.237263,1.19503,0.293668,0.714679,,,3.41352,0.600119,0.434433,239.36000061035156,,,,,,,121.1,4.657692307692307,119,4.576923076923077,,,,,,,,,,,,,,,,,,,"Braxton Ashcraft","23793",677952
"Taj Bradley","MIN",0,0,2.2226,3.86,5,5,0,0,,29.285,123.528,25.1501,13.38,12.56,3.33925,11.6724,0.0755003,0.674545,31.2342,9.59904,3.58722,2.6759,1.02623,0.25285,0.0944917,0.15835876762866974,0.226207,1.25738,0.284707,0.729216,,,3.69742,0.595382,0.525814,492.4599914550781,,,,,,,135.70000000000002,4.679310344827587,129,4.448275862068965,,,,,,,,,,,,,,,,,,,"Taj Bradley","22543",671737
"Reid Detmers","LAA",0,0,1.99355,3.95122,5,5,0,0,,27.88,116.694,24.8641,13.13,12.24,3.63393,8.43852,0.0841467,1.34802,29.9989,9.68401,2.72406,3.55499,1.17308,0.257074,0.0723135,0.18476051837205887,0.232577,1.1945,0.289736,0.714958,,,3.67888,0.584004,0.45988,350.4599914550781,,,,,,,126.00000000000006,4.500000000000002,121,4.321428571428571,,,,,,,,,,,,,,,,,,,"Reid Detmers","27468",672282
"Drew Rasmussen","TBR",0,0,1.88307,3.6584,5,5,0,0,,27.43,112.18,23.5238,11.91,11.15,3.26758,7.45773,0.0987034,0.894715,26.3663,8.65099,2.44694,3.53543,1.07212,0.235036,0.0664802,0.16855594515800476,0.226567,1.12948,0.27302,0.722217,,,3.62303,0.582559,0.500354,132.36000061035156,,,,,,,128.5,4.7592592592592595,124,4.592592592592593,,,,,,,,,,,,,,,,,,,"Drew Rasmussen","25385",656876
"Nolan McLean","NYM",0,0,2.05534,3.6893,5,5,0,0,,28.42,119.952,24.5447,12.47,11.65,2.80388,10.692,0.082129,2.06477,29.8542,9.45417,3.38591,2.79221,0.887927,0.248884,0.0891352,0.15974891930818558,0.228972,1.23986,0.291677,0.727109,,,3.61159,0.575148,0.56713,87.29000091552734,,,,,,,126.30000000000004,4.510714285714287,122,4.357142857142857,,,,,,,,,,,,,,,,,,,"Nolan McLean","33703",690997
"Max Fried","NYY",0,0,1.87591,3.53841,5,5,0,0,,27.47,114.493,24.1938,11.65,10.8,2.53264,8.96852,0.0807156,1.27235,24.5971,8.05876,2.93836,2.74261,0.829769,0.214836,0.0783327,0.13650313019752502,0.232071,1.20722,0.280868,0.726359,,,3.60949,0.570856,0.500354,50.04999923706055,,,,,,,120.5,4.462962962962963,116,4.296296296296297,,,,,,,,,,,,,,,,,,,"Max Fried","13743",608331
"Logan Webb","SFG",0,0,2.14917,4.02018,5,5,0,0,,28.745,121.29,28.4454,13.74,12.84,2.62844,8.22636,0.105478,1.00354,23.2979,7.29454,2.57566,2.83211,0.822958,0.192084,0.0678236,0.12426021695137024,0.253839,1.27576,0.299729,0.695071,,,3.61436,0.569152,0.420216,57.189998626708984,,,,,,,123.90000000000002,4.272413793103449,125,4.310344827586207,,,,,,,,,,,,,,,,,,,"Logan Webb","17995",657277
"Tyler Glasnow","LAD",0,0,1.66651,3.57143,4,4,0,0,,22.932,94.5079,18.0319,9.68,9.1,2.43581,8.81566,0.0779472,0.395144,27.4217,10.7621,3.45983,3.11057,0.955968,0.290153,0.0932796,0.19687318056821823,0.211401,1.17075,0.281317,0.732485,,,3.27761,0.560196,0.450471,113.73999786376953,,,,,,,125.80000000000003,5.469565217391305,116,5.043478260869565,,,,,,,,,,,,,,,,,,,"Tyler Glasnow","14374",607192
"Ranger Suarez","BOS",0,0,1.72104,3.73964,5,5,0,0,,26.425,110.077,24.2371,11.8,10.98,2.69651,7.66489,0.0896748,1.07471,23.5944,8.03595,2.61056,3.07825,0.918395,0.214346,0.0696323,0.14471329003572464,0.239173,1.20726,0.287031,0.714689,,,3.61636,0.553956,0.434433,183.97999572753906,,,,,,,114.1,4.388461538461538,112,4.3076923076923075,,,,,,,,,,,,,,,,,,,"Ranger Suarez","17277",624133
"Christian Scott","NYM",0,0,1.67659,3.89983,5,5,0,0,,26.055,109.07,22.0337,12.04,11.29,3.44439,8.91995,0.0801013,1.48778,28.0971,9.70539,3.08116,3.14992,1.18977,0.257607,0.0817822,0.17582499980926514,0.223326,1.18801,0.276956,0.723788,,,3.84352,0.546556,0.434433,748.5700073242188,,,,,,,124.3,4.780769230769231,117,4.5,,,,,,,,,,,,,,,,,,,"Christian Scott","30107",681035
"MacKenzie Gore","TEX",0,0,2.20395,3.99862,5,5,0,0,,29.08,122.96,26.3092,13.84,12.92,3.17466,10.372,0.0967241,1.16961,26.9603,8.34398,3.21003,2.59934,0.98253,0.219262,0.0843528,0.1349090188741684,0.236131,1.26139,0.284618,0.708547,,,3.83902,0.541013,0.420216,164.82000732421875,,,,,,,131.10000000000002,4.520689655172415,127,4.379310344827586,,,,,,,,,,,,,,,,,,,"MacKenzie Gore","22201",669022
"Cade Cavalli","WSN",0,0,1.8146,3.86982,5,5,0,0,,26.885,113.959,24.6018,12.39,11.56,2.73427,9.20143,0.100427,1.79361,26.7984,8.97102,3.08026,2.91242,0.915321,0.235158,0.0807431,0.1544147953391075,0.238935,1.25733,0.297794,0.714363,,,3.63883,0.535493,0.500354,305.2200012207031,,,,,,,118.9,4.403703703703704,117,4.333333333333333,,,,,,,,,,,,,,,,,,,"Cade Cavalli","27473",676917
"Gerrit Cole","NYY",0,0,1.69566,3.9117,5,5,0,0,,26.16,108.485,23.2578,12.11,11.37,3.52911,7.52747,0.0741352,0.585758,26.5025,9.11782,2.58973,3.52077,1.21414,0.244296,0.0693871,0.17490872740745544,0.231716,1.17681,0.280474,0.722601,,,3.74136,0.534349,0.434433,232.89999389648438,,,,,,,110.39999999999999,4.246153846153846,105,4.038461538461538,,,,,,,,,,,,,,,,,,,"Gerrit Cole","13125",543037
"Hunter Brown","HOU",0,0,2.12707,3.93966,5,5,0,0,,28.67,120.918,25.8902,13.44,12.55,3.18114,10.7801,0.0879191,0.899194,27.7171,8.70088,3.38406,2.57114,0.998615,0.229223,0.0891523,0.14007052779197693,0.237006,1.27905,0.289877,0.721064,,,3.81439,0.527609,0.525814,36.189998626708984,,,,,,,130.10000000000002,4.4862068965517246,126,4.344827586206897,,,,,,,,,,,,,,,,,,,"Hunter Brown","25880",686613
"Matthew Liberatore","STL",0,0,1.79608,4.26066,5,5,0,0,,26.51,113,26.1323,13.46,12.55,2.99242,7.96919,0.0721003,1.28948,24.3997,8.28356,2.7055,3.06175,1.01591,0.215926,0.0705238,0.14540257304906845,0.251899,1.28636,0.30308,0.690072,,,3.75775,0.52678,0.39478,410.2300109863281,,,,,,,116.30000000000001,4.307407407407408,117,4.333333333333333,,,,,,,,,,,,,,,,,,,"Matthew Liberatore","22294",669461
"Sonny Gray","BOS",0,0,1.65566,3.83141,5,5,0,0,,25.98,107.637,23.5548,11.89,11.06,3.03521,7.04287,0.0679225,0.979287,24.0603,8.33499,2.4398,3.41627,1.05146,0.223533,0.065432,0.15810120105743408,0.23646,1.17774,0.282955,0.710012,,,3.67626,0.51551,0.434433,138.08999633789062,,,,,,,117.1,4.503846153846154,115,4.423076923076923,,,,,,,,,,,,,,,,,,,"Sonny Gray","12768",543243
"Foster Griffin","CLE",0,0,2.12694,4.09979,5,5,0,0,,28.56,121.165,27.0191,13.97,13.01,3.2507,8.44118,0.0869475,2.2944,25.3947,8.00253,2.66003,3.00843,1.02438,0.209588,0.0696669,0.13992119580507278,0.244673,1.24161,0.290625,0.695269,,,3.91236,0.509254,0.420216,999,,,,,,,127.50000000000001,4.3965517241379315,126,4.344827586206897,,,,,,,,,,,,,,,,,,,"Foster Griffin","16432",656492
"José Soriano","TOR",0,0,2.0302,3.53974,5,5,0,0,,28.375,119.293,24.0033,11.94,11.16,2.59133,12.0197,0.0859292,1.12964,27.9456,8.86381,3.81241,2.32499,0.821921,0.23426,0.100757,0.13350246101617813,0.226139,1.26953,0.283201,0.743414,,,3.69108,0.506084,0.56713,321.80999755859375,,,,,,,124.90000000000003,4.460714285714287,118,4.214285714285714,,,,,,,,,,,,,,,,,,,"Jose Soriano","22100",667755
"Shota Imanaga","CHC",0,0,1.93423,3.76858,5,5,0,0,,27.655,112.849,23.1956,12.45,11.58,4.32269,7.15498,0.0752596,1.00186,26.486,8.61955,2.3285,3.70175,1.40677,0.234702,0.0634031,0.1712993085384369,0.22156,1.09747,0.255441,0.736686,,,4.08476,0.491931,0.56713,157.92999267578125,,,,,,,126.20000000000006,4.507142857142859,116,4.142857142857143,,,,,,,,,,,,,,,,,,,"Shota Imanaga","33829",684007
"Trevor Rogers","BAL",0,0,1.87138,4.16025,5,5,0,0,,27.02,113.628,25.5838,13.42,12.49,3.51989,7.94421,0.0932129,0.904497,22.9177,7.63358,2.64611,2.88483,1.17243,0.201691,0.0699143,0.13177672773599625,0.244169,1.24086,0.281638,0.703073,,,4.06298,0.48419,0.39478,146.07000732421875,,,,,,,102.00000000000003,3.777777777777779,102,3.7777777777777777,,,,,,,,,,,,,,,,,,,"Trevor Rogers","22286",669432
"Michael Wacha","KCR",0,0,2.1521,4.35962,5,5,0,0,,28.53,121.107,27.8895,14.81,13.82,3.63419,8.60887,0.0958105,0.966669,22.0339,6.95077,2.71573,2.55945,1.14643,0.181937,0.0710847,0.11085274815559387,0.250059,1.2793,0.282487,0.690482,,,4.20159,0.481285,0.317831,609.2899780273438,,,,,,,106.60000000000004,3.6758620689655186,107,3.689655172413793,,,,,,,,,,,,,,,,,,,"Michael Wacha","14078",608379
"Matthew Boyd","CHC",0,0,1.99041,4.1486,5,5,0,0,,27.725,117.266,25.7107,13.71,12.78,3.63462,9.14159,0.0803476,1.28911,24.8144,8.05517,2.96751,2.71445,1.17986,0.211608,0.077956,0.13365164399147034,0.240657,1.25707,0.281631,0.710335,,,4.12622,0.477257,0.355919,212.75999450683594,,,,,,,110.40000000000006,3.9428571428571453,108,3.857142857142857,,,,,,,,,,,,,,,,,,,"Matthew Boyd","15440",571510
"Sean Burke","CHW",0,0,1.91748,4.08118,5,5,0,0,,27.345,114.836,23.375,13.26,12.4,3.65862,9.97632,0.0661016,1.06802,27.3061,8.98721,3.28348,2.7371,1.20415,0.237785,0.0868747,0.15090981870889664,0.225212,1.21965,0.270731,0.71172,,,4.0372,0.47672,0.39478,748.5599975585938,,,,,,,111.80000000000003,4.140740740740742,104,3.8518518518518516,,,,,,,,,,,,,,,,,,,"Sean Burke","29878",680732
"Connor Prielipp","MIN",0,0,1.3693,3.89047,7,4,0,0.1061,,23.8969,101.421,21.8199,11.09,10.33,2.37857,8.49937,0.150884,1.16617,24.3682,9.17752,3.20102,2.86706,0.895812,0.240269,0.0838032,0.1564657762646675,0.237806,1.26875,0.299059,0.712478,,,3.55127,0.476536,0.377137,999,,,,,,,116.80000000000003,4.866666666666668,115,4.791666666666667,,,,,,,,,,,,,,,,,,,"Connor Prielipp","31857",687570
"Eury Pérez","MIA",0,0,1.9716,4.22895,5,5,0,0,,27.56,116.948,22.4791,13.79,12.95,3.51691,12.2682,0.0995038,1.3236,27.1513,8.86654,4.00629,2.21315,1.14848,0.232166,0.104903,0.1272631287574768,0.217491,1.26079,0.260871,0.702707,,,4.25144,0.471941,0.355919,78.6500015258789,,,,,,,115.80000000000005,4.135714285714288,103,3.6785714285714284,,,,,,,,,,,,,,,,,,,"Eury Perez","27768",691587
"Bryce Miller","SEA",0,0,1.451,3.81049,6,4,0,0.1072,,23.8552,98.5916,20.7227,10.79,10.1,3.0553,7.09149,0.12113,0.677709,23.6733,8.93137,2.67545,3.33827,1.15269,0.240115,0.071928,0.1681869551539421,0.228167,1.16596,0.275649,0.723302,,,3.74065,0.470036,0.386849,341.6000061035156,,,,,,,110.10000000000002,4.587500000000001,105,4.375,,,,,,,,,,,,,,,,,,,"Bryce Miller","29837",682243
"Troy Melton","DET",0,0,1.77358,4.12691,6,5,0,0.1013,,27.5654,116.657,25.9179,13.56,12.64,3.3303,9.15386,0.0842385,0.842675,23.3738,7.63147,2.9887,2.55344,1.08733,0.200363,0.0784679,0.12189499288797379,0.242993,1.27231,0.282497,0.707406,,,4.04601,0.465754,0.345147,743.22998046875,,,,,,,118.70000000000002,4.239285714285715,117,4.178571428571429,,,,,,,,,,,,,,,,,,,"Troy Melton","31807",675512
"Kyle Bradish","BAL",0,0,2.03798,4.08843,5,5,0,0,,28.045,120.436,26.336,13.63,12.74,2.87949,11.5016,0.091998,1.04091,25.0449,8.03722,3.69102,2.17751,0.924065,0.207952,0.0955001,0.11245208233594894,0.244094,1.34918,0.293321,0.716068,,,3.97376,0.464999,0.355919,72.95999908447266,,,,,,,113.70000000000005,4.060714285714288,112,4,,,,,,,,,,,,,,,,,,,"Kyle Bradish","24586",680694
"Will Warren","NYY",0,0,1.70506,4.00621,7,5,0,0.1087,,28.2836,119.61,25.6738,13.47,12.59,3.41662,10.2274,0.114233,0.826042,27.205,8.65678,3.25442,2.66001,1.08719,0.227448,0.0855065,0.1419415920972824,0.236503,1.26933,0.285588,0.720845,,,3.90243,0.460637,0.438581,285.04998779296875,,,,,,,123.70000000000005,4.4178571428571445,122,4.357142857142857,,,,,,,,,,,,,,,,,,,"Will Warren","30182",701542
"Tanner Bibee","CLE",0,0,2.07567,4.25861,5,5,0,0,,28.15,119.158,27.2284,14.33,13.32,3.72697,8.38839,0.0728239,1.04757,22.8708,7.31217,2.6819,2.72649,1.19157,0.191937,0.0703972,0.12153998017311096,0.248158,1.26525,0.282727,0.700246,,,4.1852,0.455697,0.355919,188.6300048828125,,,,,,,106.8,3.814285714285714,107,3.8214285714285716,,,,,,,,,,,,,,,,,,,"Tanner Bibee","30134",676440
"Framber Valdez","DET",0,0,1.87959,3.74082,5,5,0,0,,27.355,115.695,25.1619,12.28,11.37,2.15492,9.61379,0.0725429,1.90812,21.3238,7.01567,3.16301,2.21804,0.708983,0.184309,0.0830957,0.10121375322341919,0.241538,1.27127,0.285111,0.708329,,,3.81201,0.451114,0.500354,81.13999938964844,,,,,,,116.20000000000002,4.303703703703705,115,4.2592592592592595,,,,,,,,,,,,,,,,,,,"Framber Valdez","17295",664285
"Shane Baz","BAL",0,0,2.17183,4.20031,5,5,0,0,,28.755,122.79,26.6212,14.35,13.42,3.33579,11.2,0.0836612,0.920964,24.5784,7.69278,3.50546,2.19451,1.04407,0.200166,0.0912122,0.1089540645480156,0.240547,1.31529,0.281378,0.708006,,,4.14652,0.446632,0.420216,186.92999267578125,,,,,,,121.50000000000001,4.189655172413794,120,4.137931034482759,,,,,,,,,,,,,,,,,,,"Shane Baz","22264",669358
"Dustin May","MIL",0,0,1.90432,4.14952,5,5,0,0,,27.22,115.954,24.5458,13.45,12.55,3.31631,10.2989,0.12372,1.52853,26.5076,8.76445,3.40521,2.57383,1.0965,0.228604,0.0888186,0.13978570699691772,0.23573,1.28011,0.285715,0.708389,,,4.02308,0.444612,0.39478,414.6700134277344,,,,,,,115.9,4.292592592592593,114,4.222222222222222,,,,,,,,,,,,,,,,,,,"Dustin May","19716",669160
"Kade Anderson","SEA",0,0,0.713678,3.59574,6,4,0,0.1072,,19.6232,81.319,17.1657,8.43,7.84,2.16768,5.77896,0.118234,0.762231,20.4421,9.37556,2.65046,3.53733,0.994184,0.251381,0.0710654,0.18031613528728485,0.229556,1.16926,0.287495,0.729017,,,3.43596,0.444003,0.445873,999,,,,,,,98.2,4.91,93,4.65,,,,,,,,,,,,,,,,,,,"Kade Anderson","37238",807739
"Eduardo Rodriguez","ARI",0,0,2.24566,4.48913,5,5,0,0,,28.99,123.795,28.8343,15.43,14.46,3.69436,9.40977,0.118555,0.758844,21.9089,6.80166,2.92128,2.32831,1.14692,0.176977,0.0760109,0.10096621513366699,0.253764,1.31922,0.285606,0.689831,,,4.28083,0.441023,0.317831,738.219970703125,,,,,,,104.00000000000003,3.586206896551725,107,3.689655172413793,,,,,,,,,,,,,,,,,,,"Eduardo Rodriguez","13164",593958
"Patrick Sandoval","BOS",0,0,1.73109,3.87003,6,4,0,0.1085,,25.2556,107.187,22.6806,11.74,10.86,2.60782,9.9775,0.209118,0.862297,22.4973,8.01705,3.55554,2.2548,0.929312,0.209889,0.0930853,0.11680369079113007,0.235406,1.2931,0.281756,0.721136,,,3.93174,0.440933,0.346525,999,,,,,,,99.3,3.972,97,3.88,,,,,,,,,,,,,,,,,,,"Patrick Sandoval","19447",663776
"Kyle Harrison","MIL",0,0,1.42657,3.82083,4,4,0,0,,21.388,88.928,18.0824,9.75,9.08,3.10964,6.67107,0.0680634,0.980597,25.458,10.7126,2.80717,3.81617,1.30853,0.286276,0.0750166,0.21125952899456024,0.222481,1.15735,0.284067,0.735466,,,3.66614,0.439182,0.318607,446.55999755859375,,,,,,,97.7,4.652380952380953,92,4.380952380952381,,,,,,,,,,,,,,,,,,,"Kyle Harrison","27758",690986
"Yusei Kikuchi","LAA",0,0,2.28105,4.34027,5,5,0,0,,29.3,126.113,27.6921,15.2,14.13,3.93274,11.8375,0.122576,0.938448,29.0922,8.93617,3.63609,2.45763,1.20801,0.230683,0.093864,0.1368192881345749,0.244333,1.34913,0.295837,0.715076,,,4.15056,0.436052,0.317831,506.57000732421875,,,,,,,111.60000000000004,3.848275862068967,112,3.8620689655172415,,,,,,,,,,,,,,,,,,,"Yusei Kikuchi","20633",579328
"Logan Henderson","MIL",0,0,1.44747,3.88593,6,4,0,0.0956,,23.531,96.239,19.062,10.86,10.16,4.04463,6.85732,0.116644,0.609906,26.3025,10.06,2.62274,3.83568,1.54696,0.273303,0.071253,0.20205048471689224,0.21473,1.10149,0.257037,0.743418,,,4.03431,0.434231,0.386849,413.3999938964844,,,,,,,107.00000000000003,4.458333333333335,96,4,,,,,,,,,,,,,,,,,,,"Logan Henderson","31475",701656
"Joey Cantillo","CLE",0,0,1.73051,4.16796,6,5,0,0.1191,,27.1428,116.974,24.4699,13.5,12.57,3.05567,11.9697,0.100711,1.38294,26.7981,8.88572,3.9689,2.23883,1.0132,0.229095,0.102328,0.12676746398210526,0.236148,1.34251,0.290295,0.713259,,,4.04809,0.423098,0.281992,270.80999755859375,,,,,,,115.5,4.277777777777778,111,4.111111111111111,,,,,,,,,,,,,,,,,,,"Joey Cantillo","23335",676282
"Casey Mize","SDP",0,0,1.87348,4.19922,5,5,0,0,,27.005,113.39,25.1751,13.58,12.6,3.6711,8.02299,0.0918042,0.763121,22.2644,7.42008,2.67383,2.77507,1.22347,0.196351,0.0707554,0.12559597939252853,0.24067,1.22933,0.273349,0.699185,,,4.17775,0.420844,0.292418,289.6499938964844,,,,,,,102.60000000000002,3.8000000000000007,100,3.7037037037037037,,,,,,,,,,,,,,,,,,,"Casey Mize","20492",663554
"Joe Ryan","MIN",0,0,1.25149,3.81971,3,3,0,0,,17.106,70.3968,14.7094,7.75,7.26,2.26689,4.46559,0.0436525,0.676125,18.4091,9.68559,2.34949,4.12243,1.19268,0.261505,0.0634346,0.19806993007659912,0.225414,1.12095,0.279111,0.714002,,,3.55551,0.418258,0.267942,78.52999877929688,,,,,,,83.20000000000002,4.894117647058825,80,4.705882352941177,,,,,,,,,,,,,,,,,,,"Joe Ryan","21390",657746
"Michael King","SDP",0,0,2.11102,4.30145,5,5,0,0,,28.33,121.145,26.4189,14.52,13.54,3.59837,10.998,0.0871053,1.05745,24.7897,7.8753,3.49389,2.25402,1.14314,0.204628,0.0907836,0.11384445428848267,0.242176,1.32075,0.282777,0.707148,,,4.26111,0.411526,0.255097,129.55999755859375,,,,,,,104.40000000000006,3.728571428571431,102,3.642857142857143,,,,,,,,,,,,,,,,,,,"Michael King","19853",650633
"Janson Junk","MIA",0,0,1.66088,4.38151,5,5,0,0,,25.635,108.222,25.5895,13.33,12.48,3.29884,6.62398,0.0921214,0.72742,16.6698,5.85248,2.32557,2.51659,1.15816,0.154033,0.0612072,0.09282602742314339,0.253686,1.25662,0.275526,0.684305,,,4.31603,0.410956,0.330495,999,,,,,,,97.9,3.7653846153846158,101,3.8846153846153846,,,,,,,,,,,,,,,,,,,"Janson Junk","23301",676083
"Luis Castillo","CHW",0,0,2.17499,4.5197,5,5,0,0,,28.555,121.544,28.0382,15.4,14.34,4.11796,8.71991,0.0826172,1.05161,22.587,7.11899,2.74835,2.59028,1.2979,0.185834,0.071743,0.11409122496843338,0.250851,1.28727,0.281192,0.689127,,,4.40271,0.410021,0.317831,171.0500030517578,,,,,,,108.60000000000004,3.744827586206898,109,3.7586206896551726,,,,,,,,,,,,,,,,,,,"Luis Castillo","15689",622491
"Sean Manaea","NYM",0,0,1.897,4.38009,5,5,0,0,,27.02,114.351,25.7969,14.12,13.15,4.0335,7.34447,0.0787893,1.85116,24.7234,8.23502,2.44634,3.36626,1.34351,0.216205,0.0642272,0.15197814255952835,0.245321,1.22655,0.284866,0.691826,,,4.21495,0.40974,0.292418,423.3599853515625,,,,,,,106.00000000000003,3.925925925925927,106,3.925925925925926,,,,,,,,,,,,,,,,,,,"Sean Manaea","15873",640455
"Dean Kremer","MIN",0,0,1.68572,4.22016,5,5,0,0,,25.89,110.079,23.7562,12.98,12.14,3.3534,9.64553,0.0700556,0.572078,23.2723,8.09004,3.35302,2.41276,1.16572,0.211415,0.0876238,0.12379135191440582,0.237892,1.29014,0.278592,0.711386,,,4.15336,0.405199,0.330495,999,,,,,,,106.1,4.0807692307692305,104,4,,,,,,,,,,,,,,,,,,,"Dean Kremer","19350",665152
"Clay Holmes","CHC",0,0,1.81336,3.83014,5,5,0,0,,26.905,114.382,24.8977,12.28,11.45,2.2664,10.7824,0.0644123,1.06655,20.6015,6.89143,3.60684,1.91066,0.758134,0.180111,0.0942667,0.08584466576576233,0.242825,1.32615,0.284079,0.719845,,,3.96822,0.401803,0.500354,330.6300048828125,,,,,,,116.20000000000002,4.303703703703705,115,4.2592592592592595,,,,,,,,,,,,,,,,,,,"Clay Holmes","13649",605280
"Gage Jump","ATH",0,0,1.67701,4.45881,5,5,0,0,,25.675,110.467,24.6775,13.63,12.72,3.45731,9.60876,0.143093,0.948342,24.5768,8.61505,3.36821,2.55775,1.21191,0.222481,0.086983,0.1354980692267418,0.246998,1.3354,0.295235,0.701496,,,4.15299,0.394575,0.229696,999,,,,,,,107.5,4.134615384615385,108,4.153846153846154,,,,,,,,,,,,,,,,,,,"Gage Jump","35418",695611
"Jared Jones","PIT",0,0,0.921952,3.91956,5,4,0,0.0925,,19.4716,82.3368,17.4692,9.1,8.48,2.21104,6.93888,0.0960413,0.775143,20.4012,9.42967,3.20724,2.94012,1.02197,0.247777,0.0842744,0.16350262612104416,0.2341,1.25352,0.293366,0.718264,,,3.65256,0.393634,0.283992,714.77001953125,,,,,,,87.8,4.621052631578947,85,4.473684210526316,,,,,,,,,,,,,,,,,,,"Jared Jones","27863",683003
"Landen Roupp","SFG",0,0,1.68396,4.1608,4,4,0,0,,22.712,98.0072,21.1552,11.21,10.5,2.02749,10.0489,0.0997173,0.817783,20.2414,8.021,3.98204,2.0143,0.803425,0.20653,0.102532,0.10399797558784485,0.242771,1.3739,0.294855,0.704871,,,3.89678,0.392094,0.344046,690.0999755859375,,,,,,,98.00000000000003,4.2608695652173925,96,4.173913043478261,,,,,,,,,,,,,,,,,,,"Landen Roupp","30076",694738
"Noah Cameron","KCR",0,0,1.71603,4.27145,4,4,0,0,,22.84,97.2219,22.1325,11.61,10.84,2.74603,7.30224,0.0861422,0.843407,18.5303,7.3018,2.87741,2.53762,1.08206,0.190598,0.075109,0.1154894232749939,0.248467,1.28874,0.285936,0.696542,,,4.09363,0.38702,0.24166,298,,,,,,,90.10000000000001,3.9173913043478263,90,3.9130434782608696,,,,,,,,,,,,,,,,,,,"Noah Cameron","30184",702070
"Sandy Alcantara","MIA",0,0,2.42617,4.62016,5,5,0,0,,29.96,129.066,29.5701,16.39,15.38,3.58138,10.1805,0.100705,1.91066,21.0665,6.32838,3.05824,2.06929,1.07585,0.163223,0.0788788,0.08434421569108963,0.252791,1.32679,0.281487,0.672506,,,4.44179,0.378739,0.280499,144.57000732421875,,,,,,,100.80000000000001,3.3600000000000003,104,3.466666666666667,,,,,,,,,,,,,,,,,,,"Sandy Alcantara","18684",645261
"Jake Bennett","BOS",0,0,0.986138,3.97448,6,4,0,0.1085,,20.7876,86.9708,19.8811,9.85,9.18,2.36862,5.36645,0.171588,0.900841,16.3115,7.06207,2.3234,3.03954,1.02549,0.187552,0.061704,0.12584786862134933,0.246348,1.21455,0.282353,0.702075,,,3.89975,0.372645,0.299295,999,,,,,,,92.80000000000001,4.419047619047619,93,4.428571428571429,,,,,,,,,,,,,,,,,,,"Jake Bennett","31959",687562
"Brandon Pfaadt","ARI",0,0,1.87604,4.61107,5,5,0,0,,26.74,114.034,27.7678,14.64,13.7,3.7421,6.91979,0.107327,1.06079,19.4344,6.54111,2.32902,2.80852,1.2595,0.170426,0.0606818,0.1097443699836731,0.261828,1.29722,0.289896,0.680764,,,4.3444,0.372209,0.193124,588.5999755859375,,,,,,,91.80000000000003,3.400000000000001,97,3.5925925925925926,,,,,,,,,,,,,,,,,,,"Brandon Pfaadt","27782",694297
"Carmen Mlodzinski","PIT",0,0,1.12028,4.36437,7,4,0,0.0925,,22.56,97.2692,23.2762,11.74,10.94,2.166,7.43132,0.113443,0.867606,17.0424,6.79885,2.96463,2.29332,0.864096,0.175209,0.0763995,0.09880935400724411,0.261618,1.36115,0.302605,0.685364,,,3.92423,0.367004,0.211517,745.6199951171875,,,,,,,95.80000000000003,4.165217391304349,99,4.304347826086956,,,,,,,,,,,,,,,,,,,"Carmen Mlodzinski","27572",669387
"Kyle Leahy","STL",0,0,1.29984,4.18134,4,4,0,0,,20.448,87.4245,20.3773,10.17,9.5,2.07562,6.71788,0.0674393,0.763857,17.5499,7.72441,2.95681,2.61241,0.913567,0.200743,0.0768421,0.12390097230672836,0.254899,1.32508,0.303424,0.699697,,,3.78409,0.363182,0.254227,733.6699829101562,,,,,,,83.4,4.17,86,4.3,,,,,,,,,,,,,,,,,,,"Kyle Leahy","24763",681517
"Anthony Kay","CHW",0,0,1.86037,4.49158,5,5,0,0,,26.73,115.601,26.1236,14.26,13.34,3.21517,9.59038,0.0824756,2.11269,21.1407,7.11809,3.22908,2.20437,1.08255,0.182876,0.0829607,0.0999152660369873,0.251435,1.3361,0.288003,0.687347,,,4.37872,0.361799,0.292418,717.8599853515625,,,,,,,101.30000000000001,3.7518518518518524,102,3.7777777777777777,,,,,,,,,,,,,,,,,,,"Anthony Kay","20387",641743
"Michael McGreevy","STL",0,0,1.87548,4.50923,5,5,0,0,,26.805,115.017,28.6341,14.38,13.43,3.13081,7.67137,0.0829119,0.674335,17.789,5.97279,2.57573,2.31888,1.0512,0.154663,0.0666974,0.08796575665473938,0.268432,1.35443,0.297407,0.686838,,,4.20851,0.357111,0.292418,715.3800048828125,,,,,,,96.5,3.574074074074074,105,3.888888888888889,,,,,,,,,,,,,,,,,,,"Michael McGreevy","29869",700241
"Shane McClanahan","TBR",0,0,1.17587,4.07828,5,5,0,0,,22.995,96.8438,21.4627,11.18,10.42,2.78117,7.57493,0.0573509,0.692304,19.4795,7.62408,2.96475,2.57158,1.08852,0.201144,0.078218,0.122925765812397,0.242307,1.26278,0.281706,0.710215,,,4.04,0.355287,0.343909,182.99000549316406,,,,,,,89.70000000000002,3.900000000000001,87,3.782608695652174,,,,,,,,,,,,,,,,,,,"Shane McClanahan","21483",663556
"Davis Martin","CHW",0,0,1.96607,4.48848,5,5,0,0,,27.35,117.607,27.0895,14.58,13.64,3.40182,9.13349,0.0820652,1.53374,21.3297,7.0189,3.00553,2.33533,1.11943,0.181364,0.0776612,0.10370291769504547,0.253316,1.32442,0.288143,0.687943,,,4.31063,0.349602,0.193124,999,,,,,,,101.7,3.7666666666666666,105,3.888888888888889,,,,,,,,,,,,,,,,,,,"Davis Martin","21448",663436
"Aaron Nola","PHI",0,0,1.94646,4.49091,5,5,0,0,,27.235,115.859,25.8765,14.59,13.59,4.32047,9.62238,0.124267,0.624918,25.4655,8.41527,3.17978,2.64649,1.42773,0.219798,0.0830526,0.13674528151750565,0.245016,1.30343,0.284284,0.709974,,,4.40434,0.339768,0.193124,205.52999877929688,,,,,,,100.00000000000003,3.7037037037037046,100,3.7037037037037037,,,,,,,,,,,,,,,,,,,"Aaron Nola","16149",605400
"Shohei Ohtani","LAD",0,0,0.793385,3.08303,4,2,0,0.1186,,13.1072,53.6008,9.97107,4.81,4.49,1.12714,4.27969,0.0665569,1.02023,15.208,10.4425,2.93862,3.55354,0.773941,0.283728,0.0798438,0.20388410240411758,0.206437,1.08724,0.27667,0.744964,,,3.09377,0.337608,0.301462,1.2699999809265137,,,,,,,72.9,5.607692307692308,67,5.153846153846154,,,,,,,,,,,,,,,,,,,"Shohei Ohtani","19755",660271
"Nick Martinez","TBR",0,0,1.53584,4.57904,5,5,0,0,,24.765,104.417,25.1798,13.43,12.6,3.61654,5.87815,0.0829121,0.665054,16.082,5.84447,2.13622,2.7359,1.31431,0.154018,0.0562951,0.09772266820073128,0.257268,1.2541,0.275833,0.678133,,,4.47567,0.335547,0.267006,738.3400268554688,,,,,,,81.80000000000001,3.2720000000000002,84,3.36,,,,,,,,,,,,,,,,,,,"Nick Martinez","12730",607259
"Bubba Chandler","PIT",0,0,1.31175,4.21985,4,4,0,0,,20.496,88.1158,18.758,10.3,9.61,2.25705,8.50105,0.068767,0.952575,18.3154,8.04248,3.7329,2.15449,0.991094,0.207856,0.0964758,0.1113801971077919,0.238463,1.32997,0.28406,0.703719,,,4.11145,0.335505,0.254227,150.00999450683594,,,,,,,80,4,80,4,,,,,,,,,,,,,,,,,,,"Bubba Chandler","29868",696149
"Cody Bradford","TEX",0,0,1.29243,4.25774,7,4,0,0.1002,,23.2306,97.2186,22.7246,11.76,10.99,3.14481,5.30208,0.15,0.703565,14.8407,5.74957,2.05413,2.79903,1.21836,0.152653,0.0545378,0.09811495244503021,0.249138,1.20646,0.267384,0.688568,,,4.3411,0.332377,0.211517,999,,,,,,,85.50000000000001,3.7173913043478266,88,3.8260869565217392,,,,,,,,,,,,,,,,,,,"Cody Bradford","27597",674003
"Freddy Peralta","TBR",0,0,2.12089,4.4801,5,5,0,0,,28.265,120.663,24.9368,14.97,14.07,4.36325,11.6687,0.0866571,1.31427,25.806,8.21702,3.71549,2.21156,1.38932,0.213869,0.096705,0.11716361343860626,0.231583,1.29508,0.265429,0.709432,,,4.64215,0.325561,0.255097,56.36000061035156,,,,,,,106.00000000000006,3.785714285714288,101,3.607142857142857,,,,,,,,,,,,,,,,,,,"Freddy Peralta","18679",642547
"Drew Anderson","DET",0,0,1.12899,3.95214,5,3,0,0.1013,,18.5368,78.4603,16.1984,8.75,8.14,2.18878,7.25141,0.0797055,0.867536,19.0915,9.26932,3.52071,2.6328,1.0627,0.243327,0.0924214,0.1509053185582161,0.230283,1.26504,0.285555,0.721091,,,3.8725,0.323343,0.270686,999,,,,,,,88.4,4.652631578947369,83,4.368421052631579,,,,,,,,,,,,,,,,,,,"Drew Anderson","15130",623454
"Seth Lugo","KCR",0,0,1.98478,4.67947,5,5,0,0,,27.33,118.1,27.4392,15.21,14.21,3.58436,9.61018,0.0947589,1.10791,21.6055,7.11488,3.16471,2.24819,1.18036,0.182942,0.0813731,0.10156918317079544,0.255528,1.35563,0.290232,0.681814,,,4.38376,0.322949,0.193124,493.1000061035156,,,,,,,91.40000000000002,3.3851851851851857,94,3.4814814814814814,,,,,,,,,,,,,,,,,,,"Seth Lugo","12447",607625
"Chris Bassitt","BAL",0,0,1.9201,4.81921,5,5,0,0,,26.855,117.277,27.8145,15.42,14.38,3.50149,9.54189,0.0719614,1.80851,20.7884,6.96689,3.1978,2.17865,1.17347,0.177259,0.0813622,0.09589730948209763,0.262583,1.39104,0.29782,0.675916,,,4.49813,0.322264,0.193124,359.3599853515625,,,,,,,83.80000000000003,3.1037037037037045,89,3.2962962962962963,,,,,,,,,,,,,,,,,,,"Chris Bassitt","12304",605135
"Quinn Mathews","STL",0,0,1.15556,4.30486,6,4,0,0.1064,,21.701,94.4905,20.1331,11.11,10.38,2.27643,10.0562,0.14098,1.1127,20.2358,8.39234,4.17057,2.01228,0.944096,0.214157,0.106425,0.10773181915283203,0.241632,1.39115,0.293651,0.706581,,,4.1261,0.321902,0.259646,999,,,,,,,93.20000000000002,4.236363636363637,91,4.136363636363637,,,,,,,,,,,,,,,,,,,"Quinn Mathews","33851",687273
"Tyler Mahle","ATL",0,0,1.38492,4.31117,4,4,0,0,,20.876,88.8905,19.5876,10.69,10,2.66713,7.70971,0.0735062,0.548631,18.0241,7.77051,3.32379,2.33785,1.14984,0.202768,0.0867327,0.11603514105081558,0.242926,1.30759,0.282287,0.704795,,,4.20424,0.312305,0.21625,322.7200012207031,,,,,,,75.5,3.5952380952380953,75,3.5714285714285716,,,,,,,,,,,,,,,,,,,"Tyler Mahle","16358",641816
"Ian Seymour","TBR",0,0,1.30209,4.22876,5,4,0,0.1205,,21.5595,91.1024,18.6252,10.85,10.13,3.21768,6.14801,0.0929329,3.04876,20.6971,8.63999,2.56648,3.36647,1.34322,0.227185,0.0674847,0.15970075130462646,0.227398,1.14906,0.265689,0.68694,,,4.38329,0.308783,0.269172,521.1400146484375,,,,,,,91.5,4.159090909090909,86,3.909090909090909,,,,,,,,,,,,,,,,,,,"Ian Seymour","27932",693855
"Carlos Rodón","NYY",0,0,1.6667,4.43066,5,5,0,0,,25.635,109.913,22.214,13.47,12.62,3.5849,11.7228,0.0780978,0.980512,23.8751,8.38212,4.11567,2.03663,1.2586,0.217217,0.106655,0.1105622872710228,0.228516,1.32385,0.267085,0.707755,,,4.52528,0.305291,0.330495,202.3000030517578,,,,,,,94.99999999999999,3.6538461538461533,87,3.3461538461538463,,,,,,,,,,,,,,,,,,,"Carlos Rodon","16137",607074
"Jackson Jobe","DET",0,0,1.15449,4.30963,6,4,0,0.1013,,21.7188,93.4121,19.8058,11.09,10.4,2.50809,9.36558,0.101822,0.911574,18.674,7.7383,3.88098,1.9939,1.03932,0.19991,0.100261,0.09964945167303085,0.238237,1.34314,0.279208,0.704651,,,4.28456,0.293981,0.259646,999,,,,,,,81.9,3.722727272727273,79,3.590909090909091,,,,,,,,,,,,,,,,,,,"Jackson Jobe","30203",695549
"Robert Gasser","MIL",0,0,1.01369,4.27566,6,3,0,0.0956,,18.5656,79.1093,17.3763,9.46,8.82,2.52732,5.90387,0.132487,1.25349,17.5744,8.5195,2.86201,2.97675,1.22516,0.222153,0.0746292,0.1475236490368843,0.241499,1.25394,0.286382,0.700042,,,4.11637,0.29187,0.261287,748.5800170898438,,,,,,,74.49999999999999,3.9210526315789465,71,3.736842105263158,,,,,,,,,,,,,,,,,,,"Robert Gasser","29812",688107
"Grayson Rodriguez","LAA",0,0,1.56269,4.51981,4,4,0,0,,21.804,94.1693,21.4967,11.76,10.95,2.92154,7.88946,0.0712275,0.983756,18.8858,7.79545,3.25652,2.3938,1.20592,0.200551,0.0837795,0.1167718768119812,0.252025,1.34774,0.292574,0.696797,,,4.31378,0.288938,0.179213,397.1099853515625,,,,,,,82.30000000000001,3.7409090909090916,82,3.727272727272727,,,,,,,,,,,,,,,,,,,"Grayson Rodriguez","24492",680570
"Michael Soroka","ARI",0,0,1.1491,4.15627,4,3,0,0.103,,17.2799,72.7619,15.7458,8.53,7.98,2.12662,5.49806,0.0815581,0.90424,15.4043,8.02308,2.86359,2.80176,1.10762,0.211708,0.0755624,0.13614532351493835,0.23728,1.2294,0.278918,0.696017,,,4.01186,0.288279,0.154807,710.3599853515625,,,,,,,71.60000000000002,4.211764705882354,71,4.176470588235294,,,,,,,,,,,,,,,,,,,"Michael Soroka","18383",647336
"Hayden Wesneski","HOU",0,0,1.13681,4.22975,7,4,0,0.1066,,22.5545,96.0087,20.9843,11.33,10.6,2.867,8.28319,0.126903,0.932927,18.7759,7.49219,3.30526,2.26675,1.14402,0.195564,0.0862754,0.10928906500339508,0.241775,1.29763,0.278087,0.710291,,,4.29675,0.28666,0.313755,999,,,,,,,89.70000000000002,3.900000000000001,87,3.782608695652174,,,,,,,,,,,,,,,,,,,"Hayden Wesneski","27581",669713
"Bailey Ober","MIN",0,0,1.69514,4.85009,5,5,0,0,,25.515,109.208,25.6816,14.65,13.75,4.31634,7.35927,0.0680598,0.910152,17.9336,6.32578,2.59586,2.43687,1.52252,0.164215,0.0673876,0.09682722389698029,0.254428,1.29496,0.271516,0.681194,,,4.84913,0.281619,0.131895,494.3399963378906,,,,,,,87.6,3.369230769230769,90,3.4615384615384617,,,,,,,,,,,,,,,,,,,"Bailey Ober","21224",641927
"Kumar Rocker","TEX",0,0,1.54253,4.44946,4,4,0,0.1002,,21.724,93.3038,20.7334,11.44,10.74,2.50865,8.4328,0.0555058,0.880277,16.6734,6.90759,3.49361,1.97721,1.0393,0.1787,0.09038,0.08832009136676788,0.246853,1.34258,0.281208,0.690969,,,4.33565,0.281549,0.27965,720.72998046875,,,,,,,78.30000000000001,3.5590909090909095,78,3.5454545454545454,,,,,,,,,,,,,,,,,,,"Kumar Rocker","31843",677958
"Andrew Alvarez","WSN",0,0,1.09551,4.1904,4,4,0,0,,19.244,82.7468,18.5138,9.61,8.96,1.88932,7.60979,0.0580288,0.789724,15.2744,7.1435,3.55893,2.0072,0.883593,0.184592,0.0919648,0.09262695908546448,0.249018,1.35749,0.290721,0.703348,,,4.08164,0.280582,0.190841,999,,,,,,,69.6,3.663157894736842,72,3.789473684210526,,,,,,,,,,,,,,,,,,,"Andrew Alvarez","29914",674841
"Jack Flaherty","DET",0,0,1.12939,4.20887,3,3,0,0,,16.23,69.3782,14.4683,8.12,7.59,2.11141,6.52345,0.0504705,0.719862,16.8541,9.34607,3.61744,2.58362,1.17084,0.242931,0.0940273,0.1489032730460167,0.232853,1.29339,0.286241,0.713678,,,4.03654,0.275185,0.203382,209,,,,,,,67.4,4.2125,64,4,,,,,,,,,,,,,,,,,,,"Jack Flaherty","17479",656427
"Cal Quantrill","TEX",0,0,1.10365,4.25292,6,4,0,0.1002,,21.1831,89.0861,19.795,10.66,10.01,2.64199,6.44973,0.0849244,0.685948,14.9113,6.33531,2.74028,2.31192,1.12249,0.16738,0.0723989,0.0949816107749939,0.241549,1.23895,0.266364,0.691244,,,4.30746,0.27504,0.197045,999,,,,,,,75.5,3.5952380952380953,75,3.5714285714285716,,,,,,,,,,,,,,,,,,,"Cal Quantrill","19312",615698
"Cristian Javier","HOU",0,0,1.27382,4.58736,7,4,0,0.1066,,23.1505,99.066,20.5859,12.59,11.8,3.52795,9.51318,0.128014,0.791443,20.3254,7.90169,3.69834,2.13655,1.37153,0.20517,0.0960287,0.10914149880409241,0.231924,1.30015,0.262802,0.695911,,,4.64386,0.274712,0.111482,470.2799987792969,,,,,,,73.4,3.191304347826087,70,3.0434782608695654,,,,,,,,,,,,,,,,,,,"Cristian Javier","17606",664299
"Peter Lambert","HOU",0,0,1.68557,4.55807,6,4,0,0.1066,,24.563,105.905,23.2428,13.29,12.44,3.34464,9.80661,0.104118,1.06241,20.438,7.48857,3.59318,2.0841,1.22549,0.192984,0.092598,0.10038590431213379,0.244568,1.34549,0.279258,0.696565,,,4.51687,0.267436,0.244236,999,,,,,,,95.3,3.812,93,3.72,,,,,,,,,,,,,,,,,,,"Peter Lambert","17969",663567
"Keider Montero","DET",0,0,1.20413,4.58054,4,4,0,0,,19.668,84.3951,19.992,10.71,10.01,2.71906,5.95724,0.0545081,0.91646,13.7149,6.2759,2.72601,2.30223,1.24423,0.162509,0.0705875,0.09192119538784027,0.25789,1.31936,0.282758,0.688233,,,4.5344,0.264418,0.153818,999,,,,,,,66.1,3.3049999999999997,68,3.4,,,,,,,,,,,,,,,,,,,"Keider Montero","22630",672456
"Andrew Painter","PHI",0,0,1.35136,4.55081,4,4,0,0,,20.548,88.7321,20.3441,11.1,10.39,2.77378,7.77216,0.067357,0.643895,15.8686,6.95041,3.4042,2.04172,1.21491,0.178837,0.0875914,0.09124531596899033,0.253301,1.36832,0.284892,0.702195,,,4.52244,0.261479,0.21625,999,,,,,,,71.5,3.4047619047619047,71,3.380952380952381,,,,,,,,,,,,,,,,,,,"Andrew Painter","30091",691725
"Brandon Young","BAL",0,0,1.50236,4.46684,5,4,0,0.1041,,22.4857,96.4175,21.9646,11.95,11.16,3.03186,8.21658,0.0775006,0.552286,16.8712,6.75276,3.28872,2.05331,1.21352,0.17498,0.0852187,0.08976146578788757,0.250598,1.34224,0.279468,0.702914,,,4.50553,0.254991,0.168418,999,,,,,,,75.7,3.440909090909091,78,3.5454545454545454,,,,,,,,,,,,,,,,,,,"Brandon Young","27819",687064
"Zac Thornton","NYM",0,0,1.1619,4.49907,4,4,0,0,,19.464,82.9246,19.6716,10.43,9.73,2.71003,5.42183,0.0605462,0.848401,14.5372,6.72186,2.50701,2.68123,1.25309,0.175306,0.0653826,0.10992307215929031,0.256627,1.28922,0.285513,0.688443,,,4.36607,0.254157,0.190841,999,,,,,,,63.69999999999999,3.352631578947368,68,3.5789473684210527,,,,,,,,,,,,,,,,,,,"Zac Thornton","33891",804267
"Jack Perkins","ATH",0,0,1.08888,4.56123,5,4,0,0.0992,,20.067,87.3155,18.8121,10.88,10.17,2.67586,8.7133,0.106702,1.11399,19.0633,8.54987,3.9079,2.18784,1.20012,0.218327,0.099791,0.11853601783514023,0.242773,1.37168,0.289444,0.699998,,,4.38607,0.248841,0.143969,999,,,,,,,69.69999999999999,3.4849999999999994,69,3.45,,,,,,,,,,,,,,,,,,,"Jack Perkins","31468",678022
"Andrew Abbott","CIN",0,0,2.0321,4.94131,5,5,0,0,,27.43,119.533,27.6158,16.08,15.06,4.10341,11.1053,0.0936345,0.630062,20.2364,6.63971,3.64374,1.82222,1.34636,0.169296,0.092906,0.07638952136039734,0.256182,1.41163,0.281728,0.686586,,,4.8361,0.247406,0.0967625,221.92999267578125,,,,,,,81.80000000000003,3.0296296296296306,87,3.2222222222222223,,,,,,,,,,,,,,,,,,,"Andrew Abbott","29911",671096
"Walbert Ureña","LAA",0,0,1.58696,4.2896,4,4,0,0,,22.072,96.0758,20.5075,11.28,10.52,2.19323,10.5877,0.0558109,1.20777,18.0364,7.35448,4.31721,1.70353,0.894302,0.187731,0.110202,0.07752972096204758,0.243324,1.40881,0.285934,0.707062,,,4.34403,0.24697,0.27965,999,,,,,,,83.60000000000002,3.800000000000001,84,3.8181818181818183,,,,,,,,,,,,,,,,,,,"Walbert Urena","29357",700712
"Spencer Arrighetti","TOR",0,0,1.54518,4.68218,7,4,0,0.1023,,24.5078,106.733,21.4711,13.55,12.75,3.41152,11.8967,0.133082,1.67965,23.6041,8.66814,4.36883,1.98408,1.25281,0.221151,0.111463,0.1096886619925499,0.230484,1.36152,0.273047,0.693132,,,4.62861,0.246229,0.134272,728.3099975585938,,,,,,,99.5,3.98,92,3.68,,,,,,,,,,,,,,,,,,,"Spencer Arrighetti","29921",681293
"Joe Musgrove","SDP",0,0,1.01092,4.21866,3,3,0,0,,15.531,65.5773,14.4998,7.81,7.28,2.12021,4.52411,0.050767,1.00407,13.7476,7.96655,2.62166,3.03874,1.22863,0.20964,0.068989,0.14065080881118774,0.241466,1.2249,0.2802,0.698442,,,4.15554,0.243527,0.203382,385.6199951171875,,,,,,,67.4,4.2125,64,4,,,,,,,,,,,,,,,,,,,"Joe Musgrove","12970",605397
"Jameson Taillon","TOR",0,0,1.55103,4.48924,4,4,0,0,,21.752,91.7931,20.5265,11.58,10.85,3.6211,6.73474,0.0666752,0.493241,17.489,7.23618,2.78653,2.59684,1.49825,0.190527,0.0733687,0.11715802550315857,0.24273,1.25327,0.266415,0.706626,,,4.63633,0.239772,0.179213,504.4700012207031,,,,,,,72,3.272727272727273,71,3.227272727272727,,,,,,,,,,,,,,,,,,,"Jameson Taillon","11674",592791
"Merrill Kelly","ARI",0,0,2.04509,4.81065,5,5,0,0,,27.595,118.857,27.2717,15.74,14.75,4.16827,10.2299,0.110389,0.654885,19.8916,6.48755,3.33645,1.94445,1.35946,0.167356,0.0860689,0.08128751069307327,0.25258,1.359,0.275326,0.687223,,,4.7887,0.237992,0.157275,284.17999267578125,,,,,,,94.8,3.3857142857142857,95,3.392857142857143,,,,,,,,,,,,,,,,,,,"Merrill Kelly","11156",518876
"Robbie Ray","SDP",0,0,2.12909,4.7697,5,5,0,0,,28.115,121.485,25.5403,16.01,14.9,4.51997,12.6315,0.0789909,0.794583,24.872,7.96187,4.04351,1.96905,1.4469,0.204733,0.103976,0.10075769573450089,0.236355,1.3577,0.267206,0.695952,,,4.83665,0.230448,0.157275,166.44000244140625,,,,,,,86.10000000000005,3.075000000000002,83,2.9642857142857144,,,,,,,,,,,,,,,,,,,"Robbie Ray","11486",592662
"Griffin Jax","TBR",0,0,0.464427,3.58553,4,2,0,0.1205,,11.5464,47.6441,9.59555,4.92,4.6,1.30207,3.84428,0.0900299,0.417298,12.0059,9.35819,2.99647,3.12307,1.01491,0.251992,0.0806874,0.17130489647388458,0.221185,1.16398,0.275765,0.733397,,,3.577,0.227015,0.236747,149.2100067138672,,,,,,,62.500000000000014,5.208333333333335,59,4.916666666666667,,,,,,,,,,,,,,,,,,,"Griffin Jax","20253",643377
"Nathan Eovaldi","TEX",0,0,0.772487,3.39638,2,2,0,0,,11.156,45.2526,9.47177,4.5,4.21,1.18499,2.84652,0.0304464,0.338326,9.61305,7.75524,2.2964,3.37713,0.955976,0.212431,0.0629027,0.1495279148221016,0.225155,1.10418,0.265009,0.73347,,,3.59728,0.223304,0.302733,132.50999450683594,,,,,,,56.70000000000001,5.154545454545455,53,4.818181818181818,,,,,,,,,,,,,,,,,,,"Nathan Eovaldi","9132",543135
"Bryce Elder","ATL",0,0,1.47861,4.8415,4,4,0,0,,21.136,91.4809,22.09,12.15,11.37,2.95469,7.1572,0.0826092,0.64944,15.8782,6.76117,3.04763,2.2185,1.25815,0.173569,0.078237,0.0953318253159523,0.264,1.38376,0.29511,0.680875,,,4.50626,0.22293,0.117707,740.5499877929688,,,,,,,69.3,3.3,74,3.5238095238095237,,,,,,,,,,,,,,,,,,,"Bryce Elder","27779",693821
"Zebby Matthews","MIN",0,0,1.09755,4.56907,6,3,0,0.1061,,18.7719,80.7804,18.9718,10.19,9.53,2.63979,6.1872,0.122008,0.591918,15.8051,7.57759,2.9664,2.55448,1.26562,0.195655,0.0765929,0.11906187981367111,0.256372,1.34025,0.293972,0.697423,,,4.31096,0.22243,0.159055,488.6400146484375,,,,,,,65.29999999999998,3.436842105263157,67,3.526315789473684,,,,,,,,,,,,,,,,,,,"Zebby Matthews","31827",805673
"Blade Tidwell","SFG",0,0,1.47875,4.90002,4,4,0,0,,21.104,92.2795,21.005,12.24,11.49,3.04319,8.5559,0.0944202,0.989986,16.1932,6.90573,3.64875,1.89263,1.2978,0.17548,0.0927172,0.08276226371526718,0.253887,1.40072,0.282875,0.684609,,,4.78033,0.216051,0.117707,999,,,,,,,65.9,3.1380952380952385,68,3.238095238095238,,,,,,,,,,,,,,,,,,,"Blade Tidwell","31701",694918
"Corbin Burnes","ARI",0,0,0.792738,3.90888,5,2,0,0.103,,13.8838,58.5145,12.3387,6.44,6.03,1.41842,5.00169,0.108994,0.674265,12.136,7.86704,3.24229,2.42639,0.919475,0.207402,0.0854777,0.12192419171333313,0.233517,1.24897,0.277982,0.70991,,,3.88972,0.215528,0.249444,738.0999755859375,,,,,,,66.10000000000001,4.721428571428572,63,4.5,,,,,,,,,,,,,,,,,,,"Corbin Burnes","19361",669203
"David Peterson","CHC",0,0,1.06608,4.29009,7,3,0,0.1005,,19.573,85.3636,19.1092,10.08,9.33,1.79723,7.19832,0.164334,2.762,16.0279,7.36992,3.30991,2.22662,0.826399,0.187761,0.0843254,0.10343555361032486,0.253426,1.34407,0.300669,0.682075,,,4.16593,0.214896,0.212117,452.0400085449219,,,,,,,76,3.8,76,3.8,,,,,,,,,,,,,,,,,,,"David Peterson","20302",656849
"Reynaldo López","ATL",0,0,0.820053,4.95967,9,3,0,0.1108,,20.7232,90.7121,20.7208,12.18,11.42,2.70225,8.8106,0.219449,0.462987,17.9599,7.79993,3.82642,2.03844,1.17358,0.197988,0.0971271,0.10086090862751007,0.254435,1.42504,0.296473,0.673887,,,4.38771,0.211133,0.0555946,302.9100036621094,,,,,,,72.9,3.4714285714285715,75,3.5714285714285716,,,,,,,,,,,,,,,,,,,"Reynaldo Lopez","16400",625643
"J.T. Ginn","ATH",0,0,1.42201,4.8409,4,4,0,0,,20.804,91.3237,21.4268,11.95,11.19,2.70691,8.33578,0.0921142,1.31469,16.1959,7.00649,3.60613,1.94294,1.17103,0.177346,0.0912772,0.08606875687837601,0.262348,1.43062,0.298228,0.685814,,,4.60948,0.209996,0.117707,748.3499755859375,,,,,,,68.9,3.2809523809523813,71,3.380952380952381,,,,,,,,,,,,,,,,,,,"J.T. Ginn","27889",669372
"Walker Buehler","SDP",0,0,1.37694,4.78552,6,4,0,0.1068,,22.5681,97.9093,22.2552,12.86,12,3.25008,9.03113,0.132484,0.771197,18.1697,7.24594,3.60155,2.01189,1.29611,0.185576,0.0922398,0.09333666414022446,0.252593,1.38631,0.284989,0.68919,,,4.64835,0.207446,0.120933,740.9299926757812,,,,,,,82.10000000000001,3.569565217391305,82,3.5652173913043477,,,,,,,,,,,,,,,,,,,"Walker Buehler","19374",621111
"Jacob Lopez","ATH",0,0,1.42647,5.1405,6,4,0,0.0992,,22.7779,99.8815,22.4296,13.91,13.01,3.90391,9.06707,0.15476,1.64237,20.3524,8.04163,3.58257,2.24465,1.54251,0.203766,0.0907783,0.11298734694719315,0.251532,1.38277,0.28538,0.6756,,,4.9349,0.207318,0.0236938,409.239990234375,,,,,,,70.8,3.0782608695652174,70,3.0434782608695654,,,,,,,,,,,,,,,,,,,"Jacob Lopez","25098",682052
"Mason Miller","SDP",0,0,0,2.20449,11,0,5.002,0.2513,,7.47111,29.3051,4.21088,1.96,1.83,0.535377,2.83766,0.153571,0.204163,11.9868,14.4397,3.41837,4.22416,0.644937,0.409032,0.0968316,0.31220080703496933,0.160333,0.943441,0.267481,0.807832,,,2.02754,0.201945,0.173714,27.860000610351562,,,,,,,69.10000000000001,9.871428571428572,62,8.857142857142858,,,,,,,,,,,,,,,,,,,"Mason Miller","31757",695243
"Shane Drohan","MIL",0,0,0.688785,4.28304,6,2,0,0.0956,,14.5201,62.4377,13.5088,7.42,6.91,1.78863,5.64259,0.143997,0.651243,13.9387,8.63967,3.49746,2.47027,1.10865,0.223242,0.0903715,0.1328706070780754,0.240611,1.31896,0.289986,0.704703,,,4.06519,0.195169,0.199231,999,,,,,,,57.00000000000001,3.8000000000000003,56,3.7333333333333334,,,,,,,,,,,,,,,,,,,"Shane Drohan","27814",675660
"Daniel Lynch IV","KCR",0,0,0.871621,4.54395,5,3,0,0.1007,,16.6177,71.8249,16.8726,8.98,8.39,1.8805,5.58452,0.0906594,0.938819,11.1882,6.05941,3.02453,2.00342,1.01846,0.15577,0.0777519,0.07801806926727295,0.258379,1.3514,0.287024,0.679824,,,4.3856,0.18779,0.145358,999,,,,,,,58.000000000000014,3.4117647058823537,60,3.5294117647058822,,,,,,,,,,,,,,,,,,,"Daniel Lynch IV","21537",663738
"Ryan Gusto","MIA",0,0,0.878844,4.68668,7,3,0,0.1047,,18.7617,81.3071,18.6452,10.44,9.77,2.52467,6.77697,0.214474,0.843808,14.1353,6.78072,3.25092,2.08578,1.21109,0.173851,0.0833504,0.09050050377845764,0.253034,1.355,0.282685,0.684503,,,4.54444,0.184424,0.150688,999,,,,,,,58.29999999999999,3.0684210526315785,60,3.1578947368421053,,,,,,,,,,,,,,,,,,,"Ryan Gusto","26440",687473
"Mason Montgomery","PIT",0,0,0,2.89621,10,0,1.064,1.5474,,7.52017,30.9718,5.46428,2.61,2.42,0.556319,2.94288,0.180646,0.332166,10.4892,12.5532,3.52198,3.56425,0.665792,0.338668,0.0950179,0.2436496540904045,0.197289,1.11795,0.294749,0.759953,,,2.56196,0.182853,0.124566,748.4400024414062,,,,,,,57.900000000000006,7.237500000000001,51,6.375,,,,,,,,,,,,,,,,,,,"Mason Montgomery","29770",682254
"Gabriel Hughes","COL",0,0,1.09149,5.34932,7,4,0,0.0942,,21.9056,97.5984,24.3183,13.94,13.02,3.00299,8.50334,0.162219,0.914989,17.4481,7.16861,3.49363,2.05191,1.23379,0.178774,0.0871258,0.09164851903915405,0.27578,1.49832,0.314715,0.659795,,,4.56233,0.182202,-0.0459805,999,,,,,,,67.5,3.0681818181818183,75,3.409090909090909,,,,,,,,,,,,,,,,,,,"Gabriel Hughes","31614",687312
"Emerson Hancock","SEA",0,0,0.809512,4.32897,4,2,0,0.1072,,13.4512,57.3164,13.0226,6.93,6.47,1.76243,4.03191,0.0910342,0.928873,11.8723,7.94359,2.69769,2.94459,1.17922,0.207137,0.0703448,0.13679195195436478,0.248734,1.26788,0.290804,0.694073,,,4.12782,0.18143,0.092947,733.4199829101562,,,,,,,46.8,3.5999999999999996,48,3.6923076923076925,,,,,,,,,,,,,,,,,,,"Emerson Hancock","27470",676106
"Grant Taylor","CHW",0,0,0,2.98305,13,0,3.396,1.1408,,8.90028,36.4047,6.94288,3.17,2.95,0.660239,3.03206,0.133504,0.217074,10.5481,10.6663,3.06603,3.47885,0.667637,0.289745,0.0832876,0.20645732432603836,0.209403,1.12074,0.286261,0.751877,,,2.77262,0.18061,0.17889,506.67999267578125,,,,,,,68.10000000000001,7.566666666666667,64,7.111111111111111,,,,,,,,,,,,,,,,,,,"Grant Taylor","33927",691799
"Ryan Johnson","LAA",0,0,1.30778,4.90466,7,4,0,0.1086,,23.7447,103.857,24.3023,13.86,12.94,3.67158,8.454,0.143706,1.65253,18.4527,6.99415,3.20433,2.18272,1.39164,0.177673,0.0814001,0.09627335518598557,0.259222,1.37952,0.288031,0.684249,,,4.81615,0.171995,0.0736587,999,,,,,,,72.00000000000003,3.0000000000000013,74,3.0833333333333335,,,,,,,,,,,,,,,,,,,"Ryan Johnson","35325",696270
"Ethan Pecko","HOU",0,0,0.994432,4.76237,3,3,0,0,,15.213,65.6589,15.2268,8.61,8.05,2.2187,5.45594,0.0432999,0.586866,12.2533,7.24902,3.22773,2.24586,1.31258,0.18662,0.0830952,0.10352468490600586,0.255414,1.35954,0.288146,0.686866,,,4.56006,0.168454,0.0428359,999,,,,,,,53.400000000000006,3.5600000000000005,55,3.6666666666666665,,,,,,,,,,,,,,,,,,,"Ethan Pecko","33515",814490
"Jake Irvin","WSN",0,0,1.43404,4.8319,4,4,0,0,,20.88,90.6349,20.3666,12.01,11.21,3.32821,8.0837,0.0719247,1.07557,16.7059,7.2008,3.48435,2.06661,1.43457,0.18432,0.0891897,0.09513064473867416,0.249971,1.36256,0.27731,0.691035,,,4.87133,0.167592,0.117707,999,,,,,,,73.5,3.5,73,3.4761904761904763,,,,,,,,,,,,,,,,,,,"Jake Irvin","21504",663623
"Jackson Kent","WSN",0,0,1.10708,4.78824,4,4,0,0,,18.984,82.4499,19.0666,10.83,10.1,2.68084,7.49862,0.066562,0.572426,14.0256,6.64933,3.55497,1.87043,1.27094,0.170111,0.0909476,0.07916347682476044,0.256345,1.39935,0.284119,0.689778,,,4.71699,0.167069,0.0923247,999,,,,,,,58.29999999999999,3.0684210526315785,60,3.1578947368421053,,,,,,,,,,,,,,,,,,,"Jackson Kent","35462",800600
"Tatsuya Imai","HOU",0,0,0.813067,4.66989,9,3,0,0.1066,,20.3131,89.5235,18.3247,11.26,10.54,2.73887,10.8106,0.212734,1.19245,21.2755,9.42642,4.78977,1.96803,1.21349,0.237653,0.120757,0.11689635366201401,0.236386,1.43431,0.291292,0.706509,,,4.51412,0.167042,0.0957669,999,,,,,,,70.3,3.5149999999999997,67,3.35,,,,,,,,,,,,,,,,,,,"Tatsuya Imai","37124",837227
"Hunter Dobbins","STL",0,0,0.596973,4.43613,4,2,0,0.1064,,12.051,52.5082,12.387,6.37,5.94,1.1877,4.5711,0.121968,0.503443,9.076,6.77818,3.41381,1.98552,0.887005,0.172849,0.0870549,0.08579432219266891,0.261144,1.40719,0.3013,0.692245,,,4.12159,0.163368,0.132533,999,,,,,,,45.30000000000001,3.775000000000001,47,3.9166666666666665,,,,,,,,,,,,,,,,,,,"Hunter Dobbins","30240",690928
"Randy Vásquez","SDP",0,0,1.08785,4.8227,7,3,0,0.1068,,19.7441,85.688,20.0757,11.33,10.58,2.70667,6.97185,0.171813,0.845019,13.1163,5.97882,3.17799,1.88132,1.23378,0.15307,0.0813632,0.07170714437961578,0.257807,1.3699,0.279929,0.675785,,,4.72459,0.163027,0.111014,721.1699829101562,,,,,,,61.099999999999994,3.0549999999999997,63,3.15,,,,,,,,,,,,,,,,,,,"Randy Vasquez","24719",681190
"Grant Holmes","ATL",0,0,1.22615,5.04639,7,4,0,0.1108,,22.8817,101.472,23.8395,13.7,12.83,3.14092,10.2748,0.197613,0.758324,18.7799,7.38667,4.04135,1.82777,1.23541,0.185076,0.101257,0.083818219602108,0.263599,1.4909,0.302091,0.686956,,,4.6729,0.16166,0.0135774,369.45001220703125,,,,,,,75.9,3.3000000000000003,81,3.5217391304347827,,,,,,,,,,,,,,,,,,,"Grant Holmes","16944",656550
"Martín Pérez","ATL",0,0,0.860943,4.75884,3,3,0,0,,14.43,62.9647,15.1081,8.2,7.63,1.79321,5.3202,0.047865,0.707142,10.6182,6.62259,3.31821,1.99583,1.11842,0.168638,0.084495,0.08414255827665329,0.265345,1.41568,0.299036,0.682465,,,4.48026,0.161574,0.078193,999,,,,,,,44,3.142857142857143,48,3.4285714285714284,,,,,,,,,,,,,,,,,,,"Martin Perez","6902",527048
"Brayan Bello","BOS",0,0,0.511772,4.20904,8,2,0,0.1085,,15.7589,67.6655,15.5387,7.98,7.37,1.62231,5.61597,0.191187,0.657221,11.499,6.56711,3.20731,2.04755,0.926507,0.169938,0.082996,0.0869421660900116,0.253104,1.34239,0.288296,0.697683,,,4.15651,0.157319,0.143376,421.4100036621094,,,,,,,53.20000000000001,3.3250000000000006,55,3.4375,,,,,,,,,,,,,,,,,,,"Brayan Bello","23920",678394
"Jhoan Duran","PHI",0,0,0,3.25261,11,0,4.785,0.2345,,9.73986,40.2103,8.14712,3.79,3.52,0.874955,3.07635,0.276826,0.513834,11.182,10.3326,2.84266,3.63483,0.808492,0.278088,0.0765064,0.20158137381076813,0.222477,1.15232,0.29606,0.743456,,,3.06087,0.156909,0.129922,41.84000015258789,,,,,,,75.9,7.590000000000001,72,7.2,,,,,,,,,,,,,,,,,,,"Jhoan Duran","21029",661395
"Tyler Phillips","MIA",0,0,0.954139,4.76093,6,4,0,0.1047,,20.1893,87.9425,20.1224,11.4,10.68,2.58157,8.30404,0.126784,0.664179,14.8006,6.5978,3.70177,1.78233,1.15081,0.168298,0.0944259,0.07387258857488632,0.254797,1.40799,0.28479,0.686211,,,4.61208,0.156732,0.135093,999,,,,,,,62.099999999999994,3.1049999999999995,64,3.2,,,,,,,,,,,,,,,,,,,"Tyler Phillips","20629",663969
"Rhett Lowder","CIN",0,0,1.63301,5.06025,5,4,0,0.1035,,22.9257,100.261,24.1699,13.73,12.89,3.43936,8.37065,0.147839,0.812816,16.4662,6.46417,3.28608,1.96714,1.3502,0.164233,0.0834884,0.08074473589658737,0.265376,1.41939,0.291273,0.678458,,,4.79888,0.156679,0.0350716,552.219970703125,,,,,,,75.9,3.3000000000000003,81,3.5217391304347827,,,,,,,,,,,,,,,,,,,"Rhett Lowder","33876",695076
"Jeffrey Springs","ATH",0,0,1.78087,5.32853,5,5,0,0,,25.69,112.759,27.0458,16.3,15.21,4.76484,9.44639,0.0915411,0.785876,19.1747,6.71749,3.30936,2.02985,1.66927,0.17005,0.0837749,0.08627530932426453,0.263793,1.42048,0.283519,0.677104,,,5.19665,0.148578,0.0369612,722.25,,,,,,,68.7,2.6423076923076922,73,2.8076923076923075,,,,,,,,,,,,,,,,,,,"Jeffrey Springs","17677",605488
"Nick Lodolo","CIN",0,0,1.46345,4.96854,4,4,0,0,,20.976,91.312,21.4565,12.46,11.58,3.35478,6.89604,0.0861598,1.97957,17.2049,7.38197,2.95883,2.4949,1.43941,0.188419,0.0755218,0.11289727687835693,0.260279,1.35166,0.292544,0.671822,,,4.79146,0.148551,0.117707,127.94999694824219,,,,,,,70.9,3.3761904761904766,73,3.4761904761904763,,,,,,,,,,,,,,,,,,,"Nick Lodolo","26378",666157
"Jordan Montgomery","TEX",0,0,0.526676,4.37414,8,2,0,0.1002,,15.2053,65.0458,15.0166,7.94,7.39,1.70422,5.0986,0.237745,0.523261,10.4362,6.17719,3.01786,2.04688,1.00873,0.160444,0.0783847,0.08205953985452652,0.252702,1.32291,0.281543,0.686728,,,4.27689,0.146436,0.0835817,999,,,,,,,49.400000000000006,3.293333333333334,51,3.4,,,,,,,,,,,,,,,,,,,"Jordan Montgomery","16511",656756
"Cade Smith","CLE",0,0,0,3.02251,11,0,5.273,0.3847,,6.81884,27.7778,5.19408,2.47,2.29,0.586001,2.09335,0.104738,0.303755,8.36355,11.0388,2.76295,3.9953,0.773447,0.301087,0.0753604,0.22572704404592514,0.204646,1.06872,0.280447,0.744921,,,2.80211,0.144699,0.173714,39.90999984741211,,,,,,,61.500000000000014,8.785714285714288,57,8.142857142857142,,,,,,,,,,,,,,,,,,,"Cade Smith","27867",671922
"Max Scherzer","TOR",0,0,1.48567,5.14947,4,4,0,0,,21.008,91.178,20.4682,12.77,12.02,4.0568,8.13461,0.0618776,0.759458,17.4994,7.49688,3.48493,2.15123,1.73797,0.191925,0.0892167,0.10270876437425613,0.248751,1.36152,0.270245,0.690686,,,5.19788,0.142604,0.0227674,546.9299926757812,,,,,,,61.2,2.9142857142857146,60,2.857142857142857,,,,,,,,,,,,,,,,,,,"Max Scherzer","3137",453286
"Justin Verlander","DET",0,0,0.850703,4.75369,2,2,0,0,,11.246,48.6897,10.8363,6.36,5.94,1.60654,4.22285,0.032767,0.581427,8.99184,7.19603,3.37948,2.12933,1.28569,0.184676,0.0867299,0.09794653952121735,0.246923,1.33907,0.277278,0.679091,,,4.62295,0.14076,0.0896067,658.8499755859375,,,,,,,31.200000000000003,2.8363636363636364,32,2.909090909090909,,,,,,,,,,,,,,,,,,,"Justin Verlander","8700",434378
"Anthony Molina","SFG",0,0,1.14932,5.07143,6,3,0,0.1047,,19.3614,85.522,21.4695,11.65,10.91,2.54192,6.96058,0.18662,0.770792,13.0706,6.07578,3.23557,1.87781,1.18159,0.152834,0.0813894,0.07144416123628616,0.275991,1.46839,0.304409,0.674674,,,4.63789,0.140168,-0.0378185,999,,,,,,,51.09999999999999,2.6894736842105256,58,3.0526315789473686,,,,,,,,,,,,,,,,,,,"Anthony Molina","26952",683627
"Dylan Lee","ATL",0,0,0,3.16224,10,0,0.321,2.6059,,7.59904,30.6679,5.9734,2.88,2.67,0.827217,2.11855,0.138003,0.10532,8.73757,10.3484,2.50913,4.12431,0.979723,0.284909,0.0690804,0.2158287838101387,0.210005,1.06487,0.272584,0.751668,,,3.07682,0.139431,0.124566,999,,,,,,,55.300000000000004,6.9125000000000005,51,6.375,,,,,,,,,,,,,,,,,,,"Dylan Lee","19996",669276
"Aroldis Chapman","BOS",0,0,0,2.90187,10,0,4.925,0.2328,,7.16436,29.0241,4.83267,2.48,2.31,0.631347,2.74802,0.118741,0.349145,9.42838,11.8441,3.45211,3.43097,0.793109,0.324846,0.0946806,0.2301657795906067,0.186396,1.05811,0.26478,0.76166,,,2.89385,0.138361,0.173883,64.55000305175781,,,,,,,60.500000000000014,8.642857142857144,56,8,,,,,,,,,,,,,,,,,,,"Aroldis Chapman","10233",547973
"Emmet Sheehan","LAD",0,0,0.344729,3.49528,3,1,0,0.1186,,7.05523,28.8068,5.36963,2.93,2.74,0.920282,2.30425,0.0591247,0.34676,7.95096,10.1426,2.93941,3.45057,1.17396,0.27601,0.0799899,0.19602041691541672,0.205295,1.08769,0.257418,0.742916,,,3.65241,0.136538,0.120728,111.20999908447266,,,,,,,36.500000000000014,5.214285714285716,32,4.571428571428571,,,,,,,,,,,,,,,,,,,"Emmet Sheehan","29839",686218
"Robert Stock","NYM",0,0,1.21933,5.2189,5,3,0,0.1097,,18.3832,82.2382,18.8084,11.37,10.66,2.46617,8.65139,0.117736,1.40232,15.4483,7.56313,4.23553,1.78564,1.20738,0.187848,0.105199,0.08264866471290588,0.260561,1.49375,0.301129,0.670209,,,4.78735,0.136351,0.00920101,999,,,,,,,59.200000000000024,3.28888888888889,64,3.5555555555555554,,,,,,,,,,,,,,,,,,,"Robert Stock","6576",476594
"Drew Thorpe","CHW",0,0,0.656126,4.24346,2,2,0,0,,10.244,43.3429,9.30265,5.16,4.83,1.29643,3.64173,0.0281605,0.412936,7.5352,6.62015,3.19949,2.06913,1.139,0.173851,0.0840215,0.08982956409454346,0.23678,1.26361,0.262873,0.699444,,,4.44486,0.135639,0.127113,999,,,,,,,42.300000000000004,4.23,41,4.1,,,,,,,,,,,,,,,,,,,"Drew Thorpe","31967",689672
"Josh Hader","HOU",0,0,0,3.02439,10,0,5.328,0.3197,,6.8146,27.4263,4.55631,2.46,2.29,0.808046,2.26129,0.0995196,0.444381,9.44668,12.4762,2.98647,4.17757,1.06718,0.344439,0.0824497,0.26198940724134445,0.184312,1.00044,0.259111,0.766328,,,3.04348,0.134794,0.173883,124.38999938964844,,,,,,,63.500000000000014,9.071428571428573,59,8.428571428571429,,,,,,,,,,,,,,,,,,,"Josh Hader","14212",623352
"Yunior Marte","SFG",0,0,0.536248,4.7339,4,2,0,0.1047,,11.7303,51.0252,11.8962,6.59,6.17,1.45892,4.30955,0.196104,0.469866,8.68057,6.66013,3.30648,2.01426,1.11935,0.170123,0.0844592,0.08566392958164215,0.257239,1.38153,0.289071,0.678923,,,4.4425,0.131096,0.0322364,999,,,,,,,51.30000000000001,4.275000000000001,53,4.416666666666667,,,,,,,,,,,,,,,,,,,"Yunior Marte","31097",805074
"Jonah Tong","NYM",0,0,0.644933,4.51071,3,2,0,0.1097,,11.0936,47.8986,10.3259,5.96,5.56,1.52829,4.79618,0.0717174,0.307295,10.2025,8.27707,3.89104,2.12721,1.23987,0.213002,0.100132,0.11286982148885727,0.241287,1.36314,0.283206,0.705727,,,4.41505,0.130883,0.0793397,722.8099975585938,,,,,,,35.800000000000004,3.254545454545455,34,3.090909090909091,,,,,,,,,,,,,,,,,,,"Jonah Tong","32157",804636
"Nick Pivetta","SDP",0,0,0.409625,3.64372,1,1,0,0,,5.681,23.2942,4.52554,2.47,2.3,0.783234,1.85528,0.0199365,0.125636,6.01623,9.53108,2.93919,3.24276,1.24082,0.258271,0.0796455,0.1786259338259697,0.212334,1.12319,0.257844,0.740084,,,3.80371,0.127229,0.18716,96.01000213623047,,,,,,,25.10000000000001,4.1833333333333345,23,3.8333333333333335,,,,,,,,,,,,,,,,,,,"Nick Pivetta","15454",601713
"Justin Wrobleski","LAD",0,0,0.393733,4.01032,6,1,0,0.1186,,9.85207,41.367,9.15571,4.72,4.39,1.2493,2.81851,0.127741,0.417636,9.07596,8.29101,2.57475,3.22013,1.14126,0.219401,0.0681342,0.15126662701368332,0.240113,1.2154,0.284346,0.709446,,,3.87481,0.126994,0.0771098,650.3499755859375,,,,,,,47.300000000000004,4.73,46,4.6,,,,,,,,,,,,,,,,,,,"Justin Wrobleski","31204",680736
"Brandon Sproat","MIL",0,0,0.686681,4.4994,3,2,0,0.0956,,11.3815,49.4881,10.452,6.08,5.69,1.41773,5.12566,0.0581959,0.782174,11.0411,8.7308,4.05314,2.15408,1.12108,0.223106,0.103574,0.11953248083591461,0.239834,1.36868,0.290292,0.698725,,,4.31973,0.12677,0.0793397,528.2000122070312,,,,,,,47.10000000000001,4.281818181818182,46,4.181818181818182,,,,,,,,,,,,,,,,,,,"Brandon Sproat","33850",687075
"Hunter Barco","PIT",0,0,0.569796,4.84779,5,2,0,0.0925,,12.81,56.6032,13.1457,7.39,6.9,1.49269,5.36666,0.14371,0.786218,10.2341,7.19025,3.7705,1.90698,1.04873,0.180804,0.0948121,0.08599221706390381,0.260568,1.44516,0.30093,0.677261,,,4.44132,0.12583,0.084535,999,,,,,,,52.10000000000001,4.0076923076923086,54,4.153846153846154,,,,,,,,,,,,,,,,,,,"Hunter Barco","33174",682995
"Randy Dobnak","KCR",0,0,1.41544,5.25906,4,4,0,0,,20.536,91.674,22.9498,12.78,12,2.31124,8.5955,0.0632814,0.967469,11.279,4.94308,3.76702,1.3122,1.01291,0.123034,0.0937617,0.029272228479385376,0.279498,1.5361,0.301202,0.662861,,,4.845,0.125611,0.0227674,999,,,,,,,63.000000000000014,3.000000000000001,71,3.380952380952381,,,,,,,,,,,,,,,,,,,"Randy Dobnak","23798",677976
"Zac Gallen","ARI",0,0,0.743864,4.43946,2,2,0,0,,10.704,45.7118,10.5826,5.64,5.28,1.33162,3.56556,0.0408486,0.30538,7.70995,6.48258,2.99795,2.16234,1.11964,0.168664,0.0780009,0.09066345542669296,0.252924,1.32176,0.282047,0.692627,,,4.34495,0.125603,0.0896067,222.69000244140625,,,,,,,44.50000000000001,4.045454545454546,46,4.181818181818182,,,,,,,,,,,,,,,,,,,"Zac Gallen","19291",668678
"Brad Lord","WSN",0,0,0.70743,4.55344,6,2,0,0.0933,,14.6461,63.6827,14.457,7.95,7.41,1.8634,5.64438,0.163984,0.964614,11.6529,7.1607,3.46847,2.06451,1.14506,0.182984,0.088633,0.09435071796178818,0.253303,1.37247,0.289126,0.694657,,,4.49981,0.125447,0.0970384,999,,,,,,,53.00000000000001,3.5333333333333337,52,3.466666666666667,,,,,,,,,,,,,,,,,,,"Brad Lord","31972",695418
"Roki Sasaki","LAD",0,0,0.354946,3.84147,4,1,0,0.1186,,7.91884,33.3537,6.77871,3.63,3.38,0.855416,3.0123,0.0768554,0.396928,8.18115,9.29812,3.42357,2.71591,0.972206,0.245285,0.090314,0.15497080236673355,0.226376,1.23642,0.283305,0.716945,,,3.71297,0.125222,0.0716881,289.7200012207031,,,,,,,35.7,4.4625,34,4.25,,,,,,,,,,,,,,,,,,,"Roki Sasaki","35323",808963
"Andrew Sears","DET",0,0,0.263571,4.0583,7,1,0,0.1013,,11.3323,48.5893,10.2149,5.49,5.11,1.25579,4.38746,0.268175,0.682422,10.2864,8.16931,3.48446,2.3445,0.997335,0.2117,0.0902967,0.12140367925167084,0.23472,1.28855,0.28017,0.70945,,,4.0507,0.124941,0.131169,999,,,,,,,48.10000000000001,4.372727272727274,47,4.2727272727272725,,,,,,,,,,,,,,,,,,,"Andrew Sears","33664",808825
"Mason Adams","COL",0,0,1.10335,5.24932,6,3,0,0.0942,,18.9796,83.9272,21.1504,11.87,11.07,2.82658,6.40811,0.15306,1.07033,14.6872,6.96456,3.03868,2.29197,1.34035,0.174999,0.0763532,0.09864573925733566,0.276661,1.45201,0.310916,0.664731,,,4.65381,0.123651,-0.0378185,999,,,,,,,58.09999999999999,3.0578947368421048,65,3.4210526315789473,,,,,,,,,,,,,,,,,,,"Mason Adams","31663",690279
"Tobias Myers","NYM",0,0,0.598512,4.66336,6,2,0,0.1097,,13.8184,59.1961,13.7147,7.67,7.16,2.11001,4.44705,0.13306,0.437181,9.92706,6.46557,2.8964,2.23228,1.37426,0.167698,0.075124,0.09257371723651886,0.252518,1.31432,0.274506,0.689896,,,4.69199,0.121502,0.037063,999,,,,,,,50.6,3.6142857142857143,52,3.7142857142857144,,,,,,,,,,,,,,,,,,,"Tobias Myers","22191",668964
"Trevor Megill","MIL",0,0,0,3.32819,10,0,3.582,0.6351,,6.78748,27.9566,5.23102,2.7,2.51,0.691828,2.36406,0.172566,0.222632,8.34338,11.0631,3.13467,3.52926,0.917343,0.29844,0.0845616,0.21387864649295807,0.20619,1.11898,0.277886,0.73871,,,3.09324,0.121379,0.070215,137.6999969482422,,,,,,,60.500000000000014,8.642857142857144,56,8,,,,,,,,,,,,,,,,,,,"Trevor Megill","17722",656730
"Eric Lauer","LAD",0,0,1.08834,4.99867,6,3,0,0.1186,,18.2568,78.7746,18.9056,10.88,10.14,3.21334,5.50393,0.120019,0.619334,13.3684,6.59014,2.71325,2.42887,1.58407,0.169704,0.0698693,0.09983446449041367,0.260224,1.33701,0.279871,0.679506,,,4.91317,0.120104,-0.000545422,720.5399780273438,,,,,,,51.90000000000001,2.883333333333334,56,3.111111111111111,,,,,,,,,,,,,,,,,,,"Eric Lauer","19316",641778
"Garrett Whitlock","BOS",0,0,0,3.26617,10,0,0.344,2.1251,,7.16436,29.3134,5.88199,2.81,2.6,0.675572,1.99956,0.127124,0.31096,7.7848,9.7794,2.51189,3.89324,0.848666,0.265572,0.0682134,0.19735820591449738,0.217829,1.10011,0.280784,0.731219,,,3.10352,0.119887,0.070215,624.97998046875,,,,,,,41.90000000000001,5.9857142857142875,40,5.714285714285714,,,,,,,,,,,,,,,,,,,"Garrett Whitlock","20191",676477
"Erick Fedde","CHW",0,0,0.690889,4.74107,5,2,0,0.0988,,13.3641,58.0462,13.2949,7.5,7.04,1.68435,5.32045,0.106174,0.3501,9.44806,6.36276,3.58304,1.7758,1.13432,0.162768,0.0916589,0.07110908627510071,0.253838,1.39294,0.281515,0.683717,,,4.58081,0.117975,-0.014605,999,,,,,,,40.8,3.1384615384615384,42,3.230769230769231,,,,,,,,,,,,,,,,,,,"Erick Fedde","17425",607200
"Brycen Mautz","STL",0,0,0.269858,4.31996,7,1,0,0.1064,,11.3751,49.5748,11.0587,5.86,5.46,1.13392,4.67044,0.283359,0.590031,10.4067,8.23378,3.69526,2.2282,0.897156,0.209919,0.0942099,0.1157086044549942,0.249552,1.38277,0.302828,0.697878,,,3.93689,0.117293,0.0290306,999,,,,,,,42.50000000000001,3.863636363636364,44,4,,,,,,,,,,,,,,,,,,,"Brycen Mautz","31910",802408
"Adrian Morejon","SDP",0,0,0,3.30072,11,0,0.333,2.2239,,7.47111,30.7898,6.59727,2.97,2.74,0.569849,1.95143,0.188513,0.349196,7.29169,8.78387,2.35078,3.73658,0.686463,0.236822,0.0633792,0.17344249039888382,0.231571,1.14424,0.292202,0.719748,,,3.04676,0.116078,0.0701953,735.8499755859375,,,,,,,37.30000000000001,5.32857142857143,38,5.428571428571429,,,,,,,,,,,,,,,,,,,"Adrian Morejon","20039",670970
"David Bednar","NYY",0,0,0,3.4469,11,0,5.225,0.2484,,8.09424,33.3031,6.41582,3.33,3.1,0.849525,2.73072,0.15822,0.254089,8.80803,9.79367,3.0363,3.22553,0.944589,0.264481,0.0819961,0.18248508125543594,0.211616,1.13001,0.269415,0.730978,,,3.37767,0.114893,0.12449,64.05999755859375,,,,,,,65.30000000000001,8.162500000000001,61,7.625,,,,,,,,,,,,,,,,,,,"David Bednar","19569",670280
"Dax Fulton","MIA",0,0,0.498068,4.67587,6,2,0,0.1047,,13.3387,58.956,13.1697,7.41,6.93,1.32516,6.41139,0.243905,0.653209,10.2438,6.9118,4.32595,1.59776,0.894126,0.173754,0.108749,0.06500504910945892,0.253793,1.46799,0.293745,0.686628,,,4.42781,0.113853,0.0773395,999,,,,,,,49.10000000000001,3.7769230769230777,51,3.923076923076923,,,,,,,,,,,,,,,,,,,"Dax Fulton","27757",690978
"Elmer Rodríguez","NYY",0,0,0.31398,3.91832,6,1,0,0.1087,,10.382,44.705,9.34059,4.85,4.52,0.850111,4.68141,0.176362,0.507892,8.54532,7.40781,4.05825,1.82537,0.736948,0.191149,0.104718,0.08643116056919098,0.236376,1.35061,0.281886,0.714784,,,4.00117,0.112895,0.0771098,748.5700073242188,,,,,,,38.300000000000004,3.8300000000000005,37,3.7,,,,,,,,,,,,,,,,,,,"Elmer Rodriguez","31811",695684
"Andrés Muñoz","SEA",0,0,0,3.21563,10,0,4.666,0.4602,,7.4169,30.8648,5.68193,2.85,2.65,0.622221,3.0031,0.151938,0.485069,9.20255,11.1668,3.6441,3.06435,0.755031,0.298157,0.0972987,0.20085826516151428,0.207547,1.17098,0.288272,0.746748,,,3.10335,0.10998,0.070215,41.189998626708984,,,,,,,57.90000000000001,8.271428571428574,56,8,,,,,,,,,,,,,,,,,,,"Andres Munoz","20373",662253
"Tanner Gordon","COL",0,0,1.24631,5.91811,6,4,0,0.0942,,21.4122,94.7873,25.9745,15.03,14.08,4.36721,5.24084,0.112465,0.624672,16.6197,6.9856,2.20283,3.17119,1.83563,0.175337,0.0552905,0.12004632130265236,0.292105,1.45783,0.318059,0.644802,,,5.00426,0.109169,-0.187265,999,,,,,,,54.60000000000001,2.6000000000000005,69,3.2857142857142856,,,,,,,,,,,,,,,,,,,"Tanner Gordon","27669",685299
"Chad Patrick","MIL",0,0,0.265666,4.5626,10,1,0.147,1.759,,13.6698,59.518,13.0873,7.45,6.93,1.91093,5.61165,0.277345,0.543955,12.8541,8.4629,3.69462,2.2906,1.25813,0.215969,0.094285,0.12168445438146591,0.245252,1.36789,0.289562,0.702021,,,4.37092,0.10857,0.0879533,288.6499938964844,,,,,,,58.20000000000003,4.157142857142859,57,4.071428571428571,,,,,,,,,,,,,,,,,,,"Chad Patrick","30113",694477
"Brent Headrick","NYY",0,0,0,3.47516,10,0,0.348,2.1977,,7.35506,30.3781,5.94844,3.06,2.84,0.859162,2.34035,0.163996,0.249303,8.58802,10.5087,2.86376,3.66955,1.05131,0.282704,0.0770406,0.20566367357969284,0.214062,1.12695,0.277477,0.737908,,,3.32293,0.107575,0.070215,999,,,,,,,43.90000000000001,6.271428571428573,42,6,,,,,,,,,,,,,,,,,,,"Brent Headrick","27702",687396
"Gabe Speier","SEA",0,0,0,3.47045,10,0,0.171,2.0423,,7.4169,30.5057,6.27027,3.09,2.86,0.793322,1.85084,0.155555,0.529734,8.07668,9.80061,2.24589,4.3638,0.962652,0.26476,0.0606718,0.20408770814538002,0.222942,1.09495,0.284441,0.717658,,,3.25884,0.107403,0.070215,999,,,,,,,38.90000000000001,5.557142857142859,37,5.285714285714286,,,,,,,,,,,,,,,,,,,"Gabe Speier","17170",642100
"Didier Fuentes","ATL",0,0,0,3.89655,10,0,0,2.2485,,7.59904,32.266,6.80722,3.55,3.29,0.862563,2.61508,0.249867,0.324201,8.53481,10.1083,3.0972,3.26369,1.02159,0.264514,0.0810475,0.18346624821424484,0.232117,1.23993,0.298286,0.714852,,,3.47309,0.106457,0.0216871,600.4400024414062,,,,,,,45.7,5.7125,44,5.5,,,,,,,,,,,,,,,,,,,"Didier Fuentes","30661",800311
"Aaron Ashby","MIL",0,0,0,3.08276,11,0,0.294,2.3174,,7.50301,31.8021,5.75506,2.77,2.57,0.460613,3.77666,0.141288,0.482498,8.90386,10.6803,4.53018,2.3576,0.552513,0.279977,0.118755,0.16122209280729294,0.208949,1.27039,0.291249,0.760867,,,3.21101,0.10566,0.12449,999,,,,,,,57.6,7.2,54,6.75,,,,,,,,,,,,,,,,,,,"Aaron Ashby","23550",676879
"Tanner Scott","LAD",0,0,0,3.13831,10,0,4.783,0.7004,,5.76425,23.5789,4.50366,2.16,2.01,0.552779,1.74746,0.142396,0.312448,6.79788,10.6139,2.7284,3.89014,0.863081,0.288304,0.0741115,0.21419236809015274,0.209288,1.08446,0.278853,0.746932,,,3.04348,0.105634,0.119132,712.8099975585938,,,,,,,56.10000000000001,9.350000000000001,54,9,,,,,,,,,,,,,,,,,,,"Tanner Scott","17586",656945
"Brady Singer","CIN",0,0,2.13183,5.351,5,5,0,0,,27.735,123.065,28.5077,17.57,16.49,4.594,11.3602,0.111095,2.562,21.9992,7.13872,3.68637,1.93652,1.49075,0.17876,0.09231,0.08644981682300568,0.261195,1.43746,0.289687,0.666877,,,5.1562,0.102956,-0.029891,388.25,,,,,,,72.30000000000001,2.5821428571428577,77,2.75,,,,,,,,,,,,,,,,,,,"Brady Singer","25377",663903
"Tyler Holton","DET",0,0,0,3.34281,10,0,0.461,2.2344,,7.56549,30.9807,6.60767,3.03,2.81,0.694045,1.87817,0.0987504,0.248583,6.18117,7.35319,2.2343,3.29105,0.825645,0.199517,0.0606241,0.13889284059405327,0.229005,1.12165,0.269062,0.726073,,,3.48525,0.101942,0.124566,999,,,,,,,42.7,5.3375,41,5.125,,,,,,,,,,,,,,,,,,,"Tyler Holton","26231",663947
"Ryne Nelson","ARI",0,0,0.384531,4.27173,5,1,0,0.103,,9.1017,38.432,8.61229,4.62,4.32,1.25698,2.61251,0.114146,0.288299,7.36003,7.27779,2.58332,2.81722,1.24293,0.191508,0.0679775,0.12353027611970901,0.242387,1.23326,0.273287,0.697811,,,4.21756,0.101812,0.0237127,251.42999267578125,,,,,,,35.90000000000001,3.9888888888888903,37,4.111111111111111,,,,,,,,,,,,,,,,,,,"Ryne Nelson","26253",669194
"Eduardo Rivera","BOS",0,0,0.341003,3.99416,5,1,0,0.1085,,9.44129,40.532,8.22544,4.5,4.19,0.957324,4.33977,0.165364,0.459818,8.64907,8.24481,4.13693,1.99298,0.912578,0.213389,0.10707,0.10631830990314484,0.230195,1.33088,0.278194,0.718507,,,4.09443,0.101538,0.125867,999,,,,,,,39.500000000000014,4.38888888888889,38,4.222222222222222,,,,,,,,,,,,,,,,,,,"Eduardo Rivera","31280",700842
"Jack Leiter","TEX",0,0,0.429052,4.17919,5,1,0,0.1002,,9.58319,40.8749,8.27987,4.76,4.45,1.1956,4.02635,0.0930837,0.429796,8.47376,7.95808,3.78132,2.10458,1.12284,0.207309,0.0985041,0.10880538076162338,0.227352,1.28415,0.264838,0.70974,,,4.33177,0.10093,0.0826657,230.7100067138672,,,,,,,44.900000000000006,4.49,41,4.1,,,,,,,,,,,,,,,,,,,"Jack Leiter","30146",683004
"Orion Kerkering","PHI",0,0,0,3.72351,10,0,0.16,2.3418,,8.87065,37.4832,7.63983,3.94,3.67,0.852165,3.24779,0.189458,0.481999,8.52919,8.65356,3.29515,2.62615,0.864591,0.227547,0.0866467,0.14090050011873245,0.226343,1.22738,0.278502,0.716649,,,3.67059,0.100351,0.0756427,999,,,,,,,50.500000000000014,5.6111111111111125,49,5.444444444444445,,,,,,,,,,,,,,,,,,,"Orion Kerkering","31776",689147
"Ryan Feltner","COL",0,0,1.2998,5.90066,4,4,0,0,,19.508,88.27,21.8917,13.6,12.79,2.97518,8.89174,0.0581276,0.748173,14.1262,6.51712,4.1022,1.58869,1.3726,0.160034,0.100733,0.059300631284713745,0.278414,1.57799,0.307442,0.645553,,,5.10021,0.0997296,-0.125966,999,,,,,,,51.89999999999999,2.5949999999999998,59,2.95,,,,,,,,,,,,,,,,,,,"Ryan Feltner","21446",663372
"Garrett Cleavinger","TBR",0,0,0,3.5272,10,0,0.393,2.7442,,7.75687,32.3705,6.18018,3.27,3.04,0.810937,2.68727,0.0988102,0.673117,8.93415,10.366,3.11794,3.32462,0.9409,0.275997,0.0830161,0.19298073649406433,0.213035,1.14317,0.278704,0.72392,,,3.43853,0.0997281,0.124566,505.4800109863281,,,,,,,49.300000000000004,6.1625000000000005,45,5.625,,,,,,,,,,,,,,,,,,,"Garrett Cleavinger","17897",664076
"Matt Wilkinson","SFG",0,0,0.804086,5.12489,4,3,0,0.1047,,15.2081,66.6462,15.6433,9.26,8.66,2.55417,5.72727,0.10237,0.619894,12.1252,7.17556,3.38933,2.1171,1.51153,0.181934,0.0859355,0.09599847346544266,0.259429,1.40521,0.286919,0.680571,,,4.92417,0.0992172,0.0321856,999,,,,,,,35.49999999999999,2.3666666666666663,39,2.6,,,,,,,,,,,,,,,,,,,"Matt Wilkinson","33760",683363
"Pete Hansen","STL",0,0,0.186441,4.38063,4,1,0,0,,7.56055,32.7362,7.82382,3.96,3.68,0.815928,2.47352,0.15474,0.281404,5.9212,7.04854,2.94445,2.39384,0.971273,0.180876,0.0755592,0.10531727969646454,0.260957,1.36198,0.301491,0.692224,,,4.01311,0.0979601,0.0716881,999,,,,,,,32.10000000000001,4.012500000000001,33,4.125,,,,,,,,,,,,,,,,,,,"Pete Hansen","sa3020798",677337
"Slade Cecconi","CLE",0,0,0.263571,4.23516,7,1,0,0.1191,,10.4766,44.5566,10.1647,5.3,4.93,1.31366,3.17561,0.139504,0.410154,8.18059,7.0276,2.72803,2.57607,1.12851,0.1836,0.0712713,0.11232846230268478,0.248096,1.27334,0.281194,0.699085,,,4.17854,0.0975762,0.0725641,584.5599975585938,,,,,,,42.7,4.2700000000000005,44,4.4,,,,,,,,,,,,,,,,,,,"Slade Cecconi","27500",677944
"AJ Smith-Shawver","ATL",0,0,0.269625,4.5828,8,1,0,0.1108,,12.4116,53.8079,11.2311,6.76,6.32,1.61775,5.55548,0.31421,0.542235,11.7545,8.5235,4.02842,2.11584,1.17308,0.218453,0.103247,0.1152067482471466,0.235402,1.35248,0.279962,0.690453,,,4.35756,0.0973528,-0.0186318,999,,,,,,,38.600000000000016,3.216666666666668,37,3.0833333333333335,,,,,,,,,,,,,,,,,,,"AJ Smith-Shawver","29960",700363
"Andre Pallante","STL",0,0,0.394564,4.15535,1,1,0,0,,5.523,23.6586,5.62529,2.74,2.55,0.455708,1.9177,0.0170681,0.167846,3.81468,6.21621,3.12498,1.9892,0.742598,0.161239,0.0810572,0.08018163591623306,0.260755,1.36574,0.298774,0.695581,,,3.90745,0.0967835,0.0762686,999,,,,,,,30.800000000000004,5.133333333333334,32,5.333333333333333,,,,,,,,,,,,,,,,,,,"Andre Pallante","26108",669467
"Bryan Abreu","HOU",0,0,0,3.52625,10,0,0.363,2.0876,,6.8146,28.7619,5.26175,2.86,2.67,0.659492,3.21106,0.0655518,0.268917,8.60619,11.3661,4.24082,2.68018,0.870987,0.299222,0.111643,0.18757902085781097,0.208122,1.24333,0.287348,0.743465,,,3.34764,0.0965885,0.070215,181.6999969482422,,,,,,,43.500000000000014,6.214285714285716,39,5.571428571428571,,,,,,,,,,,,,,,,,,,"Bryan Abreu","16609",650556
"Mike Burrows","HOU",0,0,0.766094,4.81519,5,2,0,0.1066,,13.8125,59.8563,13.7282,7.9,7.39,2.14984,5.08654,0.109386,0.607175,10.8755,7.08627,3.31429,2.1381,1.4008,0.181694,0.0849792,0.09671438485383987,0.253463,1.36215,0.281457,0.69059,,,4.76864,0.0965094,0.0449835,237.9499969482422,,,,,,,46.6,3.3285714285714287,48,3.4285714285714284,,,,,,,,,,,,,,,,,,,"Mike Burrows","24728",681347
"Gregory Soto","PIT",0,0,0,3.69806,10,0,0.912,1.8685,,7.52017,32.3916,6.6181,3.33,3.09,0.539008,2.98407,0.156827,0.884004,7.85631,9.40229,3.57128,2.63275,0.645075,0.242542,0.0921249,0.15041687339544296,0.232023,1.27686,0.302019,0.708915,,,3.46882,0.0957714,0.124566,728.4099731445312,,,,,,,45.7,5.7125,44,5.5,,,,,,,,,,,,,,,,,,,"Gregory Soto","19677",642397
"Alex Vesia","LAD",0,0,0,3.26322,10,0,0.189,2.2581,,5.76425,23.4565,4.00203,2.25,2.09,0.712887,2.15507,0.152386,0.236272,7.06541,11.0316,3.36482,3.2785,1.11307,0.301214,0.0918754,0.20933813601732254,0.189984,1.06815,0.247549,0.757328,,,3.48424,0.0930247,0.119132,743.4199829101562,,,,,,,37.70000000000001,6.283333333333335,33,5.5,,,,,,,,,,,,,,,,,,,"Alex Vesia","25007",681911
"Raisel Iglesias","ATL",0,0,0,3.90193,11,0,4.55,0.4219,,8.34971,35.0372,7.7473,3.9,3.62,0.969904,2.31889,0.213979,0.293111,8.12244,8.75502,2.49948,3.50273,1.04544,0.231823,0.0661836,0.16563979536294937,0.238929,1.20557,0.290466,0.70808,,,3.58636,0.0929937,0.021687,100.62000274658203,,,,,,,61.10000000000001,7.637500000000001,62,7.75,,,,,,,,,,,,,,,,,,,"Raisel Iglesias","17130",628452
"Camilo Doval","PIT",0,0,0,3.56294,9,0,0,1.6696,,6.76969,28.9415,5.66156,2.88,2.68,0.436443,3.08681,0.157078,0.447804,7.16893,9.53078,4.10378,2.32244,0.580231,0.247705,0.106657,0.14104755222797394,0.222836,1.29228,0.293521,0.721165,,,3.36989,0.0924686,0.0702392,663.6500244140625,,,,,,,49.20000000000001,7.02857142857143,48,6.857142857142857,,,,,,,,,,,,,,,,,,,"Camilo Doval","21992",666808
"Trey Yesavage","TOR",0,0,0.409579,4.08218,1,1,0,0,,5.622,23.7677,4.68116,2.72,2.55,0.779384,2.43803,0.0156845,0.168776,5.65875,9.05884,3.90293,2.32104,1.24768,0.238086,0.102577,0.1355084702372551,0.221218,1.26631,0.265017,0.729786,,,4.26353,0.0917485,0.0762686,194.2899932861328,,,,,,,25.10000000000001,4.1833333333333345,23,3.8333333333333335,,,,,,,,,,,,,,,,,,,"Trey Yesavage","35456",702056
"Logan Allen","CLE",0,0,0.264968,4.33824,7,1,0,0.1191,,10.4766,45.3125,9.9949,5.46,5.05,1.30999,4.14122,0.225346,0.480397,9.2519,7.94792,3.55755,2.2341,1.12536,0.20418,0.0913925,0.11278758198022842,0.24563,1.34931,0.288258,0.705253,,,4.26609,0.08996,0.0725641,999,,,,,,,41.7,4.17,43,4.3,,,,,,,,,,,,,,,,,,,"Logan Allen","27589",671106
"Seranthony Domínguez","SEA",0,0,0,3.54446,9,0,0,1.9681,,6.70342,28.3241,5.11265,2.84,2.64,0.631437,3.1767,0.0989547,0.411983,7.98845,10.7253,4.26503,2.5147,0.847766,0.282037,0.112155,0.1698816791176796,0.206693,1.23658,0.278067,0.735868,,,3.53057,0.0897212,0.0702392,194.19000244140625,,,,,,,41.500000000000014,5.928571428571431,37,5.285714285714286,,,,,,,,,,,,,,,,,,,"Seranthony Dominguez","19249",622554
"José Alvarado","PHI",0,0,0,3.92554,9,0,0,1.8284,,8.00144,34.6404,7.29022,3.78,3.49,0.632089,3.50649,0.161797,0.528205,8.39427,9.44185,3.94409,2.39392,0.710972,0.242326,0.101225,0.14110048115253448,0.238198,1.34935,0.308542,0.707916,,,3.52487,0.0895558,0.0216871,746.0700073242188,,,,,,,37.7,4.7125,36,4.5,,,,,,,,,,,,,,,,,,,"Jose Alvarado","17780",621237
"José A. Ferrer","SEA",0,0,0,3.77473,11,0,0.683,2.0599,,8.13038,34.486,8.06946,3.7,3.41,0.652775,2.24921,0.160263,0.556632,7.0313,7.78336,2.48978,3.12612,0.722596,0.203889,0.065221,0.13866760581731796,0.254717,1.26915,0.309079,0.703755,,,3.43279,0.0890917,0.021687,999,,,,,,,44.10000000000001,5.512500000000001,45,5.625,,,,,,,,,,,,,,,,,,,"Jose A. Ferrer","24017",678606
"Andrew Morris","MIN",0,0,0,3.69254,10,0,0.159,2.0209,,6.4346,27.2061,6.02143,2.84,2.64,0.491222,1.94868,0.165962,0.281497,5.78029,8.08483,2.72559,2.96626,0.687067,0.212463,0.0716265,0.1408364474773407,0.241089,1.23863,0.295663,0.704453,,,3.31894,0.0886547,0.0162652,999,,,,,,,42.800000000000004,7.133333333333334,44,7.333333333333333,,,,,,,,,,,,,,,,,,,"Andrew Morris","31891",702193
"José Urquidy","CHW",0,0,0.228775,4.39309,4,1,0,0.0988,,7.58009,32.1889,7.26469,3.96,3.7,1.02742,2.24021,0.0894151,0.36302,5.60956,6.66035,2.65985,2.50403,1.21988,0.17427,0.0695958,0.10467427968978882,0.245548,1.25393,0.271792,0.687398,,,4.39562,0.0881074,0.0716881,999,,,,,,,34.7,4.3375,33,4.125,,,,,,,,,,,,,,,,,,,"Jose Urquidy","18413",664353
"Luke Weaver","PIT",0,0,0,3.8656,10,0,2.938,0.9715,,7.52017,31.6314,6.56591,3.48,3.23,0.884664,2.57972,0.124081,0.203609,7.42188,8.88236,3.08736,2.87701,1.05875,0.234637,0.0815558,0.15308087319135666,0.227604,1.21615,0.276574,0.716524,,,3.74915,0.0855174,0.124566,733.510009765625,,,,,,,52.7,6.5875,51,6.375,,,,,,,,,,,,,,,,,,,"Luke Weaver","16918",596133
"A.J. Minter","MIN",0,0,0,3.84639,10,0,0.318,2.4172,,6.4346,27.1867,5.57844,2.96,2.75,0.619924,2.26538,0.1368,0.358006,6.63494,9.28022,3.16856,2.92885,0.867081,0.244051,0.0833265,0.16072435677051544,0.227104,1.21901,0.286479,0.700096,,,3.49664,0.0829469,0.0162652,999,,,,,,,32.50000000000001,5.416666666666668,33,5.5,,,,,,,,,,,,,,,,,,,"A.J. Minter","18655",621345
"Tommy Nance","MIN",0,0,0,3.65386,9,0,0,1.9475,,6.01008,25.3459,5.41054,2.62,2.44,0.473817,2.05527,0.124458,0.265557,6.05578,9.06844,3.07773,2.94647,0.709533,0.238926,0.0810888,0.1578366979956627,0.234985,1.24221,0.299277,0.71236,,,3.2515,0.0828994,0.0162652,999,,,,,,,45.400000000000006,7.566666666666667,44,7.333333333333333,,,,,,,,,,,,,,,,,,,"Tommy Nance","19178",667297
"Mason Molina","STL",0,0,0.244489,4.48141,1,1,0,0,,4.599,19.8708,4.46051,2.45,2.29,0.548442,1.72806,0.0139773,0.219845,3.974,7.77691,3.38172,2.2997,1.07327,0.199993,0.0869648,0.11302775144577026,0.248873,1.34563,0.291936,0.689677,,,4.17609,0.0828256,0.116762,999,,,,,,,16.299999999999997,3.2599999999999993,14,2.8,,,,,,,,,,,,,,,,,,,"Mason Molina","sa3025586",695766
"Jovani Morán","BOS",0,0,0,3.58456,9,0,0,1.6409,,6.5782,27.8264,5.13953,2.82,2.62,0.602034,3.09174,0.149678,0.285415,7.01038,9.59128,4.22998,2.26745,0.823675,0.251932,0.111108,0.14082418382167816,0.210212,1.25129,0.269498,0.732399,,,3.68187,0.0809847,0.0702392,999,,,,,,,39.500000000000014,5.642857142857145,35,5,,,,,,,,,,,,,,,,,,,"Jovani Moran","20422",663558
"Khristian Curtis","PIT",0,0,0.204629,4.63021,5,1,0,0.0925,,8.66916,38.1089,8.40742,4.78,4.46,1.04393,3.89892,0.174587,0.422738,7.59522,7.88508,4.04772,1.94803,1.08376,0.199303,0.10231,0.09699302166700363,0.248834,1.41955,0.292805,0.694002,,,4.39209,0.0804052,0.0237127,999,,,,,,,37.500000000000014,4.166666666666668,36,4,,,,,,,,,,,,,,,,,,,"Khristian Curtis","33865",694753
"Hancel Rincon","STL",0,0,0,3.48554,7,0,0,0,,5.37077,22.3146,4.70295,2.25,2.08,0.506777,1.47005,0.208729,0.22909,5.12463,8.58754,2.46341,3.48603,0.849226,0.229653,0.0658781,0.16377516090869904,0.228127,1.14937,0.280042,0.718036,,,3.35078,0.0793484,0.0648782,999,,,,,,,18.7,3.7399999999999998,19,3.8,,,,,,,,,,,,,,,,,,,"Hancel Rincon","sa3009629",684516
"Jesse Scholtens","TBR",0,0,0.267064,4.63858,8,1,0,0.1205,,12.5728,54.4311,12.3731,6.96,6.48,1.77391,4.60461,0.352461,0.480544,9.60912,6.87849,3.29612,2.08685,1.26982,0.176537,0.0845952,0.09194205701351166,0.250742,1.35035,0.279199,0.691151,,,4.60235,0.0786646,0.0385832,999,,,,,,,45.39999999999999,3.4923076923076914,44,3.3846153846153846,,,,,,,,,,,,,,,,,,,"Jesse Scholtens","19205",669947
"Edward Cabrera","CHC",0,0,0.409975,4.27035,6,1,0,0.1005,,10.327,44.1949,8.9256,5.26,4.9,1.22621,4.72632,0.10708,0.500977,9.5626,8.33381,4.11899,2.02327,1.06864,0.216374,0.106943,0.10943093150854111,0.229052,1.32196,0.273234,0.703122,,,4.29352,0.0783061,0.0771098,174.72000122070312,,,,,,,40.300000000000004,4.03,39,3.9,,,,,,,,,,,,,,,,,,,"Edward Cabrera","21690",665795
"Kyle Freeland","COL",0,0,0.701361,5.57067,2,2,0,0,,10.146,44.8809,11.8282,6.77,6.28,1.73968,2.84161,0.0424255,0.535554,7.55019,6.69739,2.52065,2.65701,1.54318,0.168227,0.0633144,0.10491270571947098,0.284992,1.44587,0.313174,0.645712,,,4.82266,0.0775929,-0.0629829,999,,,,,,,22.2,2.2199999999999998,28,2.8,,,,,,,,,,,,,,,,,,,"Kyle Freeland","16256",607536
"Tyler Kinley","DET",0,0,0,3.78297,10,0,0,1.8596,,7.56549,31.8987,6.20958,3.42,3.18,0.811157,2.98335,0.149508,0.384633,7.34161,8.73368,3.54903,2.46086,0.964963,0.230154,0.0935259,0.13662831485271454,0.217646,1.21511,0.264915,0.716483,,,3.87191,0.0772905,0.124566,999,,,,,,,44.300000000000004,5.5375000000000005,40,5,,,,,,,,,,,,,,,,,,,"Tyler Kinley","18297",641755
"Javier Assad","CHC",0,0,0.326246,4.41779,6,1,0,0.1005,,9.79902,42.2672,9.61085,5.17,4.81,1.10157,3.79923,0.107116,0.370044,7.29596,6.70105,3.48944,1.92038,1.01174,0.172615,0.0898859,0.08272925764322281,0.252267,1.36851,0.286504,0.694317,,,4.33208,0.0772341,0.0771098,999,,,,,,,37.7,3.7700000000000005,39,3.9,,,,,,,,,,,,,,,,,,,"Javier Assad","21741",665871
"Garrett Crochet","BOS",0,0,0,3.07835,4,0,0,0.1085,,3.65456,14.9638,2.91763,1.35,1.25,0.302033,1.15344,0.111077,0.142787,4.2384,10.4378,2.84056,3.67457,0.74381,0.283244,0.0770823,0.20616153627634048,0.213471,1.11397,0.286574,0.745862,,,2.9023,0.0762135,0.114939,12.239999771118164,,,,,,,26.8,6.7,25,6.25,,,,,,,,,,,,,,,,,,,"Garrett Crochet","27463",676979
"Jeff Hoffman","MIN",0,0,0,3.77646,10,0,1.377,1.6361,,6.4346,27.1163,5.24189,2.9,2.7,0.677053,2.47042,0.118984,0.419281,7.20769,10.0813,3.45536,2.91759,0.946987,0.265807,0.0911049,0.17470214515924454,0.21637,1.19857,0.279335,0.711414,,,3.5582,0.0758247,0.0162652,99.63999938964844,,,,,,,40.10000000000001,6.6833333333333345,38,6.333333333333333,,,,,,,,,,,,,,,,,,,"Jeff Hoffman","17432",656546
"Louis Varland","TOR",0,0,0,3.68403,10,0,4.872,0.3163,,6.35174,26.6061,5.68645,2.8,2.6,0.701104,2.01179,0.127613,0.194148,6.79283,9.625,2.85057,3.37651,0.993419,0.255311,0.0756138,0.17969723790884018,0.233049,1.21199,0.294882,0.729263,,,3.4213,0.0755238,0.0162652,999,,,,,,,49.50000000000001,8.250000000000002,50,8.333333333333334,,,,,,,,,,,,,,,,,,,"Louis Varland","27691",686973
"Manuel Rodríguez","TBR",0,0,0,3.49234,9,0,0.196,1.7351,,6.98385,29.1715,6.01102,2.91,2.71,0.623616,2.35302,0.182134,0.389788,6.34304,8.1742,3.0323,2.69571,0.803647,0.217439,0.0806613,0.13677801191806793,0.227443,1.19763,0.276816,0.728081,,,3.6059,0.0754792,0.0702392,999,,,,,,,37.9,5.414285714285714,36,5.142857142857143,,,,,,,,,,,,,,,,,,,"Manuel Rodriguez","20794",655889
"Will Dion","WSN",0,0,0,3.77599,9,0,0.325,2.0917,,6.55457,27.7935,5.7837,2.96,2.75,0.648854,2.43067,0.162852,0.2021,6.52536,8.95989,3.33753,2.68459,0.890934,0.23478,0.0874546,0.1473250389099121,0.22987,1.25323,0.285482,0.719188,,,3.58419,0.0749393,0.0702392,999,,,,,,,39.90000000000001,5.700000000000002,38,5.428571428571429,,,,,,,,,,,,,,,,,,,"Will Dion","30061",702021
"Jonathan Santucci","NYM",0,0,0.292295,4.29445,1,1,0,0,,4.904,21.1246,4.71058,2.51,2.34,0.551003,1.95069,0.0153057,0.186578,4.26829,7.83332,3.57998,2.18809,1.01122,0.202053,0.0923422,0.10971071571111679,0.24809,1.35833,0.293588,0.704816,,,4.11074,0.0745016,0.0142786,999,,,,,,,13.7,2.7399999999999998,14,2.8,,,,,,,,,,,,,,,,,,,"Jonathan Santucci","sa3041559",695558
"Jacob Latz","TEX",0,0,0,3.54718,11,0,4.445,0.3816,,7.00275,29.2985,5.43101,2.97,2.76,0.715774,3.04877,0.182567,0.177466,6.83302,8.78186,3.9183,2.24124,0.91992,0.233221,0.104059,0.129162035882473,0.208306,1.21092,0.254555,0.736828,,,3.84274,0.0740933,0.0701953,730.9299926757812,,,,,,,51.500000000000014,7.357142857142859,47,6.714285714285714,,,,,,,,,,,,,,,,,,,"Jacob Latz","21306",656641
"Bryan Baker","TBR",0,0,0,3.94612,11,0,5.174,0.6421,,8.52989,35.9242,7.17779,4.01,3.74,1.07016,3.3278,0.166693,0.227494,8.40423,8.86742,3.5112,2.52547,1.12914,0.233943,0.0926337,0.14130952954292297,0.221749,1.23162,0.266772,0.721142,,,3.99422,0.0738104,0.0756224,999,,,,,,,72.10000000000001,8.011111111111113,68,7.555555555555555,,,,,,,,,,,,,,,,,,,"Bryan Baker","19804",641329
"Eduard Bazardo","SEA",0,0,0,4.04077,10,0,0.171,2.5207,,7.4169,31.4629,6.99835,3.59,3.33,0.815536,2.42285,0.126139,0.230455,7.01597,8.51349,2.93999,2.89575,0.989608,0.222992,0.0770065,0.14598550647497177,0.242918,1.27023,0.294728,0.704298,,,3.69412,0.0737194,-0.0318721,999,,,,,,,41.30000000000001,5.900000000000001,42,6,,,,,,,,,,,,,,,,,,,"Eduard Bazardo","20997",660825
"Matt Waldron","WSN",0,0,0.739291,5.32812,6,2,0,0.0933,,14.6281,64.8219,15.5848,9.24,8.66,2.27529,5.35253,0.180304,1.0551,10.8035,6.64689,3.29317,2.01839,1.39989,0.166664,0.0825728,0.084090955555439,0.266798,1.43132,0.293579,0.658934,,,4.94244,0.0735602,-0.00259485,999,,,,,,,48.800000000000004,3.2533333333333334,53,3.533333333333333,,,,,,,,,,,,,,,,,,,"Matt Waldron","25550",663362
"Connelly Early","WSN",0,0,0.387841,4.22543,1,1,0,0,,5.474,23.2613,5.09126,2.76,2.57,0.735493,1.85776,0.0169051,0.310155,5.05875,8.31727,3.05441,2.72303,1.20925,0.217475,0.0798649,0.13760970532894135,0.241368,1.26946,0.284706,0.707685,,,4.16989,0.0733833,0.0142786,266.4800109863281,,,,,,,15.7,3.1399999999999997,16,3.2,,,,,,,,,,,,,,,,,,,"Connelly Early","33666",813349
"Luke Murphy","LAA",0,0,0,4.05228,9,0,0.158,1.623,,7.64015,32.8713,6.76153,3.7,3.44,0.799198,3.12277,0.159953,0.52509,7.59981,8.95248,3.67859,2.43367,0.941445,0.231199,0.095,0.13619901984930038,0.231374,1.29373,0.286314,0.705534,,,3.88616,0.0723492,0.0216871,999,,,,,,,40.7,5.0875,39,4.875,,,,,,,,,,,,,,,,,,,"Luke Murphy","29952",684665
"Sammy Peralta","LAA",0,0,0,4.00516,9,0,0,1.1734,,7.64015,32.641,7.19947,3.67,3.4,0.806866,2.43234,0.239574,0.449341,6.7257,7.92279,2.86527,2.76511,0.950479,0.206051,0.0745181,0.1315327063202858,0.241924,1.26068,0.287609,0.701208,,,3.82718,0.0713564,0.0216871,999,,,,,,,40.7,5.0875,39,4.875,,,,,,,,,,,,,,,,,,,"Sammy Peralta","25589",671111
"Jonathan Cannon","CHW",0,0,0.270557,4.68225,7,1,0,0.0988,,10.8602,47.0535,10.5935,6.06,5.65,1.53493,3.91062,0.202381,0.579967,8.5735,7.105,3.2408,2.19236,1.27202,0.182208,0.0831102,0.09909738600254059,0.248891,1.33554,0.279117,0.683446,,,4.58231,0.0702918,0.0290306,999,,,,,,,31.200000000000003,2.8363636363636364,32,2.909090909090909,,,,,,,,,,,,,,,,,,,"Jonathan Cannon","31730",686563
"Ryne Stanek","STL",0,0,0,4.00129,9,0,0.508,2.3087,,6.90527,29.6468,6.0056,3.3,3.07,0.759039,3.04195,0.136414,0.185642,7.16393,9.33712,3.96473,2.35504,0.989295,0.241642,0.102606,0.13903599232435226,0.227319,1.31024,0.283655,0.719803,,,3.83966,0.0698094,0.0702392,745.9000244140625,,,,,,,41.90000000000001,5.9857142857142875,40,5.714285714285714,,,,,,,,,,,,,,,,,,,"Ryne Stanek","15947",592773
"Colin Rea","CHC",0,0,0.264036,4.38897,7,1,0,0.1005,,10.376,44.333,9.85212,5.45,5.06,1.38136,3.74085,0.115408,0.399198,8.29662,7.19636,3.24475,2.21784,1.19817,0.187143,0.0843806,0.1027623862028122,0.24512,1.31004,0.277593,0.698424,,,4.41187,0.0693688,0.0725641,748.260009765625,,,,,,,39.7,3.97,41,4.1,,,,,,,,,,,,,,,,,,,"Colin Rea","12317",607067
"Andrew Kittredge","BAL",0,0,0,3.75766,10,0,1.931,1.3881,,6.73026,27.9447,6.23734,3.03,2.81,0.700013,1.82208,0.112505,0.147929,5.75976,7.70221,2.43657,3.16109,0.936089,0.206113,0.0652032,0.14090963453054428,0.240131,1.19749,0.283748,0.71043,,,3.60202,0.0692683,0.070215,745.8499755859375,,,,,,,43.9,6.271428571428571,42,6,,,,,,,,,,,,,,,,,,,"Andrew Kittredge","12828",552640
"Dylan Dodd","ATL",0,0,0,4.29923,10,0,0,2.0685,,7.59904,32.4215,7.44303,3.91,3.63,0.943722,2.25582,0.168293,0.337423,7.24994,8.58654,2.6717,3.21388,1.11771,0.223615,0.069578,0.15403735637664795,0.24953,1.27633,0.300413,0.690988,,,3.81348,0.0689886,0.0216871,999,,,,,,,44.7,5.5875,43,5.375,,,,,,,,,,,,,,,,,,,"Dylan Dodd","29928",689266
"Spencer Miles","TOR",0,0,0,3.72654,10,0,0.166,2.405,,6.35174,26.5904,5.72361,2.83,2.63,0.613367,1.87057,0.121135,0.382825,5.84684,8.28459,2.65048,3.1257,0.869102,0.219886,0.0703476,0.14953789860010147,0.235182,1.19561,0.28586,0.707328,,,3.56201,0.0677843,0.0162652,999,,,,,,,30.500000000000007,5.083333333333335,31,5.166666666666667,,,,,,,,,,,,,,,,,,,"Spencer Miles","31621",693686
"Kevin Kelly","TBR",0,0,0,4.22045,11,0,0.393,2.397,,8.52989,36.1553,8.61944,4.31,4,0.944811,2.05348,0.192411,0.507566,6.48791,6.84548,2.16666,3.15947,0.996882,0.179446,0.0567961,0.12264945730566978,0.256575,1.25124,0.293356,0.680513,,,3.90281,0.0676548,0.0756224,999,,,,,,,41.90000000000001,4.655555555555557,43,4.777777777777778,,,,,,,,,,,,,,,,,,,"Kevin Kelly","25679",687330
"Sean Newcomb","CHW",0,0,0,3.93231,11,0,1.002,1.7145,,7.48414,31.8516,6.84164,3.53,3.27,0.759848,2.61499,0.166602,0.416012,6.95537,8.36413,3.14463,2.65981,0.913749,0.218368,0.0820991,0.13626903295516968,0.237387,1.26356,0.288164,0.706153,,,3.75949,0.067235,-0.0318879,999,,,,,,,39.30000000000001,5.614285714285716,40,5.714285714285714,,,,,,,,,,,,,,,,,,,"Sean Newcomb","16943",656794
"Yohan Ramírez","PIT",0,0,0,4.00166,9,0,0.152,1.7917,,6.76969,29.3152,5.91648,3.24,3.01,0.644132,2.85349,0.210199,0.697918,7.20725,9.58171,3.79358,2.52577,0.856345,0.245853,0.097338,0.14851538836956024,0.229643,1.29547,0.29434,0.702826,,,3.76484,0.0669819,0.0702392,999,,,,,,,33.90000000000001,4.842857142857144,32,4.571428571428571,,,,,,,,,,,,,,,,,,,"Yohan Ramirez","19444",670990
"Tyler Wells","TBR",0,0,0,3.87527,10,0,0.196,2.2944,,7.75687,31.978,6.37386,3.58,3.34,1.19963,2.24692,0.182534,0.320368,7.30461,8.47526,2.60701,3.25095,1.39188,0.228426,0.0702644,0.158161498606205,0.216719,1.11137,0.247494,0.726201,,,4.20338,0.0669782,0.0216871,748.469970703125,,,,,,,47.300000000000004,5.9125000000000005,43,5.375,,,,,,,,,,,,,,,,,,,"Tyler Wells","20000",669330
"Hunter Gaddis","CLE",0,0,0,3.73524,11,0,0.36,2.4436,,6.81884,28.5359,5.81397,3.05,2.83,0.797138,2.2544,0.097114,0.324801,6.2221,8.21237,2.97552,2.75998,1.05212,0.218045,0.0790023,0.13904231041669846,0.223987,1.18325,0.264916,0.721821,,,3.91286,0.0669664,0.0701953,999,,,,,,,37.9,5.414285714285714,36,5.142857142857143,,,,,,,,,,,,,,,,,,,"Hunter Gaddis","25636",683769
"Riley O'Brien","STL",0,0,0,3.96609,10,0,4.628,0.4788,,7.67002,33.4956,6.95664,3.64,3.38,0.578398,3.39365,0.216324,0.884932,7.57025,8.88293,3.9821,2.23071,0.678692,0.226007,0.101316,0.12469100207090378,0.238102,1.34945,0.30274,0.703345,,,3.7632,0.0668696,0.0216871,264.0400085449219,,,,,,,57.7,7.2125,56,7,,,,,,,,,,,,,,,,,,,"Riley O'Brien","20348",676617
"JoJo Romero","MIL",0,0,0,3.50614,8,0,0,0.9938,,5.72424,24.0832,4.90728,2.4,2.23,0.514815,2.14545,0.115638,0.278906,5.77853,9.08535,3.37321,2.69338,0.809423,0.23994,0.0890849,0.15085480362176895,0.226571,1.23208,0.285865,0.734798,,,3.50413,0.0668456,0.11934,479.0799865722656,,,,,,,29.10000000000001,4.850000000000001,27,4.5,,,,,,,,,,,,,,,,,,,"JoJo Romero","19574",668941
"Steven Okert","HOU",0,0,0,4.01491,10,0,0.182,2.5055,,6.8146,28.3111,5.70593,3.27,3.04,1.0446,2.09862,0.105742,0.302209,7.01668,9.26689,2.77164,3.34347,1.3796,0.247842,0.0741273,0.17371492832899094,0.220219,1.14527,0.261154,0.714991,,,4.07373,0.0663072,0.070215,999,,,,,,,43.90000000000001,6.271428571428573,42,6,,,,,,,,,,,,,,,,,,,"Steven Okert","13580",595345
"Caleb Thielbar","CHC",0,0,0,3.61732,9,0,0.175,1.7589,,5.87175,24.2928,4.83076,2.55,2.36,0.689432,1.916,0.115573,0.233669,5.82494,8.92826,2.93678,3.04015,1.05674,0.239781,0.0788712,0.16090933978557587,0.218161,1.14902,0.264981,0.725888,,,3.72401,0.065932,0.0162652,999,,,,,,,33.10000000000001,5.516666666666668,31,5.166666666666667,,,,,,,,,,,,,,,,,,,"Caleb Thielbar","10078",573204
"Caden Dana","LAA",0,0,0.668852,4.97405,6,2,0,0.1086,,14.9637,66.2203,14.3982,8.84,8.27,2.09331,7.25682,0.188563,0.859597,12.4739,7.50249,4.36467,1.71891,1.25904,0.188369,0.109586,0.07878294587135315,0.2478,1.44717,0.282632,0.684402,,,4.86198,0.0656981,-0.00259485,999,,,,,,,50.00000000000001,3.333333333333334,49,3.2666666666666666,,,,,,,,,,,,,,,,,,,"Caden Dana","31508",702674
"Brock Stewart","LAD",0,0,0,3.85653,10,0,0.378,2.6573,,5.76425,24.4239,4.80105,2.65,2.47,0.673716,2.21462,0.142401,0.429778,6.53901,10.2097,3.45779,2.95266,1.05191,0.26773,0.0906742,0.17705576866865158,0.220439,1.2171,0.283339,0.718928,,,3.71024,0.0649845,0.0162652,999,,,,,,,39.10000000000001,6.516666666666668,37,6.166666666666667,,,,,,,,,,,,,,,,,,,"Brock Stewart","16727",592779
"Matt Svanson","STL",0,0,0,3.7341,6,0,0,0.1064,,4.60352,19.7607,4.22496,2.06,1.91,0.34112,1.78765,0.121495,0.267219,4.50061,8.79881,3.49491,2.51761,0.666899,0.227756,0.0904651,0.13729045540094376,0.23862,1.30609,0.301913,0.714107,,,3.43048,0.0648265,0.0649288,528.7999877929688,,,,,,,30.6,6.12,29,5.8,,,,,,,,,,,,,,,,,,,"Matt Svanson","29629",694335
"Shane Smith","CHW",0,0,0.3446,4.24219,1,1,0,0,,5.219,22.3811,4.68876,2.63,2.46,0.603286,2.11358,0.016291,0.383486,4.52938,7.81077,3.6448,2.14299,1.04035,0.202376,0.0944359,0.10793958604335785,0.235806,1.30338,0.276956,0.700323,,,4.28573,0.064604,0.0142786,245.5399932861328,,,,,,,15.7,3.1399999999999997,16,3.2,,,,,,,,,,,,,,,,,,,"Shane Smith","31687",681343
"Braydon Fisher","TOR",0,0,0,3.55062,9,0,0,1.8778,,6.03274,25.4304,4.7493,2.56,2.38,0.604219,2.67389,0.217443,0.25491,6.51679,9.72214,3.98907,2.43719,0.90141,0.25626,0.105146,0.1511143073439598,0.211065,1.23048,0.2695,0.739392,,,3.68138,0.0645284,0.0162652,999,,,,,,,32.10000000000001,5.350000000000001,30,5,,,,,,,,,,,,,,,,,,,"Braydon Fisher","24609",680755
"Shane Bieber","TOR",0,0,0.365225,4.40423,4,1,0,0.1023,,8.21482,34.9065,7.8066,4.31,4.02,1.20728,2.7408,0.0854841,0.278591,6.7063,7.34729,3.00277,2.44684,1.32267,0.192122,0.0785184,0.1136033684015274,0.24482,1.28395,0.275275,0.704218,,,4.46382,0.063454,0.0716881,474.0400085449219,,,,,,,31.100000000000005,3.8875000000000006,32,4,,,,,,,,,,,,,,,,,,,"Shane Bieber","19427",669456
"Riley Cornelio","WSN",0,0,0.222896,4.67745,3,1,0,0.0933,,6.54203,28.6681,6.09892,3.64,3.4,0.864155,3.13554,0.108739,0.23185,5.91365,8.13553,4.31363,1.88601,1.18884,0.20628,0.109374,0.09690608829259872,0.241058,1.41156,0.282611,0.69716,,,4.53687,0.0630563,0.0185315,999,,,,,,,26.9,3.8428571428571425,25,3.5714285714285716,,,,,,,,,,,,,,,,,,,"Riley Cornelio","31953",683000
"Brendon Little","TOR",0,0,0,3.2392,8,0,0,1.0639,,5.36244,22.7433,4.07857,2.08,1.93,0.423377,2.64445,0.168375,0.413039,6.89024,11.5642,4.43828,2.60555,0.710571,0.302958,0.116274,0.18668382614850998,0.207184,1.25372,0.295437,0.75739,,,3.25042,0.0629376,0.0648403,748.52001953125,,,,,,,35.6,7.12,34,6.8,,,,,,,,,,,,,,,,,,,"Brendon Little","21574",663893
"Evan Phillips","LAD",0,0,0,3.49753,9,0,0.189,2.075,,5.40381,22.3505,4.38329,2.26,2.1,0.561696,1.74784,0.108535,0.251438,5.41187,9.01343,2.91101,3.09632,0.9355,0.242136,0.0782013,0.16393519937992096,0.215382,1.13459,0.265801,0.724286,,,3.54158,0.0627313,0.0648109,999,,,,,,,26.300000000000004,5.260000000000001,24,4.8,,,,,,,,,,,,,,,,,,,"Evan Phillips","17734",623465
"Jonathan Bowlan","PHI",0,0,0,4.10906,10,0,0.319,1.9822,,8.87065,38.1649,8.07476,4.36,4.05,1.06602,3.71757,0.30822,0.2608,8.63923,8.7652,3.77177,2.32389,1.08157,0.226366,0.0974079,0.12895774096250534,0.236197,1.32936,0.286289,0.721592,,,4.04326,0.0626348,0.0756427,999,,,,,,,47.500000000000014,5.2777777777777795,46,5.111111111111111,,,,,,,,,,,,,,,,,,,"Jonathan Bowlan","24607",680742
"Noah Schultz","CHW",0,0,0.28753,4.513,1,1,0,0,,4.846,20.9509,4.63989,2.61,2.43,0.620974,1.78816,0.0152483,0.385031,4.04265,7.50801,3.32097,2.26079,1.15327,0.192958,0.0853499,0.10760832577943802,0.247096,1.32646,0.284745,0.686862,,,4.4261,0.0622611,0.0142786,999,,,,,,,13.7,2.7399999999999998,14,2.8,,,,,,,,,,,,,,,,,,,"Noah Schultz","32056",702273
"Adrian Houser","SFG",0,0,0.249691,4.74097,1,1,0,0,,4.594,20.1098,4.86782,2.59,2.42,0.495393,1.68783,0.0168805,0.198298,3.05014,5.97546,3.30658,1.80714,0.970513,0.151674,0.0839305,0.06774362921714783,0.267115,1.427,0.297886,0.676489,,,4.38902,0.061645,0.0142786,743.219970703125,,,,,,,24,4.8,25,5,,,,,,,,,,,,,,,,,,,"Adrian Houser","12718",605288
"Tony Gonsolin","KCR",0,0,0.314624,4.40971,3,1,0,0.1007,,7.06169,30.3808,6.35935,3.71,3.46,0.906023,3.02758,0.0692737,0.334402,5.7578,7.33822,3.8586,1.90178,1.15471,0.189521,0.0996542,0.08986663818359375,0.235367,1.32928,0.26791,0.699258,,,4.54882,0.0612976,0.0185315,999,,,,,,,26.9,3.8428571428571425,25,3.5714285714285716,,,,,,,,,,,,,,,,,,,"Tony Gonsolin","19388",664062
"Shelby Miller","CHC",0,0,0,3.50045,8,0,0,0.6431,,5.21933,21.5106,3.92835,2.18,2.03,0.588981,1.95135,0.108543,0.237267,5.94925,10.2586,3.36483,3.04879,1.01561,0.276572,0.0907155,0.18585669994354248,0.20331,1.12652,0.261219,0.731871,,,3.52865,0.0606022,0.0648403,999,,,,,,,24.300000000000004,4.860000000000001,22,4.4,,,,,,,,,,,,,,,,,,,"Shelby Miller","10197",571946
"Ryan Fernandez","STL",0,0,0,4.00292,8,0,0,1.1065,,6.13802,26.421,5.62784,2.94,2.73,0.598665,2.5454,0.226725,0.191722,6.09969,8.9438,3.73224,2.39636,0.877805,0.230866,0.0963401,0.1345256119966507,0.237624,1.33158,0.296087,0.713451,,,3.70158,0.0605024,0.0162653,999,,,,,,,23.500000000000007,3.916666666666668,24,4,,,,,,,,,,,,,,,,,,,"Ryan Fernandez","24862",681676
"Brendan Beck","NYY",0,0,0,3.83537,7,0,0,0.1087,,5.91339,24.8319,4.96758,2.71,2.52,0.704288,2.08821,0.179651,0.262517,5.75219,8.75466,3.17819,2.75461,1.07191,0.231645,0.0840937,0.14755143970251083,0.220966,1.19319,0.266045,0.715971,,,3.87877,0.0603294,0.0162653,999,,,,,,,25.10000000000001,4.1833333333333345,23,3.8333333333333335,,,,,,,,,,,,,,,,,,,"Brendan Beck","33043",694341
"Kris Bubic","LAD",0,0,0,3.27626,7,0,0,0.1186,,4.20296,17.4973,3.51429,1.65,1.53,0.333665,1.47253,0.119399,0.191976,4.43391,9.49454,3.15319,3.01108,0.714491,0.253405,0.0841574,0.1692475825548172,0.221962,1.1865,0.287442,0.738285,,,3.1936,0.0602495,0.0108434,190.69000244140625,,,,,,,24.200000000000003,6.050000000000001,25,6.25,,,,,,,,,,,,,,,,,,,"Kris Bubic","21455",663460
"Juan Morillo","ARI",0,0,0,3.85435,9,0,0.981,2.048,,5.69746,24.3952,5.02456,2.63,2.44,0.514076,2.50382,0.129884,0.194592,5.46019,8.62519,3.95517,2.18074,0.812061,0.223822,0.102636,0.12118645757436752,0.231581,1.32136,0.286881,0.719433,,,3.76048,0.0587651,0.0162652,999,,,,,,,33.10000000000001,5.516666666666668,31,5.166666666666667,,,,,,,,,,,,,,,,,,,"Juan Morillo","21924",666661
"Mitch Bratt","ARI",0,0,0.283904,4.94755,1,1,0,0,,4.766,20.6086,4.95435,2.81,2.62,0.733679,1.46306,0.0182778,0.197231,3.48285,6.57693,2.76281,2.38052,1.38546,0.169,0.0709929,0.0980072095990181,0.261467,1.3465,0.286502,0.669246,,,4.66813,0.0587424,0.0142786,999,,,,,,,14.7,2.94,15,3,,,,,,,,,,,,,,,,,,,"Mitch Bratt","30003",683352
"Nick Frasso","COL",0,0,0,4.48088,8,0,0,0.9797,,6.18628,27.1283,5.83339,3.32,3.08,0.644303,2.68027,0.154266,0.382626,6.43068,9.35555,3.89934,2.39926,0.937352,0.237046,0.0987996,0.1382467821240425,0.242397,1.37622,0.305412,0.682332,,,3.84363,0.0580254,0.0162653,999,,,,,,,23.500000000000007,3.916666666666668,24,4,,,,,,,,,,,,,,,,,,,"Nick Frasso","27861",693308
"JR Ritchie","ATL",0,0,0.333261,4.63142,4,1,0,0.1108,,8.43371,36.9064,8.07396,4.65,4.34,0.991557,3.84092,0.157315,0.455654,7.10487,7.58194,4.09882,1.84979,1.05814,0.192511,0.104072,0.08843876421451569,0.247593,1.41277,0.28892,0.690138,,,4.45526,0.0579614,-0.0285531,999,,,,,,,28.100000000000005,3.5125000000000006,29,3.625,,,,,,,,,,,,,,,,,,,"JR Ritchie","31760",702275
"Kenley Jansen","DET",0,0,0,4.009,10,0,3.895,0.5611,,7.56549,31.8925,6.19783,3.63,3.37,0.905524,2.91813,0.115129,0.386757,6.74624,8.02542,3.47145,2.31184,1.07722,0.211531,0.0914989,0.1200316771864891,0.216801,1.20494,0.252787,0.699006,,,4.16644,0.0578468,0.0216871,133.02000427246094,,,,,,,60.300000000000004,7.5375000000000005,56,7,,,,,,,,,,,,,,,,,,,"Kenley Jansen","3096",445276
"Ryan Zeferjahn","CHC",0,0,0,3.72862,10,0,0.175,1.946,,6.37233,27.3265,4.81391,2.83,2.64,0.627868,3.35619,0.142724,0.517328,7.66214,10.8217,4.74014,2.28299,0.886774,0.280392,0.122818,0.15757381916046143,0.205258,1.28212,0.276069,0.732415,,,3.78304,0.0577789,0.0162652,999,,,,,,,31.10000000000001,5.1833333333333345,29,4.833333333333333,,,,,,,,,,,,,,,,,,,"Ryan Zeferjahn","25420",666171
"George Soriano","STL",0,0,0,4.22424,10,0,0.508,2.0175,,7.67002,33.3113,7.24667,3.88,3.6,0.746706,3.10868,0.202454,0.570744,7.10048,8.3317,3.64773,2.28408,0.876184,0.213155,0.0933222,0.11983297765254974,0.244557,1.35011,0.298373,0.695529,,,3.93662,0.0575452,0.0216871,999,,,,,,,43.7,5.4625,42,5.25,,,,,,,,,,,,,,,,,,,"George Soriano","21863",666277
"Edwin Díaz","LAD",0,0,0,3.72237,6,0,0,0.1186,,3.60254,15.1013,2.81156,1.61,1.49,0.400104,1.35022,0.0570829,0.336195,4.66027,11.6425,3.37317,3.45149,0.999555,0.3086,0.0894107,0.21918956190347672,0.209585,1.15524,0.288641,0.708506,,,3.3443,0.0571233,0.0108435,33,,,,,,,28.8,7.2,27,6.75,,,,,,,,,,,,,,,,,,,"Edwin Diaz","14710",621242
"Tyler Rogers","TOR",0,0,0,3.71687,11,0,0.332,2.2902,,7.02204,28.963,6.92957,3.14,2.9,0.69599,1.2888,0.121947,0.21202,4.19594,5.37784,1.65182,3.2557,0.892036,0.144873,0.0444981,0.10037446022033691,0.252332,1.17037,0.276186,0.701046,,,3.81797,0.0566797,0.0701953,743.280029296875,,,,,,,34.3,4.8999999999999995,35,5,,,,,,,,,,,,,,,,,,,"Tyler Rogers","15541",643511
"Kyle Hart","SDP",0,0,0,4.02373,10,0,0,2.1313,,6.77729,29.1301,6.26674,3.28,3.03,0.674541,2.64238,0.142639,0.327659,6.46596,8.58657,3.50899,2.44702,0.895766,0.221968,0.0907097,0.13125842809677124,0.239554,1.31456,0.294023,0.706753,,,3.78382,0.0563747,0.070215,999,,,,,,,34.9,4.985714285714286,33,4.714285714285714,,,,,,,,,,,,,,,,,,,"Kyle Hart","19646",606996
"Justin Bruihl","STL",0,0,0,3.97359,8,0,0,1.5799,,6.13802,26.4477,5.91119,2.93,2.71,0.432681,1.96371,0.211954,0.691623,4.92373,7.21952,2.87932,2.50737,0.634427,0.186169,0.0742487,0.11192004382610321,0.248449,1.28297,0.297165,0.680259,,,3.69323,0.0563318,0.0162653,999,,,,,,,37.800000000000004,6.300000000000001,39,6.5,,,,,,,,,,,,,,,,,,,"Justin Bruihl","23779",677865
"Tanner Rainey","DET",0,0,0,3.86967,9,0,0,1.1144,,6.86104,29.4532,5.33017,3.16,2.95,0.724856,3.53698,0.0881793,0.419129,7.3679,9.66486,4.63965,2.0831,0.950833,0.250156,0.120088,0.1300676316022873,0.20905,1.29239,0.264607,0.726808,,,4.03885,0.0544823,0.0702392,999,,,,,,,32.500000000000014,4.642857142857145,28,4,,,,,,,,,,,,,,,,,,,"Tanner Rainey","17610",663432
"Kendry Rojas","MIN",0,0,0,3.54904,5,0,0,0.1061,,4.00672,17.0516,3.44939,1.7,1.58,0.311203,1.66324,0.118762,0.153566,4.14972,9.32122,3.73601,2.49497,0.699032,0.243362,0.0975413,0.14582093060016632,0.226415,1.27601,0.291277,0.72967,,,3.38201,0.0543109,0.0108435,999,,,,,,,23.8,5.95,22,5.5,,,,,,,,,,,,,,,,,,,"Kendry Rojas","29423",696070
"Ryan Watson","LAA",0,0,0,4.39622,10,0,0.315,2.4752,,8.20932,35.5806,7.99184,4.33,4.01,0.968834,2.97516,0.231317,0.46346,7.3879,8.09947,3.26171,2.4832,1.06215,0.207638,0.0836174,0.1240210011601448,0.248642,1.33592,0.295267,0.690589,,,4.0743,0.0541501,0.0216871,999,,,,,,,39.10000000000001,4.887500000000001,40,5,,,,,,,,,,,,,,,,,,,"Ryan Watson","27853",670245
"Enyel De Los Santos","HOU",0,0,0,4.09415,10,0,0.182,2.0638,,6.8146,28.9089,6.2045,3.33,3.1,0.831802,2.39837,0.10635,0.238394,6.19079,8.17614,3.16751,2.58125,1.09856,0.214148,0.0829629,0.1311851292848587,0.236162,1.26242,0.279107,0.708876,,,4.01403,0.053656,0.070215,999,,,,,,,37.9,5.414285714285714,36,5.142857142857143,,,,,,,,,,,,,,,,,,,"Enyel De Los Santos","18403",660853
"Joe Whitman","SFG",0,0,0.259945,4.98701,1,1,0,0,,4.62,20.3306,4.96637,2.74,2.56,0.601032,1.70608,0.014417,0.179232,3.46183,6.74382,3.32354,2.02911,1.17084,0.170277,0.0839171,0.08635985851287842,0.269249,1.44425,0.303519,0.674403,,,4.50018,0.0535967,0.0142786,999,,,,,,,11.7,2.34,12,2.4,,,,,,,,,,,,,,,,,,,"Joe Whitman","sa3023131",802126
"Evan Sisk","PIT",0,0,0,4.05203,8,0,0,0.6168,,6.01921,26.31,5.35251,2.92,2.71,0.506694,2.73411,0.197505,0.670554,6.22752,9.31147,4.08808,2.27771,0.757615,0.236698,0.103919,0.13277875632047653,0.233679,1.34347,0.299658,0.700345,,,3.80538,0.0522135,0.0162653,999,,,,,,,23.10000000000001,3.8500000000000014,21,3.5,,,,,,,,,,,,,,,,,,,"Evan Sisk","24995",681895
"Bradley Hanner","NYY",0,0,0,4.018,8,0,0,0.7249,,5.91339,25.5332,5.04101,2.84,2.64,0.615945,2.68539,0.135634,0.412069,6.16039,9.37594,4.08708,2.29404,0.93745,0.24127,0.105173,0.13609785586595535,0.224687,1.3066,0.282583,0.71188,,,3.92533,0.0517648,0.0162653,999,,,,,,,26.10000000000001,4.350000000000001,24,4,,,,,,,,,,,,,,,,,,,"Bradley Hanner","26097",690440
"Kodai Senga","NYM",0,0,0,4.12167,10,0,2.063,1.4629,,6.70359,29.239,5.86958,3.3,3.07,0.67849,3.48122,0.179436,0.251818,7.2169,9.68916,4.67377,2.07309,0.910917,0.246824,0.119061,0.12776348739862442,0.230126,1.3949,0.294771,0.720255,,,3.9166,0.0515623,0.070215,223.52000427246094,,,,,,,42.90000000000001,6.128571428571431,41,5.857142857142857,,,,,,,,,,,,,,,,,,,"Kodai Senga","31838",673540
"Tim Mayza","PHI",0,0,0,4.173,9,0,0,1.4792,,8.00144,34.3313,8.2023,4.01,3.71,0.826233,2.47659,0.195515,0.283915,6.4941,7.30455,2.78566,2.62219,0.929345,0.18916,0.072138,0.11702191829681396,0.259807,1.33462,0.304162,0.700355,,,3.83752,0.0510515,0.0216871,999,,,,,,,36.10000000000001,4.512500000000001,37,4.625,,,,,,,,,,,,,,,,,,,"Tim Mayza","15042",641835
"Graham Ashcraft","CIN",0,0,0,3.60027,7,0,0,0.1035,,4.87463,20.7108,4.23805,2.09,1.95,0.399516,2.02944,0.14952,0.209434,4.54525,8.39186,3.74695,2.23965,0.737624,0.219462,0.0979894,0.12147299200296402,0.229432,1.28574,0.283764,0.731844,,,3.66183,0.0509896,0.0648782,999,,,,,,,30.6,6.12,29,5.8,,,,,,,,,,,,,,,,,,,"Graham Ashcraft","27552",668933
"Travis Adams","MIN",0,0,0,4.19296,9,0,0,1.1459,,6.01008,26.0291,5.6507,3.01,2.8,0.597637,2.48949,0.12909,0.213842,5.59999,8.3859,3.72798,2.24945,0.894953,0.215143,0.0956427,0.11950051784515381,0.242251,1.35443,0.295015,0.70243,,,3.86194,0.0506716,0.0162652,999,,,,,,,26.500000000000007,4.416666666666668,27,4.5,,,,,,,,,,,,,,,,,,,"Travis Adams","30180",701519
"Miguel Ullola","HOU",0,0,0,3.79648,8,0,0,0.7105,,5.71319,24.6489,4.0454,2.57,2.41,0.603932,3.5005,0.172154,0.350172,6.94801,10.9452,5.51434,1.98486,0.951375,0.281879,0.142014,0.13986459374427795,0.194507,1.32079,0.259806,0.742628,,,4.04729,0.0505351,0.0162653,999,,,,,,,27.70000000000001,4.616666666666668,23,3.8333333333333335,,,,,,,,,,,,,,,,,,,"Miguel Ullola","29036",699044
"Jace Beck","MIA",0,0,0.36103,4.96112,2,1,0,0,,6.25867,27.5928,5.90301,3.67,3.45,0.869188,3.07262,0.07395,0.310729,5.81241,8.35828,4.41845,1.89168,1.2499,0.21065,0.111356,0.09929361194372177,0.243831,1.43411,0.28719,0.683824,,,4.65313,0.0504901,-0.0321805,999,,,,,,,19.500000000000007,3.2500000000000013,20,3.3333333333333335,,,,,,,,,,,,,,,,,,,"Jace Beck","sa3011811",689476
"Brandon Eisert","PIT",0,0,0,4.02368,6,0,0,0.0925,,4.51826,19.2196,4.21074,2.18,2.02,0.482016,1.48844,0.123715,0.232954,4.4093,8.78296,2.96486,2.96235,0.960137,0.229417,0.0774442,0.15197286009788513,0.240639,1.26137,0.29577,0.700424,,,3.66142,0.0494518,0.0649288,999,,,,,,,31.6,6.32,30,6,,,,,,,,,,,,,,,,,,,"Brandon Eisert","27668",685126
"Jonathan Pintaro","NYM",0,0,0,4.02344,8,0,0,0.702,,5.59223,24.3174,4.8956,2.68,2.5,0.520625,2.73379,0.131246,0.34277,5.71776,9.20203,4.3997,2.09151,0.837882,0.235131,0.112421,0.1227094829082489,0.230481,1.36428,0.291618,0.717249,,,3.89919,0.0494461,0.0162653,999,,,,,,,26.10000000000001,4.350000000000001,24,4,,,,,,,,,,,,,,,,,,,"Jonathan Pintaro","33980",702752
"Jason Adam","SDP",0,0,0,3.77801,8,0,0,0.1068,,5.55055,23.1642,4.55218,2.51,2.33,0.610084,1.97911,0.108187,0.308672,5.0082,8.12061,3.20905,2.53053,0.989228,0.216204,0.0854383,0.13076604157686234,0.218053,1.17669,0.25836,0.708326,,,3.94418,0.0494182,0.0162653,999,,,,,,,23.10000000000001,3.8500000000000014,21,3.5,,,,,,,,,,,,,,,,,,,"Jason Adam","11861",592094
"Devin Williams","NYM",0,0,0,3.1415,5,0,2.292,0.81,,3.49514,14.3441,2.45168,1.31,1.22,0.323731,1.47324,0.0668639,0.156402,4.4563,11.475,3.7936,3.02482,0.833609,0.310671,0.102707,0.20796352624893188,0.192826,1.12297,0.268192,0.753211,,,3.13625,0.0492637,0.0595662,59.470001220703125,,,,,,,36,12,34,11.333333333333334,,,,,,,,,,,,,,,,,,,"Devin Williams","15816",642207
"Robert Suarez","ATL",0,0,0,3.87133,7,0,0.482,1.4009,,5.347,22.4173,4.92406,2.48,2.3,0.607313,1.60702,0.133928,0.109634,4.72058,7.94561,2.70492,2.93747,1.02222,0.210577,0.0716866,0.13889075815677643,0.23787,1.22145,0.280805,0.713112,,,3.75736,0.0492267,0.0648782,214.39999389648438,,,,,,,19.700000000000003,3.9400000000000004,20,4,,,,,,,,,,,,,,,,,,,"Robert Suarez","30115",663158
"Jacob Webb","CHC",0,0,0,3.76669,11,0,2.103,1.404,,7.02474,29.4288,5.54085,3.17,2.94,0.84284,2.94425,0.104374,0.268173,6.83245,8.75363,3.77213,2.32061,1.07983,0.232169,0.100047,0.1321222335100174,0.211351,1.20789,0.253384,0.727585,,,4.06977,0.049225,0.0701953,999,,,,,,,42.90000000000001,6.128571428571431,41,5.857142857142857,,,,,,,,,,,,,,,,,,,"Jacob Webb","19274",657097
"Tyler Alexander","TEX",0,0,0,4.02271,10,0,0.157,1.9408,,7.00275,29.4542,6.4952,3.37,3.13,0.820327,1.94796,0.163602,0.362611,5.16786,6.64178,2.50354,2.65296,1.05429,0.175454,0.0661352,0.10931883752346039,0.23929,1.20569,0.268246,0.695458,,,4.12013,0.0480677,0.070215,999,,,,,,,35.9,5.128571428571428,34,4.857142857142857,,,,,,,,,,,,,,,,,,,"Tyler Alexander","17735",641302
"Jonathan Loáisiga","ARI",0,0,0,3.80696,9,0,0.327,1.9021,,5.69746,24.1144,5.47664,2.6,2.41,0.47356,1.67427,0.133547,0.375588,4.16994,6.58704,2.64476,2.4906,0.74806,0.172923,0.0694301,0.10349290817975998,0.24821,1.2551,0.287186,0.701443,,,3.77945,0.0480478,0.0162652,999,,,,,,,41.400000000000006,6.900000000000001,40,6.666666666666667,,,,,,,,,,,,,,,,,,,"Jonathan Loaisiga","19753",642528
"Cade Povich","BAL",0,0,0.312363,4.72433,4,1,0,0.1041,,7.96303,34.7672,7.78519,4.49,4.18,1.13236,3.2652,0.156704,0.416634,6.33315,7.15787,3.69041,1.93959,1.27982,0.182159,0.0939163,0.0882425457239151,0.250446,1.38771,0.281663,0.693115,,,4.72844,0.0473602,0.0716881,999,,,,,,,29.100000000000005,3.6375000000000006,30,3.75,,,,,,,,,,,,,,,,,,,"Cade Povich","30055",700249
"Lucas Braun","KCR",0,0,0.299094,4.97217,1,1,0,0,,4.851,21.0258,5.14337,2.87,2.68,0.708147,1.50957,0.0141459,0.193123,3.16916,5.87971,2.80068,2.09939,1.31382,0.150728,0.071796,0.07893156260251999,0.266178,1.37146,0.287148,0.668183,,,4.72749,0.0472708,0.0142786,999,,,,,,,11.7,2.34,12,2.4,,,,,,,,,,,,,,,,,,,"Lucas Braun","sa3022996",814351
"Mason Barnett","ATH",0,0,0.665559,5.43607,4,2,0,0.0992,,12.0859,54.4477,12.7684,7.79,7.3,1.76255,5.98838,0.129385,0.605808,8.84427,6.58604,4.45935,1.47691,1.31251,0.162436,0.109984,0.052451930940151215,0.266822,1.55195,0.295485,0.673254,,,5.15247,0.0471617,-0.0643611,999,,,,,,,27.400000000000013,2.2833333333333345,31,2.5833333333333335,,,,,,,,,,,,,,,,,,,"Mason Barnett","31741",686930
"Dedniel Núñez","NYM",0,0,0,4.46334,9,0,0.172,1.8868,,6.29125,27.333,5.98939,3.36,3.12,0.784606,2.53936,0.245749,0.250765,6.20559,8.87745,3.6327,2.44376,1.12242,0.227037,0.0929047,0.13413197547197342,0.244038,1.35565,0.296524,0.695632,,,4.06235,0.0471144,0.0162652,999,,,,,,,27.500000000000007,4.583333333333335,28,4.666666666666667,,,,,,,,,,,,,,,,,,,"Dedniel Nunez","23055",673380
"Yuki Matsui","SDP",0,0,0,3.90592,9,0,0,1.9264,,6.24437,26.4398,5.18151,2.92,2.71,0.777085,2.58785,0.164881,0.166907,6.0884,8.77521,3.72986,2.35269,1.12001,0.230274,0.0978769,0.1323971226811409,0.218767,1.24422,0.261863,0.725796,,,4.07458,0.046534,0.0162652,999,,,,,,,30.10000000000001,5.016666666666668,28,4.666666666666667,,,,,,,,,,,,,,,,,,,"Yuki Matsui","33826",673513
"Ronel Blanco","HOU",0,0,0.417464,4.5574,5,1,0,0.1066,,9.71606,41.6764,8.7017,5.27,4.92,1.57287,4.12196,0.11305,0.300794,8.47179,7.84743,3.81818,2.05528,1.45695,0.203275,0.0989039,0.1043713167309761,0.23358,1.31984,0.262003,0.711158,,,4.80957,0.046494,0.0826657,999,,,,,,,30,3,28,2.8,,,,,,,,,,,,,,,,,,,"Ronel Blanco","19407",669854
"Grant Wolfram","BAL",0,0,0,4.2323,8,0,0,0.6939,,5.5927,24.3354,5.42378,2.84,2.63,0.540086,2.22913,0.171771,0.299727,5.02652,8.08888,3.58721,2.25493,0.869129,0.206552,0.0916005,0.11495178192853928,0.248723,1.36837,0.300722,0.697848,,,3.89775,0.046188,0.0162653,999,,,,,,,27.10000000000001,4.516666666666668,25,4.166666666666667,,,,,,,,,,,,,,,,,,,"Grant Wolfram","21623",664991
"Rico Garcia","BAL",0,0,0,3.95824,10,0,0.966,2.0685,,6.73026,28.3802,5.58783,3.18,2.96,0.925521,2.78995,0.174857,0.138263,6.73774,9.01001,3.73085,2.415,1.23765,0.23741,0.0983064,0.13910377770662308,0.219544,1.24479,0.262094,0.733937,,,4.1741,0.0461665,0.070215,999,,,,,,,41.90000000000001,5.9857142857142875,40,5.714285714285714,,,,,,,,,,,,,,,,,,,"Rico Garcia","20023",670329
"Ryan Walker","SFG",0,0,0,4.48619,9,0,0.346,1.7751,,6.84099,30.2443,7.00542,3.66,3.41,0.593347,2.6734,0.180171,0.629955,5.80963,7.64314,3.51713,2.17312,0.780607,0.19209,0.0883936,0.1036965548992157,0.260029,1.41483,0.312206,0.680236,,,3.96106,0.0459621,-0.0318527,144.55999755859375,,,,,,,29.3,4.185714285714286,30,4.285714285714286,,,,,,,,,,,,,,,,,,,"Ryan Walker","20423",676254
"Peyton Gray","TEX",0,0,0,4.01634,9,0,0,1.8085,,6.00548,25.301,5.19614,2.88,2.68,0.757022,2.06397,0.11607,0.302763,5.57142,8.3495,3.09313,2.69937,1.1345,0.220206,0.0815767,0.13862887769937515,0.226567,1.20892,0.267323,0.706438,,,4.04892,0.0457103,0.0162652,999,,,,,,,33.10000000000001,5.516666666666668,31,5.166666666666667,,,,,,,,,,,,,,,,,,,"Peyton Gray","25310",682608
"George Klassen","LAA",0,0,0.371899,4.78507,1,1,0,0,,5.304,23.3372,5.22622,3.02,2.82,0.684739,2.42151,0.0134707,0.286017,4.31234,7.31731,4.1089,1.78084,1.16189,0.184784,0.103762,0.08102188259363174,0.253335,1.44188,0.290514,0.691832,,,4.66698,0.0452354,0.0142786,999,,,,,,,13.7,2.7399999999999998,14,2.8,,,,,,,,,,,,,,,,,,,"George Klassen","33464",691946
"Pete Fairbanks","MIA",0,0,0,3.86969,6,0,2.299,0.8725,,4.37244,18.5036,3.74539,2.02,1.88,0.437679,1.72751,0.0971364,0.171044,4.44,9.13907,3.55581,2.57018,0.900896,0.239953,0.0933605,0.14659280329942703,0.225558,1.25168,0.282051,0.710451,,,3.65638,0.0450464,0.0108435,111.45999908447266,,,,,,,35.2,8.8,36,9,,,,,,,,,,,,,,,,,,,"Pete Fairbanks","17998",664126
"Trey Gibson","BAL",0,0,0.272765,4.74506,3,1,0,0.1041,,6.71435,29.5613,6.81919,3.79,3.54,0.809811,2.83823,0.0717397,0.450338,5.17882,6.94176,3.8044,1.82466,1.08548,0.175189,0.0960117,0.07917745411396027,0.259554,1.43832,0.29626,0.688367,,,4.57801,0.0449784,0.0185315,999,,,,,,,22.3,3.185714285714286,23,3.2857142857142856,,,,,,,,,,,,,,,,,,,"Trey Gibson","33794",694346
"Colin Holderman","CLE",0,0,0,4.03583,10,0,0.18,2.2682,,6.15487,26.4431,5.62317,2.98,2.76,0.603177,2.32674,0.0857115,0.484196,5.40409,7.90216,3.40229,2.32261,0.882,0.204367,0.0879904,0.11637648940086365,0.237946,1.29164,0.284824,0.699449,,,3.97143,0.0448481,0.0162652,999,,,,,,,28.500000000000007,4.750000000000001,29,4.833333333333333,,,,,,,,,,,,,,,,,,,"Colin Holderman","22361",670059
"Ryan Yarbrough","NYY",0,0,0,4.09922,10,0,0,2.0298,,7.35506,31.1237,6.73935,3.62,3.35,0.901718,2.16372,0.168397,0.603533,5.99626,7.33731,2.64762,2.77128,1.10338,0.192659,0.0695198,0.12313900887966156,0.237665,1.21047,0.272043,0.691441,,,4.17534,0.0445887,-0.0318721,999,,,,,,,32.3,4.614285714285714,33,4.714285714285714,,,,,,,,,,,,,,,,,,,"Ryan Yarbrough","16502",642232
"Kyle Finnegan","DET",0,0,0,4.36588,10,0,0.615,1.8578,,7.56549,32.2983,7.2239,3.96,3.67,0.915558,2.71596,0.104894,0.153304,6.27568,7.46563,3.23094,2.31067,1.08916,0.194303,0.0840898,0.11021363735198975,0.245468,1.31384,0.283676,0.690668,,,4.13533,0.0443888,0.0216871,639.030029296875,,,,,,,44.7,5.5875,43,5.375,,,,,,,,,,,,,,,,,,,"Kyle Finnegan","15009",640448
"AJ Blubaugh","HOU",0,0,0,3.93475,9,0,0,1.6413,,6.42734,27.3025,5.41582,3.02,2.81,0.760725,2.75437,0.133012,0.182552,6.2177,8.70645,3.85685,2.2574,1.06522,0.227734,0.100883,0.1268504112958908,0.222273,1.27116,0.267732,0.724851,,,4.05807,0.0439205,0.0162652,748.5399780273438,,,,,,,30.10000000000001,5.016666666666668,28,4.666666666666667,,,,,,,,,,,,,,,,,,,"AJ Blubaugh","31764",805123
"Steven Cruz","KCR",0,0,0,4.24208,10,0,2.679,1.2449,,7.00129,30.2926,6.34187,3.54,3.3,0.757711,3.06487,0.142307,0.333764,6.41993,8.25268,3.93982,2.09469,0.97402,0.21193,0.101175,0.11075518280267715,0.23581,1.34357,0.283225,0.702945,,,4.11264,0.0437468,-0.0318721,999,,,,,,,45.9,6.557142857142857,44,6.285714285714286,,,,,,,,,,,,,,,,,,,"Steven Cruz","23165",674444
"Clarke Schmidt","NYY",0,0,0,3.85566,5,0,0,0.1087,,4.43504,18.7385,3.85762,2.05,1.9,0.485406,1.56495,0.0824234,0.225979,4.40691,8.94291,3.17574,2.816,0.985032,0.235179,0.0835152,0.15166400372982025,0.227621,1.22267,0.27973,0.711063,,,3.73031,0.0436534,0.0108435,999,,,,,,,21.200000000000003,5.300000000000001,22,5.5,,,,,,,,,,,,,,,,,,,"Clarke Schmidt","19899",657376
"Drew Rom","ATH",0,0,0,4.03046,5,0,0,0.0992,,3.70677,16.1007,3.60862,1.79,1.66,0.319618,1.42745,0.140251,0.177363,3.66057,8.88781,3.46584,2.5644,0.776028,0.227354,0.0886578,0.13869623094797134,0.24894,1.35861,0.31277,0.70742,,,3.52805,0.0435898,0.0108435,999,,,,,,,24.200000000000003,6.050000000000001,25,6.25,,,,,,,,,,,,,,,,,,,"Drew Rom","24602",680723
"Matt Festa","CLE",0,0,0,4.30739,9,0,0,1.8993,,5.97578,25.7159,5.56969,3.08,2.86,0.706466,2.08037,0.105494,0.488657,5.41185,8.15068,3.13321,2.60139,1.06399,0.210448,0.0808982,0.12954934686422348,0.240624,1.28018,0.285592,0.686092,,,4.0987,0.043481,0.0162652,999,,,,,,,28.500000000000007,4.750000000000001,29,4.833333333333333,,,,,,,,,,,,,,,,,,,"Matt Festa","19330",670036
"Jason Foley","SFG",0,0,0,4.40726,9,0,0.519,1.87,,6.84099,29.7748,7.33297,3.61,3.35,0.586787,2.1557,0.178352,0.35607,4.82481,6.34752,2.83604,2.23816,0.771977,0.162044,0.0724003,0.08964347094297409,0.268972,1.38703,0.30873,0.678269,,,3.88937,0.0434454,-0.0318527,999,,,,,,,38.3,5.471428571428571,39,5.571428571428571,,,,,,,,,,,,,,,,,,,"Jason Foley","19531",671345
"Nick Davila","SEA",0,0,0,4.2371,8,0,0,0.6862,,5.98995,25.662,5.87192,3.04,2.82,0.619063,1.9118,0.141892,0.328891,4.45378,6.69188,2.87251,2.32963,0.930152,0.173556,0.0744993,0.09905645996332169,0.250709,1.29946,0.286284,0.685803,,,4.06205,0.0433452,0.0162653,999,,,,,,,22.500000000000007,3.7500000000000013,23,3.8333333333333335,,,,,,,,,,,,,,,,,,,"Nick Davila","27741",689546
"Grant Anderson","MIL",0,0,0,4.07216,8,0,0,0.6116,,5.72424,24.44,4.97041,2.79,2.59,0.749595,2.29907,0.143882,0.282938,5.88871,9.25859,3.61474,2.56135,1.17856,0.240946,0.0940701,0.14687586575746536,0.227396,1.26995,0.277326,0.720168,,,4.08145,0.0430919,0.0162653,999,,,,,,,29.10000000000001,4.850000000000001,27,4.5,,,,,,,,,,,,,,,,,,,"Grant Anderson","20546",681982
"Brooks Raley","PHI",0,0,0,4.62649,10,0,0,1.9886,,8.87065,38.6671,8.92625,4.93,4.56,1.14192,2.9011,0.176817,0.768281,7.39523,7.50307,2.9434,2.54912,1.15857,0.191254,0.0750275,0.11622634530067444,0.255052,1.33331,0.294186,0.674316,,,4.33046,0.0427731,-0.0264558,999,,,,,,,40.90000000000001,4.544444444444446,42,4.666666666666667,,,,,,,,,,,,,,,,,,,"Brooks Raley","10061",548384
"Jack Wenninger","NYM",0,0,0.289776,4.88358,1,1,0,0,,4.81,20.9753,4.93902,2.79,2.61,0.706711,1.80187,0.0152092,0.22057,3.77976,7.07233,3.37149,2.09769,1.32233,0.180201,0.0859046,0.09429626166820526,0.260595,1.40143,0.292562,0.686933,,,4.68316,0.0426288,0.0142786,999,,,,,,,13.7,2.7399999999999998,14,2.8,,,,,,,,,,,,,,,,,,,"Jack Wenninger","sa3023282",811307
"Félix Bautista","BAL",0,0,0,3.95413,7,0,0,0.1041,,4.89361,20.9072,3.90052,2.31,2.15,0.550938,2.43909,0.0675205,0.225715,5.44645,10.0167,4.4858,2.23299,1.01325,0.260505,0.116662,0.14384310692548752,0.213816,1.29549,0.273546,0.72367,,,3.95464,0.0425159,0.0648782,999,,,,,,,18.299999999999997,3.6599999999999993,16,3.2,,,,,,,,,,,,,,,,,,,"Felix Bautista","20666",642585
"Jakob Junis","TEX",0,0,0,4.00601,10,0,0.471,1.9005,,6.33548,26.5781,5.96671,3.03,2.82,0.705762,1.63222,0.0975811,0.29859,4.60099,6.53604,2.31869,2.81885,1.00259,0.173112,0.0614123,0.11170000582933426,0.242084,1.19943,0.272017,0.691125,,,3.99337,0.0421525,0.0162652,999,,,,,,,28.500000000000007,4.750000000000001,29,4.833333333333333,,,,,,,,,,,,,,,,,,,"Jakob Junis","13619",596001
"Joe Mantiply","TOR",0,0,0,4.17907,8,0,0,0.682,,5.36244,22.7765,5.35398,2.69,2.49,0.618558,1.39833,0.151366,0.263701,4.75087,7.97359,2.34687,3.39754,1.03815,0.208587,0.0613934,0.14719335362315178,0.25357,1.25919,0.300757,0.690126,,,3.74082,0.0417079,-0.0372433,999,,,,,,,22.700000000000003,4.540000000000001,23,4.6,,,,,,,,,,,,,,,,,,,"Joe Mantiply","14857",573009
"Brandon Williamson","CIN",0,0,0.607162,5.103,6,2,0,0.1035,,13.739,61.0412,13.5906,8.32,7.79,1.97723,6.56237,0.18944,0.730222,9.72921,6.37332,4.29882,1.48257,1.29523,0.159387,0.107507,0.05188022553920746,0.252854,1.46684,0.27623,0.680648,,,5.13034,0.041049,0.037063,748.4500122070312,,,,,,,38.6,2.757142857142857,40,2.857142857142857,,,,,,,,,,,,,,,,,,,"Brandon Williamson","25463",682227
"Kirby Yates","PIT",0,0,0,4.33612,8,0,0,0.9623,,6.01921,26.0732,5.09736,3.11,2.9,0.712386,2.88411,0.123668,0.361776,6.60568,9.8769,4.31235,2.29037,1.06517,0.253351,0.110616,0.14273571223020554,0.223301,1.326,0.282733,0.697506,,,4.04483,0.0410371,0.0162653,269.42999267578125,,,,,,,28.10000000000001,4.6833333333333345,26,4.333333333333333,,,,,,,,,,,,,,,,,,,"Kirby Yates","9073",489446
"Jose Cabrera","ARI",0,0,0.254785,4.8343,3,1,0,0.103,,6.42285,27.9247,6.44244,3.7,3.45,0.914976,2.34914,0.0893049,0.330455,4.83289,6.77208,3.29173,2.0573,1.28211,0.173069,0.0841244,0.08894465118646622,0.255196,1.3688,0.283501,0.677918,,,4.68198,0.0409872,-0.0404942,999,,,,,,,20.500000000000007,3.416666666666668,21,3.5,,,,,,,,,,,,,,,,,,,"Jose Cabrera","30412",703615
"Adam Macko","TEX",0,0,0,3.97138,9,0,0,1.4883,,6.00548,25.9474,5.27848,2.85,2.65,0.528561,2.68413,0.227376,0.343024,5.45827,8.17995,4.02252,2.03354,0.792118,0.210359,0.103445,0.10691423714160919,0.230298,1.32589,0.280506,0.70786,,,3.92196,0.040938,0.0162652,999,,,,,,,24.10000000000001,4.016666666666668,22,3.6666666666666665,,,,,,,,,,,,,,,,,,,"Adam Macko","25590",671936
"Chad Dallas","TOR",0,0,0,3.79785,6,0,0,0.1023,,4.69213,20.0696,3.96831,2.12,1.98,0.467788,2.08453,0.138274,0.225705,4.59705,8.81763,3.99836,2.20531,0.897267,0.229056,0.103866,0.12519055604934692,0.223449,1.29,0.275751,0.728582,,,3.89703,0.0407724,0.0649288,999,,,,,,,30.6,6.12,29,5.8,,,,,,,,,,,,,,,,,,,"Chad Dallas","30158",689149
"Ryan Helsley","BAL",0,0,0,3.47596,4,0,0,0.1041,,2.79635,11.6609,2.3127,1.16,1.08,0.27152,1.05302,0.0549373,0.0560464,2.98833,9.61789,3.38913,2.83787,0.873882,0.256268,0.0903032,0.165965273976326,0.219174,1.20361,0.27992,0.738788,,,3.39816,0.0406662,0.05967,85.58999633789062,,,,,,,20.000000000000004,6.666666666666668,18,6,,,,,,,,,,,,,,,,,,,"Ryan Helsley","18138",664854
"Steven Matz","TBR",0,0,0,4.35577,8,0,0,0.7709,,6.98385,29.8481,7.02227,3.64,3.38,0.870073,2.03864,0.124202,0.297257,5.55584,7.15974,2.62717,2.72527,1.12125,0.186137,0.0683005,0.11783671379089355,0.255242,1.29741,0.291763,0.691195,,,4.11531,0.0405909,-0.0318285,712.989990234375,,,,,,,31.3,4.4714285714285715,32,4.571428571428571,,,,,,,,,,,,,,,,,,,"Steven Matz","13361",571927
"Alan Rangel","PHI",0,0,0.308238,5.20977,3,1,0,0.0996,,7.54927,33.1525,7.63435,4.67,4.37,1.31541,3.00787,0.127539,0.277358,6.08877,7.25883,3.58588,2.02428,1.56819,0.183659,0.0907283,0.0929311141371727,0.255609,1.4097,0.281303,0.678611,,,5.04096,0.0405447,-0.0208228,999,,,,,,,29.100000000000005,3.6375000000000006,30,3.75,,,,,,,,,,,,,,,,,,,"Alan Rangel","19524",660604
"Yennier Cano","BAL",0,0,0,4.25244,10,0,2.146,1.5612,,6.73026,28.9763,6.74536,3.43,3.18,0.647674,2.41246,0.0960148,0.281714,5.44792,7.2852,3.22605,2.25824,0.866099,0.188013,0.0832564,0.10475680977106094,0.256652,1.36069,0.302068,0.694191,,,3.91638,0.0404745,0.070215,999,,,,,,,43.3,6.185714285714285,44,6.285714285714286,,,,,,,,,,,,,,,,,,,"Yennier Cano","25911",666974
"Dylan Smith","SFG",0,0,0,4.43175,10,0,3.516,1.0047,,7.57488,33.2641,7.09385,4,3.73,0.832732,3.32901,0.277424,0.587318,6.93061,8.23453,3.95532,2.08189,0.989401,0.208351,0.100078,0.10827323794364929,0.241717,1.37598,0.290076,0.693835,,,4.23364,0.0397604,0.0216871,999,,,,,,,54.7,6.8375,53,6.625,,,,,,,,,,,,,,,,,,,"Dylan Smith","30145",681916
"Kai-Wei Teng","HOU",0,0,0,4.30546,9,0,0,1.1297,,6.8146,29.9013,6.09423,3.49,3.26,0.738509,3.21819,0.157654,0.622633,6.88362,9.09116,4.25025,2.13897,0.975345,0.230211,0.107627,0.1225842535495758,0.233849,1.36654,0.290466,0.703318,,,4.16279,0.0396261,0.0702392,999,,,,,,,29.900000000000013,4.271428571428573,28,4,,,,,,,,,,,,,,,,,,,"Kai-Wei Teng","24282",678906
"Reiver Sanmartin","SFG",0,0,0,4.20992,9,0,0.173,1.5633,,6.84099,29.8699,7.01715,3.45,3.2,0.574616,2.65211,0.170997,0.287048,5.2795,6.94571,3.48911,1.99068,0.755964,0.17675,0.0887888,0.08796141296625137,0.260563,1.41343,0.305672,0.701568,,,3.92073,0.0395942,0.0702392,999,,,,,,,30.3,4.328571428571428,31,4.428571428571429,,,,,,,,,,,,,,,,,,,"Reiver Sanmartin","19754",665665
"Michael Fulmer","NYY",0,0,0,4.55069,8,0,0,1.1309,,5.91339,26.0253,5.64364,3.21,2.99,0.692394,2.59225,0.136885,0.367242,5.8409,8.88968,3.94534,2.25321,1.0538,0.224432,0.0996051,0.12482645362615585,0.244675,1.39275,0.299485,0.691649,,,4.13146,0.0393796,0.0162653,999,,,,,,,23.500000000000007,3.916666666666668,24,4,,,,,,,,,,,,,,,,,,,"Michael Fulmer","13218",605242
"Brenan Hanifee","DET",0,0,0,4.19105,8,0,0,0.1013,,6.09871,26.2681,6.31318,3.07,2.84,0.494679,1.92101,0.0993708,0.305338,3.94782,5.82588,2.83487,2.05508,0.730008,0.150289,0.0731307,0.0771586149930954,0.262592,1.35015,0.296873,0.684757,,,3.93833,0.0391321,0.0162653,999,,,,,,,30.800000000000004,5.133333333333334,32,5.333333333333333,,,,,,,,,,,,,,,,,,,"Brenan Hanifee","22304",669724
"Kevin Ginkel","ARI",0,0,0,4.29665,9,0,0.163,1.8037,,5.69746,24.5152,5.3253,2.92,2.72,0.646202,2.16887,0.0878586,0.241645,5.02694,7.94081,3.42605,2.31777,1.02077,0.205054,0.0884705,0.1165839359164238,0.240913,1.31535,0.284764,0.694162,,,4.06244,0.0389786,0.0162652,556.52001953125,,,,,,,31.10000000000001,5.1833333333333345,29,4.833333333333333,,,,,,,,,,,,,,,,,,,"Kevin Ginkel","19876",656464
"Zack Littell",,0.197406,0.467345,0.31188,4.98782,1,1,0,0,,4.926,21.2626,5.21277,2.92,2.73,0.827765,1.42265,0.0162815,0.174515,3.15038,5.75587,2.59924,2.21445,1.51236,0.148165,0.0669086,0.08125690370798111,0.265073,1.34702,0.279527,0.678424,,,4.96149,0.0389265,0.0142786,709.4099731445312,,,,,,,14.7,2.94,15,3,,,,,,,,,,,,,,,,,,,"Zack Littell","15823",641793
"Jake Bird","WSN",0,0,0,3.9133,6,0,0,0.0933,,4.36971,18.7006,3.8765,2.04,1.9,0.42206,1.69303,0.115633,0.295371,4.31155,8.88021,3.48702,2.54665,0.869289,0.230557,0.0905336,0.14002375304698944,0.231957,1.27458,0.288386,0.708934,,,3.73074,0.0387749,0.0108435,999,,,,,,,21.200000000000003,5.300000000000001,22,5.5,,,,,,,,,,,,,,,,,,,"Jake Bird","21267",656234
"Paul Blackburn","NYY",0,0,0,4.51526,10,0,0.174,2.5977,,7.35506,31.9655,7.48472,3.97,3.69,0.784468,2.74136,0.129565,0.233945,5.90658,7.22757,3.35446,2.15461,0.959912,0.18478,0.0857602,0.09901981800794601,0.258181,1.39035,0.300471,0.685386,,,4.07735,0.0385884,-0.0318721,999,,,,,,,36.3,5.185714285714285,37,5.285714285714286,,,,,,,,,,,,,,,,,,,"Paul Blackburn","14739",621112
"Lake Bachar","PIT",0,0,0,4.30621,8,0,0,1.3995,,6.01921,26.073,5.41106,3.1,2.88,0.743099,2.65904,0.127945,0.271259,6.02576,9.00979,3.97583,2.26614,1.11109,0.231111,0.101984,0.12912655621767044,0.233812,1.34072,0.285086,0.707008,,,4.14656,0.0382651,0.0162653,999,,,,,,,26.10000000000001,4.350000000000001,24,4,,,,,,,,,,,,,,,,,,,"Lake Bachar","19222",669199
"Cooper Criswell","SEA",0,0,0,4.20705,7,0,0,0.1072,,5.98995,25.7834,5.99146,3.03,2.8,0.62388,1.97594,0.124448,0.355574,4.80251,7.21586,2.96888,2.4305,0.93739,0.186264,0.076636,0.10962764173746109,0.255479,1.33013,0.297777,0.696,,,4.00156,0.0380424,0.0162653,999,,,,,,,20.500000000000007,3.416666666666668,21,3.5,,,,,,,,,,,,,,,,,,,"Cooper Criswell","24975",681867
"Jordan Hicks","CHW",0,0,0,4.26353,10,0,0.334,1.8535,,6.77608,29.811,6.36297,3.44,3.21,0.590255,3.01167,0.139946,0.746749,6.1155,8.12262,4.0001,2.03061,0.783978,0.205143,0.101025,0.10411731153726578,0.244236,1.38349,0.298381,0.694249,,,4.07472,0.0372777,0.070215,999,,,,,,,31.9,4.557142857142857,30,4.285714285714286,,,,,,,,,,,,,,,,,,,"Jordan Hicks","19618",663855
"Karson Milbrandt","MIA",0,0,0.300583,5.00309,1,1,0,0,,4.857,21.4648,4.76325,2.88,2.7,0.640895,2.34104,0.0193824,0.227047,3.6882,6.83422,4.33794,1.57545,1.18758,0.171826,0.109065,0.0627613216638565,0.252068,1.46269,0.282982,0.680565,,,4.86625,0.0371911,0.0142786,999,,,,,,,13.7,2.7399999999999998,14,2.8,,,,,,,,,,,,,,,,,,,"Karson Milbrandt","sa3020659",703596
"Emilio Pagán","CIN",0,0,0,4.01368,10,0,4.441,0.4657,,6.65972,27.9883,5.36549,3.17,2.97,1.01002,2.6458,0.168291,0.190489,6.78225,9.1656,3.57555,2.56341,1.36494,0.242324,0.0945322,0.14779210090637207,0.213322,1.20295,0.250894,0.733832,,,4.29581,0.0369863,0.070215,111.94000244140625,,,,,,,51.500000000000014,7.357142857142859,47,6.714285714285714,,,,,,,,,,,,,,,,,,,"Emilio Pagan","14771",641941
"Taylor Rogers","MIN",0,0,0,4.53738,9,0,0,1.634,,6.01008,26.4035,5.71927,3.26,3.03,0.636077,2.57453,0.146932,0.433158,5.49629,8.23061,3.85531,2.13487,0.952516,0.208165,0.0975071,0.11065811663866043,0.244457,1.37998,0.294449,0.679941,,,4.13151,0.036983,0.0162652,415.510009765625,,,,,,,25.500000000000007,4.250000000000001,26,4.333333333333333,,,,,,,,,,,,,,,,,,,"Taylor Rogers","13449",573124
"Yerry De los Santos","NYY",0,0,0,4.0354,7,0,0,0.1087,,5.17421,22.2388,4.91401,2.5,2.32,0.441518,2.01107,0.0938829,0.249509,4.25721,7.40497,3.49804,2.11689,0.767975,0.191431,0.0904304,0.10100099444389343,0.245968,1.33838,0.292711,0.701619,,,3.85779,0.0368317,0.0648782,999,,,,,,,26,5.2,27,5.4,,,,,,,,,,,,,,,,,,,"Yerry De los Santos","21420",660787
"Bryan King","HOU",0,0,0,4.1588,7,0,0,0.1066,,4.99904,21.3041,4.75028,2.49,2.31,0.628053,1.52253,0.0785075,0.311957,4.39802,7.91795,2.74107,2.88863,1.13071,0.20644,0.0714665,0.13497386872768402,0.243985,1.2548,0.285404,0.70136,,,4.05797,0.0367959,0.0648782,748.469970703125,,,,,,,13.7,2.7399999999999998,14,2.8,,,,,,,,,,,,,,,,,,,"Bryan King","25890",687911
"Cole Wilcox","SEA",0,0,0,4.4576,6,0,0,0.1072,,4.563,20.072,4.63872,2.43,2.26,0.400085,1.83656,0.103745,0.349131,3.99689,7.88342,3.6224,2.1763,0.789122,0.199128,0.0914984,0.1076292097568512,0.259345,1.41908,0.314221,0.683883,,,3.90834,0.036778,0.0649288,999,,,,,,,26,5.2,27,5.4,,,,,,,,,,,,,,,,,,,"Cole Wilcox","27481",677961
"Gordon Graceffo","STL",0,0,0,4.4314,9,0,0,1.9198,,6.90527,30.1997,6.94932,3.66,3.4,0.672259,2.81364,0.183634,0.202841,5.28298,6.88559,3.66717,1.87763,0.87619,0.174935,0.0931677,0.08176689594984055,0.255647,1.41384,0.295697,0.691805,,,4.12935,0.0366492,-0.0318527,999,,,,,,,30.3,4.328571428571428,31,4.428571428571429,,,,,,,,,,,,,,,,,,,"Gordon Graceffo","29519",700669
"Austin Peterson","CLE",0,0,0,3.96475,3,0,0,0,,2.6559,11.2567,2.48676,1.26,1.17,0.286088,0.794561,0.0788682,0.122467,2.47181,8.37618,2.69251,3.11092,0.969461,0.219586,0.0705857,0.14900050312280655,0.240507,1.23548,0.290258,0.701653,,,3.65816,0.0366478,0.0598439,999,,,,,,,18.000000000000004,6.000000000000001,16,5.333333333333333,,,,,,,,,,,,,,,,,,,"Austin Peterson","sa3020868",804926
"Ben Brown","CHC",0,0,0,3.65564,3,0,0,0.1005,,2.60966,10.9872,2.22398,1.14,1.06,0.249885,1.01045,0.0527385,0.085333,2.68866,9.27244,3.48477,2.66085,0.861783,0.244708,0.0919662,0.1527419537305832,0.224839,1.23941,0.283924,0.726075,,,3.5273,0.0365074,0.0598439,733.6500244140625,,,,,,,20.000000000000004,6.666666666666668,18,6,,,,,,,,,,,,,,,,,,,"Ben Brown","23590",676962
"Danny Coulombe",,0.225872,0.246086,0,4.17303,4,0,0,0,,7.074,30.2196,6.46786,3.53,3.28,0.784972,2.81158,0.130957,0.289932,5.64108,7.17694,3.57707,2.00637,0.998692,0.18667,0.0930383,0.0936313048005104,0.238507,1.31177,0.274641,0.702824,,,4.24635,0.0361475,-0.0316118,999,,,,,,,26.9,3.8428571428571425,25,3.5714285714285716,,,,,,,,,,,,,,,,,,,"Danny Coulombe","13293",543056
"Tanner Banks","PHI",0,0,0,4.42919,8,0,0,0.6375,,7.13224,30.67,7.16615,3.79,3.51,0.936047,2.15118,0.133346,0.338446,5.81366,7.33612,2.71452,2.70255,1.18117,0.189555,0.0701394,0.11941561102867126,0.254296,1.30637,0.290709,0.690324,,,4.20645,0.0358949,-0.0318285,999,,,,,,,31.3,4.4714285714285715,32,4.571428571428571,,,,,,,,,,,,,,,,,,,"Tanner Banks","16990",621383
"Ryan Gallagher","MIN",0,0,0.233761,5.21533,1,1,0,0,,4.435,19.3796,4.64615,2.74,2.57,0.71082,1.54045,0.0131953,0.170854,3.47564,7.05316,3.12605,2.25626,1.44248,0.179345,0.079488,0.0998573899269104,0.262965,1.39495,0.291898,0.663899,,,4.75715,0.0356413,-0.0441517,999,,,,,,,4.300000000000001,1.0750000000000002,7,1.75,,,,,,,,,,,,,,,,,,,"Ryan Gallagher","sa3031857",801594
"Chase Silseth","TEX",0,0,0,3.80713,10,0,0.157,2.3562,,6.33548,26.931,5.08828,2.87,2.68,0.622315,2.91034,0.13586,0.370587,5.71035,8.11196,4.13435,1.96209,0.884044,0.212037,0.108067,0.10396979749202728,0.215149,1.26251,0.257889,0.719566,,,4.11125,0.0355463,0.0162652,999,,,,,,,30.10000000000001,5.016666666666668,28,4.666666666666667,,,,,,,,,,,,,,,,,,,"Chase Silseth","30074",681217
"Kody Funderburk","MIN",0,0,0,4.14429,8,0,0,0.7356,,5.34229,23.2391,5.07514,2.65,2.46,0.434645,2.23933,0.104679,0.354784,4.48258,7.55167,3.77254,2.00175,0.732234,0.192889,0.0963605,0.09652885794639587,0.245829,1.36916,0.295051,0.69557,,,3.91963,0.0348228,-0.0372433,748.510009765625,,,,,,,30,6,31,6.2,,,,,,,,,,,,,,,,,,,"Kody Funderburk","24993",681892
"Jake Brooks","COL",0,0,0.245825,5.45378,4,1,0,0,,7.8056,34.5003,8.96803,5.07,4.73,1.19871,2.25683,0.158408,0.381203,4.84717,5.58887,2.60217,2.14777,1.38214,0.140496,0.0654149,0.07508150488138199,0.281463,1.43805,0.300945,0.644713,,,4.85171,0.0348062,-0.0285531,999,,,,,,,27.500000000000007,3.437500000000001,31,3.875,,,,,,,,,,,,,,,,,,,"Jake Brooks","sa3023205",694860
"Justin Martinez","ARI",0,0,0,4.09129,9,0,2.997,1.0701,,5.69746,25.0802,4.92073,2.78,2.59,0.499552,3.16268,0.189654,0.442267,5.95012,9.39911,4.99593,1.88135,0.789118,0.237244,0.126103,0.1111411303281784,0.229135,1.41877,0.294244,0.718227,,,4.03269,0.0347899,0.0162652,999,,,,,,,53.400000000000006,8.9,52,8.666666666666666,,,,,,,,,,,,,,,,,,,"Justin Martinez","24453",679885
"Seth Halvorsen","LAD",0,0,0,4.00432,7,0,0,0.6955,,4.20296,18.0808,3.78713,2.01,1.87,0.398105,1.84359,0.12157,0.164801,4.24354,9.08689,3.94776,2.30178,0.85248,0.234698,0.101964,0.1327347382903099,0.235629,1.3397,0.296482,0.713671,,,3.72896,0.0346689,0.0108434,712.510009765625,,,,,,,25.200000000000003,6.300000000000001,26,6.5,,,,,,,,,,,,,,,,,,,"Seth Halvorsen","33294",678020
"Ryan Weathers","NYY",0,0,0,3.59185,3,0,0,0.1087,,2.95669,12.4429,2.58186,1.27,1.18,0.293722,1.07754,0.0888392,0.110805,3.02769,9.21611,3.27996,2.80983,0.894072,0.243326,0.0865984,0.15672800689935684,0.229406,1.23767,0.288427,0.73561,,,3.53252,0.0341403,0.0598439,232.55999755859375,,,,,,,17.400000000000002,5.800000000000001,18,6,,,,,,,,,,,,,,,,,,,"Ryan Weathers","23796",677960
"Jordan Romano","COL",0,0,0,4.90328,10,0,3.794,0.5217,,7.72748,33.7926,7.49379,4.53,4.21,1.13082,2.9948,0.170155,0.496301,7.92412,9.22902,3.48797,2.64596,1.31704,0.234493,0.088623,0.14586979150772095,0.247308,1.35731,0.299483,0.669095,,,4.29019,0.0339031,-0.0796287,688.9600219726562,,,,,,,59.7,7.4625,58,7.25,,,,,,,,,,,,,,,,,,,"Jordan Romano","16122",605447
"Jack Anderson","MIN",0,0,0,4.40902,7,0,0,0.1061,,4.67451,20.0544,4.62971,2.46,2.29,0.614015,1.40465,0.158636,0.181983,4.06736,7.83104,2.70443,2.89563,1.18219,0.202817,0.0700422,0.13277437537908554,0.250692,1.29091,0.29128,0.690733,,,4.069,0.0334296,0.0648782,999,,,,,,,16.7,3.34,17,3.4,,,,,,,,,,,,,,,,,,,"Jack Anderson","30086",681252
"Wilber Dotel","PIT",0,0,0,4.28263,4,0,0,0.0925,,4.51826,19.7303,4.14935,2.32,2.15,0.465877,2.0911,0.132662,0.273403,4.21421,8.39436,4.16531,2.0153,0.92799,0.213591,0.105984,0.10760613530874252,0.238938,1.38116,0.290364,0.701556,,,4.12835,0.0332375,0.0651066,999,,,,,,,28.6,5.720000000000001,27,5.4,,,,,,,,,,,,,,,,,,,"Wilber Dotel","28901",696062
"Tyler Samaniego","BOS",0,0,0,3.69402,6,0,0,0.1085,,4.38547,18.6063,3.85493,1.95,1.8,0.379707,1.68898,0.148881,0.224915,3.63404,7.45789,3.46617,2.15162,0.779247,0.195312,0.0907745,0.1045379564166069,0.23094,1.26415,0.274101,0.717015,,,3.86088,0.0332037,0.0108435,999,,,,,,,21.200000000000003,5.300000000000001,22,5.5,,,,,,,,,,,,,,,,,,,"Tyler Samaniego","30081",701719
"Raymond Burgos","BOS",0,0,0,4.04583,7,0,0,0.6654,,5.11638,22.0022,4.97609,2.48,2.3,0.455234,1.83686,0.208478,0.224316,3.93668,6.92483,3.23114,2.14315,0.800781,0.178922,0.0834852,0.09543634951114655,0.24954,1.3316,0.290746,0.701622,,,3.90977,0.0328842,0.0648782,999,,,,,,,30,6,31,6.2,,,,,,,,,,,,,,,,,,,"Raymond Burgos","22370",670103
"Kohl Drake","ARI",0,0,0.276416,5.14752,2,1,0,0.103,,5.59492,24.6056,5.77076,3.43,3.2,0.900726,2.13464,0.0575415,0.276702,4.23958,6.8198,3.43379,1.98609,1.44891,0.172302,0.0867543,0.08554726839065552,0.260011,1.41296,0.285566,0.673561,,,4.95368,0.0328545,0.0662667,999,,,,,,,18.500000000000007,3.0833333333333344,19,3.1666666666666665,,,,,,,,,,,,,,,,,,,"Kohl Drake","32070",684442
"Michael Lorenzen","TOR",0,0,0.274515,4.80978,8,1,0,0.1023,,11.1523,48.5183,11.0265,6.38,5.96,1.70606,4.31203,0.145628,0.439152,8.68418,7.00822,3.47985,2.01394,1.37681,0.178988,0.0888744,0.0901135504245758,0.251936,1.37537,0.279249,0.691776,,,4.79278,0.0323892,0.0248347,999,,,,,,,34.2,3.1090909090909093,35,3.1818181818181817,,,,,,,,,,,,,,,,,,,"Michael Lorenzen","14843",547179
"Joe Boyle","TBR",0,0,0,4.0384,6,0,0,0.1205,,5.4378,23.7979,4.227,2.61,2.44,0.488529,3.36143,0.194684,0.322694,5.87344,9.72101,5.56343,1.7473,0.808555,0.246805,0.141249,0.10555589199066162,0.210154,1.39549,0.271852,0.721042,,,4.12355,0.0321491,-0.0371686,713.1400146484375,,,,,,,29.6,5.92,28,5.6,,,,,,,,,,,,,,,,,,,"Joe Boyle","29608",671212
"Alex Hoppe","BAL",0,0,0,4.31992,9,0,0.161,1.8532,,6.29179,27.6059,6.08105,3.25,3.02,0.594645,2.87329,0.129559,0.336206,5.78988,8.28205,4.11006,2.01507,0.850601,0.209733,0.104082,0.10565077513456345,0.24926,1.42318,0.304599,0.702346,,,4.00188,0.0321394,0.0162652,999,,,,,,,27.500000000000007,4.583333333333335,28,4.666666666666667,,,,,,,,,,,,,,,,,,,"Alex Hoppe","31880",695380
"Cam Booser","TBR",0,0,0,4.38579,10,0,0.196,2.1083,,7.75687,33.4323,6.97635,4.05,3.78,1.12057,3.18498,0.115094,0.337751,7.76774,9.01261,3.69541,2.43887,1.30015,0.232342,0.0952664,0.13707568496465683,0.233248,1.30998,0.278564,0.711237,,,4.32098,0.031722,0.0216871,999,,,,,,,43.7,5.4625,42,5.25,,,,,,,,,,,,,,,,,,,"Cam Booser","16061",592155
"Calvin Faucher","MIA",0,0,0,4.48492,10,0,1.283,1.6587,,7.20414,31.8353,6.79269,3.84,3.59,0.690305,3.6558,0.208792,0.343217,6.66376,8.32492,4.56713,1.82279,0.862386,0.20932,0.114835,0.09448502212762833,0.244023,1.45035,0.297936,0.696947,,,4.14435,0.0317112,-0.0318721,999,,,,,,,36.30000000000001,5.185714285714288,37,5.285714285714286,,,,,,,,,,,,,,,,,,,"Calvin Faucher","20116",676534
"Austin Warren","NYM",0,0,0,4.34532,8,0,0,1.1407,,5.59223,24.2977,5.27901,2.9,2.7,0.608545,2.3585,0.14092,0.274234,5.04816,8.1244,3.79572,2.14041,0.979379,0.207763,0.0970667,0.11069615930318832,0.243665,1.36574,0.291753,0.698176,,,4.10495,0.03148,0.0162653,999,,,,,,,27.10000000000001,4.516666666666668,25,4.166666666666667,,,,,,,,,,,,,,,,,,,"Austin Warren","24937",681810
"Chase Lee","TOR",0,0,0,4.18147,7,0,0,0.1023,,4.69213,20.1966,4.43198,2.35,2.18,0.533944,1.68178,0.179847,0.277395,4.08853,7.84222,3.22584,2.43107,1.02416,0.202436,0.0832705,0.11916561424732208,0.243016,1.30298,0.286305,0.701378,,,4.07262,0.0309731,0.0648782,999,,,,,,,16.299999999999997,3.2599999999999993,14,2.8,,,,,,,,,,,,,,,,,,,"Chase Lee","29574",695445
"Enmanuel De Jesus","DET",0,0,0,4.63377,8,0,0,0.6754,,6.09871,27.1315,6.06463,3.37,3.14,0.552298,2.78748,0.146271,0.435928,5.25444,7.7541,4.11355,1.88501,0.815039,0.193665,0.10274,0.09092586487531662,0.253664,1.45147,0.304525,0.678572,,,4.12313,0.0309562,0.0162653,999,,,,,,,21.500000000000007,3.5833333333333344,22,3.6666666666666665,,,,,,,,,,,,,,,,,,,"Enmanuel De Jesus","18554",646241
"Griffin Canning","SDP",0,0,0,4.06446,8,0,0,0.7117,,6.24437,26.7885,5.5716,3.05,2.82,0.74747,2.57093,0.159604,0.319494,5.90784,8.51496,3.70547,2.29794,1.07733,0.220536,0.0959713,0.12456507980823517,0.23314,1.30398,0.279777,0.717655,,,4.13594,0.030708,0.0162653,999,,,,,,,23.500000000000007,3.916666666666668,24,4,,,,,,,,,,,,,,,,,,,"Griffin Canning","19867",656288
"Justin Steele","CHC",0,0,0,3.31077,3,0,0,0.1005,,1.95725,8.14011,1.63094,0.78,0.72,0.151541,0.704614,0.0531139,0.0841667,2.0016,9.20395,3.24002,2.84071,0.696831,0.245894,0.0865608,0.1593329831957817,0.221857,1.19329,0.2846,0.732579,,,3.25359,0.0301165,0.00542174,605.5,,,,,,,10.600000000000001,5.300000000000001,11,5.5,,,,,,,,,,,,,,,,,,,"Justin Steele","17312",657006
"Blake Weiman","LAA",0,0,0,4.42629,8,0,0,0.7243,,6.79124,29.066,6.65586,3.6,3.34,0.985283,2.03539,0.136944,0.3002,5.98049,7.92556,2.69737,2.93825,1.30573,0.205755,0.0700264,0.13572874665260315,0.248999,1.27977,0.286905,0.696301,,,4.23992,0.030105,-0.0318285,999,,,,,,,31.3,4.4714285714285715,32,4.571428571428571,,,,,,,,,,,,,,,,,,,"Blake Weiman","20257",676620
"Gerardo Carrillo","ARI",0,0,0,3.9401,7,0,0,0.6595,,4.43136,19.5739,3.70962,2.08,1.94,0.31883,2.5127,0.203411,0.451604,4.6088,9.36037,5.10323,1.8342,0.647538,0.235456,0.128369,0.10708637535572052,0.223341,1.40415,0.290257,0.717166,,,3.94542,0.0299247,0.0108434,999,,,,,,,24.200000000000003,6.050000000000001,25,6.25,,,,,,,,,,,,,,,,,,,"Gerardo Carrillo","22754",672629
"Alec Gamboa","BOS",0,0,0,3.83254,8,0,0,1.0849,,5.84729,25.1687,5.05131,2.69,2.49,0.479856,2.74872,0.197332,0.242752,4.64919,7.15591,4.23076,1.6914,0.738582,0.184721,0.109212,0.07550906389951706,0.22777,1.33396,0.268149,0.716872,,,4.0948,0.0298813,0.0162653,999,,,,,,,36.400000000000006,6.066666666666667,35,5.833333333333333,,,,,,,,,,,,,,,,,,,"Alec Gamboa","26227",687941
"Germán Márquez","MIN",0,0,0.309943,5.38889,1,1,0,0,,4.86,21.4427,5.06387,3.1,2.91,0.786029,1.93282,0.0166088,0.219305,3.51211,6.50391,3.57929,1.81709,1.45561,0.16379,0.0901386,0.07365172356367111,0.262504,1.43965,0.285332,0.660876,,,5.06906,0.0296748,0.0142786,743.3200073242188,,,,,,,13.7,2.7399999999999998,14,2.8,,,,,,,,,,,,,,,,,,,"German Marquez","15038",608566
"Greg Weissert","BOS",0,0,0,4.26864,9,0,0,1.9577,,6.5782,28.1827,6.1211,3.37,3.12,0.783515,2.44352,0.139065,0.291546,5.33531,7.29953,3.34311,2.18346,1.07197,0.189312,0.0867029,0.10260897874832153,0.240537,1.30197,0.276147,0.695612,,,4.25697,0.0295687,0.0702392,999,,,,,,,35.9,5.128571428571428,34,4.857142857142857,,,,,,,,,,,,,,,,,,,"Greg Weissert","20375",669711
"Blake Treinen","LAD",0,0,0,3.95721,5,0,0,0.1186,,3.00212,12.6934,2.63273,1.42,1.32,0.306928,1.10194,0.0652716,0.155797,2.9216,8.75863,3.3035,2.65132,0.920136,0.230166,0.0868119,0.1433543562889099,0.230221,1.24401,0.283387,0.700361,,,3.72294,0.0294052,0.0595662,999,,,,,,,17.400000000000002,5.800000000000001,18,6,,,,,,,,,,,,,,,,,,,"Blake Treinen","12572",595014
"Angel Bastardo","BOS",0,0,0,3.75558,4,0,0,0,,2.92365,12.5102,2.43565,1.32,1.22,0.266216,1.36046,0.0822698,0.137943,3.02148,9.30117,4.18797,2.22093,0.819506,0.241522,0.108748,0.13277345895767212,0.221186,1.29842,0.280866,0.723288,,,3.7377,0.0291498,0.05967,999,,,,,,,20.000000000000004,6.666666666666668,18,6,,,,,,,,,,,,,,,,,,,"Angel Bastardo","sa3009716",682785
"Aaron Civale","CHC",0,0,0,4.25917,8,0,0,1.0049,,5.21933,22.21,4.925,2.67,2.47,0.686087,1.70636,0.105802,0.218963,4.54709,7.84082,2.94238,2.66479,1.18306,0.204732,0.0768285,0.12790340930223465,0.242795,1.27054,0.281628,0.698549,,,4.15647,0.0290219,-0.0372433,748.5800170898438,,,,,,,19.700000000000003,3.9400000000000004,20,4,,,,,,,,,,,,,,,,,,,"Aaron Civale","19479",650644
"Chris Devenski","NYM",0,0,0,4.37751,7,0,0,0.1097,,4.8932,20.8639,4.47461,2.56,2.38,0.628344,1.7325,0.0887493,0.248364,4.38885,8.07235,3.18657,2.53324,1.15571,0.210356,0.0830383,0.1273179054260254,0.236965,1.26852,0.277392,0.684591,,,4.17332,0.0289281,-0.0372113,999,,,,,,,16.299999999999997,3.2599999999999993,14,2.8,,,,,,,,,,,,,,,,,,,"Chris Devenski","12763",606965
"Mason Englert","TBR",0,0,0,4.11639,3,0,0,0.1205,,3.89176,16.4434,3.62154,1.91,1.78,0.50833,1.15948,0.121315,0.166928,3.47439,8.03481,2.6814,2.9965,1.17555,0.211294,0.0705135,0.14078029990196228,0.239567,1.2285,0.279606,0.705522,,,4.01834,0.0283403,0.0108438,999,,,,,,,9.9,2.475,10,2.5,,,,,,,,,,,,,,,,,,,"Mason Englert","22288",669438
"Tayler Saucedo","LAA",0,0,0,4.26431,9,0,0.158,1.9016,,7.64015,33.4915,7.34573,3.91,3.62,0.741863,3.42254,0.151187,0.488984,6.57673,7.74731,4.0317,1.9216,0.873905,0.19637,0.102191,0.0941789522767067,0.248334,1.40943,0.296651,0.704883,,,4.15995,0.0282904,0.0216871,999,,,,,,,41.7,5.2125,40,5,,,,,,,,,,,,,,,,,,,"Tayler Saucedo","17888",642048
"Braxton Roxby","SFG",0,0,0,4.30319,8,0,0,1.1302,,6.1071,26.8718,5.50548,3.13,2.92,0.628481,2.95299,0.270931,0.490023,5.70512,8.4076,4.3518,1.93198,0.926188,0.212309,0.109892,0.10241687297821045,0.234987,1.38502,0.285284,0.703094,,,4.24415,0.0281941,0.0162653,999,,,,,,,23.500000000000007,3.916666666666668,24,4,,,,,,,,,,,,,,,,,,,"Braxton Roxby","27793",694820
"Michael Rucker","SEA",0,0,0,4.64278,8,0,0,1.0937,,5.98995,26.1633,6.00273,3.33,3.09,0.819584,2.27996,0.0997797,0.358572,5.90437,8.87141,3.42568,2.58968,1.23144,0.225674,0.0871434,0.1385301798582077,0.255166,1.38276,0.308506,0.694114,,,4.21216,0.0277794,0.0162653,999,,,,,,,26.500000000000007,4.416666666666668,27,4.5,,,,,,,,,,,,,,,,,,,"Michael Rucker","19454",621074
"James Karinchak","ATL",0,0,0,4.61193,7,0,0,0.1108,,5.347,23.666,4.35345,2.94,2.74,0.636495,3.25244,0.166683,0.311147,6.46711,10.8853,5.47446,1.98839,1.07134,0.273265,0.137431,0.13583475351333618,0.216563,1.42246,0.285945,0.694867,,,4.21128,0.0276115,-0.0372113,999,,,,,,,17.299999999999997,3.4599999999999995,15,3,,,,,,,,,,,,,,,,,,,"James Karinchak","20151",675916
"Easton McGee","KCR",0,0,0,4.51897,5,0,0,0.1007,,3.56497,15.4325,3.58414,1.92,1.79,0.412152,1.15962,0.0862523,0.186523,3.02385,7.63391,2.92753,2.60763,1.0405,0.195941,0.0751415,0.12079954892396927,0.254441,1.33066,0.29783,0.677689,,,4.02269,0.0275032,0.0108435,999,,,,,,,22.200000000000003,5.550000000000001,23,5.75,,,,,,,,,,,,,,,,,,,"Easton McGee","22176",668834
"Ryan Thompson","ARI",0,0,0,4.43092,6,0,0,0.103,,3.79831,16.3692,3.82146,2.01,1.87,0.372674,1.1904,0.0877439,0.273748,2.82764,6.70002,2.82062,2.37537,0.883042,0.172742,0.0727221,0.10001981258392334,0.256387,1.3195,0.294649,0.668548,,,4.02639,0.0272408,0.0108435,748.4299926757812,,,,,,,22.200000000000003,5.550000000000001,23,5.75,,,,,,,,,,,,,,,,,,,"Ryan Thompson","16647",657044
"Jared Koenig","MIL",0,0,0,4.12981,6,0,0,0.0956,,4.29318,18.5786,4.08444,2.13,1.97,0.457151,1.64796,0.122905,0.256086,4.07869,8.55036,3.4547,2.47499,0.958348,0.219537,0.088702,0.13083497434854507,0.24495,1.33523,0.29882,0.707409,,,3.89808,0.0272116,0.0108435,748.489990234375,,,,,,,21.200000000000003,5.300000000000001,22,5.5,,,,,,,,,,,,,,,,,,,"Jared Koenig","27517",657649
"Sam Hentges","SFG",0,0,0,4.1147,4,0,0,0.1047,,3.17155,13.8385,3.07969,1.56,1.45,0.253186,1.35738,0.062298,0.151557,2.89948,8.22793,3.85187,2.13609,0.718474,0.209522,0.098087,0.11143552511930466,0.24978,1.39902,0.308001,0.704713,,,3.72004,0.0267843,-0.0424278,999,,,,,,,17.400000000000002,5.800000000000001,18,6,,,,,,,,,,,,,,,,,,,"Sam Hentges","18548",656529
"Marco Raya","MIN",0,0,0,4.1106,6,0,0,0.1061,,4.00672,17.3326,3.55058,1.96,1.83,0.428046,1.77744,0.0991424,0.231865,3.80606,8.54928,3.99254,2.14131,0.961489,0.21959,0.102549,0.1170407384634018,0.231712,1.32977,0.281584,0.712243,,,4.07679,0.0267833,0.0108435,999,,,,,,,21.200000000000003,5.300000000000001,22,5.5,,,,,,,,,,,,,,,,,,,"Marco Raya","30166",694397
"Eric Orze","MIN",0,0,0,4.33201,7,0,0,0.1061,,4.67451,20.2509,4.25459,2.42,2.25,0.500089,2.04423,0.100208,0.238008,3.9493,7.60374,3.93582,1.93193,0.962839,0.195018,0.100945,0.09407352656126022,0.236778,1.34748,0.277714,0.692807,,,4.2491,0.0264291,0.0648782,999,,,,,,,16.299999999999997,3.2599999999999993,14,2.8,,,,,,,,,,,,,,,,,,,"Eric Orze","27626",679358
"Shawn Armstrong","CLE",0,0,0,4.12063,5,0,0,0.1191,,3.31988,14.2041,3.09926,1.64,1.52,0.368088,1.17329,0.0329084,0.144489,3.01169,8.16452,3.18073,2.56687,0.997866,0.21203,0.0826026,0.12942715734243393,0.240508,1.28696,0.287294,0.700663,,,3.9012,0.0263896,-0.0425196,748.469970703125,,,,,,,17.400000000000002,5.800000000000001,18,6,,,,,,,,,,,,,,,,,,,"Shawn Armstrong","12857",542888
"Robby Ahlstrom","TEX",0,0,0,4.08484,7,0,0,0.1002,,4.67093,20.0634,4.22152,2.28,2.12,0.49875,1.87293,0.137998,0.22221,4.06424,7.83103,3.60878,2.16999,0.960998,0.20257,0.0933504,0.10921937972307205,0.234943,1.30476,0.277709,0.706877,,,4.07688,0.0262426,0.0648782,999,,,,,,,28.6,5.720000000000001,27,5.4,,,,,,,,,,,,,,,,,,,"Robby Ahlstrom","30167",695239
"Coleman Crow","MIL",0,0,0,3.99354,3,0,0,0.0956,,2.86212,12.197,2.58174,1.37,1.27,0.334785,1.00488,0.106081,0.146106,2.74807,8.64137,3.15986,2.73473,1.05274,0.225308,0.0823875,0.14292005449533463,0.233726,1.25313,0.282169,0.710929,,,3.89011,0.0261316,0.0598439,999,,,,,,,17.400000000000002,5.800000000000001,18,6,,,,,,,,,,,,,,,,,,,"Coleman Crow","27926",689441
"Brent Suter","ATL",0,0,0,4.62593,9,0,0,1.7065,,6.84836,29.7595,7.27029,3.79,3.52,0.780557,2.10374,0.0840633,0.40361,4.71305,6.19381,2.7647,2.24032,1.02579,0.158371,0.0706912,0.08767982572317123,0.266778,1.3688,0.298261,0.674298,,,4.28703,0.0260844,-0.0318527,999,,,,,,,33.3,4.757142857142857,34,4.857142857142857,,,,,,,,,,,,,,,,,,,"Brent Suter","13942",608718
"Eddy Yean","WSN",0,0,0,4.20165,7,0,0,0.5972,,5.098,22.2816,4.90652,2.57,2.38,0.457232,2.23108,0.222912,0.276012,4.10844,7.25304,3.93874,1.84146,0.807196,0.184387,0.100131,0.08425634354352951,0.248123,1.40008,0.292546,0.70298,,,4.11286,0.0257214,-0.0372113,999,,,,,,,30,6,31,6.2,,,,,,,,,,,,,,,,,,,"Eddy Yean","24248",678868
"Colton Gordon","MIL",0,0,0,4.10046,4,0,0,0.0956,,3.57765,15.2268,3.25804,1.76,1.63,0.474555,1.2109,0.154603,0.157323,3.22879,8.12241,3.04616,2.66645,1.1938,0.212046,0.0795239,0.13252221792936325,0.235091,1.24913,0.274093,0.712024,,,4.15006,0.0256446,0.0108436,999,,,,,,,24.8,6.2,23,5.75,,,,,,,,,,,,,,,,,,,"Colton Gordon","31312",676467
"Owen Murphy","ATL",0,0,0,4.18744,3,0,0,0.1108,,3.09497,13.3388,2.78279,1.55,1.44,0.358308,1.2635,0.14537,0.153474,3.00239,8.7308,3.67418,2.37626,1.04194,0.225088,0.0947237,0.1303640455007553,0.23342,1.30738,0.283197,0.70424,,,4.0217,0.0254209,-0.0422755,999,,,,,,,17.400000000000002,5.800000000000001,18,6,,,,,,,,,,,,,,,,,,,"Owen Murphy","31761",702566
"Tim Herrin","CLE",0,0,0,4.17184,9,0,0,2.1858,,5.97578,26.165,5.35062,2.99,2.77,0.551677,2.78434,0.133124,0.606681,5.41245,8.15159,4.19344,1.94389,0.830869,0.206858,0.106415,0.10044369101524353,0.234944,1.36132,0.285484,0.698796,,,4.17442,0.0253197,0.0162652,999,,,,,,,25.10000000000001,4.1833333333333345,23,3.8333333333333335,,,,,,,,,,,,,,,,,,,"Tim Herrin","25139",682120
"John Schreiber","KCR",0,0,0,4.53019,9,0,0.164,2.3301,,6.41695,27.991,6.22913,3.47,3.23,0.743185,2.55417,0.14142,0.34094,5.16211,7.24004,3.58231,2.02105,1.04234,0.184421,0.0912497,0.09317092597484589,0.248213,1.36876,0.285867,0.686221,,,4.33356,0.024615,0.0162652,999,,,,,,,25.500000000000007,4.250000000000001,26,4.333333333333333,,,,,,,,,,,,,,,,,,,"John Schreiber","20020",670167
"Robert Garcia","TEX",0,0,0,3.87771,4,0,0,0.1002,,2.6691,11.2412,2.40947,1.24,1.15,0.297015,0.874234,0.0615443,0.118876,2.36531,7.97566,2.94785,2.70559,1.00151,0.210416,0.0777708,0.13264480233192444,0.235115,1.23027,0.278478,0.712618,,,3.87385,0.0242152,0.05967,232.1199951171875,,,,,,,18.000000000000004,6.000000000000001,16,5.333333333333333,,,,,,,,,,,,,,,,,,,"Robert Garcia","23363",676395
"Juan Mejia","COL",0,0,0,5.01949,9,0,0.15,1.592,,6.95688,31.5926,7.0992,4.16,3.88,0.736586,3.55875,0.207183,0.59261,6.83775,8.84588,4.6039,1.92139,0.952909,0.216435,0.112645,0.10378995537757874,0.258705,1.532,0.320262,0.67499,,,4.28422,0.0239048,-0.0318527,748.510009765625,,,,,,,28.300000000000015,4.042857142857145,29,4.142857142857143,,,,,,,,,,,,,,,,,,,"Juan Mejia","23237",675848
"Yorman Gómez","CLE",0,0,0,4.1003,4,0,0,0,,2.6559,11.4461,2.33951,1.3,1.21,0.290507,1.13744,0.0863255,0.147081,2.62916,8.90939,3.85441,2.31148,0.984436,0.229699,0.099373,0.13032566010951996,0.23023,1.30914,0.282935,0.709048,,,3.9764,0.0238724,0.05967,999,,,,,,,20.000000000000004,6.666666666666668,18,6,,,,,,,,,,,,,,,,,,,"Yorman Gomez","sa3015931",691414
"Trent Baker","MIN",0,0,0,4.34645,4,0,0,0,,2.67114,11.6059,2.5414,1.39,1.29,0.302185,1.04921,0.0737673,0.130492,2.45119,8.2589,3.53514,2.33623,1.01817,0.211202,0.0904029,0.12079896777868271,0.243751,1.34422,0.291837,0.694736,,,4.04367,0.0235698,0.05967,999,,,,,,,15.400000000000002,5.133333333333334,16,5.333333333333333,,,,,,,,,,,,,,,,,,,"Trent Baker","sa3017504",694536
"Kade Morris","ATH",0,0,0.282433,5.0853,7,1,0,0.0992,,11.1498,49.4084,11.9306,6.76,6.3,1.53491,4.33121,0.327984,0.757902,7.47849,6.03657,3.49611,1.72665,1.23896,0.151361,0.0876615,0.06369922310113907,0.269196,1.45848,0.294445,0.673269,,,4.90081,0.0234895,-0.0709097,999,,,,,,,24.600000000000005,2.2363636363636368,28,2.5454545454545454,,,,,,,,,,,,,,,,,,,"Kade Morris","33787",695034
"Luis De León","BAL",0,0,0,3.6047,3,0,0,0,,2.79635,12.2166,2.46841,1.2,1.12,0.1492,1.50331,0.158953,0.145652,2.5901,8.33619,4.83837,1.72293,0.480197,0.212016,0.123055,0.08896058797836304,0.233582,1.42032,0.296259,0.736603,,,3.69354,0.023405,0.0598439,999,,,,,,,17.000000000000004,5.666666666666668,15,5,,,,,,,,,,,,,,,,,,,"Luis De Leon","sa3019283",801725
"Clayton Beeter","WSN",0,0,0,4.28403,9,0,4.284,0.4824,,6.55457,28.8028,5.57685,3.35,3.12,0.723645,3.83864,0.212436,0.211642,6.53802,8.97727,5.27079,1.70321,0.993628,0.226992,0.133273,0.09371921420097351,0.225304,1.43648,0.277471,0.721877,,,4.37745,0.023337,0.0702392,307.1400146484375,,,,,,,45.90000000000001,6.557142857142859,44,6.285714285714286,,,,,,,,,,,,,,,,,,,"Clayton Beeter","27494",690925
"Ty Madden","DET",0,0,0,4.51993,6,0,0,0.1013,,5.33637,23.4066,5.07065,2.89,2.68,0.610112,2.40942,0.131074,0.270537,4.7355,7.98661,4.06359,1.96541,1.02898,0.202315,0.102938,0.09937694668769836,0.244644,1.40172,0.290003,0.692745,,,4.30148,0.0230959,-0.0371686,999,,,,,,,15.7,3.1399999999999997,16,3.2,,,,,,,,,,,,,,,,,,,"Ty Madden","30140",680744
"Paul Sewald","TOR",0,0,0,4.38047,8,0,0,1.5192,,5.36244,22.5843,4.52203,2.8,2.61,0.968041,1.78788,0.0811409,0.308737,5.68183,9.53605,3.00068,3.17796,1.6247,0.251583,0.0791648,0.1724182367324829,0.220719,1.17669,0.256831,0.708407,,,4.48398,0.0230117,-0.0372433,389.9100036621094,,,,,,,25.700000000000003,5.140000000000001,26,5.2,,,,,,,,,,,,,,,,,,,"Paul Sewald","13892",623149
"Dennis Santana","ARI",0,0,0,4.21767,6,0,0,0.103,,3.79831,16.1986,3.51069,1.92,1.78,0.461505,1.32372,0.10556,0.148271,3.24999,7.70076,3.13652,2.45519,1.09352,0.200634,0.081718,0.11891553550958633,0.23839,1.27278,0.276818,0.695845,,,4.11423,0.0228134,0.0108435,150.50999450683594,,,,,,,22.200000000000003,5.550000000000001,23,5.75,,,,,,,,,,,,,,,,,,,"Dennis Santana","17878",642701
"Trevor Martin","LAA",0,0,0,4.36444,6,0,0,0.1086,,5.09343,21.9478,4.62842,2.66,2.47,0.662836,2.0063,0.105741,0.31181,4.50854,7.9665,3.54509,2.24719,1.17122,0.205421,0.0914121,0.11400870978832245,0.235787,1.3026,0.274277,0.696495,,,4.37014,0.0222971,-0.0371686,999,,,,,,,15.7,3.1399999999999997,16,3.2,,,,,,,,,,,,,,,,,,,"Trevor Martin","31878",694680
"Carlos Duran","KCR",0,0,0,4.43902,6,0,0,0.1007,,4.27797,19.0883,3.8964,2.26,2.11,0.376324,2.43411,0.128543,0.277054,4.27986,9.00398,5.12088,1.75829,0.791712,0.224213,0.127518,0.09669534862041473,0.237916,1.47979,0.300322,0.70137,,,4.12731,0.0218451,0.0108435,999,,,,,,,21.200000000000003,5.300000000000001,22,5.5,,,,,,,,,,,,,,,,,,,"Carlos Duran","24458",679922
"Tyler Zuber","MIA",0,0,0,4.55988,10,0,0.642,2.2338,,7.20414,31.5666,6.60584,3.91,3.65,0.917893,3.4275,0.333077,0.243219,6.47079,8.08384,4.28192,1.8879,1.14671,0.204988,0.10858,0.09640844166278839,0.236803,1.39272,0.277363,0.699947,,,4.47189,0.021586,-0.0318721,999,,,,,,,37.3,5.328571428571428,38,5.428571428571429,,,,,,,,,,,,,,,,,,,"Tyler Zuber","20379",676604
"Craig Yoho","CLE",0,0,0,4.18502,8,0,0,1.2384,,5.3118,22.9446,4.67637,2.66,2.47,0.632432,2.3631,0.0956416,0.375992,5.22253,8.84873,4.0039,2.21003,1.07155,0.227615,0.102992,0.12462320178747177,0.231441,1.32525,0.281797,0.711639,,,4.21176,0.0213559,-0.0372433,999,,,,,,,19.700000000000003,3.9400000000000004,20,4,,,,,,,,,,,,,,,,,,,"Craig Yoho","33248",684974
"Max Kranick","WSN",0,0,0,4.61872,8,0,0.163,1.577,,5.82628,25.209,5.77748,3.22,2.99,0.799368,1.96599,0.181355,0.24604,4.13303,6.38438,3.03692,2.10226,1.2348,0.16395,0.0779877,0.08596251159906387,0.251227,1.32906,0.275573,0.682854,,,4.58721,0.0210389,0.0162653,999,,,,,,,26.500000000000007,4.416666666666668,27,4.5,,,,,,,,,,,,,,,,,,,"Max Kranick","22175",668820
"Ryan Rolison","CHC",0,0,0,4.30707,9,0,0,1.5476,,5.87175,25.4752,5.72751,3.03,2.81,0.606207,2.37247,0.158955,0.222188,4.66946,7.15718,3.63643,1.96819,0.929172,0.183294,0.0931285,0.09016590565443039,0.250322,1.37948,0.290902,0.699183,,,4.16068,0.0209901,0.0162652,999,,,,,,,28.500000000000007,4.750000000000001,29,4.833333333333333,,,,,,,,,,,,,,,,,,,"Ryan Rolison","22200",669020
"Winston Santos","TEX",0,0,0,3.82151,3,0,0,0.1002,,2.00183,8.43134,1.72229,0.91,0.85,0.213178,0.671627,0.0606708,0.130916,1.87602,8.4344,3.01956,2.79325,0.958426,0.222506,0.0796584,0.14284740388393402,0.225762,1.19587,0.272423,0.708156,,,3.79616,0.0209703,0.00542174,999,,,,,,,10.600000000000001,5.300000000000001,11,5.5,,,,,,,,,,,,,,,,,,,"Winston Santos","28489",692437
"Orlando Ribalta","WSN",0,0,0,4.39388,9,0,0.488,1.7415,,6.55457,28.7216,5.87097,3.44,3.2,0.784031,3.29064,0.23558,0.243506,5.54772,7.61751,4.51834,1.68591,1.07654,0.193155,0.11457,0.07858484983444214,0.233091,1.39774,0.269782,0.709528,,,4.56315,0.0205932,0.0702392,999,,,,,,,34.9,4.985714285714286,33,4.714285714285714,,,,,,,,,,,,,,,,,,,"Orlando Ribalta","26247",687377
"Gavin Stone","LAD",0,0,0,3.85978,4,0,0,0.1186,,2.40169,10.1677,2.1929,1.11,1.03,0.250424,0.816033,0.0589993,0.0961025,2.30584,8.64082,3.05797,2.82568,0.938428,0.226782,0.0802576,0.1465243175625801,0.236929,1.25284,0.289954,0.714331,,,3.65805,0.0205618,0.00542171,999,,,,,,,10.600000000000001,5.300000000000001,11,5.5,,,,,,,,,,,,,,,,,,,"Gavin Stone","27792",694813
"Troy Taylor","SEA",0,0,0,4.21869,4,0,0,0.1072,,3.13605,13.6306,2.93609,1.58,1.47,0.306206,1.32615,0.0550438,0.219687,2.91339,8.361,3.80586,2.19688,0.878766,0.213739,0.0972921,0.11644654721021652,0.242958,1.35911,0.296654,0.699675,,,3.97347,0.020533,-0.0424278,999,,,,,,,17.400000000000002,5.800000000000001,18,6,,,,,,,,,,,,,,,,,,,"Troy Taylor","31883",700187
"Noah Murdock","PIT",0,0,0,4.29962,5,0,0,0.0925,,3.76778,16.8956,3.55524,1.93,1.8,0.239242,2.17828,0.0968028,0.310753,3.40486,8.13311,5.20322,1.56309,0.571471,0.201523,0.128926,0.0725974589586258,0.246779,1.52173,0.308108,0.704541,,,4.08329,0.0202937,0.0108435,999,,,,,,,19.200000000000003,4.800000000000001,20,5,,,,,,,,,,,,,,,,,,,"Noah Murdock","27908",668716
"Wandy Peralta","SDP",0,0,0,3.93475,9,0,0,1.153,,6.24437,26.8923,5.88073,2.96,2.73,0.549697,2.3841,0.124935,0.455139,4.34456,6.26182,3.43621,1.82231,0.792277,0.161554,0.0886538,0.07290048897266388,0.24449,1.32357,0.278256,0.707759,,,4.20031,0.020276,0.0162652,999,,,,,,,22.500000000000007,3.7500000000000013,23,3.8333333333333335,,,,,,,,,,,,,,,,,,,"Wandy Peralta","14295",593974
"Victor Vodnik","MIA",0,0,0,4.33625,9,0,0.321,1.7765,,6.55866,28.9982,6.22235,3.39,3.16,0.533678,3.60041,0.197549,0.108367,5.36244,7.35852,4.9406,1.4894,0.73233,0.184923,0.12416,0.060763321816921234,0.246046,1.49768,0.293332,0.708797,,,4.20238,0.0202489,0.0702392,496.760009765625,,,,,,,29.9,4.271428571428571,28,4,,,,,,,,,,,,,,,,,,,"Victor Vodnik","24614",680767
"Josh Fleming","STL",0,0,0,4.10556,4,0,0,0.1064,,3.06901,13.2887,3.24269,1.52,1.4,0.236781,0.99707,0.135645,0.132258,2.06423,6.05343,2.92395,2.07029,0.69437,0.155337,0.0750312,0.08030537515878677,0.266682,1.38148,0.304909,0.6959,,,3.84507,0.0201245,-0.0424278,999,,,,,,,15.400000000000002,5.133333333333334,16,5.333333333333333,,,,,,,,,,,,,,,,,,,"Josh Fleming","20418",676596
"Yoendrys Gómez","MIN",0,0,0,4.50378,10,0,3.443,0.9284,,6.4346,28.4833,5.78595,3.45,3.22,0.658754,3.33988,0.15557,0.499718,5.54115,7.75034,4.67145,1.65909,0.921391,0.19454,0.117258,0.07728268206119537,0.234784,1.41824,0.27799,0.691873,,,4.4821,0.020028,0.0162652,999,,,,,,,38.50000000000001,6.416666666666668,39,6.5,,,,,,,,,,,,,,,,,,,"Yoendrys Gomez","22872",672782
"Trevor Richards","CHW",0,0,0,4.42049,9,0,0,1.521,,6.37259,27.3612,5.73583,3.36,3.13,0.957379,2.53386,0.109518,0.193445,5.97257,8.43505,3.57857,2.3571,1.35211,0.218286,0.0926078,0.12567830830812454,0.232843,1.2977,0.269909,0.708534,,,4.44587,0.0196287,0.0162652,999,,,,,,,27.500000000000007,4.583333333333335,28,4.666666666666667,,,,,,,,,,,,,,,,,,,"Trevor Richards","19309",670950
"Brock Burke","CIN",0,0,0,4.47316,10,0,0.162,1.8739,,6.65972,28.7789,6.49624,3.57,3.31,0.904836,2.36852,0.259283,0.322743,5.72878,7.74192,3.20084,2.41872,1.2228,0.199062,0.0823005,0.11676113307476044,0.249016,1.3311,0.287416,0.696863,,,4.34154,0.0194956,-0.0318721,999,,,,,,,37.9,5.414285714285714,36,5.142857142857143,,,,,,,,,,,,,,,,,,,"Brock Burke","17968",656271
"Ben Peoples","TEX",0,0,0,4.04631,8,0,0,0.6414,,5.3382,22.9728,4.4358,2.58,2.4,0.591503,2.58042,0.122263,0.298672,4.64778,7.83598,4.35049,1.80117,0.997251,0.202317,0.112325,0.08999151736497879,0.220756,1.31434,0.258798,0.716894,,,4.40052,0.0194777,-0.0372433,999,,,,,,,19.299999999999997,3.8599999999999994,17,3.4,,,,,,,,,,,,,,,,,,,"Ben Peoples","26406",687239
"Connor Thomas","KCR",0,0,0,4.4811,8,0,0,1.5237,,5.70396,25.0028,5.98255,3.06,2.84,0.549577,2.0186,0.162235,0.408144,4.04448,6.38158,3.18505,2.0036,0.867151,0.161761,0.0807348,0.08102583140134811,0.264995,1.40274,0.302133,0.683258,,,4.19413,0.0193008,0.0162653,999,,,,,,,26.500000000000007,4.416666666666668,27,4.5,,,,,,,,,,,,,,,,,,,"Connor Thomas","25873",671162
"Emiliano Teodo","TEX",0,0,0,3.66865,5,0,0,0.1002,,3.33637,14.4212,2.57843,1.46,1.36,0.266467,1.90329,0.0911371,0.231692,3.30501,8.9154,5.1342,1.73647,0.718806,0.229177,0.131978,0.09719865024089813,0.209863,1.34329,0.265293,0.73545,,,4.06017,0.0186394,0.0595662,999,,,,,,,14.400000000000002,4.800000000000001,15,5,,,,,,,,,,,,,,,,,,,"Emiliano Teodo","27999",693713
"Bryan Hudson","CHW",0,0,0,4.52917,10,0,0.835,2.0347,,6.77608,29.7316,6.36546,3.67,3.41,0.772691,2.80274,0.154893,0.685224,5.80978,7.71656,3.7226,2.07289,1.02629,0.195407,0.0942679,0.10113942623138428,0.242552,1.35302,0.284457,0.679929,,,4.39523,0.0185486,-0.0318721,999,,,,,,,36.9,5.271428571428571,35,5,,,,,,,,,,,,,,,,,,,"Bryan Hudson","19924",663542
"Antwone Kelly","PIT",0,0,0,4.5615,5,0,0,0.0925,,4.51826,19.8488,4.38564,2.47,2.29,0.506773,1.93424,0.165109,0.269125,3.58696,7.14493,3.85284,1.85446,1.00945,0.180715,0.0974487,0.08326584845781326,0.248543,1.39874,0.286228,0.686204,,,4.41666,0.0184684,0.0649998,999,,,,,,,16.299999999999997,3.2599999999999993,14,2.8,,,,,,,,,,,,,,,,,,,"Antwone Kelly","29000",699008
"Cole Sulser","TBR",0,0,0,4.0401,4,0,0,0.1205,,3.11874,13.1327,2.64846,1.5,1.4,0.420597,1.19217,0.0845815,0.0875396,2.92376,8.43733,3.44033,2.45248,1.21375,0.222631,0.0907781,0.13185306638479233,0.223442,1.23147,0.261834,0.719796,,,4.19258,0.0183308,-0.0424278,999,,,,,,,17.400000000000002,5.800000000000001,18,6,,,,,,,,,,,,,,,,,,,"Cole Sulser","15256",642121
"Brant Hurter","DET",0,0,0,3.89591,3,0,0,0.1013,,2.28701,9.85733,2.14967,1.07,0.99,0.174321,0.75759,0.0614572,0.281832,1.9881,7.8237,2.98131,2.62425,0.685997,0.201688,0.0768555,0.12483236938714981,0.243785,1.2712,0.2968,0.689866,,,3.69911,0.0183039,0.00542174,999,,,,,,,10.600000000000001,5.300000000000001,11,5.5,,,,,,,,,,,,,,,,,,,"Brant Hurter","30133",676428
"Elvis Alvarado","ATH",0,0,0,4.64986,10,0,1.316,1.5703,,7.18087,31.8312,6.56208,3.99,3.71,0.909821,3.63753,0.19861,0.578969,7.26188,9.10153,4.55903,1.99638,1.14031,0.228137,0.114276,0.11386137455701828,0.23763,1.42039,0.290709,0.695687,,,4.46946,0.0182545,-0.0318721,748.52001953125,,,,,,,33.30000000000001,4.757142857142859,34,4.857142857142857,,,,,,,,,,,,,,,,,,,"Elvis Alvarado","21662",665660
"Cole Winn","TEX",0,0,0,4.04631,8,0,0,1.0022,,5.3382,23.0862,4.7203,2.58,2.4,0.486134,2.44147,0.113035,0.321786,4.05175,6.8311,4.11623,1.65956,0.819604,0.175505,0.105754,0.06975085288286209,0.232264,1.34161,0.268238,0.706934,,,4.30212,0.0179678,-0.0372433,999,,,,,,,30,6,31,6.2,,,,,,,,,,,,,,,,,,,"Cole Winn","22113",668390
"Carson Seymour","SFG",0,0,0,4.52566,9,0,0.519,2.2709,,6.84099,30.5358,6.87835,3.7,3.44,0.643219,3.45354,0.274568,0.377602,5.88951,7.74823,4.54347,1.70535,0.846218,0.192872,0.113098,0.07977402210235596,0.257571,1.51029,0.309099,0.703173,,,4.26393,0.0179086,-0.0318527,999,,,,,,,37.3,5.328571428571428,38,5.428571428571429,,,,,,,,,,,,,,,,,,,"Carson Seymour","30084",693313
"Nolan Hoffman","KCR",0,0,0,4.51266,4,0,0,0.1007,,2.85198,12.6156,2.78127,1.54,1.43,0.246739,1.33797,0.070959,0.167268,2.50469,7.90407,4.22224,1.87201,0.778635,0.19854,0.106057,0.09248265624046326,0.250331,1.44434,0.303213,0.683459,,,4.03496,0.0178461,-0.0424278,999,,,,,,,17.400000000000002,5.800000000000001,18,6,,,,,,,,,,,,,,,,,,,"Nolan Hoffman","23381",676510
"DL Hall","MIL",0,0,0,4.2486,9,0,0,1.5241,,6.43977,28.2054,5.71946,3.26,3.04,0.725026,3.26829,0.127553,0.331063,6.17831,8.63459,4.56765,1.89038,1.01327,0.219047,0.115875,0.10317260026931763,0.232441,1.39566,0.282128,0.718419,,,4.30495,0.0176758,0.0162652,999,,,,,,,27.500000000000007,4.583333333333335,28,4.666666666666667,,,,,,,,,,,,,,,,,,,"DL Hall","22207",669084
"Mitch Farris","LAA",0,0,0,4.5891,7,0,0,0.1086,,5.94234,26.2629,5.57946,3.26,3.03,0.739389,2.90348,0.142994,0.307546,6.01191,9.10538,4.39748,2.07059,1.11985,0.228913,0.110554,0.11835847795009613,0.242039,1.42754,0.296926,0.701273,,,4.29859,0.0176471,0.0162653,999,,,,,,,19.500000000000007,3.2500000000000013,20,3.3333333333333335,,,,,,,,,,,,,,,,,,,"Mitch Farris","33628",815083
"David Sandlin","CHW",0,0,0,4.25808,4,0,0,0.0988,,2.83226,12.2742,2.63198,1.44,1.34,0.323133,1.18392,0.0921808,0.129968,2.53687,8.06132,3.7621,2.14277,1.02681,0.206682,0.0964555,0.11022690683603287,0.240137,1.34729,0.285031,0.706374,,,4.16682,0.0176362,0.05967,999,,,,,,,17.400000000000002,5.800000000000001,18,6,,,,,,,,,,,,,,,,,,,"David Sandlin","31743",689818
"Huascar Brazobán","CHW",0,0,0,4.30347,7,0,0,0.0988,,4.95646,21.5355,4.66215,2.55,2.37,0.486235,2.10123,0.0686855,0.325044,3.83493,6.96352,3.81544,1.82509,0.882912,0.178075,0.0975707,0.08050467818975449,0.243974,1.36456,0.282385,0.692688,,,4.27978,0.0175616,-0.0372113,999,,,,,,,26,5.2,27,5.4,,,,,,,,,,,,,,,,,,,"Huascar Brazoban","6107",623211
"Garrett Acton","MIN",0,0,0,4.34645,4,0,0,0.1061,,2.67114,11.5854,2.39967,1.39,1.29,0.332893,1.13202,0.0979436,0.141023,2.56099,8.62885,3.81417,2.26231,1.12163,0.221054,0.0977114,0.12334246188402176,0.232699,1.32216,0.278599,0.698611,,,4.21574,0.0175347,0.05967,999,,,,,,,20.000000000000004,6.666666666666668,18,6,,,,,,,,,,,,,,,,,,,"Garrett Acton","27583",670183
"Garrett Stallings","MIL",0,0,0,4.67186,7,0,0,0.0956,,5.00871,21.9392,4.93079,2.81,2.6,0.71009,1.96643,0.198571,0.217412,4.69222,8.4313,3.53341,2.38616,1.27594,0.213874,0.0896309,0.12424306571483612,0.249593,1.37704,0.294063,0.692386,,,4.36078,0.0173938,-0.0372113,999,,,,,,,15.7,3.1399999999999997,16,3.2,,,,,,,,,,,,,,,,,,,"Garrett Stallings","27485",668831
"Yovanny Cruz","WSN",0,0,0,4.43336,8,0,0,0.9705,,5.82628,25.6695,5.25572,3.09,2.87,0.691818,2.89699,0.245757,0.411833,5.77389,8.91906,4.47505,1.99306,1.06867,0.224931,0.112857,0.1120743602514267,0.235043,1.3993,0.287128,0.704704,,,4.34872,0.0173708,0.0162653,999,,,,,,,26.10000000000001,4.350000000000001,24,4,,,,,,,,,,,,,,,,,,,"Yovanny Cruz","22622",672442
"Wyatt Mills","WSN",0,0,0,4.28403,6,0,0,0.0933,,4.36971,19.2294,3.89209,2.24,2.08,0.443496,2.19981,0.194333,0.313514,4.20054,8.65156,4.5308,1.9095,0.913439,0.218443,0.114398,0.10404526442289352,0.232835,1.39412,0.285667,0.704057,,,4.20571,0.0172141,0.0108435,999,,,,,,,21.200000000000003,5.300000000000001,22,5.5,,,,,,,,,,,,,,,,,,,"Wyatt Mills","20010",670090
"Mark Manfredi","COL",0,0,0,4.71365,8,0,0,0.6029,,6.18628,28.0266,5.61696,3.48,3.24,0.647691,3.85398,0.221143,0.444057,7.02198,10.2158,5.60689,1.82201,0.942281,0.250547,0.137511,0.11303554475307465,0.236717,1.53096,0.309439,0.699535,,,4.25856,0.0171215,0.0162653,999,,,,,,,22.500000000000007,3.7500000000000013,23,3.8333333333333335,,,,,,,,,,,,,,,,,,,"Mark Manfredi","33603",815081
"Jacob Waguespack","DET",0,0,0,4.64361,9,0,0,1.5602,,6.86104,30.4901,6.47129,3.8,3.54,0.73591,3.53092,0.104219,0.464922,6.19153,8.12176,4.6317,1.75351,0.965333,0.203067,0.115806,0.08726117759943008,0.244252,1.45783,0.293117,0.69129,,,4.42008,0.0169223,-0.0318527,999,,,,,,,31.9,4.557142857142857,30,4.285714285714286,,,,,,,,,,,,,,,,,,,"Jacob Waguespack","18318",621097
"Joe Rock","ATH",0,0,0,4.27933,4,0,0,0.0992,,2.96542,12.9602,2.85711,1.52,1.41,0.311204,1.17021,0.104332,0.244436,2.791,8.47065,3.55158,2.38504,0.944501,0.215351,0.0902924,0.12505868077278137,0.247463,1.3581,0.301526,0.6981,,,3.99642,0.0167155,-0.0424278,999,,,,,,,17.400000000000002,5.800000000000001,18,6,,,,,,,,,,,,,,,,,,,"Joe Rock","30016",697812
"Eiberson Castellano","COL",0,0,0.300829,5.59265,7,1,0,0.0942,,11.4257,51.9005,12.456,7.59,7.1,1.52741,5.36013,0.221556,0.871109,9.14472,7.20328,4.22216,1.70606,1.20314,0.176197,0.103277,0.07292022556066513,0.272744,1.5593,0.312271,0.65227,,,4.85661,0.0165693,-0.168722,999,,,,,,,25.600000000000005,2.3272727272727276,29,2.6363636363636362,,,,,,,,,,,,,,,,,,,"Eiberson Castellano","28040",682769
"Peter Strzelecki","STL",0,0,0,4.97359,5,0,0,0.1064,,3.83626,17.0347,3.94086,2.28,2.12,0.4547,1.55788,0.106686,0.266894,3.4179,8.01852,3.65484,2.19395,1.06674,0.200643,0.0914531,0.1091899499297142,0.259097,1.43336,0.307493,0.661998,,,4.26931,0.0165513,0.0108435,999,,,,,,,19.200000000000003,4.800000000000001,20,5,,,,,,,,,,,,,,,,,,,"Peter Strzelecki","21367",657265
"Michael Grove","TBR",0,0,0,4.81628,7,0,0,0.1205,,5.4378,23.6301,5.34029,3.12,2.91,0.859806,1.94034,0.15161,0.267684,5.20776,8.61926,3.21142,2.68394,1.42305,0.220387,0.0821131,0.13827379792928696,0.249289,1.33889,0.291802,0.684663,,,4.44164,0.0165338,-0.0372113,999,,,,,,,15.7,3.1399999999999997,16,3.2,,,,,,,,,,,,,,,,,,,"Michael Grove","23221",675627
"Braxton Garrett","CHC",0,0,0,3.86257,2,0,0,0.1005,,1.95725,8.30121,1.71589,0.91,0.84,0.207569,0.754668,0.0738747,0.105909,1.93172,8.8826,3.47019,2.55969,0.954465,0.232703,0.0909107,0.14179233461618423,0.23061,1.26226,0.284516,0.715865,,,3.80718,0.0165241,0.00542181,604.1099853515625,,,,,,,10.600000000000001,5.300000000000001,11,5.5,,,,,,,,,,,,,,,,,,,"Braxton Garrett","21844",666129
"Casey Legumina","TBR",0,0,0,4.40731,9,0,0,1.2527,,6.98385,30.0964,6.49012,3.67,3.42,0.95879,2.57488,0.181391,0.423253,5.68035,7.3202,3.31822,2.20606,1.23558,0.188739,0.0855546,0.10318411141633987,0.239504,1.298,0.270361,0.698591,,,4.52926,0.0164715,-0.0318527,999,,,,,,,30.9,4.414285714285714,29,4.142857142857143,,,,,,,,,,,,,,,,,,,"Casey Legumina","25921",668984
"DJ Herz","WSN",0,0,0,3.8927,2,0,0,0.0933,,2.91314,12.7087,2.28481,1.35,1.26,0.273466,1.73534,0.108865,0.1588,3.14104,9.70408,5.36123,1.81005,0.844858,0.247157,0.136547,0.11060938239097595,0.211271,1.38,0.2718,0.734102,,,4.09786,0.01646,0.0601952,999,,,,,,,17.000000000000004,5.666666666666668,15,5,,,,,,,,,,,,,,,,,,,"DJ Herz","26389",687792
"Ben Joyce","LAA",0,0,0,4.60452,10,0,4.149,0.5441,,8.20932,36.4442,8.16474,4.52,4.2,0.80127,3.8742,0.140986,0.564345,6.71307,7.35964,4.24734,1.73276,0.878445,0.184201,0.106305,0.077896349132061,0.255103,1.4665,0.300656,0.688727,,,4.33876,0.0162082,-0.0796287,738.6500244140625,,,,,,,49.10000000000001,6.137500000000001,50,6.25,,,,,,,,,,,,,,,,,,,"Ben Joyce","31461",690829
"Gavin Collyer","TEX",0,0,0,4.18118,6,0,0,0.1002,,4.00365,17.5649,3.29358,1.99,1.86,0.381296,2.23014,0.0966007,0.339847,3.90555,8.77947,5.01324,1.75126,0.857135,0.22235,0.126966,0.0953839123249054,0.219647,1.37967,0.271972,0.708174,,,4.29618,0.016052,0.0108435,999,,,,,,,23.8,5.95,22,5.5,,,,,,,,,,,,,,,,,,,"Gavin Collyer","26349",686560
"Jack Ralston","MIA",0,0,0,4.2402,9,0,0,1.1311,,6.55866,28.9087,5.21382,3.29,3.09,0.682393,4.15082,0.204843,0.361311,6.5477,8.98496,5.69588,1.57745,0.936402,0.226496,0.143584,0.08291207253932953,0.213711,1.42783,0.263969,0.722372,,,4.50318,0.0159654,0.0702392,999,,,,,,,32.500000000000014,4.642857142857145,28,4,,,,,,,,,,,,,,,,,,,"Jack Ralston","26104",667652
"Caleb Kilian","PHI",0,0,0,4.29618,3,0,0,0.0996,,2.78619,12.2167,2.58899,1.43,1.33,0.277188,1.33569,0.122542,0.145861,2.53174,8.17804,4.31456,1.89545,0.895378,0.207235,0.109333,0.09790235757827759,0.241169,1.40862,0.291664,0.705386,,,4.15458,0.0159328,0.0598439,999,,,,,,,17.400000000000002,5.800000000000001,18,6,,,,,,,,,,,,,,,,,,,"Caleb Kilian","26213",668873
"Wikelman González","MIA",0,0,0,4.41516,8,0,0,0.7262,,5.82992,26.105,4.87343,3.05,2.86,0.527603,3.80709,0.204652,0.386436,5.63399,8.69754,5.87724,1.47987,0.814492,0.215821,0.145838,0.06998276710510254,0.222415,1.48896,0.275928,0.708966,,,4.485,0.0159105,0.0162653,999,,,,,,,23.10000000000001,3.8500000000000014,21,3.5,,,,,,,,,,,,,,,,,,,"Wikelman Gonzalez","26641",682790
"Tyler Gilbert","CHW",0,0,0,4.42755,6,0,0,0.0988,,4.24839,18.3807,4.06687,2.25,2.09,0.517225,1.49031,0.0975862,0.319566,3.54629,7.51262,3.15714,2.37957,1.09571,0.192935,0.08108,0.11185509711503983,0.245423,1.30807,0.283805,0.684282,,,4.27463,0.0158644,0.0108435,999,,,,,,,11.9,2.975,12,3,,,,,,,,,,,,,,,,,,,"Tyler Gilbert","17964",656457
"Taylor Clarke","ARI",0,0,0,4.37168,8,0,0,1.5586,,5.06441,21.6593,4.96391,2.65,2.46,0.658155,1.60139,0.0869732,0.166,3.6369,6.46315,2.84584,2.27109,1.16961,0.167914,0.0739353,0.09397825598716736,0.249544,1.29636,0.276065,0.693725,,,4.38349,0.0157916,-0.0372433,999,,,,,,,21.700000000000003,4.340000000000001,22,4.4,,,,,,,,,,,,,,,,,,,"Taylor Clarke","17611",664199
"Spencer Strider","ATL",0,0,0,4.29213,2,0,0,0.1108,,1.59361,6.8845,1.39983,0.82,0.76,0.201665,0.694668,0.0499862,0.080027,1.7596,9.93742,3.92317,2.53301,1.13891,0.255589,0.100903,0.15468545258045197,0.229112,1.31431,0.288816,0.703301,,,3.97851,0.0156046,0.00542181,124.86000061035156,,,,,,,13.200000000000001,6.6000000000000005,11,5.5,,,,,,,,,,,,,,,,,,,"Spencer Strider","27498",675911
"JP Sears","SDP",0,0,0,4.24823,3,0,0,0.1068,,2.77527,11.9283,2.57988,1.42,1.31,0.346459,1.02512,0.104168,0.156627,2.41332,7.82623,3.32438,2.35419,1.12354,0.20232,0.0859402,0.1163795068860054,0.240066,1.29897,0.279641,0.70033,,,4.24453,0.0153521,0.0598439,999,,,,,,,15.400000000000002,5.133333333333334,16,5.333333333333333,,,,,,,,,,,,,,,,,,,"JP Sears","23429",676664
"Mike Paredes","MIN",0,0,0,4.22291,3,0,0,0.1061,,2.00336,8.56702,1.90934,1.01,0.94,0.219584,0.666253,0.0518143,0.0866218,1.58102,7.10264,2.99311,2.373,0.986469,0.184547,0.0777695,0.10677719861268997,0.244344,1.28564,0.280992,0.690244,,,4.05731,0.0152885,0.00542174,999,,,,,,,10.600000000000001,5.300000000000001,11,5.5,,,,,,,,,,,,,,,,,,,"Mike Paredes","30187",702474
"Austin Love","STL",0,0,0,4.48679,4,0,0,0,,3.06901,13.5558,2.97356,1.65,1.53,0.31304,1.42081,0.0846504,0.179729,2.8074,8.23283,4.16659,1.97592,0.918002,0.207101,0.104812,0.10228816419839859,0.248725,1.43185,0.301142,0.693704,,,4.1444,0.0152617,-0.0424278,999,,,,,,,17.400000000000002,5.800000000000001,18,6,,,,,,,,,,,,,,,,,,,"Austin Love","sa3017609",676153
"Jaden Hill","COL",0,0,0,4.87169,11,0,0.3,1.9417,,8.49808,37.9053,8.37686,4.94,4.6,0.935198,4.06663,0.156078,0.645799,7.64119,8.0925,4.30681,1.879,0.990434,0.201586,0.107284,0.09430234134197235,0.252369,1.46427,0.302303,0.673913,,,4.37924,0.0151344,-0.0796946,999,,,,,,,35.10000000000001,4.387500000000001,36,4.5,,,,,,,,,,,,,,,,,,,"Jaden Hill","30250",677955
"Brady Basso","ATH",0,0,0,4.77504,9,0,0,1.4724,,6.67219,29.1181,7.00552,3.81,3.54,0.926204,2.18705,0.256067,0.295216,5.1584,6.95807,2.95007,2.35861,1.24934,0.177154,0.0751095,0.10204476863145828,0.263011,1.37774,0.295813,0.681693,,,4.45782,0.0150535,-0.0318527,999,,,,,,,29.3,4.185714285714286,30,4.285714285714286,,,,,,,,,,,,,,,,,,,"Brady Basso","25582",669620
"Jhonathan Díaz","SEA",0,0,0,4.08657,3,0,0,0.1072,,2.42257,10.4936,2.33106,1.19,1.1,0.215213,0.937296,0.105175,0.143108,2.10611,7.82432,3.48211,2.247,0.799528,0.200705,0.0893211,0.11138373613357544,0.247638,1.34913,0.298349,0.700477,,,3.83742,0.0150351,0.00542174,999,,,,,,,10.600000000000001,5.300000000000001,11,5.5,,,,,,,,,,,,,,,,,,,"Jhonathan Diaz","20298",646242
"Blake Walston","ARI",0,0,0,3.98072,3,0,0,0.103,,1.89916,8.17419,1.72434,0.91,0.84,0.17489,0.774332,0.0621619,0.0907036,1.66836,7.90629,3.66952,2.15458,0.828795,0.204101,0.0947289,0.10937253385782242,0.235915,1.31568,0.283476,0.704878,,,3.89001,0.014957,0.00542174,999,,,,,,,10.600000000000001,5.300000000000001,11,5.5,,,,,,,,,,,,,,,,,,,"Blake Walston","26270",686796
"Matt Bowman","MIN",0,0,0,4.616,4,0,0,0.1061,,2.67114,11.7198,2.66919,1.47,1.37,0.290098,1.04024,0.0536648,0.173462,2.27996,7.68197,3.50491,2.19177,0.977441,0.19454,0.0887591,0.1057804673910141,0.254061,1.3887,0.299784,0.677938,,,4.15124,0.014909,0.05967,999,,,,,,,15.400000000000002,5.133333333333334,16,5.333333333333333,,,,,,,,,,,,,,,,,,,"Matt Bowman","13528",621199
"Tyler Schweitzer","CHW",0,0,0,4.3693,8,0,0,1.0074,,5.66453,24.5343,5.58704,2.96,2.75,0.621945,2.08114,0.140671,0.215929,4.03342,6.40845,3.30658,1.93809,0.988168,0.164399,0.0848256,0.07957383990287781,0.251247,1.35372,0.282399,0.692638,,,4.30317,0.0148968,0.0162653,999,,,,,,,22.500000000000007,3.7500000000000013,23,3.8333333333333335,,,,,,,,,,,,,,,,,,,"Tyler Schweitzer","31920",805326
"Jhony Brito","SDP",0,0,0,4.31309,4,0,0,0.1068,,2.77527,11.9652,2.73727,1.44,1.33,0.303259,0.957022,0.0964991,0.120106,2.015,6.5345,3.10355,2.10549,0.983446,0.168405,0.0799838,0.08842151612043381,0.251401,1.33115,0.284022,0.689443,,,4.21613,0.0148923,0.05967,999,,,,,,,15.400000000000002,5.133333333333334,16,5.333333333333333,,,,,,,,,,,,,,,,,,,"Jhony Brito","25386",666745
"Kyle Backhus","PHI",0,0,0,4.70263,4,0,0,0.0996,,3.6554,16.2482,3.77854,2.06,1.91,0.382739,1.46366,0.124918,0.344253,3.07444,7.5696,3.6037,2.10051,0.942346,0.189217,0.0900814,0.09913526475429535,0.261666,1.4341,0.309183,0.676149,,,4.24616,0.0148801,0.0108436,999,,,,,,,22.200000000000003,5.550000000000001,23,5.75,,,,,,,,,,,,,,,,,,,"Kyle Backhus","29615",679775
"Johan Oviedo","BOS",0,0,0,4.15577,3,0,0,0.1085,,2.92365,12.6563,2.44134,1.45,1.35,0.342626,1.44079,0.0732793,0.192438,2.88195,8.87165,4.43524,2.00026,1.05472,0.227709,0.113839,0.1138693317770958,0.221475,1.32784,0.269118,0.714817,,,4.31125,0.0148513,0.0598439,536.780029296875,,,,,,,20.000000000000004,6.666666666666668,18,6,,,,,,,,,,,,,,,,,,,"Johan Oviedo","22487",670912
"Logan VanWey","HOU",0,0,0,4.25331,4,0,0,0.1066,,2.8566,12.3401,2.47622,1.45,1.35,0.374378,1.29765,0.0843211,0.16129,2.85926,9.00839,4.08839,2.20341,1.17952,0.231704,0.105157,0.12654708325862885,0.227569,1.32111,0.274839,0.715094,,,4.31743,0.0148227,0.05967,999,,,,,,,20.000000000000004,6.666666666666668,18,6,,,,,,,,,,,,,,,,,,,"Logan VanWey","31884",701121
"Hunter Stratton","SDP",0,0,0,4.54009,5,0,0,0.1068,,3.46909,15.1378,3.38339,1.88,1.75,0.426215,1.33247,0.089467,0.228713,3.04901,7.91017,3.45688,2.28824,1.10575,0.201417,0.0880227,0.1133941039443016,0.249207,1.35939,0.292749,0.688456,,,4.27281,0.0145166,-0.0425196,999,,,,,,,17.400000000000002,5.800000000000001,18,6,,,,,,,,,,,,,,,,,,,"Hunter Stratton","23455",676702
"Nate Pearson","KCR",0,0,0,4.78198,10,0,2.132,1.3008,,7.00129,30.9019,6.62057,3.98,3.72,0.873176,3.19014,0.163022,0.488866,5.92497,7.61641,4.10086,1.85727,1.12245,0.191735,0.103234,0.08850005269050598,0.243198,1.40127,0.281393,0.678916,,,4.58857,0.0144777,-0.0318721,999,,,,,,,38.3,5.471428571428571,39,5.571428571428571,,,,,,,,,,,,,,,,,,,"Nate Pearson","20160",663878
"Luis Morales","ATH",0,0,0.374303,5.36106,5,1,0,0.0992,,9.50185,42.6196,9.84547,6.04,5.66,1.46238,4.611,0.184202,0.456461,7.22609,6.84444,4.36747,1.56714,1.38514,0.169549,0.10819,0.06135892868041992,0.262182,1.52144,0.290438,0.678248,,,5.16308,0.0144596,-0.0179535,735.3200073242188,,,,,,,34.7,3.47,36,3.6,,,,,,,,,,,,,,,,,,,"Luis Morales","32227",806960
"Nestor Cortes","PHI",0,0,0,4.49228,7,0,0,0.0996,,7.13224,30.9887,6.57398,3.83,3.56,1.00415,3.09598,0.204529,0.336961,6.05263,7.63767,3.90674,1.955,1.26712,0.195317,0.0999066,0.09541046619415283,0.23857,1.35581,0.271712,0.706662,,,4.66036,0.0142327,-0.0317974,999,,,,,,,24.3,3.4714285714285715,25,3.5714285714285716,,,,,,,,,,,,,,,,,,,"Nestor Cortes","17874",641482
"Jose Quintana","COL",0,0,0.534137,6.04715,2,2,0,0,,9.034,41.0157,10.5826,6.47,6.07,1.48125,3.83317,0.0307697,0.391217,5.38534,5.36507,3.81875,1.40493,1.47567,0.131299,0.0934562,0.03784316033124924,0.287639,1.59573,0.304142,0.643799,,,5.42548,0.0142106,-0.0307142,999,,,,,,,23.70000000000001,2.6333333333333346,30,3.3333333333333335,,,,,,,,,,,,,,,,,,,"Jose Quintana","11423",500779
"Thomas Harrington","PIT",0,0,0,4.95145,3,0,0,0.0925,,3.0173,13.338,3.17123,1.78,1.66,0.382927,1.13396,0.0942742,0.14193,2.37396,7.08104,3.38239,2.0935,1.14219,0.177985,0.0850176,0.09296702593564987,0.262909,1.42684,0.29965,0.669973,,,4.42821,0.0137995,-0.0422755,999,,,,,,,15.400000000000002,5.133333333333334,16,5.333333333333333,,,,,,,,,,,,,,,,,,,"Thomas Harrington","31989",802419
"Mason Black","KCR",0,0,0.312172,5.41394,4,1,0,0.1007,,7.92953,35.5305,8.3909,5.09,4.77,1.15169,3.55365,0.124925,0.4561,5.30899,6.0257,4.03339,1.49395,1.30717,0.149421,0.100017,0.049403853714466095,0.266203,1.50634,0.288875,0.663417,,,5.14947,0.0136825,-0.0285531,999,,,,,,,24.100000000000005,3.0125000000000006,25,3.125,,,,,,,,,,,,,,,,,,,"Mason Black","30171",696131
"Mitch Spence","KCR",0,0,0,4.60733,2,0,0,0.1007,,2.85198,12.4784,2.94118,1.57,1.46,0.29844,1.05082,0.0976345,0.152348,2.12651,6.71063,3.31606,2.02367,0.941787,0.170415,0.0842105,0.0862041488289833,0.260852,1.39973,0.298604,0.677637,,,4.21808,0.0135302,-0.0419738,999,,,,,,,15.400000000000002,5.133333333333334,16,5.333333333333333,,,,,,,,,,,,,,,,,,,"Mitch Spence","27707",687765
"Isaac Mattson","PIT",0,0,0,4.5615,6,0,0,0.0925,,4.51826,19.8365,4.07302,2.46,2.29,0.553881,2.28657,0.0900115,0.168324,3.85075,7.67038,4.55467,1.68407,1.10329,0.194125,0.115271,0.07885342836380005,0.23433,1.40753,0.271184,0.698331,,,4.60245,0.0133499,0.0649288,999,,,,,,,16.299999999999997,3.2599999999999993,14,2.8,,,,,,,,,,,,,,,,,,,"Isaac Mattson","20385",676755
"Sawyer Gipson-Long","DET",0,0,0,4.30911,2,0,0,0.1013,,1.52468,6.54524,1.46823,0.79,0.73,0.178918,0.501338,0.0440479,0.0856475,1.32639,7.82951,2.95934,2.64569,1.05613,0.202649,0.0765958,0.126053087413311,0.246419,1.29179,0.28954,0.686161,,,4.02397,0.0132124,0.00542181,999,,,,,,,11.200000000000001,5.6000000000000005,9,4.5,,,,,,,,,,,,,,,,,,,"Sawyer Gipson-Long","26048",687830
"Hunter Bigge","TBR",0,0,0,4.18439,4,0,0,0.1205,,3.11874,13.4152,2.64744,1.55,1.45,0.374013,1.4594,0.0746104,0.134759,2.88049,8.31247,4.21151,1.97375,1.07932,0.214719,0.108787,0.10593152791261673,0.22396,1.31683,0.265385,0.713559,,,4.32863,0.0131429,-0.0424278,999,,,,,,,17.400000000000002,5.800000000000001,18,6,,,,,,,,,,,,,,,,,,,"Hunter Bigge","26259",685801
"Max Lazar","PHI",0,0,0,4.45642,4,0,0,0.0996,,3.6554,15.7853,3.6562,1.95,1.81,0.449459,1.31627,0.113576,0.0871308,2.69818,6.64322,3.24079,2.04988,1.10662,0.17093,0.0833853,0.08754437416791916,0.254222,1.36031,0.285442,0.695904,,,4.35731,0.0130503,0.0108436,999,,,,,,,22.200000000000003,5.550000000000001,23,5.75,,,,,,,,,,,,,,,,,,,"Max Lazar","23426",676661
"Rob Zastryzny","MIL",0,0,0,4.15077,3,0,0,0.0956,,2.14659,9.19357,1.92269,1.07,0.99,0.28531,0.818188,0.0558625,0.109274,2.10481,8.82484,3.43041,2.57253,1.19622,0.228944,0.0889957,0.13994818925857544,0.232599,1.27685,0.278656,0.71361,,,4.14634,0.0128882,0.00542174,999,,,,,,,10.600000000000001,5.300000000000001,11,5.5,,,,,,,,,,,,,,,,,,,"Rob Zastryzny","15094",642239
"Tanner Houck","BOS",0,0,0,3.89924,3,0,0,0.1085,,2.19273,9.38222,2.02368,1.02,0.95,0.183997,0.814991,0.0545442,0.157256,1.71919,7.05634,3.3451,2.10946,0.75521,0.183239,0.0868655,0.09637336432933807,0.240628,1.29458,0.282732,0.704617,,,3.93633,0.0128667,0.00542174,999,,,,,,,10.600000000000001,5.300000000000001,11,5.5,,,,,,,,,,,,,,,,,,,"Tanner Houck","19879",656557
"Anthony Bender","MIA",0,0,0,4.15786,3,0,0,0.1047,,2.18622,9.37868,1.91028,1.08,1.01,0.228696,0.901193,0.056057,0.132317,1.99276,8.20361,3.70994,2.21125,0.941474,0.212478,0.0960895,0.11638855934143066,0.228908,1.286,0.274602,0.695008,,,4.03846,0.0126715,0.00542174,999,,,,,,,10.600000000000001,5.300000000000001,11,5.5,,,,,,,,,,,,,,,,,,,"Anthony Bender","19742",669622
"Phil Maton","CHC",0,0,0,3.44872,2,0,0,0.1005,,1.30483,5.47848,1.00689,0.54,0.5,0.129058,0.523196,0.019896,0.117439,1.56142,10.7698,3.60872,2.98439,0.890169,0.28501,0.0955003,0.18950984627008438,0.208127,1.17263,0.278909,0.73372,,,3.44878,0.0126532,-0.0473679,743.3800048828125,,,,,,,5.800000000000001,5.800000000000001,6,6,,,,,,,,,,,,,,,,,,,"Phil Maton","18064",664208
"Cameron Foster","BAL",0,0,0,4.53806,4,0,0,0.1041,,2.79635,12.2483,2.64825,1.52,1.41,0.338481,1.25503,0.0641524,0.14405,2.51352,8.08972,4.0393,2.00275,1.0894,0.205214,0.102466,0.10274801403284073,0.244096,1.39585,0.288822,0.694954,,,4.36019,0.0124047,-0.0424278,999,,,,,,,17.400000000000002,5.800000000000001,18,6,,,,,,,,,,,,,,,,,,,"Cameron Foster","31942",671382
"Jimmy Herget","COL",0,0,0,5.48562,10,0,0.449,1.7864,,7.72748,34.6823,8.39887,5.06,4.71,1.12617,2.86488,0.177717,0.648311,6.83811,7.96418,3.33665,2.38688,1.31162,0.197165,0.0826036,0.11456094682216644,0.269462,1.45762,0.313414,0.640412,,,4.57201,0.0124034,-0.0796287,999,,,,,,,36.10000000000001,4.512500000000001,37,4.625,,,,,,,,,,,,,,,,,,,"Jimmy Herget","17556",623474
"Joel Kuhnel","MIL",0,0,0,4.62874,5,0,0,0.0956,,3.57765,15.5887,3.80959,1.99,1.84,0.432797,1.11112,0.0787233,0.214855,2.66844,6.71278,2.79516,2.40157,1.08875,0.171178,0.0712778,0.09990062564611435,0.267102,1.3754,0.302541,0.679224,,,4.27616,0.0123337,0.0108435,999,,,,,,,22.200000000000003,5.550000000000001,23,5.75,,,,,,,,,,,,,,,,,,,"Joel Kuhnel","19995",669270
"Shaun Anderson","LAA",0,0,0,4.52347,3,0,0,0.1086,,2.54672,11.1099,2.55362,1.38,1.28,0.32208,0.977153,0.0636317,0.0957497,2.06183,7.28642,3.45322,2.11003,1.13822,0.185584,0.0879532,0.09763101488351822,0.25442,1.3864,0.291586,0.698334,,,4.37212,0.0123176,0.0598439,999,,,,,,,15.400000000000002,5.133333333333334,16,5.333333333333333,,,,,,,,,,,,,,,,,,,"Shaun Anderson","19453",641312
"Josh Walker","BAL",0,0,0,4.68036,10,0,0.161,2.0155,,6.73026,29.5637,6.29651,3.76,3.5,0.956758,3.08084,0.254854,0.350037,6.472,8.65465,4.11984,2.10073,1.27942,0.218917,0.10421,0.11470689624547958,0.240942,1.39331,0.285486,0.698859,,,4.53746,0.0122713,-0.0318721,999,,,,,,,34.9,4.985714285714286,33,4.714285714285714,,,,,,,,,,,,,,,,,,,"Josh Walker","23617",677020
"Ricky Vanasco","ATL",0,0,0,4.587,5,0,0,0.1108,,3.84565,17.1129,3.59953,2.1,1.96,0.412653,2.06939,0.144418,0.209896,3.61585,8.46221,4.84301,1.7473,0.965735,0.211294,0.120926,0.09036844968795776,0.242661,1.47411,0.294942,0.700997,,,4.3759,0.0120943,0.0108435,999,,,,,,,21.200000000000003,5.300000000000001,22,5.5,,,,,,,,,,,,,,,,,,,"Ricky Vanasco","23391",676568
"Lucas Erceg","KCR",0,0,0,4.4811,6,0,0,0.1007,,4.27797,18.7866,4.20851,2.29,2.13,0.415368,1.85137,0.0925951,0.25304,3.16277,6.65384,3.89491,1.70834,0.873852,0.168352,0.098547,0.06980505585670471,0.252275,1.41653,0.289463,0.688139,,,4.34271,0.0120435,0.0108435,490.70001220703125,,,,,,,19.200000000000003,4.800000000000001,20,5,,,,,,,,,,,,,,,,,,,"Lucas Erceg","19360",668674
"Sean Sullivan","COL",0,0,0.363189,6.40175,1,1,0,0,,5.033,22.8936,6.16409,3.82,3.58,1.00664,1.65833,0.0176263,0.329576,3.4446,6.15963,2.96543,2.07715,1.80007,0.150461,0.0724364,0.07802465558052063,0.294852,1.55423,0.313437,0.624098,,,5.49958,0.0119841,-0.0741154,999,,,,,,,9.1,1.8199999999999998,12,2.4,,,,,,,,,,,,,,,,,,,"Sean Sullivan","33502",807743
"Josh White","MIA",0,0,0,4.15786,3,0,0,0.1047,,2.18622,9.47002,1.85394,1.08,1.01,0.240074,1.06766,0.102949,0.12337,2.1992,9.05342,4.39523,2.05983,0.988313,0.232227,0.112741,0.11948615312576294,0.223933,1.33637,0.27636,0.712281,,,4.13342,0.0119755,0.00542174,999,,,,,,,10.600000000000001,5.300000000000001,11,5.5,,,,,,,,,,,,,,,,,,,"Josh White","31738",687985
"Angel Chivilli","NYY",0,0,0,4.35284,4,0,0,0.1087,,2.95669,12.784,2.84373,1.53,1.43,0.339689,1.0882,0.0428025,0.199742,2.47552,7.53535,3.31243,2.27487,1.03399,0.193642,0.0851221,0.10851982235908508,0.247365,1.32984,0.288455,0.694929,,,4.20919,0.0117355,-0.0424278,999,,,,,,,15.400000000000002,5.133333333333334,16,5.333333333333333,,,,,,,,,,,,,,,,,,,"Angel Chivilli","26790",683409
"Cameron Weston","BAL",0,0,0,4.46296,5,0,0,0.1041,,4.19453,18.4078,3.98704,2.24,2.08,0.488065,1.86998,0.113471,0.268002,3.75074,8.04779,4.01233,2.00576,1.04722,0.203758,0.101586,0.10217161476612091,0.245057,1.39635,0.290829,0.699113,,,4.33674,0.0116372,0.0108435,999,,,,,,,21.200000000000003,5.300000000000001,22,5.5,,,,,,,,,,,,,,,,,,,"Cameron Weston","31696",687721
"Beau Brieske","DET",0,0,0,4.33863,4,0,0,0.1013,,3.04935,13.2499,2.78208,1.58,1.47,0.346226,1.4165,0.0653187,0.0861005,2.5243,7.45032,4.18072,1.78207,1.02187,0.190514,0.106906,0.08360769599676132,0.236826,1.37687,0.274406,0.705082,,,4.38204,0.0116237,-0.0424278,999,,,,,,,17.400000000000002,5.800000000000001,18,6,,,,,,,,,,,,,,,,,,,"Beau Brieske","26079",689225
"Hunter Harvey","CHC",0,0,0,3.65564,2,0,0,0.1005,,1.30483,5.42919,1.10104,0.57,0.53,0.135816,0.434835,0.0198043,0.0552454,1.35414,9.34011,2.99925,3.11415,0.936783,0.249419,0.080092,0.16932664811611176,0.222922,1.17707,0.279843,0.717731,,,3.48768,0.011606,-0.0473679,748.530029296875,,,,,,,6.800000000000001,6.800000000000001,7,7,,,,,,,,,,,,,,,,,,,"Hunter Harvey","15507",640451
"Luke Little","KCR",0,0,0,4.19709,4,0,0,0.1007,,2.85198,12.7371,2.46038,1.42,1.33,0.190379,1.69185,0.0810988,0.321387,2.64999,8.36258,5.33899,1.56632,0.600779,0.208053,0.132829,0.07522392272949219,0.22943,1.45591,0.287943,0.70315,,,4.21053,0.0115957,0.05967,999,,,,,,,17.000000000000004,5.666666666666668,15,5,,,,,,,,,,,,,,,,,,,"Luke Little","28036",681432
"JT Brubaker","SFG",0,0,0,4.77224,6,0,0,0.1047,,4.63933,20.6102,4.90856,2.65,2.46,0.480694,1.96917,0.132815,0.207357,3.51723,6.8232,3.82006,1.78615,0.932516,0.170655,0.0955434,0.07511137425899506,0.266282,1.48248,0.306729,0.681369,,,4.3215,0.0113784,-0.0371686,999,,,,,,,26,5.2,27,5.4,,,,,,,,,,,,,,,,,,,"JT Brubaker","17578",664141
"Michael Petersen","MIA",0,0,0,4.68481,10,0,0.642,1.8098,,7.20414,31.9326,6.47611,4.02,3.75,0.865597,3.883,0.251277,0.385549,6.64114,8.29666,4.85096,1.71031,1.08137,0.207974,0.1216,0.08637400716543198,0.234099,1.43794,0.278337,0.693005,,,4.57918,0.0112302,-0.0318721,999,,,,,,,38.90000000000001,5.557142857142859,37,5.285714285714286,,,,,,,,,,,,,,,,,,,"Michael Petersen","20827",656848
"Trenton Denholm","CLE",0,0,0,3.99864,2,0,0,0,,1.32795,5.63259,1.27349,0.64,0.59,0.141642,0.384583,0.0361646,0.0596329,1.14973,7.79211,2.60645,2.98954,0.959956,0.20412,0.068278,0.1358422115445137,0.24545,1.24859,0.290439,0.697417,,,3.74192,0.0111865,-0.0473679,999,,,,,,,6.800000000000001,6.800000000000001,7,7,,,,,,,,,,,,,,,,,,,"Trenton Denholm","sa3018139",671143
"Kade Strowd","ARI",0,0,0,4.44277,4,0,0,0.103,,2.53221,11.1406,2.47337,1.34,1.25,0.245929,1.19856,0.0519554,0.107231,2.13019,7.57115,4.25994,1.77729,0.874083,0.191209,0.107585,0.08362442255020142,0.251491,1.45009,0.298636,0.700778,,,4.21047,0.0106856,0.05967,999,,,,,,,18.000000000000004,6.000000000000001,16,5.333333333333333,,,,,,,,,,,,,,,,,,,"Kade Strowd","26191",669704
"Juan Burgos","ARI",0,0,0,4.32192,5,0,0,0.103,,3.16526,13.8296,3.01762,1.63,1.52,0.283777,1.4071,0.0741701,0.192738,2.35661,6.70072,4.00091,1.6748,0.806883,0.170403,0.101745,0.06865768134593964,0.246743,1.3979,0.28509,0.693921,,,4.27612,0.0106416,-0.0425196,999,,,,,,,15.400000000000002,5.133333333333334,16,5.333333333333333,,,,,,,,,,,,,,,,,,,"Juan Burgos","27271",686228
"Justin Hagenman","NYM",0,0,0,3.99126,1,0,0,0.1097,,0.699028,2.94686,0.641389,0.33,0.31,0.0802959,0.207297,0.0178841,0.0322814,0.632542,8.14399,2.66895,3.05139,1.03381,0.21465,0.070345,0.14430484175682068,0.236913,1.21409,0.281329,0.704476,,,3.79506,0.010137,0.0557942,999,,,,,,,6.800000000000001,6.800000000000001,7,7,,,,,,,,,,,,,,,,,,,"Justin Hagenman","21546",663795
"Landon Knack","LAD",0,0,0,4.23451,4,0,0,0.1186,,2.40169,10.2627,2.11551,1.22,1.13,0.333611,0.95316,0.0622583,0.092079,2.28409,8.55931,3.57183,2.39634,1.25016,0.222562,0.0928758,0.1296858862042427,0.22951,1.27771,0.269993,0.710585,,,4.2927,0.0101225,0.00542171,999,,,,,,,10.600000000000001,5.300000000000001,11,5.5,,,,,,,,,,,,,,,,,,,"Landon Knack","27487",689017
"Chris Murphy","CHW",0,0,0,4.28986,4,0,0,0.0988,,2.83226,12.3687,2.53857,1.45,1.35,0.300301,1.31932,0.0804835,0.200537,2.43406,7.73466,4.19238,1.84493,0.954257,0.196792,0.106666,0.09012577682733536,0.233994,1.36212,0.275836,0.700484,,,4.35279,0.0101012,0.05967,999,,,,,,,15.400000000000002,5.133333333333334,16,5.333333333333333,,,,,,,,,,,,,,,,,,,"Chris Murphy","26214",669684
"Derek Law","ARI",0,0,0,4.92258,8,0,0,1.0717,,5.06441,22.4134,5.43835,2.98,2.77,0.595099,1.92559,0.10061,0.24925,3.80016,6.75329,3.42198,1.9735,1.05755,0.169549,0.0859126,0.08363626152276993,0.268713,1.45406,0.305698,0.671271,,,4.39851,0.00989322,-0.0372433,999,,,,,,,17.7,3.54,18,3.6,,,,,,,,,,,,,,,,,,,"Derek Law","13133",571882
"Jordan Wicks","CHC",0,0,0,3.79359,2,0,0,0.1005,,1.30483,5.51941,1.17843,0.59,0.55,0.117337,0.489717,0.0476473,0.0433492,1.16628,8.04436,3.37779,2.38154,0.809327,0.211306,0.0887264,0.12257932871580124,0.236331,1.27844,0.286571,0.716913,,,3.69035,0.00931035,-0.0473679,999,,,,,,,6.800000000000001,6.800000000000001,7,7,,,,,,,,,,,,,,,,,,,"Jordan Wicks","30094",696136
"Tristan Beck","SFG",0,0,0,4.59567,2,0,0,0.1047,,1.70378,7.47492,1.75599,0.93,0.87,0.188132,0.631931,0.0543811,0.0769349,1.30052,6.86984,3.3381,2.05801,0.993786,0.173984,0.0845401,0.08944432437419891,0.25953,1.40155,0.297089,0.686231,,,4.24036,0.00927274,0.00542181,999,,,,,,,8.600000000000001,4.300000000000001,9,4.5,,,,,,,,,,,,,,,,,,,"Tristan Beck","21584",663941
"Jared Shuster","STL",0,0,0,4.49656,3,0,0,0.1064,,2.30176,10.0463,2.33451,1.24,1.15,0.236909,0.839391,0.0530729,0.119538,1.71916,6.722,3.28207,2.0481,0.926328,0.171123,0.0835519,0.08757073432207108,0.256895,1.3789,0.294138,0.680417,,,4.17743,0.00912834,0.00542174,999,,,,,,,10.600000000000001,5.300000000000001,11,5.5,,,,,,,,,,,,,,,,,,,"Jared Shuster","27472",694363
"Spencer Bivens","SFG",0,0,0,4.62549,4,0,0,0.1047,,3.17155,14.0043,3.26069,1.75,1.63,0.324821,1.29641,0.126674,0.178631,2.362,6.70271,3.67886,1.82195,0.921752,0.168663,0.0925725,0.07609041780233383,0.260246,1.43687,0.298287,0.684266,,,4.32054,0.00909301,-0.0424278,999,,,,,,,15.400000000000002,5.133333333333334,16,5.333333333333333,,,,,,,,,,,,,,,,,,,"Spencer Bivens","30226",702352
"José Suarez","ATH",0,0,0,4.82563,8,0,0,1.0312,,5.93083,26.1303,5.88076,3.42,3.18,0.814949,2.58217,0.184374,0.293106,5.3388,8.10158,3.91843,2.06756,1.23668,0.204315,0.0988192,0.10549533367156982,0.252882,1.42694,0.296225,0.688737,,,4.52373,0.00902576,0.0162653,999,,,,,,,21.500000000000007,3.5833333333333344,22,3.6666666666666665,,,,,,,,,,,,,,,,,,,"Jose Suarez","19911",660761
"Bryse Wilson","MIL",0,0,0,4.72936,5,0,0,0.0956,,3.57765,15.5399,3.65968,2.02,1.88,0.521237,1.17254,0.0784604,0.169591,2.98095,7.49892,2.94966,2.5423,1.31123,0.191826,0.0754535,0.11637216806411743,0.257765,1.35067,0.293434,0.685491,,,4.43636,0.00882359,0.0108435,999,,,,,,,9.9,2.475,10,2.5,,,,,,,,,,,,,,,,,,,"Bryse Wilson","19990",669060
"Eric Cerantola","SFG",0,0,0,4.20895,3,0,0,0.1047,,2.43766,10.7859,1.99238,1.22,1.14,0.239715,1.49617,0.073487,0.169835,2.67597,9.87984,5.52394,1.78855,0.88504,0.248098,0.138715,0.10938365757465363,0.218465,1.4311,0.282496,0.719501,,,4.21656,0.00879364,0.00542174,999,,,,,,,12.600000000000001,6.300000000000001,13,6.5,,,,,,,,,,,,,,,,,,,"Eric Cerantola","30128",672021
"Edwin Uceta","TBR",0,0,0,3.93912,1,0,0,0.1205,,0.799671,3.39655,0.652266,0.38,0.35,0.103117,0.325598,0.0259763,0.060282,0.882086,9.92754,3.66448,2.70913,1.16054,0.2597,0.0958612,0.16383890062570572,0.216651,1.22283,0.271121,0.717293,,,4.00122,0.00861788,0.0557942,572.6900024414062,,,,,,,6.800000000000001,6.800000000000001,7,7,,,,,,,,,,,,,,,,,,,"Edwin Uceta","20539",670955
"Cionel Pérez","NYM",0,0,0,4.20584,3,0,0,0.1097,,2.09708,9.20168,1.97082,1.05,0.98,0.16983,1.00753,0.0396885,0.150335,1.76953,7.59425,4.324,1.7563,0.728854,0.192305,0.109494,0.08281096071004868,0.24501,1.42023,0.295028,0.703626,,,4.10493,0.00859146,0.00542174,999,,,,,,,10.600000000000001,5.300000000000001,11,5.5,,,,,,,,,,,,,,,,,,,"Cionel Perez","19614",672335
"Prelander Berroa","CHW",0,0,0,3.94031,2,0,0,0.0988,,1.41613,6.14542,1.12606,0.66,0.62,0.134065,0.788407,0.0329165,0.085076,1.50741,9.58013,5.0106,1.91197,0.852026,0.245291,0.128292,0.11699889600276947,0.213595,1.3519,0.273242,0.726479,,,4.03557,0.00842898,-0.0473679,999,,,,,,,5.800000000000001,5.800000000000001,6,6,,,,,,,,,,,,,,,,,,,"Prelander Berroa","22932",672860
"Hayden Harris","ATL",0,0,0,5.05982,4,0,0,0.1108,,3.09497,13.8152,3.165,1.87,1.74,0.425968,1.3941,0.0625744,0.165599,3.06074,8.90048,4.05396,2.1955,1.23869,0.22155,0.100911,0.12063901126384735,0.258252,1.47307,0.312363,0.678595,,,4.40654,0.0084239,-0.0424278,999,,,,,,,17.400000000000002,5.800000000000001,18,6,,,,,,,,,,,,,,,,,,,"Hayden Harris","31913",802686
"Bobby Miller","LAD",0,0,0,4.04714,2,0,0,0.1186,,1.20085,5.13639,1.05798,0.58,0.54,0.127477,0.475481,0.0296584,0.080161,1.17265,8.78869,3.56359,2.46624,0.955402,0.228303,0.0925711,0.1357317864894867,0.230961,1.27698,0.283635,0.703664,,,3.89847,0.00840945,-0.0473679,999,,,,,,,6.800000000000001,6.800000000000001,7,7,,,,,,,,,,,,,,,,,,,"Bobby Miller","27483",676272
"Duncan Davitt","ATL",0,0,0,4.79811,4,0,0,0.1108,,3.09497,13.6362,3.10844,1.78,1.65,0.414306,1.26154,0.141455,0.172269,2.73432,7.95126,3.66848,2.16745,1.20478,0.20052,0.0925139,0.10800579190254211,0.25474,1.41196,0.297571,0.68338,,,4.44646,0.00832881,-0.0424278,999,,,,,,,17.400000000000002,5.800000000000001,18,6,,,,,,,,,,,,,,,,,,,"Duncan Davitt","31886",701474
"Ben Casparius","LAD",0,0,0,4.12209,2,0,0,0.1186,,1.20085,5.15528,1.03884,0.59,0.55,0.132718,0.526624,0.0237019,0.0503729,1.17055,8.77292,3.9469,2.22274,0.99468,0.227058,0.102152,0.12490567564964294,0.226907,1.30364,0.276678,0.707033,,,4.01206,0.00803776,-0.0473679,999,,,,,,,3.8000000000000003,3.8000000000000003,4,4,,,,,,,,,,,,,,,,,,,"Ben Casparius","30085",676508
"Brody Hopkins","TBR",0,0,0,4.18209,3,0,0,0,,2.34572,10.3563,1.88823,1.16,1.09,0.224814,1.43865,0.103547,0.182395,2.42047,9.28681,5.5198,1.68245,0.862561,0.23372,0.138916,0.09480373561382294,0.216163,1.41828,0.273142,0.719383,,,4.33875,0.00797501,0.00542174,999,,,,,,,10.600000000000001,5.300000000000001,11,5.5,,,,,,,,,,,,,,,,,,,"Brody Hopkins","sa3023515",811315
"Alex Lange","KCR",0,0,0,4.79667,9,0,0.328,1.8594,,6.41695,28.8666,6.00989,3.66,3.42,0.614148,3.73601,0.0992725,0.513701,6.15972,8.63922,5.23988,1.64874,0.861365,0.213386,0.129423,0.08396269381046295,0.244137,1.51877,0.302401,0.684879,,,4.39451,0.00779736,-0.0849575,999,,,,,,,21.500000000000007,3.5833333333333344,22,3.6666666666666665,,,,,,,,,,,,,,,,,,,"Alex Lange","19883",656638
"Brett Kerry","LAA",0,0,0,4.77085,5,0,0,0.1086,,5.09343,22.3442,5.04566,2.91,2.7,0.748812,1.99047,0.214966,0.248704,4.34536,7.67817,3.51713,2.18308,1.32314,0.194474,0.0890826,0.10539153963327408,0.250966,1.38141,0.28625,0.68909,,,4.60716,0.00778615,-0.037109,999,,,,,,,13.7,2.7399999999999998,14,2.8,,,,,,,,,,,,,,,,,,,"Brett Kerry","29826",695049
"Paxton Schultz","WSN",0,0,0,4.53119,3,0,0,0.0933,,2.18486,9.57346,2.04658,1.19,1.1,0.273903,1.03175,0.0703467,0.0523707,1.94084,7.99485,4.25005,1.88112,1.12828,0.202732,0.107772,0.09495990723371506,0.241076,1.40894,0.282516,0.700714,,,4.42506,0.00768715,0.00542174,999,,,,,,,10.600000000000001,5.300000000000001,11,5.5,,,,,,,,,,,,,,,,,,,"Paxton Schultz","25501",687606
"Alimber Santa","HOU",0,0,0,4.51887,7,0,0,0.1066,,4.99904,21.9988,4.55283,2.7,2.51,0.566618,2.60729,0.102627,0.287154,4.61119,8.30173,4.69403,1.76857,1.02011,0.209611,0.11852,0.09109120070934296,0.238314,1.4323,0.286231,0.700522,,,4.44902,0.00761322,-0.0372113,999,,,,,,,12.7,2.54,13,2.6,,,,,,,,,,,,,,,,,,,"Alimber Santa","28846",695001
"Jake Cousins","LAD",0,0,0,4.04715,1,0,0,0.1186,,0.600423,2.59564,0.481894,0.29,0.27,0.0604409,0.315992,0.012,0.044156,0.700081,10.4938,4.73655,2.2155,0.905975,0.269714,0.12174,0.1479746475815773,0.215565,1.32887,0.285737,0.712054,,,3.8595,0.00744629,0.0557942,999,,,,,,,9.4,9.4,7,7,,,,,,,,,,,,,,,,,,,"Jake Cousins","21620",664776
"Chase Shugart","PHI",0,0,0,4.74466,8,0,0,1.036,,7.13224,31.6046,7.03253,4.04,3.76,0.890153,3.21525,0.178064,0.427904,5.91476,7.4637,4.05725,1.8396,1.12326,0.187149,0.101734,0.08541520684957504,0.251508,1.43683,0.29033,0.689633,,,4.57965,0.0071898,-0.0318285,999,,,,,,,28.3,4.042857142857143,29,4.142857142857143,,,,,,,,,,,,,,,,,,,"Chase Shugart","21544",663767
"Gavin Hollowell","CHC",0,0,0,4.00051,1,0,0,0.1005,,0.652416,2.81331,0.535155,0.31,0.29,0.071632,0.329552,0.0205663,0.0363578,0.677799,9.35015,4.54612,2.05673,0.988155,0.240926,0.11714,0.1237855777144432,0.218663,1.32539,0.272987,0.725655,,,4.11544,0.00695578,0.0557942,999,,,,,,,6.800000000000001,6.800000000000001,7,7,,,,,,,,,,,,,,,,,,,"Gavin Hollowell","25427",668970
"Will Klein","LAD",0,0,0,4.19704,2,0,0,0.1186,,1.20085,5.24092,1.04984,0.6,0.56,0.126183,0.62395,0.0272128,0.055929,1.28425,9.62511,4.67633,2.05826,0.945702,0.245044,0.119054,0.12599008530378342,0.230175,1.39384,0.293168,0.71723,,,4.00896,0.00685891,-0.0473679,999,,,,,,,3.8000000000000003,3.8000000000000003,4,4,,,,,,,,,,,,,,,,,,,"Will Klein","27787",694361
"Luis Medina","ATH",0,0,0,4.88499,10,0,0.493,2.1869,,7.92222,35.7599,7.54351,4.61,4.3,0.926287,4.52758,0.276367,0.574956,7.89298,8.96678,5.14353,1.74331,1.0523,0.220721,0.126611,0.09411093592643738,0.246059,1.5237,0.303013,0.69249,,,4.54297,0.00674867,-0.0796287,999,,,,,,,32.10000000000001,4.012500000000001,33,4.125,,,,,,,,,,,,,,,,,,,"Luis Medina","21649",665622
"Tyler Uberstine","ATL",0,0,0,4.48433,1,0,0,0.1108,,0.842936,3.65484,0.803486,0.45,0.42,0.104722,0.322396,0.0266685,0.0444069,0.820876,8.76447,3.44221,2.54617,1.11811,0.2246,0.0882107,0.1363891437649727,0.244367,1.33567,0.295781,0.690189,,,4.0562,0.00660683,0.0557942,999,,,,,,,6.800000000000001,6.800000000000001,7,7,,,,,,,,,,,,,,,,,,,"Tyler Uberstine","29961",700413
"Paul Gervase","LAD",0,0,0,4.38441,4,0,0,0.1186,,2.40169,10.4924,2.07548,1.26,1.17,0.299234,1.25734,0.0749913,0.116868,2.45225,9.18946,4.7117,1.95035,1.12134,0.233716,0.119833,0.11388324201107025,0.227619,1.3877,0.278989,0.711358,,,4.37752,0.00637216,0.00542171,999,,,,,,,10.600000000000001,5.300000000000001,11,5.5,,,,,,,,,,,,,,,,,,,"Paul Gervase","31571",801434
"Woo-Suk Go","MIN",0,0,0,4.31276,2,0,0,0.1061,,1.33557,5.82655,1.21034,0.69,0.64,0.14291,0.61506,0.0374737,0.0781985,1.3193,8.89031,4.14469,2.14499,0.963027,0.226428,0.105562,0.12086675316095352,0.235782,1.36675,0.290767,0.698568,,,4.05599,0.00630826,-0.0473679,999,,,,,,,3.8000000000000003,3.8000000000000003,4,4,,,,,,,,,,,,,,,,,,,"Woo-Suk Go","33827",808970
"Jeff Criswell","COL",0,0,0,5.15681,5,0,0,0.0942,,3.87449,17.3192,3.79771,2.39,2.22,0.595857,1.85413,0.139855,0.205295,3.99237,9.27383,4.30694,2.15323,1.38411,0.230517,0.107056,0.12346050143241882,0.24887,1.45873,0.300036,0.677062,,,4.61638,0.00619796,0.0108435,999,,,,,,,8.9,2.225,9,2.25,,,,,,,,,,,,,,,,,,,"Jeff Criswell","27608",676105
"Tomoyuki Sugano","COL",0,0,1.71099,6.25928,5,5,0,0,,24.645,110.917,30.5324,18.28,17.14,4.93368,7.58491,0.0863246,0.886885,15.4377,5.63762,2.7699,2.03532,1.80171,0.139182,0.0683834,0.07079841941595078,0.298036,1.54666,0.311898,0.635605,,,5.46428,0.00602131,-0.201286,999,,,,,,,45.900000000000006,1.8360000000000003,63,2.52,,,,,,,,,,,,,,,,,,,"Tomoyuki Sugano","35321",608372
"Nick Mears","KCR",0,0,0,4.16553,2,0,0,0.1007,,1.42599,6.10607,1.29983,0.71,0.66,0.166845,0.560479,0.0373521,0.0310412,1.2379,7.81288,3.53741,2.20865,1.05302,0.202733,0.0917905,0.11094212532043457,0.23571,1.30458,0.275679,0.707131,,,4.11264,0.00586116,-0.0473679,999,,,,,,,3.8000000000000003,3.8000000000000003,4,4,,,,,,,,,,,,,,,,,,,"Nick Mears","25376",683232
"Brendan Cellucci","TOR",0,0,0,4.35026,5,0,0,0,,3.35152,14.9538,2.95771,1.73,1.62,0.335475,2.03106,0.0894522,0.196641,3.44792,9.25885,5.45411,1.69759,0.900865,0.230571,0.135823,0.09474880993366241,0.232414,1.48851,0.293227,0.72111,,,4.32114,0.00583448,-0.0425196,999,,,,,,,14.400000000000002,4.800000000000001,15,5,,,,,,,,,,,,,,,,,,,"Brendan Cellucci","sa3011710",676454
"Keaton Winn","SFG",0,0,0,4.70132,2,0,0,0.1047,,1.70378,7.49713,1.77314,0.96,0.89,0.180937,0.663431,0.0519995,0.0766009,1.291,6.81954,3.50449,1.94594,0.95578,0.172199,0.0884913,0.08370763063430786,0.262412,1.4301,0.30126,0.676316,,,4.25152,0.00563622,0.00542181,999,,,,,,,8.600000000000001,4.300000000000001,9,4.5,,,,,,,,,,,,,,,,,,,"Keaton Winn","23499",676775
"Matt Gage","SFG",0,0,0,4.82393,7,0,0,0.1047,,5.37322,23.8948,5.64886,3.1,2.88,0.5926,2.32855,0.150215,0.228872,3.90497,6.54072,3.90026,1.677,0.992589,0.163424,0.0974502,0.06597331166267395,0.264741,1.48466,0.300257,0.682368,,,4.49148,0.00559467,-0.0372113,999,,,,,,,11.1,2.2199999999999998,14,2.8,,,,,,,,,,,,,,,,,,,"Matt Gage","17381",657424
"Cade Gibson","MIA",0,0,0,4.44603,7,0,0,0.1047,,5.10118,22.4995,4.84665,2.71,2.52,0.447545,2.19519,0.153413,0.603049,3.75432,6.62374,3.87296,1.71025,0.789603,0.166862,0.0975661,0.06929640471935272,0.246008,1.38043,0.283825,0.675238,,,4.3976,0.00552019,-0.0372113,999,,,,,,,23,4.6,24,4.8,,,,,,,,,,,,,,,,,,,"Cade Gibson","31815",806188
"Jack Weisenburger","NYM",0,0,0,4.532,5,0,0,0.1097,,3.49514,15.4142,3.12112,1.88,1.76,0.413457,1.84784,0.127121,0.20127,3.27318,8.42846,4.7582,1.77135,1.06465,0.212349,0.119879,0.09246957302093506,0.233528,1.42168,0.279763,0.703616,,,4.50703,0.00550188,-0.0425196,999,,,,,,,14.400000000000002,4.800000000000001,15,5,,,,,,,,,,,,,,,,,,,"Jack Weisenburger","26333",674073
"Ryan Weiss","HOU",0,0,0,4.1588,1,0,0,0.1066,,0.714149,3.10492,0.641843,0.36,0.33,0.0801064,0.338423,0.0202428,0.0335628,0.701831,8.84477,4.26495,2.07383,1.00953,0.226039,0.108996,0.11704287678003311,0.234855,1.37264,0.287924,0.714496,,,4.13871,0.00543864,0.0557942,725.9600219726562,,,,,,,6.800000000000001,6.800000000000001,7,7,,,,,,,,,,,,,,,,,,,"Ryan Weiss","24621",680802
"Victor Mederos","ATL",0,0,0,4.94133,8,0,0,0.7092,,6.84836,30.7689,6.8084,4.04,3.76,0.737379,3.52327,0.231708,0.462632,5.66759,7.44825,4.63023,1.60861,0.969052,0.184199,0.114508,0.06969096511602402,0.254207,1.50864,0.297921,0.676572,,,4.57401,0.00509134,-0.0318285,999,,,,,,,25.3,3.6142857142857143,26,3.7142857142857144,,,,,,,,,,,,,,,,,,,"Victor Mederos","31533",682989
"Bradley Blalock","MIA",0,0,0.348747,5.39911,4,1,0,0.1047,,8.21802,36.8155,8.83829,5.26,4.93,1.21343,3.71814,0.202063,0.280643,5.40294,5.91706,4.07194,1.45313,1.3289,0.146757,0.100994,0.04576330631971359,0.269322,1.52792,0.291021,0.67201,,,5.14774,0.0050138,-0.0285531,999,,,,,,,21.500000000000007,2.687500000000001,25,3.125,,,,,,,,,,,,,,,,,,,"Bradley Blalock","26419",687134
"Ray Kerr","ATL",0,0,0,4.91505,9,0,0,1.2189,,6.84836,30.6916,6.82268,4.03,3.74,0.841295,3.43137,0.192754,0.39581,6.60819,8.68437,4.50944,1.92582,1.10562,0.215309,0.111801,0.10350794345140457,0.253967,1.4973,0.308082,0.685752,,,4.42704,0.00495261,-0.0318527,999,,,,,,,30.300000000000015,4.328571428571431,31,4.428571428571429,,,,,,,,,,,,,,,,,,,"Ray Kerr","23809",678061
"Chayce McDermott","NYM",0,0,0,4.63501,6,0,0,0.1097,,4.19417,18.7286,3.70857,2.31,2.16,0.514385,2.54249,0.114465,0.207715,4.21884,9.05294,5.45577,1.65933,1.10379,0.225262,0.135755,0.08950771391391754,0.2321,1.49042,0.284051,0.712551,,,4.63311,0.00484364,0.0108435,999,,,,,,,5.9,1.475,6,1.5,,,,,,,,,,,,,,,,,,,"Chayce McDermott","29866",694646
"Seth Johnson","ATH",0,0,0,4.79528,8,0,0,0.661,,5.93083,26.2033,5.58782,3.4,3.16,0.841356,2.96655,0.226932,0.201832,5.53761,8.40328,4.50172,1.86668,1.27675,0.211332,0.113213,0.09811950474977493,0.24258,1.44235,0.28497,0.698758,,,4.66283,0.00474807,0.0162653,999,,,,,,,23.500000000000007,3.916666666666668,24,4,,,,,,,,,,,,,,,,,,,"Seth Johnson","26020",686751
"Anthony Veneziano","TEX",0,0,0,4.04631,1,0,0,0.1002,,0.667275,2.86152,0.597305,0.32,0.3,0.0692964,0.262043,0.017578,0.0356706,0.535806,7.22679,3.53435,2.04473,0.934649,0.187245,0.0915745,0.09567049145698547,0.232976,1.28785,0.26957,0.707497,,,4.16594,0.00466901,0.0557942,999,,,,,,,6.800000000000001,6.800000000000001,7,7,,,,,,,,,,,,,,,,,,,"Anthony Veneziano","27453",685107
"Yariel Rodríguez","TOR",0,0,0,4.22942,2,0,0,0.1023,,1.34061,5.84479,1.1455,0.67,0.63,0.139568,0.686189,0.030105,0.0942514,1.28673,8.6383,4.60664,1.87519,0.936972,0.22015,0.117402,0.10274846106767654,0.226189,1.36631,0.276502,0.709951,,,4.2636,0.00465293,-0.0473679,999,,,,,,,3.8000000000000003,3.8000000000000003,4,4,,,,,,,,,,,,,,,,,,,"Yariel Rodriguez","33838",684320
"Guillo Zuñiga","NYM",0,0,0,4.44188,2,0,0,0.1097,,1.39806,6.06101,1.2474,0.74,0.69,0.178052,0.625519,0.0373353,0.0831465,1.36384,8.77973,4.02678,2.18033,1.14621,0.225018,0.103204,0.1218147799372673,0.233056,1.33966,0.280635,0.697762,,,4.30863,0.00455434,-0.0473679,999,,,,,,,3.8000000000000003,3.8000000000000003,4,4,,,,,,,,,,,,,,,,,,,"Guillo Zuniga","19588",670871
"Simeon Woods Richardson","TOR",0,0,0,4.29656,2,0,0,0.1023,,1.34061,5.78724,1.21901,0.69,0.64,0.15603,0.589793,0.0325841,0.0371076,1.13422,7.61442,3.9595,1.92308,1.04749,0.195986,0.101913,0.09407329559326172,0.236227,1.34924,0.274666,0.70349,,,4.30717,0.00439086,-0.0473679,664.0399780273438,,,,,,,3.8000000000000003,3.8000000000000003,4,4,,,,,,,,,,,,,,,,,,,"Simeon Woods Richardson","24494",680573
"Aaron Rozek","MIN",0,0,0,4.31276,1,0,0,0,,0.667786,2.92245,0.656719,0.35,0.32,0.0744271,0.264109,0.0280105,0.0331803,0.567266,7.64525,3.5595,2.14785,1.00308,0.194106,0.0903724,0.103733591735363,0.250163,1.37893,0.293572,0.699005,,,4.16887,0.00434635,0.0557942,999,,,,,,,6.800000000000001,6.800000000000001,7,7,,,,,,,,,,,,,,,,,,,"Aaron Rozek","sa3015224",702065
"Seth Lonsway","SFG",0,0,0.32665,4.9816,6,1,0,0.1047,,10.5147,47.8517,11.1768,6.23,5.82,0.974703,5.77715,0.274586,0.689213,6.84539,5.85928,4.94492,1.18491,0.834293,0.143054,0.12073,0.022324010729789734,0.270067,1.61241,0.303949,0.687902,,,4.83134,0.00423424,0.0340694,999,,,,,,,33.50000000000001,3.0454545454545463,35,3.1818181818181817,,,,,,,,,,,,,,,,,,,"Seth Lonsway","30064",675920
"José Leclerc","SDP",0,0,0,4.58333,3,0,0,0.1068,,2.08145,9.09458,1.85746,1.14,1.06,0.270868,0.98777,0.0421171,0.13453,1.82392,7.88646,4.27102,1.84651,1.17121,0.200551,0.108611,0.09193982928991318,0.232991,1.36695,0.269945,0.691493,,,4.64013,0.00413098,0.00542174,999,,,,,,,10.600000000000001,5.300000000000001,11,5.5,,,,,,,,,,,,,,,,,,,"Jose Leclerc","14524",600917
"John King",,0,0,0,4.13728,2,0,0,0.1047,,1.45748,6.27515,1.49993,0.72,0.67,0.113264,0.492122,0.0298403,0.047429,0.85232,5.26311,3.03888,1.73193,0.699411,0.135825,0.0784239,0.057400718331336975,0.261512,1.36678,0.290704,0.69379,,,4.03462,0.00400693,-0.0473679,999,,,,,,,6.800000000000001,6.800000000000001,7,7,,,,,,,,,,,,,,,,,,,"John King","22051",667463
"Johan Moreno","SDP",0,0,0,4.28066,1,0,0,0,,0.693818,2.99814,0.60631,0.36,0.33,0.0935963,0.308549,0.0159091,0.0375255,0.680228,8.82372,4.00241,2.2046,1.2141,0.226884,0.102914,0.12396997958421707,0.228618,1.31859,0.272976,0.707887,,,4.37263,0.00395898,0.0557942,999,,,,,,,6.800000000000001,6.800000000000001,7,7,,,,,,,,,,,,,,,,,,,"Johan Moreno","sa3020999",808052
"Tanner McDougal","CHW",0,0,0,4.57585,5,0,0,0.0988,,3.54033,15.682,3.15488,1.93,1.8,0.438195,1.89468,0.0935581,0.268034,3.50184,8.90215,4.81653,1.84825,1.11395,0.223302,0.120818,0.10248412936925888,0.233361,1.4263,0.2836,0.703224,,,4.54678,0.00389803,0.0108435,999,,,,,,,23.8,5.95,22,5.5,,,,,,,,,,,,,,,,,,,"Tanner McDougal","29887",701780
"Gus Varland","WSN",0,0,0,4.98431,3,0,0,0.0933,,2.18486,9.71539,2.19014,1.3,1.21,0.300492,0.971109,0.0673804,0.12476,2.00614,8.26383,4.00025,2.06583,1.23781,0.206491,0.0999558,0.10653557628393173,0.25409,1.44689,0.299331,0.679149,,,4.53962,0.00354734,0.00542174,999,,,,,,,10.600000000000001,5.300000000000001,11,5.5,,,,,,,,,,,,,,,,,,,"Gus Varland","24737",681402
"Trent Thornton","CHC",0,0,0,4.70315,10,0,0.35,2.2894,,6.37233,27.5977,6.27346,3.6,3.33,0.853703,2.35212,0.101952,0.325645,4.69496,6.63096,3.32204,1.99605,1.20573,0.170122,0.0852291,0.08489269018173218,0.251745,1.3536,0.279784,0.676354,,,4.61208,0.00352063,-0.0850392,999,,,,,,,28.500000000000007,4.750000000000001,29,4.833333333333333,,,,,,,,,,,,,,,,,,,"Trent Thornton","17948",663423
"Troy Watson","SEA",0,0,0,4.60668,3,0,0,0,,2.42257,10.6488,2.28516,1.33,1.24,0.292654,1.12537,0.0946928,0.132997,2.07082,7.69324,4.18082,1.84013,1.08723,0.194465,0.10568,0.08878474682569504,0.243348,1.40781,0.28355,0.693321,,,4.50249,0.00338513,0.00542174,999,,,,,,,10.600000000000001,5.300000000000001,11,5.5,,,,,,,,,,,,,,,,,,,"Troy Watson","sa3007249",681890
"Scott Blewett","ATH",0,0,0,5.10105,10,0,0.329,1.8302,,7.18087,31.9155,7.62975,4.38,4.07,0.99919,3.00985,0.246134,0.211365,5.78972,7.25642,3.77234,1.92359,1.25231,0.181408,0.0943069,0.08710075914859772,0.265898,1.48166,0.302691,0.677392,,,4.62547,0.00304413,-0.0318721,999,,,,,,,29.7,4.242857142857143,33,4.714285714285714,,,,,,,,,,,,,,,,,,,"Scott Blewett","16427",656240
"Drey Jameson","ARI",0,0,0,4.83373,4,0,0,0.103,,2.53221,11.2298,2.63045,1.46,1.36,0.286432,1.06825,0.064604,0.141365,1.87673,6.67031,3.7968,1.75682,1.01804,0.167121,0.0951269,0.0719943717122078,0.262516,1.46067,0.298335,0.678869,,,4.50465,0.00294892,0.05967,999,,,,,,,15.400000000000002,5.133333333333334,16,5.333333333333333,,,,,,,,,,,,,,,,,,,"Drey Jameson","26260",686753
"Beau Burrows","PIT",0,0,0,5.04504,2,0,0,0.0925,,1.51634,6.77829,1.44608,0.91,0.85,0.206561,0.7666,0.0441511,0.0949744,1.39975,8.30797,4.55003,1.82592,1.22601,0.206504,0.113096,0.09340809285640717,0.244405,1.45922,0.287564,0.677246,,,4.71262,0.00294814,0.00542181,999,,,,,,,11.200000000000001,5.6000000000000005,9,4.5,,,,,,,,,,,,,,,,,,,"Beau Burrows","18873",663366
"Burch Smith","DET",0,0,0,4.84037,1,0,0,0.1013,,0.762338,3.35061,0.782697,0.44,0.41,0.103624,0.281901,0.00901747,0.0474411,0.675764,7.97792,3.32806,2.39717,1.22336,0.201684,0.0841342,0.11754950881004333,0.259062,1.39649,0.302903,0.679262,,,4.37361,0.00294493,0.0557942,999,,,,,,,6.800000000000001,6.800000000000001,7,7,,,,,,,,,,,,,,,,,,,"Burch Smith","12784",572143
"Grant Holman","PHI",0,0,0,4.3807,1,0,0,0.0996,,1.04778,4.56447,0.989724,0.55,0.51,0.121162,0.45815,0.0356778,0.0483108,0.880387,7.56218,3.93533,1.92161,1.04074,0.192878,0.100373,0.09250514209270477,0.243894,1.38185,0.284172,0.702426,,,4.35626,0.00290494,-0.0464584,999,,,,,,,6.800000000000001,6.800000000000001,7,7,,,,,,,,,,,,,,,,,,,"Grant Holman","30002",680880
"Carlos Estévez","KCR",0,0,0,4.67044,1,0,0,0.1007,,0.712995,3.11058,0.697961,0.4,0.37,0.0969627,0.272793,0.0245558,0.0280006,0.538916,6.80264,3.44342,1.97555,1.22394,0.173253,0.0876986,0.08555407077074051,0.248404,1.36152,0.27646,0.683533,,,4.6052,0.00282153,0.0557942,120.08999633789062,,,,,,,6.800000000000001,6.800000000000001,7,7,,,,,,,,,,,,,,,,,,,"Carlos Estevez","14542",608032
"Codi Heuer","BAL",0,0,0,4.7376,5,0,0,0.1041,,3.49544,15.3073,3.52725,1.98,1.84,0.438817,1.39763,0.0757711,0.148475,2.67687,6.89236,3.59859,1.91529,1.12986,0.174875,0.0913045,0.08357049524784088,0.256318,1.40894,0.290115,0.683181,,,4.5107,0.00276871,-0.0425196,999,,,,,,,14.800000000000002,4.9333333333333345,18,6,,,,,,,,,,,,,,,,,,,"Codi Heuer","23293",676051
"Justin Topa","NYY",0,0,0,4.68767,2,0,0,0.1087,,1.47835,6.46502,1.54382,0.83,0.77,0.158463,0.508062,0.0348766,0.0945447,0.980092,5.96669,3.09302,1.92908,0.964702,0.151599,0.0785863,0.07301297783851624,0.263343,1.38796,0.293269,0.667683,,,4.37375,0.00270523,-0.0473679,999,,,,,,,1.2000000000000002,1.2000000000000002,4,4,,,,,,,,,,,,,,,,,,,"Justin Topa","15145",623437
"Alek Jacob","SDP",0,0,0,4.73467,4,0,0,0.1068,,2.77527,12.1033,2.54282,1.57,1.46,0.43172,1.09146,0.0794451,0.276029,2.46899,8.00676,3.53952,2.2621,1.40004,0.203993,0.0901785,0.11381444334983826,0.236853,1.30952,0.269441,0.681309,,,4.80457,0.00263972,-0.0424278,999,,,,,,,15.400000000000002,5.133333333333334,16,5.333333333333333,,,,,,,,,,,,,,,,,,,"Alek Jacob","29628",689690
"Sam Moll","CIN",0,0,0,4.58804,8,0,0,0.6899,,5.571,24.7108,5.0621,3.06,2.84,0.637924,3.08176,0.236666,0.333324,5.10158,8.24164,4.97861,1.65541,1.03057,0.206451,0.124713,0.08173827826976776,0.237705,1.46183,0.284399,0.701148,,,4.57952,0.0023021,0.0162653,999,,,,,,,24.10000000000001,4.016666666666668,22,3.6666666666666665,,,,,,,,,,,,,,,,,,,"Sam Moll","14874",594580
"Yerry Rodríguez","NYY",0,0,0,4.56591,2,0,0,0.1087,,1.47835,6.51193,1.39784,0.81,0.75,0.181456,0.684761,0.0345172,0.0854452,1.32977,8.09547,4.16875,1.94194,1.10468,0.204205,0.105155,0.09904997050762177,0.243454,1.40874,0.287528,0.695957,,,4.44299,0.00223611,-0.0473679,999,,,,,,,3.8000000000000003,3.8000000000000003,4,4,,,,,,,,,,,,,,,,,,,"Yerry Rodriguez","21955",666720
"Carson Palmquist","WSN",0,0,0,4.77834,3,0,0,0.0933,,2.18486,9.71012,2.00873,1.24,1.16,0.272918,1.11548,0.0689632,0.165704,2.03078,8.36532,4.59496,1.82054,1.12422,0.209141,0.114878,0.09426257014274597,0.238313,1.42994,0.283386,0.687135,,,4.60746,0.00196054,0.00542174,999,,,,,,,10.600000000000001,5.300000000000001,11,5.5,,,,,,,,,,,,,,,,,,,"Carson Palmquist","31612",687223
"Luis Curvelo","TEX",0,0,0,4.3835,2,0,0,0.1002,,1.33455,5.74994,1.24031,0.7,0.65,0.165401,0.520749,0.0262439,0.0557056,0.96792,6.5275,3.51185,1.85871,1.11544,0.168336,0.0905659,0.07776959240436554,0.239744,1.31959,0.266056,0.693731,,,4.53984,0.00192703,-0.0473679,999,,,,,,,3.8000000000000003,3.8000000000000003,4,4,,,,,,,,,,,,,,,,,,,"Luis Curvelo","24710",681168
"Sam Aldegheri","LAA",0,0,0,4.58532,3,0,0,0.1086,,3.39562,15.0209,3.1984,1.86,1.73,0.41819,1.63239,0.137064,0.201446,2.84356,7.53677,4.32661,1.74196,1.1084,0.189306,0.108674,0.0806318074464798,0.24254,1.42265,0.280112,0.69978,,,4.62973,0.00178101,-0.0422755,999,,,,,,,14.400000000000002,4.800000000000001,15,5,,,,,,,,,,,,,,,,,,,"Sam Aldegheri","26443",691951
"Antonio Senzatela","MIL",0,0,0,5.02543,10,0,0.294,1.8226,,6.78748,30.2121,7.37236,4.08,3.79,0.874179,2.60457,0.165318,0.338006,4.99757,6.62664,3.45359,1.91877,1.15913,0.165416,0.0862095,0.07920659333467484,0.270351,1.4699,0.303685,0.673698,,,4.58567,0.0017628,-0.0318721,999,,,,,,,30.3,4.328571428571428,31,4.428571428571429,,,,,,,,,,,,,,,,,,,"Antonio Senzatela","15488",622608
"Lyon Richardson","MIL",0,0,0,4.40233,1,0,0,0.0956,,0.71553,3.18225,0.65561,0.38,0.35,0.0729723,0.405257,0.0217717,0.0353172,0.675102,8.49149,5.09736,1.66586,0.917852,0.212146,0.127349,0.08479662239551544,0.239127,1.48263,0.292253,0.710194,,,4.36934,0.0017272,0.0557942,999,,,,,,,6.800000000000001,6.800000000000001,7,7,,,,,,,,,,,,,,,,,,,"Lyon Richardson","24581",680689
"Yunior Tur","ATH",0,0,0,4.97738,4,0,0,0.0992,,2.96542,13.2436,2.79845,1.76,1.64,0.425574,1.53444,0.0940728,0.203059,2.87021,8.71103,4.65702,1.87052,1.29161,0.216725,0.115863,0.10086111724376678,0.243215,1.46114,0.289013,0.688475,,,4.771,0.00168415,-0.0424278,999,,,,,,,14.400000000000002,4.800000000000001,15,5,,,,,,,,,,,,,,,,,,,"Yunior Tur","33026",814305
"Pierce Johnson","CIN",0,0,0,4.69574,9,0,0,1.6507,,6.26738,27.3921,5.98578,3.51,3.27,0.912497,2.81152,0.168308,0.122395,5.60199,8.04449,4.03736,1.99251,1.31035,0.204511,0.10264,0.10187111794948578,0.244735,1.40366,0.282733,0.703117,,,4.5928,0.00162718,-0.0849575,999,,,,,,,27.500000000000007,4.583333333333335,28,4.666666666666667,,,,,,,,,,,,,,,,,,,"Pierce Johnson","13435",572955
"Beck Way","KCR",0,0,0,4.68847,7,0,0,0.1007,,4.99096,22.4214,4.53294,2.78,2.6,0.492199,2.94556,0.198412,0.447012,4.47112,8.06259,5.31161,1.51792,0.887562,0.199413,0.131373,0.06804034113883972,0.238214,1.49841,0.28728,0.692032,,,4.61294,0.00162071,-0.0372113,999,,,,,,,23,4.6,24,4.8,,,,,,,,,,,,,,,,,,,"Beck Way","27877",694360
"Connor Phillips","CIN",0,0,0,4.60958,3,0,0,0.1035,,2.08913,9.39124,1.75498,1.14,1.07,0.228899,1.37777,0.0721735,0.155295,2.18437,9.41031,5.93547,1.58544,0.9861,0.232597,0.146708,0.08588835597038269,0.223332,1.49955,0.280277,0.708586,,,4.61804,0.00131804,0.00542174,999,,,,,,,10.600000000000001,5.300000000000001,11,5.5,,,,,,,,,,,,,,,,,,,"Connor Phillips","27649",683175
"Zak Kent","WSN",0,0,0,4.63417,2,0,0,0.0933,,1.45657,6.44144,1.44027,0.81,0.75,0.159737,0.685591,0.0498408,0.0591381,1.12527,6.9529,4.2362,1.64131,0.987,0.174692,0.106434,0.06825706362724304,0.252825,1.4595,0.290258,0.691747,,,4.49781,0.00126939,-0.0473679,999,,,,,,,3.8000000000000003,3.8000000000000003,4,4,,,,,,,,,,,,,,,,,,,"Zak Kent","25703",687849
"Julian Aguiar","CIN",0,0,0,4.5665,2,0,0,0.1035,,2.08913,9.13315,2.00169,1.14,1.06,0.289329,0.851265,0.124196,0.120043,1.6914,7.28659,3.66726,1.98693,1.24643,0.185194,0.0932061,0.09198775142431259,0.24525,1.36562,0.277032,0.699767,,,4.65932,0.00114758,0.00542181,999,,,,,,,10.600000000000001,5.300000000000001,11,5.5,,,,,,,,,,,,,,,,,,,"Julian Aguiar","30031",687924
"Nick Raquet","BAL",0,0,0,4.76335,2,0,0,0.1041,,1.39818,6.21028,1.46007,0.8,0.74,0.152119,0.612445,0.0510568,0.065618,1.14106,7.34498,3.94229,1.86313,0.979182,0.183738,0.098618,0.08511976152658463,0.263921,1.4823,0.308549,0.684313,,,4.32041,0.00103498,-0.0473679,999,,,,,,,3.8000000000000003,3.8000000000000003,4,4,,,,,,,,,,,,,,,,,,,"Nick Raquet","20333",675919
"Kyle Nicolas","WSN",0,0,0,4.63417,2,0,0,0.0933,,1.45657,6.50619,1.33857,0.8,0.75,0.160309,0.846797,0.0347862,0.0690336,1.33792,8.26688,5.23227,1.57998,0.990534,0.205638,0.130153,0.07548579573631287,0.239442,1.50035,0.287933,0.706483,,,4.56332,0.000758538,-0.0473679,999,,,,,,,3.8000000000000003,3.8000000000000003,4,4,,,,,,,,,,,,,,,,,,,"Kyle Nicolas","27775",693312
"Tyler Ferguson","CHC",0,0,0,4.55231,4,0,0,0.1005,,2.60966,11.4946,2.27064,1.42,1.32,0.30943,1.37616,0.045269,0.247589,2.42145,8.35092,4.74598,1.75958,1.06714,0.210661,0.119723,0.09093859046697617,0.230036,1.39742,0.274683,0.69293,,,4.63563,0.000585251,0.05967,999,,,,,,,18.000000000000004,6.000000000000001,16,5.333333333333333,,,,,,,,,,,,,,,,,,,"Tyler Ferguson","19481",621053
"Matt Seelinger","NYM",0,0,0,4.82813,2,0,0,0.1097,,1.39806,6.19344,1.27591,0.81,0.75,0.215164,0.727945,0.0443138,0.0625907,1.42558,9.17716,4.68615,1.95836,1.38512,0.230175,0.117535,0.11264052987098694,0.236152,1.43331,0.28195,0.701184,,,4.74108,-0.000163669,-0.0473679,999,,,,,,,3.8000000000000003,3.8000000000000003,4,4,,,,,,,,,,,,,,,,,,,"Matt Seelinger","23563",676910
"Zach Maxwell","CIN",0,0,0,4.96653,7,0,0,0.1035,,4.87463,22.0922,4.57466,2.87,2.69,0.603362,3.03616,0.238786,0.211179,4.83381,8.92464,5.60564,1.59208,1.11398,0.218801,0.137431,0.08137035369873047,0.242754,1.56131,0.296195,0.700671,,,4.70771,-0.000427688,-0.0372113,999,,,,,,,12.7,2.54,13,2.6,,,,,,,,,,,,,,,,,,,"Zach Maxwell","31610",687209
"Wyatt Olds","BOS",0,0,0,4.58058,5,0,0,0.1085,,3.65456,16.4266,3.02455,2,1.86,0.402646,2.35024,0.101243,0.394791,3.92416,9.66395,5.78789,1.66968,0.991586,0.23889,0.143075,0.09581516683101654,0.221067,1.47071,0.280274,0.701461,,,4.62148,-0.00047044,0.0108435,999,,,,,,,23.8,5.95,22,5.5,,,,,,,,,,,,,,,,,,,"Wyatt Olds","29922",681544
"Yosver Zulueta","BAL",0,0,0,4.76335,3,0,0,0.1041,,2.09726,9.37906,2.07878,1.19,1.11,0.215453,1.09449,0.0473957,0.133003,1.78606,7.66455,4.6968,1.63187,0.924573,0.190431,0.116695,0.07373576611280441,0.255017,1.51306,0.302979,0.690642,,,4.47147,-0.000472901,0.00542174,999,,,,,,,10.600000000000001,5.300000000000001,11,5.5,,,,,,,,,,,,,,,,,,,"Yosver Zulueta","27765",691172
"Ben Lively","CLE",0,0,0,4.83451,2,0,0,0.1191,,1.99193,8.68256,1.98771,1.15,1.07,0.30633,0.723872,0.0408167,0.106996,1.57642,7.12263,3.27063,2.17776,1.38407,0.181562,0.0833709,0.09819066524505615,0.253157,1.36129,0.281689,0.684089,,,4.75112,-0.00051364,0.00542181,999,,,,,,,10.600000000000001,5.300000000000001,11,5.5,,,,,,,,,,,,,,,,,,,"Ben Lively","14932",594902
"Josiah Gray","WSN",0,0,0,4.81953,1,0,0,0.0933,,0.728286,3.20141,0.657992,0.42,0.39,0.10823,0.355603,0.0238131,0.0412581,0.620068,7.66266,4.39446,1.74371,1.33748,0.193686,0.111077,0.08260887861251831,0.234616,1.39175,0.264786,0.688567,,,4.94724,-0.000548569,0.0557942,999,,,,,,,6.800000000000001,6.800000000000001,7,7,,,,,,,,,,,,,,,,,,,"Josiah Gray","24580",680686
"Cam Sanders","BAL",0,0,0,4.50587,9,0,0,1.1241,,6.29179,28.1236,5.29666,3.37,3.15,0.745218,4.06027,0.231421,0.380328,6.45305,9.23067,5.80795,1.58932,1.06599,0.229453,0.144372,0.08508110046386719,0.223648,1.48716,0.276101,0.720135,,,4.68919,-0.000630375,0.0162652,999,,,,,,,23.10000000000001,3.8500000000000014,21,3.5,,,,,,,,,,,,,,,,,,,"Cam Sanders","23479",676742
"Cole Henry","WSN",0,0,0,4.73715,3,0,0,0.0933,,2.18486,9.66169,1.93658,1.23,1.15,0.298539,1.09705,0.0604555,0.20909,1.869,7.69892,4.51902,1.70367,1.22976,0.193445,0.113546,0.07989874482154846,0.231772,1.38848,0.264712,0.689546,,,4.94225,-0.000639742,0.00542174,736.2100219726562,,,,,,,10.600000000000001,5.300000000000001,11,5.5,,,,,,,,,,,,,,,,,,,"Cole Henry","27570",669371
"Brandan Bidois","MIA",0,0,0,4.69303,4,0,0,0.1047,,2.91496,12.9448,2.56097,1.63,1.52,0.386179,1.62691,0.123272,0.165517,2.89093,8.92583,5.02312,1.77695,1.19233,0.223328,0.125681,0.09764747321605682,0.229635,1.43668,0.276156,0.701321,,,4.66683,-0.000661577,-0.0424278,999,,,,,,,14.400000000000002,4.800000000000001,15,5,,,,,,,,,,,,,,,,,,,"Brandan Bidois","28052",684049
"Yilber Díaz","DET",0,0,0,5.00565,5,0,0,0.1013,,3.81169,17.2947,3.59384,2.27,2.12,0.447185,2.37352,0.0900332,0.193276,3.49156,8.24413,5.60426,1.47105,1.05587,0.201886,0.13724,0.06464634835720062,0.244016,1.56554,0.29165,0.692221,,,4.79669,-0.000997948,0.0108435,999,,,,,,,19.200000000000003,4.800000000000001,20,5,,,,,,,,,,,,,,,,,,,"Yilber Diaz","29271",700270
"Lucas Giolito","SDP",0,0,0,4.9941,2,0,0,0.1068,,1.38764,6.14105,1.32809,0.83,0.77,0.212603,0.662111,0.0408028,0.0656613,1.15667,7.50197,4.29435,1.74694,1.37891,0.18835,0.107817,0.08053290098905563,0.24534,1.43424,0.275838,0.685473,,,4.98142,-0.00130201,-0.0473679,728.47998046875,,,,,,,3.8000000000000003,3.8000000000000003,4,4,,,,,,,,,,,,,,,,,,,"Lucas Giolito","15474",608337
"Brooks Kriske","ATH",0,0,0,4.97738,2,0,0,0.0992,,1.48271,6.62579,1.3452,0.88,0.82,0.212584,0.886848,0.0493053,0.0566696,1.51408,9.19041,5.38314,1.70726,1.29038,0.228513,0.133848,0.09466488659381866,0.236736,1.50538,0.28633,0.698938,,,4.81397,-0.00143795,-0.0473679,999,,,,,,,5.800000000000001,5.800000000000001,6,6,,,,,,,,,,,,,,,,,,,"Brooks Kriske","21189",621139
"Jose Cuas","KCR",0,0,0,4.98601,8,0,0,0.6582,,5.70396,25.8332,5.54981,3.39,3.16,0.611962,3.17475,0.174013,0.532603,5.07525,8.00799,5.00928,1.59863,0.965586,0.196463,0.122894,0.07356835156679153,0.250829,1.52956,0.300381,0.678023,,,4.64842,-0.00178689,0.0162653,999,,,,,,,18.500000000000007,3.0833333333333344,19,3.1666666666666665,,,,,,,,,,,,,,,,,,,"Jose Cuas","17701",621016
"Parker Mushinski","COL",0,0,0,5.34025,1,0,0,0.0942,,0.792098,3.60577,0.850514,0.5,0.47,0.0918931,0.395155,0.0270594,0.0512832,0.637808,7.24692,4.48984,1.61407,1.04411,0.176886,0.10959,0.06729591637849808,0.269207,1.57262,0.312237,0.667553,,,4.67194,-0.00187912,0.0557942,999,,,,,,,6.800000000000001,6.800000000000001,7,7,,,,,,,,,,,,,,,,,,,"Parker Mushinski","21324",656786
"Andrew Baker","COL",0,0,0,5.27725,4,0,0,0,,3.10389,14.2821,3.05009,1.96,1.82,0.377773,1.95961,0.0772317,0.203041,3.38262,9.80818,5.68205,1.72617,1.09539,0.236843,0.137207,0.09963585436344147,0.25167,1.61401,0.319692,0.680613,,,4.57625,-0.00193512,-0.0424278,999,,,,,,,14.400000000000002,4.800000000000001,15,5,,,,,,,,,,,,,,,,,,,"Andrew Baker","sa3017196",687900
"Blake Adams","COL",0,0,0,5.55054,7,0,0,0.0942,,5.41569,24.3154,6.15072,3.6,3.34,0.798307,1.94187,0.153445,0.259835,4.06832,6.76089,3.22708,2.09505,1.32666,0.167314,0.0798618,0.08745256811380386,0.27814,1.49429,0.310337,0.644103,,,4.71685,-0.002148,-0.137104,999,,,,,,,11.1,2.2199999999999998,14,2.8,,,,,,,,,,,,,,,,,,,"Blake Adams","31492",687060
"Xzavion Curry","NYM",0,0,0,4.97834,6,0,0,0.1097,,4.19417,18.4472,4.24781,2.49,2.32,0.601843,1.63243,0.142338,0.190242,2.81935,6.04985,3.50292,1.72709,1.29146,0.152833,0.0884919,0.06434129923582077,0.255515,1.402,0.27614,0.672979,,,4.9081,-0.00221268,0.0108435,999,,,,,,,6.9,1.725,7,1.75,,,,,,,,,,,,,,,,,,,"Xzavion Curry","25595",675540
"CJ Van Eyk","TOR",0,0,0,4.87838,3,0,0,0.1023,,2.01091,8.91171,1.98795,1.17,1.09,0.264813,0.902435,0.0708233,0.129136,1.54612,6.91978,4.03891,1.71328,1.18519,0.173493,0.101264,0.07222915440797806,0.252273,1.43735,0.283914,0.682788,,,4.79653,-0.00259846,0.00542174,999,,,,,,,10.600000000000001,5.300000000000001,11,5.5,,,,,,,,,,,,,,,,,,,"CJ Van Eyk","27568",669310
"Luis Gil","NYY",0,0,0,4.58621,9,0,0,1.6447,,6.65256,29.401,5.64165,3.62,3.39,0.813808,3.7921,0.136718,0.457991,5.76729,7.80236,5.1302,1.52087,1.10097,0.19616,0.128979,0.06718099117279053,0.224312,1.41806,0.259983,0.700923,,,4.85639,-0.00264097,-0.0318527,376.5,,,,,,,31.9,4.557142857142857,30,4.285714285714286,,,,,,,,,,,,,,,,,,,"Luis Gil","21052",661563
"Patrick Monteverde","MIA",0,0,0,4.81653,6,0,0,0.1047,,4.37244,19.328,4.37694,2.51,2.34,0.534803,1.87358,0.199961,0.206663,3.01324,6.2023,3.85648,1.60828,1.10081,0.1559,0.0969359,0.05896427482366562,0.253769,1.42953,0.280454,0.679873,,,4.72242,-0.00282187,-0.0899542,999,,,,,,,6.9,1.725,7,1.75,,,,,,,,,,,,,,,,,,,"Patrick Monteverde","29564",687287
"Luis Mey","CIN",0,0,0,4.40559,10,0,0.162,2.3937,,6.65972,30.2821,5.92687,3.48,3.26,0.542826,4.74734,0.303073,0.434518,6.38814,8.63298,6.41559,1.34563,0.73358,0.210954,0.15677,0.054183781147003174,0.236128,1.6028,0.296326,0.725643,,,4.5588,-0.00336078,0.070215,999,,,,,,,28.9,4.128571428571428,27,3.857142857142857,,,,,,,,,,,,,,,,,,,"Luis Mey","25620",682825
"Zach McCambley","CIN",0,0,0,4.7819,6,0,0,0.1035,,4.17825,18.7119,3.83033,2.38,2.22,0.549233,2.38519,0.240888,0.266997,4.07124,8.7695,5.13772,1.70688,1.18305,0.217575,0.127469,0.0901060700416565,0.238506,1.48759,0.286829,0.704205,,,4.74772,-0.00456923,0.0108435,999,,,,,,,8.9,2.225,9,2.25,,,,,,,,,,,,,,,,,,,"Zach McCambley","27666",685112
"Tom Cosgrove","WSN",0,0,0,5.14908,9,0,0.163,1.7478,,6.55457,29.5068,6.74181,4.03,3.75,0.801358,3.1701,0.156433,0.400937,5.0445,6.92654,4.35282,1.59127,1.10033,0.170961,0.107436,0.06352436542510986,0.259943,1.51221,0.295694,0.669158,,,4.76795,-0.00462112,-0.0318527,999,,,,,,,30.3,4.328571428571428,31,4.428571428571429,,,,,,,,,,,,,,,,,,,"Tom Cosgrove","23443",676680
"Kent Emanuel","CIN",0,0,0,5.49273,2,0,0,0.1035,,1.39275,6.29971,1.56513,0.91,0.85,0.208607,0.592728,0.044604,0.073596,1.01153,6.53651,3.83023,1.70656,1.34803,0.160567,0.0940882,0.0664789229631424,0.277831,1.54935,0.307374,0.668802,,,5.01322,-0.00605865,-0.0473679,999,,,,,,,1.2000000000000002,1.2000000000000002,4,4,,,,,,,,,,,,,,,,,,,"Kent Emanuel","15849",592288
"Brian Keller","PHI",0,0,0,5.3991,2,0,0,0.0996,,1.91699,8.74334,1.89271,1.23,1.15,0.272028,1.11309,0.0867405,0.112429,1.67881,7.88181,5.2258,1.50825,1.27714,0.19201,0.127307,0.06470368802547455,0.251763,1.56798,0.291123,0.676505,,,5.09448,-0.0069897,0.00542181,999,,,,,,,10.600000000000001,5.300000000000001,11,5.5,,,,,,,,,,,,,,,,,,,"Brian Keller","19593",662144
"Brennan Bernardino","COL",0,0,0,5.5555,10,0,0.3,2.1462,,7.72748,35.1052,8.68285,5.14,4.77,1.02242,3.16031,0.240499,0.714298,6.36915,7.41798,3.68074,2.01535,1.19079,0.18143,0.0900239,0.09140610694885254,0.278023,1.5326,0.321339,0.643806,,,4.65917,-0.00795696,-0.0796287,999,,,,,,,31.500000000000007,3.937500000000001,35,4.375,,,,,,,,,,,,,,,,,,,"Brennan Bernardino","16835",657514
"Jason Alexander","HOU",0,0,0,5.14899,6,0,0,0.1066,,4.99904,22.2374,5.27199,3.07,2.86,0.711979,2.1028,0.184109,0.20755,3.79183,6.82661,3.78576,1.80323,1.28181,0.170516,0.0945611,0.07595457881689072,0.264564,1.47524,0.295658,0.674941,,,4.80431,-0.0080695,-0.0371686,999,,,,,,,13.7,2.7399999999999998,14,2.8,,,,,,,,,,,,,,,,,,,"Jason Alexander","19666",669920
"TJ Shook","COL",0,0,0,5.59816,5,0,0,0.0942,,3.87449,17.4897,4.10414,2.59,2.41,0.625387,1.71581,0.0789241,0.263469,3.53423,8.20962,3.98564,2.0598,1.4527,0.202076,0.0981044,0.10397114604711533,0.264606,1.50212,0.306477,0.653253,,,4.8899,-0.00828923,-0.0897083,999,,,,,,,8.9,2.225,9,2.25,,,,,,,,,,,,,,,,,,,"TJ Shook","27567",669298
"Hogan Harris","ATH",0,0,0,5.03839,10,0,3.18,1.0251,,7.18087,32.2885,7.03824,4.31,4.02,0.960207,3.73151,0.222959,0.520692,6.52588,8.17909,4.67681,1.74886,1.20346,0.202112,0.115568,0.0865439847111702,0.25104,1.49978,0.295764,0.685351,,,4.78058,-0.00837982,-0.0318721,618.1699829101562,,,,,,,39.30000000000001,5.614285714285716,40,5.714285714285714,,,,,,,,,,,,,,,,,,,"Hogan Harris","21520",663687
"Craig Kimbrel","KCR",0,0,0,4.93692,9,0,0.164,1.7936,,6.41695,28.6333,5.65688,3.77,3.52,0.832035,3.69412,0.114534,0.463565,5.77291,8.0967,5.18113,1.56273,1.16696,0.201615,0.129015,0.07260042428970337,0.231124,1.45723,0.269988,0.681761,,,4.91347,-0.00872231,-0.0849575,999,,,,,,,24.500000000000007,4.083333333333335,25,4.166666666666667,,,,,,,,,,,,,,,,,,,"Craig Kimbrel","6655",518886
"Chase Petty","CIN",0,0,0.308558,5.31037,6,1,0,0.1035,,9.86372,44.2883,10.2439,6.21,5.82,1.43026,4.74976,0.290796,0.514034,6.85134,6.2514,4.33385,1.44246,1.30502,0.154699,0.107246,0.04745221138000488,0.262501,1.52009,0.28669,0.67612,,,5.18015,-0.00874914,-0.0237443,999,,,,,,,31.700000000000003,3.1700000000000004,33,3.3,,,,,,,,,,,,,,,,,,,"Chase Petty","30170",695534
"Valente Bellozo","COL",0,0,0,5.52891,2,0,0,0.0942,,1.5627,7.01559,1.70817,1.03,0.96,0.24814,0.62052,0.0550138,0.0685401,0.971906,5.59748,3.57375,1.56628,1.42911,0.138535,0.0884488,0.05008646845817566,0.270001,1.49018,0.285917,0.655476,,,5.22657,-0.0088153,0.00542181,999,,,,,,,8.600000000000001,4.300000000000001,9,4.5,,,,,,,,,,,,,,,,,,,"Valente Bellozo","23899",678368
"Blas Castaño","COL",0,0,0,5.5672,4,0,0,0.0942,,3.10389,14.1728,3.45745,2.06,1.92,0.380271,1.41522,0.0816331,0.280935,2.24619,6.51302,4.10354,1.58717,1.10263,0.158486,0.0998544,0.05863167345523834,0.277114,1.56986,0.312398,0.648037,,,4.86809,-0.00976106,-0.0424278,999,,,,,,,15.400000000000002,5.133333333333334,16,5.333333333333333,,,,,,,,,,,,,,,,,,,"Blas Castano","26117",680604
"Anthony Gose","KCR",0,0,0,4.89134,8,0,0,1.0477,,5.70396,25.5171,5.24153,3.32,3.1,0.775953,3.18519,0.200628,0.318784,5.35302,8.44628,5.02575,1.6806,1.22434,0.209781,0.124825,0.0849560797214508,0.238109,1.47735,0.281134,0.695702,,,4.81781,-0.00978828,0.0162653,999,,,,,,,24.10000000000001,4.016666666666668,22,3.6666666666666665,,,,,,,,,,,,,,,,,,,"Anthony Gose","5097",543238
"Hayden Juenger","ATH",0,0,0,5.32423,7,0,0,0.0992,,5.18948,23.2689,5.4738,3.29,3.07,0.752622,2.25468,0.16032,0.311912,3.85133,6.67928,3.91024,1.70815,1.30526,0.165514,0.0968967,0.06861753016710281,0.264405,1.48926,0.293271,0.66496,,,4.96817,-0.00990998,-0.0372113,999,,,,,,,13.7,2.7399999999999998,14,2.8,,,,,,,,,,,,,,,,,,,"Hayden Juenger","29640",696522
"Hunter Parks","CIN",0,0,0,5.08346,3,0,0,0,,2.08913,9.60154,1.82259,1.25,1.18,0.260322,1.5516,0.0835444,0.152468,2.09408,9.02132,6.68432,1.34962,1.12147,0.218098,0.161599,0.05649876594543457,0.230781,1.61512,0.281841,0.705772,,,5.14558,-0.0108405,0.00542174,999,,,,,,,7.6000000000000005,3.8000000000000003,8,4,,,,,,,,,,,,,,,,,,,"Hunter Parks","sa3017640",688609
"Zach Brzykcy","MIA",0,0,0,4.78125,7,0,0,0.1047,,5.10118,22.7584,4.67717,2.91,2.71,0.646907,2.88023,0.270795,0.220841,4.06154,7.16577,5.08158,1.41015,1.14134,0.178463,0.126557,0.051906779408454895,0.237935,1.4815,0.269603,0.698675,,,4.9633,-0.0115947,-0.0372113,999,,,,,,,10.7,2.1399999999999997,11,2.2,,,,,,,,,,,,,,,,,,,"Zach Brzykcy","27783",694350
"Jose Franco","CIN",0,0,0,5.07269,4,0,0,0.1035,,2.7855,12.4852,2.5924,1.68,1.57,0.438024,1.56595,0.137298,0.147311,2.46548,7.966,5.05961,1.57443,1.41526,0.197472,0.125425,0.07204769551753998,0.240662,1.49285,0.2738,0.699088,,,5.2026,-0.0125126,-0.0424278,999,,,,,,,12.400000000000002,4.133333333333334,13,4.333333333333333,,,,,,,,,,,,,,,,,,,"Jose Franco","27014",683742
"Taylor Rashi","ATH",0,0,0,5.17162,5,0,0,0.0992,,3.70677,16.6001,3.64037,2.29,2.13,0.579946,1.9465,0.143583,0.131161,3.23069,7.84407,4.72609,1.65974,1.4081,0.194619,0.117259,0.07736014574766159,0.250673,1.50721,0.285707,0.690452,,,5.05567,-0.0129152,0.0108435,999,,,,,,,6.9,1.725,7,1.75,,,,,,,,,,,,,,,,,,,"Taylor Rashi","26344",688497
"Chase Solesky","CIN",0,0,0,5.4798,4,0,0,0.1035,,3.48188,15.7827,3.71612,2.27,2.12,0.519951,1.71923,0.206292,0.154098,2.71239,7.01103,4.44388,1.57768,1.34397,0.171858,0.108931,0.06292754411697388,0.267167,1.56104,0.29935,0.672417,,,5.08071,-0.0130524,-0.0424278,999,,,,,,,-0.4999999999999982,-0.16666666666666607,2,0.6666666666666666,,,,,,,,,,,,,,,,,,,"Chase Solesky","25480",686678
"Chris Roycroft","ATH",0,0,0,5.13924,9,0,0.164,1.7654,,6.67219,30.2637,7.17583,4.08,3.81,0.694553,3.43584,0.222828,0.379656,4.60765,6.21517,4.63455,1.34105,0.936871,0.15225,0.11353,0.03871982544660568,0.271317,1.59043,0.306502,0.677609,,,4.77102,-0.0132027,-0.0318527,999,,,,,,,30.3,4.328571428571428,31,4.428571428571429,,,,,,,,,,,,,,,,,,,"Chris Roycroft","31261",688297
"Tyron Guerrero","BOS",0,0,0,5.05,10,0,0,2.1659,,7.16436,32.1143,7.11933,4.32,4.02,0.962995,3.6143,0.130128,0.513155,6.39276,8.0307,4.54035,1.76874,1.20973,0.199063,0.112545,0.08651798218488693,0.254382,1.4982,0.298401,0.68336,,,4.77448,-0.0144455,-0.0318721,999,,,,,,,26.3,3.757142857142857,27,3.857142857142857,,,,,,,,,,,,,,,,,,,"Tyron Guerrero","11691",594027
"Joey Estes","ATH",0,0,0.356631,6.01684,3,1,0,0.0992,,7.14993,32.0852,7.99028,5.1,4.78,1.52283,2.68691,0.125777,0.398163,4.41576,5.55835,3.38215,1.64344,1.91687,0.137626,0.0837428,0.053883157670497894,0.275525,1.49333,0.280443,0.652667,,,5.91143,-0.0190077,-0.0786392,999,,,,,,,5.400000000000002,0.7714285714285717,8,1.1428571428571428,,,,,,,,,,,,,,,,,,,"Joey Estes","26257",683155
"Zach Agnos","COL",0,0,0,5.47228,9,0,0,1.3989,,6.95688,31.3077,7.77436,4.54,4.23,0.972131,2.7646,0.149456,0.389535,4.97414,6.43496,3.57652,1.79922,1.25763,0.158879,0.0883043,0.0705747976899147,0.276141,1.5149,0.306306,0.653626,,,4.8301,-0.019613,-0.13223,743.47998046875,,,,,,,23.7,3.3857142857142857,27,3.857142857142857,,,,,,,,,,,,,,,,,,,"Zach Agnos","31552",688642
"Tony Santillan","CIN",0,0,0,5.13535,10,0,0.487,1.9625,,6.65972,29.901,6.45767,4.07,3.8,1.0183,3.51856,0.236466,0.349502,6.23424,8.425,4.75501,1.77181,1.37614,0.208496,0.117674,0.0908222496509552,0.248058,1.498,0.28963,0.690738,,,4.94135,-0.0202174,-0.0318721,718.1199951171875,,,,,,,31.9,4.557142857142857,30,4.285714285714286,,,,,,,,,,,,,,,,,,,"Tony Santillan","19926",663574
"Tejay Antone","CIN",0,0,0,5.21644,10,0,0.162,2.0041,,6.65972,29.9388,6.78687,4.14,3.86,1.00838,3.27221,0.208224,0.419292,5.90567,7.98097,4.42209,1.8048,1.36274,0.197258,0.109297,0.0879615768790245,0.258574,1.51044,0.298889,0.684497,,,4.94112,-0.0235194,-0.0318721,999,,,,,,,32.3,4.614285714285714,33,4.714285714285714,,,,,,,,,,,,,,,,,,,"Tejay Antone","16233",622088
"Tim Hill","NYY",0,0,0,5.00472,10,0,0,2.1709,,7.35506,32.4918,8.51774,4.42,4.09,0.921672,2.34434,0.161879,0.298705,2.90072,3.54945,2.86864,1.23733,1.1278,0.0892754,0.0721518,0.017123684287071228,0.285363,1.47682,0.291861,0.673031,,,5.00169,-0.0428619,-0.0318721,999,,,,,,,24.1,3.442857142857143,30,4.285714285714286,,,,,,,,,,,,,,,,,,,"Tim Hill","16814",657612
"Julian Garcia","CIN",0,0,0,5.71531,9,0,0,1.1177,,6.26738,28.6827,6.2988,4.27,3.98,1.14365,3.65726,0.288663,0.286616,6.02035,8.64526,5.25185,1.64614,1.6423,0.209895,0.127507,0.08238732814788818,0.254612,1.58855,0.293325,0.680562,,,5.42221,-0.0440903,-0.0849575,999,,,,,,,20.500000000000007,3.416666666666668,21,3.5,,,,,,,,,,,,,,,,,,,"Julian Garcia","22362",670062