Name,Team,W,L,QS,ERA,G,GS,SV,HLD,BS,IP,TBF,H,R,ER,HR,BB,IBB,HBP,SO,K/9,BB/9,K/BB,HR/9,K%,BB%,K-BB%,AVG,WHIP,BABIP,LOB%,GB%,HR/FB,FIP,WAR,RA9-WAR,ADP,InterSD,InterSK,IntraSD,Vol,Skew,Dim,FPTS,FPTS/IP,SPTS,SPTS/IP,P10,P20,P30,P40,P50,P60,P70,P80,P90,TT10,TT20,TT30,TT40,TT50,TT60,TT70,TT80,TT90,NameASCII,PlayerId,MLBAMID
"Tarik Skubal","LAD",2,1,3,2.68831,4,4,0,0,,27,108,21,9,8,3,5,,1,34,11.2543,1.54285,7.29451,0.909205,0.318574,0.0436732,0.27490124851465225,0.208559,0.947033,0.28495,0.772539,,,2.51477,0.924002,0.833896,7.019999980926514,,,,,,,158.3,5.862962962962963,146,5.407407407407407,,,,,,,,,,,,,,,,,,,"Tarik Skubal","22267",669373
"Cristopher Sánchez","PHI",2,1,3,3.08917,5,5,0,0,,31,128,28,12,11,3,7,,1,33,9.36381,2.04676,4.57494,0.761586,0.254524,0.0556344,0.19888949766755104,0.231844,1.11519,0.29701,0.744542,,,2.87827,0.885883,0.810351,24.75,,,,,,,161.7,5.216129032258064,158,5.096774193548387,,,,,,,,,,,,,,,,,,,"Cristopher Sanchez","20778",650911
"Chris Sale","ATL",2,1,3,2.81868,4,4,0,0,,27,108,22,9,8,2,6,,2,32,10.8693,2.10361,5.16695,0.74182,0.297708,0.0576177,0.2400902397930622,0.225347,1.07871,0.310039,0.766404,,,2.66049,0.819298,0.840019,39.36000061035156,,,,,,,158,5.851851851851852,149,5.518518518518518,,,,,,,,,,,,,,,,,,,"Chris Sale","10603",519242
"Logan Webb","SFG",2,1,3,3.28384,5,5,0,0,,31,127,29,12,11,2,7,,1,28,8.19363,1.99574,4.10555,0.683252,0.219942,0.0535719,0.16637013852596283,0.244611,1.1707,0.301764,0.727254,,,3.02905,0.751589,0.730475,57.189998626708984,,,,,,,161.39999999999998,5.2064516129032254,161,5.193548387096774,,,,,,,,,,,,,,,,,,,"Logan Webb","17995",657277
"Jesús Luzardo","PHI",2,1,3,3.63245,5,5,0,0,,29,121,25,13,12,3,9,,1,34,10.5711,2.75422,3.83813,1.00607,0.283233,0.0737945,0.20943813771009445,0.227003,1.16935,0.298609,0.72138,,,3.21894,0.729033,0.56414,70.58999633789062,,,,,,,150.70000000000002,5.196551724137931,144,4.9655172413793105,,,,,,,,,,,,,,,,,,,"Jesus Luzardo","19959",666200
"Dylan Cease","TOR",2,1,3,3.26727,5,5,0,0,,27,113,21,11,10,3,11,,1,35,11.5986,3.65622,3.1723,0.871104,0.309537,0.0975751,0.21196233481168747,0.207668,1.18177,0.288958,0.752363,,,3.05121,0.724166,0.603679,74.7699966430664,,,,,,,142.3,5.270370370370371,130,4.814814814814815,,,,,,,,,,,,,,,,,,,"Dylan Cease","18525",656302
"Paul Skenes","PIT",2,1,3,2.88257,5,5,0,0,,25,102,20,9,8,2,7,,1,29,10.4532,2.41667,4.32544,0.823671,0.287021,0.0663563,0.22066428512334824,0.214723,1.07035,0.286269,0.766499,,,2.88729,0.719635,0.72281,9.649999618530273,,,,,,,142.4,5.696000000000001,133,5.32,,,,,,,,,,,,,,,,,,,"Paul Skenes","33677",694973
"Yoshinobu Yamamoto","LAD",2,1,2,3.44153,4,4,0,0,,28,111,22,11,11,3,7,,1,29,9.46816,2.2335,4.23916,0.956795,0.262234,0.06186,0.20037445053458214,0.212156,1.03951,0.266376,0.700441,,,3.20663,0.713991,0.66636,26.639999389648438,,,,,,,147.10000000000002,5.253571428571429,135,4.821428571428571,,,,,,,,,,,,,,,,,,,"Yoshinobu Yamamoto","33825",808967
"Jacob Misiorowski","MIL",2,1,3,3.18054,5,5,0,0,,25,102,18,10,9,3,9,,2,34,12.2559,3.05753,4.00843,0.950413,0.336532,0.083956,0.2525761276483536,0.198985,1.06338,0.2849,0.741921,,,2.9618,0.665521,0.56446,114.13999938964844,,,,,,,136.3,5.452000000000001,121,4.84,,,,,,,,,,,,,,,,,,,"Jacob Misiorowski","31623",694819
"Max Fried","NYY",2,1,3,3.2899,4,4,0,0,,27,110,23,11,10,2,8,,1,25,8.30367,2.66206,3.11927,0.659409,0.223592,0.0716809,0.15191099047660828,0.226842,1.15752,0.281301,0.720595,,,3.1733,0.662649,0.615582,50.04999923706055,,,,,,,138.40000000000003,5.1259259259259276,132,4.888888888888889,,,,,,,,,,,,,,,,,,,"Max Fried","13743",608331
"Chase Burns","CIN",2,1,2,3.76226,4,4,0,0,,23,95,20,10,10,3,7,,0,27,10.655,2.82693,3.76912,1.0773,0.283846,0.0753082,0.20853781700134277,0.22802,1.19273,0.297653,0.720237,,,3.22447,0.629211,0.46688,109.72000122070312,,,,,,,114.30000000000001,4.969565217391305,109,4.739130434782608,,,,,,,,,,,,,,,,,,,"Chase Burns","35333",695505
"Zack Wheeler","PHI",2,1,3,3.65288,5,5,0,0,,28,115,24,12,11,4,8,,1,31,9.97344,2.63861,3.7798,1.13242,0.268496,0.0710344,0.1974615827202797,0.226398,1.15209,0.286381,0.728451,,,3.50319,0.611995,0.603012,110.48999786376953,,,,,,,130.60000000000005,4.664285714285716,123,4.392857142857143,,,,,,,,,,,,,,,,,,,"Zack Wheeler","10310",554430
"Cam Schlittler","NYY",2,1,3,3.48792,5,5,0,0,,25,105,21,11,10,3,8,,1,29,10.2376,2.817,3.6342,0.963535,0.275164,0.0757151,0.19944914430379868,0.223542,1.15766,0.291085,0.730731,,,3.26625,0.595121,0.478054,116.62999725341797,,,,,,,124.5,4.98,117,4.68,,,,,,,,,,,,,,,,,,,"Cam Schlittler","32095",693645
"Ranger Suarez","BOS",2,1,3,3.43537,5,5,0,0,,26,110,25,11,10,2,8,,1,24,8.14851,2.73512,2.97922,0.728919,0.213431,0.0716399,0.14179084450006485,0.248163,1.27273,0.304303,0.739929,,,3.33971,0.588827,0.576753,183.97999572753906,,,,,,,123.80000000000001,4.761538461538462,125,4.8076923076923075,,,,,,,,,,,,,,,,,,,"Ranger Suarez","17277",624133
"Blake Snell","LAD",2,1,2,3.37227,4,4,0,0,,23,96,18,9,9,2,10,,0,29,11.5681,4.09676,2.82372,0.866623,0.305463,0.108178,0.1972854658961296,0.20658,1.2259,0.28709,0.750277,,,3.1957,0.581886,0.548623,178.41000366210938,,,,,,,126.80000000000003,5.513043478260871,117,5.086956521739131,,,,,,,,,,,,,,,,,,,"Blake Snell","13543",605483
"Gerrit Cole","NYY",2,1,3,3.78457,5,5,0,0,,30,122,26,14,13,4,8,,1,30,8.99385,2.32963,3.86064,1.22843,0.243438,0.0630565,0.1803818717598915,0.229208,1.13371,0.275399,0.717825,,,3.72341,0.580319,0.489233,232.89999389648438,,,,,,,138.20000000000002,4.606666666666667,131,4.366666666666666,,,,,,,,,,,,,,,,,,,"Gerrit Cole","13125",543037
"Jacob deGrom","TEX",2,1,3,3.44976,5,5,0,0,,26,105,21,11,10,3,7,,0,29,10.0764,2.30501,4.37151,1.20497,0.276711,0.0632986,0.2134120687842369,0.215545,1.07124,0.269455,0.740667,,,3.37783,0.572822,0.520536,50.0099983215332,,,,,,,137.9,5.303846153846154,128,4.923076923076923,,,,,,,,,,,,,,,,,,,"Jacob deGrom","10954",594798
"Bryan Woo","SEA",2,1,2,3.44785,6,4,0,0,,28,112,23,12,11,3,6,,1,28,9.1048,1.86045,4.89386,1.06444,0.251994,0.0514918,0.20050201937556267,0.222684,1.04367,0.273412,0.714349,,,3.36584,0.55958,0.46091,34.77000045776367,,,,,,,145.50000000000006,5.196428571428574,136,4.857142857142857,,,,,,,,,,,,,,,,,,,"Bryan Woo","30279",693433
"Kevin Gausman","CHC",2,1,3,3.43446,5,5,0,0,,27,114,24,11,10,3,8,,0,27,8.98952,2.54141,3.53721,1.05445,0.241012,0.0681361,0.17287567257881165,0.231121,1.17271,0.282568,0.751394,,,3.4852,0.551418,0.572866,112.94999694824219,,,,,,,130.5,4.833333333333333,126,4.666666666666667,,,,,,,,,,,,,,,,,,,"Kevin Gausman","14107",592332
"Sandy Alcantara","MIA",2,2,3,4.11053,5,5,0,0,,30,125,28,15,14,3,8,,1,24,7.10488,2.44196,2.9095,0.914353,0.188708,0.0648592,0.1238488182425499,0.244452,1.21848,0.283405,0.670884,,,3.75155,0.542937,0.387221,144.57000732421875,,,,,,,133.3,4.443333333333333,132,4.4,,,,,,,,,,,,,,,,,,,"Sandy Alcantara","18684",645261
"Drew Rasmussen","TBR",2,1,3,3.28623,5,5,0,0,,25,103,22,10,9,3,6,,1,24,8.36959,2.03814,4.10649,0.949548,0.229254,0.0558274,0.17342710494995117,0.227164,1.08793,0.274216,0.734978,,,3.38744,0.542658,0.596701,132.36000061035156,,,,,,,117.89999999999999,4.715999999999999,113,4.52,,,,,,,,,,,,,,,,,,,"Drew Rasmussen","25385",656876
"George Kirby","SEA",2,2,3,3.82958,5,5,0,0,,28,118,27,13,12,3,6,,1,26,8.27484,1.8438,4.48793,1.0268,0.222367,0.0495479,0.17281955480575562,0.246534,1.16587,0.295654,0.699064,,,3.43764,0.539068,0.368701,64.58000183105469,,,,,,,131.10000000000002,4.682142857142858,132,4.714285714285714,,,,,,,,,,,,,,,,,,,"George Kirby","25436",669923
"Braxton Ashcraft","PIT",2,1,3,3.66663,5,5,0,0,,26,108,25,11,10,3,6,,1,25,8.91403,2.25438,3.9541,1.06806,0.236437,0.0597954,0.17664136737585068,0.248348,1.2173,0.304663,0.736779,,,3.53341,0.536468,0.572768,239.36000061035156,,,,,,,119.5,4.596153846153846,120,4.615384615384615,,,,,,,,,,,,,,,,,,,"Braxton Ashcraft","23793",677952
"Reid Detmers","LAA",1,1,2,4.11838,5,5,0,0,,26,109,23,13,12,3,8,,1,30,10.2227,2.87398,3.55698,1.06716,0.271855,0.0764286,0.1954263597726822,0.231024,1.20156,0.297798,0.679992,,,3.43131,0.532805,0.324478,350.4599914550781,,,,,,,128.7,4.949999999999999,124,4.769230769230769,,,,,,,,,,,,,,,,,,,"Reid Detmers","27468",672282
"Hunter Brown","HOU",2,1,3,3.39865,5,5,0,0,,27,113,22,11,10,3,11,,1,29,9.78033,3.50816,2.78788,0.898118,0.25889,0.0928629,0.1660275086760521,0.220986,1.22243,0.283902,0.74993,,,3.49637,0.528653,0.605018,36.189998626708984,,,,,,,127.7,4.729629629629629,118,4.37037037037037,,,,,,,,,,,,,,,,,,,"Hunter Brown","25880",686613
"Shane McClanahan","TBR",2,1,2,3.3604,4,4,0,0,,23,96,20,9,9,2,7,,1,23,9.06331,2.70789,3.347,0.91829,0.242888,0.0725687,0.17031900584697723,0.228633,1.17416,0.284539,0.744985,,,3.37522,0.513914,0.573044,182.99000549316406,,,,,,,115.60000000000002,5.02608695652174,111,4.826086956521739,,,,,,,,,,,,,,,,,,,"Shane McClanahan","21483",663556
"Logan Gilbert","SEA",2,1,3,3.56837,5,5,0,0,,28,115,24,12,11,4,7,,1,30,9.67973,2.26915,4.26579,1.21519,0.263513,0.0617734,0.20173907652497292,0.225311,1.10782,0.278543,0.736685,,,3.53852,0.511414,0.480275,37.150001525878906,,,,,,,131.60000000000005,4.700000000000002,124,4.428571428571429,,,,,,,,,,,,,,,,,,,"Logan Gilbert","22250",669302
"Tyler Glasnow","LAD",1,1,2,3.63047,4,4,0,0,,22,92,18,10,9,3,8,,0,27,10.8484,3.09121,3.50943,1.1315,0.292772,0.0834242,0.20934762805700302,0.211134,1.13871,0.274909,0.727379,,,3.35878,0.508918,0.370978,113.73999786376953,,,,,,,109.10000000000001,4.95909090909091,101,4.590909090909091,,,,,,,,,,,,,,,,,,,"Tyler Glasnow","14374",607192
"Nick Martinez","TBR",2,2,3,4.03286,5,5,0,0,,29,122,30,14,13,3,6,,1,20,6.21798,2.00955,3.09421,0.989828,0.163654,0.0528902,0.11076342314481735,0.261132,1.25977,0.292427,0.698781,,,3.88866,0.479992,0.437002,738.3400268554688,,,,,,,118.70000000000002,4.093103448275863,125,4.310344827586207,,,,,,,,,,,,,,,,,,,"Nick Martinez","12730",607259
"Payton Tolle","BOS",1,1,2,3.89632,4,4,0,0,,23,94,20,11,10,3,6,,1,25,9.91491,2.5991,3.81475,1.18025,0.264112,0.0692344,0.19487784802913666,0.235893,1.19579,0.297018,0.716483,,,3.56341,0.477988,0.37762,673,,,,,,,110.30000000000001,4.7956521739130435,105,4.565217391304348,,,,,,,,,,,,,,,,,,,"Payton Tolle","35466",801139
"Parker Messick","CLE",2,1,3,3.61202,5,5,0,0,,25,105,23,11,10,3,8,,1,25,8.9471,2.75056,3.25283,1.03449,0.236774,0.0727901,0.16398373246192932,0.239041,1.22665,0.293768,0.741665,,,3.62617,0.474025,0.474206,294.17999267578125,,,,,,,111.3,4.452,109,4.36,,,,,,,,,,,,,,,,,,,"Parker Messick","31986",800048
"Clay Holmes","CHC",2,1,3,3.21014,4,4,0,0,,25,106,23,10,9,2,9,,1,20,7.25723,3.02558,2.39862,0.612002,0.192313,0.0801765,0.11213657259941101,0.233833,1.22741,0.280291,0.741658,,,3.49919,0.471754,0.552891,330.6300048828125,,,,,,,110.60000000000001,4.424,109,4.36,,,,,,,,,,,,,,,,,,,"Clay Holmes","13649",605280
"Carmen Mlodzinski","PIT",2,2,2,3.62911,6,4,0,0,,27,114,26,12,11,2,9,,1,22,7.48954,2.94073,2.54683,0.80848,0.194975,0.0765559,0.11841871589422226,0.249312,1.30101,0.296213,0.734068,,,3.66776,0.468434,0.456626,745.6199951171875,,,,,,,121.60000000000002,4.503703703703705,123,4.555555555555555,,,,,,,,,,,,,,,,,,,"Carmen Mlodzinski","27572",669387
"Sonny Gray","BOS",2,1,2,3.84757,4,4,0,0,,25,107,25,12,11,3,7,,1,25,8.86498,2.44262,3.62929,1.06019,0.232551,0.0640763,0.1684749275445938,0.25246,1.26362,0.309266,0.727165,,,3.561,0.465111,0.406139,138.08999633789062,,,,,,,109.1,4.364,112,4.48,,,,,,,,,,,,,,,,,,,"Sonny Gray","12768",543243
"MacKenzie Gore","TEX",2,2,2,4.12247,5,5,0,0,,25,108,23,13,12,3,10,,1,29,10.0947,3.38961,2.97812,1.02275,0.264268,0.0887366,0.1755317896604538,0.233569,1.26756,0.301375,0.694363,,,3.60692,0.463035,0.243752,164.82000732421875,,,,,,,113.3,4.532,111,4.44,,,,,,,,,,,,,,,,,,,"MacKenzie Gore","22201",669022
"Framber Valdez","DET",2,2,3,3.90921,5,5,0,0,,30,128,28,14,13,3,11,,2,25,7.5153,3.194,2.35294,0.823793,0.195947,0.0832775,0.11266949027776718,0.244347,1.2944,0.290561,0.705054,,,3.85288,0.45774,0.503769,81.13999938964844,,,,,,,123.3,4.11,122,4.066666666666666,,,,,,,,,,,,,,,,,,,"Framber Valdez","17295",664285
"Mason Miller","SDP",1,0,0,1.95274,10,0,5,0,,10,41,5,2,2,1,4,,0,18,15.5065,3.19018,4.8607,0.650734,0.445172,0.091586,0.3535858690738678,0.149918,0.876528,0.266592,0.826374,,,1.74133,0.449929,0.499468,27.860000610351562,,,,,,,97.7,9.77,86,8.6,,,,,,,,,,,,,,,,,,,"Mason Miller","31757",695243
"Trevor Rogers","BAL",2,1,2,4.02616,5,5,0,0,,25,107,24,12,11,3,7,,1,22,7.88468,2.61167,3.01902,1.0397,0.207466,0.0687198,0.1387467160820961,0.247186,1.25456,0.291721,0.703045,,,3.79699,0.448792,0.34784,146.07000732421875,,,,,,,105.69999999999999,4.228,106,4.24,,,,,,,,,,,,,,,,,,,"Trevor Rogers","22286",669432
"Shane Baz","BAL",2,2,3,3.98214,5,5,0,0,,26,111,24,13,12,3,9,,1,25,8.42196,3.10901,2.70889,0.943184,0.221269,0.0816827,0.13958656042814255,0.237785,1.25885,0.288711,0.699482,,,3.73755,0.448088,0.307525,186.92999267578125,,,,,,,113.1,4.35,111,4.269230769230769,,,,,,,,,,,,,,,,,,,"Shane Baz","22264",669358
"Casey Mize","SDP",2,1,2,3.6687,4,4,0,0,,23,96,21,10,9,3,6,,1,22,8.44034,2.47384,3.41183,1.10445,0.225035,0.0659573,0.15907775610685349,0.238989,1.19765,0.285671,0.735559,,,3.72181,0.444581,0.396206,289.6499938964844,,,,,,,101.70000000000002,4.4217391304347835,99,4.304347826086956,,,,,,,,,,,,,,,,,,,"Casey Mize","20492",663554
"José Soriano","TOR",2,1,3,3.61805,5,5,0,0,,28,116,22,12,11,2,12,,2,26,8.41344,3.98483,2.11137,0.762606,0.2229,0.105572,0.11732884496450424,0.211639,1.22401,0.260685,0.712013,,,3.82273,0.437893,0.561053,321.80999755859375,,,,,,,135.40000000000003,4.835714285714287,124,4.428571428571429,,,,,,,,,,,,,,,,,,,"Jose Soriano","22100",667755
"Kyle Leahy","STL",1,1,2,3.99227,4,4,0,0,,25,106,24,12,11,3,8,,1,22,8.05012,2.84968,2.82492,0.912437,0.21139,0.0748303,0.13655942678451538,0.243877,1.26244,0.292962,0.696367,,,3.67167,0.437185,0.3415,733.6699829101562,,,,,,,102.69999999999999,4.108,103,4.12,,,,,,,,,,,,,,,,,,,"Kyle Leahy","24763",681517
"Dustin May","MIL",2,1,2,3.4716,4,4,0,0,,25,104,20,11,10,3,9,,2,25,8.67847,3.08657,2.81169,0.943032,0.235535,0.0837701,0.15176524966955185,0.21248,1.12397,0.259426,0.721079,,,3.77178,0.429172,0.455158,414.6700134277344,,,,,,,113.1,4.524,103,4.12,,,,,,,,,,,,,,,,,,,"Dustin May","19716",669160
"Kyle Bradish","BAL",1,1,3,3.95124,5,5,0,0,,25,106,23,12,11,3,9,,1,25,8.82487,3.38926,2.60377,0.951232,0.230517,0.0885318,0.14198500663042068,0.235573,1.28166,0.290076,0.70959,,,3.73128,0.426332,0.34784,72.95999908447266,,,,,,,108.3,4.332,106,4.24,,,,,,,,,,,,,,,,,,,"Kyle Bradish","24586",680694
"Carlos Rodón","NYY",2,2,2,4.09067,5,5,0,0,,25,105,21,12,11,3,10,,1,26,9.37152,3.68597,2.54248,1.04074,0.244734,0.0962578,0.14847604930400848,0.228807,1.28066,0.285055,0.703112,,,3.84679,0.41848,0.372617,202.3000030517578,,,,,,,112.5,4.5,105,4.2,,,,,,,,,,,,,,,,,,,"Carlos Rodon","16137",607074
"Jhoan Duran","PHI",1,0,0,2.20221,10,0,5,0,,10,42,8,3,3,0,3,,1,13,11.3441,2.32128,4.88699,0.325933,0.316066,0.064675,0.2513907253742218,0.205006,1.00884,0.302042,0.775327,,,2.0084,0.414238,0.369528,41.84000015258789,,,,,,,92.2,9.22,89,8.9,,,,,,,,,,,,,,,,,,,"Jhoan Duran","21029",661395
"Nolan McLean","NYM",2,1,2,3.84517,4,4,0,0,,25,105,22,12,11,3,10,,2,26,9.51846,3.56337,2.6712,0.955397,0.24951,0.0934077,0.15610244125127792,0.231643,1.26424,0.29487,0.716953,,,3.81892,0.412237,0.337973,87.29000091552734,,,,,,,106.89999999999999,4.276,102,4.08,,,,,,,,,,,,,,,,,,,"Nolan McLean","33703",690997
"Logan Henderson","MIL",2,2,2,3.96979,6,4,0,0,,22,91,19,11,10,3,6,,1,24,9.76336,2.41285,4.0464,1.35478,0.263397,0.065094,0.1983027532696724,0.22906,1.14424,0.280202,0.712159,,,3.75142,0.404292,0.236188,413.3999938964844,,,,,,,103.5,4.704545454545454,98,4.454545454545454,,,,,,,,,,,,,,,,,,,"Logan Henderson","31475",701656
"Michael Wacha","KCR",1,2,2,4.26388,5,5,0,0,,26,112,26,14,13,3,7,,1,21,7.28062,2.5032,2.90853,1.15723,0.19131,0.0657754,0.1255343183875084,0.251214,1.26258,0.287086,0.690598,,,4.06628,0.397201,0.267546,609.2899780273438,,,,,,,105.9,4.073076923076924,109,4.1923076923076925,,,,,,,,,,,,,,,,,,,"Michael Wacha","14078",608379
"Cade Cavalli","WSN",1,1,2,4.06958,4,4,0,0,,22,91,20,11,10,2,7,,2,22,9.21972,2.98342,3.09032,0.989339,0.242991,0.0786296,0.16436128318309784,0.240244,1.24269,0.301403,0.689935,,,3.73265,0.393962,0.293799,305.2200012207031,,,,,,,103.20000000000002,4.690909090909091,101,4.590909090909091,,,,,,,,,,,,,,,,,,,"Cade Cavalli","27473",676917
"Gavin Williams","CLE",2,1,3,3.65402,5,5,0,0,,26,109,22,12,11,4,10,,1,30,10.3759,3.28185,3.1616,1.29153,0.275613,0.0871753,0.1884377896785736,0.222089,1.20572,0.280067,0.76075,,,3.83068,0.387882,0.433654,144.74000549316406,,,,,,,112.99999999999999,4.346153846153846,105,4.038461538461538,,,,,,,,,,,,,,,,,,,"Gavin Williams","30122",668909
"Brandon Pfaadt","ARI",1,1,2,4.30923,5,5,0,0,,26,110,27,14,13,3,6,,1,22,7.73785,2.13117,3.63079,1.1538,0.203434,0.0560301,0.1474037542939186,0.259387,1.25859,0.30278,0.684038,,,3.89137,0.387332,0.228998,588.5999755859375,,,,,,,108.3,4.165384615384616,114,4.384615384615385,,,,,,,,,,,,,,,,,,,"Brandon Pfaadt","27782",694297
"Andrew Abbott","CIN",1,1,2,4.43899,4,4,0,0,,24,105,24,13,12,3,9,,0,21,7.74236,3.29179,2.35202,1.17391,0.198533,0.0844097,0.11412376910448074,0.25267,1.36444,0.293146,0.700887,,,4.20012,0.386524,0.22417,221.92999267578125,,,,,,,93.30000000000001,3.8875000000000006,96,4,,,,,,,,,,,,,,,,,,,"Andrew Abbott","29911",671096
"Freddy Peralta","TBR",2,2,2,4.15992,5,5,0,0,,26,109,23,13,12,3,10,,1,26,9.07153,3.36686,2.69436,1.21691,0.238317,0.0884506,0.14986683428287506,0.231673,1.25671,0.280284,0.706665,,,4.08426,0.385192,0.345809,56.36000061035156,,,,,,,114.7,4.411538461538462,110,4.230769230769231,,,,,,,,,,,,,,,,,,,"Freddy Peralta","18679",642547
"Janson Junk","MIA",1,2,2,4.48474,4,4,0,0,,25,105,27,13,12,3,6,,1,18,6.45048,2.09148,3.08417,1.14005,0.16748,0.054303,0.11317659914493561,0.269908,1.31617,0.301739,0.680116,,,4.08882,0.385138,0.272099,999,,,,,,,92.89999999999999,3.7159999999999997,101,4.04,,,,,,,,,,,,,,,,,,,"Janson Junk","23301",676083
"Aaron Nola","PHI",1,2,2,4.78265,5,5,0,0,,27,113,26,15,14,5,8,,1,27,9.24684,2.56262,3.60835,1.59244,0.241996,0.0670655,0.1749306246638298,0.250501,1.2721,0.296079,0.677953,,,4.24089,0.380199,0.233661,205.52999877929688,,,,,,,97.70000000000002,3.618518518518519,97,3.5925925925925926,,,,,,,,,,,,,,,,,,,"Aaron Nola","16149",605400
"Taj Bradley","MIN",1,1,2,4.25209,5,5,0,0,,26,110,24,13,12,3,10,,1,26,9.25923,3.43592,2.69484,1.19047,0.240514,0.0892498,0.15126381814479828,0.23813,1.30366,0.291339,0.706428,,,3.96376,0.379822,0.332703,492.4599914550781,,,,,,,112.1,4.311538461538461,110,4.230769230769231,,,,,,,,,,,,,,,,,,,"Taj Bradley","22543",671737
"Sean Burke","CHW",1,2,2,4.27779,5,5,0,0,,28,122,26,15,13,4,11,,1,29,9.24989,3.57957,2.58408,1.2573,0.239315,0.0926115,0.14670395851135254,0.239726,1.32062,0.291983,0.714623,,,4.1784,0.379192,0.256768,748.5599975585938,,,,,,,112.40000000000006,4.014285714285717,110,3.9285714285714284,,,,,,,,,,,,,,,,,,,"Sean Burke","29878",680732
"Eury Pérez","MIA",1,1,2,4.07919,4,4,0,0,,21,88,17,10,9,3,8,,1,22,9.70258,3.51566,2.75982,1.12452,0.256532,0.0929524,0.16357911378145218,0.222123,1.2276,0.277587,0.69817,,,3.85469,0.373934,0.322569,78.6500015258789,,,,,,,91.3,4.347619047619047,83,3.9523809523809526,,,,,,,,,,,,,,,,,,,"Eury Perez","27768",691587
"Eduardo Rodriguez","ARI",2,1,3,3.97673,5,5,0,0,,25,110,26,12,11,3,9,,0,21,7.57196,3.10282,2.44035,1.08027,0.194198,0.0795778,0.11461970955133438,0.25622,1.36435,0.298065,0.738997,,,4.02004,0.371148,0.368636,738.219970703125,,,,,,,95.5,3.82,101,4.04,,,,,,,,,,,,,,,,,,,"Eduardo Rodriguez","13164",593958
"Michael King","SDP",2,1,3,3.95268,5,5,0,0,,26,110,24,12,11,3,10,,2,25,8.86782,3.52184,2.51795,1.15589,0.229494,0.0911431,0.13835052400827408,0.241856,1.32089,0.293485,0.739221,,,4.13209,0.368672,0.371112,129.55999755859375,,,,,,,107.1,4.119230769230769,105,4.038461538461538,,,,,,,,,,,,,,,,,,,"Michael King","19853",650633
"Gage Jump","ATH",2,2,2,4.11869,4,4,0,0,,21,91,20,11,10,3,8,,1,21,8.68239,3.27346,2.65236,1.05837,0.226445,0.0853749,0.1410701423883438,0.240277,1.28871,0.291754,0.703942,,,3.91434,0.364587,0.301541,999,,,,,,,81.5,3.880952380952381,81,3.857142857142857,,,,,,,,,,,,,,,,,,,"Gage Jump","35418",695611
"Noah Cameron","KCR",1,1,2,4.03255,4,4,0,0,,24,101,23,12,11,3,8,,1,21,7.82847,2.85629,2.74078,1.11882,0.204879,0.0747519,0.13012685626745224,0.246208,1.27741,0.287669,0.716339,,,3.99853,0.354404,0.338603,298,,,,,,,95.90000000000002,3.995833333333334,96,4,,,,,,,,,,,,,,,,,,,"Noah Cameron","30184",702070
"Troy Melton","DET",1,1,2,4.11181,6,4,0,0,,24,103,24,12,11,3,7,,1,21,7.90599,2.70393,2.92389,1.1725,0.206713,0.0706978,0.13601496815681458,0.249867,1.28109,0.291626,0.714019,,,3.99477,0.352921,0.358957,743.22998046875,,,,,,,96.30000000000001,4.0125,99,4.125,,,,,,,,,,,,,,,,,,,"Troy Melton","31807",675512
"Landen Roupp","SFG",2,2,2,3.87503,4,4,0,0,,23,100,21,11,10,2,10,,1,22,8.70476,3.94996,2.20376,0.817232,0.222809,0.101104,0.12170504033565521,0.240319,1.36857,0.298476,0.725422,,,3.7465,0.352289,0.308827,690.0999755859375,,,,,,,102.00000000000003,4.434782608695653,100,4.3478260869565215,,,,,,,,,,,,,,,,,,,"Landen Roupp","30076",694738
"Cade Smith","CLE",1,0,0,2.82145,11,0,5,0,,11,44,8,4,3,1,3,,1,15,12.212,2.86623,4.26065,0.682435,0.336001,0.0788615,0.2571399584412575,0.201549,1.0555,0.297289,0.752883,,,2.4999,0.341999,0.282091,39.90999984741211,,,,,,,91.30000000000001,8.3,85,7.7272727272727275,,,,,,,,,,,,,,,,,,,"Cade Smith","27867",671922
"Andrew Alvarez","WSN",1,1,2,4.21766,4,4,0,0,,22,95,22,11,10,2,9,,1,18,7.47172,3.71416,2.01168,0.88949,0.189579,0.0942392,0.09534013271331787,0.254496,1.41108,0.300454,0.708487,,,4.07602,0.339609,0.293799,999,,,,,,,87.00000000000001,3.954545454545455,90,4.090909090909091,,,,,,,,,,,,,,,,,,,"Andrew Alvarez","29914",674841
"Trevor Megill","MIL",1,0,0,2.59396,10,0,4,1,,10,40,8,3,3,1,3,,0,12,11.0485,2.87961,3.83681,0.549926,0.299827,0.078145,0.22168222814798355,0.211939,1.11544,0.297968,0.778874,,,2.44567,0.337045,0.348299,137.6999969482422,,,,,,,79.9,7.99,76,7.6,,,,,,,,,,,,,,,,,,,"Trevor Megill","17722",656730
"Foster Griffin","CLE",1,1,2,4.04579,4,4,0,0,,26,106,23,12,11,4,7,,1,24,8.59189,2.48277,3.46061,1.29514,0.229238,0.0662422,0.16299613565206528,0.239177,1.19414,0.282539,0.710726,,,4.02019,0.334751,0.434134,999,,,,,,,107.39999999999999,4.13076923076923,102,3.923076923076923,,,,,,,,,,,,,,,,,,,"Foster Griffin","16432",656492
"Kyle Harrison","MIL",1,1,2,4.02646,4,4,0,0,,20,85,18,10,9,3,7,,1,23,10.3068,3.05968,3.36857,1.25884,0.273747,0.0812651,0.19248227030038834,0.22859,1.20643,0.290009,0.712584,,,3.79,0.332856,0.23649,446.55999755859375,,,,,,,86.3,4.3149999999999995,83,4.15,,,,,,,,,,,,,,,,,,,"Kyle Harrison","27758",690986
"Davis Martin","CHW",1,1,2,4.19478,4,4,0,0,,23,98,22,12,11,3,7,,1,19,7.47092,2.92488,2.55426,1.02787,0.194757,0.0762479,0.11850927770137787,0.250118,1.29527,0.291679,0.694618,,,4.05664,0.3314,0.24303,999,,,,,,,90.10000000000001,3.9173913043478263,90,3.9130434782608696,,,,,,,,,,,,,,,,,,,"Davis Martin","21448",663436
"Grant Taylor","CHW",1,1,0,3.17467,12,0,3,1,,12,52,10,5,4,1,4,,0,15,10.7009,3.09824,3.45387,0.672188,0.285243,0.0825867,0.20265670120716095,0.221567,1.19002,0.301965,0.743101,,,2.72967,0.331291,0.209907,506.67999267578125,,,,,,,87.50000000000001,7.291666666666668,84,7,,,,,,,,,,,,,,,,,,,"Grant Taylor","33927",691799
"Joey Cantillo","CLE",1,1,2,3.93734,6,4,0,0,,23,101,21,11,10,3,11,,0,25,9.72271,4.24916,2.28815,1.01496,0.249354,0.108976,0.14037758111953735,0.23027,1.35629,0.291463,0.734948,,,3.86696,0.327069,0.264241,270.80999755859375,,,,,,,95.70000000000002,4.160869565217392,93,4.043478260869565,,,,,,,,,,,,,,,,,,,"Joey Cantillo","23335",676282
"Matthew Boyd","CHC",2,2,2,4.28054,5,5,0,0,,26,111,25,14,12,4,8,,1,23,7.83463,2.65789,2.94768,1.26339,0.205556,0.0697348,0.13582129031419754,0.250017,1.26682,0.289102,0.700601,,,4.21476,0.324851,0.188392,212.75999450683594,,,,,,,97.19999999999999,3.738461538461538,97,3.730769230769231,,,,,,,,,,,,,,,,,,,"Matthew Boyd","15440",571510
"Josh Hader","HOU",1,0,0,2.72945,10,0,5,0,,10,40,7,3,3,1,4,,0,14,12.8183,3.29229,3.89342,0.877256,0.355079,0.0911997,0.26387879997491837,0.182425,1.0262,0.268269,0.782878,,,2.67512,0.324645,0.355177,124.38999938964844,,,,,,,84.5,8.45,78,7.8,,,,,,,,,,,,,,,,,,,"Josh Hader","14212",623352
"Will Warren","NYY",1,2,2,4.51808,7,5,0,0,,26,113,25,14,13,4,9,,1,26,8.84001,3.16997,2.78867,1.23622,0.229652,0.0823519,0.14730043709278107,0.245037,1.30472,0.294532,0.68235,,,4.07402,0.324402,0.207901,285.04998779296875,,,,,,,100.19999999999999,3.8538461538461535,100,3.8461538461538463,,,,,,,,,,,,,,,,,,,"Will Warren","30182",701542
"Ian Seymour","TBR",1,2,2,4.30437,5,4,0,0,,24,100,22,12,11,4,7,,1,25,9.54424,2.64728,3.6053,1.44547,0.254011,0.0704548,0.18355626612901688,0.237016,1.20089,0.286469,0.697759,,,4.09794,0.324084,0.193354,521.1400146484375,,,,,,,97.20000000000003,4.050000000000002,94,3.9166666666666665,,,,,,,,,,,,,,,,,,,"Ian Seymour","27932",693855
"Jacob Lopez","ATH",1,1,2,4.39655,6,4,0,0,,23,97,20,12,11,3,10,,1,24,9.39717,3.96299,2.37123,1.2597,0.241505,0.101848,0.13965700566768646,0.237312,1.34862,0.290666,0.709344,,,4.3027,0.322725,0.304107,409.239990234375,,,,,,,96.30000000000001,4.186956521739131,91,3.9565217391304346,,,,,,,,,,,,,,,,,,,"Jacob Lopez","25098",682052
"Bubba Chandler","PIT",1,1,2,4.08602,4,4,0,0,,20,88,18,10,9,2,9,,1,19,8.52049,4.0335,2.11243,0.892237,0.218801,0.103578,0.11522335559129715,0.237853,1.35533,0.291906,0.708445,,,4.01738,0.322355,0.28092,150.00999450683594,,,,,,,84.60000000000001,4.23,82,4.1,,,,,,,,,,,,,,,,,,,"Bubba Chandler","29868",696149
"Sean Manaea","NYM",1,2,2,4.69587,5,5,0,0,,30,126,28,17,16,5,9,,3,30,9.00925,2.83038,3.18306,1.43874,0.236174,0.0741971,0.16197653114795685,0.24782,1.26596,0.295546,0.670556,,,4.35701,0.321142,0.141611,423.3599853515625,,,,,,,111.7,3.7233333333333336,109,3.6333333333333333,,,,,,,,,,,,,,,,,,,"Sean Manaea","15873",640455
"Tanner Bibee","CLE",2,2,2,4.05318,4,4,0,0,,26,109,25,13,12,4,7,,1,23,7.99251,2.57007,3.10984,1.29092,0.210829,0.0677942,0.1430349498987198,0.24658,1.24372,0.285437,0.723175,,,4.15112,0.319842,0.329616,188.6300048828125,,,,,,,100.19999999999999,3.8538461538461535,100,3.8461538461538463,,,,,,,,,,,,,,,,,,,"Tanner Bibee","30134",676440
"David Peterson","CHC",1,1,2,3.66256,6,3,0,0,,23,96,20,10,9,2,9,,1,20,7.96524,3.53523,2.2531,0.791061,0.208855,0.0926968,0.1161586195230484,0.23031,1.26889,0.278412,0.721353,,,3.7566,0.319221,0.345323,452.0400085449219,,,,,,,103.60000000000002,4.504347826086957,99,4.304347826086956,,,,,,,,,,,,,,,,,,,"David Peterson","20302",656849
"Christian Scott","NYM",1,1,2,4.31229,4,4,0,0,,21,89,19,11,10,3,8,,2,22,9.44675,3.46155,2.72906,1.10449,0.246723,0.090406,0.15631698071956635,0.236227,1.27996,0.295139,0.685061,,,3.97188,0.317393,0.188507,748.5700073242188,,,,,,,83.1,3.957142857142857,80,3.8095238095238093,,,,,,,,,,,,,,,,,,,"Christian Scott","30107",681035
"Jake Bennett","BOS",1,1,2,4.10122,6,4,0,0,,21,87,21,10,9,2,5,,1,15,6.78771,2.31821,2.928,0.958192,0.177109,0.060488,0.11662081629037857,0.262113,1.29399,0.300622,0.697568,,,3.87189,0.317324,0.321718,999,,,,,,,88.20000000000002,4.200000000000001,91,4.333333333333333,,,,,,,,,,,,,,,,,,,"Jake Bennett","31959",687562
"Patrick Sandoval","BOS",1,1,2,4.37642,6,4,0,0,,21,94,22,11,10,2,10,,1,20,8.34408,4.06455,2.05289,0.913684,0.208817,0.101718,0.10709855705499649,0.256812,1.46799,0.312341,0.708547,,,3.99555,0.316722,0.221243,999,,,,,,,80.60000000000001,3.8380952380952387,86,4.095238095238095,,,,,,,,,,,,,,,,,,,"Patrick Sandoval","19447",663776
"Bailey Ober","MIN",1,1,2,4.45939,5,5,0,0,,26,108,26,14,13,4,6,,1,21,7.4201,2.22639,3.3328,1.42102,0.195552,0.0586751,0.13687703013420105,0.254647,1.24968,0.285883,0.691314,,,4.327,0.316041,0.231944,494.3399963378906,,,,,,,96.6,3.715384615384615,99,3.8076923076923075,,,,,,,,,,,,,,,,,,,"Bailey Ober","21224",641927
"Jared Jones","PIT",1,1,2,4.23698,5,4,0,0,,21,91,20,11,10,3,8,,1,21,8.93088,3.34908,2.66667,1.1875,0.231243,0.0867162,0.14452702552080154,0.244586,1.31849,0.296694,0.711589,,,4.07994,0.314986,0.267032,714.77001953125,,,,,,,81.5,3.880952380952381,81,3.857142857142857,,,,,,,,,,,,,,,,,,,"Jared Jones","27863",683003
"Aroldis Chapman","BOS",1,0,0,2.86913,10,0,5,0,,10,40,7,3,3,1,4,,0,13,12.5485,4.12622,3.04116,0.59945,0.333057,0.109516,0.22354040294885635,0.200277,1.20084,0.300895,0.771338,,,2.59936,0.301206,0.370674,64.55000305175781,,,,,,,82.5,8.25,76,7.6,,,,,,,,,,,,,,,,,,,"Aroldis Chapman","10233",547973
"Tyler Mahle","ATL",1,1,2,4.01194,4,4,0,0,,22,92,20,11,10,3,7,,0,20,8.4533,3.07663,2.74759,1.20658,0.221796,0.0807238,0.1410718932747841,0.238059,1.26435,0.281407,0.724291,,,4.02679,0.300325,0.272168,322.7200012207031,,,,,,,92.9,4.222727272727273,90,4.090909090909091,,,,,,,,,,,,,,,,,,,"Tyler Mahle","16358",641816
"Michael McGreevy","STL",1,1,2,4.1986,5,5,0,0,,25,105,26,13,12,3,6,,0,18,6.43729,2.24743,2.86429,1.1494,0.168353,0.0587765,0.10957617312669754,0.259999,1.28561,0.289115,0.703398,,,4.10612,0.296467,0.237777,715.3800048828125,,,,,,,98.5,3.94,104,4.16,,,,,,,,,,,,,,,,,,,"Michael McGreevy","29869",700241
"Cody Bradford","TEX",1,1,2,4.39437,6,4,0,0,,21,88,21,11,10,3,5,,1,15,6.5924,1.99899,3.29787,1.09732,0.175323,0.0531625,0.12216054275631905,0.25282,1.21506,0.283438,0.655266,,,3.95479,0.295277,0.126212,999,,,,,,,75.9,3.6142857142857148,78,3.7142857142857144,,,,,,,,,,,,,,,,,,,"Cody Bradford","27597",674003
"Jack Perkins","ATH",1,2,2,4.43195,5,4,0,0,,23,99,20,12,11,3,10,,2,25,9.73286,3.83674,2.53675,1.2931,0.252583,0.0995693,0.15301356464624405,0.233064,1.30579,0.288725,0.69754,,,4.31202,0.2916,0.258149,999,,,,,,,95.30000000000001,4.143478260869566,90,3.9130434782608696,,,,,,,,,,,,,,,,,,,"Jack Perkins","31468",678022
"David Bednar","NYY",1,1,0,3.0979,10,0,5,0,,10,42,8,4,4,1,3,,0,12,10.8774,2.8964,3.75549,0.716143,0.295827,0.0787718,0.21705523878335953,0.210571,1.10727,0.289067,0.736168,,,2.76684,0.290753,0.201692,64.05999755859375,,,,,,,80.9,8.09,77,7.7,,,,,,,,,,,,,,,,,,,"David Bednar","19569",670280
"Keider Montero","DET",1,1,2,4.31875,4,4,0,0,,22,93,22,11,10,3,7,,1,16,6.87226,2.71501,2.53121,1.16734,0.178075,0.0703517,0.10772297531366348,0.259105,1.32306,0.292481,0.702137,,,4.28041,0.28654,0.293646,999,,,,,,,76.7,3.4863636363636363,79,3.590909090909091,,,,,,,,,,,,,,,,,,,"Keider Montero","22630",672456
"Seth Lugo","KCR",1,1,2,4.21724,5,5,0,0,,26,111,26,13,12,3,8,,1,21,7.14929,2.89274,2.47146,1.202,0.184876,0.0748044,0.1100718304514885,0.256508,1.33067,0.291251,0.718149,,,4.31729,0.285941,0.366772,493.1000061035156,,,,,,,102.9,3.957692307692308,106,4.076923076923077,,,,,,,,,,,,,,,,,,,"Seth Lugo","12447",607625
"Yusei Kikuchi","LAA",1,1,2,4.49518,5,5,0,0,,25,108,25,13,12,4,9,,1,25,9.15026,3.44561,2.65563,1.35999,0.231535,0.0871864,0.1443484053015709,0.259885,1.41663,0.314114,0.725044,,,4.25421,0.283331,0.261051,506.57000732421875,,,,,,,90.80000000000001,3.6320000000000006,93,3.72,,,,,,,,,,,,,,,,,,,"Yusei Kikuchi","20633",579328
"Blade Tidwell","SFG",1,1,2,4.40091,4,4,0,0,,22,96,22,12,11,3,9,,1,20,8.05691,3.65762,2.20277,1.09031,0.204423,0.0928027,0.11162061244249344,0.255572,1.40896,0.303262,0.707989,,,4.23706,0.281855,0.143037,999,,,,,,,78.7,3.5772727272727276,81,3.6818181818181817,,,,,,,,,,,,,,,,,,,"Blade Tidwell","31701",694918
"Joe Musgrove","SDP",1,1,2,3.8699,3,3,0,0,,18,78,17,9,8,2,5,,2,16,8.03749,2.38148,3.375,1.09151,0.210938,0.0625,0.1484375,0.245014,1.21279,0.289575,0.718816,,,3.96539,0.279759,0.182883,385.6199951171875,,,,,,,75.40000000000002,4.18888888888889,75,4.166666666666667,,,,,,,,,,,,,,,,,,,"Joe Musgrove","12970",605397
"Matthew Liberatore","STL",1,2,2,4.40821,5,5,0,0,,24,101,23,13,12,3,8,,1,22,8.37563,2.86923,2.91912,1.28342,0.218306,0.0747848,0.14352089911699295,0.249505,1.29255,0.293743,0.695538,,,4.15659,0.278782,0.175537,410.2300109863281,,,,,,,97.90000000000002,4.0791666666666675,98,4.083333333333333,,,,,,,,,,,,,,,,,,,"Matthew Liberatore","22294",669461
"Joe Ryan","MIN",1,1,1,3.78987,2,2,0,0,,14,56,12,6,6,2,3,,1,15,9.79562,2.0308,4.82353,1.25432,0.266932,0.0553396,0.21159256249666214,0.230948,1.10337,0.286989,0.710877,,,3.54903,0.278078,0.285662,78.52999877929688,,,,,,,65.80000000000003,4.700000000000002,62,4.428571428571429,,,,,,,,,,,,,,,,,,,"Joe Ryan","21390",657746
"Brady Singer","CIN",1,2,2,4.90072,5,5,0,0,,25,108,25,15,14,4,8,,2,23,8.10222,2.95923,2.73795,1.39586,0.20908,0.0763637,0.13271603733301163,0.258296,1.336,0.299608,0.665073,,,4.51817,0.273676,0.093193,388.25,,,,,,,86.80000000000001,3.4720000000000004,89,3.56,,,,,,,,,,,,,,,,,,,"Brady Singer","25377",663903
"Tanner Scott","LAD",1,0,0,3.06221,10,0,5,1,,10,40,8,4,3,1,3,,0,12,10.6592,2.82465,3.77364,0.793169,0.290367,0.0769463,0.21342117339372635,0.211267,1.10147,0.284855,0.74803,,,2.9125,0.273214,0.192295,712.8099975585938,,,,,,,84.9,8.49,81,8.1,,,,,,,,,,,,,,,,,,,"Tanner Scott","17586",656945
"J.T. Ginn","ATH",1,1,2,4.69618,4,4,0,0,,22,94,21,12,11,3,9,,2,20,8.49703,3.62972,2.34096,1.20437,0.217123,0.0927493,0.12437324970960617,0.251771,1.37667,0.301113,0.680638,,,4.3814,0.271151,0.270621,748.3499755859375,,,,,,,78.30000000000001,3.5590909090909095,78,3.5454545454545454,,,,,,,,,,,,,,,,,,,"J.T. Ginn","27889",669372
"Kumar Rocker","TEX",1,1,2,4.46722,4,4,0,0,,21,90,21,11,10,3,8,,1,20,8.52666,3.34206,2.55132,1.19079,0.218965,0.0858242,0.13314072042703629,0.250985,1.3552,0.299811,0.697184,,,4.12877,0.270328,0.196646,720.72998046875,,,,,,,76.9,3.661904761904762,79,3.761904761904762,,,,,,,,,,,,,,,,,,,"Kumar Rocker","31843",677958
"Drew Anderson","DET",1,1,1,4.31497,5,3,0,0,,20,84,18,10,9,3,7,,1,22,10.1427,3.40477,2.97896,1.31893,0.264122,0.0886624,0.1754593402147293,0.237503,1.28972,0.298313,0.708669,,,4.02257,0.269476,0.240874,999,,,,,,,84.3,4.215,81,4.05,,,,,,,,,,,,,,,,,,,"Drew Anderson","15130",623454
"Chris Bassitt","BAL",1,2,2,4.37966,4,4,0,0,,25,110,26,13,12,3,9,,2,21,7.5172,3.15348,2.38378,1.11479,0.191834,0.080475,0.11135941743850708,0.264073,1.38601,0.307753,0.706801,,,4.3199,0.264857,0.24451,359.3599853515625,,,,,,,89.5,3.58,95,3.8,,,,,,,,,,,,,,,,,,,"Chris Bassitt","12304",605135
"Bryce Miller","SEA",1,1,2,4.25643,6,4,0,0,,24,100,22,12,11,4,7,,1,22,8.36339,2.57601,3.24664,1.34851,0.223034,0.0686968,0.15433726459741592,0.236566,1.197,0.274619,0.691771,,,4.12212,0.263856,0.203015,341.6000061035156,,,,,,,91.20000000000003,3.800000000000001,88,3.6666666666666665,,,,,,,,,,,,,,,,,,,"Bryce Miller","29837",682243
"Shota Imanaga","CHC",1,2,2,4.32768,5,5,0,0,,26,108,25,14,13,5,6,,1,25,8.64043,2.0421,4.23115,1.76759,0.23184,0.0547938,0.1770467311143875,0.243255,1.1707,0.274434,0.72346,,,4.49981,0.263736,0.188392,157.92999267578125,,,,,,,94.9,3.6500000000000004,94,3.6153846153846154,,,,,,,,,,,,,,,,,,,"Shota Imanaga","33829",684007
"Garrett Whitlock","BOS",1,0,0,3.03398,10,0,0,2,,10,39,8,4,3,1,2,,0,11,10.2611,2.03618,5.03937,0.809662,0.281221,0.0558048,0.22541623190045357,0.224378,1.07855,0.296811,0.747559,,,2.73954,0.263575,0.202948,624.97998046875,,,,,,,64.9,6.49,61,6.1,,,,,,,,,,,,,,,,,,,"Garrett Whitlock","20191",676477
"Rhett Lowder","CIN",1,1,2,4.8518,5,4,0,0,,21,90,21,12,11,3,7,,1,16,7.07495,3.05185,2.31825,1.21729,0.181893,0.0784616,0.10343175381422043,0.257977,1.35577,0.2919,0.659975,,,4.41192,0.258366,0.156163,552.219970703125,,,,,,,71.9,3.423809523809524,74,3.5238095238095237,,,,,,,,,,,,,,,,,,,"Rhett Lowder","33876",695076
"Bryce Elder","ATL",1,1,2,4.6152,4,4,0,0,,24,102,24,13,12,3,8,,1,20,7.61235,2.97115,2.56209,1.21047,0.196557,0.0767174,0.11983952671289444,0.255073,1.33529,0.294107,0.678205,,,4.22766,0.257474,0.196153,740.5499877929688,,,,,,,91.30000000000001,3.804166666666667,94,3.9166666666666665,,,,,,,,,,,,,,,,,,,"Bryce Elder","27779",693821
"Adrian Morejon","SDP",1,1,0,3.1229,10,0,0,2,,10,43,9,4,4,1,3,,0,12,10.0152,2.81827,3.55366,0.598022,0.270716,0.0761795,0.19453644752502441,0.218764,1.13536,0.293022,0.727404,,,2.77786,0.257193,0.156678,735.8499755859375,,,,,,,61.300000000000004,6.130000000000001,60,6,,,,,,,,,,,,,,,,,,,"Adrian Morejon","20039",670970
"Jack Flaherty","DET",1,1,1,4.28338,3,3,0,0,,16,68,14,8,8,2,6,,1,18,10.1994,3.65762,2.78855,1.19638,0.264289,0.0947765,0.16951213032007217,0.236544,1.31049,0.30172,0.705428,,,3.94271,0.256843,0.213559,209,,,,,,,72.4,4.525,69,4.3125,,,,,,,,,,,,,,,,,,,"Jack Flaherty","17479",656427
"Michael Soroka","ARI",1,1,2,3.60143,4,3,0,0,,16,66,14,7,6,1,5,,1,15,8.68625,2.97294,2.92177,0.854468,0.231452,0.0792164,0.15223566442728043,0.231268,1.19921,0.286969,0.716739,,,3.62604,0.253721,0.282753,710.3599853515625,,,,,,,81.70000000000002,5.106250000000001,79,4.9375,,,,,,,,,,,,,,,,,,,"Michael Soroka","18383",647336
"Grayson Rodriguez","LAA",1,1,2,4.55425,4,4,0,0,,20,86,19,11,10,3,7,,1,20,8.9647,3.35833,2.66939,1.16525,0.230874,0.0864891,0.1443844959139824,0.249199,1.3413,0.303924,0.682105,,,4.06234,0.248782,0.148859,397.1099853515625,,,,,,,77.69999999999999,3.8849999999999993,77,3.85,,,,,,,,,,,,,,,,,,,"Grayson Rodriguez","24492",680570
"Reynaldo López","ATL",1,1,1,3.79898,8,3,0,0,,20,85,18,9,8,2,7,,0,20,8.97604,3.29068,2.72772,1.072,0.235195,0.0862242,0.1489708051085472,0.233956,1.26801,0.285801,0.734796,,,3.78736,0.244352,0.173278,302.9100036621094,,,,,,,95.60000000000001,4.78,93,4.65,,,,,,,,,,,,,,,,,,,"Reynaldo Lopez","16400",625643
"Nick Lodolo","CIN",1,1,2,4.8718,4,4,0,0,,22,94,21,13,12,3,7,,3,21,8.63456,2.82259,3.05909,1.35997,0.225411,0.0736857,0.15172552317380905,0.255148,1.28489,0.304194,0.648917,,,4.47755,0.240961,0.101378,127.94999694824219,,,,,,,83.30000000000001,3.786363636363637,83,3.772727272727273,,,,,,,,,,,,,,,,,,,"Nick Lodolo","26378",666157
"Tanner Gordon","COL",1,2,1,5.26506,6,4,0,0,,24,105,28,15,14,5,5,,0,18,6.82174,1.90483,3.58128,1.67025,0.174489,0.0487226,0.12576674669981003,0.283777,1.37867,0.309709,0.663889,,,4.67437,0.240499,0.137907,999,,,,,,,64.30000000000003,2.6791666666666676,76,3.1666666666666665,,,,,,,,,,,,,,,,,,,"Tanner Gordon","27669",685299
"Zac Thornton","NYM",1,1,2,4.66032,4,4,0,0,,21,89,22,12,11,3,6,,1,16,6.85808,2.54482,2.69492,1.11426,0.178037,0.0660641,0.11197297275066376,0.262012,1.31524,0.297461,0.658895,,,4.18723,0.239151,0.0886222,999,,,,,,,72.3,3.4428571428571426,77,3.6666666666666665,,,,,,,,,,,,,,,,,,,"Zac Thornton","33891",804267
"Hayden Wesneski","HOU",1,1,2,4.24887,7,4,0,0,,23,97,21,12,11,3,8,,1,21,8.18943,3.20243,2.55725,1.20601,0.213874,0.0836345,0.13023996353149414,0.240599,1.28492,0.282183,0.703324,,,4.18434,0.2381,0.266251,999,,,,,,,93.70000000000002,4.073913043478262,91,3.9565217391304346,,,,,,,,,,,,,,,,,,,"Hayden Wesneski","27581",669713
"Luis Castillo","CHW",1,2,2,5.06904,5,5,0,0,,27,121,31,17,15,5,8,,1,24,7.73914,2.74076,2.82372,1.56241,0.196073,0.0694379,0.12663552165031433,0.275358,1.41652,0.312293,0.685412,,,4.66221,0.230649,0.0048357,171.0500030517578,,,,,,,78.70000000000002,2.9148148148148154,91,3.3703703703703702,,,,,,,,,,,,,,,,,,,"Luis Castillo","15689",622491
"Zebby Matthews","MIN",1,1,1,4.48464,6,3,0,0,,20,85,21,11,10,3,5,,1,19,8.71894,2.4344,3.58156,1.36827,0.22563,0.0629976,0.16263221949338913,0.262974,1.32166,0.312588,0.703485,,,4.01137,0.227279,0.152329,488.6400146484375,,,,,,,76.5,3.825,81,4.05,,,,,,,,,,,,,,,,,,,"Zebby Matthews","31827",805673
"Robert Gasser","MIL",1,1,1,4.37946,5,3,0,0,,18,78,17,10,9,3,6,,2,18,8.58048,2.81279,3.05053,1.26724,0.225171,0.0738139,0.15135733038187027,0.248283,1.26315,0.29614,0.688754,,,4.22295,0.226701,0.0881628,748.5800170898438,,,,,,,64.10000000000001,3.561111111111112,63,3.5,,,,,,,,,,,,,,,,,,,"Robert Gasser","29812",688107
"Gabriel Hughes","COL",1,2,1,4.91309,6,4,0,0,,20,90,22,12,11,3,8,,1,15,6.42694,3.35374,1.91635,1.1668,0.161248,0.0841435,0.07710487395524979,0.271414,1.46406,0.302684,0.678871,,,4.56258,0.217652,0.152799,999,,,,,,,56.89999999999999,2.8449999999999998,64,3.2,,,,,,,,,,,,,,,,,,,"Gabriel Hughes","31614",687312
"Brent Headrick","NYY",1,0,0,3.53803,10,0,0,2,,10,41,8,4,4,1,3,,0,11,10.1729,2.59282,3.9235,0.928033,0.275255,0.0701555,0.20509935170412064,0.222186,1.13071,0.288986,0.713148,,,3.1054,0.216922,0.187581,999,,,,,,,61.900000000000006,6.19,58,5.8,,,,,,,,,,,,,,,,,,,"Brent Headrick","27702",687396
"Robbie Ray","SDP",2,1,2,4.12499,5,5,0,0,,26,112,23,13,12,4,12,,1,26,9.03654,4.02216,2.24669,1.41805,0.234643,0.10444,0.13020362704992294,0.225753,1.30605,0.265342,0.744256,,,4.54371,0.216135,0.26409,166.44000244140625,,,,,,,96.39999999999999,3.7076923076923074,91,3.5,,,,,,,,,,,,,,,,,,,"Robbie Ray","11486",592662
"Quinn Mathews","STL",1,1,2,4.26412,5,4,0,0,,18,80,17,9,9,2,9,,1,18,8.94721,4.63199,1.93161,0.98553,0.225628,0.116808,0.10881997644901276,0.239348,1.43221,0.295999,0.717192,,,4.23627,0.214683,0.130015,999,,,,,,,70.40000000000002,3.9111111111111123,70,3.888888888888889,,,,,,,,,,,,,,,,,,,"Quinn Mathews","33851",687273
"Randy Dobnak","KCR",1,1,2,4.67751,4,4,0,0,,22,100,24,13,12,2,9,,1,15,6.08145,3.51274,1.73126,0.884543,0.152208,0.0879178,0.06429042667150497,0.271634,1.47609,0.30637,0.680745,,,4.33617,0.214536,0.116063,999,,,,,,,75.80000000000001,3.4454545454545458,84,3.8181818181818183,,,,,,,,,,,,,,,,,,,"Randy Dobnak","23798",677976
"Anthony Kay","CHW",1,2,2,4.6625,4,4,0,0,,24,105,25,14,12,3,9,,2,20,7.57283,3.33468,2.27093,1.28347,0.192676,0.0848447,0.10783165693283081,0.263527,1.39873,0.303529,0.696891,,,4.65032,0.210885,0.109286,717.8599853515625,,,,,,,82.70000000000002,3.445833333333334,88,3.6666666666666665,,,,,,,,,,,,,,,,,,,"Anthony Kay","20387",641743
"Dean Kremer","MIN",1,2,2,4.69505,4,4,0,0,,24,106,25,14,13,4,9,,1,22,8.02872,3.18905,2.51759,1.40438,0.205342,0.0815629,0.12377895414829254,0.257054,1.37454,0.295874,0.698485,,,4.45436,0.207123,0.109949,999,,,,,,,77.40000000000003,3.2250000000000014,82,3.4166666666666665,,,,,,,,,,,,,,,,,,,"Dean Kremer","19350",665152
"Andrew Painter","PHI",1,1,2,5.00578,4,4,0,0,,19,85,20,12,11,3,7,,0,18,8.39287,3.47556,2.41482,1.45983,0.213615,0.0884596,0.12515487521886826,0.25494,1.39414,0.295825,0.676555,,,4.56227,0.20681,0.028373,999,,,,,,,66.69999999999999,3.5105263157894733,71,3.736842105263158,,,,,,,,,,,,,,,,,,,"Andrew Painter","30091",691725
"Corbin Burnes","ARI",1,1,1,3.19355,5,2,0,0,,13,55,11,5,5,1,4,,1,12,8.36129,2.7871,3,0.870968,0.227129,0.0757098,0.15141955018043518,0.227586,1.16129,0.27791,0.761006,,,3.52852,0.206222,0.249051,738.0999755859375,,,,,,,64.30000000000001,4.946153846153847,61,4.6923076923076925,,,,,,,,,,,,,,,,,,,"Corbin Burnes","19361",669203
"Shohei Ohtani","LAD",1,0,1,3.0854,4,2,0,0,,10,41,7,4,3,1,4,,1,12,10.5667,3.17521,3.32787,0.884893,0.289871,0.0871041,0.2027670219540596,0.198879,1.07359,0.26467,0.748934,,,3.29157,0.204002,0.203783,1.2699999809265137,,,,,,,52.5,5.25,46,4.6,,,,,,,,,,,,,,,,,,,"Shohei Ohtani","19755",660271
"Louis Varland","TOR",1,0,0,3.12119,10,0,5,0,,10,41,9,4,3,1,3,,0,10,9.41041,2.45624,3.83122,0.88093,0.254012,0.0663006,0.18771176785230637,0.227981,1.14337,0.288854,0.761588,,,3.15936,0.203759,0.197122,999,,,,,,,74.30000000000001,7.4300000000000015,73,7.3,,,,,,,,,,,,,,,,,,,"Louis Varland","27691",686973
"Andrés Muñoz","SEA",1,0,0,3.11441,10,0,5,0,,10,39,6,4,3,1,4,,1,13,12.51,3.51973,3.55425,0.92144,0.342859,0.0964646,0.24639422446489334,0.188337,1.07003,0.272921,0.748783,,,2.9819,0.199919,0.158244,41.189998626708984,,,,,,,82.10000000000001,8.21,73,7.3,,,,,,,,,,,,,,,,,,,"Andres Munoz","20373",662253
"Bryan Baker","TBR",1,0,0,3.66538,11,0,5,1,,11,44,9,5,4,1,4,,0,12,10.2401,3.14488,3.25613,1.0283,0.272779,0.083774,0.1890050619840622,0.222624,1.19451,0.287281,0.726721,,,3.41851,0.198342,0.135962,999,,,,,,,86.70000000000002,7.881818181818184,83,7.545454545454546,,,,,,,,,,,,,,,,,,,"Bryan Baker","19804",641329
"Dylan Lee","ATL",1,0,0,2.94035,10,0,0,3,,10,40,8,4,3,1,3,,0,12,10.8337,2.50919,4.31761,0.970534,0.295,0.0683249,0.22667553275823593,0.216656,1.10246,0.287466,0.785448,,,2.91415,0.196742,0.15461,999,,,,,,,67.9,6.790000000000001,64,6.4,,,,,,,,,,,,,,,,,,,"Dylan Lee","19996",669276
"Brandon Young","BAL",1,1,2,4.60191,5,4,0,0,,19,83,20,11,10,3,6,,0,16,7.47358,2.92284,2.55696,1.2903,0.191644,0.0749499,0.11669410020112991,0.260894,1.3654,0.297605,0.695134,,,4.31919,0.196098,0.0962217,999,,,,,,,65.69999999999999,3.4578947368421047,70,3.6842105263157894,,,,,,,,,,,,,,,,,,,"Brandon Young","27819",687064
"Luke Weaver","PIT",0,0,0,3.91013,10,0,3,1,,10,41,9,5,4,1,3,,0,10,9.69077,2.90125,3.34021,0.922131,0.252883,0.0757087,0.17717406153678894,0.246075,1.2826,0.315013,0.711369,,,3.32896,0.192946,0.0655447,733.510009765625,,,,,,,68.30000000000001,6.830000000000001,67,6.7,,,,,,,,,,,,,,,,,,,"Luke Weaver","16918",596133
"Ryan Gusto","MIA",1,1,1,4.50756,7,3,0,0,,20,87,21,11,10,3,7,,1,17,7.49756,3.16122,2.37173,1.2027,0.190883,0.0804828,0.11040046066045761,0.263463,1.39625,0.303819,0.704503,,,4.34797,0.192513,0.107684,999,,,,,,,66.5,3.325,71,3.55,,,,,,,,,,,,,,,,,,,"Ryan Gusto","26440",687473
"Abner Uribe","MIL",1,0,0,3.07594,10,0,1,2,,10,40,7,4,3,1,4,,1,11,10.2311,3.98008,2.57056,0.633924,0.27464,0.10684,0.16779978573322296,0.197943,1.1629,0.267193,0.743603,,,3.22067,0.190668,0.175811,167.27999877929688,,,,,,,63.5,6.35,57,5.7,,,,,,,,,,,,,,,,,,,"Abner Uribe","25327",682842
"Jeff Hoffman","MIN",1,1,0,3.51694,10,0,1,2,,10,41,8,4,4,1,4,,1,13,11.6823,3.60938,3.23664,0.872729,0.307889,0.095126,0.21276263892650604,0.222954,1.23345,0.314486,0.736726,,,3.19503,0.189566,0.187036,99.63999938964844,,,,,,,64.9,6.49,61,6.1,,,,,,,,,,,,,,,,,,,"Jeff Hoffman","17432",656546
"Tyler Phillips","MIA",1,1,2,4.48711,6,4,0,0,,24,106,25,13,12,3,9,,1,19,7.00508,3.52621,1.98658,1.15489,0.177263,0.0892303,0.08803252875804901,0.260187,1.42452,0.295317,0.708988,,,4.46019,0.187287,0.184145,999,,,,,,,83.70000000000002,3.4875000000000007,89,3.7083333333333335,,,,,,,,,,,,,,,,,,,"Tyler Phillips","20629",663969
"Tatsuya Imai","HOU",1,1,1,4.16668,8,2,0,0,,19,80,16,9,9,3,8,,1,22,10.4792,3.97488,2.63636,1.28375,0.271659,0.103043,0.16861574351787567,0.227264,1.30756,0.288945,0.726024,,,4.03693,0.184709,0.21552,999,,,,,,,79.1,4.163157894736842,73,3.8421052631578947,,,,,,,,,,,,,,,,,,,"Tatsuya Imai","37124",837227
"Yennier Cano","BAL",1,0,0,3.1896,10,0,2,2,,10,42,9,4,4,1,3,,0,9,8.06758,2.58198,3.12457,0.661131,0.214234,0.0685644,0.14566971361637115,0.240646,1.21568,0.295992,0.746258,,,3.21936,0.183722,0.189304,999,,,,,,,65.30000000000001,6.530000000000001,64,6.4,,,,,,,,,,,,,,,,,,,"Yennier Cano","25911",666974
"Cal Quantrill","TEX",1,2,1,4.98333,6,4,0,0,,21,89,21,12,11,3,6,,1,16,6.80645,2.773,2.45455,1.28746,0.176357,0.0718491,0.10450774431228638,0.258945,1.32361,0.288665,0.642513,,,4.53038,0.182561,0.0730773,999,,,,,,,74.9,3.566666666666667,77,3.6666666666666665,,,,,,,,,,,,,,,,,,,"Cal Quantrill","19312",615698
"Connor Prielipp","MIN",1,1,2,4.20233,7,4,0,0,,19,81,18,10,9,2,7,,1,19,8.96101,3.46147,2.58878,1.15382,0.229658,0.0887127,0.14094536751508713,0.251474,1.36217,0.307354,0.722628,,,4.10299,0.181068,0.126639,999,,,,,,,83.2,4.378947368421053,83,4.368421052631579,,,,,,,,,,,,,,,,,,,"Connor Prielipp","31857",687570
"Martín Pérez","ATL",1,1,1,4.25532,3,3,0,0,,17,75,18,9,8,2,7,,1,13,7.02058,3.57059,1.96622,1.0294,0.177581,0.090316,0.0872654840350151,0.259756,1.42626,0.298192,0.720567,,,4.29796,0.180086,0.159615,999,,,,,,,56.40000000000002,3.3176470588235305,61,3.588235294117647,,,,,,,,,,,,,,,,,,,"Martin Perez","6902",527048
"Cristian Javier","HOU",1,1,2,4.46272,7,4,0,0,,21,92,19,11,11,3,9,,1,20,8.56201,3.96461,2.15961,1.3366,0.221297,0.102471,0.11882592737674713,0.231995,1.32749,0.271155,0.704298,,,4.53834,0.177506,0.109772,470.2799987792969,,,,,,,79.1,3.7666666666666666,76,3.619047619047619,,,,,,,,,,,,,,,,,,,"Cristian Javier","17606",664299
"Griffin Jax","TBR",1,1,1,3.68243,4,2,0,0,,10,39,8,4,4,1,3,,0,12,10.9768,2.66767,4.11475,1.04333,0.294898,0.0716684,0.223229318857193,0.225633,1.15675,0.300477,0.715984,,,3.11946,0.175148,0.145379,149.2100067138672,,,,,,,55.900000000000006,5.590000000000001,52,5.2,,,,,,,,,,,,,,,,,,,"Griffin Jax","20253",643377
"Daniel Lynch IV","KCR",1,1,1,4.20754,5,3,0,0,,16,68,16,8,7,2,5,,1,13,7.19517,3.087,2.3308,1.07399,0.185267,0.0794867,0.10578075051307678,0.255723,1.34877,0.294082,0.711357,,,4.18213,0.175115,0.198537,999,,,,,,,60.20000000000001,3.7625000000000006,62,3.875,,,,,,,,,,,,,,,,,,,"Daniel Lynch IV","21537",663738
"Raisel Iglesias","ATL",1,0,0,3.53374,10,0,5,0,,10,42,9,4,4,1,3,,0,11,9.46865,2.45645,3.85461,1.01917,0.256576,0.0665635,0.1900128647685051,0.224945,1.12738,0.281489,0.723131,,,3.35727,0.17459,0.195755,100.62000274658203,,,,,,,76.30000000000001,7.630000000000001,75,7.5,,,,,,,,,,,,,,,,,,,"Raisel Iglesias","17130",628452
"Jackson Kent","WSN",1,2,1,5.07069,4,4,0,0,,18,79,18,11,10,2,7,,1,15,7.35578,3.62068,2.0316,1.2383,0.185751,0.091431,0.09432007372379303,0.260308,1.43223,0.29728,0.661363,,,4.56768,0.172377,0.0449722,999,,,,,,,67.80000000000003,3.766666666666668,70,3.888888888888889,,,,,,,,,,,,,,,,,,,"Jackson Kent","35462",800600
"Merrill Kelly","ARI",2,2,2,4.48303,5,5,0,0,,26,112,26,14,13,4,9,,0,20,7.10374,3.23393,2.19662,1.40983,0.181751,0.0827412,0.09901011735200882,0.256395,1.37645,0.284825,0.721624,,,4.66839,0.170324,0.228998,284.17999267578125,,,,,,,88.6,3.4076923076923076,91,3.5,,,,,,,,,,,,,,,,,,,"Merrill Kelly","11156",518876
"Jeffrey Springs","ATH",1,2,2,5.10622,4,4,0,0,,24,103,25,15,13,5,9,,0,20,7.59732,3.23762,2.34658,1.72959,0.193054,0.0822702,0.11078330129384995,0.261457,1.40415,0.288087,0.693732,,,5.02736,0.168428,0.121043,722.25,,,,,,,64.10000000000002,2.6708333333333343,68,2.8333333333333335,,,,,,,,,,,,,,,,,,,"Jeffrey Springs","17677",605488
"Mason Montgomery","PIT",1,0,0,3.46782,9,0,1,2,,9,40,8,4,4,1,4,,0,12,11.3231,3.6092,3.13729,0.930758,0.298146,0.0950328,0.20311274379491806,0.22125,1.23869,0.302842,0.749489,,,3.21282,0.165764,0.124463,748.4400024414062,,,,,,,58.500000000000014,6.500000000000002,57,6.333333333333333,,,,,,,,,,,,,,,,,,,"Mason Montgomery","29770",682254
"Edgardo Henriquez","LAD",1,0,0,3.91449,10,0,1,2,,10,41,8,5,4,1,5,,1,11,10.2067,4.27646,2.38673,0.72416,0.264272,0.110726,0.15354638546705246,0.225667,1.31377,0.303066,0.700184,,,3.58679,0.164468,0.0332111,999,,,,,,,57.900000000000006,5.790000000000001,54,5.4,,,,,,,,,,,,,,,,,,,"Edgardo Henriquez","26944",683618
"Jonah Tong","NYM",1,1,1,4.25388,3,2,0,0,,11,45,10,5,5,1,5,,0,12,9.95854,3.88496,2.56336,1.15085,0.25649,0.10006,0.15642985701560974,0.234221,1.33718,0.29549,0.71098,,,3.87647,0.1639,0.130273,722.8099975585938,,,,,,,52.10000000000001,4.736363636363637,51,4.636363636363637,,,,,,,,,,,,,,,,,,,"Jonah Tong","32157",804636
"Justin Martinez","ARI",1,0,0,3.42919,9,0,3,1,,9,38,7,4,3,1,5,,1,11,11.28,5.16002,2.18605,0.586668,0.289682,0.132514,0.15716765820980072,0.210747,1.34466,0.301585,0.742385,,,3.4241,0.162089,0.117607,999,,,,,,,59.10000000000001,6.566666666666667,55,6.111111111111111,,,,,,,,,,,,,,,,,,,"Justin Martinez","24453",679885
"Mason Adams","COL",0,0,1,4.6075,6,3,0,0,,15,65,14,8,8,2,6,,1,14,8.44815,3.75037,2.25262,1.26464,0.213559,0.0948046,0.11875426024198532,0.238813,1.35386,0.280012,0.69796,,,4.44641,0.162001,0.212959,999,,,,,,,57.00000000000001,3.8000000000000003,56,3.7333333333333334,,,,,,,,,,,,,,,,,,,"Mason Adams","31663",690279
"Orion Kerkering","PHI",1,1,0,3.55487,10,0,0,2,,10,41,8,4,4,1,4,,1,11,9.9585,3.74466,2.65939,0.735849,0.260702,0.0980307,0.1626710370182991,0.228142,1.26811,0.302494,0.727067,,,3.46219,0.161463,0.17157,999,,,,,,,55.900000000000006,5.590000000000001,52,5.2,,,,,,,,,,,,,,,,,,,"Orion Kerkering","31776",689147
"Bradgley Rodriguez","SDP",1,0,0,3.57516,10,0,0,3,,10,40,8,4,4,1,4,,0,10,9.00122,3.32955,2.70343,0.644693,0.23945,0.0885726,0.15087727457284927,0.222221,1.20483,0.28424,0.699879,,,3.27378,0.161174,0.132871,999,,,,,,,60.900000000000006,6.090000000000001,57,5.7,,,,,,,,,,,,,,,,,,,"Bradgley Rodriguez","29107",699134
"Grant Holmes","ATL",1,1,2,4.55731,7,4,0,0,,24,105,24,13,12,3,10,,1,21,8.00825,3.78406,2.11631,1.26979,0.203211,0.0960215,0.10718981176614761,0.252091,1.40866,0.293208,0.70864,,,4.51391,0.160911,0.0949155,369.45001220703125,,,,,,,87.30000000000001,3.6375000000000006,90,3.75,,,,,,,,,,,,,,,,,,,"Grant Holmes","16944",656550
"Peter Lambert","HOU",0,0,2,4.54793,6,4,0,0,,18,78,17,10,9,2,7,,1,17,8.45766,3.67732,2.29995,1.25755,0.215436,0.09367,0.12176647037267685,0.238091,1.33716,0.279673,0.700556,,,4.40627,0.158646,0.200516,999,,,,,,,74.40000000000002,4.133333333333335,74,4.111111111111111,,,,,,,,,,,,,,,,,,,"Peter Lambert","17969",663567
"Jacob Latz","TEX",0,0,0,3.96376,10,0,4,0,,10,43,9,5,4,1,4,,0,11,9.42347,3.92702,2.39965,0.91836,0.245584,0.102341,0.1432422176003456,0.223815,1.28917,0.28211,0.70701,,,3.67504,0.156959,0.0320363,730.9299926757812,,,,,,,68.30000000000001,6.830000000000001,67,6.7,,,,,,,,,,,,,,,,,,,"Jacob Latz","21306",656641
"Walker Buehler","SDP",1,1,2,4.71746,6,4,0,0,,21,93,22,12,11,3,8,,1,18,7.78959,3.48106,2.2377,1.31661,0.198065,0.0885125,0.10955239087343216,0.257984,1.40068,0.297302,0.694837,,,4.57343,0.155799,0.0380318,740.9299926757812,,,,,,,70.3,3.3476190476190473,75,3.5714285714285716,,,,,,,,,,,,,,,,,,,"Walker Buehler","19374",621111
"Brayan Bello","BOS",1,1,1,4.17428,7,2,0,0,,18,75,17,9,8,2,6,,1,14,7.35905,3.05978,2.40509,0.973888,0.190275,0.0791134,0.11116168648004532,0.253795,1.33045,0.296384,0.700882,,,4.03875,0.15314,0.158496,421.4100036621094,,,,,,,71.40000000000002,3.9666666666666677,71,3.9444444444444446,,,,,,,,,,,,,,,,,,,"Brayan Bello","23920",678394
"Nathan Eovaldi","TEX",1,1,1,4.13148,2,2,0,0,,12,49,11,6,5,2,3,,1,11,8.64262,2.32111,3.72348,1.39671,0.231298,0.0621189,0.16917948052287102,0.239919,1.18135,0.281052,0.707799,,,4.0885,0.152924,0.141653,132.50999450683594,,,,,,,45.600000000000016,3.800000000000001,44,3.6666666666666665,,,,,,,,,,,,,,,,,,,"Nathan Eovaldi","9132",543135
"Ben Joyce","LAA",0,0,0,3.6347,10,0,4,1,,10,40,8,4,4,1,4,,1,12,10.9078,4.11017,2.65385,0.695568,0.286869,0.108096,0.17877332866191864,0.21674,1.24522,0.3028,0.709087,,,3.42412,0.152469,0.19726,738.6500244140625,,,,,,,73.9,7.390000000000001,70,7,,,,,,,,,,,,,,,,,,,"Ben Joyce","31461",690829
"Ryan Feltner","COL",1,2,1,5.66232,4,4,0,0,,21,93,22,14,13,3,9,,1,17,7.24988,4.11216,1.76303,1.43731,0.178478,0.101234,0.07724452763795853,0.270104,1.54498,0.303082,0.651675,,,5.00356,0.150689,0.0736524,999,,,,,,,65.3,3.1095238095238096,70,3.3333333333333335,,,,,,,,,,,,,,,,,,,"Ryan Feltner","21446",663372
"Sean Newcomb","CHW",0,0,0,3.67527,10,0,1,2,,10,44,10,5,4,1,4,,1,10,8.40766,3.41801,2.45981,0.664435,0.217479,0.088413,0.12906645983457565,0.245406,1.32469,0.306462,0.721194,,,3.50999,0.150656,0.0427705,999,,,,,,,53.7,5.37,55,5.5,,,,,,,,,,,,,,,,,,,"Sean Newcomb","16943",656794
"Kade Anderson","SEA",0,0,2,4.52245,5,4,0,0,,18,79,17,10,9,3,7,,1,17,8.46173,3.64608,2.32078,1.25452,0.216248,0.0931794,0.12306901067495346,0.23778,1.33002,0.279526,0.701688,,,4.3891,0.143969,0.0886863,999,,,,,,,62.10000000000001,3.4500000000000006,61,3.388888888888889,,,,,,,,,,,,,,,,,,,"Kade Anderson","37238",807739
"Max Scherzer","TOR",1,1,2,4.66596,4,4,0,0,,19,83,19,11,10,4,7,,1,18,8.28422,3.0559,2.71089,1.64595,0.215241,0.0793987,0.1358424872159958,0.247757,1.30628,0.280088,0.707226,,,4.74343,0.143342,0.0871947,546.9299926757812,,,,,,,53.99999999999999,2.8421052631578942,55,2.8947368421052633,,,,,,,,,,,,,,,,,,,"Max Scherzer","3137",453286
"Gregory Soto","PIT",1,1,0,3.72984,9,0,1,2,,9,40,8,4,4,1,4,,1,11,10.3805,3.83665,2.70562,0.724222,0.268682,0.0993051,0.16937662661075592,0.235445,1.31453,0.318177,0.718934,,,3.3832,0.141306,0.105401,728.4099731445312,,,,,,,53.500000000000014,5.944444444444446,52,5.777777777777778,,,,,,,,,,,,,,,,,,,"Gregory Soto","19677",642397
"Garrett Cleavinger","TBR",1,1,0,3.54408,10,0,0,3,,10,41,8,4,4,1,4,,1,13,11.4042,3.44493,3.31044,1.00319,0.307625,0.0929258,0.21469956636428833,0.207062,1.13857,0.283659,0.723184,,,3.40514,0.139012,0.163783,505.4800109863281,,,,,,,63.900000000000006,6.390000000000001,60,6,,,,,,,,,,,,,,,,,,,"Garrett Cleavinger","17897",664076
"Tyler Rogers","TOR",1,0,0,3.51374,11,0,0,2,,11,45,10,5,4,1,3,,0,7,5.80144,2.49275,2.32733,0.636287,0.153254,0.0658497,0.08740405738353729,0.248777,1.24597,0.282507,0.716313,,,3.64645,0.136403,0.114481,743.280029296875,,,,,,,56.10000000000001,5.1000000000000005,55,5,,,,,,,,,,,,,,,,,,,"Tyler Rogers","15541",643511
"Spencer Miles","TOR",1,0,0,3.16742,9,0,0,2,,9,38,8,4,3,1,3,,0,9,8.71336,2.64371,3.29588,0.831729,0.232953,0.0706801,0.1622731164097786,0.231363,1.18529,0.286131,0.760246,,,3.25609,0.136263,0.0902849,999,,,,,,,50.500000000000014,5.6111111111111125,49,5.444444444444445,,,,,,,,,,,,,,,,,,,"Spencer Miles","31621",693686
"Alex Vesia","LAD",1,0,0,3.51981,9,0,0,2,,9,39,7,4,4,1,5,,0,12,11.5285,4.57119,2.52199,0.882772,0.303209,0.120226,0.18298279494047165,0.199408,1.24266,0.276135,0.739648,,,3.41646,0.132111,0.070606,743.4199829101562,,,,,,,53.10000000000001,5.900000000000001,49,5.444444444444445,,,,,,,,,,,,,,,,,,,"Alex Vesia","25007",681911
"Shane Drohan","MIL",1,1,1,3.90412,6,2,0,0,,12,50,10,6,5,1,4,,0,11,8.67737,3.363,2.58025,1.04315,0.227508,0.0881731,0.1393352374434471,0.233615,1.26657,0.283363,0.719965,,,3.90912,0.129994,0.093991,999,,,,,,,60.500000000000014,5.041666666666668,57,4.75,,,,,,,,,,,,,,,,,,,"Shane Drohan","27814",675660
"Jordan Romano","COL",0,1,0,4.87539,9,0,4,1,,9,41,9,5,5,1,4,,1,10,9.50796,3.94429,2.41056,1.0367,0.23824,0.0988316,0.13940831273794174,0.259447,1.45813,0.327865,0.670319,,,3.97817,0.128407,0.0487086,688.9600219726562,,,,,,,59.90000000000001,6.655555555555557,61,6.777777777777778,,,,,,,,,,,,,,,,,,,"Jordan Romano","16122",605447
"Walbert Ureña","LAA",1,2,2,4.81403,4,4,0,0,,20,92,20,12,11,2,11,,1,17,7.62039,4.81981,1.58106,0.954091,0.188849,0.119445,0.06940434128046036,0.252272,1.51398,0.298186,0.682923,,,4.58304,0.127989,0.0518531,999,,,,,,,69.4,3.47,72,3.6,,,,,,,,,,,,,,,,,,,"Walbert Urena","29357",700712
"Steven Okert","HOU",1,0,0,3.46248,10,0,0,3,,10,39,8,4,4,1,3,,1,10,9.87309,2.66061,3.71084,1.154,0.268232,0.0722833,0.19594882428646088,0.219383,1.1153,0.275365,0.74496,,,3.61673,0.126647,0.156251,999,,,,,,,60.900000000000006,6.090000000000001,57,5.7,,,,,,,,,,,,,,,,,,,"Steven Okert","13580",595345
"Calvin Faucher","MIA",1,1,0,3.55914,10,0,1,2,,10,43,9,4,4,1,5,,0,10,9.50308,4.56251,2.08286,0.63583,0.240995,0.115704,0.12529128789901733,0.234623,1.40568,0.306244,0.746749,,,3.54257,0.12557,0.188123,999,,,,,,,56.300000000000004,5.630000000000001,55,5.5,,,,,,,,,,,,,,,,,,,"Calvin Faucher","20116",676534
"Matt Wilkinson","SFG",0,0,1,4.5359,4,3,0,0,,14,62,13,8,7,2,6,,1,13,8.45958,3.66258,2.30974,1.25612,0.215819,0.0934388,0.12238013744354248,0.237945,1.33379,0.279603,0.701089,,,4.39816,0.122608,0.0778495,999,,,,,,,50.20000000000003,3.585714285714288,49,3.5,,,,,,,,,,,,,,,,,,,"Matt Wilkinson","33760",683363
"Tomoyuki Sugano","COL",1,2,2,5.22117,5,5,0,0,,25,111,31,16,15,5,6,,1,15,5.53917,2.18573,2.53425,1.75532,0.138807,0.0547725,0.08403444290161133,0.295439,1.47272,0.308689,0.701979,,,5.2013,0.12193,0.144384,999,,,,,,,51.900000000000006,2.076,69,2.76,,,,,,,,,,,,,,,,,,,"Tomoyuki Sugano","35321",608372
"Devin Williams","NYM",0,0,0,3.2805,5,0,2,1,,5,20,3,2,2,0,2,,0,6,11.7442,3.97297,2.95602,0.726539,0.317741,0.107489,0.21025140583515167,0.188258,1.12513,0.268458,0.720212,,,2.94848,0.120812,0.0920908,59.470001220703125,,,,,,,49.2,9.84,45,9,,,,,,,,,,,,,,,,,,,"Devin Williams","15816",642207
"Anthony Molina","SFG",1,1,1,4.81915,6,3,0,0,,19,85,22,11,10,2,5,,0,12,5.60573,2.55796,2.19149,1.16036,0.14239,0.0649743,0.07741598784923553,0.277347,1.41337,0.30132,0.674318,,,4.42287,0.120755,0.0226054,999,,,,,,,67.8,3.568421052631579,78,4.105263157894737,,,,,,,,,,,,,,,,,,,"Anthony Molina","26952",683627
"Erik Sabrowski","CLE",1,1,0,3.52327,10,0,0,3,,10,41,7,4,4,1,6,,0,13,12.6713,5.68803,2.22772,0.88981,0.324864,0.145828,0.17903636395931244,0.19502,1.34662,0.285394,0.762374,,,3.56143,0.120522,0.157736,999,,,,,,,63.5,6.35,57,5.7,,,,,,,,,,,,,,,,,,,"Erik Sabrowski","24978",681870
"Jake Irvin","WSN",1,2,2,4.98906,4,4,0,0,,21,94,22,13,12,4,8,,1,18,7.41111,3.37181,2.19796,1.51808,0.189034,0.0860043,0.10303004831075668,0.258753,1.38853,0.28884,0.682051,,,4.9426,0.120322,0.0381351,999,,,,,,,58,2.761904761904762,62,2.9523809523809526,,,,,,,,,,,,,,,,,,,"Jake Irvin","21504",663623
"Brooks Raley","PHI",1,1,0,4.05509,9,0,0,2,,9,39,8,5,4,1,3,,1,9,8.94274,3.01931,2.96185,0.774136,0.236919,0.0799902,0.15692850947380066,0.235004,1.22209,0.297277,0.66476,,,3.47803,0.118989,-0.0125205,999,,,,,,,47.500000000000014,5.2777777777777795,46,5.111111111111111,,,,,,,,,,,,,,,,,,,"Brooks Raley","10061",548384
"Jakob Junis","TEX",0,0,0,3.99711,10,0,0,2,,10,40,9,5,4,1,3,,1,8,7.49968,2.31851,3.23469,0.883243,0.200098,0.0618598,0.13823779672384262,0.244499,1.19826,0.288945,0.674465,,,3.64415,0.118586,0.0292358,999,,,,,,,50.300000000000004,5.03,49,4.9,,,,,,,,,,,,,,,,,,,"Jakob Junis","13619",596001
"Bryan Abreu","HOU",1,0,0,3.44786,10,0,0,2,,10,42,7,4,4,1,5,,1,13,11.9548,4.8753,2.45212,0.933731,0.310161,0.126487,0.18367409706115723,0.206256,1.29856,0.291899,0.764885,,,3.61486,0.118064,0.183955,181.6999969482422,,,,,,,59.5,5.95,53,5.3,,,,,,,,,,,,,,,,,,,"Bryan Abreu","16609",650556
"Robert Suarez","ATL",1,0,0,3.31907,6,0,0,1,,6,27,6,3,2,1,2,,0,6,8.58218,2.48071,3.45957,0.781158,0.231773,0.0669948,0.16477864235639572,0.227863,1.14444,0.282063,0.726919,,,3.20886,0.117439,0.0223118,214.39999389648438,,,,,,,26.500000000000007,4.416666666666668,27,4.5,,,,,,,,,,,,,,,,,,,"Robert Suarez","30115",663158
"Zac Gallen","ARI",1,1,1,4.27385,2,2,0,0,,14,58,13,7,6,2,4,,0,11,7.37072,2.84681,2.58912,1.30808,0.192506,0.0743518,0.11815397441387177,0.248952,1.28774,0.281195,0.711613,,,4.39144,0.115926,0.177572,222.69000244140625,,,,,,,55.2,3.942857142857143,54,3.857142857142857,,,,,,,,,,,,,,,,,,,"Zac Gallen","19291",668678
"Randy Vásquez","SDP",1,1,1,4.63544,7,3,0,0,,19,80,19,10,10,2,6,,1,12,5.96351,2.94338,2.02608,1.17812,0.153475,0.0757498,0.07772504538297653,0.261653,1.35563,0.286106,0.678792,,,4.6188,0.115922,0.0367848,721.1699829101562,,,,,,,69.6,3.663157894736842,72,3.789473684210526,,,,,,,,,,,,,,,,,,,"Randy Vasquez","24719",681190
"Kevin Kelly","TBR",1,1,0,3.65146,10,0,0,2,,10,42,9,5,4,1,2,,1,9,7.77103,1.93476,4.01653,0.935402,0.211289,0.0526048,0.15868380293250084,0.239325,1.12007,0.284656,0.696798,,,3.62168,0.112551,0.0501522,999,,,,,,,55.300000000000004,5.53,54,5.4,,,,,,,,,,,,,,,,,,,"Kevin Kelly","25679",687330
"Juan Morillo","ARI",1,0,0,3.37483,9,0,1,2,,9,40,8,4,3,1,4,,0,10,9.59053,4.16138,2.30465,0.687111,0.246072,0.106772,0.13929981738328934,0.233729,1.35491,0.304922,0.759056,,,3.48014,0.112549,0.092291,999,,,,,,,54.500000000000014,6.055555555555557,53,5.888888888888889,,,,,,,,,,,,,,,,,,,"Juan Morillo","21924",666661
"Aaron Ashby","MIL",1,1,0,3.66887,10,0,0,2,,10,44,9,5,4,1,5,,1,12,10.4714,4.55715,2.29779,0.740758,0.26847,0.116839,0.15163181722164154,0.224849,1.3548,0.303108,0.735496,,,3.5074,0.110449,0.0238788,999,,,,,,,52.300000000000004,5.23,51,5.1,,,,,,,,,,,,,,,,,,,"Aaron Ashby","23550",676879
"Ethan Pecko","HOU",1,1,1,4.36398,3,3,0,0,,12,53,12,6,6,2,5,,0,12,8.47484,3.54477,2.3908,1.33642,0.21656,0.0905805,0.12597984075546265,0.249622,1.37666,0.293048,0.726924,,,4.36364,0.109092,0.150298,999,,,,,,,42.000000000000014,3.5000000000000013,43,3.5833333333333335,,,,,,,,,,,,,,,,,,,"Ethan Pecko","33515",814490
"Daniel Palencia","CHC",1,1,0,3.74308,9,0,3,1,,9,40,8,4,4,1,4,,1,11,10.3335,3.64577,2.83438,1.02537,0.273062,0.0963393,0.17672236263751984,0.220263,1.22752,0.286638,0.726071,,,3.68086,0.108974,0.0994591,91.05999755859375,,,,,,,59.500000000000014,6.6111111111111125,58,6.444444444444445,,,,,,,,,,,,,,,,,,,"Daniel Palencia","27914",694037
"Brock Stewart","LAD",0,0,0,4.16768,9,0,0,3,,9,40,8,5,4,1,4,,0,11,10.0399,3.89447,2.57798,1.07187,0.2599,0.100815,0.15908444672822952,0.231284,1.31526,0.295772,0.706921,,,3.8297,0.108618,-0.0373135,999,,,,,,,55.500000000000014,6.166666666666668,54,6,,,,,,,,,,,,,,,,,,,"Brock Stewart","16727",592779
"Dylan Smith","SFG",1,1,0,4.26415,10,0,4,1,,10,43,10,5,5,1,4,,0,10,8.69657,3.5376,2.45832,0.972185,0.222334,0.0904414,0.13189276307821274,0.250901,1.37373,0.307891,0.702442,,,3.86765,0.10838,0.0220513,999,,,,,,,67.7,6.7700000000000005,69,6.9,,,,,,,,,,,,,,,,,,,"Dylan Smith","30145",681916
"Jordan Montgomery","TEX",1,1,1,4.89051,8,2,0,0,,15,66,16,9,8,2,5,,0,12,7.35106,3.08415,2.3835,1.25013,0.187966,0.0788616,0.10910467803478241,0.260467,1.3781,0.296903,0.665289,,,4.36593,0.107625,0.0237577,999,,,,,,,53.800000000000004,3.586666666666667,58,3.8666666666666667,,,,,,,,,,,,,,,,,,,"Jordan Montgomery","16511",656756
"Jonathan Bowlan","PHI",1,0,0,4.11218,10,0,0,2,,10,42,9,5,5,1,3,,0,11,9.5934,2.9758,3.22381,1.21866,0.250942,0.0778401,0.17310169339179993,0.243331,1.27287,0.302082,0.716542,,,3.83833,0.106975,0.0615462,999,,,,,,,59.300000000000004,5.930000000000001,58,5.8,,,,,,,,,,,,,,,,,,,"Jonathan Bowlan","24607",680742
"A.J. Minter","MIN",1,1,0,4.07106,10,0,0,2,,10,41,9,5,4,1,3,,0,10,9.19483,2.66156,3.45468,1.11795,0.241143,0.0698019,0.17134138941764832,0.247029,1.26343,0.304343,0.708342,,,3.61283,0.106913,0.0355413,999,,,,,,,57.300000000000004,5.73,56,5.6,,,,,,,,,,,,,,,,,,,"A.J. Minter","18655",621345
"Erik Miller","BOS",1,0,0,3.4306,10,0,0,3,,10,43,8,4,4,1,6,,1,12,10.9916,5.47573,2.00733,0.608956,0.277512,0.138249,0.1392626166343689,0.216786,1.41933,0.303162,0.758723,,,3.5011,0.10614,0.172531,999,,,,,,,55.900000000000006,5.590000000000001,52,5.2,,,,,,,,,,,,,,,,,,,"Erik Miller","26252",669062
"Hunter Dobbins","STL",1,1,1,4.6226,4,2,0,0,,13,56,13,7,7,2,5,,1,10,7.0538,3.26151,2.16274,1.15934,0.180145,0.0832949,0.09685040265321732,0.259301,1.38449,0.294894,0.686131,,,4.4173,0.104605,0.0759832,999,,,,,,,39.8,3.0615384615384613,41,3.1538461538461537,,,,,,,,,,,,,,,,,,,"Hunter Dobbins","30240",690928
"Brad Lord","WSN",1,1,1,4.5608,6,2,0,0,,14,61,14,8,7,2,5,,1,11,7.28019,3.14326,2.31613,1.10521,0.187227,0.080836,0.1063905879855156,0.257797,1.35371,0.297394,0.679384,,,4.33447,0.104571,0.0569476,999,,,,,,,46.6,3.3285714285714287,48,3.4285714285714284,,,,,,,,,,,,,,,,,,,"Brad Lord","31972",695418
"José A. Ferrer","SEA",1,0,0,3.81025,10,0,1,2,,10,43,9,5,4,1,3,,1,9,8.17048,2.69437,3.03243,0.750053,0.216534,0.071406,0.14512790739536285,0.242018,1.22358,0.29738,0.689675,,,3.47255,0.104216,-0.00609382,999,,,,,,,57.300000000000004,5.73,56,5.6,,,,,,,,,,,,,,,,,,,"Jose A. Ferrer","24017",678606
"Jason Foley","SFG",1,0,0,3.36088,9,0,1,2,,9,39,9,4,3,1,2,,0,8,7.46549,2.39389,3.11856,0.641662,0.197525,0.0633385,0.13418622314929962,0.247764,1.23309,0.298351,0.729907,,,3.23966,0.103541,0.0629428,999,,,,,,,53.90000000000001,5.988888888888891,55,6.111111111111111,,,,,,,,,,,,,,,,,,,"Jason Foley","19531",671345
"Pete Fairbanks","MIA",1,0,0,3.77042,6,0,2,1,,6,25,5,3,2,1,2,,0,7,10.5297,3.58049,2.94086,1.0395,0.278923,0.0948442,0.18407928198575974,0.2185,1.21667,0.285669,0.721638,,,3.586,0.103049,0.0291466,111.45999908447266,,,,,,,41.10000000000001,6.850000000000001,39,6.5,,,,,,,,,,,,,,,,,,,"Pete Fairbanks","17998",664126
"Trent Harris","SFG",1,1,0,3.95512,10,0,1,2,,10,42,9,5,4,1,3,,0,9,8.36471,3.02094,2.76891,0.977364,0.217242,0.0784575,0.13878407329320908,0.246562,1.30775,0.297288,0.718238,,,3.64326,0.101995,0.0199165,999,,,,,,,60.300000000000004,6.03,59,5.9,,,,,,,,,,,,,,,,,,,"Trent Harris","33214",805345
"Andre Pallante","STL",0,0,1,4.14379,1,1,0,0,,7,28,7,3,3,1,2,,0,5,6.48401,3.16636,2.04778,0.745855,0.166786,0.0814474,0.08533873409032822,0.255353,1.35581,0.294431,0.689919,,,3.88316,0.100658,0.1348,999,,,,,,,25.3,3.6142857142857143,26,3.7142857142857144,,,,,,,,,,,,,,,,,,,"Andre Pallante","26108",669467
"Spencer Arrighetti","TOR",1,2,1,4.62238,6,3,0,0,,20,89,18,11,10,3,10,,2,21,9.08846,4.63377,1.96136,1.35173,0.230115,0.117325,0.11279058456420898,0.238235,1.41414,0.286487,0.71094,,,4.85709,0.10025,0.0485496,728.3099975585938,,,,,,,70.3,3.5149999999999997,67,3.35,,,,,,,,,,,,,,,,,,,"Spencer Arrighetti","29921",681293
"Kyle Freeland","COL",0,1,1,5.05253,2,2,0,0,,9,41,11,6,5,2,2,,0,7,6.98417,2.23782,3.12097,1.48707,0.177172,0.0567684,0.12040402367711067,0.284878,1.41382,0.317561,0.679586,,,4.54917,0.0993012,0.0311687,999,,,,,,,21.400000000000006,2.377777777777778,27,3,,,,,,,,,,,,,,,,,,,"Kyle Freeland","16256",607536
"Emilio Pagán","CIN",1,1,0,4.26418,10,0,4,0,,10,42,9,5,5,2,3,,0,10,9.41701,2.76069,3.41111,1.50304,0.252295,0.0739628,0.17833256721496582,0.228722,1.17398,0.271584,0.700916,,,4.22853,0.0982144,0.0572665,111.94000244140625,,,,,,,57.00000000000001,5.700000000000001,55,5.5,,,,,,,,,,,,,,,,,,,"Emilio Pagan","14771",641941
"Didier Fuentes","ATL",1,1,0,3.77272,10,0,0,2,,10,40,9,4,4,1,3,,1,10,9.62375,2.84187,3.38641,1.0559,0.255096,0.0753294,0.1797669753432274,0.236399,1.21731,0.29852,0.723289,,,3.60427,0.0981602,0.12718,600.4400024414062,,,,,,,54.300000000000004,5.430000000000001,53,5.3,,,,,,,,,,,,,,,,,,,"Didier Fuentes","30661",800311
"José Alvarado","PHI",1,0,0,3.59861,9,0,0,2,,9,39,8,4,4,1,4,,1,11,10.7494,3.70533,2.90107,0.832213,0.281897,0.0971699,0.184726782143116,0.226071,1.25781,0.306879,0.729554,,,3.37948,0.098028,0.0677532,746.0700073242188,,,,,,,48.500000000000014,5.38888888888889,47,5.222222222222222,,,,,,,,,,,,,,,,,,,"Jose Alvarado","17780",621237
"Robert Stock","NYM",1,1,1,4.78455,5,2,0,0,,14,63,14,8,8,2,7,,2,13,8.39311,4.22982,1.98427,1.19766,0.210316,0.105992,0.10432440042495728,0.258754,1.46211,0.310284,0.693102,,,4.74783,0.0949605,0.036744,999,,,,,,,41.60000000000003,2.9714285714285738,43,3.0714285714285716,,,,,,,,,,,,,,,,,,,"Robert Stock","6576",476594
"Justin Verlander","DET",0,1,1,4.76079,2,2,0,0,,10,41,10,5,5,2,3,,0,8,7.58562,3.16522,2.39655,1.44921,0.194323,0.0810842,0.11323831230401993,0.257706,1.36927,0.290877,0.694414,,,4.65721,0.0944165,0.133472,658.8499755859375,,,,,,,30.4,3.04,31,3.1,,,,,,,,,,,,,,,,,,,"Justin Verlander","8700",434378
"Connelly Early","WSN",0,0,1,4.41089,1,1,0,0,,7,29,6,4,3,1,3,,1,7,9.20866,3.35546,2.74438,1.18761,0.238609,0.0869447,0.15166474878787994,0.246843,1.31434,0.30445,0.691948,,,4.17409,0.0937512,0.0444575,266.4800109863281,,,,,,,25.900000000000013,3.700000000000002,24,3.4285714285714284,,,,,,,,,,,,,,,,,,,"Connelly Early","33666",813349
"Nate Lavender","NYM",1,1,0,3.99189,9,0,0,2,,9,39,8,4,4,1,4,,1,10,10.1239,4.21501,2.40187,0.866637,0.262457,0.109272,0.15318499505519867,0.224384,1.30874,0.294789,0.704155,,,3.70708,0.0924681,0.0652349,999,,,,,,,46.500000000000014,5.166666666666668,45,5,,,,,,,,,,,,,,,,,,,"Nate Lavender","30109",681320
"Yunior Marte","SFG",0,0,1,4.56911,4,2,0,0,,12,50,11,6,6,2,5,,1,11,8.45428,3.7033,2.28291,1.26007,0.214765,0.0940755,0.12069001793861389,0.238349,1.3431,0.279794,0.699625,,,4.42054,0.0920015,0.110707,999,,,,,,,39.600000000000016,3.300000000000001,38,3.1666666666666665,,,,,,,,,,,,,,,,,,,"Yunior Marte","31097",805074
"Emerson Hancock","SEA",1,1,1,4.2835,4,2,0,0,,11,47,11,6,5,2,3,,1,10,7.7942,2.54603,3.06131,1.28974,0.20464,0.066847,0.13779274374246597,0.251951,1.26402,0.290427,0.702175,,,4.22773,0.0902018,0.0295867,733.4199829101562,,,,,,,36.20000000000001,3.290909090909092,37,3.3636363636363638,,,,,,,,,,,,,,,,,,,"Emerson Hancock","27470",676106
"Jonathan Loáisiga","ARI",1,0,0,3.20881,9,0,0,2,,9,37,9,3,3,1,2,,0,7,7.1631,2.21791,3.22967,0.721616,0.189903,0.0587997,0.13110360503196716,0.250554,1.22592,0.296487,0.75281,,,3.37932,0.0900816,0.179269,999,,,,,,,46.90000000000001,5.211111111111112,48,5.333333333333333,,,,,,,,,,,,,,,,,,,"Jonathan Loaisiga","19753",642528
"Tobias Myers","NYM",0,1,1,4.68564,6,2,0,0,,12,53,13,7,6,2,4,,0,10,7.21624,2.85227,2.53,1.35198,0.184942,0.0730995,0.11184227466583252,0.26358,1.36877,0.296725,0.693049,,,4.46703,0.0892573,-0.00977669,999,,,,,,,38.40000000000002,3.2000000000000015,42,3.5,,,,,,,,,,,,,,,,,,,"Tobias Myers","22191",668964
"Andrew Kittredge","BAL",1,1,0,3.6534,10,0,2,1,,10,41,10,4,4,1,2,,0,9,8.16465,2.19319,3.72273,1.16638,0.21646,0.0581456,0.15831472352147102,0.248623,1.22205,0.292845,0.750344,,,3.72138,0.0882639,0.176019,745.8499755859375,,,,,,,61.7,6.17,63,6.3,,,,,,,,,,,,,,,,,,,"Andrew Kittredge","12828",552640
"Justin Wrobleski","LAD",1,1,0,4.60203,6,1,0,0,,11,46,11,6,5,2,3,,0,10,8.00189,2.52103,3.17406,1.31226,0.20928,0.0659347,0.14334562420845032,0.254325,1.27951,0.294881,0.672981,,,4.1569,0.0881293,0.0568063,650.3499755859375,,,,,,,39.20000000000001,3.5636363636363644,40,3.6363636363636362,,,,,,,,,,,,,,,,,,,"Justin Wrobleski","31204",680736
"Brennan Bernardino","COL",1,1,0,4.11607,10,0,0,2,,10,42,9,5,4,1,4,,1,8,7.73533,3.47709,2.22466,0.828785,0.198073,0.0890355,0.10903795063495636,0.254363,1.37053,0.305759,0.70346,,,3.97142,0.0853206,0.102132,999,,,,,,,47.300000000000004,4.73,46,4.6,,,,,,,,,,,,,,,,,,,"Brennan Bernardino","16835",657514
"Evan Phillips","LAD",1,0,0,3.66577,9,0,0,2,,9,37,8,4,4,1,3,,0,10,9.75442,2.65026,3.68056,1.20243,0.263274,0.071531,0.191742941737175,0.223606,1.14244,0.277443,0.732383,,,3.62595,0.0852429,0.05469,999,,,,,,,52.500000000000014,5.833333333333335,51,5.666666666666667,,,,,,,,,,,,,,,,,,,"Evan Phillips","17734",623465
"Hunter Gaddis","CLE",1,0,0,3.75573,10,0,0,2,,10,43,9,5,4,1,4,,1,10,8.83353,3.12023,2.83105,1.06857,0.233483,0.0824722,0.15101078897714615,0.232965,1.23216,0.283911,0.730408,,,3.87252,0.0841586,0.0414671,999,,,,,,,51.300000000000004,5.130000000000001,50,5,,,,,,,,,,,,,,,,,,,"Hunter Gaddis","25636",683769
"Drew Sommers","DET",1,1,0,3.88928,10,0,0,2,,10,45,10,5,5,1,4,,1,11,9.35331,3.44381,2.71598,0.835481,0.243062,0.0894935,0.15356867015361786,0.240424,1.30148,0.307106,0.709985,,,3.57355,0.0841115,0.0334412,999,,,,,,,50.7,5.07,52,5.2,,,,,,,,,,,,,,,,,,,"Drew Sommers","32026",805427
"Shane Bieber","TOR",0,0,0,4.17903,4,1,0,0,,9,37,9,4,4,1,3,,0,8,7.88593,2.61526,3.01535,1.27895,0.206666,0.0685378,0.13812771439552307,0.249252,1.27143,0.287552,0.714901,,,4.09212,0.0832255,0.0748966,474.0400085449219,,,,,,,37.90000000000001,4.211111111111112,39,4.333333333333333,,,,,,,,,,,,,,,,,,,"Shane Bieber","19427",669456
"Riley O'Brien","STL",1,0,0,3.74436,10,0,5,0,,10,42,8,4,4,1,4,,1,10,9.35717,4.16355,2.2474,0.683826,0.241234,0.107339,0.13389504700899124,0.235434,1.33533,0.307481,0.718587,,,3.80085,0.0787349,0.18595,264.0400085449219,,,,,,,70.9,7.090000000000001,67,6.7,,,,,,,,,,,,,,,,,,,"Riley O'Brien","20348",676617
"Matt Waldron","WSN",0,1,0,5.60447,6,2,0,0,,12,54,14,8,8,2,4,,1,10,7.13927,2.75419,2.59214,1.33855,0.178707,0.0689418,0.10976541042327881,0.285921,1.47151,0.3244,0.629026,,,4.518,0.0778255,-0.110014,999,,,,,,,32.80000000000002,2.7333333333333347,39,3.25,,,,,,,,,,,,,,,,,,,"Matt Waldron","25550",663362
"Ryan Johnson","LAA",1,2,1,5.25412,7,4,0,0,,19,85,21,12,11,3,8,,1,17,7.84984,3.68776,2.12862,1.51652,0.195459,0.0918241,0.10363484919071198,0.269201,1.49212,0.30667,0.682657,,,4.85449,0.0767321,-0.0130805,999,,,,,,,56.09999999999999,2.9526315789473676,63,3.3157894736842106,,,,,,,,,,,,,,,,,,,"Ryan Johnson","35325",696270
"Bryan Hudson","CHW",0,1,0,4.36983,10,0,1,2,,10,43,10,5,5,1,4,,1,9,8.49812,3.42952,2.47793,0.941791,0.218435,0.0881523,0.13028287142515182,0.249529,1.35132,0.304849,0.683558,,,3.85825,0.0753802,0.035236,999,,,,,,,51.7,5.17,53,5.3,,,,,,,,,,,,,,,,,,,"Bryan Hudson","19924",663542
"Will Dion","WSN",0,0,0,4.54443,9,0,0,2,,9,38,9,5,4,1,3,,0,8,7.95435,2.81327,2.82744,1.23277,0.202157,0.0714981,0.13065842539072037,0.269923,1.40215,0.315868,0.704986,,,4.10253,0.074224,-0.0222772,999,,,,,,,45.90000000000001,5.100000000000001,47,5.222222222222222,,,,,,,,,,,,,,,,,,,"Will Dion","30061",702021
"Tyler Holton","DET",1,0,0,3.72981,10,0,0,2,,10,41,9,4,4,1,2,,0,8,7.23225,2.20767,3.27596,1.0678,0.196841,0.0600866,0.1367548517882824,0.230134,1.11795,0.262747,0.701259,,,3.88985,0.073686,0.164239,999,,,,,,,56.300000000000004,5.630000000000001,55,5.5,,,,,,,,,,,,,,,,,,,"Tyler Holton","26231",663947
"Mike Burrows","HOU",1,1,1,4.56936,5,2,0,0,,14,59,13,8,7,2,5,,1,13,8.33273,3.16778,2.63047,1.53698,0.216295,0.0822268,0.13406796008348465,0.246265,1.31015,0.281798,0.707983,,,4.62083,0.0735241,0.0875424,237.9499969482422,,,,,,,53.20000000000003,3.800000000000002,52,3.7142857142857144,,,,,,,,,,,,,,,,,,,"Mike Burrows","24728",681347
"Shane Smith","CHW",0,0,1,4.19346,1,1,0,0,,6,27,5,3,3,1,3,,1,6,8.74293,3.61529,2.41832,1.07631,0.230025,0.0951177,0.13490735739469528,0.227967,1.25176,0.276918,0.687337,,,4.17807,0.0733778,0.0766251,245.5399932861328,,,,,,,19.10000000000001,3.183333333333335,17,2.8333333333333335,,,,,,,,,,,,,,,,,,,"Shane Smith","31687",681343
"Drew Thorpe","CHW",0,1,1,4.81095,2,2,0,0,,9,40,10,5,5,1,3,,0,7,6.80574,3.16819,2.14815,1.40808,0.176292,0.0820669,0.09422492235898972,0.261589,1.38201,0.288793,0.695067,,,4.66093,0.0731211,0.0647539,999,,,,,,,33.30000000000001,3.700000000000001,37,4.111111111111111,,,,,,,,,,,,,,,,,,,"Drew Thorpe","31967",689672
"Roki Sasaki","LAD",0,0,0,4.71933,4,1,0,0,,9,40,9,5,5,2,4,,1,10,9.775,3.45885,2.82609,1.49915,0.251349,0.0889389,0.16241014003753662,0.247484,1.34492,0.302052,0.697075,,,4.39557,0.0729983,-0.0385797,289.7200012207031,,,,,,,23.60000000000001,2.622222222222223,24,2.6666666666666665,,,,,,,,,,,,,,,,,,,"Roki Sasaki","35323",808963
"Cade Povich","BAL",0,1,0,4.51889,3,1,0,0,,9,37,9,5,4,1,3,,0,8,8.49335,3.35797,2.52931,1.27682,0.217744,0.0860881,0.13165563344955444,0.251425,1.36254,0.297419,0.701746,,,4.23643,0.0722397,-0.0252726,999,,,,,,,37.90000000000001,4.211111111111112,39,4.333333333333333,,,,,,,,,,,,,,,,,,,"Cade Povich","30055",700249
"Tyler Wells","TBR",1,0,0,3.89877,10,0,0,2,,10,39,8,5,4,1,3,,0,9,8.30661,2.39114,3.47392,1.29681,0.225947,0.0650409,0.16090579330921173,0.224371,1.11633,0.259363,0.705728,,,3.99143,0.0717131,0.0329741,748.469970703125,,,,,,,57.900000000000006,5.790000000000001,54,5.4,,,,,,,,,,,,,,,,,,,"Tyler Wells","20000",669330
"Colin Holderman","CLE",1,1,0,3.51645,9,0,0,2,,9,40,8,4,4,1,4,,1,9,8.93834,3.67004,2.43548,0.62154,0.232639,0.0955205,0.13711818307638168,0.238555,1.29648,0.307772,0.726614,,,3.62597,0.0710639,0.0754244,999,,,,,,,44.500000000000014,4.944444444444446,43,4.777777777777778,,,,,,,,,,,,,,,,,,,"Colin Holderman","22361",670059
"Nick Pivetta","SDP",0,0,0,3.82973,1,1,0,0,,4,18,4,2,2,1,1,,0,5,9.91349,2.72154,3.6426,1.35095,0.267261,0.073371,0.1938900575041771,0.222429,1.14652,0.272868,0.73047,,,3.81096,0.0704109,0.0406121,96.01000213623047,,,,,,,13.9,3.475,14,3.5,,,,,,,,,,,,,,,,,,,"Nick Pivetta","15454",601713
"Kevin Ginkel","ARI",1,1,0,3.8731,9,0,0,2,,9,37,8,4,4,1,3,,0,9,9.12895,3.07442,2.96933,0.943073,0.238776,0.0804143,0.15836196392774582,0.240337,1.27492,0.29973,0.715422,,,3.51089,0.0690616,0.058536,556.52001953125,,,,,,,50.500000000000014,5.6111111111111125,49,5.444444444444445,,,,,,,,,,,,,,,,,,,"Kevin Ginkel","19876",656464
"Mitch Bratt","ARI",0,0,0,4.2705,1,1,0,0,,5,20,5,2,2,1,2,,0,4,7.5321,2.99455,2.51527,1.17153,0.193382,0.0768833,0.11649876087903976,0.259718,1.3599,0.300212,0.716793,,,4.21997,0.0674507,0.116609,999,,,,,,,13.7,2.7399999999999998,14,2.8,,,,,,,,,,,,,,,,,,,"Mitch Bratt","30003",683352
"Mason Fluharty","TOR",1,0,0,3.94162,9,0,0,2,,9,38,8,4,4,1,4,,0,10,9.84101,3.71175,2.65132,1.01747,0.257196,0.0970069,0.16018906235694885,0.227631,1.27558,0.290128,0.715597,,,3.74449,0.0673674,0.0737418,999,,,,,,,49.500000000000014,5.500000000000002,48,5.333333333333333,,,,,,,,,,,,,,,,,,,"Mason Fluharty","31553",689254
"Brandon Sproat","MIL",0,1,1,4.64701,3,2,0,0,,9,39,8,5,5,1,4,,1,9,8.58085,3.7788,2.27079,1.23129,0.220656,0.0971718,0.12348461151123047,0.243253,1.34917,0.290281,0.680644,,,4.45665,0.0667047,0.031713,528.2000122070312,,,,,,,36.500000000000014,4.055555555555557,35,3.888888888888889,,,,,,,,,,,,,,,,,,,"Brandon Sproat","33850",687075
"AJ Smith-Shawver","ATL",1,1,0,4.06049,7,1,0,0,,11,46,10,5,5,1,4,,0,11,9.50381,3.7725,2.51923,1.07009,0.243391,0.0966133,0.14677788317203522,0.242245,1.36326,0.303115,0.72933,,,3.84109,0.0664881,0.0495656,999,,,,,,,53.10000000000001,4.827272727272728,52,4.7272727272727275,,,,,,,,,,,,,,,,,,,"AJ Smith-Shawver","29960",700363
"Trey Yesavage","TOR",0,0,0,4.10358,1,1,0,0,,4,18,4,2,2,0,2,,0,5,9.4876,4.18988,2.26441,1.00368,0.246829,0.109004,0.13782508671283722,0.219444,1.29622,0.274523,0.70224,,,3.88136,0.0663804,0.0498742,194.2899932861328,,,,,,,23.200000000000003,5.800000000000001,24,6,,,,,,,,,,,,,,,,,,,"Trey Yesavage","35456",702056
"Hogan Harris","ATH",0,0,0,4.04913,10,0,3,1,,10,43,9,5,4,1,5,,1,11,9.77842,4.78338,2.04425,1.02199,0.248472,0.121547,0.12692496180534363,0.22842,1.396,0.290539,0.733191,,,4.15037,0.0652311,0.104032,618.1699829101562,,,,,,,61.300000000000004,6.130000000000001,60,6,,,,,,,,,,,,,,,,,,,"Hogan Harris","21520",663687
"Eduard Bazardo","SEA",0,0,0,3.83363,10,0,0,3,,10,40,8,4,4,1,3,,0,10,8.96983,2.97024,3.0199,1.10091,0.238243,0.0788912,0.15935231745243073,0.230749,1.2114,0.281061,0.719515,,,3.77133,0.065022,0.124601,999,,,,,,,63.900000000000006,6.390000000000001,60,6,,,,,,,,,,,,,,,,,,,"Eduard Bazardo","20997",660825
"Dax Fulton","MIA",1,1,1,4.65872,6,2,0,0,,13,58,13,7,7,1,7,,1,11,7.47366,4.6409,1.61039,0.994479,0.184727,0.114709,0.07001736760139465,0.257508,1.52622,0.301681,0.702558,,,4.57173,0.0647665,0.0668198,999,,,,,,,48.10000000000001,3.7000000000000006,50,3.8461538461538463,,,,,,,,,,,,,,,,,,,"Dax Fulton","27757",690978
"Jose Quintana","COL",0,1,1,4.93842,2,2,0,0,,8,34,9,5,4,1,3,,0,5,5.59504,3.90946,1.43115,1.15816,0.137492,0.0960707,0.041421301662921906,0.277813,1.55926,0.301996,0.69816,,,4.93025,0.0646254,0.0564512,999,,,,,,,24.500000000000007,3.062500000000001,28,3.5,,,,,,,,,,,,,,,,,,,"Jose Quintana","11423",500779
"Emmet Sheehan","LAD",0,0,0,4.52924,3,1,0,0,,6,24,5,3,3,1,2,,0,7,10.2211,3.08091,3.31757,1.46239,0.271189,0.0817434,0.18944578617811203,0.230039,1.2111,0.284968,0.675151,,,4.15775,0.0635028,0.0482063,111.20999908447266,,,,,,,27.10000000000001,4.516666666666668,25,4.166666666666667,,,,,,,,,,,,,,,,,,,"Emmet Sheehan","29839",686218
"Jacob Webb","CHC",1,1,0,4.07318,10,0,2,1,,10,43,9,5,5,1,4,,0,10,9.02344,3.28854,2.7439,1.21917,0.239444,0.0872642,0.15218017995357513,0.224043,1.21506,0.269069,0.705208,,,4.02358,0.0624545,0.0205618,999,,,,,,,60.300000000000004,6.03,59,5.9,,,,,,,,,,,,,,,,,,,"Jacob Webb","19274",657097
"Michael Petersen","MIA",0,0,0,3.93257,9,0,1,2,,9,40,9,4,4,1,4,,1,10,9.59808,3.91242,2.45324,1.09773,0.246246,0.100376,0.14586998522281647,0.23992,1.35522,0.301528,0.743182,,,4.01846,0.061992,0.0772128,999,,,,,,,48.90000000000001,5.4333333333333345,50,5.555555555555555,,,,,,,,,,,,,,,,,,,"Michael Petersen","20827",656848
"Cam Booser","TBR",1,1,0,4.06797,9,0,0,2,,9,40,9,5,4,1,3,,0,10,10.1486,3.31281,3.06343,1.31029,0.264694,0.0864045,0.17828978598117828,0.235994,1.28301,0.29548,0.733616,,,3.87036,0.0610389,-0.0183155,999,,,,,,,49.90000000000001,5.544444444444446,51,5.666666666666667,,,,,,,,,,,,,,,,,,,"Cam Booser","16061",592155
"Camilo Doval","PIT",0,1,0,4.64056,9,0,0,2,,9,38,8,5,4,1,4,,1,10,10.0973,4.48723,2.25024,0.78305,0.254478,0.113089,0.1413884162902832,0.242179,1.43051,0.320147,0.664823,,,3.65249,0.0604966,-0.0123983,663.6500244140625,,,,,,,46.500000000000014,5.166666666666668,45,5,,,,,,,,,,,,,,,,,,,"Camilo Doval","21992",666808
"Caden Dana","LAA",1,1,1,4.91049,5,2,0,0,,14,59,13,8,7,2,6,,1,13,8.28644,3.91304,2.11765,1.38107,0.21135,0.0998043,0.11154597252607346,0.247241,1.3896,0.287462,0.682148,,,4.72019,0.058031,0.010871,999,,,,,,,50.20000000000003,3.585714285714288,49,3.5,,,,,,,,,,,,,,,,,,,"Caden Dana","31508",702674
"Zack Littell",,0,0,1,4.59418,1,1,0,0,,8,34,8,4,4,1,2,,0,5,6.15103,2.23292,2.7547,1.54029,0.160121,0.0581267,0.10199478641152382,0.265428,1.30627,0.283208,0.704452,,,4.78631,0.0576747,0.101693,709.4099731445312,,,,,,,30.100000000000005,3.7625000000000006,31,3.875,,,,,,,,,,,,,,,,,,,"Zack Littell","15823",641793
"Enyel De Los Santos","HOU",1,0,0,3.83566,9,0,0,2,,9,39,8,4,4,1,3,,0,9,8.71764,2.61606,3.33236,1.2432,0.233263,0.0699993,0.16326364874839783,0.232854,1.18183,0.276812,0.726987,,,3.91809,0.056923,0.0741957,999,,,,,,,50.500000000000014,5.6111111111111125,49,5.444444444444445,,,,,,,,,,,,,,,,,,,"Enyel De Los Santos","18403",660853
"Jaden Hill","COL",0,1,0,4.50393,10,0,0,2,,10,45,9,6,5,1,5,,1,11,9.49767,4.14089,2.29363,0.940591,0.243009,0.105949,0.13705933839082718,0.241667,1.36727,0.30943,0.674322,,,4.09787,0.0568322,-0.00752114,999,,,,,,,50.300000000000004,5.03,49,4.9,,,,,,,,,,,,,,,,,,,"Jaden Hill","30250",677955
"Hunter Barco","PIT",0,0,0,4.59524,5,1,0,0,,9,41,9,5,5,1,4,,1,9,8.44464,4.20996,2.00587,1.16989,0.212581,0.105979,0.10660150647163391,0.252936,1.44179,0.303328,0.703925,,,4.58554,0.0567153,0.0710737,999,,,,,,,33.90000000000001,3.766666666666668,35,3.888888888888889,,,,,,,,,,,,,,,,,,,"Hunter Barco","33174",682995
"Ryne Nelson","ARI",0,0,0,4.34573,5,1,0,0,,10,43,10,5,5,2,3,,0,8,7.38102,2.41342,3.05832,1.4613,0.193823,0.0633758,0.13044750690460205,0.253981,1.26489,0.283608,0.713242,,,4.47429,0.0565627,0.0246691,251.42999267578125,,,,,,,30.4,3.04,31,3.1,,,,,,,,,,,,,,,,,,,"Ryne Nelson","26253",669194
"Adrian Houser","SFG",0,0,0,4.40365,1,1,0,0,,6,25,6,3,3,1,2,,0,4,6.35232,2.95288,2.15123,1.05805,0.162358,0.0754721,0.08688544481992722,0.265551,1.38376,0.297621,0.698767,,,4.31574,0.0562774,0.0668585,743.219970703125,,,,,,,18.500000000000007,3.0833333333333344,19,3.1666666666666665,,,,,,,,,,,,,,,,,,,"Adrian Houser","12718",605288
"Andrew Morris","MIN",1,1,0,3.96405,9,0,0,2,,9,40,9,4,4,1,3,,0,8,7.50503,2.70875,2.77066,0.917841,0.195146,0.0704329,0.12471282482147217,0.254965,1.30598,0.300421,0.711164,,,3.73567,0.0557289,0.0763809,999,,,,,,,45.90000000000001,5.100000000000001,47,5.222222222222222,,,,,,,,,,,,,,,,,,,"Andrew Morris","31891",702193
"Jack Dreyer","LAD",0,0,0,4.10377,8,0,0,2,,8,35,7,4,4,1,3,,0,9,10.0177,3.38594,2.95862,1.20648,0.265506,0.0897397,0.1757660210132599,0.221105,1.21634,0.276616,0.700631,,,3.77784,0.0553178,0.00929601,999,,,,,,,45.7,5.7125,44,5.5,,,,,,,,,,,,,,,,,,,"Jack Dreyer","30249",676263
"Lucas Braun","KCR",0,0,0,4.29231,1,1,0,0,,4,17,4,2,2,1,1,,0,3,7.61538,2.49231,3.05556,1.24615,0.198556,0.064982,0.1335739940404892,0.252918,1.27692,0.290155,0.703125,,,4.11413,0.0551768,0.0564151,999,,,,,,,9.9,2.475,10,2.5,,,,,,,,,,,,,,,,,,,"Lucas Braun","sa3022996",814351
"Gabe Speier","SEA",1,1,0,3.74776,9,0,0,2,,9,39,8,4,4,1,3,,1,10,9.68246,2.9597,3.27143,1.0359,0.257619,0.0787481,0.17887070775032043,0.231998,1.20151,0.294707,0.719822,,,3.67178,0.0537261,0.0480063,999,,,,,,,49.500000000000014,5.500000000000002,48,5.333333333333333,,,,,,,,,,,,,,,,,,,"Gabe Speier","17170",642100
"Tyler Alexander","TEX",1,1,0,4.38009,10,0,0,2,,11,47,11,6,5,1,3,,0,9,7.54423,2.45995,3.06683,1.06265,0.198592,0.064755,0.13383736461400986,0.251137,1.25407,0.292541,0.665958,,,3.88899,0.0533468,-0.0374586,999,,,,,,,57.50000000000001,5.2272727272727275,59,5.363636363636363,,,,,,,,,,,,,,,,,,,"Tyler Alexander","17735",641302
"Manuel Rodríguez","TBR",1,1,0,4.06738,9,0,0,2,,9,37,8,4,4,1,3,,1,8,8.3166,3.57723,2.32487,0.798975,0.216349,0.0930584,0.12329059839248657,0.238701,1.30094,0.29389,0.688146,,,3.84804,0.0520225,0.0536086,999,,,,,,,45.500000000000014,5.055555555555557,44,4.888888888888889,,,,,,,,,,,,,,,,,,,"Manuel Rodriguez","20794",655889
"Yohan Ramírez","PIT",1,1,0,4.10869,9,0,0,2,,9,39,8,4,4,1,5,,2,10,10.1601,4.52231,2.24667,0.738644,0.260597,0.115993,0.14460400491952896,0.233659,1.35423,0.316181,0.692319,,,3.95265,0.0512698,0.0863381,999,,,,,,,40.500000000000014,4.500000000000002,39,4.333333333333333,,,,,,,,,,,,,,,,,,,"Yohan Ramirez","19444",670990
"Tim Mayza","PHI",0,0,0,3.72252,8,0,0,1,,8,35,8,4,3,1,2,,0,8,8.66029,2.61365,3.31349,1.06828,0.226395,0.0683251,0.15806953608989716,0.251034,1.27899,0.304465,0.745327,,,3.63882,0.0509681,0.0206301,999,,,,,,,40.10000000000001,5.012500000000001,41,5.125,,,,,,,,,,,,,,,,,,,"Tim Mayza","15042",641835
"Jordan Hicks","CHW",0,1,0,4.62886,10,0,0,2,,10,43,9,5,5,1,5,,1,10,9.1409,4.65326,1.96441,0.796575,0.229336,0.116746,0.1125902384519577,0.243543,1.45389,0.309319,0.672829,,,3.94829,0.0502502,0.0277015,999,,,,,,,48.300000000000004,4.83,47,4.7,,,,,,,,,,,,,,,,,,,"Jordan Hicks","19618",663855
"Alan Rangel","PHI",0,0,0,5.09644,3,1,0,0,,7,28,7,4,4,1,2,,0,6,7.71719,3.23824,2.38314,1.42681,0.196587,0.0824907,0.11409628391265869,0.259863,1.39296,0.295502,0.66391,,,4.58737,0.0491708,0.0287796,999,,,,,,,27.3,3.9,28,4,,,,,,,,,,,,,,,,,,,"Alan Rangel","19524",660604
"Tommy Nance","MIN",0,0,0,4.44153,9,0,0,2,,9,40,10,5,4,1,3,,0,10,9.43698,3.3646,2.80479,0.968955,0.236056,0.0841617,0.15189386159181595,0.270894,1.46594,0.342384,0.706748,,,3.61739,0.0491121,-0.0222963,999,,,,,,,47.30000000000001,5.255555555555556,51,5.666666666666667,,,,,,,,,,,,,,,,,,,"Tommy Nance","19178",667297
"Mason Barnett","ATH",0,1,1,5.25679,4,2,0,0,,11,47,11,7,6,2,5,,1,9,7.89228,4.15465,1.89962,1.47524,0.197001,0.103705,0.0932958796620369,0.259432,1.48106,0.296165,0.676092,,,5.02602,0.04787,0.029475,999,,,,,,,28.200000000000003,2.563636363636364,29,2.6363636363636362,,,,,,,,,,,,,,,,,,,"Mason Barnett","31741",686930
"Scott Blewett","ATH",0,0,0,4.10392,9,0,0,2,,9,40,9,5,4,1,3,,0,7,6.80011,3.16509,2.14848,0.942811,0.174703,0.0813147,0.09338808059692383,0.255311,1.35987,0.29251,0.712348,,,4.06201,0.0477327,0.012138,999,,,,,,,43.90000000000001,4.877777777777779,45,5,,,,,,,,,,,,,,,,,,,"Scott Blewett","16427",656240
"Jonathan Cannon","CHW",0,1,0,4.9354,6,1,0,0,,11,48,12,7,6,2,4,,1,8,6.86964,3.31104,2.07477,1.29347,0.173941,0.0838363,0.09010440111160278,0.265792,1.4224,0.297604,0.676663,,,4.68765,0.0463785,0.0620988,999,,,,,,,26.600000000000005,2.4181818181818184,30,2.727272727272727,,,,,,,,,,,,,,,,,,,"Jonathan Cannon","31730",686563
"Eric Lauer","LAD",1,1,1,5.58113,6,3,0,0,,18,80,20,12,11,4,6,,1,15,7.41086,3.08296,2.40381,1.88435,0.185472,0.0771573,0.10831429064273834,0.277758,1.47129,0.303326,0.676678,,,5.28602,0.0458939,-0.0761859,720.5399780273438,,,,,,,41.000000000000014,2.2777777777777786,47,2.611111111111111,,,,,,,,,,,,,,,,,,,"Eric Lauer","19316",641778
"Luis Medina","ATH",1,1,0,4.70654,10,0,0,2,,11,48,10,6,6,1,5,,1,11,8.85137,4.43663,1.99507,0.970513,0.224374,0.112464,0.11190935969352722,0.240222,1.40996,0.296834,0.668423,,,4.21603,0.0449838,0.080234,999,,,,,,,55.10000000000001,5.00909090909091,54,4.909090909090909,,,,,,,,,,,,,,,,,,,"Luis Medina","21649",665622
"Ryan Watson","LAA",0,0,0,4.38147,10,0,0,2,,10,41,10,5,5,1,3,,0,8,7.92682,2.97191,2.66724,1.21914,0.203863,0.076432,0.1274307742714882,0.259031,1.35112,0.302713,0.707685,,,4.22006,0.0438288,0.0317524,999,,,,,,,50.7,5.07,52,5.2,,,,,,,,,,,,,,,,,,,"Ryan Watson","27853",670245
"Nate Pearson","KCR",0,0,0,4.41726,9,0,2,1,,9,42,9,5,5,1,5,,1,9,8.45499,4.63006,1.82611,0.921259,0.210618,0.115337,0.09528090804815292,0.251617,1.48792,0.308132,0.709822,,,4.30979,0.0437525,-0.0142234,999,,,,,,,44.90000000000001,4.988888888888891,46,5.111111111111111,,,,,,,,,,,,,,,,,,,"Nate Pearson","20160",663878
"Luis Gastelum","STL",1,1,0,4.17269,9,0,0,2,,9,38,8,4,4,1,3,,0,10,9.71823,2.88355,3.37023,1.28769,0.255928,0.0759379,0.1799902245402336,0.240008,1.2441,0.297296,0.709098,,,3.89535,0.0428519,0.0664053,999,,,,,,,52.500000000000014,5.833333333333335,51,5.666666666666667,,,,,,,,,,,,,,,,,,,"Luis Gastelum","33027",703725
"Dylan Dodd","ATL",1,0,0,3.96628,9,0,0,2,,9,39,9,4,4,1,3,,0,9,8.26495,2.48235,3.32948,1.17661,0.216462,0.0650138,0.1514483541250229,0.253239,1.27265,0.299971,0.728353,,,3.86458,0.0426449,0.056523,999,,,,,,,47.90000000000001,5.322222222222224,49,5.444444444444445,,,,,,,,,,,,,,,,,,,"Dylan Dodd","29928",689266
"Bennett Sousa","HOU",1,1,0,3.90337,9,0,0,2,,9,40,8,4,4,1,4,,0,10,9.76748,3.79177,2.57597,1.09867,0.254213,0.0986864,0.1555270254611969,0.227624,1.29344,0.285833,0.732288,,,3.81283,0.0422839,0.0575617,999,,,,,,,49.500000000000014,5.500000000000002,48,5.333333333333333,,,,,,,,,,,,,,,,,,,"Bennett Sousa","21345",656986
"George Klassen","LAA",0,1,0,4.87801,1,1,0,0,,6,24,5,3,3,1,3,,0,5,8.25847,4.24375,1.94603,1.14514,0.207879,0.106822,0.10105711221694946,0.250396,1.44281,0.297813,0.675018,,,4.50767,0.0421585,0.0748795,999,,,,,,,20.10000000000001,3.3500000000000014,18,3,,,,,,,,,,,,,,,,,,,"George Klassen","33464",691946
"Peyton Gray","TEX",1,1,0,4.40179,9,0,0,2,,9,38,8,5,4,1,3,,0,9,9.36615,2.93933,3.18649,1.35845,0.245925,0.0771774,0.1687474027276039,0.240978,1.25786,0.291941,0.693942,,,4.06579,0.0420383,-0.0301663,999,,,,,,,50.500000000000014,5.6111111111111125,49,5.444444444444445,,,,,,,,,,,,,,,,,,,"Peyton Gray","25310",682608
"Edward Cabrera","CHC",1,1,0,4.36147,6,1,0,0,,10,44,9,5,5,2,4,,0,11,9.14463,3.618,2.52754,1.35952,0.239037,0.0945728,0.14446372538805008,0.230307,1.2775,0.275002,0.704258,,,4.36267,0.041866,-0.0114858,174.72000122070312,,,,,,,36,3.6,34,3.4,,,,,,,,,,,,,,,,,,,"Edward Cabrera","21690",665795
"Mason Molina","STL",0,0,0,4.47457,1,1,0,0,,4,17,4,2,2,1,2,,0,4,8.46937,3.58737,2.36089,1.24883,0.217789,0.0922486,0.12553995102643967,0.23719,1.3166,0.279246,0.703852,,,4.35683,0.0415569,0.0462724,999,,,,,,,8.9,2.225,9,2.25,,,,,,,,,,,,,,,,,,,"Mason Molina","sa3025586",695766
"Matt Festa","CLE",1,1,0,4.03326,9,0,0,2,,9,37,8,4,4,1,3,,1,9,9.22141,2.91467,3.16379,1.04694,0.244562,0.0773001,0.16726145893335342,0.236177,1.21662,0.294201,0.692291,,,3.7748,0.0413704,0.0501049,999,,,,,,,47.500000000000014,5.2777777777777795,46,5.111111111111111,,,,,,,,,,,,,,,,,,,"Matt Festa","19330",670036
"Brock Burke","CIN",1,1,0,4.34994,9,0,0,2,,9,41,9,5,4,1,4,,0,9,8.86519,4.07131,2.17748,0.994517,0.225101,0.103377,0.121724434196949,0.245107,1.40263,0.30192,0.702985,,,4.0468,0.0404642,-0.0167768,999,,,,,,,44.90000000000001,4.988888888888891,46,5.111111111111111,,,,,,,,,,,,,,,,,,,"Brock Burke","17968",656271
"Jackson Jobe","DET",1,1,1,4.90174,6,3,0,0,,16,72,16,10,9,2,8,,1,12,6.78518,4.21612,1.60934,1.32481,0.169954,0.105604,0.0643492192029953,0.255383,1.47001,0.282836,0.694668,,,5.03179,0.0397755,0.0884188,999,,,,,,,49.20000000000001,3.0750000000000006,51,3.1875,,,,,,,,,,,,,,,,,,,"Jackson Jobe","30203",695549
"Chase Silseth","TEX",1,0,0,3.54684,10,0,0,2,,10,41,7,4,4,1,5,,0,10,9.50387,4.53423,2.09603,1.01053,0.249334,0.118956,0.13037867099046707,0.205151,1.26082,0.255667,0.754292,,,4.06662,0.0386022,0.149218,999,,,,,,,56.5,5.65,50,5,,,,,,,,,,,,,,,,,,,"Chase Silseth","30074",681217
"Luis Morales","ATH",0,1,0,4.84254,4,1,0,0,,8,33,7,4,4,1,3,,0,7,8.11158,3.88294,2.08903,1.43218,0.206151,0.0986827,0.1074683889746666,0.247966,1.40158,0.284367,0.692854,,,4.72817,0.0383658,0.0717095,735.3200073242188,,,,,,,33.7,4.2125,32,4,,,,,,,,,,,,,,,,,,,"Luis Morales","32227",806960
"Tim Herrin","CLE",1,1,0,3.95006,9,0,0,2,,9,39,8,4,4,1,4,,1,9,9.22232,4.25575,2.16702,0.765489,0.237739,0.109707,0.12803111970424652,0.230078,1.33618,0.294515,0.705872,,,3.81341,0.0381565,0.0585448,999,,,,,,,44.500000000000014,4.944444444444446,43,4.777777777777778,,,,,,,,,,,,,,,,,,,"Tim Herrin","25139",682120
"Logan Allen","CLE",0,1,0,4.40932,6,1,0,0,,10,42,10,5,5,1,4,,0,8,7.72435,3.41004,2.26518,1.26923,0.196661,0.0868191,0.10984141379594803,0.257825,1.39532,0.297449,0.720264,,,4.46578,0.0373223,0.0513401,999,,,,,,,39.7,3.97,41,4.1,,,,,,,,,,,,,,,,,,,"Logan Allen","27589",671106
"Ryan Walker","SFG",1,1,0,3.95142,9,0,0,2,,9,38,8,4,4,1,3,,1,9,8.83458,3.32464,2.6573,0.887194,0.229865,0.0865033,0.14336217939853668,0.242876,1.29822,0.30256,0.707624,,,3.74019,0.0370462,0.0485594,144.55999755859375,,,,,,,47.500000000000014,5.2777777777777795,46,5.111111111111111,,,,,,,,,,,,,,,,,,,"Ryan Walker","20423",676254
"Sean Sullivan","COL",0,0,0,5.51813,1,1,0,0,,5,21,5,3,3,1,2,,0,3,6.49055,2.90611,2.23342,1.62085,0.164579,0.0736896,0.09088984876871109,0.273914,1.41755,0.295489,0.644499,,,5.13898,0.0353502,0.0463812,999,,,,,,,11.7,2.34,12,2.4,,,,,,,,,,,,,,,,,,,"Sean Sullivan","33502",807743
"José Urquidy","CHW",0,0,0,4.6168,3,1,0,0,,6,25,6,3,3,1,2,,0,4,6.71368,2.48452,2.7022,1.33943,0.172713,0.0639157,0.10879737138748169,0.270063,1.35447,0.300021,0.695293,,,4.50387,0.034971,-0.0256138,999,,,,,,,18.500000000000007,3.0833333333333344,19,3.1666666666666665,,,,,,,,,,,,,,,,,,,"Jose Urquidy","18413",664353
"Anthony Nunez","BAL",1,1,0,4.08626,9,0,0,2,,9,38,7,4,4,1,4,,1,10,9.98398,3.99174,2.50116,0.981727,0.259684,0.103825,0.15585866570472717,0.22682,1.29529,0.29276,0.701731,,,3.83252,0.0344145,0.0453039,999,,,,,,,49.10000000000001,5.455555555555557,45,5,,,,,,,,,,,,,,,,,,,"Anthony Nunez","25796",689296
"Danny Coulombe",,0,0,0,3.91024,4,0,0,0,,4,19,4,2,2,0,2,,0,4,7.44151,4.2587,1.74737,0.612655,0.187855,0.107507,0.08034757524728775,0.246397,1.43333,0.297177,0.71828,,,3.82884,0.0343265,0.0123268,999,,,,,,,21.200000000000003,5.300000000000001,22,5.5,,,,,,,,,,,,,,,,,,,"Danny Coulombe","13293",543056
"Brandyn Garcia","ARI",1,0,0,4.07859,9,0,1,2,,9,40,9,5,4,1,4,,1,9,8.66678,3.69236,2.34722,0.794882,0.224007,0.0954351,0.12857230752706528,0.245408,1.32703,0.308617,0.693419,,,3.99505,0.034,-0.0337663,999,,,,,,,46.90000000000001,5.211111111111112,48,5.333333333333333,,,,,,,,,,,,,,,,,,,"Brandyn Garcia","33568",805299
"Jeremiah Estrada","SDP",1,0,0,3.27673,7,0,0,0,,7,28,5,3,2,1,3,,0,9,12.5232,4.01478,3.11927,0.957654,0.333161,0.106808,0.22635356336832047,0.200969,1.19127,0.289028,0.763243,,,3.0895,0.0339665,0.0115219,623.5800170898438,,,,,,,35.500000000000014,5.071428571428574,31,4.428571428571429,,,,,,,,,,,,,,,,,,,"Jeremiah Estrada","22210",669093
"Joey Estes","ATH",0,0,0,5.10472,3,1,0,0,,6,25,6,4,3,1,2,,0,4,6.24429,2.54599,2.4526,1.51825,0.161479,0.0658399,0.0956389456987381,0.266932,1.33395,0.286942,0.653538,,,4.96582,0.0329798,0.0691436,999,,,,,,,18.500000000000007,3.0833333333333344,19,3.1666666666666665,,,,,,,,,,,,,,,,,,,"Joey Estes","26257",683155
"Tony Gonsolin","KCR",0,0,0,4.8954,3,1,0,0,,7,28,6,4,4,1,2,,0,6,8.03347,3.2636,2.46154,1.50628,0.215488,0.0875421,0.12794612348079681,0.235955,1.24128,0.267016,0.65097,,,4.72911,0.0327517,0.0230815,999,,,,,,,29.9,4.271428571428571,28,4,,,,,,,,,,,,,,,,,,,"Tony Gonsolin","19388",664062
"Brandon Williamson","CIN",0,1,1,5.44773,6,2,0,0,,11,49,11,7,7,2,6,,1,8,7.00175,4.66783,1.5,1.32444,0.172506,0.115004,0.05750209093093872,0.261135,1.54237,0.29266,0.661828,,,5.2091,0.0325621,0.0165939,748.4500122070312,,,,,,,23.200000000000003,2.1090909090909093,24,2.1818181818181817,,,,,,,,,,,,,,,,,,,"Brandon Williamson","25463",682227
"Jace Beck","MIA",0,0,0,4.68074,2,1,0,0,,4,19,4,2,2,1,2,,0,4,8.43646,3.84018,2.19689,1.27335,0.211289,0.0961763,0.11511263996362686,0.239688,1.37438,0.280422,0.694863,,,4.49577,0.0323454,-0.0248555,999,,,,,,,8.9,2.225,9,2.25,,,,,,,,,,,,,,,,,,,"Jace Beck","sa3011811",689476
"Dedniel Núñez","NYM",0,0,0,4.46152,9,0,0,2,,9,38,9,5,4,1,3,,0,9,9.1744,3.08934,2.9697,1.47914,0.237338,0.0799199,0.15741806477308273,0.247504,1.32134,0.293973,0.717076,,,4.21092,0.0320305,-0.0331459,999,,,,,,,47.90000000000001,5.322222222222224,49,5.444444444444445,,,,,,,,,,,,,,,,,,,"Dedniel Nunez","23055",673380
"Elvis Alvarado","ATH",1,1,0,4.28952,10,0,1,2,,10,42,9,5,5,1,5,,1,11,10.0589,4.17439,2.40966,1.333,0.258024,0.107079,0.15094511210918427,0.23374,1.35421,0.291829,0.729083,,,4.34035,0.0319918,0.0964315,748.52001953125,,,,,,,55.300000000000004,5.53,54,5.4,,,,,,,,,,,,,,,,,,,"Elvis Alvarado","21662",665660
"Paul Blackburn","NYY",1,1,0,4.6392,10,0,0,3,,10,42,10,5,5,1,4,,0,8,7.39886,3.38478,2.18592,1.09975,0.188933,0.0864319,0.10250138491392136,0.255275,1.38374,0.294854,0.679039,,,4.23945,0.0317635,0.0361169,999,,,,,,,51.7,5.17,53,5.3,,,,,,,,,,,,,,,,,,,"Paul Blackburn","14739",621112
"Grant Wolfram","BAL",1,1,0,3.88344,8,0,0,1,,8,33,7,4,3,1,3,,1,8,9.27071,3.76076,2.46512,0.874595,0.237609,0.0963885,0.14122040569782257,0.245088,1.36075,0.310936,0.728124,,,3.75064,0.0313337,0.00331984,999,,,,,,,36.7,4.5875,35,4.375,,,,,,,,,,,,,,,,,,,"Grant Wolfram","21623",664991
"Caleb Thielbar","CHC",1,1,0,4.37552,9,0,0,2,,9,38,8,5,4,1,3,,0,10,9.74432,2.87042,3.39474,1.45679,0.257773,0.075933,0.18183961510658264,0.234081,1.22522,0.28336,0.697749,,,4.00779,0.0312562,-0.0350328,999,,,,,,,52.500000000000014,5.833333333333335,51,5.666666666666667,,,,,,,,,,,,,,,,,,,"Caleb Thielbar","10078",573204
"Evan Sisk","PIT",0,0,0,3.76219,7,0,0,1,,7,32,7,3,3,1,3,,1,8,9.39334,4.22555,2.22299,0.689687,0.241155,0.108482,0.13267261534929276,0.236686,1.35311,0.308842,0.721401,,,3.77628,0.0310809,0.0356717,999,,,,,,,29.300000000000015,4.185714285714288,30,4.285714285714286,,,,,,,,,,,,,,,,,,,"Evan Sisk","24995",681895
"Juan Mejia","COL",0,1,0,4.62882,9,0,0,2,,9,38,8,5,4,1,4,,1,9,8.93808,4.62262,1.93355,0.982882,0.224809,0.116267,0.10854161530733109,0.243777,1.4437,0.302574,0.685356,,,4.32391,0.0309292,0.0217901,748.510009765625,,,,,,,44.500000000000014,4.944444444444446,43,4.777777777777778,,,,,,,,,,,,,,,,,,,"Juan Mejia","23237",675848
"Jovani Morán","BOS",0,0,0,4.46887,8,0,0,2,,8,37,8,5,4,1,4,,0,10,10.2299,4.48054,2.28319,1.04083,0.258614,0.113269,0.14534495770931244,0.237548,1.41658,0.307075,0.698877,,,3.8962,0.030657,-0.0478524,999,,,,,,,42.10000000000001,5.262500000000001,43,5.375,,,,,,,,,,,,,,,,,,,"Jovani Moran","20422",663558
"Braydon Fisher","TOR",1,0,0,3.96621,9,0,0,2,,9,38,7,4,4,1,4,,0,10,9.87716,4.60833,2.14333,1.00973,0.253431,0.118242,0.13518903404474258,0.223246,1.35374,0.284893,0.730969,,,4.0273,0.0303309,0.0571986,999,,,,,,,52.10000000000001,5.78888888888889,48,5.333333333333333,,,,,,,,,,,,,,,,,,,"Braydon Fisher","24609",680755
"Jimmy Herget","COL",0,0,0,4.90397,10,0,0,2,,10,43,10,6,5,2,4,,1,9,8.31618,3.47147,2.39558,1.41588,0.211045,0.0880979,0.12294747680425644,0.260703,1.40708,0.304629,0.686544,,,4.66225,0.0301303,-0.00654117,999,,,,,,,34.4,3.44,35,3.5,,,,,,,,,,,,,,,,,,,"Jimmy Herget","17556",623474
"Pete Hansen","STL",0,0,0,4.68908,4,1,0,0,,8,33,8,4,4,1,2,,0,5,6.27731,2.72269,2.30556,1.36134,0.159309,0.0690979,0.09021113812923431,0.26875,1.38655,0.292876,0.701001,,,4.6884,0.0300613,-0.00815566,999,,,,,,,30.100000000000005,3.7625000000000006,31,3.875,,,,,,,,,,,,,,,,,,,"Pete Hansen","sa3020798",677337
"Khristian Curtis","PIT",0,0,0,4.87921,5,1,0,0,,7,31,7,4,4,1,3,,0,6,8.40479,4.08354,2.05821,1.29696,0.205345,0.0997685,0.10557618737220764,0.241995,1.43001,0.28149,0.686956,,,4.62951,0.0292902,-0.00406863,999,,,,,,,24.3,3.4714285714285715,25,3.5714285714285716,,,,,,,,,,,,,,,,,,,"Khristian Curtis","33865",694753
"Brady Basso","ATH",0,0,0,4.14356,8,0,0,1,,8,36,8,4,4,1,2,,0,7,7.27743,2.54324,2.86149,1.15133,0.189606,0.0662612,0.12334441393613815,0.25645,1.2984,0.293562,0.712916,,,4.03994,0.0291506,0.0345842,999,,,,,,,38.10000000000001,4.762500000000001,39,4.875,,,,,,,,,,,,,,,,,,,"Brady Basso","25582",669620
"Alex Lange","KCR",1,1,0,4.18596,9,0,0,2,,9,39,8,4,4,1,5,,1,10,9.65242,4.88348,1.97655,0.843416,0.24464,0.123772,0.12086866050958633,0.23025,1.40763,0.297725,0.706721,,,4.03784,0.0290047,0.0868783,999,,,,,,,43.500000000000014,4.833333333333335,42,4.666666666666667,,,,,,,,,,,,,,,,,,,"Alex Lange","19883",656638
"Kade Morris","ATH",0,1,0,4.9785,7,1,0,0,,10,44,11,6,6,2,3,,1,7,6.17304,2.88703,2.1382,1.33546,0.157577,0.0736961,0.08388062566518784,0.271283,1.38987,0.296371,0.6671,,,4.87629,0.0288402,0.0461228,999,,,,,,,22.799999999999997,2.28,26,2.6,,,,,,,,,,,,,,,,,,,"Kade Morris","33787",695034
"Slade Cecconi","CLE",0,1,0,4.46859,7,1,0,0,,10,42,10,5,5,2,3,,0,8,7.38823,2.50202,2.9529,1.3983,0.19305,0.0653762,0.12767352163791656,0.255789,1.28578,0.287627,0.698415,,,4.39874,0.0285612,0.0513401,584.5599975585938,,,,,,,30.4,3.04,31,3.1,,,,,,,,,,,,,,,,,,,"Slade Cecconi","27500",677944
"Cooper Hjerpe","STL",0,0,0,4.77064,3,1,0,0,,5,22,5,3,3,1,2,,0,5,8.42212,3.95041,2.13196,1.28404,0.20856,0.0978255,0.1107344925403595,0.240745,1.39958,0.280913,0.691197,,,4.55635,0.0278335,-0.0157581,999,,,,,,,15.7,3.1399999999999997,16,3.2,,,,,,,,,,,,,,,,,,,"Cooper Hjerpe","sa3020736",687309
"Shelby Miller","CHC",1,0,0,3.74179,7,0,0,1,,7,30,6,3,3,1,3,,0,8,9.25602,3.15098,2.9375,0.984683,0.255435,0.0869565,0.16847825795412064,0.212121,1.11597,0.265487,0.681818,,,3.69605,0.0275618,0.0270168,999,,,,,,,34.90000000000001,4.9857142857142875,33,4.714285714285714,,,,,,,,,,,,,,,,,,,"Shelby Miller","10197",571946
"Erick Fedde","CHW",0,1,1,5.38696,5,2,0,0,,13,58,14,8,8,2,5,,0,10,6.64044,3.47888,1.90879,1.53241,0.165447,0.0866766,0.07877062261104584,0.273536,1.49396,0.298414,0.671688,,,5.05434,0.0275186,0.014447,999,,,,,,,40.199999999999996,3.092307692307692,44,3.3846153846153846,,,,,,,,,,,,,,,,,,,"Erick Fedde","17425",607200
"Chad Patrick","MIL",1,1,0,4.40295,10,0,0,2,,12,52,12,7,6,2,4,,0,12,8.52234,3.15359,2.70243,1.25257,0.222147,0.0822029,0.13994446396827698,0.242874,1.29166,0.287547,0.692826,,,4.16006,0.0273796,-0.0329492,288.6499938964844,,,,,,,53.000000000000014,4.416666666666668,54,4.5,,,,,,,,,,,,,,,,,,,"Chad Patrick","30113",694477
"Chase Petty","CIN",0,1,0,5.61865,6,1,0,0,,10,43,10,7,6,1,4,,0,7,6.38109,3.77704,1.68944,1.37827,0.159113,0.0941806,0.06493199616670609,0.268952,1.49141,0.294166,0.636509,,,5.06963,0.0273302,0.005398,999,,,,,,,37.7,3.7700000000000005,39,3.9,,,,,,,,,,,,,,,,,,,"Chase Petty","30170",695534
"Javier Assad","CHC",0,0,0,4.39117,6,1,0,0,,10,44,10,5,5,2,4,,0,8,6.93155,3.14562,2.20355,1.33651,0.17909,0.081273,0.09781649708747864,0.251929,1.3352,0.279631,0.713977,,,4.63725,0.0271396,0.0812723,999,,,,,,,27.4,2.7399999999999998,28,2.8,,,,,,,,,,,,,,,,,,,"Javier Assad","21741",665871
"Yuki Matsui","SDP",0,0,0,4.29128,9,0,0,2,,9,39,8,5,4,1,5,,0,10,9.79797,4.84564,2.02202,1.11138,0.248612,0.122952,0.12565955519676208,0.226472,1.40214,0.284522,0.719028,,,4.2066,0.0266701,-0.0432923,999,,,,,,,46.500000000000014,5.166666666666668,45,5,,,,,,,,,,,,,,,,,,,"Yuki Matsui","33826",673513
"Matt Brash","SEA",1,0,0,3.14202,7,0,0,0,,7,30,6,3,2,0,3,,1,8,10.4996,3.77405,2.78205,0.532238,0.275173,0.0989102,0.17626304924488068,0.224927,1.26139,0.31094,0.748278,,,3.00675,0.0265175,0.00996947,733.280029296875,,,,,,,40.20000000000001,5.742857142857145,39,5.571428571428571,,,,,,,,,,,,,,,,,,,"Matt Brash","25756",666374
"José Fermin","LAA",1,1,0,4.39884,9,0,0,2,,9,40,8,5,5,1,4,,1,10,9.77897,4.07682,2.39868,1.12247,0.252764,0.105376,0.1473875343799591,0.229358,1.32267,0.288685,0.689342,,,4.05218,0.026493,-0.0287576,999,,,,,,,46.500000000000014,5.166666666666668,45,5,,,,,,,,,,,,,,,,,,,"Jose Fermin","33908",820862
"Joe Mantiply","TOR",0,0,0,4.05075,7,0,0,1,,7,31,8,4,3,1,2,,0,6,7.60935,2.20067,3.45775,0.976353,0.199175,0.0576025,0.14157232642173767,0.260372,1.2776,0.306794,0.70033,,,3.63439,0.0261904,-0.0203624,999,,,,,,,28.7,4.1,32,4.571428571428571,,,,,,,,,,,,,,,,,,,"Joe Mantiply","14857",573009
"Brycen Mautz","STL",0,1,0,4.67249,7,1,0,0,,10,43,10,6,5,1,4,,1,8,7.65232,3.37866,2.2649,1.20826,0.195486,0.086311,0.10917486250400543,0.257172,1.38101,0.297824,0.684543,,,4.44576,0.0261424,0.0449048,999,,,,,,,36.7,3.6700000000000004,38,3.8,,,,,,,,,,,,,,,,,,,"Brycen Mautz","31910",802408
"Rico Garcia","BAL",0,0,0,4.43725,10,0,1,2,,10,42,9,5,5,2,4,,0,10,9.73836,3.89355,2.50115,1.43211,0.248823,0.0994833,0.14933937042951584,0.241619,1.37231,0.294778,0.727607,,,4.36629,0.0259576,0.023919,999,,,,,,,47.00000000000001,4.700000000000001,45,4.5,,,,,,,,,,,,,,,,,,,"Rico Garcia","20023",670329
"Samy Natera Jr.","LAA",0,0,0,4.52373,9,0,0,2,,9,38,7,5,4,1,5,,1,10,10.7141,5.11505,2.09462,1.17701,0.269941,0.128873,0.1410677134990692,0.228743,1.42949,0.298907,0.708559,,,4.33859,0.0249912,-0.036671,999,,,,,,,46.10000000000001,5.122222222222224,42,4.666666666666667,,,,,,,,,,,,,,,,,,,"Samy Natera Jr.","31936",696519
"DL Hall","MIL",0,0,0,4.12819,9,0,0,2,,9,39,8,4,4,1,5,,0,10,9.67643,4.90462,1.97292,0.894163,0.245126,0.124245,0.12088113278150558,0.227517,1.40972,0.291434,0.717082,,,3.98047,0.0244329,0.0452429,999,,,,,,,46.500000000000014,5.166666666666668,45,5,,,,,,,,,,,,,,,,,,,"DL Hall","22207",669084
"Joe Whitman","SFG",0,0,0,4.71845,1,1,0,0,,3,15,4,2,2,0,1,,0,3,6.72816,3.32039,2.02632,1.13592,0.16849,0.083151,0.08533915877342224,0.26087,1.41748,0.29321,0.688576,,,4.48142,0.0244225,-0.0168868,999,,,,,,,14.800000000000002,4.9333333333333345,18,6,,,,,,,,,,,,,,,,,,,"Joe Whitman","sa3023131",802126
"Pierce Johnson","CIN",0,1,0,4.80022,9,0,0,2,,9,39,9,5,5,1,4,,0,9,9.34165,3.59462,2.59878,1.36574,0.235935,0.0907868,0.14514854550361633,0.257026,1.42406,0.312101,0.69686,,,4.21844,0.0234336,-0.0158014,999,,,,,,,44.90000000000001,4.988888888888891,46,5.111111111111111,,,,,,,,,,,,,,,,,,,"Pierce Johnson","13435",572955
"Trevor Richards","CHW",0,0,0,5.15548,9,0,0,2,,9,39,9,6,5,1,4,,0,9,8.87192,3.60691,2.4597,1.35873,0.224586,0.0913061,0.13327980786561966,0.25517,1.41586,0.304122,0.658543,,,4.30798,0.0232238,-0.0910465,999,,,,,,,44.90000000000001,4.988888888888891,46,5.111111111111111,,,,,,,,,,,,,,,,,,,"Trevor Richards","19309",670950
"Félix Bautista","BAL",1,0,0,3.37802,6,0,0,0,,6,26,5,3,2,1,3,,0,9,12.0643,4.10188,2.94118,0.965147,0.331126,0.112583,0.21854304522275925,0.195489,1.15281,0.278481,0.748663,,,3.24422,0.0230698,-0.000899125,999,,,,,,,28.10000000000001,4.6833333333333345,26,4.333333333333333,,,,,,,,,,,,,,,,,,,"Felix Bautista","20666",642585
"Noah Schultz","CHW",0,0,0,4.92593,1,1,0,0,,3,14,3,2,2,0,1,,0,3,8.04166,4.15763,1.93419,1.14796,0.202251,0.104566,0.09768463671207428,0.256546,1.44733,0.304208,0.671847,,,4.68535,0.0226857,-0.0108978,999,,,,,,,17.400000000000002,5.800000000000001,18,6,,,,,,,,,,,,,,,,,,,"Noah Schultz","32056",702273
"Kirby Yates","PIT",1,1,0,3.59453,8,0,0,1,,8,33,6,3,3,1,4,,1,9,10.2582,4.14577,2.47438,0.784813,0.269676,0.108987,0.1606888845562935,0.214041,1.24938,0.285411,0.723196,,,3.56206,0.0225293,0.0342641,269.42999267578125,,,,,,,38.300000000000004,4.7875000000000005,34,4.25,,,,,,,,,,,,,,,,,,,"Kirby Yates","9073",489446
"Justin Bruihl","STL",0,0,0,4.19967,8,0,0,2,,8,35,8,4,4,1,3,,1,6,7.10747,3.47918,2.04286,0.654417,0.182922,0.0895424,0.09337994456291199,0.253099,1.35114,0.302468,0.675502,,,3.96788,0.0224046,0.00638088,999,,,,,,,34.10000000000001,4.262500000000001,35,4.375,,,,,,,,,,,,,,,,,,,"Justin Bruihl","23779",677865
"Franco Aleman","CLE",0,0,0,4.15226,7,0,0,1,,7,32,7,4,3,1,3,,1,8,10.0093,3.90825,2.56107,1.0591,0.257377,0.100496,0.15688122063875198,0.239047,1.34397,0.307495,0.714445,,,3.93528,0.0219536,-0.0195373,999,,,,,,,29.300000000000015,4.185714285714288,30,4.285714285714286,,,,,,,,,,,,,,,,,,,"Franco Aleman","30195",680916
"Andrew Sears","DET",0,1,0,5.16959,7,1,0,0,,10,45,11,6,6,2,4,,1,8,7.11536,3.4921,2.03756,1.32798,0.180405,0.0885399,0.09186531603336334,0.263885,1.41562,0.297718,0.65446,,,4.88497,0.0217918,0.025297,999,,,,,,,21.799999999999997,2.1799999999999997,25,2.5,,,,,,,,,,,,,,,,,,,"Andrew Sears","33664",808825
"Orlando Ribalta","WSN",0,0,0,4.72795,9,0,0,2,,9,39,9,5,5,1,4,,0,8,8.62209,4.52225,1.90659,1.18026,0.214972,0.112752,0.10222000628709793,0.249997,1.48336,0.299793,0.701936,,,4.47068,0.021737,-0.0244944,999,,,,,,,42.90000000000001,4.766666666666668,44,4.888888888888889,,,,,,,,,,,,,,,,,,,"Orlando Ribalta","26247",687377
"Kris Bubic","LAD",0,0,0,3.73754,6,0,0,0,,6,28,6,3,3,1,3,,0,7,9.18678,3.50083,2.62417,0.759286,0.237529,0.0905157,0.14701301604509354,0.240762,1.32362,0.306196,0.723534,,,3.38476,0.0213587,-0.000430643,190.69000244140625,,,,,,,21.500000000000007,3.5833333333333344,22,3.6666666666666665,,,,,,,,,,,,,,,,,,,"Kris Bubic","21455",663460
"Blake Weiman","LAA",0,1,0,4.97138,8,0,0,1,,8,34,9,5,4,1,2,,0,6,7.48888,2.44866,3.05836,1.2051,0.18939,0.0619253,0.12746431306004524,0.281431,1.42534,0.325482,0.666408,,,4.04696,0.0213226,-0.044875,999,,,,,,,33.50000000000001,4.187500000000001,37,4.625,,,,,,,,,,,,,,,,,,,"Blake Weiman","20257",676620
"Greg Weissert","BOS",1,1,0,4.19739,9,0,0,2,,9,38,9,5,4,1,3,,0,9,8.60683,3.11903,2.75946,1.1886,0.224086,0.0812065,0.1428796350955963,0.245086,1.29631,0.293414,0.710245,,,4.06496,0.0212207,-0.0111946,999,,,,,,,47.90000000000001,5.322222222222224,49,5.444444444444445,,,,,,,,,,,,,,,,,,,"Greg Weissert","20375",669711
"Edwin Díaz","LAD",1,0,0,3.54021,6,0,0,0,,6,25,4,3,2,1,2,,1,8,12.4376,3.59489,3.45981,1.04032,0.334614,0.0967148,0.23789965361356735,0.205571,1.14547,0.295769,0.729847,,,3.32482,0.0212044,-0.000430643,33,,,,,,,28.70000000000001,4.783333333333335,24,4,,,,,,,,,,,,,,,,,,,"Edwin Diaz","14710",621242
"Graham Ashcraft","CIN",0,0,0,4.09068,6,0,0,0,,6,28,6,3,3,0,3,,0,7,9.10164,3.69693,2.46194,0.68893,0.23534,0.0955914,0.13974908739328384,0.237076,1.3237,0.302713,0.681985,,,3.39494,0.0211227,0.00208588,999,,,,,,,33.800000000000004,5.633333333333334,35,5.833333333333333,,,,,,,,,,,,,,,,,,,"Graham Ashcraft","27552",668933
"Brent Suter","ATL",0,0,0,3.96413,9,0,0,2,,9,37,9,4,4,1,3,,0,7,7.13394,2.65851,2.68343,1.0537,0.185471,0.069117,0.11635357141494751,0.256068,1.30797,0.294128,0.724797,,,3.97834,0.0210874,0.0483358,999,,,,,,,43.90000000000001,4.877777777777779,45,5,,,,,,,,,,,,,,,,,,,"Brent Suter","13942",608718
"Kyle Hart","SDP",0,0,0,4.19149,9,0,0,2,,9,40,9,5,4,1,3,,1,9,8.27162,2.98886,2.76749,1.1752,0.214704,0.0775809,0.1371232271194458,0.251824,1.31046,0.298994,0.713201,,,4.12924,0.0209409,-0.0518719,999,,,,,,,44.90000000000001,4.988888888888891,46,5.111111111111111,,,,,,,,,,,,,,,,,,,"Kyle Hart","19646",606996
"Josh Walker","BAL",0,0,0,4.35039,9,0,0,2,,9,41,9,5,5,1,4,,0,9,8.41836,3.77577,2.22957,1.20472,0.212707,0.0954025,0.1173042431473732,0.256089,1.4257,0.305031,0.727038,,,4.35827,0.0208233,-0.0352296,999,,,,,,,44.90000000000001,4.988888888888891,46,5.111111111111111,,,,,,,,,,,,,,,,,,,"Josh Walker","23617",677020
"John Schreiber","KCR",0,1,0,4.56274,9,0,0,2,,9,39,9,5,5,1,4,,0,8,7.83844,3.60933,2.17172,1.11197,0.200854,0.0924861,0.10836753249168396,0.248127,1.36715,0.290626,0.683395,,,4.27533,0.020605,-0.0134734,999,,,,,,,42.90000000000001,4.766666666666668,44,4.888888888888889,,,,,,,,,,,,,,,,,,,"John Schreiber","20020",670167
"Victor Vodnik","MIA",1,0,0,3.55732,9,0,0,2,,9,39,8,4,4,1,5,,0,8,7.94564,4.65563,1.70667,0.740929,0.203477,0.119224,0.0842525064945221,0.225617,1.36937,0.27379,0.749326,,,4.07448,0.0200321,0.0599754,496.760009765625,,,,,,,42.500000000000014,4.722222222222224,41,4.555555555555555,,,,,,,,,,,,,,,,,,,"Victor Vodnik","24614",680767
"Kohl Drake","ARI",0,0,0,4.56505,2,1,0,0,,4,19,5,2,2,1,2,,0,4,8.15096,3.31187,2.46114,1.38137,0.207275,0.0842191,0.12305592745542526,0.262381,1.39886,0.305734,0.715828,,,4.58867,0.019812,-0.0258083,999,,,,,,,6.300000000000001,1.5750000000000002,9,2.25,,,,,,,,,,,,,,,,,,,"Kohl Drake","32070",684442
"David Morgan","SDP",0,0,0,4.06576,9,0,0,2,,9,37,8,4,4,1,4,,1,9,9.4073,3.96937,2.36997,0.989682,0.243629,0.102798,0.14083094149827957,0.232906,1.31581,0.29408,0.709877,,,4.02575,0.0197305,0.0357435,999,,,,,,,44.500000000000014,4.944444444444446,43,4.777777777777778,,,,,,,,,,,,,,,,,,,"David Morgan","31616",688158
"Ronel Blanco","HOU",0,1,0,4.6129,5,1,0,0,,10,42,9,5,5,2,4,,0,9,8.59853,4.00829,2.14519,1.58893,0.219499,0.102322,0.1171775832772255,0.240688,1.38054,0.275516,0.726528,,,4.86918,0.0185356,0.0753872,999,,,,,,,32,3.2,30,3,,,,,,,,,,,,,,,,,,,"Ronel Blanco","19407",669854
"Clayton Beeter","WSN",1,1,0,4.49593,9,0,4,0,,9,40,8,5,5,1,5,,0,11,10.4596,5.27124,1.98428,1.12718,0.262445,0.132262,0.13018250465393066,0.22765,1.44851,0.294714,0.711235,,,4.30171,0.0184369,-0.025603,307.1400146484375,,,,,,,60.500000000000014,6.722222222222224,59,6.555555555555555,,,,,,,,,,,,,,,,,,,"Clayton Beeter","27494",690925
"Taylor Rogers","MIN",1,1,0,4.38597,9,0,0,2,,9,38,8,5,4,1,4,,1,8,8.76591,4.23769,2.06856,0.981782,0.220833,0.106757,0.11407620459794998,0.250119,1.43731,0.308306,0.706532,,,4.19315,0.0183725,-0.020631,415.510009765625,,,,,,,42.500000000000014,4.722222222222224,41,4.555555555555555,,,,,,,,,,,,,,,,,,,"Taylor Rogers","13449",573124
"Ryan Yarbrough","NYY",0,0,0,4.34974,9,0,0,2,,9,39,9,5,4,1,3,,1,7,7.10048,3.01714,2.35338,1.09645,0.185609,0.0788689,0.106739841401577,0.247813,1.2851,0.283359,0.681688,,,4.34197,0.0180175,-0.0219158,999,,,,,,,40.90000000000001,4.544444444444446,42,4.666666666666667,,,,,,,,,,,,,,,,,,,"Ryan Yarbrough","16502",642232
"Trey Gibson","BAL",0,0,0,5.032,3,1,0,0,,5,24,5,3,3,1,2,,0,5,8.19425,3.90744,2.09709,1.32777,0.207555,0.0989727,0.10858175903558731,0.253182,1.41583,0.295865,0.668246,,,4.7083,0.0179916,0.0470109,999,,,,,,,15.7,3.1399999999999997,16,3.2,,,,,,,,,,,,,,,,,,,"Trey Gibson","33794",694346
"Michael Lorenzen","TOR",1,1,0,3.74114,8,1,0,0,,12,51,10,6,5,2,4,,0,9,6.49792,3.14104,2.06872,1.40135,0.174303,0.0842567,0.09004669636487961,0.221387,1.17995,0.234812,0.756913,,,4.82991,0.017718,0.131519,999,,,,,,,44.20000000000002,3.683333333333335,40,3.3333333333333335,,,,,,,,,,,,,,,,,,,"Michael Lorenzen","14843",547179
"Tayler Saucedo","LAA",0,0,0,4.4712,9,0,0,2,,9,39,9,5,4,1,4,,1,9,9.00126,3.77411,2.385,0.98127,0.229289,0.0961379,0.13315092027187347,0.251236,1.38827,0.312978,0.686509,,,4.01641,0.0175207,-0.0248009,999,,,,,,,41.90000000000001,4.655555555555557,43,4.777777777777778,,,,,,,,,,,,,,,,,,,"Tayler Saucedo","17888",642048
"Kenley Jansen","DET",1,1,0,4.60442,10,0,4,1,,10,41,9,5,5,2,4,,0,10,9.51503,3.95889,2.40346,1.51738,0.245917,0.102318,0.14359910041093826,0.229945,1.32408,0.273189,0.705847,,,4.52215,0.01741,0.0551474,133.02000427246094,,,,,,,58.00000000000001,5.800000000000001,56,5.6,,,,,,,,,,,,,,,,,,,"Kenley Jansen","3096",445276
"Luke Murphy","LAA",0,0,0,4.78972,9,0,0,2,,9,38,9,5,5,1,4,,1,8,8.02338,4.1657,1.92606,0.968085,0.201763,0.104754,0.09700854122638702,0.253329,1.448,0.303688,0.670207,,,4.28776,0.0170986,-0.0228225,999,,,,,,,39.90000000000001,4.4333333333333345,41,4.555555555555555,,,,,,,,,,,,,,,,,,,"Luke Murphy","29952",684665
"José Suarez","ATH",0,0,0,4.13854,8,0,0,1,,8,34,8,4,4,1,3,,0,8,8.43481,3.36392,2.50743,1.01867,0.218387,0.087096,0.1312914416193962,0.244204,1.32059,0.294906,0.70626,,,3.9233,0.0169703,0.0102636,999,,,,,,,37.10000000000001,4.637500000000001,38,4.75,,,,,,,,,,,,,,,,,,,"Jose Suarez","19911",660761
"Riley Cornelio","WSN",0,0,0,5.17072,3,1,0,0,,5,24,6,3,3,1,3,,0,4,7.02542,4.62216,1.51994,1.25625,0.171218,0.112648,0.058570265769958496,0.268013,1.59112,0.302538,0.69258,,,4.95256,0.0165102,-0.00806677,999,,,,,,,8.1,1.6199999999999999,11,2.2,,,,,,,,,,,,,,,,,,,"Riley Cornelio","31953",683000
"Ryne Stanek","STL",0,1,0,4.59715,9,0,1,2,,9,40,8,5,5,1,5,,0,9,9.39822,4.64674,2.02254,1.20929,0.23633,0.116848,0.11948174238204956,0.238685,1.44293,0.29304,0.707448,,,4.35084,0.0164548,-0.0435065,745.9000244140625,,,,,,,49.500000000000014,5.500000000000002,48,5.333333333333333,,,,,,,,,,,,,,,,,,,"Ryne Stanek","15947",592773
"Ryan Zeferjahn","CHC",1,1,0,3.67624,9,0,0,2,,9,39,6,4,4,1,5,,1,12,11.0246,5.08412,2.16845,1.01355,0.291973,0.134646,0.15732702612876892,0.185546,1.21566,0.248028,0.72937,,,4.162,0.0162244,0.0633148,999,,,,,,,52.70000000000001,5.855555555555557,46,5.111111111111111,,,,,,,,,,,,,,,,,,,"Ryan Zeferjahn","25420",666171
"Seranthony Domínguez","SEA",1,1,0,3.7688,9,0,0,2,,9,39,7,4,4,1,5,,0,11,10.7813,4.6551,2.31602,1.22556,0.28259,0.122015,0.160574808716774,0.201932,1.25983,0.258785,0.75259,,,4.14269,0.0158946,0.0366103,194.19000244140625,,,,,,,51.10000000000001,5.677777777777779,47,5.222222222222222,,,,,,,,,,,,,,,,,,,"Seranthony Dominguez","19249",622554
"Sam Moll","CIN",0,1,0,4.7166,8,0,0,1,,8,34,7,4,4,1,4,,1,8,8.83219,4.54453,1.94348,0.938544,0.224681,0.115608,0.10907355695962906,0.235214,1.39469,0.291229,0.660731,,,4.23157,0.0157455,0.00995318,999,,,,,,,33.7,4.2125,32,4,,,,,,,,,,,,,,,,,,,"Sam Moll","14874",594580
"JoJo Romero","MIL",1,0,0,3.60488,8,0,0,1,,8,34,7,3,3,1,3,,1,8,8.99746,3.49087,2.57743,0.870426,0.236247,0.0916599,0.14458683878183365,0.230657,1.25921,0.288909,0.733075,,,3.70335,0.0150966,0.0302027,479.0799865722656,,,,,,,36.7,4.5875,35,4.375,,,,,,,,,,,,,,,,,,,"JoJo Romero","19574",668941
"Sam Hentges","SFG",0,0,0,3.36325,4,0,0,0,,4,17,3,2,1,0,2,,0,4,8.82307,3.88833,2.26911,0.392401,0.229894,0.101315,0.12857959419488907,0.228714,1.29222,0.298349,0.719658,,,3.19963,0.0150331,-0.00142663,999,,,,,,,23.8,5.95,22,5.5,,,,,,,,,,,,,,,,,,,"Sam Hentges","18548",656529
"Gordon Graceffo","STL",0,1,0,4.40995,9,0,0,2,,9,37,9,5,4,1,3,,0,7,7.03782,3.35712,2.09639,0.930287,0.180143,0.0859303,0.09421275556087494,0.254501,1.37484,0.294473,0.684673,,,4.07656,0.0144831,-0.0319957,999,,,,,,,43.90000000000001,4.877777777777779,45,5,,,,,,,,,,,,,,,,,,,"Gordon Graceffo","29519",700669
"Tejay Antone","CIN",0,1,0,5.30517,9,0,0,2,,9,41,10,6,6,1,4,,1,9,8.2993,3.44864,2.40654,1.30533,0.211067,0.0877055,0.12336145341396332,0.261877,1.39789,0.309759,0.633701,,,4.60714,0.0141342,-0.117676,999,,,,,,,39.30000000000001,4.366666666666668,43,4.777777777777778,,,,,,,,,,,,,,,,,,,"Tejay Antone","16233",622088
"Tanner Banks","PHI",0,0,0,4.45992,7,0,0,1,,7,32,7,4,4,1,2,,0,7,8.432,2.70752,3.11429,1.39244,0.22019,0.0707031,0.14948666095733643,0.250237,1.28438,0.29196,0.698406,,,4.1943,0.0140415,-0.0138323,999,,,,,,,33.30000000000001,4.757142857142859,34,4.857142857142857,,,,,,,,,,,,,,,,,,,"Tanner Banks","16990",621383
"Garrett Crochet","BOS",0,0,0,3.05176,4,0,0,0,,5,20,4,2,2,1,1,,0,6,11.0703,2.47116,4.4798,0.944364,0.299387,0.0668305,0.23255674540996552,0.225006,1.12932,0.304332,0.774365,,,2.91649,0.0139015,0.0157846,12.239999771118164,,,,,,,23.300000000000004,4.660000000000001,21,4.2,,,,,,,,,,,,,,,,,,,"Garrett Crochet","27463",676979
"Karson Milbrandt","MIA",0,0,0,4.98339,1,1,0,0,,3,14,3,2,2,0,2,,0,3,7.57475,4.78405,1.58333,1.19601,0.185366,0.117073,0.06829267740249634,0.250704,1.51716,0.28839,0.690516,,,4.9549,0.0138921,-0.010337,999,,,,,,,14.400000000000002,4.800000000000001,15,5,,,,,,,,,,,,,,,,,,,"Karson Milbrandt","sa3020659",703596
"Eric Orze","MIN",0,0,0,3.8792,6,0,0,0,,6,28,6,3,3,1,3,,0,6,8.73031,4.28595,2.03696,0.748061,0.222564,0.109263,0.11330101639032364,0.237236,1.38586,0.297184,0.722615,,,3.79622,0.0138002,0.000844219,999,,,,,,,19.500000000000007,3.2500000000000013,20,3.3333333333333335,,,,,,,,,,,,,,,,,,,"Eric Orze","27626",679358
"Jake Bird","WSN",0,0,0,4.93171,6,0,0,0,,6,26,6,4,3,1,2,,1,7,10.0707,3.52436,2.85745,0.981745,0.255156,0.0892953,0.16586104780435562,0.262276,1.40749,0.342796,0.647027,,,3.79955,0.0135185,-0.0280376,999,,,,,,,21.500000000000007,3.5833333333333344,22,3.6666666666666665,,,,,,,,,,,,,,,,,,,"Jake Bird","21267",656234
"Justin Slaten","BOS",1,0,0,3.81688,6,0,0,0,,6,27,6,3,3,1,2,,0,7,9.25545,2.95387,3.13333,1.07078,0.244381,0.077994,0.1663871631026268,0.234597,1.23489,0.289865,0.724419,,,3.60302,0.0135073,0.00336308,999,,,,,,,24.500000000000007,4.083333333333335,25,4.166666666666667,,,,,,,,,,,,,,,,,,,"Justin Slaten","25648",686580
"Bradley Blalock","MIA",0,1,0,5.22212,3,1,0,0,,7,32,8,5,4,1,3,,0,5,5.95648,3.6718,1.62222,1.38713,0.148374,0.0914634,0.056910574436187744,0.27027,1.49592,0.29096,0.679887,,,5.06885,0.0133267,-0.0136408,999,,,,,,,19.7,2.814285714285714,23,3.2857142857142856,,,,,,,,,,,,,,,,,,,"Bradley Blalock","26419",687134
"Ryan Fernandez","STL",1,1,0,4.10296,8,0,0,1,,8,33,7,4,4,1,3,,0,9,9.95744,3.9919,2.49441,1.037,0.255915,0.102595,0.15331953018903732,0.233514,1.34633,0.297814,0.717965,,,3.74,0.0130979,-0.00182353,999,,,,,,,41.7,5.2125,40,5,,,,,,,,,,,,,,,,,,,"Ryan Fernandez","24862",681676
"Jared Koenig","MIL",0,0,0,3.87394,6,0,0,0,,6,26,6,3,3,1,2,,0,6,8.81541,3.37029,2.61562,0.895233,0.229325,0.087675,0.14164990186691284,0.24023,1.29906,0.297898,0.716667,,,3.68486,0.0130259,-0.000905159,748.489990234375,,,,,,,22.500000000000007,3.7500000000000013,23,3.8333333333333335,,,,,,,,,,,,,,,,,,,"Jared Koenig","27517",657649
"Kody Funderburk","MIN",0,0,0,4.11544,8,0,0,1,,8,35,8,4,4,1,4,,1,8,8.44484,4.25724,1.98364,0.783542,0.212838,0.107297,0.10554130375385284,0.249188,1.43661,0.308471,0.714655,,,3.96364,0.0124324,0.00719394,748.510009765625,,,,,,,31.100000000000005,3.8875000000000006,32,4,,,,,,,,,,,,,,,,,,,"Kody Funderburk","24993",681892
"Ryan Helsley","BAL",0,0,0,3.58947,4,0,0,0,,4,16,3,2,1,0,1,,0,4,10.7517,3.46905,3.09932,1.06923,0.283886,0.0915963,0.1922895386815071,0.221579,1.22926,0.290616,0.748634,,,3.43845,0.0118945,-0.000599417,85.58999633789062,,,,,,,26.8,6.7,25,6.25,,,,,,,,,,,,,,,,,,,"Ryan Helsley","18138",664854
"Brandon Eisert","PIT",0,0,0,4.10282,6,0,0,0,,6,25,6,3,3,1,2,,0,6,9.24302,3.10216,2.97954,1.10895,0.241545,0.0810677,0.16047702729701996,0.240972,1.27824,0.297492,0.70788,,,3.76427,0.0118581,0.00307926,999,,,,,,,22.500000000000007,3.7500000000000013,23,3.8333333333333335,,,,,,,,,,,,,,,,,,,"Brandon Eisert","27668",685126
"Taylor Clarke","ARI",0,0,0,4.12937,8,0,0,2,,8,35,9,4,4,1,2,,0,6,6.3774,2.26905,2.81061,1.1689,0.166252,0.0591515,0.10710009559988976,0.264048,1.29937,0.293309,0.716444,,,4.24271,0.011584,0.0126325,999,,,,,,,37.50000000000001,4.687500000000001,41,5.125,,,,,,,,,,,,,,,,,,,"Taylor Clarke","17611",664199
"Casey Legumina","TBR",1,1,0,4.29969,8,0,0,1,,8,36,9,4,4,1,3,,1,7,7.70652,3.0029,2.56636,0.940787,0.198026,0.0771621,0.12086381763219833,0.261922,1.35565,0.311946,0.691607,,,3.99618,0.0112217,0.00232999,999,,,,,,,29.500000000000007,3.687500000000001,33,4.125,,,,,,,,,,,,,,,,,,,"Casey Legumina","25921",668984
"Michael Grove","TBR",0,0,0,4.81356,7,0,0,0,,7,30,7,4,4,1,2,,0,7,8.65435,2.75704,3.13901,1.29869,0.223694,0.0712626,0.15243099629878998,0.258763,1.32694,0.308745,0.662794,,,4.09971,0.0111636,-0.0130415,999,,,,,,,29.300000000000015,4.185714285714288,30,4.285714285714286,,,,,,,,,,,,,,,,,,,"Michael Grove","23221",675627
"Jose Cabrera","ARI",0,0,0,4.95981,3,1,0,0,,6,25,6,3,3,1,2,,1,4,6.2701,3.52412,1.7792,1.33762,0.156993,0.0882379,0.06875471770763397,0.273914,1.47362,0.300617,0.691092,,,5.08408,0.010819,0.0509476,999,,,,,,,15.500000000000005,2.5833333333333344,16,2.6666666666666665,,,,,,,,,,,,,,,,,,,"Jose Cabrera","30412",703615
"Jesse Scholtens","TBR",0,1,0,4.98956,8,1,0,0,,10,45,11,6,6,2,3,,0,8,7.41548,2.97388,2.49354,1.54457,0.188592,0.0756321,0.11295958608388901,0.267743,1.40119,0.299349,0.687889,,,4.77564,0.0106988,-0.0219781,999,,,,,,,27.799999999999997,2.78,31,3.1,,,,,,,,,,,,,,,,,,,"Jesse Scholtens","19205",669947
"Blake Treinen","LAD",1,0,0,4.14219,5,0,0,0,,5,21,5,2,2,1,2,,0,5,9.66614,3.75531,2.57399,1.0104,0.247981,0.0963409,0.15163971483707428,0.243127,1.35515,0.309066,0.713609,,,3.81496,0.010495,0.015241,999,,,,,,,15.7,3.1399999999999997,16,3.2,,,,,,,,,,,,,,,,,,,"Blake Treinen","12572",595014
"Ben Brown","CHC",0,0,0,3.68777,3,0,0,0,,4,18,4,2,2,0,1,,0,5,9.53963,2.95689,3.22624,0.831977,0.253112,0.0784544,0.174657940864563,0.231587,1.21359,0.296937,0.708567,,,3.26325,0.0101417,0.0129154,733.6500244140625,,,,,,,26.200000000000003,6.550000000000001,27,6.75,,,,,,,,,,,,,,,,,,,"Ben Brown","23590",676962
"Isaac Mattson","PIT",0,0,0,3.8834,6,0,0,0,,6,27,6,3,3,1,3,,0,6,8.51618,4.23002,2.01327,0.945203,0.217872,0.108218,0.10965422540903091,0.235338,1.37146,0.286568,0.737038,,,4.09407,0.00980012,0.00307926,999,,,,,,,19.500000000000007,3.2500000000000013,20,3.3333333333333335,,,,,,,,,,,,,,,,,,,"Isaac Mattson","20385",676755
"Hayden Juenger","ATH",0,0,0,4.73961,6,0,0,0,,6,29,7,4,3,1,3,,0,5,6.8359,3.93327,1.73797,0.865633,0.170502,0.098104,0.07239766418933868,0.265291,1.48844,0.307394,0.676638,,,4.2892,0.00939662,-0.020455,999,,,,,,,14.90000000000001,2.4833333333333347,18,3,,,,,,,,,,,,,,,,,,,"Hayden Juenger","29640",696522
"Ryan Thompson","ARI",0,0,0,3.57237,6,0,0,0,,6,24,6,2,2,1,2,,0,4,6.70663,2.52033,2.66102,0.843668,0.17599,0.0661363,0.10985347628593445,0.253965,1.2704,0.292948,0.736466,,,3.81549,0.00934835,0.031666,748.4299926757812,,,,,,,18.500000000000007,3.0833333333333344,19,3.1666666666666665,,,,,,,,,,,,,,,,,,,"Ryan Thompson","16647",657044
"Joe Boyle","TBR",0,0,0,4.17496,6,0,0,0,,7,31,6,4,3,1,4,,0,8,10.111,5.0135,2.01675,0.904498,0.257572,0.127716,0.12985575199127197,0.22051,1.38382,0.287585,0.707573,,,3.97996,0.00932841,0.000750389,713.1400146484375,,,,,,,27.900000000000013,3.9857142857142875,26,3.7142857142857144,,,,,,,,,,,,,,,,,,,"Joe Boyle","29608",671212
"Anthony Bender","MIA",0,0,0,3.23767,3,0,0,0,,3,13,3,1,1,0,1,,0,3,9.49339,3.30866,2.86926,0.736556,0.252096,0.087861,0.16423483192920685,0.225162,1.2103,0.29197,0.747704,,,3.36265,0.00928745,0.0159703,999,,,,,,,17.400000000000002,5.800000000000001,18,6,,,,,,,,,,,,,,,,,,,"Anthony Bender","19742",669622
"Michael Fulmer","NYY",0,0,0,3.85472,8,0,0,1,,8,34,7,4,3,1,3,,0,8,9.1289,3.83689,2.37924,1.2452,0.239483,0.100655,0.13882765918970108,0.222234,1.26248,0.267374,0.745647,,,4.27219,0.00924083,0.00124075,999,,,,,,,39.7,4.9625,38,4.75,,,,,,,,,,,,,,,,,,,"Michael Fulmer","13218",605242
"Taylor Rashi","ATH",0,0,0,4.04214,5,0,0,0,,5,20,4,2,2,1,2,,0,5,9.05209,3.91347,2.31306,1.07085,0.230772,0.0997689,0.13100261986255646,0.243783,1.38455,0.299798,0.735951,,,4.00639,0.00898076,0.0207594,999,,,,,,,18.299999999999997,3.6599999999999993,16,3.2,,,,,,,,,,,,,,,,,,,"Taylor Rashi","26344",688497
"Robert Garcia","TEX",0,0,0,3.7216,3,0,0,0,,3,14,3,2,1,0,1,,0,4,9.83689,3.41648,2.87925,0.850897,0.259489,0.0901241,0.16936520487070084,0.225473,1.23662,0.291751,0.712833,,,3.35983,0.0089334,-0.0158468,232.1199951171875,,,,,,,19.400000000000002,6.466666666666668,20,6.666666666666667,,,,,,,,,,,,,,,,,,,"Robert Garcia","23363",676395
"Yerry De los Santos","NYY",0,0,0,4.19187,6,0,0,0,,6,28,6,3,3,1,2,,0,5,7.11081,3.46988,2.0493,0.86747,0.183414,0.0895009,0.09391292929649353,0.245646,1.34167,0.286026,0.692288,,,4.00242,0.00884093,0.00093056,999,,,,,,,20.500000000000007,3.416666666666668,21,3.5,,,,,,,,,,,,,,,,,,,"Yerry De los Santos","21420",660787
"Huascar Brazobán","CHW",0,0,0,4.6312,6,0,0,0,,6,29,6,4,3,1,3,,0,6,8.57905,4.32846,1.98201,0.830423,0.214541,0.108244,0.10629671066999435,0.252685,1.4703,0.312587,0.679264,,,3.95955,0.00854704,-0.0294319,999,,,,,,,19.500000000000007,3.2500000000000013,20,3.3333333333333335,,,,,,,,,,,,,,,,,,,"Huascar Brazoban","6107",623211
"Hunter Harvey","CHC",0,0,0,3.23684,2,0,0,0,,2,9,2,1,1,0,1,,0,2,9.98648,2.27334,4.39286,0.974291,0.273028,0.0621526,0.21087494865059853,0.221863,1.08942,0.285273,0.744774,,,3.14831,0.00853162,-0.000685659,748.530029296875,,,,,,,10.600000000000001,5.300000000000001,11,5.5,,,,,,,,,,,,,,,,,,,"Hunter Harvey","15507",640451
"Mason Black","KCR",0,0,0,5.28377,4,1,0,0,,7,29,7,4,4,1,3,,0,5,7.10975,4.25579,1.67061,1.33897,0.17635,0.105561,0.07078968733549118,0.264132,1.51198,0.297244,0.670281,,,5.07401,0.00850276,0.0432518,999,,,,,,,22.3,3.185714285714286,23,3.2857142857142856,,,,,,,,,,,,,,,,,,,"Mason Black","30171",696131
"Drew Rom","ATH",0,0,0,4.70955,5,0,0,0,,5,23,5,3,3,1,2,,0,5,8.67126,3.62685,2.39085,1.046,0.21985,0.0919548,0.12789534777402878,0.257058,1.40981,0.313921,0.674384,,,4.06434,0.00791256,-0.00772773,999,,,,,,,15.7,3.1399999999999997,16,3.2,,,,,,,,,,,,,,,,,,,"Drew Rom","24602",680723
"Jason Adam","SDP",1,0,0,3.76383,7,0,0,0,,7,31,6,3,3,1,3,,1,7,8.21395,3.04262,2.69963,1.05879,0.219979,0.0814848,0.13849424570798874,0.226181,1.18011,0.269037,0.71453,,,4.06537,0.00707555,0.0115219,999,,,,,,,25.900000000000013,3.700000000000002,24,3.4285714285714284,,,,,,,,,,,,,,,,,,,"Jason Adam","11861",592094
"Jack Anderson","MIN",0,0,0,4.44827,7,0,0,0,,7,31,8,4,4,1,2,,0,6,7.73184,2.55129,3.03056,1.27735,0.199002,0.065665,0.13333677500486374,0.264879,1.34856,0.305681,0.705588,,,4.09825,0.00705985,-0.0142328,999,,,,,,,24.7,3.5285714285714285,28,4,,,,,,,,,,,,,,,,,,,"Jack Anderson","30086",681252
"Kyle Hurt","LAD",0,0,0,4.64127,8,0,0,1,,8,34,7,4,4,1,4,,0,9,10.4396,4.80553,2.17241,1.24281,0.263827,0.121444,0.1423826962709427,0.231544,1.41725,0.296096,0.69997,,,4.30408,0.00704894,-0.00057419,999,,,,,,,38.7,4.8375,37,4.625,,,,,,,,,,,,,,,,,,,"Kyle Hurt","27514",669165
"Sammy Peralta","LAA",0,1,0,5.09586,8,0,0,1,,8,37,9,5,5,1,2,,1,8,8.22489,2.68959,3.05805,1.2703,0.208169,0.0680724,0.1400962397456169,0.279208,1.4191,0.33109,0.657927,,,4.22395,0.00704068,-0.0301157,999,,,,,,,34.50000000000001,4.312500000000001,38,4.75,,,,,,,,,,,,,,,,,,,"Sammy Peralta","25589",671111
"Codi Heuer","BAL",0,0,0,3.73109,5,0,0,0,,5,23,5,2,2,1,2,,0,5,8.85507,3.65886,2.42017,1.01464,0.226775,0.093702,0.1330726146697998,0.248368,1.36576,0.306092,0.757616,,,4.01089,0.00674379,0.0149419,999,,,,,,,15.7,3.1399999999999997,16,3.2,,,,,,,,,,,,,,,,,,,"Codi Heuer","23293",676051
"Gerardo Carrillo","ARI",1,0,0,4.07546,7,0,0,1,,7,31,7,4,3,1,4,,1,7,8.64574,4.63699,1.86452,0.822692,0.218162,0.117008,0.1011548638343811,0.241106,1.43062,0.300219,0.720392,,,4.17031,0.00661532,-0.0194837,999,,,,,,,24.300000000000015,3.4714285714285738,25,3.5714285714285716,,,,,,,,,,,,,,,,,,,"Gerardo Carrillo","22754",672629
"Cole Sulser","TBR",0,0,0,4.12435,4,0,0,0,,4,18,4,2,2,1,1,,0,4,8.46834,2.88528,2.93502,1.18744,0.221338,0.0754127,0.14592500030994415,0.245003,1.28045,0.291021,0.713986,,,3.91665,0.00661431,0.001165,999,,,,,,,11.9,2.975,12,3,,,,,,,,,,,,,,,,,,,"Cole Sulser","15256",642121
"Josh Ekness","MIA",0,1,0,4.48417,9,0,0,2,,9,38,8,5,4,1,4,,1,8,8.42628,4.15795,2.02655,0.907634,0.214303,0.105748,0.10855548083782196,0.248677,1.39727,0.306336,0.681248,,,4.34533,0.00647532,-0.0198222,999,,,,,,,42.500000000000014,4.722222222222224,41,4.555555555555555,,,,,,,,,,,,,,,,,,,"Josh Ekness","33785",694795
"Clarke Schmidt","NYY",0,0,0,4.19318,5,0,0,0,,6,26,6,3,3,1,2,,0,6,8.48864,3.17045,2.67742,1.125,0.220745,0.0824468,0.13829786330461502,0.238938,1.27273,0.285714,0.703934,,,4.08336,0.00634781,0.0151837,999,,,,,,,22.500000000000007,3.7500000000000013,23,3.8333333333333335,,,,,,,,,,,,,,,,,,,"Clarke Schmidt","19899",657376
"Anthony Gose","KCR",1,1,0,4.06105,8,0,0,1,,8,34,7,4,3,1,4,,0,8,9.49185,4.30683,2.2039,1.26785,0.240752,0.109239,0.1315131112933159,0.239075,1.40497,0.29317,0.757198,,,4.3222,0.00630215,0.00424848,999,,,,,,,36.7,4.5875,35,4.375,,,,,,,,,,,,,,,,,,,"Anthony Gose","5097",543238
"Dennis Santana","ARI",0,0,0,4.01619,6,0,0,0,,6,26,5,3,3,1,2,,0,6,8.2491,3.32034,2.48441,1.05473,0.217753,0.0876475,0.13010504096746445,0.229917,1.23979,0.273668,0.701614,,,4.03826,0.00629442,0.000641814,150.50999450683594,,,,,,,25.10000000000001,4.1833333333333345,23,3.8333333333333335,,,,,,,,,,,,,,,,,,,"Dennis Santana","17878",642701
"Yaramil Hiraldo","BAL",0,0,0,4.40054,6,0,0,0,,6,26,6,3,3,1,2,,0,7,9.70271,3.31155,2.92996,1.48182,0.253103,0.0863844,0.16671863198280334,0.236111,1.28407,0.284938,0.714341,,,4.20582,0.00616707,-0.000899125,999,,,,,,,24.500000000000007,4.083333333333335,25,4.166666666666667,,,,,,,,,,,,,,,,,,,"Yaramil Hiraldo","25215",682274
"Steven Cruz","KCR",0,1,0,4.80049,9,0,3,1,,9,40,9,5,5,1,4,,1,10,9.20031,3.73359,2.4642,1.39203,0.236719,0.0960632,0.1406555324792862,0.241751,1.34443,0.290417,0.677956,,,4.46925,0.00607271,-0.0145983,999,,,,,,,54.90000000000001,6.100000000000001,56,6.222222222222222,,,,,,,,,,,,,,,,,,,"Steven Cruz","23165",674444
"Hunter Stratton","SDP",0,0,0,4.24127,5,0,0,0,,5,21,5,3,2,1,2,,0,4,7.98449,3.12306,2.55662,1.047,0.206267,0.0806794,0.12558728456497192,0.25374,1.3318,0.3018,0.701126,,,4.08125,0.00590396,-0.0191657,999,,,,,,,13.7,2.7399999999999998,14,2.8,,,,,,,,,,,,,,,,,,,"Hunter Stratton","23455",676702
"AJ Blubaugh","HOU",0,0,0,4.28397,9,0,0,2,,9,37,8,4,4,1,4,,0,8,8.61526,3.79109,2.2725,1.24811,0.22167,0.0975444,0.12412560731172562,0.239351,1.34655,0.283983,0.719511,,,4.32888,0.00585699,0.0492448,748.5399780273438,,,,,,,45.500000000000014,5.055555555555557,44,4.888888888888889,,,,,,,,,,,,,,,,,,,"AJ Blubaugh","31764",805123
"Lake Bachar","PIT",0,0,0,4.46523,8,0,0,1,,8,35,8,4,4,1,3,,0,8,9.35099,3.74619,2.49614,1.38376,0.239621,0.095997,0.1436244174838066,0.244288,1.36126,0.295722,0.717256,,,4.40676,0.00583396,0.0202157,999,,,,,,,37.10000000000001,4.637500000000001,38,4.75,,,,,,,,,,,,,,,,,,,"Lake Bachar","19222",669199
"Justin Steele","CHC",0,0,0,3.52264,2,0,0,0,,2,10,2,1,1,0,1,,0,2,8.35764,2.4175,3.45714,0.966999,0.22366,0.064695,0.15896488726139069,0.237052,1.18189,0.286104,0.736607,,,3.52081,0.00572904,-0.000685659,605.5,,,,,,,10.600000000000001,5.300000000000001,11,5.5,,,,,,,,,,,,,,,,,,,"Justin Steele","17312",657006
"Nestor Cortes","PHI",0,0,0,4.18812,7,0,0,0,,8,33,7,4,4,1,2,,0,7,8.37624,2.76238,3.03226,1.42574,0.223278,0.0736342,0.14964371174573898,0.242894,1.23762,0.281588,0.721248,,,4.29128,0.00528609,0.00221534,999,,,,,,,36.7,4.5875,35,4.375,,,,,,,,,,,,,,,,,,,"Nestor Cortes","17874",641482
"James Karinchak","ATL",0,0,0,4.30801,7,0,0,0,,7,31,6,4,3,1,4,,0,9,10.8257,5.27061,2.05397,1.23817,0.272971,0.132899,0.1400715410709381,0.221011,1.42557,0.285513,0.734228,,,4.28435,0.00521101,-0.0152224,999,,,,,,,29.900000000000013,4.271428571428573,28,4,,,,,,,,,,,,,,,,,,,"James Karinchak","20151",675916
"Tyler Samaniego","BOS",0,0,0,3.98767,6,0,0,0,,6,27,6,3,3,1,2,,0,5,7.64752,3.58869,2.131,0.8149,0.196788,0.0923452,0.10444281995296478,0.246838,1.34983,0.295434,0.709876,,,3.95572,0.00511762,0.00336308,999,,,,,,,20.500000000000007,3.416666666666668,21,3.5,,,,,,,,,,,,,,,,,,,"Tyler Samaniego","30081",701719
"Grant Anderson","MIL",0,0,0,4.37535,7,0,0,1,,7,32,7,4,4,1,3,,0,7,9.02715,3.60273,2.50564,1.32561,0.233253,0.0930912,0.1401621773838997,0.240504,1.32692,0.288371,0.712489,,,4.33397,0.00508871,-0.0228838,999,,,,,,,30.300000000000015,4.328571428571431,31,4.428571428571429,,,,,,,,,,,,,,,,,,,"Grant Anderson","20546",681982
"Hayden Harris","ATL",0,0,0,3.99577,3,0,0,0,,3,14,3,2,2,0,1,,0,4,10.4651,3.61522,2.89474,1.14165,0.272277,0.0940594,0.1782177984714508,0.223464,1.24736,0.288136,0.711462,,,3.8656,0.00505441,-0.0151652,999,,,,,,,19.400000000000002,6.466666666666668,20,6.666666666666667,,,,,,,,,,,,,,,,,,,"Hayden Harris","31913",802686
"Matt Svanson","STL",0,0,0,3.96188,6,0,0,0,,6,25,5,3,3,1,2,,0,5,8.16596,3.34696,2.43982,0.991691,0.212595,0.0871355,0.12545906752347946,0.242157,1.29823,0.290667,0.71658,,,4.02857,0.00497596,-0.00136765,528.7999877929688,,,,,,,23.10000000000001,3.8500000000000014,21,3.5,,,,,,,,,,,,,,,,,,,"Matt Svanson","29629",694335
"Wandy Peralta","SDP",0,0,0,4.01419,8,0,0,1,,8,36,8,4,4,1,3,,0,6,6.71844,3.58007,1.87662,0.798154,0.173771,0.092598,0.08117352426052094,0.242725,1.3314,0.280595,0.701263,,,4.0916,0.00496652,-0.00524242,999,,,,,,,33.10000000000001,4.137500000000001,34,4.25,,,,,,,,,,,,,,,,,,,"Wandy Peralta","14295",593974
"Brant Hurter","DET",0,0,0,3.97393,3,0,0,0,,3,11,2,1,1,0,1,,0,2,7.85474,2.84581,2.76011,0.905136,0.205973,0.0746251,0.13134828954935074,0.248178,1.269,0.297373,0.699393,,,3.83934,0.00488872,0.0162582,999,,,,,,,18.000000000000004,6.000000000000001,16,5.333333333333333,,,,,,,,,,,,,,,,,,,"Brant Hurter","30133",676428
"Luke Little","KCR",0,0,0,4.18003,4,0,0,0,,4,15,3,2,2,0,2,,0,4,10.0223,5.18988,1.93113,0.900724,0.256673,0.132913,0.1237594336271286,0.214547,1.36127,0.280157,0.701331,,,4.20172,0.00478766,0.00212424,999,,,,,,,23.8,5.95,22,5.5,,,,,,,,,,,,,,,,,,,"Luke Little","28036",681432
"Kyle Backhus","PHI",0,0,0,4.42409,4,0,0,0,,4,19,4,2,2,1,2,,0,4,9.03818,3.35955,2.6903,1.12821,0.233797,0.0869036,0.14689302444458008,0.247203,1.32217,0.304009,0.687086,,,4.07507,0.00452952,0.00214163,999,,,,,,,8.9,2.225,9,2.25,,,,,,,,,,,,,,,,,,,"Kyle Backhus","29615",679775
"Shawn Armstrong","CLE",0,0,0,3.90126,5,0,0,0,,5,20,4,2,2,1,2,,0,5,9.16856,3.51478,2.60857,1.0946,0.238159,0.0912986,0.14686033129692078,0.239124,1.304,0.295498,0.734597,,,3.99944,0.00436922,0.0159779,748.469970703125,,,,,,,18.299999999999997,3.6599999999999993,16,3.2,,,,,,,,,,,,,,,,,,,"Shawn Armstrong","12857",542888
"Ryan Weathers","NYY",0,0,0,4.28238,3,0,0,0,,4,17,4,2,2,1,1,,0,4,8.82473,2.92404,3.01799,1.16173,0.231922,0.0768465,0.15507560968399048,0.240621,1.25605,0.290586,0.68709,,,3.8744,0.00428527,0.014953,232.55999755859375,,,,,,,11.9,2.975,12,3,,,,,,,,,,,,,,,,,,,"Ryan Weathers","23796",677960
"Spencer Strider","ATL",0,0,0,4.24161,2,0,0,0,,2,8,2,1,1,0,1,,0,2,10.9436,3.26712,3.34962,1.29188,0.287535,0.0858413,0.20169419795274734,0.231665,1.2491,0.30119,0.702986,,,3.72958,0.00424401,0.0000268194,124.86000061035156,,,,,,,10.600000000000001,5.300000000000001,11,5.5,,,,,,,,,,,,,,,,,,,"Spencer Strider","27498",675911
"Derek Law","ARI",1,0,0,3.89654,8,0,0,1,,8,33,8,4,3,1,3,,0,6,7.02999,3.26881,2.15063,0.902683,0.179787,0.0835972,0.09618928283452988,0.257191,1.3786,0.298407,0.733335,,,4.01492,0.00423054,0.000855752,999,,,,,,,33.10000000000001,4.137500000000001,34,4.25,,,,,,,,,,,,,,,,,,,"Derek Law","13133",571882
"Alex Hoppe","BAL",0,0,0,4.757,9,0,0,2,,9,41,10,5,5,1,4,,0,9,8.62078,3.9338,2.19147,1.17189,0.214276,0.0977773,0.11649828404188156,0.264979,1.49704,0.319272,0.701673,,,4.27069,0.00414017,-0.0299785,999,,,,,,,42.30000000000001,4.700000000000001,46,5.111111111111111,,,,,,,,,,,,,,,,,,,"Alex Hoppe","31880",695380
"Yosver Zulueta","BAL",0,0,0,4.00329,3,0,0,0,,3,13,2,1,1,0,2,,0,3,9.9341,4.44811,2.23333,0.889621,0.254753,0.114068,0.14068443328142166,0.216814,1.30148,0.281046,0.708215,,,3.98946,0.00380417,0.0153242,999,,,,,,,17.000000000000004,5.666666666666668,15,5,,,,,,,,,,,,,,,,,,,"Yosver Zulueta","27765",691172
"Tanner Houck","BOS",0,0,0,4.28997,3,0,0,0,,3,12,3,1,1,0,1,,0,2,7.06058,2.94935,2.39394,0.893744,0.182448,0.0762125,0.1062355563044548,0.252551,1.31082,0.293729,0.677966,,,4.02676,0.00340878,0.0167817,999,,,,,,,15.400000000000002,5.133333333333334,16,5.333333333333333,,,,,,,,,,,,,,,,,,,"Tanner Houck","19879",656557
"Garrett Hawkins","SDP",0,0,0,4.15631,3,0,0,0,,3,15,3,2,2,0,1,,0,4,9.59147,3.67673,2.6087,1.27886,0.245902,0.0942623,0.15163934975862503,0.236364,1.33215,0.289474,0.736677,,,4.07803,0.00339213,-0.0177713,999,,,,,,,19.400000000000002,6.466666666666668,20,6.666666666666667,,,,,,,,,,,,,,,,,,,"Garrett Hawkins","sa3017383",678184
"Raymond Burgos","BOS",0,0,0,4.7206,7,0,0,1,,7,31,8,4,4,1,2,,0,5,6.66104,2.77655,2.39903,1.03892,0.170036,0.0708768,0.09915895760059357,0.27117,1.38797,0.308469,0.666891,,,4.21964,0.00327565,-0.0135306,999,,,,,,,26.7,3.814285714285714,30,4.285714285714286,,,,,,,,,,,,,,,,,,,"Raymond Burgos","22370",670103
"Braxton Garrett","CHC",0,0,0,4.10871,2,0,0,0,,3,14,3,2,1,0,1,,0,3,7.85385,2.73891,2.86751,1.04545,0.205532,0.0716761,0.13385561108589172,0.251637,1.27755,0.29772,0.700792,,,3.98289,0.00326466,-0.00168276,604.1099853515625,,,,,,,17.400000000000002,5.800000000000001,18,6,,,,,,,,,,,,,,,,,,,"Braxton Garrett","21844",666129
"Rob Zastryzny","MIL",0,0,0,4.0806,3,0,0,0,,3,12,3,1,1,0,1,,0,2,7.93451,2.9471,2.69231,1.1335,0.208333,0.077381,0.1309523731470108,0.24183,1.25945,0.283186,0.72093,,,4.09092,0.00326298,0.0153038,999,,,,,,,15.400000000000002,5.133333333333334,16,5.333333333333333,,,,,,,,,,,,,,,,,,,"Rob Zastryzny","15094",642239
"Drey Jameson","ARI",0,0,0,4.02815,4,0,0,0,,4,19,4,2,2,0,2,,0,4,7.52889,3.76917,1.99749,0.906867,0.191035,0.0956376,0.09539786726236343,0.253231,1.41074,0.299069,0.727943,,,4.10568,0.00323509,0.000427876,999,,,,,,,21.200000000000003,5.300000000000001,22,5.5,,,,,,,,,,,,,,,,,,,"Drey Jameson","26260",686753
"Kendry Rojas","MIN",0,0,0,4.53079,5,0,0,0,,6,26,6,3,3,1,3,,0,6,8.59857,4.18288,2.05566,0.977816,0.216464,0.105301,0.11116225272417068,0.25068,1.44106,0.306531,0.693478,,,4.14223,0.00303162,-0.0154784,999,,,,,,,19.500000000000007,3.2500000000000013,20,3.3333333333333335,,,,,,,,,,,,,,,,,,,"Kendry Rojas","29423",696070
"Germán Márquez","MIN",0,0,0,5.64895,1,1,0,0,,4,17,4,3,2,1,1,,0,3,6.95301,3.44751,2.01682,1.69213,0.174177,0.0863624,0.08781497925519943,0.270287,1.46887,0.293716,0.652453,,,5.23703,0.00293475,-0.0437639,743.3200073242188,,,,,,,9.9,2.475,10,2.5,,,,,,,,,,,,,,,,,,,"German Marquez","15038",608566
"Will Klein","LAD",0,0,0,4.33683,2,0,0,0,,2,8,2,1,1,0,1,,0,2,9.62192,4.90801,1.96045,0.831867,0.243199,0.124053,0.11914662271738052,0.230569,1.41968,0.29724,0.694353,,,3.95836,0.00286896,-0.000143548,999,,,,,,,10.600000000000001,5.300000000000001,11,5.5,,,,,,,,,,,,,,,,,,,"Will Klein","27787",694361
"Mason Englert","TBR",0,0,0,4.37189,3,0,0,0,,4,19,4,2,2,1,1,,0,4,8.1918,2.30315,3.55678,1.34983,0.215912,0.0607044,0.15520767122507095,0.252578,1.24633,0.293751,0.693126,,,4.09573,0.00277923,-0.0160932,999,,,,,,,11.9,2.975,12,3,,,,,,,,,,,,,,,,,,,"Mason Englert","22288",669438
"Gavin Stone","LAD",0,0,0,4.66019,3,0,0,0,,3,15,3,2,2,0,1,,0,3,7.86408,3.1068,2.53125,1.26214,0.2025,0.08,0.1224999949336052,0.251366,1.33765,0.290441,0.680529,,,4.2592,0.00277034,-0.0154973,999,,,,,,,17.400000000000002,5.800000000000001,18,6,,,,,,,,,,,,,,,,,,,"Gavin Stone","27792",694813
"Keaton Winn","SFG",0,0,0,4.20501,2,0,0,0,,2,9,2,1,1,0,1,,0,2,7.69911,3.15407,2.44101,0.894834,0.198209,0.0811994,0.1170092299580574,0.25578,1.34762,0.304975,0.69493,,,3.91716,0.00259988,-0.000713316,999,,,,,,,10.600000000000001,5.300000000000001,11,5.5,,,,,,,,,,,,,,,,,,,"Keaton Winn","23499",676775
"Nick Mears","KCR",0,0,0,4.5316,2,0,0,0,,2,10,2,1,1,0,1,,0,2,8.11275,4.06274,1.99687,0.904247,0.205884,0.103104,0.10278060287237167,0.244523,1.40782,0.294194,0.679096,,,3.98761,0.00257468,0.00106212,999,,,,,,,10.600000000000001,5.300000000000001,11,5.5,,,,,,,,,,,,,,,,,,,"Nick Mears","25376",683232
"Edwin Uceta","TBR",0,0,0,3.69166,1,0,0,0,,1,5,1,1,1,0,0,,0,2,11.075,3.43706,3.22222,1.14569,0.294915,0.0915254,0.20338983088731766,0.21374,1.17397,0.283133,0.738636,,,3.67742,0.00253338,-0.0143172,572.6900024414062,,,,,,,8.8,8.8,9,9,,,,,,,,,,,,,,,,,,,"Edwin Uceta","20539",670955
"Zach Franklin","NYM",0,0,0,4.5666,4,0,0,0,,4,16,3,2,2,0,2,,0,4,9.13319,3.99577,2.28571,1.14165,0.234146,0.102439,0.1317073106765747,0.237569,1.35307,0.291339,0.683453,,,4.22501,0.00247566,-0.00108581,999,,,,,,,23.8,5.95,22,5.5,,,,,,,,,,,,,,,,,,,"Zach Franklin","sa3022735",702103
"Joel Kuhnel","MIL",0,0,0,4.02717,5,0,0,0,,5,20,5,2,2,1,1,,0,3,6.47182,2.30104,2.81257,1.19294,0.170318,0.0605559,0.10976168140769005,0.257759,1.25923,0.28635,0.719834,,,4.35426,0.00245816,0.0149197,999,,,,,,,14.7,2.94,15,3,,,,,,,,,,,,,,,,,,,"Joel Kuhnel","19995",669270
"Steven Matz","TBR",0,1,0,4.64099,8,0,0,1,,9,39,10,5,5,1,3,,0,8,7.80504,2.66727,2.92623,1.45752,0.200174,0.0684068,0.1317671313881874,0.266434,1.36349,0.304155,0.706378,,,4.43562,0.00245795,0.00820411,712.989990234375,,,,,,,39.30000000000001,4.366666666666668,43,4.777777777777778,,,,,,,,,,,,,,,,,,,"Steven Matz","13361",571927
"Ty Madden","DET",0,0,0,4.57255,6,0,0,0,,7,31,7,4,4,1,3,,0,6,8.27817,3.64999,2.268,1.1972,0.210884,0.0929823,0.11790148913860321,0.252124,1.39071,0.298512,0.696125,,,4.33571,0.0024339,0.000834476,999,,,,,,,24.3,3.4714285714285715,25,3.5714285714285716,,,,,,,,,,,,,,,,,,,"Ty Madden","30140",680744
"Sawyer Gipson-Long","DET",0,0,0,4.33735,2,0,0,0,,2,8,2,1,1,0,0,,0,2,7.59036,2.28916,3.31579,1.20482,0.199367,0.0601266,0.13924050703644753,0.25256,1.24498,0.290909,0.683544,,,4.0606,0.00239886,0.000610527,999,,,,,,,13.600000000000001,6.800000000000001,14,7,,,,,,,,,,,,,,,,,,,"Sawyer Gipson-Long","26048",687830
"Joe Rock","ATH",0,0,0,4.74954,3,0,0,0,,3,15,4,2,2,0,1,,0,3,7.65952,3.52908,2.1704,1.03832,0.191864,0.0884003,0.10346359759569168,0.269526,1.46648,0.31758,0.684206,,,4.22996,0.00235057,-0.0102275,999,,,,,,,14.800000000000002,4.9333333333333345,18,6,,,,,,,,,,,,,,,,,,,"Joe Rock","30016",697812
"Jordan Wicks","CHC",0,0,0,4.04964,2,0,0,0,,2,8,2,1,1,0,1,,0,2,7.8771,2.64321,2.98013,1.12905,0.206084,0.0691528,0.13693168759346008,0.25099,1.2786,0.293991,0.715806,,,3.93234,0.00225943,-0.000685659,999,,,,,,,10.600000000000001,5.300000000000001,11,5.5,,,,,,,,,,,,,,,,,,,"Jordan Wicks","30094",696136
"Easton McGee","KCR",0,0,0,4.60753,5,0,0,0,,5,21,5,3,3,1,2,,0,4,7.14989,2.79733,2.55597,1.04948,0.184319,0.0721129,0.1122056245803833,0.262284,1.34391,0.30269,0.666956,,,4.12416,0.00221105,-0.0121741,999,,,,,,,13.7,2.7399999999999998,14,2.8,,,,,,,,,,,,,,,,,,,"Easton McGee","22176",668834
"Carlos Vargas","SEA",0,0,0,4.15182,8,0,0,2,,8,36,8,4,4,1,3,,0,7,7.07946,3.19339,2.21691,0.904011,0.182425,0.0822877,0.1001369059085846,0.254169,1.34601,0.295665,0.700674,,,4.0526,0.0021072,-0.00642595,999,,,,,,,39.10000000000001,4.887500000000001,40,5,,,,,,,,,,,,,,,,,,,"Carlos Vargas","22915",672841
"Craig Kimbrel","KCR",0,1,0,4.38146,9,0,0,2,,9,39,8,5,4,1,5,,1,9,9.31018,4.88332,1.90653,1.013,0.234797,0.123154,0.11164277791976929,0.23445,1.43056,0.293669,0.708098,,,4.33267,0.00210343,-0.0119736,999,,,,,,,41.500000000000014,4.6111111111111125,40,4.444444444444445,,,,,,,,,,,,,,,,,,,"Craig Kimbrel","6655",518886
"Dylan Ross","NYM",0,0,0,4.09091,2,0,0,0,,2,9,2,1,1,0,1,,0,2,9.49091,4.25455,2.23077,1.14545,0.248927,0.111588,0.1373390555381775,0.228155,1.32727,0.283688,0.727848,,,4.10154,0.0020794,-0.000542903,999,,,,,,,10.600000000000001,5.300000000000001,11,5.5,,,,,,,,,,,,,,,,,,,"Dylan Ross","sa3025659",697811
"Carter Baumler","TEX",0,0,0,4.90892,4,0,0,0,,4,19,4,3,2,0,2,,0,4,8.23495,4.67852,1.76016,0.988954,0.208108,0.118232,0.08987583965063095,0.236088,1.42564,0.283059,0.6548,,,4.36182,0.00207881,-0.0311838,999,,,,,,,21.200000000000003,5.300000000000001,22,5.5,,,,,,,,,,,,,,,,,,,"Carter Baumler","30231",691945
"Coleman Crow","MIL",0,0,0,4.25991,3,0,0,0,,4,16,4,2,2,0,1,,0,3,7.25202,2.68624,2.69969,1.13937,0.189753,0.070287,0.11946607381105423,0.253116,1.28046,0.290237,0.69431,,,4.2181,0.00203678,-0.00129883,999,,,,,,,22.200000000000003,5.550000000000001,23,5.75,,,,,,,,,,,,,,,,,,,"Coleman Crow","27926",689441
"Paxton Schultz","WSN",0,0,0,4.51352,2,0,0,0,,2,11,2,1,1,0,1,,0,2,8.21537,3.49914,2.34783,1.20108,0.208025,0.0886032,0.11942170560359955,0.258854,1.4171,0.305801,0.708782,,,4.23906,0.00203174,0.000614668,999,,,,,,,10.600000000000001,5.300000000000001,11,5.5,,,,,,,,,,,,,,,,,,,"Paxton Schultz","25501",687606
"Brooks Kriske","ATH",0,0,0,4.71932,2,0,0,0,,2,7,1,1,1,0,1,,0,2,9.94687,4.48057,2.22,1.38002,0.251219,0.113162,0.13805720210075378,0.239511,1.42181,0.296491,0.705671,,,4.49126,0.00181825,0.0025659,999,,,,,,,13.200000000000001,6.6000000000000005,11,5.5,,,,,,,,,,,,,,,,,,,"Brooks Kriske","21189",621139
"José Leclerc","SDP",0,0,0,4.23983,3,0,0,0,,3,12,2,1,1,0,1,,0,3,9.82869,4.62527,2.125,1.15632,0.251232,0.118227,0.13300491869449615,0.231638,1.39186,0.291667,0.724382,,,4.23968,0.00174039,0.0142678,999,,,,,,,20.000000000000004,6.666666666666668,18,6,,,,,,,,,,,,,,,,,,,"Jose Leclerc","14524",600917
"Jack Leiter","TEX",0,0,0,4.30338,5,0,0,0,,7,28,6,3,3,1,3,,0,6,8.68958,3.60137,2.41285,1.21615,0.227857,0.0944348,0.1334226205945015,0.227896,1.26599,0.270771,0.693026,,,4.22323,0.00168946,-0.00361915,230.7100067138672,,,,,,,26.9,3.8428571428571425,25,3.5714285714285716,,,,,,,,,,,,,,,,,,,"Jack Leiter","30146",683004
"Jhonathan Díaz","SEA",0,0,0,4.28739,2,0,0,0,,2,11,3,1,1,0,1,,0,2,6.90272,2.4895,2.77273,1.06794,0.179291,0.0646622,0.11462850123643875,0.263532,1.31283,0.301193,0.693315,,,4.1293,0.00150059,-0.00182804,999,,,,,,,8,4,11,5.5,,,,,,,,,,,,,,,,,,,"Jhonathan Diaz","20298",646242
"Ryan Lambert","NYM",0,0,0,4.52716,2,0,0,0,,2,11,2,1,1,0,1,,0,3,10.1408,4.88934,2.07407,1.08652,0.256881,0.123853,0.13302753120660782,0.223404,1.38833,0.285714,0.693069,,,4.21012,0.00133922,-0.000542903,999,,,,,,,12.600000000000001,6.300000000000001,13,6.5,,,,,,,,,,,,,,,,,,,"Ryan Lambert","sa3025613",822038
"Justin Hagenman","NYM",0,0,0,4.37722,1,0,0,0,,1,5,1,1,1,0,0,,0,1,7.79359,2.13523,3.65,1.28114,0.204482,0.0560224,0.14845938608050346,0.257485,1.25741,0.297189,0.695067,,,4.02049,0.00131642,-0.0153441,999,,,,,,,6.800000000000001,6.800000000000001,7,7,,,,,,,,,,,,,,,,,,,"Justin Hagenman","21546",663795
"Chris Murphy","CHW",0,0,0,4.48335,4,0,0,0,,4,18,4,2,2,0,2,,0,4,8.0849,4.39705,1.83871,0.959509,0.203814,0.110846,0.0929676741361618,0.247084,1.43695,0.297091,0.695417,,,4.38032,0.00122422,0.000532283,999,,,,,,,21.200000000000003,5.300000000000001,22,5.5,,,,,,,,,,,,,,,,,,,"Chris Murphy","26214",669684
"Lucas Erceg","KCR",0,1,0,4.48707,6,0,0,0,,6,28,6,3,3,1,3,,1,5,7.65746,4.52911,1.69072,0.784423,0.191934,0.113522,0.07841212302446365,0.251244,1.46369,0.302722,0.687036,,,4.34508,0.0012034,0.00318636,490.70001220703125,,,,,,,14.500000000000005,2.4166666666666674,15,2.5,,,,,,,,,,,,,,,,,,,"Lucas Erceg","19360",668674
"Zach McCambley","CIN",0,0,0,4.47419,6,0,0,0,,6,24,5,3,3,1,3,,1,5,8.69144,4.5111,1.92668,1.02521,0.219614,0.113986,0.10562808811664581,0.242649,1.42453,0.296974,0.698917,,,4.40963,0.00117631,0.00208588,999,,,,,,,17.100000000000005,2.850000000000001,15,2.5,,,,,,,,,,,,,,,,,,,"Zach McCambley","27666",685112
"Grant Holman","PHI",0,0,0,4.00468,1,0,0,0,,1,5,1,1,1,0,0,,0,1,7.37705,3.37237,2.1875,1.05386,0.190217,0.0869565,0.10326086729764938,0.246988,1.33489,0.285714,0.72,,,4.2309,0.00112498,-0.013847,999,,,,,,,6.800000000000001,6.800000000000001,7,7,,,,,,,,,,,,,,,,,,,"Grant Holman","30002",680880
"Bobby Miller","LAD",0,0,0,5.03696,2,0,0,0,,2,7,2,1,1,0,1,,0,2,8.55333,3.89652,2.19512,1.23548,0.216346,0.0985577,0.11778845638036728,0.245283,1.39388,0.291045,0.659051,,,4.39276,0.00096151,-0.000143548,999,,,,,,,10.600000000000001,5.300000000000001,11,5.5,,,,,,,,,,,,,,,,,,,"Bobby Miller","27483",676272
"Parker Mushinski","COL",0,0,0,5.01467,1,0,0,0,,1,6,1,1,1,0,1,,0,1,7.78901,4.82491,1.61433,0.905699,0.190998,0.118314,0.07268431782722473,0.261703,1.56055,0.31332,0.672634,,,4.51052,0.000927378,-0.011479,999,,,,,,,3.8000000000000003,3.8000000000000003,4,4,,,,,,,,,,,,,,,,,,,"Parker Mushinski","21324",656786
"Bryse Wilson","MIL",0,0,0,3.80477,5,0,0,0,,5,22,5,2,2,1,1,,0,4,6.61627,2.31686,2.8557,1.18618,0.178402,0.0624722,0.11592987924814224,0.235822,1.15824,0.260423,0.717584,,,4.22885,0.000873133,0.0149197,999,,,,,,,16.7,3.34,17,3.4,,,,,,,,,,,,,,,,,,,"Bryse Wilson","19990",669060
"Caleb Kilian","PHI",0,0,0,4.77733,3,0,0,0,,3,12,3,2,1,0,1,,0,3,8.56386,3.68722,2.32258,1.25804,0.216342,0.0931473,0.12319493293762207,0.257704,1.42597,0.307299,0.690088,,,4.3616,0.000835866,-0.0131289,999,,,,,,,17.400000000000002,5.800000000000001,18,6,,,,,,,,,,,,,,,,,,,"Caleb Kilian","26213",668873
"Zak Kent","WSN",0,0,0,4.75659,2,0,0,0,,2,8,2,1,1,0,1,,0,2,8.24555,3.94318,2.09109,1.12793,0.2078,0.0993741,0.10842619091272354,0.254666,1.43768,0.303187,0.683882,,,4.33216,0.00079524,0.000614668,999,,,,,,,10.600000000000001,5.300000000000001,11,5.5,,,,,,,,,,,,,,,,,,,"Zak Kent","25703",687849
"Cameron Foster","BAL",0,0,0,4.51522,3,0,0,0,,3,15,4,2,2,0,1,,0,3,7.88139,3.80525,2.07119,1.23832,0.197678,0.0954421,0.10223624110221863,0.259839,1.45993,0.302048,0.7217,,,4.43634,0.000715092,-0.0158191,999,,,,,,,14.800000000000002,4.9333333333333345,18,6,,,,,,,,,,,,,,,,,,,"Cameron Foster","31942",671382
"Emiliano Teodo","TEX",0,0,0,4.77812,5,0,0,0,,5,23,5,3,3,1,3,,0,5,8.68168,4.9456,1.75543,1.03481,0.217031,0.123634,0.0933971181511879,0.240755,1.47147,0.293464,0.682491,,,4.49447,0.000603647,-0.01624,999,,,,,,,12.7,2.54,13,2.6,,,,,,,,,,,,,,,,,,,"Emiliano Teodo","27999",693713
"Andrew Baker","COL",0,0,0,5.13742,4,0,0,0,,4,17,4,2,2,0,2,,0,4,8.56237,4.94715,1.73077,1.14165,0.208333,0.12037,0.08796297013759613,0.25,1.54334,0.29927,0.681114,,,4.60556,0.000583177,0.00722191,999,,,,,,,21.200000000000003,5.300000000000001,22,5.5,,,,,,,,,,,,,,,,,,,"Andrew Baker","sa3017196",687900
"Hunter Bigge","TBR",0,0,0,4.41035,4,0,0,0,,4,16,3,2,2,0,2,,0,3,8.84902,5.17584,1.70968,1.05186,0.218949,0.128064,0.09088432788848877,0.241663,1.51641,0.294964,0.72721,,,4.42277,0.000564946,0.001165,999,,,,,,,21.8,5.45,20,5,,,,,,,,,,,,,,,,,,,"Hunter Bigge","26259",685801
"Zach Agnos","COL",0,0,0,4.76766,8,0,0,1,,8,36,9,5,4,1,3,,0,6,6.63346,3.24822,2.04218,1.20095,0.169159,0.0828323,0.08632643520832062,0.26112,1.39249,0.291595,0.677368,,,4.56373,0.000554579,-0.0192327,743.47998046875,,,,,,,30.500000000000007,3.812500000000001,34,4.25,,,,,,,,,,,,,,,,,,,"Zach Agnos","31552",688642
"Paul Gervase","LAD",0,0,0,4.65168,4,0,0,0,,4,19,4,2,2,1,2,,0,5,9.85787,4.675,2.10863,1.28921,0.25047,0.118783,0.13168691843748093,0.2313,1.39606,0.287441,0.697826,,,4.50424,0.00055177,-0.000287095,999,,,,,,,10.9,2.725,11,2.75,,,,,,,,,,,,,,,,,,,"Paul Gervase","31571",801434
"Jake Cousins","LAD",0,0,0,4.37838,1,0,0,0,,1,5,1,1,1,0,1,,0,1,10.4595,4.37838,2.38889,1.21622,0.27044,0.113208,0.15723270922899246,0.220588,1.2973,0.284091,0.707317,,,4.38066,0.000520824,-0.0149741,999,,,,,,,3.8000000000000003,3.8000000000000003,4,4,,,,,,,,,,,,,,,,,,,"Jake Cousins","21620",664776
"Cionel Pérez","NYM",0,0,0,4.41964,3,0,0,0,,3,13,3,2,2,0,1,,0,3,8.18018,4.33162,1.88848,0.95835,0.208088,0.110188,0.09789963066577911,0.238022,1.3973,0.285746,0.691806,,,4.20827,0.000460634,-0.0162757,999,,,,,,,17.400000000000002,5.800000000000001,18,6,,,,,,,,,,,,,,,,,,,"Cionel Perez","19614",672335
"Carlos Estévez","KCR",0,0,0,4.41177,1,0,0,0,,1,5,1,1,1,0,0,,0,1,7.51543,3.51574,2.13765,1.20987,0.195845,0.0916167,0.1042279303073883,0.236045,1.29667,0.268953,0.689103,,,4.43715,0.000398221,-0.0138717,120.08999633789062,,,,,,,6.800000000000001,6.800000000000001,7,7,,,,,,,,,,,,,,,,,,,"Carlos Estevez","14542",608032
"Justin Topa","NYY",0,0,0,4.02105,2,0,0,0,,2,7,1,1,1,0,1,,0,1,6.84713,3.15024,2.17353,1.01026,0.179646,0.0826517,0.09699425101280212,0.242006,1.27059,0.275795,0.704983,,,4.31424,0.000387069,0.000310187,999,,,,,,,11.200000000000001,5.6000000000000005,9,4.5,,,,,,,,,,,,,,,,,,,"Justin Topa","15145",623437
"JT Brubaker","SFG",0,0,0,4.5218,6,0,0,0,,6,29,7,4,3,1,3,,0,5,7.02001,3.73169,1.88119,0.945853,0.176282,0.0937081,0.08257444202899933,0.263416,1.45798,0.305049,0.695632,,,4.28128,0.000312598,-0.0332155,999,,,,,,,14.90000000000001,2.4833333333333347,18,3,,,,,,,,,,,,,,,,,,,"JT Brubaker","17578",664141
"Tyler Ferguson","CHC",0,0,0,4.17049,4,0,0,0,,4,17,3,2,2,1,2,,0,4,9.19627,3.95201,2.32699,1.12541,0.243065,0.104455,0.13861029595136642,0.215778,1.23089,0.264309,0.688756,,,4.26869,0.000176561,-0.00137132,999,,,,,,,11.5,2.875,9,2.25,,,,,,,,,,,,,,,,,,,"Tyler Ferguson","19481",621053
"Thomas Harrington","PIT",0,0,0,4.51302,3,0,0,0,,4,15,4,2,2,0,1,,0,3,6.85632,2.77724,2.46875,1.21504,0.175947,0.0712695,0.10467705875635147,0.259709,1.3404,0.291536,0.695142,,,4.38519,0.000148771,0.000029314,999,,,,,,,22.200000000000003,5.550000000000001,23,5.75,,,,,,,,,,,,,,,,,,,"Thomas Harrington","31989",802419
"Daniel Guerra","TOR",0,0,,0,0,0,0,0,,0,0,0,0,0,0,0,,0,0,0,0,0,0,0,0,0,0,0,0,1,,,3.08336,0,0,999,,,,,,,0,,0,,,,,,,,,,,,,,,,,,,,"Daniel Guerra","sa3019786",806413
"Tristan Beck","SFG",0,0,0,4.37046,2,0,0,0,,2,8,2,1,1,0,1,,0,1,6.94057,2.86537,2.42222,1.14615,0.179613,0.074152,0.10546067357063293,0.25746,1.32829,0.291845,0.696048,,,4.30936,-3.29823e-7,-0.000713316,999,,,,,,,8.600000000000001,4.300000000000001,9,4.5,,,,,,,,,,,,,,,,,,,"Tristan Beck","21584",663941
"Josh White","MIA",0,0,0,4.35544,3,0,0,0,,3,12,3,1,1,0,1,,0,3,9.13526,3.96278,2.30526,1.18188,0.234706,0.101813,0.1328926905989647,0.2383,1.35086,0.291336,0.706798,,,4.27142,-0.00000274613,0.0159703,999,,,,,,,17.400000000000002,5.800000000000001,18,6,,,,,,,,,,,,,,,,,,,"Josh White","31738",687985
"Johan Oviedo","BOS",0,0,0,4.46298,3,0,0,0,,4,16,3,2,2,1,2,,0,4,8.73475,3.82928,2.28105,1.23471,0.223839,0.09813,0.12570898234844208,0.244794,1.36342,0.293978,0.703811,,,4.43858,-0.0000243692,0.000123923,536.780029296875,,,,,,,11.5,2.875,9,2.25,,,,,,,,,,,,,,,,,,,"Johan Oviedo","22487",670912
"Jonathan Pintaro","NYM",0,0,0,4.46134,7,0,0,1,,7,33,7,4,4,1,3,,1,7,8.84079,4.08955,2.1618,1.1028,0.223454,0.103365,0.12008918821811676,0.251716,1.42266,0.308456,0.706452,,,4.35975,-0.0000814284,-0.0244739,999,,,,,,,27.300000000000015,3.900000000000002,28,4,,,,,,,,,,,,,,,,,,,"Jonathan Pintaro","33980",702752
"Austin Love","STL",0,0,0,4.52119,4,0,0,0,,4,18,4,2,2,0,2,,0,3,7.48823,3.95604,1.89286,0.989011,0.187279,0.0989399,0.08833922445774078,0.247012,1.41287,0.287958,0.685786,,,4.35495,-0.0000874558,-0.000911767,999,,,,,,,19.200000000000003,4.800000000000001,20,5,,,,,,,,,,,,,,,,,,,"Austin Love","sa3017609",676153
"Bryan King","HOU",0,0,0,4.10928,7,0,0,0,,7,30,7,4,3,1,2,,1,7,8.25328,2.79507,2.9528,1.25324,0.217852,0.0737781,0.1440739929676056,0.244292,1.23997,0.287518,0.711642,,,4.27431,-0.0000877729,-0.0148758,748.469970703125,,,,,,,26.300000000000015,3.7571428571428593,27,3.857142857142857,,,,,,,,,,,,,,,,,,,"Bryan King","25890",687911
"Jordan Leasure","CHW",0,0,0,4.96997,2,0,0,0,,2,8,2,1,1,0,1,,0,2,10.1563,4.06012,2.50147,1.62884,0.260757,0.104241,0.15651582926511765,0.233633,1.34998,0.282868,0.683693,,,4.62038,-0.000196014,0.000266141,717.510009765625,,,,,,,10.600000000000001,5.300000000000001,11,5.5,,,,,,,,,,,,,,,,,,,"Jordan Leasure","29950",673929
"Ricky Tiedemann","TOR",0,0,0,4.58297,4,0,0,0,,4,18,4,2,2,0,2,,1,4,9.05824,4.89034,1.85227,1.01882,0.229337,0.123814,0.10552337765693665,0.234841,1.41449,0.292664,0.685499,,,4.57969,-0.000200994,0.000170313,999,,,,,,,18.200000000000003,4.550000000000001,19,4.75,,,,,,,,,,,,,,,,,,,"Ricky Tiedemann","30165",694357
"DJ Herz","WSN",0,0,0,4.5,2,0,0,0,,3,13,3,2,2,0,2,,0,3,9,4.71951,1.90698,1.09756,0.225275,0.118132,0.1071428656578064,0.237342,1.43902,0.290179,0.711538,,,4.42482,-0.000243947,-0.016265,999,,,,,,,14.400000000000002,4.800000000000001,15,5,,,,,,,,,,,,,,,,,,,"DJ Herz","26389",687792
"Ryan Sloan","SEA",0,0,,4.47457,0,0,0,0,,1,4,1,1,0,0,0,,0,1,8.46937,3.58737,2.36089,1.24883,0.217789,0.0922486,0.12553995847702026,0.23719,1.3166,0.279246,0.703852,,,4.35683,-0.00026963,-0.000997105,999,,,,,,,6.800000000000001,6.800000000000001,7,7,,,,,,,,,,,,,,,,,,,"Ryan Sloan","sa3067131",815549
"Blake Wehunt","BOS",0,0,,4.62857,0,0,0,0,,1,4,1,1,1,0,0,,0,1,7.45714,3.6,2.07143,1.15714,0.187702,0.0906149,0.09708737581968307,0.252708,1.4,0.290476,0.690867,,,4.46907,-0.00026963,-0.000997105,999,,,,,,,6.800000000000001,6.800000000000001,7,7,,,,,,,,,,,,,,,,,,,"Blake Wehunt","sa3023220",687762
"Nestor German","BAL",0,0,,4.75073,0,0,0,0,,1,5,1,1,1,0,0,,0,1,7.82991,3.07918,2.54286,1.4956,0.204128,0.0802752,0.12385320663452148,0.2525,1.32942,0.285714,0.695187,,,4.55941,-0.00026963,-0.000997105,999,,,,,,,6.800000000000001,6.800000000000001,7,7,,,,,,,,,,,,,,,,,,,"Nestor German","sa3023517",815148
"River Ryan","DET",0,0,,4.76726,0,0,0,0,,1,5,1,1,1,0,0,,0,1,7.94543,4.04494,1.96429,1.30016,0.2,0.101818,0.098181813955307,0.246914,1.41252,0.284916,0.689655,,,4.73665,-0.00026963,-0.000997105,675.5399780273438,,,,,,,6.800000000000001,6.800000000000001,7,7,,,,,,,,,,,,,,,,,,,"River Ryan","29514",689981
"Chuck King","PHI",0,0,,5.28875,0,0,0,0,,1,6,2,1,1,0,0,,0,1,6.29179,2.91793,2.15625,1.45897,0.156463,0.0725624,0.08390022069215775,0.273399,1.44883,0.29595,0.66335,,,4.85641,-0.00026963,-0.000997105,999,,,,,,,4.2,4.2,7,7,,,,,,,,,,,,,,,,,,,"Chuck King","sa3023436",666155
"Ryan Ramsey","KCR",0,0,,5.12903,0,0,0,0,,1,6,1,1,1,0,1,,0,1,6.87097,4.06452,1.69048,1.25806,0.169451,0.100239,0.0692124217748642,0.258152,1.47312,0.288732,0.673401,,,5.01884,-0.00026963,-0.000997105,999,,,,,,,3.8000000000000003,3.8000000000000003,4,4,,,,,,,,,,,,,,,,,,,"Ryan Ramsey","sa3020605",687547
"Aaron Civale","CHC",0,0,0,4.14857,8,0,0,1,,8,32,7,4,4,1,2,,0,7,7.5916,2.63905,2.87665,1.39249,0.203273,0.0706633,0.1326100379228592,0.233383,1.18324,0.261177,0.705755,,,4.41607,-0.000307855,-0.00274263,748.5800170898438,,,,,,,40.7,5.0875,39,4.875,,,,,,,,,,,,,,,,,,,"Aaron Civale","19479",650644
"Andrew Walters","CLE",0,0,0,4.15704,3,0,0,0,,3,15,3,2,2,0,2,,0,4,10.6005,4.7806,2.21739,1.24711,0.272727,0.122995,0.14973262697458267,0.217391,1.33949,0.278846,0.725806,,,4.33047,-0.000320695,-0.0148249,999,,,,,,,16.400000000000002,5.466666666666668,17,5.666666666666667,,,,,,,,,,,,,,,,,,,"Andrew Walters","33834",689958
"Nick Frasso","COL",0,1,0,5.68481,8,0,0,1,,8,37,10,6,5,1,3,,1,7,7.40443,3.81785,1.93942,1.09274,0.179066,0.0923297,0.08673661947250366,0.29305,1.62473,0.342299,0.644895,,,4.50976,-0.000326735,-0.0395874,999,,,,,,,26.900000000000006,3.3625000000000007,33,4.125,,,,,,,,,,,,,,,,,,,"Nick Frasso","27861",693308
"Beau Burrows","PIT",0,0,0,4.52514,2,0,0,0,,2,9,2,1,1,0,1,,0,2,7.2067,4.18994,1.72,1.00559,0.179167,0.104167,0.07499999552965164,0.254717,1.47114,0.294479,0.708215,,,4.49863,-0.00034521,0.00102642,999,,,,,,,10.600000000000001,5.300000000000001,11,5.5,,,,,,,,,,,,,,,,,,,"Beau Burrows","18873",663366
"Simeon Woods Richardson","TOR",0,0,0,4.06452,2,0,0,0,,2,8,2,1,1,0,1,,0,1,7.25909,3.49894,2.07465,1.28665,0.191033,0.0920793,0.09895344078540802,0.227766,1.25633,0.253403,0.724726,,,4.56818,-0.000359343,0.0000851563,664.0399780273438,,,,,,,8.600000000000001,4.300000000000001,9,4.5,,,,,,,,,,,,,,,,,,,"Simeon Woods Richardson","24494",680573
"Ryan Weiss","HOU",0,0,0,4.62381,1,0,0,0,,1,5,1,1,1,0,1,,0,1,9.12238,3.84653,2.37158,1.43457,0.233326,0.0983839,0.13494180887937546,0.244313,1.37018,0.291663,0.707699,,,4.58391,-0.000436151,-0.0147474,725.9600219726562,,,,,,,3.8000000000000003,3.8000000000000003,4,4,,,,,,,,,,,,,,,,,,,"Ryan Weiss","24621",680802
"Cooper Criswell","SEA",0,0,0,4.24242,7,0,0,0,,8,33,8,4,4,1,2,,1,7,7.52322,2.76525,2.72063,1.0469,0.195712,0.0719364,0.12377574294805527,0.25641,1.30388,0.299973,0.693682,,,4.07651,-0.000460085,-0.00648124,999,,,,,,,31.100000000000005,3.8875000000000006,32,4,,,,,,,,,,,,,,,,,,,"Cooper Criswell","24975",681867
"Ben Casparius","LAD",0,0,0,4.96024,2,0,0,0,,2,7,1,1,1,0,1,,0,1,8.65006,3.94598,2.19212,1.36068,0.219313,0.100046,0.11926674842834473,0.249316,1.40989,0.294618,0.676688,,,4.58443,-0.000519884,-0.000143548,999,,,,,,,11.200000000000001,5.6000000000000005,9,4.5,,,,,,,,,,,,,,,,,,,"Ben Casparius","30085",676508
"Matt Bowman","MIN",0,0,0,4.70825,4,0,0,0,,4,18,4,2,2,0,1,,0,3,7.06237,3.25956,2.16667,1.08652,0.178899,0.0825688,0.09633027762174606,0.263959,1.40845,0.302632,0.681818,,,4.35097,-0.000523383,0.000562813,999,,,,,,,22.200000000000003,5.550000000000001,23,5.75,,,,,,,,,,,,,,,,,,,"Matt Bowman","13528",621199
"Jared Simpson","WSN",0,0,,4.47457,0,0,0,0,,2,8,2,1,1,0,1,,0,2,8.46937,3.58737,2.36089,1.24883,0.217789,0.0922486,0.12553995102643967,0.23719,1.3166,0.279246,0.703852,,,4.35683,-0.00053926,-0.00199421,999,,,,,,,10.600000000000001,5.300000000000001,11,5.5,,,,,,,,,,,,,,,,,,,"Jared Simpson","sa3022902",688692
"Cesar Perdomo","SFG",0,0,,4.47457,0,0,0,0,,2,9,2,1,1,0,1,,0,2,8.46937,3.58737,2.36089,1.24883,0.217789,0.0922486,0.12553995847702026,0.23719,1.3166,0.279246,0.703852,,,4.35683,-0.00053926,-0.00199421,999,,,,,,,10.600000000000001,5.300000000000001,11,5.5,,,,,,,,,,,,,,,,,,,"Cesar Perdomo","sa3019248",702885
"Jonathan Santucci","NYM",0,0,,4.70085,0,0,0,0,,2,10,2,1,1,0,1,,0,2,7.77778,3.33333,2.33333,1.28205,0.199561,0.0855263,0.11403508484363556,0.248792,1.34853,0.285714,0.68595,,,4.4034,-0.00053926,-0.00199421,999,,,,,,,10.600000000000001,5.300000000000001,11,5.5,,,,,,,,,,,,,,,,,,,"Jonathan Santucci","sa3041559",695558
"Tucker Davidson","PHI",0,0,,4.90909,0,0,0,0,,2,7,2,1,1,0,1,,0,1,7.24675,3.38961,2.13793,1.16883,0.181287,0.0847953,0.09649121761322021,0.26129,1.42857,0.298319,0.677083,,,4.40804,-0.00053926,-0.00199421,999,,,,,,,8.600000000000001,4.300000000000001,9,4.5,,,,,,,,,,,,,,,,,,,"Tucker Davidson","19871",656353
"Ryan Gallagher","MIN",0,0,,5.10577,0,0,0,0,,2,11,3,2,1,0,1,,0,2,7.18269,2.85577,2.51515,1.47115,0.182418,0.0725275,0.10989011079072952,0.26253,1.375,0.291536,0.662752,,,4.65067,-0.00053926,-0.00199421,999,,,,,,,8,4,11,5.5,,,,,,,,,,,,,,,,,,,"Ryan Gallagher","sa3031857",801594
"Henry Williams","KCR",0,0,,5.23364,0,0,0,0,,2,11,3,2,1,0,1,,0,2,6.26168,3.64486,1.71795,1.30841,0.155452,0.0904872,0.06496520340442657,0.262338,1.45379,0.286184,0.656146,,,5.01482,-0.00053926,-0.00199421,999,,,,,,,8,4,11,5.5,,,,,,,,,,,,,,,,,,,"Henry Williams","sa3020901",689275
"Nolan Hoffman","KCR",0,0,0,5.05997,4,0,0,0,,4,18,4,3,2,1,2,,0,4,8.41819,3.97449,2.11806,1.21443,0.211728,0.0999634,0.1117645800113678,0.25914,1.44575,0.309921,0.664081,,,4.59526,-0.000545517,-0.0272087,999,,,,,,,8.9,2.225,9,2.25,,,,,,,,,,,,,,,,,,,"Nolan Hoffman","23381",676510
"Tyler Uberstine","ATL",0,0,0,4.5361,1,0,0,0,,1,5,1,1,1,0,0,,0,1,8.15224,3.23845,2.51733,1.29859,0.208467,0.0828129,0.12565424293279648,0.257845,1.37477,0.301666,0.705112,,,4.37393,-0.000593103,-0.0148162,999,,,,,,,6.800000000000001,6.800000000000001,7,7,,,,,,,,,,,,,,,,,,,"Tyler Uberstine","29961",700413
"Jhony Brito","SDP",0,0,0,4.42154,4,0,0,0,,4,17,4,2,2,1,1,,0,3,7.02158,2.99822,2.34191,1.17945,0.180689,0.0771543,0.10353422909975052,0.257441,1.35201,0.291427,0.700026,,,4.3069,-0.000678181,-0.00262121,999,,,,,,,9.9,2.475,10,2.5,,,,,,,,,,,,,,,,,,,"Jhony Brito","25386",666745
"Prelander Berroa","CHW",0,0,0,4.5,2,0,0,0,,2,10,2,1,1,0,1,,0,2,9.5,5.33333,1.78125,1.16667,0.234568,0.131687,0.10288064181804657,0.239234,1.51852,0.296552,0.734072,,,4.54632,-0.000680744,0.000266141,999,,,,,,,10.600000000000001,5.300000000000001,11,5.5,,,,,,,,,,,,,,,,,,,"Prelander Berroa","22932",672860
"John King",,0,0,0,4.35319,2,0,0,0,,2,10,2,1,1,0,1,,0,2,6.27711,3.01765,2.08013,1.07359,0.157749,0.0758361,0.08191268891096115,0.277763,1.4574,0.311139,0.72199,,,4.3837,-0.000760429,0.000347741,999,,,,,,,10.600000000000001,5.300000000000001,11,5.5,,,,,,,,,,,,,,,,,,,"John King","22051",667463
"Phil Maton","CHC",0,0,0,4.22441,2,0,0,0,,2,7,1,1,1,0,1,,0,2,9.23481,3.85652,2.39459,1.10484,0.242813,0.1014,0.14141228795051575,0.225036,1.25255,0.279063,0.686931,,,4.31907,-0.000761787,-0.000685659,743.3800048828125,,,,,,,13.200000000000001,6.6000000000000005,11,5.5,,,,,,,,,,,,,,,,,,,"Phil Maton","18064",664208
"Lyon Richardson","MIL",0,0,0,4.44634,1,0,0,0,,1,5,1,1,1,0,1,,0,1,8.29357,4.37278,1.89664,1.11235,0.213643,0.112643,0.10099966824054718,0.227464,1.34277,0.269391,0.688848,,,4.48539,-0.000772464,-0.0151207,999,,,,,,,3.8000000000000003,3.8000000000000003,4,4,,,,,,,,,,,,,,,,,,,"Lyon Richardson","24581",680689
"Garrett Acton","MIN",0,0,0,4.51686,4,0,0,0,,4,19,4,2,2,1,2,,0,4,9.19135,4.14106,2.21957,1.30316,0.232572,0.104783,0.12778938561677933,0.245193,1.41652,0.296797,0.717581,,,4.39488,-0.000795248,0.000562813,999,,,,,,,8.9,2.225,9,2.25,,,,,,,,,,,,,,,,,,,"Garrett Acton","27583",670183
"Jack Wenninger","NYM",0,0,,4.6644,0,0,0,0,,3,12,3,2,1,0,1,,0,2,7.49363,3.21155,2.33333,1.29992,0.191033,0.0818713,0.10916179418563843,0.255365,1.36788,0.290598,0.69242,,,4.49373,-0.00080889,-0.00299132,999,,,,,,,15.400000000000002,5.133333333333334,16,5.333333333333333,,,,,,,,,,,,,,,,,,,"Jack Wenninger","sa3023282",811307
"Tyler Davis","CHW",0,1,0,4.85813,7,0,0,1,,7,30,7,4,4,1,4,,0,6,8.19071,4.92983,1.66146,1.05273,0.20244,0.121845,0.08059534430503845,0.248207,1.52373,0.295694,0.688985,,,4.47416,-0.000819286,-0.0191689,999,,,,,,,25.3,3.6142857142857143,26,3.7142857142857144,,,,,,,,,,,,,,,,,,,"Tyler Davis","34847",699823
"Austin Warren","NYM",1,1,0,4.50282,8,0,0,1,,8,35,7,4,4,1,3,,1,8,8.90089,3.82185,2.32895,1.17673,0.228598,0.0981552,0.13044308871030807,0.242757,1.35336,0.294892,0.69173,,,4.30702,-0.00085046,-0.00217161,999,,,,,,,36.7,4.5875,35,4.375,,,,,,,,,,,,,,,,,,,"Austin Warren","24937",681810
"Nick Raquet","BAL",0,0,0,4.89744,2,0,0,0,,2,7,2,1,1,0,1,,0,1,7.52333,3.08496,2.43871,1.33922,0.190488,0.0781099,0.11237782984972,0.271693,1.42003,0.311537,0.683788,,,4.61607,-0.000854905,-0.000299708,999,,,,,,,8.600000000000001,4.300000000000001,9,4.5,,,,,,,,,,,,,,,,,,,"Nick Raquet","20333",675919
"Gavin Hollowell","CHC",0,0,0,4.87645,1,0,0,0,,1,5,1,1,1,0,1,,0,1,9.17325,4.60222,1.99322,1.10765,0.232757,0.116774,0.11598241329193115,0.236454,1.40457,0.29225,0.661892,,,4.44929,-0.000872377,-0.0154763,999,,,,,,,3.8000000000000003,3.8000000000000003,4,4,,,,,,,,,,,,,,,,,,,"Gavin Hollowell","25427",668970
"Tyler Kinley","DET",1,1,0,4.71805,9,0,0,2,,9,41,9,5,5,2,4,,0,10,9.3878,4.23302,2.21775,1.45169,0.24003,0.108231,0.13179905712604523,0.234707,1.37069,0.28083,0.699533,,,4.62286,-0.000930453,-0.0179449,999,,,,,,,34.60000000000001,3.8444444444444454,35,3.888888888888889,,,,,,,,,,,,,,,,,,,"Tyler Kinley","18297",641755
"Anthony Veneziano","TEX",0,0,0,4.81166,1,0,0,0,,1,5,1,1,1,0,1,,0,1,7.2175,3.93682,1.83333,1.20292,0.180822,0.0986301,0.08219178020954132,0.252308,1.43378,0.28629,0.682261,,,4.6751,-0.000987718,-0.0151485,999,,,,,,,3.8000000000000003,3.8000000000000003,4,4,,,,,,,,,,,,,,,,,,,"Anthony Veneziano","27453",685107
"Cole Winn","TEX",0,1,0,4.63823,8,0,0,1,,8,33,7,4,4,1,3,,0,7,7.8986,4.01549,1.96703,1.05903,0.202473,0.102933,0.09953957796096802,0.238988,1.36528,0.281152,0.67062,,,4.3238,-0.00100095,-0.00125567,999,,,,,,,37.7,4.7125,36,4.5,,,,,,,,,,,,,,,,,,,"Cole Winn","22113",668390
"Burch Smith","DET",0,0,0,4.85844,1,0,0,0,,1,6,1,1,1,0,1,,0,1,8.49049,3.88416,2.18593,1.3858,0.211527,0.0967678,0.11475973576307297,0.263629,1.48726,0.310177,0.708107,,,4.56459,-0.00102043,-0.0142912,999,,,,,,,3.8000000000000003,3.8000000000000003,4,4,,,,,,,,,,,,,,,,,,,"Burch Smith","12784",572143
"Jared Shuster","STL",0,0,0,4.74986,3,0,0,0,,3,14,3,2,2,0,1,,0,2,6.07581,3.44108,1.76567,1.00326,0.153195,0.086763,0.06643163412809372,0.264491,1.44373,0.294421,0.675699,,,4.36374,-0.00106558,-0.0161061,999,,,,,,,15.400000000000002,5.133333333333334,16,5.333333333333333,,,,,,,,,,,,,,,,,,,"Jared Shuster","27472",694363
"Gus Varland","WSN",0,0,0,5.02849,3,0,0,0,,3,13,3,2,2,0,1,,0,3,8.70128,4.11489,2.11458,1.30734,0.21643,0.102351,0.11407893896102905,0.261879,1.49359,0.313179,0.686921,,,4.56691,-0.0011389,-0.0140188,999,,,,,,,17.400000000000002,5.800000000000001,18,6,,,,,,,,,,,,,,,,,,,"Gus Varland","24737",681402
"Carlos Lagrange","NYY",0,0,0,4.74593,4,0,0,0,,4,16,3,2,2,0,2,,0,4,9.31927,4.65964,2,1.20805,0.236324,0.118162,0.11816191673278809,0.225888,1.37104,0.275735,0.680713,,,4.56946,-0.00119581,0.000620373,999,,,,,,,23.8,5.95,22,5.5,,,,,,,,,,,,,,,,,,,"Carlos Lagrange","sa3019390",801739
"Brendon Little","TOR",0,0,0,4.27744,8,0,0,1,,8,34,7,4,4,1,5,,0,9,10.6814,5.67386,1.88257,1.10354,0.265817,0.141199,0.12461809813976288,0.224815,1.48387,0.293887,0.737133,,,4.30951,-0.00120617,0.000340625,748.52001953125,,,,,,,35.7,4.4625,34,4.25,,,,,,,,,,,,,,,,,,,"Brendon Little","21574",663893
"Kent Emanuel","CIN",0,0,0,5.18176,2,0,0,0,,2,10,2,1,1,0,1,,0,2,8.35651,4.45452,1.87596,1.33294,0.196823,0.104918,0.09190421551465988,0.24534,1.5148,0.283009,0.676112,,,4.8334,-0.00135976,0.000695292,999,,,,,,,10.600000000000001,5.300000000000001,11,5.5,,,,,,,,,,,,,,,,,,,"Kent Emanuel","15849",592288
"Josiah Gray","WSN",0,0,0,4.81733,1,0,0,0,,1,6,1,1,1,0,1,,0,1,8.18182,3.82328,2.14,1.52931,0.208577,0.0974659,0.111111119389534,0.25,1.39337,0.285714,0.705882,,,4.92703,-0.00136727,-0.0142707,999,,,,,,,3.8000000000000003,3.8000000000000003,4,4,,,,,,,,,,,,,,,,,,,"Josiah Gray","24580",680686
"Alek Jacob","SDP",0,0,0,4.83046,4,0,0,0,,4,16,3,2,2,1,2,,0,4,8.53657,3.78802,2.25357,1.29875,0.219685,0.097483,0.12220187485218048,0.244407,1.34608,0.290007,0.666658,,,4.65869,-0.00137992,-0.00262121,999,,,,,,,11.5,2.875,9,2.25,,,,,,,,,,,,,,,,,,,"Alek Jacob","29628",689690
"Jeff Criswell","COL",0,0,0,4.97713,5,0,0,0,,5,24,6,3,3,1,2,,0,5,8.28564,4.0965,2.02261,1.52332,0.204851,0.101281,0.10357081890106201,0.265783,1.52196,0.306966,0.716622,,,4.88344,-0.00139263,-0.00461804,999,,,,,,,13.1,2.62,16,3.2,,,,,,,,,,,,,,,,,,,"Jeff Criswell","27608",676105
"T.J. Brock","TOR",0,0,0,5.18176,1,0,0,0,,1,7,2,1,1,0,1,,0,1,8.35651,4.45452,1.87596,1.33294,0.196823,0.104918,0.09190422296524048,0.24534,1.5148,0.283009,0.676112,,,4.8334,-0.00139454,-0.0147787,999,,,,,,,1.2000000000000002,1.2000000000000002,4,4,,,,,,,,,,,,,,,,,,,"T.J. Brock","sa3020079",697813
"Johan Moreno","SDP",0,0,0,5.18176,1,0,0,0,,1,6,1,1,1,0,1,,0,1,8.35651,4.45452,1.87596,1.33294,0.196823,0.104918,0.09190420806407928,0.24534,1.5148,0.283009,0.676112,,,4.8334,-0.00142921,-0.0160544,999,,,,,,,3.8000000000000003,3.8000000000000003,4,4,,,,,,,,,,,,,,,,,,,"Johan Moreno","sa3020999",808052
"Jaden Woods","CHW",0,0,0,4.82412,1,0,0,0,,1,6,1,1,1,0,1,,0,1,7.68844,4.22111,1.82143,1.20603,0.188889,0.103704,0.08518517762422562,0.251064,1.45729,0.289773,0.686016,,,4.87565,-0.00143983,-0.0146108,999,,,,,,,3.8000000000000003,3.8000000000000003,4,4,,,,,,,,,,,,,,,,,,,"Jaden Woods","sa3023064",692243
"Aaron Rozek","MIN",0,0,0,4.99466,1,0,0,0,,1,5,1,1,1,0,0,,0,1,6.33938,2.88154,2.2,1.34472,0.160584,0.0729927,0.0875912457704544,0.268617,1.39808,0.293919,0.67325,,,4.73758,-0.00145866,-0.0145966,999,,,,,,,6.800000000000001,6.800000000000001,7,7,,,,,,,,,,,,,,,,,,,"Aaron Rozek","sa3015224",702065
"Trenton Denholm","CLE",0,0,0,4.51209,2,0,0,0,,2,9,2,1,1,0,1,,0,1,6.04297,2.41719,2.5,1.28917,0.154959,0.0619835,0.092975202947855,0.268889,1.35184,0.292479,0.699844,,,4.51577,-0.00149264,0.000210281,999,,,,,,,8.600000000000001,4.300000000000001,9,4.5,,,,,,,,,,,,,,,,,,,"Trenton Denholm","sa3018139",671143
"Winston Santos","TEX",0,0,0,5.1573,2,0,0,0,,2,11,2,2,1,0,1,,0,2,7.02473,2.85653,2.45918,1.36025,0.181924,0.0739773,0.1079465001821518,0.260587,1.32486,0.291816,0.630574,,,4.75992,-0.00155894,-0.0302971,999,,,,,,,10.600000000000001,5.300000000000001,11,5.5,,,,,,,,,,,,,,,,,,,"Winston Santos","28489",692437
"Yariel Rodríguez","TOR",0,0,0,4.60316,2,0,0,0,,2,9,2,1,1,0,1,,0,2,8.72587,4.52187,1.92971,1.29196,0.221789,0.114934,0.1068548932671547,0.235268,1.39875,0.279146,0.703647,,,4.69546,-0.0016042,0.0000851563,999,,,,,,,10.600000000000001,5.300000000000001,11,5.5,,,,,,,,,,,,,,,,,,,"Yariel Rodriguez","33838",684320
"Gage Ziehl","BOS",0,0,0,5.18176,1,0,0,0,,1,6,1,1,1,0,1,,0,1,8.35651,4.45452,1.87596,1.33294,0.196823,0.104918,0.09190420806407928,0.24534,1.5148,0.283009,0.676112,,,4.8334,-0.00161495,-0.013817,999,,,,,,,3.8000000000000003,3.8000000000000003,4,4,,,,,,,,,,,,,,,,,,,"Gage Ziehl","sa3045855",695721
"Ethan Roberts","CHC",0,0,0,4.59036,3,0,0,0,,3,15,3,2,2,0,2,,0,3,8.29283,4.07413,2.03548,1.18281,0.209946,0.103143,0.10680297762155533,0.251496,1.41764,0.299398,0.699754,,,4.60495,-0.00163902,-0.0165539,999,,,,,,,14.400000000000002,4.800000000000001,15,5,,,,,,,,,,,,,,,,,,,"Ethan Roberts","24930",681799
"Carson Palmquist","WSN",0,0,0,4.48945,3,0,0,0,,3,14,3,2,2,0,1,,0,3,8.46455,4.17279,2.02851,1.26115,0.215963,0.106464,0.10949891060590744,0.242395,1.38338,0.287282,0.708536,,,4.70576,-0.00165819,-0.0140188,999,,,,,,,17.400000000000002,5.800000000000001,18,6,,,,,,,,,,,,,,,,,,,"Carson Palmquist","31612",687223
"Austin Peterson","CLE",0,0,0,4.34679,3,0,0,0,,4,18,4,2,2,1,1,,0,3,6.55582,2.20903,2.96774,1.35392,0.170055,0.0573013,0.11275415495038033,0.265347,1.30641,0.291878,0.715318,,,4.43728,-0.00169678,0.0148505,999,,,,,,,9.9,2.475,10,2.5,,,,,,,,,,,,,,,,,,,"Austin Peterson","sa3020868",804926
"Brian Keller","PHI",0,0,0,5.18175,2,0,0,0,,2,9,2,1,1,0,1,,0,2,8.35651,4.45452,1.87596,1.33294,0.196823,0.104918,0.09190421551465988,0.24534,1.5148,0.283009,0.676112,,,4.8334,-0.00170443,0.00107082,999,,,,,,,10.600000000000001,5.300000000000001,11,5.5,,,,,,,,,,,,,,,,,,,"Brian Keller","19593",662144
"Mitch Spence","KCR",0,0,0,4.84202,2,0,0,0,,4,19,5,3,2,1,1,,0,3,6.64133,3.0592,2.17094,1.30735,0.168793,0.0777513,0.09104206413030624,0.267833,1.40694,0.297273,0.683094,,,4.65944,-0.00171495,-0.016863,999,,,,,,,7.300000000000001,1.8250000000000002,10,2.5,,,,,,,,,,,,,,,,,,,"Mitch Spence","27707",687765
"Brenan Hanifee","DET",0,0,0,4.48968,7,0,0,0,,7,31,8,4,4,1,2,,0,5,6.19089,2.49601,2.48031,1.14974,0.158739,0.0639994,0.09473933279514313,0.272549,1.37061,0.302136,0.695087,,,4.33464,-0.00172886,-0.0129305,999,,,,,,,22.7,3.242857142857143,26,3.7142857142857144,,,,,,,,,,,,,,,,,,,"Brenan Hanifee","22304",669724
"Wilber Dotel","PIT",0,0,0,4.4788,4,0,0,0,,6,26,6,3,3,1,2,,0,5,7.3768,3.49687,2.10954,1.11826,0.18743,0.0888489,0.0985814556479454,0.258643,1.40544,0.298767,0.702014,,,4.38353,-0.00174727,0.0000586279,999,,,,,,,20.500000000000007,3.416666666666668,21,3.5,,,,,,,,,,,,,,,,,,,"Wilber Dotel","28901",696062
"Chase Solesky","CIN",0,0,0,5.07753,4,0,0,0,,5,20,5,3,3,1,2,,0,3,6.11534,3.21731,1.90076,1.41627,0.154049,0.0810457,0.07300298660993576,0.270957,1.44763,0.292732,0.679856,,,4.93261,-0.00185105,-0.0148587,999,,,,,,,11.7,2.34,12,2.4,,,,,,,,,,,,,,,,,,,"Chase Solesky","25480",686678
"Kyle Nicolas","WSN",0,0,0,5.24011,2,0,0,0,,2,10,2,1,1,0,1,,0,2,9.1437,5.41772,1.68774,1.2247,0.22482,0.133208,0.09161244332790375,0.244295,1.54339,0.298101,0.673027,,,4.81662,-0.00192337,0.000614668,999,,,,,,,10.600000000000001,5.300000000000001,11,5.5,,,,,,,,,,,,,,,,,,,"Kyle Nicolas","27775",693312
"Eduardo Rivera","BOS",0,0,0,4.72282,5,0,0,0,,7,30,6,4,4,1,4,,0,6,8.38435,4.75211,1.76434,1.14907,0.209114,0.118522,0.0905916690826416,0.246119,1.48279,0.293292,0.699671,,,4.6068,-0.00192914,0.000247845,999,,,,,,,23.9,3.414285714285714,22,3.142857142857143,,,,,,,,,,,,,,,,,,,"Eduardo Rivera","31280",700842
"Kade Strowd","ARI",0,0,0,4.11601,4,0,0,0,,4,18,4,2,2,0,2,,0,4,8.43428,4.59512,1.83548,0.978317,0.211565,0.115264,0.09630091488361359,0.245009,1.45745,0.29735,0.735747,,,4.31696,-0.00206078,0.000427876,999,,,,,,,21.200000000000003,5.300000000000001,22,5.5,,,,,,,,,,,,,,,,,,,"Kade Strowd","26191",669704
"C.J. Culpepper","MIN",0,0,0,4.82806,2,0,0,0,,2,7,2,1,1,0,1,,0,1,6.9326,4.20908,1.64706,0.990371,0.170732,0.103659,0.06707318872213364,0.253472,1.4718,0.290179,0.678497,,,4.62394,-0.00213858,0.000281407,999,,,,,,,8.600000000000001,4.300000000000001,9,4.5,,,,,,,,,,,,,,,,,,,"C.J. Culpepper","sa3020563",690217
"Guillo Zuñiga","NYM",0,0,0,5.38708,2,0,0,0,,2,7,2,1,1,0,1,,0,1,7.77799,4.64881,1.67311,1.17226,0.191323,0.114352,0.07697175443172455,0.263674,1.54662,0.308989,0.656769,,,4.87938,-0.00220597,-0.000542903,999,,,,,,,8.600000000000001,4.300000000000001,9,4.5,,,,,,,,,,,,,,,,,,,"Guillo Zuniga","19588",670871
"Chayce McDermott","NYM",0,0,0,4.65497,6,0,0,0,,6,24,5,3,3,1,3,,0,6,8.99541,4.68706,1.9192,1.28969,0.226871,0.118211,0.10865985602140427,0.237328,1.43151,0.2848,0.706249,,,4.65169,-0.00220927,-0.00162871,999,,,,,,,22.10000000000001,3.683333333333335,20,3.3333333333333335,,,,,,,,,,,,,,,,,,,"Chayce McDermott","29866",694646
"Luis De León","BAL",0,0,0,4.70455,3,0,0,0,,4,16,4,2,2,0,2,,0,3,7.46591,4.19318,1.78049,1.125,0.186224,0.104592,0.08163265138864517,0.252174,1.45455,0.291188,0.692718,,,4.65154,-0.00225731,-0.00129681,999,,,,,,,19.200000000000003,4.800000000000001,20,5,,,,,,,,,,,,,,,,,,,"Luis De Leon","sa3019283",801725
"Brandon Neeck","PIT",0,0,0,4.84777,2,0,0,0,,2,8,2,1,1,0,1,,0,1,7.37705,4.637,1.59091,1.05386,0.179487,0.112821,0.06666667014360428,0.254438,1.52225,0.294574,0.689655,,,4.79296,-0.00231973,0.00102642,999,,,,,,,8.600000000000001,4.300000000000001,9,4.5,,,,,,,,,,,,,,,,,,,"Brandon Neeck","sa3021978",677957
"Lucas Giolito","SDP",0,0,0,4.50952,2,0,0,0,,2,8,2,1,1,0,1,,0,2,8.12832,3.89853,2.08497,1.48701,0.208804,0.100147,0.10865664482116699,0.238708,1.35531,0.270842,0.72125,,,4.81181,-0.00233289,-0.0013106,728.47998046875,,,,,,,10.600000000000001,5.300000000000001,11,5.5,,,,,,,,,,,,,,,,,,,"Lucas Giolito","15474",608337
"Yerry Rodríguez","NYY",0,0,0,5.18175,2,0,0,0,,2,9,2,1,1,0,1,,0,2,8.35651,4.45452,1.87596,1.33294,0.196823,0.104918,0.09190421551465988,0.24534,1.5148,0.283009,0.676112,,,4.8334,-0.00234881,0.000310187,999,,,,,,,10.600000000000001,5.300000000000001,11,5.5,,,,,,,,,,,,,,,,,,,"Yerry Rodriguez","21955",666720
"Robinson Ortiz","SEA",0,0,0,4.38134,4,0,0,0,,4,17,3,2,2,0,2,,0,4,8.94523,4.92901,1.81481,0.912779,0.221719,0.122172,0.09954751282930374,0.227513,1.41988,0.281481,0.698413,,,4.36125,-0.00235589,-0.00365609,999,,,,,,,23.8,5.95,22,5.5,,,,,,,,,,,,,,,,,,,"Robinson Ortiz","sa3004006",673662
"Julian Aguiar","CIN",0,0,0,5.29989,2,0,0,0,,3,12,3,2,2,0,1,,0,2,6.28135,2.74809,2.28571,1.47219,0.159601,0.0698254,0.08977556228637695,0.26776,1.37405,0.289199,0.647619,,,4.95904,-0.00244149,-0.000301813,999,,,,,,,15.400000000000002,5.133333333333334,16,5.333333333333333,,,,,,,,,,,,,,,,,,,"Julian Aguiar","30031",687924
"Connor Thomas","KCR",0,1,0,4.59073,8,0,0,2,,8,35,9,5,4,1,3,,0,5,5.76085,2.93126,1.96531,1.13556,0.147032,0.0748133,0.07221835851669312,0.268512,1.39211,0.293339,0.689178,,,4.58909,-0.00263148,-0.0485271,999,,,,,,,32.50000000000001,4.062500000000001,36,4.5,,,,,,,,,,,,,,,,,,,"Connor Thomas","25873",671162
"Logan VanWey","HOU",0,0,0,4.43181,4,0,0,0,,4,16,3,2,2,0,2,,0,4,8.78128,4.60849,1.90545,1.10604,0.221171,0.116072,0.10509828478097916,0.242612,1.43823,0.295441,0.71316,,,4.51153,-0.00264066,0.000237813,999,,,,,,,23.8,5.95,22,5.5,,,,,,,,,,,,,,,,,,,"Logan VanWey","31884",701121
"Luis Perales","WSN",0,1,0,4.80119,7,0,0,0,,8,37,8,5,4,1,4,,1,9,9.32316,4.75793,1.9595,1.09684,0.233318,0.11907,0.11424797773361206,0.244892,1.46431,0.305601,0.683669,,,4.45359,-0.00270924,-0.0148907,999,,,,,,,29.100000000000005,3.6375000000000006,30,3.75,,,,,,,,,,,,,,,,,,,"Luis Perales","28148",691384
"Zach Brzykcy","MIA",0,0,0,4.68895,7,0,0,0,,7,31,7,4,4,1,4,,0,7,8.95718,4.5206,1.98141,1.10914,0.225497,0.113806,0.11169068515300751,0.243478,1.43959,0.298065,0.689229,,,4.3867,-0.00273225,-0.0139527,999,,,,,,,23.300000000000015,3.3285714285714305,24,3.4285714285714284,,,,,,,,,,,,,,,,,,,"Zach Brzykcy","27783",694350
"Jake Brooks","COL",0,1,0,5.11765,4,0,0,0,,6,26,7,4,3,1,2,,0,3,5.11765,2.38235,2.14815,1.32353,0.127473,0.0593407,0.06813187524676323,0.283333,1.43137,0.299712,0.664,,,4.88728,-0.00282623,-0.0101617,999,,,,,,,13.90000000000001,2.316666666666668,17,2.8333333333333335,,,,,,,,,,,,,,,,,,,"Jake Brooks","sa3023205",694860
"Spencer Bivens","SFG",0,0,0,4.39257,4,0,0,0,,4,15,4,2,2,0,1,,0,3,6.97997,3.19331,2.18581,1.15434,0.177668,0.0812824,0.09638548642396927,0.264757,1.39913,0.301273,0.712243,,,4.46185,-0.00285411,-0.00142663,999,,,,,,,22.200000000000003,5.550000000000001,23,5.75,,,,,,,,,,,,,,,,,,,"Spencer Bivens","30226",702352
"Zach Maxwell","CIN",0,0,0,5.14444,7,0,0,0,,7,31,7,4,4,1,4,,0,7,9.55987,5.30831,1.80093,1.37623,0.235609,0.130827,0.10478261113166809,0.241175,1.53124,0.293304,0.690828,,,4.76132,-0.00296105,-0.0125774,999,,,,,,,23.300000000000015,3.3285714285714305,24,3.4285714285714284,,,,,,,,,,,,,,,,,,,"Zach Maxwell","31610",687209
"Alimber Santa","HOU",0,0,0,4.26638,6,0,0,0,,6,29,6,3,3,1,3,,0,6,8.25527,4.70585,1.75426,0.973228,0.206598,0.117769,0.08882834017276764,0.243973,1.46825,0.293816,0.723682,,,4.34919,-0.00297615,0.000356719,999,,,,,,,19.500000000000007,3.2500000000000013,20,3.3333333333333335,,,,,,,,,,,,,,,,,,,"Alimber Santa","28846",695001
"CJ Van Eyk","TOR",0,0,0,4.92563,3,0,0,0,,3,14,3,2,2,0,1,,0,2,5.8901,3.36902,1.74831,1.14319,0.14841,0.0848874,0.06352252513170242,0.27135,1.44744,0.298147,0.671512,,,4.791,-0.00306367,-0.0150689,999,,,,,,,15.400000000000002,5.133333333333334,16,5.333333333333333,,,,,,,,,,,,,,,,,,,"CJ Van Eyk","27568",669310
"Elmer Rodríguez","NYY",0,1,0,4.71,6,0,0,0,,8,34,8,4,4,1,3,,0,7,7.7172,3.93011,1.96361,1.1613,0.196289,0.0999634,0.09632568061351776,0.247169,1.39952,0.286633,0.681515,,,4.46459,-0.00311311,-0.0173875,748.5700073242188,,,,,,,31.100000000000005,3.8875000000000006,32,4,,,,,,,,,,,,,,,,,,,"Elmer Rodriguez","31811",695684
"Reiver Sanmartin","SFG",1,1,0,4.38247,9,0,0,2,,9,37,9,5,4,1,3,,0,6,6.67787,2.67359,2.49772,1.09874,0.171427,0.0686335,0.1027936041355133,0.267567,1.36371,0.302513,0.699556,,,4.21194,-0.00317238,-0.0320953,999,,,,,,,41.90000000000001,4.655555555555557,43,4.777777777777778,,,,,,,,,,,,,,,,,,,"Reiver Sanmartin","19754",665665
"Max Lazar","PHI",0,0,0,5.07322,3,0,0,0,,3,15,4,2,2,1,1,,0,3,6.83898,2.95956,2.31081,1.49311,0.174004,0.0753,0.09870409220457077,0.266709,1.40152,0.292876,0.674627,,,4.7557,-0.00329972,-0.0131289,999,,,,,,,2.5000000000000018,0.8333333333333339,5,1.6666666666666667,,,,,,,,,,,,,,,,,,,"Max Lazar","23426",676661
"Patrick Monteverde","MIA",0,0,0,4.64896,6,0,0,0,,6,26,6,3,3,1,2,,0,4,6.62009,2.92878,2.26036,1.21311,0.167969,0.0743108,0.09365798532962799,0.270747,1.41436,0.302748,0.695867,,,4.43607,-0.00334123,0.00104322,999,,,,,,,18.500000000000007,3.0833333333333344,19,3.1666666666666665,,,,,,,,,,,,,,,,,,,"Patrick Monteverde","29564",687287
"Blake Burkhalter","ATL",0,0,0,4.92857,2,0,0,0,,2,10,2,1,1,0,1,,0,2,6.75,3.32143,2.03226,1.39286,0.17027,0.0837838,0.08648648113012314,0.262687,1.41667,0.289575,0.684524,,,4.84526,-0.0033548,0.0000268194,999,,,,,,,10.600000000000001,5.300000000000001,11,5.5,,,,,,,,,,,,,,,,,,,"Blake Burkhalter","sa3020382",686628
"George Soriano","STL",0,1,0,4.75713,9,0,1,2,,9,40,9,5,5,1,4,,1,9,8.73711,3.7665,2.31969,1.2555,0.22414,0.0966253,0.12751521170139313,0.244499,1.35879,0.292741,0.674055,,,4.41147,-0.00341604,-0.049262,999,,,,,,,46.90000000000001,5.211111111111112,48,5.333333333333333,,,,,,,,,,,,,,,,,,,"George Soriano","21863",666277
"Owen Murphy","ATL",0,0,0,4.9779,3,0,0,0,,3,16,3,2,2,1,2,,0,3,8.38904,4.20456,1.99522,1.30869,0.202496,0.10149,0.101005420088768,0.243109,1.45767,0.281999,0.683268,,,4.69602,-0.00354364,-0.0306295,999,,,,,,,2.1000000000000023,0.7000000000000007,2,0.6666666666666666,,,,,,,,,,,,,,,,,,,"Owen Murphy","31761",702566
"Ben Lively","CLE",0,0,0,4.56907,2,0,0,0,,3,14,3,2,2,0,1,,0,2,6.58796,3.18772,2.06667,1.38135,0.17033,0.0824176,0.08791207522153854,0.259819,1.36954,0.285156,0.715746,,,4.78348,-0.0036027,-0.000786825,999,,,,,,,15.400000000000002,5.133333333333334,16,5.333333333333333,,,,,,,,,,,,,,,,,,,"Ben Lively","14932",594902
"Connor Phillips","CIN",0,0,0,5.28988,3,0,0,0,,3,13,3,2,2,0,2,,0,3,9.58799,5.78484,1.65743,1.22274,0.235203,0.141908,0.09329520165920258,0.239131,1.55201,0.29733,0.670534,,,4.90014,-0.00365895,-0.0138615,999,,,,,,,14.400000000000002,4.800000000000001,15,5,,,,,,,,,,,,,,,,,,,"Connor Phillips","27649",683175
"JP Sears","SDP",0,0,0,4.85643,2,0,0,0,,3,15,3,2,2,1,1,,0,3,7.69806,2.74198,2.80749,1.68624,0.201009,0.0715974,0.12941133975982666,0.252772,1.28747,0.279554,0.683739,,,4.90972,-0.00365982,-0.00230771,999,,,,,,,5.100000000000002,1.7000000000000008,5,1.6666666666666667,,,,,,,,,,,,,,,,,,,"JP Sears","23429",676664
"Yorman Gómez","CLE",0,0,0,4.41667,4,0,0,0,,4,17,4,2,2,1,2,,0,3,7.33333,3.58333,2.04651,1.25,0.185263,0.0905263,0.09473684430122375,0.254673,1.40741,0.289231,0.725191,,,4.56484,-0.00366129,0.000420562,999,,,,,,,6.9,1.725,7,1.75,,,,,,,,,,,,,,,,,,,"Yorman Gomez","sa3015931",691414
"Craig Yoho","CLE",0,1,0,4.85127,8,0,0,1,,8,35,8,5,4,1,4,,1,9,9.69926,4.25806,2.27786,1.20498,0.245524,0.107787,0.13773652911186218,0.246137,1.41283,0.309189,0.67483,,,4.38307,-0.0036904,-0.0295353,999,,,,,,,33.10000000000001,4.137500000000001,34,4.25,,,,,,,,,,,,,,,,,,,"Craig Yoho","33248",684974
"Jose Cuas","KCR",0,0,0,4.83722,7,0,0,1,,7,33,7,4,4,1,4,,1,7,8.49369,5.19887,1.63376,0.91063,0.209592,0.128288,0.08130358159542084,0.248984,1.52975,0.306194,0.681181,,,4.54773,-0.00371037,-0.0139192,999,,,,,,,24.300000000000015,3.4714285714285738,25,3.5714285714285716,,,,,,,,,,,,,,,,,,,"Jose Cuas","17701",621016
"Luis Curvelo","TEX",0,0,0,5.51023,2,0,0,0,,2,8,2,1,1,0,1,,0,2,7.74163,3.85787,2.00671,1.5535,0.196375,0.0978594,0.09851613640785217,0.252696,1.41122,0.283642,0.637616,,,5.08278,-0.0037377,-0.000313917,999,,,,,,,10.600000000000001,5.300000000000001,11,5.5,,,,,,,,,,,,,,,,,,,"Luis Curvelo","24710",681168
"Garrett Stallings","MIL",0,0,0,4.67239,7,0,0,0,,7,29,7,4,4,1,2,,0,5,6.74369,2.50281,2.69444,1.33831,0.174159,0.0646363,0.10952255874872208,0.264725,1.3378,0.293395,0.684745,,,4.41588,-0.00376251,-0.0165222,999,,,,,,,25.3,3.6142857142857143,26,3.7142857142857144,,,,,,,,,,,,,,,,,,,"Garrett Stallings","27485",668831
"Brody Hopkins","TBR",0,0,0,4.8,3,0,0,0,,3,11,2,1,1,0,1,,0,2,7.88572,4.2,1.87755,1.2,0.197425,0.10515,0.09227468818426132,0.244444,1.40952,0.284281,0.67757,,,4.80717,-0.00384777,0.0162294,999,,,,,,,18.000000000000004,6.000000000000001,16,5.333333333333333,,,,,,,,,,,,,,,,,,,"Brody Hopkins","sa3023515",811315
"JR Ritchie","ATL",0,0,0,4.73355,4,0,0,0,,6,25,5,3,3,1,2,,0,5,8.11908,3.94044,2.06045,1.22718,0.207001,0.100464,0.10653705894947052,0.24736,1.38775,0.290376,0.68184,,,4.60511,-0.00386267,-0.0181565,999,,,,,,,23.10000000000001,3.8500000000000014,21,3.5,,,,,,,,,,,,,,,,,,,"JR Ritchie","31760",702275
"Jack Ralston","MIA",0,1,0,4.52341,8,0,0,1,,8,38,8,5,4,1,5,,0,9,9.46443,5.41505,1.7478,1.04807,0.233013,0.133318,0.09969530999660492,0.24134,1.53628,0.302514,0.720901,,,4.41551,-0.00390025,-0.0288259,999,,,,,,,33.10000000000001,4.137500000000001,34,4.25,,,,,,,,,,,,,,,,,,,"Jack Ralston","26104",667652
"Tanner Rainey","DET",0,0,0,4.74137,9,0,0,1,,9,39,8,5,5,1,5,,1,9,9.13203,5.28225,1.72881,0.984827,0.228567,0.13221,0.09635679423809052,0.231365,1.46441,0.28782,0.680117,,,4.41636,-0.00398905,-0.012338,999,,,,,,,37.500000000000014,4.166666666666668,36,4,,,,,,,,,,,,,,,,,,,"Tanner Rainey","17610",663432
"Troy Taylor","SEA",0,0,0,4.70019,3,0,0,0,,3,15,3,2,2,0,2,,0,3,8.52998,4.00387,2.13043,1.21857,0.213974,0.100437,0.11353711038827896,0.238806,1.37331,0.282759,0.686275,,,4.57272,-0.00400083,-0.0187961,999,,,,,,,14.400000000000002,4.800000000000001,15,5,,,,,,,,,,,,,,,,,,,"Troy Taylor","31883",700187
"Colton Gordon","MIL",0,0,0,4.73536,4,0,0,0,,5,21,5,3,3,1,1,,0,4,7.70528,2.71988,2.83295,1.62183,0.198393,0.0700305,0.12836219370365143,0.263763,1.34705,0.295608,0.708049,,,4.77601,-0.00409071,-0.00160054,999,,,,,,,16.7,3.34,17,3.4,,,,,,,,,,,,,,,,,,,"Colton Gordon","31312",676467
"Angel Bastardo","BOS",0,0,0,4.45997,4,0,0,0,,4,16,4,2,2,1,2,,0,3,7.77637,4.1169,1.88889,1.25794,0.195965,0.103746,0.09221901744604111,0.246753,1.42313,0.283843,0.724638,,,4.65896,-0.00409289,0.00224206,999,,,,,,,6.9,1.725,7,1.75,,,,,,,,,,,,,,,,,,,"Angel Bastardo","sa3009716",682785
"Beau Brieske","DET",0,0,0,5.15349,4,0,0,0,,4,16,4,2,2,1,2,,0,3,7.54521,4.053,1.86164,1.42747,0.189772,0.101938,0.087833471596241,0.252724,1.44905,0.284316,0.673716,,,4.86628,-0.00410453,0.00122105,999,,,,,,,6.9,1.725,7,1.75,,,,,,,,,,,,,,,,,,,"Beau Brieske","26079",689225
"Antonio Senzatela","MIL",1,1,0,3.57827,10,0,0,2,,10,40,9,4,4,1,3,,0,7,6.30582,2.87267,2.19511,1.14607,0.167421,0.07627,0.09115094691514969,0.236287,1.22307,0.259073,0.757004,,,4.41618,-0.00423653,0.122731,999,,,,,,,51.300000000000004,5.130000000000001,50,5,,,,,,,,,,,,,,,,,,,"Antonio Senzatela","15488",622608
"Blake Walston","ARI",0,0,0,4.59075,3,0,0,0,,3,11,3,1,1,0,1,,0,2,6.40569,4.05694,1.57895,1.06762,0.159574,0.101064,0.05851063132286072,0.258258,1.47094,0.288973,0.709091,,,4.73223,-0.00424587,0.015833,999,,,,,,,15.400000000000002,5.133333333333334,16,5.333333333333333,,,,,,,,,,,,,,,,,,,"Blake Walston","26270",686796
"Matt Seelinger","NYM",0,0,0,5.06567,2,0,0,0,,2,8,2,1,1,0,1,,0,2,8.46541,4.47628,1.89117,1.51726,0.210061,0.111074,0.09898636490106583,0.253167,1.50507,0.292254,0.703891,,,4.88585,-0.00426944,-0.000542903,999,,,,,,,10.600000000000001,5.300000000000001,11,5.5,,,,,,,,,,,,,,,,,,,"Matt Seelinger","23563",676910
"Angel Chivilli","NYY",0,0,0,5.1427,4,0,0,0,,4,17,4,2,2,1,1,,0,4,8.85331,3.36069,2.63438,1.60683,0.227859,0.0864945,0.14136452227830887,0.250072,1.34445,0.291275,0.660898,,,4.7392,-0.00431654,0.000620373,999,,,,,,,11.9,2.975,12,3,,,,,,,,,,,,,,,,,,,"Angel Chivilli","26790",683409
"Daniel Espino","CLE",0,0,0,4.31648,7,0,0,0,,7,30,6,4,3,1,4,,0,8,10.5695,4.78554,2.20863,1.35418,0.265765,0.12033,0.14543503522872925,0.234195,1.4388,0.296908,0.747048,,,4.32788,-0.00439692,-0.0145143,999,,,,,,,27.900000000000013,3.9857142857142875,26,3.7142857142857144,,,,,,,,,,,,,,,,,,,"Daniel Espino","25625",682982
"Valente Bellozo","COL",0,0,0,5.63134,2,0,0,0,,2,8,2,1,1,0,1,,0,1,6.22396,3.1719,1.96222,1.81366,0.154425,0.0786993,0.07572577893733978,0.284045,1.51401,0.300362,0.676926,,,5.48648,-0.00442648,0.00361095,999,,,,,,,8.600000000000001,4.300000000000001,9,4.5,,,,,,,,,,,,,,,,,,,"Valente Bellozo","23899",678368
"Adam Macko","TEX",0,1,0,4.40278,8,0,0,1,,8,36,8,4,4,1,4,,1,8,8.24675,3.96865,2.07797,1.07088,0.211257,0.101665,0.10959205776453018,0.243697,1.36681,0.291931,0.695761,,,4.41225,-0.00448932,0.0077059,999,,,,,,,31.100000000000005,3.8875000000000006,32,4,,,,,,,,,,,,,,,,,,,"Adam Macko","25590",671936
"Shaun Anderson","LAA",0,0,0,5.4632,2,0,0,0,,2,11,3,2,1,0,1,,0,2,6.34946,2.83891,2.23659,1.59256,0.158881,0.0710375,0.0878438800573349,0.283529,1.47604,0.306341,0.664517,,,5.01366,-0.00461972,-0.0295447,999,,,,,,,8,4,11,5.5,,,,,,,,,,,,,,,,,,,"Shaun Anderson","19453",641312
"Mike Paredes","MIN",0,0,0,4.89875,2,0,0,0,,2,11,3,1,1,0,1,,0,2,6.03605,3.06262,1.97087,1.33804,0.15221,0.0772299,0.07498046010732651,0.274473,1.44336,0.298295,0.689531,,,4.83685,-0.00464475,0.000281407,999,,,,,,,8,4,11,5.5,,,,,,,,,,,,,,,,,,,"Mike Paredes","30187",702474
"Tyler Gilbert","CHW",0,0,0,5.24653,6,0,0,0,,6,27,6,4,4,1,2,,0,5,7.84869,3.62655,2.16423,1.3765,0.197644,0.0913229,0.10632121562957764,0.261411,1.4426,0.30037,0.658506,,,4.63339,-0.00465328,-0.0294319,999,,,,,,,20.500000000000007,3.416666666666668,21,3.5,,,,,,,,,,,,,,,,,,,"Tyler Gilbert","17964",656457
"Chase Lee","TOR",0,0,0,4.60036,7,0,0,0,,7,28,6,4,3,1,2,,0,6,8.38594,3.30393,2.53817,1.41237,0.215944,0.0850786,0.1308651864528656,0.251373,1.34397,0.293105,0.701231,,,4.54617,-0.00480691,-0.0150093,999,,,,,,,29.9,4.271428571428571,28,4,,,,,,,,,,,,,,,,,,,"Chase Lee","29574",695445
"Antwone Kelly","PIT",0,0,0,4.76466,5,0,0,0,,5,24,6,3,3,1,2,,0,4,6.83762,3.51489,1.94533,1.27305,0.17172,0.088273,0.0834471732378006,0.265976,1.45821,0.297536,0.70051,,,4.63308,-0.00482488,-0.0282745,999,,,,,,,11.1,2.2199999999999998,14,2.8,,,,,,,,,,,,,,,,,,,"Antwone Kelly","29000",699008
"Yilber Díaz","DET",0,0,0,4.61583,4,0,0,0,,4,20,4,3,2,1,2,,0,4,8.63963,4.6985,1.8388,1.42379,0.214946,0.116895,0.09805174171924591,0.249097,1.4928,0.292399,0.735716,,,4.92702,-0.00491967,-0.028514,999,,,,,,,8.9,2.225,9,2.25,,,,,,,,,,,,,,,,,,,"Yilber Diaz","29271",700270
"Cade Gibson","MIA",0,0,0,4.39362,6,0,0,0,,6,28,6,3,3,1,3,,1,5,7.21066,3.79891,1.89809,0.992071,0.182678,0.096243,0.08643481880426407,0.258738,1.41867,0.301451,0.702369,,,4.51635,-0.00496439,0.00104322,999,,,,,,,14.500000000000005,2.4166666666666674,15,2.5,,,,,,,,,,,,,,,,,,,"Cade Gibson","31815",806188
"Braxton Roxby","SFG",1,1,0,4.60397,8,0,0,1,,8,36,8,5,4,1,3,,1,8,8.34382,3.69142,2.26033,1.17454,0.214014,0.0946827,0.1193314790725708,0.252042,1.36101,0.302154,0.683166,,,4.60365,-0.00499497,-0.0340298,999,,,,,,,34.10000000000001,4.262500000000001,35,4.375,,,,,,,,,,,,,,,,,,,"Braxton Roxby","27793",694820
"Chris Devenski","NYM",0,0,0,4.36719,7,0,0,0,,7,30,7,4,3,1,2,,0,6,7.50473,2.55634,2.93573,1.48088,0.196424,0.0669082,0.12951604276895523,0.252348,1.27825,0.282062,0.716499,,,4.47073,-0.00506576,-0.0174762,999,,,,,,,27.3,3.9,28,4,,,,,,,,,,,,,,,,,,,"Chris Devenski","12763",606965
"Tom Cosgrove","WSN",0,1,0,5.391,8,0,0,2,,8,37,9,5,5,1,4,,1,8,8.21159,4.10824,1.99881,1.18847,0.204273,0.102197,0.10207565873861313,0.266234,1.49494,0.317357,0.64413,,,4.67314,-0.0050927,-0.073108,999,,,,,,,32.50000000000001,4.062500000000001,36,4.5,,,,,,,,,,,,,,,,,,,"Tom Cosgrove","23443",676680
"Alex McFarlane","PHI",0,0,0,5.18176,6,0,0,0,,6,26,6,4,3,1,3,,0,5,8.35651,4.45452,1.87596,1.33294,0.196823,0.104918,0.09190421551465988,0.24534,1.5148,0.283009,0.676112,,,4.8334,-0.00511329,-0.0262578,999,,,,,,,17.500000000000007,2.916666666666668,18,3,,,,,,,,,,,,,,,,,,,"Alex McFarlane","31773",686934
"Noah Murdock","PIT",0,0,0,4.85249,5,0,0,0,,5,23,5,3,3,1,3,,1,4,7.88559,5.36287,1.47041,0.918871,0.192249,0.130746,0.06150342524051666,0.257979,1.58628,0.310508,0.692996,,,4.81344,-0.00539035,-0.012262,999,,,,,,,7.699999999999999,1.5399999999999998,8,1.6,,,,,,,,,,,,,,,,,,,"Noah Murdock","27908",668716
"Duncan Davitt","ATL",0,0,0,4.91057,4,0,0,0,,4,16,4,2,2,1,1,,0,3,6.92687,2.77335,2.49765,1.3411,0.177532,0.0710795,0.10645243525505066,0.267835,1.36971,0.299705,0.668891,,,4.59662,-0.00541464,0.0000536388,999,,,,,,,9.9,2.475,10,2.5,,,,,,,,,,,,,,,,,,,"Duncan Davitt","31886",701474
"Travis Adams","MIN",0,1,0,4.62248,8,0,0,1,,8,36,9,5,4,1,3,,0,7,7.84091,3.3178,2.36329,1.26241,0.199489,0.0844116,0.11507737636566162,0.259417,1.3979,0.300731,0.698803,,,4.36339,-0.00552102,-0.0291864,999,,,,,,,32.50000000000001,4.062500000000001,36,4.5,,,,,,,,,,,,,,,,,,,"Travis Adams","30180",701519
"Antoine Kelly","CHC",0,0,0,4.16157,6,0,0,0,,6,27,5,3,3,1,3,,1,6,8.88812,4.98454,1.78314,0.946603,0.228613,0.128208,0.10040506720542908,0.2169,1.34697,0.26832,0.703802,,,4.46492,-0.00555498,-0.00205698,999,,,,,,,19.10000000000001,3.183333333333335,17,2.8333333333333335,,,,,,,,,,,,,,,,,,,"Antoine Kelly","25611",681520
"Trent Baker","MIN",0,0,0,4.80682,4,0,0,0,,4,16,4,2,2,1,1,,0,3,6.75,3.27273,2.0625,1.32955,0.170103,0.0824742,0.08762885630130768,0.267045,1.43182,0.296703,0.695733,,,4.73109,-0.00574581,0.000562813,999,,,,,,,9.9,2.475,10,2.5,,,,,,,,,,,,,,,,,,,"Trent Baker","sa3017504",694536
"Max Kranick","WSN",0,0,0,5.50183,8,0,0,2,,8,36,9,5,5,1,3,,0,6,6.43228,3.2566,1.97515,1.35266,0.159874,0.0809424,0.07893126457929611,0.280612,1.50545,0.309403,0.649385,,,4.79274,-0.00578572,-0.0600818,999,,,,,,,34.50000000000001,4.312500000000001,38,4.75,,,,,,,,,,,,,,,,,,,"Max Kranick","22175",668820
"Jose Franco","CIN",0,0,0,5.64087,4,0,0,0,,4,17,4,3,2,1,2,,0,3,7.93248,4.69622,1.68912,1.44374,0.195163,0.115541,0.07962178438901901,0.259412,1.54513,0.29725,0.654172,,,5.1201,-0.00584216,-0.0282346,999,,,,,,,6.9,1.725,7,1.75,,,,,,,,,,,,,,,,,,,"Jose Franco","27014",683742
"Cole Wilcox","SEA",0,0,0,4.46159,6,0,0,0,,6,25,6,3,3,1,2,,0,5,7.4972,3.89293,1.92585,0.982984,0.190192,0.0987573,0.09143457561731339,0.251998,1.41177,0.295559,0.693428,,,4.31946,-0.00589794,-0.00548413,999,,,,,,,20.500000000000007,3.416666666666668,21,3.5,,,,,,,,,,,,,,,,,,,"Cole Wilcox","27481",677961
"Peter Strzelecki","STL",0,0,0,4.95989,5,0,0,0,,5,21,5,3,3,1,2,,0,4,7.20237,4.03551,1.78475,0.988756,0.178095,0.0997874,0.07830782234668732,0.272659,1.5254,0.318151,0.675404,,,4.54134,-0.005933,-0.0166417,999,,,,,,,13.7,2.7399999999999998,14,2.8,,,,,,,,,,,,,,,,,,,"Peter Strzelecki","21367",657265
"Brandan Bidois","MIA",0,0,0,4.86405,4,0,0,0,,4,19,4,3,2,1,2,,0,4,9.16128,4.87158,1.88056,1.43441,0.22861,0.121565,0.10704496502876282,0.242165,1.47756,0.28892,0.709576,,,4.87863,-0.00598715,-0.0292388,999,,,,,,,8.9,2.225,9,2.25,,,,,,,,,,,,,,,,,,,"Brandan Bidois","28052",684049
"Juan Burgos","ARI",0,0,0,4.67308,5,0,0,0,,5,22,5,3,3,1,2,,1,4,7.11279,4.03699,1.7619,1.15342,0.177173,0.100558,0.07661525905132294,0.267107,1.49325,0.30626,0.706994,,,4.81738,-0.00602468,-0.014663,999,,,,,,,10.7,2.1399999999999997,11,2.2,,,,,,,,,,,,,,,,,,,"Juan Burgos","27271",686228
"Landon Knack","LAD",0,0,0,5.52931,4,0,0,0,,4,16,4,2,2,1,1,,0,3,7.77979,3.51804,2.2114,1.70082,0.196799,0.0889931,0.10780598223209381,0.259863,1.42308,0.288904,0.65195,,,5.07232,-0.00609654,-0.000287095,999,,,,,,,9.9,2.475,10,2.5,,,,,,,,,,,,,,,,,,,"Landon Knack","27487",689017
"Troy Watson","SEA",0,0,0,4.96863,3,0,0,0,,3,12,3,2,2,0,1,,0,2,6.54956,3.8394,1.70588,1.24216,0.162921,0.0955056,0.0674157366156578,0.2625,1.48055,0.290837,0.682261,,,4.77721,-0.00615307,-0.0187961,999,,,,,,,15.400000000000002,5.133333333333334,16,5.333333333333333,,,,,,,,,,,,,,,,,,,"Troy Watson","sa3007249",681890
"Matt Gage","SFG",0,0,0,4.63026,7,0,0,0,,7,31,7,4,4,1,3,,0,6,7.47806,3.72175,2.00929,1.18681,0.187376,0.093255,0.09412114322185516,0.263299,1.46581,0.303391,0.707619,,,4.44941,-0.00616213,-0.0181503,999,,,,,,,24.3,3.4714285714285715,25,3.5714285714285716,,,,,,,,,,,,,,,,,,,"Matt Gage","17381",657424
"Brendan Beck","NYY",0,1,0,4.81072,6,0,0,0,,7,32,8,4,4,1,2,,0,6,7.03475,2.56133,2.74652,1.484,0.18331,0.0667426,0.11656725406646729,0.257088,1.29869,0.283256,0.672088,,,4.62206,-0.0061689,-0.0302573,999,,,,,,,24.7,3.5285714285714285,28,4,,,,,,,,,,,,,,,,,,,"Brendan Beck","33043",694341
"Seth Johnson","ATH",0,1,0,4.77406,8,0,0,1,,8,35,7,4,4,1,4,,0,7,8.35867,4.9309,1.69516,1.24862,0.207066,0.122151,0.08491472154855728,0.246332,1.51289,0.289916,0.71005,,,4.73254,-0.00629975,0.0224239,999,,,,,,,34.7,4.3375,33,4.125,,,,,,,,,,,,,,,,,,,"Seth Johnson","26020",686751
"David Sandlin","CHW",0,0,0,5.16619,4,0,0,0,,4,17,4,2,2,1,1,,0,3,7.75003,3.3552,2.30986,1.59096,0.19451,0.0842088,0.1103016659617424,0.269303,1.45756,0.30366,0.688901,,,4.85635,-0.00667756,0.000532283,999,,,,,,,9.9,2.475,10,2.5,,,,,,,,,,,,,,,,,,,"David Sandlin","31743",689818
"Najer Victor","LAA",0,0,0,5.18175,4,0,0,0,,4,19,4,3,2,1,2,,0,4,8.35651,4.45452,1.87596,1.33294,0.196823,0.104918,0.09190420806407928,0.24534,1.5148,0.283009,0.676112,,,4.8334,-0.00683822,-0.030012,999,,,,,,,8.9,2.225,9,2.25,,,,,,,,,,,,,,,,,,,"Najer Victor","sa3025330",695402
"Hagen Smith","CHW",0,1,0,4.9172,10,0,0,2,,11,46,10,6,6,1,6,,1,11,9.1504,4.71152,1.94213,1.19279,0.230511,0.118689,0.11182127147912979,0.241879,1.43603,0.297321,0.67347,,,4.687,-0.00685465,-0.103768,999,,,,,,,52.10000000000001,4.736363636363637,51,4.636363636363637,,,,,,,,,,,,,,,,,,,"Hagen Smith","35205",696146
"TJ Shook","COL",0,0,0,5.32196,5,0,0,0,,5,21,5,3,3,1,2,,0,4,7.01945,3.43578,2.04305,1.39934,0.175136,0.0857231,0.08941314369440079,0.276964,1.48633,0.3109,0.664941,,,4.9403,-0.00712846,-0.00461804,999,,,,,,,13.7,2.7399999999999998,14,2.8,,,,,,,,,,,,,,,,,,,"TJ Shook","27567",669298
"Victor Mederos","ATL",1,1,0,4.80635,8,0,0,1,,9,38,9,5,5,1,4,,1,7,6.98213,3.71945,1.8772,1.11068,0.176769,0.0941668,0.08260266482830048,0.261068,1.42245,0.298603,0.673753,,,4.70551,-0.00719131,-0.0217147,999,,,,,,,33.90000000000001,3.766666666666668,35,3.888888888888889,,,,,,,,,,,,,,,,,,,"Victor Mederos","31533",682989
"Jack Weisenburger","NYM",0,0,0,5.18176,5,0,0,0,,5,22,5,3,3,1,2,,0,4,8.35651,4.45452,1.87596,1.33294,0.196823,0.104918,0.09190423786640167,0.24534,1.5148,0.283009,0.676112,,,4.8334,-0.00720834,-0.0168987,999,,,,,,,13.7,2.7399999999999998,14,2.8,,,,,,,,,,,,,,,,,,,"Jack Weisenburger","26333",674073
"Woo-Suk Go","MIN",0,0,0,5.80102,2,0,0,0,,2,10,2,2,1,0,1,,0,2,7.40418,4.63644,1.59695,1.45268,0.178323,0.111665,0.06665867567062378,0.278427,1.64354,0.315117,0.665178,,,5.21853,-0.00723796,-0.0291933,999,,,,,,,10.600000000000001,5.300000000000001,11,5.5,,,,,,,,,,,,,,,,,,,"Woo-Suk Go","33827",808970
"Sam Aldegheri","LAA",0,0,0,5.49914,3,0,0,0,,4,18,4,3,2,1,2,,0,3,6.85156,4.2198,1.62367,1.39725,0.169206,0.104212,0.06499402970075607,0.268319,1.53237,0.298077,0.660235,,,5.18578,-0.00749794,-0.0160527,999,,,,,,,6.9,1.725,7,1.75,,,,,,,,,,,,,,,,,,,"Sam Aldegheri","26443",691951
"Cole Henry","WSN",0,0,0,5.51097,3,0,0,0,,3,13,3,2,2,1,2,,0,3,8.98683,5.04816,1.78022,1.51167,0.224192,0.125935,0.09825700521469116,0.245783,1.47949,0.29197,0.654093,,,5.41944,-0.00751411,-0.0140188,736.2100219726562,,,,,,,2.1000000000000023,0.7000000000000007,2,0.6666666666666666,,,,,,,,,,,,,,,,,,,"Cole Henry","27570",669371
"Eiberson Castellano","COL",0,1,0,5.05018,7,0,0,0,,9,40,9,5,5,1,4,,1,7,7.47435,3.85165,1.94056,1.18512,0.185832,0.0957621,0.090069979429245,0.275101,1.50014,0.320417,0.676563,,,4.84907,-0.00760726,-0.0193263,999,,,,,,,29.900000000000013,3.3222222222222237,31,3.4444444444444446,,,,,,,,,,,,,,,,,,,"Eiberson Castellano","28040",682769
"Sam Bachman","LAA",0,0,0,4.8061,6,0,0,0,,6,29,6,4,3,1,4,,1,6,8.80411,4.96006,1.775,1.06435,0.217842,0.122728,0.09511429071426392,0.250005,1.51648,0.306379,0.692888,,,4.55186,-0.00764139,-0.0301112,999,,,,,,,13.500000000000005,2.250000000000001,14,2.3333333333333335,,,,,,,,,,,,,,,,,,,"Sam Bachman","29754",696147
"Ryan Rolison","CHC",0,1,0,4.49846,9,0,0,2,,9,38,9,5,4,1,4,,0,7,7.52627,3.71719,2.02472,1.1611,0.191222,0.0944438,0.09677837044000626,0.251138,1.40501,0.289132,0.703789,,,4.35769,-0.00798099,-0.0317755,999,,,,,,,40.90000000000001,4.544444444444446,42,4.666666666666667,,,,,,,,,,,,,,,,,,,"Ryan Rolison","22200",669020
"Gavin Collyer","TEX",0,0,0,5.14405,5,0,0,0,,5,24,5,3,3,1,4,,1,5,9.08143,5.83341,1.5568,1.04284,0.22296,0.143217,0.07974286377429962,0.242928,1.55024,0.303738,0.669284,,,5.00852,-0.00809406,-0.01624,999,,,,,,,6.699999999999999,1.3399999999999999,7,1.4,,,,,,,,,,,,,,,,,,,"Gavin Collyer","26349",686560
"Chase Shugart","PHI",0,1,0,4.97121,8,0,0,1,,8,35,8,5,4,1,3,,1,8,8.51031,3.64727,2.33333,1.60015,0.216099,0.0926137,0.12348492443561554,0.255651,1.4038,0.294967,0.695664,,,4.91296,-0.00847544,-0.0252776,999,,,,,,,34.10000000000001,4.262500000000001,35,4.375,,,,,,,,,,,,,,,,,,,"Chase Shugart","21544",663767
"Brett Kerry","LAA",0,0,0,5.39302,5,0,0,0,,6,27,7,4,4,1,2,,0,4,6.43327,2.72419,2.36154,1.5926,0.163949,0.0694247,0.09452442079782486,0.271758,1.396,0.29264,0.648518,,,4.96468,-0.00855994,-0.0160381,999,,,,,,,15.90000000000001,2.6500000000000017,19,3.1666666666666665,,,,,,,,,,,,,,,,,,,"Brett Kerry","29826",695049
"Chad Dallas","TOR",0,0,0,5.07873,6,0,0,0,,7,31,7,4,4,1,3,,0,6,8.37295,4.32819,1.93451,1.32069,0.199655,0.103207,0.09644812345504761,0.244224,1.48593,0.282506,0.679654,,,4.76397,-0.00863685,-0.0311348,999,,,,,,,24.3,3.4714285714285715,25,3.5714285714285716,,,,,,,,,,,,,,,,,,,"Chad Dallas","30158",689149
"Colin Rea","CHC",1,1,0,4.70255,7,0,0,0,,10,41,10,5,5,1,3,,0,7,6.86309,2.84924,2.40874,1.39166,0.177187,0.0735599,0.10362675040960312,0.259582,1.33869,0.287214,0.686814,,,4.66709,-0.0086493,-0.0210322,748.260009765625,,,,,,,40.7,4.07,42,4.2,,,,,,,,,,,,,,,,,,,"Colin Rea","12317",607067
"Ricky Vanasco","ATL",0,0,0,5.00063,5,0,0,0,,5,22,5,3,3,1,3,,0,5,8.58681,5.00897,1.71429,1.36457,0.21214,0.123748,0.08839159458875656,0.248083,1.52413,0.291987,0.701438,,,4.93792,-0.00869966,-0.0152158,999,,,,,,,12.7,2.54,13,2.6,,,,,,,,,,,,,,,,,,,"Ricky Vanasco","23391",676568
"Tanner McDougal","CHW",0,0,0,5.04054,5,0,0,0,,5,22,5,3,3,1,2,,0,4,7.93229,4.29429,1.84717,1.24778,0.197986,0.107183,0.09080240875482559,0.258246,1.48123,0.301749,0.677839,,,4.81368,-0.00872306,-0.0145263,999,,,,,,,13.7,2.7399999999999998,14,2.8,,,,,,,,,,,,,,,,,,,"Tanner McDougal","29887",701780
"Josh Fleming","STL",0,0,0,4.81139,4,0,0,0,,4,16,4,2,2,0,1,,0,2,4.3256,2.76239,1.56589,1.14564,0.108416,0.0692358,0.0391799658536911,0.286839,1.4765,0.300409,0.689688,,,4.84406,-0.00887193,-0.000911767,999,,,,,,,20.200000000000003,5.050000000000001,21,5.25,,,,,,,,,,,,,,,,,,,"Josh Fleming","20418",676596
"Alec Gamboa","BOS",0,1,0,4.68201,8,0,0,1,,8,35,8,4,4,1,4,,0,5,5.92175,4.36469,1.35674,0.907266,0.145191,0.107014,0.03817643225193024,0.269676,1.56821,0.30154,0.702658,,,4.62272,-0.00915102,0.00448411,999,,,,,,,28.100000000000005,3.5125000000000006,29,3.625,,,,,,,,,,,,,,,,,,,"Alec Gamboa","26227",687941
"Luis Mey","CIN",0,1,0,5.05678,9,0,0,2,,9,43,8,6,5,1,6,,1,10,9.91769,5.86045,1.69231,1.10328,0.243247,0.143737,0.0995100885629654,0.238526,1.55158,0.304987,0.681803,,,4.73894,-0.00925659,-0.139417,999,,,,,,,40.500000000000014,4.500000000000002,39,4.333333333333333,,,,,,,,,,,,,,,,,,,"Luis Mey","25620",682825
"Hunter Parks","CIN",0,0,0,6.31879,2,0,0,0,,2,12,3,2,2,0,2,,0,2,7.17268,5.97723,1.2,1.537,0.167331,0.139442,0.027888447046279907,0.258373,1.6888,0.28481,0.641361,,,6.10044,-0.00947408,-0.0283918,999,,,,,,,5.000000000000001,2.5000000000000004,8,4,,,,,,,,,,,,,,,,,,,"Hunter Parks","sa3017640",688609
"Yovanny Cruz","WSN",0,1,0,5.77702,7,0,0,1,,7,34,8,5,5,1,4,,1,7,8.94602,4.79639,1.86516,1.25489,0.216726,0.116197,0.10052856802940369,0.274849,1.61096,0.336556,0.645064,,,4.90055,-0.00974004,-0.0425123,999,,,,,,,21.700000000000014,3.100000000000002,25,3.5714285714285716,,,,,,,,,,,,,,,,,,,"Yovanny Cruz","22622",672442
"Alex Cook","TBR",0,0,0,4.86773,5,0,0,0,,5,21,5,3,3,1,2,,0,4,7.988,3.45134,2.31447,1.60628,0.202736,0.0875953,0.11514095962047577,0.25818,1.40791,0.291522,0.708107,,,4.85847,-0.00983457,-0.0135916,999,,,,,,,13.7,2.7399999999999998,14,2.8,,,,,,,,,,,,,,,,,,,"Alex Cook","32015",702047
"Robby Ahlstrom","TEX",0,0,0,4.95051,7,0,0,0,,7,30,7,4,4,1,3,,0,6,7.94855,4.15147,1.91463,1.29607,0.199876,0.104394,0.09548233449459076,0.252966,1.4484,0.293256,0.682161,,,4.73832,-0.00984221,-0.0165881,999,,,,,,,24.3,3.4714285714285715,25,3.5714285714285716,,,,,,,,,,,,,,,,,,,"Robby Ahlstrom","30167",695239
"Hancel Rincon","STL",0,0,0,4.79017,7,0,0,0,,7,28,7,4,3,1,2,,0,5,6.26407,2.76356,2.26667,1.38178,0.159624,0.0704225,0.08920188248157501,0.265985,1.37155,0.288961,0.690265,,,4.76197,-0.00990831,-0.017132,999,,,,,,,25.3,3.6142857142857143,26,3.7142857142857144,,,,,,,,,,,,,,,,,,,"Hancel Rincon","sa3009629",684516
"Cameron Weston","BAL",0,0,0,4.93851,5,0,0,0,,6,26,6,4,3,1,2,,1,5,7.567,3.57726,2.11531,1.32991,0.19233,0.0909227,0.10140687227249146,0.258736,1.40322,0.295996,0.674371,,,4.77598,-0.00995,-0.0171951,999,,,,,,,17.500000000000007,2.916666666666668,18,3,,,,,,,,,,,,,,,,,,,"Cameron Weston","31696",687721
"Kai-Wei Teng","HOU",1,1,0,4.84751,8,0,0,1,,9,41,9,6,5,1,4,,1,9,8.7234,4.10059,2.12735,1.19279,0.223024,0.104836,0.11818747222423553,0.245433,1.37356,0.297697,0.663385,,,4.68562,-0.00998063,-0.0309806,999,,,,,,,37.90000000000001,4.211111111111112,39,4.333333333333333,,,,,,,,,,,,,,,,,,,"Kai-Wei Teng","24282",678906
"Mitch Farris","LAA",0,0,0,5.21335,7,0,0,0,,7,30,7,4,4,1,3,,0,7,8.64168,3.90424,2.21341,1.44206,0.216511,0.097818,0.11869294196367264,0.258519,1.46185,0.30383,0.672485,,,4.62037,-0.0102923,-0.0149824,999,,,,,,,26.300000000000015,3.7571428571428593,27,3.857142857142857,,,,,,,,,,,,,,,,,,,"Mitch Farris","33628",815083
"Eric Cerantola","SFG",0,0,0,5.21851,3,0,0,0,,3,14,3,2,2,0,2,,0,3,9.1182,5.69353,1.6015,1.32706,0.223226,0.139385,0.08384062349796295,0.243608,1.5629,0.294498,0.687555,,,5.13341,-0.0104682,-0.0166077,999,,,,,,,14.400000000000002,4.800000000000001,15,5,,,,,,,,,,,,,,,,,,,"Eric Cerantola","30128",672021
"Xzavion Curry","NYM",0,0,0,4.29108,6,0,0,0,,6,26,6,3,3,1,2,,0,4,6.18926,3.46024,1.78868,1.47226,0.160903,0.0899566,0.07094691693782806,0.240179,1.31173,0.253761,0.732867,,,5.07435,-0.0105599,-0.00162871,999,,,,,,,18.500000000000007,3.0833333333333344,19,3.1666666666666665,,,,,,,,,,,,,,,,,,,"Xzavion Curry","25595",675540
"Blas Castaño","COL",0,0,0,6.45485,4,0,0,0,,4,19,5,3,3,1,2,,0,3,6.12729,3.52624,1.73763,1.43602,0.145399,0.0836768,0.061722174286842346,0.317566,1.71664,0.349778,0.627533,,,5.32752,-0.0106521,-0.0197937,999,,,,,,,4.300000000000001,1.0750000000000002,7,1.75,,,,,,,,,,,,,,,,,,,"Blas Castano","26117",680604
"Eddy Yean","WSN",0,0,0,5.18175,7,0,0,1,,7,32,7,4,4,1,3,,0,6,8.3565,4.45452,1.87596,1.33294,0.196823,0.104918,0.09190420806407928,0.24534,1.5148,0.283009,0.676112,,,4.8334,-0.011089,-0.0168409,999,,,,,,,28.3,4.042857142857143,29,4.142857142857143,,,,,,,,,,,,,,,,,,,"Eddy Yean","24248",678868
"Cam Sanders","BAL",0,1,0,4.74709,8,0,0,1,,8,38,8,5,4,1,5,,1,9,9.63715,5.60088,1.72065,1.16821,0.237868,0.138243,0.0996248871088028,0.238825,1.5243,0.299743,0.708323,,,4.80388,-0.0112966,-0.0320367,999,,,,,,,30.100000000000005,3.7625000000000006,31,3.875,,,,,,,,,,,,,,,,,,,"Cam Sanders","23479",676742
"Josh Simpson","SEA",0,0,0,5.01481,5,0,0,0,,5,23,5,3,3,1,3,,0,6,9.98254,4.65578,2.14412,1.49259,0.25069,0.11692,0.13377004861831665,0.242743,1.44654,0.299012,0.692452,,,4.81026,-0.0115179,-0.0207108,999,,,,,,,14.7,2.94,15,3,,,,,,,,,,,,,,,,,,,"Josh Simpson","25957",681006
"Brendan Cellucci","TOR",0,0,0,4.98845,5,0,0,0,,5,22,4,3,3,1,3,,0,4,8.31409,5.40416,1.53846,1.24711,0.201005,0.130653,0.07035176455974579,0.242604,1.54734,0.284553,0.699659,,,5.11569,-0.0116877,-0.0150611,999,,,,,,,13.299999999999999,2.6599999999999997,11,2.2,,,,,,,,,,,,,,,,,,,"Brendan Cellucci","sa3011710",676454
"Tyler Schweitzer","CHW",0,1,0,4.94239,8,0,0,1,,8,36,9,5,4,1,3,,0,6,6.18784,3.32064,1.86345,1.31849,0.155287,0.0833331,0.07195362448692322,0.270924,1.46391,0.295698,0.688747,,,4.77081,-0.0118318,-0.0292613,999,,,,,,,30.500000000000007,3.812500000000001,34,4.25,,,,,,,,,,,,,,,,,,,"Tyler Schweitzer","31920",805326
"Yunior Tur","ATH",0,0,0,5.55275,4,0,0,0,,4,18,4,3,2,1,2,,0,3,7.36943,4.32361,1.70446,1.58318,0.181608,0.106549,0.07505931705236435,0.268068,1.53993,0.29875,0.671977,,,5.40143,-0.0119242,-0.0228572,999,,,,,,,6.9,1.725,7,1.75,,,,,,,,,,,,,,,,,,,"Yunior Tur","33026",814305
"Jason Alexander","HOU",0,0,0,4.88336,5,0,0,0,,6,28,7,4,3,1,2,,0,5,6.77208,3.29254,2.0568,1.46261,0.170185,0.082743,0.08744237571954727,0.272397,1.4556,0.300502,0.705019,,,4.95336,-0.0120966,-0.0159585,999,,,,,,,17.90000000000001,2.9833333333333347,21,3.5,,,,,,,,,,,,,,,,,,,"Jason Alexander","19666",669920
"Bradley Hanner","NYY",1,1,0,5.16407,8,0,0,1,,8,34,7,5,4,1,3,,1,7,8.71945,3.98198,2.18972,1.46373,0.222307,0.101523,0.12078435719013214,0.248159,1.38549,0.292429,0.657982,,,4.93357,-0.0121799,-0.0430908,999,,,,,,,34.7,4.3375,33,4.125,,,,,,,,,,,,,,,,,,,"Bradley Hanner","26097",690440
"Blake Adams","COL",0,1,0,5.44935,7,0,0,0,,7,30,8,4,4,1,2,,0,5,6.09848,2.73445,2.23024,1.62564,0.152539,0.0683957,0.08414319902658463,0.285501,1.47878,0.305274,0.669422,,,5.05667,-0.0125887,-0.00103362,999,,,,,,,22.7,3.242857142857143,26,3.7142857142857144,,,,,,,,,,,,,,,,,,,"Blake Adams","31492",687060
"Wyatt Mills","WSN",0,0,0,5.46282,5,0,0,0,,5,24,5,4,3,1,3,,1,5,7.89455,5.10032,1.54785,1.29612,0.194387,0.125585,0.06880232691764832,0.257078,1.54165,0.299843,0.658112,,,5.36139,-0.0127542,-0.0428441,999,,,,,,,9.7,1.94,10,2,,,,,,,,,,,,,,,,,,,"Wyatt Mills","20010",670090
"Ray Kerr","ATL",0,0,0,5.18175,8,0,0,1,,8,40,9,5,5,1,4,,1,8,8.35651,4.45452,1.87596,1.33294,0.196823,0.104918,0.09190421551465988,0.24534,1.5148,0.283009,0.676112,,,4.8334,-0.013096,-0.0304002,999,,,,,,,28.500000000000007,3.562500000000001,32,4,,,,,,,,,,,,,,,,,,,"Ray Kerr","23809",678061
"Seth Lonsway","SFG",0,1,0,4.94261,6,1,0,0,,9,42,10,5,5,1,4,,1,6,6.08443,4.31798,1.40909,1.03632,0.14891,0.105678,0.0432320237159729,0.277126,1.57571,0.310037,0.691956,,,4.98414,-0.0137024,0.0424238,999,,,,,,,25.30000000000001,2.8111111111111122,29,3.2222222222222223,,,,,,,,,,,,,,,,,,,"Seth Lonsway","30064",675920
"Marco Raya","MIN",0,0,0,5.07193,6,0,0,0,,6,26,6,4,3,1,3,,0,5,7.53834,4.48912,1.67925,1.18581,0.186583,0.111111,0.07547184824943542,0.26061,1.51982,0.301603,0.679418,,,4.83478,-0.0138918,-0.0293724,999,,,,,,,17.500000000000007,2.916666666666668,18,3,,,,,,,,,,,,,,,,,,,"Marco Raya","30166",694397
"Carlos Duran","KCR",0,0,0,5.42155,6,0,0,0,,6,27,6,4,4,1,4,,1,5,8.19645,6.09633,1.34449,1.13554,0.197163,0.146645,0.05051781237125397,0.252528,1.64615,0.300992,0.674627,,,5.25052,-0.0140206,-0.0263267,999,,,,,,,11.500000000000005,1.9166666666666676,12,2,,,,,,,,,,,,,,,,,,,"Carlos Duran","24458",679922
"Jacob Waguespack","DET",0,1,0,5.24031,9,0,0,2,,9,40,10,6,5,1,4,,0,8,7.57729,3.57413,2.12004,1.32665,0.187709,0.0885402,0.09916850924491882,0.277183,1.51585,0.318808,0.674286,,,4.66336,-0.0146358,-0.0863452,999,,,,,,,40.30000000000001,4.477777777777779,44,4.888888888888889,,,,,,,,,,,,,,,,,,,"Jacob Waguespack","18318",621097
"Wyatt Olds","BOS",0,0,0,5.26864,5,0,0,0,,5,22,5,3,3,1,3,,1,5,8.30328,5.44759,1.52421,1.00924,0.204461,0.134143,0.07031890749931335,0.251863,1.53989,0.307344,0.653396,,,5.10056,-0.0151754,-0.012,999,,,,,,,9.7,1.94,10,2,,,,,,,,,,,,,,,,,,,"Wyatt Olds","29922",681544
"Philip Abner","SFG",0,0,0,4.39603,8,0,0,1,,8,35,8,4,4,1,3,,1,7,7.86851,3.81151,2.06441,1.2016,0.198992,0.0963917,0.10259997844696045,0.256056,1.42388,0.299014,0.721894,,,4.53044,-0.0166617,0.000562459,999,,,,,,,32.10000000000001,4.012500000000001,33,4.125,,,,,,,,,,,,,,,,,,,"Philip Abner","33821",691769
"Miguel Ullola","HOU",0,1,0,4.71471,8,0,0,1,,8,34,7,4,4,1,4,,1,8,9.45522,5.02853,1.88031,1.34622,0.236463,0.125757,0.11070564389228821,0.237936,1.46679,0.289912,0.713692,,,4.80617,-0.0168625,0.0061106,999,,,,,,,33.7,4.2125,32,4,,,,,,,,,,,,,,,,,,,"Miguel Ullola","29036",699044
"Jameson Taillon","TOR",1,1,1,5.79857,4,4,0,0,,18,79,20,13,12,4,5,,0,15,7.3326,2.64072,2.77674,2.19846,0.186118,0.0670274,0.11909032613039017,0.275001,1.41002,0.290645,0.664498,,,5.58087,-0.0171091,-0.156935,504.4700012207031,,,,,,,47.000000000000014,2.611111111111112,53,2.9444444444444446,,,,,,,,,,,,,,,,,,,"Jameson Taillon","11674",592791
"Enmanuel De Jesus","DET",0,0,0,5.18175,8,0,0,1,,8,38,8,5,5,1,4,,1,7,8.35651,4.45452,1.87596,1.33294,0.196823,0.104918,0.09190420806407928,0.24534,1.5148,0.283009,0.676112,,,4.8334,-0.0173201,-0.0406348,999,,,,,,,29.100000000000005,3.6375000000000006,30,3.75,,,,,,,,,,,,,,,,,,,"Enmanuel De Jesus","18554",646241
"Griffin Canning","SDP",1,1,0,4.76564,8,0,0,1,,9,39,9,5,5,2,4,,0,9,8.47634,3.69877,2.29167,1.49492,0.216436,0.0944448,0.12199115753173828,0.248516,1.3799,0.287654,0.701036,,,4.71698,-0.0175949,-0.00441657,999,,,,,,,28.60000000000001,3.177777777777779,29,3.2222222222222223,,,,,,,,,,,,,,,,,,,"Griffin Canning","19867",656288
"Mark Manfredi","COL",0,1,0,6.48515,7,0,0,1,,7,35,9,6,5,1,5,,1,7,8.34191,5.49608,1.51779,1.24625,0.194242,0.127977,0.06626538932323456,0.293956,1.79688,0.352777,0.632338,,,5.23915,-0.0178235,-0.0860429,999,,,,,,,16.100000000000016,2.300000000000002,22,3.142857142857143,,,,,,,,,,,,,,,,,,,"Mark Manfredi","33603",815081
"Michael Rucker","SEA",0,0,0,5.18176,8,0,0,1,,8,37,8,5,5,1,4,,1,7,8.35651,4.45452,1.87596,1.33294,0.196823,0.104918,0.09190420806407928,0.24534,1.5148,0.283009,0.676112,,,4.8334,-0.0179815,-0.0395283,999,,,,,,,29.100000000000005,3.6375000000000006,30,3.75,,,,,,,,,,,,,,,,,,,"Michael Rucker","19454",621074
"Julian Garcia","CIN",0,1,0,5.50908,8,0,0,1,,8,37,9,6,5,2,4,,0,8,9.14058,4.00218,2.2839,1.88238,0.227968,0.0998154,0.12815283238887787,0.261863,1.48006,0.302745,0.686222,,,5.27476,-0.0190647,-0.0564691,999,,,,,,,19.200000000000003,2.4000000000000004,22,2.75,,,,,,,,,,,,,,,,,,,"Julian Garcia","22362",670062
"Kodai Senga","NYM",1,1,0,4.28507,10,0,2,1,,10,42,9,5,5,1,5,,0,10,9.32436,4.49515,2.07432,1.32152,0.237711,0.114597,0.12311401963233948,0.231326,1.38355,0.279374,0.735182,,,4.52989,-0.0193518,0.0238928,223.52000427246094,,,,,,,57.300000000000004,5.73,56,5.6,,,,,,,,,,,,,,,,,,,"Kodai Senga","31838",673540
"Nick Davila","SEA",0,0,0,4.79027,7,0,0,1,,7,33,8,4,4,1,3,,0,5,5.68708,3.27216,1.73802,1.08724,0.143633,0.0826418,0.06099124997854233,0.270404,1.43791,0.296093,0.677322,,,4.66891,-0.0195587,-0.0329738,999,,,,,,,23.7,3.3857142857142857,27,3.857142857142857,,,,,,,,,,,,,,,,,,,"Nick Davila","27741",689546
"Trevor Martin","LAA",0,0,0,5.66898,6,0,0,0,,6,25,6,4,3,1,2,,0,5,7.37344,3.12841,2.35693,1.72955,0.183371,0.0778006,0.10557019710540771,0.283939,1.49937,0.315143,0.662189,,,5.17739,-0.0203767,-0.0301112,999,,,,,,,20.500000000000007,3.416666666666668,21,3.5,,,,,,,,,,,,,,,,,,,"Trevor Martin","31878",694680
"Seth Halvorsen","LAD",0,0,0,4.51557,7,0,0,1,,7,30,6,4,3,1,4,,0,6,8.08364,4.73029,1.70891,1.4179,0.205946,0.120513,0.08543283492326736,0.228324,1.39106,0.258858,0.722515,,,5.04714,-0.0204697,-0.0218409,712.510009765625,,,,,,,27.9,3.9857142857142853,26,3.7142857142857144,,,,,,,,,,,,,,,,,,,"Seth Halvorsen","33294",678020
"Ben Peoples","TEX",0,0,0,4.29412,7,0,0,1,,7,32,7,4,4,1,4,,0,6,7.30881,4.42649,1.65116,1.32073,0.186617,0.113022,0.07359496504068375,0.234568,1.38447,0.262027,0.734384,,,5.00546,-0.0220755,-0.0229937,999,,,,,,,25.3,3.6142857142857143,26,3.7142857142857144,,,,,,,,,,,,,,,,,,,"Ben Peoples","26406",687239
"Carson Seymour","SFG",1,1,0,4.36765,9,0,1,2,,9,41,10,5,5,1,4,,1,8,7.23593,3.44601,2.0998,1.07301,0.183689,0.0874793,0.09620974957942963,0.261361,1.40979,0.301971,0.709883,,,4.36883,-0.0222654,-0.0486106,999,,,,,,,42.30000000000001,4.700000000000001,46,5.111111111111111,,,,,,,,,,,,,,,,,,,"Carson Seymour","30084",693313
"Yoendrys Gómez","MIN",0,1,0,4.87406,10,0,3,1,,10,44,10,6,5,1,5,,1,10,8.86659,4.31,2.05721,1.26239,0.222896,0.108349,0.11454734206199646,0.24984,1.44622,0.30115,0.686135,,,4.58077,-0.0245332,-0.104928,999,,,,,,,56.7,5.67,58,5.8,,,,,,,,,,,,,,,,,,,"Yoendrys Gomez","22872",672782
"Beck Way","KCR",0,1,0,5.57225,7,0,0,0,,7,31,7,5,4,1,4,,1,5,6.45878,4.85139,1.33133,1.16901,0.158253,0.118868,0.03938411921262741,0.266318,1.56917,0.298042,0.645986,,,5.33695,-0.0253616,-0.0403974,999,,,,,,,16.3,2.3285714285714287,17,2.4285714285714284,,,,,,,,,,,,,,,,,,,"Beck Way","27877",694360
"Kyle Finnegan","DET",0,1,0,4.64279,10,0,1,2,,10,45,10,6,5,1,5,,0,9,7.74165,4.12829,1.87527,1.2518,0.194921,0.103943,0.09097807854413986,0.249574,1.44362,0.287002,0.706941,,,4.57092,-0.0264103,-0.089521,639.030029296875,,,,,,,51.7,5.17,53,5.3,,,,,,,,,,,,,,,,,,,"Kyle Finnegan","15009",640448
"Jefry Yan","NYM",0,1,0,5.20602,8,0,0,2,,8,39,8,5,5,1,6,,1,9,9.8934,6.21925,1.59077,0.99508,0.240533,0.151206,0.08932766318321228,0.238865,1.5912,0.308597,0.670041,,,4.72694,-0.0269988,-0.0668175,999,,,,,,,31.100000000000005,3.8875000000000006,32,4,,,,,,,,,,,,,,,,,,,"Jefry Yan","27902",642376
"Tyler Zuber","MIA",0,1,0,4.68528,10,0,1,2,,10,42,10,5,5,2,4,,0,9,8.73042,3.59791,2.42652,1.47012,0.220767,0.0909807,0.12978611141443253,0.258194,1.42106,0.304006,0.717228,,,4.58213,-0.027673,0.036868,999,,,,,,,42.400000000000006,4.24,43,4.3,,,,,,,,,,,,,,,,,,,"Tyler Zuber","20379",676604
"Luis Gil","NYY",0,1,0,5.09418,8,0,0,2,,8,37,8,5,5,1,4,,0,8,8.84632,4.61344,1.91751,1.56888,0.223771,0.116699,0.10707222670316696,0.237248,1.41919,0.274873,0.684131,,,5.09753,-0.0282887,-0.0571363,376.5,,,,,,,38.10000000000001,4.762500000000001,39,4.875,,,,,,,,,,,,,,,,,,,"Luis Gil","21052",661563
"Paul Sewald","TOR",0,1,0,4.68539,8,0,0,2,,8,33,7,5,4,2,2,,0,9,9.57115,2.71173,3.52953,2.11605,0.255184,0.0722996,0.18288423120975494,0.233776,1.19339,0.260971,0.726106,,,5.06735,-0.028623,-0.0597121,389.9100036621094,,,,,,,36.400000000000006,4.550000000000001,34,4.25,,,,,,,,,,,,,,,,,,,"Paul Sewald","13892",623149
"Tim Hill","NYY",1,1,0,4.73993,9,0,0,2,,9,41,11,5,5,1,2,,1,5,4.71038,2.16322,2.17749,1.1893,0.120751,0.0554542,0.06529669463634491,0.282702,1.37714,0.298501,0.674994,,,4.69407,-0.0309858,-0.0251513,999,,,,,,,34.70000000000001,3.8555555555555565,41,4.555555555555555,,,,,,,,,,,,,,,,,,,"Tim Hill","16814",657612
"Chris Roycroft","ATH",0,1,0,5.19409,9,0,0,2,,9,41,10,6,5,1,4,,1,7,7.27739,4.26248,1.70731,1.37197,0.179276,0.105005,0.0742712914943695,0.268876,1.54186,0.304055,0.68844,,,5.0599,-0.0320885,-0.0668633,999,,,,,,,35.30000000000001,3.9222222222222234,39,4.333333333333333,,,,,,,,,,,,,,,,,,,"Chris Roycroft","31261",688297
"Erik Tolman","WSN",0,0,0,5.60993,8,0,0,1,,8,35,8,5,5,1,4,,1,6,7.13199,5.00601,1.42469,1.26721,0.173409,0.121717,0.05169156938791275,0.265469,1.60132,0.301076,0.657878,,,5.22796,-0.0321434,-0.0535686,999,,,,,,,27.100000000000005,3.3875000000000006,28,3.5,,,,,,,,,,,,,,,,,,,"Erik Tolman","32065",680899
"Cade Winquest","STL",0,1,0,5.83849,7,0,0,1,,7,33,8,5,5,1,3,,1,6,6.87313,3.59227,1.91331,1.41046,0.169254,0.0884613,0.08079274743795395,0.28441,1.54505,0.318203,0.633593,,,5.04218,-0.0324596,-0.0748352,999,,,,,,,22.7,3.242857142857143,26,3.7142857142857144,,,,,,,,,,,,,,,,,,,"Cade Winquest","31850",685464
"Trent Thornton","CHC",1,1,0,4.73047,10,0,0,2,,10,41,9,5,5,1,3,,0,7,6.70619,2.95509,2.26937,1.33033,0.17392,0.0766381,0.09728231281042099,0.253009,1.32005,0.278816,0.672654,,,4.60876,-0.0337351,0.0162,999,,,,,,,51.300000000000004,5.130000000000001,50,5,,,,,,,,,,,,,,,,,,,"Trent Thornton","17948",663423
"Wikelman González","MIA",0,1,0,5.3973,8,0,0,1,,8,37,8,5,5,1,5,,1,8,8.63568,5.53223,1.56098,1.48426,0.208469,0.13355,0.07491856813430786,0.249042,1.58921,0.290323,0.695364,,,5.37721,-0.0411608,-0.0427252,999,,,,,,,28.100000000000005,3.5125000000000006,29,3.625,,,,,,,,,,,,,,,,,,,"Wikelman Gonzalez","26641",682790
"Tyron Guerrero","BOS",0,0,0,5.18176,9,0,0,2,,9,44,10,6,5,1,5,,1,9,8.35651,4.45452,1.87596,1.33294,0.196823,0.104918,0.09190421551465988,0.24534,1.5148,0.283009,0.676112,,,4.8334,-0.0427864,-0.109545,999,,,,,,,36.30000000000001,4.033333333333335,40,4.444444444444445,,,,,,,,,,,,,,,,,,,"Tyron Guerrero","11691",594027
"Daniel Duarte","NYM",0,0,0,5.18175,10,0,1,2,,10,45,10,6,6,1,5,,1,9,8.35651,4.45452,1.87596,1.33294,0.196823,0.104918,0.09190423041582108,0.24534,1.5148,0.283009,0.676112,,,4.8334,-0.0495778,-0.105277,999,,,,,,,48.7,4.87,50,5,,,,,,,,,,,,,,,,,,,"Daniel Duarte","17480",650960
"Tony Santillan","CIN",0,1,0,5.30436,10,0,0,2,,10,43,9,6,6,2,5,,1,10,9.1024,4.53723,2.00616,1.5652,0.228429,0.113864,0.11456537246704102,0.246437,1.45289,0.290792,0.671621,,,5.05436,-0.0508718,-0.0870185,718.1199951171875,,,,,,,36,3.6,34,3.4,,,,,,,,,,,,,,,,,,,"Tony Santillan","19926",663574