Name,Team,G,PA,AB,H,1B,2B,3B,HR,R,RBI,BB,IBB,SO,HBP,SF,SH,GDP,SB,CS,AVG,BB%,K%,BB/K,OBP,SLG,wOBA,OPS,ISO,Spd,BABIP,UBR,wSB,wRC,wRAA,wRC+,BsR,Fld,Off,Def,WAR,ADP,InterSD,InterSK,IntraSD,Vol,Skew,Dim,FPTS,FPTS/G,SPTS,SPTS/G,P10,P20,P30,P40,P50,P60,P70,P80,P90,TT10,TT20,TT30,TT40,TT50,TT60,TT70,TT80,TT90,NameASCII,PlayerId,MLBAMID
"Bobby Witt Jr.","KCR",31,134,121,35,21,7,1,5,20,17,11,1,23,1,1,0,,7,2,0.289027,0.0852956,0.173203,0.49246,0.353162,0.497102,0.364727,0.850264,0.208075,6.78977,0.31933,0,0.579036,21.1113,5.2507,132.521,0.579036,2.56243,5.640465021133423,3.9994633197784424,1.46616,3.0999999046325684,,,,,,,191.7,6.183870967,191.7,6.183870967,,,,,,,,,,,,,,,,,,,"Bobby Witt Jr.","25764",677951
"Pete Crow-Armstrong","CHC",32,137,122,32,18,6,1,6,21,20,11,1,35,2,1,1,,7,2,0.264861,0.0799505,0.253914,0.314873,0.334728,0.497569,0.357278,0.832297,0.232708,7.51437,0.317211,0,0.539346,20.7233,4.53574,127.816,0.539346,3.57832,5.124785125255585,4.067205339670181,1.38922,32.939998626708984,,,,,,,183.4,5.73125,183.4,5.73125,,,,,,,,,,,,,,,,,,,"Pete Crow-Armstrong","27769",691718
"Yordan Alvarez","HOU",30,128,108,33,19,7,0,7,19,20,18,4,22,2,1,0,,0,0,0.303774,0.138473,0.173663,0.79737,0.407635,0.574988,0.412826,0.982622,0.271214,2.21817,0.320209,0,-0.169709,25.1834,10.0075,169.636,-0.169709,-0.0239799,10.200461193919182,-2.9878687523305416,1.19784,33.38999938964844,,,,,,,222.9,7.43,222.9,7.43,,,,,,,,,,,,,,,,,,,"Yordan Alvarez","19556",670541
"Shohei Ohtani","LAD",31,134,114,33,17,6,1,9,24,23,18,4,32,1,1,0,,4,1,0.287119,0.135213,0.238671,0.566527,0.387172,0.580531,0.404938,0.967703,0.293412,6.20354,0.324621,0,0.311656,25.449,9.59864,158.504,0.311656,0,9.754957735538483,-3.350925922393799,1.09558,1.2699999809265137,,,,,,,240.3,7.751612903,240.3,7.751612903,,,,,,,,,,,,,,,,,,,"Shohei Ohtani","19755",660271
"Wyatt Langford","TEX",30,131,116,30,18,6,1,6,19,18,14,0,29,1,1,0,,4,1,0.262061,0.102998,0.223773,0.460279,0.343255,0.476974,0.355534,0.820229,0.214912,5.8055,0.302393,0,0.259223,19.6751,4.16196,130.619,0.259223,1.74997,4.920341640710831,0.54811692237854,1.03031,37.75,,,,,,,181.3,6.043333333,181.3,6.043333333,,,,,,,,,,,,,,,,,,,"Wyatt Langford","33333",694671
"Julio Rodríguez","SEA",32,138,125,33,22,6,0,6,18,18,10,1,30,2,1,0,,5,1,0.264862,0.0742608,0.219892,0.337714,0.327343,0.450459,0.336972,0.777802,0.185597,5.23151,0.305005,0,0.345083,18.6716,2.31544,122.916,0.345083,0.512882,4.023133456707001,0.9253824651241302,1.00301,9.489999771118164,,,,,,,176.3,5.509375,176.3,5.509375,,,,,,,,,,,,,,,,,,,"Julio Rodriguez","23697",677594
"Francisco Lindor","NYM",32,138,122,31,19,6,1,5,20,17,13,0,26,2,1,0,,4,1,0.254199,0.0942878,0.185743,0.507625,0.335167,0.44282,0.340449,0.777986,0.188621,5.93115,0.280149,0,0.239965,19.0599,2.7037,118.02,0.239965,0.695685,3.2414227575063705,2.075777292251587,0.99892,25.350000381469727,,,,,,,171.5,5.359375,171.5,5.359375,,,,,,,,,,,,,,,,,,,"Francisco Lindor","12916",596019
"Fernando Tatis Jr.","SDP",32,138,121,33,21,6,0,5,20,17,15,1,27,1,1,0,,6,2,0.276212,0.107438,0.192458,0.558244,0.358518,0.462948,0.356779,0.821467,0.186736,5.41769,0.313434,0,0.127969,20.8834,4.52721,129.399,0.127969,1.75793,5.024732172489166,0.2759815454483032,0.997239,14.010000228881836,,,,,,,182,5.6875,182,5.6875,,,,,,,,,,,,,,,,,,,"Fernando Tatis Jr.","19709",665487
"Junior Caminero","TBR",33,141,127,35,20,6,0,8,19,23,12,1,26,1,1,0,,1,0,0.271958,0.0878035,0.186835,0.469953,0.33832,0.515222,0.364823,0.853542,0.243264,3.27829,0.282459,0,-0.0932881,22.2104,5.53228,134.757,-0.0932881,-1.35865,5.595062077045441,-0.9808746874332428,0.978734,16.479999542236328,,,,,,,202.5,6.136363636,202.5,6.136363636,,,,,,,,,,,,,,,,,,,"Junior Caminero","28163",691406
"Gunnar Henderson","BAL",32,138,123,31,18,6,1,5,20,16,14,1,30,2,1,0,,4,1,0.252595,0.0976424,0.217333,0.449275,0.333108,0.4505,0.340613,0.783608,0.197905,6.25087,0.292378,0,0.144375,19.0782,2.72201,120.278,0.144375,-0.234965,3.399026557803154,1.2469790875911713,0.972166,12.510000228881836,,,,,,,173.5,5.421875,173.5,5.421875,,,,,,,,,,,,,,,,,,,"Gunnar Henderson","26289",683002
"Gabriel Moreno","ARI",27,109,96,28,19,6,0,3,14,15,11,0,18,1,1,0,,1,0,0.291647,0.101991,0.164703,0.619243,0.366654,0.43971,0.353535,0.806364,0.148062,3.44189,0.330756,0,-0.138311,16.1993,3.28779,122.572,-0.138311,1.43705,2.8295288532972336,3.061586022377014,0.961209,181.22000122070312,,,,,,,144.3,5.344444444,144.3,5.344444444,,,,,,,,,,,,,,,,,,,"Gabriel Moreno","22664",672515
"Kevin McGonigle","DET",30,129,112,30,19,6,1,4,19,15,16,0,18,1,1,0,,3,1,0.265905,0.123176,0.135527,0.908865,0.358742,0.431187,0.348626,0.789929,0.165282,5.25452,0.285966,0,-0.00547863,18.6689,3.38066,124.13,-0.00547863,0.189161,3.61453746445477,1.186075046658516,0.955377,999,,,,,,,170.6,5.686666666,170.6,5.686666666,,,,,,,,,,,,,,,,,,,"Kevin McGonigle","33572",805808
"José Ramírez","CLE",31,133,116,30,18,7,0,5,19,17,14,3,16,1,1,0,,7,1,0.260236,0.108932,0.122003,0.892857,0.343062,0.451275,0.338427,0.794337,0.191039,5.99678,0.263937,0,0.7452,18.0574,2.3757,118.493,0.7452,0.727927,3.5909351110458374,0.7941310107707977,0.925007,6.28000020980835,,,,,,,174.8,5.638709677,174.8,5.638709677,,,,,,,,,,,,,,,,,,,"Jose Ramirez","13510",608070
"Corbin Carroll","ARI",30,131,114,29,15,6,3,5,21,17,14,1,29,2,1,0,,6,1,0.253234,0.110343,0.218357,0.505334,0.345576,0.488259,0.358969,0.833835,0.235025,8.1501,0.294509,0,0.608239,20.0389,4.52577,126.215,0.608239,1.44174,4.749596118927002,0.05655086040496826,0.923271,14.100000381469727,,,,,,,186.5,6.216666666,186.5,6.216666666,,,,,,,,,,,,,,,,,,,"Corbin Carroll","25878",682998
"Elly De La Cruz","CIN",32,137,122,32,19,6,1,5,21,18,14,1,37,1,1,0,,8,2,0.262449,0.0992815,0.269761,0.368035,0.337423,0.465891,0.347389,0.803314,0.203441,7.40369,0.332372,0,0.512029,19.6304,3.44278,114.614,0.512029,0.380079,2.9211031198501587,1.6939682364463806,0.922632,8.449999809265137,,,,,,,181.9,5.684375,181.9,5.684375,,,,,,,,,,,,,,,,,,,"Elly De La Cruz","26668",682829
"Pete Alonso","BAL",32,138,122,33,19,7,0,7,18,22,13,1,31,2,1,0,,1,0,0.272044,0.0961996,0.226241,0.425209,0.353276,0.512841,0.371645,0.866116,0.240797,2.72614,0.306244,0,-0.130413,22.5434,6.18724,141.868,-0.130413,-0.118505,6.589478030800819,-2.659708596765995,0.89915,24.440000534057617,,,,,,,195.8,6.11875,195.8,6.11875,,,,,,,,,,,,,,,,,,,"Pete Alonso","19251",624413
"Geraldo Perdomo","ARI",31,134,112,29,20,5,1,3,18,13,17,0,17,1,1,2,,5,2,0.259932,0.13029,0.12946,1.00641,0.363263,0.397271,0.33983,0.760534,0.137339,5.86505,0.284305,0,0.0467287,18.4035,2.55312,113.384,0.0467287,0.832856,2.2070783376693726,2.268967568874359,0.89904,76.7699966430664,,,,,,,156.7,5.054838709,156.7,5.054838709,,,,,,,,,,,,,,,,,,,"Geraldo Perdomo","22799",672695
"Cal Raleigh","SEA",29,115,99,21,11,4,0,6,13,18,14,1,33,1,1,0,,1,0,0.207641,0.12417,0.289363,0.429115,0.310975,0.43549,0.32338,0.746464,0.227848,2.54878,0.236312,0,-0.0896738,14.2182,0.661135,113.459,-0.0896738,1.30059,1.7008862495422363,2.904754161834717,0.882734,18.729999542236328,,,,,,,133.5,4.603448275,133.5,4.603448275,,,,,,,,,,,,,,,,,,,"Cal Raleigh","21534",663728
"Byron Buxton","MIN",27,117,105,26,13,5,1,7,19,16,9,1,31,2,1,0,,3,0,0.250601,0.0771825,0.268576,0.287377,0.320271,0.50989,0.35442,0.830162,0.259289,6.7646,0.288837,0,0.412246,17.4314,3.60447,127.646,0.412246,0.226174,4.1632499396800995,0.15487806499004364,0.861648,73.4800033569336,,,,,,,165.3,6.122222222,165.3,6.122222222,,,,,,,,,,,,,,,,,,,"Byron Buxton","14161",621439
"Corey Seager","TEX",27,118,103,26,15,5,0,5,16,15,13,2,25,1,1,0,,0,0,0.249963,0.113167,0.207365,0.545737,0.339114,0.455876,0.342562,0.79499,0.205913,2.58219,0.275131,0,-0.0633083,16.5109,2.51535,121.594,-0.0633083,0.474839,2.9023715555667877,1.3354868590831757,0.858604,95.08999633789062,,,,,,,146.1,5.411111111,146.1,5.411111111,,,,,,,,,,,,,,,,,,,"Corey Seager","13624",608369
"Ceddanne Rafaela","BOS",31,135,126,34,22,8,1,4,18,17,6,0,29,2,1,0,,5,2,0.270949,0.0425036,0.211761,0.200715,0.31114,0.440977,0.326729,0.752116,0.170027,6.15349,0.319959,0,0.0145448,17.1281,1.14489,104.885,0.0145448,2.35357,0.7806648891419172,2.8362848460674286,0.855891,125.02999877929688,,,,,,,158.8,5.122580645,158.8,5.122580645,,,,,,,,,,,,,,,,,,,"Ceddanne Rafaela","24262",678882
"Willson Contreras","BOS",32,137,116,31,18,7,0,6,17,20,14,0,34,5,1,0,,1,1,0.267436,0.101913,0.250259,0.40723,0.369941,0.484487,0.372777,0.854428,0.217051,3.43438,0.327491,0,-0.216131,22.3937,6.23678,136.922,-0.216131,0.395795,5.637762740254402,-2.0859955549240112,0.854542,168.1999969482422,,,,,,,190.4,5.95,190.4,5.95,,,,,,,,,,,,,,,,,,,"Willson Contreras","11609",575929
"Jeremy Peña","HOU",30,128,117,32,22,6,0,4,18,15,8,0,24,2,1,0,,3,1,0.273017,0.0585957,0.186923,0.313476,0.32738,0.430564,0.331651,0.757943,0.157546,5.40687,0.311086,0,0.194316,16.7729,1.59706,113.16,0.194316,0.291225,2.1540250331163406,1.666224718093872,0.852009,122.9800033569336,,,,,,,150.1,5.003333333,150.1,5.003333333,,,,,,,,,,,,,,,,,,,"Jeremy Pena","21636",665161
"Cody Bellinger","NYY",28,122,109,29,19,6,1,4,16,17,12,0,18,1,1,0,,3,1,0.267255,0.0963592,0.151009,0.638101,0.338949,0.446169,0.341849,0.785119,0.178914,5.11197,0.285963,0,-0.0578899,16.941,2.52141,120.817,-0.0578899,2.2141,2.8876243233680725,1.0230499505996704,0.838177,80.98999786376953,,,,,,,156,5.571428571,156,5.571428571,,,,,,,,,,,,,,,,,,,"Cody Bellinger","15998",641355
"Dillon Dingler","DET",30,120,109,27,16,6,1,5,14,18,8,0,29,2,1,0,,0,0,0.246859,0.0635447,0.240693,0.264008,0.308809,0.440452,0.325921,0.749261,0.193593,2.99258,0.29051,0,-0.174977,15.1243,0.937981,108.333,-0.174977,1.56723,0.985110878944397,2.994393229484558,0.838083,254.6199951171875,,,,,,,142.3,4.743333333,142.3,4.743333333,,,,,,,,,,,,,,,,,,,"Dillon Dingler","27464",693307
"Isaac Paredes","HOU",31,135,116,29,18,6,0,5,14,18,15,0,21,4,1,0,,0,0,0.248093,0.107375,0.15739,0.682219,0.348024,0.428786,0.343873,0.776811,0.180694,1.60701,0.262727,0,-0.261493,19.0413,3.02239,121.663,-0.261493,-0.110935,3.1437013149261475,0.10804678499698639,0.819752,243.60000610351562,,,,,,,167.8,5.412903225,167.8,5.412903225,,,,,,,,,,,,,,,,,,,"Isaac Paredes","20036",670623
"Adley Rutschman","BOS",29,116,101,26,15,7,0,3,13,15,13,0,18,1,1,0,,0,0,0.253436,0.114731,0.152472,0.752473,0.341073,0.417756,0.333994,0.75883,0.164321,2.19951,0.276756,0,-0.175241,15.3385,1.65848,109.94,-0.175241,1.309,1.1590525209903717,2.7833783626556396,0.818871,148.92999267578125,,,,,,,135.1,4.658620689,135.1,4.658620689,,,,,,,,,,,,,,,,,,,"Adley Rutschman","26288",668939
"Mookie Betts","LAD",31,133,118,31,20,6,0,5,19,17,14,1,16,1,1,0,,1,1,0.261254,0.102425,0.117713,0.87013,0.339584,0.439481,0.339957,0.779065,0.178227,3.93681,0.264604,0,-0.105834,18.2213,2.53956,114.94,-0.105834,0.0483035,2.2800437659025192,1.4182110242545605,0.815039,60.58000183105469,,,,,,,164.1,5.293548387,164.1,5.293548387,,,,,,,,,,,,,,,,,,,"Mookie Betts","13611",605141
"Nico Hoerner","CHC",32,138,126,34,25,6,1,2,16,14,9,0,12,2,1,0,,6,1,0.272413,0.0656115,0.0897888,0.730732,0.328058,0.379727,0.313625,0.707785,0.107314,5.56273,0.286767,0,0.450938,16.0646,-0.291621,98.5507,0.450938,1.98893,0.2095368206501007,3.195873975753784,0.804025,101.93000030517578,,,,,,,147.9,4.621875,147.9,4.621875,,,,,,,,,,,,,,,,,,,"Nico Hoerner","21479",663538
"Michael Harris II","ATL",30,128,121,34,22,7,1,5,16,17,5,0,25,1,1,0,,3,1,0.282837,0.0396834,0.193587,0.20499,0.314428,0.465985,0.336601,0.780414,0.183148,5.5321,0.320495,0,0.148578,17.2858,2.10992,111.725,0.148578,1.37562,1.9605792462825775,1.7524752020835876,0.802418,99.06999969482422,,,,,,,163.3,5.443333333,163.3,5.443333333,,,,,,,,,,,,,,,,,,,"Michael Harris II","25931",671739
"Alex Bregman","CHC",32,138,120,30,19,6,0,4,17,17,15,0,21,2,1,0,,1,0,0.249311,0.111129,0.149215,0.74476,0.341483,0.415094,0.333904,0.756578,0.165783,3.00527,0.265287,0,-0.181589,18.3291,1.97286,112.146,-0.181589,0.958423,1.8414884507656097,1.452404797077179,0.792657,119.16999816894531,,,,,,,155.9,4.871875,155.9,4.871875,,,,,,,,,,,,,,,,,,,"Alex Bregman","17678",608324
"Jackson Merrill","SDP",31,134,123,32,20,6,1,5,17,18,9,0,29,1,1,1,,3,1,0.260324,0.0636046,0.216687,0.293532,0.309855,0.44636,0.326768,0.756216,0.186037,5.70622,0.300963,0,0.253862,16.9899,1.13958,109.279,0.253862,1.211,1.7515663802623749,1.6489644944667816,0.789398,70.79000091552734,,,,,,,159.2,5.13548387,159.2,5.13548387,,,,,,,,,,,,,,,,,,,"Jackson Merrill","29490",701538
"Ronald Acuña Jr.","ATL",30,130,109,29,18,5,0,6,22,16,18,1,28,2,1,0,,6,2,0.269546,0.141064,0.216384,0.651916,0.380102,0.485766,0.376847,0.865868,0.21622,6.07978,0.309798,0,0.273942,21.694,6.3495,138.706,0.273942,-1.16874,6.322216808795929,-2.7830876111984253,0.789397,5.260000228881836,,,,,,,190.1,6.336666666,190.1,6.336666666,,,,,,,,,,,,,,,,,,,"Ronald Acuna Jr.","18401",660670
"Freddie Freeman","LAD",32,137,120,35,22,8,0,4,18,17,14,1,24,1,1,0,,2,0,0.293279,0.104248,0.176844,0.58949,0.371905,0.47667,0.367287,0.848575,0.183391,4.12684,0.332773,0,0.025443,21.8295,5.64191,133.263,0.025443,0.181023,5.508710289373994,-2.2736061960458755,0.781954,67.87999725341797,,,,,,,185.6,5.8,185.6,5.8,,,,,,,,,,,,,,,,,,,"Freddie Freeman","5361",518692
"Wilyer Abreu","BOS",31,132,116,29,17,6,1,5,18,18,14,1,30,1,1,0,,2,1,0.252426,0.108751,0.224844,0.483673,0.334518,0.458515,0.34292,0.793033,0.206089,4.44211,0.290828,0,-0.150143,18.4841,2.84833,116.149,-0.150143,2.06121,2.3276544511318207,0.6025645732879639,0.775293,199.89999389648438,,,,,,,162.5,5.241935483,162.5,5.241935483,,,,,,,,,,,,,,,,,,,"Wilyer Abreu","23772",677800
"Brice Turang","MIL",29,127,112,29,20,6,1,3,17,16,13,0,28,0,1,1,,5,1,0.262699,0.104857,0.221767,0.472824,0.339863,0.412417,0.331264,0.75228,0.149718,6.09883,0.32211,0,0.356983,16.5469,1.53968,109.354,0.356983,1.16709,1.786536306142807,1.6406993865966797,0.768571,48.18000030517578,,,,,,,147.4,5.08275862,147.4,5.08275862,,,,,,,,,,,,,,,,,,,"Brice Turang","22186",668930
"Matt Olson","ATL",32,140,123,31,16,7,0,7,20,19,15,1,35,1,1,0,,1,0,0.253557,0.110667,0.247227,0.447632,0.339777,0.492691,0.358083,0.832468,0.239135,2.86041,0.292188,0,-0.073459,21.2458,4.72099,126.126,-0.073459,1.15127,4.323131240904331,-1.3440959453582764,0.765269,48.0099983215332,,,,,,,186.6,5.83125,186.6,5.83125,,,,,,,,,,,,,,,,,,,"Matt Olson","14344",621566
"William Contreras","MIL",30,121,107,29,20,5,0,3,16,15,13,1,21,1,1,0,,1,0,0.268189,0.107769,0.172217,0.625776,0.349158,0.417453,0.336587,0.766611,0.149264,3.2492,0.302348,0,-0.189522,16.3515,1.9947,112.923,-0.189522,0.24351,1.6998238265514374,1.8527689725160599,0.763183,56.560001373291016,,,,,,,142,4.733333333,142,4.733333333,,,,,,,,,,,,,,,,,,,"William Contreras","20503",661388
"JJ Wetherholt","STL",29,126,109,27,20,4,0,3,17,13,13,0,20,3,1,0,,3,0,0.248124,0.103863,0.162796,0.637993,0.342416,0.367761,0.319623,0.710177,0.119637,5.17224,0.279838,0,0.25591,15.2235,0.343992,102.922,0.25591,2.23635,0.69868004322052,2.7054887115955353,0.762651,999,,,,,,,135.7,4.679310344,135.7,4.679310344,,,,,,,,,,,,,,,,,,,"JJ Wetherholt","34985",802139
"Zach Neto","LAA",31,135,120,29,17,7,0,5,19,17,11,1,37,3,1,0,,5,2,0.244136,0.0806286,0.273901,0.294371,0.322159,0.443096,0.333221,0.765256,0.19896,5.58386,0.305327,0,-0.129116,17.8765,1.85751,112.47,-0.129116,-0.55574,1.8310046344995499,0.8447225093841553,0.76103,32.29999923706055,,,,,,,155.6,5.019354838,155.6,5.019354838,,,,,,,,,,,,,,,,,,,"Zach Neto","31347",687263
"Alejandro Kirk","TOR",20,79,69,19,14,3,0,2,7,10,8,1,10,1,1,0,,0,0,0.272848,0.104587,0.122675,0.852556,0.351396,0.412417,0.33533,0.763813,0.13957,1.23877,0.286675,0,-0.0952325,10.5086,1.21186,115.748,-0.0952325,1.84232,1.3414135873317719,3.254668116569519,0.751905,160.25,,,,,,,91.9,4.595,91.9,4.595,,,,,,,,,,,,,,,,,,,"Alejandro Kirk","22581",672386
"Otto Lopez","MIA",30,128,118,34,24,6,1,2,16,14,8,0,18,1,1,0,,4,1,0.284584,0.0609718,0.139743,0.436312,0.330589,0.413834,0.325541,0.744422,0.12925,6.15238,0.315576,0,0.232843,16.1398,0.963936,103.453,0.232843,1.06203,0.7664104998111725,2.4370343685150146,0.750467,229.16000366210938,,,,,,,146.1,4.87,146.1,4.87,,,,,,,,,,,,,,,,,,,"Otto Lopez","19608",672640
"Bryce Harper","PHI",31,134,113,30,17,7,0,6,19,18,19,1,28,1,1,0,,2,1,0.265378,0.139919,0.211792,0.660642,0.369512,0.483831,0.368578,0.853343,0.218453,3.71292,0.302126,0,-0.182851,21.5144,5.66406,132.04,-0.182851,-0.299459,4.988872930407524,-2.1633480489254,0.73078,47.900001525878906,,,,,,,192.7,6.216129032,192.7,6.216129032,,,,,,,,,,,,,,,,,,,"Bryce Harper","11579",547180
"Juan Soto","NYM",20,87,70,19,11,3,0,5,13,13,16,1,14,0,0,0,,3,1,0.273305,0.186648,0.164066,1.13764,0.409969,0.529383,0.402411,0.939352,0.256078,4.91454,0.278604,0,0.125361,16.3373,6.05147,159.56,0.125361,-0.266528,6.364081785082817,-2.033658027648926,0.728766,4.650000095367432,,,,,,,143,7.15,143,7.15,,,,,,,,,,,,,,,,,,,"Juan Soto","20123",665742
"Miguel Vargas","CHW",32,138,119,29,16,7,0,5,20,16,16,0,25,2,1,0,,2,0,0.240446,0.119452,0.182176,0.655695,0.338272,0.444003,0.341987,0.782274,0.203556,4.9254,0.259866,0,0.0660744,19.2016,2.871,119.505,0.0660744,-1.20054,3.1917031556367874,-1.0011536628007889,0.72107,303.0899963378906,,,,,,,168.5,5.265625,168.5,5.265625,,,,,,,,,,,,,,,,,,,"Miguel Vargas","20178",678246
"Mike Trout","LAA",28,120,99,23,14,4,0,5,17,14,19,2,34,2,0,0,,1,0,0.234455,0.156321,0.287849,0.543067,0.363563,0.437281,0.349885,0.800845,0.202826,4.1046,0.301139,0,0.0944186,17.418,3.25384,124.063,0.0944186,-0.437005,3.4389944672584534,-0.701819658279419,0.710759,178.44000244140625,,,,,,,153.3,5.475,153.3,5.475,,,,,,,,,,,,,,,,,,,"Mike Trout","10155",545361
"Ben Rice","NYY",30,127,111,28,14,5,1,7,18,19,14,0,29,2,1,0,,1,0,0.249115,0.110446,0.23098,0.478164,0.340088,0.50236,0.36282,0.842449,0.253245,4.25103,0.272896,0,-0.104034,19.7841,4.77378,135.407,-0.104034,-0.0657901,5.111230321228504,-2.694493941962719,0.703884,53.189998626708984,,,,,,,181.7,6.056666666,181.7,6.056666666,,,,,,,,,,,,,,,,,,,"Ben Rice","29576",700250
"Gleyber Torres","DET",32,137,118,31,22,5,0,4,18,15,17,0,25,1,1,0,,1,0,0.260902,0.120866,0.180505,0.669601,0.354113,0.399314,0.335702,0.753427,0.138413,3.01207,0.299911,0,-0.221438,18.304,2.14711,115.138,-0.221438,-0.276791,2.178630068898201,-0.12463003396987915,0.701854,261.510009765625,,,,,,,163.6,5.1125,163.6,5.1125,,,,,,,,,,,,,,,,,,,"Gleyber Torres","16997",650402
"Jackson Chourio","MIL",30,131,121,33,20,8,1,5,19,18,9,1,29,1,1,0,,4,1,0.276325,0.0681944,0.21743,0.313638,0.327856,0.466982,0.342571,0.794838,0.190656,5.8066,0.324468,0,0.147242,18.3022,2.7891,116.934,0.147242,1.11997,2.8225085139274597,-0.22447240352630615,0.698169,19.3799991607666,,,,,,,174.5,5.816666666,174.5,5.816666666,,,,,,,,,,,,,,,,,,,"Jackson Chourio","28806",694192
"Drake Baldwin","ATL",30,123,109,29,19,4,0,5,16,17,12,0,25,1,1,0,,0,0,0.267087,0.095878,0.199435,0.480748,0.345117,0.457545,0.350388,0.802662,0.190459,2.60843,0.299253,0,-0.156889,17.9597,3.39572,120.968,-0.156889,-0.1809,2.9529290795326233,-0.12488161027431488,0.695107,78.62999725341797,,,,,,,151,5.033333333,151,5.033333333,,,,,,,,,,,,,,,,,,,"Drake Baldwin","31539",686948
"Yandy Díaz","TBR",32,138,122,37,26,6,0,4,17,18,13,1,20,2,1,0,,1,0,0.298304,0.0927941,0.145556,0.637516,0.370715,0.457601,0.362077,0.828316,0.159297,2.82844,0.325262,0,-0.202615,21.4415,5.11086,132.846,-0.202615,0,5.061060309410095,-3.2320988178253174,0.684208,138.63999938964844,,,,,,,187.1,5.846875,187.1,5.846875,,,,,,,,,,,,,,,,,,,"Yandy Diaz","16578",650490
"Munetaka Murakami","CHW",31,134,111,26,14,4,0,7,19,19,21,2,45,1,1,0,,1,1,0.233388,0.154588,0.337991,0.457375,0.357086,0.471582,0.358724,0.828667,0.238193,2.84202,0.312999,0,-0.3237,20.3953,4.5858,131.149,-0.3237,-0.140419,4.50860333442688,-2.548751875758171,0.681666,999,,,,,,,177.1,5.712903225,177.1,5.712903225,,,,,,,,,,,,,,,,,,,"Munetaka Murakami","37120",808959
"Andrés Giménez","TOR",28,120,109,27,19,5,0,2,12,14,6,1,22,4,1,1,,5,1,0.247785,0.0486289,0.180213,0.269841,0.306076,0.368887,0.298098,0.674963,0.121102,5.65738,0.286033,0,0.429673,12.4638,-1.76167,89.844,0.429673,2.11665,-0.9880337715148926,3.405543088912964,0.68004,412.2200012207031,,,,,,,112.2,4.007142857,112.2,4.007142857,,,,,,,,,,,,,,,,,,,"Andres Gimenez","19950",665926
"Caleb Durbin","BOS",31,132,117,30,20,7,0,3,18,16,10,0,15,4,1,1,,5,2,0.257807,0.0723851,0.113346,0.638623,0.332771,0.396607,0.323939,0.729378,0.1388,5.90458,0.273377,0,0.219439,16.4579,0.822167,102.944,0.219439,0.833911,0.6710721999406815,1.3061331510543823,0.67814,219.8300018310547,,,,,,,145.4,4.69032258,145.4,4.69032258,,,,,,,,,,,,,,,,,,,"Caleb Durbin","29646",702332
"Max Muncy","LAD",24,106,89,21,11,4,0,5,15,15,14,1,27,1,0,0,,0,0,0.233324,0.136622,0.255307,0.53513,0.346347,0.463457,0.352797,0.809804,0.230133,3.57215,0.268818,0,-0.0474619,15.5925,3.11456,123.548,-0.0474619,-0.0423961,2.9448126442730427,0.273344699293375,0.676607,234.3699951171875,,,,,,,132.2,5.508333333,132.2,5.508333333,,,,,,,,,,,,,,,,,,,"Max Muncy","13301",571970
"Oneil Cruz","PIT",27,116,102,25,15,4,1,5,17,16,13,1,36,1,0,0,,7,1,0.248309,0.111273,0.313937,0.354444,0.336843,0.464518,0.346715,0.801361,0.216209,6.68529,0.328456,0,0.790087,16.5929,2.85794,117.114,0.790087,-0.610831,3.1837817430496216,-0.31453508138656616,0.676149,92.93000030517578,,,,,,,154.8,5.733333333,154.8,5.733333333,,,,,,,,,,,,,,,,,,,"Oneil Cruz","21711",665833
"Colson Montgomery","CHW",32,137,123,27,15,5,0,6,16,20,11,0,43,2,1,0,,0,0,0.21722,0.0807794,0.317246,0.254627,0.292648,0.422591,0.31131,0.715239,0.205371,3.30755,0.274212,0,-0.178392,15.6135,-0.543437,98.1613,-0.178392,0.897931,-0.4699058532714844,2.2149065732955933,0.670354,254.75,,,,,,,138.1,4.315625,138.1,4.315625,,,,,,,,,,,,,,,,,,,"Colson Montgomery","29712",695657
"Steven Kwan","CLE",30,128,112,31,24,5,1,1,16,10,14,0,12,1,1,1,,3,1,0.276982,0.10789,0.0925281,1.16602,0.360178,0.370168,0.328294,0.730346,0.0931863,5.05443,0.297384,0,0.0456614,16.4251,1.24926,111.443,0.0456614,0.451654,1.74980054423213,0.25813502073287964,0.667255,169.60000610351562,,,,,,,139.1,4.636666666,139.1,4.636666666,,,,,,,,,,,,,,,,,,,"Steven Kwan","24610",680757
"Trent Grisham","NYY",30,128,110,24,14,5,0,6,18,16,16,0,28,1,1,0,,2,1,0.221287,0.128581,0.221839,0.579612,0.324914,0.425609,0.330574,0.750523,0.204323,4.43676,0.243507,0,-0.0269847,16.594,1.4795,112.972,-0.0269847,-0.329248,1.8970565218478441,0.12723374366760254,0.667054,253.82000732421875,,,,,,,147.3,4.91,147.3,4.91,,,,,,,,,,,,,,,,,,,"Trent Grisham","18564",663757
"Trea Turner","PHI",31,135,124,33,23,6,1,4,20,14,9,0,27,1,1,0,,5,1,0.267165,0.0677652,0.197061,0.343879,0.321026,0.421405,0.324563,0.742431,0.15424,6.3404,0.309708,0,0.483723,16.9296,0.910636,102.532,0.483723,-0.217511,0.8967815339565277,1.2338777929544449,0.664653,26.780000686645508,,,,,,,158.2,5.103225806,158.2,5.103225806,,,,,,,,,,,,,,,,,,,"Trea Turner","16252",607208
"Bo Bichette","NYM",31,134,124,35,24,6,0,4,16,17,9,0,23,1,1,0,,1,1,0.280887,0.0651071,0.17153,0.379566,0.328441,0.424532,0.329003,0.752973,0.143645,3.1539,0.317357,0,-0.225436,17.2318,1.38143,110.346,-0.225436,0.596426,1.4445406943559647,0.7084626704454422,0.662221,92.86000061035156,,,,,,,156.1,5.03548387,156.1,5.03548387,,,,,,,,,,,,,,,,,,,"Bo Bichette","19612",666182
"Seiya Suzuki","CHC",29,125,110,29,17,6,1,6,17,19,14,1,32,1,1,0,,1,1,0.263175,0.112181,0.254715,0.440418,0.348817,0.480061,0.358603,0.828878,0.216886,3.83702,0.318683,0,-0.165817,19.1306,4.29196,128.704,-0.165817,0.32796,4.171701118350029,-1.749817818403244,0.661372,113.43000030517578,,,,,,,176,6.068965517,176,6.068965517,,,,,,,,,,,,,,,,,,,"Seiya Suzuki","30116",673548
"Vladimir Guerrero Jr.","TOR",29,127,112,31,21,6,0,4,17,17,14,2,17,1,1,0,,1,1,0.281823,0.106869,0.133631,0.799731,0.362814,0.450896,0.35326,0.813711,0.169073,3.04308,0.297714,0,-0.151788,18.8454,3.80239,128.223,-0.151788,0.183161,4.01432940363884,-2.118073880672455,0.651821,18.049999237060547,,,,,,,160.7,5.54137931,160.7,5.54137931,,,,,,,,,,,,,,,,,,,"Vladimir Guerrero Jr.","19611",665489
"Jonathan Aranda","TBR",32,138,120,33,23,5,0,4,17,19,14,1,34,2,1,0,,0,0,0.275343,0.102113,0.243003,0.420213,0.358689,0.426472,0.345599,0.785161,0.15113,1.71767,0.344686,0,-0.250631,19.6043,3.27368,121.382,-0.250631,0.968471,3.175865978002548,-1.675973892211914,0.650662,195.60000610351562,,,,,,,164.9,5.153125,164.9,5.153125,,,,,,,,,,,,,,,,,,,"Jonathan Aranda","21837",666018
"Chase Meidroth","CHW",31,132,115,30,22,5,0,2,17,12,14,0,24,2,1,1,,2,1,0.258379,0.106586,0.182718,0.583333,0.346821,0.363791,0.320716,0.710612,0.105412,3.94147,0.307541,0,-0.118009,16.1139,0.478183,104.706,-0.118009,0.427891,0.603971041738987,0.921101301908493,0.632048,646.8699951171875,,,,,,,135.3,4.364516129,135.3,4.364516129,,,,,,,,,,,,,,,,,,,"Chase Meidroth","31580",805367
"Masyn Winn","STL",29,127,114,28,20,5,1,2,16,13,10,0,25,1,1,0,,2,1,0.247216,0.0787002,0.198706,0.396063,0.312308,0.358787,0.299015,0.671095,0.111571,5.16234,0.296981,0,0.0135988,13.2743,-1.76869,89.1063,0.0135988,2.29518,-1.6552303666248918,3.658144474029541,0.62437,364.7799987792969,,,,,,,115.8,3.993103448,115.8,3.993103448,,,,,,,,,,,,,,,,,,,"Masyn Winn","27479",691026
"Kyle Tucker","LAD",31,133,114,29,17,5,1,5,19,19,17,1,21,1,1,0,,4,0,0.251711,0.128785,0.158719,0.811401,0.35063,0.446887,0.348188,0.797518,0.195177,5.54777,0.265177,0,0.341294,19.1025,3.42079,120.458,0.341294,-0.360352,3.608406752347946,-1.7811853289604187,0.6243,13.130000114440918,,,,,,,177.2,5.716129032,177.2,5.716129032,,,,,,,,,,,,,,,,,,,"Kyle Tucker","18345",663656
"Bryson Stott","PHI",26,111,99,26,18,5,1,2,13,13,11,0,18,1,1,1,,5,0,0.26086,0.0960362,0.165396,0.580645,0.334386,0.399622,0.324594,0.734008,0.138762,6.52112,0.29769,0,0.60258,13.9029,0.750447,102.553,0.60258,1.13064,0.9444901645183563,1.5584222376346588,0.622532,181.44000244140625,,,,,,,131.1,5.042307692,131.1,5.042307692,,,,,,,,,,,,,,,,,,,"Bryson Stott","26294",681082
"Kyle Schwarber","PHI",33,144,120,28,14,4,0,9,20,21,21,1,44,2,1,0,,1,0,0.229141,0.148135,0.306334,0.483575,0.350851,0.496933,0.36483,0.847784,0.267791,3.22629,0.270958,0,-0.12751,22.6807,5.64998,129.527,-0.12751,-0.00344769,4.9934632778167725,-3.5631701129022986,0.621515,24.690000534057617,,,,,,,203.9,6.178787878,203.9,6.178787878,,,,,,,,,,,,,,,,,,,"Kyle Schwarber","16478",656941
"Randy Arozarena","SEA",30,131,113,28,18,6,0,4,18,15,13,0,32,5,1,0,,5,2,0.25046,0.0960604,0.244477,0.392922,0.346894,0.420773,0.340424,0.767667,0.170313,5.46135,0.310376,0,0.207392,18.0748,2.56169,125.318,0.207392,-0.906204,4.0614592134952545,-2.617315411567688,0.62006,89.37999725341797,,,,,,,156.7,5.223333333,156.7,5.223333333,,,,,,,,,,,,,,,,,,,"Randy Arozarena","19290",668227
"CJ Abrams","WSN",31,133,119,31,19,6,1,5,19,18,9,0,27,3,1,0,,6,1,0.263738,0.0701784,0.205446,0.341591,0.329788,0.464673,0.343876,0.79446,0.200934,6.95725,0.298609,0,0.57714,18.659,2.96197,117.085,0.57714,-1.96029,3.308268427848816,-1.5355943143367767,0.619167,65,,,,,,,169.3,5.461290322,169.3,5.461290322,,,,,,,,,,,,,,,,,,,"CJ Abrams","25768",682928
"Kazuma Okamoto","TOR",29,127,113,27,16,6,0,6,15,20,12,1,30,2,1,0,,0,0,0.241905,0.0929518,0.238569,0.389622,0.321974,0.447057,0.333635,0.769031,0.205152,1.87891,0.277393,0,-0.21167,16.8298,1.7868,114.569,-0.21167,-0.334259,1.9388646483421326,-0.37376487255096436,0.618062,999,,,,,,,154,5.310344827,154,5.310344827,,,,,,,,,,,,,,,,,,,"Kazuma Okamoto","37123",672960
"Manny Machado","SDP",31,134,120,29,18,6,0,6,17,19,13,1,28,0,1,0,,1,1,0.244916,0.0941867,0.206905,0.455217,0.315982,0.433058,0.324816,0.749041,0.188142,3.10331,0.270642,0,-0.117731,16.7787,0.928324,107.97,-0.117731,0.652275,1.1687165945768356,0.47912681102752686,0.610723,37.52000045776367,,,,,,,154.3,4.977419354,154.3,4.977419354,,,,,,,,,,,,,,,,,,,"Manny Machado","11493",592518
"Ryan Jeffers","MIN",25,101,88,22,14,5,0,3,12,13,11,0,20,2,1,0,,0,0,0.253713,0.108969,0.195878,0.556311,0.346571,0.425474,0.340469,0.772045,0.17176,3.22303,0.292389,0,-0.122911,13.9246,1.97661,117.939,-0.122911,-0.636834,1.9803156927227974,0.3205735683441162,0.598734,298.05999755859375,,,,,,,116.9,4.676,116.9,4.676,,,,,,,,,,,,,,,,,,,"Ryan Jeffers","24618",680777
"Riley Greene","DET",24,106,93,25,15,5,0,4,14,15,11,1,29,1,1,0,,1,0,0.268437,0.101752,0.272115,0.373931,0.346032,0.469553,0.353272,0.815586,0.201117,3.55261,0.33989,0,-0.154281,15.6714,3.1628,127.363,-0.154281,0.112655,3.204355835914612,-1.1046287566423416,0.595315,78.4800033569336,,,,,,,137,5.708333333,137,5.708333333,,,,,,,,,,,,,,,,,,,"Riley Greene","25976",682985
"Xander Bogaerts","SDP",29,127,112,28,20,5,0,3,14,13,12,0,23,1,1,0,,4,0,0.247595,0.0980988,0.182037,0.538895,0.326209,0.365828,0.30865,0.692038,0.118233,4.5985,0.286787,0,0.389823,14.2299,-0.777298,97.1326,0.389823,0.400028,-0.04839998483657837,1.7597499787807465,0.593647,237.1999969482422,,,,,,,134.1,4.624137931,134.1,4.624137931,,,,,,,,,,,,,,,,,,,"Xander Bogaerts","12161",593428
"Jazz Chisholm Jr.","NYY",27,118,104,24,15,4,1,5,15,16,12,1,33,1,1,0,,7,2,0.230769,0.101333,0.280653,0.36106,0.31241,0.424186,0.321182,0.736596,0.193417,6.49875,0.283398,0,0.576758,14.3676,0.469215,106.438,0.576758,-0.236272,1.454751193523407,0.18348146975040436,0.590631,19.520000457763672,,,,,,,141.4,5.237037037,141.4,5.237037037,,,,,,,,,,,,,,,,,,,"Jazz Chisholm Jr.","20454",665862
"Josh Naylor","SEA",31,133,120,33,23,6,0,4,14,17,11,1,18,1,1,0,,5,1,0.272527,0.0806116,0.136507,0.590529,0.336325,0.419135,0.329874,0.75546,0.146608,4.28453,0.291714,0,0.412893,17.1418,1.46006,117.978,0.412893,0.291286,3.1793817579746246,-2.0767698287963867,0.590382,67.45999908447266,,,,,,,162.5,5.241935483,162.5,5.241935483,,,,,,,,,,,,,,,,,,,"Josh Naylor","18839",647304
"Xavier Edwards","MIA",30,131,116,33,26,4,1,1,15,11,13,1,18,0,1,1,,5,1,0.283859,0.0988897,0.134919,0.732959,0.35441,0.371754,0.323527,0.726164,0.0878944,5.99927,0.323652,0,0.33275,16.2852,0.77209,102.103,0.33275,0.377494,0.6649082899093628,0.8460128605365753,0.587345,182.42999267578125,,,,,,,141.2,4.706666666,141.2,4.706666666,,,,,,,,,,,,,,,,,,,"Xavier Edwards","22266",669364
"Brayan Rocchio","CLE",30,128,115,28,19,6,1,2,14,13,9,0,22,2,1,1,,3,1,0.244316,0.0739359,0.170252,0.434272,0.311296,0.369148,0.302712,0.680445,0.124833,4.99381,0.280445,0,-0.0827592,13.7745,-1.40134,93.6444,-0.0827592,0.829975,-1.0292216092348099,2.204975187778473,0.58242,999,,,,,,,119.6,3.986666666,119.6,3.986666666,,,,,,,,,,,,,,,,,,,"Brayan Rocchio","23690",677587
"Brendan Donovan","SEA",24,104,91,24,17,5,0,2,12,11,10,0,15,2,1,0,,1,1,0.267008,0.0939106,0.14738,0.637201,0.351196,0.393305,0.331639,0.744502,0.126298,3.00937,0.299675,0,-0.251685,13.6037,1.29436,119.206,-0.251685,-0.146864,2.068151205778122,-0.10103105008602142,0.575722,268.5799865722656,,,,,,,111.8,4.658333333,111.8,4.658333333,,,,,,,,,,,,,,,,,,,"Brendan Donovan","24679",680977
"Ketel Marte","ARI",22,96,84,22,13,4,1,4,13,13,9,1,15,1,1,0,,1,0,0.261212,0.0977079,0.160396,0.609168,0.340043,0.468059,0.349033,0.808102,0.206848,4.6008,0.274722,0,-0.00686842,13.8272,2.52961,119.554,-0.00686842,0.123617,2.2427865867502987,0.26111722737550735,0.570824,32.63999938964844,,,,,,,126,5.727272727,126,5.727272727,,,,,,,,,,,,,,,,,,,"Ketel Marte","13613",606466
"Luis Arraez","PHI",31,134,123,38,29,6,1,2,17,15,7,1,6,1,1,1,,2,0,0.310658,0.051911,0.0438369,1.18419,0.348013,0.418966,0.334565,0.766979,0.108309,5.03837,0.312317,0,0.0316979,17.8337,1.98332,109.237,0.0316979,-0.785157,1.5226792395114899,-0.3064533770084381,0.566723,280.04998779296875,,,,,,,159.5,5.14516129,159.5,5.14516129,,,,,,,,,,,,,,,,,,,"Luis Arraez","18568",650333
"Ezequiel Duran","TEX",28,121,111,29,19,6,1,3,14,15,8,0,29,1,1,0,,3,1,0.259653,0.0636056,0.237857,0.267411,0.311062,0.413817,0.316813,0.724879,0.154164,5.62042,0.320972,0,0.156174,14.3892,0.0564027,103.68,0.156174,0.216662,0.6737574338912964,0.5884209126234055,0.565533,999,,,,,,,132.6,4.735714285,132.6,4.735714285,,,,,,,,,,,,,,,,,,,"Ezequiel Duran","23733",677649
"Michael Busch","CHC",31,134,116,29,18,6,1,5,16,18,15,0,32,2,1,0,,1,0,0.250079,0.109881,0.236304,0.465,0.343641,0.441124,0.344103,0.784765,0.191045,3.67911,0.298645,0,-0.083085,18.8658,3.01549,118.983,-0.083085,0.55162,2.9810664877295494,-1.8418981432914734,0.558867,106.45999908447266,,,,,,,169.4,5.464516129,169.4,5.464516129,,,,,,,,,,,,,,,,,,,"Michael Busch","26319",683737
"Brandon Nimmo","TEX",30,128,114,29,19,6,1,4,15,14,11,0,28,2,1,0,,2,0,0.256158,0.0891676,0.218584,0.407933,0.332728,0.421593,0.331419,0.75432,0.165435,4.75969,0.306741,0,0.0513716,16.7488,1.57296,113.842,0.0513716,0.347563,2.1126447170972824,-1.1700294315814972,0.558653,145.4600067138672,,,,,,,151.9,5.063333333,151.9,5.063333333,,,,,,,,,,,,,,,,,,,"Brandon Nimmo","12927",607043
"Tommy Edman","LAD",28,120,109,28,19,5,1,3,16,14,8,0,22,2,1,1,,3,1,0.254624,0.0643335,0.186944,0.344133,0.312901,0.403663,0.315316,0.716564,0.149039,5.91312,0.292254,0,0.183301,14.0751,-0.089044,98.4203,0.183301,1.21417,-0.044552162289619446,1.6215792000293732,0.556404,730.1199951171875,,,,,,,129.1,4.610714285,129.1,4.610714285,,,,,,,,,,,,,,,,,,,"Tommy Edman","19470",669242
"Liam Hicks","TBR",23,91,78,21,16,3,0,2,10,11,9,0,11,2,1,0,,1,0,0.264056,0.103809,0.125295,0.828517,0.356532,0.387531,0.332762,0.744063,0.123475,3.29574,0.282441,0,-0.0456294,11.9754,1.21409,112.451,-0.0456294,-0.368372,1.2691633701324463,0.9066279232501984,0.549813,748.5399780273438,,,,,,,102,4.434782608,102,4.434782608,,,,,,,,,,,,,,,,,,,"Liam Hicks","29844",689414
"Willy Adames","SFG",31,132,119,28,16,6,0,5,17,16,12,0,34,1,1,0,,2,1,0.232906,0.0919763,0.256336,0.358811,0.306588,0.419857,0.317662,0.726444,0.186951,4.1836,0.279689,0,-0.0142077,15.7878,0.15211,101.849,-0.0142077,-0.618658,0.2801846116781235,0.7980090379714966,0.546657,133.92999267578125,,,,,,,142.2,4.587096774,142.2,4.587096774,,,,,,,,,,,,,,,,,,,"Willy Adames","15986",642715
"Rafael Devers","SFG",33,141,123,31,17,7,0,7,18,19,16,2,35,1,1,0,,0,0,0.251281,0.114475,0.249077,0.459599,0.340158,0.474281,0.349491,0.814439,0.223,2.48623,0.296408,0,-0.177962,20.4646,3.78651,123.188,-0.177962,-0.11463,3.7603214532136917,-2.9689507707953453,0.546533,61.619998931884766,,,,,,,187.7,5.687878787,187.7,5.687878787,,,,,,,,,,,,,,,,,,,"Rafael Devers","17350",646240
"Iván Herrera","STL",29,121,103,27,18,5,0,3,16,14,13,1,23,4,1,0,,2,0,0.259706,0.107377,0.189016,0.568083,0.361559,0.411864,0.343557,0.773423,0.152158,4.42407,0.300682,0,0.0552405,16.9453,2.66383,118.968,0.0552405,-0.109706,2.813876025378704,-1.3837798982858658,0.544704,178.42999267578125,,,,,,,145.7,5.024137931,145.7,5.024137931,,,,,,,,,,,,,,,,,,,"Ivan Herrera","20599",671056
"Ernie Clement","TOR",28,120,113,32,22,6,1,2,14,12,5,0,12,1,1,1,,1,1,0.278547,0.0390888,0.0981911,0.398089,0.309272,0.40093,0.309915,0.710202,0.122383,4.22109,0.293347,0,-0.0991348,13.6114,-0.613997,98.0656,-0.0991348,0.922587,-0.3691697493195534,1.4509822130203247,0.543875,337.67999267578125,,,,,,,125.2,4.471428571,125.2,4.471428571,,,,,,,,,,,,,,,,,,,"Ernie Clement","20352",676391
"Kaelen Culpepper","MIN",26,114,103,26,19,3,1,3,14,13,8,0,25,3,1,0,,3,1,0.249677,0.0668434,0.215366,0.310372,0.315214,0.383466,0.309931,0.69868,0.133789,5.55758,0.297222,0,0.0839905,12.9088,-0.580798,96.6923,0.0839905,0.414397,-0.3538517877459526,1.6366191506385803,0.541934,999,,,,,,,121.1,4.657692307,121.1,4.657692307,,,,,,,,,,,,,,,,,,,"Kaelen Culpepper","35111",701785
"Ian Happ","CHC",30,128,111,26,15,6,0,5,17,15,16,1,34,1,1,0,,1,0,0.234086,0.122468,0.263106,0.46547,0.333975,0.422986,0.332919,0.75696,0.188899,4.05678,0.291498,0,-0.0899264,16.9042,1.72839,111.485,-0.0899264,0.827844,1.6850548535585403,-0.5878969430923462,0.535745,184.86000061035156,,,,,,,151.9,5.063333333,151.9,5.063333333,,,,,,,,,,,,,,,,,,,"Ian Happ","17919",664023
"Matt McLain","CIN",30,128,113,26,16,5,0,4,17,15,13,0,35,1,1,1,,4,1,0.231969,0.102248,0.271469,0.376649,0.31855,0.401656,0.318856,0.720206,0.169687,5.78914,0.294832,0,0.312579,15.4472,0.271366,95.4852,0.312579,0.942508,-0.3851590156555176,1.4517674446105957,0.53263,144.3000030517578,,,,,,,131.5,4.383333333,131.5,4.383333333,,,,,,,,,,,,,,,,,,,"Matt McLain","29695",680574
"Jac Caglianone","KCR",29,126,114,30,19,6,0,6,16,17,10,0,29,2,1,0,,1,0,0.266268,0.0757603,0.228427,0.331661,0.330448,0.473557,0.34779,0.804006,0.207289,3.92916,0.307085,0,-0.0663313,18.0848,3.20531,120.736,-0.0663313,-0.831662,2.961412563920021,-2.278575360774994,0.523137,164.58999633789062,,,,,,,165.7,5.713793103,165.7,5.713793103,,,,,,,,,,,,,,,,,,,"Jac Caglianone","35041",695506
"Daulton Varsho","HOU",27,117,106,24,14,5,1,4,14,14,9,0,27,1,1,0,,2,0,0.229701,0.0772164,0.234425,0.329387,0.293678,0.412254,0.307373,0.705932,0.182554,5.39912,0.26773,0,0.115038,12.9901,-0.836746,96.2683,0.115038,0.937675,-0.39129070937633514,1.3552672863006592,0.519714,192.2100067138672,,,,,,,120,4.444444444,120,4.444444444,,,,,,,,,,,,,,,,,,,"Daulton Varsho","19918",662139
"Kody Clemens","MIN",23,101,92,22,11,5,1,4,13,14,7,0,24,1,1,0,,2,0,0.232905,0.0670686,0.234614,0.285868,0.292213,0.449924,0.319735,0.742137,0.217019,6.04084,0.264372,0,0.056307,12.258,0.285901,103.514,0.056307,0.900389,0.4690810739994049,1.037888526916504,0.518534,700.7000122070312,,,,,,,116.8,5.078260869,116.8,5.078260869,,,,,,,,,,,,,,,,,,,"Kody Clemens","20572",665019
"Alec Burleson","STL",29,124,113,32,21,6,0,4,15,18,10,0,19,1,1,0,,1,0,0.282283,0.0777962,0.152664,0.509591,0.342984,0.462682,0.350074,0.805666,0.180398,3.71783,0.304125,0,-0.0351043,18.1156,3.39959,123.337,-0.0351043,-0.153436,3.4621832594275475,-2.425040677189827,0.516781,175.19000244140625,,,,,,,156.1,5.38275862,156.1,5.38275862,,,,,,,,,,,,,,,,,,,"Alec Burleson","27615",676475
"Austin Riley","ATL",29,125,113,28,17,6,0,5,15,16,10,0,35,2,1,0,,1,0,0.246498,0.07723,0.281586,0.274268,0.314983,0.432999,0.326691,0.747982,0.186501,3.8838,0.311925,0,-0.0604241,15.8977,1.05911,105.081,-0.0604241,-0.186993,0.7073875106871128,0.26115551590919495,0.513213,59.36000061035156,,,,,,,146.1,5.037931034,146.1,5.037931034,,,,,,,,,,,,,,,,,,,"Austin Riley","18360",663586
"James Wood","WSN",20,87,74,19,11,4,0,4,13,12,12,1,25,0,1,0,,2,1,0.263207,0.138918,0.291648,0.476319,0.368057,0.497477,0.372245,0.865534,0.23427,5.2027,0.341542,0,0.0619389,14.2401,3.93896,136.104,0.0619389,-0.171382,3.84940754622221,-1.638048231601715,0.513169,37.790000915527344,,,,,,,118.6,5.93,118.6,5.93,,,,,,,,,,,,,,,,,,,"James Wood","29518",695578
"Max Clark","DET",26,112,98,23,17,3,1,2,15,12,12,0,23,1,1,0,,2,0,0.239036,0.110933,0.207466,0.534703,0.326774,0.36843,0.311414,0.695204,0.129394,5.98014,0.287164,0,0.122438,12.7687,-0.434766,98.2399,0.122438,0.763331,-0.1056082621216774,1.162096381187439,0.510145,999,,,,,,,106.8,4.107692307,106.8,4.107692307,,,,,,,,,,,,,,,,,,,"Max Clark","33381",703601
"Garrett Mitchell","MIL",23,101,88,22,13,5,1,2,13,12,11,0,32,1,0,0,,3,1,0.247627,0.113271,0.320361,0.353573,0.339201,0.401899,0.328274,0.7411,0.154272,6.23708,0.364068,0,0.0940082,12.9559,0.983853,107.349,0.0940082,0.321939,0.9900094866752625,0.683512806892395,0.505012,691.1699829101562,,,,,,,113.1,4.917391304,113.1,4.917391304,,,,,,,,,,,,,,,,,,,"Garrett Mitchell","27555",669003
"Cole Young","SEA",30,128,114,28,19,5,1,3,15,15,11,0,22,2,1,1,,1,1,0.244371,0.0834984,0.171943,0.485616,0.317474,0.378591,0.309158,0.696065,0.134221,4.19206,0.276534,0,-0.358422,14.4424,-0.733461,103.564,-0.358422,-0.254071,0.17239812016487122,0.20426219701766968,0.500958,704.2899780273438,,,,,,,129.3,4.31,129.3,4.31,,,,,,,,,,,,,,,,,,,"Cole Young","31680",702284
"Colt Keith","DET",29,123,112,29,19,6,1,3,16,14,10,0,26,1,1,0,,1,0,0.263594,0.0834721,0.212422,0.392954,0.328362,0.422004,0.328892,0.750366,0.158411,4.49256,0.314865,0,-0.0548425,15.8542,1.26085,110.4,-0.0548425,0.0141503,1.4344866834580898,-0.8883188348263502,0.500483,502.489990234375,,,,,,,136.6,4.710344827,136.6,4.710344827,,,,,,,,,,,,,,,,,,,"Colt Keith","27899",690993
"Zack Gelof","ATH",28,123,110,27,16,5,0,5,17,16,10,0,37,1,1,1,,4,1,0.242166,0.0836857,0.298254,0.280585,0.311453,0.424599,0.322497,0.736052,0.182433,5.6795,0.316992,0,0.253961,15.1211,0.619768,103.34,0.253961,0.483727,0.7292101383209229,-0.28016212582588196,0.487779,999,,,,,,,140.5,5.017857142,140.5,5.017857142,,,,,,,,,,,,,,,,,,,"Zack Gelof","29766",680869
"Sal Stewart","CIN",31,134,120,31,19,6,0,6,18,21,12,1,27,1,1,0,,3,1,0.261376,0.0899156,0.203873,0.441038,0.332447,0.45633,0.342215,0.788777,0.194954,4.11721,0.291939,0,0.124898,18.6615,2.81117,111.145,0.124898,0.802438,1.9238950908184052,-1.5095988512039185,0.484971,161.8699951171875,,,,,,,169.3,5.461290322,169.3,5.461290322,,,,,,,,,,,,,,,,,,,"Sal Stewart","31505",701398
"Patrick Bailey","CLE",21,83,75,16,11,3,0,2,8,9,7,0,23,0,1,0,,1,0,0.214575,0.0796475,0.269697,0.295322,0.278348,0.339524,0.274926,0.617873,0.124949,4.10412,0.275972,0,0.011773,7.08394,-2.78277,74.3131,0.011773,2.6295,-2.475254421122372,4.259126424789429,0.482591,747.8900146484375,,,,,,,65,3.095238095,65,3.095238095,,,,,,,,,,,,,,,,,,,"Patrick Bailey","27478",672275
"Nolan Arenado","ARI",27,115,104,26,17,5,0,4,13,16,9,1,19,1,1,0,,1,0,0.250091,0.0789377,0.168057,0.469707,0.316846,0.415039,0.319582,0.731885,0.164948,3.45389,0.272132,0,-0.0401747,13.9702,0.311934,99.8094,-0.0401747,0.655373,-0.06669084914028645,1.027132362127304,0.479418,638.0599975585938,,,,,,,125.6,4.651851851,125.6,4.651851851,,,,,,,,,,,,,,,,,,,"Nolan Arenado","9777",571448
"Jake Bauers","MIL",25,108,92,23,13,5,0,5,16,16,15,1,30,1,1,0,,3,1,0.249632,0.135461,0.276491,0.489929,0.355986,0.475723,0.361061,0.831709,0.226091,5.05765,0.309995,0,0.0607978,16.7369,3.92172,129.33,0.0607978,-1.04549,3.8884773924946785,-2.7056760787963867,0.478536,999,,,,,,,149.2,5.968,149.2,5.968,,,,,,,,,,,,,,,,,,,"Jake Bauers","15194",641343
"Aaron Judge","NYY",10,41,33,9,5,2,0,3,7,7,7,1,11,0,0,0,,1,0,0.280619,0.174594,0.257014,0.679319,0.411424,0.591374,0.419103,1.0028,0.310755,3.82549,0.32289,0,-0.0300646,8.28071,3.41626,174.566,-0.0300646,0.223503,3.5292703732848167,-0.30118799209594727,0.47735,1.850000023841858,,,,,,,74.3,7.43,74.3,7.43,,,,,,,,,,,,,,,,,,,"Aaron Judge","15640",592450
"Brandon Lowe","PIT",28,119,107,26,16,5,0,5,16,16,10,0,33,1,1,0,,1,0,0.247102,0.0853591,0.275275,0.310086,0.313774,0.448181,0.330548,0.761955,0.201079,3.39611,0.302654,0,-0.0807101,15.4358,1.37391,106.275,-0.0807101,-0.00306267,0.8179008886218071,-0.01293921796604991,0.474843,187.57000732421875,,,,,,,135,4.821428571,135,4.821428571,,,,,,,,,,,,,,,,,,,"Brandon Lowe","18882",664040
"Nathan Lukes","TOR",22,97,87,23,17,4,0,2,11,10,7,0,15,1,1,1,,1,1,0.264678,0.0729688,0.155997,0.467757,0.326223,0.383207,0.314411,0.709431,0.118529,3.38117,0.298667,0,-0.226766,11.3031,-0.142666,101.194,-0.226766,1.83263,-0.092679962515831,1.2894240617752075,0.470867,999,,,,,,,95.3,4.331818181,95.3,4.331818181,,,,,,,,,,,,,,,,,,,"Nathan Lukes","18123",664770
"Luis Robert Jr.","NYM",28,120,108,25,16,5,0,5,15,16,10,1,32,1,1,0,,5,2,0.234453,0.0805793,0.268148,0.300504,0.300906,0.404889,0.308002,0.705795,0.170436,4.67437,0.287545,0,0.157572,13.3678,-0.796307,96.267,0.157572,0.792331,-0.38088174164295197,1.0164052993059158,0.460424,105.63999938964844,,,,,,,130.4,4.657142857,130.4,4.657142857,,,,,,,,,,,,,,,,,,,"Luis Robert Jr.","20043",673357
"Jung Hoo Lee","SFG",32,138,127,35,24,7,2,2,16,14,8,0,14,1,1,0,,2,1,0.27839,0.0613927,0.0989445,0.620476,0.328411,0.415527,0.325649,0.743938,0.137137,5.20118,0.294402,0,-0.123109,17.38,1.04938,107.204,-0.123109,0.382764,1.0748773887753487,-1.0548903942108154,0.45819,339.44000244140625,,,,,,,147.5,4.609375,147.5,4.609375,,,,,,,,,,,,,,,,,,,"Jung Hoo Lee","33824",808982
"Henry Bolte","ATH",26,113,100,25,18,4,1,2,13,13,9,0,37,3,1,0,,5,2,0.249933,0.0771631,0.33255,0.232034,0.325012,0.376701,0.313077,0.701714,0.126768,6.45054,0.372153,0,0.27929,13.0337,-0.287357,96.7861,0.27929,0.445773,-0.14082291722297668,0.6240139901638031,0.455283,999,,,,,,,116,4.461538461,116,4.461538461,,,,,,,,,,,,,,,,,,,"Henry Bolte","31448",703607
"J.T. Realmuto","PHI",26,104,94,23,15,5,0,3,12,12,8,0,24,2,1,0,,1,0,0.242871,0.0731815,0.229038,0.319517,0.311712,0.39028,0.309728,0.701992,0.147409,4.69648,0.294586,0,0.0322996,11.7854,-0.548032,92.5865,0.0322996,-0.0636902,-0.8988294452428818,1.973346970975399,0.45404,212.27000427246094,,,,,,,109.4,4.207692307,109.4,4.207692307,,,,,,,,,,,,,,,,,,,"J.T. Realmuto","11739",592663
"Nick Gonzales","PIT",29,124,114,32,23,6,1,2,15,14,8,0,24,2,1,0,,1,1,0.283259,0.0647148,0.192219,0.336672,0.339833,0.40484,0.329228,0.744673,0.121581,4.19357,0.342219,0,-0.257254,16.0212,1.30517,105.39,-0.257254,-0.179194,0.5505116879940033,-0.12981119006872177,0.453939,999,,,,,,,136.2,4.696551724,136.2,4.696551724,,,,,,,,,,,,,,,,,,,"Nick Gonzales","27490",693304
"Dominic Canzone","SEA",29,124,112,29,17,6,0,5,15,17,10,1,27,1,1,0,,1,0,0.253662,0.0794425,0.220329,0.360563,0.317522,0.449692,0.332167,0.767214,0.19603,3.14834,0.289089,0,-0.181648,16.2655,1.59552,119.573,-0.181648,-0.0391086,2.6360076516866684,-2.5701271146535873,0.453857,477.1600036621094,,,,,,,149.7,5.162068965,149.7,5.162068965,,,,,,,,,,,,,,,,,,,"Dominic Canzone","26438",686527
"Luke Keaschall","MIN",25,110,94,25,18,5,0,2,14,11,11,0,17,3,1,0,,4,1,0.269242,0.0979371,0.159211,0.615139,0.360526,0.395016,0.337657,0.755542,0.125774,5.40622,0.307911,0,0.0834778,14.8825,1.89871,115.982,0.0834778,-1.17572,2.119780145585537,-1.557662159204483,0.45305,114.8499984741211,,,,,,,126.1,5.044,126.1,5.044,,,,,,,,,,,,,,,,,,,"Luke Keaschall","33321",807712
"Joe Mack","MIA",24,96,88,20,13,4,0,3,12,13,7,0,26,1,0,0,,1,0,0.227587,0.0715712,0.271569,0.263547,0.290606,0.386722,0.297956,0.677327,0.159134,3.58635,0.283347,0,-0.0591421,9.98453,-1.42386,84.9595,-0.0591421,1.19833,-1.80652729049325,3.082586646080017,0.448748,999,,,,,,,89.7,3.7375,89.7,3.7375,,,,,,,,,,,,,,,,,,,"Joe Mack","29780",691788
"Jarren Duran","BOS",29,123,111,27,16,6,1,4,16,15,9,0,31,1,1,0,,4,1,0.241489,0.0753449,0.253352,0.297393,0.305329,0.423694,0.316635,0.729023,0.182205,7.31454,0.29844,0,0.360891,14.633,0.0396223,97.8617,0.360891,1.4042,0.05468195676803589,-0.022964119911193848,0.448038,64.04000091552734,,,,,,,135.7,4.679310344,135.7,4.679310344,,,,,,,,,,,,,,,,,,,"Jarren Duran","24617",680776
"Esteury Ruiz","MIA",19,81,70,18,11,4,1,2,12,9,7,0,19,3,0,1,,9,2,0.25021,0.0903603,0.235371,0.383907,0.342911,0.406675,0.33346,0.749586,0.156465,8.10537,0.314569,0,0.853327,10.7415,1.13015,108.762,0.853327,0.453708,1.7109058499336243,0.031022369861602783,0.446046,748.530029296875,,,,,,,108.4,5.705263157,108.4,5.705263157,,,,,,,,,,,,,,,,,,,"Esteury Ruiz","21780",665923
"Ty France","SDP",29,125,112,29,20,6,0,4,14,15,8,0,25,4,1,0,,0,0,0.262841,0.0604359,0.197557,0.305917,0.33117,0.426088,0.332206,0.757258,0.163247,2.57151,0.300875,0,-0.165317,16.4564,1.61775,112.924,-0.165317,0.771846,1.7876921743154526,-1.4892648458480835,0.444899,999,,,,,,,141.4,4.875862068,141.4,4.875862068,,,,,,,,,,,,,,,,,,,"Ty France","17982",664034
"Luis Campusano","SDP",19,77,68,18,12,3,0,2,9,10,8,0,16,1,0,0,,0,0,0.259514,0.104542,0.203676,0.513274,0.341645,0.422684,0.337568,0.76433,0.163171,2.49202,0.302602,0,-0.0836369,10.3764,1.31902,116.519,-0.0836369,-0.573585,1.4400235638022423,0.41437816619873047,0.442036,999,,,,,,,87.3,4.594736842,87.3,4.594736842,,,,,,,,,,,,,,,,,,,"Luis Campusano","22217",669134
"Travis Bazzana","CLE",26,114,99,23,15,5,1,3,14,12,13,0,30,2,1,0,,3,1,0.22987,0.113256,0.262349,0.431699,0.32623,0.369841,0.311835,0.696071,0.139971,5.87306,0.300313,0,0.0742546,13.0842,-0.405421,99.9918,0.0742546,0.349625,0.07316747540608048,0.22740310430526733,0.441805,999,,,,,,,126.1,4.85,126.1,4.85,,,,,,,,,,,,,,,,,,,"Travis Bazzana","34967",683953
"Jackson Holliday","BAL",28,121,106,26,17,5,1,3,16,12,13,0,27,1,1,0,,3,2,0.243346,0.106819,0.224785,0.475205,0.3268,0.389478,0.317005,0.716278,0.146131,4.99933,0.294702,0,-0.224207,14.4079,0.0751654,103.853,-0.224207,-0.723271,0.31770963966846466,-0.2802155911922455,0.440684,203.14999389648438,,,,,,,130.1,4.646428571,130.1,4.646428571,,,,,,,,,,,,,,,,,,,"Jackson Holliday","31781",702616
"Taylor Ward","SEA",30,128,109,24,16,5,0,3,15,13,18,0,31,1,1,0,,1,1,0.224838,0.13655,0.245054,0.557226,0.336692,0.370612,0.318406,0.707303,0.145774,3.47563,0.281949,0,-0.207171,15.4006,0.224749,109.999,-0.207171,0.051759,1.2818593382835388,-1.5473151728510857,0.435498,148.42999267578125,,,,,,,124.2,4.14,124.2,4.14,,,,,,,,,,,,,,,,,,,"Taylor Ward","17548",621493
"Francisco Alvarez","NYM",23,92,81,19,12,3,0,4,10,12,9,0,26,1,0,0,,0,0,0.233604,0.0999237,0.279601,0.35738,0.319013,0.427798,0.327308,0.746811,0.194194,2.14528,0.287078,0,-0.0929777,11.7214,0.823726,109.21,-0.0929777,-0.314379,0.9291370287537575,0.3425655961036682,0.43404,165.25,,,,,,,101.7,4.42173913,101.7,4.42173913,,,,,,,,,,,,,,,,,,,"Francisco Alvarez","26121",682626
"Josh Jung","TEX",21,91,84,22,15,4,0,3,10,10,6,0,21,1,1,0,,0,0,0.264606,0.0650438,0.226552,0.287103,0.317567,0.418423,0.322301,0.73599,0.153817,3.24794,0.319843,0,-0.115476,11.2385,0.446794,107.498,-0.115476,0.00435699,0.6785602048039436,0.3302829070016742,0.431776,610.5,,,,,,,100,4.761904761,100,4.761904761,,,,,,,,,,,,,,,,,,,"Josh Jung","26299",673962
"Samuel Basallo","BAL",26,106,96,23,13,4,0,5,12,15,8,1,27,1,1,0,,0,0,0.236868,0.0795278,0.253815,0.31333,0.30288,0.441473,0.322031,0.744352,0.204605,1.95916,0.273539,0,-0.153349,13.0516,0.496625,107.35,-0.153349,-0.7561,0.7521338313817978,-0.28248870372772217,0.430554,160.94000244140625,,,,,,,118.4,4.553846153,118.4,4.553846153,,,,,,,,,,,,,,,,,,,"Samuel Basallo","28824",694212
"Austin Wells","NYY",23,90,80,17,10,3,0,3,9,11,8,0,23,1,0,0,,1,0,0.213492,0.0931035,0.25043,0.371774,0.293386,0.386385,0.299692,0.67977,0.172893,3.58617,0.251047,0,0.0136722,9.44014,-1.20208,91.4865,0.0136722,0.152029,-0.8754010312259197,1.9097454845905304,0.429819,246.13999938964844,,,,,,,81,3.52173913,81,3.52173913,,,,,,,,,,,,,,,,,,,"Austin Wells","27562",669224
"Christian Walker","HOU",31,134,120,28,16,6,0,6,16,19,11,0,34,2,1,0,,0,0,0.23035,0.0842936,0.250052,0.337105,0.306052,0.433119,0.321667,0.739171,0.202769,2.81957,0.266607,0,-0.130005,16.4379,0.58761,106.213,-0.130005,1.02027,0.8363763093948364,-1.3732463121414185,0.428388,212.94000244140625,,,,,,,149.6,4.825806451,149.6,4.825806451,,,,,,,,,,,,,,,,,,,"Christian Walker","13419",572233
"Colton Cowser","BAL",23,98,86,20,13,3,0,3,12,12,10,0,31,1,1,0,,3,1,0.229093,0.103549,0.311552,0.332366,0.317173,0.392521,0.314685,0.709694,0.163428,4.73485,0.308593,0,0.0952461,11.5116,-0.123247,102.239,0.0952461,0.0932167,0.350891649723053,0.3631240725517273,0.427418,251.72000122070312,,,,,,,98.8,4.295652173,98.8,4.295652173,,,,,,,,,,,,,,,,,,,"Colton Cowser","29591",681297
"Sam Antonacci","CHW",29,123,104,27,19,5,1,1,17,13,11,0,20,7,1,1,,5,2,0.255681,0.0855834,0.164482,0.52032,0.360459,0.364888,0.329566,0.725347,0.109207,7.17888,0.303509,0,0.211551,15.9214,1.32805,110.863,0.211551,-0.718392,1.7671432495117188,-1.9566636085510254,0.425485,999,,,,,,,134.7,4.644827586,134.7,4.644827586,,,,,,,,,,,,,,,,,,,"Sam Antonacci","35101",803011
"Evan Carter","TEX",24,106,91,20,13,4,1,2,13,11,12,0,25,2,0,1,,4,1,0.222614,0.109953,0.236842,0.464246,0.318992,0.366018,0.306757,0.68501,0.143404,6.79399,0.278179,0,0.377299,11.6703,-0.807578,96.6836,0.377299,0.0453041,-0.02878051996231079,0.4221559092402458,0.420429,280.4800109863281,,,,,,,103.9,4.329166666,103.9,4.329166666,,,,,,,,,,,,,,,,,,,"Evan Carter","27790",694497
"J.P. Crawford","SEA",25,107,92,21,15,4,0,2,12,10,13,0,21,1,1,0,,1,0,0.232621,0.122637,0.193003,0.635417,0.333595,0.35597,0.311578,0.689565,0.123349,2.78804,0.273354,0,-0.180484,12.2443,-0.402243,105.248,-0.180484,-1.08418,0.47084182500839233,-0.18278956413269043,0.414831,748.5399780273438,,,,,,,99.9,3.996,99.9,3.996,,,,,,,,,,,,,,,,,,,"J.P. Crawford","15491",641487
"Kyle Karros","COL",28,119,105,27,19,6,1,2,16,13,12,1,26,2,1,0,,1,0,0.261064,0.0982776,0.22095,0.444795,0.341764,0.393309,0.325448,0.735073,0.132244,5.19261,0.326519,0,0.057756,14.9571,0.884934,91.2634,0.057756,0.980529,-1.194248829036951,1.3740473985671997,0.411397,999,,,,,,,132,4.714285714,132,4.714285714,,,,,,,,,,,,,,,,,,,"Kyle Karros","33252",691720
"Jose Altuve","HOU",30,128,116,30,20,5,0,4,17,13,11,1,24,1,1,0,,2,1,0.258487,0.0830473,0.186548,0.445179,0.324953,0.413762,0.323693,0.738715,0.155275,4.37285,0.292952,0,-0.139071,15.9483,0.772489,107.623,-0.139071,-1.38068,0.9960713982582092,-1.533458560705185,0.407777,116.5199966430664,,,,,,,141.1,4.703333333,141.1,4.703333333,,,,,,,,,,,,,,,,,,,"Jose Altuve","5417",514888
"Michael Massey","KCR",26,111,103,27,18,6,0,3,12,13,5,0,20,1,1,0,,1,0,0.258954,0.0495898,0.183416,0.270368,0.29887,0.40975,0.308727,0.70862,0.150796,3.55034,0.292791,0,-0.0883377,12.4102,-0.670687,93.5589,-0.0883377,0.717092,-0.9151282608509064,0.9541286528110504,0.402681,999,,,,,,,113.7,4.373076923,113.7,4.373076923,,,,,,,,,,,,,,,,,,,"Michael Massey","27684",686681
"Chase DeLauter","CLE",23,101,90,25,16,5,0,3,12,13,10,0,15,0,1,0,,1,0,0.272762,0.101417,0.151527,0.6693,0.344785,0.426299,0.339444,0.771083,0.153537,3.4378,0.3003,0,-0.0522001,13.8689,1.89684,119.201,-0.0522001,0.122337,2.2034885846078396,-1.838311105966568,0.402136,999,,,,,,,124.6,5.417391304,124.6,5.417391304,,,,,,,,,,,,,,,,,,,"Chase DeLauter","32127",800050
"Carter Jensen","KCR",25,103,92,22,13,5,1,3,12,13,10,0,28,0,1,0,,1,0,0.237928,0.100242,0.273396,0.366655,0.315413,0.409416,0.318019,0.724829,0.171488,4.5057,0.303105,0,-0.0171535,12.3511,0.148505,100.024,-0.0171535,-0.00751245,-0.01427094847895205,0.2838455424644053,0.399416,999,,,,,,,111.5,4.46,111.5,4.46,,,,,,,,,,,,,,,,,,,"Carter Jensen","29478",695600
"Will Smith","LAD",14,56,48,12,8,2,0,2,7,7,6,0,11,1,0,0,,0,0,0.253824,0.115633,0.191951,0.60241,0.350513,0.42898,0.342818,0.779493,0.175155,3.07669,0.285364,0,-0.0846033,7.84931,1.20566,116.858,-0.0846033,-0.0942461,1.0559514611959457,0.9395502135157585,0.389001,95.69000244140625,,,,,,,64.8,4.628571428,64.8,4.628571428,,,,,,,,,,,,,,,,,,,"Will Smith","19197",669257
"Roman Anthony","BOS",19,82,70,18,12,4,0,2,12,9,11,0,20,1,0,0,,1,0,0.258367,0.136784,0.248577,0.550267,0.364757,0.420551,0.348371,0.785308,0.162183,4.61008,0.332046,0,-0.123799,11.8633,2.13441,119.942,-0.123799,0.523179,1.78005862981081,-0.8829934597015381,0.387986,50.75,,,,,,,99.1,5.215789473,99.1,5.215789473,,,,,,,,,,,,,,,,,,,"Roman Anthony","31812",701350
"Jacob Young","WSN",26,113,101,25,19,4,1,2,14,11,8,0,20,2,1,2,,5,2,0.247643,0.0698741,0.172317,0.405498,0.312652,0.348161,0.296014,0.660813,0.100518,6.38832,0.291478,0,0.172932,11.5567,-1.85116,84.9984,0.172932,1.55132,-1.8754016309976578,1.9562589526176453,0.382756,746.0700073242188,,,,,,,109,4.192307692,109,4.192307692,,,,,,,,,,,,,,,,,,,"Jacob Young","29931",696285
"Carson Kelly","CHC",18,72,64,16,11,3,0,2,8,9,7,0,14,1,0,0,,0,0,0.246698,0.0955847,0.190718,0.501184,0.326794,0.380799,0.316,0.707594,0.134101,2.86765,0.285375,0,-0.0927637,8.53761,-0.0138599,100.142,-0.0927637,0.245431,-0.08036744873970747,1.3403384238481522,0.367308,591.9099731445312,,,,,,,77.1,4.283333333,77.1,4.283333333,,,,,,,,,,,,,,,,,,,"Carson Kelly","13620",608348
"Blaze Alexander","BAL",16,71,63,16,11,3,0,2,8,8,6,0,20,2,0,1,,2,1,0.259774,0.0781509,0.280685,0.278429,0.334127,0.3937,0.323194,0.727827,0.133926,4.99773,0.353715,0,-0.107856,8.83148,0.400448,108.159,-0.107856,0.288678,0.56715177744627,0.46182648837566376,0.361875,745.9099731445312,,,,,,,79.1,4.94375,79.1,4.94375,,,,,,,,,,,,,,,,,,,"Blaze Alexander","23789",677942
"Luis Torrens","NYM",16,63,57,14,9,3,0,2,7,7,4,0,13,1,0,0,,0,0,0.244686,0.0693654,0.21283,0.325919,0.304885,0.393939,0.308056,0.698824,0.149254,2.83647,0.289919,0,-0.0868632,6.98674,-0.413294,96.3033,-0.0868632,0.652345,-0.3654417619109154,1.8745673894882202,0.360545,999,,,,,,,63.9,3.99375,63.9,3.99375,,,,,,,,,,,,,,,,,,,"Luis Torrens","15905",620443
"Jake McCarthy","COL",27,116,106,30,20,6,2,2,16,14,7,0,19,2,1,1,,6,1,0.282238,0.059881,0.167553,0.357386,0.334354,0.436026,0.336312,0.77038,0.153788,7.62967,0.324021,0,0.459589,15.6058,1.88107,98.5468,0.459589,0.444757,0.2564828246831894,-0.48394668102264404,0.360174,506.760009765625,,,,,,,145.2,5.377777777,145.2,5.377777777,,,,,,,,,,,,,,,,,,,"Jake McCarthy","21622",664983
"Ozzie Albies","ATL",31,133,120,30,20,6,0,4,17,16,10,0,20,1,2,0,,2,1,0.250076,0.0735387,0.147351,0.499072,0.309919,0.407986,0.313734,0.717906,0.157911,3.90341,0.263697,0,-0.1875,15.4137,-0.268018,96.394,-0.1875,-0.503884,-0.763365626335144,-0.03027266263961792,0.35712,150.5,,,,,,,137,4.419354838,137,4.419354838,,,,,,,,,,,,,,,,,,,"Ozzie Albies","16556",645277
"Trevor Story","BOS",24,106,98,24,16,5,0,3,13,14,5,0,30,1,1,0,,4,0,0.248766,0.051784,0.287719,0.179981,0.292345,0.406332,0.303504,0.698677,0.157566,5.94993,0.3249,0,0.53621,11.4212,-1.08737,88.7262,0.53621,-0.53001,-0.847589910030365,0.6033234596252441,0.35636,111.33000183105469,,,,,,,104.7,4.3625,104.7,4.3625,,,,,,,,,,,,,,,,,,,"Trevor Story","12564",596115
"George Lombard Jr.","NYY",30,129,113,24,15,5,1,2,16,14,13,0,38,2,1,0,,4,2,0.210049,0.0980521,0.292132,0.335644,0.299941,0.335255,0.286709,0.635196,0.125206,6.37201,0.289443,0,0.0327338,12.2062,-3.08206,82.4533,0.0327338,0.10557,-2.5996660366654396,1.490755520761013,0.35294,999,,,,,,,107.4,3.58,107.4,3.58,,,,,,,,,,,,,,,,,,,"George Lombard Jr.","33433",806146
"Spencer Horwitz","PIT",25,109,95,25,16,6,0,3,13,12,12,0,18,2,1,0,,0,0,0.264706,0.112294,0.167913,0.668763,0.355773,0.415289,0.341769,0.771061,0.150583,2.7433,0.300157,0,-0.147646,15.169,2.25167,113.798,-0.147646,0.209226,1.6674107313156128,-1.771020531654358,0.350249,738.1500244140625,,,,,,,132.6,5.304,132.6,5.304,,,,,,,,,,,,,,,,,,,"Spencer Horwitz","26477",687462
"George Springer","TOR",28,120,106,26,17,5,0,4,16,14,12,0,23,1,1,0,,3,0,0.248321,0.103163,0.193081,0.5343,0.33178,0.41627,0.329867,0.74805,0.167949,5.2952,0.280131,0,0.177609,15.5492,1.32373,111.947,0.177609,-0.00509894,1.8453048169612885,-2.6767038139514625,0.348836,94.37999725341797,,,,,,,136.4,4.871428571,136.4,4.871428571,,,,,,,,,,,,,,,,,,,"George Springer","12856",543807
"Vinnie Pasquantino","KCR",28,123,109,28,17,6,0,5,13,17,12,1,19,1,1,0,,1,0,0.254856,0.0943128,0.151879,0.620973,0.329574,0.440908,0.334764,0.770482,0.186052,3.27967,0.267271,0,-0.0221073,16.3931,1.84067,111.674,-0.0221073,-0.323218,1.6449007634073496,-2.5898847579956055,0.347224,77.0999984741211,,,,,,,153.1,5.467857142,153.1,5.467857142,,,,,,,,,,,,,,,,,,,"Vinnie Pasquantino","27676",686469
"Yainer Diaz","HOU",18,73,69,18,13,3,0,2,8,9,3,0,12,0,0,0,,0,0,0.26604,0.0417334,0.168858,0.247151,0.298508,0.425359,0.313828,0.723867,0.159319,2.16187,0.290126,0,-0.166088,8.50562,-0.142209,100.759,-0.166088,-0.487824,-0.10164262354373932,0.8769912719726562,0.342627,113.04000091552734,,,,,,,68.3,3.794444444,68.3,3.794444444,,,,,,,,,,,,,,,,,,,"Yainer Diaz","23003",673237
"Nolan Schanuel","LAA",28,123,106,28,21,5,0,2,14,13,13,0,17,2,1,1,,1,0,0.265452,0.104328,0.13738,0.75941,0.352163,0.382755,0.328671,0.734918,0.117303,3.09018,0.293846,0,-0.10678,15.7324,1.23099,109.303,-0.10678,0.0115949,1.2171035036444664,-2.208775360137224,0.340907,594.6599731445312,,,,,,,131,4.678571428,131,4.678571428,,,,,,,,,,,,,,,,,,,"Nolan Schanuel","33189",694384
"Brandon Marsh","PHI",24,106,95,25,17,4,1,3,14,12,9,1,28,0,1,0,,2,1,0.26698,0.0824489,0.267903,0.307756,0.328887,0.429049,0.32979,0.757936,0.162069,5.3119,0.343636,0,0.048547,13.6325,1.15457,106.036,0.048547,0.175653,0.8155266344547272,-0.8937910348176956,0.340559,609.72998046875,,,,,,,118.5,4.9375,118.5,4.9375,,,,,,,,,,,,,,,,,,,"Brandon Marsh","20202",669016
"Royce Lewis","MIN",28,121,110,27,16,6,0,5,14,16,10,0,28,1,1,0,,3,0,0.244503,0.0786937,0.23182,0.33946,0.306919,0.424069,0.318342,0.730988,0.179566,4.68134,0.28606,0,0.3737,14.5388,0.206026,102.545,0.3737,-0.0234264,0.7316159605979919,-1.6887042429298162,0.339293,193.64999389648438,,,,,,,144.3,5.153571428,144.3,5.153571428,,,,,,,,,,,,,,,,,,,"Royce Lewis","20437",668904
"Joshua Báez","STL",25,108,96,22,14,5,0,3,13,14,8,0,32,2,1,0,,6,1,0.231854,0.077639,0.299465,0.259259,0.306743,0.39776,0.310904,0.704503,0.165906,6.39669,0.307602,0,0.464696,12.2895,-0.464339,97.0768,0.464696,0.892844,0.08502382040023804,-0.26271164417266846,0.33813,999,,,,,,,108.5,4.34,108.5,4.34,,,,,,,,,,,,,,,,,,,"Joshua Baez","29596",695491
"Sean Murphy","ATL",16,63,55,12,7,3,0,3,6,7,6,0,18,1,0,0,,0,0,0.214697,0.0911924,0.280946,0.32459,0.303054,0.398013,0.309357,0.701066,0.183316,1.1509,0.263108,0,-0.0765312,7.09376,-0.349639,93.4597,-0.0765312,0.792871,-0.5722909346222878,1.831759512424469,0.336306,746.0599975585938,,,,,,,70.1,4.38125,70.1,4.38125,,,,,,,,,,,,,,,,,,,"Sean Murphy","19352",669221
"Bryan Reynolds","PIT",30,130,114,29,19,6,1,4,16,15,14,1,32,2,1,0,,1,0,0.256132,0.105015,0.243716,0.430891,0.344158,0.415561,0.335118,0.759719,0.159429,4.47409,0.323527,0,0.00106353,17.3513,1.98126,109.339,0.00106353,-0.537,1.4628090258920565,-2.3839134573936462,0.33542,204.72000122070312,,,,,,,159,5.3,159,5.3,,,,,,,,,,,,,,,,,,,"Bryan Reynolds","19326",668804
"Marcus Semien","NYM",26,114,103,24,16,4,0,3,14,13,10,0,21,1,1,0,,2,0,0.230874,0.0869382,0.184104,0.472222,0.300234,0.376265,0.299097,0.676498,0.14539,4.73634,0.255908,0,0.0446824,11.9111,-1.57857,90.2966,0.0446824,0.472016,-1.288310170173645,0.8794230222702026,0.335114,266.25,,,,,,,108,4.153846153,108,4.153846153,,,,,,,,,,,,,,,,,,,"Marcus Semien","12533",543760
"Maikel Garcia","KCR",14,61,55,15,10,3,0,1,8,7,5,0,9,0,0,0,,2,1,0.268204,0.0837187,0.151354,0.553132,0.328895,0.392424,0.318741,0.721319,0.124221,5.72991,0.305324,0,0.0326169,7.31746,0.12298,100.526,0.0326169,0.848916,0.06973972171545029,1.0661995261907578,0.335089,63.150001525878906,,,,,,,63.1,4.507142857,63.1,4.507142857,,,,,,,,,,,,,,,,,,,"Maikel Garcia","22715",672580
"Carson Benge","NYM",27,115,103,27,18,4,1,3,15,13,10,0,25,2,0,0,,3,1,0.257133,0.0861423,0.213116,0.404204,0.330314,0.408094,0.325469,0.738408,0.150961,6.26336,0.308347,0,0.145896,14.5192,0.860892,107.977,0.145896,-0.533954,1.255432203412056,-1.7307131886482239,0.333055,999,,,,,,,132.6,4.911111111,132.6,4.911111111,,,,,,,,,,,,,,,,,,,"Carson Benge","35177",701807
"Teoscar Hernández","LAD",29,127,116,30,19,6,0,5,16,19,9,0,34,1,1,0,,1,0,0.259588,0.067764,0.26853,0.252352,0.314658,0.447627,0.330614,0.762285,0.188039,3.71123,0.320737,0,-0.100724,16.4803,1.47306,108.676,-0.100724,-0.705559,1.2252662777900696,-2.0856510996818542,0.331476,125.41999816894531,,,,,,,148.3,5.113793103,148.3,5.113793103,,,,,,,,,,,,,,,,,,,"Teoscar Hernandez","13066",606192
"Spencer Torkelson","DET",31,132,116,27,15,6,0,6,16,18,14,0,37,1,1,0,,0,0,0.232189,0.106658,0.27682,0.385297,0.320701,0.438556,0.331276,0.759257,0.206367,2.28915,0.283049,0,-0.15239,17.2411,1.6054,112.059,-0.15239,-0.751356,1.6978133618831635,-3.1334542632102966,0.330223,188.35000610351562,,,,,,,154,4.967741935,154,4.967741935,,,,,,,,,,,,,,,,,,,"Spencer Torkelson","27465",679529
"Cedric Mullins","TBR",25,107,95,21,13,4,1,3,13,12,9,0,23,1,1,1,,5,1,0.216333,0.0885252,0.215519,0.410753,0.293757,0.372203,0.295298,0.665959,0.15587,6.19452,0.248237,0,0.221629,10.8693,-1.81301,86.3854,0.221629,0.517081,-1.4727091193199158,0.9001052975654602,0.328184,321.5,,,,,,,104.8,4.192,104.8,4.192,,,,,,,,,,,,,,,,,,,"Cedric Mullins","17929",656775
"Josh Bell","MIN",26,114,101,26,17,5,0,4,13,15,11,0,22,1,1,0,,0,0,0.256191,0.099999,0.194431,0.514315,0.335219,0.42999,0.336222,0.765209,0.173799,1.96075,0.290205,0,-0.244576,15.3302,1.84053,114.984,-0.244576,-0.021596,1.738912582397461,-2.5780773740261793,0.325617,636.3300170898438,,,,,,,132.7,5.103846153,132.7,5.103846153,,,,,,,,,,,,,,,,,,,"Josh Bell","13145",605137
"Cooper Pratt","MIL",27,118,104,23,17,4,1,2,14,12,11,0,26,1,1,1,,4,1,0.225192,0.0931901,0.21937,0.424807,0.304956,0.319302,0.282207,0.624259,0.0941101,6.04469,0.28167,0,0.391657,10.744,-3.25154,76.4655,0.391657,1.02971,-2.962585687637329,2.297766327857971,0.323153,999,,,,,,,101.7,3.766666666,101.7,3.766666666,,,,,,,,,,,,,,,,,,,"Cooper Pratt","33530",806198
"Jake Burger","TEX",30,131,121,29,17,5,0,6,15,20,8,0,34,2,1,0,,0,0,0.238843,0.0619063,0.260136,0.237977,0.293893,0.44231,0.319002,0.736203,0.203467,2.41699,0.278482,0,-0.134037,15.806,0.29288,105.203,-0.134037,0.240277,0.658002570271492,-2.1430567800998688,0.321447,236.72000122070312,,,,,,,142.3,4.743333333,142.3,4.743333333,,,,,,,,,,,,,,,,,,,"Jake Burger","22275",669394
"Jake Cronenworth","SDP",27,118,102,24,17,4,0,3,14,11,13,0,24,2,0,1,,1,0,0.234355,0.107745,0.204981,0.525634,0.332249,0.360353,0.312411,0.692602,0.125997,4.46756,0.282574,0,-0.0649506,13.6299,-0.365568,99.6537,-0.0649506,-0.71251,-0.11430317535996437,-0.5750096887350082,0.320656,738.2999877929688,,,,,,,119.1,4.411111111,119.1,4.411111111,,,,,,,,,,,,,,,,,,,"Jake Cronenworth","18036",630105
"Joc Pederson","TEX",21,93,80,19,11,3,0,5,11,11,11,1,22,1,1,0,,1,0,0.233123,0.114737,0.237363,0.483384,0.331878,0.454273,0.341821,0.786151,0.221151,3.5275,0.259039,0,-0.0822264,12.8748,1.91445,121.079,-0.0822264,0,2.184892028570175,-2.317129611968994,0.32059,999,,,,,,,120,5.714285714,120,5.714285714,,,,,,,,,,,,,,,,,,,"Joc Pederson","11899",592626
"Tyler Stephenson","CIN",23,92,81,19,12,4,0,3,10,11,10,0,26,1,1,0,,0,0,0.237988,0.103906,0.27862,0.372929,0.322925,0.410567,0.322984,0.733493,0.172579,1.91138,0.305462,0,-0.216138,11.3846,0.501333,98.2527,-0.216138,-0.149347,-0.4097898602485657,0.5687080174684525,0.320195,294.75,,,,,,,98.2,4.269565217,98.2,4.269565217,,,,,,,,,,,,,,,,,,,"Tyler Stephenson","17988",663886
"Griffin Conine","MIA",27,115,102,24,15,4,0,5,14,15,12,0,38,1,1,0,,1,0,0.237591,0.102337,0.330301,0.309831,0.323085,0.421454,0.32803,0.744538,0.183863,3.3829,0.328517,0,-0.139385,14.758,1.0997,105.122,-0.139385,0.487159,0.5729838460683823,-1.1883037388324738,0.318779,999,,,,,,,131.9,4.885185185,131.9,4.885185185,,,,,,,,,,,,,,,,,,,"Griffin Conine","21626",665052
"Jordan Lawlar","ARI",18,77,68,16,10,4,0,2,10,9,7,0,21,1,0,0,,3,1,0.239173,0.0861514,0.269369,0.319826,0.317119,0.391075,0.313072,0.708193,0.151902,6.72942,0.313508,0,0.253046,8.90879,-0.196726,95.4451,0.253046,0.50919,-0.16931408643722534,0.7841902077198029,0.317021,261.6499938964844,,,,,,,78.9,4.383333333,78.9,4.383333333,,,,,,,,,,,,,,,,,,,"Jordan Lawlar","29976",691783
"Darell Hernaiz","ATH",23,100,90,23,17,4,0,1,11,10,8,0,15,1,1,1,,2,1,0.256881,0.0791892,0.146819,0.539367,0.320246,0.353507,0.301439,0.673753,0.0966262,4.72121,0.294491,0,-0.0262162,10.611,-1.19247,88.689,-0.0262162,0.0478091,-1.3363216817378998,0.8931795209646225,0.314593,999,,,,,,,87.8,3.817391304,87.8,3.817391304,,,,,,,,,,,,,,,,,,,"Darell Hernaiz","26224",687231
"Tyler O'Neill","BAL",21,93,82,19,12,3,0,4,12,11,10,0,26,1,0,0,,1,0,0.233365,0.105225,0.277503,0.379184,0.32091,0.428763,0.328311,0.749673,0.195398,3.87744,0.285486,0,0.00504181,11.8638,0.903508,111.719,0.00504181,-0.312049,1.2654776345007122,-1.4680676460266113,0.313418,477.6400146484375,,,,,,,105.6,5.028571428,105.6,5.028571428,,,,,,,,,,,,,,,,,,,"Tyler O'Neill","15711",641933
"Jordan Walker","STL",30,131,119,31,20,6,0,5,16,18,10,0,34,1,1,0,,3,1,0.257421,0.075352,0.258462,0.29154,0.31904,0.432936,0.328074,0.751976,0.175515,4.32551,0.318648,0,-0.0361136,16.7889,1.25535,108.588,-0.0361136,-1.06319,1.3223518393933773,-2.5100992918014526,0.312805,511.7200012207031,,,,,,,154.9,5.163333333,154.9,5.163333333,,,,,,,,,,,,,,,,,,,"Jordan Walker","27475",691023
"Joey Ortiz","MIL",19,83,74,19,13,4,1,2,10,9,7,0,15,1,1,1,,2,1,0.25162,0.0789243,0.18218,0.43322,0.314075,0.386874,0.309209,0.70095,0.135254,5.7379,0.291802,0,-0.0338641,9.31075,-0.469247,94.5679,-0.0338641,0.550502,-0.5748764425516129,0.92735356092453,0.309111,743.4400024414062,,,,,,,93.5,4.921052631,93.5,4.921052631,,,,,,,,,,,,,,,,,,,"Joey Ortiz","25493",687401
"Jake Mangum","PIT",18,79,73,21,16,4,0,1,9,7,4,0,14,1,0,0,,4,1,0.288372,0.0504676,0.174044,0.289971,0.333246,0.385089,0.317646,0.718335,0.0967168,5.98783,0.34417,0,0.136594,9.4098,0.0896781,97.6258,0.136594,1.10564,-0.08875145018100739,0.5574883222579956,0.308117,672.4199829101562,,,,,,,85.4,4.744444444,85.4,4.744444444,,,,,,,,,,,,,,,,,,,"Jake Mangum","26202",663968
"Hunter Goodman","COL",19,77,70,18,9,4,0,4,10,12,5,0,22,1,0,0,,0,0,0.251348,0.070089,0.284881,0.246029,0.309618,0.498624,0.346055,0.808243,0.247276,3.5158,0.298391,0,-0.142422,10.9209,1.84718,105.079,-0.142422,-0.504765,0.3268696367740631,0.20881569385528564,0.308059,67.36000061035156,,,,,,,98,5.157894736,98,5.157894736,,,,,,,,,,,,,,,,,,,"Hunter Goodman","29715",696100
"Konnor Griffin","PIT",15,66,60,16,11,3,0,2,10,9,4,0,17,2,0,0,,4,1,0.260324,0.0603174,0.256437,0.235213,0.326299,0.398458,0.320467,0.724757,0.138134,7.52101,0.335838,0,0.328308,8.07521,0.226686,99.5171,0.328308,0.0931736,0.28971116989851,0.557371124625206,0.305582,999,,,,,,,79.9,5.326666666,79.9,5.326666666,,,,,,,,,,,,,,,,,,,"Konnor Griffin","35376",804606
"Dylan Crews","WSN",26,113,102,24,16,4,1,3,15,12,8,0,26,2,0,0,,4,1,0.229798,0.0712979,0.232289,0.306936,0.299827,0.374926,0.299599,0.674753,0.145128,6.52374,0.276992,0,0.306538,11.8849,-1.52298,87.4019,0.306538,1.6985,-1.4136158227920532,0.7207267880439758,0.303878,282.2200012207031,,,,,,,112.7,4.334615384,112.7,4.334615384,,,,,,,,,,,,,,,,,,,"Dylan Crews","33541",686611
"Justin Crawford","PHI",25,108,99,28,21,5,1,1,15,10,7,0,21,1,1,1,,5,1,0.280359,0.0651475,0.194989,0.334108,0.329769,0.381118,0.314612,0.710887,0.10076,6.86699,0.343952,0,0.334066,12.673,-0.142166,95.8605,0.334066,-0.726378,-0.20616242289543152,-0.33934056758880615,0.302347,999,,,,,,,118.1,4.724,118.1,4.724,,,,,,,,,,,,,,,,,,,"Justin Crawford","31791",702222
"Isaac Collins","KCR",26,111,95,22,14,5,1,2,13,11,13,0,23,2,1,1,,3,1,0.232958,0.120955,0.212303,0.569728,0.335273,0.366197,0.315196,0.70147,0.133239,5.61778,0.28904,0,-0.172565,12.9879,-0.0929733,98.0596,-0.172565,0.651722,-0.4216426610946655,-0.5334629416465759,0.301338,666.1699829101562,,,,,,,115.1,4.426923076,115.1,4.426923076,,,,,,,,,,,,,,,,,,,"Isaac Collins","25477",686555
"Cam Smith","HOU",27,118,106,25,16,5,1,3,14,13,10,0,30,2,1,0,,2,1,0.232977,0.0814695,0.253993,0.320755,0.303142,0.387922,0.30479,0.691065,0.154945,5.23281,0.289358,0,0.059136,12.9018,-1.09374,94.4713,0.059136,0.703011,-0.7001594044268131,-0.5650449395179749,0.297604,341.8699951171875,,,,,,,119.4,4.422222222,119.4,4.422222222,,,,,,,,,,,,,,,,,,,"Cam Smith","35108",701358
"Jakob Marsee","MIA",24,106,89,20,13,4,1,2,13,10,13,0,22,2,0,1,,5,2,0.225765,0.121332,0.206274,0.588209,0.331181,0.36315,0.31287,0.694331,0.137385,6.5987,0.273755,0,-0.022064,12.1911,-0.28686,94.9578,-0.022064,-0.214217,-0.6627830360084772,0.16263483464717865,0.29755,137.0800018310547,,,,,,,108,4.5,108,4.5,,,,,,,,,,,,,,,,,,,"Jakob Marsee","31370",805300
"Trevor Larnach","MIN",20,88,78,20,13,4,0,3,11,10,9,0,19,1,0,0,,1,0,0.252644,0.102816,0.220503,0.466277,0.333585,0.41129,0.328273,0.744875,0.158646,3.01186,0.303249,0,-0.183093,11.3135,0.859065,109.454,-0.183093,0.00985449,0.7867626398801804,-1.018849203363061,0.294993,748.52001953125,,,,,,,105.7,5.285,105.7,5.285,,,,,,,,,,,,,,,,,,,"Trevor Larnach","21501",663616
"Heliot Ramos","NYY",27,118,106,26,16,5,0,4,14,14,9,0,29,2,1,0,,1,0,0.2435,0.0749154,0.249131,0.300707,0.311362,0.417863,0.31866,0.729225,0.174363,4.17343,0.294789,0,-0.115063,14.1284,0.229945,104.683,-0.115063,-0.538336,0.5236597210168839,-1.797594964504242,0.293755,218.8000030517578,,,,,,,126.6,4.688888888,126.6,4.688888888,,,,,,,,,,,,,,,,,,,"Heliot Ramos","22515",671218
"Dylan Beavers","BAL",23,101,89,22,14,4,1,3,13,12,11,0,25,1,1,1,,3,1,0.246123,0.107521,0.242458,0.443465,0.330936,0.403791,0.324891,0.734726,0.157668,5.19721,0.306906,0,-0.116129,12.6794,0.707348,109.34,-0.116129,-0.594089,0.9810930117964745,-1.699181854724884,0.291704,505.0400085449219,,,,,,,118.6,5.156521739,118.6,5.156521739,,,,,,,,,,,,,,,,,,,"Dylan Beavers","31695",687637
"Miguel Amaya","CHC",17,68,60,14,9,3,0,2,8,8,5,0,16,2,0,0,,0,0,0.237288,0.0801523,0.229507,0.349237,0.321627,0.378365,0.313168,0.699992,0.141077,2.08905,0.291519,0,-0.0938127,7.89121,-0.168852,98.2444,-0.0938127,-0.258694,-0.23791685700416565,0.8820467889308929,0.290801,745.969970703125,,,,,,,66.9,3.935294117,66.9,3.935294117,,,,,,,,,,,,,,,,,,,"Miguel Amaya","21693",665804
"Lawrence Butler","ATH",29,124,111,26,16,5,0,4,16,15,12,0,32,0,1,0,,3,1,0.236036,0.0964395,0.257241,0.374899,0.31021,0.401295,0.313313,0.711505,0.16526,5.14749,0.292405,0,0.0762856,14.3771,-0.292868,96.95,0.0762856,0.0918554,-0.36278165876865387,-1.1762001439929008,0.290252,157.22000122070312,,,,,,,125.6,4.331034482,125.6,4.331034482,,,,,,,,,,,,,,,,,,,"Lawrence Butler","22542",671732
"Cole Carrigg","COL",31,132,118,30,19,6,2,3,18,16,10,0,33,2,1,1,,6,2,0.251582,0.0727509,0.252783,0.2878,0.315102,0.409592,0.316148,0.724695,0.158011,7.90818,0.322193,0,0.263656,15.6262,-0.00950731,85.0285,0.263656,0.100706,-2.120227575302124,0.6778667792677879,0.289703,999,,,,,,,148.8,4.8,148.8,4.8,,,,,,,,,,,,,,,,,,,"Cole Carrigg","33253",694249
"Kyle Isbel","KCR",22,94,85,20,14,4,1,2,11,9,6,0,19,1,1,2,,2,1,0.24141,0.0597895,0.198707,0.300892,0.294607,0.369721,0.293021,0.664328,0.128311,6.05201,0.287843,0,-0.000770695,9.35639,-1.76235,82.6314,-0.000770695,1.07564,-1.8958100149175152,1.4114426672458649,0.289521,999,,,,,,,85.1,3.868181818,85.1,3.868181818,,,,,,,,,,,,,,,,,,,"Kyle Isbel","21614",664728
"Javier Sanoja","MIA",23,101,94,25,17,6,1,2,10,12,6,0,9,0,1,1,,2,1,0.26767,0.056762,0.0925546,0.613281,0.310097,0.397354,0.309992,0.707451,0.129685,4.66313,0.282661,0,-0.316292,11.4616,-0.510442,93.0285,-0.316292,0.548602,-1.1662469804286957,0.7166572511196136,0.288575,999,,,,,,,106.9,4.647826086,106.9,4.647826086,,,,,,,,,,,,,,,,,,,"Javier Sanoja","28253",691594
"Drew Cavanaugh","SFG",20,78,68,15,11,2,0,1,8,8,8,0,24,2,0,0,,1,0,0.217658,0.0985007,0.313842,0.313854,0.309918,0.315628,0.285964,0.625546,0.0979698,4.39293,0.317698,0,-0.0526996,7.30859,-1.90408,80.5981,-0.0526996,0.64754,-1.8729490712285042,2.1691452860832214,0.287526,999,,,,,,,63.1,3.155,63.1,3.155,,,,,,,,,,,,,,,,,,,"Drew Cavanaugh","33380",701852
"Luis García Jr.","NYY",21,93,87,23,14,4,1,4,11,14,5,0,15,0,1,0,,2,1,0.263298,0.0519553,0.162994,0.318756,0.300947,0.464566,0.329352,0.765513,0.201268,4.94736,0.276217,0,-0.0470332,11.925,0.979993,112.122,-0.0470332,-0.0713848,1.2548729255795479,-1.7451502233743668,0.283623,261.8500061035156,,,,,,,112.7,5.366666666,112.7,5.366666666,,,,,,,,,,,,,,,,,,,"Luis Garcia Jr.","20391",671277
"Coby Mayo","BAL",22,94,85,19,10,4,1,4,12,13,8,0,27,1,0,0,,1,0,0.225815,0.0804355,0.290924,0.276483,0.296993,0.429326,0.316169,0.726318,0.203511,4.40155,0.281223,0,-0.0721392,11.1238,-0.00514605,103.272,-0.0721392,0.142117,0.28513355553150177,-0.8458459079265594,0.28205,459.1600036621094,,,,,,,105.2,4.781818181,105.2,4.781818181,,,,,,,,,,,,,,,,,,,"Coby Mayo","28312",691723
"Chandler Simpson","TBR",26,112,104,31,26,3,1,0,13,8,6,0,11,0,1,2,,9,2,0.294782,0.0496862,0.0960798,0.517134,0.327769,0.344701,0.299106,0.67247,0.0499193,7.18161,0.325496,0,0.727738,11.6593,-1.54421,89.0351,0.727738,0.645525,-0.6929205060005188,-0.5297836661338806,0.277796,180.19000244140625,,,,,,,113.5,4.365384615,113.5,4.365384615,,,,,,,,,,,,,,,,,,,"Chandler Simpson","31912",802415
"Josh Lowe","LAA",24,104,95,23,15,4,0,3,12,12,8,0,29,0,1,0,,4,1,0.241484,0.0762831,0.281043,0.271429,0.301414,0.405718,0.308312,0.707131,0.164234,5.7327,0.311186,0,0.359161,11.6433,-0.666035,95.1388,0.359161,0.400387,-0.2280225157737732,-0.755631148815155,0.27491,297.0899963378906,,,,,,,102.4,4.266666666,102.4,4.266666666,,,,,,,,,,,,,,,,,,,"Josh Lowe","19953",666139
"Esmerlyn Valdez","PIT",26,113,100,24,14,5,0,5,13,16,11,0,36,2,1,0,,0,0,0.2408,0.0953948,0.315754,0.302117,0.323982,0.437938,0.333493,0.761921,0.197138,2.96919,0.323336,0,-0.262232,14.9875,1.57962,108.25,-0.262232,-0.313913,0.864200085401535,-1.8447777032852173,0.27455,999,,,,,,,134.9,5.188461538,134.9,5.188461538,,,,,,,,,,,,,,,,,,,"Esmerlyn Valdez","29005",699013
"Jesús Sánchez","TOR",21,90,81,20,13,4,0,3,10,12,7,0,21,1,1,0,,1,0,0.251273,0.0771811,0.23654,0.326292,0.314904,0.427033,0.323247,0.741938,0.17576,4.18289,0.300421,0,-0.017657,11.1369,0.508649,107.341,-0.017657,-0.284143,0.7479751575738192,-1.2668590545654297,0.271051,617.4299926757812,,,,,,,96.7,4.604761904,96.7,4.604761904,,,,,,,,,,,,,,,,,,,"Jesus Sanchez","19913",660821
"Ryan Waldschmidt","ARI",14,61,53,13,9,3,0,1,8,6,6,0,14,1,0,0,,2,1,0.244025,0.0995493,0.235,0.423615,0.333982,0.360447,0.312363,0.69443,0.116422,5.63867,0.3145,0,-0.0457531,7.05893,-0.191759,94.9697,-0.0457531,1.08885,-0.41718365997076035,1.0633883625268936,0.268405,999,,,,,,,59.9,4.278571428,59.9,4.278571428,,,,,,,,,,,,,,,,,,,"Ryan Waldschmidt","35061",814439
"Danny Jansen","TEX",16,63,54,11,6,3,0,2,6,7,7,0,16,1,0,0,,0,0,0.197211,0.10805,0.251199,0.430135,0.299577,0.373134,0.300769,0.672711,0.175924,2.28692,0.232168,0,-0.0979984,6.61859,-0.781448,92.5176,-0.0979984,-0.160672,-0.6413379833102226,1.0615497678518295,0.268391,999,,,,,,,59.1,3.69375,59.1,3.69375,,,,,,,,,,,,,,,,,,,"Danny Jansen","16535",643376
"Ryan McMahon","NYY",18,76,68,14,9,3,0,3,8,9,8,0,24,1,0,0,,0,0,0.211678,0.100337,0.317771,0.315751,0.295197,0.369109,0.294672,0.664306,0.157431,2.87271,0.285674,0,-0.169756,7.70392,-1.33005,87.9937,-0.169756,0.87751,-1.2341035902500153,1.1503494679927826,0.266817,732.8599853515625,,,,,,,74.3,4.127777777,74.3,4.127777777,,,,,,,,,,,,,,,,,,,"Ryan McMahon","15112",641857
"Connor Norby","COL",17,72,65,17,11,4,0,2,10,9,6,0,19,1,0,0,,2,1,0.267029,0.0789066,0.260925,0.302412,0.334567,0.430261,0.335922,0.764828,0.163232,5.02548,0.343883,0,0.00628054,9.65685,1.14406,98.2852,0.00628054,0.313048,-0.1423750868998468,0.4022455960512161,0.264274,728.1400146484375,,,,,,,82.6,4.858823529,82.6,4.858823529,,,,,,,,,,,,,,,,,,,"Connor Norby","29592",681393
"Dane Myers","CIN",23,100,89,23,17,3,0,3,11,12,9,0,24,1,1,0,,4,1,0.254684,0.0893256,0.245443,0.363937,0.329094,0.38421,0.317662,0.713304,0.129525,4.96153,0.320698,0,0.265153,11.9183,0.114838,94.6847,0.265153,-0.632216,-0.3737558126449585,-0.2757341265678406,0.263486,999,,,,,,,111.5,4.847826086,111.5,4.847826086,,,,,,,,,,,,,,,,,,,"Dane Myers","22054",667472
"Nick Loftin","KCR",20,87,76,18,12,4,0,2,10,10,9,0,14,1,1,1,,1,0,0.238058,0.103797,0.155696,0.666667,0.3265,0.370927,0.31206,0.697427,0.132869,4.20116,0.267401,0,-0.0737115,10.0074,-0.293776,95.8776,-0.0737115,0.174234,-0.49041949957609177,-0.01835879683494568,0.262113,999,,,,,,,87.1,4.355,87.1,4.355,,,,,,,,,,,,,,,,,,,"Nick Loftin","27630",679845
"Mike Yastrzemski","ATL",20,87,75,18,10,4,0,3,11,10,10,0,21,1,1,0,,1,0,0.233072,0.114126,0.240334,0.474866,0.326982,0.418432,0.327736,0.745414,0.185361,4.01245,0.279923,0,-0.0981135,11.0934,0.807494,105.781,-0.0981135,0.454723,0.5074589177966118,-0.7624070346355438,0.261317,656.0999755859375,,,,,,,100.5,5.025,100.5,5.025,,,,,,,,,,,,,,,,,,,"Mike Yastrzemski","14854",573262
"Endy Rodríguez","PIT",15,60,53,13,8,3,0,2,8,7,6,0,13,0,0,0,,1,0,0.246486,0.0984392,0.220871,0.445687,0.323897,0.409028,0.323247,0.732925,0.162542,4.87932,0.296964,0,-0.0614783,7.39684,0.337845,101.381,-0.0614783,0.174887,0.037770483642816544,0.5897021889686584,0.261141,999,,,,,,,67.2,4.48,67.2,4.48,,,,,,,,,,,,,,,,,,,"Endy Rodriguez","25332",682848
"Brooks Lee","MIN",28,120,111,27,18,5,1,4,13,15,8,0,20,1,1,0,,1,1,0.244059,0.0652175,0.168401,0.387276,0.296794,0.395765,0.303468,0.69256,0.151706,3.9189,0.26796,0,-0.172902,12.9293,-1.23481,92.1958,-0.172902,-0.907315,-1.2576131522655487,-0.4286113679409027,0.259823,542.5700073242188,,,,,,,124.1,4.432142857,124.1,4.432142857,,,,,,,,,,,,,,,,,,,"Brooks Lee","31595",686797
"TJ Rumfield","COL",28,120,107,29,20,6,0,3,14,14,11,0,20,2,1,0,,1,0,0.275147,0.0904496,0.169542,0.533494,0.351157,0.422745,0.341844,0.773902,0.147598,3.07453,0.313682,0,-0.184203,16.7365,2.49057,102.256,-0.184203,0.723534,0.1430480182170868,-1.5011577606201172,0.25947,999,,,,,,,141.9,5.067857142,141.9,5.067857142,,,,,,,,,,,,,,,,,,,"TJ Rumfield","29805",681198
"Jeff McNeil","ATH",24,106,95,26,18,5,0,2,11,12,8,0,12,2,1,0,,1,0,0.271438,0.0747559,0.115638,0.646465,0.336178,0.401301,0.324997,0.737479,0.129863,3.80491,0.290887,0,-0.0605794,13.2242,0.746252,105.079,-0.0605794,-0.449159,0.5613196268677711,-1.7528624832630157,0.258857,440.5199890136719,,,,,,,115.8,4.825,115.8,4.825,,,,,,,,,,,,,,,,,,,"Jeff McNeil","15362",643446
"Eduardo Valencia","DET",13,53,48,12,8,2,0,2,7,8,3,0,12,1,0,0,,0,0,0.252894,0.0624144,0.227557,0.274281,0.306213,0.45236,0.328235,0.758573,0.199466,2.07209,0.28655,0,-0.0622155,6.73973,0.510259,109.943,-0.0622155,-0.0644998,0.5455748699605465,0.12438911199569702,0.258173,999,,,,,,,55.8,4.292307692,55.8,4.292307692,,,,,,,,,,,,,,,,,,,"Eduardo Valencia","24574",680664
"Alika Williams","ATH",20,88,81,20,14,4,0,1,10,8,5,0,19,1,1,1,,1,0,0.245466,0.0587318,0.212657,0.27618,0.298466,0.354606,0.290103,0.653072,0.10914,3.56041,0.301485,0,-0.204119,8.58918,-1.8653,80.8021,-0.204119,0.852078,-2.1736066341400146,1.5752265453338623,0.257651,999,,,,,,,71.9,3.595,71.9,3.595,,,,,,,,,,,,,,,,,,,"Alika Williams","27604",675961
"Mauricio Dubón","ATL",29,124,116,30,22,6,0,2,14,13,7,0,16,1,1,0,,1,0,0.260657,0.0542715,0.125593,0.432122,0.302946,0.376046,0.299197,0.678993,0.11539,4.28566,0.283836,0,-0.0506713,12.9634,-1.70661,86.6487,-0.0506713,0.459052,-2.045271709561348,0.5252558588981628,0.254811,743.3800048828125,,,,,,,114.1,3.934482758,114.1,3.934482758,,,,,,,,,,,,,,,,,,,"Mauricio Dubon","16530",643289
"Andrew Vaughn","MIL",23,98,88,23,15,5,0,3,10,14,8,0,18,1,1,0,,0,0,0.263179,0.0835908,0.183243,0.456174,0.333191,0.433617,0.336004,0.766808,0.170438,1.7374,0.296813,0,-0.133781,13.205,1.57013,112.531,-0.133781,-0.440578,1.3509763479232788,-2.0651147663593292,0.252186,272.2699890136719,,,,,,,110.5,4.804347826,110.5,4.804347826,,,,,,,,,,,,,,,,,,,"Andrew Vaughn","26197",683734
"Kyle Stowers","MIA",17,73,64,16,9,4,1,3,9,10,7,0,21,1,0,0,,0,0,0.246592,0.0956578,0.292315,0.327243,0.329538,0.467713,0.34485,0.797251,0.221121,4.13215,0.3153,0,-0.0868386,10.2795,1.6799,116.398,-0.0868386,0.0621026,1.349182739853859,-1.2670640125870705,0.24858,164.42999267578125,,,,,,,95.1,5.594117647,95.1,5.594117647,,,,,,,,,,,,,,,,,,,"Kyle Stowers","26151",669065
"Sal Frelick","MIL",21,90,81,21,16,4,1,1,11,10,7,0,11,1,1,0,,2,1,0.262684,0.0782444,0.124001,0.630996,0.325649,0.371385,0.30936,0.697034,0.108701,5.59752,0.288226,0,0.0536341,10.1244,-0.498747,94.6691,0.0536341,0.932238,-0.5230658277869225,-0.009891152381896973,0.242396,216.39999389648438,,,,,,,88.3,4.204761904,88.3,4.204761904,,,,,,,,,,,,,,,,,,,"Sal Frelick","29622",686217
"Jared Young","NYM",21,90,79,20,12,4,1,3,11,12,8,0,20,2,1,0,,1,0,0.248136,0.0894446,0.224377,0.398635,0.328313,0.427605,0.332263,0.755918,0.179469,4.68367,0.292089,0,-0.0287536,11.7854,1.16232,112.532,-0.0287536,-0.209365,1.3269609566777945,-1.8644580692052841,0.241933,999,,,,,,,110.4,5.257142857,110.4,5.257142857,,,,,,,,,,,,,,,,,,,"Jared Young","20404",676724
"Alan Roden","MIN",16,68,60,15,11,3,0,1,8,8,6,0,11,2,1,0,,1,0,0.257216,0.0914799,0.155683,0.587604,0.341376,0.374363,0.320188,0.71574,0.117148,4.94499,0.293537,0,0.00536719,8.31211,0.218323,103.829,0.00536719,0.348923,0.30946361599490047,-0.3844107985496521,0.239058,999,,,,,,,68,4.25,68,4.25,,,,,,,,,,,,,,,,,,,"Alan Roden","31564",702176
"Nathaniel Lowe","CLE",18,80,71,18,12,4,0,3,9,11,8,0,20,0,0,0,,0,0,0.259914,0.100261,0.244748,0.409649,0.336125,0.421942,0.332761,0.758067,0.162028,2.24203,0.322567,0,-0.132412,10.508,1.06525,114.551,-0.132412,-0.219428,1.2158724516630173,-1.7064655125141144,0.237802,999,,,,,,,93.6,5.2,93.6,5.2,,,,,,,,,,,,,,,,,,,"Nathaniel Lowe","19566",663993
"Donovan Walton","ATH",18,77,68,17,12,4,0,1,9,7,7,0,12,1,0,1,,1,0,0.248622,0.0861445,0.160703,0.536046,0.323915,0.362153,0.306782,0.686068,0.113531,3.80806,0.286047,0,-0.181804,8.51777,-0.587739,92.4066,-0.181804,0.0871289,-0.8602877110242844,0.4639807417988777,0.237135,999,,,,,,,74.1,4.116666666,74.1,4.116666666,,,,,,,,,,,,,,,,,,,"Donovan Walton","19314",622268
"Taylor Walls","TBR",29,125,109,23,16,5,1,2,16,11,13,0,30,1,1,2,,6,1,0.216179,0.103637,0.240073,0.431691,0.300374,0.315491,0.279395,0.615864,0.0993115,6.7073,0.281457,0,0.456284,11.0528,-3.71431,75.3214,0.456284,-0.319579,-3.119843691587448,1.018383502960205,0.23587,999,,,,,,,109.4,3.772413793,109.4,3.772413793,,,,,,,,,,,,,,,,,,,"Taylor Walls","22458",670764
"Eugenio Suárez","CIN",26,114,101,23,12,4,0,6,13,18,10,0,37,2,1,0,,0,0,0.228413,0.0919575,0.324821,0.283102,0.309973,0.466073,0.335728,0.776046,0.23766,2.27225,0.285492,0,-0.147404,15.2847,1.79503,106.796,-0.147404,-0.107972,0.7862041890621185,-2.1755645722150803,0.235161,97.91999816894531,,,,,,,131.8,5.069230769,131.8,5.069230769,,,,,,,,,,,,,,,,,,,"Eugenio Suarez","12552",553993
"José Caballero","NYY",16,69,61,14,9,3,0,2,8,8,6,0,17,1,1,1,,6,2,0.226412,0.0851331,0.245539,0.346719,0.305733,0.359893,0.297653,0.665625,0.133481,6.34461,0.281599,0,0.474366,7.12936,-1.03596,90.068,0.474366,-0.103493,-0.3214402198791504,0.1640992909669876,0.232839,200.02999877929688,,,,,,,71.7,4.48125,71.7,4.48125,,,,,,,,,,,,,,,,,,,"Jose Caballero","23401",676609
"Christian Encarnacion-Strand","BAL",18,77,72,18,10,4,0,3,9,12,4,0,20,1,1,0,,0,0,0.24593,0.0480291,0.26416,0.181818,0.291853,0.442271,0.317125,0.734125,0.196341,3.21836,0.297068,0,-0.153778,9.16071,0.055195,103.936,-0.153778,-0.123324,0.19794119894504547,-0.6427681669592857,0.232189,999,,,,,,,83.6,4.644444444,83.6,4.644444444,,,,,,,,,,,,,,,,,,,"Christian Encarnacion-Strand","30011",687952
"Jo Adell","CLE",28,123,112,26,16,5,0,5,14,19,7,0,33,3,1,0,,1,1,0.235447,0.0571838,0.267049,0.214132,0.294467,0.430326,0.315217,0.724793,0.194879,3.62194,0.280164,0,-0.11333,14.4004,-0.100989,102.345,-0.11333,-0.966594,0.22033997625112534,-2.280482530593872,0.231984,120.33000183105469,,,,,,,124.2,4.435714285,124.2,4.435714285,,,,,,,,,,,,,,,,,,,"Jo Adell","20220",666176
"Christian Koss","SFG",21,93,85,21,15,4,0,1,11,9,5,0,21,1,0,1,,2,1,0.245501,0.0492194,0.232136,0.212029,0.293163,0.351928,0.286316,0.645091,0.106427,4.74562,0.310408,0,-0.0535719,8.70923,-2.23578,80.8344,-0.0535719,1.10659,-2.189756605774164,1.4581288397312164,0.231135,999,,,,,,,72.6,3.457142857,72.6,3.457142857,,,,,,,,,,,,,,,,,,,"Christian Koss","27653",683766
"David Hamilton","MIL",19,83,73,17,12,3,0,2,11,8,7,0,20,0,0,1,,7,2,0.227995,0.0894839,0.24593,0.36386,0.301029,0.350026,0.291259,0.651055,0.12203,7.43323,0.290256,0,0.664486,8.11224,-1.66775,82.5342,0.664486,0.299,-1.075033724308014,0.6554814577102661,0.230407,743.3300170898438,,,,,,,78.4,4.126315789,78.4,4.126315789,,,,,,,,,,,,,,,,,,,"David Hamilton","27531",666152
"Ezequiel Tovar","COL",29,125,115,28,18,7,1,3,14,14,7,0,31,1,1,1,,2,1,0.244485,0.0545398,0.249475,0.218618,0.287194,0.401069,0.299351,0.688263,0.156584,4.53152,0.301933,0,-0.111487,13.0647,-1.70241,73.7676,-0.111487,0.930835,-4.056361541152,2.2687976956367493,0.230248,209.22999572753906,,,,,,,121,4.172413793,121,4.172413793,,,,,,,,,,,,,,,,,,,"Ezequiel Tovar","24064",678662
"Brett Baty","NYM",20,87,78,19,12,3,0,3,11,10,8,0,22,1,1,0,,1,0,0.239148,0.0864394,0.256449,0.337063,0.309293,0.395606,0.310938,0.704899,0.156458,4.03746,0.295428,0,0.00278053,9.91375,-0.372105,98.2352,0.00278053,0.113091,-0.182073486270383,-0.43181654810905457,0.224726,292.9200134277344,,,,,,,94.2,4.71,94.2,4.71,,,,,,,,,,,,,,,,,,,"Brett Baty","26123",683146
"Tristan Peters","CHW",20,85,77,19,12,4,1,2,10,9,7,0,16,1,0,0,,1,1,0.242839,0.0818304,0.193024,0.423939,0.310975,0.373637,0.303281,0.684613,0.130798,5.09456,0.289188,0,-0.173277,9.1851,-0.891262,92.5752,-0.173277,-0.058831,-0.9074258804321289,0.07758870720863342,0.222531,999,,,,,,,88.6,4.43,88.6,4.43,,,,,,,,,,,,,,,,,,,"Tristan Peters","30063",671976
"Richie Palacios","TBR",20,87,75,17,12,3,1,1,11,9,10,0,17,1,1,0,,3,1,0.232024,0.11171,0.191874,0.582208,0.324641,0.339179,0.300192,0.66382,0.107155,5.82526,0.279879,0,0.0584305,9.12724,-1.12285,89.7902,0.0584305,-0.175811,-0.9685018584132195,0.07079410552978516,0.220907,999,,,,,,,79.9,3.995,79.9,3.995,,,,,,,,,,,,,,,,,,,"Richie Palacios","24589",680700
"Lars Nootbaar","ARI",22,96,82,20,13,4,0,2,12,10,12,0,20,0,1,0,,1,1,0.239706,0.128709,0.207955,0.618927,0.339637,0.390019,0.324134,0.729657,0.150313,3.92118,0.285177,0,-0.170539,11.9067,0.609073,102.861,-0.170539,0.398308,0.1585817039012909,-1.093822032213211,0.220226,745.989990234375,,,,,,,95.5,4.34090909,95.5,4.34090909,,,,,,,,,,,,,,,,,,,"Lars Nootbaar","21454",663457
"Matt Shaw","CHC",12,50,44,11,7,2,0,1,6,6,4,0,10,1,0,0,,2,1,0.245395,0.0887664,0.1919,0.462565,0.321937,0.409258,0.322339,0.731195,0.163864,6.31312,0.279993,0,0.0903229,6.14759,0.245867,104.392,0.0903229,0.151193,0.3543098419904709,0.17665608040988445,0.218977,336.67999267578125,,,,,,,48.8,4.066666666,48.8,4.066666666,,,,,,,,,,,,,,,,,,,"Matt Shaw","33322",807713
"Brenton Doyle","CHW",16,68,62,14,9,2,0,2,8,6,4,0,20,0,0,0,,3,1,0.220585,0.0618478,0.290743,0.212723,0.271538,0.361744,0.278745,0.633281,0.141159,6.49086,0.287737,0,0.247236,5.94602,-2.04558,75.5043,0.247236,1.18812,-1.6737350672483444,1.4294771999120712,0.218683,166.25,,,,,,,55.9,3.49375,55.9,3.49375,,,,,,,,,,,,,,,,,,,"Brenton Doyle","25479",686668
"Dansby Swanson","CHC",8,36,32,7,5,1,0,1,5,5,3,0,9,0,0,0,,1,0,0.232719,0.0917116,0.246699,0.371754,0.305166,0.401083,0.310246,0.706249,0.168364,6.09225,0.280161,0,0.0978228,4.04309,-0.172422,96.2851,0.0978228,0.636569,-0.06165562570095062,1.018513411283493,0.215294,152.30999755859375,,,,,,,30.4,3.8,30.4,3.8,,,,,,,,,,,,,,,,,,,"Dansby Swanson","18314",621020
"Harry Ford","WSN",12,47,40,9,6,2,0,1,6,5,5,0,11,1,0,0,,1,0,0.231181,0.112135,0.228722,0.490267,0.331128,0.355178,0.310655,0.686306,0.123997,4.31485,0.288826,0,-0.0615346,5.32054,-0.210797,94.8137,-0.0615346,0.0129423,-0.3536742106080055,0.926522578112781,0.212901,725.52001953125,,,,,,,45.5,3.791666666,45.5,3.791666666,,,,,,,,,,,,,,,,,,,"Harry Ford","29958",695670
"Tyler Tolbert","KCR",14,59,53,13,9,2,1,1,9,5,4,0,15,1,0,2,,5,1,0.242099,0.0646065,0.25048,0.257931,0.301395,0.351931,0.290753,0.653326,0.109832,8.90148,0.319767,0,0.723297,5.80769,-1.22328,81.0537,0.723297,0.470112,-0.5838871002197266,0.5639390721917152,0.21227,999,,,,,,,62.4,4.457142857,62.4,4.457142857,,,,,,,,,,,,,,,,,,,"Tyler Tolbert","25779",686475
"Victor Caratini","MIN",17,67,58,14,10,2,0,2,6,7,6,0,12,2,1,0,,0,0,0.236857,0.0865097,0.185629,0.466036,0.321459,0.351346,0.302466,0.672805,0.11449,1.64278,0.27117,0,-0.0750665,7.18007,-0.745093,91.4991,-0.0750665,0.0138828,-0.7361733689904213,0.4314753506332636,0.210497,681.02001953125,,,,,,,69,4.058823529,69,4.058823529,,,,,,,,,,,,,,,,,,,"Victor Caratini","14968",605170
"JJ Bleday","CIN",30,128,112,25,14,5,0,6,16,17,15,0,29,1,1,0,,1,1,0.226962,0.11988,0.226208,0.529956,0.321627,0.43519,0.331106,0.756817,0.208228,3.17853,0.251653,0,-0.29548,16.7164,1.54057,103.698,-0.29548,-0.960602,0.2759858965873718,-2.3763424158096313,0.209779,748.5800170898438,,,,,,,146,4.866666666,146,4.866666666,,,,,,,,,,,,,,,,,,,"JJ Bleday","26368",668709
"Austin Hedges","CLE",11,44,39,9,6,1,0,1,4,4,4,0,10,0,0,1,,0,0,0.223209,0.0911802,0.222028,0.41067,0.300578,0.327204,0.28356,0.627782,0.103995,2.43409,0.273023,0,-0.0821005,4.07232,-1.16937,80.3202,-0.0821005,0.713893,-1.0943559557199478,1.57963365316391,0.209238,999,,,,,,,35.7,3.245454545,35.7,3.245454545,,,,,,,,,,,,,,,,,,,"Austin Hedges","12976",595978
"Kyle Teel","CHW",12,46,41,10,7,2,0,1,6,5,5,0,13,0,0,0,,1,0,0.243438,0.106029,0.270836,0.391487,0.328903,0.371165,0.313732,0.700068,0.127726,4.15158,0.322331,0,-0.0203089,5.39598,-0.0939029,99.8459,-0.0203089,-0.0813413,-0.028612170368433,0.4328562393784523,0.208541,266.8800048828125,,,,,,,47.1,3.925,47.1,3.925,,,,,,,,,,,,,,,,,,,"Kyle Teel","33549",691019
"Jonah Heim","ATH",22,90,82,18,12,4,0,3,9,11,7,0,17,0,1,0,,0,0,0.222659,0.0735027,0.188873,0.389164,0.282314,0.368262,0.286985,0.650576,0.145604,2.4611,0.247248,0,-0.0486814,8.5401,-2.13117,78.6325,-0.0486814,0.132908,-2.2862006314098835,1.1005005985498428,0.204386,999,,,,,,,79.6,3.618181818,79.6,3.618181818,,,,,,,,,,,,,,,,,,,"Jonah Heim","16930",641680
"Wade Meckler","LAA",22,96,85,23,18,4,0,1,11,8,9,0,19,1,0,0,,2,0,0.271643,0.0984239,0.202068,0.487082,0.346647,0.364438,0.318959,0.711084,0.0927942,4.78015,0.339454,0,0.0159833,11.5075,0.20997,102.547,0.0159833,-0.738955,0.29832385294139385,-1.68108469247818,0.203387,999,,,,,,,98.6,4.481818181,98.6,4.481818181,,,,,,,,,,,,,,,,,,,"Wade Meckler","31490",685133
"Nasim Nuñez","WSN",24,102,89,20,17,2,0,1,12,8,11,0,23,1,1,1,,9,2,0.223856,0.104775,0.22506,0.465545,0.308931,0.273835,0.270202,0.582766,0.049979,6.99164,0.293799,0,0.921397,8.29699,-3.80282,67.6938,0.921397,0.671337,-3.0593567490577698,1.7083745002746582,0.200252,583.0999755859375,,,,,,,85.7,3.570833333,85.7,3.570833333,,,,,,,,,,,,,,,,,,,"Nasim Nunez","25979",683083
"Nick Fortes","TBR",14,54,49,12,9,2,0,1,6,6,3,0,8,1,0,1,,0,0,0.240379,0.05148,0.148577,0.346486,0.296958,0.348781,0.288329,0.645739,0.108402,2.61605,0.266311,0,-0.0710205,5.14301,-1.21056,81.5371,-0.0710205,0.227903,-1.2221255898475647,1.2772856056690216,0.19928,999,,,,,,,45.4,3.242857142,45.4,3.242857142,,,,,,,,,,,,,,,,,,,"Nick Fortes","21538",663743
"Bryce Eldridge","SFG",31,132,118,28,16,6,0,5,14,16,13,1,39,1,1,0,,0,0,0.238354,0.0976505,0.294405,0.331687,0.315607,0.428765,0.323797,0.744373,0.190412,2.18709,0.306554,0,-0.173146,16.4428,0.807036,105.962,-0.173146,-0.172905,0.7761728465557098,-3.111176624894142,0.198704,999,,,,,,,145.2,4.683870967,145.2,4.683870967,,,,,,,,,,,,,,,,,,,"Bryce Eldridge","33390",805811
"Moisés Ballesteros","LAA",24,100,91,24,17,4,0,3,10,13,8,0,18,1,1,0,,0,0,0.258467,0.0779321,0.17874,0.436008,0.318494,0.392939,0.312628,0.711434,0.134472,2.72966,0.293904,0,-0.173145,11.5315,-0.291262,98.1422,-0.173145,0.00313474,-0.3886721730232239,-1.2190874668303877,0.196456,594.3599853515625,,,,,,,110.2,4.591666666,110.2,4.591666666,,,,,,,,,,,,,,,,,,,"Moises Ballesteros","28820",694208
"Vaughn Grissom","LAA",24,104,94,23,16,5,0,2,12,12,8,0,19,2,1,0,,1,0,0.249929,0.0741314,0.187118,0.396175,0.317615,0.374467,0.307905,0.692082,0.124538,4.07763,0.291205,0,0.0209098,11.6091,-0.700207,94.8559,0.0209098,-0.463599,-0.6004450879991055,-1.171469271183014,0.194552,999,,,,,,,100,4.166666666,100,4.166666666,,,,,,,,,,,,,,,,,,,"Vaughn Grissom","26031",687093
"Drew Gilbert","SFG",21,93,82,19,13,4,1,2,10,10,8,0,17,2,1,0,,1,1,0.233367,0.0853638,0.187241,0.455902,0.311856,0.376449,0.305352,0.688305,0.143082,4.15559,0.268455,0,-0.288101,10.1317,-0.813354,93.5963,-0.288101,-0.217111,-1.001857340335846,-0.09643246233463287,0.193756,999,,,,,,,89.6,4.266666666,89.6,4.266666666,,,,,,,,,,,,,,,,,,,"Drew Gilbert","31545",687551
"Willi Castro","COL",25,109,97,25,17,5,1,3,15,12,9,0,26,2,1,0,,3,1,0.259836,0.082439,0.242768,0.339579,0.334951,0.417348,0.331573,0.752298,0.157511,5.90005,0.325668,0,-0.0370965,14.2021,1.34605,95.3696,-0.0370965,-1.15714,-0.6433108523488045,-0.9787494838237762,0.193741,256.3399963378906,,,,,,,127.3,5.092,127.3,5.092,,,,,,,,,,,,,,,,,,,"Willi Castro","17338",650489
"Carlos Narváez","BAL",14,56,50,10,7,2,0,1,5,5,5,0,17,1,0,0,,0,0,0.208519,0.0867072,0.295515,0.293411,0.287327,0.339862,0.280541,0.627189,0.131344,2.40025,0.278059,0,-0.0549905,5.01364,-1.61556,78.4836,-0.0549905,0.27342,-1.4546667747199535,1.3683278858661652,0.193256,443.010009765625,,,,,,,39.2,2.8,39.2,2.8,,,,,,,,,,,,,,,,,,,"Carlos Narvaez","19722",665966
"Freddy Fermin","SDP",16,63,57,13,9,3,0,1,6,6,4,0,13,1,0,1,,0,0,0.224237,0.0683681,0.200261,0.341395,0.283047,0.337593,0.275799,0.62064,0.113355,1.84941,0.264166,0,-0.140001,5.35705,-2.04298,75.1087,-0.140001,0.65686,-2.0157844871282578,1.8790825605392456,0.192764,735.3099975585938,,,,,,,48.9,3.05625,48.9,3.05625,,,,,,,,,,,,,,,,,,,"Freddy Fermin","21840",666023
"Jared Triolo","PIT",13,58,52,13,9,2,0,1,6,5,6,0,13,1,0,0,,2,0,0.243566,0.0956897,0.21854,0.437859,0.322885,0.345574,0.300813,0.668459,0.102009,5.45857,0.307906,0,0.12789,6.14429,-0.723171,86.3403,0.12789,0.457063,-0.8274039924144745,0.8224954307079315,0.191324,735.5399780273438,,,,,,,60.8,4.676923076,60.8,4.676923076,,,,,,,,,,,,,,,,,,,"Jared Triolo","25807",669707
"Brett Bateman","TOR",16,68,60,14,12,2,0,0,7,5,7,0,15,0,0,0,,2,1,0.241916,0.103011,0.226824,0.454146,0.322482,0.308924,0.28863,0.631406,0.0670082,5.23233,0.315869,0,0.0550724,6.50195,-1.51009,83.2569,0.0550724,0.516585,-1.2612888030707836,0.7388075143098831,0.190943,999,,,,,,,46.2,2.8875,46.2,2.8875,,,,,,,,,,,,,,,,,,,"Brett Bateman","33312",703520
"Leody Taveras","BAL",17,71,64,16,11,3,1,1,9,8,6,0,16,0,0,1,,3,1,0.24442,0.077812,0.218006,0.356926,0.304299,0.376509,0.300786,0.680808,0.132089,6.72318,0.298824,0,0.193579,7.54169,-0.889341,92.5691,0.193579,0.0109248,-0.42120255529880524,-0.2640752028673887,0.187118,999,,,,,,,70.3,4.135294117,70.3,4.135294117,,,,,,,,,,,,,,,,,,,"Leody Taveras","18900",665750
"Brady House","WSN",23,98,92,23,15,4,0,3,11,13,5,0,27,1,1,0,,1,0,0.24781,0.0509313,0.276838,0.183975,0.292081,0.393682,0.299868,0.685763,0.145872,3.98048,0.319064,0,-0.109466,10.3119,-1.2974,87.5819,-0.109466,0.0887589,-1.5775916948914528,0.23196883499622345,0.187096,710.1199951171875,,,,,,,96.5,4.195652173,96.5,4.195652173,,,,,,,,,,,,,,,,,,,"Brady House","29993",691781
"Mickey Moniak","COL",24,103,95,25,14,5,1,5,13,16,5,0,26,1,1,0,,1,1,0.263068,0.053427,0.252888,0.211268,0.306051,0.498647,0.343075,0.804698,0.235579,5.40065,0.304962,0,-0.0975552,14.3894,2.22832,103.081,-0.0975552,0.0329075,0.2840227484703064,-1.7825245447456837,0.186926,245.8300018310547,,,,,,,129.3,5.3875,129.3,5.3875,,,,,,,,,,,,,,,,,,,"Mickey Moniak","19956",666160
"Andruw Monasterio","BOS",17,73,65,17,11,4,0,1,9,9,7,0,15,1,1,0,,2,1,0.256382,0.0899426,0.210511,0.427259,0.328279,0.396886,0.320628,0.725164,0.140503,4.60397,0.311313,0,-0.161187,8.94693,0.260413,100.64,-0.161187,-1.03908,-0.10662565380334854,-0.661297470331192,0.18648,999,,,,,,,76.2,4.482352941,76.2,4.482352941,,,,,,,,,,,,,,,,,,,"Andruw Monasterio","19455",655316
"Keibert Ruiz","WSN",19,73,68,18,12,4,0,2,7,9,4,0,8,1,1,0,,0,0,0.255684,0.0482747,0.111962,0.431169,0.297355,0.392245,0.301762,0.6896,0.136562,2.54803,0.265446,0,-0.0910764,7.81386,-0.856889,88.8516,-0.0910764,-0.906185,-1.07547527551651,0.5259140133857727,0.18617,720.3499755859375,,,,,,,78.2,4.115789473,78.2,4.115789473,,,,,,,,,,,,,,,,,,,"Keibert Ruiz","19610",660688
"Owen Caissie","MIA",21,93,82,20,12,5,0,3,11,13,9,0,31,1,1,0,,1,0,0.244758,0.0951806,0.335481,0.283714,0.321018,0.424378,0.325881,0.745396,0.17962,4.01048,0.346127,0,-0.0946492,11.682,0.721661,103.681,-0.0946492,-0.317734,0.316189743578434,-1.5144932270050049,0.183989,528.5,,,,,,,104.6,4.98095238,104.6,4.98095238,,,,,,,,,,,,,,,,,,,"Owen Caissie","27496",683357
"Jose Trevino","CIN",14,56,53,12,9,2,0,1,6,6,3,0,9,0,0,0,,0,0,0.237217,0.0452967,0.154218,0.293718,0.275298,0.356804,0.278169,0.632101,0.119586,2.30243,0.260846,0,-0.113225,4.9063,-1.7229,68.2083,-0.113225,1.15212,-2.2594514042139053,2.2470253705978394,0.183902,999,,,,,,,38.4,2.742857142,38.4,2.742857142,,,,,,,,,,,,,,,,,,,"Jose Trevino","16725",624431
"Alec Bohm","PHI",28,121,111,30,20,6,0,3,13,17,8,0,18,1,1,0,,1,0,0.267182,0.0651818,0.147274,0.44259,0.321485,0.414841,0.321945,0.736326,0.147659,3.23522,0.290365,0,-0.0982978,14.8913,0.55851,100.776,-0.0982978,-0.767804,0.01501183956861496,-2.1682665944099426,0.180837,239.8699951171875,,,,,,,131.5,4.696428571,131.5,4.696428571,,,,,,,,,,,,,,,,,,,"Alec Bohm","21618",664761
"Oswald Peraza","LAA",21,91,84,18,13,3,0,2,9,8,5,0,25,2,0,0,,4,1,0.221324,0.0597708,0.273238,0.21875,0.281243,0.345975,0.27933,0.627218,0.12465,5.44026,0.285235,0,0.304004,8.07252,-2.7192,74.9753,0.304004,0.567078,-2.3460653126239777,0.8726336061954498,0.178725,999,,,,,,,70.1,3.338095238,70.1,3.338095238,,,,,,,,,,,,,,,,,,,"Oswald Peraza","22823",672724
"Jose Siri","LAA",16,67,61,13,7,3,0,3,10,9,4,0,24,1,0,0,,2,1,0.214346,0.0637925,0.352678,0.18088,0.272479,0.396812,0.292325,0.669291,0.182466,6.28261,0.295374,0,0.0978815,6.63139,-1.29378,84.0166,0.0978815,0.810504,-1.1451268047094345,0.5202257633209229,0.177854,999,,,,,,,64.7,4.04375,64.7,4.04375,,,,,,,,,,,,,,,,,,,"Jose Siri","17452",642350
"Brandon Valenzuela","TOR",15,62,56,12,8,2,0,2,6,7,5,0,17,0,0,0,,0,0,0.212949,0.0866433,0.272478,0.317982,0.283573,0.351383,0.281951,0.634955,0.138434,2.84013,0.270708,0,-0.0592337,5.59271,-1.70922,78.6099,-0.0592337,0.49289,-1.5918989852070808,1.1447421610355377,0.176978,999,,,,,,,50.8,3.386666666,50.8,3.386666666,,,,,,,,,,,,,,,,,,,"Brandon Valenzuela","23813",678218
"Zach McKinstry","DET",20,88,78,18,12,4,1,1,10,8,8,0,17,1,1,0,,2,1,0.23474,0.0936147,0.191344,0.489247,0.31234,0.363926,0.30055,0.676267,0.129187,5.96517,0.279513,0,-0.0645509,9.30744,-1.11638,90.6814,-0.0645509,0.33399,-1.0177312344312668,-0.4320591986179352,0.169921,510.30999755859375,,,,,,,77.5,3.875,77.5,3.875,,,,,,,,,,,,,,,,,,,"Zach McKinstry","19392",656716
"Andrés Chaparro","WSN",14,62,56,14,8,3,0,2,8,9,5,0,15,1,0,0,,0,0,0.243041,0.0882756,0.236623,0.373064,0.319162,0.438794,0.33091,0.757956,0.195753,3.08143,0.284959,0,-0.0334729,8.09508,0.737094,108.393,-0.0334729,0.34061,0.5954162925481796,-0.9482787251472473,0.169554,999,,,,,,,67.9,4.85,67.9,4.85,,,,,,,,,,,,,,,,,,,"Andres Chaparro","21797",665953
"Jonny DeLuca","TBR",15,63,58,14,9,3,0,2,7,8,4,0,13,1,0,0,,2,1,0.243856,0.0594579,0.199123,0.298599,0.295367,0.395274,0.302205,0.690641,0.151418,6.05887,0.283215,0,0.134531,6.75476,-0.715645,91.1912,0.134531,0.259278,-0.5112082958221436,-0.06078335642814636,0.169387,999,,,,,,,63.9,4.26,63.9,4.26,,,,,,,,,,,,,,,,,,,"Jonny DeLuca","26365",676356
"Heriberto Hernández","MIA",25,110,97,22,13,4,0,5,12,15,11,0,32,1,1,0,,2,1,0.228596,0.101706,0.294833,0.34496,0.312948,0.422547,0.322624,0.735495,0.193951,4.28956,0.290748,0,-0.0854329,13.55,0.566192,101.497,-0.0854329,-0.109608,0.11255491524934769,-2.039700374007225,0.166207,999,,,,,,,121.8,4.872,121.8,4.872,,,,,,,,,,,,,,,,,,,"Heriberto Hernandez","24878",681715
"Taylor Trammell","HOU",20,86,75,16,9,4,0,3,11,10,9,0,25,1,0,0,,2,1,0.21696,0.108975,0.297107,0.366788,0.310749,0.400207,0.314177,0.710955,0.183247,5.26177,0.281983,0,-0.0886665,9.97497,-0.142268,101.002,-0.0886665,-0.606019,0.010834775865077972,-1.4412046670913696,0.162556,999,,,,,,,85.4,4.27,85.4,4.27,,,,,,,,,,,,,,,,,,,"Taylor Trammell","19960",666211
"Jimmy Crooks","STL",12,47,43,10,7,2,0,1,5,5,3,0,13,1,0,0,,0,0,0.22884,0.0678113,0.284052,0.238728,0.290817,0.3586,0.288326,0.649416,0.12976,3.22751,0.303714,0,-0.0405772,4.47734,-1.054,81.9403,-0.0405772,0.216942,-1.0578611008822918,1.1305226236581802,0.16191,999,,,,,,,40.2,3.35,40.2,3.35,,,,,,,,,,,,,,,,,,,"Jimmy Crooks","31354",699625
"Colt Emerson","SEA",11,48,43,10,6,2,0,1,5,5,4,0,12,1,0,0,,1,0,0.22131,0.0793807,0.249585,0.31805,0.295644,0.348984,0.287066,0.644628,0.127674,5.15745,0.280684,0,-0.0686705,4.59131,-1.14179,88.1943,-0.0686705,0.0826308,-0.7328382432460785,0.6020752489566803,0.161414,999,,,,,,,45.1,4.1,45.1,4.1,,,,,,,,,,,,,,,,,,,"Colt Emerson","33575",806068
"Ryan Vilade","TBR",10,43,38,10,6,2,0,1,5,6,4,0,10,0,0,0,,1,0,0.25,0.0850561,0.232582,0.365704,0.319936,0.412348,0.321347,0.732284,0.162348,4.96197,0.302814,0,-0.0502983,5.21396,0.175783,104.509,-0.0502983,0.287109,0.17263025045394897,-0.10640901327133179,0.160314,999,,,,,,,47.1,4.71,47.1,4.71,,,,,,,,,,,,,,,,,,,"Ryan Vilade","22165",668723
"Nick Sogard","BOS",15,65,56,14,10,3,0,1,8,6,7,0,13,0,0,0,,1,0,0.247486,0.113174,0.197596,0.572755,0.336845,0.342036,0.307792,0.67888,0.0945493,4.69859,0.307791,0,-0.0377121,7.2034,-0.440735,91.7094,-0.0377121,-0.270649,-0.6595966517925262,-0.07126671075820923,0.158486,999,,,,,,,63.4,4.226666666,63.4,4.226666666,,,,,,,,,,,,,,,,,,,"Nick Sogard","25483",686765
"Paul Goldschmidt","NYY",11,46,41,11,7,2,0,2,6,6,4,0,11,0,0,0,,0,0,0.257608,0.0858129,0.23424,0.366347,0.325024,0.438484,0.331929,0.763507,0.180876,3.26559,0.305505,0,-0.0153526,5.96263,0.576986,113.915,-0.0153526,0.0878592,0.7200353313237429,-0.7778815105557442,0.158257,748.3599853515625,,,,,,,57.2,5.2,57.2,5.2,,,,,,,,,,,,,,,,,,,"Paul Goldschmidt","9218",502671
"Josh Smith","TOR",11,48,42,10,7,2,0,1,6,5,5,0,9,1,0,0,,1,0,0.247358,0.097502,0.192802,0.50571,0.334091,0.38456,0.320111,0.71865,0.137202,5.03046,0.289872,0,-0.0100445,5.87423,0.151349,105.159,-0.0100445,-0.369321,0.27967981062829494,-0.44339556992053986,0.157744,428.9100036621094,,,,,,,49.1,4.463636363,49.1,4.463636363,,,,,,,,,,,,,,,,,,,"Josh Smith","26396",669701
"Miguel Rojas","LAD",11,47,43,11,8,2,0,1,5,4,3,0,6,0,1,0,,1,0,0.255928,0.0647602,0.126041,0.513804,0.308086,0.367016,0.297673,0.675102,0.111087,3.36384,0.276383,0,-0.0128498,4.85925,-0.705234,86.5923,-0.0128498,0.622618,-0.7726155472919345,0.7906732261180878,0.15727,999,,,,,,,44.7,4.063636363,44.7,4.063636363,,,,,,,,,,,,,,,,,,,"Miguel Rojas","7802",500743
"Travis d'Arnaud","LAA",12,48,44,9,5,2,0,1,5,5,3,0,14,1,0,0,,0,0,0.209742,0.0672581,0.284646,0.236287,0.278641,0.362492,0.284242,0.641132,0.15275,2.15682,0.269652,0,-0.0535934,4.4582,-1.24599,78.3929,-0.0535934,0.156728,-1.2630447633564472,1.0988573282957077,0.157126,999,,,,,,,33.6,2.8,33.6,2.8,,,,,,,,,,,,,,,,,,,"Travis d'Arnaud","7739",518595
"Victor Mesa Jr.","TBR",16,68,61,14,9,2,0,2,7,8,5,0,14,0,0,0,,1,1,0.228475,0.0725372,0.212321,0.34164,0.288749,0.383043,0.295648,0.671791,0.154568,4.61621,0.261441,0,-0.0613117,6.86826,-1.12334,86.6291,-0.0613117,0.842066,-1.109868597239256,0.22293001413345337,0.153166,999,,,,,,,56.1,3.50625,56.1,3.50625,,,,,,,,,,,,,,,,,,,"Victor Mesa Jr.","25999",683748
"Angel Genao","CLE",17,74,69,17,12,4,0,1,9,7,5,0,14,0,0,0,,1,0,0.247842,0.0627411,0.185935,0.337436,0.296351,0.359433,0.28998,0.655784,0.111591,5.19191,0.294273,0,-0.0117507,7.19644,-1.57183,84.7863,-0.0117507,-0.148008,-1.3207660093903542,0.1982881724834442,0.152828,999,,,,,,,64.1,3.770588235,64.1,3.770588235,,,,,,,,,,,,,,,,,,,"Angel Genao","28811",694197
"Andrew Benintendi","CHW",25,109,98,25,16,5,0,3,13,15,9,0,22,0,1,0,,1,0,0.250687,0.0848737,0.200481,0.423349,0.315087,0.413929,0.318276,0.729016,0.163241,3.83444,0.286828,0,-0.0637373,13.035,0.178932,103.007,-0.0637373,-0.0494815,0.315650075674057,-2.6834321841597557,0.150472,735.8099975585938,,,,,,,113.6,4.544,113.6,4.544,,,,,,,,,,,,,,,,,,,"Andrew Benintendi","17901",643217
"Carlos Cortes","ATH",22,97,87,21,14,5,0,3,10,12,8,0,19,1,1,0,,0,0,0.243657,0.0872195,0.191883,0.454545,0.313842,0.39341,0.312277,0.707252,0.149753,2.97307,0.280268,0,-0.113075,11.1562,-0.30996,96.2296,-0.113075,0.0667304,-0.5373053252696991,-1.4203067049384117,0.149924,999,,,,,,,100.3,4.559090909,100.3,4.559090909,,,,,,,,,,,,,,,,,,,"Carlos Cortes","21842",666126
"Sung-Mun Song","SDP",11,47,42,10,7,2,0,1,5,5,4,0,9,0,0,0,,1,0,0.237209,0.090917,0.185471,0.490196,0.306793,0.356189,0.29347,0.662982,0.11898,5.52474,0.27631,0,0.101204,4.69958,-0.864897,86.9557,0.101204,0.31061,-0.6379686743021011,0.5703319907188416,0.148534,999,,,,,,,43.1,3.918181818,43.1,3.918181818,,,,,,,,,,,,,,,,,,,"Sung-Mun Song","37122",823550
"Daylen Lile","WSN",28,123,113,29,19,5,2,3,15,15,8,0,23,1,1,0,,3,1,0.253436,0.0611551,0.190165,0.32159,0.306385,0.406601,0.311471,0.712987,0.153165,6.49393,0.295568,0,-0.0767597,14.079,-0.473459,95.3611,-0.0767597,-0.0563301,-0.7642245814204216,-1.7699103392660618,0.148146,206.50999450683594,,,,,,,133.4,4.764285714,133.4,4.764285714,,,,,,,,,,,,,,,,,,,"Daylen Lile","29995",695734
"Christian Vázquez","HOU",15,57,52,11,8,2,0,1,5,5,4,0,11,0,0,1,,0,0,0.219011,0.0685393,0.195768,0.350105,0.275612,0.329194,0.269231,0.604806,0.110183,2.10271,0.253384,0,-0.0769127,4.60644,-2.17693,69.7312,-0.0769127,0.37845,-2.0917399302124977,1.498820424079895,0.146313,999,,,,,,,36.8,2.453333333,36.8,2.453333333,,,,,,,,,,,,,,,,,,,"Christian Vazquez","9774",543877
"Alex Call","LAD",7,30,25,6,4,1,0,1,4,4,4,0,5,1,0,0,,0,0,0.24386,0.12471,0.178027,0.700513,0.352312,0.376005,0.328654,0.728317,0.132145,4.07121,0.283001,0,-0.0461401,3.84121,0.300178,107.362,-0.0461401,0.297308,0.21933544427156448,0.241289421916008,0.145867,999,,,,,,,35.9,5.128571428,35.9,5.128571428,,,,,,,,,,,,,,,,,,,"Alex Call","19296",669743
"Christian Yelich","MIL",24,106,92,23,15,4,0,3,14,13,12,1,27,1,1,0,,3,1,0.245745,0.109216,0.258624,0.422296,0.332756,0.3988,0.321625,0.731556,0.153055,5.5671,0.313303,0,0.190339,12.9369,0.459001,102.892,0.190339,0.000188442,0.557776615023613,-2.556293158122571,0.144802,127.22000122070312,,,,,,,118.5,4.9375,118.5,4.9375,,,,,,,,,,,,,,,,,,,"Christian Yelich","11477",592885
"Henry Davis","PIT",17,67,59,12,8,2,0,2,7,8,6,0,16,2,0,0,,1,0,0.20655,0.0826833,0.237111,0.348711,0.292411,0.351628,0.288143,0.644039,0.145079,3.98705,0.245355,0,-0.0624332,6.40358,-1.51969,77.8467,-0.0624332,-0.210012,-1.8499281331896782,1.098629742860794,0.144725,999,,,,,,,58.7,3.452941176,58.7,3.452941176,,,,,,,,,,,,,,,,,,,"Henry Davis","29617",680779
"Max Muncy","ATH",15,64,58,14,9,3,0,2,8,9,5,0,19,1,1,0,,1,0,0.241772,0.0727007,0.298968,0.243172,0.309458,0.400735,0.311964,0.710194,0.158964,4.20637,0.326397,0,-0.145698,7.36656,-0.22137,96.0114,-0.145698,0.00738964,-0.44268861413002014,-0.41529553662985563,0.143814,672.719970703125,,,,,,,67.8,4.52,67.8,4.52,,,,,,,,,,,,,,,,,,,"Max Muncy","29779",691777
"A.J. Ewing","NYM",27,116,104,26,18,5,1,1,15,11,10,0,27,1,1,0,,7,2,0.247363,0.0870977,0.233749,0.372611,0.316231,0.356051,0.299073,0.672281,0.108688,7.52295,0.320368,0,0.502223,12.0577,-1.60055,90.2804,0.502223,-0.595579,-0.8496792316436768,-1.4867830276489258,0.14332,999,,,,,,,111.9,4.144444444,111.9,4.144444444,,,,,,,,,,,,,,,,,,,"A.J. Ewing","33656",805999
"Pedro Ramírez","CHC",21,90,82,21,15,3,1,1,10,9,6,0,18,1,1,0,,3,1,0.250362,0.0672529,0.194875,0.345109,0.306935,0.347556,0.290511,0.654491,0.0971941,5.61651,0.303582,0,0.0533725,8.75732,-1.86578,83.0547,0.0533725,0.886642,-1.779792595654726,0.25006788969039917,0.140782,999,,,,,,,83.3,3.966666666,83.3,3.966666666,,,,,,,,,,,,,,,,,,,"Pedro Ramirez","29218",699393
"Kerry Carpenter","DET",16,69,63,15,9,2,0,3,8,11,5,0,18,1,1,0,,0,0,0.241054,0.0672354,0.25397,0.264738,0.301381,0.451957,0.325068,0.753338,0.210903,3.61205,0.278324,0,-0.124212,8.6576,0.492277,107.739,-0.124212,-0.155416,0.4959042817354202,-1.5668354630470276,0.139705,236.22000122070312,,,,,,,73,4.5625,73,4.5625,,,,,,,,,,,,,,,,,,,"Kerry Carpenter","25961",681481
"Jorge Mateo","TBR",12,53,49,11,7,2,0,1,8,5,3,0,14,0,0,0,,4,1,0.222024,0.0581931,0.268818,0.216478,0.268491,0.367469,0.278634,0.63596,0.145445,8.49258,0.283934,0,0.476387,4.64867,-1.60562,74.7918,0.476387,0.265386,-1.0707103908061981,0.5697068572044373,0.139557,999,,,,,,,41.6,3.466666666,41.6,3.466666666,,,,,,,,,,,,,,,,,,,"Jorge Mateo","17273",622761
"Braden Montgomery","CHW",30,128,115,27,17,7,1,2,14,15,10,0,37,2,1,0,,1,1,0.235501,0.0793833,0.285958,0.277605,0.30477,0.379645,0.302165,0.684415,0.144144,5.06933,0.32069,0,-0.334391,13.6625,-1.45204,91.7989,-0.334391,-0.23964,-1.550760179758072,-1.6090847849845886,0.138566,999,,,,,,,116.1,3.87,116.1,3.87,,,,,,,,,,,,,,,,,,,"Braden Montgomery","35423",695731
"José Fermín","STL",14,59,52,12,9,3,0,1,6,6,6,0,7,1,0,0,,2,0,0.240904,0.102349,0.113499,0.90176,0.328532,0.352738,0.306666,0.68127,0.111835,4.05901,0.259433,0,0.0487562,6.57154,-0.459431,94.2353,0.0487562,-0.144269,-0.3639993816614151,-0.24797318130731583,0.134005,999,,,,,,,58.1,4.15,58.1,4.15,,,,,,,,,,,,,,,,,,,"Jose Fermin","21746",665877
"Salvador Perez","KCR",28,115,106,25,16,5,0,4,10,15,5,1,24,2,1,0,,0,0,0.239203,0.0446082,0.204325,0.21832,0.286947,0.41153,0.301577,0.698477,0.172327,1.41147,0.264854,0,-0.126165,12.2468,-1.36202,88.5847,-0.126165,-0.840424,-1.6505862474441528,-1.112028956413269,0.133165,91.13999938964844,,,,,,,107.1,3.825,107.1,3.825,,,,,,,,,,,,,,,,,,,"Salvador Perez","7304",521692
"Denzel Clarke","ATH",9,40,36,8,5,2,0,1,5,5,3,0,14,1,0,0,,1,0,0.220978,0.0783793,0.341664,0.229404,0.296276,0.351424,0.289371,0.647699,0.130445,7.23397,0.332311,0,0.107829,3.8554,-0.865979,80.293,0.107829,0.554595,-0.8052024766802788,0.6971874088048935,0.132896,728.3300170898438,,,,,,,37.9,4.211111111,37.9,4.211111111,,,,,,,,,,,,,,,,,,,"Denzel Clarke","29858",672016
"Tyler Heineman","LAA",13,50,43,9,7,1,0,1,5,4,3,0,9,1,0,2,,1,0,0.208329,0.0651175,0.175133,0.371817,0.283134,0.288084,0.261548,0.571218,0.079755,5.13884,0.246533,0,-0.00794543,3.67101,-2.18735,62.6037,-0.00794543,0.716345,-2.1577657563611865,1.6839380264282227,0.130259,999,,,,,,,33.6,2.584615384,33.6,2.584615384,,,,,,,,,,,,,,,,,,,"Tyler Heineman","13897",623168
"Pedro Pagés","STL",10,40,37,8,6,2,0,1,3,4,2,0,11,0,0,0,,0,0,0.222414,0.0604499,0.264117,0.228876,0.274985,0.343137,0.273149,0.618122,0.120723,2.9751,0.284237,0,-0.00809702,3.3766,-1.40726,71.7653,-0.00809702,0.549256,-1.3836036594584584,1.3393797278404236,0.129116,748.2899780273438,,,,,,,29,2.9,29,2.9,,,,,,,,,,,,,,,,,,,"Pedro Pages","25782",686780
"Jake Rogers","CHW",9,35,31,6,4,1,0,1,4,4,3,0,10,0,0,0,,0,0,0.196381,0.0947261,0.298426,0.31742,0.276726,0.34038,0.27541,0.617106,0.143998,3.52557,0.256471,0,-0.0266877,2.97869,-1.15112,73.184,-0.0266877,0.45951,-1.113418884575367,1.1416085958480835,0.128751,999,,,,,,,23.9,2.655555555,23.9,2.655555555,,,,,,,,,,,,,,,,,,,"Jake Rogers","19452",668670
"Marcelo Mayer","SFG",21,90,81,19,12,4,0,2,10,10,7,0,20,1,1,0,,1,0,0.231937,0.0742649,0.224891,0.330225,0.293215,0.362606,0.289584,0.655821,0.130669,4.18638,0.282162,0,-0.0717055,8.66914,-1.92841,83.0249,-0.0717055,-0.0878285,-1.9036752209067345,0.2532208263874054,0.127761,589.5399780273438,,,,,,,81.7,3.89047619,81.7,3.89047619,,,,,,,,,,,,,,,,,,,"Marcelo Mayer","29668",691785
"Gary Sánchez","MIL",9,38,32,7,4,1,0,2,5,5,4,0,10,1,0,0,,0,0,0.213653,0.116352,0.254738,0.45675,0.318577,0.418683,0.325714,0.73726,0.20503,1.89691,0.244074,0,-0.049128,4.74988,0.288659,105.633,-0.049128,-0.293192,0.20679470896720886,-0.18115518242120743,0.127226,999,,,,,,,43.9,4.877777777,43.9,4.877777777,,,,,,,,,,,,,,,,,,,"Gary Sanchez","11442",596142
"Ramón Urías","STL",11,48,44,10,7,2,0,1,5,5,4,0,10,1,0,0,,0,0,0.235209,0.0772978,0.216694,0.356713,0.305283,0.380101,0.30374,0.685384,0.144893,3.44743,0.278072,0,-0.0272576,5.23461,-0.488267,92.2739,-0.0272576,0.0931258,-0.47753316909074783,0.14744682610034943,0.126203,999,,,,,,,42.2,3.836363636,42.2,3.836363636,,,,,,,,,,,,,,,,,,,"Ramon Urias","18795",602104
"Ildemaro Vargas","ARI",17,74,69,18,13,3,1,1,8,10,4,0,8,1,0,0,,1,0,0.255902,0.0546326,0.10386,0.52602,0.300628,0.373308,0.296043,0.673936,0.117406,4.53368,0.271303,0,-0.0196186,7.55943,-1.20884,84.0287,-0.0196186,0.708715,-1.445739334449172,0.2809374928474426,0.126174,999,,,,,,,72.5,4.264705882,72.5,4.264705882,,,,,,,,,,,,,,,,,,,"Ildemaro Vargas","13324",545121
"Andy Pages","LAD",5,21,19,5,3,1,0,1,3,3,1,0,5,0,0,0,,0,0,0.263211,0.0696626,0.212674,0.327556,0.323946,0.452033,0.337483,0.775979,0.188821,4.38863,0.301656,0,-0.0316865,2.89619,0.36688,113.281,-0.0316865,0.117753,0.31040576845407486,0.194142185151577,0.122085,133.4199981689453,,,,,,,24.3,4.86,24.3,4.86,,,,,,,,,,,,,,,,,,,"Andy Pages","24816",681624
"LaMonte Wade Jr.","HOU",10,44,37,8,6,1,0,1,5,5,6,0,11,1,0,0,,0,0,0.223492,0.146406,0.238096,0.6149,0.345721,0.361038,0.319606,0.706759,0.137546,3.87035,0.280253,0,-0.00636568,5.34749,0.120247,104.779,-0.00636568,-0.121784,0.23879528604447842,-0.6259507611393929,0.119858,999,,,,,,,41.1,4.11,41.1,4.11,,,,,,,,,,,,,,,,,,,"LaMonte Wade Jr.","18126",664774
"Gavin Sheets","SDP",22,96,85,20,12,4,0,4,10,12,9,0,20,1,1,0,,0,0,0.231882,0.095032,0.204348,0.465049,0.311186,0.409743,0.317016,0.720928,0.17786,2.52753,0.258679,0,-0.0739955,11.3576,0.0600567,102.741,-0.0739955,-0.478959,0.2413192316889763,-2.1646071076393127,0.119501,684.8099975585938,,,,,,,106.2,4.827272727,106.2,4.827272727,,,,,,,,,,,,,,,,,,,"Gavin Sheets","19901",657757
"Denzer Guzman","LAA",21,91,83,18,12,4,0,2,9,10,7,0,27,1,0,0,,1,0,0.223327,0.0729631,0.298832,0.244161,0.287639,0.360683,0.287709,0.648322,0.137357,4.08865,0.30134,0,-0.063119,8.68988,-2.10184,80.805,-0.063119,-0.325599,-2.095828078687191,0.020697414875030518,0.117386,999,,,,,,,74.1,3.528571428,74.1,3.528571428,,,,,,,,,,,,,,,,,,,"Denzer Guzman","28816",694203
"Michael Stefanic","ATH",5,23,20,6,5,1,0,0,2,2,2,0,2,1,0,0,,0,0,0.283094,0.0970239,0.10769,0.900952,0.367387,0.363273,0.331001,0.73066,0.0801787,2.91805,0.312493,0,-0.0834347,2.96988,0.271951,109.257,-0.0834347,0.26106,0.16162889450788498,0.1490226909518242,0.113902,999,,,,,,,25.5,5.1,25.5,5.1,,,,,,,,,,,,,,,,,,,"Michael Stefanic","25353",683021
"Lane Thomas","ATL",17,73,65,15,9,3,0,2,8,9,7,0,20,1,0,0,,2,1,0.234787,0.0933896,0.26896,0.347224,0.312686,0.410337,0.318045,0.723022,0.17555,5.63846,0.295997,0,0.00754137,8.70582,0.106173,99.2847,0.00754137,-0.475313,-0.055105146020650864,-1.1933685541152954,0.112935,726.6699829101562,,,,,,,71.5,4.205882352,71.5,4.205882352,,,,,,,,,,,,,,,,,,,"Lane Thomas","16939",657041
"Derek Hill","PHI",8,36,32,8,5,1,0,1,5,4,2,0,11,0,0,0,,1,0,0.240743,0.0658551,0.313052,0.210365,0.296434,0.401899,0.306158,0.698334,0.161156,6.89912,0.326244,0,0.0689332,3.92543,-0.290084,90.1925,0.0689332,0.275585,-0.352092407643795,0.2806772291660309,0.110469,999,,,,,,,33,4.125,33,4.125,,,,,,,,,,,,,,,,,,,"Derek Hill","16947",656537
"Ke'Bryan Hayes","CIN",24,103,95,21,16,3,0,2,10,9,7,0,20,1,0,0,,2,0,0.222373,0.0660813,0.19755,0.334505,0.27918,0.326549,0.27013,0.605729,0.104176,4.86664,0.261692,0,0.0470041,8.319,-3.82168,62.8185,0.0470041,1.9384,-4.549962189048529,2.3050652742385864,0.110265,999,,,,,,,77.9,3.245833333,77.9,3.245833333,,,,,,,,,,,,,,,,,,,"Ke'Bryan Hayes","18577",663647
"Jhonny Pereda","SEA",7,29,26,6,5,1,0,0,3,2,3,0,7,0,0,0,,0,0,0.241856,0.0933618,0.235327,0.396733,0.315638,0.324216,0.290105,0.639854,0.0823602,2.15231,0.311952,0,-0.0251257,2.78659,-0.605094,90.309,-0.0251257,-0.155126,-0.3476624246686697,0.40505947172641754,0.10923,999,,,,,,,19.5,2.785714285,19.5,2.785714285,,,,,,,,,,,,,,,,,,,"Jhonny Pereda","19802",640902
"Nathan Church","STL",20,84,77,19,14,3,0,2,10,9,5,0,13,1,1,1,,2,1,0.246421,0.0608339,0.153292,0.39685,0.300625,0.353393,0.290099,0.654018,0.106972,5.43483,0.275902,0,-0.0089556,8.19428,-1.77988,83.1287,-0.0089556,-0.200959,-1.7226214380934834,0.06076948344707489,0.109187,999,,,,,,,75.9,3.795,75.9,3.795,,,,,,,,,,,,,,,,,,,"Nathan Church","31357",701675
"Alek Thomas","LAD",13,54,50,12,8,3,0,1,7,6,3,0,12,1,0,0,,1,0,0.237505,0.0522278,0.227444,0.22963,0.284183,0.381795,0.291876,0.665978,0.14429,5.94803,0.289331,0,0.0146648,5.3419,-1.06569,82.7059,0.0146648,0.219351,-1.1138165527954698,0.41286955773830414,0.107522,746.030029296875,,,,,,,49.2,3.784615384,49.2,3.784615384,,,,,,,,,,,,,,,,,,,"Alek Thomas","23792",677950
"Ben Malgeri","DET",9,37,33,8,5,2,0,1,5,5,3,0,10,1,0,0,,0,0,0.241456,0.0786832,0.275193,0.285921,0.313938,0.390368,0.310679,0.704306,0.148913,5.54915,0.318184,0,-0.0836085,4.17844,-0.164815,97.7284,-0.0836085,0.329066,-0.180423803627491,-0.06445223093032837,0.107419,999,,,,,,,39,4.333333333,39,4.333333333,,,,,,,,,,,,,,,,,,,"Ben Malgeri","29577",701162
"Austin Martin","MIN",9,40,34,8,6,2,0,0,5,3,5,0,7,1,0,0,,2,1,0.245499,0.11621,0.168077,0.691413,0.348129,0.332686,0.311932,0.680815,0.0871867,4.8474,0.293979,0,-0.0381697,4.58261,-0.138764,98.0849,-0.0381697,0.116397,-0.12689891830086708,-0.24008499085903168,0.106496,748.5599975585938,,,,,,,35.6,3.955555555,35.6,3.955555555,,,,,,,,,,,,,,,,,,,"Austin Martin","27462",668885
"Brian Serven","ATH",14,55,49,10,7,2,0,1,5,5,4,0,16,1,0,0,,0,0,0.203717,0.0804227,0.295634,0.272035,0.277941,0.300214,0.262729,0.578155,0.0964975,2.51008,0.279021,0,-0.0301231,4.10964,-2.36539,61.757,-0.0301231,0.495203,-2.4600395057350397,1.564647525548935,0.10608,999,,,,,,,37.2,2.657142857,37.2,2.657142857,,,,,,,,,,,,,,,,,,,"Brian Serven","19422",661531
"Victor Robles","SEA",6,27,24,6,5,1,0,0,3,2,2,0,5,1,0,0,,1,0,0.253723,0.0623367,0.202854,0.307298,0.319256,0.356788,0.302661,0.676045,0.103066,6.54395,0.311512,0,0.11089,2.90684,-0.296947,99.0444,0.11089,0.184827,0.08084728009998798,-0.0035993605852127075,0.105526,727.5399780273438,,,,,,,23.4,3.9,23.4,3.9,,,,,,,,,,,,,,,,,,,"Victor Robles","18363",645302
"Connor Wong","BOS",9,35,31,8,5,2,0,1,4,4,3,0,9,1,0,0,,1,0,0.245436,0.074738,0.24925,0.299851,0.314254,0.380083,0.308359,0.694337,0.134647,3.93169,0.313831,0,-0.0527697,3.9077,-0.222121,92.104,-0.0527697,-0.514203,-0.3727585971355438,0.16789621114730835,0.104992,999,,,,,,,42.9,4.766666666,42.9,4.766666666,,,,,,,,,,,,,,,,,,,"Connor Wong","19896",657136
"Hunter Feduccia","LAD",11,42,37,8,5,2,0,1,5,4,4,0,11,0,0,0,,0,0,0.223118,0.106998,0.258472,0.413962,0.307849,0.362327,0.299271,0.670176,0.139209,3.71282,0.287744,0,-0.0385893,4.36193,-0.57143,87.6635,-0.0385893,-0.535434,-0.6583665460348129,0.2793808579444885,0.099165,999,,,,,,,35,3.181818181,35,3.181818181,,,,,,,,,,,,,,,,,,,"Hunter Feduccia","23372",676439
"Hao-Yu Lee","DET",6,26,24,6,4,1,0,1,3,3,2,0,6,0,0,0,,0,0,0.247118,0.0761431,0.215543,0.353261,0.312577,0.389049,0.309347,0.701626,0.141931,5.43888,0.297774,0,-0.00769845,2.98004,-0.147106,96.8016,-0.00769845,0.0236516,-0.10584426252171397,0.11809607967734337,0.0965643,999,,,,,,,27.9,4.65,27.9,4.65,,,,,,,,,,,,,,,,,,,"Hao-Yu Lee","30080",701678
"James McCann","ARI",8,30,28,7,5,1,0,1,3,4,1,0,8,0,0,0,,0,0,0.253352,0.0483585,0.261876,0.184662,0.29889,0.389444,0.302765,0.688334,0.136091,2.35269,0.324671,0,-0.0194147,3.21973,-0.326122,88.5352,-0.0194147,-0.182919,-0.43340248242020607,0.4027291536331177,0.0959169,999,,,,,,,26.5,3.3125,26.5,3.3125,,,,,,,,,,,,,,,,,,,"James McCann","12859",543510
"Ha-Seong Kim","ATL",10,43,37,8,6,1,0,1,5,4,5,0,8,0,0,0,,2,0,0.222268,0.106797,0.188934,0.565259,0.31075,0.32471,0.28807,0.63546,0.102442,5.03768,0.262156,0,0.101742,4.08583,-0.972791,79.1886,0.101742,0.0636501,-0.9703548699617386,0.5219834446907043,0.0955904,748.3800048828125,,,,,,,38.9,3.89,38.9,3.89,,,,,,,,,,,,,,,,,,,"Ha-Seong Kim","27506",673490
"Agustín Ramírez","MIA",13,54,48,12,7,3,0,2,7,7,4,0,11,1,0,0,,1,0,0.243646,0.080338,0.20787,0.386482,0.311385,0.414371,0.317145,0.725756,0.170725,5.07966,0.280667,0,0.0796685,6.36976,0.0392595,97.8242,0.0796685,-0.495485,-0.060597121715545654,-0.7450222969055176,0.0946979,86.8499984741211,,,,,,,63.6,4.892307692,63.6,4.892307692,,,,,,,,,,,,,,,,,,,"Agustin Ramirez","26546",682663
"Matt Wallner","MIN",5,23,20,4,2,1,0,1,3,3,2,0,7,1,0,0,,0,0,0.228457,0.104223,0.325398,0.320294,0.33019,0.451876,0.342032,0.782066,0.223419,4.13407,0.304718,0,-0.0339112,3.17307,0.475136,119.027,-0.0339112,-0.103456,0.4698154889047146,-0.36827126890420914,0.0925846,340.5899963378906,,,,,,,23.7,4.74,23.7,4.74,,,,,,,,,,,,,,,,,,,"Matt Wallner","26466",670242
"Charles McAdoo","TOR",9,40,37,9,5,2,0,1,4,5,3,0,12,0,0,0,,1,0,0.233945,0.0721062,0.300638,0.239844,0.293314,0.386972,0.298999,0.680287,0.153028,5.76463,0.313538,0,0.0924798,4.18376,-0.55806,90.4707,0.0924798,-0.00833321,-0.3509256839752197,-0.18117271829396486,0.0902866,999,,,,,,,39.5,4.388888888,39.5,4.388888888,,,,,,,,,,,,,,,,,,,"Charles McAdoo","33323",807727
"John Rave","KCR",13,57,50,12,7,3,1,1,7,6,5,0,15,0,0,1,,2,0,0.231448,0.0905635,0.26001,0.348307,0.305273,0.386385,0.305391,0.691659,0.154938,6.80733,0.29943,0,0.104628,6.20753,-0.496418,91.2378,0.104628,-0.0953243,-0.47179386019706726,-0.6632255911827087,0.0886285,999,,,,,,,59.8,4.6,59.8,4.6,,,,,,,,,,,,,,,,,,,"John Rave","26284",670231
"Joshua Kuroda-Grauer","ATH",8,36,33,9,7,2,0,0,3,3,2,0,4,1,0,0,,1,0,0.271046,0.0494981,0.113877,0.434663,0.319235,0.346232,0.297586,0.665467,0.0751867,3.93182,0.303032,0,-0.0231627,3.67875,-0.536767,86.0085,-0.0231627,0.366637,-0.6019406411796808,0.20876626670360565,0.0884073,999,,,,,,,34.1,4.2625,34.1,4.2625,,,,,,,,,,,,,,,,,,,"Joshua Kuroda-Grauer","35121",811965
"Edmundo Sosa","PHI",12,51,47,12,8,2,0,1,6,7,2,0,11,1,0,0,,1,0,0.242652,0.0349821,0.218533,0.160077,0.285879,0.393484,0.296755,0.679362,0.150832,5.77718,0.286782,0,0.0396334,5.26294,-0.807406,83.8888,0.0396334,0.526185,-0.956327673047781,0.1595187485218048,0.0883293,999,,,,,,,46.3,3.858333333,46.3,3.858333333,,,,,,,,,,,,,,,,,,,"Edmundo Sosa","17022",624641
"Romy Gonzalez","BOS",7,29,27,7,4,1,0,1,4,4,2,0,8,0,0,0,,1,0,0.25471,0.0542885,0.258528,0.209991,0.302633,0.418839,0.313299,0.721472,0.164129,6.41147,0.324799,0,-0.0495893,3.40491,-0.0696964,95.5409,-0.0495893,0.194787,-0.2016265019774437,0.02688579261302948,0.0880923,999,,,,,,,32.4,4.628571428,32.4,4.628571428,,,,,,,,,,,,,,,,,,,"Romy Gonzalez","21562",663853
"Everson Pereira","STL",11,47,42,10,6,2,0,2,6,5,4,0,15,1,0,0,,1,0,0.236409,0.0761947,0.32138,0.237086,0.307721,0.409442,0.31536,0.717162,0.173032,5.35462,0.322043,0,0.00674164,5.52609,-0.0332786,100.064,0.00674164,-0.271224,0.010369205148890615,-0.676162451505661,0.0874129,999,,,,,,,55.5,5.045454545,55.5,5.045454545,,,,,,,,,,,,,,,,,,,"Everson Pereira","23695",677592
"Rhys Hoskins","CLE",12,50,43,9,5,2,0,2,5,6,6,0,14,1,0,0,,0,0,0.212609,0.127155,0.288091,0.441373,0.319536,0.405114,0.320468,0.724651,0.192506,2.64011,0.265146,0,-0.0546808,6.07222,0.170497,105.999,-0.0546808,-0.166634,0.2927126958966255,-1.2004301846027374,0.0873486,737.989990234375,,,,,,,53,4.416666666,53,4.416666666,,,,,,,,,,,,,,,,,,,"Rhys Hoskins","16472",656555
"Angel Martínez","CLE",14,60,55,13,8,3,0,2,7,7,3,0,13,1,0,1,,1,0,0.237778,0.0500117,0.219042,0.228321,0.284965,0.390196,0.295549,0.675161,0.152418,5.09825,0.283337,0,-0.0250459,6.08179,-1.00028,88.6611,-0.0250459,0.208235,-0.8130484111607075,-0.4538020193576813,0.0867142,748.5800170898438,,,,,,,59.2,4.228571428,59.2,4.228571428,,,,,,,,,,,,,,,,,,,"Angel Martinez","26540",682657
"Daz Cameron","TOR",4,18,16,4,2,1,0,1,2,3,1,0,5,0,0,0,,1,0,0.240303,0.0779739,0.266821,0.292234,0.308012,0.425021,0.320475,0.733033,0.184718,6.01724,0.298399,0,0.0135833,2.18714,0.0614984,105.412,0.0135833,0.254405,0.1264784438535571,0.06181228160858154,0.0839845,999,,,,,,,23.6,5.9,23.6,5.9,,,,,,,,,,,,,,,,,,,"Daz Cameron","18353",663662
"Austin Hays","SDP",10,43,39,10,6,2,0,2,6,5,3,0,11,0,0,0,,1,0,0.250312,0.0638493,0.266388,0.239685,0.302919,0.435385,0.319471,0.738303,0.185072,5.16816,0.312309,0,-0.00581292,5.17032,0.111699,104.387,-0.00581292,-0.0476373,0.22018033871427178,-0.7911558374762535,0.0830917,572.469970703125,,,,,,,52.5,5.25,52.5,5.25,,,,,,,,,,,,,,,,,,,"Austin Hays","19363",669720
"Ryan Kreidler","MIN",11,47,41,9,5,2,0,1,5,5,5,0,13,1,0,0,,1,1,0.207162,0.0966816,0.278476,0.347181,0.293131,0.335208,0.282988,0.628339,0.128046,5.98819,0.277779,0,-0.0379706,4.30136,-1.26312,77.9474,-0.0379706,0.172971,-1.2421202883124352,0.39195239543914795,0.0829363,999,,,,,,,41.7,3.79090909,41.7,3.79090909,,,,,,,,,,,,,,,,,,,"Ryan Kreidler","25867",668952
"Randal Grichuk","CHW",12,51,48,12,7,3,0,2,7,7,3,0,11,0,0,0,,0,0,0.246612,0.051857,0.222327,0.233247,0.289924,0.444494,0.315882,0.734418,0.197882,3.2736,0.282124,0,-0.0738072,6.06584,-0.014722,101.342,-0.0738072,-0.0246551,0.00628054141998291,-1.0163217335939407,0.0823684,999,,,,,,,55.7,4.641666666,55.7,4.641666666,,,,,,,,,,,,,,,,,,,"Randal Grichuk","10243",545341
"Joey Bart","CHW",5,20,18,4,3,1,0,1,2,2,2,0,6,1,0,0,,0,0,0.223398,0.0907723,0.285343,0.318116,0.315887,0.354308,0.302564,0.670195,0.13091,1.82621,0.295201,0,-0.0386626,2.16018,-0.222411,92.0761,-0.0386626,-0.0956065,-0.22392363101243973,0.29791196435689926,0.0801638,999,,,,,,,25.7,5.14,25.7,5.14,,,,,,,,,,,,,,,,,,,"Joey Bart","21524",663698
"Ali Sánchez","NYY",7,27,25,6,4,1,0,0,3,3,2,0,7,0,0,0,,0,0,0.228048,0.0595764,0.257971,0.230942,0.281162,0.327543,0.271816,0.608704,0.0994946,2.06352,0.294624,0,-0.0769567,2.21335,-0.963429,72.0918,-0.0769567,0.254057,-0.9469507411122322,0.7787483036518097,0.0796812,999,,,,,,,17.5,2.5,17.5,2.5,,,,,,,,,,,,,,,,,,,"Ali Sanchez","18551",645305
"Kyle Manzardo","CLE",7,29,25,6,3,1,0,1,3,4,3,0,8,0,0,0,,0,0,0.233702,0.0994676,0.267542,0.371783,0.318937,0.427936,0.326919,0.746874,0.194235,3.14711,0.285049,0,-0.0214675,3.61835,0.245939,110.486,-0.0214675,0.0281597,0.3255547359585762,-0.5523958299309015,0.0796661,253.4600067138672,,,,,,,29.9,4.271428571,29.9,4.271428571,,,,,,,,,,,,,,,,,,,"Kyle Manzardo","29794",700932
"Shay Whitcomb","SFG",5,21,19,4,3,1,0,1,3,3,1,0,6,0,0,0,,0,0,0.228427,0.06896,0.309808,0.22259,0.288983,0.412028,0.305578,0.701012,0.183601,4.87646,0.293404,0,0.0216925,2.25522,-0.177,93.7475,0.0216925,0.136886,-0.13317477703094482,0.24182403087615967,0.0790137,999,,,,,,,18.7,3.74,18.7,3.74,,,,,,,,,,,,,,,,,,,"Shay Whitcomb","27789",694376
"Luis Rengifo","SDP",16,70,63,16,12,2,0,1,7,7,5,0,12,1,0,0,,1,1,0.246562,0.0770634,0.165835,0.464699,0.309827,0.355703,0.296616,0.665531,0.109142,4.41052,0.280962,0,-0.0854839,7.15558,-1.10683,89.0642,-0.0854839,-0.0154326,-1.0056323558092117,-0.4992288891226053,0.0773776,644.9299926757812,,,,,,,58.9,3.68125,58.9,3.68125,,,,,,,,,,,,,,,,,,,"Luis Rengifo","19858",650859
"Spencer Jones","NYY",5,24,21,5,3,1,0,1,3,4,2,0,9,0,0,0,,1,0,0.236655,0.0838209,0.380611,0.220227,0.305019,0.451867,0.327382,0.756885,0.215211,6.50521,0.347984,0,0.0656619,2.99119,0.211504,110.751,0.0656619,-0.232333,0.35892169177532196,-0.4422093331813812,0.0762341,999,,,,,,,27.2,5.44,27.2,5.44,,,,,,,,,,,,,,,,,,,"Spencer Jones","31532",682987
"Brett Sullivan","COL",14,55,50,12,7,3,1,1,6,6,4,0,9,0,0,0,,1,0,0.238641,0.0691952,0.162599,0.425557,0.293622,0.391622,0.299829,0.685244,0.15298,4.93926,0.264339,0,-0.118658,5.78287,-0.729538,74.0879,-0.118658,-0.276262,-1.8371429070830345,0.7993555963039398,0.076111,999,,,,,,,54.9,3.921428571,54.9,3.921428571,,,,,,,,,,,,,,,,,,,"Brett Sullivan","18217",664954
"Luisangel Acuña","CHW",10,43,39,10,8,1,0,0,5,3,2,0,8,0,0,0,,3,1,0.249082,0.0557328,0.194641,0.286337,0.293856,0.318696,0.27416,0.612553,0.0696144,6.50492,0.304094,0,0.149822,3.59088,-1.4473,72.3145,0.149822,0.153914,-1.2189225405454636,0.4529876112937927,0.0754816,395.510009765625,,,,,,,28.8,2.88,28.8,2.88,,,,,,,,,,,,,,,,,,,"Luisangel Acuna","26548",682668
"Samad Taylor","SDP",7,29,25,6,5,1,0,0,4,3,3,0,7,0,0,1,,1,0,0.2586,0.088524,0.242801,0.364595,0.328888,0.375768,0.313889,0.704655,0.117168,7.25111,0.336601,0,0.106008,3.31835,-0.0540637,100.644,0.106008,-0.0710793,0.12814076617360115,-0.3155237063765526,0.0750968,999,,,,,,,22.4,3.2,22.4,3.2,,,,,,,,,,,,,,,,,,,"Samad Taylor","22274",669392
"Myles Straw","TOR",12,53,47,11,8,2,0,0,7,4,4,0,9,0,0,1,,2,0,0.228996,0.074478,0.171376,0.434588,0.287787,0.318135,0.271521,0.605922,0.0891393,6.68173,0.27123,0,0.173472,4.31655,-1.89686,71.3534,0.173472,0.498549,-1.5731532573699951,0.44916609302163124,0.0748017,999,,,,,,,36.2,3.016666666,36.2,3.016666666,,,,,,,,,,,,,,,,,,,"Myles Straw","17620",664702
"José Tena","WSN",11,46,41,10,7,2,0,1,5,5,4,0,12,0,0,0,,1,0,0.249706,0.07868,0.267991,0.293592,0.312498,0.382491,0.307547,0.69499,0.132785,5.51527,0.330592,0,-0.0390031,5.07572,-0.320136,92.7299,-0.0390031,0.0117672,-0.43848928436636925,-0.3092204313725233,0.0744948,999,,,,,,,44.1,4.009090909,44.1,4.009090909,,,,,,,,,,,,,,,,,,,"Jose Tena","23691",677588
"Jahmai Jones","BOS",6,28,24,6,3,2,0,1,4,3,3,0,7,1,0,0,,1,0,0.2452,0.103257,0.244568,0.4222,0.339817,0.423211,0.336321,0.763028,0.178011,6.01127,0.309706,0,-0.0375737,3.75349,0.452614,111.558,-0.0375737,0.028257,0.3368160165846348,-0.6066195368766785,0.073106,999,,,,,,,38.7,6.45,38.7,6.45,,,,,,,,,,,,,,,,,,,"Jahmai Jones","18872",663330
"Osleivis Basabe","SFG",15,63,59,15,10,3,0,1,7,7,3,0,11,1,0,0,,1,0,0.251061,0.0466273,0.172453,0.270378,0.293596,0.370869,0.292383,0.664466,0.119808,4.74391,0.289393,0,-0.10008,6.25381,-1.2166,84.9016,-0.10008,-0.338416,-1.2486963495612144,-0.08131679892539978,0.0730796,999,,,,,,,57,3.8,57,3.8,,,,,,,,,,,,,,,,,,,"Osleivis Basabe","23985",678545
"Daniel Schneemann","CLE",8,33,30,6,4,1,0,1,4,3,3,0,9,0,0,0,,1,0,0.219041,0.0914482,0.278396,0.328482,0.292173,0.357189,0.289163,0.649362,0.138147,4.77164,0.287261,0,0.0041282,3.16142,-0.716854,84.2182,0.0041282,0.177382,-0.5964796738699079,0.13154830038547516,0.0708131,999,,,,,,,26.8,3.35,26.8,3.35,,,,,,,,,,,,,,,,,,,"Daniel Schneemann","25180",682177
"Jake Meyers","HOU",5,21,19,5,3,1,0,0,2,2,2,0,5,0,0,0,,0,0,0.237529,0.0760069,0.21201,0.358506,0.302736,0.356781,0.293886,0.659517,0.119252,4.68243,0.287555,0,-0.0150405,2.14335,-0.385954,86.885,-0.0150405,0.301152,-0.34055250603705645,0.2756892368197441,0.0704809,738.1500244140625,,,,,,,17.9,3.58,17.9,3.58,,,,,,,,,,,,,,,,,,,"Jake Meyers","20308",676694
"Kyle Higashioka","TEX",4,16,14,3,2,1,0,1,2,2,1,0,4,0,0,0,,0,0,0.225085,0.0751725,0.251684,0.298678,0.287199,0.391347,0.298234,0.678545,0.166262,3.05659,0.268397,0,-0.0186504,1.62262,-0.227388,90.7535,-0.0186504,0.017027,-0.1865108348429203,0.32258250936865807,0.0702598,999,,,,,,,18.1,4.525,18.1,4.525,,,,,,,,,,,,,,,,,,,"Kyle Higashioka","5517",543309
"Cody Freeman","TEX",11,47,44,11,7,2,0,1,5,5,3,0,8,0,0,0,,1,0,0.243592,0.0572475,0.160798,0.356021,0.289891,0.377568,0.292736,0.667458,0.133976,3.77932,0.267894,0,-0.0851969,4.67169,-0.892785,86.9287,-0.0851969,-0.203356,-0.7989350855350494,-0.177892928943038,0.0700241,999,,,,,,,43.7,3.972727272,43.7,3.972727272,,,,,,,,,,,,,,,,,,,"Cody Freeman","25629",683227
"Jesus Rodriguez","SFG",4,16,15,4,3,1,0,0,2,2,1,0,3,0,0,0,,0,0,0.2725,0.0775994,0.157947,0.4913,0.334919,0.371786,0.31465,0.706705,0.0992857,4.74414,0.315586,0,-0.0250597,1.88542,-0.0206524,99.8296,-0.0250597,-0.129804,-0.0283671363722533,0.18501071631908417,0.0692097,999,,,,,,,13.3,3.325,13.3,3.325,,,,,,,,,,,,,,,,,,,"Jesus Rodriguez","26991",683679
"Blaze Jordan","STL",14,62,58,14,10,3,0,1,6,7,3,0,9,1,1,0,,0,0,0.242993,0.0512214,0.140278,0.365141,0.286021,0.370946,0.288215,0.656967,0.127953,3.62591,0.264184,0,-0.0748399,5.9503,-1.40769,81.8653,-0.0748399,0.362721,-1.4336871430277824,0.0911155641078949,0.0686594,999,,,,,,,50.5,3.607142857,50.5,3.607142857,,,,,,,,,,,,,,,,,,,"Blaze Jordan","28199",691458
"Jake Fraley","TBR",8,34,30,7,5,2,0,1,4,3,3,0,7,0,0,0,,1,0,0.23973,0.0935926,0.213992,0.437365,0.31937,0.369735,0.307017,0.689105,0.130005,4.89976,0.291054,0,0.0744157,3.74429,-0.251508,94.5393,0.0744157,-0.0419039,-0.13970133662223816,-0.40394090861082077,0.0663711,999,,,,,,,35.3,4.4125,35.3,4.4125,,,,,,,,,,,,,,,,,,,"Jake Fraley","19260",641584
"TJ Friedl","CIN",19,81,70,16,11,2,0,2,9,7,8,0,15,2,0,1,,2,0,0.223978,0.0991258,0.182829,0.542176,0.317351,0.341417,0.298444,0.658768,0.117439,5.34907,0.260712,0,0.104458,8.44385,-1.16753,81.801,0.104458,0.0528969,-1.6768328994512558,-0.3086771070957184,0.0660583,265.1499938964844,,,,,,,78,4.105263157,78,4.105263157,,,,,,,,,,,,,,,,,,,"TJ Friedl","19522",670770
"Giancarlo Stanton","NYY",6,28,25,6,3,1,0,2,3,5,3,0,9,0,0,0,,0,0,0.227957,0.0907117,0.314697,0.288251,0.300509,0.45902,0.327341,0.75953,0.231063,1.36848,0.277632,0,-0.0215825,3.55112,0.25024,110.723,-0.0215825,0,0.32574231177568436,-0.6978394985198975,0.0626778,251.4600067138672,,,,,,,39.3,6.55,39.3,6.55,,,,,,,,,,,,,,,,,,,"Giancarlo Stanton","4949",519317
"Justin Foscue","TEX",9,40,36,8,5,2,0,1,5,5,3,0,7,1,0,0,,0,0,0.233219,0.0844746,0.185171,0.456198,0.307657,0.402226,0.312801,0.709883,0.169007,3.79069,0.258881,0,-0.0371029,4.61061,-0.110762,100.888,-0.0371029,-0.0373702,0.0040532127022743225,-0.8012591153383255,0.0626376,999,,,,,,,36,4,36,4,,,,,,,,,,,,,,,,,,,"Justin Foscue","27501",679822
"Ryan O'Hearn","PIT",6,26,23,6,4,1,0,1,3,4,2,0,5,0,0,0,,0,0,0.26859,0.0891017,0.202192,0.440678,0.340217,0.434506,0.338682,0.774724,0.165917,2.84743,0.310037,0,-0.0258797,3.58277,0.476068,111.729,-0.0258797,-0.0241998,0.3451806418597698,-0.582224540412426,0.0626125,285.44000244140625,,,,,,,28.9,4.816666666,28.9,4.816666666,,,,,,,,,,,,,,,,,,,"Ryan O'Hearn","16442",656811
"Isiah Kiner-Falefa","BOS",7,29,27,7,6,1,0,0,3,3,2,0,4,0,0,0,,1,0,0.261467,0.0575755,0.148197,0.388506,0.311418,0.337604,0.290575,0.649022,0.0761374,5.36045,0.302299,0,0.0446374,2.86587,-0.608739,79.7313,0.0446374,0.00230579,-0.6464429683983326,0.21218232670798898,0.061636,746.1500244140625,,,,,,,23,3.285714285,23,3.285714285,,,,,,,,,,,,,,,,,,,"Isiah Kiner-Falefa","16512",643396
"Nick Allen","HOU",10,41,37,9,7,1,0,0,4,3,3,0,8,0,0,1,,1,0,0.232687,0.0724123,0.197563,0.366527,0.292382,0.308403,0.270946,0.600785,0.0757156,4.3468,0.284785,0,-0.0525239,3.37795,-1.51205,70.9244,-0.0525239,0.348318,-1.4477145746350288,0.5876701325178146,0.0613712,999,,,,,,,27.2,2.72,27.2,2.72,,,,,,,,,,,,,,,,,,,"Nick Allen","22277",669397
"Buddy Kennedy","SFG",5,24,21,5,3,1,0,0,3,2,2,0,5,0,0,0,,0,0,0.223438,0.101586,0.207573,0.489398,0.313477,0.3393,0.294364,0.652777,0.115862,4.08909,0.272308,0,-0.0431165,2.36459,-0.415093,86.2297,-0.0431165,0.219363,-0.4329144321382046,0.27183258906006813,0.0612218,999,,,,,,,15.9,3.18,15.9,3.18,,,,,,,,,,,,,,,,,,,"Buddy Kennedy","22505",671083
"Leo Rivas","SEA",4,17,14,3,2,0,0,0,2,1,2,0,4,0,0,0,,1,0,0.207875,0.139412,0.255529,0.545584,0.328684,0.292345,0.290012,0.621029,0.0844699,6.25414,0.282774,0,0.057007,1.66116,-0.362287,90.2439,0.057007,0.0313823,-0.13670869916677475,0.12304899096488953,0.0602821,999,,,,,,,10.7,2.675,10.7,2.675,,,,,,,,,,,,,,,,,,,"Leo Rivas","21009",660844
"Eli White","BOS",4,18,16,4,3,1,0,0,2,2,1,0,4,0,0,0,,1,0,0.245896,0.0626282,0.243643,0.257049,0.301843,0.38494,0.30178,0.686783,0.139044,7.19168,0.306197,0,0.0807594,1.879,-0.205766,87.5268,0.0807594,0.302749,-0.17441090941429138,0.13484804332256317,0.0595104,999,,,,,,,14.2,3.55,14.2,3.55,,,,,,,,,,,,,,,,,,,"Eli White","19346",642201
"Heston Kjerstad","BAL",7,30,27,7,4,1,0,1,4,4,2,0,8,1,0,0,,0,0,0.242424,0.0648379,0.261845,0.247619,0.306733,0.402204,0.310765,0.708937,0.15978,4.30659,0.305221,0,-0.0383708,3.40875,-0.13228,99.5118,-0.0383708,0,-0.05533573217689991,-0.4226852059364319,0.0591996,999,,,,,,,33.5,4.785714285,33.5,4.785714285,,,,,,,,,,,,,,,,,,,"Heston Kjerstad","31166",677008
"Leo Jiménez","MIA",16,68,59,13,9,3,0,1,8,7,6,0,15,3,0,0,,1,0,0.222554,0.083916,0.212131,0.395585,0.322171,0.320678,0.295285,0.642849,0.0981243,3.75935,0.276897,0,-0.112091,6.93605,-1.15774,83.1691,-0.112091,-0.293471,-1.4993568807840347,-0.1406933218240738,0.058886,999,,,,,,,60.8,3.8,60.8,3.8,,,,,,,,,,,,,,,,,,,"Leo Jimenez","23782",677870
"Victor Scott II","STL",7,30,26,6,4,1,0,0,3,2,3,0,7,1,0,1,,2,0,0.217868,0.0826669,0.218857,0.377721,0.297065,0.307047,0.275126,0.604112,0.0891792,6.80072,0.274249,0,0.17646,2.58759,-1.00965,73.0905,0.17646,0.287112,-0.8093131333589554,0.39575352519750595,0.0583196,391.1300048828125,,,,,,,26.3,3.757142857,26.3,3.757142857,,,,,,,,,,,,,,,,,,,"Victor Scott II","31349",687363
"Raynel Delgado","HOU",5,23,20,5,4,1,0,0,2,2,2,0,5,0,0,0,,1,0,0.246977,0.0795278,0.23415,0.339644,0.315759,0.339697,0.294027,0.655456,0.09272,5.71789,0.319494,0,0.0309851,2.28884,-0.409094,86.9828,0.0309851,-0.0135779,-0.31363746896386147,0.07808873616158962,0.0582202,999,,,,,,,18.8,3.76,18.8,3.76,,,,,,,,,,,,,,,,,,,"Raynel Delgado","22272",669384
"Mike Tauchman",,5,21,18,4,3,1,0,0,3,2,3,0,5,0,0,0,,0,0,0.236527,0.121134,0.244845,0.494737,0.337629,0.371258,0.318202,0.708886,0.134731,3.92625,0.301724,0,-0.0212586,2.56324,0.0339344,101.148,-0.0212586,0.063578,0.007780963554978371,-0.16558867692947388,0.0577839,999,,,,,,,16.3,3.26,16.3,3.26,,,,,,,,,,,,,,,,,,,"Mike Tauchman","15274",643565
"Amed Rosario","NYY",10,44,41,10,7,2,0,1,5,5,2,0,9,0,0,0,,1,0,0.248972,0.045253,0.197162,0.229522,0.284976,0.386514,0.293036,0.67149,0.137542,5.11096,0.28632,0,0.0228586,4.38635,-0.825556,86.8554,0.0228586,-0.479933,-0.6494054645299911,-0.3435133099555969,0.0576374,999,,,,,,,38.1,3.81,38.1,3.81,,,,,,,,,,,,,,,,,,,"Amed Rosario","15518",642708
"Tyrone Taylor","CHC",10,41,38,9,5,2,0,1,5,5,2,0,9,1,0,0,,1,0,0.2322,0.0514052,0.222315,0.231227,0.28628,0.397564,0.298379,0.683844,0.165364,5.77556,0.274789,0,0.00191462,4.2938,-0.596198,88.3291,0.00191462,0.18286,-0.5792694112751633,-0.1990845650434494,0.0572409,999,,,,,,,38.5,3.85,38.5,3.85,,,,,,,,,,,,,,,,,,,"Tyrone Taylor","13675",621438
"Petey Halpin","CLE",8,36,33,7,5,1,0,1,5,3,2,0,10,0,0,0,,1,0,0.221054,0.0676863,0.285659,0.236948,0.278164,0.343426,0.275714,0.621591,0.122372,6.56432,0.29711,0,0.0583777,3.04926,-1.16625,74.8613,0.0583777,0.154239,-0.9815195053815842,0.2815539687871933,0.057132,999,,,,,,,26.4,3.3,26.4,3.3,,,,,,,,,,,,,,,,,,,"Petey Halpin","27931",690984
"Christian Franklin","BAL",10,41,36,9,6,1,0,1,5,4,4,0,10,1,0,0,,1,0,0.237454,0.105578,0.241461,0.437247,0.328744,0.349062,0.30646,0.677806,0.111609,5.40498,0.307371,0,-0.0273269,4.5636,-0.326401,96.5165,-0.0273269,-0.408493,-0.1944831684231758,-0.7089557349681854,0.0569475,999,,,,,,,43.6,4.36,43.6,4.36,,,,,,,,,,,,,,,,,,,"Christian Franklin","29896",681047
"Andrew Knizner","SFG",10,40,36,8,6,1,0,0,4,4,3,0,7,1,0,0,,0,0,0.232884,0.0767098,0.180763,0.424368,0.309803,0.31449,0.284492,0.624292,0.0816061,2.41187,0.277561,0,-0.0933205,3.73241,-1.03276,79.6112,-0.0933205,-0.454248,-1.0827215164899826,0.33278888463974,0.0566517,999,,,,,,,23.7,2.37,23.7,2.37,,,,,,,,,,,,,,,,,,,"Andrew Knizner","19514",668800
"Brice Matthews","HOU",5,21,19,4,3,1,0,1,3,3,2,0,7,0,0,0,,1,0,0.218449,0.0910019,0.331138,0.274815,0.298003,0.382285,0.301225,0.680289,0.163837,6.69639,0.30412,0,0.0407963,2.27007,-0.259235,91.9906,0.0407963,0.0812094,-0.1579960398375988,-0.046105362474918365,0.0562865,740.969970703125,,,,,,,23.6,4.72,23.6,4.72,,,,,,,,,,,,,,,,,,,"Brice Matthews","33280",694728
"Braxton Fulford","COL",5,20,18,4,3,1,0,1,3,2,2,0,6,1,0,0,,0,0,0.227895,0.0748414,0.28697,0.260799,0.303186,0.372895,0.300319,0.676081,0.145,5.66404,0.303151,0,0.00353825,2.12366,-0.258923,74.4168,0.00353825,0.110106,-0.6171947696711868,0.5036249831318855,0.0549735,999,,,,,,,25.7,5.14,25.7,5.14,,,,,,,,,,,,,,,,,,,"Braxton Fulford","29704",690924
"Brock Rodden","SEA",5,21,19,4,3,1,0,0,2,2,2,0,6,0,0,0,,1,0,0.223822,0.0710486,0.300131,0.236726,0.286885,0.349768,0.281828,0.636653,0.125946,6.12086,0.308519,0,0.00873941,1.93513,-0.594181,84.55,0.00873941,-0.0626812,-0.3747281115502119,0.1359298750758171,0.0527494,999,,,,,,,14.2,2.84,14.2,2.84,,,,,,,,,,,,,,,,,,,"Brock Rodden","33191",801126
"Elias Díaz","TEX",10,39,36,8,5,2,0,1,3,4,2,0,9,0,0,0,,0,0,0.225642,0.0536946,0.240975,0.222822,0.270844,0.355625,0.275114,0.626469,0.129983,1.55612,0.276935,0,-0.042619,3.32654,-1.29848,74.6685,-0.042619,-0.444587,-1.192285306751728,0.319301575422287,0.0519757,999,,,,,,,30,3,30,3,,,,,,,,,,,,,,,,,,,"Elias Diaz","11680",553869
"Nolan Gorman","STL",8,35,31,7,4,1,0,1,4,4,4,0,11,0,0,0,,0,0,0.21665,0.103249,0.319684,0.322973,0.297076,0.397274,0.30414,0.694349,0.180623,2.78356,0.282529,0,-0.0475007,3.75016,-0.337607,92.5418,-0.0475007,0.0472914,-0.35797087475657463,-0.25394316762685776,0.0518003,653.1400146484375,,,,,,,32.5,4.0625,32.5,4.0625,,,,,,,,,,,,,,,,,,,"Nolan Gorman","22263",669357
"Max Kepler","ARI",18,77,69,16,10,4,0,2,9,9,7,0,15,1,1,0,,0,0,0.230915,0.0934927,0.199833,0.467854,0.306894,0.380778,0.303448,0.687672,0.149863,3.53424,0.265326,0,-0.0088598,8.31047,-0.795043,88.9927,-0.0088598,0.229886,-1.0295365303754807,-0.9617806077003479,0.0513364,999,,,,,,,75,4.166666666,75,4.166666666,,,,,,,,,,,,,,,,,,,"Max Kepler","12144",596146
"Jorbit Vivas","WSN",11,48,42,10,7,2,0,1,5,4,5,0,7,1,0,0,,1,0,0.231843,0.0955133,0.136766,0.69837,0.321311,0.320849,0.292443,0.642159,0.089006,4.45574,0.260936,0,-0.0856979,4.79323,-0.929652,82.6043,-0.0856979,0.130101,-1.0995091050863266,0.026397377252578735,0.0504567,999,,,,,,,49.1,4.463636363,49.1,4.463636363,,,,,,,,,,,,,,,,,,,"Jorbit Vivas","23917",678391
"Johnathan Rodríguez","ATH",5,20,18,5,3,1,0,1,2,3,2,0,6,0,0,0,,0,0,0.258298,0.0858061,0.277927,0.308736,0.324389,0.431484,0.330027,0.755873,0.173186,2.88309,0.330828,0,-0.0431861,2.58295,0.222261,108.579,-0.0431861,-0.0383785,0.15554843097925186,-0.37448957934975624,0.0496341,999,,,,,,,28.3,5.66,28.3,5.66,,,,,,,,,,,,,,,,,,,"Johnathan Rodriguez","22530",671286
"Christian Moore","LAA",9,40,36,8,6,1,0,1,4,4,4,0,13,0,0,0,,1,0,0.223259,0.0911264,0.323943,0.281304,0.297322,0.353234,0.289119,0.650556,0.129975,5.46888,0.319402,0,-0.0460418,3.84726,-0.874117,81.7858,-0.0460418,0.0242855,-0.8899143822491169,-0.03682558797299862,0.0494325,748.3499755859375,,,,,,,35,3.888888888,35,3.888888888,,,,,,,,,,,,,,,,,,,"Christian Moore","34979",695681
"Rafael Flores Jr.","PIT",9,36,33,8,5,2,0,1,4,4,3,0,10,0,0,0,,0,0,0.254338,0.081419,0.288972,0.281754,0.318393,0.414364,0.321934,0.732757,0.160026,3.03901,0.336964,0,-0.0124779,4.41179,0.165176,100.5,-0.0124779,-0.592024,0.009161211550235748,-0.705603837966919,0.04762,999,,,,,,,36,4,36,4,,,,,,,,,,,,,,,,,,,"Rafael Flores Jr.","31991",804668
"Gavin Lux","TBR",3,15,13,3,2,1,0,0,2,1,2,0,3,0,0,0,,0,0,0.252983,0.105932,0.222458,0.47619,0.332627,0.369928,0.314339,0.702556,0.116945,4.09894,0.320388,0,-0.0156131,1.71479,-0.0225112,99.6331,-0.0156131,-0.085,-0.021867345552891493,-0.03253086656332016,0.0474074,745.989990234375,,,,,,,12.7,4.233333333,12.7,4.233333333,,,,,,,,,,,,,,,,,,,"Gavin Lux","19955",666158
"Carson Williams","TBR",4,16,15,3,2,1,0,1,2,2,1,0,6,0,0,0,,0,0,0.21089,0.0811997,0.34471,0.23556,0.280843,0.383751,0.292254,0.664594,0.172861,6.55292,0.2937,0,-0.0206516,1.59812,-0.312912,84.2674,-0.0206516,0.103252,-0.31568128429353237,0.19244904071092606,0.0456856,724.5499877929688,,,,,,,17.1,4.275,17.1,4.275,,,,,,,,,,,,,,,,,,,"Carson Williams","30038",700246
"Javier Báez","DET",21,91,86,20,14,4,0,2,10,11,3,0,21,1,1,0,,1,0,0.237053,0.0340298,0.229226,0.148455,0.270857,0.359774,0.276575,0.630631,0.122721,4.81401,0.288591,0,-0.00881619,7.85465,-2.91663,74.0013,-0.00881619,-0.765247,-2.7568067954853177,-0.02018558979034424,0.0452125,740.6500244140625,,,,,,,70.3,3.347619047,70.3,3.347619047,,,,,,,,,,,,,,,,,,,"Javier Baez","12979",595879
"Bryan Torres","STL",5,24,20,5,4,1,0,0,3,2,3,0,4,0,0,0,,1,0,0.270738,0.110424,0.171042,0.645594,0.354692,0.361492,0.323221,0.716184,0.0907534,4.91465,0.322809,0,-0.010185,2.91223,0.132545,105.334,-0.010185,-0.179257,0.14081323705613613,-0.47061535716056824,0.0440219,999,,,,,,,21.8,4.36,21.8,4.36,,,,,,,,,,,,,,,,,,,"Bryan Torres","21464",663494
"Jonatan Clase","TOR",4,19,17,4,2,1,0,0,2,2,2,0,6,0,0,0,,1,0,0.226702,0.0847273,0.288448,0.293735,0.297109,0.375998,0.297708,0.673107,0.149296,7.02487,0.302444,0,0.082566,1.99957,-0.289585,89.5725,0.082566,0.0765835,-0.1516682580113411,-0.11107084900140762,0.0429888,999,,,,,,,16.2,4.05,16.2,4.05,,,,,,,,,,,,,,,,,,,"Jonatan Clase","26599",682729
"Blake Perkins","CLE",4,17,15,3,2,1,0,0,2,2,2,0,4,0,0,0,,1,0,0.215915,0.103904,0.261725,0.396998,0.301832,0.329202,0.28529,0.631033,0.113287,5.94135,0.286367,0,0.0141724,1.59594,-0.427512,81.5238,0.0141724,0.141632,-0.3526894310489297,0.16200264357030392,0.0422354,999,,,,,,,12.6,3.15,12.6,3.15,,,,,,,,,,,,,,,,,,,"Blake Perkins","19921",663368
"Corey Julks","DET",4,19,17,4,3,1,0,0,2,2,2,0,4,0,0,0,,0,0,0.246995,0.0806693,0.226152,0.356705,0.311182,0.390601,0.308849,0.701783,0.143607,5.44795,0.301799,0,0.0246531,2.14458,-0.11391,96.4557,0.0246531,-0.00902262,-0.05389728583395481,-0.21365224849432707,0.041564,999,,,,,,,14.3,3.575,14.3,3.575,,,,,,,,,,,,,,,,,,,"Corey Julks","20311",667452
"Alex Freeland","LAD",3,14,12,3,2,1,0,0,2,2,2,0,4,0,0,0,,0,0,0.224914,0.108521,0.278521,0.389633,0.316911,0.361384,0.304083,0.678295,0.136471,4.5979,0.297511,0,0.00777639,1.54629,-0.139914,90.8897,0.00777639,0.0300267,-0.14866279112175107,0.09113782458007336,0.0412353,999,,,,,,,13.7,4.566666666,13.7,4.566666666,,,,,,,,,,,,,,,,,,,"Alex Freeland","31665",690976
"James Outman","DET",4,16,14,3,2,1,0,1,2,2,2,0,6,0,0,0,,1,0,0.209514,0.0949187,0.353703,0.268357,0.297346,0.396773,0.305884,0.69412,0.187259,7.13009,0.295072,0,0.0296371,1.77596,-0.135069,94.3929,0.0296371,-0.0242628,-0.07551189698278904,-0.09247265756130219,0.0411234,999,,,,,,,23,5.75,23,5.75,,,,,,,,,,,,,,,,,,,"James Outman","24770",681546
"Abimelec Ortiz","WSN",21,93,84,19,12,4,0,4,11,12,7,0,25,1,1,0,,0,0,0.22839,0.0750221,0.268923,0.278973,0.293181,0.40799,0.306294,0.701171,0.1796,3.85766,0.278848,0,-0.211186,10.2116,-0.743675,91.89,-0.211186,0.222202,-1.1159658581018448,-1.511130928993225,0.0381898,999,,,,,,,95.6,4.552380952,95.6,4.552380952,,,,,,,,,,,,,,,,,,,"Abimelec Ortiz","29539",694673
"Brandon Lockridge","MIL",3,11,10,3,2,0,0,0,1,1,1,0,3,0,0,0,,1,0,0.251623,0.0841176,0.266613,0.315504,0.320905,0.343228,0.298593,0.664133,0.0916048,7.09362,0.34683,0,0.0753702,1.18647,-0.162497,87.4505,0.0753702,0.116976,-0.0970257893204689,0.09660586714744568,0.0376369,999,,,,,,,11.7,3.9,11.7,3.9,,,,,,,,,,,,,,,,,,,"Brandon Lockridge","21496",663604
"Luis Urías","TOR",3,11,10,2,2,0,0,0,1,1,1,0,2,0,0,0,,0,0,0.235581,0.0963279,0.180957,0.532324,0.324951,0.381066,0.315517,0.706017,0.145485,3.006,0.263576,0,-0.0110266,1.30166,-0.00643002,101.963,-0.0110266,-0.0925264,0.01417212188243866,-0.04314366728067398,0.036917,999,,,,,,,4.2,1.4,4.2,1.4,,,,,,,,,,,,,,,,,,,"Luis Urias","16622",649966
"Alex Jackson","MIN",2,8,7,2,1,0,0,0,1,1,0,0,3,0,0,0,,0,0,0.22366,0.0626438,0.319538,0.196045,0.286293,0.406081,0.302977,0.692374,0.18242,3.87959,0.299713,0,-0.00369668,0.854409,-0.0850489,91.8543,-0.00369668,0.0574105,-0.07878978340886533,0.15926240012049675,0.0368383,999,,,,,,,4.2,2.1,4.2,2.1,,,,,,,,,,,,,,,,,,,"Alex Jackson","17276",656577
"Troy Johnston","COL",11,48,44,12,8,3,0,1,5,6,4,0,9,1,0,0,,1,0,0.269642,0.0746996,0.187223,0.398987,0.334924,0.409349,0.327567,0.744273,0.139707,5.25481,0.319078,0,-0.0396577,6.17658,0.443475,92.6841,-0.0396577,0.0898125,-0.46678751707077026,-0.7549405470490456,0.0355917,748.4099731445312,,,,,,,58.2,5.29090909,58.2,5.29090909,,,,,,,,,,,,,,,,,,,"Troy Johnston","26143",687859
"Logan O'Hoppe","TEX",3,13,12,3,2,0,0,0,1,1,1,0,4,0,0,0,,0,0,0.226728,0.0714513,0.269052,0.265567,0.290892,0.380404,0.296585,0.671296,0.153676,2.62981,0.279167,0,-0.0207249,1.33483,-0.206846,89.6062,-0.0207249,-0.189087,-0.1779650431126356,0.06554266810417175,0.0355295,246.50999450683594,,,,,,,7.8,2.6,7.8,2.6,,,,,,,,,,,,,,,,,,,"Logan O'Hoppe","24729",681351
"Ben Rortvedt","LAD",8,33,29,6,4,1,0,1,3,3,3,0,9,1,0,0,,0,0,0.202216,0.0847221,0.273815,0.309413,0.283217,0.313249,0.270478,0.596467,0.111033,1.69973,0.26723,0,-0.0859331,2.65012,-1.20407,68.3604,-0.0859331,-0.0202355,-1.327771633863449,0.6163385789841413,0.0351304,999,,,,,,,28.9,3.6125,28.9,3.6125,,,,,,,,,,,,,,,,,,,"Ben Rortvedt","20287",666163
"Nate Furman","SFG",3,12,10,3,2,0,0,0,2,1,1,0,2,0,0,0,,0,0,0.251583,0.101342,0.165475,0.612431,0.344372,0.356087,0.317251,0.700459,0.104504,6.07166,0.292213,0,0.0197796,1.39947,0.00962477,101.574,0.0197796,-0.121865,0.042051760479807854,-0.07988995686173439,0.0349642,999,,,,,,,9.8,3.266666666,9.8,3.266666666,,,,,,,,,,,,,,,,,,,"Nate Furman","31988",801501
"Luis Lara","MIL",10,43,38,8,6,2,0,0,5,4,4,0,9,1,0,0,,2,1,0.221356,0.091682,0.213393,0.429639,0.303879,0.295591,0.274648,0.59947,0.0742352,5.89902,0.284701,0,-0.00375164,3.62227,-1.43634,71.3973,-0.00375164,0.502945,-1.4772157666739076,0.43164919316768646,0.0347103,999,,,,,,,28.6,2.86,28.6,2.86,,,,,,,,,,,,,,,,,,,"Luis Lara","30675",800325
"Gabriel Arias","CHC",5,20,18,4,3,1,0,1,2,2,1,0,6,0,0,0,,0,0,0.229442,0.0587419,0.324819,0.180845,0.282113,0.385078,0.291552,0.667191,0.155636,4.59886,0.314256,0,-0.0100715,1.96283,-0.397853,83.7521,-0.0100715,0.0763091,-0.40067658945918083,0.08649424277245998,0.0339107,748.3800048828125,,,,,,,19.7,3.94,19.7,3.94,,,,,,,,,,,,,,,,,,,"Gabriel Arias","22563",672356
"Jacob Gonzalez","PIT",14,61,56,13,8,3,0,1,6,7,4,0,10,1,0,0,,1,0,0.225222,0.0593716,0.172236,0.344711,0.280932,0.337841,0.27541,0.618774,0.11262,4.3462,0.259243,0,-0.0000782627,5.18911,-2.00537,69.3098,-0.0000782627,0.0858106,-2.2486203330990975,0.6092674434185028,0.0338373,999,,,,,,,51.8,3.7,51.8,3.7,,,,,,,,,,,,,,,,,,,"Jacob Gonzalez","33225",694378
"Mark Vientos","NYM",10,44,41,10,6,2,0,2,5,6,3,0,11,0,0,0,,0,0,0.239994,0.0661959,0.258344,0.256231,0.296465,0.430838,0.316344,0.727303,0.190844,2.55571,0.285163,0,-0.0385662,5.23107,0.00383296,101.86,-0.0385662,-0.308767,0.06042681634426117,-1.1796007454395294,0.0319165,652.5700073242188,,,,,,,48.6,4.86,48.6,4.86,,,,,,,,,,,,,,,,,,,"Mark Vientos","22184",668901
"Brett Callahan","DET",4,19,18,4,3,1,0,1,2,3,1,0,5,0,0,0,,0,0,0.225423,0.0508953,0.273314,0.186215,0.280614,0.378466,0.289683,0.65908,0.153043,6.63196,0.287335,0,0.00456041,1.84906,-0.409434,83.1212,0.00456041,0.143763,-0.36951318802312016,0.0020962953567504883,0.0313831,999,,,,,,,19.7,4.925,19.7,4.925,,,,,,,,,,,,,,,,,,,"Brett Callahan","33514",814430
"Jonah Cox","SFG",7,32,29,7,5,1,1,0,4,3,2,0,9,0,0,1,,2,0,0.223687,0.0585459,0.289599,0.202162,0.278375,0.322525,0.26721,0.6009,0.0988382,8.94841,0.315412,0,0.172235,2.54276,-1.27931,68.0254,0.172235,0.21425,-1.0722946524620056,0.3296816200017929,0.0310547,999,,,,,,,28.6,4.085714285,28.6,4.085714285,,,,,,,,,,,,,,,,,,,"Jonah Cox","33270",813841
"Anthony Volpe","NYY",2,7,7,2,1,0,0,0,1,1,1,0,2,0,0,0,,0,0,0.231621,0.0821405,0.24341,0.337457,0.298641,0.383055,0.300709,0.681696,0.151434,5.82573,0.287765,0,0.00426435,0.776566,-0.0920851,92.1942,0.00426435,0.0522799,-0.06227211747318506,0.09950210899114609,0.0302718,641.989990234375,,,,,,,7.2,3.6,7.2,3.6,,,,,,,,,,,,,,,,,,,"Anthony Volpe","27647",683011
"Nick Yorke","PIT",5,22,20,5,4,1,0,0,2,2,2,0,5,0,0,0,,0,0,0.249424,0.0696771,0.222726,0.312838,0.30685,0.352748,0.293216,0.659598,0.103323,4.69473,0.312367,0,-0.011764,2.205,-0.411178,81.2475,-0.011764,0.0430569,-0.5113693252205849,0.08256309479475021,0.0293618,999,,,,,,,16.9,3.38,16.9,3.38,,,,,,,,,,,,,,,,,,,"Nick Yorke","27504",694377
"Ben Williamson","TBR",2,7,7,2,1,0,0,0,1,1,1,0,1,0,0,0,,0,0,0.261557,0.0704548,0.194217,0.362764,0.321098,0.360971,0.303788,0.682068,0.0994136,5.67735,0.31982,0,0.00995456,0.794825,-0.0738263,92.2926,0.00995456,0.0452278,-0.05574320815503597,0.0819561742246151,0.0291487,999,,,,,,,7.2,3.6,7.2,3.6,,,,,,,,,,,,,,,,,,,"Ben Williamson","33197",810938
"Emmanuel Rodriguez","MIN",2,7,6,1,1,0,0,0,1,1,1,0,3,0,0,0,,0,0,0.221014,0.151515,0.357576,0.423729,0.345455,0.387681,0.329568,0.733136,0.166667,6.47454,0.346667,0,0.00185672,0.919836,0.076733,110.355,0.00185672,0.0187975,0.08752440346870571,-0.05759141966700554,0.0287492,999,,,,,,,2.6,1.3,2.6,1.3,,,,,,,,,,,,,,,,,,,"Emmanuel Rodriguez","sa3014693",691181
"Michael Conforto","CHC",18,77,67,14,8,3,0,3,9,8,8,0,21,1,1,0,,0,0,0.214261,0.108885,0.274474,0.396703,0.30916,0.383241,0.306417,0.692401,0.16898,2.85132,0.268231,0,-0.052457,8.49507,-0.610441,93.7183,-0.052457,-0.207342,-0.6349410116672516,-1.5823416113853455,0.0283008,999,,,,,,,75.3,4.183333333,75.3,4.183333333,,,,,,,,,,,,,,,,,,,"Michael Conforto","16376",624424
"Masataka Yoshida","BOS",3,12,11,3,2,1,0,0,1,1,1,0,1,0,0,0,,0,0,0.278705,0.0804763,0.122271,0.658182,0.34547,0.418635,0.335514,0.764106,0.139931,3.71208,0.299708,0,0.00384621,1.57276,0.182918,110.997,0.00384621,0,0.15382772125303745,-0.2938271462917328,0.0280904,748.3300170898438,,,,,,,11.7,3.9,11.7,3.9,,,,,,,,,,,,,,,,,,,"Masataka Yoshida","31837",807799
"Weston Wilson","SEA",4,17,15,3,2,1,0,1,2,2,2,0,5,0,0,0,,0,0,0.201774,0.103395,0.306999,0.336793,0.288124,0.352355,0.28565,0.640479,0.150581,4.98047,0.26614,0,0.00774722,1.60091,-0.42254,87.2094,0.00774722,-0.117021,-0.24622146738693118,-0.08646557107567787,0.0277594,999,,,,,,,20.1,5.025,20.1,5.025,,,,,,,,,,,,,,,,,,,"Weston Wilson","19358",642215
"Ryan Ritter","COL",2,7,6,2,1,0,0,0,1,1,1,0,2,0,0,0,,0,0,0.258127,0.0767809,0.270148,0.284218,0.331436,0.420445,0.331104,0.751881,0.162318,5.86176,0.339741,0,-0.00441302,0.956821,0.0881697,95.0554,-0.00441302,0.038286,-0.04815315594896674,0.0750143751502037,0.0270018,999,,,,,,,8.2,4.1,8.2,4.1,,,,,,,,,,,,,,,,,,,"Ryan Ritter","31500",690022
"Tommy Troy","ARI",4,19,17,4,3,1,0,0,2,2,1,0,4,0,0,0,,0,0,0.233159,0.0800787,0.225957,0.354397,0.302304,0.347122,0.290656,0.649427,0.113963,4.9969,0.290524,0,0.00261245,1.80923,-0.382842,80.4167,0.00261245,0.050356,-0.43454863457009196,0.09618933871388435,0.026736,999,,,,,,,11.3,2.825,11.3,2.825,,,,,,,,,,,,,,,,,,,"Tommy Troy","33279",694371
"Curtis Mead","BOS",2,7,7,2,1,0,0,0,1,1,1,0,1,0,0,0,,0,0,0.255391,0.0878497,0.193896,0.453077,0.336218,0.42348,0.335406,0.759698,0.168089,4.32641,0.294639,0,-0.00516431,0.982336,0.113685,110.922,-0.00516431,-0.0279426,0.08793525351211429,-0.08565869368612766,0.0267086,999,,,,,,,7.2,3.6,7.2,3.6,,,,,,,,,,,,,,,,,,,"Curtis Mead","23986",678554
"Bryce Teodosio","LAA",7,30,27,6,4,1,0,0,3,3,2,0,10,1,0,0,,2,0,0.219612,0.0533999,0.330029,0.161804,0.273836,0.315752,0.263749,0.589588,0.09614,7.74797,0.326966,0,0.15431,2.2721,-1.26893,64.1345,0.15431,0.512597,-1.0919348895549774,0.2936151921749115,0.0265472,999,,,,,,,22.3,3.185714285,22.3,3.185714285,,,,,,,,,,,,,,,,,,,"Bryce Teodosio","29524",669326
"Tyler Locklear","ARI",3,14,13,3,2,1,0,0,2,2,1,0,4,0,0,0,,0,0,0.252494,0.0808223,0.254738,0.317277,0.330979,0.409679,0.326828,0.740657,0.157185,5.50324,0.322436,0,0.00896926,1.80813,0.121922,104.667,0.00896926,-0.0374761,0.08910733554512262,-0.2921057678759098,0.0264053,999,,,,,,,9.7,3.233333333,9.7,3.233333333,,,,,,,,,,,,,,,,,,,"Tyler Locklear","31396",682988
"Walker Jenkins","MIN",3,11,10,2,2,1,0,0,1,1,1,0,2,0,0,0,,0,0,0.24269,0.0953608,0.213918,0.445783,0.324742,0.383041,0.31481,0.707783,0.140351,5.70441,0.295276,0,0.0129879,1.33582,-0.013141,100.087,0.0129879,-0.145348,0.014142476837150753,-0.1657186970114708,0.0256642,999,,,,,,,7.1,2.366666666,7.1,2.366666666,,,,,,,,,,,,,,,,,,,"Walker Jenkins","sa3022894",805805
"Alejandro Osuna","TEX",3,13,11,3,2,0,0,0,2,1,1,0,3,0,0,0,,0,0,0.250924,0.0877511,0.196901,0.445661,0.335059,0.35703,0.311713,0.692088,0.106106,5.32893,0.306759,0,-0.00928393,1.47071,-0.0468761,100.131,-0.00928393,-0.122269,-0.007329157087951899,-0.19865801185369492,0.025257,999,,,,,,,8.8,2.933333333,8.8,2.933333333,,,,,,,,,,,,,,,,,,,"Alejandro Osuna","27915",696030
"Graham Pauley","MIA",8,33,30,6,4,2,0,1,4,4,3,0,7,0,0,0,,0,0,0.219778,0.0794956,0.210011,0.378531,0.287891,0.36191,0.287323,0.649801,0.142132,4.45511,0.258692,0,-0.0117848,3.1127,-0.76557,77.8312,-0.0117848,0.208393,-0.8873379183933139,0.07089261710643768,0.025098,999,,,,,,,27.8,3.475,27.8,3.475,,,,,,,,,,,,,,,,,,,"Graham Pauley","31363",688363
"Josh Rojas","KCR",3,14,12,3,2,1,0,0,2,1,1,0,3,0,0,0,,0,0,0.235944,0.09435,0.205775,0.458511,0.30916,0.350356,0.294327,0.659516,0.114412,4.58921,0.287791,0,0.0125917,1.39052,-0.244584,83.5404,0.0125917,-0.0534987,-0.2515051066875458,0.0057605355978012085,0.0247861,999,,,,,,,10.7,3.566666666,10.7,3.566666666,,,,,,,,,,,,,,,,,,,"Josh Rojas","19734",668942
"Luke Maile","KCR",2,6,6,1,1,0,0,0,1,1,1,0,2,0,0,0,,0,0,0.226721,0.0985748,0.285109,0.345745,0.31517,0.347021,0.298975,0.662191,0.120301,3.16908,0.309471,0,0.00534175,0.659388,-0.0880904,86.7741,0.00534175,-0.0180452,-0.09166886936873198,0.10541163198649883,0.0241841,999,,,,,,,2.6,1.3,2.6,1.3,,,,,,,,,,,,,,,,,,,"Luke Maile","13355",571912
"Marcell Ozuna",,3,14,12,3,2,1,0,1,1,2,2,0,4,0,0,0,,0,0,0.238322,0.119494,0.247998,0.481836,0.332758,0.406918,0.327597,0.739676,0.168596,0.95291,0.289927,0,-0.0201836,1.81698,0.130778,107.564,-0.0201836,0,0.10733159445226192,-0.35648149251937866,0.0238484,377.510009765625,,,,,,,23.1,7.7,23.1,7.7,,,,,,,,,,,,,,,,,,,"Marcell Ozuna","10324",542303
"Davis Schneider","TOR",1,6,5,1,1,0,0,0,1,1,1,0,2,0,0,0,,0,0,0.20565,0.139441,0.293192,0.475596,0.324074,0.38147,0.316301,0.705544,0.17582,4.40015,0.2682,0,-0.00221338,0.654328,0.000284975,102.508,-0.00221338,0.0325849,0.01388596254400909,0.012831805273890495,0.0226589,999,,,,,,,3.6,3.6,3.6,3.6,,,,,,,,,,,,,,,,,,,"Davis Schneider","23565",676914
"Ronny Mauricio","NYM",2,7,7,2,1,0,0,0,1,1,0,0,2,0,0,0,,0,0,0.237546,0.0560871,0.258583,0.216901,0.283531,0.387771,0.291533,0.671302,0.150225,4.88885,0.293187,0,0.00852079,0.700907,-0.142196,85.2259,0.00852079,0.0724324,-0.11832717433571815,0.10808056965470314,0.0225052,999,,,,,,,4.2,2.1,4.2,2.1,,,,,,,,,,,,,,,,,,,"Ronny Mauricio","23698",677595
"Rafael Marchán","PHI",5,18,16,3,2,1,0,0,2,2,1,0,3,0,0,0,,0,0,0.198066,0.0671202,0.150671,0.445476,0.268113,0.29323,0.255129,0.561344,0.0951644,1.32129,0.21865,0,-0.021707,1.25789,-0.900458,55.9821,-0.021707,0.262022,-0.9892071802169085,0.6185031235218048,0.0224967,999,,,,,,,6.7,1.34,6.7,1.34,,,,,,,,,,,,,,,,,,,"Rafael Marchan","21646",665561
"Gustavo Campero","LAA",1,4,3,1,1,0,0,0,0,1,0,0,1,0,0,0,,0,0,0.246711,0.0724638,0.185507,0.390625,0.326531,0.404605,0.323581,0.731136,0.157895,7.10824,0.286325,0,0.00783384,0.485693,0.0231911,105.763,0.00783384,-0.0358085,0.03398766368627548,0.040580376982688904,0.0216988,999,,,,,,,2.6,2.6,2.6,2.6,,,,,,,,,,,,,,,,,,,"Gustavo Campero","22707",672569
"Thomas Saggese","STL",3,11,10,2,2,0,0,0,1,1,1,0,3,0,0,0,,0,0,0.241216,0.0617605,0.269282,0.229353,0.295617,0.358229,0.290088,0.653845,0.117013,4.38548,0.318083,0,-0.022997,1.07456,-0.233527,83.1212,-0.022997,0.0317583,-0.24784073792397976,0.10089412704110146,0.0215577,999,,,,,,,4.2,1.4,4.2,1.4,,,,,,,,,,,,,,,,,,,"Thomas Saggese","27883",695336
"Cade Marlowe","LAA",2,7,6,2,1,0,0,0,1,1,1,0,2,0,0,0,,0,0,0.248521,0.0897098,0.30343,0.295652,0.3219,0.39645,0.31624,0.718349,0.147929,7.21444,0.345622,0,0.0269017,0.843118,0.0000150456,100.655,0.0269017,0,0.03231757925823331,-0.0763888880610466,0.021205,999,,,,,,,8.2,4.1,8.2,4.1,,,,,,,,,,,,,,,,,,,"Cade Marlowe","25505",687799
"Yoán Moncada","LAA",3,11,10,2,1,0,0,0,1,1,1,0,3,0,0,0,,0,0,0.225752,0.105368,0.301323,0.349685,0.316104,0.394464,0.314409,0.710569,0.168712,3.90637,0.30149,0,-0.00583934,1.33213,-0.0168317,99.3813,-0.00583934,-0.0619681,-0.014029749669134617,-0.1841902919113636,0.0209092,746.1500244140625,,,,,,,4.2,1.4,4.2,1.4,,,,,,,,,,,,,,,,,,,"Yoan Moncada","17232",660162
"Brian Navarreto","MIA",3,10,10,2,1,0,0,0,1,1,1,0,3,0,0,0,,0,0,0.203872,0.0576228,0.248249,0.232117,0.259903,0.31213,0.255757,0.572033,0.108258,4.07434,0.256449,0,-0.00324922,0.724085,-0.509254,56.669,-0.00324922,0.206714,-0.5474790253210813,0.4104176312685013,0.0204775,999,,,,,,,4.2,1.4,4.2,1.4,,,,,,,,,,,,,,,,,,,"Brian Navarreto","16398",640459
"Edgar Quero","CHW",2,9,8,2,2,0,0,0,1,1,1,0,2,0,0,0,,0,0,0.237825,0.0841704,0.191606,0.439288,0.310745,0.32455,0.287447,0.635294,0.0867245,1.31302,0.281901,0,-0.0178943,0.893332,-0.218542,81.5589,-0.0178943,-0.0966892,-0.21909987553954124,0.08695279061794281,0.0204184,475.1000061035156,,,,,,,6.2,3.1,6.2,3.1,,,,,,,,,,,,,,,,,,,"Edgar Quero","28022",700337
"Parks Harber","SFG",3,13,12,3,2,1,0,0,2,1,1,0,3,0,0,0,,0,0,0.237624,0.0771513,0.264095,0.292135,0.305638,0.382838,0.304026,0.688476,0.145215,4.79915,0.309524,0,-0.0171356,1.43323,-0.130345,92.7075,-0.0171356,-0.024,-0.1332524623721838,-0.10270370170474052,0.01962,999,,,,,,,10.7,3.566666666,10.7,3.566666666,,,,,,,,,,,,,,,,,,,"Parks Harber","sa3025308",692238
"J.C. Escarra","NYY",1,4,4,1,1,0,0,0,0,0,0,0,1,0,0,0,,0,0,0.230301,0.0859329,0.177777,0.483376,0.302584,0.367114,0.297434,0.669698,0.136813,4.0095,0.264261,0,-0.00515766,0.415346,-0.0611718,89.9152,-0.00515766,0.0217557,-0.05231419485062361,0.10045942850410938,0.0194323,999,,,,,,,1.6,1.6,1.6,1.6,,,,,,,,,,,,,,,,,,,"J.C. Escarra","20084",641555
"Drew Romo","CHW",8,32,30,6,4,1,0,1,3,3,2,0,8,0,0,0,,0,0,0.200162,0.0609542,0.245114,0.248677,0.256917,0.322281,0.257929,0.579198,0.122119,3.33382,0.243294,0,-0.0397645,2.29461,-1.51753,61.0221,-0.0397645,-0.0831157,-1.4978550113737583,0.5465139299631119,0.019211,999,,,,,,,21.9,2.7375,21.9,2.7375,,,,,,,,,,,,,,,,,,,"Drew Romo","27763",691011
"Max Schuemann","NYY",2,9,7,2,1,0,0,0,1,1,1,0,2,0,0,0,,0,0,0.219587,0.11432,0.226027,0.505778,0.327977,0.33365,0.302528,0.661627,0.114062,5.86346,0.278156,0,0.00662596,0.944821,-0.097561,93.4594,0.00662596,-0.0754988,-0.060276648961007595,-0.06500497739762068,0.0190002,999,,,,,,,7.2,3.6,7.2,3.6,,,,,,,,,,,,,,,,,,,"Max Schuemann","24488",680474
"Jacob Melton","TBR",3,13,12,3,2,1,0,0,2,1,1,0,4,0,0,0,,1,0,0.218935,0.0733696,0.277174,0.264706,0.279891,0.366864,0.285862,0.646755,0.147929,6.34176,0.278761,0,0.0475691,1.23933,-0.324245,79.8208,0.0475691,0.0592258,-0.26204416900873184,-0.01947789639234543,0.0189584,727.5700073242188,,,,,,,12.6,4.2,12.6,4.2,,,,,,,,,,,,,,,,,,,"Jacob Melton","31661",689200
"Yohel Pozo","BAL",1,5,5,1,1,0,0,0,1,1,0,0,1,0,0,0,,0,0,0.264523,0.0282746,0.116411,0.242886,0.285412,0.409445,0.301159,0.694856,0.144922,1.9866,0.273323,0,-0.00914887,0.553188,-0.063482,92.828,-0.00914887,-0.048989,-0.052548822946846485,0.05286282300949097,0.0188281,999,,,,,,,0.6,0.6,0.6,0.6,,,,,,,,,,,,,,,,,,,"Yohel Pozo","18848",650968
"Jasson Domínguez","NYY",1,6,5,1,1,0,0,0,1,1,0,0,1,0,0,0,,0,0,0.248841,0.0808372,0.245419,0.329384,0.31259,0.410363,0.317086,0.722953,0.161522,6.01842,0.304665,0,0.0269846,0.698949,0.0040274,103.588,0.0269846,-0.0252405,0.05145086534321308,-0.088203439489007,0.0174345,421.5400085449219,,,,,,,0.6,0.6,0.6,0.6,,,,,,,,,,,,,,,,,,,"Jasson Dominguez","28080",691176
"Jace Jung","DET",1,4,4,1,1,0,0,0,1,1,1,0,1,0,0,0,,0,0,0.22729,0.122205,0.251327,0.486238,0.324618,0.392436,0.318303,0.717054,0.165146,3.45842,0.281548,0,-0.00773812,0.528541,0.00735056,103.033,-0.00773812,0.020972,0.007772414479404688,0.0052312221378088,0.0172115,999,,,,,,,4.6,4.6,4.6,4.6,,,,,,,,,,,,,,,,,,,"Jace Jung","31437",690291
"Miguel Andujar","SDP",7,30,28,7,5,2,0,1,3,3,2,0,4,0,0,0,,0,0,0.262548,0.0527905,0.149238,0.353734,0.306525,0.408978,0.311435,0.715503,0.14643,3.42569,0.28987,0,-0.0417864,3.42493,-0.116099,98.9991,-0.0417864,-0.0221521,-0.07787945121526718,-0.7300225049257278,0.016549,722.9099731445312,,,,,,,32.4,4.628571428,32.4,4.628571428,,,,,,,,,,,,,,,,,,,"Miguel Andujar","15878",609280
"Jonathon Long","MIA",3,13,11,3,2,0,0,0,2,2,1,0,3,0,0,0,,0,0,0.245509,0.1,0.231579,0.431818,0.329825,0.373253,0.314907,0.703078,0.127745,2.69348,0.301676,0,-0.0147704,1.50381,-0.0137801,96.3236,-0.0147704,0.0669706,-0.07158730272203684,-0.18256644904613495,0.0164804,999,,,,,,,8.8,2.933333333,8.8,2.933333333,,,,,,,,,,,,,,,,,,,"Jonathon Long","sa3022864",675085
"Tristan Gray","MIN",3,11,10,2,1,1,0,0,1,1,1,0,3,0,0,0,,0,0,0.223652,0.064276,0.304143,0.211335,0.279708,0.373634,0.286417,0.653342,0.149982,3.609,0.298613,0,-0.010985,1.07433,-0.274635,80.3328,-0.010985,-0.0425034,-0.2713245181366801,0.028792917728424072,0.0163919,999,,,,,,,7.1,2.366666666,7.1,2.366666666,,,,,,,,,,,,,,,,,,,"Tristan Gray","19877",656484
"Cristian Pache","NYM",5,20,18,4,3,1,0,0,2,2,2,0,6,0,0,0,,0,0,0.209633,0.0852999,0.317005,0.26908,0.281706,0.312543,0.268215,0.594249,0.102911,4.26364,0.300888,0,-0.0263623,1.58673,-0.773959,69.5934,-0.0263623,0.362295,-0.7573463171720505,0.2706279456615448,0.0163218,999,,,,,,,13.3,2.66,13.3,2.66,,,,,,,,,,,,,,,,,,,"Cristian Pache","19948",665506
"Anthony Seigler","BOS",4,19,16,4,2,1,0,0,2,2,2,0,4,0,0,0,,1,0,0.22911,0.119378,0.200165,0.596396,0.325637,0.354136,0.306349,0.679773,0.125026,5.5144,0.277699,0,0.0361119,2.10603,-0.152467,90.7055,0.0361119,-0.333142,-0.1698766015470028,-0.3488825112581253,0.0159548,999,,,,,,,17.2,4.3,17.2,4.3,,,,,,,,,,,,,,,,,,,"Anthony Seigler","23802",678011
"Nacho Alvarez Jr.","LAA",1,4,4,1,1,0,0,0,0,0,0,0,1,0,0,0,,0,0,0.236504,0.0823799,0.208238,0.395604,0.316514,0.326478,0.292574,0.642992,0.0899743,3.26451,0.293515,0,-0.00447995,0.424139,-0.0817224,84.1897,-0.00447995,0.0721682,-0.08296189643442631,0.08744600135833025,0.0158758,999,,,,,,,1.6,1.6,1.6,1.6,,,,,,,,,,,,,,,,,,,"Nacho Alvarez Jr.","31765",805373
"Michael Helman","TEX",1,6,5,1,1,0,0,0,1,1,0,0,1,0,0,0,,0,0,0.217803,0.0576173,0.231573,0.248808,0.275785,0.372302,0.285077,0.648086,0.154499,6.46912,0.25815,0,0.0129312,0.530995,-0.143487,81.5998,0.0129312,0.0412234,-0.10885302070528269,0.0615937914699316,0.0157404,999,,,,,,,0.6,0.6,0.6,0.6,,,,,,,,,,,,,,,,,,,"Michael Helman","24605",680737
"Christopher Morel","NYM",8,34,31,7,4,1,0,1,4,4,3,0,11,0,0,0,,1,0,0.218216,0.0883793,0.317308,0.278528,0.294762,0.396736,0.303706,0.691498,0.17852,4.7662,0.289868,0,-0.0473305,3.70068,-0.346217,93.3868,-0.0473305,-0.214604,-0.31987491250038147,-0.6423822641372681,0.0149434,999,,,,,,,31.4,3.925,31.4,3.925,,,,,,,,,,,,,,,,,,,"Christopher Morel","21897",666624
"Ryan Mountcastle","BAL",2,7,7,2,1,0,0,0,1,1,0,0,2,0,0,0,,0,0,0.26075,0.0578885,0.245731,0.235577,0.30677,0.432535,0.32167,0.739305,0.171786,3.39783,0.317033,0,0.000659359,0.874376,0.0312732,107.099,0.000659359,0.0000313928,0.059388511755969375,-0.16802417137660086,0.0146231,748.0900268554688,,,,,,,4.2,2.1,4.2,2.1,,,,,,,,,,,,,,,,,,,"Ryan Mountcastle","18373",663624
"Mickey Gasper","BOS",3,12,10,2,2,1,0,0,1,1,1,0,2,0,0,0,,0,0,0.244613,0.0988061,0.171734,0.575342,0.332917,0.378306,0.318351,0.711223,0.133692,4.0763,0.279853,0,-0.0086477,1.39479,0.0198424,99.0557,-0.0086477,-0.0367857,-0.021388798020780087,-0.24666227772831917,0.0145825,999,,,,,,,7.1,2.366666666,7.1,2.366666666,,,,,,,,,,,,,,,,,,,"Mickey Gasper","24759",681508
"Ryan Ward","LAD",1,6,5,1,1,0,0,0,1,1,0,0,1,0,0,0,,0,0,0.227902,0.0782633,0.259157,0.301991,0.290692,0.432841,0.312879,0.723533,0.204939,4.83509,0.266155,0,-0.00467763,0.659019,-0.0154633,96.7864,-0.00467763,0.0555065,-0.026750829070806503,-0.015789829194545746,0.0145031,999,,,,,,,0.6,0.6,0.6,0.6,,,,,,,,,,,,,,,,,,,"Ryan Ward","27449",669899
"Drew Millas","WSN",2,6,6,1,1,0,0,0,1,1,1,0,1,0,0,0,,0,0,0.228155,0.0819791,0.198843,0.412281,0.296302,0.33568,0.28215,0.631982,0.107524,5.20747,0.274519,0,-0.00393934,0.573525,-0.173953,75.7035,-0.00393934,0.0016448,-0.18888460891321301,0.12510159495286644,0.0143765,999,,,,,,,2.6,1.3,2.6,1.3,,,,,,,,,,,,,,,,,,,"Drew Millas","25643",686452
"Kristian Campbell","BOS",4,16,14,3,2,1,0,0,2,2,2,0,4,0,0,0,,0,0,0.244399,0.0982143,0.258929,0.37931,0.335714,0.370672,0.317992,0.706386,0.126273,4.60803,0.324405,0,-0.0192696,1.93393,0.0229016,98.8063,-0.0192696,-0.00985507,-0.04165544733405113,-0.3928797645494342,0.0139503,746.1400146484375,,,,,,,11.7,2.925,11.7,2.925,,,,,,,,,,,,,,,,,,,"Kristian Campbell","33644",692225
"Nicky Lopez","TEX",17,73,65,15,13,2,1,0,6,5,5,0,11,1,1,1,,1,1,0.237222,0.0695547,0.155902,0.446145,0.29874,0.295016,0.269696,0.593756,0.0577937,4.70986,0.281477,0,-0.217046,5.86717,-2.73248,70.8989,-0.217046,-0.0565494,-2.6728135347366333,0.23372837528586388,0.0134687,999,,,,,,,47.6,2.8,47.6,2.8,,,,,,,,,,,,,,,,,,,"Nicky Lopez","19339",670032
"Jared Oliva",,1,3,3,1,0,0,0,0,0,0,0,0,1,0,0,0,,0,0,0.237065,0.0600648,0.223133,0.269188,0.296548,0.366548,0.29362,0.663096,0.129483,8.96008,0.292116,0,0.0299262,0.285168,-0.0520734,84.3627,0.0299262,0.0417716,-0.0227997787296772,0.05195674207061529,0.0128219,999,,,,,,,2.6,2.6,2.6,2.6,,,,,,,,,,,,,,,,,,,"Jared Oliva","19968",666931
"Jack Suwinski","TBR",1,3,3,1,0,0,0,0,0,1,0,0,1,0,0,0,,0,0,0.228856,0.119403,0.317697,0.375839,0.32906,0.467662,0.344864,0.796722,0.238806,5.15686,0.288793,0,0.00875714,0.415369,0.0679083,120.87,0.00875714,-0.0397538,0.07991687301546335,-0.07123532891273499,0.0114756,999,,,,,,,2.6,2.6,2.6,2.6,,,,,,,,,,,,,,,,,,,"Jack Suwinski","22244",669261
"Tanner Murray","CHW",1,4,4,1,1,0,0,0,0,0,0,0,1,0,0,0,,0,0,0.236818,0.0499954,0.230735,0.216679,0.281649,0.357262,0.281238,0.638911,0.120444,3.29307,0.291481,0,-0.00696389,0.396655,-0.124535,77.239,-0.00696389,0.05065,-0.12337273033335805,0.07688453048467636,0.0111467,999,,,,,,,1.6,1.6,1.6,1.6,,,,,,,,,,,,,,,,,,,"Tanner Murray","28848",695020
"Garrett Stubbs","PHI",2,8,7,2,1,0,0,0,1,1,1,0,2,0,0,0,,0,0,0.218387,0.0750495,0.238214,0.315051,0.290348,0.319891,0.273818,0.610239,0.101504,5.38959,0.276494,0,-0.0159251,0.65712,-0.267885,68.5116,-0.0159251,0.013631,-0.31254216097295284,0.16640880052000284,0.0109402,999,,,,,,,7.2,3.6,7.2,3.6,,,,,,,,,,,,,,,,,,,"Garrett Stubbs","18067",596117
"Jeremiah Jackson","BAL",3,11,11,3,2,1,0,0,1,2,0,0,3,0,0,0,,0,0,0.236604,0.0429296,0.223286,0.192263,0.27357,0.389005,0.288212,0.662575,0.152401,3.55064,0.275143,0,-0.0198491,1.09086,-0.258103,83.8204,-0.0198491,-0.0430043,-0.23402274027466774,-0.06337467208504677,0.0107987,999,,,,,,,8.7,2.9,8.7,2.9,,,,,,,,,,,,,,,,,,,"Jeremiah Jackson","22239",669236
"Lourdes Gurriel Jr.","ARI",18,78,72,18,12,4,0,2,8,10,4,0,13,1,1,0,,1,0,0.255038,0.0569361,0.164559,0.345992,0.303844,0.399248,0.307617,0.703093,0.144211,3.89202,0.282068,0,-0.0110746,8.72835,-0.545782,91.7878,-0.0110746,0.00569374,-0.7866682717576623,-1.6493988535366952,0.0107071,689.0700073242188,,,,,,,76.1,4.227777777,76.1,4.227777777,,,,,,,,,,,,,,,,,,,"Lourdes Gurriel Jr.","19238",666971
"David Fry","CLE",7,28,25,5,3,1,0,1,3,3,3,0,8,0,0,0,,0,0,0.204486,0.0999513,0.280285,0.356607,0.294173,0.364591,0.292633,0.658763,0.160105,3.32667,0.256861,0,-0.0078302,2.8047,-0.538802,86.6324,-0.0078302,-0.0366853,-0.4464149456471205,-0.4542779177427292,0.0100903,999,,,,,,,24.3,3.471428571,24.3,3.471428571,,,,,,,,,,,,,,,,,,,"David Fry","24934",681807
"Grant McCray","SFG",2,10,9,2,1,0,0,0,1,1,1,0,3,0,0,0,,0,0,0.220916,0.0835578,0.298642,0.279793,0.291899,0.356266,0.288179,0.648166,0.13535,7.57235,0.303338,0,0.0350877,0.983153,-0.232959,82.0829,0.0350877,-0.022656,-0.1868046410381794,-0.04889061488211155,0.00994126,999,,,,,,,5.2,2.6,5.2,2.6,,,,,,,,,,,,,,,,,,,"Grant McCray","25690",687529
"Nelson Rada","LAA",1,6,5,1,1,0,0,0,1,0,1,0,1,0,0,0,,0,0,0.244701,0.0916667,0.238333,0.384615,0.329372,0.300578,0.290298,0.62995,0.0558767,5.69297,0.329787,0,0.00484219,0.555037,-0.119446,82.6059,0.00484219,0.0227586,-0.11028298968449235,0.0023882482200860977,0.00955906,999,,,,,,,3.6,3.6,3.6,3.6,,,,,,,,,,,,,,,,,,,"Nelson Rada","sa3018421",703185
"Joey Loperfido","HOU",1,3,3,1,0,0,0,0,0,0,0,0,1,0,0,0,,0,0,0.242039,0.0777248,0.277155,0.280439,0.311503,0.391055,0.309199,0.702558,0.149016,5.52688,0.32089,0,-0.00157867,0.321036,-0.0162048,97.5385,-0.00157867,0.030712,-0.009724530973471701,0.00015648454427719116,0.00930371,746.02001953125,,,,,,,2.6,2.6,2.6,2.6,,,,,,,,,,,,,,,,,,,"Joey Loperfido","29630",694388
"Mitch Garver","NYY",1,4,3,1,0,0,0,0,0,0,0,0,1,0,0,0,,0,0,0.1925,0.121089,0.305421,0.396466,0.298514,0.33525,0.286722,0.633764,0.14275,3.65083,0.254979,0,-0.000046092,0.380496,-0.0960215,82.4624,-0.000046092,-0.0487144,-0.08205230057137669,0.029989276081323624,0.00921676,999,,,,,,,2.6,2.6,2.6,2.6,,,,,,,,,,,,,,,,,,,"Mitch Garver","15161",641598
"Cam Cauley","TEX",5,23,21,5,3,1,0,1,3,2,2,0,7,0,0,0,,1,0,0.218175,0.0669538,0.309832,0.216097,0.273485,0.371121,0.282746,0.644606,0.152946,7.33328,0.298863,0,0.0335785,2.08104,-0.616889,79.9777,0.0335785,-0.316623,-0.49650052934885025,-0.22495660185813904,0.00868509,999,,,,,,,27.2,5.44,27.2,5.44,,,,,,,,,,,,,,,,,,,"Cam Cauley","29710",695508
"Willie MacIver","SEA",0,1,1,0,0,0,0,0,0,0,0,0,0,0,0,0,,0,0,0.232787,0.0843023,0.264535,0.318681,0.309038,0.370492,0.302309,0.67953,0.137705,5.03866,0.301435,0,0.000472216,0.139508,-0.0146594,98.7997,0.000472216,0.005625,-0.0013436851440928876,0.03108796291053295,0.00773125,999,,,,,,,-1,,-1,,,,,,,,,,,,,,,,,,,,"Willie MacIver","24641",680862
"Rodolfo Durán","SDP",1,3,2,1,0,0,0,0,0,0,0,0,1,0,0,0,,0,0,0.215906,0.0603457,0.24662,0.244691,0.270086,0.37073,0.281593,0.640816,0.154824,3.90409,0.259909,0,-0.000109208,0.235408,-0.072927,78.9932,-0.000109208,0.00609646,-0.06606969000858953,0.057022381108254194,0.00769019,999,,,,,,,3.6,3.6,3.6,3.6,,,,,,,,,,,,,,,,,,,"Rodolfo Duran","20958",660710
"Jorge Barrosa","ARI",2,9,8,2,1,0,0,0,1,1,1,0,2,0,0,0,,0,0,0.222259,0.0851961,0.234763,0.362903,0.293852,0.337662,0.282032,0.631514,0.115404,5.21036,0.284873,0,-0.0125891,0.775463,-0.236261,74.6354,-0.0125891,0.0998031,-0.27392052207142115,0.06924757920205593,0.00739473,999,,,,,,,6.2,3.1,6.2,3.1,,,,,,,,,,,,,,,,,,,"Jorge Barrosa","23968",678489
"Colby Thomas","PHI",1,4,4,1,1,0,0,0,1,1,0,0,1,0,0,0,,0,0,0.237824,0.0540573,0.301156,0.1795,0.293464,0.418564,0.310669,0.712028,0.18074,4.94102,0.31254,0,-0.00611093,0.486633,-0.0192287,93.2172,-0.00611093,0.0201789,-0.041052624117583036,-0.025654442608356476,0.00732955,748.5900268554688,,,,,,,1.6,1.6,1.6,1.6,,,,,,,,,,,,,,,,,,,"Colby Thomas","31855",687515
"Ralphy Velazquez","CLE",2,9,8,2,1,0,0,0,1,1,1,0,2,0,0,0,,0,0,0.235741,0.0665499,0.23993,0.277372,0.292469,0.418251,0.309,0.71072,0.18251,4.08559,0.282258,0,-0.0217579,0.961736,-0.0499877,98.0195,-0.0217579,-0.026597,-0.041420625522732735,-0.18955997377634048,0.00729038,999,,,,,,,6.2,3.1,6.2,3.1,,,,,,,,,,,,,,,,,,,"Ralphy Velazquez","sa3023013",806252
"Matt Vierling","DET",4,18,16,4,2,1,0,0,2,2,1,0,4,0,0,0,,0,0,0.235412,0.0750722,0.207043,0.362593,0.295307,0.377213,0.295322,0.67252,0.141801,5.10328,0.277929,0,-0.0169758,1.78708,-0.297681,87.0443,-0.0169758,-0.124814,-0.2820170447230339,-0.2717271149158478,0.00709303,999,,,,,,,12.3,3.075,12.3,3.075,,,,,,,,,,,,,,,,,,,"Matt Vierling","21558",663837
"Santiago Espinal","ARI",2,7,7,2,1,0,0,0,1,1,0,0,1,0,0,0,,0,0,0.247125,0.0634461,0.132957,0.477193,0.297539,0.332481,0.281464,0.63002,0.0853565,3.21864,0.275428,0,-0.00622285,0.642946,-0.200157,74.2541,-0.00622285,0.0296765,-0.2272723033092916,0.06532460823655128,0.00704032,999,,,,,,,4.2,2.1,4.2,2.1,,,,,,,,,,,,,,,,,,,"Santiago Espinal","19997",669289
"Brewer Hicklen","ATL",1,3,3,1,0,0,0,0,0,0,0,0,1,0,0,0,,0,0,0.219015,0.0913072,0.353922,0.257987,0.307415,0.389522,0.308397,0.696937,0.170507,6.91605,0.320569,0,0.0150363,0.31919,-0.0180508,92.8163,0.0150363,0.0162014,-0.009634899906814098,-0.014354120939970016,0.00697441,999,,,,,,,2.6,2.6,2.6,2.6,,,,,,,,,,,,,,,,,,,"Brewer Hicklen","20450",676551
"Rece Hinds","BAL",2,7,7,2,1,0,0,0,1,1,0,0,3,0,0,0,,0,0,0.233045,0.0597818,0.351486,0.170083,0.28578,0.422505,0.30651,0.708285,0.18946,6.42329,0.330274,0,0.00289822,0.787116,-0.0559871,96.5514,0.00289822,-0.0413441,-0.0256328706163913,-0.15847376734018326,0.00692932,999,,,,,,,4.2,2.1,4.2,2.1,,,,,,,,,,,,,,,,,,,"Rece Hinds","27493",677956
"Adael Amador","COL",2,7,6,2,1,0,0,0,1,1,1,0,1,0,0,0,,0,0,0.246893,0.100676,0.170416,0.590766,0.329184,0.374414,0.314657,0.703599,0.127521,4.56892,0.280629,0,-0.0090153,0.85928,-0.00937147,84.0288,-0.0090153,-0.0466577,-0.1502965884283185,-0.020423125475645065,0.0068597,999,,,,,,,8.2,4.1,8.2,4.1,,,,,,,,,,,,,,,,,,,"Adael Amador","27962",691182
"Tyler Callihan","PIT",2,7,6,1,1,0,0,0,1,1,1,0,2,0,0,0,,0,0,0.228109,0.0754117,0.287358,0.262431,0.292044,0.363112,0.290003,0.655156,0.135003,6.28074,0.309849,0,0.00850284,0.671129,-0.146425,79.0936,0.00850284,0.00185499,-0.16555613093078136,0.006793257547542453,0.00665136,999,,,,,,,2.6,1.3,2.6,1.3,,,,,,,,,,,,,,,,,,,"Tyler Callihan","27497",682997
"Eric Haase",,1,4,4,1,0,0,0,0,0,0,0,0,1,0,0,0,,0,0,0.21345,0.0664181,0.324085,0.204941,0.269657,0.359649,0.277755,0.629306,0.146199,2.38005,0.289553,0,-0.00172704,0.340991,-0.121511,73.5292,-0.00172704,-0.0197903,-0.12413356313481927,0.05659855343401432,0.00662316,999,,,,,,,1.6,1.6,1.6,1.6,,,,,,,,,,,,,,,,,,,"Eric Haase","14111",606992
"Jorge Soler",,7,29,25,5,3,1,0,1,3,4,3,0,9,0,0,0,,0,0,0.213951,0.102701,0.302934,0.33902,0.303729,0.399153,0.309815,0.702881,0.185202,1.59833,0.273959,0,-0.0345009,3.22456,-0.14785,95.4216,-0.0345009,0,-0.1888769380748272,-0.7129629850387573,0.00655857,634.8099975585938,,,,,,,24.3,3.471428571,24.3,3.471428571,,,,,,,,,,,,,,,,,,,"Jorge Soler","14221",624585
"Parker Meadows","DET",0,1,1,0,0,0,0,0,0,0,0,0,0,0,0,0,,0,0,0.233559,0.0908681,0.246998,0.367891,0.307773,0.385213,0.305488,0.692986,0.151654,6.9453,0.29474,0,0.00331885,0.160981,-0.0127496,94.1169,0.00331885,0.0117,-0.006710726534947753,0.016946959774941206,0.00633881,745.6900024414062,,,,,,,-1,,-1,,,,,,,,,,,,,,,,,,,,"Parker Meadows","23800",678009
"Will Wagner","SDP",1,3,2,1,0,0,0,0,0,0,0,0,0,0,0,0,,0,0,0.251185,0.106428,0.173301,0.614124,0.336922,0.357446,0.312361,0.694367,0.106261,3.17034,0.296391,0,-0.00581779,0.328316,-0.00892507,99.6199,-0.00581779,0.00356111,-0.00712321512401104,-0.026994447223842144,0.00594186,999,,,,,,,3.6,3.6,3.6,3.6,,,,,,,,,,,,,,,,,,,"Will Wagner","29634",695238
"Dalton Rushing","LAD",1,3,2,1,0,0,0,0,0,0,0,0,1,0,0,0,,0,0,0.235381,0.101917,0.282318,0.361001,0.329505,0.432024,0.334768,0.761528,0.196643,2.84506,0.295611,0,-0.00280761,0.379907,0.0426654,111.461,-0.00280761,0,0.036552781937643886,-0.07129629701375961,0.00587806,745.8300170898438,,,,,,,3.6,3.6,3.6,3.6,,,,,,,,,,,,,,,,,,,"Dalton Rushing","31382",687221
"Bryan Lavastida","ATH",1,3,2,1,0,0,0,0,0,0,0,0,1,0,0,0,,0,0,0.225519,0.0773333,0.224,0.345238,0.296791,0.353116,0.289049,0.649907,0.127596,5.68896,0.275304,0,0.00198511,0.251102,-0.057233,80.0685,0.00198511,-0.0276774,-0.05832068505696952,0.02324850484728813,0.00582266,999,,,,,,,3.6,3.6,3.6,3.6,,,,,,,,,,,,,,,,,,,"Bryan Lavastida","24765",681526
"Carlos Pérez","DET",0,1,1,0,0,0,0,0,0,0,0,0,0,0,0,0,,0,0,0.219444,0.079602,0.211443,0.376471,0.291045,0.4,0.303006,0.691045,0.180556,1.97098,0.242424,0,-0.00153164,0.144491,-0.0143485,92.3899,-0.00153164,-0.00528155,-0.013393257278949022,0.020953013561666012,0.00561208,999,,,,,,,-1,,-1,,,,,,,,,,,,,,,,,,,,"Carlos Perez","10642",542208
"Ivan Johnson","CIN",4,16,14,3,2,1,0,0,2,2,1,0,5,0,0,0,,0,0,0.206317,0.0893049,0.336055,0.265745,0.287273,0.349754,0.28464,0.637026,0.143437,6.27655,0.295797,0,0.0288414,1.45471,-0.400118,72.5465,0.0288414,0.142724,-0.48972216807305813,0.03577941656112671,0.00553315,999,,,,,,,8.7,2.175,8.7,2.175,,,,,,,,,,,,,,,,,,,"Ivan Johnson","27593",671155
"Max Anderson","DET",0,1,1,0,0,0,0,0,0,0,0,0,0,0,0,0,,0,0,0.252016,0.047081,0.177024,0.265957,0.293785,0.403226,0.301975,0.697011,0.15121,3.59851,0.28133,0,-0.00284984,0.156814,-0.016916,91.6729,-0.00284984,0.0140317,-0.01704581663943827,0.019278659019619226,0.00552292,999,,,,,,,-1,,-1,,,,,,,,,,,,,,,,,,,,"Max Anderson","sa3022567",801194
"Nolan Jones","SEA",0,1,1,0,0,0,0,0,0,0,0,0,0,0,0,0,,0,0,0.240409,0.105618,0.298876,0.353383,0.326577,0.378517,0.313164,0.705093,0.138107,4.75657,0.336,0,-0.00146787,0.165083,-0.00353742,106.352,-0.00146787,0.00792,0.009042280842550099,-0.007357778027653694,0.00531128,999,,,,,,,-1,,-1,,,,,,,,,,,,,,,,,,,,"Nolan Jones","20529",666134
"Kenny Piper","TBR",0,1,1,0,0,0,0,0,0,0,0,0,0,0,0,0,,0,0,0.18999,0.079862,0.311521,0.256362,0.271883,0.342772,0.274911,0.614656,0.152782,5.85981,0.248826,0,0.00370948,0.114024,-0.0448152,72.2014,0.00370948,0.0179378,-0.039619418792426586,0.04417240619659424,0.00530556,999,,,,,,,-1,,-1,,,,,,,,,,,,,,,,,,,,"Kenny Piper","29962",700652
"Carlos Santana",,2,9,8,2,1,0,0,0,1,1,1,0,2,0,0,0,,0,0,0.219545,0.110772,0.189056,0.585921,0.309809,0.344043,0.294181,0.653852,0.124498,3.07631,0.252074,0,0.00312002,0.859374,-0.152349,84.7454,0.00312002,0.0656162,-0.15118726808577776,-0.08716162294149399,0.00525046,999,,,,,,,6.2,3.1,6.2,3.1,,,,,,,,,,,,,,,,,,,"Carlos Santana","2396",467793
"Jeferson Quero","MIL",0,1,1,0,0,0,0,0,0,0,0,0,0,0,0,0,,0,0,0.230008,0.0755873,0.197967,0.381818,0.293351,0.372987,0.294933,0.666338,0.142978,2.97772,0.259401,0,-0.000148653,0.131744,-0.0224232,84.9969,-0.000148653,0.00595605,-0.023703130791545846,0.031419011764228344,0.00509283,999,,,,,,,-1,,-1,,,,,,,,,,,,,,,,,,,,"Jeferson Quero","28272",691620
"Gabriel Gonzalez","MIN",0,1,1,0,0,0,0,0,0,0,0,0,0,0,0,0,,0,0,0.273217,0.0623963,0.17532,0.355899,0.330463,0.420319,0.329721,0.750782,0.147103,3.86038,0.316546,0,-0.00253388,0.184144,0.0155232,110.461,-0.00253388,-0.00134672,0.014776259195059538,-0.01662450155708939,0.00495114,999,,,,,,,-1,,-1,,,,,,,,,,,,,,,,,,,,"Gabriel Gonzalez","28833",694224
"Bo Naylor","MIL",0,1,1,0,0,0,0,0,0,0,0,0,0,0,0,0,,0,0,0.207955,0.102936,0.237025,0.434281,0.291941,0.382111,0.297463,0.674051,0.174155,3.16665,0.241226,0,-0.00207026,0.134408,-0.0197599,86.6934,-0.00207026,0.00220204,-0.02296140301041305,0.02766500529833138,0.00478575,574.2899780273438,,,,,,,-1,,-1,,,,,,,,,,,,,,,,,,,,"Bo Naylor","21865",666310
"Oliver Dunn","TBR",0,1,1,0,0,0,0,0,0,0,0,0,0,0,0,0,,0,0,0.215065,0.0906223,0.335885,0.269802,0.295455,0.344104,0.28666,0.639559,0.12904,6.09452,0.319593,0,0.00243525,0.138649,-0.0350816,80.3754,0.00243525,0.0170754,-0.03102065739221871,0.02232234599068761,0.00440856,999,,,,,,,-1,,-1,,,,,,,,,,,,,,,,,,,,"Oliver Dunn","26295",686554
"Wenceel Pérez","DET",1,6,5,1,1,0,0,0,1,1,0,0,1,0,0,0,,0,0,0.224043,0.079486,0.206695,0.384557,0.290122,0.377027,0.29434,0.667149,0.152984,6.19649,0.259118,0,-0.0000117481,0.591034,-0.103887,86.3609,-0.0000117481,-0.0104535,-0.09301911892453063,-0.07341647334396839,0.00421419,748.5399780273438,,,,,,,0.6,0.6,0.6,0.6,,,,,,,,,,,,,,,,,,,"Wenceel Perez","22857",672761
"Kameron Misner","PHI",0,1,1,0,0,0,0,0,0,0,0,0,0,0,0,0,,0,0,0.217847,0.106392,0.31504,0.337709,0.305039,0.365504,0.299051,0.670543,0.147657,6.6135,0.308782,0,0.00440618,0.148835,-0.0197852,85.4278,0.00440618,0.0102519,-0.020616651512682438,0.015344508457928896,0.0041725,999,,,,,,,-1,,-1,,,,,,,,,,,,,,,,,,,,"Kameron Misner","26374",670224
"Owen Ayers","CHC",0,1,1,0,0,0,0,0,0,0,0,0,0,0,0,0,,0,0,0.225366,0.0796035,0.242987,0.327604,0.294746,0.357859,0.289936,0.652605,0.132492,4.48361,0.278844,0,-0.000150191,0.126484,-0.0276831,82.6687,-0.000150191,0,-0.02735991963709239,0.025462962687015533,0.00411287,999,,,,,,,-1,,-1,,,,,,,,,,,,,,,,,,,,"Owen Ayers","sa3025449",689196
"Jack Winkler","ATH",1,3,3,1,0,0,0,0,0,0,0,0,1,0,0,0,,0,0,0.202632,0.0647482,0.285372,0.226891,0.264423,0.305263,0.256039,0.569686,0.102632,6.02897,0.272374,0,0.0130112,0.198641,-0.1386,57.1025,0.0130112,0.037125,-0.12895014323294163,0.06768055818974972,0.00403308,999,,,,,,,2.6,2.6,2.6,2.6,,,,,,,,,,,,,,,,,,,"Jack Winkler","29830",676466
"César Prieto","STL",2,7,6,2,1,0,0,0,1,1,0,0,1,0,0,0,,0,0,0.250631,0.0442185,0.14907,0.296629,0.292254,0.35964,0.287903,0.651894,0.109009,3.90097,0.282809,0,-0.0298588,0.659407,-0.158148,81.6566,-0.0298588,-0.0368409,-0.1825792957097292,-0.0022730156779289246,0.00399172,999,,,,,,,5.2,2.6,5.2,2.6,,,,,,,,,,,,,,,,,,,"Cesar Prieto","30163",693409
"DaShawn Keirsey Jr.","ATL",0,1,1,0,0,0,0,0,0,0,0,0,0,0,0,0,,0,0,0.238845,0.0647482,0.280576,0.230769,0.295673,0.362205,0.291024,0.657878,0.12336,7.74198,0.323077,0,0.00690397,0.139595,-0.0290254,81.1692,0.00690397,0.012925,-0.025431637652218342,0.01801759237423539,0.00395415,999,,,,,,,-1,,-1,,,,,,,,,,,,,,,,,,,,"DaShawn Keirsey Jr.","24496",680577
"Hyeseong Kim","LAD",1,3,3,1,0,0,0,0,0,0,0,0,1,0,0,0,,0,0,0.238592,0.0544927,0.287689,0.189415,0.28675,0.345719,0.280223,0.632469,0.107127,7.86123,0.324524,0,0.0253387,0.254321,-0.08292,74.8932,0.0253387,-0.00303244,-0.06088625453412533,0.0071527399122715,0.00394215,740.77001953125,,,,,,,2.6,2.6,2.6,2.6,,,,,,,,,,,,,,,,,,,"Hyeseong Kim","35322",808975
"Nelson Velázquez","HOU",1,4,4,1,0,0,0,0,1,1,0,0,1,0,0,0,,0,0,0.215521,0.0895853,0.285242,0.314068,0.290276,0.404814,0.303773,0.695091,0.189294,3.82759,0.260552,0,-0.00520617,0.462816,-0.043046,93.7636,-0.00520617,-0.0132368,-0.03616367373615503,-0.07944047544151545,0.00363359,748.5599975585938,,,,,,,1.6,1.6,1.6,1.6,,,,,,,,,,,,,,,,,,,"Nelson Velazquez","23359",676369
"Junior Perez","CHW",2,7,7,1,1,0,0,0,1,1,1,0,3,0,0,0,,0,0,0.204756,0.091176,0.351639,0.259289,0.280988,0.364114,0.285115,0.645102,0.159358,5.71835,0.296102,0,0.00539523,0.684085,-0.184567,79.9363,0.00539523,-0.000737112,-0.16562706185504794,-0.05845316132763401,0.003633,999,,,,,,,1.6,0.8,1.6,0.8,,,,,,,,,,,,,,,,,,,"Junior Perez","23989",678577
"Logan Driscoll","MIA",0,1,1,0,0,0,0,0,0,0,0,0,0,0,0,0,,0,0,0.225366,0.0796035,0.242987,0.327604,0.294746,0.357859,0.289936,0.652605,0.132492,4.48361,0.278844,0,-0.000150191,0.126484,-0.0276831,79.5825,-0.000150191,0,-0.032205270617851056,0.025462962687015533,0.00361892,999,,,,,,,-1,,-1,,,,,,,,,,,,,,,,,,,,"Logan Driscoll","25475",686482
"Tim Tawa","ARI",24,106,95,21,14,4,0,3,11,12,8,0,26,1,1,1,,2,1,0.225008,0.079362,0.248463,0.319412,0.290282,0.365679,0.290441,0.655961,0.140671,4.28832,0.277154,0,-0.114216,10.2804,-2.1975,80.2731,-0.114216,0.468265,-2.6209206357598305,-0.764142245054245,0.00345259,748.489990234375,,,,,,,90.4,3.766666666,90.4,3.766666666,,,,,,,,,,,,,,,,,,,"Tim Tawa","29571",694374
"Maximo Acosta","MIA",1,3,3,1,0,0,0,0,0,0,0,0,1,0,0,0,,0,0,0.22833,0.075,0.242308,0.309524,0.290944,0.342495,0.282727,0.633439,0.114165,5.53543,0.286136,0,-0.00202725,0.260087,-0.0771542,74.7497,-0.00202725,0.00964615,-0.08874522475525737,0.03001652378588915,0.00343293,999,,,,,,,2.6,2.6,2.6,2.6,,,,,,,,,,,,,,,,,,,"Maximo Acosta","27963",691185
"Jett Williams","MIL",0,1,1,0,0,0,0,0,0,0,0,0,0,0,0,0,,0,0,0.228745,0.101604,0.270945,0.375,0.314286,0.396761,0.314016,0.711047,0.168016,7.30401,0.301205,0,0.0000501929,0.166064,-0.00255649,97.7906,0.0000501929,-0.0141069,-0.003743643181223888,-0.009014277253299952,0.00340938,999,,,,,,,-1,,-1,,,,,,,,,,,,,,,,,,,,"Jett Williams","sa3020134",702518
"Luis Vázquez","BAL",0,1,1,0,0,0,0,0,0,0,0,0,0,0,0,0,,0,0,0.235821,0.0592992,0.247978,0.23913,0.29235,0.358209,0.288501,0.650559,0.122388,3.93373,0.298319,0,-0.00424108,0.136691,-0.0319296,84.0218,-0.00424108,0.00856731,-0.03067952860146761,0.013659900519996881,0.00340452,999,,,,,,,-1,,-1,,,,,,,,,,,,,,,,,,,,"Luis Vazquez","23442",676679
"Rikuu Nishida","CHW",0,1,1,0,0,0,0,0,0,0,0,0,0,0,0,0,,0,0,0.240409,0.0931518,0.155818,0.597826,0.325868,0.275034,0.279747,0.600903,0.0346252,6.07539,0.291276,0,0.000100652,0.13045,-0.0432801,76.2017,0.000100652,0.0164245,-0.04047060139419045,0.02167142601683736,0.00337885,999,,,,,,,-1,,-1,,,,,,,,,,,,,,,,,,,,"Rikuu Nishida","33795",807747
"Zach Dezenzo","HOU",1,4,4,1,1,0,0,0,1,0,0,0,1,0,0,0,,0,0,0.238943,0.075107,0.315345,0.238174,0.301475,0.384549,0.30305,0.686024,0.145606,4.19822,0.331169,0,0.00126725,0.460319,-0.045543,93.2605,0.00126725,-0.0300719,-0.032187346019782126,-0.08609040826559067,0.00336103,999,,,,,,,1.6,1.6,1.6,1.6,,,,,,,,,,,,,,,,,,,"Zach Dezenzo","31562",701305
"Kevin Alcántara","CHC",2,10,9,2,1,0,0,0,1,1,1,0,3,0,0,0,,0,0,0.235413,0.0761176,0.327749,0.232244,0.296895,0.36953,0.295161,0.666425,0.134117,4.01894,0.334678,0,-0.0152839,1.01051,-0.169838,86.1721,-0.0152839,-0.0242797,-0.1814976166933775,-0.11085380800068378,0.00316645,999,,,,,,,5.2,2.6,5.2,2.6,,,,,,,,,,,,,,,,,,,"Kevin Alcantara","25971",682634
"Oswaldo Cabrera","NYY",0,1,1,0,0,0,0,0,0,0,0,0,0,0,0,0,,0,0,0.228127,0.0799165,0.213886,0.373641,0.294144,0.349319,0.286951,0.643464,0.121192,4.69905,0.27343,0,-0.001034,0.138994,-0.0347362,82.6217,-0.001034,0.0036308,-0.03066044009756297,0.008877715328708291,0.00307469,999,,,,,,,-1,,-1,,,,,,,,,,,,,,,,,,,,"Oswaldo Cabrera","21707",665828
"Nate Eaton","BOS",0,1,1,0,0,0,0,0,0,0,0,0,0,0,0,0,,0,0,0.238824,0.0691911,0.24834,0.278614,0.302192,0.381416,0.302024,0.683607,0.142591,6.4384,0.303234,0,0.00374471,0.156872,-0.0168581,87.6964,0.00374471,0.0110363,-0.01723042270168662,-0.0047044046223163605,0.00305919,999,,,,,,,-1,,-1,,,,,,,,,,,,,,,,,,,,"Nate Eaton","25055",681987
"Andrew Pinckney","WSN",9,40,36,9,6,1,0,1,5,5,2,0,13,1,0,0,,1,0,0.239561,0.0609293,0.312852,0.194754,0.300037,0.363671,0.294785,0.663709,0.12411,6.57449,0.334144,0,0.0764092,4.04734,-0.69448,84.1741,0.0764092,-0.270544,-0.6878030672669411,-0.5816550254821777,0.00303705,999,,,,,,,37.6,4.177777777,37.6,4.177777777,,,,,,,,,,,,,,,,,,,"Andrew Pinckney","33357",687605
"Bryce Johnson","SDP",0,1,1,0,0,0,0,0,0,0,0,0,0,0,0,0,,0,0,0.2276,0.0832381,0.277865,0.299563,0.304445,0.320243,0.283079,0.624688,0.0926438,6.61765,0.318127,0,0.0048628,0.130449,-0.0381721,79.989,0.0048628,0.00635059,-0.029499466065317392,0.01144317863509059,0.00286924,999,,,,,,,-1,,-1,,,,,,,,,,,,,,,,,,,,"Bryce Johnson","20002",669369
"Jack Brannigan","PIT",0,1,1,0,0,0,0,0,0,0,0,0,0,0,0,0,,0,0,0.216039,0.0772763,0.317887,0.243094,0.290722,0.349264,0.28591,0.639986,0.133224,6.18074,0.304866,0,0.00270539,0.129656,-0.033855,76.3491,0.00270539,0.0036216,-0.03667635377496481,0.01843641884624958,0.0027078,999,,,,,,,-1,,-1,,,,,,,,,,,,,,,,,,,,"Jack Brannigan","31471",687394
"Tim Elko","CHW",1,4,4,1,1,0,0,0,0,1,0,0,2,0,0,0,,0,0,0.233684,0.0568627,0.34902,0.162921,0.282353,0.389474,0.294538,0.671827,0.155789,3.12979,0.330961,0,-0.0016501,0.443981,-0.07721,86.4923,-0.0016501,0.0180968,-0.07073349761776626,-0.060606926679611206,0.00249661,999,,,,,,,1.6,1.6,1.6,1.6,,,,,,,,,,,,,,,,,,,"Tim Elko","31522",671284
"Jair Camargo","ATL",0,1,1,0,0,0,0,0,0,0,0,0,0,0,0,0,,0,0,0.21424,0.0494504,0.37822,0.130745,0.259539,0.357922,0.269586,0.617461,0.143682,3.75358,0.32008,0,-0.00137766,0.105066,-0.0491013,66.7972,-0.00137766,0.00988218,-0.0535053905332461,0.03534514643251896,0.00245494,999,,,,,,,-1,,-1,,,,,,,,,,,,,,,,,,,,"Jair Camargo","21730",665856
"Ronny Simon","PIT",3,12,11,3,2,1,0,0,2,1,1,0,2,0,0,0,,0,0,0.255419,0.0797802,0.185847,0.429278,0.318489,0.36953,0.30597,0.688018,0.11411,6.00214,0.303772,0,0.00453612,1.36845,-0.103151,89.7978,0.00453612,-0.000838705,-0.14835553197190166,-0.23293746338458732,0.00223484,999,,,,,,,11.7,3.9,11.7,3.9,,,,,,,,,,,,,,,,,,,"Ronny Simon","25346",682927
"Joey Wiemer","CHW",0,1,1,0,0,0,0,0,0,0,0,0,0,0,0,0,,0,0,0.217289,0.0915058,0.303624,0.301378,0.297156,0.359659,0.29227,0.656814,0.142369,5.32362,0.296396,0,0.000995275,0.145303,-0.0284275,84.914,0.000995275,0.0103516,-0.024723352631554008,-0.005389129742980003,0.00222553,999,,,,,,,-1,,-1,,,,,,,,,,,,,,,,,,,,"Joey Wiemer","27690",686894
"Chad Wallach","ATH",0,1,1,0,0,0,0,0,0,0,0,0,0,0,0,0,,0,0,0.208333,0.0786517,0.314607,0.25,0.278196,0.345833,0.277751,0.624029,0.1375,2.52573,0.284768,0,-0.00351825,0.11366,-0.0405075,72.2084,-0.00351825,-0.00738158,-0.04556220397353172,0.01808138331398368,0.00189753,999,,,,,,,-1,,-1,,,,,,,,,,,,,,,,,,,,"Chad Wallach","17161",595453
"Seaver King","WSN",6,25,23,5,4,1,0,0,3,2,1,0,6,0,0,0,,1,0,0.229084,0.0462107,0.238447,0.193798,0.271028,0.306773,0.257121,0.577801,0.0776892,6.52161,0.296496,0,0.0602205,1.75533,-1.18786,58.9239,0.0602205,0.113386,-1.1709260381758213,0.38005250692367554,0.00158597,999,,,,,,,12.8,2.133333333,12.8,2.133333333,,,,,,,,,,,,,,,,,,,"Seaver King","sa3025414",814409
"Tsung-Che Cheng","BOS",0,1,1,0,0,0,0,0,0,0,0,0,0,0,0,0,,0,0,0.218969,0.0925184,0.255259,0.362448,0.295731,0.311009,0.274793,0.606739,0.0920393,5.77292,0.29484,0,-0.00327216,0.124574,-0.0491565,68.7508,-0.00327216,0.00440882,-0.05654571368359029,0.02014955785125494,0.00158495,999,,,,,,,-1,,-1,,,,,,,,,,,,,,,,,,,,"Tsung-Che Cheng","28344",691907
"Collin Price","HOU",0,1,1,0,0,0,0,0,0,0,0,0,0,0,0,0,,0,0,0.198672,0.0798496,0.344906,0.231511,0.271267,0.341284,0.273153,0.61255,0.142611,3.64633,0.280909,0,-0.000865724,0.10882,-0.0453477,72.4598,-0.000865724,-0.0144077,-0.042529284895863384,0.011055308394134045,0.00149046,999,,,,,,,-1,,-1,,,,,,,,,,,,,,,,,,,,"Collin Price","31415",805672
"Gabriel Rincones Jr.","PHI",1,3,3,1,0,0,0,0,0,0,0,0,1,0,0,0,,0,0,0.212144,0.0927788,0.274238,0.338314,0.295876,0.36542,0.293292,0.661296,0.153277,5.0325,0.268987,0,0.000395548,0.284413,-0.0528286,81.5673,0.000395548,0.0153151,-0.06290832470403984,-0.01524047926068306,0.00145317,999,,,,,,,2.6,2.6,2.6,2.6,,,,,,,,,,,,,,,,,,,"Gabriel Rincones Jr.","31958",687282
"Edouard Julien","COL",0,1,1,0,0,0,0,0,0,0,0,0,0,0,0,0,,0,0,0.238187,0.136108,0.277625,0.490258,0.346033,0.362522,0.320303,0.708555,0.124336,4.20335,0.328038,0,-0.00311434,0.178553,0.00482242,87.814,-0.00311434,-0.0146848,-0.024673885200172663,-0.009437837172299623,0.00137523,746.0499877929688,,,,,,,-1,,-1,,,,,,,,,,,,,,,,,,,,"Edouard Julien","27534",666397
"Eric Wagaman","NYM",2,9,8,2,1,0,0,0,1,1,1,0,2,0,0,0,,0,0,0.246206,0.0683701,0.207077,0.330168,0.300301,0.392273,0.304358,0.692574,0.146067,3.66889,0.287911,0,-0.0144557,0.929672,-0.082051,93.8238,-0.0144557,-0.00230535,-0.0780886597931385,-0.1856386896688491,0.00137453,748.2100219726562,,,,,,,6.2,3.1,6.2,3.1,,,,,,,,,,,,,,,,,,,"Eric Wagaman","23395",676572
"Adrian Del Castillo","ARI",1,5,5,1,1,0,0,0,1,1,0,0,2,0,0,0,,0,0,0.220468,0.0787045,0.292096,0.269448,0.284943,0.368717,0.288076,0.65366,0.148249,3.3923,0.289694,0,-0.0028592,0.521458,-0.124118,78.6874,-0.0028592,-0.00115017,-0.1429744630586356,-0.021520538604818285,0.00126326,999,,,,,,,0.6,0.6,0.6,0.6,,,,,,,,,,,,,,,,,,,"Adrian Del Castillo","29554",680728
"Pavin Smith","ARI",0,1,1,0,0,0,0,0,0,0,0,0,0,0,0,0,,0,0,0.227199,0.118658,0.249668,0.475264,0.319121,0.380135,0.310694,0.699256,0.152936,3.84492,0.282628,0,-0.000864888,0.162239,-0.00638163,93.8503,-0.000864888,0.002443,-0.011424922209698707,-0.023019964806735516,0.00119854,999,,,,,,,-1,,-1,,,,,,,,,,,,,,,,,,,,"Pavin Smith","19892",656976
"C.J. Stubbs","TOR",0,1,1,0,0,0,0,0,0,0,0,0,1,0,0,0,,0,0,0.171756,0.0808081,0.434343,0.186047,0.263514,0.30916,0.260337,0.572674,0.137405,4.715,0.293651,0,-0.00233419,0.0924418,-0.0570539,63.5721,-0.00233419,-0.00237037,-0.05577334202826023,0.022320987656712532,0.00114638,999,,,,,,,-1,,-1,,,,,,,,,,,,,,,,,,,,"C.J. Stubbs","25814",667690
"Will Banfield","CIN",2,7,6,1,1,0,0,0,1,1,0,0,2,0,0,0,,0,0,0.214248,0.0441996,0.289307,0.152778,0.254148,0.334578,0.259336,0.588726,0.120331,2.35119,0.282281,0,-0.00676264,0.471387,-0.29945,55.5823,-0.00676264,0.0278833,-0.35543723311275244,0.15519807115197182,0.00111821,999,,,,,,,-0.4,-0.2,-0.4,-0.2,,,,,,,,,,,,,,,,,,,"Will Banfield","23790",677943
"Kahlil Watson","CLE",0,1,1,0,0,0,0,0,0,0,0,0,0,0,0,0,,0,0,0.221097,0.0768635,0.334722,0.229634,0.28937,0.384896,0.296954,0.674265,0.163798,6.29653,0.312475,0,0.00106652,0.146422,-0.0221988,89.6385,0.00106652,-0.00905191,-0.0160781336016953,-0.02432968281209469,0.00102024,999,,,,,,,-1,,-1,,,,,,,,,,,,,,,,,,,,"Kahlil Watson","29905",696135
"Chad Stevens","COL",0,1,1,0,0,0,0,0,0,0,0,0,0,0,0,0,,0,0,0.239243,0.0837832,0.299299,0.279932,0.312854,0.382291,0.308136,0.695145,0.143048,5.50871,0.330638,0,-0.00152828,0.164122,-0.00960854,79.6572,-0.00152828,-0.00719252,-0.03751877963077277,-0.0019456064328551292,0.000829557,999,,,,,,,-1,,-1,,,,,,,,,,,,,,,,,,,,"Chad Stevens","29614",677060
"José Barrero","BAL",0,1,1,0,0,0,0,0,0,0,0,0,0,0,0,0,,0,0,0.201166,0.0586667,0.349333,0.167939,0.261333,0.355685,0.272069,0.617018,0.154519,5.78796,0.280788,0,0.00142245,0.117774,-0.0508462,72.5895,0.00142245,-0.00380769,-0.04393252346199006,0.001284899888560176,0.000791912,999,,,,,,,-1,,-1,,,,,,,,,,,,,,,,,,,,"Jose Barrero","23378",676480
"Hayden Senger","NYM",0,1,1,0,0,0,0,0,0,0,0,0,0,0,0,0,,0,0,0.197932,0.0531933,0.304653,0.174603,0.257461,0.292796,0.248274,0.550257,0.0948645,3.69422,0.275633,0,-0.00245068,0.0826343,-0.0715331,56.2246,-0.00245068,0.0108085,-0.07117720181122422,0.036271460354328156,0.000747843,999,,,,,,,-1,,-1,,,,,,,,,,,,,,,,,,,,"Hayden Senger","21489",663584
"Yohandy Morales","WSN",3,14,13,3,2,1,0,0,2,2,1,0,4,0,0,0,,0,0,0.24359,0.0740741,0.296296,0.25,0.304094,0.371795,0.298487,0.675888,0.128205,4.46834,0.33657,0,-0.0181727,1.43697,-0.198144,86.6563,-0.0181727,0.075871,-0.24036182463169098,-0.2006722390651703,0.000711875,999,,,,,,,9.7,3.233333333,9.7,3.233333333,,,,,,,,,,,,,,,,,,,"Yohandy Morales","sa3022672",691002
"James Triantos","CHC",0,1,1,0,0,0,0,0,0,0,0,0,0,0,0,0,,0,0,0.238632,0.05595,0.160329,0.34897,0.287455,0.329972,0.275256,0.617427,0.0913405,6.5132,0.274854,0,0.00315004,0.121443,-0.0471772,72.8276,0.00315004,-0.00451368,-0.04350942908786237,0.0005789143033325672,0.000333483,999,,,,,,,-1,,-1,,,,,,,,,,,,,,,,,,,,"James Triantos","29795",701649
"Bryan De La Cruz","PHI",11,48,45,11,7,2,0,2,5,6,3,0,14,0,0,0,,0,0,0.243632,0.0590095,0.279186,0.211362,0.292489,0.392027,0.300055,0.684516,0.148394,2.94063,0.309936,0,-0.005589,5.09974,-0.633362,86.1015,-0.005589,-0.251515,-0.8170312596485019,-0.7505891919136047,0.000330249,999,,,,,,,50.2,4.563636363,50.2,4.563636363,,,,,,,,,,,,,,,,,,,"Bryan De La Cruz","19600",650559
"Gage Workman","SDP",1,6,5,1,1,0,0,0,1,1,0,0,2,0,0,0,,0,0,0.206539,0.0811807,0.39343,0.206341,0.274755,0.383143,0.288539,0.657897,0.176603,7.0215,0.317986,0,-0.00189279,0.546936,-0.127547,83.6493,-0.00189279,-0.0814805,-0.11420010309666395,-0.07129527349025011,-0.0000701685,999,,,,,,,0.6,0.6,0.6,0.6,,,,,,,,,,,,,,,,,,,"Gage Workman","27573",669398
"Christian Bethancourt","PIT",1,3,2,0,0,0,0,0,0,0,0,0,1,0,0,0,,0,0,0.201754,0.0409836,0.290984,0.140845,0.236515,0.337719,0.250961,0.574234,0.135965,4.02403,0.256579,0,-0.00033343,0.165745,-0.133246,52.9191,-0.00033343,0.00997403,-0.14368573008687235,0.05935674253851175,-0.00024526,999,,,,,,,-2,-2,-2,-2,,,,,,,,,,,,,,,,,,,"Christian Bethancourt","10028",542194
"Jared Serna","MIA",0,1,1,0,0,0,0,0,0,0,0,0,0,0,0,0,,0,0,0.225,0.0681818,0.191288,0.356436,0.288425,0.327083,0.275407,0.615508,0.102083,4.80892,0.26738,0,-0.00362313,0.121617,-0.0470036,69.8424,-0.00362313,0.00108197,-0.05540861841291189,0.0061745597049593925,-0.000309122,999,,,,,,,-1,,-1,,,,,,,,,,,,,,,,,,,,"Jared Serna","sa3015579",691858
"Scott Bandura","SFG",1,3,3,1,0,0,0,0,0,0,0,0,1,0,0,0,,0,0,0.227074,0.0803922,0.3,0.267974,0.298625,0.323144,0.280504,0.621769,0.0960699,6.74496,0.324503,0,0.00971877,0.262696,-0.0847645,76.938,0.00971877,0.00230508,-0.07188385725021362,-0.029176397249102592,-0.000597044,999,,,,,,,2.6,2.6,2.6,2.6,,,,,,,,,,,,,,,,,,,"Scott Bandura","sa3022699",814154
"Kemp Alderman","MIA",0,1,1,0,0,0,0,0,0,0,0,0,0,0,0,0,,0,0,0.25,0.0533333,0.262857,0.202899,0.295238,0.397541,0.302938,0.692779,0.147541,5.04817,0.315634,0,-0.00471585,0.153311,-0.0153095,88.2997,-0.00471585,-0.013,-0.024807229172438383,-0.028277777135372162,-0.000701701,999,,,,,,,-1,,-1,,,,,,,,,,,,,,,,,,,,"Kemp Alderman","sa3022562",694580
"Robert Hassell III","PIT",0,1,1,0,0,0,0,0,0,0,0,0,0,0,0,0,,0,0,0.243187,0.0711538,0.244231,0.291339,0.301158,0.337526,0.285469,0.638685,0.0943397,4.68565,0.314869,0,0.000674188,0.129164,-0.0343466,76.0539,0.000674188,-0.00242424,-0.039199169899802655,-0.01723905699327588,-0.00118627,999,,,,,,,-1,,-1,,,,,,,,,,,,,,,,,,,,"Robert Hassell III","27482",690987
"LuJames Groover","ARI",1,4,4,1,1,0,0,0,0,0,0,0,1,0,0,0,,0,0,0.248717,0.0767616,0.17943,0.427807,0.315202,0.356979,0.299937,0.672181,0.108261,1.96788,0.293057,0,-0.00899796,0.449569,-0.0562925,86.6393,-0.00899796,0.00241186,-0.07782568130642176,-0.07397703151218593,-0.00134539,999,,,,,,,1.6,1.6,1.6,1.6,,,,,,,,,,,,,,,,,,,"LuJames Groover","33552",694410
"Tommy Pham","PHI",1,3,3,1,0,0,0,0,0,0,0,0,1,0,0,0,,0,0,0.227077,0.0965757,0.246731,0.391421,0.304071,0.352947,0.293129,0.657018,0.125871,4.17364,0.284086,0,0.000120231,0.284036,-0.0532051,81.4577,0.000120231,-0.012752,-0.06356018681981368,-0.04330754745751619,-0.00147453,999,,,,,,,2.6,2.6,2.6,2.6,,,,,,,,,,,,,,,,,,,"Tommy Pham","2967",502054
"Tyler Freeman","COL",6,28,24,6,5,1,0,0,3,3,2,0,3,1,0,0,,1,0,0.258516,0.0649864,0.118445,0.548662,0.33941,0.347869,0.311982,0.687279,0.0893533,5.07874,0.286762,0,-0.0434637,3.20499,-0.0958865,82.2357,-0.0434637,-0.0989945,-0.6406074352562428,-0.28263647854328156,-0.00191749,745.8599853515625,,,,,,,23.4,3.9,23.4,3.9,,,,,,,,,,,,,,,,,,,"Tyler Freeman","22532",671289
"Eliezer Alfonzo","LAD",0,1,1,0,0,0,0,0,0,0,0,0,0,0,0,0,,0,0,0.225736,0.0427704,0.118202,0.361842,0.262036,0.308771,0.252578,0.570807,0.0830355,2.02415,0.243267,0,-0.00303124,0.0871643,-0.0670031,56.36,-0.00303124,-0.015598,-0.07154517457820475,0.00986494217067957,-0.00198164,999,,,,,,,-1,,-1,,,,,,,,,,,,,,,,,,,,"Eliezer Alfonzo","22741",672613
"Andrew Pintar","MIA",0,1,1,0,0,0,0,0,0,0,0,0,0,0,0,0,,0,0,0.222874,0.072,0.290667,0.247706,0.286096,0.325513,0.274197,0.611609,0.102639,5.79294,0.310044,0,0.00267043,0.120224,-0.0483963,69.0314,0.00267043,-0.0202258,-0.05050769541412592,-0.015133213717490435,-0.00198169,999,,,,,,,-1,,-1,,,,,,,,,,,,,,,,,,,,"Andrew Pintar","sa3020715",801464
"Jhostynxon Garcia","PIT",1,6,5,1,1,0,0,0,1,1,0,0,2,0,0,0,,0,0,0.230435,0.0624165,0.285382,0.218712,0.287143,0.375425,0.291896,0.662569,0.144991,5.3448,0.302324,0,-0.00257481,0.545354,-0.10869,80.3624,-0.00257481,-0.0276355,-0.13337132753804326,-0.06714166700839996,-0.00217202,999,,,,,,,0.6,0.6,0.6,0.6,,,,,,,,,,,,,,,,,,,"Jhostynxon Garcia","28142",691373
"Trey Lipscomb","WSN",2,8,8,2,1,0,0,0,1,1,0,0,2,0,0,0,,0,0,0.24026,0.0546559,0.204453,0.267327,0.283976,0.337662,0.275172,0.621638,0.0974026,4.2127,0.292135,0,-0.0110558,0.706015,-0.27505,71.0255,-0.0110558,0.0195,-0.30053336452692747,0.009623456746339798,-0.00225291,999,,,,,,,3.2,1.6,3.2,1.6,,,,,,,,,,,,,,,,,,,"Trey Lipscomb","31567",702358
"Jared Dickey","ATH",1,3,3,1,0,0,0,0,0,0,0,0,1,0,0,0,,0,0,0.233708,0.084,0.192,0.4375,0.306,0.330337,0.286206,0.636337,0.0966292,3.90233,0.280802,0,-0.0064118,0.268097,-0.0691437,78.0907,-0.0064118,-0.0143,-0.07891639787703753,-0.04485555551946163,-0.00233862,999,,,,,,,2.6,2.6,2.6,2.6,,,,,,,,,,,,,,,,,,,"Jared Dickey","sa3022688",801406
"Lucas Spence","HOU",0,1,1,0,0,0,0,0,0,0,0,0,0,0,0,0,,0,0,0.193536,0.0943708,0.310124,0.3043,0.283666,0.293614,0.264528,0.57728,0.100078,5.46413,0.279806,0,-0.0000117676,0.109092,-0.0595282,66.459,-0.0000117676,-0.0252532,-0.05551050919439149,-0.020160589832812548,-0.00257461,999,,,,,,,-1,,-1,,,,,,,,,,,,,,,,,,,,"Lucas Spence","35126",828599
"Andrew McCutchen",,2,7,6,1,1,0,0,0,1,1,1,0,2,0,0,0,,0,0,0.221085,0.121691,0.249042,0.488636,0.3205,0.353122,0.302667,0.673621,0.132037,2.31379,0.276268,0,-0.0131646,0.764993,-0.0781102,90.5402,-0.0131646,0,-0.09290649462491274,-0.17824074625968933,-0.00301787,999,,,,,,,2.6,1.3,2.6,1.3,,,,,,,,,,,,,,,,,,,"Andrew McCutchen","9847",457705
"Sterlin Thompson","COL",1,4,4,1,1,0,0,0,0,1,0,0,1,0,0,0,,0,0,0.246663,0.0715484,0.245989,0.290861,0.318522,0.388005,0.313484,0.706527,0.141342,4.98742,0.31352,0,-0.00629424,0.511397,-0.00979395,83.2429,-0.00629424,-0.0163061,-0.09523408208042383,-0.08451594598591328,-0.00376625,999,,,,,,,1.6,1.6,1.6,1.6,,,,,,,,,,,,,,,,,,,"Sterlin Thompson","31443",694514
"Tyler Austin","CHC",1,3,3,1,0,0,0,0,0,0,0,0,1,0,0,0,,0,0,0.225366,0.0796035,0.242987,0.327604,0.294746,0.357859,0.289936,0.652605,0.132492,4.48361,0.278844,0,-0.000328542,0.276684,-0.0605567,82.6687,-0.000328542,0,-0.05984979588538408,-0.07129629701375961,-0.00394955,999,,,,,,,2.6,2.6,2.6,2.6,,,,,,,,,,,,,,,,,,,"Tyler Austin","11850",592122
"Jonathan Ornelas","MIL",2,9,8,2,1,0,0,0,1,1,1,0,3,0,0,0,,0,0,0.21186,0.0767792,0.299893,0.256021,0.280852,0.299662,0.261531,0.580513,0.0878012,4.51026,0.295665,0,-0.00813458,0.633853,-0.377871,62.6036,-0.00813458,0.0310286,-0.3934293119236827,0.07176928967237473,-0.00453132,999,,,,,,,6.2,3.1,6.2,3.1,,,,,,,,,,,,,,,,,,,"Jonathan Ornelas","24597",680716
"Yohendrick Piñango","TOR",5,22,20,5,3,1,0,1,2,2,2,0,5,0,0,0,,0,0,0.232239,0.0773967,0.233738,0.331126,0.294107,0.362305,0.290538,0.656413,0.130066,3.50694,0.286307,0,-0.0142223,2.15716,-0.459017,84.5841,-0.0142223,-0.123585,-0.4099820740520954,-0.419881172478199,-0.0048581,999,,,,,,,26.3,5.26,26.3,5.26,,,,,,,,,,,,,,,,,,,"Yohendrick Pinango","26664",682818
"Billy Cook","PIT",4,15,14,3,2,1,0,0,2,2,1,0,4,0,0,0,,1,0,0.227525,0.0692055,0.290999,0.237821,0.28961,0.361448,0.287665,0.651059,0.133923,6.47327,0.306868,0,0.0377622,1.44777,-0.350849,77.526,0.0377622,-0.0668994,-0.37388089299201965,-0.18047962337732315,-0.00627377,999,,,,,,,10.6,2.65,10.6,2.65,,,,,,,,,,,,,,,,,,,"Billy Cook","29573",695257
"Sean Keys","TOR",1,4,4,1,0,0,0,0,0,0,0,0,1,0,0,0,,0,0,0.186882,0.0985962,0.285278,0.345614,0.280941,0.330989,0.275434,0.611929,0.144106,4.1043,0.239978,0,-0.0018603,0.353884,-0.136648,74.0758,-0.0018603,0,-0.12664768693502992,-0.10370370000600815,-0.00853137,999,,,,,,,1.6,1.6,1.6,1.6,,,,,,,,,,,,,,,,,,,"Sean Keys","35094",815873
"Edwin Arroyo","CIN",5,20,18,5,4,1,0,0,2,2,1,0,4,0,0,0,,0,0,0.254521,0.0489253,0.206527,0.236896,0.299127,0.327458,0.279998,0.626585,0.0729373,4.39754,0.318998,0,-0.0523173,1.77664,-0.584053,69.4346,-0.0523173,-0.0362794,-0.7871196419000626,0.05538727343082428,-0.00865577,999,,,,,,,15.9,3.18,15.9,3.18,,,,,,,,,,,,,,,,,,,"Edwin Arroyo","29957",695490
"Jim Jarvis","ATL",13,56,51,12,9,3,0,0,7,5,3,0,9,1,0,0,,1,1,0.227502,0.0563707,0.170217,0.331169,0.283895,0.303402,0.264083,0.587298,0.0759009,4.97399,0.272253,0,-0.10798,4.23462,-2.34159,63.1073,-0.10798,0.116079,-2.578663557767868,0.6915417835116386,-0.00869097,999,,,,,,,36,2.769230769,36,2.769230769,,,,,,,,,,,,,,,,,,,"Jim Jarvis","33492",805347
"Juan Brito","CIN",5,21,19,4,3,1,0,0,3,2,2,0,5,0,0,0,,0,0,0.222388,0.0988046,0.214786,0.460015,0.307891,0.359471,0.298071,0.667362,0.137083,3.89644,0.26838,0,-0.0602236,2.21562,-0.313686,81.5508,-0.0602236,-0.0787879,-0.5354271978139877,-0.24684344977140427,-0.00909785,999,,,,,,,12.3,2.46,12.3,2.46,,,,,,,,,,,,,,,,,,,"Juan Brito","26693",682877
"Andrew Velazquez",,3,11,10,2,1,0,0,0,1,1,1,0,4,0,0,0,,1,0,0.20367,0.0585002,0.315323,0.185524,0.254113,0.305899,0.249945,0.560013,0.102229,5.91185,0.287638,0,0.0687089,0.738438,-0.610527,54.5396,0.0687089,-0.00698966,-0.5444288700819016,0.05412145098671317,-0.0105855,999,,,,,,,6.1,2.033333333,6.1,2.033333333,,,,,,,,,,,,,,,,,,,"Andrew Velazquez","14196",623205
"Gavin Cross","KCR",2,8,8,2,1,0,0,0,1,1,1,0,3,0,0,0,,0,0,0.21542,0.0627615,0.305439,0.205479,0.268344,0.353741,0.273253,0.622085,0.138322,6.3715,0.29021,0,0.0182689,0.693162,-0.287904,68.8783,0.0182689,0.0286316,-0.281342463567853,-0.11951656825840473,-0.0109621,999,,,,,,,6.2,3.1,6.2,3.1,,,,,,,,,,,,,,,,,,,"Gavin Cross","sa3019985",688457
"Turner Hill","SFG",15,66,59,14,10,3,1,0,7,6,5,0,8,1,1,1,,2,1,0.234988,0.0757469,0.127171,0.595628,0.303533,0.313491,0.278929,0.617024,0.0785027,6.27027,0.268975,0,0.00184875,5.82656,-1.9913,75.8816,0.00184875,0.0241698,-1.9183115392224863,-0.3483610562980175,-0.0127012,999,,,,,,,52.8,3.52,52.8,3.52,,,,,,,,,,,,,,,,,,,"Turner Hill","32053",806367
"Jarred Kelenic","TEX",5,20,18,4,3,1,0,0,2,2,2,0,6,0,0,0,,0,0,0.223653,0.0872864,0.317278,0.27511,0.291688,0.36154,0.289059,0.653228,0.137887,4.1992,0.313729,0,-0.0448678,1.92266,-0.438023,84.3703,-0.0448678,-0.215412,-0.40693197399377823,-0.4293006509542465,-0.0132946,999,,,,,,,13.3,2.66,13.3,2.66,,,,,,,,,,,,,,,,,,,"Jarred Kelenic","22558",672284
"Dominic Smith","ATL",10,41,37,9,7,1,0,1,5,5,3,0,8,0,0,0,,0,0,0.247814,0.076072,0.188676,0.403189,0.311521,0.381179,0.30546,0.692701,0.133365,3.71125,0.282877,0,-0.0166192,4.5302,-0.359801,90.8471,-0.0166192,0.0073243,-0.4724156055599451,-1.0061016427353024,-0.0141361,999,,,,,,,34.7,3.47,34.7,3.47,,,,,,,,,,,,,,,,,,,"Dominic Smith","15653",642086
"Jase Bowen","SDP",7,29,26,6,4,1,0,1,3,3,2,0,9,0,0,0,,1,0,0.213881,0.0561637,0.329266,0.170572,0.268773,0.346823,0.272466,0.615596,0.132942,6.59665,0.301608,0,0.0625175,2.36461,-1.0078,72.8737,0.0625175,0.0218076,-0.8690872564911842,-0.2022665087133646,-0.0150181,999,,,,,,,27.8,3.971428571,27.8,3.971428571,,,,,,,,,,,,,,,,,,,"Jase Bowen","26047",687749
"Michael Chavis","CIN",3,13,11,3,2,0,0,0,1,1,1,0,3,0,0,0,,0,0,0.225366,0.0796035,0.242987,0.327604,0.294746,0.357859,0.289936,0.652605,0.132492,4.48361,0.278844,0,-0.00147844,1.24508,-0.272505,76.0965,-0.00147844,0,-0.3708939594216645,-0.19861111044883728,-0.0156676,999,,,,,,,8.8,2.933333333,8.8,2.933333333,,,,,,,,,,,,,,,,,,,"Michael Chavis","17321",656308
"Michael Toglia","CIN",5,20,18,4,2,1,0,1,2,3,2,0,7,0,0,0,,0,0,0.211045,0.094326,0.34964,0.269781,0.287144,0.406285,0.302272,0.693429,0.19524,3.72472,0.28553,0,-0.0228915,2.13561,-0.225074,84.3669,-0.0228915,-0.0879177,-0.3987152464687824,-0.41384369134902954,-0.0168955,999,,,,,,,22.7,4.54,22.7,4.54,,,,,,,,,,,,,,,,,,,"Michael Toglia","25845",669911
"Jordan Beck","COL",9,40,36,9,5,2,0,1,4,4,3,0,11,0,0,0,,1,0,0.241923,0.0798479,0.281816,0.283333,0.303228,0.402396,0.309253,0.705625,0.160473,5.73948,0.31791,0,-0.00437453,4.46705,-0.223665,80.4059,-0.00437453,-0.0325031,-0.9403522242791951,-0.5204660631716251,-0.0178981,232.9199981689453,,,,,,,40.5,4.5,40.5,4.5,,,,,,,,,,,,,,,,,,,"Jordan Beck","31431",687597
"Adam Frazier","LAA",9,40,36,8,6,2,0,1,4,4,3,0,8,1,0,0,,1,0,0.234692,0.0683073,0.196592,0.347458,0.29684,0.33545,0.282492,0.632289,0.100758,4.32461,0.284044,0,-0.112312,3.63366,-1.08772,77.1753,-0.112312,-0.206726,-1.1697885319590569,-0.5224663317203522,-0.0286067,999,,,,,,,37.9,4.211111111,37.9,4.211111111,,,,,,,,,,,,,,,,,,,"Adam Frazier","15223",624428
"Noelvi Marte","CIN",5,20,19,4,3,1,0,1,2,2,1,0,5,0,0,0,,1,0,0.23876,0.0578208,0.235754,0.245259,0.287614,0.387444,0.295394,0.675058,0.148683,5.20167,0.286614,0,0.00822069,2.02476,-0.335927,79.7558,0.00822069,-0.284408,-0.47845612186938524,-0.4982966482639313,-0.033634,147.7100067138672,,,,,,,20.6,4.12,20.6,4.12,,,,,,,,,,,,,,,,,,,"Noelvi Marte","26517",682622
"Matthew Lugo","KCR",5,24,22,5,3,1,0,1,3,3,1,0,7,0,0,0,,0,0,0.224944,0.0498961,0.318087,0.156863,0.272917,0.378619,0.285424,0.651536,0.153675,5.89,0.312281,0,-0.0468609,2.19492,-0.584762,77.3458,-0.0468609,-0.338885,-0.6647949181497097,-0.5117247551679611,-0.0352136,999,,,,,,,21.3,4.26,21.3,4.26,,,,,,,,,,,,,,,,,,,"Matthew Lugo","25980",683090
"Charlie Condon","COL",6,25,22,5,4,1,0,1,2,3,2,0,7,1,0,0,,0,0,0.239474,0.0774648,0.293427,0.264,0.316901,0.381579,0.310997,0.69848,0.142105,3.62456,0.325203,0,-0.0590934,2.84776,-0.105659,81.5752,-0.0590934,0.0320571,-0.6132454015314579,-0.5503502711653709,-0.0361251,999,,,,,,,27.3,4.55,27.3,4.55,,,,,,,,,,,,,,,,,,,"Charlie Condon","sa3025257",809707
"Enrique Hernández","LAD",17,73,67,14,9,3,0,2,8,8,5,0,18,0,0,0,,0,0,0.216408,0.0702977,0.245196,0.2867,0.272493,0.35472,0.277142,0.627213,0.138312,2.49887,0.262559,0,-0.121258,6.30431,-2.29534,72.8278,-0.121258,-0.417314,-2.500870391726494,-0.28999944031238556,-0.0443025,999,,,,,,,53.9,3.170588235,53.9,3.170588235,,,,,,,,,,,,,,,,,,,"Enrique Hernandez","10472",571771
"Deyvison De Los Santos","MIA",12,50,46,11,8,2,0,2,6,6,3,0,13,0,0,0,,1,0,0.239082,0.0535062,0.258324,0.207128,0.285598,0.376073,0.290267,0.661671,0.136991,3.97734,0.296219,0,-0.0445769,4.85533,-1.04639,79.8047,-0.0445769,0.220798,-1.258329689502716,-0.8231834769248962,-0.0473477,999,,,,,,,51.1,4.258333333,51.1,4.258333333,,,,,,,,,,,,,,,,,,,"Deyvison De Los Santos","27969",691277
"Jose Fernandez","ARI",6,27,25,6,4,1,0,0,3,3,1,0,7,0,0,0,,1,0,0.238607,0.0434593,0.243288,0.178633,0.275278,0.348872,0.274896,0.62415,0.110264,5.3022,0.303035,0,-0.000915134,2.29953,-0.904259,69.8509,-0.000915134,-0.191434,-0.9845634342636913,-0.4511559456586838,-0.0568728,999,,,,,,,16.4,2.733333333,16.4,2.733333333,,,,,,,,,,,,,,,,,,,"Jose Fernandez","28020",699912
"Héctor Rodríguez","CIN",19,81,77,19,13,3,1,2,10,9,4,0,14,0,0,0,,1,1,0.24386,0.0446651,0.173432,0.257537,0.279953,0.379338,0.287563,0.659291,0.135478,5.21437,0.271825,0,-0.128177,7.72983,-1.88155,74.506,-0.128177,0.129237,-2.6234885305166245,-0.8434481769800186,-0.0849633,999,,,,,,,73.7,3.878947368,73.7,3.878947368,,,,,,,,,,,,,,,,,,,"Hector Rodriguez","29189",699302
"Zac Veen","COL",23,98,89,21,14,4,1,3,11,12,8,0,25,1,1,0,,3,1,0.240591,0.0773162,0.255629,0.302454,0.304956,0.386201,0.30417,0.691156,0.145609,5.89698,0.305437,0,0.0831324,10.681,-0.958913,76.9986,0.0831324,-0.0417414,-2.643372669816017,-1.411185771226883,-0.0882051,743.6599731445312,,,,,,,104,4.52173913,104,4.52173913,,,,,,,,,,,,,,,,,,,"Zac Veen","27770",691728
"Victor Bericoto","SFG",26,113,106,26,18,4,0,3,11,13,6,0,29,0,1,0,,0,1,0.241282,0.0539552,0.259051,0.20828,0.283636,0.370905,0.287605,0.654541,0.129623,2.70973,0.305121,0,-0.355921,10.7623,-2.61496,81.6982,-0.355921,-1.08588,-2.8491496443748474,-2.4448294639587402,-0.166029,999,,,,,,,94.6,3.638461538,94.6,3.638461538,,,,,,,,,,,,,,,,,,,"Victor Bericoto","26468",682674
"Tommy White","ATH",25,107,101,24,18,4,0,2,10,12,5,0,19,1,1,0,,0,0,0.238281,0.0465664,0.179696,0.25914,0.279012,0.348684,0.277551,0.627696,0.110403,1.89396,0.271493,0,-0.245767,9.30639,-3.34015,72.0692,-0.245767,-0.579142,-3.7119518518447876,-2.67219740152359,-0.265355,999,,,,,,,81.8,3.272,81.8,3.272,,,,,,,,,,,,,,,,,,,"Tommy White","35107",695720