{
  "stats": {
    "ATH": {
      "ops": 0.512,
      "k_pct": 0.45454545454545453
    },
    "PIT": {
      "ops": 0.711,
      "k_pct": 0.23484848484848486
    },
    "SDP": {
      "ops": 0.547,
      "k_pct": 0.2336448598130841
    },
    "SEA": {
      "ops": 0.793,
      "k_pct": 0.2857142857142857
    },
    "SFG": {
      "ops": 0.388,
      "k_pct": 0.2727272727272727
    },
    "STL": {
      "ops": 0.813,
      "k_pct": 0.13675213675213677
    },
    "TBR": {
      "ops": 0.802,
      "k_pct": 0.1386861313868613
    },
    "TEX": {
      "ops": 0.698,
      "k_pct": 0.2905982905982906
    },
    "TOR": {
      "ops": 0.785,
      "k_pct": 0.14166666666666666
    },
    "MIN": {
      "ops": 0.673,
      "k_pct": 0.2743362831858407
    },
    "PHI": {
      "ops": 0.57,
      "k_pct": 0.2743362831858407
    },
    "ATL": {
      "ops": 0.789,
      "k_pct": 0.2169811320754717
    },
    "CHW": {
      "ops": 0.729,
      "k_pct": 0.38738738738738737
    },
    "MIA": {
      "ops": 0.774,
      "k_pct": 0.17592592592592593
    },
    "NYY": {
      "ops": 0.692,
      "k_pct": 0.25892857142857145
    },
    "MIL": {
      "ops": 0.971,
      "k_pct": 0.1875
    },
    "LAA": {
      "ops": 0.86,
      "k_pct": 0.27710843373493976
    },
    "ARI": {
      "ops": 0.564,
      "k_pct": 0.26732673267326734
    },
    "BAL": {
      "ops": 0.662,
      "k_pct": 0.26605504587155965
    },
    "BOS": {
      "ops": 0.736,
      "k_pct": 0.232
    },
    "CHC": {
      "ops": 0.694,
      "k_pct": 0.22608695652173913
    },
    "CIN": {
      "ops": 0.629,
      "k_pct": 0.28205128205128205
    },
    "CLE": {
      "ops": 0.6,
      "k_pct": 0.32413793103448274
    },
    "COL": {
      "ops": 0.531,
      "k_pct": 0.2857142857142857
    },
    "DET": {
      "ops": 0.582,
      "k_pct": 0.27586206896551724
    },
    "HOU": {
      "ops": 0.695,
      "k_pct": 0.23125
    },
    "KCR": {
      "ops": 0.518,
      "k_pct": 0.22641509433962265
    },
    "LAD": {
      "ops": 0.742,
      "k_pct": 0.14563106796116504
    },
    "WSN": {
      "ops": 0.82,
      "k_pct": 0.24107142857142858
    },
    "NYM": {
      "ops": 0.736,
      "k_pct": 0.2698412698412698
    }
  },
  "fetched_at": "2026-03-30T14:27:25+00:00"
}