Name,Team,G,PA,AB,H,1B,2B,3B,HR,R,RBI,BB,IBB,SO,HBP,SF,SH,GDP,SB,CS,AVG,BB%,K%,BB/K,OBP,SLG,wOBA,OPS,ISO,Spd,BABIP,UBR,wSB,wRC,wRAA,wRC+,BsR,Fld,Off,Def,WAR,ADP,InterSD,InterSK,IntraSD,Vol,Skew,Dim,FPTS,FPTS/G,SPTS,SPTS/G,P10,P20,P30,P40,P50,P60,P70,P80,P90,TT10,TT20,TT30,TT40,TT50,TT60,TT70,TT80,TT90,NameASCII,PlayerId,MLBAMID
"Bobby Witt Jr.","KCR",96,416.935,374.504,113.506,64.8681,20.2315,6.98121,21.4255,72.7391,64.2207,34.3534,3.53041,68.6411,3.93301,3.55573,0.58882,4.23145,23.124,5.51889,0.303084,0.082395,0.164632,0.500479,0.364583,0.56602,0.397176,0.930602,0.262936,8.09214,0.319732,,1.84323,75.7819,26.8432,151.606,1.84323,6.82,27.128618121147156,11.264444351196289,5.43325,3.0999999046325684,,,,,,,699.6,7.2875,699.6,7.2875,,,,,,,,,,,,,,,,,,,"Bobby Witt Jr.","25764",677951
"Juan Soto","NYM",95,412.606,335.166,94.1676,51.6747,16.1961,0.305373,25.9915,69.5192,66.819,71.9547,5.38611,72.4444,2.40223,2.4946,0.588475,8.28537,10.3381,3.82975,0.280958,0.174391,0.175578,0.993239,0.409023,0.563748,0.417251,0.972771,0.282789,4.04203,0.284988,,-0.134493,81.6003,33.1698,172.411,-0.134493,-0.74,34.8805216550827,-5.871172666549683,4.31539,4.650000095367432,,,,,,,712,7.494736842,712,7.494736842,,,,,,,,,,,,,,,,,,,"Juan Soto","20123",665742
"Shohei Ohtani","LAD",94,420.372,352.395,100.628,51.1599,20.7337,1.23379,27.501,75.8798,73.1881,60.8328,7.90351,97.7886,3.5674,2.31328,0.409382,6.07837,14.6934,4.93495,0.285555,0.144712,0.232624,0.622085,0.393761,0.585514,0.415581,0.979275,0.299959,5.30034,0.31875,,0.353381,82.5763,33.2343,168.469,0.353381,0,34.085753470659256,-8.78211498260498,3.9609,1.2699999809265137,,,,,,,752.9,8.009574468,752.9,8.009574468,,,,,,,,,,,,,,,,,,,"Shohei Ohtani","19755",660271
"Yordan Alvarez","HOU",84,368.649,310.164,92.7587,48.2811,18.8037,0.0302719,25.6437,59.1086,68.4707,49.642,6.29591,61.1062,5.32929,3.20611,0.307506,5.91992,1.84091,0.745453,0.299063,0.134659,0.165757,0.81239,0.401068,0.607916,0.427129,1.00898,0.308853,2.42141,0.296156,,-0.448238,75.811,32.54,175.511,-0.448238,-0.04,32.26477447152138,-8.696875609457493,3.74041,33.38999938964844,,,,,,,676.3,8.051190476,676.3,8.051190476,,,,,,,,,,,,,,,,,,,"Yordan Alvarez","19556",670541
"Fernando Tatis Jr.","SDP",97,411.8,359.69,98.9095,62.2359,18.246,2.45915,15.9685,62.4006,52.3357,44.6406,1.87142,80.4497,3.95919,2.66558,0.844601,7.8878,17.4207,5.05922,0.274985,0.108404,0.195361,0.554888,0.358942,0.472571,0.363947,0.831513,0.197586,6.10735,0.311882,,0.84116,63.9364,15.6005,136.58,0.84116,5.93,18.495375335216522,2.4269134998321533,3.48402,14.010000228881836,,,,,,,573.7,5.914432989,573.7,5.914432989,,,,,,,,,,,,,,,,,,,"Fernando Tatis Jr.","19709",665487
"Shea Langeliers","ATH",84,339.315,306.204,86.6242,45.3136,16.1828,2.06087,23.0669,53.9943,59.8214,26.9521,0.929268,66.6868,3.05409,2.58695,0.518248,4.92608,2.69908,0.825771,0.282897,0.079431,0.196534,0.40416,0.344249,0.575204,0.392951,0.919453,0.292306,4.4863,0.290167,,-0.190333,60.5304,20.7026,148.936,-0.190333,-2.57,19.32284151017666,1.8984096050262451,3.39448,54.04999923706055,,,,,,,548.1,6.525,548.1,6.525,,,,,,,,,,,,,,,,,,,"Shea Langeliers","25816",669127
"Pete Crow-Armstrong","CHC",92,406.301,364.82,92.9913,53.5988,19.0137,2.53207,17.8468,61.5575,52.27,27.9017,1.4239,97.5418,5.91487,3.16272,4.50084,4.35474,21.4776,4.10991,0.254896,0.0686725,0.240073,0.286048,0.3156,0.467654,0.34004,0.783254,0.212758,7.15314,0.297491,,2.16179,55.3363,7.64588,118.357,2.16179,7.53,10.902915716171265,8.949753284454346,3.35651,32.939998626708984,,,,,,,527.9,5.738043478,527.9,5.738043478,,,,,,,,,,,,,,,,,,,"Pete Crow-Armstrong","27769",691718
"Gunnar Henderson","BAL",94,414.213,367.435,97.7337,57.7974,20.7374,1.93564,17.2633,61.1785,53.8368,39.408,1.37459,90.503,3.71614,3.32179,0.331237,7.45022,12.1267,3.09613,0.265989,0.0951396,0.218494,0.435433,0.340334,0.473912,0.35495,0.814246,0.207924,5.61756,0.305982,,0.634447,61.339,12.7199,127.397,0.634447,-0.43,13.97022920846939,3.921851933002472,3.32255,12.510000228881836,,,,,,,557.3,5.928723404,557.3,5.928723404,,,,,,,,,,,,,,,,,,,"Gunnar Henderson","26289",683002
"Corbin Carroll","ARI",91,395.158,340.945,89.4961,49.4107,20.1101,3.76303,16.2123,62.8521,52.8796,44.6442,1.46963,79.5733,5.11098,2.64019,1.81702,5.61492,19.4229,3.72713,0.262494,0.112978,0.201371,0.561045,0.354022,0.486204,0.366198,0.840226,0.22371,7.22289,0.295738,,1.84554,62.0617,15.6792,133.367,1.84554,5.93,17.298176169395447,1.8391518592834473,3.24694,14.100000381469727,,,,,,,563.5,6.192307692,563.5,6.192307692,,,,,,,,,,,,,,,,,,,"Corbin Carroll","25878",682998
"Cal Raleigh","SEA",74,303.419,261.614,58.1023,27.9972,10.5126,0.194332,19.3982,40.8441,50.8291,36.5495,2.59046,85.7912,2.78951,2.2283,0.238322,3.09226,3.56388,1.33074,0.222092,0.120459,0.282748,0.426029,0.321397,0.486206,0.348677,0.807602,0.264114,3.40163,0.243955,,-0.172867,43.4142,7.79967,128.208,-0.172867,7.51,9.885161578655243,10.695510149002075,3.1998,18.729999542236328,,,,,,,398.1,5.379729729,398.1,5.379729729,,,,,,,,,,,,,,,,,,,"Cal Raleigh","21534",663728
"Julio Rodríguez","SEA",96,421.134,380.996,105.636,66.0826,17.7525,2.93304,18.8682,61.4817,58.5009,31.4722,2.29319,89.85,5.69672,2.54308,0.426055,7.40912,14.125,3.88919,0.277264,0.074732,0.213353,0.350275,0.33944,0.487826,0.359015,0.827266,0.210562,6.20177,0.315726,,0.702499,63.7289,14.2974,135.223,0.702499,-3.56,18.134442448616028,-2.199455738067627,3.14687,9.489999771118164,,,,,,,586.9,6.113541666,586.9,6.113541666,,,,,,,,,,,,,,,,,,,"Julio Rodriguez","23697",677594
"Mike Trout","LAA",85,369.33,305.128,78.6183,42.1088,14.1005,1.96815,20.4409,54.6557,55.8804,56.7165,5.00915,98.3412,4.81735,2.33461,0.333347,4.57605,3.60427,1.09514,0.257657,0.153566,0.266269,0.576731,0.37982,0.517743,0.387265,0.897563,0.260086,4.54054,0.308338,,-0.247347,64.2099,20.859,146.712,-0.247347,-2.11,20.02681155502796,-2.7884801626205444,3.09421,178.44000244140625,,,,,,,568.2,6.684705882,568.2,6.684705882,,,,,,,,,,,,,,,,,,,"Mike Trout","10155",545361
"José Ramírez","CLE",94,396.569,348.261,94.5875,57.3696,19.6076,1.8318,15.7785,57.6221,53.5737,41.4372,8.062,45.2444,2.69547,3.7564,0.418244,4.29115,21.9737,6.41652,0.271599,0.104489,0.11409,0.915854,0.350171,0.47434,0.353892,0.824511,0.202741,6.09221,0.270826,,1.2789,58.3915,11.8434,126.42,1.2789,2.01,13.591361999511719,2.503508895635605,3.07495,6.28000020980835,,,,,,,560.8,5.965957446,560.8,5.965957446,,,,,,,,,,,,,,,,,,,"Jose Ramirez","13510",608070
"Junior Caminero","TBR",98,407.489,366.079,100.914,57.3783,16.3544,0.996826,26.1843,57.4414,73.68,34.9708,1.87526,69.7418,2.73611,3.25944,0.443463,8.80419,2.46707,0.979403,0.275661,0.0858202,0.17115,0.501432,0.340553,0.540361,0.378265,0.880914,0.264699,3.09225,0.273322,,-0.398857,67.9196,20.0896,140.9,-0.398857,-4.52,19.186657458543777,-3.5117695331573486,3.07117,16.479999542236328,,,,,,,611.1,6.235714285,611.1,6.235714285,,,,,,,,,,,,,,,,,,,"Junior Caminero","28163",691406
"Nick Kurtz","ATH",90,392.838,327.028,87.0786,45.8012,17.1696,0.870509,23.2373,62.9175,63.6007,60.042,3.93344,111.371,3.06662,2.36771,0.333878,5.89345,3.9371,1.30283,0.266273,0.152842,0.283505,0.539115,0.382639,0.537267,0.396325,0.919906,0.270994,3.92534,0.32775,,-0.299149,71.1352,25.025,151.225,-0.299149,-0.88,23.348828703165054,-7.8244441747665405,3.00308,19.8700008392334,,,,,,,625.2,6.946666666,625.2,6.946666666,,,,,,,,,,,,,,,,,,,"Nick Kurtz","35110",701762
"Corey Seager","TEX",79,340.676,291.68,77.8042,44.1174,15.3528,0.0383825,18.2956,46.6728,54.27,40.3163,4.44622,68.9366,3.07044,2.73767,0.298119,6.4472,1.30059,0.525844,0.266745,0.118342,0.202352,0.584832,0.358761,0.507819,0.37321,0.86658,0.241074,2.26615,0.287224,,-0.393185,55.41,15.4225,139.749,-0.393185,-0.45,15.520319432020187,1.6834877133369446,2.98767,95.08999633789062,,,,,,,485.6,6.146835443,485.6,6.146835443,,,,,,,,,,,,,,,,,,,"Corey Seager","13624",608369
"Dansby Swanson","CHC",95,419.572,371.276,93.718,57.4943,17.6974,1.55527,16.971,57.4327,55.9518,38.2182,0.602786,101.145,2.42133,3.23554,1.13045,6.92197,9.14018,2.7113,0.252421,0.0910886,0.241068,0.377854,0.323635,0.445596,0.337287,0.769231,0.193174,5.18675,0.299331,,0.205072,56.2227,6.97453,116.484,0.205072,2.93,8.310625553131104,7.328148126602173,2.96786,152.30999755859375,,,,,,,507.5,5.342105263,507.5,5.342105263,,,,,,,,,,,,,,,,,,,"Dansby Swanson","18314",621020
"William Contreras","MIL",94,368.527,321.887,86.7467,57.6392,16.577,0,12.5305,44.9272,51.2431,40.446,2.00003,63.2104,2.7941,2.75625,0.643295,9.3015,2.75759,1.19753,0.269494,0.109751,0.171522,0.639863,0.353337,0.437778,0.348954,0.791115,0.168284,2.64451,0.298174,,-0.45983,52.8115,9.55482,123.38,-0.45983,1.95,9.63817873597145,7.144145727157593,2.91895,56.560001373291016,,,,,,,468.6,4.985106382,468.6,4.985106382,,,,,,,,,,,,,,,,,,,"William Contreras","20503",661388
"Byron Buxton","MIN",79,337.663,302.176,79.5387,39.0573,15.4376,3.18537,21.8584,53.9561,55.2813,27.5518,1.28995,88.0402,5.35694,2.17307,0.404756,3.41082,7.49902,1.8465,0.26322,0.0815958,0.260734,0.312946,0.333417,0.552401,0.379131,0.885818,0.289181,6.52425,0.296632,,0.372049,56.5144,16.8805,141.612,0.372049,0.16,16.88393944501877,-0.42699137330055237,2.9003,73.4800033569336,,,,,,,520.1,6.583544303,520.1,6.583544303,,,,,,,,,,,,,,,,,,,"Byron Buxton","14161",621439
"Mookie Betts","LAD",88,393.517,343.978,92.3043,57.2094,19.565,1.14811,14.3817,55.2786,52.1101,41.0507,0.767485,45.9647,3.65777,3.81021,0.544668,5.50239,5.02911,1.97871,0.268343,0.104317,0.116805,0.893092,0.34908,0.457328,0.354065,0.806408,0.188984,4.24332,0.27109,,-0.336812,57.9966,11.8067,126.611,-0.336812,-0.64,11.936151564121246,3.434074282646179,2.85556,60.58000183105469,,,,,,,505.4,5.743181818,505.4,5.743181818,,,,,,,,,,,,,,,,,,,"Mookie Betts","13611",605141
"Adley Rutschman","BAL",86,354.167,308.961,81.2002,51.2241,16.4755,0.769295,12.7312,45.8223,44.9808,39.2546,0.915951,53.4472,2.3784,3.17686,0.396608,6.83863,0.952002,0.341941,0.262817,0.110836,0.15091,0.734456,0.347211,0.444743,0.348804,0.791954,0.181925,2.73112,0.278375,,-0.43462,50.7112,9.14008,123.226,-0.43462,3.16,9.232083559036255,5.995297431945801,2.83363,148.92999267578125,,,,,,,443.8,5.160465116,443.8,5.160465116,,,,,,,,,,,,,,,,,,,"Adley Rutschman","26288",668939
"Ronald Acuña Jr.","ATL",89,390.848,328.291,91.7188,56.0744,15.2754,1.73655,18.6324,65.0941,53.3925,54.3837,2.41867,81.6378,5.36435,2.34979,0.459462,7.38442,15.9561,5.69896,0.279383,0.139143,0.208873,0.666158,0.38799,0.50676,0.390295,0.894749,0.227377,5.65045,0.317256,,0.263314,68.8955,23.0189,150.279,0.263314,-3.6,23.29432126879692,-8.142972469329834,2.82444,5.260000228881836,,,,,,,611.3,6.868539325,611.3,6.868539325,,,,,,,,,,,,,,,,,,,"Ronald Acuna Jr.","18401",660670
"Vladimir Guerrero Jr.","TOR",95,413.759,358.611,106.102,70.2138,18.8544,0.814106,16.2195,58.7825,56.7037,47.0566,5.17486,48.8496,4.75244,2.86628,0.473236,10.4756,3.92978,1.64365,0.295869,0.113729,0.118063,0.963295,0.382086,0.488672,0.378901,0.870758,0.192803,3.47996,0.303239,,-0.502574,69.1747,20.6088,142.812,-0.502574,-0.07,20.314198076725006,-7.490930385887623,2.80148,18.049999237060547,,,,,,,603.8,6.355789473,603.8,6.355789473,,,,,,,,,,,,,,,,,,,"Vladimir Guerrero Jr.","19611",665489
"Ketel Marte","ARI",87,377.105,329.718,90.1305,53.7898,19.0484,0.997304,16.295,51.9237,57.91,40.4786,1.92953,57.818,3.62686,2.70229,0.375188,8.12147,2.33958,0.869386,0.273357,0.10734,0.153321,0.700104,0.356512,0.485441,0.366957,0.841953,0.212084,3.50846,0.285844,,-0.39393,59.4547,15.1912,133.883,-0.39393,0.4,14.581059008836746,0.7661615610122681,2.7998,32.63999938964844,,,,,,,518.2,5.956321839,518.2,5.956321839,,,,,,,,,,,,,,,,,,,"Ketel Marte","13613",606466
"Bryce Harper","PHI",95,414.076,353.457,100.225,58.7461,21.4823,0.803924,19.1928,61.9913,62.4672,53.9694,4.22846,81.0326,3.05127,2.95993,0.638836,7.9365,7.56303,2.78888,0.283557,0.130337,0.195695,0.666021,0.380338,0.511785,0.386391,0.892122,0.228228,4.1112,0.316296,,-0.215998,71.7009,23.0978,146.478,-0.215998,-1.01,22.33907651901245,-8.401332139968872,2.77566,47.900001525878906,,,,,,,630,6.631578947,630,6.631578947,,,,,,,,,,,,,,,,,,,"Bryce Harper","11579",547180
"James Wood","WSN",93,402.6,344.572,94.4219,55.1486,18.5451,1.32325,19.405,60.6035,61.5283,52.8698,4.07711,112.049,2.96759,1.89668,0.293697,7.30623,11.2854,3.40047,0.274027,0.131321,0.278313,0.471846,0.373495,0.504476,0.380954,0.877971,0.23045,5.13575,0.348892,,0.302929,67.9679,20.7119,144.416,0.302929,-0.92,21.26003298163414,-7.098849713802338,2.76121,37.790000915527344,,,,,,,601.3,6.465591397,601.3,6.465591397,,,,,,,,,,,,,,,,,,,"James Wood","29518",695578
"Andy Pages","LAD",86,385.255,350.788,94.5468,55.9645,19.0372,2.36996,17.1751,56.7153,55.0768,25.3617,0.790581,78.3426,5.4233,3.26854,0.413229,4.98848,7.14948,2.35094,0.269527,0.0658311,0.203353,0.323729,0.325671,0.484194,0.351366,0.809865,0.214667,5.49366,0.299265,,0.0152986,55.9496,10.7295,124.775,0.0152986,2.11,11.20132230874151,3.3165093660354614,2.74132,133.4199981689453,,,,,,,505,5.872093023,505,5.872093023,,,,,,,,,,,,,,,,,,,"Andy Pages","24816",681624
"Francisco Lindor","NYM",76,330.285,288.56,76.0889,46.7318,14.7582,0.75896,13.8399,47.747,43.0439,30.7028,0.469078,60.1348,5.08204,2.43165,0.365264,5.08355,11.1463,3.61007,0.263685,0.0929583,0.182069,0.510565,0.342355,0.463975,0.353799,0.806331,0.20029,5.1524,0.286839,,0.320647,48.6073,9.83935,129.235,0.320647,1.08,11.637056529521942,4.293884873390198,2.70727,25.350000381469727,,,,,,,435.1,5.725,435.1,5.725,,,,,,,,,,,,,,,,,,,"Francisco Lindor","12916",596019
"Will Smith","LAD",65,264.411,225.076,62.1228,36.9104,10.9432,1.15385,13.1154,40.1362,39.9231,30.7525,1.1072,48.1669,4.68863,3.14613,0.294269,4.01006,1.25988,0.461102,0.276008,0.116306,0.182167,0.638459,0.370032,0.509694,0.381757,0.879726,0.233686,3.74822,0.293563,,-0.312514,44.8079,13.7722,145.454,-0.312514,-0.49,13.772959738969803,4.160673379898071,2.69816,95.69000244140625,,,,,,,391.9,6.029230769,391.9,6.029230769,,,,,,,,,,,,,,,,,,,"Will Smith","19197",669257
"Pete Alonso","BAL",94,414.213,361.543,95.0565,53.2487,16.8049,0.236021,24.7669,59.3256,66.6777,41.3825,2.56742,92.2551,7.52394,3.31969,0.443323,7.36343,2.05215,0.876204,0.262919,0.0999064,0.222724,0.448566,0.34793,0.516215,0.373277,0.864145,0.253296,2.59384,0.283608,,-0.47332,67.3927,18.7736,139.833,-0.47332,0.3,18.91621932387352,-7.194855868816376,2.69019,24.440000534057617,,,,,,,602.3,6.407446808,602.3,6.407446808,,,,,,,,,,,,,,,,,,,"Pete Alonso","19251",624413
"Kevin McGonigle","DET",94,410.99,362.066,94.8167,60.5934,20.5535,2.16123,11.5086,53.9246,47.23,41.9038,0.651049,59.9329,2.69227,3.21692,1.11092,6.26965,8.93901,2.47768,0.261877,0.101958,0.145826,0.699179,0.340132,0.425941,0.338776,0.766072,0.164064,5.07493,0.283514,,0.22334,55.5607,7.31991,114.732,0.22334,0,7.338657110929489,3.5963220596313477,2.59801,999,,,,,,,501.6,5.336170212,501.6,5.336170212,,,,,,,,,,,,,,,,,,,"Kevin McGonigle","33572",805808
"Miguel Vargas","CHW",90,386.474,335.935,85.3408,47.3384,18.3936,1.56332,18.0455,52.9052,53.634,42.3356,0.6476,71.3279,4.45403,3.11209,0.637742,4.92619,6.63219,2.20322,0.25404,0.109543,0.18456,0.593535,0.342452,0.479252,0.358774,0.821704,0.225212,4.69245,0.269533,,-0.0674787,58.4097,13.0465,128.296,-0.0674787,-1.82,12.783692747354507,-1.1942369937896729,2.57696,303.0899963378906,,,,,,,518.5,5.761111111,518.5,5.761111111,,,,,,,,,,,,,,,,,,,"Miguel Vargas","20178",678246
"Wyatt Langford","TEX",87,374.544,325.783,82.0275,48.789,15.9688,2.48495,14.7848,53.7242,45.2382,42.3133,1.50232,82.7603,3.73419,2.28142,0.432646,4.99316,11.3986,3.23488,0.251786,0.112973,0.220963,0.511275,0.342345,0.452206,0.348882,0.79455,0.20042,6.01967,0.291702,,0.464897,53.6522,9.68928,123.24,0.464897,4.21,10.694012492895126,1.0365993976593018,2.54853,37.75,,,,,,,482.5,5.545977011,482.5,5.545977011,,,,,,,,,,,,,,,,,,,"Wyatt Langford","33333",694671
"Dillon Dingler","DET",73,288.804,261.619,66.9858,41.7455,13.1412,1.89337,10.2057,35.8303,37.0743,19.8813,0.580793,65.5312,4.85369,2.03828,0.411753,4.56923,0.927255,0.335298,0.256044,0.0688402,0.226906,0.303387,0.318042,0.437778,0.331423,0.755821,0.181735,3.785,0.30215,,-0.299409,37.3493,3.45036,109.743,-0.299409,5.91,3.007186144590378,11.542716026306152,2.52923,254.6199951171875,,,,,,,333.2,4.564383561,333.2,4.564383561,,,,,,,,,,,,,,,,,,,"Dillon Dingler","27464",693307
"Elly De La Cruz","CIN",84,359.345,320.682,83.7635,50.3813,16.8731,1.78708,14.722,54.571,44.3778,33.6435,2.0781,99.3798,1.97431,2.22559,0.81988,5.37951,19.8725,5.31744,0.261204,0.0936244,0.276558,0.338535,0.332979,0.462692,0.346604,0.795671,0.201487,6.69338,0.33065,,1.35814,50.8223,8.64336,116.121,1.35814,1.69,8.147197723388672,5.115926027297974,2.52844,8.449999809265137,,,,,,,483.1,5.751190476,483.1,5.751190476,,,,,,,,,,,,,,,,,,,"Elly De La Cruz","26668",682829
"Colson Montgomery","CHW",89,382.5,339.718,76.7076,41.7461,14.7998,0.456029,19.7057,46.7773,56.0978,32.8937,1.81038,112.495,6.90028,2.65965,0.328551,5.51966,2.45181,0.839011,0.225798,0.0859965,0.294104,0.292401,0.304841,0.446065,0.327659,0.750906,0.220268,3.07154,0.271209,,-0.273377,48.3183,3.42151,107.182,-0.273377,4.39,2.9548412561416626,8.20515751838684,2.51866,254.75,,,,,,,443.7,4.985393258,443.7,4.985393258,,,,,,,,,,,,,,,,,,,"Colson Montgomery","29712",695657
"Jackson Chourio","MIL",92,390.147,355.612,97.8319,60.5788,17.946,3.30441,16.0027,54.702,56.3841,28.1136,1.46782,81.6776,2.63263,2.82355,0.965705,5.75518,13.8572,3.87426,0.275109,0.0720591,0.209351,0.344203,0.330381,0.47916,0.351221,0.809541,0.204051,6.2189,0.313817,,0.713632,56.615,10.8207,124.923,0.713632,4.11,12.109374582767487,-0.0868525505065918,2.50153,19.3799991607666,,,,,,,520.9,5.661956521,520.9,5.661956521,,,,,,,,,,,,,,,,,,,"Jackson Chourio","28806",694192
"Ben Rice","NYY",88,380.657,330.345,86.2569,47.5966,17.4946,1.23144,19.9343,54.9666,56.7062,42.0609,0.918399,80.3434,5.28273,2.61994,0.34836,6.68705,3.43197,1.14196,0.261112,0.110496,0.211065,0.523514,0.351295,0.502557,0.371352,0.853853,0.241446,3.91094,0.28503,,-0.276605,61.3488,16.6684,138.212,-0.276605,0.11,16.816902935504913,-6.405466690659523,2.43532,53.189998626708984,,,,,,,538.5,6.119318181,538.5,6.119318181,,,,,,,,,,,,,,,,,,,"Ben Rice","29576",700250
"Trea Turner","PHI",92,400.979,363.457,101.405,70.3505,16.5337,4.26662,10.2539,56.2248,46.0266,27.4147,0.138394,75.112,3.24316,2.78079,0.585066,6.97471,16.3487,3.71602,0.279001,0.0683695,0.187322,0.364985,0.332739,0.432605,0.336871,0.765344,0.153605,6.87511,0.324528,,1.21848,53.5983,6.5325,112.783,1.21848,-0.5,7.22542130947113,3.7592592239379883,2.43042,26.780000686645508,,,,,,,477.9,5.194565217,477.9,5.194565217,,,,,,,,,,,,,,,,,,,"Trea Turner","16252",607208
"Freddie Freeman","LAD",91,406.944,354.97,98.9191,60.0174,20.5503,0.348362,18.0031,59.1442,59.7481,43.7848,3.74349,71.4517,4.41301,3.35704,0.419672,7.55794,4.01621,1.49556,0.278669,0.107594,0.175581,0.612789,0.361889,0.490676,0.370089,0.852565,0.212007,3.45892,0.300946,,-0.35944,65.1755,17.4095,137.515,-0.35944,0.23,17.532298535108566,-6.821805492043495,2.42173,67.87999725341797,,,,,,,578.3,6.354945054,578.3,6.354945054,,,,,,,,,,,,,,,,,,,"Freddie Freeman","5361",518692
"Jeremy Peña","HOU",88,384.809,348.366,95.5131,65.2953,16.9974,2.89312,10.3272,51.4333,42.6482,24.255,0.465219,65.8306,6.81382,2.64576,1.84848,8.12203,9.95983,2.61413,0.274174,0.0630311,0.171073,0.368445,0.331296,0.42851,0.334968,0.759806,0.154336,6.04305,0.309931,,0.417332,50.853,5.68521,112.971,0.417332,-0.38,6.2831757962703705,3.694074273109436,2.40575,122.9800033569336,,,,,,,453.6,5.154545454,453.6,5.154545454,,,,,,,,,,,,,,,,,,,"Jeremy Pena","21636",665161
"Kyle Schwarber","PHI",97,422.136,350.676,82.1349,39.1668,14.4606,0.211086,28.2964,64.3671,74.2479,64.2193,2.30354,123.089,4.9419,1.98502,0.313679,5.84632,3.09214,1.23597,0.234219,0.152129,0.291586,0.52173,0.358672,0.518732,0.380149,0.877404,0.284513,3.07674,0.267486,,-0.446345,70.9952,21.446,142.231,-0.446345,0,20.44639751315117,-10.417296409606934,2.40133,24.690000534057617,,,,,,,621.9,6.411340206,621.9,6.411340206,,,,,,,,,,,,,,,,,,,"Kyle Schwarber","16478",656941
"Taylor Ward","BAL",92,405.053,346.967,88.439,53.8731,17.8001,0.859583,15.9063,54.8401,51.6277,50.2384,0.583499,91.1385,3.92582,3.47444,0.447804,6.41177,3.40893,1.21751,0.254892,0.124029,0.225004,0.551231,0.35245,0.44868,0.353762,0.80113,0.193788,3.51524,0.298003,,-0.382986,59.5988,12.0548,126.59,-0.382986,1.16,12.274060606956482,-3.0992592573165894,2.39629,148.42999267578125,,,,,,,519,5.641304347,519,5.641304347,,,,,,,,,,,,,,,,,,,"Taylor Ward","17548",621493
"Xander Bogaerts","SDP",91,386.247,341.524,90.2334,61.8463,16.9084,0.888709,10.59,49.5705,43.9955,32.9045,0.894239,66.4697,3.34146,3.63127,0.762812,7.84394,11.5013,3.92158,0.264208,0.0851904,0.172091,0.49503,0.331617,0.411945,0.328941,0.743562,0.147737,4.85064,0.29707,,0.184372,49.1864,3.84984,112.76,0.184372,0.69,5.960537999868393,4.902963101863861,2.37006,237.1999969482422,,,,,,,440,4.835164835,440,4.835164835,,,,,,,,,,,,,,,,,,,"Xander Bogaerts","12161",593428
"Seiya Suzuki","CHC",86,380.779,332.089,87.6488,51.2395,15.44,2.33411,18.6352,55.6411,56.5898,41.7732,1.92893,91.233,2.94997,3.38181,0.585213,5.49129,4.66734,1.50082,0.263932,0.109704,0.239595,0.457874,0.34817,0.492828,0.364828,0.840998,0.228896,4.97892,0.305908,,-0.176273,59.3874,14.6926,135.224,-0.176273,0.81,15.542749166488647,-4.619292676448822,2.35842,113.43000030517578,,,,,,,533.2,6.2,533.2,6.2,,,,,,,,,,,,,,,,,,,"Seiya Suzuki","30116",673548
"Aaron Judge","NYY",43,184.804,149.719,43.8894,20.8638,7.69939,0.105259,15.2209,32.1802,37.8094,31.7123,5.24292,46.7935,1.81547,1.24049,0.174476,2.51234,2.83696,1.05625,0.293144,0.171599,0.253206,0.677708,0.419633,0.650965,0.446751,1.0706,0.35782,3.46093,0.322315,,-0.12374,40.8958,19.204,189.376,-0.12374,-0.61,19.28664119541645,-2.9711111783981323,2.33632,1.850000023841858,,,,,,,365.5,8.5,365.5,8.5,,,,,,,,,,,,,,,,,,,"Aaron Judge","15640",592450
"Brent Rooker","ATH",89,388.798,342.7,93.6676,51.1557,19.2009,1.04545,22.2656,58.7977,62.994,37.9687,1.64999,94.4925,4.96161,2.75198,0.415815,5.48799,3.9092,1.33946,0.273322,0.0976565,0.243037,0.401817,0.35171,0.530365,0.380516,0.882075,0.257043,4.07034,0.312216,,-0.253512,65.5023,19.8663,140.498,-0.253512,-0.01,18.249921172857285,-9.196900138631463,2.32538,42.11000061035156,,,,,,,584.8,6.570786516,584.8,6.570786516,,,,,,,,,,,,,,,,,,,"Brent Rooker","19627",667670
"Maikel Garcia","KCR",91,395.837,354.905,97.4374,68.4442,18.1921,3.8222,6.97888,53.0786,39.7556,33.4936,0.476905,53.7425,0.993434,3.7897,2.6556,7.78634,13.7916,4.48396,0.274545,0.0846146,0.135769,0.623224,0.33553,0.406335,0.328322,0.741866,0.131791,6.15603,0.303579,,0.384821,50.2123,3.75003,104.882,0.384821,4.65,2.6559021174907684,6.084521412849426,2.31865,63.150001525878906,,,,,,,446.4,4.905494505,446.4,4.905494505,,,,,,,,,,,,,,,,,,,"Maikel Garcia","22715",672580
"Oneil Cruz","PIT",84,370.657,326.363,82.8071,45.3754,17.4327,0.958324,19.0407,58.5626,54.0541,39.0561,1.88092,111.938,2.85343,2.08675,0.298081,5.04509,18.3668,4.54276,0.253727,0.10537,0.301999,0.348908,0.336745,0.488041,0.358138,0.824786,0.234314,6.09998,0.322915,,1.36582,55.8314,12.3246,126.979,1.36582,-3.16,13.085507154464722,-2.2297168970108032,2.31855,92.93000030517578,,,,,,,518.6,6.173809523,518.6,6.173809523,,,,,,,,,,,,,,,,,,,"Oneil Cruz","21711",665833
"Nico Hoerner","CHC",95,419.572,379.771,106.762,81.4949,17.5082,3.60211,4.15686,54.6071,39.3043,29.3006,0.773862,36.0364,6.1664,3.48501,0.849106,8.48733,16.4388,4.77627,0.281123,0.0698344,0.0858884,0.813083,0.339674,0.379032,0.321072,0.718705,0.0979091,6.37796,0.299086,,0.722297,50.7973,1.5492,105.451,0.722297,4.21,3.402518391609192,5.766732811927795,2.30487,101.93000030517578,,,,,,,453.2,4.770526315,453.2,4.770526315,,,,,,,,,,,,,,,,,,,"Nico Hoerner","21479",663538
"Alex Bregman","CHC",94,415.488,364.094,92.2786,60.3598,18.2173,0.636127,13.0654,50.9064,51.5874,41.8161,1.34316,60.3032,5.30344,3.56867,0.70564,7.73185,2.38362,0.977794,0.253447,0.100643,0.145138,0.693432,0.336075,0.414629,0.332798,0.750704,0.161182,2.94416,0.269163,,-0.483113,54.1881,5.41929,113.429,-0.483113,1.7,6.056183725595474,3.150617241859436,2.29543,119.16999816894531,,,,,,,473.3,5.035106382,473.3,5.035106382,,,,,,,,,,,,,,,,,,,"Alex Bregman","17678",608324
"Hunter Goodman","COL",87,356.203,324.345,83.8475,45.1122,17.9493,1.72794,19.0581,49.1996,59.4184,24.6999,0.505534,95.2828,3.95824,2.84663,0.352955,4.8443,3.40437,1.18157,0.258513,0.0693423,0.267496,0.259227,0.31616,0.500784,0.352811,0.816945,0.242271,4.61137,0.304389,,-0.188762,52.1409,10.3308,111.531,-0.188762,3.25,4.624773159623146,6.161464691162109,2.26439,67.36000061035156,,,,,,,478.5,5.5,478.5,5.5,,,,,,,,,,,,,,,,,,,"Hunter Goodman","29715",696100
"JJ Wetherholt","STL",92,389.264,341.378,88.3394,57.0189,18.1994,0.953611,12.1675,49.7322,47.794,37.2299,1.63543,69.9451,7.19443,2.79963,0.662515,7.2587,7.00495,2.09642,0.258773,0.0956418,0.179686,0.532273,0.341645,0.424599,0.339027,0.766244,0.165826,4.33575,0.290661,,0.0173296,52.7017,7.01103,118.026,0.0173296,0,8.240705912932754,1.4821597337722778,2.26299,999,,,,,,,462.2,5.023913043,462.2,5.023913043,,,,,,,,,,,,,,,,,,,"JJ Wetherholt","34985",802139
"Brice Turang","MIL",95,402.923,351.894,92.1654,64.1861,16.6371,1.89148,9.45078,52.3417,42.9677,44.3603,1.23263,85.7092,1.46974,2.66004,2.53837,7.19399,17.7584,4.07449,0.261912,0.110096,0.212719,0.517567,0.344657,0.400512,0.33219,0.745169,0.1386,5.81229,0.318876,,1.31215,52.3539,5.05999,111.973,1.31215,0.67,6.966029405593872,2.229626953601837,2.2534,48.18000030517578,,,,,,,466.5,4.910526315,466.5,4.910526315,,,,,,,,,,,,,,,,,,,"Brice Turang","22186",668930
"Kyle Tucker","LAD",91,406.944,346.18,90.22,53.5765,19.3262,0.836319,16.481,60.5672,54.4915,53.7151,2.55692,65.1453,2.39554,3.2754,0.50594,5.94602,9.44459,3.43287,0.260616,0.131996,0.160084,0.824542,0.360806,0.464099,0.361503,0.824904,0.203483,4.53068,0.275321,,-0.0796412,62.3893,14.6233,131.673,-0.0796412,-1.76,15.025908641517162,-5.972963094711304,2.25187,13.130000114440918,,,,,,,545.9,5.998901098,545.9,5.998901098,,,,,,,,,,,,,,,,,,,"Kyle Tucker","18345",663656
"Otto Lopez","MIA",88,382.638,351.077,99.7492,70.5397,17.6834,2.92827,8.59793,48.2926,44.3296,23.7731,0.932397,58.9765,3.11674,3.25049,1.4205,8.27725,11.2326,3.41555,0.284123,0.0621294,0.154131,0.403094,0.332196,0.424644,0.33264,0.75684,0.140521,5.63033,0.317873,,0.341152,49.8556,4.94258,110.174,0.341152,0.8,4.903610467910767,4.874074280261993,2.24705,229.16000366210938,,,,,,,456.4,5.186363636,456.4,5.186363636,,,,,,,,,,,,,,,,,,,"Otto Lopez","19608",672640
"Bo Bichette","NYM",97,420.637,387.966,110.603,79.4391,18.331,1.14289,11.6899,52.1909,51.4286,26.5857,0.649653,67.9823,2.42519,3.05577,0.554522,9.91452,3.69663,1.61582,0.285084,0.0632035,0.161617,0.391069,0.332388,0.428619,0.334987,0.761007,0.143535,3.52896,0.317691,,-0.490079,55.5939,6.22072,116.435,-0.490079,-0.63,7.611762464046478,0.9280120134353638,2.24383,92.86000061035156,,,,,,,493.3,5.08556701,493.3,5.08556701,,,,,,,,,,,,,,,,,,,"Bo Bichette","19612",666182
"Jazz Chisholm Jr.","NYY",85,369.609,326.86,77.1266,45.9556,13.9414,1.19599,16.0337,53.7973,44.7857,36.4645,0.843983,98.4299,2.98815,2.60409,0.692254,5.15689,20.5694,5.0359,0.235963,0.0986571,0.266308,0.370462,0.316005,0.433094,0.329299,0.749099,0.197132,6.2815,0.284153,,1.6092,47.1733,3.78973,109.675,1.6092,1.82,5.811694025993347,3.0097070932388306,2.23266,19.520000457763672,,,,,,,443.8,5.22117647,443.8,5.22117647,,,,,,,,,,,,,,,,,,,"Jazz Chisholm Jr.","20454",665862
"Randy Arozarena","SEA",95,417.075,360.799,88.8229,55.22,17.5974,1.24605,14.7594,58.1182,47.7296,41.8371,0.499968,100.668,11.1952,2.7376,0.505403,7.53921,15.9396,5.36066,0.246184,0.100311,0.241366,0.415597,0.340532,0.424587,0.340363,0.765119,0.178403,5.58057,0.298511,,0.428109,56.9113,7.95631,122.567,0.428109,0,11.488718420267105,-4.519059181213379,2.21353,89.37999725341797,,,,,,,511.7,5.386315789,511.7,5.386315789,,,,,,,,,,,,,,,,,,,"Randy Arozarena","19290",668227
"Manny Machado","SDP",91,386.247,345.282,88.0488,54.9362,15.8227,0,17.2899,48.3144,54.6809,35.3945,2.27421,74.0798,1.38434,3.47146,0.610599,6.95852,4.22309,1.92729,0.255006,0.0916369,0.191794,0.477789,0.32378,0.451055,0.337607,0.774836,0.19605,3.02111,0.274916,,-0.415197,51.8558,6.51924,118.657,-0.415197,1.09,8.030362993478775,1.2597530633211136,2.20882,37.52000045776367,,,,,,,464,5.098901098,464,5.098901098,,,,,,,,,,,,,,,,,,,"Manny Machado","11493",592518
"Iván Herrera","STL",90,369.654,320.004,87.0888,59.143,16.0203,0.297192,11.6284,48.5368,45.5047,38.9175,1.66367,66.3562,7.86628,2.30751,0.558238,9.32899,3.90952,1.70971,0.272149,0.105281,0.179509,0.586493,0.362705,0.433084,0.353275,0.795788,0.160935,3.39538,0.30885,,-0.467208,54.2468,10.8579,127.721,-0.467208,2.19,11.541953802108765,-1.7269787788391113,2.20862,178.42999267578125,,,,,,,469.4,5.215555555,469.4,5.215555555,,,,,,,,,,,,,,,,,,,"Ivan Herrera","20599",671056
"Ian Happ","CHC",92,406.301,347.555,85.1305,48.9001,18.3681,1.17247,16.6899,56.1995,54.4185,52.4013,1.63035,100.447,3.49699,2.33408,0.513196,6.61364,4.60126,1.42825,0.244941,0.128972,0.247223,0.521682,0.347544,0.4486,0.350834,0.796144,0.203659,4.11913,0.294049,,-0.208037,58.8336,11.1432,125.702,-0.208037,0.78,12.030415683984756,-3.5396740436553955,2.19216,184.86000061035156,,,,,,,517.4,5.623913043,517.4,5.623913043,,,,,,,,,,,,,,,,,,,"Ian Happ","17919",664023
"Alejandro Kirk","TOR",60,238.591,210.201,56.2957,38.1912,9.58891,0,8.5156,29.4561,30.4966,23.459,0.912566,28.6061,2.28291,2.29869,0.349146,6.05839,0.223611,0.116073,0.267818,0.0983229,0.119896,0.820069,0.344346,0.434971,0.343522,0.779316,0.167153,1.74505,0.27244,,-0.335337,33.1576,5.15244,118.804,-0.335337,4.01,4.937017172574997,8.074657917022705,2.1911,160.25,,,,,,,292.2,4.87,292.2,4.87,,,,,,,,,,,,,,,,,,,"Alejandro Kirk","22581",672386
"Drake Baldwin","ATL",76,317.754,281.566,75.9641,48.867,13.6435,0.528837,12.9247,42.0744,43.9233,30.4132,0.722278,58.8608,2.93012,2.53899,0.306327,7.31246,0.834716,0.301719,0.269792,0.0957129,0.18524,0.516697,0.344332,0.459713,0.352727,0.804044,0.189921,2.75385,0.296908,,-0.386466,46.4916,9.19448,124.716,-0.386466,2.01,8.817871063947678,2.2806552350521088,2.17128,78.62999725341797,,,,,,,413,5.434210526,413,5.434210526,,,,,,,,,,,,,,,,,,,"Drake Baldwin","31539",686948
"Trent Grisham","NYY",81,352.534,297.364,70.7901,38.0875,14.4897,0.390218,17.8227,49.0907,48.9536,48.0111,0.25178,74.4722,3.56072,2.25155,1.34675,5.69853,4.0382,1.36005,0.238058,0.136188,0.211248,0.644686,0.348423,0.469216,0.359603,0.81764,0.231158,3.5041,0.255485,,-0.220147,53.5134,12.1339,130.239,-0.220147,-5,12.30745330452919,-3.7500001192092896,2.14423,253.82000732421875,,,,,,,471.2,5.81728395,471.2,5.81728395,,,,,,,,,,,,,,,,,,,"Trent Grisham","18564",663757
"Zach Neto","LAA",93,403.453,354.664,86.3999,51.5439,16.936,2.00856,15.9115,55.5949,47.2758,33.7466,1.70037,103.343,10.1635,2.49136,2.38749,5.2702,16.2561,5.35871,0.243611,0.0836446,0.256146,0.32655,0.32491,0.437281,0.335095,0.76219,0.19367,6.2735,0.296294,,0.566092,53.3575,6.00141,111.31,0.566092,-3.49,5.928593575954437,0.8155553340911865,2.14145,32.29999923706055,,,,,,,486.1,5.22688172,486.1,5.22688172,,,,,,,,,,,,,,,,,,,"Zach Neto","31347",687263
"Michael Harris II","ATL",86,378.666,351.65,95.2598,60.4141,18.4565,1.33354,15.0556,52.0996,50.6747,20.0554,1.00392,71.277,3.09011,2.64547,1.22511,7.12745,9.98437,2.85045,0.270894,0.0529633,0.188232,0.281373,0.313706,0.459407,0.336174,0.773113,0.188513,5.30288,0.299311,,0.396071,50.4053,5.95858,113.453,0.396071,1.39,6.366401344537735,2.3552075624465942,2.1259,99.06999969482422,,,,,,,458.5,5.331395348,458.5,5.331395348,,,,,,,,,,,,,,,,,,,"Michael Harris II","25931",671739
"Cody Bellinger","NYY",90,390.7,345.434,88.5829,54.4339,18.0218,1.25938,14.8678,50.4173,49.6207,38.6429,1.23116,56.9458,1.9971,4.306,0.32087,5.44548,8.24529,2.18878,0.25644,0.0989067,0.145753,0.678591,0.331019,0.445026,0.33973,0.776044,0.188586,4.6996,0.265233,,0.259131,53.115,7.25569,116.753,0.259131,2.49,7.95114141702652,-0.9135408401489258,2.12568,80.98999786376953,,,,,,,484.9,5.387777777,484.9,5.387777777,,,,,,,,,,,,,,,,,,,"Cody Bellinger","15998",641355
"Austin Wells","NYY",70,279.215,246.476,53.5931,30.909,10.9724,0.28455,11.4271,31.9471,35.7405,27.2099,0.871735,68.7515,2.79372,2.2099,0.52594,3.82886,1.67427,0.621682,0.217438,0.0974514,0.246231,0.395772,0.299964,0.40335,0.310598,0.703314,0.185913,2.94783,0.250233,,-0.236139,31.4723,-1.30116,96.9849,-0.236139,6.94,-1.225479781627655,12.128726959228516,2.12106,246.13999938964844,,,,,,,282.7,4.038571428,282.7,4.038571428,,,,,,,,,,,,,,,,,,,"Austin Wells","27562",669224
"Jackson Merrill","SDP",91,386.247,349.283,91.7122,56.4635,20.1462,1.78895,13.3135,49.8863,48.5907,29.6901,1.48724,82.284,2.02378,3.17809,2.0718,5.42409,8.86279,2.20809,0.262573,0.0768681,0.213035,0.360824,0.321276,0.444845,0.334264,0.76612,0.182272,5.23471,0.305215,,0.41249,50.8262,5.48964,116.383,0.41249,-0.71,7.828457713127136,0.5708641409873962,2.11754,70.79000091552734,,,,,,,465.3,5.113186813,465.3,5.113186813,,,,,,,,,,,,,,,,,,,"Jackson Merrill","29490",701538
"Brandon Nimmo","TEX",87,374.544,328.551,85.4132,52.4583,17.2288,1.34264,14.3834,50.3315,47.349,37.0554,0.645414,77.006,5.5994,2.71957,0.619112,7.13194,4.70614,1.28666,0.25997,0.0989347,0.205599,0.481202,0.342497,0.451917,0.349589,0.794413,0.191947,4.30214,0.296105,,-0.0832666,53.8633,9.90043,123.72,-0.0832666,1.47,10.356993332505226,-2.9849660396575928,2.10187,145.4600067138672,,,,,,,469.3,5.394252873,469.3,5.394252873,,,,,,,,,,,,,,,,,,,"Brandon Nimmo","12927",607043
"Gabriel Moreno","ARI",68,271.796,241.066,66.1631,45.927,12.2615,1.21502,6.75958,34.2739,33.2655,25.595,1.04659,45.9976,2.41449,2.24474,0.475817,5.87026,3.2057,1.20778,0.27446,0.0941698,0.169236,0.556442,0.34709,0.419525,0.339188,0.766615,0.145065,4.29458,0.311741,,-0.237226,36.8328,4.93015,114.988,-0.237226,2.45,4.537096545100212,7.326543092727661,2.10015,181.22000122070312,,,,,,,321.8,4.732352941,321.8,4.732352941,,,,,,,,,,,,,,,,,,,"Gabriel Moreno","22664",672515
"Matt Chapman","SFG",91,395.43,343.899,82.1709,49.5565,17.5894,1.55787,13.4671,50.593,45.8156,43.7804,0.802708,87.0627,4.26981,3.07538,0.40551,6.30644,4.77255,1.43241,0.238939,0.110716,0.220172,0.502861,0.329653,0.416626,0.330863,0.746279,0.177687,4.47826,0.27878,,-0.141889,50.9621,4.54758,112.717,-0.141889,0.78,5.75148905813694,2.1843209266662598,2.09992,163.6199951171875,,,,,,,451.7,4.963736263,451.7,4.963736263,,,,,,,,,,,,,,,,,,,"Matt Chapman","16505",656305
"Riley Greene","DET",93,405.941,358.549,91.6007,54.6411,18.7242,0.759532,17.4759,53.9267,56.0742,41.0785,0.873852,113.661,3.2705,2.75329,0.289752,7.23061,2.13442,0.702512,0.255476,0.101193,0.279993,0.361414,0.33514,0.458157,0.347783,0.793297,0.202681,3.21673,0.32205,,-0.378106,57.794,10.1458,120.844,-0.378106,1,9.56561541557312,-3.5472707748413086,2.07601,78.4800033569336,,,,,,,509.8,5.48172043,509.8,5.48172043,,,,,,,,,,,,,,,,,,,"Riley Greene","25976",682985
"Matt Olson","ATL",96,421.304,362.82,90.6405,52.5455,17.5438,0.604496,19.9468,56.8099,60.6824,51.238,2.23712,94.8817,3.46296,3.40777,0.374562,7.13004,1.21685,0.48643,0.249822,0.121618,0.22521,0.54002,0.345287,0.466439,0.354858,0.811727,0.216617,2.73274,0.281201,,-0.509681,62.358,12.9065,126.166,-0.509681,1.78,12.409928262233734,-5.6274073123931885,2.06592,48.0099983215332,,,,,,,556.4,5.795833333,556.4,5.795833333,,,,,,,,,,,,,,,,,,,"Matt Olson","14344",621566
"Willson Contreras","BOS",89,381.383,326.825,86.4242,52.3588,15.2267,1.34187,17.4968,53.4874,55.9073,37.1227,0.841256,91.7745,11.9998,2.65899,0.939097,8.05823,3.22438,1.1497,0.264435,0.097337,0.240636,0.404499,0.358015,0.479844,0.367708,0.837858,0.215408,4.19343,0.313003,,-0.356216,60.3577,15.592,130.435,-0.356216,0.52,13.284209370613098,-6.5941972732543945,2.05657,168.1999969482422,,,,,,,513.5,5.769662921,513.5,5.769662921,,,,,,,,,,,,,,,,,,,"Willson Contreras","11609",575929
"Austin Riley","ATL",89,390.848,349.169,88.4989,52.2115,17.7362,1.31402,17.2371,51.9161,54.8161,32.5448,0.380745,100.327,5.70616,3.02268,0.404967,6.0375,2.57208,0.888561,0.253455,0.0832671,0.256689,0.324389,0.324631,0.459876,0.343243,0.784506,0.20642,3.75632,0.303722,,-0.324214,54.2302,8.35358,118.263,-0.324214,-1.68,8.041495263576508,-0.42728662490844727,2.05205,59.36000061035156,,,,,,,481.4,5.408988764,481.4,5.408988764,,,,,,,,,,,,,,,,,,,"Austin Riley","18360",663586
"Bryson Stott","PHI",86,374.784,337.286,87.6036,57.7214,17.2801,1.33491,11.2672,49.5246,43.6549,31.3423,0.57345,63.3601,2.09172,2.84107,1.22345,5.83212,13.892,3.39385,0.259731,0.0836275,0.169057,0.494669,0.32401,0.419095,0.327835,0.743106,0.159364,5.55867,0.28752,,0.913138,47.3962,3.40509,106.634,0.913138,2.59,3.827000379562378,3.9781792163848877,2.01935,181.44000244140625,,,,,,,431.4,5.016279069,431.4,5.016279069,,,,,,,,,,,,,,,,,,,"Bryson Stott","26294",681082
"Wilyer Abreu","BOS",81,346.712,307.093,78.3559,45.3184,17.3946,1.1891,14.4538,45.3615,49.7627,34.2507,1.45153,74.037,1.88139,2.83942,0.647669,4.45898,6.29932,1.78243,0.255154,0.0987871,0.21354,0.462616,0.330829,0.46074,0.345179,0.791569,0.205586,4.54335,0.288573,,0.109093,48.6416,7.94553,115.147,0.109093,4.78,6.280458636581898,0.9682717323303223,1.98919,199.89999389648438,,,,,,,430.2,5.311111111,430.2,5.311111111,,,,,,,,,,,,,,,,,,,"Wilyer Abreu","23772",677800
"CJ Abrams","WSN",91,394.588,352.871,90.3171,56.122,19.2174,1.57735,13.4004,52.9848,49.0863,29.7875,1.24126,73.7642,8.07242,2.67939,1.17733,6.08018,17.4966,4.72656,0.255949,0.0754901,0.18694,0.40382,0.32581,0.433275,0.333894,0.759085,0.177326,6.13881,0.28659,,1.07794,51.8074,5.49177,112.395,1.07794,-3.78,6.810061454772949,0.040357112884521484,1.98595,65,,,,,,,472,5.186813186,472,5.186813186,,,,,,,,,,,,,,,,,,,"CJ Abrams","25768",682928
"Max Muncy","LAD",65,288.166,241.795,55.431,28.9539,11.3944,0.466965,14.6157,41.2204,42.3077,40.584,1.28022,72.2702,3.28367,2.25729,0.246472,3.95676,1.24947,0.402259,0.229248,0.140835,0.250794,0.561559,0.344883,0.461576,0.353849,0.806459,0.232327,3.15116,0.259695,,-0.292111,42.4202,8.59608,126.464,-0.292111,0.63,8.645435750484467,1.5418967008590698,1.98163,234.3699951171875,,,,,,,372.8,5.735384615,372.8,5.735384615,,,,,,,,,,,,,,,,,,,"Max Muncy","13301",571970
"Geraldo Perdomo","ARI",94,407.193,343.472,86.8781,63.2944,16.2405,1.81866,5.52449,51.1109,33.6709,48.5106,0.589945,52.6484,4.09576,3.63129,7.48312,8.09828,12.6131,3.92669,0.252941,0.119134,0.129296,0.921407,0.348964,0.359067,0.321516,0.708031,0.106126,5.3829,0.281568,,0.309033,49.4428,1.64768,102.963,0.309033,0.08,1.723253846168518,4.43185193836689,1.95571,76.7699966430664,,,,,,,430.9,4.584042553,430.9,4.584042553,,,,,,,,,,,,,,,,,,,"Geraldo Perdomo","22799",672695
"Willy Adames","SFG",93,403.46,354.848,83.9861,49.3561,17.7964,1.10952,15.724,51.1213,50.7134,41.0422,0.871985,102.061,2.4089,3.21783,0.359733,4.8824,6.42226,2.05975,0.236682,0.101726,0.252965,0.402134,0.31739,0.426024,0.327322,0.743413,0.189342,4.44245,0.284093,,-0.0426668,50.8575,3.50053,110.307,-0.0426668,-2.89,4.830980408936739,1.4155552387237549,1.95293,133.92999267578125,,,,,,,458.5,4.930107526,458.5,4.930107526,,,,,,,,,,,,,,,,,,,"Willy Adames","15986",642715
"Ceddanne Rafaela","BOS",86,368.506,340.615,88.1986,57.6661,16.9867,3.20024,10.3456,47.4417,42.7325,18.6582,0.488436,77.773,4.67918,2.60654,1.94674,5.32344,12.8623,3.47039,0.258939,0.0506322,0.21105,0.239906,0.304279,0.418721,0.316908,0.722999,0.159781,6.49304,0.305183,,0.729043,43.391,0.136875,95.9617,0.729043,5.56,-1.0197635293006897,6.887160420417786,1.92597,125.02999877929688,,,,,,,400.5,4.656976744,400.5,4.656976744,,,,,,,,,,,,,,,,,,,"Ceddanne Rafaela","24262",678882
"Tyler Soderstrom","ATH",86,375.67,332.931,88.3334,51.1177,19.468,0.812541,16.9352,52.4333,54.1996,36.0701,1.68382,77.4183,3.2803,3.06505,0.324189,7.41672,3.44473,1.06235,0.265321,0.0960153,0.20608,0.465912,0.340176,0.481277,0.35716,0.821454,0.215956,3.74536,0.295471,,-0.213868,56.2933,12.1982,124.648,-0.213868,-1.09,10.667511746287346,-5.224028468132019,1.90829,82.8499984741211,,,,,,,500.3,5.81744186,500.3,5.81744186,,,,,,,,,,,,,,,,,,,"Tyler Soderstrom","27467",691016
"Isaac Paredes","HOU",89,389.859,334.643,77.7773,48.7245,13.9558,0.522149,14.5748,47.1173,46.8313,43.7306,0.228598,64.1818,8.12849,2.94672,0.409832,6.08644,0.715096,0.310775,0.232418,0.11217,0.164628,0.681355,0.332871,0.407902,0.331146,0.740773,0.175484,2.29316,0.244182,,-0.51367,50.3321,4.57158,110.378,-0.51367,-0.25,4.240916311740875,0.5263016223907471,1.88999,243.60000610351562,,,,,,,447,5.02247191,447,5.02247191,,,,,,,,,,,,,,,,,,,"Isaac Paredes","20036",670623
"J.P. Crawford","SEA",87,382.572,326.83,79.9731,55.5694,15.1615,0.411579,8.83062,44.5577,38.8651,46.0844,0.413121,72.8107,3.75478,2.14369,1.94418,8.39635,2.80589,0.996792,0.244694,0.120459,0.190319,0.632935,0.342682,0.374659,0.324498,0.717341,0.129965,3.07486,0.28764,,-0.400403,47.3629,2.45769,111.8,-0.400403,-3.58,4.904787629842758,0.05555987358093262,1.88359,748.5399780273438,,,,,,,402,4.620689655,402,4.620689655,,,,,,,,,,,,,,,,,,,"J.P. Crawford","15491",641487
"Kazuma Okamoto","TOR",83,362.417,317.575,72.672,40.2051,14.0301,0.407117,18.0296,46.027,51.9948,36.9949,1.32963,95.2339,4.98295,2.41783,0.446224,6.05886,0.600835,0.244738,0.228834,0.102078,0.262775,0.388463,0.316738,0.445895,0.334201,0.762633,0.217061,2.28614,0.264318,,-0.406602,47.6721,5.13264,112.479,-0.406602,0,4.90818864107132,0.7082425355911255,1.87837,999,,,,,,,428.5,5.162650602,428.5,5.162650602,,,,,,,,,,,,,,,,,,,"Kazuma Okamoto","37123",672960
"Sal Stewart","CIN",86,368.255,328.084,89.6025,54.7855,16.535,1.14256,17.1395,51.2905,52.6496,34.1196,1.79394,71.6602,2.93935,2.66419,0.44739,6.85973,5.49308,2.29015,0.273108,0.0926523,0.194594,0.476131,0.344369,0.487196,0.361385,0.831565,0.214087,4.22019,0.299498,,-0.31273,56.423,13.1984,126.178,-0.31273,0.09,10.985346168279648,-4.570493847131729,1.85563,161.8699951171875,,,,,,,505.7,5.880232558,505.7,5.880232558,,,,,,,,,,,,,,,,,,,"Sal Stewart","31505",701398
"Gleyber Torres","DET",92,401.902,346.671,89.0808,63.407,15.7818,0.755361,9.13665,48.7197,42.374,47.7259,0.285338,67.374,2.72036,3.67814,1.10613,7.90764,3.53139,1.80267,0.256961,0.11875,0.167638,0.708373,0.348125,0.385909,0.330251,0.734034,0.128948,3.35932,0.291939,,-0.629938,51.5998,4.42573,108.947,-0.629938,-1.24,3.595723867416382,-0.18273711204528809,1.7945,261.510009765625,,,,,,,443.1,4.816304347,443.1,4.816304347,,,,,,,,,,,,,,,,,,,"Gleyber Torres","16997",650402
"Victor Caratini","MIN",68,269.137,238.423,58.8583,41.6246,9.94861,0,7.28504,29.4237,30.1278,21.6888,0.474766,50.0052,5.47832,2.49148,0.346345,6.64995,0.435783,0.216104,0.246865,0.0805864,0.185798,0.433731,0.320893,0.380257,0.313584,0.70115,0.133392,1.97514,0.280863,,-0.361743,30.9773,-0.613278,97.1321,-0.361743,5.49,-1.268815279006958,9.207812786102295,1.78106,681.02001953125,,,,,,,268.2,3.944117647,268.2,3.944117647,,,,,,,,,,,,,,,,,,,"Victor Caratini","14968",605170
"J.T. Realmuto","PHI",74,296.2,263.327,69.1173,44.853,13.8663,1.40512,8.99285,37.736,37.046,21.3623,0.509032,64.4149,4.89948,2.36709,0.374518,5.58158,4.62888,1.46216,0.262477,0.0721211,0.217471,0.331636,0.32669,0.42826,0.332533,0.754949,0.165783,4.86278,0.312681,,-0.0445113,38.568,3.80078,109.831,-0.0445113,-1.02,3.3680451549589634,4.507160663604736,1.77083,212.27000427246094,,,,,,,339,4.581081081,339,4.581081081,,,,,,,,,,,,,,,,,,,"J.T. Realmuto","11739",592663
"Yandy Díaz","TBR",95,394.966,349.788,99.3023,67.827,15.9401,0.575117,14.96,50.1306,56.2391,37.8621,1.64871,55.4769,4.38112,2.33618,0.598291,11.4323,1.31469,0.585909,0.283893,0.0958618,0.14046,0.682485,0.358918,0.461058,0.360432,0.819976,0.177166,2.42977,0.299418,,-0.548782,60.2153,13.8553,128.798,-0.548782,-0.07,12.817937076091766,-9.607202835381031,1.74884,138.63999938964844,,,,,,,522.6,5.501052631,522.6,5.501052631,,,,,,,,,,,,,,,,,,,"Yandy Diaz","16578",650490
"Brandon Lowe","PIT",77,341.127,302.108,74.603,42.7981,16.0958,0.567821,15.1412,43.6944,49.9222,33.0812,0.532694,83.3479,3.16419,2.4904,0.282969,5.23672,1.94274,0.651176,0.246941,0.0969761,0.244331,0.396904,0.325217,0.454334,0.341546,0.779552,0.207393,3.23866,0.288496,,-0.291984,46.8698,6.82925,115.689,-0.291984,-0.18,5.98050183057785,0.23750078678131104,1.74719,187.57000732421875,,,,,,,420.1,5.455844155,420.1,5.455844155,,,,,,,,,,,,,,,,,,,"Brandon Lowe","18882",664040
"Michael Busch","CHC",85,375.675,325.332,81.3084,47.4396,17.5837,0.522555,15.7626,49.6208,53.0361,41.9956,0.8446,89.1165,5.15981,2.74616,0.44184,6.55305,1.64039,0.585825,0.249925,0.111787,0.237217,0.471243,0.342357,0.452538,0.349878,0.794896,0.202613,3.06828,0.293666,,-0.406175,54.1127,10.017,125.052,-0.406175,0.99,10.623551428318024,-5.598796606063843,1.73732,106.45999908447266,,,,,,,478.9,5.634117647,478.9,5.634117647,,,,,,,,,,,,,,,,,,,"Michael Busch","26319",683737
"Lars Nootbaar","STL",78,329.453,284.032,72.1089,44.7781,14.6302,0.509821,12.1908,43.3156,42.1455,39.9593,1.1513,62.447,2.21489,2.33224,0.914578,6.53357,3.58557,1.2529,0.253876,0.12129,0.189548,0.639892,0.347854,0.437737,0.347078,0.78559,0.183861,3.68968,0.282998,,-0.247841,46.719,8.04874,123.503,-0.247841,0.95,8.826970502734184,-2.3484607338905334,1.7359,745.989990234375,,,,,,,412,5.282051282,412,5.282051282,,,,,,,,,,,,,,,,,,,"Lars Nootbaar","21454",663457
"Konnor Griffin","PIT",79,349.273,317.807,84.644,58.7555,15.2837,3.01385,7.59099,47.1642,35.1392,22.5834,0.707474,91.1142,5.91991,1.83338,1.13012,5.66718,15.0697,3.7935,0.266338,0.0646581,0.260868,0.247858,0.325002,0.405052,0.323284,0.730054,0.138714,6.99278,0.348759,,1.00659,42.9024,1.90568,103.263,1.00659,0,2.342205047607422,3.3323044776916504,1.718,999,,,,,,,398.1,5.039240506,398.1,5.039240506,,,,,,,,,,,,,,,,,,,"Konnor Griffin","35376",804606
"Jordan Walker","STL",86,363.771,329.147,85.1189,49.6081,17.8031,1.42834,16.2794,50.6336,51.4691,28.3202,0.763209,92.901,3.82821,2.06348,0.412205,6.13428,7.79031,2.2504,0.258605,0.0778518,0.255384,0.304843,0.322732,0.46975,0.345379,0.792482,0.211146,5.23032,0.310047,,0.21077,51.0927,8.39438,122.347,0.21077,-0.48,9.73810538649559,-4.5794510543346405,1.7123,511.7200012207031,,,,,,,460.9,5.359302325,460.9,5.359302325,,,,,,,,,,,,,,,,,,,"Jordan Walker","27475",691023
"Jarren Duran","BOS",87,372.468,333.497,86.2884,50.6258,20.7031,1.93862,13.0208,52.772,46.582,31.9532,0.373731,87.2438,4.32528,2.00299,0.689796,5.31061,15.4394,3.20184,0.258738,0.0857879,0.234232,0.366252,0.329677,0.449573,0.342181,0.779251,0.190835,6.44645,0.311465,,1.32247,51.3644,7.64513,113.112,1.32247,1.64,7.0616371631622314,-3.43716037273407,1.71037,64.04000091552734,,,,,,,471.2,5.416091954,471.2,5.416091954,,,,,,,,,,,,,,,,,,,"Jarren Duran","24617",680776
"Evan Carter","TEX",67,289.873,253.121,58.6365,36.1453,11.949,1.51527,9.02687,38.4751,29.614,29.8525,0.754717,64.6646,3.71445,2.15275,1.03202,3.5904,11.2417,2.49984,0.231653,0.102985,0.223079,0.461652,0.319218,0.397819,0.318792,0.717038,0.166166,6.27664,0.273206,,0.86262,34.5678,0.543273,102.821,0.86262,3.21,1.8236891031265259,4.183129966259003,1.6576,280.4800109863281,,,,,,,325.5,4.858208955,325.5,4.858208955,,,,,,,,,,,,,,,,,,,"Evan Carter","27790",694497
"Masyn Winn","STL",93,394.167,357.088,89.7661,63.2257,16.3302,2.98427,7.22585,46.12,38.0967,27.8919,0.0789831,70.889,3.79211,2.98478,2.40956,6.77342,7.2364,2.19066,0.251383,0.0707616,0.179845,0.393458,0.310014,0.374536,0.304983,0.684549,0.123152,5.50729,0.292739,,0.0513712,42.6644,-3.60176,94.8606,0.0513712,1.56,-2.322764728218317,5.865555286407471,1.64562,364.7799987792969,,,,,,,380,4.086021505,380,4.086021505,,,,,,,,,,,,,,,,,,,"Masyn Winn","27479",691026
"Ezequiel Tovar","COL",88,385.549,354.897,95.3664,59.8533,19.8721,2.97031,12.6708,49.0403,50.8874,20.8839,0.0695723,91.4834,2.52572,3.28061,3.96185,5.42191,5.51514,1.80146,0.268716,0.0541667,0.237281,0.228281,0.311268,0.448557,0.331213,0.759825,0.179841,5.29451,0.325543,,-0.0723805,49.7961,4.5414,96.8343,-0.0723805,1.2,-1.5028088837862015,5.27407431602478,1.64099,209.22999572753906,,,,,,,452.1,5.1375,452.1,5.1375,,,,,,,,,,,,,,,,,,,"Ezequiel Tovar","24064",678662
"George Springer","TOR",87,379.531,332.063,85.6832,52.3993,15.4661,0.959921,16.8579,53.5683,50.4932,38.4712,0.582265,72.8616,4.16036,2.51911,0.571061,7.33006,6.95251,2.27595,0.258033,0.101365,0.191978,0.528003,0.340165,0.462692,0.352316,0.802857,0.204659,4.64183,0.281078,,-0.0382525,55.406,10.8578,124.772,-0.0382525,-0.1,11.01027711108327,-8.412005998194218,1.63059,94.37999725341797,,,,,,,492.3,5.658620689,492.3,5.658620689,,,,,,,,,,,,,,,,,,,"George Springer","12856",543807
"Roman Anthony","BOS",69,295.201,253.647,67.2054,42.5564,15.0666,0.8938,8.68855,39.5505,35.8544,37.2448,0.817051,69.2508,2.26832,1.74506,0.295677,6.33517,4.63682,1.37124,0.264957,0.126168,0.234589,0.537824,0.361874,0.434168,0.353382,0.796042,0.169211,4.35279,0.329761,,-0.0619522,43.3459,8.69612,120.713,-0.0619522,2.07,7.123592332005501,-1.7417285442352295,1.6127,50.75,,,,,,,378.7,5.488405797,378.7,5.488405797,,,,,,,,,,,,,,,,,,,"Roman Anthony","31812",701350
"Christian Walker","HOU",93,406.019,360.978,86.8535,49.1984,15.6699,0.430279,21.5549,52.2681,60.4555,35.6309,1.34936,94.3177,5.51606,3.37833,0.515563,6.71972,1.81716,0.709597,0.240606,0.0877566,0.232299,0.377775,0.315658,0.465537,0.34004,0.781195,0.224931,2.79157,0.262788,,-0.396319,55.2981,7.64074,116.413,-0.396319,1.18,7.435013502836227,-6.025825381278992,1.60396,212.94000244140625,,,,,,,506.4,5.44516129,506.4,5.44516129,,,,,,,,,,,,,,,,,,,"Christian Walker","13419",572233
"Jose Altuve","HOU",86,376.729,335.798,86.0623,56.9808,15.5203,1.39118,12.1699,48.522,43.6467,34.325,1.30221,66.4263,3.32488,2.35114,0.930444,7.51604,6.61696,2.24248,0.256292,0.0911133,0.176324,0.516739,0.329198,0.419523,0.330636,0.748721,0.163231,4.54363,0.284691,,-0.08577,48.4838,4.26441,110.032,-0.08577,-2.33,4.355484090745449,-2.315088056959212,1.56335,116.5199966430664,,,,,,,429.2,4.990697674,429.2,4.990697674,,,,,,,,,,,,,,,,,,,"Jose Altuve","5417",514888
"Salvador Perez","KCR",89,367.707,333.899,84.1987,50.2792,16.1712,0,17.7484,42.5966,58.7888,20.1694,2.48364,72.2947,6.19537,3.46135,0.374568,6.12838,0.262108,0.142614,0.252168,0.0548519,0.19661,0.278989,0.303975,0.460064,0.330288,0.764039,0.207896,1.67588,0.268684,,-0.397281,47.2205,4.06014,106.217,-0.397281,-0.63,2.2890146672725677,-0.10174739360809326,1.54597,91.13999938964844,,,,,,,430,4.831460674,430,4.831460674,,,,,,,,,,,,,,,,,,,"Salvador Perez","7304",521692
"Xavier Edwards","MIA",88,382.638,340.525,95.3505,74.1546,16.0998,2.27402,2.82216,46.2476,32.395,34.6048,1.01593,49.9665,1.69597,2.67235,3.13986,7.68673,16.0795,4.39664,0.28001,0.0904375,0.130584,0.69256,0.346909,0.365508,0.320218,0.712417,0.0854982,5.66665,0.318614,,0.841219,46.0651,1.15216,101.722,0.841219,-0.12,1.6132579445838928,1.2380245998501778,1.53724,182.42999267578125,,,,,,,407.2,4.627272727,407.2,4.627272727,,,,,,,,,,,,,,,,,,,"Xavier Edwards","22266",669364
"Josh Jung","TEX",85,366.575,336.84,87.1999,58.0209,17.554,0.508776,11.1163,41.9559,44.6462,23.559,0.363122,76.3216,3.30931,2.40416,0.46282,6.8398,1.96516,0.802282,0.258877,0.0642678,0.208202,0.30868,0.311566,0.413016,0.319435,0.724582,0.15414,2.91306,0.302152,,-0.38101,43.9027,0.875141,103.258,-0.38101,-0.2,1.022478461265564,1.1117283552885056,1.53646,610.5,,,,,,,393.5,4.629411764,393.5,4.629411764,,,,,,,,,,,,,,,,,,,"Josh Jung","26299",673962
"Teoscar Hernández","LAD",69,305.725,277.604,74.1234,44.5199,13.6926,1.35727,14.5536,44.5107,44.8884,22.4278,0.642319,77.7346,3.11844,2.20628,0.368252,5.62421,3.15075,0.992134,0.267011,0.0733594,0.254263,0.288517,0.326404,0.483391,0.351774,0.809796,0.21638,4.58156,0.317669,,-0.141783,44.499,8.61392,125.052,-0.141783,-0.44,8.834408983588219,-3.6344444155693054,1.52767,125.41999816894531,,,,,,,401.6,5.820289855,401.6,5.820289855,,,,,,,,,,,,,,,,,,,"Teoscar Hernandez","13066",606192
"Francisco Alvarez","NYM",57,228.891,203.459,47.0463,29.1842,8.42173,0.0527103,9.38763,26.8984,29.9497,20.4652,0.629159,59.3458,3.11395,1.48537,0.367074,4.73744,0.394723,0.186254,0.231232,0.0894101,0.259276,0.344846,0.309051,0.411563,0.318465,0.720614,0.180331,2.01122,0.276473,,-0.272343,27.2359,0.369356,105.193,-0.272343,2.74,1.1206281185150146,6.4101786613464355,1.51652,165.25,,,,,,,237,4.157894736,237,4.157894736,,,,,,,,,,,,,,,,,,,"Francisco Alvarez","26121",682626
"Marcus Semien","NYM",90,390.52,348.012,84.7222,54.7191,16.155,1.70898,12.1391,47.3188,44.9896,33.0941,0.232937,71.3715,2.36171,3.65694,0.627582,5.60697,6.1239,1.82801,0.243446,0.0847437,0.18276,0.463688,0.310437,0.404331,0.315934,0.714769,0.160886,4.75888,0.270672,,0.00290307,45.6801,-0.158013,103.471,0.00290307,-0.73,1.5913217950146645,0.6588888168334961,1.50129,266.25,,,,,,,409.4,4.548888888,409.4,4.548888888,,,,,,,,,,,,,,,,,,,"Marcus Semien","12533",543760
"Tyler Stephenson","CIN",64,251.443,220.596,52.8208,32.2553,9.93411,0.41733,10.2141,30.8396,32.638,25.9959,0.434465,69.2788,2.71324,1.7519,0.341349,4.38665,0.755683,0.314468,0.239446,0.103387,0.275525,0.375235,0.324747,0.427169,0.332259,0.751916,0.187723,2.75198,0.298252,,-0.296868,32.6852,3.17154,106.359,-0.296868,0.85,1.5771660506725311,5.047530770301819,1.49704,294.75,,,,,,,287.7,4.4953125,287.7,4.4953125,,,,,,,,,,,,,,,,,,,"Tyler Stephenson","17988",663886
"Jacob Wilson","ATH",71,311.039,288.3,85.1631,66.5564,14.0275,1.93287,2.64627,37.1469,31.0566,15.4452,0.30111,27.8556,3.16108,2.20436,1.92801,8.58458,2.86789,1.08993,0.295397,0.0496569,0.0895568,0.554474,0.335703,0.384999,0.320525,0.720702,0.0896013,4.27583,0.317369,,-0.319809,37.5216,1.01278,99.788,-0.319809,0.77,-0.3973002955317497,4.057037115097046,1.49316,196.44000244140625,,,,,,,325.1,4.578873239,325.1,4.578873239,,,,,,,,,,,,,,,,,,,"Jacob Wilson","33266",805779
"Jackson Holliday","BAL",68,297.175,262.405,65.8089,43.2091,12.762,1.20018,8.63761,39.3659,32.5899,30.2131,0.830369,67.1747,2.324,1.88782,0.34451,5.62931,7.6056,2.14373,0.250791,0.101668,0.226045,0.449768,0.331321,0.407324,0.32793,0.738645,0.156533,5.31367,0.303327,,0.249501,37.6041,2.72254,109.061,0.249501,-0.38,3.4139141738414764,0.7302165031433105,1.49296,203.14999389648438,,,,,,,341.2,5.017647058,341.2,5.017647058,,,,,,,,,,,,,,,,,,,"Jackson Holliday","31781",702616
"Matt McLain","CIN",75,320.738,282.25,67.2926,41.4559,12.4955,1.96511,11.3761,42.5465,35.9713,31.3644,0.262684,84.2575,3.8063,2.06295,1.2545,4.04918,8.94916,2.64787,0.238415,0.0977882,0.262699,0.372244,0.320716,0.417526,0.326907,0.738242,0.179111,5.97217,0.296358,,0.304511,40.3241,2.67681,102.718,0.304511,1.3,1.3262323141098022,2.9203702211380005,1.47882,144.3000030517578,,,,,,,356.5,4.753333333,356.5,4.753333333,,,,,,,,,,,,,,,,,,,"Matt McLain","29695",680574
"Ozzie Albies","ATL",90,395.924,357.283,89.5924,58.1676,18.4555,1.17294,11.7964,47.2243,47.5221,30.4287,0.695963,54.4636,3.52781,4.29647,0.387959,6.28231,4.86081,1.63644,0.25076,0.0768548,0.137561,0.558698,0.312358,0.408032,0.31743,0.72039,0.157272,4.21487,0.26343,,-0.179261,46.7844,0.31198,100.699,-0.179261,0.06,0.14500290155410767,1.448888834565878,1.45162,150.5,,,,,,,423.6,4.706666666,423.6,4.706666666,,,,,,,,,,,,,,,,,,,"Ozzie Albies","16556",645277
"Zack Gelof","ATH",67,293.871,264.524,64.6839,39.1017,12.3398,1.53443,11.708,41.5458,35.5161,23.9741,0.301021,81.8826,1.95735,1.7538,1.66211,3.91449,9.73496,2.73743,0.24453,0.0815804,0.278635,0.292786,0.310105,0.435562,0.327087,0.745667,0.191032,6.15977,0.306775,,0.486457,36.9885,2.49472,104.241,0.486457,0.92,1.9510784149169922,1.832309365272522,1.44411,999,,,,,,,346.6,5.173134328,346.6,5.173134328,,,,,,,,,,,,,,,,,,,"Zack Gelof","29766",680869
"Cam Smith","HOU",69,300.979,266.959,65.6603,42.6497,12.0859,2.20442,8.7203,39.3927,31.8588,27.6985,0.647075,77.5099,4.09204,1.75499,0.474587,4.96569,6.86224,1.81773,0.245956,0.0920279,0.257526,0.357354,0.324291,0.40574,0.324005,0.73003,0.159783,5.82604,0.312028,,0.240003,37.1434,1.81532,105.532,0.240003,4.46,2.1966101229190826,1.325545072555542,1.4429,341.8699951171875,,,,,,,337.1,4.885507246,337.1,4.885507246,,,,,,,,,,,,,,,,,,,"Cam Smith","35108",701358
"Tyler O'Neill","BAL",70,306.334,267.138,64.0115,36.1358,11.0357,0.781378,16.0586,42.1927,43.8829,32.554,1.01206,80.252,4.02398,2.19511,0.422683,4.44701,2.96491,0.952445,0.239619,0.10627,0.261975,0.405648,0.328819,0.467121,0.347651,0.79594,0.227502,4.00797,0.277148,,-0.174752,43.5806,7.62394,122.443,-0.174752,-0.8,7.904689088463783,-4.771048605442047,1.42233,477.6400146484375,,,,,,,393.3,5.618571428,393.3,5.618571428,,,,,,,,,,,,,,,,,,,"Tyler O'Neill","15711",641933
"Jonathan Aranda","TBR",89,368.956,319.898,82.3192,51.6633,15.7366,0.714015,14.2053,45.0155,51.7255,40.1932,2.05316,86.5362,5.55193,3.02936,0.283908,6.78271,0.553452,0.202737,0.25733,0.108938,0.234543,0.464467,0.347366,0.444203,0.348268,0.79157,0.186874,2.34647,0.306563,,-0.475451,52.671,9.36396,120.544,-0.475451,-0.28,8.432056814432144,-7.715610772371292,1.39973,195.60000610351562,,,,,,,462.8,5.2,462.8,5.2,,,,,,,,,,,,,,,,,,,"Jonathan Aranda","21837",666018
"Alec Burleson","STL",93,394.167,355.639,96.2599,62.9101,18.7953,0.0683718,14.4861,48.2674,54.1793,30.3791,1.1891,57.4844,2.88373,3.8148,0.991647,8.14513,3.049,1.15902,0.270667,0.0770718,0.145838,0.528476,0.329812,0.446099,0.339582,0.77591,0.175432,2.86609,0.284447,,-0.365248,53.5397,7.27353,118.403,-0.365248,0.12,8.135895937681198,-7.243123896420002,1.37405,175.19000244140625,,,,,,,470.2,5.055913978,470.2,5.055913978,,,,,,,,,,,,,,,,,,,"Alec Burleson","27615",676475
"Rafael Devers","SFG",93,403.46,348.652,84.5419,49.7845,17.6705,0.181544,16.9053,50.124,54.85,48.2162,4.49065,99.7082,3.74786,2.53652,0.306622,7.45627,1.20731,0.478791,0.242482,0.119507,0.247133,0.483573,0.338596,0.439668,0.340616,0.778264,0.197186,2.15747,0.288336,,-0.467553,55.1346,7.77769,119.353,-0.467553,-0.14,8.683258652687073,-8.192144051194191,1.36312,61.619998931884766,,,,,,,496.9,5.343010752,496.9,5.343010752,,,,,,,,,,,,,,,,,,,"Rafael Devers","17350",646240
"Nick Gonzales","PIT",77,341.127,311.494,85.395,59.8087,17.7052,2.5324,5.34868,40.2124,37.1372,21.4731,0.387848,63.9851,4.49839,2.77659,0.885059,7.10347,3.42673,1.09655,0.274147,0.0629475,0.18757,0.335595,0.327316,0.398759,0.321685,0.726075,0.124612,4.63181,0.326804,,-0.213547,41.4669,1.42638,102.175,-0.213547,0.39,0.6560738682746887,1.7286856174468994,1.35436,999,,,,,,,359.2,4.664935064,359.2,4.664935064,,,,,,,,,,,,,,,,,,,"Nick Gonzales","27490",693304
"Daulton Varsho","TOR",82,358.39,321.44,73.5944,43.1399,15.4871,0.982127,13.9853,43.9478,44.2012,30.6053,1.1135,80.9931,3.08708,2.51775,0.739799,4.86038,5.29629,1.52131,0.228952,0.0853966,0.225992,0.377875,0.299977,0.413768,0.313673,0.713745,0.184816,4.50896,0.260325,,0.0378053,41.2755,-0.791265,98.5489,0.0378053,-0.07,-0.573331993073225,1.195431999862194,1.35208,192.2100067138672,,,,,,,380.1,4.635365853,380.1,4.635365853,,,,,,,,,,,,,,,,,,,"Daulton Varsho","19918",662139
"Bryan Reynolds","PIT",89,392.041,341.637,90.6154,60.23,18.6325,1.82448,9.92843,50.0997,46.2536,42.015,1.50076,87.8387,5.21338,2.81511,0.361237,8.20747,4.13347,1.28222,0.265239,0.10717,0.224055,0.47832,0.35193,0.417643,0.341844,0.769573,0.152404,4.29317,0.327086,,-0.256629,53.9584,7.94165,115.892,-0.256629,-1.92,7.045153826475143,-6.398663401603699,1.34189,204.72000122070312,,,,,,,473.9,5.324719101,473.9,5.324719101,,,,,,,,,,,,,,,,,,,"Bryan Reynolds","19326",668804
"Alec Bohm","PHI",79,344.56,314.124,85.963,60.2143,15.7742,0.805364,9.16911,40.3052,42.997,23.3869,0.482687,51.5864,2.92185,3.69911,0.428167,8.11545,1.21205,0.488178,0.27366,0.0678747,0.149717,0.453354,0.326246,0.416572,0.327336,0.742819,0.142913,2.8922,0.298731,,-0.411238,43.437,2.99353,106.295,-0.411238,-0.74,2.1306839287281036,0.02195984125137329,1.34174,239.8699951171875,,,,,,,384.2,4.863291139,384.2,4.863291139,,,,,,,,,,,,,,,,,,,"Alec Bohm","21618",664761
"Joey Ortiz","MIL",77,326.269,293.319,70.9697,50.4984,10.7756,2.66432,7.0314,37.8563,31.4945,24.7821,0.395826,56.3133,2.43597,2.12423,3.60793,5.92207,8.46628,2.49939,0.241954,0.075956,0.172598,0.440075,0.304306,0.368773,0.299993,0.673079,0.126819,5.82736,0.275479,,0.263571,34.0168,-4.2797,90.0653,0.263571,2.75,-3.5352303981781006,6.25227427482605,1.34007,743.4400024414062,,,,,,,310,4.025974025,310,4.025974025,,,,,,,,,,,,,,,,,,,"Joey Ortiz","25493",687401
"Nolan Arenado","ARI",86,373.093,338.391,85.2915,57.0789,16.0418,0.556476,11.6143,41.4635,49.2563,27.3709,1.71895,54.6973,3.35243,3.45459,0.52409,6.85999,1.55207,0.674184,0.25205,0.0733621,0.146605,0.500407,0.311391,0.405711,0.3153,0.717103,0.153661,2.6484,0.267398,,-0.419488,43.4529,-0.339696,98.7339,-0.419488,0.93,-0.9730918407440186,2.1351227164268494,1.33307,638.0599975585938,,,,,,,393.9,4.580232558,393.9,4.580232558,,,,,,,,,,,,,,,,,,,"Nolan Arenado","9777",571448
"Colt Emerson","SEA",76,334.877,301.237,70.933,46.6632,14.4854,0.841142,8.94329,38.9163,35.7641,26.4972,1.41041,85.3725,4.53969,1.84048,0.763013,5.89896,7.7279,2.11045,0.235472,0.079125,0.254937,0.310371,0.305194,0.378209,0.303629,0.683403,0.142737,4.97192,0.29694,,0.280313,35.8853,-3.4217,97.6389,0.280313,0,-0.648881196975708,1.7141499519348145,1.31298,999,,,,,,,330.1,4.343421052,330.1,4.343421052,,,,,,,,,,,,,,,,,,,"Colt Emerson","33575",806068
"Munetaka Murakami","CHW",64,276.195,229.213,49.1615,24.3345,8.07137,0.41527,16.3404,39.5669,43.1686,42.4473,1.88028,97.4296,2.83651,1.45755,0.240852,3.78811,4.33439,1.47776,0.21448,0.153686,0.352757,0.435672,0.34225,0.467185,0.354328,0.809435,0.252705,4.02035,0.280761,,-0.0946521,40.7635,8.34456,125.279,-0.0946521,0,8.110336400568485,-4.999050140380859,1.3117,999,,,,,,,358.8,5.60625,358.8,5.60625,,,,,,,,,,,,,,,,,,,"Munetaka Murakami","37120",808959
"Carson Kelly","CHC",59,237.859,209.677,51.3071,34.893,8.48985,0.477592,7.44664,27.8665,28.8891,22.2256,0.177124,43.7941,2.78814,2.1288,0.446403,4.73515,0.565685,0.225383,0.244696,0.0934401,0.184117,0.507503,0.322275,0.396287,0.320109,0.718562,0.15159,2.68713,0.273164,,-0.294232,28.6149,0.695674,104.796,-0.294232,0,1.0426272451877594,4.188271522521973,1.31001,591.9099731445312,,,,,,,241.5,4.093220338,241.5,4.093220338,,,,,,,,,,,,,,,,,,,"Carson Kelly","13620",608348
"Andrés Giménez","TOR",85,370.471,336.383,80.9705,58.8807,15.2392,1.02244,5.82812,42.7457,31.937,20.3367,0.741745,65.7524,8.94747,2.75279,2.05081,7.23748,13.4828,3.46895,0.240709,0.0548942,0.177483,0.309292,0.299264,0.344069,0.288662,0.643333,0.10336,5.54792,0.280848,,0.817258,35.2778,-8.20698,81.5768,0.817258,3.02,-7.203526854515076,6.955185174942017,1.30631,412.2200012207031,,,,,,,326.5,3.84117647,326.5,3.84117647,,,,,,,,,,,,,,,,,,,"Andres Gimenez","19950",665926
"Ryan O'Hearn","PIT",77,341.127,300.599,81.4874,54.4335,15.981,0.750248,10.3227,42.5587,43.8899,33.8855,1.56101,63.7798,3.3115,2.81755,0.513069,7.23994,2.0062,0.625414,0.271083,0.099334,0.186968,0.531289,0.348443,0.43226,0.344393,0.780702,0.161176,3.21652,0.310337,,-0.329767,47.6441,7.60358,117.626,-0.329767,-0.25,6.717053472995758,-4.854552268981934,1.30084,285.44000244140625,,,,,,,410.7,5.333766233,410.7,5.333766233,,,,,,,,,,,,,,,,,,,"Ryan O'Hearn","16442",656811
"Luke Keaschall","MIN",70,299.924,266.379,71.2112,49.448,14.1213,2.00212,5.63977,38.6837,29.1309,25.4666,0.919588,47.9585,4.83814,2.80932,0.431048,4.89003,10.264,2.9987,0.267331,0.0849101,0.159902,0.531012,0.338959,0.398891,0.327941,0.73785,0.13156,5.90532,0.304149,,0.411058,37.9545,2.7503,106.874,0.411058,-1.62,2.833961308002472,-0.779807984828949,1.28866,114.8499984741211,,,,,,,340.6,4.865714285,340.6,4.865714285,,,,,,,,,,,,,,,,,,,"Luke Keaschall","33321",807712
"Jakob Marsee","MIA",73,319.367,274.907,62.9846,41.6081,12.8337,1.3066,7.23606,40.2588,29.5229,35.1065,0.218945,69.0239,4.76232,2.0926,2.49839,4.74992,15.333,3.85441,0.229112,0.109925,0.216127,0.508614,0.324593,0.364267,0.311507,0.68886,0.135155,6.1271,0.277715,,1.06229,36.2296,-1.25685,95.7944,1.06229,1.93,-0.5118237733840942,2.9363784790039062,1.28764,137.0800018310547,,,,,,,324.3,4.442465753,324.3,4.442465753,,,,,,,,,,,,,,,,,,,"Jakob Marsee","31370",805300
"José Caballero","NYY",78,339.478,300.401,69.4402,48.0344,11.9178,2.0676,7.42037,48.7135,25.5134,27.4627,0.35787,78.637,6.4729,2.10897,3.0321,4.05356,30.5505,7.4599,0.231158,0.0808971,0.231641,0.349234,0.307259,0.358702,0.299422,0.66596,0.127543,7.85085,0.286529,,2.63022,35.2394,-4.60747,89.4011,2.63022,0,-1.5981271266937256,1.9655414819717407,1.258,200.02999877929688,,,,,,,336.7,4.316666666,336.7,4.316666666,,,,,,,,,,,,,,,,,,,"Jose Caballero","23401",676609
"Colton Cowser","BAL",53,233.058,205.262,47.5451,28.4131,9.80625,0.555206,8.77049,30.3843,27.8552,22.7896,0.547939,70.1195,3.02342,1.50404,0.478728,3.669,4.67521,1.29631,0.231631,0.097785,0.300867,0.325011,0.315411,0.412999,0.322361,0.72841,0.181368,4.89916,0.303219,,0.121886,28.4558,1.10007,105.282,0.121886,1.63,1.5684964656829834,1.9632189869880676,1.19972,251.72000122070312,,,,,,,267.8,5.052830188,267.8,5.052830188,,,,,,,,,,,,,,,,,,,"Colton Cowser","29591",681297
"Samuel Basallo","BAL",70,295.139,267.092,65.9347,39.5901,12.8292,0.276897,13.2385,36.9662,40.9272,23.7416,1.34018,69.4198,1.87235,1.96098,0.472633,5.48215,1.45364,0.581544,0.246862,0.0804419,0.23521,0.342,0.310685,0.445664,0.329773,0.75635,0.198803,2.87884,0.282713,,-0.284037,37.7804,3.13774,110.312,-0.284037,0,3.292558401823044,-2.0235612392425537,1.191,160.94000244140625,,,,,,,339.6,4.851428571,339.6,4.851428571,,,,,,,,,,,,,,,,,,,"Samuel Basallo","28824",694212
"Travis Bazzana","CLE",81,342.978,301.658,71.08,46.4879,15.5626,1.28125,7.74822,41.4962,34.424,34.0624,0.835882,81.7051,3.96769,2.21393,1.07632,5.38884,10.7919,2.54742,0.235631,0.0993136,0.238222,0.416895,0.319127,0.372772,0.310066,0.691899,0.137141,5.60024,0.295365,,0.675486,38.514,-1.74378,96.68,0.675486,0,-0.6626455187797546,0.17857137322425842,1.18332,999,,,,,,,349.4,4.313580246,349.4,4.313580246,,,,,,,,,,,,,,,,,,,"Travis Bazzana","34967",683953
"JJ Bleday","CIN",77,329.647,288.584,69.9723,37.2252,15.5049,0.535573,16.7067,43.7381,47.9821,36.8619,0.937517,73.5786,1.62425,2.2046,0.372869,4.35703,2.27939,0.752626,0.242468,0.111822,0.223204,0.500987,0.329386,0.473583,0.350007,0.802969,0.231115,3.32728,0.26566,,-0.246397,47.5166,8.82353,118.436,-0.246397,-2.26,6.8760712295770645,-5.886543273925781,1.17403,748.5800170898438,,,,,,,432.9,5.622077922,432.9,5.622077922,,,,,,,,,,,,,,,,,,,"JJ Bleday","26368",668709
"Spencer Torkelson","DET",88,384.735,333.962,77.5439,43.4316,16.3008,0.875096,16.9364,48.6537,52.5746,41.9932,1.59489,102.774,5.08387,3.34841,0.347828,4.88484,1.35913,0.540909,0.232194,0.109148,0.267129,0.408597,0.324207,0.438386,0.33487,0.762593,0.206192,3.15898,0.278527,,-0.41854,50.8131,5.65398,112.082,-0.41854,-0.26,5.043917655944824,-7.140658140182495,1.16816,188.35000610351562,,,,,,,454.8,5.168181818,454.8,5.168181818,,,,,,,,,,,,,,,,,,,"Spencer Torkelson","27465",679529
"Jo Adell","LAA",82,357.286,326.325,79.5204,45.6578,14.5498,1.55183,17.7609,45.6179,50.2959,22.416,0.650404,88.4838,5.74191,2.41244,0.391134,5.05073,5.15974,1.67389,0.243685,0.0627397,0.247655,0.253335,0.301709,0.461064,0.331701,0.762773,0.217379,4.73172,0.27758,,-0.0383909,46.2849,4.34761,109.007,-0.0383909,-1.25,3.7434169724583626,-4.986037492752075,1.15702,120.33000183105469,,,,,,,434,5.292682926,434,5.292682926,,,,,,,,,,,,,,,,,,,"Jo Adell","20220",666176
"Steven Kwan","CLE",82,346.876,304.879,79.1751,63.5436,13.0233,1.08119,1.527,37.3644,27.8013,34.5749,0.753764,32.179,2.67174,2.92483,1.82512,7.07252,7.90151,2.40752,0.259693,0.0996751,0.0927682,1.07445,0.337405,0.324528,0.302221,0.661932,0.0648343,4.6346,0.283286,,0.0682819,36.7816,-3.93372,91.3563,0.0682819,2.48,-3.4551809206604958,2.3757879212498665,1.13632,169.60000610351562,,,,,,,323.2,3.941463414,323.2,3.941463414,,,,,,,,,,,,,,,,,,,"Steven Kwan","24610",680757
"Luis Arraez","SFG",87,378.369,345.945,101.043,83.2087,16.2391,1.59487,0,40.3084,32.6894,22.6667,1.9464,15.4901,2.61244,3.55229,3.5918,9.08696,5.49457,1.97972,0.292077,0.0599065,0.0409392,1.4633,0.337059,0.348238,0.306276,0.685297,0.0561615,4.21688,0.302516,,-0.272585,41.3445,-3.06739,95.9867,-0.272585,0.29,-2.0522503554821014,1.0593507587909698,1.1294,280.04998779296875,,,,,,,359.3,4.129885057,359.3,4.129885057,,,,,,,,,,,,,,,,,,,"Luis Arraez","18568",650333
"Patrick Bailey","CLE",50,193.9,174.757,37.9999,26.3083,7.73225,0.0642975,3.89501,18.1079,19.2833,15.0782,0.161737,48.4258,1.37386,1.51766,1.1725,3.2236,1.05835,0.429702,0.217444,0.0777632,0.249747,0.311368,0.282534,0.32929,0.275424,0.611824,0.111846,2.56197,0.275141,,-0.188796,16.417,-6.3424,73.1723,-0.188796,6.6,-6.301871255040169,10.458024501800537,1.12294,747.8900146484375,,,,,,,148.5,2.97,148.5,2.97,,,,,,,,,,,,,,,,,,,"Patrick Bailey","27478",672275
"Willi Castro","COL",79,347.095,307.137,80.3999,53.4325,16.2061,2.10496,8.65637,45.3003,39.8262,29.0555,0.377286,76.8768,7.34882,2.42948,1.12498,6.13711,8.75933,2.50684,0.261772,0.0837103,0.221486,0.377949,0.337613,0.412797,0.333591,0.75041,0.151024,5.64315,0.320236,,0.255071,45.4879,4.74681,98.4527,0.255071,-0.3,-0.3743307888507843,0.2869912385940552,1.12044,256.3399963378906,,,,,,,400.1,5.064556962,400.1,5.064556962,,,,,,,,,,,,,,,,,,,"Willi Castro","17338",650489
"Logan O'Hoppe","LAA",61,241.871,218.305,50.947,31.7863,9.09864,0.675554,9.38657,27.2609,29.9605,18.2145,0.176053,63.8879,2.98145,1.59216,0.777808,3.88408,1.18979,0.429727,0.233375,0.0753066,0.264141,0.285101,0.299233,0.410236,0.313017,0.709469,0.17686,3.3376,0.283452,,-0.216393,27.7295,-0.660602,96.3283,-0.216393,-0.61,-1.2600234150886536,3.541234612464905,1.10325,246.50999450683594,,,,,,,248.9,4.080327868,248.9,4.080327868,,,,,,,,,,,,,,,,,,,"Logan O'Hoppe","24729",681351
"Jimmy Crooks","STL",50,196.103,174.473,42.5312,28.1492,8.56506,0.390411,5.42655,22.2979,22.7256,16.7644,0.877325,51.4448,2.90813,1.24766,0.709201,3.80431,0.95224,0.221247,0.243769,0.0854876,0.262336,0.325871,0.318351,0.390643,0.314875,0.708994,0.146874,3.20164,0.312198,,-0.147751,22.7729,-0.245095,101.591,-0.147751,0.8,0.21790996193885803,4.287654221057892,1.09981,999,,,,,,,201.8,4.036,201.8,4.036,,,,,,,,,,,,,,,,,,,"Jimmy Crooks","31354",699625
"Cole Young","SEA",78,344.01,305.626,72.1347,48.3496,15.6086,0.871783,7.3048,38.309,34.338,30.3518,0.474666,62.9111,4.27033,2.28743,1.47512,6.21929,5.40951,1.58931,0.236023,0.0882294,0.182876,0.482456,0.311667,0.364502,0.303378,0.676169,0.128479,4.21298,0.272742,,-0.00311871,36.7951,-3.58385,97.4686,-0.00311871,-1.54,-1.0264801550656557,-0.33629631996154785,1.09698,704.2899780273438,,,,,,,321,4.115384615,321,4.115384615,,,,,,,,,,,,,,,,,,,"Cole Young","31680",702284
"Ha-Seong Kim","ATL",69,300.496,262.436,63.2302,43.9333,11.1049,1.46389,6.72811,38.2825,27.4832,29.9728,0.790792,52.6042,2.59597,2.27008,3.08849,5.07316,9.45545,3.10825,0.240936,0.0997444,0.175058,0.56978,0.322257,0.371318,0.310759,0.693576,0.130383,5.53767,0.275119,,0.221038,33.9096,-1.3618,96.1596,0.221038,-1.28,-1.1314386576414108,1.9144444465637207,1.05801,748.3800048828125,,,,,,,301.9,4.375362318,301.9,4.375362318,,,,,,,,,,,,,,,,,,,"Ha-Seong Kim","27506",673490
"Brendan Donovan","SEA",48,210.06,184.288,49.145,33.9097,9.71718,0.30704,5.21111,25.2429,23.7504,19.7765,0.606683,28.5277,3.83342,1.61125,0.550581,4.82082,1.84446,0.710119,0.266675,0.0941469,0.135808,0.693237,0.347264,0.407567,0.336387,0.754831,0.140892,3.26089,0.288734,,-0.22174,27.9972,3.34099,119.868,-0.22174,-0.77,4.682736173272133,-1.7828495502471924,1.05229,268.5799865722656,,,,,,,239.4,4.9875,239.4,4.9875,,,,,,,,,,,,,,,,,,,"Brendan Donovan","24679",680977
"Cedric Mullins","TBR",72,301.523,266.113,59.2584,35.1428,11.0467,1.14082,11.9281,39.4554,34.8276,28.1566,0.308578,63.392,2.81174,2.10998,2.17803,2.96416,14.245,3.43102,0.222682,0.0933814,0.210239,0.444167,0.301569,0.407237,0.313384,0.708806,0.184556,6.25774,0.245359,,1.09931,34.6566,-0.735329,96.872,1.09931,-1.43,-0.009045124053955078,-0.31888890266418457,1.0503,321.5,,,,,,,326,4.527777777,326,4.527777777,,,,,,,,,,,,,,,,,,,"Cedric Mullins","17929",656775
"Ryan Jeffers","MIN",34,137.051,118.725,30.1557,18.4429,5.89427,0.244108,5.57438,17.7859,17.3613,14.2627,0.179846,25.8605,2.39421,0.94914,0.720177,2.47018,0.598699,0.254165,0.253996,0.104068,0.188692,0.551525,0.343374,0.44861,0.349518,0.791985,0.194614,3.03496,0.278575,,-0.168451,19.7016,3.61496,121.516,-0.168451,1.47,3.296899065375328,2.114620804786682,1.04723,298.05999755859375,,,,,,,172.7,5.079411764,172.7,5.079411764,,,,,,,,,,,,,,,,,,,"Ryan Jeffers","24618",680777
"Brayan Rocchio","CLE",82,346.876,310.632,75.4031,53.9035,15.8908,0.944119,4.66462,38.6285,30.5927,26.0641,0.38813,58.271,5.06802,2.72379,2.38751,6.53128,10.4435,3.34891,0.242741,0.0751396,0.167988,0.447291,0.309256,0.345025,0.294656,0.654282,0.102285,4.96429,0.282479,,0.273116,34.6889,-6.02637,86.2227,0.273116,-0.02,-5.343000441789627,3.389222841709852,1.04672,999,,,,,,,311.7,3.801219512,311.7,3.801219512,,,,,,,,,,,,,,,,,,,"Brayan Rocchio","23690",677587
"Garrett Mitchell","MIL",69,291.873,254.128,55.9291,36.1465,11.068,1.4773,7.23731,35.6405,27.9941,31.9383,0.776389,97.9902,2.89808,1.18314,1.72555,4.67397,10.1929,2.17208,0.220082,0.109425,0.335729,0.325934,0.312825,0.360699,0.303418,0.673524,0.140616,6.04305,0.324431,,0.780225,31.2279,-3.03133,92.3958,0.780225,1.7,-1.8209052085876465,2.764814853668213,1.04644,691.1699829101562,,,,,,,281.4,4.078260869,281.4,4.078260869,,,,,,,,,,,,,,,,,,,"Garrett Mitchell","27555",669003
"Ryan McMahon","NYY",59,258.123,225.808,49.4668,30.2449,9.36306,0.221775,9.63711,30.0845,31.4464,28.8853,0.566976,78.2632,1.40116,1.69296,0.336014,4.35378,1.83353,0.654246,0.219066,0.111905,0.303201,0.36908,0.309376,0.39053,0.311819,0.699906,0.171464,3.0579,0.285312,,-0.217193,29.3463,-0.951473,97.8136,-0.217193,0.97,-0.8804002851247787,1.8804938197135925,1.03038,732.8599853515625,,,,,,,259.5,4.398305084,259.5,4.398305084,,,,,,,,,,,,,,,,,,,"Ryan McMahon","15112",641857
"Kyle Higashioka","TEX",49,196.237,178.163,38.6785,24.1752,7.78664,0,6.71663,20.2642,23.1439,13.9918,0.0894057,48.3606,1.15741,1.355,0.771676,2.8445,1.00568,0.463838,0.217096,0.0713003,0.24644,0.289322,0.276511,0.373898,0.288157,0.650409,0.156803,2.56119,0.256843,,-0.19553,18.6074,-4.42632,82.0326,-0.19553,4.11,-4.339015752077103,7.3673601150512695,1.01577,999,,,,,,,176.3,3.597959183,176.3,3.597959183,,,,,,,,,,,,,,,,,,,"Kyle Higashioka","5517",543309
"Josh Naylor","SEA",87,382.572,341.941,85.9593,58.2622,15.9232,0.0104422,11.7635,45.4787,45.1468,33.1443,2.95739,52.9127,3.50117,3.3858,0.377006,7.86729,9.44585,4.02616,0.251386,0.0866354,0.138308,0.626396,0.320978,0.401221,0.31808,0.722199,0.149834,3.87578,0.264371,,-0.241774,45.4049,0.499647,107.445,-0.241774,0.19,3.105372980237007,-6.613474905490875,1.01575,67.45999908447266,,,,,,,415.7,4.778160919,415.7,4.778160919,,,,,,,,,,,,,,,,,,,"Josh Naylor","18839",647304
"Yainer Diaz","HOU",52,210.08,196.671,52.1077,35.4916,9.40675,0.493243,6.71608,23.8354,26.701,9.88619,0.436892,35.6787,1.35677,1.83162,0.334155,4.85893,0.527841,0.202403,0.264949,0.0470593,0.169834,0.27709,0.302036,0.420241,0.315712,0.722277,0.155292,2.74425,0.290771,,-0.221515,24.5363,-0.122251,99.9043,-0.221515,-0.7,-0.245150376111269,2.7773662209510803,1.01469,113.04000091552734,,,,,,,221,4.25,221,4.25,,,,,,,,,,,,,,,,,,,"Yainer Diaz","23003",673237
"Spencer Steer","CIN",77,329.647,289.834,70.8257,42.8478,14.0493,1.85307,12.0756,42.698,39.4407,32.5463,0.27455,68.4557,4.29654,2.34871,0.621345,4.65512,5.17543,1.72742,0.244366,0.0987308,0.207664,0.475436,0.327234,0.430618,0.334681,0.757853,0.186252,4.97619,0.277579,,-0.090124,43.4878,4.79477,108.008,-0.090124,0.24,3.0035855174064636,-3.60259248316288,1.01124,335.70001220703125,,,,,,,387.3,5.029870129,387.3,5.029870129,,,,,,,,,,,,,,,,,,,"Spencer Steer","26323",668715
"Coby Mayo","BAL",52,227.97,204.549,47.4176,26.5229,9.20574,1.05086,10.6381,29.6634,30.9248,19.2224,0.575452,63.2178,2.66133,1.26982,0.266676,2.97286,1.94535,0.639558,0.231815,0.08432,0.277308,0.304066,0.30435,0.443117,0.32679,0.747466,0.211302,4.53859,0.27871,,-0.124789,28.6397,1.88131,108.288,-0.124789,-1,2.095499649643898,-0.28837645053863525,1.00469,459.1600036621094,,,,,,,260.4,5.007692307,260.4,5.007692307,,,,,,,,,,,,,,,,,,,"Coby Mayo","28312",691723
"Luke Raley","SEA",61,266.887,234.589,54.2122,31.2749,10.0051,0.742551,12.1897,34.8421,35.0875,20.4164,0.562833,82.4515,8.85818,1.40674,1.61733,4.62831,4.34573,1.03065,0.231095,0.0764982,0.308938,0.247617,0.314724,0.435961,0.330932,0.750685,0.204866,4.88945,0.297286,,0.131278,34.4105,3.08406,116.167,0.131278,-1.24,5.20178759098053,-4.762501001358032,1.00442,748.25,,,,,,,306.7,5.027868852,306.7,5.027868852,,,,,,,,,,,,,,,,,,,"Luke Raley","19354",670042
"Eugenio Suárez","CIN",83,355.385,313.715,72.3168,38.6958,13.7128,0.187534,19.7207,45.1727,54.57,32.1282,0.310184,103.579,5.75028,3.15781,0.400722,4.49958,1.2191,0.517079,0.230518,0.0904037,0.291455,0.310181,0.310627,0.464009,0.337957,0.774637,0.233492,2.35836,0.271712,,-0.370044,47.8116,6.0975,110.237,-0.370044,-0.06,3.8935834169387817,-5.414938028901815,1.00046,97.91999816894531,,,,,,,430.9,5.191566265,430.9,5.191566265,,,,,,,,,,,,,,,,,,,"Eugenio Suarez","12552",553993
"Sam Antonacci","CHW",71,306,267.489,70.7406,51.4349,14.2481,1.427,3.63062,37.0802,25.5805,24.3905,1.19921,50.954,9.31941,2.04989,2.75105,6.63748,10.5671,2.73908,0.264461,0.0797074,0.166516,0.478676,0.344438,0.369116,0.321464,0.713554,0.104655,5.73998,0.312205,,0.550812,37.143,1.22556,102.978,0.550812,0,1.6217427849769592,-2.678326368331909,0.991724,999,,,,,,,326,4.591549295,326,4.591549295,,,,,,,,,,,,,,,,,,,"Sam Antonacci","35101",803011
"Michael Massey","KCR",72,310.441,286.239,70.3604,43.7458,15.1779,0.70336,10.7333,34.4061,41.1208,16.7216,0.418496,57.0665,2.94803,3.15784,1.37462,4.48348,1.92904,0.658272,0.24581,0.053864,0.183824,0.293019,0.291297,0.416243,0.309245,0.70754,0.170433,3.35498,0.269079,,-0.215743,34.6572,-1.78154,91.9373,-0.215743,1.11,-3.157166227698326,1.855814278125763,0.982604,999,,,,,,,319.6,4.438888888,319.6,4.438888888,,,,,,,,,,,,,,,,,,,"Michael Massey","27684",686681
"Adolis García","PHI",85,370.754,334.849,79.2789,47.2678,15.5347,0.618149,15.8583,46.3007,50.96,28.0529,0.476167,96.728,3.97772,3.43521,0.439614,5.33957,5.85542,2.18468,0.23676,0.0756645,0.260895,0.290019,0.300581,0.428924,0.319593,0.729505,0.192164,4.23906,0.280998,,-0.13789,44.4498,0.931742,101.026,-0.13789,1.36,0.3079105615615845,-2.5141745805740356,0.980283,213.99000549316406,,,,,,,411.7,4.843529411,411.7,4.843529411,,,,,,,,,,,,,,,,,,,"Adolis Garcia","19287",666969
"Carter Jensen","KCR",68,277.287,246.621,57.3242,34.7246,12.9026,1.09907,8.59788,32.5254,33.4825,26.788,0.874378,73.8452,1.53623,1.94115,0.40117,3.92826,2.52897,0.773993,0.232439,0.0966074,0.266313,0.362759,0.309327,0.398258,0.313002,0.707585,0.165819,4.17731,0.293322,,-0.138716,31.7866,-0.760575,94.4866,-0.138716,0.88,-1.9353071451187134,1.746881365776062,0.977474,999,,,,,,,290.1,4.26617647,290.1,4.26617647,,,,,,,,,,,,,,,,,,,"Carter Jensen","29478",695600
"Casey Schmitt","SFG",81,352.274,321.918,80.8963,50.7253,15.0667,1.68343,13.4209,43.3869,44.7081,21.7234,0.763252,75.2244,4.34622,2.81953,1.46717,5.16133,4.16774,1.32053,0.251295,0.0616662,0.213539,0.288782,0.304914,0.433628,0.322801,0.738541,0.182333,4.54632,0.285801,,-0.107489,43.1354,1.78647,107.231,-0.107489,-0.45,2.8779026344418526,-4.561445891857147,0.97372,999,,,,,,,391.5,4.833333333,391.5,4.833333333,,,,,,,,,,,,,,,,,,,"Casey Schmitt","27577",669477
"Justin Crawford","PHI",77,336.5,308.75,82.7263,62.6293,15.2221,1.59863,3.27636,41.9255,28.025,21.9539,0.462475,67.9732,1.91514,1.39165,2.48868,7.46263,16.2794,3.22632,0.267939,0.0652419,0.202001,0.322979,0.319137,0.359432,0.30367,0.678569,0.0914927,6.30504,0.332576,,1.48309,36.0702,-3.42715,90.1914,1.48309,0,-2.3851075172424316,1.1882715225219727,0.972269,999,,,,,,,332.9,4.323376623,332.9,4.323376623,,,,,,,,,,,,,,,,,,,"Justin Crawford","31791",702222
"Kyle Stowers","MIA",81,352.509,311.352,73.516,42.3999,16.3195,0.527705,14.2689,41.7546,49.1483,33.6556,1.12979,98.3731,4.40326,2.3596,0.739103,5.67147,2.38951,0.77242,0.236119,0.0954745,0.279065,0.342122,0.317181,0.42941,0.328484,0.746591,0.193291,3.30612,0.29466,,-0.256504,44.7616,3.38508,107.346,-0.256504,-0.55,2.778383880853653,-4.513414680957794,0.969208,164.42999267578125,,,,,,,402.1,4.96419753,402.1,4.96419753,,,,,,,,,,,,,,,,,,,"Kyle Stowers","26151",669065
"Brandon Marsh","PHI",76,331.462,295.793,77.4123,52.9579,15.7466,1.47385,7.23396,41.0595,35.0749,30.0444,0.925287,84.7434,2.1276,2.17576,1.32196,5.24835,7.06637,1.89492,0.261711,0.090642,0.255665,0.354534,0.331932,0.398281,0.324402,0.730213,0.136569,5.05805,0.340686,,0.19433,41.0101,2.10401,104.298,0.19433,0.1,1.8638990968465805,-2.931104563176632,0.969162,609.72998046875,,,,,,,356.8,4.694736842,356.8,4.694736842,,,,,,,,,,,,,,,,,,,"Brandon Marsh","20202",669016
"Danny Jansen","TEX",49,191.257,165.417,33.2469,19.5516,6.70252,0.426358,6.56639,21.1589,21.0243,20.4597,0.0659433,46.793,3.33995,1.2016,0.534358,2.49628,0.809883,0.302623,0.200988,0.106975,0.244661,0.437239,0.299585,0.36575,0.299842,0.665335,0.164762,3.04618,0.23557,,-0.190172,19.9173,-2.53184,89.9618,-0.190172,1.34,-2.4463478922843933,5.120864272117615,0.961604,999,,,,,,,176.8,3.608163265,176.8,3.608163265,,,,,,,,,,,,,,,,,,,"Danny Jansen","16535",643376
"Carson Benge","NYM",68,296.153,267.866,68.436,45.228,13.786,1.13047,8.29151,37.574,33.2495,23.2375,0.859633,66.4707,2.87789,1.72906,0.442153,5.07941,7.48317,1.92428,0.255486,0.0784645,0.224447,0.34959,0.319743,0.408254,0.321661,0.727997,0.152769,5.37827,0.308698,,0.338104,35.9941,1.23259,107.367,0.338104,0,2.895105004310608,-2.965646743774414,0.956406,999,,,,,,,320,4.705882352,320,4.705882352,,,,,,,,,,,,,,,,,,,"Carson Benge","35177",701807
"Luis García Jr.","WSN",68,292.436,271.637,74.1824,49.0276,14.9628,0.557087,9.63492,35.6163,39.8374,16.6612,0.761768,43.694,1.03356,2.73961,0.364229,5.95114,6.62148,2.31041,0.273094,0.0569738,0.149414,0.381314,0.314571,0.438689,0.328543,0.75326,0.165595,4.46596,0.292007,,0.0318156,37.1473,2.82202,108.754,0.0318156,0.39,3.0319655500352383,-3.0319000482559204,0.951547,261.8500061035156,,,,,,,347.3,5.107352941,347.3,5.107352941,,,,,,,,,,,,,,,,,,,"Luis Garcia Jr.","20391",671277
"Henry Bolte","ATH",53,233.279,211.615,54.1211,36.8829,9.93959,1.81851,5.48011,32.6576,22.4312,17.2269,0.162941,70.9625,2.97054,0.986653,0.47954,4.14981,10.1784,2.33595,0.255752,0.0738468,0.304196,0.242761,0.319239,0.397599,0.318524,0.716837,0.141847,7.14438,0.357236,,0.780495,27.7689,0.387292,98.43,0.780495,0,0.3500818908214569,0.6361453533172607,0.939652,999,,,,,,,251.2,4.739622641,251.2,4.739622641,,,,,,,,,,,,,,,,,,,"Henry Bolte","31448",703607
"Spencer Horwitz","PIT",75,331.962,288.266,74.0835,49.2232,15.8281,0.0608482,8.97135,39.695,40.106,37.4083,0.70872,52.771,3.40933,2.51116,0.367355,6.99215,1.06077,0.498361,0.256997,0.112689,0.158967,0.708881,0.346511,0.405692,0.335874,0.752203,0.148695,2.23134,0.284289,,-0.46303,44.1089,5.14412,111.83,-0.46303,0.27,4.1392852663993835,-5.547099560499191,0.935884,738.1500244140625,,,,,,,379.3,5.057333333,379.3,5.057333333,,,,,,,,,,,,,,,,,,,"Spencer Horwitz","26477",687462
"Kerry Carpenter","DET",69,298.902,269.151,66.0656,37.3664,13.1125,0.8358,14.7509,38.5448,44.41,22.322,0.644354,78.4398,4.50042,2.2348,0.277673,4.50435,1.30638,0.441072,0.245459,0.07468,0.262427,0.284574,0.311487,0.464805,0.337916,0.776292,0.219345,3.43096,0.287969,,-0.254387,40.2029,5.11867,114.149,-0.254387,-0.6,4.715485394001007,-6.106613755226135,0.931923,236.22000122070312,,,,,,,367.9,5.331884057,367.9,5.331884057,,,,,,,,,,,,,,,,,,,"Kerry Carpenter","25961",681481
"Liam Hicks","MIA",74,313.341,272.765,67.9115,47.6762,12.7227,0.418426,7.09406,33.7391,35.1172,31.1354,0.696925,41.5753,5.59982,2.73728,1.10352,6.83367,1.20814,0.45808,0.248974,0.0993659,0.132684,0.748893,0.335151,0.376709,0.320026,0.71186,0.127735,2.56237,0.268115,,-0.387444,37.6747,0.895612,101.591,-0.387444,1.28,0.19689026474952698,-1.0640544891357422,0.9307,748.5399780273438,,,,,,,324.2,4.381081081,324.2,4.381081081,,,,,,,,,,,,,,,,,,,"Liam Hicks","29844",689414
"Vinnie Pasquantino","KCR",90,391.819,347.943,87.6288,53.5395,19.6006,0.553522,13.9351,46.337,53.0157,35.5045,2.06514,58.0103,3.57272,4.20899,0.589701,6.88584,1.10123,0.401508,0.251848,0.0906147,0.148054,0.612038,0.323867,0.431513,0.330739,0.755379,0.179664,2.46271,0.262998,,-0.421788,50.4578,4.46723,106.522,-0.421788,-0.1,2.581505209207535,-7.255797006189823,0.929485,77.0999984741211,,,,,,,462,5.133333333,462,5.133333333,,,,,,,,,,,,,,,,,,,"Vinnie Pasquantino","27676",686469
"Chase Meidroth","CHW",79,339.78,299.43,74.4756,57.5251,11.6332,1.59553,3.72178,37.2581,26.8863,32.4411,0,60.4181,4.19381,1.82571,1.88932,8.35946,5.43451,2.03626,0.248725,0.0954769,0.177815,0.536943,0.328836,0.335522,0.303113,0.664358,0.0867971,4.55444,0.298394,,-0.242359,36.2707,-3.61165,90.525,-0.242359,-0.13,-4.0257038325071335,1.1500924825668335,0.926742,646.8699951171875,,,,,,,311.1,3.937974683,311.1,3.937974683,,,,,,,,,,,,,,,,,,,"Chase Meidroth","31580",805367
"Joey Bart","PIT",31,126.268,111.713,27.3191,18.1079,4.86702,0.160606,4.18356,15.0616,15.7283,11.24,0,35.287,2.35822,0.762199,0.194227,2.65371,0.354029,0.141619,0.244546,0.0890172,0.279461,0.318532,0.324551,0.403336,0.324767,0.727887,0.15879,2.56942,0.316904,,-0.154421,15.6593,0.838293,104.272,-0.154421,2.13,0.47778715193271637,4.52197527885437,0.923224,999,,,,,,,130.3,4.203225806,130.3,4.203225806,,,,,,,,,,,,,,,,,,,"Joey Bart","21524",663698
"Luis Robert Jr.","NYM",49,210.82,189.345,46.4402,29.0777,8.53604,0.788911,8.03749,30.0147,24.2042,17.1025,0.873161,54.062,2.30553,1.45332,0.393737,2.32581,11.2009,3.01895,0.245267,0.0811237,0.256436,0.316351,0.313255,0.426029,0.32433,0.739284,0.180762,6.50517,0.298392,,0.754925,26.0717,1.32624,109.184,0.754925,-1.35,3.023966610431671,-0.7172840237617493,0.922363,105.63999938964844,,,,,,,245.1,5.002040816,245.1,5.002040816,,,,,,,,,,,,,,,,,,,"Luis Robert Jr.","20043",673357
"Caleb Durbin","BOS",71,304.116,272.18,67.686,48.4819,12.5937,1.92033,4.68999,36.2492,27.8027,19.2777,0.490497,36.62,7.61773,2.22772,2.8133,6.44375,10.575,2.96078,0.248681,0.0633894,0.120415,0.526426,0.313908,0.360756,0.302527,0.674664,0.112074,6.15873,0.270256,,0.509577,32.3218,-3.37452,86.2034,0.509577,1.49,-4.421134650707245,2.5856789350509644,0.905134,219.8300018310547,,,,,,,298.4,4.202816901,298.4,4.202816901,,,,,,,,,,,,,,,,,,,"Caleb Durbin","29646",702332
"Jake Meyers","HOU",54,237.349,212.516,52.8953,35.7325,10.4694,1.11064,5.58275,29.1844,23.6155,18.8349,0.198987,48.7559,2.99007,1.54449,1.46384,4.25928,5.46369,1.71815,0.2489,0.0793552,0.205418,0.386311,0.316765,0.387426,0.313693,0.704191,0.138526,5.2423,0.296218,,0.0877345,27.3391,-0.52034,98.5339,0.0877345,-0.08,-0.3211878836154938,0.7533333152532578,0.897503,738.1500244140625,,,,,,,244.8,4.533333333,244.8,4.533333333,,,,,,,,,,,,,,,,,,,"Jake Meyers","20308",676694
"Daylen Lile","WSN",84,364.543,332.347,88.2753,57.9104,20.5971,2.18993,7.57782,43.3836,42.0932,25.1963,0.701541,63.1443,3.25503,3.02012,0.724399,5.29135,9.41683,2.22594,0.265612,0.0691174,0.173215,0.399027,0.320837,0.409168,0.321801,0.730005,0.143556,5.61045,0.304927,,0.521435,44.3469,1.55785,104.166,0.521435,0.39,2.301340699195862,-5.126795649528503,0.896619,206.50999450683594,,,,,,,403.8,4.807142857,403.8,4.807142857,,,,,,,,,,,,,,,,,,,"Daylen Lile","29995",695734
"Luis Campusano","SDP",51,199.512,179.372,42.3544,28.5209,7.72906,0.0624177,6.042,21.3362,23.4589,16.4684,0.133336,41.2445,1.8784,1.45588,0.336848,4.25012,0.253166,0.117969,0.236126,0.0825437,0.206727,0.399288,0.304764,0.380964,0.305588,0.685728,0.144838,1.82764,0.271919,,-0.244245,21.6913,-1.72682,96.8703,-0.244245,0,-0.9760416001081467,3.379629611968994,0.895496,999,,,,,,,189.8,3.721568627,189.8,3.721568627,,,,,,,,,,,,,,,,,,,"Luis Campusano","22217",669134
"Dylan Crews","WSN",74,322.48,293.164,70.4355,46.2754,13.1834,2.10328,8.87338,39.0489,36.2767,21.6799,0.940311,73.9104,4.88649,2.2315,0.517941,5.46461,10.6903,3.11875,0.240259,0.0672286,0.229194,0.293327,0.301283,0.39038,0.305613,0.691663,0.150121,6.00138,0.289551,,0.483814,35.0671,-2.7847,93.1516,0.483814,2.65,-2.1044553220272064,0.5463614463806152,0.889631,282.2200012207031,,,,,,,326.2,4.408108108,326.2,4.408108108,,,,,,,,,,,,,,,,,,,"Dylan Crews","33541",686611
"Austin Martin","MIN",58,249.274,216.464,57.1573,41.7269,11.0082,1.48837,2.93378,31.8721,19.8526,25.2408,0.220536,39.436,4.03975,1.61613,1.91357,5.03575,8.28106,2.81635,0.26405,0.101257,0.158203,0.640046,0.34944,0.369316,0.32513,0.718756,0.105266,5.75619,0.308596,,0.131462,30.9862,1.72706,104.967,0.131462,0.33,1.5864136070013046,-1.668971210718155,0.887624,748.5599975585938,,,,,,,262.8,4.531034482,262.8,4.531034482,,,,,,,,,,,,,,,,,,,"Austin Martin","27462",668885
"Heliot Ramos","SFG",59,254.922,229.779,60.0636,38.9335,11.2082,0.772759,9.1491,32.2072,32.3254,19.6414,0.65463,58.2968,3.37813,1.71813,0.405118,5.22253,2.18834,0.791992,0.261397,0.0770488,0.228685,0.336921,0.326434,0.436352,0.335282,0.762786,0.174955,3.88102,0.310356,,-0.209574,33.752,3.82994,115.723,-0.209574,-1.09,4.487964645028114,-3.9428807497024536,0.885337,218.8000030517578,,,,,,,298.2,5.054237288,298.2,5.054237288,,,,,,,,,,,,,,,,,,,"Heliot Ramos","22515",671218
"Jacob Young","WSN",65,279.416,249.724,62.0416,48.8009,9.3122,2.33432,1.59417,31.6212,17.5936,17.7177,0.461763,49.224,3.83617,1.71457,6.42385,5.78211,12.0832,3.05432,0.248441,0.0634097,0.176167,0.35994,0.306219,0.323577,0.28446,0.629796,0.0751363,6.64329,0.301303,,0.799348,25.6708,-7.12627,78.758,0.799348,4.82,-6.156719982624054,5.823086500167847,0.874987,746.0700073242188,,,,,,,233.9,3.598461538,233.9,3.598461538,,,,,,,,,,,,,,,,,,,"Jacob Young","29931",696285
"Andrew Vaughn","MIL",71,299.735,270.882,71.5287,45.9834,14.1728,0.037597,11.3349,34.3312,44.4808,21.551,0.259307,53.2826,3.909,2.79436,0.598733,6.40178,0.377404,0.162364,0.264058,0.0719003,0.177766,0.404467,0.324229,0.44219,0.336427,0.766419,0.178131,1.77632,0.287928,,-0.366586,39.9589,4.77688,114.856,-0.366586,-0.27,4.852087557315826,-5.842310458421707,0.873816,272.2699890136719,,,,,,,354.2,4.988732394,354.2,4.988732394,,,,,,,,,,,,,,,,,,,"Andrew Vaughn","26197",683734
"Tommy Edman","LAD",57,254.082,230.58,56.4523,37.8324,11.1867,1.01853,6.41476,32.0668,27.6919,17.8655,0.404796,44.5358,2.57485,1.91881,1.14315,5.13847,4.85161,1.32981,0.244828,0.0703139,0.175281,0.401149,0.303997,0.385638,0.305596,0.689635,0.14081,5.0228,0.275616,,0.121358,27.6258,-2.19764,93.6309,0.121358,1.35,-1.7752107307314873,2.229629635810852,0.873312,730.1199951171875,,,,,,,246.3,4.321052631,246.3,4.321052631,,,,,,,,,,,,,,,,,,,"Tommy Edman","19470",669242
"Jeff McNeil","ATH",73,320.128,284.541,72.9346,50.1464,16.0159,0.536214,6.2361,36.9688,34.2016,26.4841,1.14475,40.2214,4.92144,2.67788,1.50342,6.61778,1.60186,0.647606,0.256324,0.0827299,0.125642,0.658457,0.327471,0.382129,0.31637,0.7096,0.125805,2.97398,0.277032,,-0.368709,37.5574,-0.0182722,96.9686,-0.368709,-2.06,-1.5091135203838348,-1.2379279136657715,0.869273,440.5199890136719,,,,,,,326.3,4.469863013,326.3,4.469863013,,,,,,,,,,,,,,,,,,,"Jeff McNeil","15362",643446
"Edmundo Sosa","PHI",56,245.826,224.861,56.7477,36.7435,10.1831,1.68805,8.13308,30.3932,29.7499,11.578,0.28418,54.11,5.33853,1.68465,2.1367,4.58176,3.29231,1.02075,0.252368,0.0470985,0.220115,0.213972,0.30257,0.421177,0.317712,0.723747,0.168808,5.15153,0.295885,,-0.0404696,29.1034,0.248992,99.7459,-0.0404696,1.08,-0.11367811262607574,0.7616114616394043,0.86628,999,,,,,,,263.7,4.708928571,263.7,4.708928571,,,,,,,,,,,,,,,,,,,"Edmundo Sosa","17022",624641
"Jake Burger","TEX",89,383.509,351.626,84.6114,49.8786,16.143,0.94206,17.6477,46.4707,53.3882,23.8601,0.462643,93.7472,5.22814,2.32565,0.469007,6.91076,1.41281,0.501529,0.240629,0.0622151,0.244446,0.254515,0.296834,0.442463,0.322874,0.739297,0.201834,3.29037,0.276074,,-0.336769,46.9825,1.96726,105.592,-0.336769,-0.31,2.1832507848739624,-7.2688475251197815,0.857465,236.72000122070312,,,,,,,431.4,4.847191011,431.4,4.847191011,,,,,,,,,,,,,,,,,,,"Jake Burger","22275",669394
"Sean Murphy","ATL",36,148.218,129.068,28.9452,17.6902,5.63612,0,5.61886,17.5646,18.8701,14.3054,0.224823,39.7737,3.33266,0.934293,0.212911,2.96088,0.123886,0.0607376,0.224263,0.0965161,0.268346,0.35967,0.315519,0.398534,0.318622,0.714053,0.17427,1.89008,0.275694,,-0.185321,17.6551,0.257726,101.51,-0.185321,1.99,0.07700319588184357,3.506516456604004,0.849511,746.0599975585938,,,,,,,158.2,4.394444444,158.2,4.394444444,,,,,,,,,,,,,,,,,,,"Sean Murphy","19352",669221
"Royce Lewis","MIN",65,279.068,253.456,59.7104,36.1069,12.2082,0.618997,10.7764,33.8279,34.2105,21.1474,0.441212,62.6468,1.99845,2.07385,0.392604,3.82711,4.83771,1.80725,0.235585,0.0757787,0.224486,0.337566,0.297322,0.41619,0.313314,0.713512,0.180605,4.29524,0.268711,,-0.0815493,32.0602,-0.696037,96.9487,-0.0815493,-0.14,-1.0822211429476738,-0.6640004068613052,0.824237,193.64999389648438,,,,,,,299.8,4.612307692,299.8,4.612307692,,,,,,,,,,,,,,,,,,,"Royce Lewis","20437",668904
"Jake Cronenworth","SDP",50,212.288,182.049,42.4536,27.6914,8.76249,0.870117,5.12955,24.6929,21.7228,23.6038,0.417285,42.1188,3.75674,1.55761,0.903204,3.91596,1.77213,0.498332,0.233199,0.111187,0.198404,0.560409,0.330925,0.375421,0.318152,0.706346,0.142222,4.11769,0.273721,,-0.137617,25.2074,0.289605,105.42,-0.137617,-0.15,1.2107311636209488,0.06604935228824615,0.821596,738.2999877929688,,,,,,,219.8,4.396,219.8,4.396,,,,,,,,,,,,,,,,,,,"Jake Cronenworth","18036",630105
"Amed Rosario","NYY",44,188.822,175.276,47.5149,32.8539,8.09942,1.36038,5.20119,23.5814,21.634,9.83222,0.060287,33.991,1.37135,1.43349,0.337232,3.80219,3.47711,1.0363,0.271087,0.0520714,0.180016,0.28926,0.312478,0.421842,0.322331,0.73432,0.150755,5.2807,0.307698,,0.0396382,23.0501,0.886766,104.947,0.0396382,0,1.1372761726379395,0.21604935824871063,0.817458,999,,,,,,,205.6,4.672727272,205.6,4.672727272,,,,,,,,,,,,,,,,,,,"Amed Rosario","15518",642708
"Christian Yelich","MIL",81,342.976,299.273,76.4458,51.8433,13.9067,0.809885,9.88586,43.0337,41.5304,38.8364,2.79171,83.6213,2.47102,1.76654,0.628607,8.3819,8.82414,2.50554,0.255438,0.113234,0.243811,0.464433,0.343959,0.406418,0.332769,0.750377,0.150979,4.79021,0.320721,,0.263817,44.7231,4.46563,112.367,0.263817,-0.03,5.234973341226578,-8.154999999329448,0.816751,127.22000122070312,,,,,,,398.6,4.920987654,398.6,4.920987654,,,,,,,,,,,,,,,,,,,"Christian Yelich","11477",592885
"Kody Clemens","MIN",62,266.158,240.074,57.4885,32.2769,12.3034,0.769217,12.1389,33.9942,36.0458,20.3935,0.371476,63.2008,2.49502,2.21108,0.984248,3.925,3.64061,1.07988,0.239462,0.0766219,0.237456,0.322678,0.303111,0.448808,0.327848,0.75192,0.209347,4.44824,0.271643,,-0.0024612,33.6618,2.42103,106.811,-0.0024612,0.43,2.1280243375804275,-3.516759216785431,0.81446,700.7000122070312,,,,,,,303.3,4.891935483,303.3,4.891935483,,,,,,,,,,,,,,,,,,,"Kody Clemens","20572",665019
"Kyle Teel","CHW",40,158.961,139.094,34.5227,23.1463,6.52079,0.334415,4.52122,18.8281,17.3933,16.7732,0.133381,39.6849,1.55915,1.19331,0.341882,2.85858,1.77648,0.547183,0.248198,0.105517,0.249652,0.422659,0.33322,0.397401,0.326471,0.730621,0.149204,3.72535,0.312253,,-0.0865739,19.9298,1.27139,106.376,-0.0865739,0,1.1044863760471344,1.2345678806304932,0.811131,266.8800048828125,,,,,,,182.3,4.5575,182.3,4.5575,,,,,,,,,,,,,,,,,,,"Kyle Teel","33549",691019
"Chase DeLauter","CLE",71,298.157,268.32,68.211,45.1911,14.4588,0.508506,8.0526,34.041,35.7277,25.7976,0.638802,45.9942,1.54228,2.09485,0.402777,5.90857,2.22898,0.753574,0.254216,0.0865234,0.154262,0.560887,0.320905,0.401926,0.320211,0.722831,0.14771,3.37532,0.278038,,-0.241656,35.893,0.896191,103.564,-0.241656,0,1.007171168923378,-3.5872230529785156,0.807407,999,,,,,,,319.3,4.497183098,319.3,4.497183098,,,,,,,,,,,,,,,,,,,"Chase DeLauter","32127",800050
"Dominic Canzone","SEA",56,244.562,221.178,54.6424,32.9098,10.7664,0.325617,10.6406,29.9537,34.2337,19.7635,0.755041,54.3316,1.73579,1.60857,0.276647,4.59436,2.2205,0.774844,0.247052,0.0808117,0.222159,0.363757,0.311692,0.443002,0.329901,0.754693,0.195949,3.31337,0.278821,,-0.155786,31.331,2.62497,115.467,-0.155786,-0.01,4.28947377204895,-5.028410205617547,0.80342,477.1600036621094,,,,,,,289.3,5.166071428,289.3,5.166071428,,,,,,,,,,,,,,,,,,,"Dominic Canzone","26438",686527
"Joc Pederson","TEX",63,272.939,232.243,54.4424,32.4388,10.3544,0.305513,11.3437,34.5016,34.9842,32.8229,1.21693,56.951,4.81973,2.36356,0.468344,4.8487,1.60247,0.617322,0.23442,0.120257,0.208658,0.576335,0.338238,0.428168,0.339122,0.766406,0.193748,2.93537,0.259144,,-0.295288,36.9732,4.93639,116.617,-0.295288,0,5.03449210524559,-6.80555534362793,0.799658,999,,,,,,,317.8,5.044444444,317.8,5.044444444,,,,,,,,,,,,,,,,,,,"Joc Pederson","11899",592626
"Ryan Waldschmidt","ARI",63,274.805,245.047,60.0042,40.7357,12.1373,2.09626,5.03496,33.591,27.2627,23.3384,0.481568,71.3607,4.03785,1.71532,0.666421,3.73829,7.32702,2.03076,0.244868,0.0849271,0.259678,0.327048,0.318746,0.373148,0.309566,0.691894,0.12828,5.98175,0.322653,,0.278412,30.7492,-1.50668,94.8326,0.278412,0,-1.3858209252357483,0.4253471791744232,0.795746,999,,,,,,,272.9,4.331746031,272.9,4.331746031,,,,,,,,,,,,,,,,,,,"Ryan Waldschmidt","35061",814439
"Colt Keith","DET",68,294.862,265.449,68.1123,45.4827,14.0463,1.42697,7.15628,35.0446,33.0166,25.1329,0.660837,60.7192,1.87287,2.13611,0.27175,5.06433,2.40807,0.678753,0.256593,0.0852361,0.205924,0.413921,0.322882,0.401137,0.320684,0.724019,0.144544,4.12052,0.305223,,-0.174917,35.6077,0.997633,102.455,-0.174917,-0.1,0.6759326159954071,-3.278565026819706,0.79325,502.489990234375,,,,,,,309.9,4.557352941,309.9,4.557352941,,,,,,,,,,,,,,,,,,,"Colt Keith","27899",690993
"Trevor Story","BOS",46,197.131,178.664,44.2011,28.3891,7.9326,1.08993,6.78951,25.2055,24.3595,12.4654,0.369241,53.7167,2.05958,1.42544,0.445519,2.68581,6.12855,1.73879,0.247398,0.0632342,0.272493,0.232058,0.301756,0.418003,0.315731,0.719759,0.170605,5.99853,0.31285,,0.290457,23.0269,-0.111723,95.1634,0.290457,-0.49,-0.8300039172172546,1.639629602432251,0.791609,111.33000183105469,,,,,,,209.9,4.563043478,209.9,4.563043478,,,,,,,,,,,,,,,,,,,"Trevor Story","12564",596115
"Kyle Manzardo","CLE",73,305.952,269.378,63.1096,35.9053,12.9896,0.192433,14.0222,36.3996,45.398,29.8015,0.838058,77.9423,3.60197,2.94979,0.220701,3.99201,0.74878,0.276275,0.234279,0.0974059,0.254753,0.382354,0.315679,0.440091,0.331237,0.75577,0.205812,2.32357,0.272158,,-0.32455,39.5215,3.60967,111.046,-0.32455,-0.16,3.6469717919826508,-6.693950802087784,0.787579,253.4600067138672,,,,,,,357,4.890410958,357,4.890410958,,,,,,,,,,,,,,,,,,,"Kyle Manzardo","29794",700932
"Joe Mack","MIA",59,232.998,210.19,45.9543,30.6727,9.20817,0.30533,5.76817,22.6249,25.6935,18.4933,0.442383,63.124,2.20227,1.36538,0.746205,4.18599,1.40122,0.471193,0.218632,0.0793711,0.270921,0.292968,0.286973,0.347674,0.284274,0.634647,0.129042,2.91238,0.281685,,-0.181132,21.3717,-5.97689,77.2643,-0.181132,2.12,-6.38948281109333,6.672469139099121,0.787138,999,,,,,,,192,3.254237288,192,3.254237288,,,,,,,,,,,,,,,,,,,"Joe Mack","29780",691788
"Tyler Freeman","COL",59,257.033,225.831,66.1633,48.7746,10.3972,2.53741,4.45413,36.1379,25.95,18.3904,0.194258,30.9259,7.91799,1.8929,3.00087,6.00443,9.83091,3.14223,0.292978,0.0715489,0.120319,0.59466,0.364016,0.420659,0.349763,0.784676,0.127682,6.64672,0.320828,,0.286585,36.9997,6.8299,109.457,0.286585,-1.29,3.135261654853821,-3.626934051513672,0.785959,745.8599853515625,,,,,,,315.9,5.354237288,315.9,5.354237288,,,,,,,,,,,,,,,,,,,"Tyler Freeman","22532",671289
"Oswald Peraza","LAA",74,323.164,294.775,68.1604,45.8395,11.1067,1.76534,9.44896,38.9934,32.3242,20.8308,0.422475,80.675,4.88164,1.65197,1.02458,5.58581,10.8104,2.9642,0.231229,0.0644589,0.249641,0.258206,0.291405,0.37705,0.296813,0.668455,0.145821,6.11107,0.284589,,0.575081,32.8734,-5.05861,85.3323,0.575081,0.28,-4.995290458202362,1.3268106281757355,0.785759,999,,,,,,,304.2,4.11081081,304.2,4.11081081,,,,,,,,,,,,,,,,,,,"Oswald Peraza","22823",672724
"Marcelo Mayer","BOS",70,299.163,272.638,66.3614,44.0953,15.1721,0.830845,6.26311,32.4986,33.4206,22.1589,0.966761,62.8687,1.77212,2.21769,0.37658,5.52065,4.46969,1.27211,0.243405,0.0740698,0.210149,0.352464,0.302197,0.374066,0.299723,0.676263,0.130661,4.40065,0.292131,,0.0200469,31.1264,-3.98853,84.3006,0.0200469,0.49,-5.499327490106225,2.650493860244751,0.783479,589.5399780273438,,,,,,,279,3.985714285,279,3.985714285,,,,,,,,,,,,,,,,,,,"Marcelo Mayer","29668",691785
"Jordan Lawlar","ARI",48,205.602,184.718,45.6521,29.75,9.17354,1.67093,5.05758,26.6318,22.1834,16.0913,0.527169,54.2186,2.64746,1.27699,0.868947,2.93779,7.23011,1.68967,0.247145,0.0782641,0.263706,0.296785,0.314511,0.397039,0.315054,0.71155,0.149894,6.72718,0.320352,,0.502256,23.9055,-0.227543,98.5665,0.502256,1.46,0.1568334698677063,0.9044444561004639,0.777756,261.6499938964844,,,,,,,221.8,4.620833333,221.8,4.620833333,,,,,,,,,,,,,,,,,,,"Jordan Lawlar","29976",691783
"Ernie Clement","TOR",85,370.471,345.216,88.325,62.3234,17.6109,1.70479,6.6859,39.8882,37.0803,15.9641,0.509749,39.5857,2.19126,3.15749,3.94199,5.96236,5.12049,1.64827,0.255855,0.0430914,0.106852,0.403279,0.29051,0.374847,0.293038,0.665358,0.118993,4.44474,0.270237,,-0.0716796,36.5705,-6.91424,84.5462,-0.0716796,-0.28,-6.7997193187475204,1.3634297549724579,0.774655,337.67999267578125,,,,,,,335.1,3.942352941,335.1,3.942352941,,,,,,,,,,,,,,,,,,,"Ernie Clement","20352",676391
"Lawrence Butler","ATH",62,271.654,242.317,58.7073,35.5884,12.8815,0.265136,9.97234,36.8682,33.0675,26.2488,0.47637,68.2049,0.81311,1.73667,0.538049,4.44108,7.94101,2.66202,0.242275,0.096626,0.251073,0.384852,0.316357,0.421085,0.325212,0.737441,0.17881,4.72176,0.293803,,0.171991,33.7858,1.89988,102.969,0.171991,-1.68,1.1196522414684296,-3.092404365539551,0.774369,157.22000122070312,,,,,,,307.9,4.966129032,307.9,4.966129032,,,,,,,,,,,,,,,,,,,"Lawrence Butler","22542",671732
"Mickey Moniak","COL",63,274.236,251.618,65.8255,36.597,13.8118,1.63912,13.7776,38.0461,44.1248,17.9446,0.414398,64.5829,2.58665,1.81531,0.271111,3.18821,4.82939,1.33513,0.261609,0.0654349,0.235501,0.277853,0.315211,0.493797,0.349911,0.809008,0.232188,5.30362,0.297293,,0.120831,39.5085,7.31949,109.558,0.120831,-0.25,3.1926368325948715,-4.38194465637207,0.770443,245.8300018310547,,,,,,,370.9,5.887301587,370.9,5.887301587,,,,,,,,,,,,,,,,,,,"Mickey Moniak","19956",666160
"Anthony Volpe","NYY",44,188.822,170.405,40.1409,25.5055,8.01142,1.15123,5.47279,24.1091,19.7612,14.196,0.173824,43.7095,1.69953,1.5284,0.993058,2.86225,6.8748,1.99917,0.235562,0.0751819,0.231485,0.324781,0.298338,0.392437,0.30537,0.690775,0.156875,6.22655,0.282427,,0.340232,20.4962,-1.66718,93.437,0.340232,-0.01,-1.1160722076892853,1.996172895655036,0.768963,641.989990234375,,,,,,,185.6,4.218181818,185.6,4.218181818,,,,,,,,,,,,,,,,,,,"Anthony Volpe","27647",683011
"Ezequiel Duran","TEX",69,297.842,274.016,64.823,43.5759,12.4479,2.23614,6.56306,35.3985,27.8807,18.1925,0.372663,69.0962,2.77176,1.65076,1.21075,4.26815,8.32906,2.32632,0.236566,0.0610811,0.231989,0.263293,0.289205,0.370169,0.292264,0.659374,0.133603,6.18987,0.291288,,0.376291,29.2172,-5.74271,84.8194,0.376291,1.85,-4.937135279178619,1.9888888895511627,0.768543,999,,,,,,,274.6,3.979710144,274.6,3.979710144,,,,,,,,,,,,,,,,,,,"Ezequiel Duran","23733",677649
"Jake McCarthy","COL",70,304.594,274.422,74.0376,53.0452,12.9884,2.94082,5.06325,40.7933,29.014,20.3486,0.338471,53.0948,4.47962,1.93296,3.41091,5.74681,15.0382,2.54098,0.269795,0.0668057,0.174314,0.38325,0.328258,0.39391,0.32099,0.722168,0.124115,7.2913,0.316111,,1.55983,36.8572,1.10484,89.8787,1.55983,0.46,-2.053235173225403,-0.1638045608997345,0.763903,506.760009765625,,,,,,,334.3,4.775714285,334.3,4.775714285,,,,,,,,,,,,,,,,,,,"Jake McCarthy","21622",664983
"Curtis Mead","WSN",53,229.342,205.623,51.4074,32.6039,10.7175,0.634253,7.45184,27.1276,29.4518,17.8598,0.495667,44.3633,3.7737,1.78673,0.298627,3.86676,3.65957,1.40339,0.250009,0.077874,0.193438,0.40258,0.318896,0.417021,0.32481,0.735917,0.167012,4.35099,0.282501,,-0.125347,28.4499,1.53042,106.214,-0.125347,-0.5,1.544771447777748,-1.3784865140914917,0.763283,999,,,,,,,253.8,4.788679245,253.8,4.788679245,,,,,,,,,,,,,,,,,,,"Curtis Mead","23986",678554
"A.J. Ewing","NYM",53,231.903,208.995,52.9782,37.8591,10.7709,1.02586,3.32241,28.1884,20.4663,19.649,0.621306,56.1343,1.15614,1.36474,0.737307,3.75175,8.77744,1.92175,0.25349,0.0847294,0.24206,0.350035,0.31918,0.362535,0.305071,0.681715,0.109045,5.86443,0.329057,,0.663654,25.1173,-2.10277,96.0789,0.663654,0,-0.40203505754470825,0.39380425214767456,0.753732,999,,,,,,,228.1,4.303773584,228.1,4.303773584,,,,,,,,,,,,,,,,,,,"A.J. Ewing","33656",805999
"Jesús Sánchez","TOR",59,255.705,230.879,58.2536,36.7346,11.7345,0.353809,9.43071,32.8366,31.6522,20.67,0.644132,56.5789,2.18548,1.42193,0.549049,4.92544,4.34879,1.39843,0.252312,0.0808351,0.221266,0.36533,0.31788,0.428744,0.328389,0.746624,0.176431,4.08293,0.293599,,-0.0129414,32.4502,2.43628,108.535,-0.0129414,-1.33,2.551857623271644,-4.182880759239197,0.752057,617.4299926757812,,,,,,,287,4.864406779,287,4.864406779,,,,,,,,,,,,,,,,,,,"Jesus Sanchez","19913",660821
"Kyle Karros","COL",54,235.782,209.724,55.8039,39.3293,11.2307,1.2689,3.97503,27.5823,25.8473,21.8628,0.990806,51.7823,2.25224,1.59607,0.346422,4.7459,1.56315,0.617602,0.266082,0.0927247,0.219619,0.422206,0.339451,0.388593,0.324485,0.728045,0.122511,4.08154,0.333169,,-0.269429,29.1878,1.51233,92.2566,-0.269429,1.43,-2.409167617559433,2.1724241375923157,0.742937,999,,,,,,,251.8,4.662962962,251.8,4.662962962,,,,,,,,,,,,,,,,,,,"Kyle Karros","33252",691720
"Mauricio Dubón","ATL",76,335.013,309.147,77.7987,56.2436,14.0787,1.41919,6.05715,35.8338,34.1253,18.9565,0.254613,46.4902,1.98713,2.57362,2.34814,6.68701,2.2024,0.886692,0.251656,0.0565844,0.138772,0.407752,0.296823,0.365157,0.293869,0.66198,0.113501,3.67134,0.276809,,-0.327986,33.2924,-6.03039,84.6673,-0.327986,4.31,-6.347981870174408,2.9266507625579834,0.739467,743.3800048828125,,,,,,,294.5,3.875,294.5,3.875,,,,,,,,,,,,,,,,,,,"Mauricio Dubon","16530",643289
"Keibert Ruiz","WSN",53,209.312,194.139,46.8148,31.9983,9.30177,0.115582,5.39918,20.4128,25.6207,10.5638,0.205458,25.2464,2.44565,1.89757,0.26533,4.09547,1.30996,0.595135,0.24114,0.0504692,0.120616,0.418427,0.286177,0.373676,0.291693,0.659853,0.132536,2.64629,0.25041,,-0.217724,20.4374,-4.13106,83.6794,-0.217724,0.5,-4.221281811594963,4.589506149291992,0.718803,720.3499755859375,,,,,,,180.4,3.403773584,180.4,3.403773584,,,,,,,,,,,,,,,,,,,"Keibert Ruiz","19610",660688
"Vaughn Grissom","LAA",65,280.008,253.68,65.6611,45.7225,12.1768,0.999125,6.76272,32.0132,30.4597,19.9799,0.427144,48.9214,3.93497,1.97191,0.441005,5.91723,3.48457,1.27513,0.258834,0.0713547,0.174714,0.408408,0.320409,0.394687,0.317591,0.715096,0.135853,4.12983,0.294539,,-0.189564,33.1231,0.256549,99.4321,-0.189564,-1.17,-0.376437172293663,-2.46430504322052,0.715451,999,,,,,,,296.8,4.566153846,296.8,4.566153846,,,,,,,,,,,,,,,,,,,"Vaughn Grissom","26031",687093
"Mike Yastrzemski","ATL",61,266.995,231.645,54.0902,32.1705,12.5362,0.713151,8.67039,32.9067,31.4408,29.5629,0.839152,59.1342,2.75809,1.93784,1.09067,3.83915,2.20239,0.74311,0.233504,0.110725,0.221481,0.499929,0.324971,0.406068,0.324574,0.731039,0.172564,3.84369,0.273979,,-0.199208,33.0705,1.73144,105.56,-0.199208,-0.13,1.540513500571251,-3.075539708137512,0.711453,656.0999755859375,,,,,,,298.4,4.891803278,298.4,4.891803278,,,,,,,,,,,,,,,,,,,"Mike Yastrzemski","14854",573262
"Romy Gonzalez","BOS",35,149.582,136.812,37.3425,24.5097,6.78137,0.813212,5.2382,20.3694,19.4449,9.87627,0.306427,36.058,1.25039,1.09898,0.544117,3.13477,4.58521,1.3825,0.272948,0.066026,0.241059,0.273899,0.325215,0.449266,0.33864,0.774481,0.176318,5.82286,0.332293,,0.165496,20.2054,2.64791,110.709,0.165496,-0.26,2.0479784309864044,-0.36802469938993454,0.70987,999,,,,,,,182.9,5.225714285,182.9,5.225714285,,,,,,,,,,,,,,,,,,,"Romy Gonzalez","21562",663853
"Hunter Feduccia","TBR",45,170.51,150.927,31.6914,22.022,6.40694,0.336956,2.92549,15.6637,16.0305,17.0385,0.18337,45.5071,0.915664,1.09014,0.538513,3.05044,0.415445,0.133504,0.209978,0.0999267,0.266888,0.374414,0.292082,0.315044,0.276619,0.607126,0.105066,2.53431,0.277704,,-0.181501,14.5991,-5.4148,71.9242,-0.181501,3.25,-5.8072501718997955,6.722222089767456,0.706708,999,,,,,,,127.8,2.84,127.8,2.84,,,,,,,,,,,,,,,,,,,"Hunter Feduccia","23372",676439
"Jasson Domínguez","NYY",53,232.01,207.019,51.8998,33.3334,10.0869,0.632645,7.84679,30.7695,26.8285,21.4951,1.02757,52.357,1.7916,1.42246,0.281912,3.8863,8.46446,2.27397,0.250701,0.0926473,0.225667,0.410548,0.32446,0.419249,0.32781,0.743709,0.168548,5.47039,0.297179,,0.470024,29.3359,2.10326,108.664,0.470024,-1.54,2.832386314868927,-4.1148741245269775,0.702595,421.5400085449219,,,,,,,272.7,5.145283018,272.7,5.145283018,,,,,,,,,,,,,,,,,,,"Jasson Dominguez","28080",691176
"Victor Scott II","STL",73,307.881,272.366,60.9695,45.6365,9.69915,1.84916,3.78466,37.4053,19.2477,23.77,0.313004,72.2189,4.19274,2.29243,5.25989,4.65177,19.3454,3.13855,0.223851,0.0772052,0.234567,0.329139,0.293873,0.314727,0.276371,0.6086,0.0908757,7.25797,0.28786,,2.19944,26.3,-9.83829,75.3916,2.19944,2.62,-6.679957389831543,3.746543049812317,0.701187,391.1300048828125,,,,,,,259.3,3.552054794,259.3,3.552054794,,,,,,,,,,,,,,,,,,,"Victor Scott II","31349",687363
"Ty France","SDP",76,322.364,289.136,73.6481,52.5975,12.358,0.308228,8.38431,35.6264,37.0454,19.9118,0.348172,57.6723,10.3339,2.47187,0.509746,8.08194,1.18166,0.574708,0.254717,0.061768,0.178904,0.345257,0.322798,0.386584,0.317204,0.709382,0.131866,2.71138,0.289352,,-0.433973,38.0342,0.196065,104.774,-0.433973,0.91,1.3698112070560455,-4.769012272357941,0.700578,999,,,,,,,324.5,4.269736842,324.5,4.269736842,,,,,,,,,,,,,,,,,,,"Ty France","17982",664034
"Carlos Narváez","BOS",43,168.403,149.91,33.9119,22.3789,6.26446,0.143668,5.12483,18.0622,20.0988,14.9077,0.355356,44.1298,1.65626,1.23905,0.690126,3.066,1.044,0.470974,0.226215,0.0885242,0.262049,0.337816,0.300966,0.372478,0.300427,0.673444,0.146263,2.90547,0.282519,,-0.187364,17.616,-2.15071,84.778,-0.187364,0.8,-3.199810579419136,3.932715952396393,0.680477,443.010009765625,,,,,,,157.7,3.66744186,157.7,3.66744186,,,,,,,,,,,,,,,,,,,"Carlos Narvaez","19722",665966
"Dylan Beavers","BAL",40,177.084,155.453,38.2861,24.208,8.04408,0.865479,5.16858,23.3168,19.0904,18.597,0.387693,40.4401,0.975941,1.3826,0.675242,2.41135,4.56799,1.08266,0.246288,0.105018,0.228367,0.459864,0.327984,0.408914,0.326662,0.736898,0.162627,5.39947,0.297748,,0.242051,22.2288,1.44324,108.201,0.242051,-0.09,1.9486044198274612,-1.5202921330928802,0.680468,505.0400085449219,,,,,,,200.4,5.01,200.4,5.01,,,,,,,,,,,,,,,,,,,"Dylan Beavers","31695",687637
"Jake Bauers","MIL",64,270.253,235.237,54.4492,31.9096,10.9884,0.559315,10.9919,33.8337,37.8225,30.9476,1.39524,71.6685,2.2821,1.49302,0.292827,3.84069,5.59318,1.87716,0.231465,0.114513,0.265191,0.431816,0.324784,0.423113,0.329998,0.747897,0.191648,4.29342,0.282062,,0.0149368,34.6431,2.92153,110.482,0.0149368,-1.03,3.3348017781972885,-5.309835195541382,0.676964,999,,,,,,,313.2,4.89375,313.2,4.89375,,,,,,,,,,,,,,,,,,,"Jake Bauers","15194",641343
"Matt Vierling","DET",48,209.029,187.921,46.9973,30.8938,8.56752,1.57589,5.96008,26.0492,23.2094,17.0312,0.141308,41.5041,1.89116,1.74233,0.443217,3.63312,2.65081,0.858316,0.250091,0.0814776,0.198556,0.41035,0.316031,0.407601,0.319904,0.723632,0.15751,5.11063,0.288589,,-0.0828419,25.1124,0.577119,101.926,-0.0828419,-0.81,0.39022211730480194,-1.1576946675777435,0.672763,999,,,,,,,229,4.770833333,229,4.770833333,,,,,,,,,,,,,,,,,,,"Matt Vierling","21558",663837
"Isaac Collins","KCR",63,272.264,235.265,56.152,36.2471,12.0264,1.24735,6.63119,34.8715,27.5954,30.2771,0.456426,58.5137,3.46718,1.83309,1.42175,4.58823,7.44186,2.43496,0.238676,0.111205,0.214916,0.517436,0.331914,0.384957,0.321613,0.716871,0.146281,5.33503,0.287991,,0.126115,33.0804,1.12282,100.33,0.126115,-0.32,0.23168954253196716,-3.236666738986969,0.670781,666.1699829101562,,,,,,,291.6,4.628571428,291.6,4.628571428,,,,,,,,,,,,,,,,,,,"Isaac Collins","25477",686555
"Giancarlo Stanton","NYY",50,218.953,195.72,45.1671,23.9881,7.10631,0,14.0726,28.5251,35.9104,20.3873,0.897617,65.2076,1.16227,1.36693,0.29737,3.48432,0.340253,0.159619,0.230774,0.0931126,0.297816,0.312652,0.305149,0.482788,0.340774,0.787937,0.252014,1.85778,0.263945,,-0.232798,29.9486,4.24855,117.462,-0.232798,0,4.260277807712555,-5.4012346267700195,0.670162,251.4600067138672,,,,,,,270.9,5.418,270.9,5.418,,,,,,,,,,,,,,,,,,,"Giancarlo Stanton","4949",519317
"Henry Davis","PIT",36,145.615,129.051,28.9016,17.6256,5.37298,0.507495,5.39551,17.488,17.6708,11.6016,0.403062,35.1235,2.98707,0.894195,1.08105,2.31916,1.78763,0.581948,0.223954,0.0796729,0.241207,0.330309,0.300899,0.39888,0.30984,0.69978,0.174926,4.3864,0.262853,,-0.0482348,16.3253,-0.766661,94.1149,-0.0482348,0.19,-1.0525592006742954,2.967777669429779,0.670079,999,,,,,,,146.6,4.072222222,146.6,4.072222222,,,,,,,,,,,,,,,,,,,"Henry Davis","29617",680779
"Dalton Rushing","LAD",37,152.862,135.153,30.6374,17.7945,6.31898,0.292825,6.23105,19.6122,20.2322,13.8781,0.355593,42.4347,2.77537,0.885213,0.170917,2.37631,0.496485,0.158287,0.226687,0.090788,0.2776,0.327046,0.309715,0.416085,0.320818,0.7258,0.189399,3.15855,0.279337,,-0.145337,18.476,0.533454,103.989,-0.145337,-1.32,0.5692526996135712,1.054106593132019,0.66375,745.8300170898438,,,,,,,163.4,4.416216216,163.4,4.416216216,,,,,,,,,,,,,,,,,,,"Dalton Rushing","31382",687221
"Rhys Hoskins","CLE",59,249.439,212.566,47.0882,26.5362,9.65523,0,10.8967,30.4669,34.4556,31.5048,0.428887,64.804,3.0901,1.92153,0.299191,3.41633,1.20286,0.557489,0.221523,0.126303,0.259799,0.486155,0.327936,0.420734,0.332512,0.74867,0.199211,2.4267,0.26077,,-0.307675,32.475,3.19663,111.912,-0.307675,-0.42,3.183972120285034,-5.509809881448746,0.658327,737.989990234375,,,,,,,286.7,4.859322033,286.7,4.859322033,,,,,,,,,,,,,,,,,,,"Rhys Hoskins","16472",656555
"Jared Triolo","PIT",53,233.188,206.943,51.0521,36.3551,9.32834,1.49285,3.87574,27.7127,21.977,21.7499,0.256813,52.6472,1.87262,1.52619,1.09705,3.88713,5.09198,1.55303,0.246697,0.0932718,0.225771,0.413125,0.321747,0.362387,0.30756,0.684134,0.11569,5.33515,0.310481,,0.0684152,25.7194,-1.65162,92.5639,0.0684152,0.25,-1.9638037532567978,0.9735279679298401,0.657277,735.5399780273438,,,,,,,223.9,4.224528301,223.9,4.224528301,,,,,,,,,,,,,,,,,,,"Jared Triolo","25807",669707
"Brenton Doyle","COL",45,197.328,179.073,46.9357,29.4324,8.5959,1.84136,7.06602,28.3072,24.4204,14.1039,0.105273,51.5435,1.16944,1.49206,1.48938,2.64538,7.97394,2.11272,0.262103,0.0714744,0.261207,0.273631,0.317654,0.449047,0.335008,0.766701,0.186944,6.92012,0.326919,,0.495845,26.0834,2.92157,99.4168,0.495845,-0.96,0.3609694838523865,-0.26555556058883667,0.651854,166.25,,,,,,,242.1,5.38,242.1,5.38,,,,,,,,,,,,,,,,,,,"Brenton Doyle","25479",686668
"Sal Frelick","MIL",74,313.493,279.988,70.5834,52.9184,12.8727,1.56713,3.22508,34.5137,28.4361,26.2249,0.567003,38.9921,2.9796,2.10763,1.27942,6.72352,8.81444,2.11781,0.252094,0.0836538,0.124379,0.67257,0.320552,0.34382,0.299769,0.664372,0.091726,5.34996,0.280801,,0.46682,32.6288,-4.16816,89.9128,0.46682,2.72,-3.239268720149994,-0.455629825592041,0.641412,216.39999389648438,,,,,,,293.4,3.964864864,293.4,3.964864864,,,,,,,,,,,,,,,,,,,"Sal Frelick","29622",686217
"Josh Bell","MIN",81,349.58,309.621,75.8714,49.3045,13.8376,0.0937774,12.6356,41.2971,43.2034,33.9884,0.589112,69.4485,2.73242,2.6959,0.398799,7.97877,1.03226,0.429928,0.245046,0.0972262,0.198663,0.489404,0.322579,0.412773,0.325765,0.735352,0.167727,2.19957,0.27466,,-0.420199,43.6317,2.59897,105.397,-0.420199,-0.28,1.797167807817459,-7.869285851716995,0.6344,636.3300170898438,,,,,,,391.3,4.830864197,391.3,4.830864197,,,,,,,,,,,,,,,,,,,"Josh Bell","13145",605137
"Harrison Bader","SFG",58,250.908,228.643,53.9233,35.7425,9.33436,1.44357,7.40286,30.998,26.5156,16.3263,0.140536,60.5549,3.75943,1.6722,0.506769,3.93254,6.60703,2.02761,0.235841,0.065069,0.241343,0.269612,0.295562,0.386425,0.302291,0.681987,0.150585,5.82564,0.286531,,0.198733,26.6194,-2.83139,93.2752,0.198733,-1.07,-1.7787286937236786,-0.1749383807182312,0.616206,554.3099975585938,,,,,,,238.7,4.115517241,238.7,4.115517241,,,,,,,,,,,,,,,,,,,"Harrison Bader","18030",664056
"Miguel Amaya","CHC",41,167.42,147.665,33.1339,22.6445,6.03319,0.232535,4.22369,17.5356,17.5105,12.9829,0.276213,35.8991,3.37953,1.26285,2.12994,3.24495,0.269423,0.124857,0.224385,0.0775468,0.214425,0.36165,0.299451,0.354202,0.293711,0.653652,0.129816,2.3435,0.265706,,-0.201566,16.6165,-3.0348,86.8331,-0.201566,0.99,-2.7850543558597565,3.4606056213378906,0.613989,745.969970703125,,,,,,,139.8,3.409756097,139.8,3.409756097,,,,,,,,,,,,,,,,,,,"Miguel Amaya","21693",665804
"Lourdes Gurriel Jr.","ARI",79,343.005,313.543,82.4914,55.7256,15.684,1.07609,10.0057,40.8384,44.3348,22.406,0.371567,52.4171,3.44043,3.16885,0.44659,6.44786,3.93849,1.48036,0.263094,0.0653226,0.152817,0.427455,0.316261,0.415715,0.322319,0.731976,0.152621,4.09696,0.285052,,-0.245947,41.8685,1.60758,103.51,-0.245947,-0.77,1.1649750769138336,-6.155802249908447,0.604634,689.0700073242188,,,,,,,371.1,4.697468354,371.1,4.697468354,,,,,,,,,,,,,,,,,,,"Lourdes Gurriel Jr.","19238",666971
"Jorge Polanco","NYM",61,266.035,234.932,57.4001,35.5357,11.5688,0.219117,10.0765,32.6658,33.622,25.5024,0.607385,53.4828,1.86888,2.09025,0.805607,4.06827,2.61449,0.957392,0.244326,0.0958609,0.201037,0.476833,0.320626,0.424108,0.32829,0.744734,0.179782,3.38212,0.272817,,-0.197234,33.74,2.51356,111.878,-0.197234,-0.18,3.506056994199753,-6.075874030590057,0.602288,209.42999267578125,,,,,,,299.9,4.916393442,299.9,4.916393442,,,,,,,,,,,,,,,,,,,"Jorge Polanco","13152",593871
"Gavin Sheets","SDP",81,343.986,306.976,72.8926,45.1927,15.4788,0.515129,11.7059,39.9278,42.18,31.4878,0.713901,68.8702,2.82846,2.37864,0.314313,5.76562,2.22096,0.70765,0.237453,0.0915381,0.200213,0.457205,0.311952,0.405631,0.317528,0.717583,0.168178,3.06478,0.267449,,-0.260923,40.6741,0.297988,104.995,-0.260923,-1.4,1.7526192963123322,-6.816666483879089,0.600321,684.8099975585938,,,,,,,366.8,4.528395061,366.8,4.528395061,,,,,,,,,,,,,,,,,,,"Gavin Sheets","19901",657757
"Mickey Gasper","BOS",41,164.441,144.944,34.6214,23.5048,7.1674,0.333111,3.61606,17.9075,17.9194,15.3314,0.529279,32.7216,2.50606,1.09668,0.562328,3.15921,1.42644,0.45316,0.23886,0.0932339,0.198987,0.468542,0.320109,0.36775,0.308615,0.687859,0.12889,3.5486,0.282629,,-0.115343,18.2753,-1.0263,90.3347,-0.115343,0.58,-1.9831042066216469,2.0460492968559265,0.597577,999,,,,,,,164.8,4.019512195,164.8,4.019512195,,,,,,,,,,,,,,,,,,,"Mickey Gasper","24759",681508
"Daniel Schneemann","CLE",47,195.848,174.024,39.1509,25.8133,8.25683,0.43479,4.64597,22.0163,19.9955,19.0258,0.162997,51.6078,1.01742,1.22284,0.55793,3.45462,3.76167,1.09249,0.224974,0.0971456,0.263509,0.368661,0.303108,0.357509,0.296831,0.660617,0.132535,4.39857,0.289974,,0.0646299,19.9253,-3.06284,87.6987,0.0646299,1.64,-2.766571670770645,1.6702211573719978,0.591678,999,,,,,,,179.4,3.817021276,179.4,3.817021276,,,,,,,,,,,,,,,,,,,"Daniel Schneemann","25180",682177
"Chandler Simpson","TBR",79,326.569,302.518,83.7864,70.5756,10.974,2.23674,0,39.633,22.0351,17.4949,0.379843,35.4721,0.730929,2.06556,3.75969,7.19403,24.4191,4.29724,0.276963,0.0535717,0.108621,0.493201,0.316013,0.328026,0.289382,0.64404,0.0510631,7.11482,0.311344,,2.66069,31.2848,-7.04702,80.5848,2.66069,2.63,-4.790338516235352,-0.9007437229156494,0.59073,180.19000244140625,,,,,,,299.1,3.786075949,299.1,3.786075949,,,,,,,,,,,,,,,,,,,"Chandler Simpson","31912",802415
"Austin Hedges","CLE",29,112.053,97.045,19.4174,13.907,3.36376,0,2.14667,10.3462,8.48982,8.91678,0.179748,26.5683,1.23931,0.743681,3.19001,2.08414,1.28579,0.61125,0.200087,0.0795768,0.237106,0.335617,0.273969,0.30111,0.261831,0.575079,0.101023,3.24213,0.250034,,-0.118736,8.27256,-4.87984,63.9481,-0.118736,4.45,-4.866052687168121,6.6876540184021,0.589478,999,,,,,,,66,2.275862068,66,2.275862068,,,,,,,,,,,,,,,,,,,"Austin Hedges","12976",595978
"Jung Hoo Lee","SFG",81,352.274,320,86.0413,61.0633,20.088,1.63347,3.25651,39.3327,34.1475,25.5396,0.620806,38.571,3.14791,3.17971,0.406669,7.9599,3.64663,1.04116,0.268879,0.0724993,0.109491,0.662146,0.326057,0.372393,0.311452,0.69845,0.103514,4.36096,0.294239,,-0.166654,39.9472,-1.40176,99.5087,-0.166654,-1.78,-0.369494304060936,-5.108313083648682,0.58489,339.44000244140625,,,,,,,351,4.333333333,351,4.333333333,,,,,,,,,,,,,,,,,,,"Jung Hoo Lee","33824",808982
"Edwin Arroyo","CIN",53,226.694,208.175,52.8118,35.3166,11.3466,1.06922,5.07935,26.3333,23.9917,13.5951,0.304371,47.8137,2.2211,1.55805,1.1452,3.61673,4.84667,0.852578,0.25369,0.0599713,0.210917,0.284335,0.304271,0.391666,0.307465,0.695936,0.137976,5.34363,0.304339,,0.352586,24.9859,-1.62281,89.4888,0.352586,0,-2.440016895532608,0.9413579702377319,0.584048,999,,,,,,,228.1,4.303773584,228.1,4.303773584,,,,,,,,,,,,,,,,,,,"Edwin Arroyo","29957",695490
"Marcell Ozuna","PIT",66,289.194,250.915,60.6524,37.5287,11.8207,0,11.3031,34.9611,39.4795,33.899,0.740571,71.3505,1.92257,2.1278,0.329331,4.94571,0.261817,0.118441,0.241725,0.117219,0.246722,0.475106,0.333976,0.423977,0.335711,0.757954,0.182253,1.68626,0.289626,,-0.379274,38.3886,4.4438,111.719,-0.379274,0,3.592521458864212,-7.129629611968994,0.578516,377.510009765625,,,,,,,336.8,5.103030303,336.8,5.103030303,,,,,,,,,,,,,,,,,,,"Marcell Ozuna","10324",542303
"Wenceel Pérez","DET",58,252.451,227.751,53.909,33.6481,10.9692,1.41534,7.87628,31.4758,28.1073,20.1969,0.312294,48.5964,1.71388,2.0771,0.711881,3.39304,6.06671,1.74907,0.236701,0.0800035,0.192499,0.415605,0.301184,0.401042,0.309775,0.702226,0.164341,5.61805,0.265539,,0.206845,28.2898,-1.34214,95.0524,0.206845,-0.31,-1.2609687894582748,-2.024270713329315,0.570837,748.5399780273438,,,,,,,259,4.465517241,259,4.465517241,,,,,,,,,,,,,,,,,,,"Wenceel Perez","22857",672761
"Josh Smith","TEX",49,213.171,185.013,43.1659,30.1572,8.66986,0.658383,3.68046,24.1043,18.8681,21.3371,0.517213,37.917,4.18419,1.50235,1.13431,3.9171,4.05557,1.191,0.233312,0.100094,0.177871,0.562732,0.323939,0.346969,0.304404,0.670908,0.113657,4.67486,0.272467,,0.033172,22.9751,-2.04638,93.0577,0.033172,-1.08,-1.7059636674821377,-0.3513244390487671,0.555475,428.9100036621094,,,,,,,205,4.183673469,205,4.183673469,,,,,,,,,,,,,,,,,,,"Josh Smith","26396",669701
"Trevor Larnach","MIN",59,254.24,222.101,55.3451,37.6397,11.1843,0.397846,6.12319,29.6912,26.7631,27.3631,0.759415,52.8038,2.24907,2.26355,0.263353,4.86314,2.40391,0.872272,0.249189,0.107627,0.207693,0.518203,0.334508,0.385837,0.322122,0.720345,0.136648,3.54385,0.297525,,-0.226688,30.9937,1.15173,102.926,-0.226688,-0.85,0.6475066840648651,-4.178526520729065,0.552082,748.52001953125,,,,,,,262.3,4.445762711,262.3,4.445762711,,,,,,,,,,,,,,,,,,,"Trevor Larnach","21501",663616
"Paul Goldschmidt","NYY",50,218.953,198.433,50.3011,31.9245,9.76709,0.158901,8.45065,26.5225,28.6451,17.1307,0.520992,46.8983,1.39526,1.44355,0.370298,4.09255,2.01606,0.867175,0.253492,0.0782391,0.214193,0.365274,0.315139,0.432075,0.32793,0.747214,0.178583,3.26627,0.289567,,-0.214756,27.7059,2.00582,108.746,-0.214756,-0.03,2.0355802178382874,-4.341909674927592,0.550737,748.3599853515625,,,,,,,241.2,4.824,241.2,4.824,,,,,,,,,,,,,,,,,,,"Paul Goldschmidt","9218",502671
"Blaze Alexander","BAL",48,210.668,187.127,44.6811,31.2065,7.18866,1.42018,4.86576,26.612,18.8819,16.8275,0.28775,60.7133,3.73382,1.24947,1.73054,3.66338,5.74593,1.7172,0.238774,0.0798766,0.288194,0.277163,0.312258,0.370376,0.30575,0.682634,0.131602,6.10898,0.324236,,0.175597,22.9315,-1.79616,94.0101,0.175597,-1.18,-1.3073141276836395,-0.7718366980552673,0.544237,745.9099731445312,,,,,,,206.8,4.308333333,206.8,4.308333333,,,,,,,,,,,,,,,,,,,"Blaze Alexander","23789",677942
"Nathan Church","STL",40,171.59,158.047,39.9708,28.1314,7.13557,0.664323,4.03948,19.8689,18.4795,9.41008,0.388967,28.5151,1.93042,1.23769,0.964308,3.48866,3.81084,0.986599,0.252904,0.0548405,0.166182,0.330003,0.300724,0.383135,0.302228,0.683859,0.130231,5.01696,0.283525,,0.152634,18.1958,-1.94497,92.9857,0.152634,1.12,-1.257922202348709,1.078847724944353,0.539976,999,,,,,,,167.4,4.185,167.4,4.185,,,,,,,,,,,,,,,,,,,"Nathan Church","31357",701675
"Daniel Susac","SFG",52,205.744,189.975,45.0352,32.3464,7.73529,0.789009,4.16452,21.4978,20.075,11.614,0.184956,54.54,2.29212,1.31057,0.552706,3.95744,2.21171,0.738199,0.237059,0.0564487,0.265086,0.212945,0.28725,0.351847,0.284876,0.639097,0.114788,4.39254,0.308269,,-0.102527,18.9706,-5.17911,81.4251,-0.102527,-0.78,-4.58141316473484,3.2323458194732666,0.53121,999,,,,,,,171.5,3.298076923,171.5,3.298076923,,,,,,,,,,,,,,,,,,,"Daniel Susac","31441",691740
"Jose Trevino","CIN",33,128.691,117.631,27.3682,19.9994,4.42188,0.0756139,2.87124,12.1905,13.1596,7.63581,0.124967,19.9455,0.878964,1.01384,1.12296,3.01296,0.225757,0.11736,0.232661,0.0593344,0.154988,0.382833,0.282188,0.344764,0.27959,0.626952,0.112103,1.9418,0.255634,,-0.152654,11.3235,-3.78189,70.5217,-0.152654,3.09,-4.598624140024185,5.636296272277832,0.52508,999,,,,,,,100,3.03030303,100,3.03030303,,,,,,,,,,,,,,,,,,,"Jose Trevino","16725",624431
"Luis Torrens","NYM",41,160.625,146.792,35.0701,25.26,6.2881,0.447141,3.07488,16.5375,15.8815,10.1406,0.230308,35.6964,1.65757,1.18256,0.852109,3.63928,0.645868,0.262856,0.23891,0.0631324,0.222235,0.28408,0.293343,0.35068,0.287546,0.644023,0.11177,3.29771,0.292987,,-0.172639,15.1525,-3.70124,84.1543,-0.172639,0,-3.1555479913949966,3.1635801792144775,0.523473,999,,,,,,,132.5,3.231707317,132.5,3.231707317,,,,,,,,,,,,,,,,,,,"Luis Torrens","15905",620443
"Brooks Lee","MIN",86,370.436,339.841,81.4248,56.6819,15.3565,0.781402,8.60502,38.2346,39.2201,24.4919,0.611141,66.0873,2.24523,3.21045,0.647495,7.26026,2.55911,0.978966,0.239597,0.0661163,0.178404,0.370598,0.292497,0.365345,0.291935,0.657842,0.125748,3.32985,0.271352,,-0.325368,36.2412,-7.23953,82.4408,-0.325368,-2.29,-7.969273686408997,0.0809946060180664,0.523254,542.5700073242188,,,,,,,328.3,3.81744186,328.3,3.81744186,,,,,,,,,,,,,,,,,,,"Brooks Lee","31595",686797
"Javier Sanoja","MIA",50,216.929,199.927,53.376,38.3912,10.4245,1.98399,2.57636,24.6269,21.1289,12.808,0.732779,22.0677,0.887852,1.6088,1.69714,4.26543,5.63313,1.76407,0.266978,0.0590425,0.101728,0.580396,0.311626,0.377626,0.3044,0.689252,0.110648,5.78241,0.287179,,0.134543,23.3794,-2.08309,90.9587,0.134543,-0.12,-2.164049908518791,0.37927374988794327,0.522952,999,,,,,,,213.2,4.264,213.2,4.264,,,,,,,,,,,,,,,,,,,"Javier Sanoja","28253",691594
"Angel Martínez","CLE",78,326.414,297.278,71.4344,47.5197,14.1769,1.21639,8.52139,37.3012,34.7947,19.2804,0.354019,66.9093,3.83278,2.58364,3.4387,5.09751,7.90773,2.2787,0.240295,0.0590672,0.204983,0.288157,0.292739,0.382161,0.298448,0.674901,0.141867,5.11646,0.280322,,0.279235,33.6297,-4.68385,88.7959,0.279235,0.59,-4.018557667732239,-2.328981578350067,0.522898,748.5800170898438,,,,,,,310.1,3.975641025,310.1,3.975641025,,,,,,,,,,,,,,,,,,,"Angel Martinez","26540",682657
"Nolan Gorman","STL",76,320.628,283.867,60.0481,35.1083,11.5815,0.174473,13.1838,35.694,43.2671,32.3481,1.30065,100.106,1.77939,2.39847,0.235295,3.6758,1.91507,0.790515,0.211536,0.10089,0.312218,0.323139,0.293938,0.392895,0.303508,0.686833,0.181359,2.84523,0.27093,,-0.298653,34.3275,-3.30688,93.8571,-0.298653,-0.18,-2.606949418783188,-2.4787654280662537,0.522099,653.1400146484375,,,,,,,312,4.105263157,312,4.105263157,,,,,,,,,,,,,,,,,,,"Nolan Gorman","22263",669357
"Lane Thomas","KCR",61,264.227,233.932,55.5784,34.8616,10.5955,2.30892,7.81239,36.2176,27.8116,24.8938,0.0687649,59.891,3.0457,1.98372,0.371695,3.40518,10.5252,3.03167,0.237584,0.0942138,0.226666,0.415651,0.31653,0.402805,0.319365,0.719335,0.165221,6.82915,0.283963,,0.534799,31.63,0.615878,98.8041,0.534799,-2.83,0.1634594202041626,-4.378685712814331,0.517864,726.6699829101562,,,,,,,294.6,4.829508196,294.6,4.829508196,,,,,,,,,,,,,,,,,,,"Lane Thomas","16939",657041
"Max Muncy","ATH",48,207.023,188.731,45.5378,28.5658,9.13668,0.955875,6.87949,26.0569,23.9831,12.862,0.282582,60.7281,2.97258,1.2148,1.2425,3.36494,2.9466,0.97875,0.241285,0.0621285,0.293341,0.211796,0.298243,0.40918,0.311426,0.707422,0.167895,4.94064,0.315997,,-0.0435792,23.4716,-0.828121,93.6133,-0.0435792,-1.53,-1.5973691642284393,-0.6658024787902832,0.512273,672.719970703125,,,,,,,217.1,4.522916666,217.1,4.522916666,,,,,,,,,,,,,,,,,,,"Max Muncy","29779",691777
"Eric Haase","SFG",35,140.508,128.141,28.5059,18.9271,4.7702,0.354921,4.45367,15.0298,15.4103,9.52406,0.0667948,43.3617,1.03809,0.813574,0.831694,2.39383,0.749538,0.227389,0.222458,0.0677829,0.308606,0.219642,0.280025,0.369492,0.288351,0.649517,0.147034,3.53064,0.296433,,-0.0983236,13.3449,-3.14753,83.79,-0.0983236,0.69,-2.767648234963417,3.270589768886566,0.508733,999,,,,,,,121.4,3.468571428,121.4,3.468571428,,,,,,,,,,,,,,,,,,,"Eric Haase","14111",606992
"Tristan Peters","CHW",44,186.779,169.018,39.4755,27.155,8.34478,0.72239,3.25341,19.2413,17.1857,13.9328,0.314936,36.7237,1.40717,1.48806,0.933256,3.15546,2.96451,0.672512,0.233558,0.0745949,0.196616,0.379395,0.294951,0.349225,0.287922,0.644176,0.115667,4.53127,0.277502,,0.095401,17.6757,-4.24797,80.2167,0.095401,2.03,-4.246958516538143,2.6567805409431458,0.50847,999,,,,,,,154.4,3.509090909,154.4,3.509090909,,,,,,,,,,,,,,,,,,,"Tristan Peters","30063",671976
"Jonah Heim","ATH",25,98.9669,89.7352,20.5154,13.2602,4.26226,0.0133174,2.97969,10.7161,11.6735,7.64016,0.107612,18.652,0.481925,0.80744,0.177575,1.71128,0.408089,0.168376,0.228622,0.0771992,0.188467,0.409617,0.290251,0.376033,0.29554,0.666284,0.147411,2.49671,0.254469,,-0.0994889,9.96688,-1.64957,82.8337,-0.0994889,1.65,-2.0959655568003654,3.5790122747421265,0.507743,999,,,,,,,91.4,3.656,91.4,3.656,,,,,,,,,,,,,,,,,,,"Jonah Heim","16930",641680
"Blake Dunn","CIN",45,192.047,170.198,41.0115,29.8708,6.47712,1.09815,3.56548,22.8939,15.6371,14.2375,0.0986409,49.8039,4.31636,1.02325,2.27149,3.68958,5.40984,1.16921,0.240964,0.0741355,0.259332,0.285871,0.313873,0.354771,0.301692,0.668644,0.113808,5.95298,0.317738,,0.349008,20.283,-2.25892,85.5606,0.349008,2.28,-2.900918871164322,1.7398765087127686,0.505909,999,,,,,,,181,4.022222222,181,4.022222222,,,,,,,,,,,,,,,,,,,"Blake Dunn","29487",694362
"Jac Caglianone","KCR",77,336.562,302.559,72.5485,43.699,15.9433,0.787745,12.1184,40.9445,43.7503,27.4854,0.840292,86.5901,4.26766,1.80883,0.441739,6.39836,2.67736,0.895152,0.239783,0.081665,0.257278,0.31742,0.31031,0.417845,0.320939,0.728155,0.178062,3.6315,0.293836,,-0.224202,40.7117,1.20696,99.8723,-0.224202,-2.46,-0.2747267335653305,-6.686636924743652,0.496475,164.58999633789062,,,,,,,366.6,4.761038961,366.6,4.761038961,,,,,,,,,,,,,,,,,,,"Jac Caglianone","35041",695506
"Mitch Garver","SEA",24,95.3893,82.1122,16.829,10.0479,3.20253,0,3.5786,10.4898,11.6114,11.1835,0.0688816,26.7949,1.02041,0.663882,0.134954,1.36957,0.337941,0.139438,0.204951,0.11724,0.280901,0.417373,0.305674,0.374699,0.305852,0.680373,0.169747,2.2405,0.252858,,-0.106484,10.391,-0.80553,99.1477,-0.106484,0.04,-0.20202726870775223,1.5214814320206642,0.478118,999,,,,,,,95.5,3.979166666,95.5,3.979166666,,,,,,,,,,,,,,,,,,,"Mitch Garver","15161",641598
"Jorge Soler","LAA",78,340.225,297.804,66.886,38.8919,13.6351,0,14.3589,39.2248,44.2792,34.4904,0.201059,92.8639,3.90458,2.40607,0.387772,5.58453,0.39978,0.160823,0.224597,0.101375,0.272949,0.371408,0.310926,0.415031,0.321604,0.725957,0.190434,1.79207,0.272179,,-0.39263,41.3351,1.40045,102.155,-0.39263,-0.35,0.46903419494628906,-7.799007028341293,0.471867,634.8099975585938,,,,,,,363.4,4.658974358,363.4,4.658974358,,,,,,,,,,,,,,,,,,,"Jorge Soler","14221",624585
"Endy Rodríguez","PIT",28,115.067,102.712,24.3816,15.8871,5.83819,0.388341,2.26788,12.5187,12.418,10.4175,0.146459,24.0156,0.891919,0.886773,0.158259,1.7684,0.823939,0.270595,0.237377,0.0905341,0.20871,0.43378,0.310603,0.368019,0.303536,0.678622,0.130642,3.69387,0.286018,,-0.0885819,12.322,-1.18421,89.826,-0.0885819,0.54,-1.460600271821022,2.402494728565216,0.470933,999,,,,,,,102.5,3.660714285,102.5,3.660714285,,,,,,,,,,,,,,,,,,,"Endy Rodriguez","25332",682848
"Carlos Cortes","ATH",58,254.486,228.501,57.9681,35.9588,13.3611,0.392545,8.25566,31.1664,32.1644,21.8003,0.381475,42.6955,1.69952,2.20837,0.277087,4.755,0.93372,0.345054,0.253689,0.0856638,0.167771,0.510599,0.320476,0.423986,0.327787,0.744462,0.170298,2.75557,0.276552,,-0.266095,32.1733,2.30247,104.716,-0.266095,-2.58,1.1443301141262054,-5.568595886230469,0.461428,999,,,,,,,282.6,4.872413793,282.6,4.872413793,,,,,,,,,,,,,,,,,,,"Carlos Cortes","21842",666126
"Gavin Lux","TBR",37,153.17,134.847,32.9272,23.1182,7.17058,0.608764,2.02969,16.3708,14.494,16.4322,0.131273,32.7621,0.674731,1.06074,0.155189,3.17974,1.25716,0.371364,0.244182,0.107281,0.213894,0.501562,0.32699,0.351542,0.307006,0.678532,0.10736,3.95499,0.305566,,-0.111969,16.8261,-1.15255,92.5442,-0.111969,0,-1.454007863998413,0.5709876418113708,0.46012,745.989990234375,,,,,,,147.5,3.986486486,147.5,3.986486486,,,,,,,,,,,,,,,,,,,"Gavin Lux","19955",666158
"Drew Romo","CHW",35,136.111,124.673,26.8989,17.5243,5.18049,0.257237,3.93693,13.4215,14.6131,8.30208,0.156271,35.0396,1.27165,1.02209,0.841507,2.28964,1.29671,0.452823,0.215756,0.0609951,0.257435,0.236934,0.269631,0.356169,0.277541,0.625799,0.140413,3.66281,0.264787,,-0.0679391,11.7539,-4.22239,73.1722,-0.0679391,1.36,-4.359111092984676,4.0606173276901245,0.458697,999,,,,,,,107.2,3.062857142,107.2,3.062857142,,,,,,,,,,,,,,,,,,,"Drew Romo","27763",691011
"Gary Sánchez","MIL",27,109.084,94.7397,20.8985,12.1295,3.53957,0,5.22938,12.4676,16.7416,10.9012,0.0965807,27.031,1.9987,0.776411,0.160593,1.97297,0.077243,0.0380466,0.220588,0.0999337,0.2478,0.403284,0.311747,0.423541,0.325348,0.735288,0.202953,1.57342,0.24771,,-0.131695,13.5787,0.774763,107.318,-0.131695,-0.08,0.8038505762815475,0.1823456734418869,0.456006,999,,,,,,,120.2,4.451851851,120.2,4.451851851,,,,,,,,,,,,,,,,,,,"Gary Sanchez","11442",596142
"Christian Vázquez","HOU",43,170.69,152.547,33.9421,24.7879,5.59711,0,3.55707,16.4736,16.332,11.8397,0.36935,30.895,1.14531,1.24042,1.99607,3.49001,1.25185,0.70605,0.222503,0.0693642,0.181001,0.383226,0.281385,0.329148,0.273866,0.610533,0.106645,2.77802,0.254619,,-0.235631,14.2398,-5.79527,71.5081,-0.235631,1.08,-5.950773760676384,4.397901177406311,0.454454,999,,,,,,,130.5,3.03488372,130.5,3.03488372,,,,,,,,,,,,,,,,,,,"Christian Vazquez","9774",543877
"Ramón Urías","STL",34,145.116,130.658,32.1261,21.24,5.97121,0.416707,4.49822,16.9921,17.4318,11.1426,0.0419937,29.8477,2.00152,1.04051,0.273563,2.95676,0.992445,0.390474,0.245879,0.0767841,0.205682,0.373315,0.312548,0.401242,0.316707,0.713789,0.155362,3.6698,0.283792,,-0.142366,17.064,0.0307117,102.838,-0.142366,-0.73,0.34030531346797943,-0.5309791713953018,0.452645,999,,,,,,,144.1,4.238235294,144.1,4.238235294,,,,,,,,,,,,,,,,,,,"Ramon Urias","18795",602104
"Brett Baty","NYM",48,205.801,185.556,43.5695,28.9909,7.87298,0.256011,6.4497,23.7495,23.3907,17.1082,0.241831,53.835,1.44687,1.09145,0.469926,4.20155,1.86868,0.610104,0.234805,0.0831299,0.261588,0.31779,0.302747,0.38427,0.305627,0.687017,0.149465,3.41609,0.293756,,-0.125302,22.3814,-1.7749,96.457,-0.125302,-0.06,-0.979844942688942,-1.1402469240128994,0.452381,292.9200134277344,,,,,,,195,4.0625,195,4.0625,,,,,,,,,,,,,,,,,,,"Brett Baty","26123",683146
"Will Benson","CIN",30,128.691,112.465,25.5372,13.9703,5.34013,0.450302,5.77655,17.4298,16.6777,14.0903,0.472013,39.2159,1.10191,0.805294,0.228723,1.52352,3.23715,0.827643,0.227068,0.109489,0.304729,0.359299,0.317053,0.436648,0.330924,0.753701,0.20958,5.37174,0.289416,,0.157718,16.5917,1.48628,105.451,0.157718,0.52,0.9799216389656067,-0.6837036609649658,0.449097,999,,,,,,,152.4,5.08,152.4,5.08,,,,,,,,,,,,,,,,,,,"Will Benson","21853",666181
"Addison Barger","TOR",43,187.249,168.609,40.1252,23.8059,9.19174,0.317661,6.8099,22.6564,23.2742,15.6563,0.643107,44.5681,1.60904,1.20368,0.170942,3.11606,1.56182,0.454711,0.237978,0.0836125,0.238015,0.35129,0.306774,0.417428,0.318288,0.724202,0.17945,3.67785,0.281297,,-0.0868676,22.2544,0.275713,101.681,-0.0868676,-0.54,0.2829570323228836,-2.4704152941703796,0.448949,193.08999633789062,,,,,,,204.7,4.760465116,204.7,4.760465116,,,,,,,,,,,,,,,,,,,"Addison Barger","24598",680718
"Drew Millas","WSN",35,139.207,126.403,30.5096,22.6733,5.78506,0.451551,1.5996,13.8694,12.6989,10.2643,0.567029,25.126,0.837146,0.871926,0.831056,2.84946,2.46076,0.71892,0.241368,0.073734,0.180493,0.408514,0.300709,0.332243,0.283866,0.632953,0.0908758,4.47798,0.28752,,0.0230369,12.7235,-3.61627,78.354,0.0230369,0.66,-3.508441738784313,3.3606173396110535,0.437811,999,,,,,,,117.8,3.365714285,117.8,3.365714285,,,,,,,,,,,,,,,,,,,"Drew Millas","25643",686452
"Gabriel Arias","CLE",34,143.232,130.931,30.468,20.0238,5.90089,0.314277,4.22907,16.4386,16.2502,9.56319,0.284169,43.4826,1.62679,0.761752,0.349964,2.71681,2.68915,0.995478,0.232704,0.066767,0.303581,0.219931,0.291555,0.379473,0.297382,0.671028,0.14677,4.44593,0.31244,,-0.0323008,14.6352,-2.17702,88.0728,-0.0323008,0.4,-2.039914458990097,1.284479707479477,0.437472,748.3800048828125,,,,,,,130.9,3.85,130.9,3.85,,,,,,,,,,,,,,,,,,,"Gabriel Arias","22563",672356
"Travis d'Arnaud","LAA",25,101.365,90.7696,20.8494,13.1628,3.92711,0.184608,3.57487,10.9208,12.391,6.87163,0.0195878,26.2477,1.48617,0.62654,0.169965,1.88024,0.259269,0.11257,0.229695,0.0677909,0.258943,0.261799,0.292792,0.39518,0.304626,0.687972,0.165484,2.72721,0.280551,,-0.107638,10.9428,-0.955088,90.6346,-0.107638,0.11,-1.2232477888464928,1.860949620604515,0.429734,999,,,,,,,99.8,3.992,99.8,3.992,,,,,,,,,,,,,,,,,,,"Travis d'Arnaud","7739",518595
"Zach McKinstry","DET",49,214.078,190.935,43.9111,29.7476,9.45315,0.965934,3.74441,24.9638,19.076,18.8053,0.463336,45.5509,1.86282,1.59832,0.876706,2.93572,6.81167,1.93034,0.229979,0.087843,0.212777,0.412841,0.302902,0.34844,0.292408,0.651342,0.11846,5.64571,0.280419,,0.309688,21.0249,-4.10298,83.2674,0.309688,0.88,-3.899860054254532,0.48679009079933167,0.419796,510.30999755859375,,,,,,,195.5,3.989795918,195.5,3.989795918,,,,,,,,,,,,,,,,,,,"Zach McKinstry","19392",656716
"Mark Vientos","NYM",62,270.051,247.065,59.6615,36.8649,11.0374,0.227602,11.5316,31.4332,36.873,18.0549,0.398271,66.8915,2.31451,2.28694,0.329477,5.14609,0.421305,0.181252,0.241481,0.0668572,0.2477,0.269912,0.296717,0.428021,0.317062,0.724737,0.18654,2.23855,0.281578,,-0.289798,31.8314,0.133594,104.238,-0.289798,-0.61,1.0514832139015198,-5.545822024345398,0.418132,652.5700073242188,,,,,,,293.7,4.737096774,293.7,4.737096774,,,,,,,,,,,,,,,,,,,"Mark Vientos","22184",668901
"Nathan Lukes","TOR",46,200.336,180.065,46.9743,34.1688,8.56556,0.587885,3.65203,22.7548,19.4222,15.0456,0.542951,30.0395,1.78779,1.29852,2.13941,4.70325,1.90479,0.603759,0.260875,0.0751019,0.149946,0.500861,0.321942,0.375819,0.311099,0.697761,0.114944,3.97579,0.293369,,-0.13214,22.6612,-0.853631,96.8018,-0.13214,-0.24,-0.8850817084312439,-2.067554458975792,0.417581,999,,,,,,,204.6,4.447826086,204.6,4.447826086,,,,,,,,,,,,,,,,,,,"Nathan Lukes","18123",664770
"Jeremiah Jackson","BAL",41,181.154,169.655,41.6048,27.2987,8.08744,0.608686,5.61,21.1612,21.2658,8.79798,0.0202802,39.8145,1.15312,1.26603,0.282268,3.29633,2.56358,0.960124,0.245232,0.0485662,0.219782,0.220974,0.285041,0.399279,0.300464,0.68432,0.154047,4.48795,0.286819,,-0.0762145,18.9552,-2.30818,90.423,-0.0762145,-0.74,-2.1150288060307503,-0.16901236772537231,0.417144,999,,,,,,,183.4,4.473170731,183.4,4.473170731,,,,,,,,,,,,,,,,,,,"Jeremiah Jackson","22239",669236
"Edouard Julien","COL",62,270.188,233.116,58.9331,40.6118,12.424,0.722217,5.1751,33.0423,28.278,32.6715,0.776074,70.8428,2.31564,1.47071,0.614372,5.36227,3.96185,1.34733,0.252806,0.120922,0.262198,0.461183,0.348403,0.378897,0.327841,0.7273,0.126091,4.24089,0.339021,,-0.153242,34.1701,2.45619,94.5404,-0.153242,-1.76,-1.882033884525299,-2.6560415625572205,0.414096,746.0499877929688,,,,,,,294.7,4.753225806,294.7,4.753225806,,,,,,,,,,,,,,,,,,,"Edouard Julien","27534",666397
"Nick Fortes","TBR",55,210.006,190.335,41.8855,28.8189,8.1674,0.432361,4.4668,19.3869,20.3057,11.1501,0.190259,33.6741,3.58589,1.38893,3.54658,4.48149,1.01286,0.402415,0.220062,0.0530941,0.160348,0.331118,0.27425,0.337921,0.273732,0.61217,0.117858,3.13546,0.243639,,-0.190784,17.4973,-7.15264,69.9648,-0.190784,0,-7.603233963251114,4.2438273429870605,0.410658,999,,,,,,,152.9,2.78,152.9,2.78,,,,,,,,,,,,,,,,,,,"Nick Fortes","21538",663743
"Andrew Benintendi","CHW",69,297.059,266.212,64.6704,40.9996,12.2887,0.466214,10.9158,33.3872,37.6969,25.8256,0.785159,59.4758,1.46089,2.94957,0.610724,4.81906,1.63559,0.594405,0.242928,0.0869379,0.200216,0.434221,0.310196,0.415605,0.319106,0.725801,0.172677,3.03195,0.270436,,-0.2721,35.499,0.631102,101.378,-0.2721,-0.08,0.2088896632194519,-6.68185193836689,0.40452,735.8099975585938,,,,,,,318.2,4.611594202,318.2,4.611594202,,,,,,,,,,,,,,,,,,,"Andrew Benintendi","17901",643217
"Ben Williamson","TBR",51,211.933,193.202,48.687,36.8061,8.48712,1.63845,1.7553,22.6984,17.7811,14.7275,0.39037,43.9107,1.97308,1.07656,0.953947,4.68523,4.26982,1.39309,0.252001,0.0694913,0.207192,0.335397,0.309925,0.340146,0.292197,0.650071,0.0881457,5.45724,0.315799,,0.0042135,20.7786,-4.0975,82.4951,0.0042135,-0.68,-4.3554814560338855,0.7996296286582947,0.397453,999,,,,,,,190.6,3.737254901,190.6,3.737254901,,,,,,,,,,,,,,,,,,,"Ben Williamson","33197",810938
"Victor Robles","SEA",33,146.128,129.456,30.6121,21.3188,6.0569,0.759651,2.47677,18.0653,11.0965,9.81448,0.0899318,33.5928,3.35086,0.883992,2.6235,2.43318,7.03627,1.99616,0.236468,0.0671634,0.229885,0.292161,0.305059,0.352388,0.295829,0.657447,0.11592,6.73278,0.298455,,0.409822,14.7501,-2.40203,92.3459,0.409822,1.06,-0.9045718014240265,-0.34795212745666504,0.396941,727.5399780273438,,,,,,,133.2,4.036363636,133.2,4.036363636,,,,,,,,,,,,,,,,,,,"Victor Robles","18363",645302
"Miguel Rojas","LAD",32,144.6,129.215,32.3855,23.6523,5.68329,0.511591,2.5384,17.261,14.1917,9.35114,0.258839,20.1698,1.30239,0.886367,1.6104,3.28845,1.98926,0.822085,0.250633,0.0646692,0.139487,0.463621,0.305773,0.361469,0.297697,0.667243,0.110836,4.52955,0.277924,,-0.11786,14.8112,-2.16153,88.2561,-0.11786,0.7,-2.1080500781536102,1.3434717059135437,0.392152,999,,,,,,,132.5,4.140625,132.5,4.140625,,,,,,,,,,,,,,,,,,,"Miguel Rojas","7802",500743
"Everson Pereira","CHW",49,208.637,188.995,42.868,26.8602,7.67434,0.896803,7.43672,24.2935,24.5604,15.7664,0.15601,63.6169,2.35735,1.11845,0.399132,3.37607,2.97488,0.956033,0.226821,0.0755689,0.304918,0.247834,0.292896,0.394963,0.304419,0.687859,0.168142,4.67372,0.297592,,-0.0323866,22.4889,-2.00025,91.4118,-0.0323866,0.7,-2.1380689926445484,-1.3940170407295227,0.388038,999,,,,,,,203.4,4.151020408,203.4,4.151020408,,,,,,,,,,,,,,,,,,,"Everson Pereira","23695",677592
"Freddy Fermin","SDP",40,155.285,140.249,31.479,22.534,5.56686,0.377471,3.00073,14.9954,14.4713,10.9899,0.236058,31.1299,1.19704,1.1569,1.69205,3.15435,0.968503,0.376012,0.224451,0.0707721,0.200469,0.353032,0.284296,0.333714,0.277167,0.61801,0.109263,3.25397,0.265469,,-0.141996,13.3634,-4.8635,77.5313,-0.141996,0,-4.231049403548241,3.0864198207855225,0.387974,735.3099975585938,,,,,,,117.1,2.9275,117.1,2.9275,,,,,,,,,,,,,,,,,,,"Freddy Fermin","21840",666023
"Connor Norby","MIA",69,297.273,268.286,63.912,41.3587,12.9221,1.93898,7.69216,34.0448,33.505,22.925,0.289933,81.0775,3.47192,2.22502,0.364777,4.0828,5.83177,1.86115,0.238223,0.0771176,0.272738,0.282753,0.304165,0.386858,0.306635,0.691022,0.148634,5.46994,0.30934,,0.0495555,32.5683,-2.32472,92.4797,0.0495555,-0.04,-2.5704773031175137,-3.11275128275156,0.384872,728.1400146484375,,,,,,,298.5,4.326086956,298.5,4.326086956,,,,,,,,,,,,,,,,,,,"Connor Norby","29592",681393
"Darell Hernaiz","ATH",28,121.184,109.285,28.5324,21.3001,5.12541,0.599094,1.50772,14.2355,10.8427,8.86695,0.154364,17.5486,0.841414,0.914617,1.27639,2.53441,2.27244,0.730944,0.261083,0.0731694,0.14481,0.50528,0.318918,0.360336,0.304045,0.679254,0.0992525,4.97637,0.296509,,-0.00712106,13.0262,-1.19799,88.605,-0.00712106,0.15,-1.6298886286094785,1.1067900955677032,0.382022,999,,,,,,,123.4,4.407142857,123.4,4.407142857,,,,,,,,,,,,,,,,,,,"Darell Hernaiz","26224",687231
"Carson Williams","TBR",40,165.693,149.672,32.2438,19.6549,6.33495,1.12806,5.12588,19.3808,18.2843,12.9494,0.207592,54.1071,1.55793,0.915062,0.598723,1.85462,4.10548,1.22755,0.21543,0.0781529,0.32655,0.239329,0.283178,0.375571,0.292166,0.65875,0.160142,5.93818,0.296844,,0.140142,16.241,-3.20756,82.4743,0.140142,-0.5,-3.27240289747715,1.16191828250885,0.37935,724.5499877929688,,,,,,,149.1,3.7275,149.1,3.7275,,,,,,,,,,,,,,,,,,,"Carson Williams","30038",700246
"José Fermín","STL",30,128.447,112.998,27.4105,19.1567,5.4158,0.430562,2.40747,15.1145,11.9867,11.5087,0.411126,17.1009,1.96946,0.865229,1.1062,2.56647,3.2275,1.05397,0.242576,0.0895984,0.133136,0.672985,0.321095,0.362041,0.306876,0.683137,0.119466,4.98216,0.26499,,0.0446311,14.0969,-0.979855,96.1484,0.0446311,0.01,-0.5351782031357288,0.12574072368443012,0.375989,999,,,,,,,116.4,3.88,116.4,3.88,,,,,,,,,,,,,,,,,,,"Jose Fermin","21746",665877
"Brandon Valenzuela","TOR",21,81.5438,73.4743,15.9847,10.4534,3.09813,0.0637241,2.36946,8.52076,8.86545,6.93338,0.190352,21.0589,0.407215,0.497319,0.23155,1.29186,0.447444,0.170282,0.217555,0.0850265,0.258252,0.329238,0.286861,0.358202,0.287735,0.645063,0.140647,2.8942,0.269377,,-0.0730217,7.70466,-1.86672,80.9476,-0.0730217,1.07,-1.8987580612301826,2.6903704404830933,0.374254,999,,,,,,,65.1,3.1,65.1,3.1,,,,,,,,,,,,,,,,,,,"Brandon Valenzuela","23813",678218
"Leo Jiménez","MIA",27,119.512,104.926,26.3344,18.6479,5.09603,0.595744,1.99474,13.1848,12.0365,9.41922,0.157191,24.7521,3.92014,0.837343,0.408897,2.72798,0.952646,0.328592,0.250981,0.0788143,0.20711,0.380543,0.333105,0.367937,0.316465,0.701042,0.116956,4.10674,0.308032,,-0.111774,14.0302,0.00221437,99.1682,-0.111774,-0.51,-0.22828448563814163,0.08523809909820557,0.374213,999,,,,,,,120.5,4.462962962,120.5,4.462962962,,,,,,,,,,,,,,,,,,,"Leo Jimenez","23782",677870
"Nasim Nuñez","WSN",53,229.342,202.562,47.3313,37.7666,7.05773,1.02683,1.48009,27.2597,12.5047,20.3131,0.242774,49.9098,1.04889,1.57008,3.8475,3.75159,17.7399,3.2618,0.233663,0.0885715,0.217622,0.406997,0.304635,0.300565,0.276864,0.605199,0.0669013,6.94614,0.300187,,1.90397,19.681,-7.23842,73.5892,1.90397,0.44,-5.194753050804138,1.5305349230766296,0.370739,583.0999755859375,,,,,,,184.4,3.479245283,184.4,3.479245283,,,,,,,,,,,,,,,,,,,"Nasim Nunez","25979",683083
"Matt Wallner","MIN",43,182.735,159.207,34.5888,18.8965,7.5585,0.120374,8.01336,22.6099,23.668,18.0884,0.267027,57.6748,4.23705,1.0665,0.136369,2.47769,1.34006,0.472907,0.217257,0.098987,0.315619,0.313628,0.31169,0.417244,0.323236,0.728934,0.199987,3.31481,0.280968,,-0.141439,22.4391,0.990138,103.682,-0.141439,-1.38,0.6492225825786591,-3.4913917779922485,0.36563,340.5899963378906,,,,,,,203.3,4.727906976,203.3,4.727906976,,,,,,,,,,,,,,,,,,,"Matt Wallner","26466",670242
"Nolan Schanuel","LAA",76,331.192,288.597,73.2231,54.6247,14.1935,0.690985,3.71393,35.4468,28.79,33.4635,1.12236,46.1892,4.84686,2.668,1.61729,7.97805,2.84559,1.1402,0.253721,0.101039,0.139463,0.724487,0.338416,0.346298,0.310586,0.684713,0.0925765,3.42809,0.287988,,-0.381499,37.3278,-1.54667,94.6785,-0.381499,0.37,-2.452648401260376,-5.6321786642074585,0.362041,594.6599731445312,,,,,,,320.6,4.218421052,320.6,4.218421052,,,,,,,,,,,,,,,,,,,"Nolan Schanuel","33189",694384
"Yoán Moncada","LAA",39,169.611,149.111,34.2653,21.2849,7.2863,0.208219,5.48589,18.8792,19.6214,17.1696,0.286311,46.6887,1.95373,1.1781,0.197873,2.80981,0.581041,0.204356,0.229796,0.10123,0.27527,0.367747,0.315139,0.391826,0.315166,0.706965,0.162029,2.54218,0.293323,,-0.179079,19.7359,-0.172511,97.7869,-0.179079,-0.9,-0.6201863139867783,-1.818615972995758,0.359787,746.1500244140625,,,,,,,167.6,4.297435897,167.6,4.297435897,,,,,,,,,,,,,,,,,,,"Yoan Moncada","17232",660162
"Leody Taveras","BAL",36,159.782,144.398,34.9285,23.7693,5.88868,0.874597,4.39592,20.7253,15.4483,12.1179,0.245414,34.151,0.516049,1.17713,1.57285,2.16786,6.52136,1.43833,0.24189,0.0758398,0.213735,0.354831,0.300629,0.386113,0.303855,0.686742,0.144223,6.42566,0.285275,,0.525538,17.151,-1.60381,92.7239,0.525538,-1.89,-0.8406915664672852,-1.3344444632530212,0.351476,999,,,,,,,162.2,4.505555555,162.2,4.505555555,,,,,,,,,,,,,,,,,,,"Leody Taveras","18900",665750
"Connor Wong","BOS",27,105.995,95.7707,22.7424,15.4744,4.16446,0.515709,2.58786,11.9939,11.0643,7.36069,0.0726733,25.1434,1.3762,0.630334,0.856987,1.90187,1.79025,0.588619,0.237467,0.0694438,0.237213,0.292748,0.299409,0.372785,0.299501,0.672194,0.135318,4.87303,0.2935,,-0.00994018,11.0094,-1.43194,84.1498,-0.00994018,-0.39,-1.9842627374455333,1.6933332681655884,0.351213,999,,,,,,,103.3,3.825925925,103.3,3.825925925,,,,,,,,,,,,,,,,,,,"Connor Wong","19896",657136
"Moisés Ballesteros","CHC",36,158.233,142.218,36.4914,24.1753,6.83981,0.167008,5.30929,18.8499,20.846,13.6526,0.574796,29.8115,0.865056,1.26423,0.233282,3.30875,0.318143,0.138278,0.256589,0.0862815,0.188403,0.457963,0.322843,0.419028,0.326667,0.741871,0.162439,2.31382,0.287762,,-0.194074,19.8631,1.29024,109.258,-0.194074,0,1.5227019041776657,-3.168168067932129,0.34624,594.3599853515625,,,,,,,171.9,4.775,171.9,4.775,,,,,,,,,,,,,,,,,,,"Moises Ballesteros","28820",694208
"Jonny DeLuca","TBR",38,157.023,143.781,33.0738,21.4964,6.58202,1.39397,3.60139,18.4041,15.1441,9.73582,0.353325,32.0811,1.62567,0.997132,0.883213,1.80331,5.84639,1.4711,0.230029,0.0620025,0.204308,0.303475,0.284586,0.37034,0.289507,0.654926,0.140311,6.58734,0.270152,,0.396429,15.0582,-3.37277,80.6694,0.396429,1.82,-3.1705999970436096,1.0116917490959167,0.343221,999,,,,,,,149,3.921052631,149,3.921052631,,,,,,,,,,,,,,,,,,,"Jonny DeLuca","26365",676356
"Luisangel Acuña","CHW",41,173.864,161.006,39.7439,29.7383,6.81767,1.23757,1.95044,20.3626,13.2339,9.63967,0.172132,31.6667,0.914295,1.04003,1.26337,3.14208,8.7935,2.12442,0.246847,0.0554438,0.182135,0.304411,0.291412,0.340906,0.282136,0.632318,0.0940591,6.6635,0.294275,,0.678624,15.6513,-4.75638,76.2908,0.678624,0.41,-4.165613055229187,1.4130864441394806,0.342926,395.510009765625,,,,,,,152.3,3.714634146,152.3,3.714634146,,,,,,,,,,,,,,,,,,,"Luisangel Acuna","26548",682668
"Noelvi Marte","CIN",38,162.349,149.387,38.1497,24.5809,7.32849,0.719753,5.52055,20.7011,19.4009,10.2055,0.339588,34.8724,1.4984,1.0169,0.240572,2.90962,4.08842,1.25115,0.255374,0.0628616,0.214799,0.292653,0.307533,0.424931,0.321136,0.732464,0.169557,5.37629,0.296598,,0.116577,19.6638,0.60775,98.7911,0.116577,-0.58,-0.11343192309141159,-1.7219752669334412,0.340168,147.7100067138672,,,,,,,184,4.842105263,184,4.842105263,,,,,,,,,,,,,,,,,,,"Noelvi Marte","26517",682622
"Derek Hill","CHW",25,106.305,96.6699,22.9703,15.7151,3.22314,0.898818,3.13324,13.6223,9.66798,6.56138,0.0901203,30.4517,1.04164,0.53176,1.50062,1.55192,4.44201,1.086,0.237616,0.061722,0.286455,0.215468,0.291717,0.386788,0.300003,0.678505,0.149173,7.06165,0.311821,,0.32192,11.0843,-1.39355,88.415,0.32192,0.57,-1.1253511011600494,0.6986007988452911,0.338411,999,,,,,,,103.2,4.128,103.2,4.128,,,,,,,,,,,,,,,,,,,"Derek Hill","16947",656537
"Pedro Pagés","STL",20,78.4411,71.5603,16.1063,11.09,2.66903,0.145147,2.20206,7.87533,8.63852,4.79125,0.156363,19.6362,0.800278,0.54554,0.743721,1.45103,0.287821,0.125516,0.225073,0.0610809,0.25033,0.244001,0.27926,0.358743,0.283204,0.638004,0.133671,2.90719,0.276604,,-0.0809571,7.1281,-2.0791,80.0415,-0.0809571,1.16,-1.9157522171735764,2.70320987701416,0.335933,748.2899780273438,,,,,,,63.1,3.155,63.1,3.155,,,,,,,,,,,,,,,,,,,"Pedro Pages","25782",686780
"Jake Rogers","DET",24,93.9117,83.7227,17.4093,10.5206,3.18393,0.404461,3.30031,10.4675,10.792,7.98641,0.0442784,27.4016,1.0186,0.695032,0.442267,1.27545,0.492619,0.195594,0.20794,0.0850417,0.291781,0.291458,0.282739,0.373889,0.292114,0.656628,0.16595,3.78796,0.262659,,-0.0842429,9.20115,-1.82193,83.0677,-0.0842429,0,-1.952921636402607,1.8518518209457397,0.327233,999,,,,,,,75.1,3.129166666,75.1,3.129166666,,,,,,,,,,,,,,,,,,,"Jake Rogers","19452",668670
"Davis Schneider","TOR",21,89.5975,76.0911,16.2527,9.01431,3.19412,0.208983,3.8353,11.6238,11.152,11.6643,0,25.463,1.04185,0.635561,0.164699,0.957675,1.02423,0.360248,0.213596,0.130185,0.284193,0.458088,0.323806,0.412278,0.328314,0.736084,0.198683,4.10001,0.261814,,-0.0570382,11.3649,0.848238,108.484,-0.0570382,-0.07,0.8362315520644188,-0.7953086569905281,0.326276,999,,,,,,,100.8,4.8,100.8,4.8,,,,,,,,,,,,,,,,,,,"Davis Schneider","23565",676914
"Michael Conforto","CHC",35,155.17,134.429,30.8257,18.9063,6.28323,0.153715,5.4824,18.7382,19.6023,17.3165,0.352702,38.5172,2.24226,0.965353,0.217114,2.93561,0.26659,0.0961336,0.229308,0.111597,0.248225,0.449578,0.325159,0.400684,0.323866,0.725844,0.171376,2.32305,0.277295,,-0.187128,19.1321,0.918705,107.352,-0.187128,-0.35,1.149860441684723,-2.9305897653102875,0.322413,999,,,,,,,161,4.6,161,4.6,,,,,,,,,,,,,,,,,,,"Michael Conforto","16376",624424
"Dane Myers","CIN",34,145.52,131.641,32.0374,21.9085,5.1014,0.570838,4.45667,17.9207,15.7298,10.9609,0.0635893,36.3894,1.70644,0.972754,0.238856,2.4365,3.76589,1.28129,0.24337,0.075322,0.250065,0.30121,0.307712,0.392359,0.310949,0.700071,0.148989,5.28887,0.30055,,0.0473155,16.4433,-0.637399,91.8595,0.0473155,-0.49,-1.3410016521811485,-0.15049386024475098,0.320654,999,,,,,,,148.8,4.376470588,148.8,4.376470588,,,,,,,,,,,,,,,,,,,"Dane Myers","22054",667472
"David Hamilton","MIL",52,219.151,196.349,42.4193,29.4092,6.62264,1.35654,5.03092,27.7825,18.2544,18.3079,0.284282,54.2924,1.21295,1.2767,2.00378,1.93011,17.0781,3.1766,0.21604,0.0835403,0.24774,0.337209,0.285245,0.340453,0.280817,0.625699,0.124413,7.48843,0.270337,,1.86048,19.4974,-6.22585,77.0173,1.86048,-1.02,-4.042355418205261,0.19157099723815918,0.31846,743.3300170898438,,,,,,,193.1,3.713461538,193.1,3.713461538,,,,,,,,,,,,,,,,,,,"David Hamilton","27531",666152
"Matt Shaw","CHC",29,129.649,116.993,29.0887,19.8411,4.82856,1.22322,3.19581,17.0299,13.4015,10.0863,0.200909,24.7668,1.21777,0.929161,0.422918,1.98114,4.20899,1.13769,0.248637,0.0777968,0.19103,0.40725,0.312575,0.39277,0.312553,0.705345,0.144133,6.57834,0.287829,,0.21346,14.8157,-0.402065,99.654,0.21346,0.12,0.16088294610381126,-1.1927572563290596,0.316112,336.67999267578125,,,,,,,131.6,4.537931034,131.6,4.537931034,,,,,,,,,,,,,,,,,,,"Matt Shaw","33322",807713
"Brice Matthews","HOU",30,131.3,117.624,25.1458,15.9957,4.31744,0.632447,4.20027,16.6579,13.0409,10.8251,0.0410088,43.1888,1.51686,0.727644,0.605669,1.69201,4.84265,1.27226,0.213781,0.0824458,0.328933,0.250646,0.286837,0.368367,0.292471,0.655204,0.154586,6.37673,0.295162,,0.299165,12.9017,-2.50984,84.1333,0.299165,0.74,-2.149039924144745,0.6055914014577866,0.313822,740.969970703125,,,,,,,122.6,4.086666666,122.6,4.086666666,,,,,,,,,,,,,,,,,,,"Brice Matthews","33280",694728
"Jorge Mateo","ATL",23,98.4734,90.2807,21.5675,13.9251,4.17463,0.971574,2.49623,14.4152,8.66284,5.55313,0.124913,26.532,0.718528,0.585942,1.11252,0.987177,7.34289,1.63297,0.238894,0.0563921,0.269433,0.209299,0.286593,0.389607,0.29739,0.676201,0.150713,8.69397,0.308406,,0.695188,10.0624,-1.49611,87.0628,0.695188,-0.3,-0.7978653311729431,0.6722221970558167,0.307542,999,,,,,,,98,4.260869565,98,4.260869565,,,,,,,,,,,,,,,,,,,"Jorge Mateo","17273",622761
"Heriberto Hernández","MIA",36,157.675,139.257,33.0122,20.284,6.5777,0.850779,5.29969,18.9854,19.1723,15.0049,0.474731,41.8238,1.61623,1.14248,0.653964,2.5812,2.37306,0.726373,0.237058,0.0951633,0.265253,0.358764,0.316093,0.410682,0.321035,0.726775,0.173623,4.8863,0.2971,,-0.0145581,19.0851,0.577602,102.278,-0.0145581,0.31,0.40640669502317905,-2.4122223258018494,0.307498,999,,,,,,,170.8,4.744444444,170.8,4.744444444,,,,,,,,,,,,,,,,,,,"Heriberto Hernandez","24878",681715
"Esteury Ruiz","MIA",28,123.529,110.958,26.1083,17.4877,4.67829,0.989136,2.95313,16.9662,10.91,8.34808,0.130965,30.7731,2.55437,0.723823,0.904227,1.5349,9.50548,2.20845,0.235299,0.06758,0.249117,0.271278,0.301921,0.375136,0.301812,0.677057,0.139837,7.90752,0.297031,,0.849274,13.0583,-1.44118,89.1975,0.849274,0.11,-0.7146250605583191,-0.24802468717098236,0.303293,748.530029296875,,,,,,,129.4,4.621428571,129.4,4.621428571,,,,,,,,,,,,,,,,,,,"Esteury Ruiz","21780",665923
"Parker Meadows","DET",29,128.245,114.611,25.431,16.5573,5.14219,0.73206,2.99949,15.3107,11.9873,11.5689,0.20891,32.4133,0.893188,0.860638,0.311466,1.50013,3.7193,0.930243,0.22189,0.0902093,0.252745,0.356918,0.296194,0.358045,0.292688,0.654238,0.136154,5.88776,0.280189,,0.211578,12.6237,-2.42929,83.4573,0.211578,0.28,-2.2815561443567276,0.727530837059021,0.301757,745.6900024414062,,,,,,,117.2,4.04137931,117.2,4.04137931,,,,,,,,,,,,,,,,,,,"Parker Meadows","23800",678009
"Nathaniel Lowe","CIN",51,217.785,190.056,46.6994,31.5999,8.03393,0.230122,6.83541,25.869,25.1916,24.9017,0.458914,51.0257,1.28102,1.33167,0.214797,4.66334,0.512872,0.188994,0.245714,0.114341,0.234294,0.488022,0.334982,0.398303,0.327629,0.733285,0.152589,2.32968,0.298548,,-0.277223,27.5059,1.94296,103.209,-0.277223,0.07,0.5419169962406158,-4.5133334919810295,0.301655,999,,,,,,,242.1,4.747058823,242.1,4.747058823,,,,,,,,,,,,,,,,,,,"Nathaniel Lowe","19566",663993
"Agustín Ramírez","MIA",24,97.4171,88.1077,21.6837,13.8694,4.60811,0.293958,2.91216,11.5866,11.8966,7.42808,0.361822,19.3414,1.06129,0.688261,0.131693,1.9853,2.13337,0.773151,0.246104,0.0762503,0.198542,0.38405,0.31015,0.404235,0.314914,0.714384,0.15813,4.75436,0.282098,,-0.00543828,11.3159,-0.118647,98.1131,-0.00543828,0.64,-0.22086074808612466,0.06760942935943604,0.301275,86.8499984741211,,,,,,,102.9,4.2875,102.9,4.2875,,,,,,,,,,,,,,,,,,,"Agustin Ramirez","26546",682663
"Bo Naylor","CLE",12,44.821,39.346,8.59965,4.99594,1.82735,0.0887125,1.68764,5.19851,5.59405,4.55351,0.0838843,11.0109,0.349458,0.349692,0.22238,0.582166,0.492453,0.149641,0.218565,0.101593,0.245663,0.413546,0.302759,0.398195,0.310652,0.700953,0.17963,3.79025,0.256027,,-0.014476,5.05401,-0.206953,97.0773,-0.014476,0.54,-0.16841863375157118,1.465925931930542,0.294088,574.2899780273438,,,,,,,51,4.25,51,4.25,,,,,,,,,,,,,,,,,,,"Bo Naylor","21865",666310
"Jesus Rodriguez","SFG",14,55.1997,50.211,13.4172,10.0937,2.33388,0.223862,0.76574,6.27262,5.32152,4.04307,0.272428,7.66967,0.450731,0.395324,0.0996073,1.21183,1.20274,0.219299,0.267217,0.0732444,0.138944,0.52715,0.325063,0.368367,0.308785,0.69343,0.10115,4.89804,0.300005,,0.0753598,6.14212,-0.337058,97.6938,0.0753598,0.42,-0.07383352518081665,1.1298765242099762,0.287833,999,,,,,,,51.9,3.707142857,51.9,3.707142857,,,,,,,,,,,,,,,,,,,"Jesus Rodriguez","26991",683679
"Alan Roden","MIN",33,142.017,126.183,31.3585,22.6584,6.38693,0.365584,1.94766,15.7963,12.8106,12.0903,0.35224,23.6006,2.64269,0.917519,0.182994,3.28942,2.08093,0.592974,0.248515,0.0851328,0.166182,0.512288,0.324968,0.351232,0.305396,0.6762,0.102716,4.17359,0.289612,,-0.0216724,15.4186,-1.25091,91.5758,-0.0216724,0.83,-1.4276098813861609,-0.7576906085014343,0.286572,999,,,,,,,129.8,3.933333333,129.8,3.933333333,,,,,,,,,,,,,,,,,,,"Alan Roden","31564",702176
"Bryce Eldridge","SFG",53,229.831,204.565,48.7108,30.1561,10.2402,0.199762,8.11473,26.2552,28.9774,21.6399,1.88268,67.2752,1.66356,1.80351,0.159212,3.62888,0.933007,0.287007,0.238119,0.0941554,0.292715,0.321662,0.313552,0.409135,0.31714,0.722687,0.171016,2.66336,0.309944,,-0.202926,27.105,0.128037,103.379,-0.202926,-0.03,0.7073108553886414,-5.2100413125008345,0.286404,999,,,,,,,247.5,4.66981132,247.5,4.66981132,,,,,,,,,,,,,,,,,,,"Bryce Eldridge","33390",805811
"Edgar Quero","CHW",45,178.831,159.326,38.3916,28.4962,6.58664,0.126601,3.18216,17.5846,17.5465,14.8444,0.234541,34.1573,2.39246,1.76065,0.508179,4.2576,0.497373,0.264783,0.240963,0.0830077,0.191003,0.434589,0.311953,0.343811,0.295887,0.655764,0.102848,2.33953,0.284528,,-0.248888,18.0594,-2.93135,85.6215,-0.248888,-1.67,-3.2706112265586853,-0.23481476306915283,0.283627,475.1000061035156,,,,,,,153.3,3.406666666,153.3,3.406666666,,,,,,,,,,,,,,,,,,,"Edgar Quero","28022",700337
"Brady House","WSN",39,169.252,157.786,38.6147,26.5214,7.12433,0.657849,4.31111,17.6264,20.1176,8.77837,0.305261,45.7977,1.3427,1.12111,0.2241,3.26139,1.55557,0.549889,0.244729,0.0518656,0.270589,0.191677,0.28833,0.380187,0.294753,0.668517,0.135458,4.12228,0.315296,,-0.105429,16.939,-2.92731,85.7621,-0.105429,-0.35,-2.929640404880047,0.2518518269062042,0.276305,710.1199951171875,,,,,,,155,3.974358974,155,3.974358974,,,,,,,,,,,,,,,,,,,"Brady House","29993",691781
"Denzel Clarke","ATH",18,77.7597,70.4847,16.4288,11.14,3.05465,0.593123,1.64104,9.80083,6.89307,5.34247,0.0144407,24.7565,1.04227,0.345498,0.54474,1.33625,2.23192,0.554206,0.233083,0.0687049,0.318372,0.215801,0.295455,0.363097,0.294266,0.658552,0.130014,6.67471,0.332813,,0.127443,7.75207,-1.37514,81.9687,0.127443,1.15,-1.5202662944793701,1.427777737379074,0.27005,728.3300170898438,,,,,,,71.8,3.988888888,71.8,3.988888888,,,,,,,,,,,,,,,,,,,"Denzel Clarke","29858",672016
"Pavin Smith","ARI",57,248.729,216.309,50.6283,32.6771,10.3506,0.357995,7.24258,28.9514,30.093,29.1892,0.719005,59.8517,1.22502,1.77164,0.233758,4.72148,1.32682,0.459609,0.234055,0.117354,0.240631,0.487692,0.326133,0.385664,0.318336,0.711798,0.151609,3.09279,0.287348,,-0.25169,29.5707,0.375679,100.8,-0.25169,-0.1,-0.018616095185279846,-5.265824891626835,0.267784,999,,,,,,,256.3,4.496491228,256.3,4.496491228,,,,,,,,,,,,,,,,,,,"Pavin Smith","19892",656976
"Kyle Isbel","KCR",73,314.46,283.22,64.8756,45.4181,13.1929,1.56539,4.69915,34.0868,25.4412,20.1852,0.352415,63.0379,2.96523,1.92079,6.16856,6.12719,7.09114,1.85973,0.229064,0.0641901,0.200464,0.320207,0.285529,0.336476,0.278608,0.622005,0.107412,5.41232,0.276796,,0.29805,27.4229,-9.48749,71.147,0.29805,0.8,-10.364344775676727,1.9265431761741638,0.265719,999,,,,,,,253.8,3.476712328,253.8,3.476712328,,,,,,,,,,,,,,,,,,,"Kyle Isbel","21614",664728
"Jordan Beck","COL",32,141.672,128.457,32.9388,20.9757,6.65166,1.21769,4.0937,18.8546,16.98,11.0914,0.0611766,37.0693,0.948984,1.01833,0.155383,1.96469,4.21563,1.25195,0.256418,0.0782895,0.261656,0.299207,0.317838,0.422762,0.326036,0.740599,0.166344,6.36743,0.326624,,0.157476,17.7129,1.0839,93.3118,0.157476,0.52,-0.95299331843853,-0.9614814519882202,0.264785,232.9199981689453,,,,,,,161.2,5.0375,161.2,5.0375,,,,,,,,,,,,,,,,,,,"Jordan Beck","31431",687597
"Andruw Monasterio","BOS",24,103.023,92.9996,22.7186,15.0592,4.2268,0.328086,3.10448,12.4051,12.1038,8.15773,0.0835033,23.4373,0.932015,0.760915,0.172774,1.418,2.58296,0.911652,0.244287,0.0791835,0.227495,0.348067,0.309268,0.396937,0.313028,0.706205,0.15265,4.90193,0.291795,,0.0169511,11.8121,-0.280495,93.3288,0.0169511,-0.59,-0.7907236889004707,-0.2504938244819641,0.263642,999,,,,,,,105.5,4.395833333,105.5,4.395833333,,,,,,,,,,,,,,,,,,,"Andruw Monasterio","19455",655316
"Rob Refsnyder","SEA",22,94.3746,82.5023,19.6317,12.4566,3.64736,0.191524,3.33628,11.4002,11.3355,9.36678,0.222797,24.8217,1.36424,0.642856,0.252271,1.68167,0.844398,0.301437,0.237954,0.0992511,0.263012,0.377363,0.323434,0.408122,0.324901,0.731556,0.170168,3.58643,0.29635,,-0.0755345,11.7141,0.636654,112.074,-0.0755345,-0.02,1.2635535672307014,-2.087901134043932,0.254777,999,,,,,,,100.7,4.577272727,100.7,4.577272727,,,,,,,,,,,,,,,,,,,"Rob Refsnyder","13770",608701
"Jhonny Pereda","SEA",16,62.9164,56.5896,13.0579,9.57861,2.3198,0.0329895,1.1265,6.12206,6.04717,5.35583,0.0625697,13.7796,0.402631,0.333085,0.235264,1.42099,0.0883091,0.039085,0.230747,0.0851262,0.219015,0.388677,0.300192,0.332626,0.28623,0.632818,0.101879,1.84947,0.283969,,-0.0789309,5.86913,-1.51582,85.8321,-0.0789309,0.14,-1.1264613345265388,1.3745678812265396,0.251596,999,,,,,,,46,2.875,46,2.875,,,,,,,,,,,,,,,,,,,"Jhonny Pereda","19802",640902
"Taylor Walls","TBR",52,216.75,190.664,39.1889,26.7678,7.72617,0.949499,3.74537,23.6892,17.168,21.4623,0.196999,52.3455,0.917111,1.69596,1.85549,2.62961,9.16078,2.33074,0.205539,0.0990191,0.241502,0.410013,0.286712,0.314953,0.273484,0.601666,0.109414,5.96221,0.2601,,0.621143,18.0164,-7.42508,69.7969,0.621143,-0.3,-7.072087049484253,1.8871216177940369,0.247819,999,,,,,,,171.4,3.296153846,171.4,3.296153846,,,,,,,,,,,,,,,,,,,"Taylor Walls","22458",670764
"J.C. Escarra","NYY",15,59.2579,52.9529,11.237,7.62933,2.53003,0.0782094,0.999424,5.69689,5.47967,4.99931,0.0995557,11.0509,0.735418,0.437091,0.133227,1.09359,0.335445,0.109354,0.212207,0.0843652,0.186487,0.452391,0.28705,0.319562,0.274836,0.606611,0.107354,3.00229,0.247645,,-0.0476167,4.98942,-1.9661,72.7171,-0.0476167,1.1,-1.9475396573543549,2.2574074268341064,0.244773,999,,,,,,,44.7,2.98,44.7,2.98,,,,,,,,,,,,,,,,,,,"J.C. Escarra","20084",641555
"Jose Siri","LAA",24,106.383,96.815,21.3601,12.4093,3.72818,0.791962,4.43065,13.7047,12.4513,7.21388,0,36.5396,1.12407,0.622082,0.608007,1.17057,3.15252,0.766766,0.220629,0.0678105,0.343472,0.197426,0.280767,0.41279,0.30436,0.693556,0.192161,6.69177,0.299813,,0.207598,11.462,-1.02496,90.4539,0.207598,0,-0.9858321845531464,-0.37037038803100586,0.243441,999,,,,,,,102.4,4.266666666,102.4,4.266666666,,,,,,,,,,,,,,,,,,,"Jose Siri","17452",642350
"Masataka Yoshida","BOS",42,179.3,160.197,42.9217,30.1758,8.81122,0.253434,3.68131,20.507,20.7964,14.5801,0.422403,21.4656,2.85545,1.40078,0.266905,4.79827,1.35103,0.43916,0.267932,0.0813169,0.119719,0.67923,0.33713,0.395038,0.326343,0.732168,0.127106,3.18799,0.28758,,-0.158352,22.4614,1.41567,102.364,-0.158352,-0.03,0.3398245573043823,-4.258394984528422,0.242973,748.3300170898438,,,,,,,200.4,4.771428571,200.4,4.771428571,,,,,,,,,,,,,,,,,,,"Masataka Yoshida","31837",807799
"Alex Freeland","LAD",19,82.6283,73.0865,16.4368,10.7197,3.17557,0.212355,2.32917,10.3893,8.80449,7.89415,0.123647,22.4227,0.797857,0.525599,0.324206,1.36291,1.48172,0.487491,0.224895,0.0955381,0.271369,0.35206,0.305316,0.369761,0.302276,0.675077,0.144867,4.80627,0.288734,,-0.00471158,8.76525,-0.933429,91.372,-0.00471158,0.25,-0.8402302353642881,0.5740740597248077,0.241585,999,,,,,,,73,3.842105263,73,3.842105263,,,,,,,,,,,,,,,,,,,"Alex Freeland","31665",690976
"James McCann","ARI",20,78.2292,70.7551,16.9654,12.0846,2.78734,0.238853,1.85459,8.1512,8.9122,4.33854,0.037658,19.5302,0.881563,0.616346,0.651522,1.61562,0.380307,0.15961,0.239776,0.0554593,0.249654,0.222145,0.28966,0.364556,0.290742,0.654216,0.12478,3.4514,0.302297,,-0.0803106,7.57907,-1.60325,82.0238,-0.0803106,0,-1.7284117341041565,1.5432099103927612,0.235567,999,,,,,,,66.7,3.335,66.7,3.335,,,,,,,,,,,,,,,,,,,"James McCann","12859",543510
"Jahmai Jones","DET",21,89.8725,78.5388,19.1333,11.6167,3.85654,0.560226,3.09976,12.1281,10.0564,8.73834,0.0544708,22.127,1.3903,0.544783,0.660216,1.41135,1.72228,0.560306,0.243615,0.0972305,0.246205,0.394917,0.328003,0.425389,0.333589,0.753392,0.181773,5.60849,0.297706,,0.0009558,11.7779,1.22895,111.213,0.0009558,0,1.1851666969596408,-2.0833332538604736,0.231028,999,,,,,,,103.9,4.947619047,103.9,4.947619047,,,,,,,,,,,,,,,,,,,"Jahmai Jones","18872",663330
"Alex Call","LAD",19,82.6283,70.9676,17.0699,11.826,3.18475,0.407492,1.65172,10.5736,7.62804,8.86059,0.0854137,13.7694,1.22005,0.654672,0.925398,1.53279,1.29356,0.454357,0.240531,0.107234,0.166643,0.643498,0.332309,0.366714,0.315717,0.699023,0.126183,4.85654,0.27434,,-0.0421712,9.65094,-0.0477418,100.518,-0.0421712,0.07,0.00799788162112236,-0.37753086537122726,0.230991,999,,,,,,,83.6,4.4,83.6,4.4,,,,,,,,,,,,,,,,,,,"Alex Call","19296",669743
"Ke'Bryan Hayes","CIN",25,106.913,97.8375,23.7923,17.1355,4.02583,0.439024,2.19202,11.9184,10.5614,7.34935,0.147133,19.6617,0.733465,0.748711,0.243527,2.17833,1.86725,0.766287,0.243182,0.0687417,0.183904,0.37379,0.298823,0.360519,0.293872,0.659342,0.117337,4.49056,0.281501,,-0.0720825,10.6249,-1.92423,80.2397,-0.0720825,0.9,-2.548009403049946,1.28580242395401,0.218528,999,,,,,,,91.8,3.672,91.8,3.672,,,,,,,,,,,,,,,,,,,"Ke'Bryan Hayes","18577",663647
"Enrique Hernández","LAD",24,109.483,99.3109,23.1204,14.111,4.87752,0.190315,3.9416,13.1114,13.7779,8.06277,0.0574707,24.2177,0.695613,0.890924,0.41919,1.71871,0.292863,0.113859,0.232808,0.0736444,0.221201,0.332929,0.292573,0.404823,0.307047,0.697396,0.172015,2.95736,0.266215,,-0.108364,12.0306,-0.820191,94.6188,-0.108364,-0.62,-0.7988231182098389,-0.6348148314282298,0.209322,999,,,,,,,108.9,4.5375,108.9,4.5375,,,,,,,,,,,,,,,,,,,"Enrique Hernandez","10472",571771
"José Tena","WSN",32,140.209,128.524,31.6076,21.6893,6.48179,0.438556,2.998,15.7551,14.8764,9.46046,0.155995,36.9893,0.862923,0.780597,0.581252,2.69792,3.36783,1.06076,0.245928,0.0674741,0.263815,0.255762,0.300306,0.373165,0.299302,0.673471,0.127237,4.92071,0.320316,,0.0718564,14.5409,-1.91638,88.8573,0.0718564,-0.63,-1.7591212391853333,-0.6748933903872967,0.206784,999,,,,,,,128.7,4.021875,128.7,4.021875,,,,,,,,,,,,,,,,,,,"Jose Tena","23691",677588
"Tyler Heineman","TOR",20,77.5169,68.7266,14.0489,10.4973,2.32808,0.127001,1.09654,7.13437,5.47029,5.19063,0.100505,16.4586,1.39886,0.491947,1.67989,1.54307,0.836528,0.284418,0.204417,0.0669612,0.212323,0.315374,0.272245,0.289853,0.25669,0.562099,0.0854357,3.93165,0.250707,,-0.0385981,5.40506,-3.69366,59.8805,-0.0385981,1.42,-3.693294133991003,2.963209867477417,0.203838,999,,,,,,,44.5,2.225,44.5,2.225,,,,,,,,,,,,,,,,,,,"Tyler Heineman","13897",623168
"Myles Straw","TOR",22,93.6243,83.2196,20.2785,14.9698,3.22923,0.619378,1.46004,11.1683,7.17189,7.40117,0.262128,17.246,0.369941,0.70298,1.93069,1.59254,3.14383,0.709682,0.243674,0.0790518,0.184204,0.429154,0.305905,0.349997,0.293271,0.655902,0.106323,6.07298,0.288553,,0.220053,9.25943,-1.72993,84.7045,0.220053,0.55,-1.4628201574087143,0.1487654447555542,0.201896,999,,,,,,,76.7,3.486363636,76.7,3.486363636,,,,,,,,,,,,,,,,,,,"Myles Straw","17620",664702
"Wade Meckler","LAA",23,97.3505,87.3114,22.2244,16.2803,4.46612,0.336222,1.14185,10.5552,8.5607,8.68888,0.25968,19.1723,0.490137,0.588733,0.271394,2.21985,1.52904,0.385232,0.254542,0.0892536,0.196941,0.453201,0.323483,0.352629,0.304056,0.676113,0.098087,4.39459,0.311937,,0.015349,10.4651,-0.961577,90.2473,0.015349,0.5,-1.1003924971446395,-0.3463912606239319,0.201689,999,,,,,,,88,3.826086956,88,3.826086956,,,,,,,,,,,,,,,,,,,"Wade Meckler","31490",685133
"Austin Hays","CHW",43,182.805,167.112,40.9106,26.652,8.30315,0.717741,5.23779,20.0759,21.0737,11.7759,0.521496,42.079,2.13429,1.32642,0.457044,3.28625,1.50436,0.546065,0.24481,0.0644178,0.230185,0.279853,0.300638,0.397115,0.307406,0.697754,0.152305,4.04509,0.294522,,-0.133655,20.1399,-1.31728,93.4382,-0.133655,-0.04,-1.543308898806572,-2.9539828673005104,0.196268,572.469970703125,,,,,,,181.5,4.220930232,181.5,4.220930232,,,,,,,,,,,,,,,,,,,"Austin Hays","19363",669720
"Tristan Gray","MIN",49,212.529,194.508,41.2085,25.723,9.28445,0.304453,5.89662,20.8155,22.8317,13.9274,0.417849,59.8454,1.84486,1.57154,0.677195,2.87067,0.874886,0.304976,0.21186,0.065532,0.281587,0.232723,0.268966,0.353671,0.276113,0.622636,0.14181,3.03211,0.270927,,-0.16648,18.111,-6.83504,71.7043,-0.16648,-0.2,-7.2335222363471985,1.683018609881401,0.195186,999,,,,,,,167,3.408163265,167,3.408163265,,,,,,,,,,,,,,,,,,,"Tristan Gray","19877",656484
"Josh Lowe","LAA",49,212.766,192.68,44.0647,27.8477,9.39079,0.762346,6.06386,25.0108,21.9851,16.952,0.829826,58.4795,1.09568,1.60177,0.436968,2.57708,7.2161,1.81069,0.228694,0.0796743,0.274854,0.289879,0.292529,0.379759,0.296857,0.672288,0.151065,5.73018,0.292905,,0.465275,21.6508,-3.32305,85.3621,0.465275,0,-3.194715589284897,-2.3895061016082764,0.192583,297.0899963378906,,,,,,,203.3,4.148979591,203.3,4.148979591,,,,,,,,,,,,,,,,,,,"Josh Lowe","19953",666139
"Ryan Mountcastle","BAL",18,77.3468,70.6057,18.7448,12.5911,3.31041,0.240958,2.60235,9.53588,9.67313,5.31192,0.0598773,17.4847,0.609373,0.711838,0.108008,1.48712,0.373737,0.134392,0.265486,0.0686767,0.226056,0.303804,0.319348,0.429769,0.329062,0.749118,0.164284,3.44226,0.315095,,-0.077574,9.85719,0.778438,109.829,-0.077574,0.02,0.8158734887838364,-1.6775308661162853,0.189743,748.0900268554688,,,,,,,90.3,5.016666666,90.3,5.016666666,,,,,,,,,,,,,,,,,,,"Ryan Mountcastle","18373",663624
"Colby Thomas","ATH",15,64.6314,59.1254,14.6694,8.66908,3.15251,0.273143,2.57471,8.5221,8.34307,3.86684,0.00714436,18.1201,0.938628,0.473729,0.226804,0.894714,1.05427,0.299007,0.248107,0.0598292,0.28036,0.213401,0.302384,0.441305,0.325209,0.743689,0.193198,5.14543,0.310884,,0.0175593,8.0381,0.451851,102.966,0.0175593,-0.1,0.24286027625203133,-0.670987643301487,0.188461,748.5900268554688,,,,,,,78.8,5.253333333,78.8,5.253333333,,,,,,,,,,,,,,,,,,,"Colby Thomas","31855",687515
"Max Clark","DET",15,64.6274,57.9875,13.9513,9.50873,2.91176,0.26422,1.26657,7.50564,6.26602,5.62807,0.18169,12.455,0.431258,0.408199,0.172379,1.14615,1.51526,0.252708,0.240591,0.0870849,0.19272,0.451874,0.310458,0.365444,0.301906,0.675902,0.124853,5.3697,0.283938,,0.118554,6.83666,-0.749117,89.7128,0.118554,0,-0.6627346575260162,0.23148146271705627,0.188127,999,,,,,,,60.3,4.02,60.3,4.02,,,,,,,,,,,,,,,,,,,"Max Clark","sa3022683",703601
"Isiah Kiner-Falefa","BOS",29,123.826,113.719,29.0588,23.2925,4.25317,0.577424,0.935668,13.4068,9.97787,6.3989,0.105084,20.2341,1.44738,0.757081,1.27156,2.89673,3.70494,1.20779,0.255532,0.0516766,0.163407,0.316244,0.301704,0.327772,0.28321,0.629476,0.0722398,5.4864,0.301407,,0.0835261,11.2528,-3.28153,73.0946,0.0835261,0.6,-3.831635005772114,1.2944444417953491,0.185118,746.1500244140625,,,,,,,100.9,3.479310344,100.9,3.479310344,,,,,,,,,,,,,,,,,,,"Isiah Kiner-Falefa","16512",643396
"Tyler Austin","CHC",11,47.9802,42.2287,10.5281,6.02478,2.14106,0.110834,2.25143,6.42721,7.03981,4.95189,0.157992,12.707,0.364287,0.32721,0.108145,0.833554,0.143672,0.0264496,0.249311,0.103207,0.264839,0.389697,0.330971,0.465207,0.347718,0.796178,0.215896,3.17013,0.299907,,-0.041099,6.82848,1.1967,123.582,-0.041099,0,1.2849397137761116,-1.0030864477157593,0.185004,999,,,,,,,59.2,5.381818181,59.2,5.381818181,,,,,,,,,,,,,,,,,,,"Tyler Austin","11850",592122
"Jake Mangum","PIT",37,163.945,152.356,40.8445,32.8075,6.54341,1.05364,0.439974,18.8438,12.8247,8.24306,0.283875,28.7311,1.5415,1.06715,0.736849,3.48556,6.96435,1.71429,0.268086,0.0502795,0.175249,0.286904,0.310212,0.333529,0.288627,0.643741,0.0654428,6.3063,0.325182,,0.468879,15.6069,-3.6365,79.6809,0.468879,0.98,-3.435197114944458,0.02835392951965332,0.184323,672.4199829101562,,,,,,,141.3,3.818918918,141.3,3.818918918,,,,,,,,,,,,,,,,,,,"Jake Mangum","26202",663968
"Sung-Mun Song","SDP",41,173.958,158.746,34.9169,23.4902,7.42658,0.452144,3.54793,17.7168,17.0846,13.2293,0.391393,37.3243,0.54097,1.1899,0.252142,2.73677,3.37513,0.543754,0.219954,0.0760486,0.214559,0.354442,0.280284,0.339482,0.276733,0.619767,0.119528,4.59549,0.263463,,0.258183,14.9103,-5.50849,77.2364,0.258183,0,-4.382725864648819,0.6018518209457397,0.178576,999,,,,,,,139.8,3.409756097,139.8,3.409756097,,,,,,,,,,,,,,,,,,,"Sung-Mun Song","37122",823550
"Harry Ford","WSN",10,39.0582,34.4141,7.86623,5.3398,1.6611,0.104321,0.761006,4.19328,3.9451,3.78022,0.0524254,9.26086,0.530568,0.247572,0.0857593,0.689272,0.734538,0.135054,0.228576,0.0967844,0.237104,0.408193,0.312452,0.349247,0.299144,0.661699,0.120671,4.70656,0.288364,,0.0410479,4.04578,-0.538761,88.75,0.0410479,0.15,-0.4739217162132263,0.9216049611568451,0.172967,725.52001953125,,,,,,,42.9,4.29,42.9,4.29,,,,,,,,,,,,,,,,,,,"Harry Ford","29958",695670
"David Fry","CLE",20,84.7702,74.8442,17.2257,10.6994,3.37353,0.136046,3.01667,9.72774,10.6487,7.8153,0.248231,22.4209,1.4027,0.580558,0.127426,1.36494,0.529898,0.199607,0.230154,0.092194,0.264491,0.348572,0.312416,0.399782,0.316098,0.712197,0.169628,3.26333,0.284254,,-0.0794192,9.92684,-0.0232471,100.773,-0.0794192,0.06,-0.0024068430066108704,-1.3068429864943027,0.17056,999,,,,,,,86,4.3,86,4.3,,,,,,,,,,,,,,,,,,,"David Fry","24934",681807
"Charles McAdoo","TOR",23,97.6512,88.8814,20.0503,13.0133,3.82012,0.339262,2.87765,11.3398,10.4397,7.1804,0.218227,26.1021,0.768162,0.610938,0.210305,1.44879,2.27394,0.366786,0.225585,0.0735311,0.267299,0.27509,0.287342,0.373328,0.292806,0.66067,0.147743,5.24194,0.283786,,0.195386,9.62144,-1.84058,84.3886,0.195386,0,-1.596116617321968,-0.1697530895471573,0.17007,999,,,,,,,90.6,3.939130434,90.6,3.939130434,,,,,,,,,,,,,,,,,,,"Charles McAdoo","33323",807727
"Reese McGuire","CHW",12,47,42.6229,9.49629,6.5901,1.72262,0.0709801,1.11258,4.66589,4.81597,3.04153,0.0727358,10.7967,0.456414,0.3159,0.395168,0.917744,0.30496,0.100137,0.222798,0.0647134,0.229716,0.28171,0.279826,0.344853,0.278857,0.624679,0.122055,3.38289,0.270184,,-0.0327974,4.10804,-1.40868,74.2671,-0.0327974,0.6,-1.4521615393459797,1.5259259343147278,0.168502,999,,,,,,,31.6,2.633333333,31.6,2.633333333,,,,,,,,,,,,,,,,,,,"Reese McGuire","15674",624512
"Thomas Saggese","STL",15,63.7334,58.4438,14.5004,9.93904,2.8246,0.402914,1.33382,7.12796,6.69172,3.94864,0.0846093,16.4174,0.660119,0.466259,0.214581,0.940296,0.844775,0.280043,0.248108,0.0619556,0.257595,0.240516,0.300842,0.378693,0.301096,0.679535,0.130585,4.87078,0.319896,,-0.021844,6.70092,-0.77992,92.2159,-0.021844,-0.04,-0.6032686792314053,0.21871458739042282,0.16797,999,,,,,,,61,4.066666666,61,4.066666666,,,,,,,,,,,,,,,,,,,"Thomas Saggese","27883",695336
"Jesse Winker",,18,77,65.6239,15.5713,10.2252,2.8927,0.157661,2.29573,9.5326,8.34098,9.70116,0.316429,15.9016,0.892041,0.492854,0.29009,1.43436,1.18847,0.405199,0.237281,0.125989,0.206514,0.610075,0.341084,0.391116,0.328329,0.732199,0.153835,4.01058,0.27704,,-0.0361338,9.76795,0.729904,107.884,-0.0361338,-0.18,0.6762701533734798,-1.6306173205375671,0.165872,999,,,,,,,86,4.777777777,86,4.777777777,,,,,,,,,,,,,,,,,,,"Jesse Winker","13590",608385
"Eli White","ATL",11,47.7139,43.815,11.065,7.54732,1.79164,0.472821,1.25319,6.36972,4.9252,2.92421,0.0606978,11.6735,0.535701,0.271149,0.167842,0.75011,1.65501,0.389285,0.252538,0.0612863,0.244657,0.250499,0.305491,0.400817,0.311606,0.706308,0.148279,6.85403,0.31489,,0.114112,5.41654,-0.183984,96.7363,0.114112,0.49,-0.06839170306921005,0.16592594981193542,0.165249,999,,,,,,,48.6,4.418181818,48.6,4.418181818,,,,,,,,,,,,,,,,,,,"Eli White","19346",642201
"Luis Rengifo","MIL",58,244.702,223.097,54.8189,41.9212,9.49847,0.954288,2.4449,25.3477,22.19,16.7977,0.416955,38.2743,2.12654,1.667,1.01308,5.19378,6.59679,2.21565,0.245717,0.0686457,0.156412,0.438877,0.302612,0.329724,0.284758,0.632336,0.0840069,4.92933,0.284571,,0.0948077,22.5396,-6.18281,79.6985,0.0948077,-1.33,-5.727329656481743,-0.43493837118148804,0.164723,644.9299926757812,,,,,,,200.3,3.453448275,200.3,3.453448275,,,,,,,,,,,,,,,,,,,"Luis Rengifo","19858",650859
"Leo Rivas","SEA",15,64.9459,55.2248,11.5866,8.40075,2.06991,0.162102,0.953794,7.2097,4.50554,7.88129,0.104119,16.4255,0.623722,0.425851,0.790252,1.01682,2.13567,0.624188,0.209807,0.121352,0.252911,0.47982,0.313169,0.304972,0.285777,0.618141,0.0951655,5.20457,0.277826,,0.0833292,6.03499,-1.58818,85.5248,0.0833292,-0.05,-1.0214516371488571,0.33580244705080986,0.163202,999,,,,,,,55.4,3.693333333,55.4,3.693333333,,,,,,,,,,,,,,,,,,,"Leo Rivas","21009",660844
"Adrian Del Castillo","ARI",21,86.2527,77.7149,17.2263,10.7178,3.79234,0.184786,2.53143,9.05136,10.747,7.09424,0.178979,23.9598,0.674306,0.661193,0.108032,1.24833,0.192426,0.0673183,0.22166,0.0822495,0.277787,0.296089,0.29015,0.372934,0.2944,0.663083,0.151273,2.63964,0.283221,,-0.0856544,8.60802,-1.51608,84.5128,-0.0856544,0.52,-1.6511830240488052,0.5029434449970722,0.162983,999,,,,,,,81,3.857142857,81,3.857142857,,,,,,,,,,,,,,,,,,,"Adrian Del Castillo","29554",680728
"Anthony Seigler","BOS",15,64.3894,56.161,13.0333,8.61697,3.17353,0.131109,1.11169,7.35603,6.34006,7.11203,0.128503,12.5557,0.442842,0.482066,0.19143,1.02687,1.70203,0.492715,0.23207,0.110453,0.194997,0.566436,0.320698,0.352631,0.3042,0.673329,0.120561,4.6947,0.277404,,0.0543412,6.92925,-0.628594,87.3384,0.0543412,0,-0.9037405773997307,0.23148146271705627,0.162573,999,,,,,,,59.7,3.98,59.7,3.98,,,,,,,,,,,,,,,,,,,"Anthony Seigler","23802",678011
"Starling Marte","KCR",34,148.69,134.113,34.9681,24.7482,6.13224,0.647927,3.43972,18.4977,15.5997,9.67832,0.13553,31.104,2.71275,0.905426,1.28049,3.3543,3.44898,1.32734,0.260736,0.0650905,0.209187,0.31116,0.321276,0.393066,0.31787,0.714342,0.13233,5.20866,0.313794,,-0.0480399,17.6221,0.169301,97.7896,-0.0480399,-0.1,-0.4342832863330841,-3.233157016336918,0.158674,999,,,,,,,155.2,4.564705882,155.2,4.564705882,,,,,,,,,,,,,,,,,,,"Starling Marte","9241",516782
"Tommy Troy","ARI",22,94.2762,85.1865,20.8348,14.5886,4.07488,0.546963,1.62438,10.8381,9.50548,7.187,0.0327761,21.7654,0.946433,0.594046,0.362219,1.83297,1.89624,0.345705,0.244579,0.0762335,0.230868,0.330204,0.308455,0.362461,0.300435,0.670916,0.117882,5.49484,0.307905,,0.118195,9.86247,-1.2034,88.6192,0.118195,0,-1.139256052672863,-0.3395061790943146,0.155219,999,,,,,,,96.5,4.386363636,96.5,4.386363636,,,,,,,,,,,,,,,,,,,"Tommy Troy","33279",694371
"Max Kepler","ARI",12,51,45.1719,10.9382,6.52771,2.31319,0.131173,1.96613,6.09978,6.78805,4.84791,0.193975,9.80187,0.489562,0.394924,0.0957501,0.871142,0.18007,0.0554539,0.242146,0.095057,0.192194,0.49459,0.319731,0.429739,0.329236,0.74947,0.187593,3.12756,0.265455,,-0.0482514,6.50658,0.520344,108.5,-0.0482514,0.16,0.4605017341673374,-0.7130158841609955,0.148763,999,,,,,,,56.2,4.683333333,56.2,4.683333333,,,,,,,,,,,,,,,,,,,"Max Kepler","12144",596146
"Nick Sogard","BOS",21,90.1452,79.9339,19.1652,13.9745,3.8751,0.246928,1.06859,9.61429,8.03517,8.5921,0.12181,18.0183,0.592308,0.631807,0.395111,1.63307,1.77678,0.480068,0.239763,0.095314,0.199881,0.476854,0.315872,0.334525,0.294883,0.650398,0.0947624,4.62197,0.294355,,0.0375469,9.03118,-1.5498,81.0159,0.0375469,0.2,-1.973536740988493,0.24629629030823708,0.147047,999,,,,,,,81.2,3.866666666,81.2,3.866666666,,,,,,,,,,,,,,,,,,,"Nick Sogard","25483",686765
"Nick Loftin","KCR",25,110.513,99.1068,24.3692,16.7995,4.61759,0.830505,2.12165,12.628,11.2717,8.64416,0.115906,15.9077,1.27968,0.897974,0.584418,2.24877,1.06127,0.354404,0.245889,0.0782185,0.143945,0.543393,0.311958,0.373464,0.305704,0.685422,0.127575,4.57614,0.271394,,-0.0730353,12.0254,-0.946275,89.5344,-0.0730353,-1.1,-1.432214878499508,-1.100000035570253,0.137772,999,,,,,,,106.3,4.252,106.3,4.252,,,,,,,,,,,,,,,,,,,"Nick Loftin","27630",679845
"Graham Pauley","MIA",19,80.344,72.3717,16.0198,10.1292,3.38706,0.157168,2.34633,8.27644,9.42826,6.44341,0.142116,16.9582,0.698674,0.58065,0.249563,1.19055,0.927525,0.315778,0.221354,0.0801978,0.21107,0.379959,0.289182,0.36976,0.292988,0.658942,0.148406,3.74343,0.254874,,-0.0339711,7.92785,-1.5027,83.1935,-0.0339711,0.35,-1.6164863035082817,0.4017429016530514,0.136942,999,,,,,,,68,3.578947368,68,3.578947368,,,,,,,,,,,,,,,,,,,"Graham Pauley","31363",688363
"Randal Grichuk","CHW",13,55.6364,51.1752,12.6866,7.47149,2.62868,0.124605,2.46179,6.46252,7.82867,3.45458,0.0943705,11.2555,0.557514,0.362919,0.0862376,0.955079,0.1365,0.0514942,0.247905,0.062092,0.202304,0.306924,0.300605,0.448456,0.326407,0.749061,0.200552,2.64832,0.270348,,-0.0538586,6.97258,0.442137,106.332,-0.0538586,-0.21,0.3601638302206993,-1.0258436352014542,0.131782,999,,,,,,,61.3,4.715384615,61.3,4.715384615,,,,,,,,,,,,,,,,,,,"Randal Grichuk","10243",545341
"Javier Báez","DET",24,107.039,99.4712,23.4878,16.2992,4.24217,0.534479,2.41193,11.6504,11.2547,4.28478,0.0272757,24.8338,1.4214,0.774182,0.213532,2.09176,1.63567,0.606258,0.236127,0.0400301,0.232007,0.172538,0.275541,0.362263,0.282073,0.637804,0.126136,4.93992,0.288712,,-0.0366638,9.63029,-2.93366,76.2542,-0.0366638,-0.36,-3.0236092284321785,0.5437036752700806,0.130645,740.6500244140625,,,,,,,81.9,3.4125,81.9,3.4125,,,,,,,,,,,,,,,,,,,"Javier Baez","12979",595879
"Nelson Velázquez","STL",18,77.4606,69.6212,16.2408,9.75201,3.20847,0.286406,2.99393,9.39015,10.0631,6.43104,0.21548,20.9271,0.756446,0.536669,0.115218,1.10913,0.920096,0.331758,0.233274,0.0830233,0.270165,0.307306,0.302905,0.416596,0.316249,0.719501,0.183322,4.43247,0.286501,,-0.0398501,9.08021,-0.0118924,102.526,-0.0398501,-0.06,0.18950612097978592,-1.3871604762971401,0.129311,748.5599975585938,,,,,,,79.4,4.411111111,79.4,4.411111111,,,,,,,,,,,,,,,,,,,"Nelson Velazquez","23359",676369
"Rafael Marchán","PHI",23,90.6736,82.112,17.9383,12.4989,3.81825,0.113362,1.5078,8.56637,8.75934,6.15243,0.122154,15.7184,1.26156,0.638031,0.509625,1.66776,0.405566,0.144784,0.218462,0.0678525,0.173351,0.391416,0.28118,0.322812,0.272208,0.603992,0.10435,2.86246,0.250757,,-0.082519,7.44458,-3.19843,68.7835,-0.082519,0,-3.399793103337288,1.7746913433074951,0.1285,999,,,,,,,70.2,3.052173913,70.2,3.052173913,,,,,,,,,,,,,,,,,,,"Rafael Marchan","21646",665561
"Rodolfo Durán","SDP",12,46.1924,42.0911,9.25411,6.02991,1.88578,0.117309,1.22112,4.62785,4.91133,3.05861,0.150728,11.015,0.423863,0.293923,0.324824,0.782074,0.31339,0.0696512,0.219859,0.0662146,0.23846,0.277676,0.277682,0.357269,0.281464,0.634951,0.13741,3.73002,0.266444,,-0.0152007,4.1335,-1.28843,80.4556,-0.0152007,-0.08,-1.07325922511518,0.8459259122610092,0.127006,999,,,,,,,32.6,2.716666666,32.6,2.716666666,,,,,,,,,,,,,,,,,,,"Rodolfo Duran","20958",660710
"Kaelen Culpepper","MIN",9,37.7388,34.3068,8.19965,5.6115,1.42342,0.153506,1.01122,4.45233,3.87192,2.66373,0.031219,8.13224,0.447329,0.225033,0.095832,0.686195,0.944689,0.177946,0.239009,0.0705834,0.215488,0.327552,0.300474,0.377876,0.30183,0.67835,0.138867,5.49926,0.283138,,0.0703327,3.98994,-0.439731,89.1559,0.0703327,0,-0.4105944111943245,0.32407405972480774,0.126796,999,,,,,,,34,3.777777777,34,3.777777777,,,,,,,,,,,,,,,,,,,"Kaelen Culpepper","sa3025360",701785
"Stuart Fairchild","CLE",12,48.7185,42.8468,9.78822,6.40287,1.92495,0.308325,1.15207,5.86828,4.46468,4.0535,0.0593435,12.3288,0.962915,0.28396,0.571312,0.705475,1.43527,0.376828,0.228447,0.0832025,0.253063,0.328782,0.307487,0.36843,0.303044,0.675917,0.139983,5.96094,0.291271,,0.0730747,5.19792,-0.520516,91.9148,0.0730747,0.16,-0.3898211121559143,-0.0869135856628418,0.126277,999,,,,,,,45.1,3.758333333,45.1,3.758333333,,,,,,,,,,,,,,,,,,,"Stuart Fairchild","20321",656413
"Alex Jackson","MIN",15,56.6081,51.6397,10.3559,6.10188,2.19624,0.120783,1.93703,5.70443,6.47682,3.63364,0.049672,18.6055,0.812669,0.331545,0.190621,0.801552,0.183256,0.0640268,0.200542,0.0641893,0.328671,0.195299,0.26237,0.360282,0.276308,0.622652,0.15974,2.96635,0.267873,,-0.0449289,4.83278,-1.81172,71.8369,-0.0449289,0,-1.9184446670114994,1.1574074029922485,0.125504,999,,,,,,,43.6,2.906666666,43.6,2.906666666,,,,,,,,,,,,,,,,,,,"Alex Jackson","17276",656577
"Joey Loperfido","HOU",35,152.51,137.892,31.4568,21.3287,6.82886,0.566886,2.73237,16.6562,13.7745,10.7055,0.430233,43.8607,2.24232,0.928586,0.74121,2.60377,2.97849,0.751522,0.228126,0.0701957,0.287593,0.24408,0.292581,0.345318,0.285521,0.637899,0.117191,5.19594,0.311452,,0.109887,14.1406,-3.76059,79.4168,0.109887,0.77,-3.579113483428955,-0.5503017902374268,0.125062,746.02001953125,,,,,,,131.7,3.762857142,131.7,3.762857142,,,,,,,,,,,,,,,,,,,"Joey Loperfido","29630",694388
"Owen Caissie","MIA",61,264.131,236.902,53.6401,33.6107,11.8109,0.550943,7.66747,28.8273,30.665,23.335,0.548557,89.636,2.08207,1.40965,0.40194,3.83761,2.95046,0.825625,0.226423,0.0883464,0.339362,0.260331,0.299767,0.378027,0.301704,0.677794,0.151604,4.06695,0.326028,,-0.0560183,27.8987,-3.10418,89.1244,-0.0560183,-0.76,-3.4225923009216785,-3.7662723064422607,0.122738,528.5,,,,,,,259,4.245901639,259,4.245901639,,,,,,,,,,,,,,,,,,,"Owen Caissie","27496",683357
"Thairo Estrada",,10,43,39.8185,9.96699,7.13526,1.77582,0.190541,0.865373,4.90794,4.41006,2.06468,0.0128325,7.6583,0.707472,0.329916,0.0794759,0.850064,0.951999,0.308367,0.250311,0.0480157,0.1781,0.2696,0.296808,0.369678,0.296126,0.666486,0.119367,5.27112,0.287801,,0.0121364,4.35057,-0.696645,86.0014,0.0121364,0.28,-0.6942815072834492,0.43432098627090454,0.120605,999,,,,,,,42.1,4.21,42.1,4.21,,,,,,,,,,,,,,,,,,,"Thairo Estrada","16426",642731
"Ryan Ritter","COL",10,42.5015,37.9074,9.74027,6.61232,1.83557,0.401777,0.89061,5.22674,4.33198,3.04894,0.0948476,11.0819,0.731427,0.26257,0.551132,0.764886,0.677284,0.177173,0.256949,0.0717374,0.260741,0.275129,0.322301,0.397052,0.319108,0.719353,0.140103,5.75953,0.337805,,0.00868895,5.07907,0.09037,88.5979,0.00868895,0.16,-0.5592531878501177,0.37604936957359314,0.119519,999,,,,,,,47.1,4.71,47.1,4.71,,,,,,,,,,,,,,,,,,,"Ryan Ritter","31500",690022
"Jorge Barrosa","ARI",23,98.2879,88.8192,19.6963,13.4658,4.6246,0.319909,1.286,10.1357,8.73937,7.29973,0.135329,22.7974,0.737396,0.63359,0.798082,1.72775,1.93617,0.458313,0.221758,0.0742688,0.231945,0.3202,0.284475,0.324465,0.274111,0.608941,0.102708,4.91678,0.281635,,0.0871288,8.21889,-3.31787,70.7075,0.0871288,1.41,-3.2870918065309525,1.291687197983265,0.115328,999,,,,,,,74.7,3.247826086,74.7,3.247826086,,,,,,,,,,,,,,,,,,,"Jorge Barrosa","23968",678489
"Jose Iglesias",,12,51,46.2225,12.2119,9.44358,2.06543,0.261171,0.441743,5.50284,4.63907,2.60743,0.0365527,8.07973,0.755649,0.293422,0.320766,1.30173,0.624882,0.207947,0.264199,0.051126,0.158426,0.322712,0.312256,0.348855,0.296475,0.66111,0.0846558,4.59514,0.309787,,-0.0274186,5.17417,-0.812062,86.2385,-0.0274186,-0.17,-0.8510716836899519,0.2620987445116043,0.114283,999,,,,,,,40.9,3.408333333,40.9,3.408333333,,,,,,,,,,,,,,,,,,,"Jose Iglesias","10231",578428
"Andrew McCutchen",,15,64,55.633,13.2317,8.13846,2.74199,0.0787131,2.27258,7.80215,7.98613,7.29215,0.09296,14.3593,0.522643,0.46777,0.0844638,1.17699,0.320289,0.113119,0.23784,0.11394,0.224363,0.507836,0.329287,0.412506,0.329715,0.741792,0.174666,2.83002,0.277666,,-0.0658872,8.18954,0.677404,108.825,-0.0658872,0,0.5969704240560532,-1.6203703880310059,0.114279,999,,,,,,,68.3,4.553333333,68.3,4.553333333,,,,,,,,,,,,,,,,,,,"Andrew McCutchen","9847",457705
"Jett Williams","MIL",10,43.2405,38.6467,8.70458,5.63373,1.84031,0.256864,0.973673,4.88207,4.46827,3.71074,0.0276112,10.6583,0.501086,0.286714,0.0951965,0.530826,1.26504,0.173038,0.225234,0.0858165,0.24649,0.348154,0.29937,0.361729,0.296102,0.661099,0.136494,5.97364,0.283168,,0.130462,4.3741,-0.701345,87.418,0.130462,0,-0.5071488171815872,0.24691356718540192,0.114029,999,,,,,,,43.5,4.35,43.5,4.35,,,,,,,,,,,,,,,,,,,"Jett Williams","sa3020134",702518
"Jon Berti",,14,60,54.3232,13.5073,10.4566,2.15386,0.34582,0.551002,7.27193,4.44998,4.34511,0.0774696,12.6373,0.525999,0.316202,0.431582,1.22309,2.93153,0.774355,0.248647,0.0724186,0.210622,0.343832,0.308826,0.331457,0.289083,0.640283,0.0828101,6.5072,0.312568,,0.18931,5.73361,-1.30902,81.216,0.18931,-0.09,-1.1333451867103577,0.2186419665813446,0.111721,999,,,,,,,57.5,4.107142857,57.5,4.107142857,,,,,,,,,,,,,,,,,,,"Jon Berti","12037",542932
"Alejandro Osuna","TEX",17,72.7173,64.1465,15.6645,11.4084,3.03691,0.308347,0.910815,8.50757,5.78539,6.31231,0.164042,13.7828,1.10017,0.574157,0.584233,1.41684,2.38977,0.59483,0.244198,0.0868061,0.18954,0.457983,0.319922,0.343753,0.299868,0.663674,0.0995542,5.68623,0.294914,,0.136356,7.57428,-0.96107,89.9799,0.136356,0.1,-0.7199060767889023,-0.745336078107357,0.111247,999,,,,,,,65.7,3.864705882,65.7,3.864705882,,,,,,,,,,,,,,,,,,,"Alejandro Osuna","27915",696030
"Dominic Smith","ATL",50,219.281,197.124,49.6149,33.8402,9.62938,0.262934,5.88238,24.8499,25.9431,16.7602,0.427817,40.471,2.85465,2.16716,0.375079,4.30185,0.899802,0.358667,0.251694,0.0764326,0.184562,0.414129,0.316254,0.392734,0.314499,0.708988,0.14104,2.76298,0.28595,,-0.246513,25.3988,-0.339739,98.7045,-0.246513,0,-0.579448401927948,-5.310457706451416,0.109919,999,,,,,,,230.3,4.606,230.3,4.606,,,,,,,,,,,,,,,,,,,"Dominic Smith","15653",642086
"Josh Rojas","KCR",11,47.2192,42.2584,10.0627,6.73347,2.19958,0.121592,1.00806,5.28855,4.97368,4.10782,0.0710559,9.77887,0.181947,0.3866,0.215492,0.771311,0.788481,0.280563,0.238123,0.0869948,0.207095,0.420072,0.305796,0.367492,0.300375,0.673288,0.129369,4.19143,0.284218,,-0.0147845,4.93747,-0.60498,85.9182,-0.0147845,0,-0.7961875554174185,0.20061726868152618,0.108709,999,,,,,,,43.1,3.918181818,43.1,3.918181818,,,,,,,,,,,,,,,,,,,"Josh Rojas","19734",668942
"Mike Tauchman","NYM",13,56.2188,48.3877,11.3306,7.63538,2.16763,0.0181201,1.50947,6.62947,5.9517,6.8292,0.033281,12.4029,0.56578,0.326331,0.109828,1.11898,0.376653,0.161973,0.234163,0.121475,0.220618,0.550613,0.333736,0.373296,0.319786,0.707032,0.139132,2.73927,0.282203,,-0.0700268,6.74874,0.149936,106.092,-0.0700268,-0.09,0.3313233330845833,-1.0622222125530243,0.108026,999,,,,,,,62.2,4.784615384,62.2,4.784615384,,,,,,,,,,,,,,,,,,,"Mike Tauchman","15274",643565
"Samad Taylor","SDP",26,110.075,98.3811,22.6885,16.477,3.81697,0.63522,1.75925,12.8214,8.08225,8.04284,0.120702,26.5926,0.819433,0.782679,2.04937,1.79134,4.50861,1.13171,0.230618,0.0730666,0.241585,0.302447,0.292066,0.335975,0.282058,0.628042,0.105357,6.37723,0.29556,,0.306049,9.90212,-3.01822,80.8593,0.306049,0,-2.163192629814148,-0.2777777910232544,0.108022,999,,,,,,,100.6,3.869230769,100.6,3.869230769,,,,,,,,,,,,,,,,,,,"Samad Taylor","22274",669392
"Max Schuemann","NYY",8,34.1486,29.5394,6.7282,4.75336,1.18613,0.173358,0.615357,4.05326,2.71586,3.34675,0.0409223,7.33391,0.589998,0.258162,0.414296,0.579114,1.054,0.326263,0.22777,0.0980055,0.214764,0.45634,0.316145,0.342157,0.298884,0.658302,0.114387,5.81359,0.279786,,0.0317955,3.53012,-0.478144,89.0355,0.0317955,0.03,-0.4082123711705208,0.24604937247931957,0.106138,999,,,,,,,35.4,4.425,35.4,4.425,,,,,,,,,,,,,,,,,,,"Max Schuemann","24488",680474
"Cooper Pratt","MIL",7,30.4649,27.4453,6.70645,4.64425,1.30809,0.165092,0.589027,3.36446,3.19425,2.30083,0.0963032,5.90263,0.29846,0.232116,0.188172,0.509967,0.798248,0.12161,0.244357,0.0755241,0.193752,0.389798,0.307357,0.368435,0.300661,0.675792,0.124078,5.46225,0.288752,,0.0722206,3.19249,-0.383395,90.5195,0.0722206,0,-0.2662709280848503,0.32407405972480774,0.105052,999,,,,,,,32.4,4.628571428,32.4,4.628571428,,,,,,,,,,,,,,,,,,,"Cooper Pratt","sa3022867",806198
"Spencer Jones","NYY",17,73.3191,66.3692,14.4312,8.57319,2.97429,0.148112,2.73559,8.98777,8.6234,5.95771,0.111614,27.0795,0.564496,0.35556,0.0721093,0.889019,2.06555,0.312885,0.217438,0.0812572,0.369338,0.220008,0.286065,0.390369,0.299184,0.676433,0.172931,5.54392,0.316871,,0.20614,7.59696,-1.00903,89.2395,0.20614,0,-0.7210043370723724,-0.8487654328346252,0.102698,999,,,,,,,74.1,4.358823529,74.1,4.358823529,,,,,,,,,,,,,,,,,,,"Spencer Jones","31532",682987
"Christian Moore","LAA",12,51.1843,45.3546,10.2542,6.88925,1.77005,0.375454,1.21941,5.8833,4.7774,4.91021,0.085252,15.1023,0.419545,0.320798,0.179111,0.725813,0.995053,0.292707,0.226089,0.095932,0.295057,0.32513,0.305536,0.362331,0.299362,0.667867,0.136242,5.46355,0.307789,,0.0153299,5.31072,-0.697145,87.0623,0.0153299,-0.07,-0.7628707643598318,-0.032962970435619354,0.10244,748.3499755859375,,,,,,,43.1,3.591666666,43.1,3.591666666,,,,,,,,,,,,,,,,,,,"Christian Moore","34979",695681
"Santiago Espinal","LAD",13,56.807,51.5337,13.0054,9.77859,2.13161,0.268847,0.826404,6.56507,5.21048,3.67308,0.0699708,7.45351,0.357208,0.436729,0.806266,1.1232,0.674975,0.244125,0.252368,0.064659,0.131208,0.492799,0.304206,0.352274,0.293266,0.656479,0.0999058,4.60242,0.278757,,-0.0373001,5.61795,-1.04989,85.2413,-0.0373001,-0.03,-1.0198747888207436,0.17061726935207844,0.0978106,999,,,,,,,49.9,3.838461538,49.9,3.838461538,,,,,,,,,,,,,,,,,,,"Santiago Espinal","19997",669289
"Christopher Morel","MIA",31,136.585,121.548,26.9421,15.6369,5.54414,0.445605,5.31547,16.4493,17.6254,12.3759,0.215166,40.7009,1.54027,0.898425,0.222431,1.99733,2.53356,0.904432,0.221658,0.0906096,0.29799,0.30407,0.29963,0.405798,0.311746,0.705428,0.18414,4.86904,0.28296,,-0.0178045,15.5205,-0.51143,95.9574,-0.0178045,-0.33,-0.6649197302758694,-2.721975415945053,0.0973424,999,,,,,,,138.5,4.467741935,138.5,4.467741935,,,,,,,,,,,,,,,,,,,"Christopher Morel","21897",666624
"Triston Casas","BOS",11,47.5491,40.934,9.71304,5.91493,1.93867,0.0244008,1.83504,5.6183,6.56627,5.86139,0.354303,11.4589,0.361481,0.343263,0.0489538,0.833517,0.0823405,0.0442181,0.237285,0.12327,0.240991,0.511515,0.335492,0.420326,0.333675,0.755817,0.18304,1.81532,0.281525,,-0.0637976,6.23463,0.653449,107.34,-0.0637976,0,0.3463374450802803,-1.064814805984497,0.0972998,746.0599975585938,,,,,,,57.6,5.236363636,57.6,5.236363636,,,,,,,,,,,,,,,,,,,"Triston Casas","22514",671213
"Joey Wiemer","WSN",17,72.1074,64.2985,13.9837,8.82055,2.71216,0.366357,2.08467,8.14542,8.02897,6.55859,0.136629,21.673,0.737902,0.395009,0.117367,1.21781,1.20055,0.354995,0.217482,0.0909558,0.300565,0.302616,0.2956,0.368323,0.296475,0.663923,0.150842,5.0697,0.290676,,0.0106674,7.31561,-1.14815,86.9334,0.0106674,0.1,-1.0935598239302635,-0.2549382671713829,0.0964345,999,,,,,,,67.8,3.988235294,67.8,3.988235294,,,,,,,,,,,,,,,,,,,"Joey Wiemer","27690",686894
"Miguel Andujar","SDP",71,301.725,281.797,73.0388,51.5678,12.7462,1.29944,7.42537,33.1571,34.4406,15.2975,1.08824,45.0427,1.90519,2.24947,0.475,6.45655,2.89558,1.06076,0.259189,0.0507003,0.149284,0.339622,0.299557,0.392693,0.30395,0.69225,0.133504,3.92678,0.283331,,-0.211676,32.41,-3.00555,95.7559,-0.211676,-0.02,-1.7124346941709518,-6.9490122981369495,0.0941548,722.9099731445312,,,,,,,289.9,4.083098591,289.9,4.083098591,,,,,,,,,,,,,,,,,,,"Miguel Andujar","15878",609280
"Tyrone Taylor","NYM",19,81.3165,74.6152,17.4228,11.1125,3.46876,0.527036,2.31457,9.67662,8.42052,4.13211,0.131254,18.0745,1.30221,0.556684,0.71025,0.981489,1.95669,0.516937,0.233502,0.0508152,0.222274,0.228616,0.283566,0.387178,0.295351,0.670744,0.153676,5.90784,0.275784,,0.093407,8.17705,-1.36764,89.465,0.093407,-0.12,-0.9105843380093575,-0.7527160570025444,0.094139,999,,,,,,,69.4,3.652631578,69.4,3.652631578,,,,,,,,,,,,,,,,,,,"Tyrone Taylor","13675",621438
"LaMonte Wade Jr.","HOU",18,80.7998,68.4222,14.9687,9.77644,2.90432,0.106232,2.18166,9.08664,8.21634,10.4006,0.412289,18.7147,0.900055,0.563616,0.513371,1.31233,0.426847,0.167455,0.218769,0.128721,0.231618,0.555747,0.327195,0.359977,0.310551,0.687172,0.141208,2.80199,0.2659,,-0.0921422,9.10448,-0.379577,96.4019,-0.0921422,-0.57,-0.4337894842028618,-1.4910526275634766,0.0932022,999,,,,,,,76.5,4.25,76.5,4.25,,,,,,,,,,,,,,,,,,,"LaMonte Wade Jr.","18126",664774
"Esmerlyn Valdez","PIT",13,56.0059,50.2361,11.8579,7.359,2.37723,0.155348,1.96634,6.56542,7.17009,4.6771,0.0601649,15.4582,0.653553,0.351452,0.0877447,0.920003,0.315734,0.0817633,0.236044,0.0835108,0.27601,0.302564,0.307388,0.406976,0.316073,0.714364,0.170932,3.58159,0.298272,,-0.0369299,6.55733,-0.016487,98.3562,-0.0369299,0,-0.14482591301202774,-0.7253086566925049,0.0930647,999,,,,,,,59.8,4.6,59.8,4.6,,,,,,,,,,,,,,,,,,,"Esmerlyn Valdez","29005",699013
"Leo De Vries","ATH",5,21.2072,19.1396,4.73126,2.87342,1.11318,0.077062,0.667597,2.65728,2.56764,1.6533,0.0916753,4.54163,0.205077,0.161848,0.0473162,0.287472,0.41883,0.0724714,0.247197,0.0779596,0.214155,0.364033,0.311422,0.418051,0.320007,0.729473,0.170854,5.02932,0.288361,,0.0296542,2.54953,0.0602944,99.4365,0.0296542,0,0.015611776150763035,0.138888880610466,0.092068,999,,,,,,,27.3,5.46,27.3,5.46,,,,,,,,,,,,,,,,,,,"Leo De Vries","sa3023363",815888
"TJ Friedl","CIN",35,149.48,128.857,28.9091,20.8378,4.65197,0.425461,2.99385,16.8384,12.5702,15.0226,0.0304206,27.8949,3.08171,1.04065,1.47767,2.75117,2.91753,0.890806,0.22435,0.100499,0.186614,0.538541,0.317654,0.336757,0.298967,0.654411,0.112407,4.70292,0.261747,,0.01403,15.4625,-2.083,83.7067,0.01403,-1.24,-2.8403244093060493,-1.008518546819687,0.0919608,265.1499938964844,,,,,,,133,3.8,133,3.8,,,,,,,,,,,,,,,,,,,"TJ Friedl","19522",670770
"Pedro Ramírez","CHC",16,69.4182,63.5371,16.7033,12.0575,3.20733,0.265325,1.17316,8.27179,7.15605,4.51326,0.267555,12.2918,0.657433,0.443307,0.2671,1.46041,1.83058,0.334412,0.262891,0.0650155,0.177069,0.367175,0.316322,0.377115,0.307695,0.693438,0.114224,5.28955,0.307435,,0.139914,7.66393,-0.48418,96.3487,0.139914,0,-0.15713892877101898,-1.1728395223617554,0.0895822,999,,,,,,,71.1,4.44375,71.1,4.44375,,,,,,,,,,,,,,,,,,,"Pedro Ramirez","29218",699393
"Braxton Fulford","COL",11,44.5254,39.9591,9.77713,6.09395,2.05029,0.352126,1.28076,5.53771,5.30881,3.35864,0.009418,11.7511,0.738985,0.324506,0.144173,0.590126,0.754748,0.213779,0.244679,0.0754321,0.263918,0.285816,0.312627,0.409768,0.31949,0.722395,0.165089,5.79669,0.311774,,0.0098297,5.33448,0.108224,88.8576,0.0098297,0.08,-0.5716064618900418,0.002839498221874237,0.0865924,999,,,,,,,45.1,4.1,45.1,4.1,,,,,,,,,,,,,,,,,,,"Braxton Fulford","29704",690924
"Mark Canha",,11,47,40.7662,9.82063,6.76626,1.91677,0.147705,0.989894,5.53992,4.69444,4.33776,0.0471575,8.70714,1.46006,0.349069,0.0868788,1.07089,0.54994,0.175632,0.240901,0.0922927,0.185258,0.498184,0.332923,0.368013,0.317185,0.700935,0.127112,4.2783,0.28107,,-0.0278622,5.54457,0.0278456,100.311,-0.0278622,-0.02,-0.010698763653635979,-0.7761728353798389,0.0803052,999,,,,,,,47.1,4.281818181,47.1,4.281818181,,,,,,,,,,,,,,,,,,,"Mark Canha","11445",592192
"Bryan Torres","STL",12,50.9867,45.7002,11.8099,8.94411,2.40858,0.125151,0.332057,5.64435,4.22728,4.23502,0.107941,8.71822,0.25491,0.334401,0.462219,1.18797,1.31153,0.242782,0.258421,0.0830613,0.17099,0.485767,0.322612,0.3384,0.298399,0.661013,0.0799789,4.8589,0.310344,,0.0927378,5.25106,-0.73362,90.3803,0.0927378,0,-0.48208555579185486,-0.37037035822868347,0.0785447,999,,,,,,,40.9,3.408333333,40.9,3.408333333,,,,,,,,,,,,,,,,,,,"Bryan Torres","21464",663494
"Jake Fraley","TBR",33,135.83,121.255,27.5355,18.6984,5.68125,0.434549,2.72126,15.3715,12.9291,12.3199,0.309436,30.306,1.29745,0.775838,0.181148,1.89222,4.78055,1.27434,0.227086,0.090701,0.223118,0.406516,0.303378,0.348434,0.293214,0.651812,0.121348,5.40538,0.278799,,0.266316,13.4273,-2.51597,83.1852,0.266316,0.13,-2.4176934957504272,-1.5887500047683716,0.0777032,999,,,,,,,127.1,3.851515151,127.1,3.851515151,,,,,,,,,,,,,,,,,,,"Jake Fraley","19260",641584
"Ryan Vilade","TBR",32,131.976,119.237,27.4795,18.4814,5.27775,0.707904,3.01238,13.9996,13.8215,9.96194,0.303443,30.9492,1.22248,0.967609,0.587334,2.24882,1.82353,0.540472,0.230461,0.0754827,0.234506,0.32188,0.29427,0.362389,0.29229,0.656659,0.131928,4.82998,0.283699,,-0.0111764,12.9492,-2.54185,82.5582,-0.0111764,0.28,-2.7162954937666655,-1.1696216762065887,0.0762027,999,,,,,,,114.6,3.58125,114.6,3.58125,,,,,,,,,,,,,,,,,,,"Ryan Vilade","22165",668723
"Alika Williams","ATH",12,51.5032,46.899,11.4731,8.22218,2.29967,0.192524,0.758681,5.4784,4.68608,2.99613,0.0367192,10.2475,0.464456,0.38149,0.762084,0.958235,0.45973,0.154855,0.244633,0.0581737,0.198968,0.292378,0.294311,0.350409,0.287674,0.644719,0.105775,4.06296,0.295371,,-0.0328157,4.86375,-1.18154,77.4956,-0.0328157,-0.01,-1.394889011979103,0.329506179317832,0.0759634,999,,,,,,,38.8,3.233333333,38.8,3.233333333,,,,,,,,,,,,,,,,,,,"Alika Williams","27604",675961
"Jared Young","NYM",15,64.2501,57.4619,13.3815,8.41402,2.76978,0.135679,2.06206,7.60673,7.35724,5.35349,0.0966128,15.9094,0.8409,0.379259,0.214537,1.12836,0.759589,0.218383,0.232877,0.0833227,0.247617,0.336499,0.305704,0.393459,0.310484,0.699163,0.160582,4.03357,0.283912,,-0.013935,7.23624,-0.305254,99.762,-0.013935,-0.07,-0.031857799738645554,-1.2737036421895027,0.075268,999,,,,,,,63.2,4.213333333,63.2,4.213333333,,,,,,,,,,,,,,,,,,,"Jared Young","20404",676724
"MJ Melendez","NYM",22,94.3673,83.6875,17.6897,9.97546,3.834,0.19855,3.6817,11.0867,11.6013,9.03452,0.182717,27.0759,0.841334,0.641407,0.162493,1.16446,1.06519,0.343741,0.211378,0.0957379,0.286921,0.333674,0.292613,0.393916,0.303997,0.68653,0.182538,3.91776,0.261483,,-0.0312704,10.14,-0.936536,95.3477,-0.0312704,-0.03,-0.5457895360887051,-1.7275308649986982,0.0740905,999,,,,,,,97.9,4.45,97.9,4.45,,,,,,,,,,,,,,,,,,,"MJ Melendez","22197",669004
"Brandon Lockridge","MIL",14,59.947,54.103,12.9083,10.038,1.91795,0.536934,0.415359,6.74676,3.9678,4.30185,0.108354,15.1339,0.463354,0.344979,0.733886,1.0953,2.73083,0.643779,0.238587,0.0717608,0.252454,0.284253,0.298472,0.316918,0.278066,0.61539,0.0783302,6.9331,0.321165,,0.205473,5.20184,-1.83457,75.1451,0.205473,0.5,-1.540739268064499,0.34567901492118835,0.0725906,999,,,,,,,45.2,3.228571428,45.2,3.228571428,,,,,,,,,,,,,,,,,,,"Brandon Lockridge","21496",663604
"Hao-Yu  Lee","DET",5,21.2059,19.4247,4.85549,3.26294,0.87474,0.17427,0.543532,2.53648,2.33518,1.35005,0.0432964,4.48801,0.225074,0.163567,0.0424511,0.341632,0.347282,0.109246,0.249964,0.0636639,0.21164,0.300812,0.303855,0.396884,0.308851,0.700739,0.14692,5.41831,0.296217,,-0.000502833,2.36073,-0.128358,94.4257,-0.000502833,0,-0.1394169862032868,0.07716049253940582,0.0698503,999,,,,,,,24.3,4.86,24.3,4.86,,,,,,,,,,,,,,,,,,,"Hao-Yu  Lee","30080",701678
"Jonah Cox","SFG",8,34.1234,31.1277,7.6187,5.61074,1.21815,0.278869,0.510944,4.29729,2.55887,2.08333,0.056924,8.29953,0.310117,0.189635,0.412679,0.548768,1.9822,0.198415,0.244757,0.0610527,0.243221,0.251017,0.297001,0.351052,0.28913,0.648053,0.106295,7.52525,0.315804,,0.273397,3.26212,-0.743194,84.3202,0.273397,0,-0.3536628484725952,-0.061728399246931076,0.0684638,999,,,,,,,35.9,4.4875,35.9,4.4875,,,,,,,,,,,,,,,,,,,"Jonah Cox","33270",813841
"Taylor Trammell","HOU",63,274.719,241.686,49.6926,30.8765,10.9388,0.46194,7.41539,30.9444,27.1692,27.6825,0.31129,81.8677,2.75775,1.76141,0.831868,3.89214,5.20263,1.40921,0.205608,0.100767,0.298005,0.338137,0.292576,0.346737,0.288362,0.639313,0.141129,4.52653,0.274235,,0.14255,26.0942,-6.15155,81.345,0.14255,-1.19,-5.880042523145676,-3.0895726680755615,0.068362,999,,,,,,,235.4,3.736507936,235.4,3.736507936,,,,,,,,,,,,,,,,,,,"Taylor Trammell","19960",666211
"Rafael Flores Jr.","PIT",4,15.2743,13.8662,3.21791,2.18726,0.636357,0.0344896,0.359803,1.61391,1.68042,1.18292,0.0201201,4.3986,0.121199,0.0820127,0.0220093,0.277557,0.0749179,0.0162294,0.232069,0.077445,0.287973,0.268931,0.296481,0.360781,0.293691,0.657262,0.128712,3.21042,0.311009,,-0.00997092,1.51574,-0.277122,83.1266,-0.00997092,0.16,-0.31202302780002356,0.4686419665813446,0.0657504,999,,,,,,,8.7,2.175,8.7,2.175,,,,,,,,,,,,,,,,,,,"Rafael Flores Jr.","31991",804668
"Cole Carrigg","COL",6,25.2985,23.0281,5.86653,3.96213,1.16863,0.195132,0.540632,3.30798,2.65398,1.67723,0.042571,5.59252,0.27093,0.162392,0.159847,0.409781,1.24912,0.155232,0.254755,0.0662978,0.221061,0.299907,0.310864,0.392882,0.311367,0.703745,0.138127,7.17409,0.312235,,0.155407,2.86709,-0.102381,83.3306,0.155407,0,-0.3388267159461975,0.15432098507881165,0.0634096,999,,,,,,,30.8,5.133333333,30.8,5.133333333,,,,,,,,,,,,,,,,,,,"Cole Carrigg","sa3022596",694249
"Nick Yorke","PIT",10,42.7682,39.1228,9.91712,7.19473,1.84997,0.201716,0.670716,4.82457,4.30689,2.93006,0.13505,9.45586,0.372519,0.272019,0.0707485,0.845079,0.84112,0.290467,0.253487,0.0685104,0.221096,0.309867,0.309614,0.362517,0.299421,0.67213,0.10903,4.93607,0.315919,,-0.00519123,4.4395,-0.580506,87.0257,-0.00519123,-0.02,-0.6555005563423038,-0.0861375667154789,0.0631592,999,,,,,,,43.1,4.31,43.1,4.31,,,,,,,,,,,,,,,,,,,"Nick Yorke","27504",694377
"Victor Mesa Jr.","TBR",15,63.5799,58.0699,13.1025,8.6657,2.76224,0.155398,1.51912,6.42789,6.86259,4.39413,0.0806358,14.0372,0.370241,0.439786,0.305837,1.04562,0.852655,0.265035,0.225633,0.069112,0.220781,0.313034,0.282372,0.357033,0.284337,0.639405,0.1314,3.98757,0.269673,,-0.00825518,5.83506,-1.62777,77.1615,-0.00825518,0.36,-1.7146776309236884,0.09765434265136719,0.0628453,999,,,,,,,56.2,3.746666666,56.2,3.746666666,,,,,,,,,,,,,,,,,,,"Victor Mesa Jr.","25999",683748
"Blake Perkins","MIL",15,63.878,56.7982,12.4272,8.60387,2.35545,0.320284,1.14763,6.93651,5.89627,5.978,0.0824154,16.3464,0.438509,0.419104,0.244145,0.983159,1.92083,0.482017,0.218796,0.0935847,0.255901,0.365707,0.296128,0.332161,0.284034,0.628289,0.113365,5.72932,0.283955,,0.108306,5.84696,-1.65086,79.206,0.108306,-0.21,-1.4483965784311295,0.0214814692735672,0.0616212,999,,,,,,,47.2,3.146666666,47.2,3.146666666,,,,,,,,,,,,,,,,,,,"Blake Perkins","19921",663368
"Justin Foscue","TEX",26,110.57,99.7146,22.1956,14.0482,5.14932,0.271277,2.72684,11.8553,11.335,8.46474,0.0618972,21.6538,1.43969,0.724525,0.226602,1.78183,1.24021,0.423561,0.222591,0.0765553,0.195838,0.390912,0.29091,0.361712,0.291662,0.652622,0.139121,3.92357,0.255971,,-0.0511765,10.7935,-2.18493,84.4114,-0.0511765,0.01,-2.0767359733581543,-1.2271399404853582,0.0588988,999,,,,,,,94.8,3.646153846,94.8,3.646153846,,,,,,,,,,,,,,,,,,,"Justin Foscue","27501",679822
"Austin Wynns","ATL",6,23.3494,21.2491,4.87933,3.43676,0.832574,0.0236408,0.586349,2.38542,2.4214,1.42913,0.0205047,5.70252,0.211599,0.146891,0.257436,0.440073,0.096992,0.043445,0.229625,0.0612065,0.244226,0.250614,0.283029,0.353814,0.283832,0.636842,0.124189,2.78538,0.284169,,-0.0250494,2.13348,-0.607198,77.8374,-0.0250494,-0.02,-0.631523011252284,0.4429629556834698,0.0566519,999,,,,,,,22.3,3.716666666,22.3,3.716666666,,,,,,,,,,,,,,,,,,,"Austin Wynns","15271",642851
"Zac Veen","COL",16,68.8119,61.8581,15.2952,10.2355,3.25813,0.255342,1.54624,8.56615,7.33978,5.65468,0.0947237,16.3488,0.482872,0.449708,0.366537,1.19778,2.56581,0.388396,0.247263,0.0821759,0.237586,0.345878,0.313137,0.38318,0.309853,0.696317,0.135916,6.04865,0.309573,,0.268496,7.71537,-0.361575,82.3001,0.268496,0.26,-1.1589186489582062,-0.4807407259941101,0.0558738,743.6599731445312,,,,,,,73.2,4.575,73.2,4.575,,,,,,,,,,,,,,,,,,,"Zac Veen","27770",691728
"Ryan Kreidler","MIN",32,137.051,121.64,24.6049,15.7895,5.35402,0.4202,3.0412,14.723,11.995,12.1868,0,41.6476,1.59852,0.842802,0.783339,1.90348,2.73178,0.908671,0.202277,0.0889217,0.303883,0.292618,0.281726,0.328206,0.276265,0.609933,0.125929,4.83749,0.277191,,0.0188568,11.6956,-4.39105,71.8073,0.0188568,-0.31,-4.521800680086017,0.24368500709533691,0.0542539,999,,,,,,,105.6,3.3,105.6,3.3,,,,,,,,,,,,,,,,,,,"Ryan Kreidler","25867",668952
"Nick Madrigal","LAA",9,38.1373,34.8326,9.07072,7.41793,1.39231,0.168452,0.0920316,3.84336,2.80729,2.0163,0.0693317,3.73001,0.637401,0.244943,0.406071,1.07091,0.759316,0.252604,0.260409,0.0528696,0.0978049,0.540562,0.310735,0.317979,0.284337,0.628715,0.05757,4.68753,0.287268,,-0.00417623,3.50004,-0.976406,76.8662,-0.00417623,0.09,-1.040976493153721,0.2288888841867447,0.0538735,999,,,,,,,29.2,3.244444444,29.2,3.244444444,,,,,,,,,,,,,,,,,,,"Nick Madrigal","20521",663611
"Lenyn Sosa","TOR",23,97.6512,91.2044,21.8777,14.8348,3.98677,0.226413,2.82978,10.1547,11.1202,4.19969,0.132063,21.5781,0.731254,0.765692,0.750185,1.54567,0.498667,0.197327,0.239876,0.0430071,0.220971,0.194628,0.276661,0.381634,0.289069,0.658294,0.141758,3.21596,0.281932,,-0.0845459,9.33045,-2.13157,81.853,-0.0845459,-0.18,-2.1670322567224503,-0.7509876489639282,0.0519999,487.05999755859375,,,,,,,87,3.782608695,87,3.782608695,,,,,,,,,,,,,,,,,,,"Lenyn Sosa","22896",672820
"Sebastián Rivero","LAA",15,58.2096,53.7758,10.8085,7.57825,2.29704,0.0629001,0.87033,4.54517,4.78248,2.7177,0.0192912,12.8757,0.552649,0.426931,0.736521,0.978231,0.280275,0.112029,0.200992,0.0466882,0.221195,0.211072,0.244965,0.2946,0.242115,0.539565,0.0936078,2.80313,0.24565,,-0.0468914,3.38228,-3.4502,48.2152,-0.0468914,0.89,-3.5892712771892548,2.047407388687134,0.0512425,999,,,,,,,34.8,2.32,34.8,2.32,,,,,,,,,,,,,,,,,,,"Sebastian Rivero","21735",665861
"Elias Díaz","TEX",4,15.938,14.3911,3.08968,2.07535,0.539688,0.00459915,0.470043,1.55851,1.71798,1.09841,0.0221991,3.82322,0.119296,0.0841659,0.103702,0.314947,0.0316245,0.0156704,0.214694,0.0689176,0.23988,0.2873,0.274479,0.350821,0.278771,0.6253,0.136127,2.02696,0.257282,,-0.0173435,1.39197,-0.478791,75.6634,-0.0173435,0.1,-0.4731633309274912,0.4086419716477394,0.0506816,999,,,,,,,8.7,2.175,8.7,2.175,,,,,,,,,,,,,,,,,,,"Elias Diaz","11680",553869
"CJ Kayfus","CLE",13,52.616,46.9468,11.0905,7.1009,2.38705,0.170704,1.43181,6.00121,5.94301,4.50069,0.0486945,14.5007,0.699835,0.346687,0.121964,0.857159,0.539494,0.154373,0.236234,0.0855384,0.275595,0.310377,0.31034,0.385848,0.310264,0.696188,0.149613,4.08397,0.307983,,-0.0198679,5.91671,-0.259202,96.8144,-0.0198679,-0.2,-0.2168398592621088,-1.141358032822609,0.0499565,999,,,,,,,49.7,3.823076923,49.7,3.823076923,,,,,,,,,,,,,,,,,,,"CJ Kayfus","33704",692216
"Zach Cole","HOU",16,71.7098,64.5977,13.0871,7.50836,2.83349,0.207931,2.53732,8.45323,8.14765,5.69862,0.256945,28.1912,0.976435,0.358033,0.0790022,0.877185,1.43729,0.367595,0.202594,0.0794677,0.393129,0.202142,0.275889,0.370732,0.286546,0.646621,0.168138,5.37013,0.308227,,0.0637066,6.7075,-1.7096,80.1125,0.0637066,-0.03,-1.6122300252318382,-0.4221568685024977,0.0492999,743.5999755859375,,,,,,,67.6,4.225,67.6,4.225,,,,,,,,,,,,,,,,,,,"Zach Cole","31583",805904
"Braden Montgomery","CHW",13,55.6364,50.3462,11.6866,7.70318,2.46093,0.126259,1.39618,6.02115,5.78889,4.2658,0.122863,15.4757,0.57853,0.322104,0.123771,1.02692,0.783377,0.204987,0.232124,0.0766728,0.278157,0.275646,0.297786,0.369214,0.297064,0.667,0.137091,4.12861,0.304481,,0.00731388,5.6707,-0.859746,86.4204,0.00731388,0,-0.8805463602766395,-0.6018518209457397,0.0480865,999,,,,,,,49.3,3.792307692,49.3,3.792307692,,,,,,,,,,,,,,,,,,,"Braden Montgomery","sa3038253",695731
"Cody Freeman","TEX",13,55.7832,51.5545,12.2705,8.66548,2.34691,0.199714,1.05838,5.77321,5.4676,3.19765,0.127223,8.36304,0.399891,0.41492,0.216158,1.13412,0.73207,0.236767,0.23801,0.0573229,0.14992,0.382355,0.285566,0.352868,0.283308,0.638434,0.114859,4.31163,0.263516,,-0.0144127,5.07374,-1.47393,78.7424,-0.0144127,-0.1,-1.407943190075457,-0.08456790912896395,0.0475776,999,,,,,,,41.3,3.176923076,41.3,3.176923076,,,,,,,,,,,,,,,,,,,"Cody Freeman","25629",683227
"Jace Jung","DET",14,59.5784,52.4304,11.2055,7.40372,2.32286,0.101923,1.37704,6.21959,6.02461,6.21135,0.0961875,14.4951,0.460427,0.399859,0.0762948,1.00073,0.222973,0.0812821,0.213722,0.104255,0.243295,0.428513,0.300448,0.340706,0.290007,0.641154,0.126984,2.90187,0.265936,,-0.0624097,5.73721,-1.25593,81.6383,-0.0624097,-0.07,-1.3479930683970451,-0.28604938834905624,0.0467166,999,,,,,,,42.8,3.057142857,42.8,3.057142857,,,,,,,,,,,,,,,,,,,"Jace Jung","31437",690291
"Walker Jenkins","MIN",3,12.9106,11.5115,2.85016,1.93025,0.625347,0.0356872,0.258871,1.50586,1.27805,1.14919,0.0202883,2.56456,0.139828,0.0899789,0.0201119,0.232549,0.261042,0.0461942,0.247592,0.0890109,0.19864,0.448102,0.321102,0.375579,0.31173,0.696681,0.127988,4.89231,0.2952,,0.0164433,1.4669,-0.0485102,95.8738,0.0164433,0,-0.04616033844649792,0.046296294778585434,0.0464247,999,,,,,,,10.7,3.566666666,10.7,3.566666666,,,,,,,,,,,,,,,,,,,"Walker Jenkins","sa3022894",805805
"Manuel Margot",,3,13,11.8762,3.0581,2.13946,0.553552,0.0362942,0.328798,1.53208,1.47064,0.84884,0.00976677,2.10734,0.133491,0.103819,0.0376239,0.281285,0.193981,0.0630383,0.257498,0.0652954,0.162103,0.402801,0.311705,0.393276,0.312376,0.704981,0.135778,4.19266,0.285974,,-0.00339479,1.48375,-0.0421497,97.0436,-0.00339479,0,-0.0484991364646703,0.046296294778585434,0.0442903,999,,,,,,,10.7,3.566666666,10.7,3.566666666,,,,,,,,,,,,,,,,,,,"Manuel Margot","14712",622534
"Hyeseong Kim","LAD",12,52.6756,48.407,11.7753,8.73854,2.23919,0.226976,0.570602,6.36206,4.49174,3.50814,0.0677581,12.263,0.283678,0.353965,0.122773,0.952335,1.85411,0.434993,0.243256,0.0665991,0.232802,0.286076,0.296219,0.334254,0.282795,0.630473,0.0909982,6.02552,0.311871,,0.127248,4.76951,-1.4134,78.1162,0.127248,0,-1.2237318605184555,-0.030864201486110687,0.0428292,740.77001953125,,,,,,,50.2,4.183333333,50.2,4.183333333,,,,,,,,,,,,,,,,,,,"Hyeseong Kim","35322",808975
"Cooper Ingle","CLE",2,7.79496,6.81659,1.68199,1.11606,0.378141,0.00811794,0.179673,0.889217,0.862225,0.865386,0.0205617,1.53278,0.0515625,0.0464014,0.0150193,0.159654,0.046919,0.00966576,0.246749,0.111019,0.196637,0.564587,0.334056,0.38368,0.321683,0.717736,0.13693,3.01265,0.291681,,-0.00518842,0.94753,0.0325801,104.563,-0.00518842,-0.05,0.03661097213625908,0.10432098433375359,0.0424636,999,,,,,,,7.2,3.6,7.2,3.6,,,,,,,,,,,,,,,,,,,"Cooper Ingle","sa3023069",694876
"Jorbit Vivas","WSN",32,140.209,124.668,29.4084,21.6596,6.02214,0.282114,1.44459,13.9214,12.5726,11.2727,0.260368,19.488,2.74239,1.05631,0.469848,3.04781,2.30159,0.736354,0.235895,0.0803995,0.138993,0.578444,0.310748,0.323489,0.288481,0.634237,0.087594,4.15942,0.266853,,-0.0275694,13.331,-3.12632,81.494,-0.0275694,-0.15,-3.06848824582994,-0.9730452597141266,0.0420483,999,,,,,,,107.2,3.35,107.2,3.35,,,,,,,,,,,,,,,,,,,"Jorbit Vivas","23917",678391
"Steward Berroa","PHI",9,38.2844,34.0433,7.06116,4.93844,1.4256,0.117771,0.579349,4.38069,2.77818,3.39192,0.0353017,10.9847,0.231964,0.21047,0.406772,0.528625,2.03973,0.224072,0.207417,0.0885979,0.286922,0.308787,0.282094,0.307266,0.268216,0.58936,0.0998489,6.50884,0.285671,,0.271356,3.02138,-1.47233,66.067,0.271356,0.29,-1.251157522201538,0.42888887226581573,0.0403069,999,,,,,,,30.3,3.366666666,30.3,3.366666666,,,,,,,,,,,,,,,,,,,"Steward Berroa","22766",672642
"Ali Sánchez","NYY",9,35.153,31.968,6.7962,4.90545,1.21207,0.0118346,0.666846,3.1578,3.12064,2.27163,0.0450461,8.3255,0.20664,0.22258,0.484123,0.730314,0.141514,0.0583036,0.212594,0.0646213,0.236836,0.272852,0.267516,0.313828,0.261338,0.581344,0.101235,2.42501,0.264216,,-0.0342608,2.58143,-1.54472,63.5573,-0.0342608,0,-1.53972727060318,0.6944444179534912,0.0397438,999,,,,,,,25.5,2.833333333,25.5,2.833333333,,,,,,,,,,,,,,,,,,,"Ali Sanchez","18551",645305
"Brett Sullivan","COL",25,102.206,94.0711,21.3703,13.929,5.43608,0.32852,1.67673,10.0589,10.862,6.3548,0.134907,17.762,0.69975,0.848745,0.231585,1.53681,0.86102,0.237531,0.227172,0.0621764,0.173786,0.357775,0.278745,0.345415,0.277558,0.624161,0.118244,3.96184,0.260907,,-0.0349207,8.82747,-3.16917,60.3259,-0.0349207,0,-4.7871765941381454,1.9290122985839844,0.0396625,999,,,,,,,79.8,3.192,79.8,3.192,,,,,,,,,,,,,,,,,,,"Brett Sullivan","18217",664954
"Luis Lara","MIL",3,12.7756,11.4876,2.88753,2.07835,0.600529,0.0436018,0.165043,1.43256,1.24398,1.02873,0.0516885,2.25301,0.154057,0.0793444,0.0258391,0.248403,0.496175,0.0771243,0.25136,0.080523,0.176353,0.456602,0.319246,0.354328,0.302044,0.673574,0.102968,5.64757,0.297574,,0.0507724,1.35288,-0.14668,91.4611,0.0507724,0,-0.07707666605710983,0.046296294778585434,0.0384155,999,,,,,,,11.7,3.9,11.7,3.9,,,,,,,,,,,,,,,,,,,"Luis Lara","sa3018514",800325
"Austin Barnes",,8,31,27.5043,5.97395,4.53398,1.04104,0.031254,0.367683,2.9657,2.48557,2.39788,0.0141004,6.93054,0.283261,0.186706,0.312569,0.690518,0.379763,0.155674,0.217201,0.077351,0.223566,0.345987,0.284968,0.297428,0.266027,0.582396,0.0802272,3.62674,0.274914,,-0.0256832,2.39238,-1.24631,65.5488,-0.0256832,0,-1.2790395691990852,0.6172839403152466,0.0383379,999,,,,,,,14.5,1.8125,14.5,1.8125,,,,,,,,,,,,,,,,,,,"Austin Barnes","12158",605131
"Will Wagner","SDP",5,21.622,19.305,4.6762,3.38123,0.948328,0.0428164,0.303819,2.2705,1.99661,1.91046,0.02576,3.71589,0.186146,0.133988,0.086413,0.487632,0.190611,0.0600491,0.242228,0.0883573,0.171857,0.514132,0.314494,0.343001,0.297116,0.657495,0.100773,3.57859,0.283566,,-0.0151976,2.20469,-0.333233,91.1051,-0.0151976,-0.09,-0.2405959628522396,-0.07456790748983622,0.0380571,999,,,,,,,17.9,3.58,17.9,3.58,,,,,,,,,,,,,,,,,,,"Will Wagner","29634",695238
"Collin Price","HOU",4,15.15,13.6317,2.66098,1.57225,0.54606,0.040755,0.501912,1.60766,1.66117,1.24561,0,4.96219,0.160967,0.094916,0.0168224,0.159992,0.166081,0.0329287,0.195206,0.0822186,0.327538,0.25102,0.268784,0.351702,0.277513,0.620487,0.156497,4.32184,0.26131,,0.00403508,1.30795,-0.470314,73.9828,0.00403508,-0.02,-0.45916688488796353,0.2886419706046581,0.0369856,999,,,,,,,18.1,4.525,18.1,4.525,,,,,,,,,,,,,,,,,,,"Collin Price","31415",805672
"Patrick Wisdom","SEA",5,21.3104,18.9966,3.71762,1.77431,0.69866,0.0458951,1.19875,2.63884,3.21289,1.91261,0.00864711,7.88933,0.221344,0.12048,0.0593527,0.195027,0.242648,0.0789808,0.195699,0.08975,0.370211,0.24243,0.275354,0.426619,0.307533,0.701974,0.23092,4.27272,0.251158,,-0.00433443,2.34996,-0.151389,100.288,-0.00433443,-0.04,0.0028904411010444164,-0.39493826776742935,0.0364296,999,,,,,,,21.7,4.34,21.7,4.34,,,,,,,,,,,,,,,,,,,"Patrick Wisdom","13602",621550
"Gabriel Gonzalez","MIN",9,37.7388,34.685,8.62445,5.96446,1.79307,0.143949,0.722974,4.14012,3.7907,2.25197,0.0238784,7.52647,0.483055,0.242539,0.076223,0.76939,0.462958,0.110827,0.248651,0.0596726,0.199436,0.299206,0.301612,0.371179,0.299387,0.672791,0.122528,4.38527,0.296179,,0.00150342,3.9164,-0.513266,87.4978,0.00150342,0,-0.5529585360782221,-0.4166666567325592,0.0362967,999,,,,,,,36.6,4.066666666,36.6,4.066666666,,,,,,,,,,,,,,,,,,,"Gabriel Gonzalez","28833",694224
"Seaver King","WSN",6,25.0373,23.0692,5.58223,4.03499,0.999949,0.129988,0.417306,2.62687,2.4311,1.41267,0.0561962,5.75116,0.239169,0.15269,0.163613,0.515406,0.548276,0.106677,0.241978,0.0564225,0.229704,0.245631,0.290832,0.350861,0.285525,0.641693,0.108883,5.26843,0.302868,,0.0363347,2.32152,-0.617287,79.4827,0.0363347,0,-0.565701711922884,0.12345678359270096,0.036147,999,,,,,,,18.4,3.066666666,18.4,3.066666666,,,,,,,,,,,,,,,,,,,"Seaver King","sa3025414",814409
"Yohendrick Piñango","TOR",19,80.5371,73.5505,17.3158,11.6339,3.71812,0.104809,1.85897,8.71617,8.46582,6.0227,0.246813,18.227,0.434685,0.415615,0.113525,1.58493,0.710322,0.230847,0.235428,0.0747817,0.226318,0.330428,0.2956,0.364654,0.293574,0.660254,0.129226,3.40374,0.286875,,-0.0464724,7.98453,-1.46868,84.9098,-0.0464724,0,-1.4746755510568619,-1.0030864477157593,0.0355954,999,,,,,,,71.5,3.763157894,71.5,3.763157894,,,,,,,,,,,,,,,,,,,"Yohendrick Pinango","26664",682818
"Chad Stevens","COL",9,38.4537,35.0063,8.61301,5.74429,1.86173,0.217122,0.789876,4.46417,4.14274,2.65676,0.0224535,10.9038,0.419861,0.24975,0.121026,0.570815,0.769651,0.174923,0.246042,0.0690898,0.283556,0.243655,0.304952,0.379321,0.304192,0.684273,0.133279,5.46602,0.332018,,0.0359955,4.13796,-0.37563,78.4486,0.0359955,-0.09,-0.9352505281567574,0.04888887703418732,0.0342896,999,,,,,,,41.5,4.611111111,41.5,4.611111111,,,,,,,,,,,,,,,,,,,"Chad Stevens","29614",677060
"Cameron Cauley","TEX",5,20.9187,19.0598,4.11323,2.69875,0.851645,0.126353,0.436481,2.35626,1.8571,1.55333,0.0279651,5.69118,0.108388,0.125126,0.072082,0.268565,0.741114,0.070508,0.215807,0.0742555,0.272062,0.272936,0.277021,0.342451,0.276538,0.619472,0.126644,6.48503,0.281587,,0.0965372,1.78971,-0.665664,74.1481,0.0965372,0,-0.5389767214655876,0.138888880610466,0.0341976,999,,,,,,,14.2,2.84,14.2,2.84,,,,,,,,,,,,,,,,,,,"Cameron Cauley","sa3017167",695508
"Anthony Santander","TOR",3,13.0873,11.5559,2.63133,1.46374,0.501926,0.00950854,0.65615,1.63014,1.84828,1.27416,0.0370414,2.78573,0.145954,0.0985176,0.0126974,0.193874,0.0368305,0.0129039,0.227703,0.0973589,0.212858,0.457388,0.309872,0.443125,0.329713,0.752997,0.215421,2.5059,0.240507,,-0.0129334,1.67466,0.13851,109.434,-0.0129334,0,0.132154181599617,-0.26234567165374756,0.0337039,748.4199829101562,,,,,,,20.1,6.7,20.1,6.7,,,,,,,,,,,,,,,,,,,"Anthony Santander","14551",623993
"Johan Rojas","PHI",4,17.1272,15.4874,3.74905,2.79003,0.54535,0.174589,0.23908,2.15209,1.15541,0.934191,0.0297805,3.56862,0.14644,0.102482,0.456691,0.287926,0.878874,0.175986,0.24207,0.0545442,0.208359,0.261779,0.289713,0.34614,0.283066,0.635853,0.104069,7.55974,0.297904,,0.0835712,1.55449,-0.455855,76.1714,0.0835712,0.1,-0.39473171532154083,0.1617283932864666,0.0318516,999,,,,,,,15.2,3.8,15.2,3.8,,,,,,,,,,,,,,,,,,,"Johan Rojas","24336",679032
"Christian Cairo","PHI",9,38.2844,33.7903,7.60158,5.68426,1.34803,0.194549,0.374747,4.36258,2.78096,3.51439,0.0222195,8.49306,0.482704,0.245663,0.251395,0.741835,1.49113,0.277721,0.224964,0.0917969,0.221841,0.413796,0.304963,0.309644,0.281438,0.614607,0.0846802,6.05875,0.287143,,0.133732,3.42506,-1.06866,75.0639,0.133732,0,-0.9851062297821045,0.07716049253940582,0.0315268,999,,,,,,,27.6,3.066666666,27.6,3.066666666,,,,,,,,,,,,,,,,,,,"Christian Cairo","sa3010028",686551
"Tyler Callihan","PIT",16,69.2437,62.3115,13.8725,9.27978,3.01521,0.145171,1.43232,7.59367,6.5047,5.33709,0.195411,18.8179,0.496987,0.395425,0.702724,1.01488,1.94652,0.322094,0.222631,0.0770769,0.271764,0.283617,0.287515,0.344639,0.282641,0.632154,0.122008,5.17443,0.293009,,0.178914,6.26119,-1.86644,75.6079,0.178914,-0.25,-1.8005405068397522,-0.09287318587303162,0.0312744,999,,,,,,,53.3,3.33125,53.3,3.33125,,,,,,,,,,,,,,,,,,,"Tyler Callihan","27497",682997
"Drew Gilbert","SFG",42,182.661,165.24,36.8607,25.2185,7.52832,0.573235,3.54071,18.7395,17.2117,13.3303,0.417278,34.8914,2.39248,1.18306,0.515073,3.36677,1.74715,0.527488,0.223074,0.0729783,0.191018,0.38205,0.288689,0.339855,0.281895,0.628544,0.116781,4.04816,0.260331,,-0.0800543,16.4081,-5.03215,79.3972,-0.0800543,-0.57,-4.490545250475407,-1.0071231722831726,0.0309581,999,,,,,,,154.7,3.683333333,154.7,3.683333333,,,,,,,,,,,,,,,,,,,"Drew Gilbert","31545",687551
"Buddy Kennedy","SFG",6,25.0908,22.3849,5.37666,3.75017,1.0754,0.134415,0.416679,2.67135,2.39625,2.11949,0.115492,4.49456,0.328777,0.207353,0.050272,0.42741,0.208121,0.0616083,0.240192,0.084473,0.179132,0.471569,0.312491,0.356085,0.298994,0.668576,0.115894,4.09645,0.280526,,-0.0156624,2.59598,-0.349099,91.0321,-0.0156624,0.03,-0.279368631541729,-0.21691358275711536,0.0307833,999,,,,,,,14.9,2.483333333,14.9,2.483333333,,,,,,,,,,,,,,,,,,,"Buddy Kennedy","22505",671083
"Kevin Alcántara","CHC",10,42.8759,39.1663,9.14664,6.15595,1.55563,0.157072,1.27799,5.05489,4.88028,3.09013,0.0762527,12.819,0.272668,0.26048,0.0864046,0.724453,0.776197,0.138146,0.233534,0.0720714,0.29898,0.241058,0.292348,0.379163,0.297474,0.671511,0.145629,5.15349,0.310649,,0.0489378,4.38412,-0.648537,89.3937,0.0489378,-0.3,-0.4840206429362297,-0.5777778029441833,0.0307004,999,,,,,,,37.5,3.75,37.5,3.75,,,,,,,,,,,,,,,,,,,"Kevin Alcantara","25971",682634
"Brett Harris","ATH",5,21.2072,18.8858,4.45146,3.11109,0.819051,0.0706599,0.450663,2.48392,2.03105,1.75557,0.00974216,4.65205,0.319489,0.11552,0.130789,0.453229,0.272,0.0938723,0.235704,0.0827818,0.219362,0.377375,0.30966,0.358143,0.300662,0.667803,0.122439,4.3939,0.287856,,-0.0112895,2.22237,-0.266869,86.309,-0.0112895,0,-0.3524951161816716,-0.10802469402551651,0.0290417,999,,,,,,,12.3,2.46,12.3,2.46,,,,,,,,,,,,,,,,,,,"Brett Harris","29788",695391
"Bryce Teodosio","LAA",13,55.1987,50.7662,10.5613,7.47334,1.90674,0.400124,0.781069,5.90459,3.66549,2.92355,0,16.7329,0.722318,0.29951,0.487183,0.693583,2.33208,0.481597,0.208038,0.052964,0.303139,0.174719,0.259673,0.307517,0.255163,0.567191,0.0994796,7.02504,0.291496,,0.210885,3.78168,-2.69739,57.0694,0.210885,0.96,-2.5739192813634872,0.9137036763131618,0.0282907,999,,,,,,,41.6,3.2,41.6,3.2,,,,,,,,,,,,,,,,,,,"Bryce Teodosio","29524",669326
"Michael Helman","TEX",15,63.7522,58.2187,11.7917,7.68019,2.38147,0.272003,1.45802,6.61127,5.49472,3.92335,0.0480819,15.6364,0.640838,0.377754,0.591565,0.797528,1.50808,0.351249,0.202541,0.0615407,0.245269,0.250911,0.258957,0.327923,0.262285,0.58688,0.125381,5.57269,0.248992,,0.0936781,4.72973,-2.75332,64.476,0.0936781,0.33,-2.5677584186196327,0.5923456847667694,0.0267375,999,,,,,,,43.2,2.88,43.2,2.88,,,,,,,,,,,,,,,,,,,"Michael Helman","24605",680737
"George Lombard Jr.","NYY",2,9.03934,8.04669,1.83076,1.21773,0.398627,0.0382843,0.176116,1.03572,0.836735,0.816095,0.00900626,2.29221,0.10258,0.058086,0.0158939,0.141619,0.243539,0.039388,0.227517,0.0902825,0.253581,0.35603,0.304699,0.352232,0.29567,0.656931,0.124715,5.59864,0.293561,,0.0213804,0.911277,-0.149735,86.8546,0.0213804,0,-0.11825975961983204,0.06172839552164078,0.0267011,999,,,,,,,6.2,3.1,6.2,3.1,,,,,,,,,,,,,,,,,,,"George Lombard Jr.","sa3023233",806146
"Austin Slater","TBR",3,12.5233,10.9872,2.58817,1.77838,0.451254,0.0636575,0.294874,1.43762,1.27224,1.26931,0,3.46007,0.149823,0.0719269,0.0450631,0.247946,0.149788,0.0498034,0.235562,0.101356,0.276291,0.366844,0.321143,0.368735,0.310944,0.689878,0.133172,4.61584,0.313971,,-0.00727504,1.41504,-0.0549067,95.2164,-0.00727504,0.03,-0.07767480053007603,-0.10888888128101826,0.0258997,999,,,,,,,8.8,2.933333333,8.8,2.933333333,,,,,,,,,,,,,,,,,,,"Austin Slater","16153",596103
"Tim Tawa","ARI",6,26.0764,23.5219,5.39412,3.70151,0.974783,0.133613,0.584218,2.9296,2.71171,2.0557,0.00769671,6.18477,0.187629,0.181648,0.129476,0.482012,0.417699,0.137944,0.229323,0.0788336,0.237179,0.332381,0.294349,0.356636,0.291227,0.650985,0.127314,4.80661,0.284028,,-0.00417855,2.53644,-0.524338,82.3536,-0.00417855,0.06,-0.5434667756780982,-0.03259259834885597,0.025815,748.489990234375,,,,,,,22.3,3.716666666,22.3,3.716666666,,,,,,,,,,,,,,,,,,,"Tim Tawa","29571",694374
"Eric Wagaman","NYM",6,26.1016,23.9406,5.8425,3.82923,1.13438,0.0493983,0.829494,2.98962,3.11844,1.78238,0.0187469,5.56876,0.131908,0.210629,0.0360539,0.482851,0.210592,0.0803708,0.244042,0.0682863,0.213349,0.320068,0.297588,0.399495,0.307291,0.697083,0.155454,3.53907,0.282376,,-0.0209468,2.87325,-0.190477,97.5891,-0.0209468,-0.02,-0.09469563327729702,-0.4829629547894001,0.025733,748.2100219726562,,,,,,,27.9,4.65,27.9,4.65,,,,,,,,,,,,,,,,,,,"Eric Wagaman","23395",676572
"Orlando Arcia","MIN",11,45.6838,41.906,9.23477,6.41023,1.90163,0,0.922904,4.30006,4.45734,2.9109,0.0217994,9.45691,0.220652,0.295633,0.123804,0.988118,0.265902,0.1262,0.220368,0.0637185,0.207008,0.307807,0.272787,0.331816,0.270563,0.604603,0.111448,2.66003,0.2612,,-0.0486474,3.69082,-1.67141,67.9381,-0.0486474,0.09,-1.7699229903519154,0.4140740633010864,0.0252776,999,,,,,,,32.6,2.963636363,32.6,2.963636363,,,,,,,,,,,,,,,,,,,"Orlando Arcia","13185",606115
"Robert Hassell III","WSN",16,68.1014,62.18,15.1057,10.8747,2.89718,0.17593,1.15784,7.14881,6.74951,4.91223,0.211054,16.7999,0.369071,0.380941,0.259231,1.4017,1.4405,0.398697,0.242935,0.0721311,0.24669,0.292396,0.300506,0.351049,0.290898,0.651555,0.108114,4.71052,0.31271,,0.0409825,6.60635,-1.3872,83.1391,0.0409825,-0.18,-1.30473493039608,-0.6120987832546234,0.0251577,999,,,,,,,57,3.5625,57,3.5625,,,,,,,,,,,,,,,,,,,"Robert Hassell III","27482",690987
"Sam Huff","BAL",3,12.2127,11.2166,2.20209,1.44154,0.42777,0,0.332782,1.14173,1.2896,0.82845,0.012851,4.47061,0.0956243,0.0544664,0.0175557,0.196804,0.00270228,0.00116824,0.196325,0.0678353,0.366064,0.18531,0.256346,0.323469,0.259939,0.579815,0.127144,1.5751,0.289025,,-0.0123547,0.883207,-0.55028,62.9233,-0.0123547,0.12,-0.5444750981405377,0.35148147493600845,0.024124,999,,,,,,,3.2,1.066666666,3.2,1.066666666,,,,,,,,,,,,,,,,,,,"Sam Huff","22209",669087
"Max Anderson","DET",2,8.07842,7.48273,1.91336,1.3318,0.351467,0.0289372,0.201155,0.871285,0.9474,0.446625,0.0574126,1.40537,0.0728198,0.0599009,0.0163434,0.17586,0.0450095,0.0113485,0.255704,0.0552862,0.173966,0.317799,0.301759,0.391056,0.303507,0.692816,0.135353,3.53611,0.288439,,-0.00510431,0.864897,-0.083325,90.7993,-0.00510431,0,-0.09245082270354033,0.03086419589817524,0.0227288,999,,,,,,,4.2,2.1,4.2,2.1,,,,,,,,,,,,,,,,,,,"Max Anderson","sa3022567",801194
"Denzer Guzman","LAA",4,17.0614,15.5853,3.50587,2.26134,0.707815,0.0663191,0.470401,1.84591,1.73162,1.17397,0.0144546,4.57246,0.115329,0.0977255,0.0890691,0.226461,0.317188,0.0591404,0.224947,0.0688084,0.268,0.256748,0.282528,0.36942,0.289222,0.651948,0.144473,5.09702,0.285283,,0.0206012,1.63228,-0.370344,80.1814,0.0206012,-0.07,-0.37676095589995384,-0.0017738789319992065,0.0225403,999,,,,,,,12.3,3.075,12.3,3.075,,,,,,,,,,,,,,,,,,,"Denzer Guzman","28816",694203
"Maximo Acosta","MIA",3,13.0559,11.9588,2.82276,1.88426,0.59141,0.066098,0.280996,1.49341,1.32888,0.84808,0.0101563,3.21793,0.121622,0.0834336,0.0439291,0.198252,0.447373,0.125124,0.23604,0.0649576,0.246473,0.263548,0.291459,0.367039,0.29266,0.658498,0.130999,5.78161,0.297514,,0.0233227,1.28486,-0.2476,82.9705,0.0233227,-0.04,-0.23724699206650257,0.037160493433475494,0.0219773,999,,,,,,,10.7,3.566666666,10.7,3.566666666,,,,,,,,,,,,,,,,,,,"Maximo Acosta","27963",691185
"Aramis Garcia","ARI",3,12.0353,10.9294,2.24111,1.47571,0.419901,0.0104132,0.335089,1.15411,1.39693,0.833485,0.0479849,3.71019,0.174076,0.0746584,0.0236398,0.190692,0.057292,0.0221831,0.205053,0.0692536,0.308277,0.224648,0.270461,0.337357,0.271252,0.607817,0.132303,2.82722,0.273901,,-0.0104618,0.978949,-0.433716,68.7616,-0.0104618,0.04,-0.45107760932296515,0.2714814767241478,0.0207562,999,,,,,,,3.2,1.066666666,3.2,1.066666666,,,,,,,,,,,,,,,,,,,"Aramis Garcia","16925",605244
"Kahlil Watson","CLE",2,7.79496,7.0079,1.52283,0.942212,0.320738,0.0166655,0.243218,0.90666,0.880855,0.635468,0.00636435,2.36038,0.0851237,0.0529795,0.0134886,0.106266,0.238899,0.0335593,0.217303,0.0815229,0.302809,0.269222,0.288304,0.371946,0.294028,0.660249,0.154643,5.34761,0.287085,,0.0253204,0.775624,-0.139326,85.7967,0.0253204,0,-0.10478653572499752,0.03086419589817524,0.0204457,999,,,,,,,7.2,3.6,7.2,3.6,,,,,,,,,,,,,,,,,,,"Kahlil Watson","sa3017513",696135
"Trei Cruz","DET",3,13.1274,11.6102,2.49011,1.6507,0.557203,0.0403518,0.241849,1.40112,1.19412,1.33669,0.0379666,3.37048,0.0653699,0.0819819,0.0332009,0.208055,0.189916,0.0480267,0.214476,0.101824,0.256751,0.396588,0.297243,0.331912,0.284292,0.629155,0.117436,4.42114,0.278255,,0.00244118,1.2043,-0.336566,77.7596,0.00244118,0,-0.34065951593220234,0.07716049253940582,0.0201872,999,,,,,,,5.1,1.7,5.1,1.7,,,,,,,,,,,,,,,,,,,"Trei Cruz","sa3014420",669360
"Ronny Mauricio","NYM",5,21.082,19.5608,4.58383,3.05617,0.865884,0.0203231,0.641459,2.43354,2.35417,1.25124,0.113463,5.2655,0.125106,0.11603,0.0288681,0.344061,0.527284,0.206358,0.234338,0.0593512,0.249762,0.237631,0.283101,0.379061,0.290825,0.662163,0.144724,4.48486,0.286304,,-0.00168475,2.04388,-0.430673,86.385,-0.00168475,0,-0.33807709789834917,-0.1388888955116272,0.0197191,999,,,,,,,25.2,5.04,25.2,5.04,,,,,,,,,,,,,,,,,,,"Ronny Mauricio","23698",677595
"Nelson Rada","LAA",4,17.0614,15.1274,3.60933,2.75264,0.655227,0.0494064,0.152058,1.91993,1.12577,1.40124,0.0441763,3.65969,0.222994,0.0926166,0.217158,0.375108,0.819789,0.117898,0.238595,0.0821288,0.214501,0.382883,0.310702,0.318596,0.286206,0.629299,0.0800013,6.07717,0.303049,,0.0929013,1.59124,-0.411384,78.1345,0.0929013,0,-0.34550099819898605,-0.06172839552164078,0.0195997,999,,,,,,,15.2,3.8,15.2,3.8,,,,,,,,,,,,,,,,,,,"Nelson Rada","sa3018421",703185
"Adael Amador","COL",4,17.203,15.3091,3.83216,2.73514,0.727817,0.0512701,0.317938,2.08731,1.72385,1.53147,0.0243346,2.59861,0.140297,0.11585,0.106279,0.35724,0.549915,0.175222,0.250319,0.0890236,0.151056,0.589343,0.321929,0.366863,0.309055,0.688792,0.116543,5.22338,0.280949,,0.0152327,1.9179,-0.101338,81.7573,0.0152327,-0.07,-0.35256472416222095,-0.008271608501672745,0.0189979,999,,,,,,,18.2,4.55,18.2,4.55,,,,,,,,,,,,,,,,,,,"Adael Amador","27962",691182
"Zack Short","DET",8,34.3333,29.7788,5.7481,3.66987,1.24991,0.0721879,0.756135,3.42584,3.0119,3.5915,0.0499048,9.47144,0.297277,0.286261,0.379411,0.437996,0.314514,0.102133,0.193026,0.104607,0.275867,0.379193,0.283822,0.316023,0.273147,0.599845,0.122996,3.64909,0.251642,,-0.018473,2.84458,-1.18537,70.1973,-0.018473,-0.11,-1.2209318466484547,0.19864197075366974,0.0186578,999,,,,,,,27.9,3.4875,27.9,3.4875,,,,,,,,,,,,,,,,,,,"Zack Short","19562",670097
"Rikuu Nishida","CHW",33,140.085,123.481,30.2467,24.9567,4.67928,0.315951,0.294719,14.5147,8.43031,11.8086,0.236711,23.0472,1.86682,0.813343,2.11447,4.04395,4.40805,0.840205,0.244949,0.0842963,0.164523,0.512368,0.318345,0.295122,0.282465,0.613467,0.0501723,5.06374,0.296693,,0.335541,12.6471,-3.79558,76.5137,0.335541,0,-3.530825972557068,-1.206140398979187,0.0181354,999,,,,,,,106.3,3.221212121,106.3,3.221212121,,,,,,,,,,,,,,,,,,,"Rikuu Nishida","33795",807747
"LuJames Groover","ARI",20,86.2527,77.5018,19.6127,14.1742,3.80502,0.269962,1.36349,9.21218,9.22609,6.94098,0.391656,15.761,0.939539,0.617194,0.253131,1.79245,0.626479,0.150945,0.253061,0.0804727,0.182731,0.440389,0.31969,0.361902,0.304586,0.681592,0.108842,3.72266,0.299194,,-0.0507362,9.30862,-0.815477,91.4436,-0.0507362,0,-0.9156648479402065,-1.6460905075073242,0.0181285,999,,,,,,,80.9,4.045,80.9,4.045,,,,,,,,,,,,,,,,,,,"LuJames Groover","33552",694410
"Jhostynxon Garcia","PIT",25,112.012,102.889,24.0566,15.7508,4.68122,0.561899,3.06266,12.34,12.916,6.98261,0.117805,30.7351,1.10462,0.775482,0.259837,1.75114,1.19248,0.243285,0.23381,0.0623382,0.274392,0.227187,0.287635,0.37953,0.295021,0.667166,0.14572,4.79018,0.300484,,0.013864,11.2342,-1.91341,84.0317,0.013864,-0.14,-2.0823658043518662,-1.297407403588295,0.0181157,999,,,,,,,105.7,4.228,105.7,4.228,,,,,,,,,,,,,,,,,,,"Jhostynxon Garcia","28142",691373
"Dom Keegan","TBR",2,7.70665,6.94416,1.47213,0.959254,0.284931,0.0259404,0.20201,0.760166,0.84667,0.612754,0.00667119,2.37221,0.087167,0.050011,0.0125611,0.123731,0.0385429,0.00915101,0.211996,0.0795098,0.307813,0.258305,0.282302,0.347771,0.282374,0.630073,0.135775,3.65045,0.287362,,-0.00475352,0.695214,-0.209371,75.8292,-0.00475352,-0.03,-0.22365845134481788,0.1243209857493639,0.0175237,999,,,,,,,1.6,0.8,1.6,0.8,,,,,,,,,,,,,,,,,,,"Dom Keegan","sa3020194",681371
"Jeferson Quero","MIL",1,3.93095,3.59301,0.858675,0.57563,0.173037,0.0134217,0.096586,0.403676,0.470754,0.26357,0.00401504,0.794715,0.0333496,0.0312098,0.00981143,0.0652231,0.0364658,0.00741982,0.238985,0.06705,0.202169,0.331654,0.294709,0.37526,0.297107,0.669969,0.136275,3.93962,0.278855,,-0.00032362,0.400795,-0.0606094,88.1016,-0.00032362,0.02,-0.055139009695267305,0.09716049209237099,0.017097,999,,,,,,,1.6,1.6,1.6,1.6,,,,,,,,,,,,,,,,,,,"Jeferson Quero","28272",691620
"Brock Wilken","MIL",4,16.7065,14.7901,2.91062,1.74405,0.612951,0.046843,0.506775,1.68075,1.96566,1.66243,0.00401508,5.3496,0.130281,0.101087,0.0226925,0.216321,0.0807607,0.0171183,0.196796,0.0995076,0.32021,0.310757,0.281909,0.347367,0.283304,0.629277,0.150572,3.34049,0.266066,,-0.00949022,1.51948,-0.441483,78.7095,-0.00949022,0,-0.4263483276590705,0.06172839179635048,0.0169949,999,,,,,,,20.1,5.025,20.1,5.025,,,,,,,,,,,,,,,,,,,"Brock Wilken","sa3022499",694385
"Miles Mastrobuoni","SEA",2,8.11824,7.24953,1.69167,1.26515,0.335223,0.02843,0.0628641,0.864352,0.5973,0.724803,0.0163578,1.59361,0.0199205,0.0505696,0.073416,0.143388,0.266071,0.0665992,0.233348,0.0892808,0.1963,0.454817,0.302852,0.313447,0.279863,0.616298,0.0800983,5.30128,0.288609,,0.0154711,0.716085,-0.236811,81.5113,0.0154711,0.01,-0.16091577615588903,0.04086419567465782,0.0168805,999,,,,,,,7.2,3.6,7.2,3.6,,,,,,,,,,,,,,,,,,,"Miles Mastrobuoni","20017",670156
"Juan Brito","CLE",2,7.79496,6.95238,1.60153,1.08095,0.363714,0.0115349,0.145337,0.805363,0.782367,0.687132,0.0304293,1.51946,0.0666807,0.0585114,0.030254,0.132038,0.0981834,0.0335138,0.230357,0.0881508,0.194929,0.452221,0.30334,0.348705,0.292177,0.652045,0.118347,3.60466,0.272385,,-0.00358469,0.764118,-0.150832,84.5407,-0.00358469,0,-0.14519765321165323,0.03086419589817524,0.0163044,999,,,,,,,7.2,3.6,7.2,3.6,,,,,,,,,,,,,,,,,,,"Juan Brito","26693",682877
"Eduardo Valencia","DET",1,4.03921,3.67713,0.88833,0.590722,0.159463,0.0161366,0.122008,0.45155,0.470319,0.275078,0.0160059,0.876634,0.03694,0.0290426,0.0210205,0.0812582,0.0189349,0.00451529,0.241582,0.0681019,0.217031,0.313789,0.298728,0.393266,0.304683,0.691995,0.151684,3.71285,0.283033,,-0.00273867,0.436236,-0.0378755,91.5971,-0.00273867,-0.02,-0.04262493085116148,0.05716049298644066,0.0160096,999,,,,,,,1.6,1.6,1.6,1.6,,,,,,,,,,,,,,,,,,,"Eduardo Valencia","sa3006622",680664
"Kristian Campbell","BOS",5,21.7933,19.2553,4.61087,3.31379,0.779921,0.080519,0.43664,2.46714,2.16642,2.05902,0.0235671,6.06474,0.32407,0.1189,0.0360167,0.474155,0.226214,0.0815961,0.239459,0.0944793,0.278284,0.339507,0.321453,0.356356,0.306389,0.677809,0.116896,4.24748,0.324266,,-0.0180517,2.38334,-0.174703,88.8242,-0.0180517,-0.26,-0.3042731285095215,-0.30629628896713257,0.0157719,746.1400146484375,,,,,,,17.9,3.58,17.9,3.58,,,,,,,,,,,,,,,,,,,"Kristian Campbell","33644",692225
"Nick Morabito","NYM",5,21.082,19.2605,4.62885,3.51688,0.755966,0.0674603,0.288541,2.44274,1.70505,1.40508,0.0237051,5.47616,0.254168,0.105311,0.0569557,0.411894,0.89568,0.135892,0.240328,0.0666481,0.259755,0.256581,0.299076,0.331525,0.284393,0.630601,0.0911973,6.02149,0.319113,,0.0963981,1.93574,-0.538811,82.0083,0.0963981,0,-0.34813202917575836,-0.1697530895471573,0.0155257,999,,,,,,,16.8,3.36,16.8,3.36,,,,,,,,,,,,,,,,,,,"Nick Morabito","32119",703492
"Tanner Murray","CHW",5,20.8637,19.3982,4.50746,3.01402,1.00689,0.0519029,0.434646,2.03319,2.13246,1.09378,0.035628,4.74903,0.186212,0.110353,0.0750929,0.389126,0.154339,0.0336015,0.232365,0.052425,0.227622,0.230316,0.278396,0.356841,0.281533,0.635237,0.124477,3.5709,0.284317,,-0.00534173,1.8681,-0.580812,75.881,-0.00534173,0,-0.5966971684247255,0.015432097017765045,0.015433,999,,,,,,,14.9,2.98,14.9,2.98,,,,,,,,,,,,,,,,,,,"Tanner Murray","28848",695020
"Jacob Melton","TBR",11,46.2399,42.1145,8.68784,5.51091,2.05122,0.128621,0.997094,5.34654,4.06496,3.51594,0.0396096,13.9819,0.270369,0.252793,0.0862942,0.501883,2.46222,0.512451,0.206291,0.076037,0.302378,0.251463,0.270275,0.332132,0.270058,0.602407,0.125841,6.43315,0.280804,,0.234125,3.71714,-1.71037,67.4717,0.234125,0.32,-1.533448800444603,0.05765432119369507,0.014985,727.5700073242188,,,,,,,36.6,3.327272727,36.6,3.327272727,,,,,,,,,,,,,,,,,,,"Jacob Melton","31661",689200
"Jose Fernandez","ARI",27,116.341,108.564,27.0776,19.1021,5.11016,0.767434,2.09792,13.2263,11.6658,5.44021,0.0769897,26.3899,0.624339,0.698454,1.01407,1.99473,2.8662,0.689801,0.249417,0.0467609,0.226832,0.206148,0.287376,0.368598,0.28988,0.655975,0.119182,5.7796,0.309253,,0.158873,11.1915,-2.4643,81.4371,0.158873,0,-2.3721324801445007,-1.1775362491607666,0.014791,999,,,,,,,102.1,3.781481481,102.1,3.781481481,,,,,,,,,,,,,,,,,,,"Jose Fernandez","28020",699912
"Justyn-Henry Malloy","TBR",4,17.34,14.9947,3.42359,2.20076,0.678302,0.0390024,0.50553,1.95164,1.99793,1.99064,0.00603032,4.45249,0.207447,0.124288,0.0228519,0.279141,0.125048,0.0503454,0.228319,0.114801,0.256776,0.447084,0.324631,0.379899,0.317004,0.70453,0.15158,3.25003,0.287182,,-0.0187531,2.04309,0.00777567,99.3288,-0.0187531,0,-0.032429398968815804,-0.43209877610206604,0.0147291,999,,,,,,,20.1,5.025,20.1,5.025,,,,,,,,,,,,,,,,,,,"Justyn-Henry Malloy","29606",669234
"Kameron Misner","KCR",2,8.03731,7.17997,1.53573,0.945429,0.349952,0.0355622,0.204787,0.932196,0.824761,0.730161,0.00703417,2.45245,0.0544912,0.0543551,0.01833,0.0971421,0.203286,0.0510737,0.213891,0.0908465,0.305133,0.297727,0.289361,0.358103,0.289621,0.647464,0.144212,5.46914,0.290784,,0.0106875,0.771493,-0.171903,78.6205,0.0106875,0.02,-0.19124539848417044,0.050864195451140404,0.0145063,999,,,,,,,7.2,3.6,7.2,3.6,,,,,,,,,,,,,,,,,,,"Kameron Misner","26374",670224
"James Outman","MIN",5,20.8556,18.4847,3.68747,2.24889,0.762215,0.0574857,0.61888,2.35149,2.10046,1.92906,0.0403425,7.31995,0.300358,0.122256,0.019221,0.236487,0.460351,0.130908,0.199487,0.092496,0.350982,0.263535,0.283969,0.347384,0.28385,0.631353,0.147896,5.01805,0.28764,,0.0151402,1.90594,-0.54204,76.955,0.0151402,0,-0.5496661271899939,-0.04629629850387573,0.013898,999,,,,,,,22.7,4.54,22.7,4.54,,,,,,,,,,,,,,,,,,,"James Outman","24770",681546
"Alek Thomas","LAD",5,21.6899,19.8631,4.6186,2.99239,0.97017,0.0756488,0.580396,2.69348,2.29744,1.30907,0.0366855,5.02867,0.19641,0.130565,0.190836,0.42986,0.452948,0.128155,0.232522,0.0603537,0.231844,0.260321,0.284853,0.376642,0.292348,0.661495,0.14412,5.27258,0.280732,,0.0146622,2.12916,-0.41674,84.6169,0.0146622,-0.07,-0.3763762414455414,-0.17802469432353973,0.0137616,746.030029296875,,,,,,,23.3,4.66,23.3,4.66,,,,,,,,,,,,,,,,,,,"Alek Thomas","23792",677950
"Josh Kasevich","TOR",3,13.0873,12.0328,2.89584,2.24529,0.519256,0.0235576,0.107736,1.25858,1.11622,0.844136,0.0237898,1.98943,0.091309,0.0915792,0.0274148,0.316723,0.139218,0.0279598,0.240662,0.0645005,0.152012,0.424311,0.293363,0.314591,0.274213,0.607954,0.0739291,3.88515,0.278053,,-0.00024663,1.09542,-0.440722,71.7716,-0.00024663,0,-0.4343910976022016,0.10802468657493591,0.0136003,999,,,,,,,10.7,3.566666666,10.7,3.566666666,,,,,,,,,,,,,,,,,,,"Josh Kasevich","sa3020203",688460
"Joshua Báez","STL",1,3.92206,3.51928,0.837837,0.479632,0.194341,0.017571,0.146294,0.515037,0.495506,0.304199,0.0183879,1.16366,0.0629572,0.0278566,0.00776045,0.0378541,0.156841,0.00774252,0.23807,0.0775611,0.296697,0.261415,0.307844,0.427985,0.322057,0.73583,0.189915,6.52044,0.309114,,0.0238313,0.477921,0.0175615,106.478,0.0238313,0,0.05360790900886059,-0.046296294778585434,0.013511,999,,,,,,,1.6,1.6,1.6,1.6,,,,,,,,,,,,,,,,,,,"Joshua Baez","sa3017022",695491
"Jim Jarvis","ATL",3,13.1975,12.0019,2.84946,2.07704,0.615037,0.022921,0.134458,1.36296,1.17521,0.937141,0.0389118,2.39996,0.144875,0.0858893,0.0277021,0.297351,0.187208,0.040569,0.237418,0.0710092,0.18185,0.390482,0.298523,0.326092,0.281321,0.624615,0.0886739,4.2754,0.284194,,0.00439176,1.17946,-0.369619,76.1293,0.00439176,0,-0.3648176761344075,0.07716049253940582,0.0134639,999,,,,,,,10.7,3.566666666,10.7,3.566666666,,,,,,,,,,,,,,,,,,,"Jim Jarvis","33492",805347
"Ben Malgeri","DET",3,13.1274,11.8854,2.80283,1.87692,0.557067,0.0875116,0.281329,1.51681,1.30932,0.933998,0.0201367,3.43612,0.199571,0.0839126,0.0245725,0.227681,0.214485,0.0519821,0.235822,0.0711485,0.261751,0.271818,0.300423,0.368428,0.298133,0.668851,0.132606,5.54704,0.305568,,0.00586719,1.3492,-0.191661,87.1526,0.00586719,0,-0.19232841627672315,-0.138888880610466,0.0132475,999,,,,,,,10.7,3.566666666,10.7,3.566666666,,,,,,,,,,,,,,,,,,,"Ben Malgeri","sa3016975",701162
"Eliezer Alfonzo","LAD",1,4.13142,3.79471,0.924132,0.677953,0.189393,0.00641561,0.0503705,0.432402,0.404989,0.264662,0.0203197,0.501479,0.0233791,0.0316361,0.0170259,0.0891484,0.0303263,0.00785256,0.243531,0.0640608,0.121382,0.527762,0.294618,0.336644,0.281196,0.631262,0.0931128,3.39229,0.266838,,-0.00213554,0.368812,-0.116122,77.0284,-0.00213554,0.03,-0.11336169904097915,0.10716049186885357,0.0128075,999,,,,,,,1.6,1.6,1.6,1.6,,,,,,,,,,,,,,,,,,,"Eliezer Alfonzo","sa3003262",672613
"César Prieto","STL",4,16.6687,15.6133,3.82293,2.7497,0.7923,0.0217329,0.25919,1.63064,1.73136,0.699152,0.0238768,2.4595,0.172166,0.114482,0.0696726,0.395082,0.148194,0.0429595,0.244851,0.0419439,0.147551,0.284266,0.282802,0.348182,0.280061,0.630984,0.103331,3.47868,0.273943,,-0.00690572,1.47294,-0.48359,77.9027,-0.00690572,-0.06,-0.4385816897265613,0.032592590898275375,0.0126324,999,,,,,,,12.3,3.075,12.3,3.075,,,,,,,,,,,,,,,,,,,"Cesar Prieto","30163",693409
"Tyler Locklear","ARI",5,21.0617,18.8995,4.55832,3.04374,0.908997,0.072043,0.533539,2.46572,2.44586,1.61955,0.0755829,5.41287,0.379054,0.132485,0.0310808,0.411244,0.348532,0.118152,0.241187,0.0768954,0.257,0.299203,0.31178,0.381598,0.308472,0.693377,0.140411,4.57961,0.307573,,-0.00480068,2.3383,-0.13386,94.0878,-0.00480068,-0.01,-0.1507363929413259,-0.3958024773746729,0.0125231,999,,,,,,,27.3,5.46,27.3,5.46,,,,,,,,,,,,,,,,,,,"Tyler Locklear","31396",682988
"Mario Camilletti","CHW",2,8.94157,7.87082,1.74708,1.24991,0.342347,0.0121434,0.142685,0.875889,0.788821,0.904626,0.0123023,2.10572,0.0662319,0.0636015,0.0362821,0.16897,0.0803376,0.0212405,0.22197,0.101171,0.235498,0.429603,0.305205,0.322936,0.286104,0.628141,0.100966,3.2635,0.282166,,-0.00427027,0.833209,-0.216326,78.9828,-0.00427027,0,-0.22511498909443617,0.03086419589817524,0.0122364,999,,,,,,,6.2,3.1,6.2,3.1,,,,,,,,,,,,,,,,,,,"Mario Camilletti","sa3020192",680519
"Zach Dezenzo","HOU",9,38.3799,34.672,7.86695,5.22251,1.49981,0.105477,1.03914,4.30161,4.04208,3.10621,0.0130296,11.6333,0.321283,0.213875,0.0665717,0.627158,0.403632,0.122199,0.226896,0.0809333,0.303109,0.267011,0.294791,0.36615,0.295359,0.660941,0.139253,4.13338,0.307373,,-0.0148057,3.85966,-0.645263,86.0929,-0.0148057,-0.2,-0.642052155919373,-0.5858024805784225,0.0121385,999,,,,,,,31.1,3.455555555,31.1,3.455555555,,,,,,,,,,,,,,,,,,,"Zach Dezenzo","31562",701305
"James Tibbs III","LAD",2,8.26283,7.34372,1.63509,1.0081,0.318631,0.0167293,0.291623,1.03605,0.999258,0.778488,0.0143348,2.32295,0.0727934,0.0477004,0.0201298,0.144493,0.0749683,0.0161113,0.222651,0.0942157,0.281132,0.335129,0.301645,0.389727,0.307291,0.691371,0.167076,3.97521,0.281245,,-0.00132963,0.90957,-0.0602977,94.7844,-0.00132963,0,-0.05183619842864573,-0.09259258955717087,0.0120852,999,,,,,,,7.2,3.6,7.2,3.6,,,,,,,,,,,,,,,,,,,"James Tibbs III","sa3025333",696486
"Kyle Farmer","ATL",3,13.1975,11.9535,2.84222,1.97632,0.530771,0.0317616,0.303362,1.44709,1.41363,0.815583,0.00768818,2.85135,0.262936,0.0922059,0.0273326,0.258717,0.101837,0.0480806,0.237772,0.0617984,0.216053,0.286034,0.298739,0.363624,0.296111,0.662364,0.125852,3.59488,0.285552,,-0.0153674,1.33511,-0.213966,86.1928,-0.0153674,-0.03,-0.22892420925199986,-0.07629629783332348,0.011664,999,,,,,,,10.7,3.566666666,10.7,3.566666666,,,,,,,,,,,,,,,,,,,"Kyle Farmer","14813",571657
"Garrett Stubbs","PHI",3,12.0898,10.8215,2.29639,1.70933,0.402598,0.0320856,0.152377,1.18836,0.986407,0.956288,0.0235662,2.76753,0.163006,0.0685307,0.0731685,0.212707,0.192552,0.0550043,0.212206,0.0790986,0.228914,0.345539,0.284419,0.297582,0.265634,0.582001,0.0853762,4.55711,0.269006,,0.00122328,0.929229,-0.48984,64.3102,0.00122328,0,-0.5044622872956097,0.23148147761821747,0.0113638,999,,,,,,,3.2,1.066666666,3.2,1.066666666,,,,,,,,,,,,,,,,,,,"Garrett Stubbs","18067",596117
"César Salazar","HOU",1,4.03999,3.54118,0.71547,0.498601,0.152016,0.00105372,0.0638,0.375763,0.35058,0.336964,0.00608944,0.856178,0.10264,0.0341924,0.0250132,0.0794825,0.0187182,0.0069793,0.202043,0.0834072,0.211926,0.393568,0.287691,0.299616,0.269652,0.587307,0.0975729,2.64533,0.245414,,-0.00402867,0.323461,-0.150741,68.6487,-0.00402867,0.04,-0.15287361666560173,0.11716049164533615,0.010863,999,,,,,,,1.6,1.6,1.6,1.6,,,,,,,,,,,,,,,,,,,"Cesar Salazar","21587",663967
"Jonatan Clase","TOR",2,8.05371,7.26646,1.58149,1.0322,0.352342,0.0302893,0.166657,0.972147,0.688595,0.639972,0.0164394,2.33625,0.0530329,0.0513705,0.042874,0.0900349,0.398736,0.074456,0.217643,0.079463,0.290083,0.273932,0.283927,0.343274,0.280544,0.627201,0.125631,6.59513,0.293843,,0.0402956,0.714768,-0.230554,76.0677,0.0402956,0.04,-0.18621014058589935,0.00913580134510994,0.010805,999,,,,,,,7.2,3.6,7.2,3.6,,,,,,,,,,,,,,,,,,,"Jonatan Clase","26599",682729
"Chas McCormick","CHC",2,8.16685,7.24636,1.62699,1.11837,0.22756,0.0400854,0.24097,0.975784,0.817517,0.643173,0.0151606,2.18219,0.105467,0.0618374,0.110009,0.123499,0.181499,0.0603933,0.224525,0.0787541,0.267201,0.294737,0.294858,0.366753,0.295033,0.661612,0.142229,5.50873,0.283727,,0.00184092,0.819173,-0.139428,87.7328,0.00184092,-0.01,-0.11557246174197644,-0.04086419753730297,0.0105423,999,,,,,,,7.2,3.6,7.2,3.6,,,,,,,,,,,,,,,,,,,"Chas McCormick","19599",676801
"Gage Workman","DET",2,8.07842,7.37008,1.62451,0.979549,0.382883,0.0387049,0.223375,0.957576,0.859123,0.604194,0.0220741,2.74182,0.0492995,0.0459817,0.00886696,0.0924522,0.210588,0.0566532,0.22042,0.074791,0.3394,0.220362,0.282296,0.373799,0.289999,0.656095,0.153379,5.85182,0.314801,,0.0104588,0.777872,-0.17035,81.6325,0.0104588,-0.05,-0.16391278337687254,-0.01913580484688282,0.0102816,999,,,,,,,7.2,3.6,7.2,3.6,,,,,,,,,,,,,,,,,,,"Gage Workman","27573",669398
"Gabriel Rincones Jr.","PHI",5,21.1572,18.8104,4.16292,2.68393,0.925784,0.0292937,0.523906,2.42909,2.22357,1.9677,0.0787999,5.49203,0.241823,0.108933,0.0283562,0.350382,0.522577,0.0908596,0.22131,0.0930037,0.259582,0.358282,0.301599,0.357197,0.295282,0.658796,0.135887,4.69786,0.28202,,0.0419666,2.12636,-0.357009,84.4835,0.0419666,0,-0.342772975564003,-0.23148147761821747,0.00999355,999,,,,,,,23.6,4.72,23.6,4.72,,,,,,,,,,,,,,,,,,,"Gabriel Rincones Jr.","sa3020758",687282
"Otto Kemp","PHI",8,34.2545,30.6958,7.16215,4.56518,1.45256,0.186447,0.957959,4.03353,3.88741,2.3502,0.129742,9.57269,0.906755,0.256368,0.0453737,0.490516,0.567747,0.166384,0.233327,0.0686099,0.279458,0.24551,0.304571,0.386421,0.306421,0.690991,0.153094,5.29485,0.303807,,0.00494246,3.74695,-0.27374,92.0629,0.00494246,-0.43,-0.3136945506557822,-0.6769135892391205,0.00994292,999,,,,,,,31.4,3.925,31.4,3.925,,,,,,,,,,,,,,,,,,,"Otto Kemp","31792",805249
"Maverick Handley","ATL",1,4.06076,3.61109,0.77189,0.555492,0.146512,0.0110957,0.0587902,0.418885,0.326202,0.317667,0.000326282,1.06328,0.0714945,0.0226038,0.0379005,0.0858676,0.051529,0.00998355,0.213755,0.0782284,0.261843,0.298761,0.288613,0.309315,0.273072,0.597928,0.0955593,4.55482,0.28392,,0.0012411,0.336199,-0.140442,70.5162,0.0012411,0.03,-0.13907474151346833,0.10716049186885357,0.00994257,999,,,,,,,1.6,1.6,1.6,1.6,,,,,,,,,,,,,,,,,,,"Maverick Handley","26106",668974
"Felix Reyes","PHI",7,30.2245,28.5234,7.02234,4.57189,1.42648,0.105439,0.918535,3.31894,3.81007,1.21062,0.0225956,5.98141,0.181235,0.261299,0.047995,0.49923,0.318456,0.0698572,0.246196,0.0400541,0.197899,0.202396,0.278832,0.400208,0.296737,0.679041,0.154012,4.27042,0.278907,,0.00378122,3.07274,-0.474931,85.4739,0.00378122,0,-0.5107648791745305,-0.354938268661499,0.00963018,999,,,,,,,25.5,3.642857142,25.5,3.642857142,,,,,,,,,,,,,,,,,,,"Felix Reyes","28763",694025
"Brennen Davis","SEA",2,8.11824,7.24385,1.48952,0.879741,0.314618,0.013869,0.281291,0.866001,0.96746,0.635185,0.00864625,2.40663,0.171514,0.0538495,0.0138454,0.118431,0.0655668,0.0132493,0.205625,0.0782416,0.296447,0.263931,0.28333,0.369382,0.291294,0.652712,0.163757,3.73085,0.262101,,-0.00115734,0.790089,-0.162807,89.2684,-0.00115734,0,-0.10353995766490698,-0.09259258955717087,0.00908389,999,,,,,,,1.6,0.8,1.6,0.8,,,,,,,,,,,,,,,,,,,"Brennen Davis","sa3007876",680695
"Oliver Dunn","TBR",4,17.34,15.5309,3.21481,2.14326,0.726484,0.0576009,0.287464,1.78134,1.47036,1.46317,0.037704,5.28225,0.181907,0.0796277,0.0843402,0.286272,0.435912,0.10363,0.206994,0.0843816,0.304628,0.276998,0.281641,0.316716,0.270926,0.598357,0.109722,5.15534,0.291544,,0.0250294,1.40593,-0.62939,68.0605,0.0250294,0.01,-0.6258124485611916,0.10259258933365345,0.00871452,999,,,,,,,6.7,1.675,6.7,1.675,,,,,,,,,,,,,,,,,,,"Oliver Dunn","26295",686554
"Yohandy Morales","WSN",9,38.0567,34.7757,8.48203,5.83082,1.59455,0.119249,0.937409,4.01274,4.41697,2.66001,0.142432,10.6852,0.339574,0.201578,0.0798561,0.811357,0.261703,0.0720919,0.243907,0.0698959,0.280772,0.248942,0.302332,0.377485,0.301281,0.679817,0.133578,3.62224,0.323046,,-0.0229802,4.00688,-0.460108,90.2037,-0.0229802,0,-0.45990711636841297,-0.6635802388191223,0.00869747,999,,,,,,,34,3.777777777,34,3.777777777,,,,,,,,,,,,,,,,,,,"Yohandy Morales","sa3022672",691002
"Héctor Rodríguez","CIN",2,8.90938,8.27347,2.07914,1.37254,0.417165,0.0261059,0.263329,1.01696,1.04558,0.507362,0.03624,1.63886,0.0559437,0.054978,0.017625,0.164125,0.133284,0.0299713,0.251302,0.0569469,0.183948,0.309582,0.297179,0.403519,0.307025,0.700699,0.152217,4.53264,0.282561,,0.00438043,0.97885,-0.0669081,89.1891,0.00438043,0,-0.10850222501903772,-0.09259258955717087,0.0083819,999,,,,,,,6.2,3.1,6.2,3.1,,,,,,,,,,,,,,,,,,,"Hector Rodriguez","sa3015828",699302
"Christian Koss","SFG",2,8.02905,7.368,1.74014,1.24535,0.336626,0.0410657,0.1171,0.842332,0.658794,0.397557,0.0135033,1.80018,0.0974859,0.0531549,0.112843,0.148071,0.154884,0.0416063,0.236176,0.0495149,0.224208,0.220843,0.282356,0.34069,0.277499,0.623046,0.104514,5.21404,0.294891,,0.00485647,0.693086,-0.24934,76.406,0.00485647,-0.02,-0.21715808100998402,0.04172839596867561,0.00814753,999,,,,,,,4.2,2.1,4.2,2.1,,,,,,,,,,,,,,,,,,,"Christian Koss","27653",683766
"Nate Eaton","BOS",8,34.6712,31.6565,7.30795,5.02265,1.5199,0.18711,0.578295,3.87425,3.07258,2.10634,0.0361576,8.40083,0.368388,0.240886,0.299076,0.506069,1.1896,0.26536,0.230851,0.0607518,0.2423,0.25073,0.284611,0.345488,0.281122,0.630099,0.114637,6.23472,0.293637,,0.0900793,3.09305,-0.976558,71.6777,0.0900793,0.17,-1.0638949051499367,-0.07691358029842377,0.00772695,999,,,,,,,30.3,3.7875,30.3,3.7875,,,,,,,,,,,,,,,,,,,"Nate Eaton","25055",681987
"Ryan Bliss","SEA",2,8.11824,7.38636,1.52986,1.01563,0.346772,0.0314834,0.135974,0.916385,0.621376,0.535748,0.00342411,2.33147,0.0835305,0.0506407,0.0619678,0.0957443,0.390129,0.108089,0.20712,0.0659931,0.287189,0.22979,0.266766,0.317819,0.26296,0.584584,0.110699,6.55876,0.280485,,0.0252351,0.606661,-0.346235,70.0416,0.0252351,0.02,-0.2605760283768177,0.050864195451140404,0.0076923,999,,,,,,,7.2,3.6,7.2,3.6,,,,,,,,,,,,,,,,,,,"Ryan Bliss","29547",669208
"Brian Serven","ATH",1,4.03946,3.643,0.786732,0.542623,0.156248,0.00831897,0.0795419,0.414319,0.382173,0.307784,0,1.05565,0.0480654,0.0222911,0.0183221,0.0728519,0.0115646,0.00450027,0.215957,0.0761942,0.261333,0.291559,0.284143,0.328916,0.277026,0.61306,0.112959,2.94049,0.27951,,-0.00426854,0.34717,-0.12697,70.2699,-0.00426854,0,-0.1453984403051436,0.07716049253940582,0.00752804,999,,,,,,,1.6,1.6,1.6,1.6,,,,,,,,,,,,,,,,,,,"Brian Serven","19422",661531
"Tommy Pham","BAL",1,4.07089,3.61982,0.865213,0.573731,0.162603,0.00933351,0.119545,0.498257,0.446739,0.389255,0.0076483,0.967285,0.0286691,0.0260112,0.00712978,0.0849282,0.0534093,0.0193112,0.239021,0.0956191,0.23761,0.40242,0.315751,0.388173,0.313597,0.703925,0.149152,4.01001,0.29139,,-0.00240481,0.468594,-0.00923518,99.3348,-0.00240481,-0.02,-0.0055868797935545444,-0.0662962943315506,0.00726744,999,,,,,,,1.6,1.6,1.6,1.6,,,,,,,,,,,,,,,,,,,"Tommy Pham","2967",502054
"Weston Wilson","BAL",2,8.14177,7.28426,1.54719,0.998588,0.274776,0.024247,0.249584,0.964442,0.820678,0.712644,0.0179015,2.29457,0.0559247,0.0450945,0.0438468,0.110531,0.20701,0.0653161,0.212402,0.0875294,0.281827,0.310579,0.28597,0.359572,0.288139,0.645542,0.147169,5.1443,0.271171,,0.00547259,0.771898,-0.18376,82.0595,0.00547259,-0.08,-0.16618102742359042,-0.04913580231368542,0.0072025,999,,,,,,,7.2,3.6,7.2,3.6,,,,,,,,,,,,,,,,,,,"Weston Wilson","19358",642215
"Kyler Fedko","MIN",3,12.9106,11.5984,2.54203,1.6242,0.503557,0.0438365,0.370441,1.43673,1.35768,1.08708,0.00338943,3.13354,0.112492,0.0928601,0.0197624,0.190326,0.221205,0.042615,0.21917,0.0842007,0.24271,0.346919,0.290253,0.365962,0.292967,0.656215,0.146792,4.73165,0.265239,,0.011937,1.27373,-0.241684,83.1416,0.011937,0,-0.24384051747620106,-0.138888880610466,0.00718929,999,,,,,,,10.7,3.566666666,10.7,3.566666666,,,,,,,,,,,,,,,,,,,"Kyler Fedko","sa3017561",693459
"Billy Cook","PIT",2,8.14632,7.41881,1.65063,1.08379,0.338583,0.0372516,0.191011,0.912925,0.811993,0.540912,0.0230893,2.24431,0.0935985,0.0528249,0.04017,0.0929998,0.216398,0.0568407,0.222493,0.0663995,0.2755,0.241015,0.281902,0.355414,0.283153,0.637317,0.132921,5.58597,0.289819,,0.0110996,0.739936,-0.216255,75.9563,0.0110996,0.06,-0.21845126245170832,0.029135800898075104,0.00710612,999,,,,,,,7.2,3.6,7.2,3.6,,,,,,,,,,,,,,,,,,,"Billy Cook","29573",695257
"Tre' Morgan","TBR",3,12.5233,11.201,2.72146,1.88169,0.575186,0.0299359,0.234643,1.33033,1.31957,1.10135,0.0463311,2.43694,0.124452,0.07681,0.0197222,0.243592,0.178445,0.0358121,0.242966,0.0879442,0.194593,0.45194,0.31569,0.362508,0.303616,0.678198,0.119542,4.08537,0.288956,,0.00489479,1.34186,-0.128093,90.2435,0.00489479,0,-0.13869080739095807,-0.23148147761821747,0.0070838,999,,,,,,,11.7,3.9,11.7,3.9,,,,,,,,,,,,,,,,,,,"Tre' Morgan","sa3022919",691003
"Willie MacIver","TOR",1,4.02685,3.65382,0.775212,0.537834,0.157657,0.0091886,0.070533,0.406906,0.351863,0.276666,0.000508431,1.08895,0.0552711,0.0267814,0.014315,0.0733215,0.0574212,0.0185235,0.212165,0.0687052,0.270423,0.254065,0.275922,0.318255,0.268517,0.594177,0.10609,4.26244,0.279511,,-0.000674869,0.318762,-0.153899,67.9062,-0.000674869,0,-0.15254957537399605,0.07716049253940582,0.00674987,999,,,,,,,1.6,1.6,1.6,1.6,,,,,,,,,,,,,,,,,,,"Willie MacIver","24641",680862
"Luca Tresh","KCR",1,4.01865,3.70194,0.819207,0.536304,0.168565,0.0142301,0.100109,0.404057,0.446796,0.255058,0.000372288,1.07929,0.0258522,0.0271491,0.00865282,0.062051,0.0147159,0.00352252,0.221291,0.0634686,0.26857,0.236321,0.274344,0.35564,0.279974,0.629984,0.134349,3.28984,0.282033,,-0.00280781,0.354829,-0.116869,72.0738,-0.00280781,-0.02,-0.13469128008000553,0.05716049298644066,0.00650092,999,,,,,,,1.6,1.6,1.6,1.6,,,,,,,,,,,,,,,,,,,"Luca Tresh","sa3017394",681123
"Sterlin Thompson","COL",18,76.9074,68.9451,17.5108,12.1747,3.58903,0.275021,1.47211,9.11492,8.29876,6.13317,0.0832677,16.8465,1.26895,0.454893,0.105335,1.53613,1.37776,0.411866,0.253982,0.0797474,0.219049,0.364062,0.324378,0.378072,0.314574,0.70245,0.12409,4.67549,0.313983,,0.0043222,8.91262,-0.114559,85.5126,0.0043222,0,-1.3014687015675008,-1.080246925354004,0.0061707,999,,,,,,,75.7,4.205555555,75.7,4.205555555,,,,,,,,,,,,,,,,,,,"Sterlin Thompson","31443",694514
"RJ Schreck","TOR",1,4.02685,3.5133,0.77213,0.480147,0.173069,0.00584287,0.11307,0.456299,0.428419,0.416233,0.0214498,0.903259,0.0637877,0.0237114,0.00982664,0.0648927,0.0441929,0.00819729,0.219774,0.103364,0.224309,0.460812,0.311711,0.368912,0.304689,0.680622,0.149138,3.97013,0.261461,,0.000533587,0.434921,-0.03774,92.4526,0.000533587,0,-0.03518247383181006,-0.046296294778585434,0.00612581,999,,,,,,,1.6,1.6,1.6,1.6,,,,,,,,,,,,,,,,,,,"RJ Schreck","sa3022602",702302
"Tyler Fitzgerald","LAD",1,4.13142,3.75816,0.815563,0.515823,0.162489,0.0313386,0.105912,0.509347,0.405385,0.260879,0.000097708,1.24754,0.0584892,0.0247219,0.0291693,0.0489287,0.0934019,0.0229317,0.217011,0.0631453,0.301964,0.209115,0.276661,0.361471,0.283822,0.638132,0.14446,6.57136,0.292106,,0.00489981,0.377465,-0.107468,78.8155,0.00489981,0.01,-0.09767311858013272,0.025432097725570202,0.00603985,999,,,,,,,1.6,1.6,1.6,1.6,,,,,,,,,,,,,,,,,,,"Tyler Fitzgerald","26208",666149
"Tomás Nido","DET",1,4.03921,3.66246,0.819044,0.587692,0.147185,0.00255289,0.0816135,0.375939,0.351047,0.199791,0.00654183,0.967067,0.0298256,0.027917,0.114087,0.084491,0.0153254,0.00754946,0.223632,0.0494629,0.23942,0.206595,0.267516,0.332065,0.266804,0.599581,0.108433,2.48373,0.27915,,-0.00429981,0.314223,-0.159888,65.8927,-0.00429981,0,-0.16619828762486577,0.07716049253940582,0.0053956,999,,,,,,,1.6,1.6,1.6,1.6,,,,,,,,,,,,,,,,,,,"Tomas Nido","13755",621512
"Christian Encarnacion-Strand","BAL",1,4.07089,3.78306,0.90916,0.555751,0.170736,0.015823,0.16685,0.480758,0.536929,0.203752,0.00430834,1.12703,0.0506929,0.0275303,0.00584987,0.0584156,0.0178966,0.00581347,0.240324,0.0500509,0.276851,0.180786,0.286247,0.426135,0.311049,0.712382,0.185811,3.76582,0.294952,,-0.00305026,0.460322,-0.0175073,97.6057,-0.00305026,0,-0.01450447365641594,-0.07716049253940582,0.00524023,999,,,,,,,1.6,1.6,1.6,1.6,,,,,,,,,,,,,,,,,,,"Christian Encarnacion-Strand","30011",687952
"Connor Joe","SEA",2,8.11824,7.15117,1.52225,0.991835,0.307555,0.0245348,0.198328,0.89769,0.787933,0.806781,0.00314761,1.97475,0.0995453,0.0453582,0.0153884,0.13468,0.119374,0.0450346,0.212868,0.0993787,0.243248,0.408549,0.299719,0.345938,0.292157,0.645657,0.13307,4.3429,0.263549,,-0.00453418,0.795681,-0.157215,89.8545,-0.00453418,-0.01,-0.1013246770016849,-0.13345679081976414,0.00512321,999,,,,,,,7.2,3.6,7.2,3.6,,,,,,,,,,,,,,,,,,,"Connor Joe","16572",656582
"Bryan De La Cruz","PHI",5,21.1572,19.4414,4.6203,3.0511,0.920897,0.0405438,0.607759,2.28877,2.54914,1.40899,0.0100778,5.44785,0.106749,0.172749,0.0272893,0.344066,0.130391,0.0492357,0.237653,0.0665962,0.257494,0.258632,0.290396,0.382975,0.297712,0.673371,0.145322,3.29866,0.295942,,-0.0180963,2.16736,-0.316009,86.1371,-0.0180963,-0.03,-0.36183588206768036,-0.2614814769476652,0.00496567,999,,,,,,,24.3,4.86,24.3,4.86,,,,,,,,,,,,,,,,,,,"Bryan De La Cruz","19600",650559
"Jarred Kelenic","TEX",3,12.9497,11.661,2.51356,1.51507,0.571285,0.0298479,0.397354,1.46672,1.41539,1.11517,0.0577867,3.81846,0.0715793,0.0797807,0.0221579,0.164454,0.242656,0.078232,0.215553,0.0861159,0.29487,0.292047,0.286235,0.37189,0.291291,0.658126,0.156337,4.6974,0.281226,,0.0025999,1.26026,-0.25973,84.1592,0.0025999,-0.03,-0.23846573173068464,-0.16888887993991375,0.00480605,999,,,,,,,10.7,3.566666666,10.7,3.566666666,,,,,,,,,,,,,,,,,,,"Jarred Kelenic","22558",672284
"Korey Lee","CHW",1,3.97403,3.69397,0.796342,0.535501,0.14889,0.0163039,0.0956469,0.402038,0.38695,0.216199,0.000157769,1.11118,0.0333888,0.0182457,0.0122239,0.0634293,0.0630252,0.0221477,0.215579,0.0544031,0.279611,0.194567,0.264003,0.34239,0.269929,0.606394,0.126811,4.81673,0.279675,,-0.000590331,0.319058,-0.147403,68.0072,-0.000590331,-0.02,-0.15000111481640488,0.05716049298644066,0.00477157,999,,,,,,,1.6,1.6,1.6,1.6,,,,,,,,,,,,,,,,,,,"Korey Lee","25543",686676
"Luis Vázquez","BAL",1,4.07089,3.70771,0.837513,0.58419,0.153462,0.00953234,0.0903295,0.436839,0.374207,0.245897,0.00573287,1.05096,0.0463134,0.0220776,0.0488915,0.0808875,0.0541016,0.017816,0.225884,0.0604038,0.258165,0.233973,0.280886,0.345504,0.279675,0.626391,0.11962,4.22463,0.288656,,-0.00105703,0.358472,-0.119357,76.3158,-0.00105703,0,-0.11436136928386986,0.01543209794908762,0.0044958,999,,,,,,,1.6,1.6,1.6,1.6,,,,,,,,,,,,,,,,,,,"Luis Vazquez","23442",676679
"Tyler Tolbert","KCR",14,59.2751,53.2433,11.9645,8.61037,2.22316,0.477772,0.653239,7.2563,3.51376,3.71619,0.0790333,15.2578,0.627294,0.327882,1.36052,0.852611,3.50695,0.779421,0.224715,0.0626939,0.257407,0.243559,0.281587,0.321223,0.270977,0.60281,0.0965083,7.54748,0.300352,,0.31486,4.80847,-2.14908,65.9688,0.31486,0.05,-2.0556881427764893,0.019135797396302223,0.00437808,999,,,,,,,49.2,3.514285714,49.2,3.514285714,,,,,,,,,,,,,,,,,,,"Tyler Tolbert","25779",686475
"Jared Oliva","SFG",7,30.1089,27.6312,6.24499,4.4767,1.1385,0.161287,0.468491,3.57611,2.25281,1.73806,0.0297913,6.66391,0.359831,0.165733,0.214093,0.429981,1.66238,0.219476,0.226012,0.0577257,0.221327,0.260817,0.279074,0.329755,0.272874,0.60883,0.103743,6.9841,0.279537,,0.208226,2.48802,-1.04608,73.2589,0.208226,0.02,-0.73537977039814,-0.1806172840297222,0.00409993,999,,,,,,,18.3,2.614285714,18.3,2.614285714,,,,,,,,,,,,,,,,,,,"Jared Oliva","19968",666931
"Andrew Pintar","MIA",1,4.0172,3.6504,0.83026,0.577729,0.165988,0.0202358,0.0663074,0.430477,0.358358,0.287982,0.00123292,1.07993,0.0352664,0.0238146,0.0197393,0.0667085,0.125234,0.0216894,0.227444,0.0716873,0.268827,0.266667,0.288561,0.338496,0.281623,0.627056,0.111052,6.00939,0.3022,,0.0114328,0.359986,-0.111542,75.4605,0.0114328,0,-0.10409985110163689,0.01543209794908762,0.00398482,999,,,,,,,1.6,1.6,1.6,1.6,,,,,,,,,,,,,,,,,,,"Andrew Pintar","sa3020715",801464
"Andrés Chaparro","WSN",16,68.1014,61.4791,14.3332,9.21167,2.91844,0.0955515,2.10757,7.04221,8.58042,5.34443,0.218638,14.7128,0.63805,0.560906,0.0789294,1.17311,0.262301,0.107394,0.23314,0.0784775,0.216042,0.363251,0.298662,0.386562,0.303001,0.685224,0.153422,2.53842,0.270362,,-0.0704751,7.2636,-0.729956,91.3739,-0.0704751,-0.01,-0.7589482888579369,-1.3680247161537409,0.00362293,999,,,,,,,62.9,3.93125,62.9,3.93125,,,,,,,,,,,,,,,,,,,"Andres Chaparro","21797",665953
"Jared Serna","MIA",1,4.0172,3.68325,0.869007,0.61011,0.186498,0.012363,0.0600355,0.401685,0.397898,0.252932,0.0122108,0.710868,0.040017,0.027156,0.0138472,0.0832613,0.0823247,0.0134716,0.235935,0.0629622,0.176956,0.355807,0.290246,0.342181,0.282136,0.632427,0.106246,4.91494,0.275207,,0.00625682,0.361629,-0.109899,75.8096,0.00625682,0,-0.10763257136568427,0.01543209794908762,0.00362279,999,,,,,,,1.6,1.6,1.6,1.6,,,,,,,,,,,,,,,,,,,"Jared Serna","sa3015579",691858
"Akil Baddoo","MIL",1,3.93095,3.49827,0.746856,0.461112,0.151181,0.0125411,0.122022,0.449161,0.452081,0.381152,0.0104731,1.11196,0.0194575,0.0216647,0.0104048,0.050588,0.109596,0.0291371,0.213493,0.0969617,0.282874,0.342774,0.29268,0.368521,0.294746,0.661201,0.155028,5.10786,0.273336,,0.00551712,0.393394,-0.0680104,86.4951,0.00551712,0.01,-0.05669923825189471,-0.03629629500210285,0.00326069,999,,,,,,,2.6,2.6,2.6,2.6,,,,,,,,,,,,,,,,,,,"Akil Baddoo","22168",668731
"Grant McCray","SFG",1,4.01452,3.63045,0.771886,0.513611,0.169369,0.0147439,0.0741617,0.446836,0.336421,0.318029,0.00508471,1.22468,0.0277894,0.0241934,0.0140579,0.0588536,0.133383,0.026138,0.212614,0.0792197,0.305062,0.259684,0.279394,0.328672,0.273473,0.608065,0.116058,5.95047,0.296172,,0.011484,0.333652,-0.137561,73.6661,0.011484,0,-0.11241443920880556,0.01543209794908762,0.00312405,999,,,,,,,1.6,1.6,1.6,1.6,,,,,,,,,,,,,,,,,,,"Grant McCray","25690",687529
"Sam Haggerty",,1,3.98451,3.56473,0.830099,0.603236,0.152784,0.0207482,0.0533308,0.49038,0.28963,0.324688,0.00483106,0.910839,0.04836,0.0230157,0.0237226,0.0649229,0.212508,0.0497293,0.232865,0.0814876,0.228595,0.356472,0.303765,0.332248,0.287725,0.636013,0.0993831,6.51793,0.296073,,0.0170481,0.376445,-0.0912457,81.7398,0.0170481,0,-0.06845471262931824,-0.043920982629060745,0.00280733,999,,,,,,,1.6,1.6,1.6,1.6,,,,,,,,,,,,,,,,,,,"Sam Haggerty","18054",664059
"José Barrero","BAL",2,8.14177,7.40939,1.47507,0.932174,0.280588,0.0204124,0.241899,0.8842,0.827368,0.537256,0.0149648,2.55331,0.123721,0.0494684,0.0219422,0.0978021,0.153376,0.0546768,0.199082,0.0659875,0.313606,0.210416,0.263066,0.340404,0.26931,0.603469,0.141322,4.93862,0.264423,,-0.00000274226,0.649645,-0.306014,69.282,-0.00000274226,-0.03,-0.29391014620682654,0.03172839619219303,0.00239986,999,,,,,,,1.6,0.8,1.6,0.8,,,,,,,,,,,,,,,,,,,"Jose Barrero","23378",676480
"Christian Franklin","WSN",2,8.01193,7.07818,1.62812,1.18328,0.298469,0.0278883,0.11848,0.863824,0.695553,0.759884,0.00377426,2.00116,0.09789,0.0401586,0.0358188,0.175828,0.177979,0.0386072,0.230019,0.094844,0.249772,0.379723,0.311667,0.330283,0.292475,0.641949,0.100264,4.88603,0.302005,,0.00906318,0.78729,-0.153128,84.2117,0.00906318,0,-0.13918494246900082,-0.09259258955717087,0.00231742,999,,,,,,,7.2,3.6,7.2,3.6,,,,,,,,,,,,,,,,,,,"Christian Franklin","sa3017510",681047
"Junior Perez","CHW",2,8.94157,8.08677,1.60069,0.981822,0.36028,0.0369665,0.221624,0.960162,0.782095,0.701505,0.00723391,3.07635,0.0403719,0.0456575,0.0672629,0.101859,0.276165,0.0389634,0.19794,0.0784544,0.34405,0.228032,0.263972,0.333851,0.267589,0.597824,0.135912,5.96376,0.285258,,0.0302478,0.70119,-0.348346,66.4189,0.0302478,0,-0.322616346180439,0.03086419589817524,0.00224461,999,,,,,,,6.2,3.1,6.2,3.1,,,,,,,,,,,,,,,,,,,"Junior Perez","sa3005744",678577
"Justin Dean","CHC",1,4.08342,3.66447,0.764536,0.571206,0.116534,0.0219224,0.0548738,0.461335,0.300156,0.333798,0,1.21826,0.0436542,0.0234828,0.0180138,0.0681639,0.171164,0.0253188,0.208635,0.0817447,0.298343,0.273996,0.280904,0.297324,0.26439,0.578228,0.0886894,6.64754,0.293878,,0.0188772,0.309803,-0.169497,66.8823,0.0188772,0.01,-0.1396126076579094,0.025432097725570202,0.0015858,999,,,,,,,1.6,1.6,1.6,1.6,,,,,,,,,,,,,,,,,,,"Justin Dean","25005",681909
"Will Wilson","SEA",1,4.05912,3.64771,0.731109,0.496526,0.144297,0.00479682,0.0854891,0.375459,0.354215,0.295303,0.00751088,1.11918,0.0315157,0.0235917,0.0609979,0.0689903,0.0392257,0.0141945,0.200429,0.0727504,0.27572,0.263856,0.264606,0.312927,0.260106,0.577533,0.112497,3.43187,0.261741,,-0.00226256,0.294091,-0.182357,68.1047,-0.00226256,-0.02,-0.15440728957764804,0.02629629522562027,0.00146301,999,,,,,,,1.6,1.6,1.6,1.6,,,,,,,,,,,,,,,,,,,"Will Wilson","25434",669717
"Jacob Gonzalez","CHW",37,156.974,142.723,31.8254,20.5556,7.03203,0.246848,3.99096,16.0055,16.3622,10.9611,0.146033,31.1164,1.34492,1.35038,0.594409,2.40724,2.32661,0.430795,0.222987,0.0698271,0.198226,0.35226,0.282207,0.359605,0.285404,0.641812,0.136618,4.00725,0.255441,,0.116571,14.5399,-3.88529,78.5081,0.116571,0,-3.8480453491210938,-1.649519920349121,0.000904809,999,,,,,,,133.9,3.618918918,133.9,3.618918918,,,,,,,,,,,,,,,,,,,"Jacob Gonzalez","33225",694378
"Vidal Bruján","NYM",4,17.0664,15.5106,3.40496,2.49091,0.695525,0.0302892,0.188237,1.80448,1.32973,1.19376,0.0435637,3.38558,0.161524,0.104442,0.0960619,0.316906,0.59004,0.165273,0.219524,0.0699477,0.198377,0.3526,0.280503,0.30468,0.264622,0.585183,0.0851554,5.32045,0.267142,,0.0303849,1.29796,-0.705245,68.556,0.0303849,-0.06,-0.5985375363379717,0.06345679238438606,0.000697317,999,,,,,,,8.6,2.15,8.6,2.15,,,,,,,,,,,,,,,,,,,"Vidal Brujan","20536",660644
"Ryan Ward","LAD",12,52.6756,47.9667,10.3468,6.29544,2.12481,0.0982287,1.82829,6.27396,6.41404,4.00865,0.143396,13.4859,0.310017,0.328162,0.0620602,0.837275,0.718265,0.164702,0.215708,0.0761007,0.256019,0.297247,0.278739,0.378449,0.290161,0.657188,0.162741,4.41606,0.258288,,0.0210699,5.07896,-1.10395,83.1288,0.0210699,0,-1.0204587578773499,-0.6481481194496155,0.000402088,999,,,,,,,46.5,3.875,46.5,3.875,,,,,,,,,,,,,,,,,,,"Ryan Ward","27449",669899
"Rece Hinds","MIA",9,38.1634,35.0349,7.57076,4.62021,1.6112,0.266469,1.07288,4.13577,4.24374,2.46473,0.159176,13.0851,0.38241,0.2281,0.0532389,0.459937,0.745728,0.212286,0.216092,0.0645837,0.342871,0.188361,0.273363,0.369162,0.282897,0.642525,0.15307,5.66121,0.307884,,0.0238047,3.45861,-1.0209,76.3269,0.0238047,0.15,-1.0350083783268929,-0.17407405376434326,0.000273035,999,,,,,,,32.9,3.655555555,32.9,3.655555555,,,,,,,,,,,,,,,,,,,"Rece Hinds","27493",677956
"Johnathan Rodríguez","BAL",1,4.07089,3.66516,0.882547,0.609983,0.155197,0.0134687,0.103898,0.466534,0.432855,0.350007,0.0137907,1.08883,0.0284193,0.0206614,0.00663878,0.0894958,0.0193684,0.0071874,0.240793,0.0859781,0.267468,0.321452,0.31026,0.375529,0.305461,0.685789,0.134736,3.40931,0.312323,,-0.00420801,0.442182,-0.0356467,93.814,-0.00420801,0,-0.0338015821762383,-0.10802469402551651,0.0000997846,999,,,,,,,1.6,1.6,1.6,1.6,,,,,,,,,,,,,,,,,,,"Johnathan Rodriguez","22530",671286
"Mason McCoy","SDP",2,8.84535,8.04814,1.64303,1.14449,0.325775,0.0415343,0.13123,0.874104,0.648466,0.570412,0.00985239,2.54019,0.0579031,0.0571855,0.111708,0.114111,0.227551,0.0592905,0.20415,0.0644872,0.287179,0.224554,0.260068,0.303867,0.25375,0.563935,0.0997166,5.54947,0.278216,,0.0119713,0.596032,-0.44221,61.5978,0.0119713,0.01,-0.38612409494817257,0.10259258933365345,-0.000274441,999,,,,,,,6.2,3.1,6.2,3.1,,,,,,,,,,,,,,,,,,,"Mason McCoy","22232",669200
"Nicky Lopez","TEX",23,97.6205,87.5205,19.8204,16.0886,3.40114,0.330639,0,9.3454,5.78484,7.35523,0.130151,16.0412,0.764675,0.644712,1.25759,2.43864,2.12826,0.639196,0.226466,0.0753451,0.164322,0.458522,0.290183,0.272883,0.258897,0.563066,0.0464168,4.85022,0.27481,,0.0373067,6.97865,-4.47977,62.1769,0.0373067,0.35,-4.301760785281658,0.8739564716815948,-0.000352203,999,,,,,,,57.7,2.508695652,57.7,2.508695652,,,,,,,,,,,,,,,,,,,"Nicky Lopez","19339",670032
"A.J. Vukovich","ARI",2,9.02644,8.34764,1.96676,1.33305,0.364902,0.039955,0.22885,0.977907,1.05524,0.558551,0.0223551,2.63578,0.0537476,0.0502089,0.0162973,0.171485,0.0864582,0.0177298,0.235607,0.0618794,0.292007,0.211911,0.286239,0.371138,0.290606,0.657377,0.135531,4.39243,0.314087,,-0.000104559,0.873531,-0.185967,81.9314,-0.000104559,0,-0.19124720705440268,-0.09949784725904465,-0.000424408,999,,,,,,,6.2,3.1,6.2,3.1,,,,,,,,,,,,,,,,,,,"A.J. Vukovich","sa3014525",691021
"BJ Murray","CHC",2,8.16685,7.31228,1.65625,1.09532,0.350109,0.015472,0.195351,0.920751,0.869354,0.721717,0.00519648,1.98315,0.0683707,0.0506267,0.0138535,0.135841,0.126586,0.0267221,0.226502,0.0883716,0.24283,0.363924,0.300054,0.35876,0.295601,0.658813,0.132258,4.35703,0.281787,,0.00447144,0.822874,-0.135728,88.1194,0.00447144,0,-0.10924111539497972,-0.15432098507881165,-0.000435744,999,,,,,,,7.2,3.6,7.2,3.6,,,,,,,,,,,,,,,,,,,"BJ Murray","sa3017287",681230
"Kemp Alderman","MIA",2,8.0344,7.43471,1.73571,1.16902,0.312525,0.0270803,0.227085,0.849269,0.935622,0.444068,0.0203265,2.32633,0.0961942,0.0436773,0.0157456,0.15384,0.114182,0.0243493,0.23346,0.0552709,0.289546,0.190888,0.283835,0.374413,0.29084,0.658247,0.140952,4.48583,0.306321,,0.0039698,0.77902,-0.164035,81.7316,0.0039698,0,-0.16804674174636602,-0.09259258955717087,-0.000567194,999,,,,,,,4.2,2.1,4.2,2.1,,,,,,,,,,,,,,,,,,,"Kemp Alderman","sa3022562",694580
"Brandon Drury","KCR",2,8.03731,7.28333,1.63195,1.04975,0.355587,0.00232099,0.224291,0.833958,0.93727,0.583415,0.00229337,1.97811,0.101656,0.0568158,0.0120888,0.163604,0.0183958,0.0079828,0.224066,0.0725883,0.246116,0.294936,0.288717,0.365911,0.292023,0.654628,0.141845,2.18059,0.273983,,-0.00872778,0.786886,-0.15651,80.2502,-0.00872778,0,-0.19526770245283842,-0.09259258955717087,-0.000607162,999,,,,,,,7.2,3.6,7.2,3.6,,,,,,,,,,,,,,,,,,,"Brandon Drury","11615",592273
"Trey Mancini","LAA",1,4.01445,3.60704,0.82435,0.555506,0.151811,0,0.117033,0.411291,0.445494,0.324444,0.0106031,1.02437,0.0499411,0.0263293,0.00669563,0.0800787,0.0188563,0.00826324,0.228539,0.080819,0.255172,0.316724,0.299104,0.367963,0.297652,0.667067,0.139424,2.4164,0.283839,,-0.00445814,0.411054,-0.0601516,85.9021,-0.00445814,0,-0.07096708193421364,-0.07716049253940582,-0.000748826,999,,,,,,,1.6,1.6,1.6,1.6,,,,,,,,,,,,,,,,,,,"Trey Mancini","15149",641820
"Petey Halpin","CLE",5,20.4618,18.7379,4.13248,2.75971,0.935552,0.0541636,0.383051,2.06687,2.00849,1.42093,0.01403,5.46929,0.115004,0.145382,0.0425255,0.27222,0.433779,0.0833596,0.220541,0.0694431,0.267293,0.259801,0.277601,0.337578,0.27509,0.615179,0.117037,4.96274,0.287732,,0.0300857,1.72699,-0.674754,72.9454,0.0300857,-0.06,-0.6204681918025017,-0.10629629716277122,-0.000922244,999,,,,,,,9.3,1.86,9.3,1.86,,,,,,,,,,,,,,,,,,,"Petey Halpin","27931",690984
"Matthew Lugo","KCR",4,17.0793,15.7139,3.6635,2.30793,0.783284,0.147683,0.4246,2.02191,1.80424,1.01281,0.0163901,4.89093,0.18762,0.0996462,0.0652909,0.220905,0.35413,0.103132,0.233137,0.0593003,0.286366,0.207079,0.285878,0.382842,0.295161,0.66872,0.149705,6.14572,0.308524,,0.0102419,1.71487,-0.289846,82.3796,0.0102419,-0.08,-0.3434168016538024,-0.2651851773262024,-0.000972413,999,,,,,,,12.3,3.075,12.3,3.075,,,,,,,,,,,,,,,,,,,"Matthew Lugo","25980",683090
"Kristian Robinson","ARI",1,4.01175,3.5813,0.771984,0.521613,0.140737,0.0211333,0.0885005,0.466478,0.384659,0.360372,0.00665438,1.34906,0.0393803,0.0208231,0.00987535,0.0652462,0.114306,0.0189946,0.215559,0.089829,0.336277,0.267128,0.292797,0.340795,0.285456,0.633591,0.125235,6.00674,0.31576,,0.0102696,0.37176,-0.0991279,78.4272,0.0102696,0,-0.09115835558623075,-0.046296294778585434,-0.0010325,999,,,,,,,1.6,1.6,1.6,1.6,,,,,,,,,,,,,,,,,,,"Kristian Robinson","sa3006884",677565
"DaShawn Keirsey Jr.","ATL",1,4.06076,3.76173,0.819592,0.578255,0.164217,0.0146464,0.0624738,0.439075,0.347829,0.227244,0.00274146,1.13729,0.0370387,0.025335,0.00941348,0.0659241,0.123543,0.0314389,0.217876,0.055961,0.280068,0.199813,0.267535,0.319141,0.262894,0.586676,0.101265,5.63699,0.292628,,0.00742601,0.303237,-0.173403,63.5902,0.00742601,0.01,-0.16585126286372542,0.025432097725570202,-0.00117684,999,,,,,,,1.6,1.6,1.6,1.6,,,,,,,,,,,,,,,,,,,"DaShawn Keirsey Jr.","24496",680577
"Garrett Hampson","CIN",1,3.95973,3.56607,0.757853,0.535062,0.135495,0.0313421,0.0559539,0.422852,0.275014,0.276576,0.00135735,1.11243,0.0297755,0.0241383,0.0631653,0.0540238,0.10614,0.0236703,0.212518,0.0698474,0.280936,0.248624,0.273114,0.315163,0.265136,0.588277,0.102645,6.47449,0.289822,,0.0071193,0.302774,-0.162007,60.6867,0.0071193,0.02,-0.17532092472538352,0.035432097502052784,-0.00145124,999,,,,,,,1.6,1.6,1.6,1.6,,,,,,,,,,,,,,,,,,,"Garrett Hampson","19262",641658
"Ethan Murray","MIL",1,3.93095,3.54669,0.727106,0.504895,0.145143,0.0116305,0.0654373,0.363239,0.356928,0.293952,0,1.12325,0.0370774,0.0230962,0.0301331,0.0724303,0.0452723,0.00952051,0.205009,0.0747788,0.285745,0.261697,0.27126,0.307842,0.262613,0.579102,0.102833,4.2333,0.277883,,0.000751156,0.292663,-0.168741,64.6302,0.000751156,0,-0.16219620063202456,0.01543209794908762,-0.00224943,999,,,,,,,1.6,1.6,1.6,1.6,,,,,,,,,,,,,,,,,,,"Ethan Murray","sa3017051",696140
"Michael Siani","BAL",1,4.07089,3.62076,0.721875,0.549668,0.126243,0.0155721,0.0303922,0.427698,0.226597,0.337709,0.00600126,1.10283,0.0301782,0.0236418,0.0585977,0.0706461,0.156342,0.0342631,0.199371,0.0829571,0.270906,0.306221,0.271606,0.268021,0.248515,0.539627,0.0686495,6.15351,0.275361,,0.0124527,0.257314,-0.220515,55.1707,0.0124527,0.02,-0.20200894959270954,0.035432097502052784,-0.00243661,999,,,,,,,1.6,1.6,1.6,1.6,,,,,,,,,,,,,,,,,,,"Michael Siani","22557",672279
"Hayden Senger","NYM",5,20.0781,18.4026,3.65907,2.55119,0.652139,0.0269087,0.42883,1.82173,1.77235,1.06045,0,6.31978,0.289484,0.116274,0.209353,0.332986,0.105736,0.0392564,0.198835,0.0528163,0.314759,0.167799,0.252104,0.307105,0.251747,0.559209,0.10827,3.33718,0.274441,,-0.0154882,1.32086,-1.03586,59.7949,-0.0154882,-0.09,-0.9615540076047182,0.2958024740219116,-0.00289393,999,,,,,,,10.3,2.06,10.3,2.06,,,,,,,,,,,,,,,,,,,"Hayden Senger","21489",663584
"Will Brennan","SFG",3,13.0472,12.1337,2.99621,2.21586,0.592808,0.0489506,0.138591,1.31917,1.17381,0.686311,0.0330041,1.75648,0.117393,0.0900169,0.0197747,0.266624,0.195174,0.0535869,0.246933,0.0526022,0.134625,0.39073,0.291686,0.338124,0.280786,0.62981,0.0911909,4.49985,0.27667,,0.00136917,1.16046,-0.370986,78.6421,0.00136917,0.01,-0.325212279567495,-0.12888888083398342,-0.00408196,999,,,,,,,10.7,3.566666666,10.7,3.566666666,,,,,,,,,,,,,,,,,,,"Will Brennan","25660",686823
"Shay Whitcomb","HOU",5,21.21,19.4923,4.00428,2.51565,0.781325,0.0287757,0.678534,2.30527,2.29967,1.36567,0.0510169,6.74944,0.197873,0.123328,0.0307559,0.274528,0.447381,0.136183,0.205429,0.0643883,0.31822,0.202339,0.262891,0.352896,0.272902,0.615787,0.147467,4.75686,0.272878,,0.0125529,1.75313,-0.736436,70.8536,0.0125529,-0.09,-0.7139268154278398,-0.07456790655851364,-0.00455871,999,,,,,,,18.7,3.74,18.7,3.74,,,,,,,,,,,,,,,,,,,"Shay Whitcomb","27789",694376
"Omar Martinez","LAA",2,8.02891,7.21506,1.40663,0.894167,0.269288,0.0125736,0.2306,0.765332,0.837207,0.675681,0.0070941,2.70184,0.0780998,0.0504323,0.00963317,0.124923,0.0349304,0.00676677,0.194957,0.0841561,0.336514,0.250082,0.269402,0.331649,0.270518,0.601051,0.136691,3.03492,0.271409,,-0.00444001,0.648377,-0.294033,67.4893,-0.00444001,-0.03,-0.31118751084432006,-0.029999999329447746,-0.00610225,999,,,,,,,1.6,0.8,1.6,0.8,,,,,,,,,,,,,,,,,,,"Omar Martinez","25369",683079
"Tyler Black","MIL",1,3.93095,3.46709,0.757454,0.520153,0.163831,0.0159561,0.0575136,0.422004,0.353161,0.384189,0.00769649,0.959936,0.0527014,0.0214218,0.00555323,0.0630606,0.115456,0.0311909,0.21847,0.0977343,0.244199,0.400223,0.304261,0.324693,0.286319,0.628953,0.106223,5.42368,0.283255,,0.00533179,0.366977,-0.0944267,80.7611,0.00533179,0,-0.08330092718824744,-0.10802469402551651,-0.00681602,999,,,,,,,2.6,2.6,2.6,2.6,,,,,,,,,,,,,,,,,,,"Tyler Black","29949",672012
"Carlos Rodríguez","SDP",5,21.622,19.8267,4.80202,3.61088,0.949909,0.0680517,0.173181,2.16591,1.8377,1.5233,0.0397141,3.22233,0.0631555,0.137258,0.0714984,0.430263,0.413603,0.108516,0.242199,0.0704513,0.149031,0.472731,0.296443,0.323178,0.278798,0.619621,0.0809792,4.65695,0.279376,,0.0111446,1.88885,-0.649077,78.641,0.0111446,0,-0.5300974184647202,-0.23148147761821747,-0.00769082,999,,,,,,,16.9,3.38,16.9,3.38,,,,,,,,,,,,,,,,,,,"Carlos Rodriguez","sa3005478",677578
"Justin Turner",,15,64,57.8805,14.1672,9.76716,2.86861,0.0691823,1.46224,6.74202,7.16495,4.46552,0.0242438,11.3479,0.954628,0.579712,0.119631,1.11768,0.287767,0.129017,0.244766,0.0697737,0.177311,0.393511,0.306625,0.372507,0.303041,0.679132,0.127741,2.7699,0.278312,,-0.0752094,6.82822,-0.683918,90.7006,-0.0752094,-0.04,-0.7736734077334404,-1.4443209543824196,-0.00814062,999,,,,,,,53.5,3.566666666,53.5,3.566666666,,,,,,,,,,,,,,,,,,,"Justin Turner","5235",457759
"Sandy León","ATL",16,62.9418,55.7203,9.4268,6.52019,1.60468,0,1.30192,5.18545,5.43815,4.86002,0.0012645,21.1191,0.610751,0.381519,0.616295,1.01487,0.113805,0.0645527,0.169181,0.0772146,0.335535,0.230124,0.241951,0.268075,0.234407,0.510027,0.0988948,2.03892,0.241232,,-0.0669045,3.27034,-4.11758,44.2068,-0.0669045,0.87,-4.182536594569683,2.1045678853988647,-0.00814398,999,,,,,,,27.6,1.725,27.6,1.725,,,,,,,,,,,,,,,,,,,"Sandy Leon","5273",506702
"Oswaldo Cabrera","NYY",4,17.0743,15.4531,3.35283,2.34591,0.704377,0.0280826,0.274466,1.6766,1.4983,1.25696,0.0453748,3.78084,0.106624,0.125846,0.131759,0.305012,0.263996,0.0878807,0.216968,0.0736171,0.221434,0.332456,0.278377,0.319468,0.268598,0.597845,0.1025,4.18237,0.267134,,-0.00245967,1.35269,-0.651442,68.4839,-0.00245967,0.01,-0.6348334231879562,-0.051728395745158195,-0.00897946,999,,,,,,,7.7,1.925,7.7,1.925,,,,,,,,,,,,,,,,,,,"Oswaldo Cabrera","21707",665828
"P.J. Higgins","CIN",7,27.7181,25.372,5.54959,4.18341,1.00897,0.0756028,0.281612,2.40354,2.28897,1.79676,0.0134458,6.37253,0.219784,0.204395,0.125177,0.515546,0.0503954,0.0200664,0.218729,0.0648226,0.229905,0.281954,0.274206,0.297754,0.259135,0.57196,0.0790246,2.78916,0.278402,,-0.0307745,1.98676,-1.26671,56.6029,-0.0307745,-0.08,-1.440517133101821,0.4601234644651413,-0.0102787,999,,,,,,,17.5,2.5,17.5,2.5,,,,,,,,,,,,,,,,,,,"P.J. Higgins","18433",664731
"John Rave","KCR",10,42.1959,37.6168,8.47018,5.67359,1.77967,0.174665,0.842262,4.84085,3.8084,3.65607,0.0629364,10.3965,0.221963,0.259768,0.44128,0.715658,1.10872,0.261599,0.22517,0.0866452,0.246387,0.351663,0.295733,0.348939,0.289112,0.644672,0.123769,5.50111,0.286357,,0.0647398,4.03321,-0.91962,78.2751,0.0647398,0.14,-1.0125344917178154,-0.5698765367269516,-0.0104784,999,,,,,,,35.9,3.59,35.9,3.59,,,,,,,,,,,,,,,,,,,"John Rave","26284",670231
"Yohel Pozo","STL",3,12.7467,12.1141,2.90581,2.07305,0.602008,0,0.23075,1.13601,1.39317,0.448173,0.0283969,1.63327,0.0673021,0.0893395,0.0277391,0.266905,0.0144035,0.00629606,0.239869,0.03516,0.128133,0.274403,0.268991,0.346708,0.271391,0.615699,0.106839,1.8163,0.258723,,-0.0132048,1.03824,-0.457932,72.0034,-0.0132048,0,-0.43143787793815136,-0.07716049253940582,-0.0106446,999,,,,,,,7.7,2.566666666,7.7,2.566666666,,,,,,,,,,,,,,,,,,,"Yohel Pozo","18848",650968
"Donovan Walton","LAA",13,55.1987,49.7817,10.9703,7.76037,2.26806,0.0743319,0.867502,5.03153,5.01208,4.17504,0.205511,9.38776,0.596288,0.430424,0.215259,1.17729,0.325637,0.113054,0.220367,0.0756365,0.170072,0.444733,0.286297,0.321192,0.273332,0.607489,0.100825,2.91092,0.252841,,-0.0461384,4.58145,-1.89762,69.3986,-0.0461384,-0.27,-2.03117560967803,-0.029259279370307922,-0.0127231,999,,,,,,,41.8,3.215384615,41.8,3.215384615,,,,,,,,,,,,,,,,,,,"Donovan Walton","19314",622268
"Victor Bericoto","SFG",16,68.2469,63.2434,15.077,10.8235,2.62792,0.164588,1.461,6.90054,7.04697,4.06257,0.0889557,15.8392,0.266017,0.494565,0.180378,1.39223,0.512295,0.121379,0.238397,0.0595276,0.232086,0.256489,0.285098,0.354459,0.28406,0.639557,0.116061,3.51953,0.293211,,-0.026655,6.24828,-1.76235,80.87,-0.026655,0,-1.5567339286208153,-0.7407407164573669,-0.0133765,999,,,,,,,53,3.3125,53,3.3125,,,,,,,,,,,,,,,,,,,"Victor Bericoto","26468",682674
"Blaine Crim","TEX",4,16.9342,15.3084,3.44564,2.27128,0.673461,0.0292425,0.471656,1.75541,1.86068,1.30606,0.0701798,3.95189,0.171838,0.128147,0.0197649,0.290632,0.078727,0.0274926,0.225082,0.0771257,0.233368,0.33049,0.291085,0.365327,0.291355,0.656412,0.140245,3.0544,0.270044,,-0.0149092,1.64891,-0.338775,84.203,-0.0149092,0,-0.329276867210865,-0.40123456716537476,-0.0139871,999,,,,,,,7.7,1.925,7.7,1.925,,,,,,,,,,,,,,,,,,,"Blaine Crim","25714",688760
"Jacob Berry","MIA",9,38.1634,34.533,7.80431,5.29564,1.83937,0.0958773,0.57342,3.75601,3.73549,2.79685,0.130321,7.31478,0.46509,0.295106,0.0733174,0.616855,0.853987,0.143114,0.225996,0.0732862,0.19167,0.382356,0.290528,0.334627,0.280176,0.625156,0.108632,4.73415,0.268408,,0.0678231,3.37581,-1.1037,74.4756,0.0678231,0,-1.0737903863191605,-0.2777777910232544,-0.0143287,999,,,,,,,35.9,3.988888888,35.9,3.988888888,,,,,,,,,,,,,,,,,,,"Jacob Berry","sa3019825",694351
"Nick Allen","HOU",18,80.7998,72.8451,15.8894,12.3561,2.48232,0.385242,0.665711,8.03368,5.0755,5.55446,0.0626417,16.3193,0.496431,0.486643,1.41721,1.53931,1.71069,0.576553,0.218126,0.0687435,0.201972,0.340361,0.276386,0.290196,0.257666,0.566582,0.0720699,5.14114,0.270178,,0.00966016,5.69687,-3.78719,60.5146,0.00966016,0.31,-3.739595977589488,0.7632163763046265,-0.0145576,999,,,,,,,50.8,2.822222222,50.8,2.822222222,,,,,,,,,,,,,,,,,,,"Nick Allen","22277",669397
"Heston Kjerstad","BAL",9,38.6734,35.3912,8.21466,5.41961,1.68698,0.123633,0.984432,4.19235,4.22352,2.32311,0.0787758,10.0759,0.63803,0.269823,0.0512728,0.694922,0.200025,0.0609142,0.23211,0.06007,0.260537,0.230562,0.289362,0.370211,0.292646,0.659573,0.138101,3.64141,0.293903,,-0.0287098,3.80552,-0.733854,85.118,-0.0287098,-0.03,-0.7050590105354786,-0.7938888948410749,-0.0145876,999,,,,,,,34,3.777777777,34,3.777777777,,,,,,,,,,,,,,,,,,,"Heston Kjerstad","31166",677008
"Griffin Conine","MIA",34,148.636,132.854,29.3113,18.3561,5.89616,0.276583,4.78247,15.9441,18.2347,13.3332,0.292973,46.3753,1.4161,0.838761,0.194128,2.59192,0.914697,0.274018,0.220628,0.0897032,0.312005,0.287506,0.29682,0.377166,0.300208,0.673985,0.156538,3.2453,0.297193,,-0.102242,15.5224,-1.92415,88.1065,-0.102242,0.05,-2.174053005874157,-2.6900548450648785,-0.0148259,999,,,,,,,137.7,4.05,137.7,4.05,,,,,,,,,,,,,,,,,,,"Griffin Conine","21626",665052
"Tim Elko","CHW",4,16.8896,15.712,3.57507,2.40871,0.591063,0.0469678,0.528327,1.71358,1.93654,0.930481,0.0161941,5.55346,0.143869,0.0738687,0.0293701,0.322312,0.0426922,0.0151137,0.227537,0.0550919,0.328809,0.16755,0.275762,0.372011,0.286505,0.647773,0.144474,2.95186,0.313964,,-0.0159369,1.57924,-0.403211,79.2551,-0.0159369,-0.03,-0.4276829995214939,-0.33864196948707104,-0.0178174,999,,,,,,,21.7,5.425,21.7,5.425,,,,,,,,,,,,,,,,,,,"Tim Elko","31522",671284
"Abimelec Ortiz","WSN",34,148.221,134.273,30.52,18.905,6.68786,0.26149,4.66567,15.42,18.7142,11.0862,0.231045,34.8475,1.56222,1.02256,0.277179,2.52702,0.769327,0.196027,0.227299,0.0747954,0.235105,0.318136,0.29179,0.385245,0.299789,0.677036,0.157946,3.13799,0.269929,,-0.0915744,15.4294,-1.96829,89.1888,-0.0915744,0,-1.9695833548903465,-2.9232804775238037,-0.019125,999,,,,,,,147.8,4.347058823,147.8,4.347058823,,,,,,,,,,,,,,,,,,,"Abimelec Ortiz","sa3016926",694673
"Jase Bowen","SDP",37,157.251,143.887,31.0593,20.2824,5.86215,0.777193,4.13755,17.2625,15.5437,9.64364,0.371968,48.3967,1.60542,1.01364,1.10063,1.97006,4.14567,0.635256,0.215858,0.0613266,0.307768,0.199262,0.270947,0.353669,0.276827,0.624616,0.137811,6.02344,0.291466,,0.405024,13.4899,-4.96773,77.2999,0.405024,0,-3.7784534692764282,-1.4043209552764893,-0.0194528,999,,,,,,,131.1,3.543243243,131.1,3.543243243,,,,,,,,,,,,,,,,,,,"Jase Bowen","26047",687749
"George Valera","CLE",25,106.206,95.019,21.897,15.016,4.20546,0.168328,2.50728,11.2981,11.3511,9.57514,0.0811618,23.7205,0.72603,0.723666,0.162494,2.15728,0.864611,0.311612,0.230449,0.0901561,0.223344,0.403665,0.303631,0.357413,0.296831,0.661044,0.126964,3.44213,0.27893,,-0.0876377,10.8053,-1.66095,87.6986,-0.0876377,-0.38,-1.62297123670578,-2.309012293815613,-0.0211557,748.3099975585938,,,,,,,102.9,4.116,102.9,4.116,,,,,,,,,,,,,,,,,,,"George Valera","22541",671655
"Charlie Condon","COL",16,68.8119,61.5064,15.1049,9.84438,2.92631,0.442691,1.89151,8.38752,8.06936,5.61168,0.000532604,18.976,1.11007,0.430106,0.153679,1.18036,0.827054,0.200761,0.245583,0.081551,0.275766,0.295725,0.317903,0.399814,0.319248,0.717717,0.154232,5.15136,0.321737,,-0.00407895,8.23091,0.153963,88.6928,-0.00407895,0,-0.9159550908952951,-1.5123456716537476,-0.0249448,999,,,,,,,72.4,4.525,72.4,4.525,,,,,,,,,,,,,,,,,,,"Charlie Condon","sa3025257",809707
"Aaron Zavala","TEX",6,25.8993,23.0338,4.67098,3.10532,1.0245,0.0478478,0.493312,2.56812,2.29227,2.32298,0.0503377,8.14846,0.300563,0.16742,0.0745502,0.381685,0.350034,0.0774537,0.202788,0.0896925,0.314621,0.285081,0.282462,0.315671,0.27148,0.598133,0.112883,4.1581,0.286938,,0.00837799,2.11138,-0.928612,70.7161,0.00837799,0,-0.8829048648476601,-0.277777761220932,-0.0258427,999,,,,,,,13.9,2.316666666,13.9,2.316666666,,,,,,,,,,,,,,,,,,,"Aaron Zavala","sa3017665",701648
"Carlos Santana","ARI",20,86.2527,76.6379,16.7534,10.5934,3.54595,0,2.61401,9.31148,10.452,8.24002,0.0766139,15.2267,0.44462,0.662454,0.117917,1.6311,0.68947,0.252401,0.218604,0.0955335,0.176536,0.541155,0.295842,0.367199,0.29641,0.663041,0.148595,2.92052,0.237797,,-0.0666144,8.74625,-1.37785,85.8803,-0.0666144,-0.02,-1.4939164891839027,-1.5632099099457264,-0.0326363,999,,,,,,,83.9,4.195,83.9,4.195,,,,,,,,,,,,,,,,,,,"Carlos Santana","2396",467793
"Braden Shewmake","HOU",14,59.5899,55.2513,11.8043,7.92157,2.66174,0.125527,1.09549,5.95524,5.44109,3.1675,0.0544437,12.0469,0.406316,0.46131,0.303407,0.988915,1.26946,0.301437,0.213648,0.053155,0.202163,0.262931,0.259387,0.325849,0.260547,0.585237,0.112201,4.86644,0.251557,,0.0702993,4.33836,-2.65613,62.4698,0.0702993,-0.16,-2.5578611940145493,0.1177777647972107,-0.0358438,999,,,,,,,41.2,2.942857142,41.2,2.942857142,,,,,,,,,,,,,,,,,,,"Braden Shewmake","25817",669699
"Wilmer Flores",,17,73,65.2579,14.7102,9.95615,2.54019,0.0521582,2.16169,7.54797,8.34261,6.02182,0.0475047,12.3416,0.941496,0.652265,0.089426,1.2029,0.125104,0.0558241,0.225416,0.0824907,0.169063,0.48793,0.297413,0.365316,0.296459,0.662729,0.1399,2.19101,0.244101,,-0.086845,7.40525,-1.16328,86.2278,-0.086845,-0.04,-1.2667183429002762,-1.5677777901291847,-0.0404999,999,,,,,,,67.5,3.970588235,67.5,3.970588235,,,,,,,,,,,,,,,,,,,"Wilmer Flores","5827",527038
"Troy Johnston","COL",53,231.734,211.218,55.8239,38.9678,11.9104,0.695941,4.24975,27.3283,26.0925,15.3376,0.460736,43.9048,3.09819,1.55063,0.529442,4.22372,4.80296,1.6839,0.264295,0.0661862,0.189462,0.349338,0.321186,0.387634,0.314967,0.708819,0.123339,4.75843,0.313302,,-0.0282187,26.9277,-0.272595,85.7799,-0.0282187,-0.6,-3.8901827074587345,-3.8716050386428833,-0.0413875,748.4099731445312,,,,,,,238.6,4.501886792,238.6,4.501886792,,,,,,,,,,,,,,,,,,,"Troy Johnston","26143",687859
"Deyvison De Los Santos","MIA",14,59.2537,55.0984,13.2797,9.2243,2.47295,0.18378,1.39865,6.05525,6.71195,3.22709,0.277515,14.117,0.458255,0.350447,0.119462,1.22841,0.895614,0.205991,0.241017,0.0544623,0.238247,0.228596,0.28689,0.368724,0.288917,0.655615,0.127707,4.43756,0.297523,,0.028256,5.65444,-1.30058,80.4237,0.028256,0,-1.3311918769031763,-1.1799620389938354,-0.0645365,999,,,,,,,43.9,3.135714285,43.9,3.135714285,,,,,,,,,,,,,,,,,,,"Deyvison De Los Santos","27969",691277
"TJ Rumfield","COL",76,333.94,300.578,76.9138,52.4671,16.0007,0.288453,8.15754,37.4083,41.539,26.6297,0.62925,57.8692,3.93884,2.41791,0.376105,7.18819,1.28306,0.623178,0.255887,0.0797438,0.173292,0.46017,0.322224,0.392458,0.317859,0.714682,0.136571,2.64055,0.290149,,-0.433037,39.5742,0.377294,87.7477,-0.433037,0,-5.228196054697037,-6.0446343421936035,-0.068631,999,,,,,,,343.9,4.525,343.9,4.525,,,,,,,,,,,,,,,,,,,"TJ Rumfield","29805",681198
"Bryce Johnson","SDP",33,140.543,125.197,26.9037,20.3564,4.91683,0.440776,1.18965,14.6424,8.23124,10.5247,0.131229,38.3473,1.76264,0.780427,2.27846,2.25889,5.57828,1.38921,0.214892,0.0748859,0.272852,0.274456,0.28345,0.289713,0.262352,0.573163,0.0748212,5.7903,0.297478,,0.37624,10.4343,-6.06217,67.4508,0.37624,0.46,-4.985005289316177,-0.8825925886631012,-0.143997,999,,,,,,,97.7,2.96060606,97.7,2.96060606,,,,,,,,,,,,,,,,,,,"Bryce Johnson","20002",669369
"Richie Palacios","TBR",61,254.32,222.986,48.2589,34.6042,9.73625,0.802902,3.11563,26.9061,19.7025,25.8894,0.494557,49.7791,2.82519,1.71188,0.906641,4.22648,8.34558,2.45488,0.216421,0.101799,0.195734,0.520086,0.303748,0.309202,0.280729,0.61295,0.0927811,5.22004,0.262761,,0.33414,22.6085,-7.24284,74.713,0.33414,-2.19,-7.223328351974487,-3.4451440572738647,-0.179067,999,,,,,,,205.3,3.36557377,205.3,3.36557377,,,,,,,,,,,,,,,,,,,"Richie Palacios","24589",680700
"Ildemaro Vargas","ARI",49,210.617,194.303,47.0784,34.0155,9.7846,0.659256,2.61908,20.9221,20.5034,10.9968,0.435556,24.3183,1.53706,1.45903,2.32071,5.32876,1.92154,0.640707,0.242293,0.0522122,0.115462,0.452201,0.28619,0.339874,0.278695,0.626064,0.0975811,4.00298,0.263345,,-0.120956,18.3818,-6.33985,73.8264,-0.120956,0.03,-6.581561021506786,-1.960740776732564,-0.190086,999,,,,,,,172.1,3.512244897,172.1,3.512244897,,,,,,,,,,,,,,,,,,,"Ildemaro Vargas","13324",545121
"Adam Frazier","LAA",34,148.535,134.05,29.3728,21.8032,5.77354,0.507837,1.28826,13.5468,11.1171,10.4593,0.279354,29.2927,1.66503,1.0996,1.26093,2.67946,1.92795,0.67396,0.219119,0.0704167,0.197211,0.357063,0.281769,0.298596,0.263383,0.580365,0.0794777,4.20742,0.268576,,-0.0674733,11.1498,-6.28475,62.6476,-0.0674733,-1.03,-6.5874399319291115,-1.2923456728458405,-0.273559,999,,,,,,,97.9,2.879411764,97.9,2.879411764,,,,,,,,,,,,,,,,,,,"Adam Frazier","15223",624428