Name,Team,G,PA,AB,H,1B,2B,3B,HR,R,RBI,BB,IBB,SO,HBP,SF,SH,GDP,SB,CS,AVG,BB%,K%,BB/K,OBP,SLG,wOBA,OPS,ISO,Spd,BABIP,UBR,wSB,wRC,wRAA,wRC+,BsR,Fld,Off,Def,WAR,ADP,InterSD,InterSK,IntraSD,Vol,Skew,Dim,FPTS,FPTS/G,SPTS,SPTS/G,P10,P20,P30,P40,P50,P60,P70,P80,P90,TT10,TT20,TT30,TT40,TT50,TT60,TT70,TT80,TT90,NameASCII,PlayerId,MLBAMID
"Aaron Judge","NYY",87,381,309,87,44,16,0,26,65,69,67,12,98,4,2,0,,5,2,0.280619,0.174594,0.257014,0.679319,0.411424,0.591374,0.422335,1.0028,0.310755,3.82549,0.32289,0,-0.248462,76.8881,32.1709,172.808,-0.248462,2.5913,32.347881734371185,-1.835557460784912,4.49635,1.850000023841858,,,,,,,685.9,7.883908045,685.9,7.883908045,,,,,,,,,,,,,,,,,,,"Aaron Judge","15640",592450
"Bobby Witt Jr.","KCR",91,396,358,103,61,23,4,15,56,52,32,3,70,3,2,0,,22,5,0.287172,0.0817028,0.176516,0.462864,0.349151,0.500812,0.366941,0.849963,0.21364,6.97901,0.317819,0,1.87397,62.4667,15.957,131.089,1.87397,7.26326,16.350471019744873,11.35591983795166,4.2637,3.0999999046325684,,,,,,,582.1,6.396703296,582.1,6.396703296,,,,,,,,,,,,,,,,,,,"Bobby Witt Jr.","25764",677951
"Shohei Ohtani","LAD",91,411,347,100,53,18,3,26,76,72,57,10,98,4,3,0,,15,3,0.288521,0.139385,0.238715,0.583898,0.392565,0.579919,0.41105,0.972483,0.291397,6.72359,0.329577,0,1.29403,79.2229,30.9976,165.386,1.29403,0,32.77842688560486,-9.19191837310791,3.75397,1.2699999809265137,,,,,,,729.8,8.019780219,729.8,8.019780219,,,,,,,,,,,,,,,,,,,"Shohei Ohtani","19755",660271
"Fernando Tatis Jr.","SDP",92,397,346,94,63,16,1,13,56,47,43,2,80,4,3,0,,16,5,0.271707,0.109204,0.202469,0.539362,0.355597,0.443266,0.351748,0.798863,0.171559,5.37173,0.315269,0,0.582892,57.7285,11.1683,128.279,0.582892,6.69254,13.729504227638245,4.831236720085144,3.19278,14.010000228881836,,,,,,,512.1,5.566304347,512.1,5.566304347,,,,,,,,,,,,,,,,,,,"Fernando Tatis Jr.","19709",665487
"Pete Crow-Armstrong","CHC",91,371,337,86,52,15,3,15,53,53,22,1,91,7,2,3,,19,5,0.256388,0.0600695,0.246442,0.243747,0.313708,0.456981,0.3361,0.770689,0.200593,7.35189,0.306729,0,1.16541,49.3396,5.81315,115.676,1.16541,9.76341,7.9781787395477295,11.13238000869751,3.16503,32.939998626708984,,,,,,,455.3,5.003296703,455.3,5.003296703,,,,,,,,,,,,,,,,,,,"Pete Crow-Armstrong","27769",691718
"Corbin Carroll","ARI",91,394,343,90,48,18,9,16,66,53,43,2,86,5,2,1,,19,3,0.262595,0.108451,0.219145,0.494881,0.351073,0.503686,0.36979,0.854759,0.241091,8.19438,0.305127,0,1.94473,63.0672,16.7776,135.811,1.94473,4.17859,18.496191143989563,-0.14169788360595703,3.16415,14.100000381469727,,,,,,,586.6,6.446153846,586.6,6.446153846,,,,,,,,,,,,,,,,,,,"Corbin Carroll","25878",682998
"Juan Soto","NYM",87,378,306,83,48,12,1,21,59,57,68,6,64,1,2,0,,12,3,0.270475,0.179111,0.170406,1.05108,0.402573,0.525946,0.400991,0.928519,0.255471,4.94005,0.277203,0,0.823899,69.779,25.4586,161.346,0.823899,-3.32254,27.971105813980103,-9.561626672744751,3.11519,4.650000095367432,,,,,,,618.1,7.104597701,618.1,7.104597701,,,,,,,,,,,,,,,,,,,"Juan Soto","20123",665742
"Julio Rodríguez","SEA",91,401,364,98,62,18,1,18,56,56,29,3,89,5,2,0,,15,4,0.268674,0.0721751,0.221399,0.325995,0.329558,0.467556,0.346732,0.797114,0.198882,5.34125,0.308627,0,0.996169,56.72,9.6803,126.888,0.996169,1.44457,13.659318745136261,2.6678521633148193,3.11381,9.489999771118164,,,,,,,531.2,5.837362637,531.2,5.837362637,,,,,,,,,,,,,,,,,,,"Julio Rodriguez","23697",677594
"Elly De La Cruz","CIN",91,395,354,95,56,19,4,15,61,55,36,2,108,2,2,0,,22,6,0.26872,0.0916882,0.274199,0.334386,0.338253,0.476691,0.353863,0.814944,0.207971,7.50653,0.342968,0,1.52943,58.0987,11.7768,121.06,1.52943,1.69926,11.26979112625122,5.335718035697937,2.98581,8.449999809265137,,,,,,,535.9,5.889010989,535.9,5.889010989,,,,,,,,,,,,,,,,,,,"Elly De La Cruz","26668",682829
"Gunnar Henderson","BAL",91,395,353,92,54,18,3,16,56,50,36,1,89,4,2,0,,12,3,0.259538,0.0912733,0.225815,0.404196,0.332774,0.467146,0.349022,0.799919,0.207607,6.07688,0.301984,0,0.677165,56.5924,10.2565,123.374,0.677165,-0.597617,11.520599126815796,2.5984838604927063,2.86598,12.510000228881836,,,,,,,516.3,5.673626373,516.3,5.673626373,,,,,,,,,,,,,,,,,,,"Gunnar Henderson","26289",683002
"William Contreras","MIL",93,399,351,96,66,18,0,11,53,53,43,3,71,2,3,0,,3,1,0.27412,0.108681,0.176756,0.614865,0.354055,0.425201,0.344181,0.779256,0.151081,3.23413,0.311921,0,-0.463574,55.6425,8.8234,120.132,-0.463574,1.61657,8.947750926017761,6.3145740032196045,2.86194,56.560001373291016,,,,,,,480.1,5.162365591,480.1,5.162365591,,,,,,,,,,,,,,,,,,,"William Contreras","20503",661388
"José Ramírez","CLE",90,384,337,89,51,21,1,15,53,52,42,10,47,2,3,0,,20,3,0.263472,0.109086,0.12351,0.883218,0.346063,0.471111,0.349286,0.817173,0.207639,5.92271,0.264897,0,2.20903,55.0716,10.047,123.294,2.20903,3.0257,12.709682941436768,1.744787335395813,2.86019,6.28000020980835,,,,,,,530.6,5.895555555,530.6,5.895555555,,,,,,,,,,,,,,,,,,,"Jose Ramirez","13510",608070
"Francisco Lindor","NYM",78,346,307,79,50,15,2,13,51,43,32,1,64,6,2,0,,11,2,0.256963,0.0909906,0.184414,0.493404,0.335862,0.440664,0.342241,0.776526,0.183701,6.00544,0.284878,0,0.917255,47.7855,7.12664,121.371,0.917255,3.28045,9.592997789382935,6.800445795059204,2.80709,25.350000381469727,,,,,,,441.8,5.664102564,441.8,5.664102564,,,,,,,,,,,,,,,,,,,"Francisco Lindor","12916",596019
"Cal Raleigh","SEA",83,344,299,65,33,11,0,21,43,55,40,4,98,2,2,0,,3,1,0.218485,0.117108,0.283767,0.412692,0.31374,0.463377,0.335749,0.777117,0.244892,2.89685,0.244191,0,-0.206837,45.6569,5.29438,119.435,-0.206837,5.37147,7.646984130144119,7.57413649559021,2.79597,18.729999542236328,,,,,,,423.2,5.09879518,423.2,5.09879518,,,,,,,,,,,,,,,,,,,"Cal Raleigh","21534",663728
"Cody Bellinger","NYY",89,373,332,90,57,17,2,14,52,57,36,1,53,2,3,0,,8,2,0.271664,0.0960906,0.141505,0.679062,0.342838,0.46323,0.35189,0.806067,0.191566,5.31145,0.284001,0,0.119229,54.3911,10.5567,125.005,0.119229,6.39791,11.09303281456232,3.030639886856079,2.78983,80.98999786376953,,,,,,,487.9,5.482022471,487.9,5.482022471,,,,,,,,,,,,,,,,,,,"Cody Bellinger","15998",641355
"Yordan Alvarez","HOU",73,307,260,77,43,15,0,18,44,49,41,7,53,4,2,0,,1,0,0.297634,0.132324,0.174427,0.758621,0.39871,0.572555,0.413259,0.971265,0.274921,2.6153,0.310176,0,-0.368816,59.6643,23.6737,166.099,-0.368816,-0.346456,23.44877254962921,-7.45168673992157,2.7416,33.38999938964844,,,,,,,520.8,7.134246575,520.8,7.134246575,,,,,,,,,,,,,,,,,,,"Yordan Alvarez","19556",670541
"Junior Caminero","TBR",95,400,362,98,59,17,0,22,54,65,34,1,72,2,2,0,,3,1,0.271063,0.0851931,0.179158,0.47552,0.33518,0.501515,0.362819,0.836696,0.230452,2.96545,0.281918,0,-0.399426,61.8017,14.8073,130.419,-0.399426,-4.20637,13.912545174360275,-2.8096182346343994,2.57705,16.479999542236328,,,,,,,553.8,5.829473684,553.8,5.829473684,,,,,,,,,,,,,,,,,,,"Junior Caminero","28163",691406
"Adley Rutschman","BAL",77,323,284,73,44,17,1,11,38,41,35,1,50,2,2,0,,0,0,0.25754,0.108092,0.154987,0.697423,0.339993,0.438067,0.3429,0.77806,0.180527,2.25176,0.276356,0,-0.467134,44.6687,6.80594,119.219,-0.467134,3.99763,6.818453282117844,6.966517210006714,2.57224,148.92999267578125,,,,,,,394.2,5.119480519,394.2,5.119480519,,,,,,,,,,,,,,,,,,,"Adley Rutschman","26288",668939
"James Wood","WSN",91,400,341,90,50,21,1,18,59,56,54,5,118,3,2,0,,10,3,0.262703,0.136036,0.295975,0.459621,0.366851,0.489217,0.37192,0.856068,0.226514,5.02649,0.346859,0,0.148578,64.6301,17.6917,138.269,0.148578,-0.593897,18.083894327282906,-5.722193241119385,2.568,37.790000915527344,,,,,,,580.4,6.378021978,580.4,6.378021978,,,,,,,,,,,,,,,,,,,"James Wood","29518",695578
"Brice Turang","MIL",93,384,337,90,62,16,2,10,55,47,42,1,82,0,2,2,,17,4,0.267181,0.109645,0.213542,0.513456,0.347191,0.415543,0.338459,0.762734,0.148362,6.3357,0.324119,0,1.43374,51.8572,6.74776,116.239,1.43374,2.22228,8.747951626777649,3.634753704071045,2.51945,48.18000030517578,,,,,,,465.9,5.009677419,465.9,5.009677419,,,,,,,,,,,,,,,,,,,"Brice Turang","22186",668930
"Wyatt Langford","TEX",75,312,275,72,42,15,2,13,44,42,33,1,70,2,2,0,,10,2,0.263327,0.106347,0.224165,0.474413,0.345762,0.47595,0.358505,0.821712,0.212623,6.06401,0.306137,0,0.705161,47.1214,10.4732,129.77,0.705161,5.12147,11.628415584564209,2.0030715465545654,2.51931,37.75,,,,,,,423.7,5.649333333,423.7,5.649333333,,,,,,,,,,,,,,,,,,,"Wyatt Langford","33333",694671
"Michael Harris II","ATL",90,354,333,94,62,17,2,13,43,49,15,0,68,3,2,1,,11,3,0.283414,0.0426528,0.191291,0.222973,0.317721,0.468614,0.341919,0.786335,0.185199,5.61516,0.318628,0,0.63149,48.7006,7.18591,117.362,0.63149,4.48512,7.828370094299316,5.003413081169128,2.46582,99.06999969482422,,,,,,,442.8,4.92,442.8,4.92,,,,,,,,,,,,,,,,,,,"Michael Harris II","25931",671739
"Geraldo Perdomo","ARI",91,363,305,79,55,15,3,7,49,38,45,0,47,4,3,6,,12,3,0.260268,0.125163,0.129692,0.965085,0.359473,0.396349,0.339451,0.755822,0.136081,6.10497,0.284707,0,0.580164,49.2574,6.65917,115.167,0.580164,1.00231,7.031259655952454,5.069944620132446,2.42099,76.7699966430664,,,,,,,425.2,4.672527472,425.2,4.672527472,,,,,,,,,,,,,,,,,,,"Geraldo Perdomo","22799",672695
"Nico Hoerner","CHC",91,389,352,95,70,17,2,6,46,40,28,0,34,6,3,0,,16,3,0.27071,0.071538,0.0865085,0.826947,0.332026,0.38093,0.318661,0.712956,0.110219,5.84491,0.283543,0,1.23646,46.3053,0.687739,103.81,1.23646,6.46581,2.9718358516693115,8.105511784553528,2.39977,101.93000030517578,,,,,,,421.1,4.627472527,421.1,4.627472527,,,,,,,,,,,,,,,,,,,"Nico Hoerner","21479",663538
"Vladimir Guerrero Jr.","TOR",91,391,339,99,65,19,0,14,54,54,44,6,49,4,3,0,,4,1,0.290998,0.113743,0.125861,0.903716,0.376734,0.473607,0.37008,0.850341,0.182609,3.11488,0.302883,0,-0.29027,62.6107,16.7225,136.826,-0.29027,0.0529352,16.628673285245895,-6.997444547712803,2.39236,18.049999237060547,,,,,,,550.9,6.053846153,550.9,6.053846153,,,,,,,,,,,,,,,,,,,"Vladimir Guerrero Jr.","19611",665489
"Shea Langeliers","ATH",84,343,311,82,45,17,0,20,48,56,27,1,73,3,2,0,,2,0,0.264069,0.077373,0.213943,0.361653,0.32644,0.513122,0.362778,0.839563,0.249053,3.2067,0.283807,0,-0.139752,52.9497,12.6779,128.461,-0.139752,-3.15329,11.335509687662125,-0.16556620597839355,2.37803,54.04999923706055,,,,,,,479.3,5.70595238,479.3,5.70595238,,,,,,,,,,,,,,,,,,,"Shea Langeliers","25816",669127
"Ronald Acuña Jr.","ATL",72,321,267,74,46,13,1,14,57,40,48,2,68,4,2,0,,16,4,0.278791,0.150347,0.211134,0.712093,0.393883,0.496494,0.389756,0.890377,0.217703,6.20059,0.32195,0,1.02749,56.3827,18.7464,149.913,1.02749,-3.31297,19.783867597579956,-6.809168100357056,2.37295,5.260000228881836,,,,,,,497.6,6.911111111,497.6,6.911111111,,,,,,,,,,,,,,,,,,,"Ronald Acuna Jr.","18401",660670
"Ceddanne Rafaela","BOS",92,359,332,89,57,19,3,10,48,45,18,0,77,6,2,1,,12,5,0.267031,0.0493734,0.214997,0.229646,0.314095,0.428292,0.326417,0.742388,0.161261,6.31979,0.31933,0,0.0594521,44.9625,2.8537,102.415,0.0594521,7.27195,1.0774045065045357,8.573601365089417,2.27864,125.02999877929688,,,,,,,413.4,4.49347826,413.4,4.49347826,,,,,,,,,,,,,,,,,,,"Ceddanne Rafaela","24262",678882
"Kyle Tucker","LAD",84,354,303,78,45,16,2,15,53,52,47,2,55,2,2,0,,10,1,0.258118,0.131606,0.154948,0.849357,0.357862,0.470201,0.362164,0.828064,0.212084,5.6367,0.268891,0,1.05144,54.5058,12.9186,132.123,1.05144,0.153474,14.389826655387878,-3.564059689640999,2.26226,13.130000114440918,,,,,,,495.8,5.902380952,495.8,5.902380952,,,,,,,,,,,,,,,,,,,"Kyle Tucker","18345",663656
"Ketel Marte","ARI",82,351,309,81,48,16,2,15,50,49,35,2,57,3,3,0,,2,0,0.263144,0.101191,0.163684,0.618209,0.34263,0.472759,0.35478,0.815389,0.209616,4.42077,0.277781,0,-0.17296,51.8745,10.7196,125.598,-0.17296,0.863016,10.345607250928879,0.5650621354579926,2.25898,32.63999938964844,,,,,,,461.2,5.624390243,461.2,5.624390243,,,,,,,,,,,,,,,,,,,"Ketel Marte","13613",606466
"Zach Neto","LAA",88,368,324,80,45,19,1,15,53,48,31,2,97,10,2,1,,14,6,0.247246,0.0840301,0.262129,0.320568,0.330285,0.454138,0.343422,0.784423,0.206892,5.48069,0.302257,0,-0.0797586,51.1752,7.92735,116.961,-0.0797586,-2.15575,7.264108657836914,1.7845606803894043,2.25179,32.29999923706055,,,,,,,458.6,5.211363636,458.6,5.211363636,,,,,,,,,,,,,,,,,,,"Zach Neto","31347",687263
"Riley Greene","DET",90,374,334,92,57,19,1,15,48,54,36,1,103,2,2,0,,2,1,0.275536,0.097382,0.273935,0.355493,0.349665,0.472471,0.360115,0.822136,0.196936,3.30443,0.353809,0,-0.671325,56.9648,13.0346,129.212,-0.671325,1.10901,12.17693030834198,-3.3789950609207153,2.247,78.4800033569336,,,,,,,498,5.533333333,498,5.533333333,,,,,,,,,,,,,,,,,,,"Riley Greene","25976",682985
"Andy Pages","LAD",90,358,327,86,52,18,1,15,46,55,22,0,78,5,3,0,,6,3,0.263974,0.0617721,0.216899,0.284797,0.318091,0.466463,0.342094,0.784555,0.20249,4.51768,0.299984,0,-0.283953,49.3326,7.32167,118.466,-0.283953,1.72325,7.461828529834747,3.0518734455108643,2.24202,133.4199981689453,,,,,,,437.5,4.861111111,437.5,4.861111111,,,,,,,,,,,,,,,,,,,"Andy Pages","24816",681624
"Freddie Freeman","LAD",84,364,319,91,56,21,1,13,48,48,39,4,66,4,3,0,,4,1,0.286628,0.107367,0.180048,0.596324,0.368995,0.483496,0.370542,0.852491,0.196869,4.09279,0.323036,0,-0.00960356,58.4665,15.7139,137.823,-0.00960356,0.294003,16.135900435969234,-5.862067461013794,2.238,67.87999725341797,,,,,,,513.2,6.109523809,513.2,6.109523809,,,,,,,,,,,,,,,,,,,"Freddie Freeman","5361",518692
"Matt Chapman","SFG",83,341,298,74,42,18,1,12,45,41,37,1,81,4,2,0,,3,1,0.247069,0.108132,0.237233,0.455807,0.336222,0.43565,0.34075,0.771873,0.188582,4.24545,0.297959,0,-0.305644,46.6222,6.60833,119.444,-0.305644,2.45393,7.46289199590683,3.5346462726593018,2.23625,163.6199951171875,,,,,,,413,4.975903614,413,4.975903614,,,,,,,,,,,,,,,,,,,"Matt Chapman","16505",656305
"Matt Olson","ATL",91,396,346,88,47,21,0,19,54,57,45,2,95,3,3,0,,1,0,0.25366,0.112337,0.239674,0.468709,0.340683,0.481881,0.357336,0.822564,0.228222,2.65576,0.29312,0,-0.259671,59.4269,12.9209,127.853,-0.259671,3.43805,12.673552185297012,-3.5334911346435547,2.22586,48.0099983215332,,,,,,,532.2,5.848351648,532.2,5.848351648,,,,,,,,,,,,,,,,,,,"Matt Olson","14344",621566
"Nick Kurtz","ATH",86,369,313,82,46,17,1,18,56,62,52,3,103,2,2,0,,3,1,0.263115,0.140369,0.279251,0.502661,0.369553,0.500404,0.377952,0.869957,0.237288,3.96191,0.330836,0,-0.177182,61.3512,18.082,138.757,-0.177182,-1.47168,16.612666308879852,-8.030845522880554,2.2046,19.8700008392334,,,,,,,535.3,6.224418604,535.3,6.224418604,,,,,,,,,,,,,,,,,,,"Nick Kurtz","35110",701762
"Pete Alonso","BAL",91,392,348,93,52,20,0,20,50,62,36,3,86,6,2,0,,2,0,0.265728,0.0906544,0.219646,0.412729,0.34239,0.500895,0.364706,0.843285,0.235168,2.54902,0.295787,0,-0.348732,61.1637,15.1033,134.017,-0.348732,-0.41541,15.33804515004158,-7.607852041721344,2.20282,24.440000534057617,,,,,,,548.6,6.028571428,548.6,6.028571428,,,,,,,,,,,,,,,,,,,"Pete Alonso","19251",624413
"JJ Wetherholt","STL",78,344,299,75,55,11,1,8,45,39,36,1,57,8,2,0,,9,1,0.251632,0.103082,0.165183,0.624049,0.345074,0.374039,0.324752,0.719114,0.122408,5.3645,0.285017,0,0.817627,42.7195,2.28309,108.312,0.817627,4.87892,4.173651158809662,6.071797490119934,2.17089,999,,,,,,,380.1,4.873076923,380.1,4.873076923,,,,,,,,,,,,,,,,,,,"JJ Wetherholt","34985",802139
"Byron Buxton","MIN",71,294,264,66,33,13,2,18,48,41,23,2,81,5,2,0,,8,0,0.251008,0.078339,0.276835,0.282981,0.321162,0.517054,0.360248,0.838216,0.266047,6.97433,0.291926,0,1.27457,44.7815,10.271,128.798,1.27457,1.13308,11.224588513374329,-0.3747427463531494,2.16879,73.4800033569336,,,,,,,423.1,5.959154929,423.1,5.959154929,,,,,,,,,,,,,,,,,,,"Byron Buxton","14161",621439
"Alejandro Kirk","TOR",59,222,197,52,37,9,0,6,20,28,22,1,28,2,1,0,,0,0,0.265203,0.0997472,0.12445,0.801504,0.343033,0.40435,0.332727,0.747383,0.139147,1.50711,0.279711,0,-0.227494,28.9496,2.88388,111.478,-0.227494,6.48168,2.7679976522922516,10.561411380767822,2.16426,160.25,,,,,,,248.7,4.215254237,248.7,4.215254237,,,,,,,,,,,,,,,,,,,"Alejandro Kirk","22581",672386
"Bo Bichette","NYM",86,374,345,95,67,18,1,10,43,48,24,0,62,2,3,0,,3,2,0.276094,0.0655118,0.166993,0.392302,0.324853,0.416157,0.326749,0.74101,0.140064,3.30567,0.310769,0,-0.622786,46.9354,3.07155,110.829,-0.622786,2.2126,4.119974434375763,4.64811372756958,2.1145,92.86000061035156,,,,,,,417,4.848837209,417,4.848837209,,,,,,,,,,,,,,,,,,,"Bo Bichette","19612",666182
"CJ Abrams","WSN",91,381,341,89,55,18,3,13,54,50,27,2,73,9,3,0,,17,4,0.261972,0.0709605,0.191812,0.369949,0.330746,0.450835,0.342015,0.781581,0.188863,6.89584,0.295237,0,1.29625,52.4459,7.76318,117.92,1.29625,-4.67278,9.291309356689453,-0.796605110168457,2.10918,65,,,,,,,478,5.252747252,478,5.252747252,,,,,,,,,,,,,,,,,,,"CJ Abrams","25768",682928
"Jarren Duran","BOS",93,399,360,90,50,22,5,13,53,50,31,0,99,5,3,0,,15,2,0.249278,0.077743,0.247345,0.314311,0.315258,0.442854,0.331629,0.758111,0.193576,7.49741,0.307211,0,1.62428,51.6466,4.83064,105.952,1.62428,6.23414,4.413965821266174,2.1758008003234863,2.10909,64.04000091552734,,,,,,,489.4,5.262365591,489.4,5.262365591,,,,,,,,,,,,,,,,,,,"Jarren Duran","24617",680776
"Drake Baldwin","ATL",72,294,260,72,45,13,1,13,38,45,29,1,58,3,2,0,,0,0,0.274613,0.0985353,0.195659,0.503608,0.352638,0.484761,0.365972,0.837399,0.210148,2.43425,0.30391,0,-0.471231,46.1826,11.6279,133.729,-0.471231,-0.266675,11.165823251008987,0.0633985698223114,2.10865,78.62999725341797,,,,,,,404.8,5.622222222,404.8,5.622222222,,,,,,,,,,,,,,,,,,,"Drake Baldwin","31539",686948
"Ben Rice","NYY",80,320,279,73,38,16,2,18,49,51,35,1,71,4,2,0,,3,1,0.262021,0.108946,0.222426,0.489808,0.350975,0.523277,0.378278,0.874252,0.261256,4.47304,0.287679,0,-0.2742,53.4009,15.7975,142.912,-0.2742,0.0284327,15.881118923425674,-6.568535452708602,2.10597,53.189998626708984,,,,,,,476.7,5.95875,476.7,5.95875,,,,,,,,,,,,,,,,,,,"Ben Rice","29576",700250
"Corey Seager","TEX",68,293,255,62,37,12,0,13,38,39,33,4,60,3,2,0,,1,0,0.245002,0.11251,0.206148,0.545772,0.334793,0.450025,0.340606,0.784818,0.205022,2.67428,0.267885,0,-0.105902,39.9692,5.63635,117.624,-0.105902,1.11078,5.952028468251228,4.182904839515686,2.09008,95.08999633789062,,,,,,,359.1,5.280882352,359.1,5.280882352,,,,,,,,,,,,,,,,,,,"Corey Seager","13624",608369
"Mookie Betts","LAD",74,323,283,74,47,14,1,12,46,44,36,1,39,2,2,0,,4,2,0.259982,0.111696,0.119666,0.933405,0.346015,0.439665,0.346387,0.78568,0.179683,4.30888,0.264117,0,-0.2646,45.672,7.72096,121.387,-0.2646,-1.05612,7.839483827352524,2.170851707458496,2.07789,60.58000183105469,,,,,,,406.5,5.493243243,406.5,5.493243243,,,,,,,,,,,,,,,,,,,"Mookie Betts","13611",605141
"Jackson Chourio","MIL",82,346,320,89,53,22,2,12,50,50,22,1,74,1,2,1,,12,3,0.276869,0.063244,0.213355,0.296426,0.324236,0.468298,0.344607,0.792534,0.191429,6.22075,0.324983,0,0.681588,48.4523,7.78234,120.422,0.681588,3.02907,8.974634170532227,0.277721643447876,2.07559,19.3799991607666,,,,,,,449.8,5.485365853,449.8,5.485365853,,,,,,,,,,,,,,,,,,,"Jackson Chourio","28806",694192
"Trea Turner","PHI",85,375,345,93,64,17,2,10,53,40,26,0,72,2,2,0,,16,2,0.268132,0.0689297,0.191858,0.359274,0.321635,0.416606,0.325668,0.73824,0.148474,6.44073,0.310659,0,1.81625,46.8184,2.7617,105.16,1.81625,0.665847,4.086000561714172,4.244377613067627,2.07499,26.780000686645508,,,,,,,439.3,5.168235294,439.3,5.168235294,,,,,,,,,,,,,,,,,,,"Trea Turner","16252",607208
"Xavier Edwards","MIA",82,352,313,90,70,13,3,4,45,29,34,1,47,1,2,3,,16,4,0.287669,0.095873,0.132283,0.724754,0.35707,0.386925,0.333067,0.743996,0.0992559,6.24863,0.326348,0,1.03495,45.9245,4.66085,110.465,1.03495,2.77849,5.346564531326294,3.6720792055130005,2.0681,182.42999267578125,,,,,,,407.6,4.970731707,407.6,4.970731707,,,,,,,,,,,,,,,,,,,"Xavier Edwards","22266",669364
"Maikel Garcia","KCR",89,373,337,90,63,19,2,6,47,39,32,0,56,0,2,1,,13,4,0.267621,0.085817,0.149455,0.574198,0.329881,0.391063,0.321145,0.720944,0.123442,5.53052,0.303181,0,0.333547,45.1669,1.39855,100.012,0.333547,5.47968,0.3388995137065649,6.571019649505615,2.04856,63.150001525878906,,,,,,,399.4,4.487640449,399.4,4.487640449,,,,,,,,,,,,,,,,,,,"Maikel Garcia","22715",672580
"Kevin McGonigle","DET",65,276,241,63,39,15,2,7,39,34,32,0,36,2,1,0,,6,2,0.262522,0.116984,0.131136,0.892078,0.352136,0.434024,0.348945,0.78616,0.171503,5.71643,0.281973,0,0.10741,39.5542,7.15468,121.633,0.10741,0.94933,7.124682784080505,3.0532490611076355,2.03528,999,,,,,,,340.3,5.235384615,340.3,5.235384615,,,,,,,,,,,,,,,,,,,"Kevin McGonigle","33572",805808
"Will Smith","LAD",71,288,247,63,41,11,1,10,37,36,33,1,55,5,2,0,,1,0,0.253824,0.115633,0.191951,0.60241,0.350513,0.42898,0.345284,0.779493,0.175155,3.07669,0.285364,0,-0.412846,40.3612,6.613,120.636,-0.412846,-0.390863,6.540849506855011,3.928611993789673,2.00844,95.69000244140625,,,,,,,353.3,4.976056338,353.3,4.976056338,,,,,,,,,,,,,,,,,,,"Will Smith","19197",669257
"Jackson Merrill","SDP",86,342,313,81,50,16,2,12,43,44,24,2,71,2,2,2,,6,2,0.25751,0.0700229,0.208072,0.336533,0.312458,0.439377,0.327875,0.751836,0.181868,5.18666,0.296787,0,0.141223,43.2939,3.12046,112.035,0.141223,2.45903,4.968627005815506,3.7309229373931885,2.00518,70.79000091552734,,,,,,,395,4.593023255,395,4.593023255,,,,,,,,,,,,,,,,,,,"Jackson Merrill","29490",701538
"Oneil Cruz","PIT",86,353,310,77,45,14,2,16,50,49,39,2,111,3,2,0,,22,4,0.247489,0.109707,0.314659,0.348655,0.335001,0.459354,0.346868,0.794356,0.211866,6.70762,0.329021,0,2.40009,50.0603,8.57554,119.311,2.40009,-2.50603,10.398780822753906,-2.072662979364395,2.00326,92.93000030517578,,,,,,,480.2,5.58372093,480.2,5.58372093,,,,,,,,,,,,,,,,,,,"Oneil Cruz","21711",665833
"Ian Happ","CHC",89,382,329,80,44,19,1,15,51,48,48,2,98,3,2,0,,4,1,0.241893,0.125171,0.255997,0.488955,0.342236,0.44164,0.345497,0.783876,0.199748,4.06707,0.297295,0,-0.190313,53.7098,8.85448,122.071,-0.190313,1.96461,9.694298282265663,-2.3591500520706177,1.99514,184.86000061035156,,,,,,,478.6,5.377528089,478.6,5.377528089,,,,,,,,,,,,,,,,,,,"Ian Happ","17919",664023
"Dansby Swanson","CHC",88,356,318,73,47,13,1,11,47,43,33,0,89,2,3,0,,8,1,0.228616,0.0935743,0.250232,0.37395,0.302852,0.382684,0.304913,0.685535,0.154067,5.36068,0.279651,0,0.621787,38.4854,-3.27062,94.4554,0.621787,6.17227,-1.6898753643035889,9.858491897583008,1.99464,152.30999755859375,,,,,,,355,4.034090909,355,4.034090909,,,,,,,,,,,,,,,,,,,"Dansby Swanson","18314",621020
"Willy Adames","SFG",91,385,346,82,48,19,1,15,49,48,35,1,98,2,2,0,,5,2,0.237826,0.0920995,0.253867,0.362787,0.311025,0.427678,0.324707,0.738703,0.189852,4.0578,0.285862,0,-0.204952,47.7718,2.54004,108.528,-0.204952,-0.682946,3.6465904116630554,3.402296245098114,1.97624,133.92999267578125,,,,,,,429.9,4.724175824,429.9,4.724175824,,,,,,,,,,,,,,,,,,,"Willy Adames","15986",642715
"Kyle Schwarber","PHI",90,403,337,76,36,12,1,27,58,62,59,3,121,5,2,0,,3,1,0.225238,0.147296,0.300237,0.490599,0.348116,0.504752,0.36964,0.852869,0.279515,3.59318,0.257408,0,-0.269678,64.4116,17.0998,135.08,-0.269678,-0.363254,16.30177929997444,-9.956498622894287,1.9618,24.690000534057617,,,,,,,577.8,6.42,577.8,6.42,,,,,,,,,,,,,,,,,,,"Kyle Schwarber","16478",656941
"Mike Trout","LAA",72,308,253,58,33,11,0,14,44,38,50,5,89,4,1,0,,3,0,0.231022,0.162746,0.288922,0.563288,0.364627,0.445777,0.356156,0.810404,0.214755,3.80909,0.292813,0,0.0814677,45.9007,9.75309,125.602,0.0814677,-0.871365,9.346867628395557,-1.0393266081809998,1.95839,178.44000244140625,,,,,,,403,5.597222222,403,5.597222222,,,,,,,,,,,,,,,,,,,"Mike Trout","10155",545361
"Otto Lopez","MIA",82,333,307,88,64,15,3,6,40,36,20,0,51,3,3,0,,9,3,0.286448,0.0593173,0.152156,0.389844,0.333182,0.414255,0.329742,0.747437,0.127806,5.67937,0.323119,0,0.0549092,42.6813,3.53704,108.202,0.0549092,1.62147,3.26065419241786,5.234586834907532,1.95571,229.16000366210938,,,,,,,380.5,4.640243902,380.5,4.640243902,,,,,,,,,,,,,,,,,,,"Otto Lopez","19608",672640
"Yandy Díaz","TBR",88,375,332,100,70,17,1,12,46,50,36,2,53,5,2,0,,1,0,0.301125,0.0953474,0.141733,0.672727,0.376118,0.46777,0.371154,0.843888,0.166645,2.61916,0.327,0,-0.507414,60.3403,16.3512,136.074,-0.507414,0,15.380116939544678,-9.488910675048828,1.95093,138.63999938964844,,,,,,,520.7,5.917045454,520.7,5.917045454,,,,,,,,,,,,,,,,,,,"Yandy Diaz","16578",650490
"Jeremy Peña","HOU",74,309,282,77,53,14,1,8,40,34,18,0,54,6,2,1,,8,2,0.27245,0.0580454,0.174004,0.333587,0.327094,0.41709,0.328963,0.744184,0.144639,5.24785,0.309148,0,0.362691,39.3874,3.08798,108.896,0.362691,1.27636,3.5958383679389954,4.289021372795105,1.91973,122.9800033569336,,,,,,,352.3,4.76081081,352.3,4.76081081,,,,,,,,,,,,,,,,,,,"Jeremy Pena","21636",665161
"Michael Busch","CHC",89,364,314,79,46,16,2,14,46,51,41,1,88,6,3,0,,2,0,0.252218,0.113528,0.242375,0.468396,0.347214,0.454257,0.352427,0.801471,0.202039,4.18523,0.302926,0,-0.0547298,53.0981,10.4313,126.786,-0.0547298,2.3653,11.356406811624765,-4.268692493438721,1.90912,106.45999908447266,,,,,,,462.6,5.197752808,462.6,5.197752808,,,,,,,,,,,,,,,,,,,"Michael Busch","26319",683737
"Dillon Dingler","DET",70,277,250,60,35,13,1,11,32,42,20,0,66,5,2,0,,0,0,0.240193,0.072741,0.238362,0.30517,0.307496,0.427194,0.323084,0.73469,0.187001,2.69048,0.282543,0,-0.411712,33.9217,1.46469,104.084,-0.411712,4.95442,0.9153265058994293,7.91935658454895,1.89939,254.6199951171875,,,,,,,307.8,4.397142857,307.8,4.397142857,,,,,,,,,,,,,,,,,,,"Dillon Dingler","27464",693307
"Randy Arozarena","SEA",91,391,337,84,53,19,1,12,53,44,38,0,99,13,3,0,,18,4,0.249569,0.0977246,0.25334,0.385744,0.345966,0.414388,0.339861,0.760354,0.164819,5.70931,0.316531,0,1.44922,53.2292,7.30657,122.225,1.44922,-2.75831,11.667811036109924,-7.04099178314209,1.88057,89.37999725341797,,,,,,,483,5.307692307,483,5.307692307,,,,,,,,,,,,,,,,,,,"Randy Arozarena","19290",668227
"Masyn Winn","STL",86,367,331,82,59,15,2,6,46,37,28,0,72,4,3,1,,7,2,0.248658,0.0756358,0.195756,0.386377,0.312677,0.365458,0.303632,0.678134,0.1168,5.45432,0.296688,0,-0.00505665,39.3305,-3.74925,93.941,-0.00505665,5.35457,-2.611230638343841,9.282431840896606,1.87788,364.7799987792969,,,,,,,343.2,3.990697674,343.2,3.990697674,,,,,,,,,,,,,,,,,,,"Masyn Winn","27479",691026
"Colson Montgomery","CHW",80,335,299,66,36,12,1,16,40,51,28,1,103,7,1,0,,1,1,0.219234,0.0831788,0.307334,0.270646,0.298916,0.429316,0.319248,0.728232,0.210082,3.41755,0.272869,0,-0.440701,40.1141,0.750491,101.474,-0.440701,3.60863,0.14032289385795593,6.318453550338745,1.86743,254.75,,,,,,,365.6,4.57,365.6,4.57,,,,,,,,,,,,,,,,,,,"Colson Montgomery","29712",695657
"Xander Bogaerts","SDP",83,335,302,77,56,13,0,8,37,35,29,1,62,3,2,0,,10,1,0.256127,0.0851902,0.184409,0.461964,0.323799,0.380224,0.31415,0.704023,0.124097,4.56643,0.296207,0,0.951207,38.7068,-0.612194,102.696,0.951207,1.77685,2.009654223918915,5.491103291511536,1.85864,237.1999969482422,,,,,,,354.3,4.268674698,354.3,4.268674698,,,,,,,,,,,,,,,,,,,"Xander Bogaerts","12161",593428
"Seiya Suzuki","CHC",83,347,305,79,48,14,2,15,44,48,37,2,87,2,2,0,,3,2,0.258073,0.107771,0.251864,0.427891,0.341653,0.466821,0.353017,0.808474,0.208748,3.98677,0.310225,0,-0.55793,50.8027,10.1113,127.187,-0.55793,0.743188,10.487910866737366,-3.3971028923988342,1.85467,113.43000030517578,,,,,,,447.5,5.391566265,447.5,5.391566265,,,,,,,,,,,,,,,,,,,"Seiya Suzuki","30116",673548
"Trent Grisham","NYY",90,333,282,62,35,12,1,14,45,44,45,0,76,2,2,1,,5,1,0.220557,0.135815,0.227471,0.597066,0.330845,0.421889,0.335089,0.752734,0.201332,4.3532,0.246039,0,-0.0549115,44.0107,4.94876,113.604,-0.0549115,-0.164916,5.26550493016839,1.0329368561506271,1.84176,253.82000732421875,,,,,,,385,4.277777777,385,4.277777777,,,,,,,,,,,,,,,,,,,"Trent Grisham","18564",663757
"Matt McLain","CIN",87,354,312,74,46,15,1,12,46,44,36,0,94,4,2,1,,11,3,0.238722,0.101609,0.26445,0.38423,0.323838,0.411765,0.327305,0.735603,0.173043,5.59129,0.300259,0,0.667954,44.6721,3.07048,102.989,0.667954,3.13431,1.9095123410224915,4.714420795440674,1.83206,144.3000030517578,,,,,,,396.9,4.562068965,396.9,4.562068965,,,,,,,,,,,,,,,,,,,"Matt McLain","29695",680574
"Gabriel Moreno","ARI",60,223,198,54,38,10,0,6,27,28,21,1,40,2,2,0,,2,1,0.27296,0.0940045,0.178552,0.526483,0.345566,0.414234,0.336478,0.7598,0.141274,3.51031,0.313695,0,-0.351017,29.7087,3.55958,113.144,-0.351017,4.10647,3.0808320343494415,7.71091103553772,1.83081,181.22000122070312,,,,,,,259.8,4.33,259.8,4.33,,,,,,,,,,,,,,,,,,,"Gabriel Moreno","22664",672515
"Max Muncy","LAD",68,265,223,51,29,9,0,13,39,33,38,1,67,3,1,0,,1,0,0.229694,0.142964,0.254263,0.562269,0.347848,0.45231,0.353036,0.800158,0.222615,3.22286,0.26433,0,-0.178398,38.8545,7.73658,125.911,-0.178398,0.435988,7.872323259711266,1.3544669449329376,1.80818,234.3699951171875,,,,,,,335.8,4.938235294,335.8,4.938235294,,,,,,,,,,,,,,,,,,,"Max Muncy","13301",571970
"Willson Contreras","BOS",77,318,273,73,43,16,1,13,38,45,30,1,79,12,2,0,,2,1,0.266518,0.0947576,0.248687,0.381031,0.361985,0.470616,0.366469,0.832601,0.204098,3.67536,0.32747,0,-0.333012,49.955,12.6718,129.593,-0.333012,1.23606,10.713424891233444,-4.38343870639801,1.79052,168.1999969482422,,,,,,,437.1,5.676623376,437.1,5.676623376,,,,,,,,,,,,,,,,,,,"Willson Contreras","11609",575929
"Luis Arraez","SFG",90,389,359,113,87,18,3,4,45,38,20,2,16,3,4,4,,5,1,0.313862,0.0503935,0.0407845,1.2356,0.350442,0.412842,0.335834,0.763284,0.0989801,4.49628,0.316843,0,-0.0667244,51.7085,6.01965,116.1,-0.0667244,-3.31828,7.277676001191139,-2.1672240495681763,1.79027,280.04998779296875,,,,,,,456.4,5.071111111,456.4,5.071111111,,,,,,,,,,,,,,,,,,,"Luis Arraez","18568",650333
"Konnor Griffin","PIT",78,340,306,79,55,14,2,8,54,44,21,0,88,11,2,1,,18,4,0.258555,0.0606614,0.257414,0.235657,0.325051,0.397746,0.321821,0.722797,0.139191,7.44988,0.333854,0,1.40372,41.4261,1.46051,102.267,1.40372,1.31707,2.3085069060325623,4.341742038726807,1.7894,999,,,,,,,382.6,4.905128205,382.6,4.905128205,,,,,,,,,,,,,,,,,,,"Konnor Griffin","35376",804606
"Ernie Clement","TOR",88,317,299,85,59,18,2,6,39,34,12,0,31,2,2,2,,3,1,0.282757,0.0386452,0.0972026,0.397574,0.313253,0.416285,0.319918,0.729538,0.133528,4.4976,0.297298,0,-0.25999,38.1158,0.879331,102.786,-0.25999,3.90209,0.7787855267524719,5.542143225669861,1.78816,337.67999267578125,,,,,,,341.9,3.885227272,341.9,3.885227272,,,,,,,,,,,,,,,,,,,"Ernie Clement","20352",676391
"Manny Machado","SDP",90,380,341,82,51,15,0,16,47,52,34,2,79,1,3,0,,5,1,0.240667,0.0899348,0.207559,0.433297,0.308916,0.421699,0.319734,0.730614,0.181032,3.41253,0.266406,0,-0.0540335,45.5452,0.996441,106.496,-0.0540335,1.75643,2.835255842655897,2.3955249190330505,1.77099,37.52000045776367,,,,,,,423.8,4.708888888,423.8,4.708888888,,,,,,,,,,,,,,,,,,,"Manny Machado","11493",592518
"Jazz Chisholm Jr.","NYY",84,339,300,72,44,11,1,15,44,48,34,1,92,3,2,0,,19,4,0.239356,0.0994081,0.270758,0.367147,0.319582,0.435426,0.331881,0.755008,0.19607,6.10167,0.29093,0,1.54133,43.9736,4.1747,111.427,1.54133,-1.7936,6.0946913957595825,-0.7171669006347656,1.76996,19.520000457763672,,,,,,,417.7,4.972619047,417.7,4.972619047,,,,,,,,,,,,,,,,,,,"Jazz Chisholm Jr.","20454",665862
"Wilyer Abreu","BOS",80,311,276,70,43,15,1,11,39,41,32,2,72,1,2,0,,5,2,0.255022,0.103204,0.232696,0.443515,0.332654,0.438795,0.338284,0.771449,0.183773,4.1441,0.303597,0,-0.176166,41.9702,5.4234,110.468,-0.176166,6.28907,3.6539662182331085,2.667802333831787,1.76712,199.89999389648438,,,,,,,371.5,4.64375,371.5,4.64375,,,,,,,,,,,,,,,,,,,"Wilyer Abreu","23772",677800
"Bryce Harper","PHI",81,345,297,80,46,18,0,15,47,48,44,4,72,2,2,0,,6,2,0.269285,0.126695,0.208595,0.607373,0.363851,0.487663,0.369411,0.851514,0.218378,3.69979,0.304552,0,-0.136431,55.1043,14.5826,134.924,-0.136431,-1.57995,13.993695110082626,-7.770650386810303,1.76104,47.900001525878906,,,,,,,488,6.024691358,488,6.024691358,,,,,,,,,,,,,,,,,,,"Bryce Harper","11579",547180
"Iván Herrera","STL",77,319,273,73,50,13,1,10,41,39,35,2,60,9,2,0,,5,1,0.267829,0.111014,0.189224,0.586676,0.367605,0.427258,0.35378,0.794863,0.159429,4.35087,0.310015,0,0.025878,47.0149,9.51327,128.064,0.025878,-0.598801,10.534213125705719,-3.5298109650611877,1.75739,178.42999267578125,,,,,,,411.9,5.349350649,411.9,5.349350649,,,,,,,,,,,,,,,,,,,"Ivan Herrera","20599",671056
"Brandon Nimmo","TEX",88,379,333,83,54,16,2,12,45,41,35,1,83,7,2,0,,4,1,0.249747,0.0935599,0.218381,0.428426,0.332595,0.414055,0.331558,0.746649,0.164307,4.71665,0.296741,0,0.0448229,49.0246,4.56591,111.484,0.0448229,2.81695,5.1566541120409966,-1.3849244117736816,1.7481,145.4600067138672,,,,,,,433.2,4.922727272,433.2,4.922727272,,,,,,,,,,,,,,,,,,,"Brandon Nimmo","12927",607043
"Kazuma Okamoto","TOR",75,314,276,68,40,14,0,14,36,49,31,3,71,5,2,0,,0,0,0.246615,0.0993664,0.226025,0.439625,0.331354,0.447638,0.340592,0.778991,0.201023,1.62682,0.280742,0,-0.483437,42.8593,6.04089,116.816,-0.483437,-0.599297,5.71510848402977,0.255190908908844,1.73942,999,,,,,,,385,5.133333333,385,5.133333333,,,,,,,,,,,,,,,,,,,"Kazuma Okamoto","37123",672960
"Alex Bregman","CHC",82,359,313,76,51,14,1,10,43,39,39,2,54,5,2,0,,2,1,0.243035,0.108356,0.151652,0.714504,0.334328,0.393208,0.325045,0.727536,0.150172,2.95193,0.262816,0,-0.497126,44.6003,2.46288,108.154,-0.497126,1.89259,2.9334663450717926,2.5029648542404175,1.72522,119.16999816894531,,,,,,,385.9,4.70609756,385.9,4.70609756,,,,,,,,,,,,,,,,,,,"Alex Bregman","17678",608324
"Isaac Paredes","HOU",81,326,280,67,41,13,0,13,36,44,36,0,56,8,2,0,,0,0,0.239099,0.109842,0.171173,0.641703,0.340209,0.426836,0.341765,0.767045,0.187738,1.47752,0.253462,0,-0.630508,44.8623,6.58546,117.584,-0.630508,-0.615214,6.108027994632721,-0.7121937498450279,1.72522,243.60000610351562,,,,,,,387.1,4.779012345,387.1,4.779012345,,,,,,,,,,,,,,,,,,,"Isaac Paredes","20036",670623
"Roman Anthony","BOS",75,326,277,72,46,15,2,9,46,37,45,1,81,3,2,0,,4,2,0.258367,0.136784,0.248577,0.550267,0.364757,0.420551,0.350809,0.785308,0.162183,4.61008,0.332046,0,-0.462709,47.1692,8.92879,118.967,-0.462709,3.72881,6.798972845077515,-1.5092873573303223,1.71322,50.75,,,,,,,411.7,5.489333333,411.7,5.489333333,,,,,,,,,,,,,,,,,,,"Roman Anthony","31812",701350
"Andrés Giménez","TOR",83,313,283,70,49,12,1,7,32,37,16,1,55,9,2,2,,11,2,0.245563,0.0523293,0.176113,0.297134,0.30648,0.372011,0.302383,0.678491,0.126449,5.42419,0.280143,0,0.793203,33.2198,-3.50794,90.8878,0.793203,4.64491,-2.5574695467948914,8.091537237167358,1.69194,412.2200012207031,,,,,,,305.6,3.68192771,305.6,3.68192771,,,,,,,,,,,,,,,,,,,"Andres Gimenez","19950",665926
"Taylor Ward","BAL",87,370,317,79,48,17,1,12,47,44,48,0,87,3,2,0,,3,2,0.248786,0.130659,0.234579,0.556992,0.350745,0.426584,0.346047,0.777329,0.177798,3.50267,0.302001,0,-0.577168,52.1526,8.73309,121.355,-0.577168,-0.43831,8.705955266952515,-5.293578743934631,1.67945,148.42999267578125,,,,,,,446.3,5.129885057,446.3,5.129885057,,,,,,,,,,,,,,,,,,,"Taylor Ward","17548",621493
"Sal Stewart","CIN",86,349,311,81,50,18,0,13,48,51,33,1,69,3,2,0,,9,2,0.260654,0.0939187,0.196899,0.47699,0.335144,0.447622,0.343878,0.782766,0.186967,4.45041,0.292504,0,0.700243,48.5838,7.63326,114.266,0.700243,2.99759,6.533194601535797,-1.423837423324585,1.6588,161.8699951171875,,,,,,,436.5,5.075581395,436.5,5.075581395,,,,,,,,,,,,,,,,,,,"Sal Stewart","31505",701398
"Brent Rooker","ATH",86,356,317,83,47,16,1,19,45,61,34,2,94,3,2,0,,4,0,0.262241,0.0950492,0.262804,0.361673,0.337756,0.500399,0.362883,0.838155,0.238159,3.94012,0.309859,0,0.159293,55.0371,13.2004,128.532,0.159293,-0.0176299,12.110304489731789,-8.45201994664967,1.65618,42.11000061035156,,,,,,,497.1,5.780232558,497.1,5.780232558,,,,,,,,,,,,,,,,,,,"Brent Rooker","19627",667670
"Jonathan Aranda","TBR",77,311,268,72,49,12,0,11,40,44,35,2,78,5,3,0,,0,0,0.26988,0.11337,0.249301,0.454751,0.361261,0.4404,0.353562,0.801661,0.17052,1.87589,0.335273,0,-0.560004,45.7571,9.21551,124.137,-0.560004,2.73859,8.270364820957184,-3.0806591510772705,1.65095,195.60000610351562,,,,,,,393.4,5.109090909,393.4,5.109090909,,,,,,,,,,,,,,,,,,,"Jonathan Aranda","21837",666018
"Bryson Stott","PHI",88,337,303,76,53,13,2,8,38,39,29,0,56,2,2,2,,14,2,0.250799,0.0854874,0.167225,0.511211,0.317587,0.387738,0.313816,0.705325,0.136939,6.14647,0.282527,0,1.67916,38.8675,-0.705943,97.095,1.67916,3.36119,0.5313247442245483,4.608453273773193,1.62374,181.44000244140625,,,,,,,360.9,4.101136363,360.9,4.101136363,,,,,,,,,,,,,,,,,,,"Bryson Stott","26294",681082
"Daulton Varsho","TOR",77,288,261,61,34,13,2,12,38,38,23,1,67,2,2,0,,5,1,0.235378,0.0793127,0.23116,0.343107,0.301434,0.440956,0.323494,0.74239,0.205578,5.47785,0.26802,0,0.037247,35.4477,1.62076,105.213,0.037247,3.0298,1.8028557635843754,3.920685589313507,1.62252,192.2100067138672,,,,,,,324.2,4.21038961,324.2,4.21038961,,,,,,,,,,,,,,,,,,,"Daulton Varsho","19918",662139
"Brendan Donovan","SEA",71,287,251,67,47,13,1,6,33,29,27,1,42,7,2,0,,2,2,0.265882,0.0955869,0.148015,0.645793,0.351625,0.397081,0.335407,0.748706,0.131199,3.36074,0.297204,0,-0.685371,38.021,4.33967,119.203,-0.685371,-0.986159,5.7900771498680115,-0.047579050064086914,1.62,268.5799865722656,,,,,,,324.2,4.566197183,324.2,4.566197183,,,,,,,,,,,,,,,,,,,"Brendan Donovan","24679",680977
"Munetaka Murakami","CHW",75,315,262,63,36,9,0,17,45,45,48,4,107,3,2,0,,4,3,0.238585,0.153232,0.339147,0.451817,0.360444,0.471222,0.363282,0.831665,0.232637,2.8736,0.323194,0,-0.803142,48.6762,11.7507,131.355,-0.803142,-0.623488,10.788611769676208,-6.199747800827026,1.60113,999,,,,,,,428.9,5.718666666,428.9,5.718666666,,,,,,,,,,,,,,,,,,,"Munetaka Murakami","37120",808959
"J.P. Crawford","SEA",84,349,299,71,50,12,0,9,40,33,43,0,66,4,2,2,,3,1,0.238764,0.1227,0.188513,0.650884,0.340008,0.371087,0.322157,0.711095,0.132322,2.93071,0.276642,0,-0.578664,42.5796,1.59156,110.212,-0.578664,-3.72047,3.6120020747184753,-0.27257227897644043,1.59751,748.5399780273438,,,,,,,361.9,4.308333333,361.9,4.308333333,,,,,,,,,,,,,,,,,,,"J.P. Crawford","15491",641487
"Steven Kwan","CLE",88,379,333,90,69,14,2,5,48,32,38,1,35,3,2,2,,9,3,0.269662,0.0996349,0.0915213,1.08865,0.347675,0.367138,0.322526,0.714813,0.0974769,5.0923,0.287129,0,0.0981383,46.3056,1.8382,105.135,0.0981383,0.498671,2.384402446448803,-0.26503539085388184,1.57904,169.60000610351562,,,,,,,401.7,4.564772727,401.7,4.564772727,,,,,,,,,,,,,,,,,,,"Steven Kwan","24610",680757
"Austin Riley","ATL",80,337,303,76,45,15,1,14,44,44,27,0,89,5,2,0,,2,0,0.249212,0.0790493,0.263539,0.299953,0.317801,0.446911,0.335221,0.764711,0.197698,4.12819,0.303598,0,-0.139634,44.6017,5.04656,112.804,-0.139634,-1.38872,4.9173785746097565,-0.21286630630493164,1.57863,59.36000061035156,,,,,,,403.2,5.04,403.2,5.04,,,,,,,,,,,,,,,,,,,"Austin Riley","18360",663586
"Miguel Vargas","CHW",85,351,301,72,42,17,1,12,52,42,43,0,64,4,2,0,,6,1,0.23958,0.121961,0.18192,0.67041,0.340529,0.427972,0.341311,0.768501,0.188392,5.05515,0.262829,0,0.271745,48.1166,6.95468,116.446,0.271745,-3.60327,7.0492158234119415,-3.95732781291008,1.57747,303.0899963378906,,,,,,,419.6,4.936470588,419.6,4.936470588,,,,,,,,,,,,,,,,,,,"Miguel Vargas","20178",678246
"Gleyber Torres","DET",80,342,296,77,55,13,0,9,44,36,41,1,61,2,2,0,,3,1,0.260809,0.120138,0.177839,0.675546,0.352625,0.395845,0.335758,0.74847,0.135036,3.1066,0.299172,0,-0.527652,45.4266,5.26988,112.684,-0.527652,-0.597294,4.571916878223419,-1.2954238653182983,1.5656,261.510009765625,,,,,,,389.4,4.8675,389.4,4.8675,,,,,,,,,,,,,,,,,,,"Gleyber Torres","16997",650402
"Patrick Bailey","CLE",69,239,216,45,31,8,1,5,24,25,19,0,65,1,1,1,,2,0,0.209434,0.0797451,0.271741,0.29346,0.274396,0.327554,0.270815,0.60195,0.11812,4.37774,0.272555,0,0.0431211,19.3318,-8.68462,70.0448,0.0431211,10.3526,-8.359202656894922,15.07066297531128,1.5458,747.8900146484375,,,,,,,175.7,2.546376811,175.7,2.546376811,,,,,,,,,,,,,,,,,,,"Patrick Bailey","27478",672275
"Spencer Horwitz","PIT",79,315,273,75,49,17,1,8,37,35,36,0,52,3,3,0,,1,0,0.274459,0.11467,0.165605,0.69243,0.363142,0.431576,0.353003,0.794718,0.157117,2.78414,0.310067,0,-0.402723,46.1494,9.18238,123.485,-0.402723,1.89828,8.26562911272049,-3.339176297187805,1.52963,738.1500244140625,,,,,,,396.1,5.01392405,396.1,5.01392405,,,,,,,,,,,,,,,,,,,"Spencer Horwitz","26477",687462
"Josh Naylor","SEA",86,354,321,87,60,16,0,12,39,50,29,3,50,3,2,0,,12,2,0.271066,0.0816176,0.142127,0.574257,0.335148,0.428183,0.334449,0.763331,0.157117,4.278,0.289015,0,1.19682,46.6868,5.08917,118.553,1.19682,0.0735014,8.923750877380371,-6.486001655459404,1.52378,67.45999908447266,,,,,,,438.6,5.1,438.6,5.1,,,,,,,,,,,,,,,,,,,"Josh Naylor","18839",647304
"Brayan Rocchio","CLE",88,330,293,73,50,16,2,6,38,35,27,0,56,6,2,2,,9,4,0.249301,0.0809268,0.17079,0.473837,0.321634,0.376747,0.31305,0.698381,0.127446,5.13564,0.287541,0,-0.271198,37.8639,-0.893031,98.705,-0.271198,0.389976,-0.7737050950527191,4.003612548112869,1.51796,999,,,,,,,334.9,3.805681818,334.9,3.805681818,,,,,,,,,,,,,,,,,,,"Brayan Rocchio","23690",677587
"Brandon Marsh","PHI",83,291,261,73,49,13,2,9,38,36,25,1,78,1,2,1,,6,2,0.280832,0.0860496,0.26742,0.321777,0.343846,0.44817,0.347409,0.792016,0.167338,5.38395,0.365129,0,0.0261036,41.3249,7.18301,119.953,0.0261036,1.54983,6.827869491651654,-1.2889018058776855,1.51408,609.72998046875,,,,,,,365.3,4.401204819,365.3,4.401204819,,,,,,,,,,,,,,,,,,,"Brandon Marsh","20202",669016
"Josh Jung","TEX",78,315,292,78,51,15,1,10,36,38,19,0,71,2,2,0,,2,1,0.265542,0.0589497,0.225907,0.260947,0.312661,0.427521,0.325221,0.740181,0.161979,3.34181,0.316844,0,-0.363789,39.2074,2.20698,107.184,-0.363789,0.263118,2.2975300550460815,1.3933718502521515,1.51141,610.5,,,,,,,352,4.512820512,352,4.512820512,,,,,,,,,,,,,,,,,,,"Josh Jung","26299",673962
"Jung Hoo Lee","SFG",78,326,299,84,59,17,4,5,38,32,22,0,32,3,2,0,,3,2,0.282751,0.066283,0.0987871,0.670968,0.33571,0.415425,0.331671,0.751135,0.132674,4.85076,0.301082,0,-0.505624,42.2284,3.95964,113.267,-0.505624,2.35191,4.5636225938797,-0.5460302829742432,1.47258,339.44000244140625,,,,,,,365.6,4.687179487,365.6,4.687179487,,,,,,,,,,,,,,,,,,,"Jung Hoo Lee","33824",808982
"Jacob Wilson","ATH",71,290,270,78,56,16,0,6,34,38,14,0,24,3,2,1,,3,1,0.288927,0.0489961,0.0840348,0.583045,0.328996,0.413244,0.327522,0.74224,0.124317,3.58266,0.299314,0,-0.164191,36.5797,2.56098,104.536,-0.164191,-0.518408,1.3808816373348236,2.6694541573524475,1.45692,196.44000244140625,,,,,,,323.5,4.556338028,323.5,4.556338028,,,,,,,,,,,,,,,,,,,"Jacob Wilson","33266",805779
"Anthony Volpe","NYY",77,311,281,64,38,16,2,9,37,37,25,0,76,2,2,1,,12,4,0.228467,0.0804189,0.243315,0.330513,0.295257,0.391159,0.304114,0.686417,0.162692,6.13827,0.279449,0,0.580235,33.4786,-3.06029,92.5848,0.580235,1.86962,-2.1324050426483154,5.383130192756653,1.45216,641.989990234375,,,,,,,312.4,4.057142857,312.4,4.057142857,,,,,,,,,,,,,,,,,,,"Anthony Volpe","27647",683011
"J.T. Realmuto","PHI",72,282,254,63,42,12,1,8,31,29,21,0,64,6,2,0,,4,1,0.246803,0.0730966,0.227511,0.321288,0.316004,0.393788,0.315645,0.709793,0.146986,4.73665,0.299878,0,0.140158,32.9083,-0.179023,98.3397,0.140158,0.234878,-0.40833237767219543,5.481504246592522,1.43711,212.27000427246094,,,,,,,300.3,4.170833333,300.3,4.170833333,,,,,,,,,,,,,,,,,,,"J.T. Realmuto","11739",592663
"Rafael Devers","SFG",91,396,347,87,48,22,1,16,51,53,43,6,102,3,2,0,,1,0,0.251556,0.109433,0.257687,0.424674,0.337742,0.460148,0.345539,0.79789,0.208593,2.60114,0.306976,0,-0.4747,55.6829,9.19086,122.703,-0.4747,-1.05832,10.064203202724457,-8.618938326835632,1.43693,61.619998931884766,,,,,,,500,5.494505494,500,5.494505494,,,,,,,,,,,,,,,,,,,"Rafael Devers","17350",646240
"Ryan Jeffers","MIN",64,239,207,52,33,11,1,8,29,30,26,0,48,4,1,0,,1,0,0.252719,0.106955,0.199342,0.536543,0.344999,0.42634,0.34263,0.771339,0.173621,3.32262,0.29135,0,-0.26607,33.0591,4.99341,116.842,-0.26607,-2.01099,4.4663315415382385,1.118368148803711,1.43185,298.05999755859375,,,,,,,288.9,4.5140625,288.9,4.5140625,,,,,,,,,,,,,,,,,,,"Ryan Jeffers","24618",680777
"Esteury Ruiz","MIA",69,248,215,53,33,11,2,6,37,30,22,0,56,7,2,2,,25,5,0.245214,0.0888068,0.224955,0.394776,0.333178,0.40089,0.328301,0.734068,0.155676,8.40425,0.301416,0,2.6022,31.3983,2.34122,107.222,2.6022,2.1402,4.6974921226501465,1.3046186566352844,1.42059,748.530029296875,,,,,,,302,4.376811594,302,4.376811594,,,,,,,,,,,,,,,,,,,"Esteury Ruiz","21780",665923
"Ozzie Albies","ATL",86,367,332,85,57,16,1,11,47,44,28,0,53,4,4,0,,5,2,0.256609,0.0750185,0.144945,0.517564,0.317839,0.411728,0.32185,0.729566,0.155118,4.0493,0.27279,0,-0.451574,44.6951,1.58407,103.707,-0.451574,-0.325997,1.1438886225223541,0.9916231632232666,1.41394,150.5,,,,,,,399.4,4.644186046,399.4,4.644186046,,,,,,,,,,,,,,,,,,,"Ozzie Albies","16556",645277
"Ben Williamson","TBR",82,310,280,75,55,14,2,3,38,33,23,0,61,4,2,1,,8,2,0.266395,0.0757392,0.197488,0.383513,0.329609,0.36422,0.311414,0.693829,0.0978244,5.91125,0.329592,0,0.341183,35.1535,-1.2433,95.5353,0.341183,2.9378,-1.2857345938682556,4.18428373336792,1.41172,999,,,,,,,310.8,3.790243902,310.8,3.790243902,,,,,,,,,,,,,,,,,,,"Ben Williamson","33197",810938
"Brandon Lowe","PIT",77,312,279,68,39,15,1,14,41,41,28,0,81,2,2,0,,1,0,0.244451,0.0900422,0.259722,0.346687,0.316948,0.449427,0.335578,0.766375,0.204975,3.44259,0.292499,0,-0.277988,41.3222,4.75421,111.628,-0.277988,-0.963558,3.9677465558052063,-0.16492462158203125,1.40342,187.57000732421875,,,,,,,374.5,4.863636363,374.5,4.863636363,,,,,,,,,,,,,,,,,,,"Brandon Lowe","18882",664040
"Marcus Semien","NYM",84,356,320,76,51,13,1,11,46,41,31,0,61,2,3,0,,5,2,0.237054,0.086482,0.17249,0.501374,0.306057,0.382396,0.306295,0.688453,0.145342,4.4312,0.260428,0,-0.0185519,38.8711,-2.878,96.9117,-0.0185519,2.34749,-1.3059120886027813,3.62961745262146,1.39547,266.25,,,,,,,355.3,4.229761904,355.3,4.229761904,,,,,,,,,,,,,,,,,,,"Marcus Semien","12533",543760
"Chase Meidroth","CHW",81,346,299,77,58,13,0,5,44,28,38,0,59,5,2,2,,7,2,0.25649,0.10983,0.172119,0.638102,0.347133,0.351721,0.319005,0.698854,0.0952314,4.2015,0.303229,0,-0.0891609,41.2812,0.70652,101.309,-0.0891609,-0.24197,0.44267794489860535,1.0033459216356277,1.39082,646.8699951171875,,,,,,,353.6,4.365432098,353.6,4.365432098,,,,,,,,,,,,,,,,,,,"Chase Meidroth","31580",805367
"Ryan Waldschmidt","ARI",71,305,267,64,44,13,2,5,40,33,31,0,72,6,2,0,,9,4,0.239141,0.101807,0.234376,0.434373,0.330389,0.353025,0.310236,0.683414,0.113884,5.69796,0.30796,0,-0.16422,34.3417,-1.5117,95.288,-0.16422,5.64072,-1.8510456532239914,5.706452064216137,1.389,999,,,,,,,304.4,4.287323943,304.4,4.287323943,,,,,,,,,,,,,,,,,,,"Ryan Waldschmidt","35061",814439
"Alec Burleson","STL",89,348,315,89,60,16,1,11,39,48,27,1,50,3,2,0,,3,0,0.280714,0.0782658,0.144835,0.540378,0.340655,0.446946,0.34616,0.787601,0.166232,3.42559,0.301656,0,-0.0490074,49.101,8.24832,122.879,-0.0490074,-0.110261,9.283291812986135,-6.787060998380184,1.3883,175.19000244140625,,,,,,,434.6,4.883146067,434.6,4.883146067,,,,,,,,,,,,,,,,,,,"Alec Burleson","27615",676475
"Jakob Marsee","MIA",89,383,324,74,48,15,4,8,49,40,47,0,80,6,2,4,,22,9,0.228403,0.121698,0.208547,0.58355,0.334272,0.369392,0.31892,0.703664,0.140989,7.07014,0.27751,0,0.264959,45.6895,0.75652,100.839,0.264959,-0.382858,0.6411914825439453,0.6989030241966248,1.38293,137.0800018310547,,,,,,,407.5,4.578651685,407.5,4.578651685,,,,,,,,,,,,,,,,,,,"Jakob Marsee","31370",805300
"Carlos Correa","HOU",69,288,258,67,45,13,0,8,34,32,27,1,59,1,2,0,,0,0,0.260137,0.0940735,0.203375,0.462561,0.331606,0.409445,0.327925,0.741051,0.149308,2.37485,0.30531,0,-0.317723,36.4378,2.63696,108.192,-0.317723,-1.48594,2.4544140994548798,0.8424744606018066,1.37304,281.2300109863281,,,,,,,314.1,4.552173913,314.1,4.552173913,,,,,,,,,,,,,,,,,,,"Carlos Correa","14162",621043
"Cole Young","SEA",85,335,296,71,49,14,2,6,37,40,30,0,60,5,2,2,,4,3,0.241176,0.090729,0.179723,0.504828,0.320419,0.364084,0.307852,0.684503,0.122908,4.05216,0.280583,0,-0.828231,37.059,-2.2967,100.505,-0.828231,0.87829,-0.6293385922908783,2.1794140338897705,1.36415,704.2899780273438,,,,,,,314.2,3.696470588,314.2,3.696470588,,,,,,,,,,,,,,,,,,,"Cole Young","31680",702284
"Nick Gonzales","PIT",73,303,278,76,53,16,2,5,37,35,19,0,61,4,2,0,,2,2,0.274888,0.0632138,0.201434,0.313819,0.329233,0.400448,0.324125,0.729681,0.125561,4.41198,0.334971,0,-0.763473,37.4309,1.85702,103.836,-0.763473,1.76557,0.5988875031471252,2.8995083570480347,1.34466,999,,,,,,,319.6,4.378082191,319.6,4.378082191,,,,,,,,,,,,,,,,,,,"Nick Gonzales","27490",693304
"Teoscar Hernández","LAD",80,326,298,80,50,15,0,14,42,51,22,1,87,3,2,0,,3,1,0.267578,0.068485,0.267946,0.255593,0.32355,0.464146,0.343528,0.787696,0.196568,3.82396,0.329767,0,-0.0878349,45.2879,7.03873,119.442,-0.0878349,-1.0384,7.337035104632378,-4.582566499710083,1.34259,125.41999816894531,,,,,,,403,5.0375,403,5.0375,,,,,,,,,,,,,,,,,,,"Teoscar Hernandez","13066",606192
"Austin Wells","NYY",72,269,238,52,31,10,0,10,28,34,26,1,68,2,2,0,,2,0,0.217664,0.0974953,0.251452,0.387729,0.299484,0.393945,0.307488,0.693429,0.176281,3.41605,0.256486,0,-0.0324027,29.6099,-1.9178,94.8746,-0.0324027,0.0465678,-1.650237113237381,5.307593181729317,1.34036,246.13999938964844,,,,,,,264,3.666666666,264,3.666666666,,,,,,,,,,,,,,,,,,,"Austin Wells","27562",669224
"Nolan Arenado","ARI",76,303,274,70,46,15,0,9,34,41,23,2,47,4,2,0,,2,0,0.255339,0.0757178,0.155465,0.487042,0.319821,0.407743,0.320566,0.727564,0.152404,2.94821,0.278108,0,-0.220667,36.5974,0.997513,102.317,-0.220667,2.18086,0.6029556691646576,2.82101172208786,1.33776,638.0599975585938,,,,,,,330.9,4.353947368,330.9,4.353947368,,,,,,,,,,,,,,,,,,,"Nolan Arenado","9777",571448
"Luis Campusano","SDP",60,227,202,51,33,10,0,8,28,29,21,0,47,2,1,0,,0,0,0.252796,0.094524,0.206936,0.456779,0.327821,0.421397,0.332095,0.749218,0.168601,2.78521,0.292195,0,-0.201159,29.4625,2.83208,114.907,-0.201159,-1.9324,3.76243394613266,2.0784703493118286,1.3368,999,,,,,,,256.8,4.28,256.8,4.28,,,,,,,,,,,,,,,,,,,"Luis Campusano","22217",669134
"Francisco Alvarez","NYM",68,248,219,51,31,9,0,11,29,33,24,0,66,3,2,0,,0,0,0.233679,0.0952826,0.264108,0.360772,0.31591,0.430876,0.329136,0.746786,0.197197,2.45846,0.278398,0,-0.209535,31.632,2.51144,112.453,-0.209535,-1.39793,3.4114001989364624,1.6411716938018799,1.32504,165.25,,,,,,,277.1,4.075,277.1,4.075,,,,,,,,,,,,,,,,,,,"Francisco Alvarez","26121",682626
"Henry Bolte","ATH",67,273,243,60,41,12,2,5,31,35,22,0,96,6,2,0,,14,3,0.248871,0.0817019,0.351673,0.232323,0.325417,0.380514,0.316535,0.705931,0.131643,7.13331,0.385569,0,1.18373,32.0441,0.0202569,97.0804,1.18373,1.8398,0.24765223264694214,2.6733185052871704,1.28009,999,,,,,,,288.4,4.304477611,288.4,4.304477611,,,,,,,,,,,,,,,,,,,"Henry Bolte","31448",703607
"Christian Walker","HOU",83,343,307,72,41,14,1,17,42,50,29,2,84,5,2,0,,1,0,0.233702,0.0841111,0.246001,0.341914,0.307889,0.445407,0.328968,0.753297,0.211705,2.9914,0.265545,0,-0.297936,43.6902,3.42656,108.9,-0.297936,3.10215,3.2896526753902435,-2.9636263847351074,1.26652,212.94000244140625,,,,,,,406.2,4.893975903,406.2,4.893975903,,,,,,,,,,,,,,,,,,,"Christian Walker","13419",572233
"Zack Gelof","ATH",69,278,250,60,37,12,1,9,36,36,24,0,85,2,1,2,,9,2,0.23865,0.0850513,0.304426,0.279382,0.30741,0.407426,0.316565,0.714836,0.168776,5.51548,0.319547,0,0.666388,32.6509,0.0273056,97.1008,0.666388,1.99211,-0.28055429458618164,2.7817201614379883,1.25544,999,,,,,,,300.6,4.356521739,300.6,4.356521739,,,,,,,,,,,,,,,,,,,"Zack Gelof","29766",680869
"Mike Yastrzemski","ATL",79,277,240,56,32,14,1,9,38,31,32,1,66,3,1,1,,2,1,0.233674,0.1141,0.237507,0.480405,0.329123,0.415728,0.330409,0.744852,0.182054,4.25673,0.281831,0,-0.289369,35.5748,3.08314,109.53,-0.289369,3.45002,2.8023568987846375,0.6439790725708008,1.25389,656.0999755859375,,,,,,,310.5,3.930379746,310.5,3.930379746,,,,,,,,,,,,,,,,,,,"Mike Yastrzemski","14854",573262
"Michael Stefanic","ATH",54,205,179,51,41,8,0,2,22,22,20,0,22,5,1,0,,2,2,0.283094,0.0970239,0.10769,0.900952,0.367387,0.363273,0.333172,0.730659,0.0801787,2.91805,0.312493,0,-0.730608,26.8526,2.74069,108.37,-0.730608,2.81953,1.2900242805480957,3.5743192434310913,1.23694,999,,,,,,,221.8,4.107407407,221.8,4.107407407,,,,,,,,,,,,,,,,,,,"Michael Stefanic","25353",683021
"Colt Emerson","SEA",67,288,256,59,39,12,3,6,34,33,24,1,65,6,2,0,,4,2,0.231943,0.0836009,0.227556,0.367386,0.311301,0.369096,0.304351,0.680397,0.137153,5.34519,0.287228,0,-0.470239,31.0089,-2.77509,98.1291,-0.470239,1.48447,-1.1030431985855103,3.012476921081543,1.23034,999,,,,,,,274.7,4.1,274.7,4.1,,,,,,,,,,,,,,,,,,,"Colt Emerson","33575",806068
"Jackson Holliday","BAL",75,315,278,68,45,12,2,9,42,33,32,0,71,2,2,0,,8,4,0.245212,0.102934,0.224764,0.457966,0.326773,0.397516,0.322675,0.724289,0.152304,5.40396,0.295708,0,-0.43892,38.4798,1.56327,105.495,-0.43892,-1.65268,1.5920032858848572,-0.6207200288772583,1.23013,203.14999389648438,,,,,,,339.6,4.528,339.6,4.528,,,,,,,,,,,,,,,,,,,"Jackson Holliday","31781",702616
"Paul Goldschmidt","NYY",75,297,267,71,44,15,0,11,39,40,27,1,67,2,1,0,,3,0,0.264744,0.0893189,0.224808,0.397313,0.335126,0.447276,0.343082,0.782401,0.182532,3.60672,0.313621,0,-0.0312413,41.1728,6.30984,119.028,-0.0312413,0.0987772,6.610294949263334,-5.1261569410562515,1.2198,748.3599853515625,,,,,,,370.2,4.936,370.2,4.936,,,,,,,,,,,,,,,,,,,"Paul Goldschmidt","9218",502671
"Dalton Rushing","LAD",57,215,187,44,26,8,0,10,28,32,22,0,59,6,1,0,,0,0,0.237703,0.101071,0.273453,0.369611,0.333361,0.43935,0.341838,0.772711,0.201647,2.83976,0.291972,0,-0.18867,29.5968,4.35518,118.292,-0.18867,-1.00775,4.421333730220795,0.6349565982818604,1.21789,745.8300170898438,,,,,,,260.6,4.571929824,260.6,4.571929824,,,,,,,,,,,,,,,,,,,"Dalton Rushing","31382",687221
"Leody Taveras","BAL",84,310,280,71,50,12,2,6,38,34,25,0,64,1,2,3,,13,3,0.252713,0.0796551,0.207318,0.384217,0.313578,0.380407,0.309238,0.693985,0.127694,6.57875,0.306166,0,1.19259,34.5959,-1.7802,96.3772,1.19259,0.0858809,-0.12679898738861084,1.1256397068500519,1.21641,999,,,,,,,314.5,3.744047619,314.5,3.744047619,,,,,,,,,,,,,,,,,,,"Leody Taveras","18900",665750
"Caleb Durbin","BOS",80,309,274,67,43,18,1,5,38,36,21,0,34,10,2,3,,12,4,0.244539,0.0678592,0.10964,0.618926,0.31941,0.370054,0.310212,0.689464,0.125514,5.87517,0.262917,0,0.504892,34.7215,-1.53445,91.4184,0.504892,2.50665,-2.610145628452301,3.6329026222229004,1.21518,219.8300018310547,,,,,,,310.7,3.88375,310.7,3.88375,,,,,,,,,,,,,,,,,,,"Caleb Durbin","29646",702332
"Nathan Lukes","TOR",60,215,192,53,39,10,1,4,25,26,16,0,33,3,1,2,,2,2,0.277418,0.076287,0.155471,0.490683,0.341846,0.399827,0.330269,0.741673,0.122409,3.72203,0.315819,0,-0.636053,27.6301,2.37271,109.811,-0.636053,4.1667,1.8448079228401184,2.3878997564315796,1.20729,999,,,,,,,232.3,3.871666666,232.3,3.871666666,,,,,,,,,,,,,,,,,,,"Nathan Lukes","18123",664770
"Luis Robert Jr.","NYM",62,251,226,54,34,11,0,9,31,35,21,1,66,2,1,0,,11,3,0.237421,0.082154,0.261246,0.314469,0.305997,0.404584,0.312913,0.710581,0.167164,4.86595,0.292153,0,0.562023,28.7337,-0.705764,101.415,0.562023,1.86567,0.977904200553894,2.797731339931488,1.20302,105.63999938964844,,,,,,,274.4,4.425806451,274.4,4.425806451,,,,,,,,,,,,,,,,,,,"Luis Robert Jr.","20043",673357
"Carson Kelly","CHC",63,222,198,49,35,8,0,6,24,26,20,0,43,3,1,0,,1,0,0.247581,0.090461,0.195343,0.463087,0.325697,0.378839,0.316821,0.704536,0.131258,3.04652,0.289104,0,-0.124221,26.1124,0.0671225,102.558,-0.124221,0.83654,0.5410498902201653,4.1253445744514465,1.20021,591.9099731445312,,,,,,,226.9,3.601587301,226.9,3.601587301,,,,,,,,,,,,,,,,,,,"Carson Kelly","13620",608348
"Hunter Goodman","COL",85,344,315,79,42,17,1,18,45,51,23,0,95,4,2,0,,2,1,0.249243,0.0658173,0.277399,0.237266,0.306141,0.484126,0.342472,0.790267,0.234883,3.8455,0.2973,0,-0.395115,47.5358,7.14344,104.496,-0.395115,-2.82947,1.4181231260299683,-0.7317545413970947,1.19007,67.36000061035156,,,,,,,433.6,5.10117647,433.6,5.10117647,,,,,,,,,,,,,,,,,,,"Hunter Goodman","29715",696100
"Alec Bohm","PHI",83,341,312,84,57,16,1,9,36,44,23,1,52,3,3,0,,2,0,0.26753,0.0671071,0.151516,0.442904,0.321076,0.414105,0.323803,0.73518,0.146575,2.96827,0.292345,0,-0.278268,42.0219,2.0015,103.891,-0.278268,-1.60549,1.276342660188675,-0.6021716594696045,1.17851,239.8699951171875,,,,,,,376.9,4.540963855,376.9,4.540963855,,,,,,,,,,,,,,,,,,,"Alec Bohm","21618",664761
"Yainer Diaz","HOU",74,293,277,74,50,13,1,10,31,38,12,0,50,1,2,0,,0,1,0.266016,0.0418376,0.171828,0.243485,0.298041,0.425507,0.315662,0.723547,0.159491,2.41172,0.291926,0,-0.560146,34.1972,-0.182187,99.8701,-0.560146,-2.02227,-0.604840599000454,1.7430942058563232,1.16954,113.04000091552734,,,,,,,311,4.202702702,311,4.202702702,,,,,,,,,,,,,,,,,,,"Yainer Diaz","23003",673237
"Blaze Alexander","BAL",72,259,229,57,39,11,1,6,28,29,21,0,76,6,2,2,,6,3,0.246466,0.079776,0.293633,0.271686,0.322597,0.379304,0.31451,0.701901,0.132838,5.0078,0.341098,0,-0.351546,30.0513,-0.399625,99.9545,-0.351546,1.95677,-0.36542044673115015,2.6142976880073547,1.16304,745.9099731445312,,,,,,,268.2,3.725,268.2,3.725,,,,,,,,,,,,,,,,,,,"Blaze Alexander","23789",677942
"Jace Jung","DET",62,252,219,50,30,11,1,8,30,31,31,0,63,1,1,0,,1,1,0.22729,0.122205,0.251327,0.486239,0.324618,0.392436,0.320584,0.717054,0.165146,3.45842,0.281548,0,-0.425576,30.4516,0.833496,102.387,-0.425576,1.28,0.2823074162006378,2.207149028778076,1.16219,999,,,,,,,268.9,4.337096774,268.9,4.337096774,,,,,,,,,,,,,,,,,,,"Jace Jung","31437",690291
"Ryan McMahon","NYY",88,326,289,61,38,11,0,11,34,38,33,1,105,2,2,0,,2,1,0.209539,0.10185,0.321522,0.316775,0.293683,0.365476,0.294717,0.659159,0.155936,3.10851,0.283715,0,-0.46981,32.6497,-5.65335,86.2083,-0.46981,4.45133,-5.758731842041016,5.594651937484741,1.15625,732.8599853515625,,,,,,,293.9,3.339772727,293.9,3.339772727,,,,,,,,,,,,,,,,,,,"Ryan McMahon","15112",641857
"Sean Murphy","ATL",45,172,151,33,19,7,0,7,19,21,16,0,48,4,1,0,,0,0,0.217236,0.095411,0.276595,0.344948,0.309363,0.40804,0.318465,0.717402,0.190804,1.20269,0.262925,0,-0.204426,20.5243,0.278262,101.403,-0.204426,2.50019,0.07918745279312134,5.6690428256988525,1.15032,746.0599975585938,,,,,,,179.9,3.997777777,179.9,3.997777777,,,,,,,,,,,,,,,,,,,"Sean Murphy","19352",669221
"Sal Frelick","MIL",87,349,314,82,61,13,2,5,43,37,28,1,44,3,3,1,,10,3,0.26241,0.0808748,0.126522,0.639216,0.326997,0.370656,0.311887,0.697653,0.108246,5.65035,0.288453,0,0.223418,39.7124,-1.26808,98.1586,0.223418,4.39376,-0.5300564914941788,0.6376051902770996,1.14705,216.39999389648438,,,,,,,344.9,3.964367816,344.9,3.964367816,,,,,,,,,,,,,,,,,,,"Sal Frelick","29622",686217
"Lars Nootbaar","STL",65,261,225,55,35,11,1,8,33,27,32,1,54,1,1,0,,2,1,0.243888,0.124521,0.206704,0.60241,0.340979,0.408855,0.333361,0.749834,0.164966,3.89255,0.284992,0,-0.462731,34.1364,3.5194,114.17,-0.462731,1.90226,3.8690564036369324,-0.9729961156845093,1.14553,745.989990234375,,,,,,,295.8,4.55076923,295.8,4.55076923,,,,,,,,,,,,,,,,,,,"Lars Nootbaar","21454",663457
"Travis Bazzana","CLE",56,245,212,49,31,11,2,6,33,28,27,0,66,4,1,0,,6,2,0.231943,0.111456,0.27087,0.411474,0.328287,0.382194,0.319143,0.710481,0.150251,5.95092,0.306919,0,0.17013,29.3167,0.528373,102.84,0.17013,0.708614,0.9885809570550919,1.5553240180015564,1.14236,999,,,,,,,260.9,4.658928571,260.9,4.658928571,,,,,,,,,,,,,,,,,,,"Travis Bazzana","34967",683953
"Kyle Manzardo","CLE",80,295,260,63,36,13,1,12,34,38,29,1,77,4,2,0,,1,0,0.240397,0.0987091,0.261093,0.378062,0.323516,0.440963,0.33586,0.764479,0.200567,3.22056,0.29145,0,-0.178093,39.1664,4.56487,114.183,-0.178093,1.5999,4.735431715846062,-3.9297996759414673,1.14226,253.4600067138672,,,,,,,349.9,4.37375,349.9,4.37375,,,,,,,,,,,,,,,,,,,"Kyle Manzardo","29794",700932
"Evan Carter","TEX",71,267,230,51,32,9,3,7,33,29,30,0,63,4,1,1,,11,2,0.220898,0.112397,0.234912,0.478466,0.320069,0.374885,0.31236,0.694954,0.153987,7.15119,0.272247,0,1.17222,30.4192,-0.867727,98.4563,1.17222,0.0955349,0.6886723935604095,1.0152708888053894,1.13281,280.4800109863281,,,,,,,281.9,3.970422535,281.9,3.970422535,,,,,,,,,,,,,,,,,,,"Evan Carter","27790",694497
"Tyler Stephenson","CIN",72,265,232,53,32,12,0,9,28,33,28,0,74,2,2,0,,0,1,0.229339,0.106593,0.279241,0.381724,0.31671,0.397386,0.317792,0.714096,0.168047,1.94978,0.293836,0,-0.660503,31.3327,0.284756,96.5155,-0.660503,-0.603199,-1.7407047152519226,4.383411526679993,1.13151,294.75,,,,,,,271.4,3.769444444,271.4,3.769444444,,,,,,,,,,,,,,,,,,,"Tyler Stephenson","17988",663886
"Alex Freeland","LAD",76,318,276,62,40,13,0,9,39,35,35,0,87,4,2,1,,7,2,0.225147,0.109346,0.271798,0.402304,0.318662,0.371033,0.310537,0.689695,0.145887,4.60186,0.292222,0,0.186071,35.8841,-1.49983,96.993,0.186071,0.831107,-0.9363554567098618,1.8495513796806335,1.12991,999,,,,,,,318.2,4.186842105,318.2,4.186842105,,,,,,,,,,,,,,,,,,,"Alex Freeland","31665",690976
"Brett Baty","NYM",80,293,264,66,44,11,1,10,36,37,25,0,74,2,2,0,,3,1,0.248801,0.0866848,0.252004,0.343982,0.317844,0.409818,0.322558,0.727662,0.161017,4.0613,0.306588,0,-0.104516,35.8349,1.4297,107.978,-0.104516,0.480316,2.6360270977020264,-0.9771624207496643,1.12376,292.9200134277344,,,,,,,321.1,4.01375,321.1,4.01375,,,,,,,,,,,,,,,,,,,"Brett Baty","26123",683146
"Sam Antonacci","CHW",71,304,254,65,48,12,3,2,43,35,26,0,50,18,2,4,,13,4,0.256261,0.0849783,0.163718,0.519052,0.364716,0.354619,0.330537,0.719335,0.0983579,7.55879,0.308751,0,0.688498,39.0947,3.41653,109.135,0.688498,-1.08009,3.951425850391388,-3.653952121734619,1.12316,999,,,,,,,326.2,4.594366197,326.2,4.594366197,,,,,,,,,,,,,,,,,,,"Sam Antonacci","35101",803011
"Joey Ortiz","MIL",83,293,261,63,43,13,2,5,37,32,25,0,51,2,2,3,,7,3,0.24267,0.0836732,0.175168,0.477675,0.311104,0.366738,0.303464,0.677842,0.124068,5.47559,0.281719,0,-0.24831,31.4088,-3.0372,92.4268,-0.24831,1.57007,-2.8529648184776306,4.452001571655273,1.11876,743.4400024414062,,,,,,,273.8,3.29879518,273.8,3.29879518,,,,,,,,,,,,,,,,,,,"Joey Ortiz","25493",687401
"Jeff McNeil","ATH",81,304,271,72,50,16,1,6,31,30,25,1,37,6,2,1,,2,1,0.267227,0.0808283,0.122626,0.659142,0.338559,0.398818,0.327822,0.737377,0.131591,3.52686,0.289869,0,-0.442008,38.4985,2.76301,104.74,-0.442008,-2.02621,1.2538276612758636,-1.016776204109192,1.11872,440.5199890136719,,,,,,,334.7,4.132098765,334.7,4.132098765,,,,,,,,,,,,,,,,,,,"Jeff McNeil","15362",643446
"Jake Mangum","PIT",66,244,226,64,49,12,1,2,26,22,13,0,41,2,2,1,,11,3,0.284245,0.0515125,0.167288,0.307927,0.326831,0.375872,0.312758,0.702703,0.0916269,5.83126,0.336326,0,0.877564,27.9746,-0.718168,96.1006,0.877564,4.92516,-0.23957818746566772,3.3884419202804565,1.11809,672.4199829101562,,,,,,,249.2,3.775757575,249.2,3.775757575,,,,,,,,,,,,,,,,,,,"Jake Mangum","26202",663968
"Spencer Torkelson","DET",91,375,329,76,41,18,0,17,46,51,39,1,102,5,2,0,,1,0,0.231567,0.105285,0.272078,0.386965,0.320288,0.442772,0.334793,0.76306,0.211205,2.38529,0.279804,0,-0.392156,49.5028,5.4878,112.03,-0.392156,-0.802507,4.908973276615143,-7.262798309326172,1.10678,188.35000610351562,,,,,,,442.5,4.862637362,442.5,4.862637362,,,,,,,,,,,,,,,,,,,"Spencer Torkelson","27465",679529
"Coby Mayo","BAL",78,297,267,60,34,14,1,12,36,40,24,0,84,4,2,0,,2,1,0.226178,0.082166,0.282411,0.290945,0.29848,0.417379,0.315085,0.71586,0.191202,3.77162,0.280799,0,-0.267216,34.5864,-0.321893,100.344,-0.267216,0.805575,-0.14689303934574127,0.4420757591724396,1.09934,459.1600036621094,,,,,,,313.1,4.014102564,313.1,4.014102564,,,,,,,,,,,,,,,,,,,"Coby Mayo","28312",691723
"Matt Wallner","MIN",69,274,236,54,28,12,1,13,34,36,29,0,89,8,1,0,,2,1,0.228457,0.104223,0.325398,0.320294,0.33019,0.451876,0.344602,0.782066,0.223419,4.13407,0.304718,0,-0.388083,38.2707,6.14601,118.18,-0.388083,-1.38227,5.45916149020195,-4.360079884529114,1.09648,340.5899963378906,,,,,,,341.1,4.94347826,341.1,4.94347826,,,,,,,,,,,,,,,,,,,"Matt Wallner","26466",670242
"Luke Keaschall","MIN",60,249,218,56,39,12,1,4,32,29,23,0,40,6,2,0,,11,3,0.258004,0.0928454,0.160504,0.578461,0.343561,0.377966,0.325072,0.721527,0.119962,6.0585,0.297204,0,0.689488,30.9355,1.71329,104.927,0.689488,-1.04813,2.1310123205184937,-0.17655223608016968,1.09524,114.8499984741211,,,,,,,273.2,4.553333333,273.2,4.553333333,,,,,,,,,,,,,,,,,,,"Luke Keaschall","33321",807712
"Heliot Ramos","SFG",84,351,318,83,54,16,1,11,42,44,25,1,84,5,2,0,,3,1,0.260057,0.0719847,0.238568,0.301737,0.323339,0.426594,0.329937,0.749933,0.166536,3.68735,0.316951,0,-0.451541,44.9785,3.77762,112.087,-0.451541,-1.30892,4.520703285932541,-4.990037441253662,1.09404,218.8000030517578,,,,,,,395.2,4.704761904,395.2,4.704761904,,,,,,,,,,,,,,,,,,,"Heliot Ramos","22515",671218
"Jose Altuve","HOU",75,319,286,75,50,15,0,10,42,33,28,2,58,3,2,0,,5,2,0.261263,0.0883705,0.182778,0.483486,0.332116,0.417791,0.330935,0.749907,0.156528,3.94387,0.295645,0,-0.366916,41.1397,3.68772,110.234,-0.366916,-4.65747,3.470586895942688,-4.0074379444122314,1.09198,116.5199966430664,,,,,,,368.4,4.912,368.4,4.912,,,,,,,,,,,,,,,,,,,"Jose Altuve","5417",514888
"Ezequiel Tovar","COL",83,334,310,78,48,19,2,9,37,37,18,0,84,2,3,2,,5,2,0.252883,0.0535804,0.252362,0.212315,0.29575,0.413918,0.310989,0.709668,0.161035,4.78134,0.31626,0,-0.202684,37.785,-1.45369,83.0732,-0.202684,3.37655,-6.8343296200037,6.872673273086548,1.09168,209.22999572753906,,,,,,,341.8,4.118072289,341.8,4.118072289,,,,,,,,,,,,,,,,,,,"Ezequiel Tovar","24064",678662
"Jacob Young","WSN",82,295,265,65,49,9,2,4,37,28,19,0,52,5,1,4,,13,4,0.24315,0.0649994,0.175442,0.370489,0.304967,0.336621,0.290037,0.641588,0.0934711,6.4173,0.28691,0,0.320312,28.4517,-6.21996,82.5526,0.320312,5.83855,-5.719714999198914,6.918811082839966,1.08403,746.0700073242188,,,,,,,259.6,3.165853658,259.6,3.165853658,,,,,,,,,,,,,,,,,,,"Jacob Young","29931",696285
"Carter Jensen","KCR",84,342,304,73,47,14,2,11,41,44,33,1,93,1,3,0,,4,0,0.240181,0.0967011,0.273561,0.35349,0.314243,0.40427,0.317401,0.718513,0.164089,4.70392,0.306306,0,0.121249,40.3645,0.261312,97.4715,0.121249,0.0932815,-0.8939703404903412,-0.5771682560443878,1.07743,999,,,,,,,369.8,4.402380952,369.8,4.402380952,,,,,,,,,,,,,,,,,,,"Carter Jensen","29478",695600
"Carlos Narváez","BOS",66,243,215,48,31,12,0,6,25,24,23,0,67,3,1,1,,1,0,0.224728,0.0965421,0.273595,0.352865,0.307053,0.362062,0.300664,0.669115,0.137334,2.58908,0.294868,0,-0.231783,25.4791,-3.05901,84.9393,-0.231783,2.1741,-4.534923553466797,6.499545097351074,1.07533,443.010009765625,,,,,,,224.9,3.407575757,224.9,3.407575757,,,,,,,,,,,,,,,,,,,"Carlos Narvaez","19722",665966
"Alex Call","LAD",64,206,173,42,28,9,0,5,27,26,26,0,36,4,1,2,,3,2,0.244653,0.127903,0.172216,0.74269,0.354829,0.381158,0.334038,0.735987,0.136506,3.99738,0.281316,0,-0.365496,27.1129,2.89511,112.984,-0.365496,2.79983,2.7741017937660217,1.0914441347122192,1.06748,999,,,,,,,225.4,3.521875,225.4,3.521875,,,,,,,,,,,,,,,,,,,"Alex Call","19296",669743
"Brenton Doyle","COL",76,280,258,63,41,11,2,8,37,30,18,0,78,1,1,1,,11,2,0.242542,0.0653651,0.27795,0.235168,0.29466,0.395259,0.304597,0.689919,0.152717,6.87836,0.313877,0,1.0907,30.1935,-2.64246,78.7238,1.0907,6.49155,-5.88480544090271,7.331103205680847,1.05847,166.25,,,,,,,285.6,3.757894736,285.6,3.757894736,,,,,,,,,,,,,,,,,,,"Brenton Doyle","25479",686668
"Jake McCarthy","COL",76,280,252,70,49,12,4,5,36,30,18,0,48,4,2,3,,14,3,0.277192,0.0637692,0.173173,0.36824,0.333064,0.413316,0.330032,0.746379,0.136124,7.59236,0.324371,0,1.25296,35.8462,3.02994,96.0309,1.25296,2.06766,-0.04755759239196777,1.440908133983612,1.0525,506.760009765625,,,,,,,328.8,4.326315789,328.8,4.326315789,,,,,,,,,,,,,,,,,,,"Jake McCarthy","21622",664983
"Samad Taylor","SDP",67,284,249,62,45,10,2,5,41,29,25,0,67,2,2,7,,15,4,0.25,0.0867184,0.235958,0.367516,0.320168,0.372432,0.310346,0.692599,0.122432,7.36463,0.319744,0,1.00196,31.9824,-1.38183,100.107,1.00196,-0.892851,1.037758219987154,0.15156352519989014,1.04678,999,,,,,,,283.9,4.237313432,283.9,4.237313432,,,,,,,,,,,,,,,,,,,"Samad Taylor","22274",669392
"Lawrence Butler","ATH",88,333,300,69,44,14,1,11,42,42,31,0,87,0,2,0,,10,3,0.231894,0.091691,0.261142,0.351115,0.302343,0.39235,0.30819,0.694693,0.160456,5.24091,0.288428,0,0.322505,36.8642,-2.18943,91.4176,0.322505,2.7425,-3.033199191093445,1.5595284700393677,1.04503,157.22000122070312,,,,,,,339.7,3.860227272,339.7,3.860227272,,,,,,,,,,,,,,,,,,,"Lawrence Butler","22542",671732
"Ryan Ritter","COL",56,220,194,50,32,10,2,6,30,27,17,0,60,5,1,3,,4,1,0.258127,0.0767809,0.270148,0.284218,0.331436,0.420445,0.333496,0.751881,0.162318,5.86176,0.339741,0,-0.115584,28.8533,2.99595,98.3879,-0.115584,1.26783,-0.5317847579717636,3.6961052417755127,1.04107,999,,,,,,,253.6,4.528571428,253.6,4.528571428,,,,,,,,,,,,,,,,,,,"Ryan Ritter","31500",690022
"Ryan Vilade","TBR",72,268,239,60,40,11,2,6,31,35,23,0,62,3,2,1,,5,2,0.250736,0.0870579,0.230023,0.378475,0.322348,0.396247,0.319716,0.718595,0.145511,5.31615,0.309499,0,-0.226484,32.127,0.69908,101.169,-0.226484,3.15878,0.14134952425956726,0.602928638458252,1.03878,999,,,,,,,278.6,3.869444444,278.6,3.869444444,,,,,,,,,,,,,,,,,,,"Ryan Vilade","22165",668723
"Ramón Laureano","SDP",75,279,249,59,34,12,2,11,36,36,23,0,80,5,2,0,,6,2,0.235516,0.0816615,0.288109,0.283439,0.311048,0.42698,0.324833,0.738028,0.191464,5.33811,0.29937,0,-0.0466326,34.6593,1.86942,109.965,-0.0466326,1.23943,3.216010481119156,-1.955061912536621,1.0382,224.47999572753906,,,,,,,320.8,4.277333333,320.8,4.277333333,,,,,,,,,,,,,,,,,,,"Ramon Laureano","17128",657656
"Jac Caglianone","KCR",80,317,284,73,45,14,1,13,39,39,27,1,73,5,1,0,,2,1,0.257252,0.0849075,0.22992,0.369292,0.33005,0.448725,0.342053,0.778776,0.191474,3.71158,0.301018,0,-0.225216,43.6385,6.46774,114.2,-0.225216,-2.42677,5.059339195489883,-6.055978775024414,1.03625,164.58999633789062,,,,,,,390.3,4.87875,390.3,4.87875,,,,,,,,,,,,,,,,,,,"Jac Caglianone","35041",695506
"Colton Cowser","BAL",74,268,236,56,35,11,0,10,35,35,26,0,83,4,2,0,,6,2,0.237324,0.0981866,0.309272,0.317476,0.320975,0.410211,0.324458,0.731187,0.172887,4.72119,0.318446,0,0.216887,33.2133,1.71552,106.705,0.216887,-0.374544,2.331419959664345,-1.6407376825809479,1.03543,251.72000122070312,,,,,,,299.3,4.044594594,299.3,4.044594594,,,,,,,,,,,,,,,,,,,"Colton Cowser","29591",681297
"José Caballero","NYY",76,246,217,50,33,11,0,5,30,24,22,0,57,5,1,1,,23,7,0.229208,0.0883605,0.231925,0.380988,0.312877,0.3581,0.303483,0.670977,0.128892,6.47057,0.284771,0,1.615,26.3421,-2.54314,92.1564,1.615,-0.463112,-0.653316855430603,2.1156376004219055,1.03449,200.02999877929688,,,,,,,247,3.25,247,3.25,,,,,,,,,,,,,,,,,,,"Jose Caballero","23401",676609
"Jimmy Crooks","STL",55,222,203,49,34,9,1,5,24,25,15,0,62,2,1,0,,0,0,0.240325,0.0695848,0.277949,0.250351,0.300033,0.366688,0.297705,0.666721,0.126363,3.36946,0.319729,0,-0.176038,22.7596,-3.31978,89.9084,-0.176038,1.73383,-2.8038289099931717,5.815692782402039,1.0316,999,,,,,,,201.2,3.658181818,201.2,3.658181818,,,,,,,,,,,,,,,,,,,"Jimmy Crooks","31354",699625
"Joe Mack","MIA",64,257,234,53,34,10,0,7,29,34,19,0,72,3,1,1,,2,0,0.225067,0.0722474,0.281555,0.256602,0.28828,0.366044,0.291252,0.654325,0.140978,3.70908,0.292006,0,-0.113299,25.0156,-5.16498,82.0125,-0.113299,2.90073,-5.5337150022387505,7.387004375457764,1.02657,999,,,,,,,227.4,3.553125,227.4,3.553125,,,,,,,,,,,,,,,,,,,"Joe Mack","29780",691788
"Trevor Story","BOS",78,320,298,74,47,16,1,10,38,42,17,1,92,3,2,0,,11,0,0.248766,0.051784,0.287719,0.179981,0.292345,0.406332,0.305777,0.698677,0.157566,5.94993,0.3249,0,1.64099,34.8722,-2.7242,88.4083,1.64099,-1.54254,-2.7222349643707275,1.3784838914871216,1.01371,111.33000183105469,,,,,,,343.4,4.402564102,343.4,4.402564102,,,,,,,,,,,,,,,,,,,"Trevor Story","12564",596115
"Joey Loperfido","HOU",64,239,215,53,35,12,1,6,28,29,17,0,67,4,2,1,,5,2,0.249141,0.0723988,0.280846,0.257789,0.314537,0.39748,0.31552,0.712017,0.148339,5.32344,0.332206,0,-0.10658,27.8643,-0.175541,99.7742,-0.10658,2.90724,-0.16998235881328583,1.6598941087722778,1.01143,746.02001953125,,,,,,,245.6,3.8375,245.6,3.8375,,,,,,,,,,,,,,,,,,,"Joey Loperfido","29630",694388
"Ryan O'Hearn","PIT",80,288,255,69,48,12,0,9,36,35,28,2,56,3,2,0,,2,0,0.271898,0.0961561,0.195055,0.492968,0.347519,0.433084,0.344042,0.780603,0.161185,3.19406,0.31308,0,-0.24944,40.1217,6.33538,117.388,-0.24944,-0.649104,5.616146072745323,-4.924009442329407,1.00753,285.44000244140625,,,,,,,347.6,4.345,347.6,4.345,,,,,,,,,,,,,,,,,,,"Ryan O'Hearn","16442",656811
"Parker Meadows","DET",58,234,209,49,31,9,3,5,28,26,21,0,58,2,1,1,,7,1,0.233559,0.0908681,0.246998,0.367891,0.307773,0.385213,0.307689,0.692986,0.151654,6.9453,0.29474,0,0.544549,25.8003,-1.63132,93.6366,0.544549,2.02265,-1.20310640335083,2.7483524084091187,0.998471,745.6900024414062,,,,,,,235.1,4.053448275,235.1,4.053448275,,,,,,,,,,,,,,,,,,,"Parker Meadows","23800",678009
"Kyle Stowers","MIA",70,269,238,57,32,13,2,11,32,36,25,1,76,4,2,0,,2,1,0.241488,0.094478,0.282816,0.334061,0.322735,0.447878,0.337066,0.770614,0.206391,4.11974,0.305202,0,-0.298473,36.0258,4.42748,113.186,-0.298473,0.833507,3.8615782558918,-2.716740131378174,0.993267,164.42999267578125,,,,,,,321.7,4.595714285,321.7,4.595714285,,,,,,,,,,,,,,,,,,,"Kyle Stowers","26151",669065
"Darell Hernaiz","ATH",82,314,282,72,54,14,1,4,34,31,25,0,46,2,2,3,,6,2,0.257254,0.0789656,0.147322,0.536007,0.320466,0.354921,0.304086,0.675387,0.0976668,4.75391,0.295005,0,-0.0533113,33.7375,-3.09147,88.633,-0.0533113,0.849617,-4.244613587856293,2.9102540612220764,0.991174,999,,,,,,,291.9,3.559756097,291.9,3.559756097,,,,,,,,,,,,,,,,,,,"Darell Hernaiz","26224",687231
"Tyler Soderstrom","ATH",89,351,315,78,45,18,2,14,39,51,32,2,77,3,2,0,,2,1,0.248694,0.090401,0.219768,0.411348,0.321919,0.447168,0.33619,0.769086,0.198473,3.36605,0.285708,0,-0.491898,46.7869,5.53463,110.418,-0.491898,-2.45561,3.8108068704605103,-6.491462469100952,0.988677,82.8499984741211,,,,,,,423,4.752808988,423,4.752808988,,,,,,,,,,,,,,,,,,,"Tyler Soderstrom","27467",691016
"Spencer Steer","CIN",89,364,321,79,48,17,1,12,45,45,35,0,77,5,2,0,,6,1,0.24458,0.0971512,0.211101,0.460211,0.326344,0.420668,0.331307,0.747011,0.176087,4.62325,0.282068,0,0.296278,46.9958,4.31094,105.712,0.296278,-0.725378,2.730665296316147,-4.639406323432922,0.987674,335.70001220703125,,,,,,,417.8,4.694382022,417.8,4.694382022,,,,,,,,,,,,,,,,,,,"Spencer Steer","26323",668715
"Kody Clemens","MIN",69,245,222,52,28,12,2,10,31,31,17,0,58,3,1,1,,4,1,0.234534,0.0703261,0.237937,0.295566,0.298393,0.443398,0.323631,0.741791,0.208864,6.1156,0.272474,0,0.13846,30.1327,1.40329,103.95,0.13846,3.65242,1.2745649814605713,-0.23699259757995605,0.98619,700.7000122070312,,,,,,,274.2,3.973913043,274.2,3.973913043,,,,,,,,,,,,,,,,,,,"Kody Clemens","20572",665019
"Brandon Valenzuela","TOR",64,245,220,47,30,9,0,7,24,28,22,0,65,1,2,0,,1,0,0.21535,0.0889023,0.264671,0.335897,0.286777,0.362436,0.28938,0.649213,0.147087,2.90534,0.267824,0,-0.214309,23.4654,-5.28612,82.064,-0.214309,2.22831,-5.3773142248392105,6.4048216342926025,0.985837,999,,,,,,,206,3.21875,206,3.21875,,,,,,,,,,,,,,,,,,,"Brandon Valenzuela","23813",678218
"Eugenio Suárez","CIN",83,336,298,70,38,13,0,19,42,54,31,0,104,5,2,0,,1,0,0.233844,0.0908237,0.310887,0.292144,0.313813,0.467689,0.341106,0.781501,0.233844,2.91679,0.287929,0,-0.296356,46.0252,6.60538,112.379,-0.296356,-0.391626,4.576012313365936,-5.6204706728458405,0.985735,97.91999816894531,,,,,,,420.2,5.062650602,420.2,5.062650602,,,,,,,,,,,,,,,,,,,"Eugenio Suarez","12552",553993
"Samuel Basallo","BAL",75,291,263,64,37,14,0,14,35,42,24,1,73,2,2,0,,0,0,0.243794,0.0818363,0.250365,0.326868,0.309921,0.451858,0.331685,0.761779,0.208063,2.1121,0.283301,0,-0.420486,37.6919,3.5371,111.609,-0.420486,-3.86837,3.549286812543869,-4.1725243628025055,0.982149,160.94000244140625,,,,,,,345.6,4.608,345.6,4.608,,,,,,,,,,,,,,,,,,,"Samuel Basallo","28824",694212
"Colby Thomas","ATH",71,267,244,60,34,15,1,9,33,41,15,0,79,6,2,1,,4,2,0.244644,0.0575702,0.297473,0.193531,0.302638,0.432446,0.322619,0.735085,0.187802,4.90326,0.320758,0,-0.445098,32.6738,1.31607,101.209,-0.445098,1.68891,-0.06546884775161743,0.27025413513183594,0.981343,748.5900268554688,,,,,,,290.8,4.095774647,290.8,4.095774647,,,,,,,,,,,,,,,,,,,"Colby Thomas","31855",687515
"Bryan Reynolds","PIT",89,379,331,84,55,18,2,10,44,45,40,2,90,5,2,0,,4,1,0.25439,0.105462,0.237125,0.444753,0.342148,0.408179,0.333656,0.750327,0.153788,4.45637,0.318429,0,-0.105246,49.7001,5.20397,110.321,-0.105246,-2.65193,4.480005197227001,-6.95492696762085,0.979864,204.72000122070312,,,,,,,436.8,4.907865168,436.8,4.907865168,,,,,,,,,,,,,,,,,,,"Bryan Reynolds","19326",668804
"Endy Rodríguez","PIT",51,201,179,43,27,11,1,4,27,22,20,0,43,1,1,0,,2,1,0.240771,0.0971782,0.212552,0.457198,0.318414,0.390527,0.316149,0.708941,0.149756,4.59941,0.290764,0,-0.308345,23.5454,-0.0469829,98.4079,-0.308345,1.01838,-0.6833806037902832,3.8602218627929688,0.979569,999,,,,,,,201,3.94117647,201,3.94117647,,,,,,,,,,,,,,,,,,,"Endy Rodriguez","25332",682848
"Jake Meyers","HOU",63,216,194,47,33,9,1,4,24,19,17,0,46,3,1,1,,5,2,0.240702,0.0775711,0.213891,0.362667,0.307387,0.35989,0.299501,0.667277,0.119189,4.99488,0.292563,0,-0.129618,22.3899,-2.91205,88.9039,-0.129618,4.1477,-2.940478429198265,4.936691164970398,0.979462,738.1500244140625,,,,,,,202.5,3.214285714,202.5,3.214285714,,,,,,,,,,,,,,,,,,,"Jake Meyers","20308",676694
"Jake Cronenworth","SDP",74,292,250,56,37,11,1,6,35,29,33,0,58,7,1,1,,2,1,0.226099,0.113017,0.199244,0.56723,0.330454,0.360869,0.313979,0.691323,0.13477,4.04957,0.268037,0,-0.342553,33.6792,-0.573032,102.58,-0.342553,-1.58879,0.5397697985172272,-0.4330418109893799,0.960452,738.2999877929688,,,,,,,278.6,3.764864864,278.6,3.764864864,,,,,,,,,,,,,,,,,,,"Jake Cronenworth","18036",630105
"Davis Schneider","TOR",69,233,196,41,23,9,1,8,29,28,32,0,68,3,1,0,,3,1,0.208421,0.138172,0.291696,0.473684,0.326259,0.381507,0.319824,0.707765,0.173085,4.49122,0.272846,0,-0.0650565,27.9532,0.627916,102.723,-0.0650565,2.05702,0.6798641979694366,0.5170459747314453,0.959516,999,,,,,,,248.5,3.601449275,248.5,3.601449275,,,,,,,,,,,,,,,,,,,"Davis Schneider","23565",676914
"Pedro Pagés","STL",64,227,208,46,32,9,0,6,20,23,13,0,59,2,1,2,,1,0,0.222987,0.0580744,0.259615,0.223694,0.274482,0.350647,0.277555,0.625129,0.12766,3.13655,0.281035,0,-0.0111692,19.5791,-7.03006,76.1972,-0.0111692,3.93712,-6.335184837691486,8.500142097473145,0.959502,748.2899780273438,,,,,,,179,2.796875,179,2.796875,,,,,,,,,,,,,,,,,,,"Pedro Pages","25782",686780
"Luis Torrens","NYM",55,167,153,37,24,9,0,4,16,19,10,0,38,2,1,1,,0,0,0.240771,0.0627151,0.226177,0.277283,0.29645,0.376309,0.299194,0.672758,0.135537,2.74095,0.296023,0,-0.287567,17.3361,-2.30103,92.08,-0.287567,2.69464,-1.8404284119606018,5.881566286087036,0.958494,999,,,,,,,153.9,2.798181818,153.9,2.798181818,,,,,,,,,,,,,,,,,,,"Luis Torrens","15905",620443
"Adolis García","PHI",84,336,305,72,43,14,1,14,39,45,24,0,91,4,3,0,,6,2,0.235302,0.0724082,0.271092,0.267098,0.298277,0.42106,0.315815,0.719337,0.185758,4.56438,0.286751,0,0.0885403,39.3132,-0.168011,98.4554,0.0885403,2.78427,-0.5203340277075768,-0.8254561424255371,0.956555,213.99000549316406,,,,,,,365.9,4.35595238,365.9,4.35595238,,,,,,,,,,,,,,,,,,,"Adolis Garcia","19287",666969
"Bo Naylor","CLE",65,225,199,41,23,10,0,8,26,26,23,0,53,1,1,1,,1,1,0.207955,0.102936,0.237025,0.434281,0.291941,0.38211,0.299667,0.674051,0.174155,3.16665,0.241226,0,-0.34355,23.3952,-3.00916,89.6235,-0.34355,0.475397,-3.0866565108299255,4.492679536342621,0.952744,574.2899780273438,,,,,,,205.9,3.167692307,205.9,3.167692307,,,,,,,,,,,,,,,,,,,"Bo Naylor","21865",666310
"Oswald Peraza","LAA",71,251,229,53,37,9,1,7,27,24,16,0,64,5,1,0,,10,2,0.232474,0.0629677,0.257173,0.244845,0.29435,0.372321,0.297655,0.666671,0.139847,5.57183,0.28997,0,0.835071,25.6807,-3.75734,85.904,0.835071,2.85565,-3.319435179233551,3.7489333152770996,0.945578,999,,,,,,,241.8,3.405633802,241.8,3.405633802,,,,,,,,,,,,,,,,,,,"Oswald Peraza","22823",672724
"Trevor Larnach","MIN",77,288,253,63,41,13,1,8,36,33,31,1,67,2,1,0,,2,1,0.248382,0.107984,0.232921,0.463609,0.333639,0.403722,0.327801,0.737361,0.15534,3.53039,0.304964,0,-0.483985,36.3738,2.60597,106.779,-0.483985,0.168834,1.8079399764537811,-2.685425326228142,0.944245,748.52001953125,,,,,,,318.4,4.135064935,318.4,4.135064935,,,,,,,,,,,,,,,,,,,"Trevor Larnach","21501",663616
"Sung-Mun Song","SDP",70,284,256,62,44,11,1,6,32,29,25,2,53,0,2,0,,6,1,0.240793,0.0882925,0.185459,0.476075,0.307803,0.364939,0.298615,0.672743,0.124146,5.13972,0.279198,0,0.412761,29.2996,-4.03766,92.1253,0.412761,1.55932,-2.2084200382232666,2.397166430950165,0.943495,999,,,,,,,268.8,3.84,268.8,3.84,,,,,,,,,,,,,,,,,,,"Sung-Mun Song","37122",823550
"Max Muncy","ATH",59,229,205,51,32,12,1,6,28,31,15,0,68,5,2,1,,3,2,0.250616,0.0676551,0.297904,0.227104,0.316146,0.410714,0.320983,0.72686,0.160099,4.56169,0.340465,0,-0.476268,27.6575,0.827831,100.099,-0.476268,1.30848,-0.44965995475649834,1.6291750073432922,0.942556,672.719970703125,,,,,,,237.6,4.027118644,237.6,4.027118644,,,,,,,,,,,,,,,,,,,"Max Muncy","29779",691777
"Jordan Lawlar","ARI",49,203,180,43,26,10,1,5,27,23,18,0,55,3,1,1,,8,2,0.237995,0.0884093,0.270209,0.327189,0.316064,0.392364,0.315013,0.708427,0.154369,6.61067,0.312185,0,0.544867,23.6008,-0.23126,98.5389,0.544867,1.76894,0.1971971094608307,2.5149700045585632,0.938594,261.6499938964844,,,,,,,215.1,4.389795918,215.1,4.389795918,,,,,,,,,,,,,,,,,,,"Jordan Lawlar","29976",691783
"David Hamilton","MIL",69,240,213,48,34,7,1,6,33,24,22,0,58,1,1,3,,21,5,0.225472,0.0907828,0.241187,0.3764,0.299906,0.351005,0.293214,0.650912,0.125533,7.59649,0.280886,0,1.97739,23.7674,-4.45344,85.4527,1.97739,1.70164,-2.121667265892029,3.5715047121047974,0.930894,743.3300170898438,,,,,,,233.1,3.378260869,233.1,3.378260869,,,,,,,,,,,,,,,,,,,"David Hamilton","27531",666152
"Matt Shaw","CHC",77,278,248,61,39,12,2,8,34,34,24,0,53,4,2,1,,11,3,0.244843,0.0861542,0.191005,0.451057,0.318149,0.40701,0.321822,0.725159,0.162167,5.97156,0.278226,0,0.511977,33.805,1.19216,105.961,0.511977,0.540202,2.453117609024048,-2.202752470970154,0.929728,336.67999267578125,,,,,,,311.5,4.045454545,311.5,4.045454545,,,,,,,,,,,,,,,,,,,"Matt Shaw","33322",807713
"Justin Crawford","PHI",76,312,284,78,58,13,3,4,44,29,22,0,63,2,1,3,,16,4,0.273726,0.070115,0.201158,0.348556,0.327639,0.379623,0.31574,0.707262,0.105896,6.95126,0.337439,0,1.00663,36.436,-0.174575,98.4041,1.00663,-2.35566,0.42324399948120117,-1.2975187301635742,0.925298,999,,,,,,,336.4,4.426315789,336.4,4.426315789,,,,,,,,,,,,,,,,,,,"Justin Crawford","31791",702222
"Ronny Mauricio","NYM",58,225,210,51,34,9,0,7,26,26,13,1,58,1,1,0,,6,2,0.241206,0.0575974,0.25657,0.22449,0.288174,0.394171,0.298414,0.682345,0.152965,4.88987,0.296696,0,0.294489,23.2089,-3.23939,91.549,0.294489,2.937,-1.9372206926345825,3.7649186849594116,0.92048,999,,,,,,,215.3,3.712068965,215.3,3.712068965,,,,,,,,,,,,,,,,,,,"Ronny Mauricio","23698",677595
"Kyle Karros","COL",76,295,262,66,45,15,1,4,37,29,29,1,68,3,2,0,,3,0,0.251271,0.0965617,0.231692,0.416768,0.329661,0.367535,0.312849,0.697196,0.116264,4.78685,0.322148,0,0.0948485,33.8088,-0.845917,84.3389,0.0948485,3.81278,-5.324123077094555,4.833112120628357,0.910355,999,,,,,,,296.1,3.896052631,296.1,3.896052631,,,,,,,,,,,,,,,,,,,"Kyle Karros","33252",691720
"Jesús Sánchez","TOR",83,290,264,67,42,14,1,10,34,39,21,1,67,3,3,0,,5,1,0.255792,0.0726206,0.231326,0.313932,0.314403,0.432309,0.326851,0.746712,0.176517,4.50073,0.302738,0,0.12682,36.4643,2.40848,107.491,0.12682,-0.284799,2.681125357747078,-3.9843315184116364,0.909436,617.4299926757812,,,,,,,330.2,3.978313253,330.2,3.978313253,,,,,,,,,,,,,,,,,,,"Jesus Sanchez","19913",660821
"Christian Yelich","MIL",74,320,280,72,49,12,1,10,46,42,36,3,83,2,2,0,,9,2,0.258229,0.111966,0.258457,0.433211,0.345241,0.416783,0.33638,0.762023,0.158554,5.54982,0.329888,0,0.578611,42.6317,5.0859,114.824,0.578611,0.0121093,6.135987222194672,-7.41806695330888,0.909432,127.22000122070312,,,,,,,383.2,5.178378378,383.2,5.178378378,,,,,,,,,,,,,,,,,,,"Christian Yelich","11477",592885
"Brice Matthews","HOU",72,281,249,55,34,9,2,9,33,34,26,0,94,4,2,1,,13,4,0.220358,0.0929151,0.335252,0.27715,0.301717,0.383325,0.305707,0.685042,0.162967,6.69844,0.311347,0,0.625317,30.6225,-2.409,93.1151,0.625317,0.615778,-1.6515799164772034,0.6387213077396154,0.907821,740.969970703125,,,,,,,284.6,3.952777777,284.6,3.952777777,,,,,,,,,,,,,,,,,,,"Brice Matthews","33280",694728
"Andrés Chaparro","WSN",59,223,200,48,29,11,0,8,24,29,20,0,53,2,1,0,,1,0,0.240216,0.0883702,0.236586,0.373522,0.31377,0.415279,0.321968,0.729049,0.175062,2.97659,0.286196,0,-0.0838618,27.147,0.982279,104.28,-0.0838618,3.30557,1.0341992378234863,0.692110538482666,0.902228,999,,,,,,,243.8,4.132203389,243.8,4.132203389,,,,,,,,,,,,,,,,,,,"Andres Chaparro","21797",665953
"Ryan Ward","LAD",64,278,253,58,33,11,2,13,37,39,21,1,71,1,2,0,,3,1,0.229898,0.0769409,0.257468,0.298837,0.291597,0.437151,0.317172,0.728748,0.207253,5.12944,0.267302,0,-0.208109,32.7491,0.161781,101.508,-0.208109,2.72033,0.28265030682086945,-0.33995580673217773,0.89749,999,,,,,,,306.2,4.784375,306.2,4.784375,,,,,,,,,,,,,,,,,,,"Ryan Ward","27449",669899
"Dylan Beavers","BAL",70,289,252,62,40,12,2,8,38,33,33,0,68,1,2,2,,8,3,0.247195,0.112502,0.234486,0.479779,0.334446,0.405941,0.329566,0.740386,0.158746,5.48494,0.305218,0,0.112749,36.9776,3.02712,110.171,0.112749,-1.4869,3.5699492692947388,-4.958317399024963,0.897484,505.0400085449219,,,,,,,325.4,4.648571428,325.4,4.648571428,,,,,,,,,,,,,,,,,,,"Dylan Beavers","31695",687637
"Jared Triolo","PIT",65,237,210,51,37,10,1,3,27,20,23,0,54,2,1,1,,7,2,0.243478,0.0979421,0.228648,0.428353,0.322056,0.348221,0.302874,0.670277,0.104743,5.53722,0.311619,0,0.300928,25.2746,-2.56639,89.3752,0.300928,2.95125,-2.6525965332984924,3.8694077134132385,0.896486,735.5399780273438,,,,,,,221.2,3.403076923,221.2,3.403076923,,,,,,,,,,,,,,,,,,,"Jared Triolo","25807",669707
"Josh Smith","TEX",78,287,248,61,42,12,1,6,34,26,29,1,54,6,2,1,,6,2,0.245462,0.102125,0.189996,0.53751,0.336956,0.373198,0.320115,0.710154,0.127735,4.54461,0.289688,0,-0.145353,34.499,0.839888,103.719,-0.145353,-2.91878,1.1078452467918396,-2.4405717253684998,0.894264,428.9100036621094,,,,,,,301.3,3.862820512,301.3,3.862820512,,,,,,,,,,,,,,,,,,,"Josh Smith","26396",669701
"Daniel Schneemann","CLE",72,254,228,52,32,12,1,6,29,26,24,0,70,1,1,0,,5,2,0.226503,0.0942085,0.275528,0.34192,0.301228,0.369644,0.300242,0.670871,0.14314,4.93841,0.296962,0,-0.0492336,26.5386,-3.282,90.0137,-0.0492336,1.75059,-3.0307502150535583,2.832680344581604,0.892982,999,,,,,,,239,3.319444444,239,3.319444444,,,,,,,,,,,,,,,,,,,"Daniel Schneemann","25180",682177
"Kyle Isbel","KCR",77,241,217,53,36,10,3,4,28,21,14,0,48,3,1,5,,5,2,0.243477,0.0599402,0.199167,0.300954,0.297468,0.370299,0.296906,0.667768,0.126823,6.37234,0.292577,0,0.0339812,24.4914,-3.74797,83.5642,0.0339812,3.77577,-4.612885169684887,4.833929061889648,0.887505,999,,,,,,,218.4,2.836363636,218.4,2.836363636,,,,,,,,,,,,,,,,,,,"Kyle Isbel","21614",664728
"Jesus Rodriguez","SFG",61,252,229,62,48,9,1,3,28,26,19,0,40,3,1,0,,6,3,0.272892,0.0764968,0.157115,0.486884,0.334509,0.369549,0.315769,0.704058,0.096657,4.691,0.315302,0,-0.371083,29.4529,-0.135249,102.446,-0.371083,-1.88894,0.351579874753952,0.2296609878540039,0.879786,999,,,,,,,247.2,4.052459016,247.2,4.052459016,,,,,,,,,,,,,,,,,,,"Jesus Rodriguez","26991",683679
"Vinnie Pasquantino","KCR",88,371,330,82,50,17,1,14,38,52,35,2,57,3,3,0,,2,0,0.249181,0.0935152,0.152831,0.611886,0.323603,0.438398,0.333369,0.762001,0.189216,2.96525,0.25911,0,-0.134244,48.5068,5.00307,108.307,-0.134244,-1.45836,3.4840474873781204,-7.92383885383606,0.877355,77.0999984741211,,,,,,,433.6,4.927272727,433.6,4.927272727,,,,,,,,,,,,,,,,,,,"Vinnie Pasquantino","27676",686469
"Cam Smith","HOU",82,298,265,63,42,13,2,7,34,32,27,0,78,4,2,0,,6,1,0.236557,0.0895623,0.262909,0.340659,0.313675,0.374845,0.308548,0.68852,0.138288,5.26929,0.306779,0,0.271627,33.0911,-1.87514,95.0431,0.271627,3.02306,-1.4636755585670471,-0.43240904808044434,0.876563,341.8699951171875,,,,,,,304.3,3.710975609,304.3,3.710975609,,,,,,,,,,,,,,,,,,,"Cam Smith","35108",701358
"Hao-Yu  Lee","DET",66,272,245,57,38,11,3,6,33,31,21,0,59,4,1,0,,5,1,0.233729,0.07723,0.217773,0.354635,0.303262,0.373559,0.30164,0.676821,0.139831,6.04945,0.282151,0,0.206262,28.6892,-3.20769,89.5319,0.206262,1.66448,-3.1367072463035583,2.1415736377239227,0.874888,999,,,,,,,261.3,3.959090909,261.3,3.959090909,,,,,,,,,,,,,,,,,,,"Hao-Yu  Lee","30080",701678
"Ezequiel Duran","TEX",73,247,227,59,38,14,1,6,30,30,15,0,58,2,2,1,,7,2,0.261878,0.0613454,0.2353,0.260712,0.310984,0.4085,0.317181,0.719484,0.146622,5.50088,0.326355,0,0.35867,29.0895,0.145282,101.728,0.35867,-1.96878,0.8593663275241852,-1.0627339482307434,0.8656,999,,,,,,,264.8,3.62739726,264.8,3.62739726,,,,,,,,,,,,,,,,,,,"Ezequiel Duran","23733",677649
"Mickey Moniak","COL",72,258,240,64,36,12,3,13,33,39,14,0,64,3,2,0,,4,2,0.266262,0.0536713,0.248371,0.216093,0.312035,0.505984,0.352428,0.818019,0.239722,5.56414,0.308887,0,-0.222781,37.6649,7.39957,111.27,-0.222781,0.555358,3.182959020137787,-2.9501286149024963,0.862853,245.8300018310547,,,,,,,345.5,4.798611111,345.5,4.798611111,,,,,,,,,,,,,,,,,,,"Mickey Moniak","19956",666160
"Danny Jansen","TEX",57,197,170,34,18,9,0,7,20,21,22,0,49,4,1,0,,0,0,0.19995,0.109532,0.247786,0.442042,0.303179,0.378318,0.30661,0.681497,0.178368,2.28777,0.234211,0,-0.300545,21.5331,-1.54135,94.5545,-0.300545,-0.544985,-1.5585620403289795,3.0640721321105957,0.860955,999,,,,,,,190.3,3.338596491,190.3,3.338596491,,,,,,,,,,,,,,,,,,,"Danny Jansen","16535",643376
"Ty France","SDP",78,284,257,64,43,13,1,8,30,32,17,0,55,9,1,0,,1,0,0.250707,0.0596229,0.192535,0.309672,0.31854,0.39461,0.317829,0.713149,0.143903,2.73303,0.289579,0,-0.342845,33.7029,0.314693,105.199,-0.342845,2.43973,1.3904947638511658,-2.077587366104126,0.855153,999,,,,,,,299.9,3.844871794,299.9,3.844871794,,,,,,,,,,,,,,,,,,,"Ty France","17982",664034
"Leo Rivas","SEA",64,225,186,39,29,5,1,3,28,19,32,0,58,3,1,3,,9,2,0.208016,0.140202,0.256728,0.546109,0.329609,0.293999,0.292964,0.623608,0.085983,6.30598,0.283463,0,0.786476,22.1662,-4.20669,90.4017,0.786476,0.988755,-1.7478755712509155,2.1684969663619995,0.850797,999,,,,,,,197.3,3.0828125,197.3,3.0828125,,,,,,,,,,,,,,,,,,,"Leo Rivas","21009",660844
"Luke Raley","SEA",68,224,197,47,28,9,1,10,27,30,15,0,70,9,1,2,,4,1,0.238627,0.0683133,0.31176,0.219121,0.3218,0.440607,0.33672,0.762406,0.20198,4.75092,0.314672,0,-0.0772763,29.9792,3.63016,120.095,-0.0772763,-2.33385,5.223710514605045,-4.869860410690308,0.843222,748.25,,,,,,,268.8,3.952941176,268.8,3.952941176,,,,,,,,,,,,,,,,,,,"Luke Raley","19354",670042
"Dylan Crews","WSN",57,227,205,48,33,7,2,6,29,25,15,0,51,5,1,0,,9,3,0.235807,0.0680032,0.223256,0.304598,0.303723,0.378751,0.304735,0.682474,0.142944,6.71054,0.282287,0,0.490571,24.496,-2.1166,92.5541,0.490571,4.04782,-1.4879256188869476,2.4709733724594116,0.838477,282.2200012207031,,,,,,,220.6,3.870175438,220.6,3.870175438,,,,,,,,,,,,,,,,,,,"Dylan Crews","33541",686611
"Pedro Ramírez","CHC",65,270,248,61,47,9,2,3,28,28,17,0,52,3,2,0,,7,3,0.244717,0.0646395,0.19084,0.33871,0.301035,0.334619,0.28576,0.635655,0.0899027,5.32005,0.295074,0,-0.19758,25.0883,-6.60697,81.4227,-0.19758,4.66137,-6.076647117733955,5.653541386127472,0.835274,999,,,,,,,224.2,3.449230769,224.2,3.449230769,,,,,,,,,,,,,,,,,,,"Pedro Ramirez","29218",699393
"J.C. Escarra","NYY",52,180,161,37,24,9,1,4,20,21,16,0,32,2,1,0,,1,0,0.230933,0.0879533,0.180185,0.488127,0.304984,0.370183,0.301941,0.675167,0.139251,3.99138,0.265035,0,-0.221686,19.0161,-2.0782,91.1101,-0.221686,0.873017,-2.099185973405838,3.9418901205062866,0.834869,999,,,,,,,171.5,3.298076923,171.5,3.298076923,,,,,,,,,,,,,,,,,,,"J.C. Escarra","20084",641555
"Jasson Domínguez","NYY",60,233,209,53,35,9,1,8,33,30,21,0,58,1,1,0,,11,2,0.252606,0.0903412,0.248255,0.363905,0.322805,0.418148,0.327314,0.740953,0.165543,6.3433,0.310506,0,1.09414,29.3255,2.01711,108.328,1.09414,-0.908215,3.3710702657699585,-3.4727511405944824,0.825921,421.5400085449219,,,,,,,276.1,4.601666666,276.1,4.601666666,,,,,,,,,,,,,,,,,,,"Jasson Dominguez","28080",691176
"Jake Bauers","MIL",67,227,196,48,26,11,0,11,31,35,28,2,62,2,1,0,,6,1,0.244189,0.123306,0.272612,0.452314,0.343537,0.472437,0.356258,0.815975,0.228249,4.86651,0.297424,0,0.482921,33.7828,7.19288,128.35,0.482921,-2.60748,8.0097034573555,-7.224900484085083,0.817532,999,,,,,,,306.7,4.57761194,306.7,4.57761194,,,,,,,,,,,,,,,,,,,"Jake Bauers","15194",641343
"Gabriel Arias","CLE",61,211,194,45,28,10,1,7,22,23,13,0,66,3,1,0,,3,2,0.232961,0.0606707,0.31072,0.195259,0.288073,0.393332,0.300094,0.681405,0.160371,4.31399,0.314267,0,-0.333473,22.0611,-2.75642,89.9128,-0.333473,1.0582,-2.839827924966812,3.3888258934020996,0.816318,748.3800048828125,,,,,,,206.6,3.386885245,206.6,3.386885245,,,,,,,,,,,,,,,,,,,"Gabriel Arias","22563",672356
"CJ Kayfus","CLE",61,236,208,52,30,12,3,7,29,30,22,0,66,4,1,0,,2,1,0.250885,0.094351,0.280104,0.336842,0.332771,0.434671,0.338843,0.767443,0.183786,5.73632,0.333463,0,-0.21665,31.9575,4.22132,116.208,-0.21665,-0.278318,4.284143254160881,-4.619504630565643,0.815075,999,,,,,,,279.9,4.58852459,279.9,4.58852459,,,,,,,,,,,,,,,,,,,"CJ Kayfus","33704",692216
"Miguel Rojas","LAD",61,186,169,42,31,8,0,3,18,17,12,0,24,2,2,2,,3,1,0.247478,0.0641065,0.13134,0.488095,0.302325,0.347847,0.29076,0.650173,0.100369,3.42965,0.270857,0,-0.00908541,18.0281,-3.8104,83.5362,-0.00908541,4.59031,-3.599015947431326,5.640431642532349,0.814592,999,,,,,,,162.5,2.663934426,162.5,2.663934426,,,,,,,,,,,,,,,,,,,"Miguel Rojas","7802",500743
"Gabriel Gonzalez","MIN",58,242,221,60,39,15,1,5,26,30,15,0,42,5,1,0,,2,1,0.273217,0.0623963,0.17532,0.355899,0.330463,0.420319,0.33209,0.750782,0.147103,3.86038,0.316546,0,-0.411731,31.3878,3.01629,109.69,-0.411731,-0.235454,2.3407064080238342,-2.8998342603445053,0.811603,999,,,,,,,272.2,4.693103448,272.2,4.693103448,,,,,,,,,,,,,,,,,,,"Gabriel Gonzalez","28833",694224
"Carson Benge","NYM",76,325,290,73,48,13,3,8,44,38,29,1,69,5,1,0,,8,2,0.250982,0.0889874,0.21235,0.419059,0.327412,0.403374,0.324512,0.730785,0.152392,6.37813,0.300889,0,0.421655,40.2187,2.09054,109.307,0.421655,-3.63191,3.964879333972931,-6.458961248397827,0.801371,999,,,,,,,360.4,4.742105263,360.4,4.742105263,,,,,,,,,,,,,,,,,,,"Carson Benge","35177",701807
"Andrew Vaughn","MIL",77,308,279,73,46,16,1,10,31,45,23,0,57,4,2,0,,0,0,0.259724,0.073322,0.18619,0.393802,0.322279,0.433132,0.333006,0.755411,0.173408,1.55322,0.291502,0,-0.381255,40.1846,4.06476,112.528,-0.381255,-1.52958,4.13707035779953,-6.127910256385803,0.797271,272.2699890136719,,,,,,,356.9,4.635064935,356.9,4.635064935,,,,,,,,,,,,,,,,,,,"Andrew Vaughn","26197",683734
"Colt Keith","DET",80,302,274,71,48,15,2,7,39,33,25,0,68,2,2,0,,2,0,0.260421,0.0820332,0.223839,0.366482,0.323736,0.401698,0.321573,0.725433,0.141276,3.98845,0.320501,0,-0.261653,36.7375,1.23753,103.058,-0.261653,-0.351648,0.8253174722194672,-3.6955730319023132,0.793075,502.489990234375,,,,,,,329.1,4.11375,329.1,4.11375,,,,,,,,,,,,,,,,,,,"Colt Keith","27899",690993
"Jonathan India","KCR",67,275,235,57,37,13,1,6,35,26,31,0,52,8,1,0,,2,1,0.240466,0.110923,0.188343,0.588942,0.344358,0.380473,0.3284,0.724832,0.140007,3.60229,0.282116,0,-0.590311,34.9486,2.62593,104.935,-0.590311,-3.8067,1.0067511796951294,-2.964147686958313,0.789318,607.719970703125,,,,,,,302,4.507462686,302,4.507462686,,,,,,,,,,,,,,,,,,,"Jonathan India","21523",663697
"Harrison Bader","SFG",71,236,217,51,34,9,0,8,28,28,14,0,59,3,2,0,,6,3,0.235936,0.0598572,0.251224,0.238262,0.290483,0.388634,0.300638,0.679117,0.152698,4.71728,0.28742,0,-0.202104,24.7329,-2.97508,92.1502,-0.202104,1.60606,-2.373787134885788,2.5755449533462524,0.788778,554.3099975585938,,,,,,,223.9,3.153521126,223.9,3.153521126,,,,,,,,,,,,,,,,,,,"Harrison Bader","18030",664056
"Addison Barger","TOR",64,245,219,52,30,14,0,9,29,34,22,1,58,2,2,0,,2,1,0.239015,0.0889639,0.23735,0.374821,0.310695,0.423864,0.322303,0.734558,0.184848,3.36339,0.283443,0,-0.284577,29.8758,1.14416,104.405,-0.284577,0.748385,0.9826134741306305,-1.949811041355133,0.780813,193.08999633789062,,,,,,,270.4,4.225,270.4,4.225,,,,,,,,,,,,,,,,,,,"Addison Barger","24598",680718
"Shay Whitcomb","HOU",62,238,217,50,31,9,0,10,30,33,17,0,74,3,1,0,,5,1,0.228986,0.0695297,0.309614,0.224569,0.289994,0.409725,0.307599,0.699719,0.180739,4.87962,0.295537,0,0.268734,26.2722,-1.67926,94.3988,0.268734,1.68335,-1.2987408638000488,0.4931142330169678,0.773478,999,,,,,,,249.8,4.029032258,249.8,4.029032258,,,,,,,,,,,,,,,,,,,"Shay Whitcomb","27789",694376
"Nathaniel Lowe","CIN",86,332,295,76,50,13,1,12,36,46,34,1,79,2,2,0,,0,0,0.258761,0.10133,0.237508,0.426638,0.336781,0.435853,0.340843,0.772634,0.177092,2.25467,0.311097,0,-0.544525,45.4591,6.46451,112.2,-0.544525,-0.551259,4.205668687820435,-7.207339525222778,0.773375,999,,,,,,,394.8,4.590697674,394.8,4.590697674,,,,,,,,,,,,,,,,,,,"Nathaniel Lowe","19566",663993
"Victor Scott II","STL",86,309,269,59,44,9,1,4,35,24,26,0,68,5,2,8,,21,5,0.217868,0.0826669,0.218857,0.377721,0.297065,0.307047,0.276984,0.604112,0.0891792,6.80072,0.274249,0,1.82328,26.5539,-9.72573,75.8086,1.82328,3.68079,-6.939812660217285,4.667806386947632,0.772886,391.1300048828125,,,,,,,249.7,2.903488372,249.7,2.903488372,,,,,,,,,,,,,,,,,,,"Victor Scott II","31349",687363
"Mauricio Dubón","ATL",80,265,247,64,44,13,1,5,31,29,15,0,36,2,1,1,,2,1,0.257196,0.05576,0.136268,0.409195,0.302083,0.378387,0.301971,0.68047,0.121192,3.91555,0.283679,0,-0.346006,28.0818,-3.06188,90.1799,-0.346006,1.99633,-3.3996514678001404,2.430451512336731,0.764021,743.3800048828125,,,,,,,253.8,3.1725,253.8,3.1725,,,,,,,,,,,,,,,,,,,"Mauricio Dubon","16530",643289
"Will Benson","CIN",77,241,210,48,27,9,2,9,33,29,28,1,73,2,1,0,,6,2,0.226477,0.114246,0.301822,0.378521,0.321045,0.419552,0.327256,0.740597,0.193075,6.16078,0.298076,0,-0.102528,30.3896,2.0799,102.955,-0.102528,0.999582,0.7327957451343536,-0.9539833068847656,0.762115,999,,,,,,,276.7,3.593506493,276.7,3.593506493,,,,,,,,,,,,,,,,,,,"Will Benson","21853",666181
"Kyle Higashioka","TEX",51,165,152,35,22,7,0,6,17,20,11,0,42,1,1,0,,1,0,0.232133,0.0680146,0.254482,0.267267,0.287128,0.399446,0.302783,0.686574,0.167313,3.22646,0.279785,0,-0.185302,17.6142,-1.80173,91.9578,-0.185302,0.575399,-1.7486208975315094,3.3583232760429382,0.759589,999,,,,,,,158.6,3.109803921,158.6,3.109803921,,,,,,,,,,,,,,,,,,,"Kyle Higashioka","5517",543309
"Javier Sanoja","MIA",80,278,257,67,46,15,2,4,28,32,17,0,28,1,1,2,,6,4,0.260405,0.0597144,0.100572,0.59375,0.306042,0.380891,0.304435,0.686933,0.120486,4.7225,0.278298,0,-0.760218,29.9351,-2.65888,90.9822,-0.760218,1.8289,-3.6949586272239685,2.28426194190979,0.75898,999,,,,,,,264.9,3.31125,264.9,3.31125,,,,,,,,,,,,,,,,,,,"Javier Sanoja","28253",691594
"Nolan Gorman","STL",80,298,265,58,35,10,0,12,33,39,30,1,95,0,2,0,,1,1,0.218066,0.101766,0.317637,0.320384,0.297168,0.399869,0.307282,0.697037,0.181803,2.77603,0.283139,0,-0.391523,32.8363,-2.17904,96.4248,-0.391523,0.771315,-1.641466736793518,-0.463060200214386,0.755002,653.1400146484375,,,,,,,290.7,3.63375,290.7,3.63375,,,,,,,,,,,,,,,,,,,"Nolan Gorman","22263",669357
"Brett Harris","ATH",49,189,165,38,27,7,0,4,22,23,17,0,38,4,1,1,,2,1,0.233206,0.0927605,0.200273,0.46317,0.319864,0.356833,0.306713,0.676697,0.123627,4.0167,0.276317,0,-0.17093,20.665,-1.46262,90.4151,-0.17093,2.33258,-2.2943511456251144,3.0252488255500793,0.752578,999,,,,,,,169.7,3.463265306,169.7,3.463265306,,,,,,,,,,,,,,,,,,,"Brett Harris","29788",695391
"Johnathan Rodríguez","BAL",60,233,210,54,35,9,1,8,25,30,20,0,64,1,2,0,,1,1,0.256767,0.0862957,0.27666,0.31192,0.323387,0.429466,0.331267,0.752853,0.172699,2.9015,0.327618,0,-0.489093,30.1127,2.75548,111.326,-0.489093,-0.878494,2.61294886469841,-3.447614371776581,0.752301,999,,,,,,,261.5,4.358333333,261.5,4.358333333,,,,,,,,,,,,,,,,,,,"Johnathan Rodriguez","22530",671286
"James Outman","MIN",78,256,225,48,27,10,2,9,36,27,26,0,90,4,1,0,,9,2,0.215171,0.101308,0.349944,0.289498,0.30696,0.400438,0.314204,0.707398,0.185266,7.16281,0.308965,0,0.584293,29.6474,-0.457648,97.5527,0.584293,-0.652303,-0.15333324670791626,-1.5032935738563538,0.752224,999,,,,,,,270.3,3.465384615,270.3,3.465384615,,,,,,,,,,,,,,,,,,,"James Outman","24770",681546
"Cedric Mullins","TBR",81,307,272,58,36,11,1,9,35,33,28,0,65,3,2,2,,13,4,0.212659,0.0899415,0.213683,0.420912,0.291365,0.362345,0.293096,0.65371,0.149685,5.92247,0.245187,0,0.627742,30.2709,-5.70641,83.1049,0.627742,0.866255,-5.457861423492432,2.03780597448349,0.751354,321.5,,,,,,,281.5,3.475308641,281.5,3.475308641,,,,,,,,,,,,,,,,,,,"Cedric Mullins","17929",656775
"Royce Lewis","MIN",58,224,203,47,30,10,0,8,24,30,17,0,52,2,1,0,,5,1,0.233159,0.0775559,0.231201,0.335448,0.296472,0.40117,0.307732,0.697642,0.168011,4.14979,0.270658,0,0.476099,24.6848,-1.55253,93.1609,0.476099,0.0462955,-1.3204360008239746,0.7352583445608616,0.743571,193.64999389648438,,,,,,,228.1,3.93275862,228.1,3.93275862,,,,,,,,,,,,,,,,,,,"Royce Lewis","20437",668904
"Michael Massey","KCR",69,243,227,57,37,12,0,7,25,29,11,0,46,2,2,1,,2,1,0.25055,0.0463245,0.189229,0.244806,0.290171,0.401137,0.303595,0.691308,0.150587,3.47023,0.283043,0,-0.20909,26.0459,-2.49067,88.103,-0.20909,1.69068,-3.608118563890457,2.327135682106018,0.742683,999,,,,,,,232.8,3.373913043,232.8,3.373913043,,,,,,,,,,,,,,,,,,,"Michael Massey","27684",686681
"Owen Caissie","MIA",75,297,262,65,40,15,1,9,34,40,29,0,100,2,3,0,,3,1,0.246912,0.0987982,0.337257,0.292946,0.325362,0.414951,0.32744,0.740313,0.168039,4.10013,0.357763,0,-0.278345,37.4623,2.60458,106.636,-0.278345,-1.23616,2.031219869852066,-4.226716041564941,0.741309,528.5,,,,,,,331.7,4.422666666,331.7,4.422666666,,,,,,,,,,,,,,,,,,,"Owen Caissie","27496",683357
"Spencer Jones","NYY",62,259,234,56,31,12,1,12,36,40,21,0,100,2,1,0,,9,2,0.238964,0.0820396,0.385768,0.212666,0.305544,0.451113,0.330034,0.756656,0.212149,6.41778,0.356276,0,0.515604,33.1824,2.80511,110.174,0.515604,-2.63822,3.6097373366355896,-5.504031181335449,0.736206,999,,,,,,,313.4,5.054838709,313.4,5.054838709,,,,,,,,,,,,,,,,,,,"Spencer Jones","31532",682987
"George Springer","TOR",74,315,278,68,44,13,1,11,42,37,32,0,61,3,1,0,,6,2,0.245548,0.103135,0.193214,0.533788,0.330376,0.415382,0.331389,0.745758,0.169834,4.87306,0.276572,0,0.234171,40.7425,3.7561,110.571,0.234171,0,4.1486420929431915,-8.035914421081543,0.734378,94.37999725341797,,,,,,,360.4,4.87027027,360.4,4.87027027,,,,,,,,,,,,,,,,,,,"George Springer","12856",543807
"Jordan Walker","STL",86,344,313,79,50,15,1,12,40,43,26,0,93,4,2,0,,7,3,0.251176,0.0750722,0.2686,0.279494,0.313744,0.423237,0.324643,0.73698,0.172061,4.47719,0.31594,0,-0.165931,42.6761,2.25225,108.238,-0.165931,-2.91802,3.1589217483997345,-6.930177688598633,0.73413,511.7200012207031,,,,,,,386.3,4.491860465,386.3,4.491860465,,,,,,,,,,,,,,,,,,,"Jordan Walker","27475",691023
"Jake Rogers","DET",46,146,130,26,16,6,1,4,17,17,12,0,44,1,1,1,,0,0,0.20243,0.0836434,0.300031,0.278782,0.2744,0.350496,0.279115,0.624896,0.148065,3.93643,0.266638,0,-0.0879227,12.7542,-4.33332,74.2469,-0.0879227,3.47476,-4.493716403841972,6.500202894210815,0.72894,999,,,,,,,115.3,2.506521739,115.3,2.506521739,,,,,,,,,,,,,,,,,,,"Jake Rogers","19452",668670
"Ha-Seong Kim","ATL",56,220,193,45,33,7,0,4,25,21,23,0,40,2,1,1,,8,2,0.231466,0.10527,0.183325,0.574227,0.317887,0.338147,0.298118,0.656034,0.106681,5.0778,0.270897,0,0.571124,22.5972,-3.21316,87.5582,0.571124,0.162517,-2.6352124214172363,2.7426031976938248,0.726501,748.3800048828125,,,,,,,201.5,3.598214285,201.5,3.598214285,,,,,,,,,,,,,,,,,,,"Ha-Seong Kim","27506",673490
"Jonah Heim","ATH",63,226,207,47,31,9,0,6,23,26,17,0,43,1,2,0,,1,0,0.225869,0.0729901,0.189216,0.38575,0.284003,0.363503,0.288161,0.647505,0.137634,3.09336,0.254307,0,-0.0706691,21.4464,-5.1007,77.8262,-0.0706691,1.36047,-5.964153230190277,5.076479077339172,0.72206,999,,,,,,,194.6,3.088888888,194.6,3.088888888,,,,,,,,,,,,,,,,,,,"Jonah Heim","16930",641680
"Oliver Dunn","TBR",63,228,201,43,28,10,2,4,26,22,21,0,76,3,1,1,,6,1,0.215065,0.0906223,0.335885,0.269802,0.295455,0.344104,0.288678,0.639559,0.12904,6.09452,0.319593,0,0.393545,21.6811,-5.04029,80.1072,0.393545,3.14931,-4.928389102220535,3.985783874988556,0.721767,999,,,,,,,198.4,3.149206349,198.4,3.149206349,,,,,,,,,,,,,,,,,,,"Oliver Dunn","26295",686554
"Daniel Susac","SFG",55,214,198,48,34,8,1,5,17,27,11,0,58,3,1,0,,2,1,0.244342,0.0525411,0.272593,0.192745,0.292823,0.367351,0.293465,0.660174,0.123009,3.59793,0.320791,0,-0.400728,21.2326,-3.92755,87.2698,-0.400728,0.654372,-3.598756343126297,3.780729055404663,0.71612,999,,,,,,,189.7,3.449090909,189.7,3.449090909,,,,,,,,,,,,,,,,,,,"Daniel Susac","31441",691740
"Carson Williams","TBR",71,280,251,53,32,9,2,10,36,35,23,0,97,2,2,1,,8,4,0.211555,0.0819133,0.345228,0.237273,0.282061,0.381917,0.294431,0.663978,0.170361,6.55471,0.296509,0,-0.336799,27.9255,-4.9102,84.0111,-0.336799,2.08786,-5.593084126710892,2.766167461872101,0.715922,724.5499877929688,,,,,,,256.3,3.609859154,256.3,3.609859154,,,,,,,,,,,,,,,,,,,"Carson Williams","30038",700246
"Brandon Lockridge","MIL",59,204,182,46,34,9,1,2,25,21,17,0,53,2,1,2,,12,1,0.254524,0.0845614,0.261526,0.323339,0.324014,0.348571,0.304066,0.672585,0.0940476,7.07496,0.347992,0,1.48014,21.9685,-2.01674,92.8365,1.48014,2.58753,-0.23541390895843506,0.7191048860549927,0.714469,999,,,,,,,203.2,3.444067796,203.2,3.444067796,,,,,,,,,,,,,,,,,,,"Brandon Lockridge","21496",663604
"Charles McAdoo","TOR",60,232,211,49,31,10,1,7,26,29,17,0,70,2,1,0,,8,2,0.231995,0.0729745,0.300683,0.242695,0.292834,0.388233,0.301598,0.681067,0.156238,5.86993,0.310412,0,0.545208,24.4625,-2.74358,90.3552,0.545208,0.0526098,-2.0818800926208496,0.9042545109987259,0.712528,999,,,,,,,230.5,3.841666666,230.5,3.841666666,,,,,,,,,,,,,,,,,,,"Charles McAdoo","33323",807727
"Jake Burger","TEX",80,312,289,69,40,14,0,15,37,48,18,0,80,4,2,0,,1,0,0.240473,0.0569649,0.257557,0.221174,0.292249,0.448533,0.322597,0.740781,0.20806,2.71822,0.279226,0,-0.351806,38.1722,1.5322,105.403,-0.351806,0.218004,1.6303062438964844,-5.628486126661301,0.712403,236.72000122070312,,,,,,,346.9,4.33625,346.9,4.33625,,,,,,,,,,,,,,,,,,,"Jake Burger","22275",669394
"Nick Loftin","KCR",62,231,200,48,32,11,0,4,28,27,24,0,34,3,2,1,,4,1,0.241372,0.105995,0.149619,0.708434,0.330655,0.369439,0.315907,0.700093,0.128067,4.16949,0.268574,0,-0.144317,26.962,-0.0983826,96.4575,-0.144317,-0.582296,-1.1040658205747604,-0.05212664604187012,0.710263,999,,,,,,,224.1,3.614516129,224.1,3.614516129,,,,,,,,,,,,,,,,,,,"Nick Loftin","27630",679845
"Victor Caratini","MIN",60,206,179,42,32,6,0,5,16,23,17,0,38,7,3,0,,0,0,0.23768,0.0825163,0.182373,0.452459,0.321694,0.349759,0.304514,0.671453,0.112079,1.65342,0.271007,0,-0.201635,22.1796,-1.95583,90.9771,-0.201635,0.406878,-2.381922036409378,2.0580563247203827,0.705977,681.02001953125,,,,,,,192.6,3.21,192.6,3.21,,,,,,,,,,,,,,,,,,,"Victor Caratini","14968",605170
"Garrett Mitchell","MIL",48,172,148,35,21,8,2,3,22,23,20,0,58,2,1,1,,6,3,0.234813,0.117408,0.337862,0.347502,0.331133,0.383178,0.320274,0.71431,0.148364,6.76998,0.357834,0,-0.050072,20.7012,0.525342,103.865,-0.050072,0.267627,0.7286246120929718,0.6960506439208984,0.7053,691.1699829101562,,,,,,,179.8,3.745833333,179.8,3.745833333,,,,,,,,,,,,,,,,,,,"Garrett Mitchell","27555",669003
"A.J. Ewing","NYM",71,308,277,69,50,12,5,2,40,30,26,1,71,2,2,1,,20,5,0.249657,0.0858994,0.229887,0.373659,0.317167,0.349124,0.298645,0.666291,0.0994669,8.04539,0.325056,0,1.74779,31.7366,-4.36506,91.7063,1.74779,-2.70326,-1.2417926788330078,-1.6481471061706543,0.704629,999,,,,,,,299.5,4.218309859,299.5,4.218309859,,,,,,,,,,,,,,,,,,,"A.J. Ewing","33656",805999
"Jeferson Quero","MIL",40,168,153,35,24,6,0,5,19,20,13,0,33,1,1,0,,1,0,0.230008,0.0755873,0.197967,0.381818,0.293351,0.372987,0.297084,0.666338,0.142978,2.97773,0.259401,0,-0.00990508,17.1713,-2.60026,88.0859,-0.00990508,0.729013,-2.36188505589962,3.823601186275482,0.697887,999,,,,,,,151.3,3.7825,151.3,3.7825,,,,,,,,,,,,,,,,,,,"Jeferson Quero","28272",691620
"Liam Hicks","MIA",71,264,226,57,42,8,0,6,28,34,28,0,35,6,3,0,,1,0,0.251148,0.106063,0.131751,0.805024,0.34621,0.374058,0.325817,0.720269,0.12291,3.0853,0.268949,0,-0.151825,32.9239,1.9715,105.532,-0.151825,-1.63511,1.5577096492052078,-3.13117516040802,0.696796,748.5399780273438,,,,,,,276.7,3.897183098,276.7,3.897183098,,,,,,,,,,,,,,,,,,,"Liam Hicks","29844",689414
"Austin Hedges","CLE",43,118,102,21,16,3,0,2,11,9,11,0,28,1,1,3,,1,1,0.208167,0.0927672,0.241125,0.384726,0.28819,0.301041,0.270321,0.589231,0.0928743,2.81386,0.264083,0,-0.219682,9.50718,-4.33839,69.7094,-0.219682,4.3739,-4.418557792901993,7.0781168937683105,0.696579,999,,,,,,,78.2,1.818604651,78.2,1.818604651,,,,,,,,,,,,,,,,,,,"Austin Hedges","12976",595978
"Sam Huff","BAL",42,161,147,33,20,7,0,5,16,17,12,0,56,1,1,0,,0,0,0.222915,0.0767833,0.345913,0.221973,0.285675,0.378049,0.293435,0.663724,0.155133,1.96354,0.318178,0,-0.175473,15.919,-2.9493,85.6528,-0.175473,1.0595,-2.885754629969597,4.012707710266113,0.693345,999,,,,,,,144.1,3.43095238,144.1,3.43095238,,,,,,,,,,,,,,,,,,,"Sam Huff","22209",669087
"Curtis Mead","WSN",68,254,226,56,37,12,0,7,31,31,21,0,50,6,1,0,,3,2,0.249761,0.0824969,0.198419,0.415772,0.32735,0.39993,0.325045,0.72728,0.150168,3.93928,0.29108,0,-0.324669,31.5077,1.73989,106.374,-0.324669,-0.690653,1.5697015821933746,-2.870610773563385,0.691887,999,,,,,,,269.3,3.960294117,269.3,3.960294117,,,,,,,,,,,,,,,,,,,"Curtis Mead","23986",678554
"TJ Friedl","CIN",84,338,292,68,48,11,2,7,37,32,34,0,61,7,2,3,,8,1,0.2323,0.0992643,0.179964,0.551579,0.325034,0.352545,0.308179,0.677579,0.120246,5.43438,0.269762,0,0.516323,37.4761,-2.22899,89.9744,0.516323,-0.725102,-3.4582136273384094,-0.5448729693889618,0.690445,265.1499938964844,,,,,,,333.3,3.967857142,333.3,3.967857142,,,,,,,,,,,,,,,,,,,"TJ Friedl","19522",670770
"Troy Johnston","COL",77,302,273,76,50,17,2,6,34,38,21,0,59,5,2,0,,8,2,0.276586,0.0702694,0.195514,0.359408,0.338493,0.422942,0.336711,0.761435,0.146356,5.61731,0.330904,0,0.216383,40.279,4.87544,100.576,0.216383,0.741236,0.4199492186307907,-3.2785089015960693,0.688491,748.4099731445312,,,,,,,357.3,4.64025974,357.3,4.64025974,,,,,,,,,,,,,,,,,,,"Troy Johnston","26143",687859
"Jose Siri","LAA",55,175,160,34,19,7,0,7,26,23,11,0,63,2,1,1,,5,2,0.2111,0.0638643,0.361107,0.176857,0.268778,0.395228,0.292083,0.664006,0.184129,6.26115,0.294191,0,0.0453939,17.1462,-3.40022,82.1231,0.0453939,4.67421,-3.6320307441055775,4.183801531791687,0.685796,999,,,,,,,159.4,2.898181818,159.4,2.898181818,,,,,,,,,,,,,,,,,,,"Jose Siri","17452",642350
"Kerry Carpenter","DET",72,260,236,59,35,10,2,13,31,43,18,1,66,3,2,0,,1,1,0.25022,0.069792,0.255531,0.273125,0.310151,0.469844,0.337885,0.779995,0.219624,3.56989,0.291154,0,-0.483007,34.9932,4.44968,114.127,-0.483007,-2.00565,3.837137073278427,-6.275707960128784,0.685518,236.22000122070312,,,,,,,319.1,4.431944444,319.1,4.431944444,,,,,,,,,,,,,,,,,,,"Kerry Carpenter","25961",681481
"Carlos Cortes","ATH",68,245,219,56,36,12,1,7,26,28,23,0,46,2,1,0,,1,0,0.253362,0.0931184,0.185893,0.500924,0.326258,0.409527,0.326786,0.735785,0.156166,2.77556,0.289678,0,-0.346691,30.8113,2.02315,104.037,-0.346691,0.252981,0.8167547881603241,-2.733465254306793,0.685239,999,,,,,,,277.8,4.085294117,277.8,4.085294117,,,,,,,,,,,,,,,,,,,"Carlos Cortes","21842",666126
"Nolan Schanuel","LAA",80,333,291,75,54,14,0,7,38,34,33,1,49,5,2,1,,3,1,0.258028,0.100335,0.14695,0.682782,0.342797,0.37962,0.32487,0.722417,0.121593,3.22062,0.287606,0,-0.257599,41.3782,2.24114,104.372,-0.257599,-0.645524,1.4555153250694275,-6.559133350849152,0.675593,594.6599731445312,,,,,,,352.3,4.40375,352.3,4.40375,,,,,,,,,,,,,,,,,,,"Nolan Schanuel","33189",694384
"Denzel Clarke","ATH",51,195,173,38,25,8,2,4,24,22,15,0,66,4,1,1,,7,1,0.220978,0.0783793,0.341664,0.229404,0.296276,0.351424,0.291419,0.6477,0.130445,7.23397,0.332311,0,0.539868,18.9598,-3.88338,80.0372,0.539868,3.10815,-4.0256876945495605,3.7452948093414307,0.670858,728.3300170898438,,,,,,,179.5,3.519607843,179.5,3.519607843,,,,,,,,,,,,,,,,,,,"Denzel Clarke","29858",672016
"Blake Dunn","CIN",68,263,229,57,42,8,1,5,35,28,22,0,71,7,1,3,,10,2,0.249534,0.0851209,0.270795,0.314337,0.334157,0.36796,0.317953,0.702117,0.118426,6.41605,0.336672,0,0.895602,31.1851,0.316949,96.6253,0.895602,0.134234,-0.14450526237487793,-1.681331217288971,0.668597,999,,,,,,,266.5,3.919117647,266.5,3.919117647,,,,,,,,,,,,,,,,,,,"Blake Dunn","29487",694362
"Casey Schmitt","SFG",73,279,256,67,42,13,1,11,32,37,16,0,60,4,2,0,,3,1,0.260736,0.0559299,0.215964,0.258978,0.310585,0.444174,0.329744,0.754759,0.183439,4.2003,0.298261,0,0.050595,35.6621,2.95588,111.956,0.050595,-1.3739,3.9547994136810303,-6.352711319923401,0.660924,999,,,,,,,328.9,4.505479452,328.9,4.505479452,,,,,,,,,,,,,,,,,,,"Casey Schmitt","27577",669477
"Chandler Simpson","TBR",85,357,331,94,81,9,3,0,46,25,19,0,37,0,2,5,,30,8,0.283707,0.0532979,0.103526,0.514828,0.320511,0.331433,0.29306,0.651945,0.0477264,7.36649,0.316853,0,2.15529,35.2925,-6.66503,83.0809,2.15529,2.46587,-4.951972007751465,-1.155184268951416,0.659132,180.19000244140625,,,,,,,330.2,3.884705882,330.2,3.884705882,,,,,,,,,,,,,,,,,,,"Chandler Simpson","31912",802415
"Agustín Ramírez","MIA",79,333,301,73,44,17,1,11,44,42,26,1,68,4,2,0,,8,2,0.242587,0.0774767,0.204983,0.377967,0.308534,0.416218,0.318553,0.724753,0.173631,5.04111,0.276473,0,0.492592,39.6597,0.560897,100.589,0.492592,-4.55956,0.7225779592990875,-4.8896874487400055,0.656831,86.8499984741211,,,,,,,365.8,4.630379746,365.8,4.630379746,,,,,,,,,,,,,,,,,,,"Agustin Ramirez","26546",682663
"JJ Bleday","CIN",75,298,262,63,34,14,1,14,39,43,33,1,66,1,2,0,,2,1,0.239902,0.110159,0.222183,0.495804,0.324596,0.462215,0.343652,0.786811,0.222313,3.43686,0.265133,0,-0.45782,41.4215,6.46266,114.112,-0.45782,-3.58082,4.4679495096206665,-7.531753301620483,0.655131,748.5800170898438,,,,,,,371.7,4.956,371.7,4.956,,,,,,,,,,,,,,,,,,,"JJ Bleday","26368",668709
"Daylen Lile","WSN",85,353,322,83,54,16,5,7,45,40,24,0,65,4,3,0,,8,4,0.258123,0.0676722,0.184892,0.366009,0.313699,0.409618,0.31829,0.723317,0.151496,6.46132,0.300616,0,-0.345344,41.9681,0.520445,101.777,-0.345344,-0.522747,0.39019453525543213,-5.239256322383881,0.652059,206.50999450683594,,,,,,,371.5,4.370588235,371.5,4.370588235,,,,,,,,,,,,,,,,,,,"Daylen Lile","29995",695734
"Vaughn Grissom","LAA",64,266,237,59,41,12,0,6,32,31,21,0,46,5,2,0,,4,1,0.250263,0.0793757,0.172501,0.460145,0.322034,0.381169,0.314824,0.703203,0.130907,4.43437,0.28477,0,0.0964548,30.8758,-0.343208,97.5544,0.0964548,-1.25188,-0.6679477468132973,-2.3682836294174194,0.64496,999,,,,,,,267.4,4.178125,267.4,4.178125,,,,,,,,,,,,,,,,,,,"Vaughn Grissom","26031",687093
"Logan O'Hoppe","LAA",67,254,229,52,35,7,0,10,26,30,19,0,69,4,2,0,,1,1,0.226117,0.0764099,0.270789,0.282175,0.295372,0.388485,0.304168,0.683858,0.162368,2.82343,0.276228,0,-0.40452,27.3272,-2.48615,90.3233,-0.40452,-3.95483,-3.292895197868347,0.6208419799804688,0.639229,246.50999450683594,,,,,,,244.6,3.650746268,244.6,3.650746268,,,,,,,,,,,,,,,,,,,"Logan O'Hoppe","24729",681351
"Alex Jackson","MIN",40,134,122,26,13,7,0,5,16,15,9,0,43,2,1,0,,0,0,0.211887,0.0672448,0.323692,0.207743,0.276926,0.399261,0.298015,0.676188,0.187374,4.06124,0.28074,0,-0.0398368,13.768,-1.97025,86.5671,-0.0398368,1.17412,-2.156450644135475,3.6374356746673584,0.633767,999,,,,,,,123.9,3.0975,123.9,3.0975,,,,,,,,,,,,,,,,,,,"Alex Jackson","17276",656577
"Jared Young","NYM",56,210,184,45,27,8,1,8,26,29,21,0,51,4,1,0,,2,1,0.243417,0.0993355,0.243732,0.40756,0.329976,0.429128,0.336287,0.759104,0.185711,4.24514,0.291802,0,-0.189611,28.0257,3.32969,117.319,-0.189611,-1.02645,4.080994322896004,-4.602912902832031,0.631121,999,,,,,,,248.1,4.430357142,248.1,4.430357142,,,,,,,,,,,,,,,,,,,"Jared Young","20404",676724
"Josh Lowe","LAA",70,258,235,57,36,12,1,8,30,30,19,1,72,1,2,1,,9,1,0.242232,0.0733032,0.280647,0.261194,0.300092,0.406073,0.310011,0.706166,0.163842,6.08403,0.312708,0,1.04323,28.9554,-1.32285,94.2886,1.04323,0.064996,-0.6881288290023804,-2.2122619301080704,0.63007,297.0899963378906,,,,,,,274.2,3.917142857,274.2,3.917142857,,,,,,,,,,,,,,,,,,,"Josh Lowe","19953",666139
"Lane Thomas","KCR",73,267,235,56,35,11,2,8,31,32,27,0,67,3,2,0,,8,4,0.236521,0.100135,0.251039,0.398883,0.320028,0.398444,0.319972,0.718472,0.161923,5.84347,0.295809,0,-0.207737,32.0745,0.751235,99.2161,-0.207737,-1.5774,-0.4535588473081589,-2.7648485898971558,0.629483,726.6699829101562,,,,,,,291.1,3.987671232,291.1,3.987671232,,,,,,,,,,,,,,,,,,,"Lane Thomas","16939",657041
"Eli White","ATL",59,166,152,37,26,5,1,4,24,20,10,0,43,3,1,0,,7,1,0.24023,0.0602108,0.258831,0.232625,0.296372,0.376332,0.297915,0.672704,0.136103,7.32333,0.304207,0,0.747818,17.0672,-2.45758,87.4202,0.747818,3.62902,-1.7045966982841492,2.5432931184768677,0.6272,999,,,,,,,162.5,2.754237288,162.5,2.754237288,,,,,,,,,,,,,,,,,,,"Eli White","19346",642201
"Rhys Hoskins","CLE",66,253,214,48,26,11,0,10,29,30,34,0,69,3,2,0,,1,0,0.222691,0.133389,0.274243,0.486391,0.332174,0.415293,0.332359,0.747468,0.192603,2.59455,0.276516,0,-0.330995,32.8504,3.20576,111.808,-0.330995,-1.35005,3.173469215631485,-5.920385003089905,0.626391,737.989990234375,,,,,,,293.6,4.448484848,293.6,4.448484848,,,,,,,,,,,,,,,,,,,"Rhys Hoskins","16472",656555
"Tristan Peters","CHW",82,304,273,67,45,15,2,5,35,30,25,0,59,3,1,2,,5,3,0.245289,0.0830737,0.195272,0.425426,0.3135,0.36886,0.305044,0.68236,0.123571,4.98012,0.295459,0,-0.783071,32.9011,-2.76155,91.8356,-0.783071,-1.05932,-3.698157846927643,-0.8493949472904205,0.626172,999,,,,,,,289.2,3.526829268,289.2,3.526829268,,,,,,,,,,,,,,,,,,,"Tristan Peters","30063",671976
"Lourdes Gurriel Jr.","ARI",67,274,253,66,45,13,1,8,28,35,17,0,45,3,2,0,,4,1,0.26293,0.0605683,0.163719,0.369953,0.312987,0.41358,0.319693,0.726568,0.150651,3.97504,0.290239,0,0.00116384,32.8844,0.710742,101.723,0.00116384,-0.167282,0.5547516351798549,-3.1558256447315216,0.625342,689.0700073242188,,,,,,,300,4.47761194,300,4.47761194,,,,,,,,,,,,,,,,,,,"Lourdes Gurriel Jr.","19238",666971
"Jahmai Jones","DET",68,199,171,40,23,9,2,6,26,25,21,0,48,5,1,1,,3,2,0.235466,0.107152,0.239209,0.447944,0.334297,0.411579,0.33215,0.745876,0.176113,5.42284,0.291145,0,-0.449623,25.7959,2.48756,110.236,-0.449623,2.40828,1.9390898048877716,-2.806739091873169,0.624922,999,,,,,,,225,3.308823529,225,3.308823529,,,,,,,,,,,,,,,,,,,"Jahmai Jones","18872",663330
"Jared Oliva","SFG",48,167,152,36,25,6,2,3,24,19,10,0,37,3,1,1,,14,2,0.237065,0.0600648,0.223133,0.269188,0.296548,0.366548,0.295719,0.663096,0.129483,8.96008,0.292116,0,1.77092,16.8865,-2.76696,88.8036,1.77092,3.04555,-0.42618584632873535,1.1998894214630127,0.624106,999,,,,,,,166.6,3.470833333,166.6,3.470833333,,,,,,,,,,,,,,,,,,,"Jared Oliva","19968",666931
"Isaac Collins","KCR",73,275,232,54,35,11,2,5,33,26,35,0,61,4,2,2,,8,4,0.231568,0.127781,0.220782,0.578767,0.340235,0.360773,0.318482,0.701008,0.129205,5.82172,0.291143,0,-0.348956,32.7047,0.44709,98.205,-0.348956,0.603405,-0.9286657869815826,-2.6357932686805725,0.622637,666.1699829101562,,,,,,,281.7,3.858904109,281.7,3.858904109,,,,,,,,,,,,,,,,,,,"Isaac Collins","25477",686555
"Ramón Urías","STL",61,199,179,42,28,9,0,5,21,21,15,0,43,3,1,0,,1,0,0.235209,0.0772978,0.216694,0.356713,0.305283,0.380101,0.305931,0.685384,0.144893,3.44743,0.278072,0,-0.100124,21.7396,-1.67175,95.5057,-0.100124,0.52493,-1.1506804749369621,0.8490553796291351,0.618082,999,,,,,,,185.2,3.036065573,185.2,3.036065573,,,,,,,,,,,,,,,,,,,"Ramon Urias","18795",602104
"Justin Foscue","TEX",58,240,214,49,29,12,0,7,28,29,20,0,42,4,2,0,,2,1,0.22874,0.0828869,0.175959,0.471058,0.303862,0.389961,0.308878,0.693822,0.16122,3.84362,0.25193,0,-0.194059,26.7175,-1.44731,96.0938,-0.194059,-0.674592,-1.2955283224582672,-1.1011404395103455,0.616962,999,,,,,,,234,4.034482758,234,4.034482758,,,,,,,,,,,,,,,,,,,"Justin Foscue","27501",679822
"Edmundo Sosa","PHI",58,166,154,37,24,8,1,5,20,22,6,0,37,4,1,1,,3,0,0.243362,0.0340336,0.224774,0.151412,0.285037,0.396113,0.299532,0.681149,0.152751,5.63756,0.288709,0,0.137387,17.2364,-2.23727,87.3753,0.137387,2.68965,-2.317332163453102,3.0551578104496,0.615445,999,,,,,,,164.8,2.84137931,164.8,2.84137931,,,,,,,,,,,,,,,,,,,"Edmundo Sosa","17022",624641
"Rodolfo Durán","SDP",45,168,152,34,21,7,0,5,19,19,11,0,41,2,1,2,,1,0,0.221097,0.0674752,0.245202,0.275182,0.281199,0.373277,0.290618,0.654476,0.15218,3.92036,0.267589,0,0.00804149,16.2382,-3.45506,86.6841,0.00804149,0.647952,-2.6102637154981494,3.2497154474258423,0.611453,999,,,,,,,146.6,3.257777777,146.6,3.257777777,,,,,,,,,,,,,,,,,,,"Rodolfo Duran","20958",660710
"Connor Norby","MIA",75,305,276,68,43,15,1,9,38,34,23,0,83,5,2,0,,7,2,0.245741,0.076726,0.272214,0.281859,0.31357,0.39997,0.31706,0.71354,0.154229,4.90891,0.318346,0,-0.0322473,36.008,0.150562,99.5729,-0.0322473,1.61,-0.18516335636377335,-3.5861663818359375,0.607535,728.1400146484375,,,,,,,330.3,4.404,330.3,4.404,,,,,,,,,,,,,,,,,,,"Connor Norby","29592",681393
"Ryan Bliss","SEA",54,226,203,43,29,10,1,4,27,24,18,0,61,3,1,1,,12,6,0.213745,0.0807416,0.271402,0.297498,0.285768,0.330743,0.278567,0.61651,0.116997,6.28207,0.282938,0,-0.314908,19.7424,-6.84029,80.632,-0.314908,2.60571,-5.469558507204056,3.437842845916748,0.605909,999,,,,,,,179.1,3.316666666,179.1,3.316666666,,,,,,,,,,,,,,,,,,,"Ryan Bliss","29547",669208
"Jhonny Pereda","SEA",42,143,127,31,24,5,0,2,13,12,14,0,33,1,1,0,,0,0,0.242613,0.0990172,0.230943,0.428752,0.320795,0.330598,0.297239,0.651393,0.0879842,2.12213,0.310566,0,-0.11212,14.5646,-2.18528,93.3025,-0.11212,-1.01863,-1.2352705895900726,2.1326197385787964,0.604937,999,,,,,,,124.9,2.973809523,124.9,2.973809523,,,,,,,,,,,,,,,,,,,"Jhonny Pereda","19802",640902
"Austin Hays","CHW",59,220,203,52,31,11,1,7,29,27,14,1,56,2,1,0,,3,1,0.25447,0.064729,0.253745,0.255094,0.307558,0.43264,0.323213,0.740199,0.17817,5.13002,0.314504,0,-0.017663,27.0148,1.18814,104.165,-0.017663,-0.452063,1.0592886060476303,-2.9616461992263794,0.596012,572.469970703125,,,,,,,242.5,4.110169491,242.5,4.110169491,,,,,,,,,,,,,,,,,,,"Austin Hays","19363",669720
"Alek Thomas","LAD",72,250,231,55,35,12,2,6,31,27,13,0,57,3,1,2,,5,1,0.237505,0.0522278,0.227444,0.22963,0.284183,0.381795,0.294026,0.665978,0.14429,5.94803,0.289331,0,0.0835794,24.886,-4.47088,84.2579,0.0835794,1.3418,-4.530698403716087,2.402558445930481,0.595722,746.030029296875,,,,,,,234.3,3.254166666,234.3,3.254166666,,,,,,,,,,,,,,,,,,,"Alek Thomas","23792",677950
"Josh Bell","MIN",81,324,286,71,46,14,0,11,35,41,33,0,65,3,2,0,,0,1,0.247454,0.101822,0.200732,0.507256,0.329277,0.409697,0.328519,0.738974,0.162244,1.7106,0.283447,0,-0.731896,41.1012,3.11675,107.267,-0.731896,-0.224898,2.0315943360328674,-7.582511350512505,0.594458,636.3300170898438,,,,,,,360.8,4.454320987,360.8,4.454320987,,,,,,,,,,,,,,,,,,,"Josh Bell","13145",605137
"Dominic Canzone","SEA",75,257,234,60,36,12,0,10,33,35,19,1,57,2,2,0,,2,1,0.254742,0.0736417,0.223348,0.329718,0.313623,0.444779,0.330968,0.758403,0.190037,3.52042,0.292613,0,-0.375909,33.1863,2.98097,116.191,-0.375909,-0.919571,4.520419090986252,-7.812764108181,0.587669,477.1600036621094,,,,,,,294.8,3.930666666,294.8,3.930666666,,,,,,,,,,,,,,,,,,,"Dominic Canzone","26438",686527
"Dane Myers","CIN",68,216,194,50,35,7,0,6,27,28,18,0,53,3,1,0,,8,2,0.255676,0.0820735,0.245627,0.334139,0.325525,0.394975,0.321615,0.7205,0.139299,5.17315,0.318837,0,0.456045,26.2461,0.891166,99.1171,0.456045,-1.5562,0.23253560066223145,-1.3720517754554749,0.586094,999,,,,,,,235.3,3.460294117,235.3,3.460294117,,,,,,,,,,,,,,,,,,,"Dane Myers","22054",667472
"Tristan Gray","MIN",65,232,212,49,29,11,1,7,25,32,15,0,69,3,2,1,,1,0,0.230337,0.0661189,0.297623,0.222156,0.287832,0.393646,0.299734,0.681478,0.163309,3.70489,0.302542,0,-0.210627,24.1864,-3.09708,87.7331,-0.210627,-0.354506,-3.5614456236362457,1.11661696434021,0.585036,999,,,,,,,221.7,3.41076923,221.7,3.41076923,,,,,,,,,,,,,,,,,,,"Tristan Gray","19877",656484
"Freddy Fermin","SDP",62,197,178,39,28,8,0,4,20,20,14,0,40,2,2,2,,0,1,0.220518,0.0708406,0.20169,0.351235,0.280874,0.331256,0.274245,0.61213,0.110738,2.06044,0.259573,0,-0.462801,16.5107,-6.63562,75.5433,-0.462801,1.8786,-6.114944905042648,5.561031937599182,0.584882,735.3099975585938,,,,,,,146.4,2.361290322,146.4,2.361290322,,,,,,,,,,,,,,,,,,,"Freddy Fermin","21840",666023
"Weston Wilson","BAL",55,191,170,38,24,7,0,7,25,21,19,0,54,1,1,0,,5,2,0.222277,0.0987809,0.281797,0.350539,0.303145,0.386291,0.306696,0.689437,0.164015,5.15281,0.281493,0,-0.0656725,20.9812,-1.48771,94.6519,-0.0656725,-0.184474,-1.2687471807003021,0.21990752220153809,0.580644,999,,,,,,,192.8,3.505454545,192.8,3.505454545,,,,,,,,,,,,,,,,,,,"Weston Wilson","19358",642215
"LuJames Groover","ARI",58,249,225,57,41,13,0,4,23,28,19,0,44,3,1,0,,1,1,0.253879,0.074562,0.175221,0.425532,0.317736,0.360815,0.304389,0.678551,0.106936,1.9784,0.297973,0,-0.51998,26.7968,-2.3899,91.3099,-0.51998,-0.0924268,-3.0524410605430603,0.8212172612547874,0.580441,999,,,,,,,234.6,4.044827586,234.6,4.044827586,,,,,,,,,,,,,,,,,,,"LuJames Groover","33552",694410
"Griffin Conine","MIA",52,195,172,39,25,7,1,6,23,24,19,0,65,2,1,0,,1,0,0.229081,0.0974052,0.33451,0.291188,0.31144,0.388474,0.312641,0.699914,0.159392,3.98397,0.326086,0,-0.207001,22.2466,-0.589667,96.5662,-0.207001,1.89521,-0.9899415671825409,0.45733487606048584,0.578471,999,,,,,,,193.7,3.725,193.7,3.725,,,,,,,,,,,,,,,,,,,"Griffin Conine","21626",665052
"Brooks Lee","MIN",79,314,290,70,48,13,1,9,32,39,20,0,55,2,2,0,,3,1,0.243106,0.0631044,0.174942,0.360717,0.294403,0.387215,0.301108,0.681619,0.14411,3.63652,0.270505,0,-0.30878,32.9841,-3.83567,88.666,-0.30878,-3.72869,-4.486871629953384,-0.8997616767883301,0.575622,542.5700073242188,,,,,,,298.9,3.783544303,298.9,3.783544303,,,,,,,,,,,,,,,,,,,"Brooks Lee","31595",686797
"Taylor Trammell","HOU",52,182,158,36,21,9,1,6,23,22,20,0,53,2,1,0,,4,1,0.229894,0.110851,0.29169,0.380031,0.321394,0.407292,0.324504,0.728686,0.177398,5.18272,0.303948,0,0.0992905,22.4748,1.16714,105.871,0.0992905,-1.64918,1.3516419306397438,-2.152788996696472,0.570464,999,,,,,,,202.6,3.896153846,202.6,3.896153846,,,,,,,,,,,,,,,,,,,"Taylor Trammell","19960",666211
"Austin Martin","MIN",63,234,201,50,37,10,0,2,26,19,26,0,39,5,1,1,,9,4,0.24806,0.11176,0.165271,0.676221,0.345913,0.332585,0.312555,0.678497,0.0845243,4.78823,0.296109,0,-0.16336,26.6947,-0.724093,96.4334,-0.16336,0.573052,-1.142448902130127,-1.5461774468421936,0.564197,748.5599975585938,,,,,,,225.7,3.582539682,225.7,3.582539682,,,,,,,,,,,,,,,,,,,"Austin Martin","27462",668885
"Michael Helman","TEX",50,190,173,38,23,9,1,5,26,22,11,0,44,3,1,1,,5,1,0.218651,0.0580273,0.233221,0.248808,0.275969,0.373752,0.28794,0.649722,0.155101,6.47203,0.260247,0,0.445996,17.9386,-4.30772,81.8857,0.445996,1.66802,-3.5885568261146545,2.424132525920868,0.561984,999,,,,,,,167.3,3.346,167.3,3.346,,,,,,,,,,,,,,,,,,,"Michael Helman","24605",680737
"Keibert Ruiz","WSN",63,234,219,55,36,12,0,6,22,30,10,0,27,3,2,0,,1,1,0.249715,0.0448294,0.117055,0.382979,0.28979,0.392056,0.300403,0.681846,0.142341,2.3447,0.258764,0,-0.332214,24.4329,-2.98791,89.6065,-0.332214,-3.0076,-3.1778255105018616,1.2429711818695068,0.561859,720.3499755859375,,,,,,,218.3,3.465079365,218.3,3.465079365,,,,,,,,,,,,,,,,,,,"Keibert Ruiz","19610",660688
"Ke'Bryan Hayes","CIN",76,283,260,59,44,9,1,5,28,26,20,0,54,2,1,0,,6,1,0.226177,0.0693267,0.191553,0.36192,0.283787,0.327702,0.274657,0.61149,0.101525,4.89036,0.266372,0,0.184818,23.8262,-9.44533,67.1647,0.184818,6.22358,-10.723229944705963,7.188738763332367,0.560122,999,,,,,,,223.8,2.944736842,223.8,2.944736842,,,,,,,,,,,,,,,,,,,"Ke'Bryan Hayes","18577",663647
"Masataka Yoshida","BOS",63,239,214,59,40,12,1,5,25,28,19,1,30,4,1,0,,2,0,0.27387,0.079712,0.125106,0.637155,0.343361,0.409893,0.334302,0.753253,0.136023,3.98632,0.296371,0,0.118281,31.3921,3.3969,107.765,0.118281,-0.556243,2.294721595942974,-5.202397882938385,0.559402,748.3300170898438,,,,,,,276.7,4.392063492,276.7,4.392063492,,,,,,,,,,,,,,,,,,,"Masataka Yoshida","31837",807799
"Jorge Mateo","ATL",56,162,150,35,22,8,1,4,25,17,10,0,44,0,1,1,,12,2,0.234725,0.0601857,0.270195,0.222749,0.282029,0.385679,0.294156,0.667708,0.150954,8.60979,0.302386,0,1.33151,16.1627,-2.88386,84.8621,1.33151,1.16443,-1.5473155975341797,1.832586944103241,0.55723,999,,,,,,,159.7,2.851785714,159.7,2.851785714,,,,,,,,,,,,,,,,,,,"Jorge Mateo","17273",622761
"Buddy Kennedy","SFG",54,208,184,46,32,9,1,4,25,22,20,0,38,3,1,0,,1,1,0.248363,0.0958882,0.180812,0.53032,0.330525,0.372545,0.315879,0.70307,0.124182,4.05351,0.29221,0,-0.385876,24.3758,-0.0935823,102.521,-0.385876,2.38297,0.2300347089767456,-1.4469091892242432,0.553619,999,,,,,,,211.1,3.909259259,211.1,3.909259259,,,,,,,,,,,,,,,,,,,"Buddy Kennedy","22505",671083
"Nick Fortes","TBR",66,197,179,41,30,7,0,4,19,19,11,0,31,4,1,2,,1,0,0.227529,0.0536697,0.155664,0.344778,0.28498,0.327945,0.276694,0.612925,0.100416,2.63226,0.253725,0,-0.242396,16.8895,-6.24812,71.9751,-0.242396,1.43544,-6.73437836766243,5.200817584991455,0.551451,999,,,,,,,155.4,2.354545454,155.4,2.354545454,,,,,,,,,,,,,,,,,,,"Nick Fortes","21538",663743
"Taylor Walls","TBR",68,224,195,41,28,8,2,3,28,20,24,0,54,1,1,3,,9,3,0.210716,0.107427,0.242102,0.443725,0.299852,0.315398,0.2816,0.615251,0.104683,6.63633,0.275043,0,0.485421,20.0626,-6.22182,75.3042,0.485421,0.487948,-6.013428419828415,3.5222727358341217,0.549691,999,,,,,,,181.1,2.663235294,181.1,2.663235294,,,,,,,,,,,,,,,,,,,"Taylor Walls","22458",670764
"Bryan Torres","STL",60,234,200,55,44,8,1,3,28,22,27,0,39,1,1,5,,7,3,0.275347,0.117239,0.164949,0.710762,0.363534,0.363085,0.330813,0.726619,0.0877383,4.78142,0.32794,0,-0.0495079,30.173,2.68403,112.437,-0.0495079,-3.53276,3.3639125786721706,-5.444899678230286,0.548774,999,,,,,,,254,4.233333333,254,4.233333333,,,,,,,,,,,,,,,,,,,"Bryan Torres","21464",663494
"César Salazar","HOU",38,133,114,24,17,5,0,3,13,15,12,0,24,6,1,1,,1,0,0.20916,0.0919568,0.183299,0.501678,0.315526,0.320231,0.294385,0.635757,0.111071,2.79043,0.241482,0,-0.186286,13.2976,-2.34398,85.4317,-0.186286,0.670712,-2.467706024646759,3.118890941143036,0.545769,999,,,,,,,119,3.131578947,119,3.131578947,,,,,,,,,,,,,,,,,,,"Cesar Salazar","21587",663967
"Joey Bart","PIT",51,172,152,36,26,6,0,4,18,17,16,0,50,4,1,0,,0,0,0.237548,0.0913855,0.289829,0.315308,0.321175,0.361248,0.308747,0.682423,0.1237,1.96835,0.321378,0,-0.334066,19.1729,-1.05754,93.3718,-0.334066,-1.33741,-1.6729096472263336,1.4813690185546875,0.541185,999,,,,,,,164.6,3.22745098,164.6,3.22745098,,,,,,,,,,,,,,,,,,,"Joey Bart","21524",663698
"Christian Koss","SFG",46,148,135,34,24,7,0,3,19,16,7,0,33,3,1,2,,3,1,0.248926,0.0494108,0.223752,0.220828,0.298467,0.366176,0.296299,0.664643,0.11725,4.99795,0.308364,0,-0.189867,14.9975,-2.37781,89.198,-0.189867,2.09908,-2.063874438405037,2.642985463142395,0.541013,999,,,,,,,136.8,2.973913043,136.8,2.973913043,,,,,,,,,,,,,,,,,,,"Christian Koss","27653",683766
"Miguel Amaya","CHC",49,158,138,32,22,6,0,4,16,19,13,0,34,5,1,1,,0,0,0.234017,0.0817876,0.213175,0.383663,0.319921,0.375754,0.313627,0.695675,0.141737,2.13334,0.27843,0,-0.207497,18.1355,-0.353628,100.385,-0.207497,-0.879549,-0.13650844246149063,0.39193785190582275,0.538719,745.969970703125,,,,,,,150.2,3.065306122,150.2,3.065306122,,,,,,,,,,,,,,,,,,,"Miguel Amaya","21693",665804
"Tyler Tolbert","KCR",62,207,184,43,31,7,2,2,29,19,13,0,56,3,1,6,,17,2,0.23096,0.0605345,0.269799,0.224368,0.28973,0.332582,0.279912,0.622312,0.101622,9.07877,0.316384,0,2.33746,18.2962,-6.03967,72.0321,2.33746,2.85142,-4.476856708526611,2.43224960565567,0.535778,999,,,,,,,182,2.93548387,182,2.93548387,,,,,,,,,,,,,,,,,,,"Tyler Tolbert","25779",686475
"Brady House","WSN",78,309,289,71,48,13,1,9,36,41,16,0,85,2,2,0,,3,1,0.246479,0.0509567,0.275623,0.184878,0.288934,0.394079,0.300327,0.683012,0.1476,3.92241,0.315677,0,-0.382379,32.309,-3.97215,89.5547,-0.382379,-0.0187142,-4.166249394416809,-0.45129429921507835,0.532562,710.1199951171875,,,,,,,293.5,3.762820512,293.5,3.762820512,,,,,,,,,,,,,,,,,,,"Brady House","29993",691781
"Marcell Ozuna","PIT",79,325,282,67,43,13,0,12,34,37,39,1,80,2,1,0,,0,0,0.239127,0.120846,0.245277,0.492693,0.33476,0.408669,0.331516,0.743429,0.169542,0.9709,0.290008,0,-0.440876,42.0074,3.90252,108.865,-0.440876,0,2.9317990243434906,-8.049657821655273,0.531848,377.510009765625,,,,,,,366.7,4.641772151,366.7,4.641772151,,,,,,,,,,,,,,,,,,,"Marcell Ozuna","10324",542303
"Christian Vázquez","HOU",50,169,154,35,25,6,0,4,15,17,12,0,32,1,1,2,,0,0,0.225764,0.0692643,0.190356,0.363868,0.283053,0.33413,0.276747,0.617183,0.108367,1.84393,0.262189,0,-0.29224,14.5065,-5.35675,73.4633,-0.29224,2.11874,-5.569555044174194,4.815723657608032,0.531077,999,,,,,,,136,2.72,136,2.72,,,,,,,,,,,,,,,,,,,"Christian Vazquez","9774",543877
"Alejandro Osuna","TEX",65,237,205,51,37,9,1,4,28,25,22,0,48,6,1,2,,8,3,0.249846,0.09153,0.203538,0.449694,0.337728,0.363692,0.317514,0.70142,0.113846,5.59086,0.307764,0,-0.183269,27.9771,0.202338,101.954,-0.183269,-1.3204,0.360122948884964,-3.4912147521972656,0.529755,999,,,,,,,240.8,3.704615384,240.8,3.704615384,,,,,,,,,,,,,,,,,,,"Alejandro Osuna","27915",696030
"Alika Williams","ATH",55,190,173,41,31,6,1,3,22,18,12,0,40,2,1,2,,1,1,0.237091,0.0635016,0.212406,0.298963,0.294,0.33689,0.283913,0.63089,0.0997989,4.00808,0.290481,0,-0.476998,17.408,-4.93859,74.9435,-0.476998,3.40182,-6.082929462194443,4.555693984031677,0.527875,999,,,,,,,149,2.709090909,149,2.709090909,,,,,,,,,,,,,,,,,,,"Alika Williams","27604",675961
"Dustin Harris","CHW",61,246,220,55,38,10,2,5,31,26,21,1,55,3,2,1,,11,3,0.248534,0.084482,0.22311,0.378657,0.31991,0.380885,0.311913,0.700795,0.13235,6.65429,0.306453,0,0.820237,28.0379,-0.890141,97.326,0.820237,-1.54131,0.045787036418914795,-3.5575026273727417,0.52607,999,,,,,,,259.9,4.260655737,259.9,4.260655737,,,,,,,,,,,,,,,,,,,"Dustin Harris","25705",687957
"Angel Martínez","CLE",81,309,283,67,42,15,2,8,35,35,16,0,67,4,2,4,,7,2,0.23532,0.0529798,0.216952,0.2442,0.285808,0.38545,0.296596,0.671258,0.15013,5.47764,0.279747,0,-0.0228334,31.4227,-4.89711,87.5391,-0.0228334,1.78055,-4.553979499265552,-1.2090414762496948,0.52174,748.5800170898438,,,,,,,290,3.580246913,290,3.580246913,,,,,,,,,,,,,,,,,,,"Angel Martinez","26540",682657
"Jorbit Vivas","WSN",75,289,252,59,43,11,1,3,33,24,26,0,40,8,2,1,,5,3,0.232926,0.0912334,0.136778,0.667017,0.322075,0.32415,0.295976,0.646225,0.091224,4.63271,0.263066,0,-0.561641,29.231,-4.72085,86.5938,-0.561641,0.795724,-5.106301844120026,1.0080734342336655,0.521208,999,,,,,,,247.3,3.297333333,247.3,3.297333333,,,,,,,,,,,,,,,,,,,"Jorbit Vivas","23917",678391
"Ryan Mountcastle","BAL",54,211,196,51,33,11,0,7,23,26,12,0,52,1,1,0,,1,0,0.26075,0.0578885,0.245731,0.235577,0.30677,0.432535,0.324087,0.739305,0.171786,3.39783,0.317033,0,0.0308169,26.0609,1.28683,106.453,0.0308169,-0.0948964,1.6314857117831707,-3.972467750310898,0.518827,748.0900268554688,,,,,,,228.2,4.225925925,228.2,4.225925925,,,,,,,,,,,,,,,,,,,"Ryan Mountcastle","18373",663624
"Willi Castro","COL",78,289,256,66,45,13,2,6,39,29,24,0,69,7,2,0,,8,4,0.258263,0.0822994,0.237706,0.346224,0.33576,0.402301,0.329073,0.738061,0.144038,5.88954,0.326789,0,-0.32688,36.8772,2.91461,95.3787,-0.32688,-2.81075,-1.8939915895462036,-2.281816840171814,0.513557,256.3399963378906,,,,,,,316.1,4.052564102,316.1,4.052564102,,,,,,,,,,,,,,,,,,,"Willi Castro","17338",650489
"Juan Brito","CLE",59,251,220,49,30,12,1,5,29,27,25,0,54,3,1,1,,3,2,0.222388,0.0988046,0.214786,0.460015,0.307891,0.359471,0.300176,0.667362,0.137083,3.89644,0.26838,0,-0.685558,26.1574,-3.24973,89.9687,-0.685558,-0.973162,-3.638976216316223,-0.14747744798660278,0.512589,999,,,,,,,226,3.830508474,226,3.830508474,,,,,,,,,,,,,,,,,,,"Juan Brito","26693",682877
"Sam Haggerty",,57,158,140,34,24,6,2,2,20,15,14,0,35,2,1,1,,8,1,0.241224,0.0863799,0.221815,0.389423,0.316449,0.352535,0.300624,0.668985,0.111311,7.51418,0.306838,0,0.842883,16.558,-1.9936,90.493,0.842883,1.23275,-0.9229157567024231,0.3749725818634033,0.512007,999,,,,,,,158.4,2.778947368,158.4,2.778947368,,,,,,,,,,,,,,,,,,,"Sam Haggerty","18054",664059
"Richie Palacios","TBR",65,232,201,46,34,8,2,3,28,23,26,0,46,3,1,0,,8,3,0.229777,0.111688,0.199294,0.560419,0.324554,0.328378,0.298515,0.652931,0.0986008,6.0981,0.282964,0,0.157608,23.8635,-3.30951,86.7823,0.157608,-0.239962,-3.438298135995865,0.30221474170684814,0.510816,999,,,,,,,213.2,3.28,213.2,3.28,,,,,,,,,,,,,,,,,,,"Richie Palacios","24589",680700
"Jose Trevino","CIN",46,137,127,29,21,6,0,2,14,13,7,0,20,1,1,1,,0,0,0.229216,0.0538729,0.146049,0.36887,0.275103,0.335577,0.272731,0.61068,0.106361,2.37205,0.253929,0,-0.153547,11.3205,-4.78195,65.8543,-0.153547,3.94216,-5.643403545022011,6.263364791870117,0.509913,999,,,,,,,95.6,2.078260869,95.6,2.078260869,,,,,,,,,,,,,,,,,,,"Jose Trevino","16725",624431
"TJ Rumfield","COL",80,322,288,76,52,15,1,8,37,36,28,0,58,5,2,0,,2,1,0.265356,0.0861114,0.179571,0.479541,0.338258,0.41003,0.332848,0.748288,0.144674,3.03401,0.304423,0,-0.453031,42.0584,4.2177,97.9467,-0.453031,1.81779,-1.2288029789924622,-4.050646185874939,0.507963,999,,,,,,,362,4.525,362,4.525,,,,,,,,,,,,,,,,,,,"TJ Rumfield","29805",681198
"Luisangel Acuña","CHW",78,270,248,61,49,9,1,2,35,20,16,0,52,2,2,2,,17,4,0.244912,0.0601861,0.190849,0.31536,0.293608,0.316655,0.275394,0.610263,0.0717435,6.68794,0.297657,0,1.33248,22.8744,-8.8462,71.7151,1.33248,1.59498,-7.6502920389175415,3.1240763664245605,0.507629,395.510009765625,,,,,,,219.3,2.811538461,219.3,2.811538461,,,,,,,,,,,,,,,,,,,"Luisangel Acuna","26548",682668
"Jeremiah Jackson","BAL",77,294,278,67,44,13,0,10,31,39,12,0,66,2,2,0,,4,3,0.242479,0.0418054,0.223998,0.186633,0.27795,0.399192,0.296772,0.677141,0.156713,3.4402,0.281996,0,-0.57974,29.9229,-4.61549,87.9178,-0.57974,-1.23154,-4.75769567489624,-0.671951949596405,0.501345,999,,,,,,,270.1,3.507792207,270.1,3.507792207,,,,,,,,,,,,,,,,,,,"Jeremiah Jackson","22239",669236
"Victor Robles","SEA",39,123,110,28,20,5,0,2,14,12,7,0,27,3,1,2,,6,2,0.253313,0.059579,0.221052,0.269525,0.316832,0.371829,0.308917,0.688661,0.118516,5.96048,0.315024,0,0.398502,13.6732,-0.736697,101.227,0.398502,1.25464,0.5755576640367508,-0.018758654594421387,0.498376,727.5399780273438,,,,,,,115.9,2.971794871,115.9,2.971794871,,,,,,,,,,,,,,,,,,,"Victor Robles","18363",645302
"Joc Pederson","TEX",71,231,197,46,27,8,1,10,28,28,28,1,53,4,2,0,,1,0,0.231295,0.119611,0.228829,0.522709,0.335859,0.433519,0.339334,0.769378,0.202223,3.26712,0.260726,0,-0.30762,31.3447,4.2189,116.761,-0.30762,-0.179599,4.24436742067337,-7.522903069853783,0.49477,999,,,,,,,281.4,3.963380281,281.4,3.963380281,,,,,,,,,,,,,,,,,,,"Joc Pederson","11899",592626
"Zach Cole","HOU",59,236,210,44,24,9,2,9,27,32,21,1,95,4,1,0,,8,3,0.209869,0.0873649,0.40365,0.216437,0.290927,0.397113,0.303461,0.68804,0.187244,6.75759,0.329717,0,0.174109,25.2539,-2.44256,91.5909,0.174109,0.289361,-2.1576845347881317,-1.316251665353775,0.492224,743.5999755859375,,,,,,,240.3,4.072881355,240.3,4.072881355,,,,,,,,,,,,,,,,,,,"Zach Cole","31583",805904
"Drew Millas","WSN",51,177,160,37,26,6,1,3,19,18,14,0,33,1,1,1,,3,1,0.231809,0.0806275,0.187506,0.43,0.29791,0.344854,0.288041,0.642765,0.113046,5.40945,0.273892,0,0.0487118,16.7964,-4.01583,81.1945,0.0487118,-0.028319,-3.8591089211404324,3.0280116721987724,0.491772,999,,,,,,,146.4,2.870588235,146.4,2.870588235,,,,,,,,,,,,,,,,,,,"Drew Millas","25643",686452
"Zach McKinstry","DET",75,253,224,51,35,9,3,4,27,22,23,1,53,2,2,1,,7,2,0.22718,0.0919759,0.207603,0.443038,0.303883,0.352157,0.293777,0.65604,0.124977,6.2073,0.274809,0,0.156476,25.1267,-4.57332,84.1963,0.156476,0.446429,-4.542799323797226,0.421861520037055,0.487281,510.30999755859375,,,,,,,225.1,3.001333333,225.1,3.001333333,,,,,,,,,,,,,,,,,,,"Zach McKinstry","19392",656716
"Nick Sogard","BOS",64,249,217,53,38,12,1,2,31,23,27,0,50,2,1,1,,5,2,0.244374,0.106646,0.200049,0.533101,0.329853,0.338379,0.304769,0.668232,0.0940052,4.81861,0.304447,0,-0.0828187,26.8575,-2.31336,87.7247,-0.0828187,-1.31619,-3.667889043688774,-0.3148878812789917,0.485233,999,,,,,,,230,3.59375,230,3.59375,,,,,,,,,,,,,,,,,,,"Nick Sogard","25483",686765
"Tyler Black","MIL",53,225,195,46,30,9,3,4,27,28,25,0,55,4,1,0,,9,2,0.235686,0.111483,0.24334,0.458136,0.332526,0.377053,0.319077,0.709579,0.141367,7.03187,0.303824,0,0.529016,26.9196,0.47342,103.051,0.529016,-1.28327,1.3345281481742859,-3.7668391466140747,0.483863,999,,,,,,,241.9,4.564150943,241.9,4.564150943,,,,,,,,,,,,,,,,,,,"Tyler Black","29949",672012
"Tyler O'Neill","BAL",54,201,176,40,25,6,0,8,26,25,21,1,54,2,1,0,,3,0,0.226704,0.105739,0.270451,0.390972,0.31701,0.408587,0.321557,0.725597,0.181883,4.4304,0.27547,0,0.083227,24.393,0.819216,104.736,0.083227,-1.53562,1.2010744363069534,-3.5869781970977783,0.477463,477.6400146484375,,,,,,,215.3,3.987037037,215.3,3.987037037,,,,,,,,,,,,,,,,,,,"Tyler O'Neill","15711",641933
"Hyeseong Kim","LAD",66,207,191,46,34,6,2,4,25,25,11,0,60,2,2,1,,13,1,0.238592,0.0544927,0.287689,0.189415,0.28675,0.345719,0.282204,0.632469,0.107127,7.86123,0.324524,0,1.85788,18.6849,-5.66368,77.7145,1.85788,-0.244685,-3.5599894523620605,1.5778818875551224,0.471851,740.77001953125,,,,,,,193.9,2.937878787,193.9,2.937878787,,,,,,,,,,,,,,,,,,,"Hyeseong Kim","35322",808975
"Nick Madrigal","LAA",39,119,108,28,22,5,0,0,12,9,6,0,12,4,1,1,,2,1,0.261137,0.0504851,0.0974885,0.517857,0.319283,0.319124,0.290992,0.638408,0.0579877,4.3908,0.290582,0,-0.125921,11.5879,-2.42243,81.3826,-0.125921,2.71598,-2.737373426556587,3.1545480489730835,0.471828,999,,,,,,,94.3,2.417948717,94.3,2.417948717,,,,,,,,,,,,,,,,,,,"Nick Madrigal","20521",663611
"Derek Hill","CHW",59,182,165,39,26,6,1,5,23,19,13,0,54,2,1,2,,7,3,0.235234,0.0689643,0.294371,0.234277,0.294705,0.379954,0.299715,0.674659,0.14472,6.56518,0.314828,0,-0.00279384,18.9431,-2.42871,88.2194,-0.00279384,1.64318,-2.523513611406088,0.7388487458229065,0.47164,999,,,,,,,173.4,2.93898305,173.4,2.93898305,,,,,,,,,,,,,,,,,,,"Derek Hill","16947",656537
"Donovan Walton","LAA",56,211,190,45,33,8,0,3,25,20,16,0,35,3,1,2,,1,1,0.238554,0.0746197,0.165778,0.450119,0.304481,0.337788,0.289517,0.642268,0.0992333,3.56492,0.275443,0,-0.370302,20.2438,-4.53209,80.3817,-0.370302,1.71003,-5.236660718917847,2.433619260787964,0.471529,999,,,,,,,169.5,3.026785714,169.5,3.026785714,,,,,,,,,,,,,,,,,,,"Donovan Walton","19314",622268
"Henry Davis","PIT",61,219,193,40,24,8,0,7,24,25,18,0,52,6,1,1,,3,1,0.207023,0.082314,0.238597,0.344992,0.291655,0.358897,0.292076,0.650552,0.151874,4.00538,0.245738,0,-0.10143,21.4617,-4.25759,82.0278,-0.10143,-1.70926,-4.716648586094379,2.346311569213867,0.470064,999,,,,,,,194.9,3.195081967,194.9,3.195081967,,,,,,,,,,,,,,,,,,,"Henry Davis","29617",680779
"Tyler Heineman","TOR",39,112,97,20,15,3,0,2,12,10,8,0,22,3,0,3,,1,0,0.205996,0.0712824,0.195284,0.365019,0.287296,0.295075,0.268616,0.582371,0.0890792,4.81193,0.247259,0,-0.0522855,8.86976,-4.26923,67.9734,-0.0522855,2.85591,-4.2652576714754105,4.90024995803833,0.467465,999,,,,,,,77.4,1.984615384,77.4,1.984615384,,,,,,,,,,,,,,,,,,,"Tyler Heineman","13897",623168
"José Fermín","STL",60,198,171,41,28,10,0,3,23,21,20,0,23,3,1,1,,5,2,0.237468,0.10327,0.11796,0.875465,0.328191,0.348861,0.307294,0.677052,0.111392,4.2307,0.257205,0,0.0434594,21.7431,-1.44095,96.4326,0.0434594,-0.0804461,-0.7823316380381584,-0.9336339458823204,0.466842,999,,,,,,,188.7,3.145,188.7,3.145,,,,,,,,,,,,,,,,,,,"Jose Fermin","21746",665877
"Travis d'Arnaud","LAA",38,132,120,26,15,6,0,4,14,14,8,0,37,3,1,0,,0,0,0.212905,0.0627657,0.279935,0.224215,0.27868,0.371981,0.289496,0.65066,0.159075,2.26162,0.270305,0,-0.138185,12.6981,-2.8455,80.3675,-0.138185,0.751543,-3.193395107984543,3.0767683386802673,0.464082,999,,,,,,,113.6,2.989473684,113.6,2.989473684,,,,,,,,,,,,,,,,,,,"Travis d'Arnaud","7739",518595
"Drew Gilbert","SFG",71,271,244,56,36,11,2,6,28,29,21,0,53,4,1,1,,2,1,0.230193,0.0772036,0.195154,0.395604,0.301281,0.374681,0.301407,0.675961,0.144488,4.63886,0.267266,0,-0.427596,28.5918,-3.25277,92.6738,-0.427596,-1.4674,-2.75702902674675,-1.3457654118537903,0.462326,999,,,,,,,245.3,3.454929577,245.3,3.454929577,,,,,,,,,,,,,,,,,,,"Drew Gilbert","31545",687551
"Heriberto Hernández","MIA",69,256,225,51,32,9,1,9,29,36,26,0,75,3,2,0,,4,2,0.228054,0.103118,0.292141,0.352974,0.3143,0.403622,0.319466,0.717922,0.175568,4.72308,0.294187,0,-0.0860001,30.656,0.617254,101.21,-0.0860001,-1.60991,0.27702273428440094,-3.898625135421753,0.461578,999,,,,,,,266,3.855072463,266,3.855072463,,,,,,,,,,,,,,,,,,,"Heriberto Hernandez","24878",681715
"Graham Pauley","MIA",65,237,213,46,28,11,1,6,26,27,19,0,50,2,1,1,,4,1,0.216748,0.0821697,0.210067,0.391159,0.287763,0.359299,0.288767,0.647062,0.142551,4.52943,0.254333,0,-0.0654318,22.6074,-5.23484,80.3216,-0.0654318,2.06928,-5.5359146520495415,2.436926484107971,0.454243,999,,,,,,,206.4,3.175384615,206.4,3.175384615,,,,,,,,,,,,,,,,,,,"Graham Pauley","31363",688363
"Jo Adell","LAA",85,324,298,70,42,12,0,16,37,51,18,0,87,6,2,0,,4,2,0.234999,0.0551411,0.26737,0.206235,0.290581,0.440134,0.319057,0.730715,0.205135,3.75599,0.273235,0,-0.252727,38.7155,0.675918,100.427,-0.252727,-2.8453,-0.09002448618412018,-6.85405158996582,0.453376,120.33000183105469,,,,,,,353.2,4.155294117,353.2,4.155294117,,,,,,,,,,,,,,,,,,,"Jo Adell","20220",666176
"Ali Sánchez","NYY",37,126,114,25,18,5,0,2,12,13,8,0,32,1,1,1,,0,0,0.221807,0.0673986,0.25734,0.261905,0.279174,0.324496,0.271988,0.60367,0.102689,2.28543,0.28598,0,-0.244421,10.2819,-4.449,70.7844,-0.244421,2.25562,-4.5532673597335815,4.561269760131836,0.451967,999,,,,,,,86.3,2.332432432,86.3,2.332432432,,,,,,,,,,,,,,,,,,,"Ali Sanchez","18551",645305
"Andy Ibáñez","NYM",58,172,156,37,25,8,0,3,17,20,12,0,33,2,2,0,,2,1,0.236873,0.0702382,0.19276,0.364382,0.296421,0.360547,0.293212,0.656969,0.123675,3.89276,0.277108,0,-0.119837,16.9681,-3.17973,88.0096,-0.119837,0.744703,-2.531932085752487,1.3753982186317444,0.440003,999,,,,,,,145.6,2.510344827,145.6,2.510344827,,,,,,,,,,,,,,,,,,,"Andy Ibanez","18819",628451
"Nick Allen","HOU",72,227,204,47,37,8,0,2,23,17,16,0,45,2,2,3,,4,2,0.231125,0.071988,0.197334,0.364803,0.29153,0.305617,0.271612,0.597147,0.0744916,4.27519,0.283813,0,-0.332404,18.4956,-8.10044,69.9782,-0.332404,3.45465,-8.326475352048874,4.669755339622498,0.43979,999,,,,,,,157.2,2.183333333,157.2,2.183333333,,,,,,,,,,,,,,,,,,,"Nick Allen","22277",669397
"Ildemaro Vargas","ARI",63,231,216,56,41,10,2,4,24,30,11,0,24,2,1,1,,2,0,0.261226,0.0476907,0.104665,0.455652,0.301808,0.378758,0.301,0.680567,0.117532,4.31057,0.276479,0,-0.127928,24.3212,-2.85052,89.0039,-0.127928,3.05615,-3.111169993877411,0.04490208625793457,0.43901,999,,,,,,,218.4,3.466666666,218.4,3.466666666,,,,,,,,,,,,,,,,,,,"Ildemaro Vargas","13324",545121
"Dylan Carlson","PHI",52,169,146,33,22,6,1,4,19,17,19,0,39,3,1,0,,2,1,0.22819,0.111104,0.23157,0.479787,0.325183,0.359477,0.310645,0.684661,0.131287,4.37176,0.284379,0,-0.239612,19.0212,-0.779892,98.3554,-0.239612,1.34034,-0.5647585690021515,-0.5191828012466431,0.43783,999,,,,,,,166.5,3.201923076,166.5,3.201923076,,,,,,,,,,,,,,,,,,,"Dylan Carlson","20126",666185
"Tanner Murray","CHW",63,245,228,54,37,12,0,5,26,26,12,0,57,3,2,1,,1,1,0.236818,0.0499954,0.230735,0.216679,0.281649,0.357262,0.28327,0.638911,0.120444,3.29307,0.291481,0,-0.372569,22.3002,-6.48793,77.0599,-0.372569,3.16931,-6.984437733888626,2.5853474140167236,0.430848,999,,,,,,,200.3,3.179365079,200.3,3.179365079,,,,,,,,,,,,,,,,,,,"Tanner Murray","28848",695020
"Hunter Feduccia","TBR",61,218,191,43,29,8,1,4,24,19,24,0,59,1,1,1,,0,0,0.227179,0.1118,0.271256,0.412157,0.315302,0.352725,0.302077,0.668027,0.125546,3.71541,0.303695,0,-0.191183,23.124,-2.50086,89.1993,-0.191183,-3.53591,-2.9621293395757675,-0.5184924602508545,0.428094,999,,,,,,,191.3,3.136065573,191.3,3.136065573,,,,,,,,,,,,,,,,,,,"Hunter Feduccia","23372",676439
"Cody Freeman","TEX",59,239,223,54,36,11,0,6,28,28,13,0,38,1,1,1,,3,1,0.242952,0.0541955,0.158188,0.342603,0.287045,0.382403,0.294972,0.669448,0.139451,4.01499,0.264815,0,-0.278134,24.0085,-4.09995,86.6576,-0.278134,-1.10503,-4.032936364412308,-0.22513526678085327,0.424485,999,,,,,,,212.6,3.60338983,212.6,3.60338983,,,,,,,,,,,,,,,,,,,"Cody Freeman","25629",683227
"Yoán Moncada","LAA",55,197,173,39,24,7,1,6,21,22,21,0,59,2,1,0,,1,0,0.225752,0.105368,0.301323,0.349685,0.316104,0.394465,0.316693,0.710569,0.168712,3.90637,0.30149,0,-0.0892755,23.1406,0.0393998,98.8228,-0.0892755,-2.53579,-0.3615478128194809,-2.434231035411358,0.420986,746.1500244140625,,,,,,,198.7,3.612727272,198.7,3.612727272,,,,,,,,,,,,,,,,,,,"Yoan Moncada","17232",660162
"Eric Haase","SFG",41,128,118,27,17,5,0,5,13,16,8,0,40,0,1,0,,0,0,0.228682,0.0650074,0.313661,0.207254,0.280535,0.387245,0.29491,0.667779,0.158562,2.44703,0.303273,0,-0.0463177,12.8121,-2.19542,88.2527,-0.0463177,-0.302432,-1.8065947629511356,1.8537240624427795,0.420859,999,,,,,,,118.7,2.895121951,118.7,2.895121951,,,,,,,,,,,,,,,,,,,"Eric Haase","14111",606992
"Matt Vierling","DET",71,262,236,57,37,12,2,6,30,30,21,0,56,2,3,0,,3,2,0.240724,0.0813625,0.21205,0.383695,0.305466,0.388606,0.306971,0.694072,0.147881,4.69695,0.285572,0,-0.369452,28.7774,-1.97904,93.1495,-0.369452,-3.07039,-2.478935033082962,-2.6256830394268036,0.418828,999,,,,,,,254.9,3.590140845,254.9,3.590140845,,,,,,,,,,,,,,,,,,,"Matt Vierling","21558",663837
"Zack Short","DET",66,219,186,36,22,8,0,5,25,25,28,0,62,3,2,1,,2,1,0.191737,0.127612,0.285293,0.447299,0.303412,0.316445,0.285898,0.619857,0.124708,2.9843,0.255533,0,-0.473499,20.3615,-5.33176,78.8494,-0.473499,0.351,-5.9142255783081055,2.2975689470767975,0.416249,999,,,,,,,179.8,2.724242424,179.8,2.724242424,,,,,,,,,,,,,,,,,,,"Zack Short","19562",670097
"Jerar Encarnacion","SFG",49,178,164,40,27,7,0,6,19,25,12,0,53,1,1,0,,1,0,0.243538,0.0660213,0.299779,0.220233,0.297913,0.401673,0.309211,0.699585,0.158135,2.79659,0.318784,0,-0.123352,19.8824,-1.02715,97.9841,-0.123352,0.682964,-0.5442304536700249,-1.0546362400054932,0.415791,999,,,,,,,177.6,3.624489795,177.6,3.624489795,,,,,,,,,,,,,,,,,,,"Jerar Encarnacion","21871",666464
"Starling Marte","KCR",48,171,155,41,30,7,1,3,19,16,11,0,38,4,1,0,,5,1,0.266559,0.0637523,0.221315,0.288061,0.328121,0.385626,0.319018,0.713747,0.119067,5.41517,0.331969,0,0.168681,20.4757,0.352266,98.5691,0.168681,0.419956,-0.11960723996162415,-1.8597647845745087,0.413455,999,,,,,,,180.5,3.760416666,180.5,3.760416666,,,,,,,,,,,,,,,,,,,"Starling Marte","9241",516782
"Moisés Ballesteros","CHC",83,317,287,75,53,12,1,8,32,41,26,1,56,2,2,0,,1,1,0.261411,0.0817301,0.177891,0.45944,0.324166,0.398058,0.319548,0.722224,0.136647,2.52083,0.296796,0,-0.612199,37.9681,0.784727,104.414,-0.612199,-0.0639016,1.0264697074890137,-7.0525175631046295,0.413231,594.3599853515625,,,,,,,331.8,3.997590361,331.8,3.997590361,,,,,,,,,,,,,,,,,,,"Moises Ballesteros","28820",694208
"Giancarlo Stanton","NYY",50,199,179,41,22,7,0,11,20,33,18,1,63,1,1,0,,0,0,0.227957,0.0907117,0.314697,0.288251,0.300509,0.45902,0.329915,0.75953,0.231063,1.36848,0.277632,0,-0.143817,25.4627,2.13538,110.093,-0.143817,0,2.213504269719124,-5.178800582885742,0.41054,251.4600067138672,,,,,,,231.3,4.626,231.3,4.626,,,,,,,,,,,,,,,,,,,"Giancarlo Stanton","4949",519317
"Jonny DeLuca","TBR",57,205,188,45,29,10,1,5,23,25,13,0,41,2,1,1,,7,2,0.240056,0.0628331,0.200294,0.313704,0.295856,0.382546,0.299966,0.678402,0.142489,6.0119,0.282983,0,0.474825,21.338,-2.68948,87.7672,0.474825,0.697799,-2.467899411916733,-0.7299023270606995,0.408157,999,,,,,,,198.4,3.480701754,198.4,3.480701754,,,,,,,,,,,,,,,,,,,"Jonny DeLuca","26365",676356
"Mickey Gasper","BOS",51,181,158,40,27,8,1,3,23,21,18,0,33,4,1,0,,1,0,0.251643,0.0971332,0.184457,0.526589,0.337981,0.377054,0.322477,0.715035,0.125411,4.30491,0.29723,0,-0.112924,22.1184,0.871251,99.7413,-0.112924,-1.71982,-0.1679513305425644,-2.2121879160404205,0.406799,999,,,,,,,191,3.745098039,191,3.745098039,,,,,,,,,,,,,,,,,,,"Mickey Gasper","24759",681508
"César Prieto","STL",62,254,236,60,42,13,1,4,29,27,11,0,38,3,2,2,,3,3,0.25285,0.0450639,0.149189,0.30206,0.295132,0.364104,0.293068,0.659236,0.111254,3.90111,0.285281,0,-1.09054,25.0505,-4.72902,86.753,-1.09054,-1.8592,-5.029386520385742,0.9374011754989624,0.406187,999,,,,,,,220.3,3.553225806,220.3,3.553225806,,,,,,,,,,,,,,,,,,,"Cesar Prieto","30163",693409
"Logan Porter","LAA",41,157,137,29,21,5,0,3,17,15,17,0,42,2,1,1,,0,0,0.214047,0.10756,0.267447,0.402174,0.307024,0.314381,0.285881,0.621405,0.100334,2.50132,0.285724,0,-0.118481,14.6256,-3.83247,82.1089,-0.118481,-0.502857,-3.4157582223415375,2.3861435055732727,0.406167,999,,,,,,,125.1,3.051219512,125.1,3.051219512,,,,,,,,,,,,,,,,,,,"Logan Porter","20626",682515
"Josh Rojas","KCR",48,165,146,35,23,8,0,3,20,15,17,0,35,0,1,1,,4,1,0.23766,0.102568,0.21068,0.486842,0.317022,0.356919,0.302864,0.673941,0.119258,4.93148,0.292068,0,0.146063,17.5708,-1.78562,87.6066,0.146063,-0.179412,-2.255696341395378,0.4265107959508896,0.405355,999,,,,,,,157.2,3.275,157.2,3.275,,,,,,,,,,,,,,,,,,,"Josh Rojas","19734",668942
"Thomas Saggese","STL",75,288,265,64,45,12,1,6,34,29,18,0,78,3,2,0,,3,2,0.241216,0.0617605,0.269282,0.229353,0.295617,0.358228,0.292148,0.653845,0.117013,4.38548,0.318083,0,-0.577497,28.2446,-5.58323,86.1272,-0.577497,0.968785,-5.263144373893738,0.053032875061035156,0.403826,999,,,,,,,253.4,3.378666666,253.4,3.378666666,,,,,,,,,,,,,,,,,,,"Thomas Saggese","27883",695336
"Jorge Polanco","NYM",61,243,215,53,33,10,0,11,27,33,24,0,48,1,1,1,,2,1,0.245892,0.0985069,0.198401,0.496503,0.323463,0.438185,0.335303,0.761647,0.192293,2.49071,0.268598,0,-0.311447,32.1733,3.65448,116.65,-0.311447,-1.84701,4.429599732160568,-8.221731185913086,0.401967,209.42999267578125,,,,,,,290.2,4.757377049,290.2,4.757377049,,,,,,,,,,,,,,,,,,,"Jorge Polanco","13152",593871
"Jonah Cox","SFG",59,253,228,52,38,7,4,3,35,23,16,0,70,3,2,5,,16,4,0.226024,0.0613904,0.27478,0.223417,0.283008,0.323931,0.272212,0.606939,0.0979072,8.94745,0.310741,0,1.38239,20.7877,-8.92993,72.8085,1.38239,1.6228,-6.685868501663208,2.553067982196808,0.400288,999,,,,,,,210.7,3.57118644,210.7,3.57118644,,,,,,,,,,,,,,,,,,,"Jonah Cox","33270",813841
"Luis García Jr.","WSN",84,317,298,79,53,15,2,10,38,45,16,0,49,0,2,0,,7,3,0.265181,0.0502674,0.155658,0.322934,0.301604,0.424373,0.317227,0.725978,0.159192,4.94879,0.287916,0,-0.111378,37.365,0.198221,101.054,-0.111378,-1.10024,0.27972111105918884,-6.4334598779678345,0.399687,261.8500061035156,,,,,,,346.2,4.121428571,346.2,4.121428571,,,,,,,,,,,,,,,,,,,"Luis Garcia Jr.","20391",671277
"Joey Wiemer","WSN",65,218,195,42,27,9,1,6,26,24,20,0,66,3,1,0,,5,1,0.217289,0.0915058,0.303624,0.301378,0.297156,0.359658,0.294367,0.656814,0.142369,5.32362,0.296396,0,0.163378,21.7957,-3.84562,85.4989,0.163378,1.99832,-3.549173727631569,0.499914288520813,0.398326,999,,,,,,,204.1,3.14,204.1,3.14,,,,,,,,,,,,,,,,,,,"Joey Wiemer","27690",686894
"Chase DeLauter","CLE",42,173,155,39,25,9,0,5,19,22,17,0,26,0,1,0,,1,1,0.253369,0.0985553,0.150787,0.653605,0.325209,0.403699,0.323882,0.728908,0.15033,2.87142,0.276661,0,-0.321277,21.3828,1.02883,106.055,-0.321277,-0.365469,0.9126411080360413,-3.1246397793293,0.396676,999,,,,,,,186.6,4.442857142,186.6,4.442857142,,,,,,,,,,,,,,,,,,,"Chase DeLauter","32127",800050
"Esmerlyn Valdez","PIT",62,251,225,53,32,11,1,9,28,35,20,0,76,5,1,0,,1,1,0.236871,0.0791103,0.303201,0.260917,0.311145,0.412537,0.320732,0.723682,0.175666,3.1472,0.314082,0,-0.493535,30.333,0.859036,101.526,-0.493535,-1.32151,-0.044334858655929565,-4.089416265487671,0.393435,999,,,,,,,268.1,4.324193548,268.1,4.324193548,,,,,,,,,,,,,,,,,,,"Esmerlyn Valdez","29005",699013
"Jorge Barrosa","ARI",71,272,244,54,35,14,2,4,30,25,23,0,65,2,1,3,,4,2,0.2195,0.0830432,0.236913,0.350522,0.288769,0.333736,0.279835,0.622505,0.114236,4.8222,0.281846,0,-0.514337,24.0287,-7.95433,74.6021,-0.514337,4.55956,-8.624885618686676,3.80923730134964,0.393112,999,,,,,,,225,3.169014084,225,3.169014084,,,,,,,,,,,,,,,,,,,"Jorge Barrosa","23968",678489
"Daniel Johnson",,50,184,170,40,26,8,1,6,23,22,11,0,47,2,1,0,,5,2,0.234975,0.0602698,0.254962,0.236387,0.288519,0.394793,0.301617,0.683312,0.159818,5.35855,0.287647,0,-0.0404088,19.463,-2.17991,90.3392,-0.0404088,1.44298,-2.1337644457817078,-0.5895160436630249,0.383756,999,,,,,,,182.2,3.644,182.2,3.644,,,,,,,,,,,,,,,,,,,"Daniel Johnson","19643",669288
"Myles Straw","TOR",79,224,201,47,36,8,1,2,30,18,17,0,41,0,1,4,,7,1,0.235744,0.0779632,0.181482,0.429592,0.296402,0.318802,0.278411,0.615203,0.0830578,6.51885,0.283932,0,0.617812,19.5351,-6.80609,74.6201,0.617812,3.13182,-6.075488209724426,1.8359204530715942,0.372257,999,,,,,,,171.4,2.169620253,171.4,2.169620253,,,,,,,,,,,,,,,,,,,"Myles Straw","17620",664702
"Edgar Quero","CHW",70,263,233,55,43,8,0,4,22,29,23,0,52,4,3,1,,0,0,0.236081,0.0858395,0.199385,0.430522,0.310201,0.325741,0.289497,0.635942,0.0896602,1.41894,0.28261,0,-0.487653,25.2301,-5.6535,81.2859,-0.487653,-2.7365,-6.274108320474625,0.6679196357727051,0.371322,475.1000061035156,,,,,,,216.8,3.097142857,216.8,3.097142857,,,,,,,,,,,,,,,,,,,"Edgar Quero","28022",700337
"Connor Wong","BOS",57,195,175,43,28,11,0,4,23,20,14,0,48,3,1,1,,3,1,0.246545,0.0718389,0.247321,0.290468,0.311691,0.379072,0.308571,0.690763,0.132527,4.0796,0.31685,0,-0.276868,21.633,-1.22221,90.3043,-0.276868,-3.70766,-2.4954627752304077,-0.7291018962860107,0.369512,999,,,,,,,189.2,3.319298245,189.2,3.319298245,,,,,,,,,,,,,,,,,,,"Connor Wong","19896",657136
"José Azócar","ATL",53,159,147,37,27,7,1,2,20,14,8,0,36,2,1,1,,7,2,0.253601,0.050983,0.224848,0.226744,0.29899,0.357526,0.29256,0.656516,0.103925,6.79082,0.321076,0,0.308454,15.6302,-3.02722,83.7763,0.308454,0.680944,-2.7138306498527527,1.2649860382080078,0.368733,999,,,,,,,142.7,2.69245283,142.7,2.69245283,,,,,,,,,,,,,,,,,,,"Jose Azocar","18821",640492
"Davis Wendzel","PIT",49,187,167,35,23,8,0,5,18,18,16,0,41,3,1,0,,1,0,0.210959,0.0832449,0.217906,0.382022,0.288909,0.339726,0.28424,0.628635,0.128767,2.50917,0.249596,0,-0.223554,17.1211,-4.79471,76.6958,-0.223554,0.914286,-5.323006808757782,2.97240287065506,0.366647,999,,,,,,,158.1,3.226530612,158.1,3.226530612,,,,,,,,,,,,,,,,,,,"Davis Wendzel","26469",673995
"Max Schuemann","NYY",60,192,162,36,26,7,1,3,25,20,23,0,43,4,1,2,,6,2,0.224678,0.119194,0.223072,0.534328,0.333985,0.332281,0.307121,0.666266,0.107603,5.97217,0.286101,0,0.130455,21.1606,-1.43052,94.6256,0.130455,-1.87748,-1.08512744307518,-2.095635026693344,0.365912,999,,,,,,,180.6,3.01,180.6,3.01,,,,,,,,,,,,,,,,,,,"Max Schuemann","24488",680474
"Gavin Sheets","SDP",86,295,265,63,37,14,0,11,29,38,26,0,61,3,1,0,,1,0,0.238962,0.0887014,0.207645,0.427178,0.311974,0.425234,0.324871,0.737208,0.186271,2.64763,0.268088,0,-0.238908,36.6379,1.98446,109.991,-0.238908,-3.71205,3.2179562002420425,-9.044780254364014,0.363515,684.8099975585938,,,,,,,320.7,3.729069767,320.7,3.729069767,,,,,,,,,,,,,,,,,,,"Gavin Sheets","19901",657757
"Nasim Nuñez","WSN",75,270,234,51,43,6,1,1,33,22,28,0,63,2,1,4,,24,4,0.216882,0.104908,0.231813,0.452555,0.30416,0.267423,0.267541,0.571584,0.0505409,6.92022,0.287791,0,2.63075,21.1762,-10.5355,67.246,2.63075,1.63882,-7.740154504776001,2.6878151893615723,0.361333,583.0999755859375,,,,,,,208.5,2.78,208.5,2.78,,,,,,,,,,,,,,,,,,,"Nasim Nunez","25979",683083
"Dominic Smith","ATL",71,246,222,56,39,10,1,7,29,31,18,0,47,3,2,0,,1,0,0.254161,0.0735265,0.191507,0.383936,0.316169,0.399102,0.316693,0.715271,0.144941,3.82203,0.29044,0,-0.0413464,28.9086,0.0491856,100.197,-0.0413464,1.05143,0.01546718180179596,-4.299340009689331,0.361017,999,,,,,,,257,3.619718309,257,3.619718309,,,,,,,,,,,,,,,,,,,"Dominic Smith","15653",642086
"Tyler Callihan","PIT",46,178,159,37,24,8,1,3,18,17,14,0,48,1,1,3,,5,1,0.23101,0.0774433,0.270585,0.286207,0.296138,0.358653,0.292825,0.654791,0.127643,5.83888,0.308514,0,0.30372,17.5567,-3.35537,82.5376,0.30372,0.545983,-3.3424279391765594,1.2006023526191711,0.360219,999,,,,,,,157,3.413043478,157,3.413043478,,,,,,,,,,,,,,,,,,,"Tyler Callihan","27497",682997
"Nathan Church","STL",75,290,264,66,49,11,1,5,35,31,17,0,43,5,2,2,,8,3,0.251148,0.0597652,0.147919,0.40404,0.306068,0.359908,0.297377,0.665976,0.10876,5.51686,0.280675,0,0.0815649,29.6149,-4.40667,89.685,0.0815649,-0.144324,-3.4223864153027534,-2.294471189379692,0.357267,999,,,,,,,263,3.506666666,263,3.506666666,,,,,,,,,,,,,,,,,,,"Nathan Church","31357",701675
"Ryan Kreidler","MIN",57,198,171,34,21,8,1,4,23,20,22,0,59,3,1,1,,5,2,0.2011,0.109235,0.295078,0.370189,0.300221,0.333812,0.289177,0.634033,0.132712,5.64325,0.276451,0,-0.255766,18.9812,-4.31526,80.5698,-0.255766,0.316395,-4.787681013345718,1.2030863761901855,0.346128,999,,,,,,,164.8,2.89122807,164.8,2.89122807,,,,,,,,,,,,,,,,,,,"Ryan Kreidler","25867",668952
"LaMonte Wade Jr.","HOU",48,164,137,31,20,6,0,5,20,16,23,1,39,2,1,1,,1,0,0.226391,0.139919,0.240863,0.580907,0.344709,0.374947,0.325221,0.719656,0.148556,4.09158,0.281703,0,0.0354125,20.3566,1.14585,106.357,0.0354125,-0.645731,1.2580922096967697,-3.6525431871414185,0.342965,999,,,,,,,177.9,3.70625,177.9,3.70625,,,,,,,,,,,,,,,,,,,"LaMonte Wade Jr.","18126",664774
"Blake Perkins","MIL",60,191,168,35,24,7,1,3,24,19,20,0,51,1,1,1,,7,2,0.210377,0.106047,0.26625,0.398298,0.298807,0.315953,0.281349,0.614759,0.105576,6.17904,0.282094,0,0.188892,17.0847,-5.34853,77.3789,0.188892,2.72366,-4.877941980957985,2.0990538597106934,0.337101,999,,,,,,,152.9,2.548333333,152.9,2.548333333,,,,,,,,,,,,,,,,,,,"Blake Perkins","19921",663368
"Bryce Teodosio","LAA",60,190,173,38,28,6,2,2,20,17,10,0,63,3,1,2,,10,2,0.219612,0.0533999,0.330029,0.161804,0.273836,0.315752,0.265586,0.589588,0.09614,7.74797,0.326966,0,0.994103,14.588,-7.70107,64.1426,0.994103,4.44641,-7.007681667804718,3.6336709856987,0.336859,999,,,,,,,139.8,2.33,139.8,2.33,,,,,,,,,,,,,,,,,,,"Bryce Teodosio","29524",669326
"Luis Rengifo","MIL",79,297,271,64,47,11,1,5,30,32,21,0,50,2,2,1,,6,3,0.236375,0.0695185,0.169205,0.410853,0.293804,0.344574,0.285774,0.638378,0.108199,4.66944,0.27033,0,-0.366133,27.6117,-7.26709,80.3903,-0.366133,0.191356,-7.19524022936821,0.9892720580101013,0.330906,644.9299926757812,,,,,,,244,3.088607594,244,3.088607594,,,,,,,,,,,,,,,,,,,"Luis Rengifo","19858",650859
"Vidal Bruján","NYM",48,140,126,29,21,5,1,2,18,12,11,0,29,2,1,1,,6,4,0.227929,0.0815976,0.204594,0.398827,0.300202,0.327627,0.283461,0.627829,0.0996979,6.00357,0.279436,0,-0.528783,12.7928,-3.69425,81.3744,-0.528783,1.84602,-3.5948744416236877,2.3621184825897217,0.33071,999,,,,,,,114.6,2.3875,114.6,2.3875,,,,,,,,,,,,,,,,,,,"Vidal Brujan","20536",660644
"Wade Meckler","LAA",52,211,188,51,38,9,1,2,24,21,21,0,41,1,1,0,,4,1,0.271501,0.0992405,0.194158,0.511134,0.345633,0.374309,0.323472,0.719942,0.102808,4.84086,0.333462,0,-0.101662,26.008,1.18553,103.423,-0.101662,-2.81802,0.7489776834845543,-4.978784561157227,0.326745,999,,,,,,,219,4.211538461,219,4.211538461,,,,,,,,,,,,,,,,,,,"Wade Meckler","31490",685133
"Tyler Freeman","COL",66,248,215,57,43,10,1,3,29,24,18,0,29,11,1,2,,8,3,0.266165,0.0716935,0.117866,0.608262,0.351242,0.366339,0.326724,0.717581,0.100174,5.16012,0.293658,0,-0.160758,31.0825,2.02952,93.7799,-0.160758,0.151438,-1.9650963246822357,-2.7178553491830826,0.325486,745.8599853515625,,,,,,,260.9,3.953030303,260.9,3.953030303,,,,,,,,,,,,,,,,,,,"Tyler Freeman","22532",671289
"Jake Fraley","TBR",59,190,169,40,27,9,0,4,20,18,18,0,41,2,1,0,,6,1,0.23973,0.0935926,0.213992,0.437365,0.31937,0.369735,0.309175,0.689105,0.130005,4.89976,0.291054,0,0.43349,21.196,-1.10086,94.0158,0.43349,-0.304664,-0.902377039194107,-2.594332903623581,0.324522,999,,,,,,,187.3,3.174576271,187.3,3.174576271,,,,,,,,,,,,,,,,,,,"Jake Fraley","19260",641584
"George Valera","CLE",43,167,150,35,22,7,0,5,18,20,15,0,47,1,1,0,,0,0,0.234456,0.0912362,0.283545,0.321769,0.307154,0.388661,0.309884,0.695814,0.154204,2.78206,0.306331,0,-0.297215,18.6899,-0.871468,96.5567,-0.297215,-0.47999,-0.9715778231620789,-1.7100010514259338,0.324281,748.3099975585938,,,,,,,161.3,3.75116279,161.3,3.75116279,,,,,,,,,,,,,,,,,,,"George Valera","22541",671655
"Gary Sánchez","MIL",51,175,152,32,18,6,0,8,21,26,19,0,47,4,1,0,,0,0,0.210766,0.106189,0.266586,0.398329,0.309656,0.415836,0.322617,0.725492,0.20507,1.87752,0.242817,0,-0.210513,21.3978,0.86163,105.46,-0.210513,-2.35721,0.9089964479207993,-3.302363336086273,0.324022,999,,,,,,,188.8,3.701960784,188.8,3.701960784,,,,,,,,,,,,,,,,,,,"Gary Sanchez","11442",596142
"Rikuu Nishida","CHW",60,249,214,51,45,5,1,0,33,19,23,0,39,5,1,5,,10,4,0.240409,0.0931518,0.155818,0.597826,0.325868,0.275034,0.281488,0.600903,0.0346252,6.07539,0.291276,0,0.0443684,22.2678,-6.93476,75.8511,0.0443684,3.1317,-7.016111698001623,1.4390872716903687,0.322829,999,,,,,,,183.6,3.06,183.6,3.06,,,,,,,,,,,,,,,,,,,"Rikuu Nishida","33795",807747
"Maverick Handley","ATL",35,126,109,22,16,4,0,1,12,11,12,0,33,3,1,1,,1,1,0.205255,0.0944376,0.260529,0.362484,0.297451,0.289033,0.272271,0.586484,0.0837776,4.05049,0.2778,0,-0.263483,10.3396,-4.43319,71.2918,-0.263483,0.914286,-4.509527862071991,3.226488173007965,0.320946,999,,,,,,,79.3,2.265714285,79.3,2.265714285,,,,,,,,,,,,,,,,,,,"Maverick Handley","26106",668974
"Nick Yorke","PIT",67,273,249,62,45,12,1,4,30,25,19,0,61,2,2,0,,5,2,0.247416,0.0705262,0.221784,0.317994,0.305715,0.350784,0.294026,0.656499,0.103368,4.63638,0.309136,0,-0.185864,27.1469,-4.87694,83.3549,-0.185864,0.399363,-5.508094787597656,-0.043173402547836304,0.318857,999,,,,,,,243.2,3.629850746,243.2,3.629850746,,,,,,,,,,,,,,,,,,,"Nick Yorke","27504",694377
"Stuart Fairchild","CLE",45,127,111,25,15,5,1,3,16,13,11,0,38,3,1,1,,5,1,0.222386,0.0866715,0.295456,0.293348,0.308727,0.372737,0.304759,0.681464,0.150351,6.88311,0.30335,0,0.470558,13.7453,-1.18505,93.0787,0.470558,0.586116,-0.5640468001365662,-0.8159974813461304,0.315829,999,,,,,,,126.1,2.802222222,126.1,2.802222222,,,,,,,,,,,,,,,,,,,"Stuart Fairchild","20321",656413
"Steward Berroa","PHI",50,178,156,34,24,6,1,2,25,18,17,0,54,1,1,2,,12,3,0.217165,0.0959423,0.305354,0.3142,0.29821,0.320279,0.281748,0.618489,0.103114,7.90487,0.313467,0,0.767356,15.9278,-4.91209,75.2748,0.767356,3.77339,-4.3774407505989075,1.8163015842437744,0.315248,999,,,,,,,144.7,2.894,144.7,2.894,,,,,,,,,,,,,,,,,,,"Steward Berroa","22766",672642
"Mark Vientos","NYM",80,310,285,69,42,14,1,13,33,44,20,0,79,3,2,0,,0,0,0.242124,0.0645,0.256639,0.251326,0.296918,0.428931,0.318295,0.725848,0.186807,2.59819,0.289837,0,-0.249121,36.8046,0.457643,105.077,-0.249121,-2.67657,1.5933417230844498,-8.385675191879272,0.311518,652.5700073242188,,,,,,,338.9,4.23625,338.9,4.23625,,,,,,,,,,,,,,,,,,,"Mark Vientos","22184",668901
"Everson Pereira","CHW",53,221,199,47,29,8,1,8,31,26,18,0,72,3,2,0,,5,1,0.234832,0.0794435,0.323299,0.245728,0.305962,0.410904,0.317188,0.716866,0.176071,5.4383,0.317909,0,0.0669469,26.0931,0.131696,100.077,0.0669469,-1.8837,0.08687484450638294,-4.820593953132629,0.309985,999,,,,,,,238,4.490566037,238,4.490566037,,,,,,,,,,,,,,,,,,,"Everson Pereira","23695",677592
"Amed Rosario","NYY",62,221,208,54,38,9,2,5,25,29,9,0,39,1,2,0,,4,1,0.257853,0.0426941,0.178504,0.239177,0.291711,0.392733,0.30053,0.684444,0.13488,5.5307,0.291995,0,0.178138,23.1501,-2.80601,90.1525,0.178138,-2.62674,-2.3809162378311157,-2.400260180234909,0.304961,999,,,,,,,213.7,3.446774193,213.7,3.446774193,,,,,,,,,,,,,,,,,,,"Amed Rosario","15518",642708
"Isiah Kiner-Falefa","BOS",74,243,223,58,46,9,1,2,25,24,13,0,37,3,1,2,,8,2,0.259266,0.054579,0.150895,0.361702,0.307495,0.332622,0.288559,0.640117,0.0733553,5.27717,0.301475,0,0.362793,23.1009,-5.39871,76.725,0.362793,-0.232352,-6.278368383646011,0.7211162596940994,0.303325,746.1500244140625,,,,,,,210,2.837837837,210,2.837837837,,,,,,,,,,,,,,,,,,,"Isiah Kiner-Falefa","16512",643396
"Marcelo Mayer","BOS",63,233,212,49,33,10,1,5,27,24,17,0,52,2,2,0,,2,1,0.232391,0.073174,0.223246,0.327773,0.293068,0.360156,0.290596,0.653224,0.127764,4.56399,0.281942,0,-0.167952,22.5071,-4.7939,78.107,-0.167952,-0.109094,-6.152048021554947,0.942694365978241,0.302269,589.5399780273438,,,,,,,202.1,3.207936507,202.1,3.207936507,,,,,,,,,,,,,,,,,,,"Marcelo Mayer","29668",691785
"Will Brennan","SFG",52,180,169,45,33,9,1,3,17,19,9,0,23,1,1,0,,3,2,0.268994,0.0482135,0.127339,0.378623,0.308197,0.379887,0.304084,0.688084,0.110893,4.06451,0.295837,0,-0.424315,19.3703,-1.77532,94.4954,-0.424315,0.355581,-1.5865181982517242,-1.2203902900218964,0.298537,999,,,,,,,173.1,3.328846153,173.1,3.328846153,,,,,,,,,,,,,,,,,,,"Will Brennan","25660",686823
"Mitch Garver","SEA",50,175,151,30,19,5,0,5,18,18,21,0,52,2,1,0,,1,0,0.19702,0.122115,0.296838,0.411387,0.302551,0.339128,0.29191,0.641679,0.142108,3.45495,0.258923,0,-0.0382388,17.0769,-3.41536,89.6868,-0.0382388,-2.73787,-2.1541558168828487,-1.139630675315857,0.290051,999,,,,,,,149.4,2.988,149.4,2.988,,,,,,,,,,,,,,,,,,,"Mitch Garver","15161",641598
"Drew Romo","CHW",52,196,179,38,26,7,0,5,18,21,12,0,48,2,1,1,,2,1,0.213715,0.0603847,0.246482,0.244987,0.268844,0.342414,0.272845,0.611259,0.128699,3.43396,0.262019,0,-0.242433,16.1988,-6.81715,69.9859,-0.242433,-0.633841,-7.1586708426475525,3.071519672870636,0.286038,999,,,,,,,144.1,2.771153846,144.1,2.771153846,,,,,,,,,,,,,,,,,,,"Drew Romo","27763",691011
"Otto Kemp","PHI",65,255,225,52,32,11,1,7,35,36,18,0,72,11,1,0,,4,2,0.231301,0.0703165,0.283742,0.247818,0.315764,0.391735,0.316174,0.707499,0.160434,5.51482,0.304245,0,-0.430753,29.9096,-0.0545706,98.6992,-0.430753,-2.9204,-0.8199162781238556,-4.534728407859802,0.28191,999,,,,,,,258.6,3.978461538,258.6,3.978461538,,,,,,,,,,,,,,,,,,,"Otto Kemp","31792",805249
"Reese McGuire","CHW",39,120,109,24,17,4,0,3,10,13,7,0,27,2,1,1,,0,0,0.218714,0.0559905,0.222906,0.251185,0.272265,0.328841,0.270057,0.601106,0.110127,2.25663,0.26231,0,-0.0431821,9.61921,-4.42614,68.0941,-0.0431821,0.630805,-4.5297939740121365,3.0180054903030396,0.275225,999,,,,,,,92.2,2.364102564,92.2,2.364102564,,,,,,,,,,,,,,,,,,,"Reese McGuire","15674",624512
"Luis Matos","MIL",61,230,212,50,32,10,0,8,28,29,13,0,33,3,1,0,,4,0,0.235655,0.0563132,0.144056,0.390911,0.286904,0.394434,0.30073,0.681337,0.158779,4.95531,0.245296,0,0.410536,24.1042,-2.88055,90.5665,0.410536,0.0486802,-2.1311571896076202,-2.485465832054615,0.274948,999,,,,,,,227.8,3.734426229,227.8,3.734426229,,,,,,,,,,,,,,,,,,,"Luis Matos","26467",682641
"Will Wilson","SEA",53,197,176,35,24,6,0,4,20,20,15,0,56,2,1,3,,2,1,0.198963,0.0737998,0.283146,0.260642,0.265279,0.308345,0.259833,0.573624,0.109382,4.06017,0.263844,0,-0.222064,14.1963,-8.87188,67.9198,-0.222064,2.66963,-7.631158336997032,3.3917426466941833,0.272034,999,,,,,,,127,2.396226415,127,2.396226415,,,,,,,,,,,,,,,,,,,"Will Wilson","25434",669717
"Scott Kingery","CHC",50,176,160,32,22,5,1,4,19,18,12,0,59,1,1,2,,5,0,0.20271,0.070273,0.338352,0.207692,0.262291,0.325951,0.263634,0.588242,0.123241,6.78846,0.29087,0,0.606392,13.2197,-7.39659,66.3675,0.606392,1.44492,-6.316732168197632,3.3809993267059326,0.270661,999,,,,,,,125.5,2.51,125.5,2.51,,,,,,,,,,,,,,,,,,,"Scott Kingery","17975",664068
"Petey Halpin","CLE",63,249,227,50,33,10,2,5,32,24,18,0,75,1,1,0,,5,1,0.219596,0.0738136,0.300527,0.245614,0.280274,0.34013,0.277833,0.620404,0.120534,6.20562,0.303842,0,0.200086,21.5384,-7.65843,74.8072,0.200086,0.888467,-7.164149254560471,1.0629372894763947,0.268935,999,,,,,,,204.1,3.239682539,204.1,3.239682539,,,,,,,,,,,,,,,,,,,"Petey Halpin","27931",690984
"Rafael Marchán","PHI",33,113,102,21,15,4,0,2,10,11,8,0,18,3,1,0,,0,0,0.204536,0.068337,0.157101,0.434988,0.275961,0.305979,0.265557,0.58194,0.101443,1.31065,0.227418,0,-0.131659,8.71331,-4.60386,64.2576,-0.131659,1.88144,-4.884227782487869,3.868409514427185,0.26507,999,,,,,,,79,2.393939393,79,2.393939393,,,,,,,,,,,,,,,,,,,"Rafael Marchan","21646",665561
"Bryce Johnson","SDP",61,174,153,35,26,7,1,2,21,17,15,0,48,3,1,3,,8,2,0.230145,0.0840541,0.274707,0.305977,0.307484,0.323826,0.287837,0.63131,0.0936801,6.55568,0.320219,0,0.548137,16.4856,-3.97659,84.7917,0.548137,1.21301,-2.5590243339538574,-0.39974284172058105,0.264028,999,,,,,,,151.4,2.481967213,151.4,2.481967213,,,,,,,,,,,,,,,,,,,"Bryce Johnson","20002",669369
"Pavin Smith","ARI",54,186,161,39,24,8,1,6,22,22,23,0,48,0,1,0,,1,0,0.238966,0.12198,0.255976,0.476528,0.33193,0.402716,0.326957,0.734646,0.16375,4.01223,0.301088,0,-0.158652,23.3729,1.55847,106.666,-0.158652,0.152769,1.2932677119970322,-4.627304017543793,0.263058,999,,,,,,,213.6,3.955555555,213.6,3.955555555,,,,,,,,,,,,,,,,,,,"Pavin Smith","19892",656976
"Nick Morabito","NYM",57,236,214,51,38,9,1,2,28,22,17,0,61,4,1,0,,13,5,0.236443,0.0727277,0.260533,0.27915,0.302168,0.32321,0.283842,0.625379,0.0867679,6.57157,0.318555,0,0.442772,21.5484,-6.13022,81.634,0.442772,-1.197,-4.632890611886978,-0.3305612802505493,0.258641,999,,,,,,,195.9,3.436842105,195.9,3.436842105,,,,,,,,,,,,,,,,,,,"Nick Morabito","32119",703492
"Eric Wagaman","NYM",61,225,208,52,34,11,1,6,25,25,15,0,46,1,1,0,,2,1,0.250023,0.0667849,0.205438,0.325085,0.301666,0.400222,0.309873,0.701888,0.150199,3.75143,0.291722,0,-0.369133,25.2799,-1.18095,99.346,-0.369133,0.00234339,-0.5419193506240845,-4.139240053715184,0.253812,748.2100219726562,,,,,,,226.2,3.708196721,226.2,3.708196721,,,,,,,,,,,,,,,,,,,"Eric Wagaman","23395",676572
"Rece Hinds","MIA",63,240,221,53,29,12,2,10,31,36,14,0,85,3,2,0,,7,2,0.237599,0.0582703,0.353007,0.165068,0.288857,0.448176,0.319706,0.737033,0.210577,6.40075,0.329801,0,0.119341,28.7637,0.624141,97.8184,0.119341,-2.65402,-0.4936143457889557,-4.852328062057495,0.232221,999,,,,,,,274.7,4.36031746,274.7,4.36031746,,,,,,,,,,,,,,,,,,,"Rece Hinds","27493",677956
"David Fry","CLE",58,172,153,34,21,7,0,5,18,20,16,1,48,3,1,0,,1,0,0.220884,0.0919608,0.278496,0.330205,0.303685,0.381258,0.304736,0.684943,0.160375,3.53334,0.28212,0,-0.0227847,18.6343,-1.60999,93.0631,-0.0227847,-0.480423,-1.4287846237421036,-2.360069066286087,0.231721,999,,,,,,,163.6,2.820689655,163.6,2.820689655,,,,,,,,,,,,,,,,,,,"David Fry","24934",681807
"Austin Slater","TBR",50,125,109,25,18,4,0,2,16,12,13,0,39,1,1,0,,2,0,0.225624,0.105157,0.309084,0.340223,0.314251,0.336633,0.296433,0.650883,0.111009,4.93506,0.322758,0,-0.0133616,12.6796,-1.99487,90.2008,-0.0133616,1.03066,-1.4491332592442632,-0.34742510318756104,0.222686,999,,,,,,,107.2,2.144,107.2,2.144,,,,,,,,,,,,,,,,,,,"Austin Slater","16153",596103
"Bryce Eldridge","SFG",66,259,233,56,32,13,0,10,26,33,23,2,78,2,2,0,,0,0,0.239321,0.0882835,0.300164,0.294118,0.310277,0.426988,0.32156,0.737265,0.187668,2.05884,0.312471,0,-0.383637,31.4463,1.05665,106.386,-0.383637,-0.951977,1.5541615784168243,-7.60191422700882,0.222677,999,,,,,,,287.3,4.353030303,287.3,4.353030303,,,,,,,,,,,,,,,,,,,"Bryce Eldridge","33390",805811
"Salvador Perez","KCR",85,348,321,77,49,14,0,14,31,46,17,3,72,7,3,0,,0,0,0.2403,0.0482791,0.205903,0.234475,0.289555,0.41671,0.307034,0.706265,0.17641,1.10483,0.264972,0,-0.368274,38.2103,-2.60892,90.4368,-0.368274,-4.26344,-4.2765242755413055,-5.864894390106201,0.210848,91.13999938964844,,,,,,,354.4,4.169411764,354.4,4.169411764,,,,,,,,,,,,,,,,,,,"Salvador Perez","7304",521692
"Wenceel Pérez","DET",69,262,238,53,34,10,3,7,33,30,21,0,54,2,1,0,,6,2,0.224066,0.0792259,0.20678,0.383142,0.289997,0.374782,0.295602,0.664779,0.150716,6.20185,0.260155,0,0.0224991,26.4267,-4.3588,85.4345,0.0224991,-0.638223,-4.4668674524873495,-2.692956268787384,0.209103,748.5399780273438,,,,,,,245.5,3.557971014,245.5,3.557971014,,,,,,,,,,,,,,,,,,,"Wenceel Perez","22857",672761
"Chad Stevens","COL",63,242,216,52,34,11,2,5,27,28,20,0,72,4,2,0,,5,2,0.241087,0.0843589,0.295858,0.285134,0.315009,0.385238,0.312471,0.700247,0.144151,5.51049,0.331421,0,-0.233424,27.6258,-0.766003,84.0815,-0.233424,-1.43078,-4.746029004454613,-0.9008141160011292,0.208379,999,,,,,,,241.4,3.831746031,241.4,3.831746031,,,,,,,,,,,,,,,,,,,"Chad Stevens","29614",677060
"Victor Mesa Jr.","TBR",51,208,190,44,30,8,0,5,23,24,14,0,44,1,1,1,,2,1,0.229508,0.069423,0.213544,0.325099,0.287284,0.356961,0.287713,0.644246,0.127453,3.77607,0.27137,0,-0.29891,19.6526,-4.76604,79.4524,-0.29891,1.75826,-5.322318881750107,0.043206095695495605,0.206847,999,,,,,,,172.6,3.384313725,172.6,3.384313725,,,,,,,,,,,,,,,,,,,"Victor Mesa Jr.","25999",683748
"Connor Joe","SEA",54,178,154,32,20,8,1,3,19,15,20,0,44,3,1,0,,2,1,0.206439,0.114209,0.249714,0.457357,0.308223,0.324405,0.290232,0.632628,0.117965,4.65031,0.270387,0,-0.287553,17.1317,-3.71146,88.5481,-0.287553,-0.0781467,-2.6773205995559692,-1.610625945031643,0.198917,999,,,,,,,152.3,2.82037037,152.3,2.82037037,,,,,,,,,,,,,,,,,,,"Connor Joe","16572",656582
"Jase Bowen","SDP",55,214,196,43,28,8,1,5,24,26,13,0,70,3,1,1,,7,2,0.217193,0.0591516,0.327226,0.180767,0.272855,0.351251,0.278014,0.624107,0.134059,6.34454,0.306537,0,0.219413,18.604,-6.57306,78.108,0.219413,-0.387765,-5.2838883846998215,0.40036481618881226,0.197487,999,,,,,,,176.4,3.207272727,176.4,3.207272727,,,,,,,,,,,,,,,,,,,"Jase Bowen","26047",687749
"James McCann","ARI",42,139,129,30,20,7,0,3,14,15,6,0,38,2,1,1,,0,0,0.232908,0.0458099,0.271522,0.168715,0.277435,0.352306,0.280272,0.629741,0.119398,2.62495,0.305693,0,-0.0571931,12.2967,-4.00628,74.8991,-0.0571931,-0.745319,-4.143108658492565,1.5739654302597046,0.188659,999,,,,,,,111.5,2.654761904,111.5,2.654761904,,,,,,,,,,,,,,,,,,,"James McCann","12859",543510
"Braden Shewmake","HOU",55,193,178,39,26,8,1,4,21,20,11,0,39,1,1,2,,5,1,0.216397,0.055738,0.202686,0.274997,0.264421,0.338623,0.268329,0.603044,0.122226,5.96288,0.252985,0,0.512557,15.2878,-7.42383,67.7509,0.512557,0.632958,-6.8204421401023865,1.8423379063606262,0.185416,999,,,,,,,149.6,2.72,149.6,2.72,,,,,,,,,,,,,,,,,,,"Braden Shewmake","25817",669699
"Santiago Espinal","LAD",61,176,160,39,29,7,0,2,17,17,11,0,23,1,1,2,,2,1,0.240842,0.0644077,0.133078,0.483986,0.292518,0.327618,0.279158,0.620136,0.0867758,3.30837,0.267904,0,-0.133926,15.3822,-5.21812,75.6419,-0.133926,1.02678,-5.144081681966782,1.3502002358436584,0.182277,999,,,,,,,134.5,2.204918032,134.5,2.204918032,,,,,,,,,,,,,,,,,,,"Santiago Espinal","19997",669289
"Dylan Moore","PHI",58,148,128,27,15,6,1,6,20,17,15,0,44,4,1,0,,9,2,0.210353,0.10412,0.296099,0.351638,0.311218,0.398945,0.316143,0.710163,0.188592,7.272,0.26878,0,0.612206,17.3032,-0.0352025,98.6783,0.612206,-2.39832,0.38339538872241974,-3.3723193407058716,0.174344,999,,,,,,,171.2,2.951724137,171.2,2.951724137,,,,,,,,,,,,,,,,,,,"Dylan Moore","18042",664238
"Braxton Fulford","COL",46,160,143,34,22,7,1,4,21,21,12,0,44,4,1,0,,2,1,0.235465,0.0725444,0.2723,0.266413,0.308935,0.388663,0.310981,0.697598,0.153198,5.43362,0.304104,0,-0.0719689,18.1292,-0.698496,83.068,-0.0719689,1.23165,-3.2549787163734436,-0.17824876308441162,0.170097,999,,,,,,,160,3.478260869,160,3.478260869,,,,,,,,,,,,,,,,,,,"Braxton Fulford","29704",690924
"Leo Jiménez","MIA",52,184,158,36,26,7,0,2,22,18,16,0,39,8,1,0,,2,1,0.227279,0.0853829,0.212626,0.401563,0.325484,0.325255,0.30017,0.65074,0.0979759,4.20971,0.284076,0,-0.294249,19.1944,-2.38571,88.0802,-0.294249,-0.61758,-2.8626025021076202,-1.3307435512542725,0.168501,999,,,,,,,155.7,2.994230769,155.7,2.994230769,,,,,,,,,,,,,,,,,,,"Leo Jimenez","23782",677870
"Garrett Stubbs","PHI",39,130,115,26,19,4,1,2,17,12,10,0,31,3,1,1,,1,1,0.224945,0.0773173,0.238098,0.324728,0.298873,0.333577,0.284915,0.63245,0.108632,5.22764,0.28453,0,-0.264929,12.014,-3.27474,77.4294,-0.264929,-0.17558,-3.710387498140335,1.218519076704979,0.168461,999,,,,,,,104.8,2.687179487,104.8,2.687179487,,,,,,,,,,,,,,,,,,,"Garrett Stubbs","18067",596117
"Jhostynxon Garcia","PIT",60,235,216,50,33,9,2,6,29,24,15,0,66,3,1,0,,3,1,0.233513,0.0635626,0.282147,0.225282,0.291011,0.381411,0.298178,0.672423,0.147898,5.3691,0.3049,0,-0.09492,24.1995,-3.42818,86.1798,-0.09492,-0.908274,-3.907259076833725,-1.954443097114563,0.165176,999,,,,,,,214.8,3.58,214.8,3.58,,,,,,,,,,,,,,,,,,,"Jhostynxon Garcia","28142",691373
"Elias Díaz","TEX",51,163,150,34,22,7,0,4,14,16,10,0,40,1,1,1,,0,0,0.224429,0.0632726,0.24557,0.257656,0.276923,0.357898,0.282259,0.634821,0.133468,1.83947,0.276841,0,-0.176645,14.6679,-4.43685,78.0302,-0.176645,-2.71271,-4.378899186849594,0.2775115966796875,0.164794,999,,,,,,,131.3,2.574509803,131.3,2.574509803,,,,,,,,,,,,,,,,,,,"Elias Diaz","11680",553869
"Edwin Arroyo","CIN",63,261,241,62,48,10,1,2,26,23,14,0,54,3,2,1,,3,2,0.255624,0.0530722,0.207866,0.255319,0.301883,0.33357,0.285632,0.635453,0.0779451,4.16277,0.320219,0,-0.643845,24.2045,-6.40768,74.6329,-0.643845,-1.15322,-8.397327959537506,1.7215787172317505,0.164489,999,,,,,,,210.8,3.346031746,210.8,3.346031746,,,,,,,,,,,,,,,,,,,"Edwin Arroyo","29957",695490
"Andruw Monasterio","BOS",65,204,183,47,31,12,0,4,25,22,18,0,45,2,1,0,,6,3,0.2555,0.0894835,0.219256,0.408124,0.327823,0.389875,0.320857,0.717698,0.134374,4.48066,0.316047,0,-0.54964,24.6915,0.719065,98.6416,-0.54964,-3.15187,-0.8756631910800934,-4.712151408195496,0.161545,999,,,,,,,215.6,3.316923076,215.6,3.316923076,,,,,,,,,,,,,,,,,,,"Andruw Monasterio","19455",655316
"Nicky Lopez","TEX",54,178,160,36,29,5,2,1,16,11,14,0,28,2,1,2,,2,2,0.227962,0.0790242,0.156192,0.505942,0.296397,0.295582,0.271089,0.591979,0.0676201,4.5264,0.269741,0,-0.530673,14.4743,-6.44608,70.4505,-0.530673,0.0545464,-6.719868242740631,2.019185546785593,0.158985,999,,,,,,,123.1,2.279629629,123.1,2.279629629,,,,,,,,,,,,,,,,,,,"Nicky Lopez","19339",670032
"P.J. Higgins","CIN",54,198,181,42,30,9,0,3,16,21,13,0,49,1,1,1,,0,0,0.235044,0.0675018,0.248657,0.271466,0.290678,0.335777,0.281332,0.626455,0.100733,1.83662,0.304771,0,-0.430398,17.705,-5.54619,71.7069,-0.430398,-0.965342,-6.998780280351639,2.1936188340187073,0.152128,999,,,,,,,150.5,2.787037037,150.5,2.787037037,,,,,,,,,,,,,,,,,,,"P.J. Higgins","18433",664731
"Collin Price","HOU",50,182,164,32,20,6,0,5,18,20,15,0,62,2,1,0,,1,0,0.197852,0.0809995,0.342673,0.236376,0.271573,0.340744,0.275209,0.612318,0.142893,3.63564,0.277956,0,-0.110614,15.3909,-5.98938,72.4191,-0.110614,-2.29019,-6.014484770596027,1.056196689605713,0.146672,999,,,,,,,132.5,2.65,132.5,2.65,,,,,,,,,,,,,,,,,,,"Collin Price","31415",805672
"Zach Dezenzo","HOU",40,146,134,32,20,8,0,4,19,16,11,0,45,1,1,0,,2,0,0.238183,0.0736032,0.310365,0.237151,0.30001,0.3938,0.307694,0.69381,0.155617,3.97159,0.324566,0,0.007886,16.1675,-1.02163,94.463,0.007886,-1.50384,-0.9450027253478765,-2.7613282203674316,0.146611,999,,,,,,,145.8,3.645,145.8,3.645,,,,,,,,,,,,,,,,,,,"Zach Dezenzo","31562",701305
"Edouard Julien","COL",80,297,254,62,43,10,2,6,33,28,39,0,84,2,1,0,,4,2,0.243124,0.132316,0.284073,0.46578,0.347829,0.370498,0.325775,0.718327,0.127374,4.03387,0.337493,0,-0.690592,37.087,2.21134,93.134,-0.690592,-3.86989,-3.0814672112464905,-4.968449115753174,0.141856,746.0499877929688,,,,,,,315,3.9375,315,3.9375,,,,,,,,,,,,,,,,,,,"Edouard Julien","27534",666397
"Tommy Troy","ARI",60,257,230,55,38,11,1,4,26,24,21,0,57,3,1,1,,6,2,0.237381,0.0801403,0.22055,0.363366,0.307055,0.347293,0.295187,0.654348,0.109912,4.63594,0.295817,0,0.0263539,25.7684,-4.3491,85.0482,0.0263539,0.662243,-4.469853855669498,-2.2938895225524902,0.141759,999,,,,,,,231,3.85,231,3.85,,,,,,,,,,,,,,,,,,,"Tommy Troy","33279",694371
"Michael Conforto","CHC",68,234,203,44,26,11,0,7,26,24,26,0,63,3,1,0,,1,0,0.218468,0.111331,0.269613,0.412929,0.314786,0.383497,0.312637,0.698283,0.165029,2.99414,0.276258,0,-0.130292,26.7194,-0.709046,99.711,-0.130292,-1.98715,-0.2094256654381752,-5.855458617210388,0.138832,999,,,,,,,230,3.382352941,230,3.382352941,,,,,,,,,,,,,,,,,,,"Michael Conforto","16376",624424
"Aramis Garcia","ARI",37,128,117,23,16,4,0,3,13,13,9,0,46,2,1,0,,0,0,0.19566,0.0688513,0.357434,0.192627,0.261569,0.307776,0.258106,0.569345,0.112116,2.79146,0.287645,0,-0.0478524,9.0632,-5.95038,59.8165,-0.0478524,0.968762,-6.071565553545952,3.318644940853119,0.134081,999,,,,,,,84.6,2.286486486,84.6,2.286486486,,,,,,,,,,,,,,,,,,,"Aramis Garcia","16925",605244
"Andrew McCutchen",,63,238,206,46,31,8,0,6,25,24,29,1,59,2,2,0,,1,1,0.221085,0.121691,0.249042,0.488636,0.3205,0.353122,0.304777,0.673621,0.132037,2.31379,0.276268,0,-0.422608,25.7468,-2.21601,93.311,-0.422608,0.054806,-2.2952580749988556,-4.762145306915045,0.133153,999,,,,,,,223.3,3.544444444,223.3,3.544444444,,,,,,,,,,,,,,,,,,,"Andrew McCutchen","9847",457705
"Jordan Beck","COL",74,288,263,64,40,14,2,8,32,31,23,0,80,1,2,0,,8,3,0.243474,0.0787337,0.279173,0.282025,0.303831,0.40579,0.313018,0.709622,0.162316,5.51393,0.317298,0,0.00479079,33.041,-0.786873,84.454,0.00479079,-0.285309,-5.246028888504952,-2.6318778693675995,0.130437,232.9199981689453,,,,,,,301.4,4.072972972,301.4,4.072972972,,,,,,,,,,,,,,,,,,,"Jordan Beck","31431",687597
"Tyrone Taylor","NYM",65,191,175,39,23,10,1,4,22,21,8,0,42,4,1,2,,4,1,0.222142,0.0441639,0.220599,0.2002,0.271086,0.368636,0.281953,0.639722,0.146494,6.22793,0.266962,0,0.133705,17.15,-5.24819,80.3485,0.133705,0.558416,-4.261114850640297,-0.5365257263183594,0.129252,999,,,,,,,156.5,2.407692307,156.5,2.407692307,,,,,,,,,,,,,,,,,,,"Tyrone Taylor","13675",621438
"Yohendrick Piñango","TOR",70,271,248,58,39,12,1,6,25,31,21,0,62,1,1,0,,3,1,0.235363,0.076873,0.229853,0.334444,0.296773,0.367556,0.295736,0.664329,0.132193,3.64445,0.287936,0,-0.146904,27.3736,-4.48107,86.3771,-0.146904,-1.21958,-4.491570353507996,-3.7677853107452393,0.129169,999,,,,,,,242.6,3.465714285,242.6,3.465714285,,,,,,,,,,,,,,,,,,,"Yohendrick Pinango","26664",682818
"Hayden Senger","NYM",39,131,118,23,17,4,0,2,13,12,7,0,40,3,1,2,,0,0,0.197932,0.0531933,0.304653,0.174603,0.257461,0.292796,0.250015,0.550257,0.0948645,3.69422,0.275633,0,-0.237973,8.41804,-6.92378,58.6164,-0.237973,1.27982,-6.577227339148521,3.6810789108276367,0.128503,999,,,,,,,71.2,1.825641025,71.2,1.825641025,,,,,,,,,,,,,,,,,,,"Hayden Senger","21489",663584
"José Tena","WSN",73,273,249,62,42,13,2,5,32,29,20,0,72,1,1,1,,6,3,0.247664,0.0718049,0.264199,0.271783,0.304147,0.374499,0.302097,0.678647,0.126836,5.32396,0.326423,0,-0.172749,28.8786,-3.11839,90.7589,-0.172749,0.26875,-3.125086560845375,-4.279083698987961,0.128232,999,,,,,,,260.3,3.565753424,260.3,3.565753424,,,,,,,,,,,,,,,,,,,"Jose Tena","23691",677588
"Carlos Santana","ARI",56,215,189,41,28,8,0,5,21,23,24,0,41,1,1,0,,2,0,0.219545,0.110772,0.189056,0.585921,0.309809,0.344043,0.296231,0.653852,0.124498,3.07631,0.252074,0,0.0914783,21.8018,-3.47005,85.7588,0.0914783,1.84636,-3.5020159110426903,-2.1091220378875732,0.125548,999,,,,,,,189.6,3.385714285,189.6,3.385714285,,,,,,,,,,,,,,,,,,,"Carlos Santana","2396",467793
"Javier Báez","DET",60,219,207,49,33,9,1,5,24,26,8,0,51,3,2,0,,4,1,0.235341,0.0344038,0.235505,0.146086,0.269148,0.365663,0.279811,0.634811,0.130321,5.19187,0.286415,0,0.155417,19.2766,-6.3868,74.7191,0.155417,-2.22826,-6.340218603610992,-0.2825295925140381,0.107275,740.6500244140625,,,,,,,184,3.066666666,184,3.066666666,,,,,,,,,,,,,,,,,,,"Javier Baez","12979",595879
"Jacob Gonzalez","CHW",64,252,230,51,36,10,1,4,22,26,16,0,45,3,1,1,,4,1,0.220249,0.0646795,0.178495,0.36236,0.279635,0.319297,0.270406,0.598932,0.099048,4.28208,0.257346,0,0.0695911,20.3377,-9.2557,68.3308,0.0695911,0.362962,-9.313514217734337,1.2893360257148743,0.0840161,999,,,,,,,189.7,2.9640625,189.7,2.9640625,,,,,,,,,,,,,,,,,,,"Jacob Gonzalez","33225",694378
"Randal Grichuk","CHW",64,191,177,42,25,9,0,7,25,26,10,0,43,2,1,0,,0,0,0.237355,0.0535602,0.22333,0.239825,0.283457,0.417696,0.305867,0.701153,0.180341,3.1334,0.270542,0,-0.289486,20.7768,-1.60832,92.3937,-0.289486,-0.711546,-1.994181603193283,-3.916455388069153,0.0798509,999,,,,,,,186.1,2.9078125,186.1,2.9078125,,,,,,,,,,,,,,,,,,,"Randal Grichuk","10243",545341
"Tommy Pham","BAL",52,195,174,40,28,7,0,5,22,18,19,0,48,1,1,0,,3,1,0.227077,0.0965757,0.246731,0.391421,0.304071,0.352947,0.295199,0.657018,0.125871,4.17364,0.284086,0,0.0220872,19.6279,-3.31054,89.3614,0.0220872,-0.998457,-2.414496999233961,-3.152611017227173,0.0653743,999,,,,,,,180.2,3.465384615,180.2,3.465384615,,,,,,,,,,,,,,,,,,,"Tommy Pham","2967",502054
"Anthony Seigler","BOS",51,187,160,36,23,8,1,3,22,18,24,0,39,1,1,0,,6,1,0.222945,0.129364,0.210969,0.613187,0.32842,0.34147,0.306432,0.66989,0.118525,5.78404,0.276374,0,0.396159,20.4352,-1.49106,88.8533,0.396159,-4.57323,-2.050787776708603,-3.8868613243103027,0.0630288,999,,,,,,,182.3,3.574509803,182.3,3.574509803,,,,,,,,,,,,,,,,,,,"Anthony Seigler","23802",678011
"Jim Jarvis","ATL",49,187,172,40,30,9,0,1,24,17,10,0,32,4,1,0,,4,2,0.230268,0.0537736,0.169764,0.316754,0.285311,0.301955,0.265795,0.587266,0.0716872,5.12606,0.275385,0,-0.242116,14.399,-7.55373,65.5646,-0.242116,0.371734,-7.790044456720352,2.4333262741565704,0.0596117,999,,,,,,,131.5,2.683673469,131.5,2.683673469,,,,,,,,,,,,,,,,,,,"Jim Jarvis","33492",805347
"Austin Wynns","ATL",28,82,75,15,11,3,0,1,7,8,5,0,21,0,0,1,,0,0,0.205219,0.0670567,0.261868,0.25607,0.262501,0.30212,0.25542,0.564621,0.0969008,1.30212,0.267071,0,-0.0883521,5.61895,-3.97913,58.5052,-0.0883521,0.460424,-4.064945310354233,1.9626893997192383,0.0506356,999,,,,,,,42.1,1.503571428,42.1,1.503571428,,,,,,,,,,,,,,,,,,,"Austin Wynns","15271",642851
"Orlando Arcia","MIN",59,202,186,42,29,8,0,5,18,19,14,0,40,1,1,0,,0,1,0.226893,0.0700382,0.198981,0.351984,0.283189,0.350132,0.283077,0.633321,0.123239,1.63307,0.263024,0,-0.460645,18.3779,-5.38691,76.4304,-0.460645,-0.515502,-6.068570077419281,-0.5517183654010296,0.0493813,999,,,,,,,161.6,2.73898305,161.6,2.73898305,,,,,,,,,,,,,,,,,,,"Orlando Arcia","13185",606115
"Jeimer Candelario","LAA",52,206,186,38,20,11,1,6,21,22,15,0,61,4,1,0,,1,1,0.202546,0.0747548,0.294385,0.253936,0.274638,0.365788,0.285272,0.640427,0.163243,3.4316,0.263186,0,-0.397025,19.0824,-5.12668,77.5008,-0.397025,-1.79715,-5.850323438644409,-1.0393280982971191,0.0353819,999,,,,,,,176.9,3.401923076,176.9,3.401923076,,,,,,,,,,,,,,,,,,,"Jeimer Candelario","13621",600869
"Enrique Hernández","LAD",48,161,148,33,21,8,0,4,19,18,11,0,39,0,1,0,,0,0,0.222004,0.0708117,0.24076,0.294118,0.278112,0.362896,0.284905,0.641008,0.140893,2.50967,0.268811,0,-0.268483,14.885,-4.05892,79.5522,-0.268483,-1.3141,-4.136154502630234,-0.7210891246795654,0.0273886,999,,,,,,,130.6,2.720833333,130.6,2.720833333,,,,,,,,,,,,,,,,,,,"Enrique Hernandez","10472",571771
"Luken Baker","ARI",55,212,187,40,24,8,0,8,20,29,23,0,60,1,1,0,,0,0,0.212387,0.10715,0.282486,0.37931,0.298986,0.388288,0.305663,0.687274,0.175901,0.909991,0.261373,0,-0.246415,23.0579,-1.82191,92.1767,-0.246415,-0.384054,-2.1898555010557175,-4.278169900178909,0.0268674,999,,,,,,,207.4,3.77090909,207.4,3.77090909,,,,,,,,,,,,,,,,,,,"Luken Baker","21497",663609
"Billy Cook","PIT",64,213,193,44,30,8,1,5,24,22,15,0,61,3,1,1,,7,2,0.229494,0.0706659,0.286557,0.246603,0.292916,0.364478,0.292635,0.657394,0.134984,6.22877,0.306634,0,0.443314,21.0047,-4.05292,82.4081,0.443314,-1.7799,-3.958028733730316,-2.595257043838501,0.0230591,999,,,,,,,191,2.984375,191,2.984375,,,,,,,,,,,,,,,,,,,"Billy Cook","29573",695257
"MJ Melendez","NYM",76,280,253,55,30,12,1,11,33,36,22,0,85,3,2,0,,4,3,0.218333,0.0797872,0.302019,0.264179,0.287941,0.409167,0.306438,0.697107,0.190833,4.64296,0.277704,0,-0.732415,30.6792,-2.23708,97.0092,-0.732415,-2.44487,-1.7153787016868591,-6.966861009597778,0.022741,999,,,,,,,273.1,3.593421052,273.1,3.593421052,,,,,,,,,,,,,,,,,,,"MJ Melendez","22197",669004
"Andrew Benintendi","CHW",77,298,269,67,44,12,2,9,34,38,25,1,60,1,2,0,,2,0,0.249882,0.0846111,0.202614,0.417598,0.313756,0.407645,0.31774,0.721401,0.157763,4.19378,0.288239,0,-0.11818,35.2645,0.308345,100.451,-0.11818,-3.48453,0.039673708379268646,-10.32972526550293,0.0160543,735.8099975585938,,,,,,,318.8,4.14025974,318.8,4.14025974,,,,,,,,,,,,,,,,,,,"Andrew Benintendi","17901",643217
"Deyvison De Los Santos","MIA",58,239,223,53,38,8,0,7,27,29,13,0,62,2,1,0,,3,1,0.239082,0.0535062,0.258324,0.207128,0.285598,0.376073,0.292408,0.661671,0.136991,3.97734,0.296219,0,-0.197361,23.4946,-4.58495,82.7988,-0.197361,1.94635,-5.019959196448326,-2.44857656955719,0.0130376,999,,,,,,,210.7,3.63275862,210.7,3.63275862,,,,,,,,,,,,,,,,,,,"Deyvison De Los Santos","27969",691277
"Luke Williams","ATL",49,137,126,26,17,5,0,2,15,13,10,0,42,1,1,0,,9,1,0.203636,0.0722892,0.302768,0.238761,0.265262,0.309091,0.259407,0.574353,0.105455,6.71792,0.282028,0,1.02766,9.87821,-6.24931,61.2175,1.02766,0.414331,-5.217393159866333,0.9191779792308807,0.0066017,999,,,,,,,100.2,2.044897959,100.2,2.044897959,,,,,,,,,,,,,,,,,,,"Luke Williams","19931",663897
"Gage Workman","DET",58,218,198,42,24,9,2,7,30,28,18,0,80,1,1,0,,5,2,0.21349,0.0817034,0.367951,0.22205,0.281486,0.390418,0.296681,0.671904,0.176928,7.09353,0.314884,0,-0.0632522,22.1743,-3.4387,86.1667,-0.0632522,-3.6424,-3.6105802208185196,-3.993964374065399,0.00511719,999,,,,,,,201.4,3.472413793,201.4,3.472413793,,,,,,,,,,,,,,,,,,,"Gage Workman","27573",669398
"Nelson Velázquez","STL",54,199,178,40,25,7,0,7,24,26,17,0,51,2,1,0,,3,1,0.224787,0.0880851,0.258805,0.340354,0.298704,0.395626,0.307379,0.69433,0.170838,4.20692,0.27036,0,-0.244027,21.8787,-1.43557,96.4905,-0.244027,-0.151983,-1.060982584953308,-5.260697171092033,-0.00153417,748.5599975585938,,,,,,,192,3.555555555,192,3.555555555,,,,,,,,,,,,,,,,,,,"Nelson Velazquez","23359",676369
"Kevin Alcántara","CHC",57,220,200,47,32,9,0,5,25,25,17,0,72,1,1,0,,3,2,0.234245,0.0763318,0.326111,0.234067,0.296069,0.366501,0.295775,0.66257,0.132255,3.98195,0.332924,0,-0.320531,22.1928,-3.62498,88.2379,-0.320531,-0.559359,-3.3525889217853546,-3.6801612973213196,-0.00500308,999,,,,,,,190.4,3.340350877,190.4,3.340350877,,,,,,,,,,,,,,,,,,,"Kevin Alcantara","25971",682634
"Kyle Farmer","ATL",50,152,140,32,22,6,0,3,14,17,8,0,35,3,1,0,,0,1,0.229074,0.0540742,0.231044,0.234043,0.285119,0.346142,0.282689,0.631261,0.117069,2.76875,0.280886,0,-0.461256,13.7656,-4.09589,77.0598,-0.461256,-0.989723,-4.55242446064949,-0.43059664964675903,-0.0155082,999,,,,,,,115,2.3,115,2.3,,,,,,,,,,,,,,,,,,,"Kyle Farmer","14813",571657
"Tim Tawa","ARI",64,234,210,45,30,9,0,6,25,25,20,0,59,2,2,1,,4,3,0.214773,0.0846808,0.252424,0.33547,0.286356,0.346447,0.284351,0.632803,0.131674,3.90511,0.267544,0,-0.563089,21.512,-5.99769,77.6752,-0.563089,1.53051,-6.695149779319763,-0.9378994703292847,-0.0196173,748.489990234375,,,,,,,189.7,2.9640625,189.7,2.9640625,,,,,,,,,,,,,,,,,,,"Tim Tawa","29571",694374
"Noelvi Marte","CIN",59,232,213,53,36,9,1,7,28,28,15,0,54,2,1,0,,6,3,0.2496,0.062703,0.231263,0.271132,0.302819,0.394916,0.308146,0.697735,0.145316,5.26853,0.301985,0,-0.0883703,25.6575,-1.53239,89.9524,-0.0883703,-2.75178,-2.8161065503954887,-4.734393835067749,-0.0200252,147.7100067138672,,,,,,,235.4,3.989830508,235.4,3.989830508,,,,,,,,,,,,,,,,,,,"Noelvi Marte","26517",682622
"Brett Sullivan","COL",51,188,172,40,26,9,2,3,20,19,13,0,32,1,1,0,,2,1,0.232014,0.06795,0.169322,0.401307,0.287803,0.360937,0.288408,0.64874,0.128923,4.96654,0.266045,0,-0.217678,17.8414,-4.19761,67.7081,-0.217678,-1.21892,-7.3235631585121155,1.0563786029815674,-0.0313015,999,,,,,,,160.7,3.150980392,160.7,3.150980392,,,,,,,,,,,,,,,,,,,"Brett Sullivan","18217",664954
"Adrian Del Castillo","ARI",62,236,214,47,29,10,1,7,23,30,19,0,70,1,1,0,,0,0,0.220319,0.0810518,0.298142,0.271856,0.286716,0.373302,0.292709,0.660018,0.152983,2.96943,0.291127,0,-0.167057,23.2371,-4.4669,83.3624,-0.167057,0.0487845,-4.769274994730949,-3.0922670774161816,-0.0376463,999,,,,,,,209.7,3.382258064,209.7,3.382258064,,,,,,,,,,,,,,,,,,,"Adrian Del Castillo","29554",680728
"Eloy Jiménez","TOR",47,174,160,40,29,7,0,5,15,20,12,0,35,1,1,0,,0,0,0.250455,0.0712247,0.202002,0.352594,0.305861,0.379194,0.303808,0.685055,0.128739,1.75897,0.292225,0,-0.127474,18.7201,-1.75769,91.8545,-0.127474,-1.18857,-1.7974797934293747,-5.030322194099426,-0.0725526,999,,,,,,,170.3,3.623404255,170.3,3.623404255,,,,,,,,,,,,,,,,,,,"Eloy Jimenez","17484",650391
"Jorge Soler","LAA",69,274,241,53,30,12,0,11,33,35,28,0,81,4,2,0,,0,0,0.220611,0.101633,0.295356,0.344103,0.308382,0.411186,0.318469,0.719568,0.190575,1.68492,0.27813,0,-0.322212,32.6493,0.443613,100.028,-0.322212,-3.38982,-0.31310543324798346,-10.02072787284851,-0.0726701,634.8099975585938,,,,,,,290,4.20289855,290,4.20289855,,,,,,,,,,,,,,,,,,,"Jorge Soler","14221",624585
"Yohel Pozo","STL",46,155,150,39,27,8,0,4,15,20,4,0,17,0,1,0,,0,0,0.260567,0.027613,0.11101,0.248744,0.281708,0.393457,0.295772,0.675165,0.132889,2.00272,0.271639,0,-0.265608,15.6656,-2.55925,88.5933,-0.265608,-1.89666,-2.3412775695323944,-3.3344722986221313,-0.076425,999,,,,,,,141.2,3.069565217,141.2,3.069565217,,,,,,,,,,,,,,,,,,,"Yohel Pozo","18848",650968
"Chadwick Tromp","ATL",37,133,123,25,17,5,0,3,11,12,9,0,36,0,1,0,,0,0,0.203729,0.0652242,0.268075,0.243306,0.256857,0.310847,0.254955,0.567704,0.107119,2.27895,0.260806,0,-0.0482918,9.10125,-6.52953,58.1887,-0.0482918,-0.303821,-6.573689114302397,1.5112724006175995,-0.0854828,999,,,,,,,86.7,2.343243243,86.7,2.343243243,,,,,,,,,,,,,,,,,,,"Chadwick Tromp","16953",644433
"Omar Martinez","LAA",51,199,179,35,24,5,0,5,20,19,18,0,69,1,1,0,,0,0,0.196142,0.0894957,0.348178,0.25704,0.272451,0.32396,0.268897,0.596411,0.127818,2.76683,0.281364,0,-0.31915,15.8299,-7.55299,66.3894,-0.31915,-3.54284,-8.18761482834816,0.11698174476623535,-0.110945,999,,,,,,,135.5,2.656862745,135.5,2.656862745,,,,,,,,,,,,,,,,,,,"Omar Martinez","25369",683079
"Adam Frazier","LAA",70,217,196,45,32,9,1,3,24,19,15,0,43,3,1,2,,3,2,0.22987,0.0706077,0.19862,0.355491,0.294569,0.330996,0.281881,0.625565,0.101126,4.23349,0.278295,0,-0.463138,19.507,-5.98577,75.2,-0.463138,-2.10847,-6.79284530878067,-1.9390135258436203,-0.114089,999,,,,,,,170.1,2.43,170.1,2.43,,,,,,,,,,,,,,,,,,,"Adam Frazier","15223",624428
"Sterlin Thompson","COL",61,245,219,54,36,11,2,5,27,30,18,0,59,6,1,0,,4,2,0.246542,0.0739763,0.239405,0.309001,0.319829,0.380898,0.313929,0.700727,0.134357,5.01331,0.312353,0,-0.336652,28.2591,-0.490853,85.0737,-0.336652,-1.124,-4.62136310338974,-4.61007034778595,-0.149037,999,,,,,,,247.7,4.060655737,247.7,4.060655737,,,,,,,,,,,,,,,,,,,"Sterlin Thompson","31443",694514
"Rob Refsnyder","SEA",48,142,124,26,17,5,0,4,15,16,13,0,42,3,2,0,,1,0,0.210827,0.0947937,0.294946,0.321393,0.299642,0.353396,0.293457,0.653038,0.142569,3.17629,0.275768,0,-0.085406,14.0258,-2.59558,90.7362,-0.085406,-1.30562,-1.6270036399364471,-4.8794087171554565,-0.157724,999,,,,,,,123.6,2.575,123.6,2.575,,,,,,,,,,,,,,,,,,,"Rob Refsnyder","13770",608701
"Christopher Morel","MIA",66,240,214,48,28,10,1,8,27,27,21,0,75,3,1,0,,4,2,0.222438,0.0895231,0.31229,0.286667,0.299503,0.396072,0.308096,0.695575,0.173634,4.79127,0.297871,0,-0.318642,26.522,-1.59428,93.4733,-0.318642,-2.20574,-2.1508858501911163,-7.423973083496094,-0.201797,999,,,,,,,238.7,3.616666666,238.7,3.616666666,,,,,,,,,,,,,,,,,,,"Christopher Morel","21897",666624
"Lenyn Sosa","TOR",75,280,265,64,42,13,0,9,29,36,11,0,63,2,2,1,,1,1,0.241819,0.0385729,0.224953,0.171471,0.274223,0.393136,0.292482,0.667358,0.151317,2.72012,0.284189,0,-0.47713,27.5532,-5.35722,84.1688,-0.47713,-3.26743,-5.693430423736572,-6.124634742736816,-0.203187,487.05999755859375,,,,,,,253.8,3.384,253.8,3.384,,,,,,,,,,,,,,,,,,,"Lenyn Sosa","22896",672820
"Patrick Wisdom","SEA",54,191,171,30,14,7,0,9,21,25,17,1,77,2,1,0,,1,0,0.176528,0.087385,0.401405,0.217698,0.255576,0.374483,0.277419,0.630059,0.197955,3.86337,0.248934,0,-0.0794838,16.4501,-5.93457,79.8532,-0.0794838,-0.827607,-4.594616740942001,-4.331188976764679,-0.229154,999,,,,,,,160.8,2.977777777,160.8,2.977777777,,,,,,,,,,,,,,,,,,,"Patrick Wisdom","13602",621550
"Jarred Kelenic","TEX",64,237,215,49,32,10,1,6,24,23,20,0,71,0,1,0,,4,2,0.228084,0.0849031,0.300632,0.282416,0.293868,0.367523,0.294229,0.661391,0.139439,4.34095,0.30989,0,-0.386718,23.5938,-4.19343,84.4967,-0.386718,-3.55615,-4.69977205991745,-5.94282865524292,-0.239631,999,,,,,,,212.5,3.3203125,212.5,3.3203125,,,,,,,,,,,,,,,,,,,"Jarred Kelenic","22558",672284
"Greg Jones","MIL",42,161,145,27,18,4,1,3,18,18,11,0,74,3,1,1,,11,2,0.184932,0.0680608,0.457325,0.148824,0.254173,0.296307,0.250253,0.55048,0.111376,8.0746,0.339519,0,1.07529,10.3986,-8.4972,56.2199,1.07529,0.575837,-7.18462336063385,-0.4827800393104553,-0.261926,999,,,,,,,109,2.595238095,109,2.595238095,,,,,,,,,,,,,,,,,,,"Greg Jones","25448",675659
"Sandy León","ATL",35,109,97,14,10,2,0,2,6,9,9,0,40,1,1,2,,0,0,0.147654,0.0838873,0.365672,0.229406,0.22687,0.242359,0.218332,0.469229,0.0947051,1.91262,0.217758,0,-0.0127585,4.26577,-8.52714,33.2688,-0.0127585,0.440875,-8.536520277149975,2.3671408891677856,-0.277592,999,,,,,,,36,1.028571428,36,1.028571428,,,,,,,,,,,,,,,,,,,"Sandy Leon","5273",506702
"Felix Reyes","PHI",52,198,190,46,31,9,1,5,22,24,6,0,39,1,1,0,,2,1,0.242565,0.0326963,0.195116,0.167573,0.269426,0.37905,0.28433,0.648476,0.136485,4.63849,0.278809,0,-0.118222,18.2133,-5.08225,77.0317,-0.118222,-1.18943,-5.460597313940525,-3.594365358352661,-0.282156,999,,,,,,,168.4,3.238461538,168.4,3.238461538,,,,,,,,,,,,,,,,,,,"Felix Reyes","28763",694025
"Miguel Andujar","SDP",66,256,240,63,42,13,1,6,26,29,13,1,39,2,1,0,,2,1,0.261681,0.0502043,0.154116,0.325758,0.302227,0.407355,0.311132,0.709581,0.145674,3.70552,0.288707,0,-0.345911,28.9791,-1.08457,100.642,-0.345911,-4.78278,-0.15309907495975494,-10.757213592529297,-0.284668,722.9099731445312,,,,,,,258.6,3.918181818,258.6,3.918181818,,,,,,,,,,,,,,,,,,,"Miguel Andujar","15878",609280
"Victor Bericoto","SFG",58,230,214,51,36,9,1,5,23,25,13,0,59,1,1,0,,0,1,0.23924,0.0576584,0.257746,0.223703,0.284677,0.363319,0.28759,0.647996,0.124079,2.91999,0.303856,0,-0.684664,21.698,-5.29004,83.2724,-0.684664,-2.36087,-5.192188262939453,-4.895322799682617,-0.285609,999,,,,,,,189.6,3.268965517,189.6,3.268965517,,,,,,,,,,,,,,,,,,,"Victor Bericoto","26468",682674
"Sebastián Rivero","LAA",46,148,136,27,19,6,0,2,12,15,7,0,34,2,1,2,,0,0,0.201097,0.0468547,0.231468,0.202424,0.247992,0.293114,0.243651,0.541106,0.0920171,2.98572,0.253267,0,-0.241942,8.78814,-8.59814,49.2575,-0.241942,-1.48523,-9.074648693203926,0.8825745582580566,-0.307041,999,,,,,,,78.4,1.704347826,78.4,1.704347826,,,,,,,,,,,,,,,,,,,"Sebastian Rivero","21735",665861
"Nick Castellanos",,79,306,284,67,43,14,1,9,32,38,17,1,75,2,2,0,,3,0,0.236898,0.0563468,0.244123,0.230813,0.283971,0.386596,0.294603,0.670568,0.149699,4.13992,0.287967,0,0.086264,30.5423,-5.3211,89.3956,0.086264,-6.28084,-3.7110173031687737,-9.926304817199707,-0.40335,631.0399780273438,,,,,,,284.8,3.605063291,284.8,3.605063291,,,,,,,,,,,,,,,,,,,"Nick Castellanos","11737",592206
"Jose Fernandez","ARI",78,296,278,66,47,11,2,5,30,30,12,0,72,2,1,3,,6,2,0.236303,0.0408359,0.244304,0.167152,0.27114,0.345879,0.27353,0.61702,0.109577,5.27072,0.299741,0,-0.0462188,24.6267,-10.1341,70.3121,-0.0462188,-2.79801,-10.350106190890074,-6.9797186851501465,-0.812318,999,,,,,,,229.7,2.944871794,229.7,2.944871794,,,,,,,,,,,,,,,,,,,"Jose Fernandez","28020",699912