Name,Team,G,PA,AB,H,1B,2B,3B,HR,R,RBI,BB,IBB,SO,HBP,SF,SH,GDP,SB,CS,AVG,BB%,K%,BB/K,OBP,SLG,wOBA,OPS,ISO,Spd,BABIP,UBR,wSB,wRC,wRAA,wRC+,BsR,Fld,Off,Def,WAR,ADP,InterSD,InterSK,IntraSD,Vol,Skew,Dim,FPTS,FPTS/G,SPTS,SPTS/G,P10,P20,P30,P40,P50,P60,P70,P80,P90,TT10,TT20,TT30,TT40,TT50,TT60,TT70,TT80,TT90,NameASCII,PlayerId,MLBAMID
"Bobby Witt Jr.","KCR",63,272,245,72,43,15,3,12,41,37,22,3,47,2,2,0,,15,4,0.292948,0.0811882,0.171489,0.47343,0.354411,0.519081,0.372237,0.873492,0.226132,7.24746,0.318581,1.57133,1.00298,44.7387,12.2281,136.455,2.57431,2.37276,14.260374784469604,5.29174017906189,2.96102,3.0999999046325684,,,,,,,420.9,6.68095238,420.9,6.68095238,,,,,,,,,,,,,,,,,,,"Bobby Witt Jr.","25764",677951
"Juan Soto","NYM",62,270,218,60,34,10,1,16,43,41,48,4,47,1,2,0,,8,2,0.277083,0.179532,0.173604,1.03414,0.408907,0.544434,0.407149,0.953341,0.267351,4.46878,0.283936,-0.0792912,0.253883,51.9163,19.7408,162.797,0.174592,-2.43945,20.654432833194733,-5.649329423904419,2.40729,4.650000095367432,,,,,,,459.7,7.414516129,459.7,7.414516129,,,,,,,,,,,,,,,,,,,"Juan Soto","20123",665742
"Gunnar Henderson","BAL",62,270,239,63,37,13,2,11,39,34,26,1,59,3,2,0,,9,2,0.263684,0.0972243,0.218947,0.444054,0.340898,0.470433,0.351239,0.81133,0.206749,6.00363,0.304911,0.927944,0.629731,39.6832,7.50774,126.487,1.55768,0.268531,9.960761785507202,3.157419502735138,2.29979,12.510000228881836,,,,,,,364.8,5.883870967,364.8,5.883870967,,,,,,,,,,,,,,,,,,,"Gunnar Henderson","26289",683002
"Shohei Ohtani","LAD",62,270,227,64,34,12,2,17,48,43,39,5,64,2,2,0,,9,3,0.283749,0.142915,0.238208,0.599958,0.390231,0.580768,0.408686,0.970999,0.297019,6.04523,0.319901,0.419539,0.302364,52.2527,20.0772,161.065,0.721903,0,20.637125074863434,-6.740740776062012,2.29509,1.2699999809265137,,,,,,,469.1,7.566129032,469.1,7.566129032,,,,,,,,,,,,,,,,,,,"Shohei Ohtani","19755",660271
"Yordan Alvarez","HOU",58,249,210,62,35,12,0,15,37,40,33,4,42,3,2,0,,1,1,0.296601,0.133444,0.17053,0.782525,0.397525,0.572542,0.409765,0.970067,0.275941,2.87245,0.305733,-0.64614,-0.315774,48.4511,18.7507,165.97,-0.961914,-0.118461,18.35778260231018,-6.024634212255478,2.14556,33.38999938964844,,,,,,,420.1,7.243103448,420.1,7.243103448,,,,,,,,,,,,,,,,,,,"Yordan Alvarez","19556",670541
"Julio Rodríguez","SEA",56,242,219,59,37,11,1,11,34,33,18,1,52,3,1,0,,10,2,0.271268,0.0731668,0.21729,0.336724,0.332704,0.476421,0.348826,0.809125,0.205153,5.6984,0.309078,0.557215,0.694306,35.0767,6.25281,129.969,1.25152,1.44797,9.769031763076782,2.2303746938705444,2.0853,9.489999771118164,,,,,,,328.8,5.871428571,328.8,5.871428571,,,,,,,,,,,,,,,,,,,"Julio Rodriguez","23697",677594
"Francisco Lindor","NYM",62,267,235,61,38,11,1,10,39,33,25,1,49,4,2,0,,9,2,0.258353,0.0928943,0.183112,0.507308,0.337773,0.446044,0.342386,0.783817,0.187691,5.64683,0.283356,0.297605,0.526316,37.3531,5.51281,119.348,0.823921,1.69758,7.068099021911621,4.3557562828063965,2.03562,25.350000381469727,,,,,,,336.7,5.430645161,336.7,5.430645161,,,,,,,,,,,,,,,,,,,"Francisco Lindor","12916",596019
"Corbin Carroll","ARI",62,268,233,60,32,12,5,11,43,34,29,1,56,3,2,1,,13,3,0.258993,0.10968,0.210366,0.521379,0.34847,0.494486,0.362563,0.842956,0.235493,8.01203,0.294692,1.93495,1.15786,41.9178,9.92791,128.644,3.09281,1.38989,12.380446910858154,-1.3601107597351074,1.99892,14.100000381469727,,,,,,,382,6.161290322,382,6.161290322,,,,,,,,,,,,,,,,,,,"Corbin Carroll","25878",682998
"Fernando Tatis Jr.","SDP",64,277,242,65,42,12,1,10,39,32,30,1,54,3,2,0,,12,3,0.270108,0.107227,0.196965,0.544395,0.353759,0.456123,0.352828,0.809882,0.186016,5.51442,0.307316,0.816257,0.608323,41.0701,8.05933,126.786,1.42458,2.78149,10.387051701545715,-0.060172319412231445,1.95694,14.010000228881836,,,,,,,369.9,5.7796875,369.9,5.7796875,,,,,,,,,,,,,,,,,,,"Fernando Tatis Jr.","19709",665487
"Junior Caminero","TBR",65,282,255,69,41,12,0,16,39,45,24,1,52,2,2,0,,2,1,0.272167,0.0835034,0.183802,0.454313,0.335096,0.513676,0.362938,0.848771,0.241509,3.13407,0.28085,-0.28533,-0.185795,44.1927,10.5322,132.201,-0.471125,-1.8168,10.21659940481186,-1.145193338394165,1.93514,16.479999542236328,,,,,,,395.6,6.086153846,395.6,6.086153846,,,,,,,,,,,,,,,,,,,"Junior Caminero","28163",691406
"Pete Crow-Armstrong","CHC",63,271,244,61,36,12,2,11,38,35,17,1,66,4,2,4,,14,3,0.249031,0.0639085,0.241915,0.264177,0.307451,0.448079,0.326158,0.755529,0.199048,7.42299,0.294954,1.25846,1.12658,34.3599,2.02977,106.967,2.38504,4.17238,4.668137788772583,5.139970183372498,1.88564,32.939998626708984,,,,,,,328.4,5.212698412,328.4,5.212698412,,,,,,,,,,,,,,,,,,,"Pete Crow-Armstrong","27769",691718
"Cal Raleigh","SEA",59,235,204,45,22,8,0,14,32,37,28,2,65,2,2,0,,3,1,0.222318,0.118103,0.276359,0.427352,0.319337,0.475977,0.340331,0.795314,0.253659,3.27328,0.245207,-0.592564,-0.0831746,32.5346,4.46729,124.11,-0.675738,1.44962,5.996815860271454,3.9172115325927734,1.8514,18.729999542236328,,,,,,,295.7,5.011864406,295.7,5.011864406,,,,,,,,,,,,,,,,,,,"Cal Raleigh","21534",663728
"Elly De La Cruz","CIN",64,275,245,64,38,13,2,11,41,35,26,2,74,2,2,1,,16,4,0.262215,0.0948331,0.270646,0.350395,0.335145,0.466817,0.345873,0.801962,0.204602,7.16572,0.33092,1.56381,1.11452,39.2807,6.4607,113.591,2.67833,-0.644738,7.199588298797607,1.9918362498283386,1.83677,8.449999809265137,,,,,,,369.1,5.7671875,369.1,5.7671875,,,,,,,,,,,,,,,,,,,"Elly De La Cruz","26668",682829
"Shea Langeliers","ATH",59,238,216,57,31,11,1,14,34,36,18,1,51,2,2,0,,2,1,0.264613,0.0758908,0.213403,0.355622,0.324686,0.518485,0.359859,0.843171,0.253872,3.69287,0.281743,-0.171488,-0.0858825,36.7443,8.30345,128.118,-0.25737,-0.762054,7.627881973981857,1.9879456162452698,1.83251,54.04999923706055,,,,,,,333.4,5.650847457,333.4,5.650847457,,,,,,,,,,,,,,,,,,,"Shea Langeliers","25816",669127
"Kevin McGonigle","DET",63,274,238,62,40,14,2,7,36,30,31,0,40,2,2,1,,6,2,0.259313,0.113991,0.146108,0.780183,0.347091,0.417757,0.337676,0.764848,0.158444,5.35778,0.284473,0.340062,0.159438,37.2805,4.61006,115.418,0.4995,0.369196,5.466260373592377,2.6710477769374847,1.81069,999,,,,,,,331.8,5.266666666,331.8,5.266666666,,,,,,,,,,,,,,,,,,,"Kevin McGonigle","33572",805808
"Ketel Marte","ARI",61,265,233,63,38,13,1,12,38,37,28,2,42,3,2,0,,2,1,0.272018,0.103737,0.159248,0.651418,0.352937,0.487614,0.36242,0.840551,0.215596,4.00514,0.285569,-0.221501,-0.216848,41.441,9.79145,128.548,-0.43835,0.29284,8.719645619392395,0.34376630187034607,1.79148,32.63999938964844,,,,,,,370,6.06557377,370,6.06557377,,,,,,,,,,,,,,,,,,,"Ketel Marte","13613",606466
"Zach Neto","LAA",61,264,233,57,34,12,1,11,36,31,21,1,67,7,1,1,,11,4,0.245668,0.0804997,0.255581,0.314967,0.325011,0.444,0.334569,0.76901,0.198332,5.77948,0.296954,0.432659,0.329677,35.2851,3.7799,112.337,0.762336,0.291327,4.59477424621582,3.120031088590622,1.73272,32.29999923706055,,,,,,,323.8,5.308196721,323.8,5.308196721,,,,,,,,,,,,,,,,,,,"Zach Neto","31347",687263
"Ronald Acuña Jr.","ATL",58,252,211,58,36,10,1,11,41,30,36,2,54,3,1,0,,11,3,0.273963,0.141137,0.213545,0.660923,0.384253,0.479645,0.376444,0.863898,0.205681,5.55788,0.318675,1.07581,0.467417,42.221,12.1648,138.464,1.54322,-1.36732,13.261211037635803,-4.396795988082886,1.72733,5.260000228881836,,,,,,,381.4,6.575862068,381.4,6.575862068,,,,,,,,,,,,,,,,,,,"Ronald Acuna Jr.","18401",660670
"William Contreras","MIL",61,245,215,58,39,11,0,7,31,32,27,1,44,1,2,0,,2,1,0.269563,0.109537,0.179042,0.611797,0.351933,0.425753,0.34112,0.777686,0.156191,3.20476,0.30516,-0.51331,-0.251602,34.0373,4.80892,115.978,-0.764912,1.56623,3.96880841255188,5.08011531829834,1.72313,56.560001373291016,,,,,,,292.5,4.795081967,292.5,4.795081967,,,,,,,,,,,,,,,,,,,"William Contreras","20503",661388
"Kyle Tucker","LAD",60,261,222,58,34,12,1,11,39,36,35,2,42,1,2,0,,9,2,0.261437,0.134976,0.159565,0.845904,0.363367,0.475744,0.363577,0.839111,0.214307,5.59753,0.273875,0.3495,0.707842,41.0584,9.88843,130.802,1.05734,0.203378,10.788834571838379,-2.5952336341142654,1.69021,13.130000114440918,,,,,,,366.2,6.103333333,366.2,6.103333333,,,,,,,,,,,,,,,,,,,"Kyle Tucker","18345",663656
"Jeremy Peña","HOU",59,254,232,63,44,12,1,7,34,27,16,0,44,5,2,1,,7,2,0.272679,0.0617451,0.17293,0.357052,0.329838,0.421076,0.329109,0.750913,0.148397,5.44438,0.308665,0.535518,0.374921,32.8758,2.51532,110.345,0.910439,0.623213,4.007409870624542,3.349138617515564,1.66188,122.9800033569336,,,,,,,297.8,5.047457627,297.8,5.047457627,,,,,,,,,,,,,,,,,,,"Jeremy Pena","21636",665161
"Vladimir Guerrero Jr.","TOR",65,279,242,71,47,13,0,10,39,38,32,4,36,3,2,0,,2,1,0.291932,0.115122,0.128469,0.896105,0.378674,0.476565,0.369607,0.855239,0.184633,2.9003,0.304803,-0.456787,-0.332606,45.2991,11.9479,138.304,-0.789393,-0.317709,11.806926131248474,-5.430671781301498,1.65305,18.049999237060547,,,,,,,393.3,6.05076923,393.3,6.05076923,,,,,,,,,,,,,,,,,,,"Vladimir Guerrero Jr.","19611",665489
"Trea Turner","PHI",60,261,240,66,46,12,2,7,37,28,17,0,49,2,1,0,,11,2,0.274389,0.0669138,0.186648,0.358502,0.327028,0.423722,0.328509,0.75075,0.149332,6.56194,0.317127,1.61083,1.00376,33.6253,2.45536,105.177,2.61459,0.565282,4.250285625457764,3.363892674446106,1.63157,26.780000686645508,,,,,,,313.9,5.231666666,313.9,5.231666666,,,,,,,,,,,,,,,,,,,"Trea Turner","16252",607208
"Mookie Betts","LAD",60,258,227,60,38,12,1,9,37,34,27,1,30,2,2,0,,4,1,0.263819,0.106015,0.117435,0.902759,0.344726,0.445746,0.345113,0.790473,0.181928,4.42635,0.267813,-0.247021,-0.128603,36.7454,5.91053,118.415,-0.375624,-0.651465,5.379652112722397,2.117053210735321,1.61043,60.58000183105469,,,,,,,325.9,5.431666666,325.9,5.431666666,,,,,,,,,,,,,,,,,,,"Mookie Betts","13611",605141
"Mike Trout","LAA",53,228,188,45,26,8,1,11,32,29,35,3,63,3,1,0,,2,1,0.241422,0.155515,0.276916,0.561597,0.366967,0.469728,0.361729,0.836695,0.228305,4.12876,0.297598,-0.328123,-0.0906676,35.4194,8.27136,131.068,-0.41879,-0.151412,7.897837966680527,-0.4222456365823746,1.57686,178.44000244140625,,,,,,,311.3,5.873584905,311.3,5.873584905,,,,,,,,,,,,,,,,,,,"Mike Trout","10155",545361
"Bryce Harper","PHI",63,272,233,64,37,14,0,12,38,39,35,3,56,2,2,0,,4,2,0.274636,0.129493,0.205227,0.630974,0.371419,0.496485,0.37342,0.867904,0.221849,3.87255,0.310135,-0.062178,-0.193998,45.0003,12.4897,135.308,-0.256176,0.120349,11.378607273101807,-4.804804943501949,1.56332,47.900001525878906,,,,,,,391.8,6.219047619,391.8,6.219047619,,,,,,,,,,,,,,,,,,,"Bryce Harper","11579",547180
"José Ramírez","CLE",46,197,173,47,28,10,1,8,28,27,21,3,23,1,2,0,,11,3,0.270084,0.106212,0.118477,0.896481,0.35012,0.477937,0.353369,0.828057,0.207853,5.88165,0.269286,0.87137,0.89431,29.2756,5.81431,127.693,1.76568,0.198396,8.172044038772583,0.09808698296546936,1.54586,6.28000020980835,,,,,,,278.6,6.056521739,278.6,6.056521739,,,,,,,,,,,,,,,,,,,"Jose Ramirez","13510",608070
"Geraldo Perdomo","ARI",63,271,228,59,42,11,2,5,36,26,33,0,35,3,2,4,,9,3,0.259354,0.123179,0.129308,0.952595,0.357708,0.383098,0.331904,0.740806,0.123744,5.67369,0.286108,0.321048,0.224704,35.6232,3.29302,108.074,0.545752,0.222296,3.191687285900116,3.125073254108429,1.53233,76.7699966430664,,,,,,,309.4,4.911111111,309.4,4.911111111,,,,,,,,,,,,,,,,,,,"Geraldo Perdomo","22799",672695
"Jackson Merrill","SDP",62,268,244,63,39,13,2,9,34,34,19,1,55,2,2,1,,5,1,0.258095,0.0718156,0.20654,0.347708,0.314244,0.44,0.326197,0.754244,0.181905,5.20599,0.296681,0.539737,0.065574,34.0067,2.01686,108.919,0.605311,2.01533,3.497389495372772,2.891251027584076,1.5302,70.79000091552734,,,,,,,312.2,5.03548387,312.2,5.03548387,,,,,,,,,,,,,,,,,,,"Jackson Merrill","29490",701538
"James Wood","WSN",62,270,230,61,35,13,1,12,40,36,36,3,78,2,1,0,,7,2,0.263708,0.13418,0.290912,0.46124,0.366555,0.484757,0.36738,0.851312,0.221049,4.9047,0.344928,0.352289,0.153786,43.2148,11.0394,132.869,0.506075,-0.815059,11.22559767961502,-5.028022348880768,1.51599,37.790000915527344,,,,,,,389.5,6.282258064,389.5,6.282258064,,,,,,,,,,,,,,,,,,,"James Wood","29518",695578
"JJ Wetherholt","STL",61,263,230,59,40,11,1,7,34,27,26,1,45,5,2,1,,6,1,0.255199,0.100072,0.172328,0.580706,0.34249,0.401246,0.32948,0.743736,0.146047,4.8368,0.288209,0.374147,0.36544,34.122,2.68393,109.548,0.739588,1.25648,3.7820265889167786,2.2387354373931885,1.47773,999,,,,,,,305.4,5.006557377,305.4,5.006557377,,,,,,,,,,,,,,,,,,,"JJ Wetherholt","34985",802139
"Aaron Judge","NYY",28,123,99,28,14,5,0,9,21,22,22,2,31,1,1,0,,2,1,0.287844,0.176234,0.250801,0.702681,0.418956,0.615461,0.434067,1.03442,0.327617,3.49748,0.323285,-0.234424,-0.0807161,26.2906,11.657,183.29,-0.31514,0.0893775,11.702879279851913,-1.5504372790455818,1.4696,1.850000023841858,,,,,,,226.9,8.103571428,226.9,8.103571428,,,,,,,,,,,,,,,,,,,"Aaron Judge","15640",592450
"Adley Rutschman","BAL",58,234,206,53,34,11,1,8,28,29,25,1,36,1,2,0,,0,0,0.257524,0.107532,0.154285,0.696969,0.339584,0.428936,0.336884,0.768521,0.171413,2.4386,0.277038,-0.433546,-0.309665,31.6918,3.78728,116.587,-0.743211,0.467592,3.8205721974372864,2.2831781208515167,1.46089,148.92999267578125,,,,,,,281.6,4.855172413,281.6,4.855172413,,,,,,,,,,,,,,,,,,,"Adley Rutschman","26288",668939
"Jazz Chisholm Jr.","NYY",57,248,220,52,31,9,1,11,34,32,24,1,66,2,2,0,,14,3,0.238374,0.097298,0.267106,0.364267,0.317158,0.441544,0.329902,0.758702,0.203171,6.26401,0.285937,1.06309,1.04084,32.2203,2.61266,111.452,2.10393,-0.602136,5.447109222412109,0.12101256847381592,1.45815,19.520000457763672,,,,,,,302.6,5.308771929,302.6,5.308771929,,,,,,,,,,,,,,,,,,,"Jazz Chisholm Jr.","20454",665862
"Brice Turang","MIL",62,268,235,61,42,11,1,7,36,30,29,1,58,1,2,1,,12,3,0.258601,0.107625,0.215067,0.500426,0.33921,0.40545,0.328112,0.74466,0.146849,5.95747,0.311853,0.909535,0.925014,34.4234,2.43352,107.251,1.83455,0.516424,4.185757875442505,1.4738311171531677,1.45642,48.18000030517578,,,,,,,314.4,5.070967741,314.4,5.070967741,,,,,,,,,,,,,,,,,,,"Brice Turang","22186",668930
"Wyatt Langford","TEX",58,251,218,54,32,11,1,10,34,30,29,1,58,2,2,0,,9,2,0.248942,0.11471,0.232161,0.494096,0.340095,0.44652,0.342778,0.786615,0.197577,5.93223,0.293399,0.54484,0.624221,35.2128,5.26488,120.612,1.16906,0.571002,7.255664944648743,-1.9549243450164795,1.44137,37.75,,,,,,,320.5,5.525862068,320.5,5.525862068,,,,,,,,,,,,,,,,,,,"Wyatt Langford","33333",694671
"Isaac Paredes","HOU",60,257,221,53,32,10,1,10,31,33,28,0,43,6,2,0,,0,0,0.239411,0.110126,0.168882,0.652089,0.339019,0.426406,0.337894,0.765425,0.186995,2.27278,0.253156,-0.521628,-0.399265,35.0666,4.3761,116.404,-0.920893,0.608347,4.043188750743866,1.0132853090763092,1.43909,243.60000610351562,,,,,,,306.5,5.108333333,306.5,5.108333333,,,,,,,,,,,,,,,,,,,"Isaac Paredes","20036",670623
"CJ Abrams","WSN",62,267,239,61,37,13,2,9,36,32,19,1,51,6,2,1,,12,3,0.254482,0.0727189,0.191982,0.37878,0.323442,0.433044,0.329464,0.756486,0.178562,6.55527,0.287538,0.947122,0.835194,34.5552,2.71488,107.431,1.78232,-1.50419,4.180680274963379,1.2141722440719604,1.4255,65,,,,,,,325.7,5.253225806,325.7,5.253225806,,,,,,,,,,,,,,,,,,,"CJ Abrams","25768",682928
"Andy Pages","LAD",57,247,226,60,36,12,1,11,33,35,16,0,52,3,2,0,,5,2,0.264482,0.0628263,0.212066,0.296258,0.318513,0.467946,0.33943,0.786459,0.203464,4.7404,0.297321,0.0505213,-0.0835857,34.0078,4.51359,114.601,-0.0330644,0.857897,4.332024525851011,1.7004891633987427,1.42522,133.4199981689453,,,,,,,314.8,5.522807017,314.8,5.522807017,,,,,,,,,,,,,,,,,,,"Andy Pages","24816",681624
"Ben Rice","NYY",62,268,233,60,33,12,1,14,39,39,28,1,58,4,2,0,,2,1,0.256774,0.105997,0.216472,0.489655,0.344278,0.500525,0.363661,0.844804,0.243751,4.07984,0.2804,-0.345532,-0.254,42.0797,10.1482,134.734,-0.599532,-0.638784,10.33652126789093,-5.935079872608185,1.4103,53.189998626708984,,,,,,,372.1,6.001612903,372.1,6.001612903,,,,,,,,,,,,,,,,,,,"Ben Rice","29576",700250
"Freddie Freeman","LAD",62,270,235,66,41,15,1,10,37,37,29,3,49,3,2,0,,3,1,0.281244,0.107915,0.180222,0.59879,0.36512,0.477972,0.36402,0.843092,0.196728,3.81438,0.313462,-0.461536,-0.0986847,42.4798,10.3044,131.099,-0.560221,0.329348,9.582141935825348,-4.505528450012207,1.40255,67.87999725341797,,,,,,,376.7,6.075806451,376.7,6.075806451,,,,,,,,,,,,,,,,,,,"Freddie Freeman","5361",518692
"Riley Greene","DET",63,274,243,64,39,13,1,12,36,38,26,1,76,2,2,0,,2,0,0.26156,0.0966301,0.27752,0.348191,0.337128,0.462286,0.34721,0.799414,0.200726,3.47519,0.330757,-0.307045,-0.248737,39.3986,6.72815,121.993,-0.555782,0.591538,6.52906334400177,-2.504758358001709,1.39447,78.4800033569336,,,,,,,359.4,5.704761904,359.4,5.704761904,,,,,,,,,,,,,,,,,,,"Riley Greene","25976",682985
"Byron Buxton","MIN",46,197,177,45,23,9,1,11,30,28,15,1,53,3,1,0,,5,1,0.252964,0.0784202,0.267467,0.293195,0.321466,0.511594,0.355138,0.833059,0.258629,6.44928,0.292081,0.735649,0.517976,29.5578,6.09653,126.948,1.25362,-0.760561,7.4876134395599365,-0.8608700633049011,1.37955,73.4800033569336,,,,,,,270.9,5.889130434,270.9,5.889130434,,,,,,,,,,,,,,,,,,,"Byron Buxton","14161",621439
"Gabriel Moreno","ARI",48,188,167,46,31,9,1,5,23,23,18,1,33,1,2,0,,2,1,0.273294,0.0977698,0.174301,0.560925,0.347589,0.420665,0.337231,0.768254,0.147371,3.93905,0.311874,-0.0799529,-0.177896,25.5624,3.10148,111.648,-0.257849,1.67702,2.3940770626068115,5.0992395877838135,1.37877,181.22000122070312,,,,,,,227.4,4.7375,227.4,4.7375,,,,,,,,,,,,,,,,,,,"Gabriel Moreno","22664",672515
"Dansby Swanson","CHC",64,277,248,59,38,10,1,10,35,33,25,0,68,1,2,1,,7,1,0.238506,0.0907922,0.246885,0.36775,0.309739,0.406711,0.314125,0.716449,0.168204,5.35406,0.287297,0.631072,0.375549,32.3822,-0.628601,98.8943,1.00662,0.993934,0.6366739869117737,3.957823097705841,1.37684,152.30999755859375,,,,,,,299.6,4.68125,299.6,4.68125,,,,,,,,,,,,,,,,,,,"Dansby Swanson","18314",621020
"Dillon Dingler","DET",54,217,197,49,30,10,1,8,26,29,15,0,51,3,1,0,,0,0,0.249094,0.0707772,0.236526,0.299236,0.312298,0.43563,0.325439,0.747928,0.186536,3.14956,0.294052,-0.199955,-0.245938,27.3614,1.4973,106.978,-0.445893,1.73902,1.3337944746017456,4.448278427124023,1.36668,254.6199951171875,,,,,,,241.3,4.468518518,241.3,4.468518518,,,,,,,,,,,,,,,,,,,"Dillon Dingler","27464",693307
"Corey Seager","TEX",42,183,159,41,24,8,0,9,24,26,21,3,36,2,1,0,,1,0,0.258974,0.114016,0.19966,0.57105,0.348181,0.47864,0.354271,0.826821,0.219665,2.4391,0.280888,-0.459989,-0.167809,27.3116,5.53123,128.538,-0.627797,0.252098,5.501045882701874,1.3928382992744446,1.35579,95.08999633789062,,,,,,,249.3,5.935714285,249.3,5.935714285,,,,,,,,,,,,,,,,,,,"Corey Seager","13624",608369
"Cody Bellinger","NYY",59,257,229,60,38,11,1,10,34,35,24,1,37,1,2,0,,5,2,0.260857,0.0946106,0.144214,0.656042,0.331972,0.447711,0.338358,0.779682,0.186854,4.93144,0.271046,0.125053,0.0553334,35.0925,4.46395,117.283,0.180386,1.02824,5.400047704577446,-1.3347229957580566,1.33692,80.98999786376953,,,,,,,317.5,5.381355932,317.5,5.381355932,,,,,,,,,,,,,,,,,,,"Cody Bellinger","15998",641355
"Matt Olson","ATL",66,284,246,62,35,13,0,14,39,42,33,1,67,2,2,0,,1,0,0.253609,0.116727,0.235138,0.496418,0.344938,0.478037,0.355531,0.822975,0.224428,2.70961,0.290587,-0.662927,-0.332446,42.7445,8.88808,124.433,-0.995373,1.63468,7.389399945735931,-3.431681752204895,1.33576,48.0099983215332,,,,,,,377.4,5.718181818,377.4,5.718181818,,,,,,,,,,,,,,,,,,,"Matt Olson","14344",621566
"Nico Hoerner","CHC",63,274,247,68,52,12,1,3,33,26,20,0,24,4,2,0,,11,3,0.276298,0.0724357,0.0867257,0.835228,0.337516,0.374196,0.316688,0.711711,0.097898,5.83439,0.292747,0.962823,0.767175,32.6178,-0.052715,100.614,1.73,1.29861,1.9332703948020935,2.337500810623169,1.33468,101.93000030517578,,,,,,,287,4.555555555,287,4.555555555,,,,,,,,,,,,,,,,,,,"Nico Hoerner","21479",663538
"Alex Bregman","CHC",63,274,240,61,40,11,1,9,34,33,28,1,40,3,2,0,,1,1,0.252065,0.102442,0.144829,0.707333,0.336376,0.413807,0.330031,0.750183,0.161742,3.02441,0.267745,-0.577497,-0.360341,35.582,2.91155,109.565,-0.937838,0.990629,2.229699432849884,1.968406319618225,1.32732,119.16999816894531,,,,,,,315.9,5.014285714,315.9,5.014285714,,,,,,,,,,,,,,,,,,,"Alex Bregman","17678",608324
"Xander Bogaerts","SDP",61,262,236,62,44,11,0,6,31,28,22,1,46,2,2,0,,8,2,0.262447,0.0838941,0.174529,0.480688,0.327688,0.392889,0.317795,0.720577,0.130442,4.5807,0.298664,0.48147,0.454116,31.4944,0.185221,103.283,0.935586,-0.283662,1.9773994088172913,2.5274488031864166,1.32076,237.1999969482422,,,,,,,281.1,4.608196721,281.1,4.608196721,,,,,,,,,,,,,,,,,,,"Xander Bogaerts","12161",593428
"Iván Herrera","STL",61,253,218,58,40,10,1,7,33,30,27,1,47,6,2,0,,3,1,0.268662,0.107687,0.187419,0.57458,0.364428,0.423636,0.348443,0.788064,0.154974,3.98054,0.31089,-0.191151,-0.113636,36.7017,6.47772,122.27,-0.304787,-0.231038,6.517601102590561,-1.7302666306495667,1.31937,178.42999267578125,,,,,,,309.2,5.068852459,309.2,5.068852459,,,,,,,,,,,,,,,,,,,"Ivan Herrera","20599",671056
"Nick Kurtz","ATH",48,205,179,48,25,10,1,13,34,34,24,3,61,1,1,0,,2,1,0.269416,0.117134,0.299146,0.391563,0.357895,0.549341,0.383936,0.907236,0.279925,4.0668,0.332612,-0.123143,-0.170803,35.6685,11.1656,144.723,-0.293946,-1.24577,10.511383801698685,-4.912432432174683,1.30701,19.8700008392334,,,,,,,322.7,6.722916666,322.7,6.722916666,,,,,,,,,,,,,,,,,,,"Nick Kurtz","35110",701762
"Miguel Vargas","CHW",62,269,233,56,32,12,1,10,36,33,31,0,50,3,2,0,,4,1,0.238647,0.11452,0.186646,0.613565,0.33344,0.432591,0.336173,0.766031,0.193944,4.54588,0.259932,-0.0215255,-0.0202695,36.3344,4.20535,114.375,-0.041795,-1.72457,4.5122778452932835,-1.279971867799759,1.29796,303.0899963378906,,,,,,,321.9,5.191935483,321.9,5.191935483,,,,,,,,,,,,,,,,,,,"Miguel Vargas","20178",678246
"Xavier Edwards","MIA",58,253,224,64,49,10,2,3,32,21,24,1,35,1,2,2,,11,3,0.283442,0.0957145,0.138314,0.692008,0.353279,0.378236,0.325135,0.731515,0.0947937,5.99073,0.324109,0.874333,0.660932,31.8484,1.68393,103.18,1.53526,1.10695,2.5075014233589172,2.00972318649292,1.29039,182.42999267578125,,,,,,,290.5,5.008620689,290.5,5.008620689,,,,,,,,,,,,,,,,,,,"Xavier Edwards","22266",669364
"Pete Alonso","BAL",62,270,237,60,34,11,0,15,36,42,26,2,61,5,2,0,,1,0,0.254854,0.0950198,0.226252,0.419973,0.337086,0.489256,0.355105,0.826342,0.234403,2.68029,0.280139,-0.790161,-0.289268,40.5292,8.35376,129.153,-1.07943,-0.361404,8.169674396514893,-5.356773674488068,1.25692,24.440000534057617,,,,,,,366.8,5.916129032,366.8,5.916129032,,,,,,,,,,,,,,,,,,,"Pete Alonso","19251",624413
"Masyn Winn","STL",62,266,241,60,41,12,1,5,31,26,19,0,49,3,2,1,,6,1,0.248752,0.072136,0.185542,0.388784,0.30931,0.37449,0.30253,0.6838,0.125738,5.26938,0.290735,0.424468,0.225671,28.6723,-3.11132,91.4673,0.650139,2.89699,-2.0987279415130615,5.750688791275024,1.24756,364.7799987792969,,,,,,,257.1,4.146774193,257.1,4.146774193,,,,,,,,,,,,,,,,,,,"Masyn Winn","27479",691026
"Kyle Schwarber","PHI",64,275,229,53,26,8,1,18,41,43,41,2,80,3,1,0,,2,1,0.231054,0.149777,0.291346,0.514086,0.35449,0.508437,0.370921,0.862927,0.277383,3.43528,0.263911,-0.79537,-0.219972,44.9061,12.0603,133.631,-1.01534,-0.0168714,10.18125867843628,-6.837859099730849,1.24567,24.690000534057617,,,,,,,398.9,6.2328125,398.9,6.2328125,,,,,,,,,,,,,,,,,,,"Kyle Schwarber","16478",656941
"Jacob Wilson","ATH",59,254,235,69,51,13,1,4,32,28,13,0,24,3,2,1,,3,1,0.293927,0.0517334,0.0936813,0.552228,0.336129,0.407951,0.327024,0.74408,0.114024,3.97492,0.310999,-0.164097,-0.16709,32.3682,2.07992,105.473,-0.331187,-0.893546,1.3033609688282013,1.825898289680481,1.23191,196.44000244140625,,,,,,,283.3,4.801694915,283.3,4.801694915,,,,,,,,,,,,,,,,,,,"Jacob Wilson","33266",805779
"Trent Grisham","NYY",56,242,206,47,27,9,1,11,33,30,32,0,55,2,1,1,,3,1,0.226909,0.132451,0.227033,0.583398,0.335237,0.430574,0.337245,0.765811,0.203665,4.2808,0.254872,-0.182247,-0.0869859,32.9241,3.99709,116.516,-0.269233,-1.78333,4.441584348678589,-0.9175849556922913,1.23072,253.82000732421875,,,,,,,297.3,5.308928571,297.3,5.308928571,,,,,,,,,,,,,,,,,,,"Trent Grisham","18564",663757
"Michael Harris II","ATL",60,258,241,65,43,12,1,10,32,33,12,0,49,2,2,1,,7,2,0.270942,0.0453456,0.191952,0.236234,0.307883,0.451372,0.32756,0.759255,0.18043,5.41974,0.30291,0.422215,0.374632,32.9707,2.22354,105.668,0.796847,0.356741,2.5633042454719543,1.111525297164917,1.22124,99.06999969482422,,,,,,,307.2,5.12,307.2,5.12,,,,,,,,,,,,,,,,,,,"Michael Harris II","25931",671739
"Drake Baldwin","ATL",58,239,213,57,36,10,1,10,31,35,23,1,43,2,2,0,,0,0,0.266301,0.0944103,0.179981,0.524556,0.340495,0.461293,0.348616,0.801787,0.194991,2.5079,0.288575,-0.393788,-0.320389,34.7337,6.15806,119.794,-0.714177,-0.733345,5.019074559211731,-0.826400876045227,1.21366,78.62999725341797,,,,,,,309.9,5.343103448,309.9,5.343103448,,,,,,,,,,,,,,,,,,,"Drake Baldwin","31539",686948
"Willson Contreras","BOS",63,270,234,61,37,12,1,11,34,38,26,1,67,8,2,1,,2,1,0.259157,0.0955658,0.249394,0.383192,0.350451,0.461949,0.354614,0.8124,0.202792,3.60482,0.313247,-0.583437,-0.282448,40.5254,8.26741,123.108,-0.865885,0.68731,6.484223008155823,-4.307751834392548,1.19501,168.1999969482422,,,,,,,354.5,5.626984126,354.5,5.626984126,,,,,,,,,,,,,,,,,,,"Willson Contreras","11609",575929
"Yandy Díaz","TBR",65,279,248,72,50,12,1,9,34,36,26,1,40,3,2,0,,1,0,0.289804,0.0940724,0.142922,0.658208,0.36285,0.45632,0.357622,0.81917,0.166516,2.53098,0.312548,-0.667115,-0.388665,42.5282,9.21835,128.535,-1.05578,-0.021214,8.316433429718018,-6.537880398333073,1.18652,138.63999938964844,,,,,,,369.2,5.68,369.2,5.68,,,,,,,,,,,,,,,,,,,"Yandy Diaz","16578",650490
"Taylor Ward","BAL",61,264,227,56,34,11,1,10,34,32,33,0,61,2,2,0,,2,1,0.24702,0.124933,0.231771,0.539035,0.345988,0.431944,0.342275,0.777932,0.184924,3.59546,0.293471,-0.57505,-0.312623,36.9361,5.43092,120.305,-0.887673,-0.304312,5.419936537742615,-3.133016139268875,1.18343,148.42999267578125,,,,,,,324.2,5.314754098,324.2,5.314754098,,,,,,,,,,,,,,,,,,,"Taylor Ward","17548",621493
"Tyler Soderstrom","ATH",59,254,226,58,34,13,1,11,32,35,24,1,55,2,2,0,,2,1,0.257958,0.0941358,0.216757,0.434291,0.333097,0.462315,0.344055,0.795412,0.204357,3.69911,0.294349,-0.26341,-0.20723,35.876,5.58771,117.219,-0.47064,0.572323,4.671700656414032,-2.1878618001937866,1.16659,82.8499984741211,,,,,,,324.6,5.501694915,324.6,5.501694915,,,,,,,,,,,,,,,,,,,"Tyler Soderstrom","27467",691016
"Jackson Chourio","MIL",61,262,241,65,40,14,2,10,37,35,18,1,55,2,2,1,,9,3,0.269815,0.0667741,0.21027,0.317563,0.321191,0.463051,0.338143,0.784242,0.193236,6.11569,0.310348,0.7581,0.502773,35.8266,4.51737,113.981,1.26087,-0.0187874,5.69768762588501,-2.789157858118415,1.15922,19.3799991607666,,,,,,,337.7,5.536065573,337.7,5.536065573,,,,,,,,,,,,,,,,,,,"Jackson Chourio","28806",694192
"Willy Adames","SFG",62,268,238,55,33,12,1,10,34,33,27,1,69,1,2,0,,4,1,0.23144,0.0999239,0.256923,0.388926,0.310996,0.415457,0.317802,0.726453,0.184017,4.45608,0.278807,-0.15589,-0.0746952,32.1806,0.190749,101.956,-0.230585,-0.635678,0.4036981910467148,2.236544370651245,1.15087,133.92999267578125,,,,,,,293.3,4.730645161,293.3,4.730645161,,,,,,,,,,,,,,,,,,,"Willy Adames","15986",642715
"Will Smith","LAD",35,139,119,31,20,6,1,5,19,19,16,1,26,2,1,0,,1,0,0.262016,0.116502,0.190106,0.612829,0.357249,0.456282,0.354619,0.813531,0.194266,3.55303,0.290379,-0.423222,-0.164424,20.861,4.2562,124.792,-0.587646,0.730933,3.5849483013153076,3.198525846004486,1.14516,95.69000244140625,,,,,,,180.6,5.16,180.6,5.16,,,,,,,,,,,,,,,,,,,"Will Smith","19197",669257
"Ian Happ","CHC",62,268,229,55,32,12,1,10,36,34,35,1,67,2,2,0,,3,1,0.239375,0.130316,0.251348,0.51847,0.342847,0.43356,0.340519,0.776407,0.194186,4.1071,0.290829,-0.303768,-0.109908,37.1223,5.13249,116.602,-0.413676,0.516615,4.969472765922546,-2.396347463130951,1.14408,184.86000061035156,,,,,,,327.4,5.280645161,327.4,5.280645161,,,,,,,,,,,,,,,,,,,"Ian Happ","17919",664023
"José Caballero","NYY",51,220,190,44,31,9,1,4,28,19,22,0,52,4,1,2,,23,5,0.233673,0.102245,0.234757,0.435536,0.325127,0.353925,0.305952,0.679052,0.120252,6.91475,0.296216,1.20492,2.08965,24.2491,-1.95533,94.9348,3.29456,0.204064,1.9857906103134155,1.4161013662815094,1.13609,200.02999877929688,,,,,,,233.5,4.578431372,233.5,4.578431372,,,,,,,,,,,,,,,,,,,"Jose Caballero","23401",676609
"Randy Arozarena","SEA",60,261,226,55,34,12,1,9,36,29,26,0,65,8,2,0,,11,3,0.244124,0.0978622,0.249501,0.392232,0.33895,0.415054,0.333723,0.754004,0.17093,5.74708,0.302349,0.0814046,0.471379,34.7305,3.5605,119.553,0.552784,-1.83276,6.562321722507477,-4.711616396903992,1.12916,89.37999725341797,,,,,,,321.6,5.36,321.6,5.36,,,,,,,,,,,,,,,,,,,"Randy Arozarena","19290",668227
"Kazuma Okamoto","TOR",59,254,225,53,31,11,0,11,30,34,24,1,57,3,2,0,,1,0,0.23614,0.0935281,0.225693,0.414404,0.315617,0.43429,0.326307,0.749906,0.198149,2.14529,0.264884,-0.481362,-0.243372,32.2206,1.93236,108.442,-0.724734,-0.0835105,1.7964590191841125,0.2729710191488266,1.12465,999,,,,,,,290,4.915254237,290,4.915254237,,,,,,,,,,,,,,,,,,,"Kazuma Okamoto","37123",672960
"Alejandro Kirk","TOR",41,162,144,38,26,7,0,5,18,21,16,1,20,1,1,0,,0,0,0.264747,0.0987389,0.124872,0.790721,0.34118,0.41739,0.333379,0.758571,0.152643,1.71612,0.275713,-0.647853,-0.209519,21.5144,2.16491,113.319,-0.857372,0.707866,1.6837105751037598,3.6208285093307495,1.1215,160.25,,,,,,,187.1,4.563414634,187.1,4.563414634,,,,,,,,,,,,,,,,,,,"Alejandro Kirk","22581",672386
"Wilyer Abreu","BOS",58,253,225,57,33,13,1,10,32,35,25,1,59,1,2,0,,4,1,0.252418,0.0991939,0.231838,0.427858,0.327842,0.450721,0.337219,0.778563,0.198304,4.19861,0.294946,-0.156947,-0.102224,34.3154,4.1612,111.111,-0.259172,1.707,3.044549822807312,-1.0423859357833862,1.1138,199.89999389648438,,,,,,,314.4,5.420689655,314.4,5.420689655,,,,,,,,,,,,,,,,,,,"Wilyer Abreu","23772",677800
"Colson Montgomery","CHW",62,266,237,53,30,10,1,12,31,36,23,1,78,5,2,0,,1,1,0.221918,0.0870357,0.293446,0.296599,0.302211,0.420211,0.314566,0.722422,0.198294,3.14739,0.273731,-0.380183,-0.316104,31.2736,-0.509968,99.4735,-0.696287,-0.330436,-0.8612821847200394,2.29579821228981,1.10559,254.75,,,,,,,290.4,4.683870967,290.4,4.683870967,,,,,,,,,,,,,,,,,,,"Colson Montgomery","29712",695657
"J.P. Crawford","SEA",57,247,212,51,36,9,0,6,29,24,30,0,47,2,1,2,,2,1,0.24226,0.122555,0.192015,0.63826,0.341527,0.371804,0.320779,0.713331,0.129544,2.98783,0.284137,-0.301978,-0.239127,30.267,0.772816,110.626,-0.541105,-1.65233,2.5490781664848328,-0.4686870574951172,1.10177,748.5399780273438,,,,,,,253.1,4.440350877,253.1,4.440350877,,,,,,,,,,,,,,,,,,,"J.P. Crawford","15491",641487
"Brandon Lowe","PIT",51,219,195,48,28,10,1,10,29,31,20,0,55,2,2,0,,1,0,0.246474,0.0907386,0.250992,0.361519,0.319547,0.458878,0.337265,0.778424,0.212404,3.71514,0.287677,-0.287893,-0.141694,29.7585,3.61591,110.781,-0.429587,0.84099,2.4272661805152893,1.3024093210697174,1.09959,187.57000732421875,,,,,,,270.4,5.301960784,270.4,5.301960784,,,,,,,,,,,,,,,,,,,"Brandon Lowe","18882",664040
"Maikel Garcia","KCR",50,216,195,52,37,10,2,4,28,22,18,0,32,0,2,1,,8,2,0.268883,0.0847429,0.146861,0.577028,0.330915,0.397254,0.321038,0.728169,0.128371,6.2101,0.30245,0.482924,0.357245,26.5291,0.72166,101.145,0.840169,1.22677,1.1315624713897705,1.9991484880447388,1.09665,63.150001525878906,,,,,,,237.8,4.756,237.8,4.756,,,,,,,,,,,,,,,,,,,"Maikel Garcia","22715",672580
"Josh Jung","TEX",58,251,232,61,40,12,1,8,28,30,15,0,56,2,1,0,,2,1,0.261464,0.0613057,0.224324,0.273291,0.310817,0.420034,0.319,0.730851,0.15857,3.28598,0.31153,-0.622543,-0.217906,30.3705,0.422539,104.214,-0.840449,0.584042,0.40381085872650146,1.4803381562232971,1.09562,610.5,,,,,,,277.3,4.781034482,277.3,4.781034482,,,,,,,,,,,,,,,,,,,"Josh Jung","26299",673962
"Bo Bichette","NYM",62,267,246,68,48,13,1,7,32,32,17,0,44,1,2,0,,2,1,0.277397,0.0654654,0.16636,0.393515,0.326747,0.420001,0.326535,0.746748,0.142603,3.4693,0.311733,-0.209162,-0.285543,33.921,2.08068,108.713,-0.494705,-0.797027,2.3173419535160065,-0.1851440668106079,1.09533,92.86000061035156,,,,,,,299,4.822580645,299,4.822580645,,,,,,,,,,,,,,,,,,,"Bo Bichette","19612",666182
"Cooper Pratt","MIL",53,228,206,48,35,9,1,3,24,23,19,0,45,1,1,1,,7,1,0.231034,0.0853722,0.198332,0.430452,0.299642,0.327865,0.281682,0.627507,0.096831,5.10334,0.27952,0.235518,0.663746,20.7006,-6.52485,76.1016,0.899264,6.62835,-5.6956318616867065,9.072794198989868,1.09383,999,,,,,,,193.3,3.647169811,193.3,3.647169811,,,,,,,,,,,,,,,,,,,"Cooper Pratt","33530",806198
"Manny Machado","SDP",62,268,241,61,39,11,0,11,33,38,23,2,53,1,2,0,,3,1,0.251963,0.0875225,0.196471,0.445472,0.317856,0.438322,0.327343,0.756178,0.186359,3.32299,0.275961,-0.305889,-0.0658955,34.256,2.26617,109.688,-0.371784,-0.641376,2.769601672887802,-0.7432276010513306,1.08875,37.52000045776367,,,,,,,310.8,5.012903225,310.8,5.012903225,,,,,,,,,,,,,,,,,,,"Manny Machado","11493",592518
"Colt Emerson","SEA",55,239,213,49,32,10,1,6,27,25,19,1,58,4,1,1,,5,1,0.230499,0.0815176,0.242233,0.336526,0.304009,0.365818,0.296532,0.669827,0.135319,5.10218,0.288235,-0.00960953,0.0977642,24.5379,-3.95083,93.9038,0.0881547,1.34789,-1.6243063136935234,3.865640163421631,1.08767,999,,,,,,,228.2,4.149090909,228.2,4.149090909,,,,,,,,,,,,,,,,,,,"Colt Emerson","33575",806068
"Ceddanne Rafaela","BOS",61,264,245,63,41,13,2,7,33,30,13,0,57,4,2,1,,9,3,0.25548,0.0490409,0.214307,0.228835,0.30061,0.411767,0.310368,0.712377,0.156287,6.0172,0.302997,0.442471,0.202066,30.1495,-1.40721,92.5936,0.644537,2.00888,-1.6600298285484314,2.9533228874206543,1.08444,125.02999877929688,,,,,,,282.4,4.629508196,282.4,4.629508196,,,,,,,,,,,,,,,,,,,"Ceddanne Rafaela","24262",678882
"Otto Lopez","MIA",58,253,233,65,47,12,1,5,30,28,15,0,39,2,2,1,,8,2,0.278533,0.0595677,0.152678,0.390152,0.324885,0.407905,0.320749,0.73279,0.129372,5.34946,0.312491,0.402502,0.193765,30.9489,0.784372,100.238,0.596267,-0.900178,0.6689447313547134,1.8081550002098083,1.08394,229.16000366210938,,,,,,,279.1,4.812068965,279.1,4.812068965,,,,,,,,,,,,,,,,,,,"Otto Lopez","19608",672640
"Munetaka Murakami","CHW",61,263,222,49,27,7,0,15,37,39,38,2,84,2,2,0,,3,2,0.222876,0.143282,0.319009,0.449146,0.339534,0.461393,0.346935,0.800927,0.238517,3.38618,0.27646,-0.357957,-0.331189,37.8538,6.41564,121.797,-0.689146,-0.0617613,6.067715764045715,-4.807594690471888,1.0775,999,,,,,,,333.8,5.472131147,333.8,5.472131147,,,,,,,,,,,,,,,,,,,"Munetaka Murakami","37120",808959
"Max Muncy","LAD",44,191,160,37,20,7,0,10,27,27,27,1,47,2,2,0,,1,0,0.231061,0.139867,0.24419,0.572781,0.346145,0.455382,0.349409,0.801527,0.224321,3.091,0.260009,-0.484825,-0.148772,27.8253,5.03439,121.296,-0.633597,-0.668128,4.286035180091858,-0.04621458053588867,1.05864,234.3699951171875,,,,,,,250.4,5.69090909,250.4,5.69090909,,,,,,,,,,,,,,,,,,,"Max Muncy","13301",571970
"Michael Busch","CHC",57,248,215,54,30,11,1,11,32,33,28,1,61,3,2,0,,1,0,0.249479,0.111284,0.244359,0.455412,0.341776,0.467586,0.351512,0.809362,0.218107,3.74281,0.292109,-0.535107,-0.16223,36.5711,6.96348,123.977,-0.697337,0.182618,6.498128890991211,-4.2683074325323105,1.04353,106.45999908447266,,,,,,,323.3,5.671929824,323.3,5.671929824,,,,,,,,,,,,,,,,,,,"Michael Busch","26319",683737
"Bryson Stott","PHI",57,244,220,56,38,10,1,6,28,27,21,0,40,1,2,1,,10,2,0.254478,0.0851434,0.165269,0.51518,0.320626,0.39385,0.314986,0.714476,0.139372,5.76654,0.285028,0.948062,0.859256,28.7746,-0.384456,96.1048,1.80732,0.76415,0.65607750415802,1.6769587397575378,1.04158,181.44000244140625,,,,,,,264.1,4.633333333,264.1,4.633333333,,,,,,,,,,,,,,,,,,,"Bryson Stott","26294",681082
"Ryan Jeffers","MIN",47,192,167,42,27,9,0,7,24,23,20,0,38,3,1,0,,1,0,0.251873,0.103359,0.200436,0.515672,0.339772,0.424789,0.336793,0.764561,0.172916,2.9465,0.287474,-0.412196,-0.174254,25.9788,3.09205,114.296,-0.58645,-0.714446,2.6396960020065308,0.780152440071106,1.03766,298.05999755859375,,,,,,,231,4.914893617,231,4.914893617,,,,,,,,,,,,,,,,,,,"Ryan Jeffers","24618",680777
"Gleyber Torres","DET",57,245,212,54,38,9,0,6,31,26,29,0,43,2,2,1,,2,1,0.255976,0.11921,0.173303,0.687871,0.348114,0.388726,0.328799,0.73684,0.132751,3.08045,0.291541,-0.697696,-0.358962,31.6304,2.36305,109.296,-1.05666,-0.81198,1.6259337663650513,-0.26197999715805054,1.02241,261.510009765625,,,,,,,266.9,4.68245614,266.9,4.68245614,,,,,,,,,,,,,,,,,,,"Gleyber Torres","16997",650402
"Brandon Nimmo","TEX",57,248,219,56,36,10,1,8,31,29,23,0,53,4,2,0,,3,1,0.253465,0.0937694,0.215593,0.434937,0.333399,0.427649,0.333775,0.761048,0.174184,4.81916,0.296714,-0.167063,-0.0112477,33.0001,3.39245,114.403,-0.17831,0.130839,4.026518300175667,-2.812679708003998,1.0175,145.4600067138672,,,,,,,288.4,5.059649122,288.4,5.059649122,,,,,,,,,,,,,,,,,,,"Brandon Nimmo","12927",607043
"Kyle Teel","CHW",49,196,171,43,29,8,0,6,23,21,21,0,50,2,1,0,,3,1,0.24884,0.108872,0.253202,0.429981,0.336671,0.395824,0.325698,0.732495,0.146985,3.68957,0.315108,-0.230315,-0.0627932,24.7785,1.39489,107.151,-0.293109,-0.814814,1.3555865287780762,1.5942906737327576,1.00511,266.8800048828125,,,,,,,221.3,4.51632653,221.3,4.51632653,,,,,,,,,,,,,,,,,,,"Kyle Teel","33549",691019
"Austin Riley","ATL",60,261,235,59,36,12,1,11,33,34,20,0,69,3,2,0,,2,1,0.249355,0.0786401,0.2639,0.297991,0.316475,0.440938,0.329799,0.757413,0.191583,3.64855,0.30505,-0.202174,-0.244677,33.8147,2.72205,107.171,-0.446851,-1.53654,1.8129747211933136,-0.6059859991073608,0.981044,59.36000061035156,,,,,,,309.3,5.155,309.3,5.155,,,,,,,,,,,,,,,,,,,"Austin Riley","18360",663586
"J.T. Realmuto","PHI",49,193,175,44,29,8,1,5,22,21,13,0,45,3,1,0,,3,1,0.250344,0.069323,0.231109,0.299958,0.313098,0.398128,0.312688,0.711226,0.147784,4.52698,0.30486,-0.135412,-0.062112,22.3482,-0.662999,94.563,-0.197524,1.1471,-1.4656406342983246,4.78830099105835,0.971905,212.27000427246094,,,,,,,198.2,4.044897959,198.2,4.044897959,,,,,,,,,,,,,,,,,,,"J.T. Realmuto","11739",592663
"Oneil Cruz","PIT",40,174,153,37,22,7,1,8,24,23,19,1,53,1,1,0,,10,2,0.243462,0.106407,0.306386,0.347297,0.328266,0.449684,0.337166,0.777951,0.206222,6.34955,0.317627,0.934644,0.918563,23.6402,2.86017,110.715,1.85321,-0.723559,4.110020637512207,-0.2621390223503113,0.963421,92.93000030517578,,,,,,,228.8,5.72,228.8,5.72,,,,,,,,,,,,,,,,,,,"Oneil Cruz","21711",665833
"Tim Tawa","ARI",26,111,101,22,15,4,0,3,12,11,9,0,28,0,0,0,,2,1,0.222133,0.0843882,0.256197,0.329388,0.289791,0.361992,0.289147,0.651783,0.139859,3.98121,0.277396,-0.0717082,-0.032199,10.7652,-2.50716,79.3887,-0.103907,9.87305,-2.8767114728689194,8.76286268234253,0.9623,748.489990234375,,,,,,,90,3.461538461,90,3.461538461,,,,,,,,,,,,,,,,,,,"Tim Tawa","29571",694374
"Jose Altuve","HOU",57,246,220,57,38,11,0,8,32,27,22,1,44,2,1,0,,4,1,0.258984,0.0883185,0.177032,0.498885,0.329163,0.416682,0.326677,0.745845,0.157698,4.05699,0.288782,-0.206497,-0.101889,31.318,1.9476,108.668,-0.308386,-1.47479,2.201900392770767,-1.4649131894111633,0.962079,116.5199966430664,,,,,,,283.1,4.966666666,283.1,4.966666666,,,,,,,,,,,,,,,,,,,"Jose Altuve","5417",514888
"Jonathan Aranda","TBR",63,270,234,60,39,11,0,10,33,36,30,2,67,4,2,0,,1,0,0.257924,0.110615,0.24885,0.444505,0.349764,0.433415,0.342924,0.783178,0.17549,2.3481,0.317865,-0.963376,-0.357454,37.961,5.70305,118.398,-1.32083,0.430643,4.531224846839905,-4.753307491540909,0.952278,195.60000610351562,,,,,,,331.8,5.266666666,331.8,5.266666666,,,,,,,,,,,,,,,,,,,"Jonathan Aranda","21837",666018
"Travis Bazzana","CLE",58,250,217,50,33,11,1,5,31,24,28,1,63,3,2,1,,7,2,0.232513,0.110966,0.252916,0.438745,0.324975,0.370114,0.310292,0.695089,0.1376,5.74239,0.300785,0.497917,0.333234,28.4838,-1.34553,97.9846,0.831151,-0.30247,0.23836976289749146,0.10879591107368469,0.936497,999,,,,,,,248.3,4.281034482,248.3,4.281034482,,,,,,,,,,,,,,,,,,,"Travis Bazzana","34967",683953
"Seiya Suzuki","CHC",58,251,220,57,34,10,1,11,33,35,27,1,62,1,2,0,,3,1,0.257205,0.107716,0.248868,0.432824,0.339758,0.464297,0.347961,0.804056,0.207092,4.26797,0.307861,-0.43765,-0.26109,36.2685,6.32053,121.595,-0.698741,-0.801901,5.856446027755737,-4.794494032859802,0.934746,113.43000030517578,,,,,,,324.2,5.589655172,324.2,5.589655172,,,,,,,,,,,,,,,,,,,"Seiya Suzuki","30116",673548
"Matt Chapman","SFG",44,188,164,39,23,9,1,6,24,22,21,0,44,2,1,0,,2,1,0.239304,0.112269,0.232383,0.483121,0.332017,0.416253,0.329462,0.74827,0.176948,4.20814,0.286642,-0.157384,-0.0772476,24.3759,1.9149,109.779,-0.234632,0.393503,1.9916857779026031,1.0657250881195068,0.929862,163.6199951171875,,,,,,,212.6,4.831818181,212.6,4.831818181,,,,,,,,,,,,,,,,,,,"Matt Chapman","16505",656305
"Kody Clemens","MIN",45,194,176,41,22,9,1,9,23,24,14,0,46,2,1,1,,3,1,0.233583,0.0726438,0.237002,0.306511,0.296393,0.448371,0.321635,0.744764,0.214787,4.85541,0.263215,0.0320924,-0.0207615,23.8668,0.740721,103.843,0.0113309,1.22329,0.8875465989112854,1.3938140869140625,0.92968,700.7000122070312,,,,,,,220.9,4.908888888,220.9,4.908888888,,,,,,,,,,,,,,,,,,,"Kody Clemens","20572",665019
"Daulton Varsho","TOR",55,240,216,49,28,10,1,10,30,31,20,1,58,2,2,0,,4,1,0.228606,0.0820571,0.240336,0.341427,0.296676,0.43024,0.314662,0.726916,0.201634,5.07564,0.261251,0.0242229,0.0126512,28.1467,-0.439986,100.411,0.0368741,-0.402545,0.15264057740569115,0.45301011204719543,0.925105,192.2100067138672,,,,,,,257.9,4.689090909,257.9,4.689090909,,,,,,,,,,,,,,,,,,,"Daulton Varsho","19918",662139
"Evan Carter","TEX",45,194,169,38,24,8,2,5,24,20,20,0,44,3,1,1,,8,2,0.226887,0.105086,0.226416,0.464127,0.318824,0.386957,0.312838,0.705781,0.16007,6.72921,0.272213,0.567174,0.584894,22.4985,-0.643139,99.9642,1.15207,0.329145,1.1438953652977943,1.0217374563217163,0.918436,280.4800109863281,,,,,,,204,4.533333333,204,4.533333333,,,,,,,,,,,,,,,,,,,"Evan Carter","27790",694497
"Andrés Giménez","TOR",55,240,218,52,37,10,1,5,26,24,13,0,43,6,2,1,,8,2,0.240713,0.0529082,0.178135,0.297012,0.299539,0.357761,0.291673,0.6573,0.117048,5.55985,0.277118,0.457421,0.55497,23.6777,-4.90898,84.556,1.01239,1.12978,-3.3408387899398804,3.6964478492736816,0.899801,412.2200012207031,,,,,,,221.5,4.027272727,221.5,4.027272727,,,,,,,,,,,,,,,,,,,"Andres Gimenez","19950",665926
"Sal Stewart","CIN",60,261,232,61,37,13,0,11,34,36,24,1,52,2,2,0,,5,2,0.261025,0.0935913,0.200735,0.466242,0.334526,0.460452,0.344687,0.794978,0.199426,4.00421,0.290767,-0.0308058,0.0133832,36.9624,5.86974,112.795,-0.0174226,-0.210394,4.0149569902569056,-3.6637891232967377,0.894437,161.8699951171875,,,,,,,332.6,5.543333333,332.6,5.543333333,,,,,,,,,,,,,,,,,,,"Sal Stewart","31505",701398
"Jarren Duran","BOS",58,250,225,57,34,14,2,7,34,29,20,0,61,3,1,1,,10,2,0.253122,0.0793234,0.243976,0.325128,0.319978,0.434104,0.328668,0.754082,0.180982,6.91315,0.313396,1.44178,0.819701,32.1834,2.3798,105.214,2.26148,-0.394845,3.793772578239441,-3.9102771282196045,0.888796,64.04000091552734,,,,,,,294.4,5.075862068,294.4,5.075862068,,,,,,,,,,,,,,,,,,,"Jarren Duran","24617",680776
"Josh Naylor","SEA",57,247,223,58,39,11,0,8,30,33,21,2,36,2,2,0,,8,2,0.26185,0.0833836,0.144452,0.577239,0.328052,0.422894,0.326645,0.750947,0.161044,4.33604,0.277302,0.0165497,0.447626,31.4435,1.94936,114.671,0.464176,-0.30264,4.73090523481369,-4.776405453681946,0.886633,67.45999908447266,,,,,,,287.5,5.043859649,287.5,5.043859649,,,,,,,,,,,,,,,,,,,"Josh Naylor","18839",647304
"Ozzie Albies","ATL",62,266,241,61,40,12,1,8,33,32,20,0,38,3,2,0,,4,1,0.254579,0.0744328,0.142212,0.523394,0.314948,0.411502,0.317785,0.72645,0.156922,4.47411,0.270092,-0.00691739,-0.0403656,31.9694,0.185794,99.1101,-0.047283,-0.620229,-0.33398184925317764,0.3310055732727051,0.877685,150.5,,,,,,,290.1,4.679032258,290.1,4.679032258,,,,,,,,,,,,,,,,,,,"Ozzie Albies","16556",645277
"Ernie Clement","TOR",57,248,233,62,44,13,1,5,28,26,10,0,26,1,2,2,,3,1,0.267495,0.0414354,0.102876,0.40277,0.300519,0.39565,0.303533,0.69617,0.128155,4.63206,0.280883,0.0363936,-0.0704852,26.9113,-2.69631,92.7358,-0.0340916,0.662598,-2.154797676950693,1.8338942527770996,0.86219,337.67999267578125,,,,,,,240.5,4.219298245,240.5,4.219298245,,,,,,,,,,,,,,,,,,,"Ernie Clement","20352",676391
"Brandon Marsh","PHI",54,233,208,56,37,11,1,7,29,27,21,1,62,1,2,1,,5,1,0.267496,0.0896237,0.266241,0.336626,0.335653,0.426359,0.333291,0.762013,0.158863,5.36334,0.348003,0.17548,0.215569,30.9144,3.09598,108.386,0.39105,0.461068,2.755496710538864,-1.8360003232955933,0.861503,609.72998046875,,,,,,,281.7,5.216666666,281.7,5.216666666,,,,,,,,,,,,,,,,,,,"Brandon Marsh","20202",669016
"Austin Wells","NYY",45,178,157,34,20,7,0,7,19,22,17,1,44,2,2,0,,1,0,0.216356,0.0935239,0.247656,0.377636,0.295643,0.395854,0.302813,0.691496,0.179498,3.18277,0.250834,-0.137703,-0.0572042,19.1539,-2.03332,92.7694,-0.194907,0.511955,-1.7054655700922012,3.8526957631111145,0.857517,246.13999938964844,,,,,,,178.4,3.964444444,178.4,3.964444444,,,,,,,,,,,,,,,,,,,"Austin Wells","27562",669224
"Gabriel Rincones Jr.","PHI",32,140,125,27,17,6,0,4,16,15,14,0,37,1,0,0,,5,1,0.217705,0.100841,0.265986,0.379121,0.300175,0.368807,0.29697,0.668982,0.151102,4.90267,0.273611,0.0484417,0.483604,14.484,-2.27409,84.0175,0.532046,7.58656,-2.1827266812324524,6.081931114196777,0.857514,999,,,,,,,132.9,4.153125,132.9,4.153125,,,,,,,,,,,,,,,,,,,"Gabriel Rincones Jr.","31958",687282
"Luis Arraez","SFG",62,268,247,74,58,12,2,2,30,24,14,1,11,2,2,2,,4,1,0.299688,0.0537455,0.0421609,1.27477,0.340246,0.385342,0.31878,0.725588,0.0856541,4.48836,0.306086,0.00308785,-0.173586,32.3932,0.403384,102.612,-0.170498,-1.51972,0.6764201074838638,-0.9493497014045715,0.856064,280.04998779296875,,,,,,,285.2,4.6,285.2,4.6,,,,,,,,,,,,,,,,,,,"Luis Arraez","18568",650333
"Brayan Rocchio","CLE",55,239,212,51,35,11,1,4,26,24,19,0,42,4,2,2,,7,2,0.241886,0.0783063,0.176665,0.443248,0.312386,0.36075,0.299814,0.673136,0.118865,5.22934,0.28126,0.0307811,-0.00972374,25.1738,-3.31494,90.7584,0.0210574,-0.0796947,-2.574963292106986,2.438052237033844,0.846999,999,,,,,,,225.5,4.1,225.5,4.1,,,,,,,,,,,,,,,,,,,"Brayan Rocchio","23690",677587
"Steven Kwan","CLE",53,228,200,53,41,9,1,3,27,19,23,1,21,2,2,1,,5,1,0.264186,0.0999454,0.0925039,1.08045,0.341948,0.354364,0.312823,0.696312,0.0901776,4.62796,0.282695,0.280642,0.150344,26.3907,-0.757323,99.7301,0.430985,0.586757,0.35875043272972107,-0.16555792093276978,0.839894,169.60000610351562,,,,,,,238.5,4.5,238.5,4.5,,,,,,,,,,,,,,,,,,,"Steven Kwan","24610",680757
"Jakob Marsee","MIA",51,219,188,44,29,8,2,4,27,21,25,0,48,3,1,1,,13,4,0.233433,0.115627,0.217409,0.53184,0.33256,0.367598,0.314527,0.700158,0.134166,6.68343,0.287224,0.757354,0.702035,25.7161,-0.426427,96.063,1.45939,-0.176565,0.41616082191467285,0.605842337012291,0.825584,137.0800018310547,,,,,,,228.1,4.472549019,228.1,4.472549019,,,,,,,,,,,,,,,,,,,"Jakob Marsee","31370",805300
"Jackson Holliday","BAL",49,211,186,45,30,8,1,6,27,21,21,1,48,2,1,0,,5,2,0.243426,0.102012,0.228731,0.445991,0.325,0.390376,0.316398,0.715376,0.146951,5.47996,0.297243,0.0142349,-0.00824454,25.047,-0.0901227,102.459,0.00599039,-0.767161,0.6153563298285007,0.02527695894241333,0.824408,203.14999389648438,,,,,,,224.2,4.575510204,224.2,4.575510204,,,,,,,,,,,,,,,,,,,"Jackson Holliday","31781",702616
"Luke Keaschall","MIN",51,219,193,51,36,11,1,4,27,22,20,0,36,4,2,0,,9,2,0.261812,0.0894046,0.164873,0.542263,0.340559,0.382002,0.321818,0.72256,0.12019,5.63578,0.302754,0.477342,0.614593,27.0124,0.86981,103.969,1.09194,-0.910509,2.114914059638977,-1.8734722137451172,0.814394,114.8499984741211,,,,,,,251.3,4.92745098,251.3,4.92745098,,,,,,,,,,,,,,,,,,,"Luke Keaschall","33321",807712
"Nolan Arenado","ARI",58,251,228,57,38,11,1,8,28,32,19,1,38,2,2,0,,1,0,0.251352,0.0746521,0.150306,0.496668,0.312734,0.406426,0.31378,0.71916,0.155074,3.0587,0.269126,-0.379739,-0.252023,29.3074,-0.64058,95.9151,-0.631762,0.909373,-1.8717451095581055,1.7241883277893066,0.812346,638.0599975585938,,,,,,,268.9,4.636206896,268.9,4.636206896,,,,,,,,,,,,,,,,,,,"Nolan Arenado","9777",571448
"Luis Robert Jr.","NYM",36,157,142,34,22,6,0,6,20,18,13,1,42,2,1,0,,8,2,0.237684,0.0826455,0.265844,0.310879,0.306877,0.404884,0.311108,0.711761,0.1672,5.36248,0.294307,0.1636,0.498458,18.0265,-0.742542,98.363,0.662058,2.00529,0.3506351411342621,2.4867722392082214,0.805613,105.63999938964844,,,,,,,176.8,4.911111111,176.8,4.911111111,,,,,,,,,,,,,,,,,,,"Luis Robert Jr.","20043",673357
"Caleb Durbin","BOS",58,253,225,56,38,13,1,4,29,26,16,0,29,7,2,2,,9,3,0.247841,0.0648812,0.11495,0.564428,0.317031,0.369209,0.305571,0.68624,0.121368,5.64938,0.265937,0.572819,0.458371,27.826,-2.32819,89.2857,1.03119,0.184775,-2.1544742584228516,1.0872442722320557,0.80318,219.8300018310547,,,,,,,247.3,4.263793103,247.3,4.263793103,,,,,,,,,,,,,,,,,,,"Caleb Durbin","29646",702332
"Yainer Diaz","HOU",38,150,141,37,25,7,1,5,16,19,6,0,25,1,1,0,,0,0,0.265114,0.043069,0.169697,0.253799,0.299037,0.436426,0.317538,0.735463,0.171312,2.74962,0.287473,-0.183188,-0.19018,17.9323,0.0743679,102.365,-0.373369,-0.144603,0.04312795400619507,2.5319406390190125,0.800213,113.04000091552734,,,,,,,160.2,4.215789473,160.2,4.215789473,,,,,,,,,,,,,,,,,,,"Yainer Diaz","23003",673237
"Bryan Reynolds","PIT",60,258,226,58,38,12,1,7,32,31,27,1,60,3,2,0,,3,1,0.258091,0.104129,0.231273,0.450243,0.343293,0.41843,0.334854,0.761723,0.160339,4.45245,0.317605,-0.192976,-0.167556,34.5942,3.7594,109.164,-0.360532,-0.155238,2.5035751461982727,-3.1644967645406723,0.784894,204.72000122070312,,,,,,,298,4.966666666,298,4.966666666,,,,,,,,,,,,,,,,,,,"Bryan Reynolds","19326",668804
"Rafael Devers","SFG",62,268,233,57,33,13,1,11,35,36,31,3,69,2,2,0,,1,0,0.24588,0.115524,0.256986,0.449535,0.337879,0.448745,0.339743,0.786623,0.202865,2.73185,0.29811,-0.576643,-0.295692,36.9535,4.96361,116.676,-0.872335,-0.135729,4.534809231758118,-5.513507530093193,0.784642,61.619998931884766,,,,,,,333.9,5.38548387,333.9,5.38548387,,,,,,,,,,,,,,,,,,,"Rafael Devers","17350",646240
"Christian Walker","HOU",61,265,238,56,32,10,1,13,33,39,22,1,65,4,2,0,,1,0,0.237576,0.0835439,0.243177,0.343552,0.310661,0.449937,0.328977,0.760598,0.21236,2.97559,0.268691,-0.500669,-0.263361,34.2768,2.59634,110.255,-0.76403,0.591904,2.439257562160492,-4.148837029933929,0.784295,212.94000244140625,,,,,,,312.4,5.121311475,312.4,5.121311475,,,,,,,,,,,,,,,,,,,"Christian Walker","13419",572233
"Henry Bolte","ATH",46,197,177,45,31,9,1,4,24,20,16,0,63,3,1,0,,10,2,0.25431,0.0794554,0.319095,0.249002,0.32333,0.391224,0.316053,0.714555,0.136915,6.98487,0.366661,0.482637,0.886002,23.3426,-0.139302,97.9071,1.36864,-0.811517,0.8840525448322296,-0.14948028326034546,0.783899,999,,,,,,,214.8,4.669565217,214.8,4.669565217,,,,,,,,,,,,,,,,,,,"Henry Bolte","31448",703607
"Alec Bohm","PHI",52,225,206,55,38,10,1,6,25,28,15,0,34,2,2,0,,1,0,0.268177,0.0674344,0.153148,0.440321,0.32196,0.410107,0.320586,0.732066,0.14193,3.34288,0.294821,-0.351712,-0.183126,27.4803,0.66738,99.8613,-0.534839,0.211095,-0.5725477077066898,0.7126376777887344,0.754853,239.8699951171875,,,,,,,246,4.73076923,246,4.73076923,,,,,,,,,,,,,,,,,,,"Alec Bohm","21618",664761
"Kyle Stowers","MIA",57,247,218,52,30,11,1,10,29,35,24,1,70,3,2,0,,2,1,0.240843,0.0984275,0.281401,0.349777,0.324153,0.441057,0.333152,0.76521,0.200214,3.8123,0.302717,-0.0793016,-0.201521,32.7487,3.25456,108.559,-0.280823,0.895485,2.277857720851898,-2.8961819410324097,0.752171,164.42999267578125,,,,,,,286.8,5.031578947,286.8,5.031578947,,,,,,,,,,,,,,,,,,,"Kyle Stowers","26151",669065
"Hunter Goodman","COL",57,230,210,53,28,11,1,12,31,35,16,1,63,2,2,0,,2,1,0.250801,0.069201,0.272694,0.253768,0.309074,0.488013,0.341543,0.797087,0.237211,4.24513,0.295723,-0.287161,-0.148112,32.0417,4.59477,102.004,-0.435272,-2.14535,0.12230142951011658,-0.23917293548583984,0.746365,67.36000061035156,,,,,,,292.2,5.126315789,292.2,5.126315789,,,,,,,,,,,,,,,,,,,"Hunter Goodman","29715",696100
"Francisco Alvarez","NYM",40,160,142,33,20,6,0,7,19,21,15,0,41,2,1,0,,0,0,0.234337,0.0919658,0.253201,0.363213,0.313222,0.428398,0.324108,0.74162,0.194061,2.44047,0.274344,-0.206841,-0.155145,20.0473,0.933581,107.085,-0.361986,-1.49731,1.0106329023838043,1.1307774782180786,0.744703,165.25,,,,,,,177,4.425,177,4.425,,,,,,,,,,,,,,,,,,,"Francisco Alvarez","26121",682626
"Teoscar Hernández","LAD",57,247,226,59,36,11,0,11,32,37,17,1,65,2,2,0,,2,1,0.260552,0.0692251,0.26285,0.263364,0.317206,0.459998,0.335833,0.777204,0.199446,3.84577,0.315657,-0.384609,-0.132974,33.2865,3.79232,112.189,-0.517583,-1.23888,3.126237690448761,-3.8870317935943604,0.737753,125.41999816894531,,,,,,,297.7,5.222807017,297.7,5.222807017,,,,,,,,,,,,,,,,,,,"Teoscar Hernandez","13066",606192
"Chase Meidroth","CHW",57,246,215,54,42,9,0,3,29,19,25,0,41,3,1,1,,5,1,0.252619,0.100136,0.167809,0.59673,0.336665,0.343821,0.308326,0.680487,0.0912025,4.21224,0.296882,-0.210875,0.0141674,27.6482,-1.71711,95.1705,-0.196707,-0.875945,-1.5950907170772552,0.06494992971420288,0.732495,646.8699951171875,,,,,,,232.4,4.077192982,232.4,4.077192982,,,,,,,,,,,,,,,,,,,"Chase Meidroth","31580",805367
"Lawrence Butler","ATH",49,211,190,45,27,10,1,7,27,24,19,0,54,0,1,1,,6,2,0.235393,0.0906731,0.256564,0.353413,0.305519,0.409425,0.31308,0.714944,0.174031,5.28234,0.28822,0.440367,0.292368,24.525,-0.658477,95.857,0.732735,1.7773,-0.2960471510887146,0.005078554153442383,0.731534,157.22000122070312,,,,,,,225.3,4.597959183,225.3,4.597959183,,,,,,,,,,,,,,,,,,,"Lawrence Butler","22542",671732
"Alec Burleson","STL",60,258,233,64,42,12,0,9,30,35,20,1,37,2,2,1,,2,1,0.273315,0.077371,0.144766,0.534457,0.332713,0.443718,0.337761,0.776431,0.170404,3.43075,0.289907,-0.409029,-0.172536,35.1036,4.35646,115.104,-0.581564,-0.566464,4.125521659851074,-5.291618168354034,0.73135,175.19000244140625,,,,,,,311.8,5.196666666,311.8,5.196666666,,,,,,,,,,,,,,,,,,,"Alec Burleson","27615",676475
"Carson Kelly","CHC",39,155,138,33,23,5,0,4,16,17,14,0,30,2,1,0,,1,0,0.24247,0.0923379,0.194095,0.475735,0.320081,0.3796,0.311276,0.69968,0.13713,2.67349,0.278578,-0.41359,-0.126871,17.7647,-0.709691,96.9831,-0.540462,0.746205,-1.1053983569145203,3.2619454860687256,0.728572,591.9099731445312,,,,,,,148.8,3.815384615,148.8,3.815384615,,,,,,,,,,,,,,,,,,,"Carson Kelly","13620",608348
"Luis Campusano","SDP",39,155,139,33,22,6,0,5,18,18,14,0,35,1,1,0,,0,0,0.237712,0.0900923,0.22809,0.394985,0.310254,0.389703,0.309372,0.699957,0.151991,2.2791,0.282893,-0.0989914,-0.160329,17.4978,-0.94742,97.6317,-0.259321,0.186019,-0.7020955979824066,2.8239824324846268,0.724259,999,,,,,,,155.2,3.979487179,155.2,3.979487179,,,,,,,,,,,,,,,,,,,"Luis Campusano","22217",669134
"JJ Bleday","CIN",54,234,206,49,27,11,1,10,30,30,26,1,53,1,1,0,,2,1,0.239156,0.111643,0.227267,0.491241,0.325343,0.452989,0.337788,0.778332,0.213833,3.58884,0.270015,-0.306365,-0.228696,31.9534,3.97,108.167,-0.53506,0.287719,1.7813157439231873,-2.307496666908264,0.719761,748.5800170898438,,,,,,,282,5.222222222,282,5.222222222,,,,,,,,,,,,,,,,,,,"JJ Bleday","26368",668709
"Colton Cowser","BAL",40,171,151,34,21,7,0,7,21,21,17,0,52,2,1,0,,4,1,0.228349,0.0984288,0.306081,0.321578,0.312948,0.410391,0.317709,0.723338,0.182042,4.74184,0.298418,0.160557,0.204601,20.5537,0.108906,103.362,0.365158,-0.441629,1.0429818630218506,-0.07048684358596802,0.716204,251.72000122070312,,,,,,,187.3,4.6825,187.3,4.6825,,,,,,,,,,,,,,,,,,,"Colton Cowser","29591",681297
"Marcus Semien","NYM",44,191,171,41,27,7,1,6,23,22,17,0,33,1,2,0,,3,1,0.237552,0.0871403,0.172728,0.504495,0.306821,0.390406,0.30707,0.697227,0.152854,4.61387,0.259555,0.104024,0.0325118,21.2635,-1.52745,95.6541,0.136536,1.00492,-0.8674134910106659,1.6870173215866089,0.712517,266.25,,,,,,,197.9,4.497727272,197.9,4.497727272,,,,,,,,,,,,,,,,,,,"Marcus Semien","12533",543760
"Cole Young","SEA",52,225,198,47,32,10,1,4,24,22,20,0,41,3,1,1,,3,1,0.23485,0.0902528,0.183361,0.492213,0.313389,0.356463,0.299402,0.669852,0.121612,4.35844,0.274617,-0.182244,-0.218925,23.6178,-3.19506,95.8834,-0.401169,-0.299055,-1.4895318448543549,0.5034144222736359,0.710423,704.2899780273438,,,,,,,209.4,4.026923076,209.4,4.026923076,,,,,,,,,,,,,,,,,,,"Cole Young","31680",702284
"Salvador Perez","KCR",55,226,209,52,32,9,0,10,24,33,11,2,45,4,2,0,,0,0,0.24654,0.0507072,0.199574,0.254077,0.295983,0.436352,0.314621,0.732336,0.189812,1.32059,0.266773,-1.00938,-0.260637,26.6002,-0.423373,96.7203,-1.27002,0.692289,-2.1439375281333923,1.0634304881095886,0.707237,91.13999938964844,,,,,,,247.3,4.496363636,247.3,4.496363636,,,,,,,,,,,,,,,,,,,"Salvador Perez","7304",521692
"Sam Antonacci","CHW",52,223,193,50,37,9,2,2,28,19,20,1,38,7,2,2,,9,2,0.260321,0.0882813,0.171864,0.51367,0.3468,0.357459,0.316936,0.704259,0.0971388,6.21423,0.312225,0.389822,0.475017,26.6034,0.00195716,101.108,0.864839,-0.131679,1.155523419380188,-2.1478826105594635,0.703403,999,,,,,,,235.8,4.534615384,235.8,4.534615384,,,,,,,,,,,,,,,,,,,"Sam Antonacci","35101",803011
"Ryan McMahon","NYY",42,183,160,35,22,7,0,6,20,20,20,0,57,1,1,0,,1,1,0.22024,0.108529,0.311776,0.348101,0.307343,0.38167,0.304868,0.689014,0.16143,2.90008,0.294406,-0.147606,-0.206703,19.9945,-1.78586,94.1867,-0.35431,1.36788,-1.6027770340442657,2.019729793071747,0.700339,732.8599853515625,,,,,,,174.8,4.161904761,174.8,4.161904761,,,,,,,,,,,,,,,,,,,"Ryan McMahon","15112",641857
"Brendan Donovan","SEA",32,138,121,32,22,6,0,3,16,14,13,0,19,3,1,0,,1,1,0.267696,0.0908812,0.139667,0.650698,0.34696,0.40648,0.333146,0.75344,0.138784,3.63138,0.293932,-0.214329,-0.207918,18.2344,1.81148,119.155,-0.422247,0.0533969,2.6795886158943176,-0.6989179402589798,0.696697,268.5799865722656,,,,,,,150.9,4.715625,150.9,4.715625,,,,,,,,,,,,,,,,,,,"Brendan Donovan","24679",680977
"George Springer","TOR",46,200,176,44,28,8,1,8,27,23,20,0,38,2,1,0,,5,1,0.252698,0.1019,0.192106,0.530437,0.335871,0.438613,0.338941,0.774485,0.185915,4.98381,0.279726,0.210317,0.197047,27.3886,3.56637,117.155,0.407364,-0.0914892,4.436863988637924,-4.674822181463242,0.695765,94.37999725341797,,,,,,,247.2,5.373913043,247.2,5.373913043,,,,,,,,,,,,,,,,,,,"George Springer","12856",543807
"Ezequiel Tovar","COL",58,249,230,59,37,13,1,7,29,28,13,0,62,1,2,2,,3,1,0.257008,0.051987,0.248496,0.209207,0.298256,0.422813,0.312708,0.721069,0.165804,4.88488,0.317813,0.0841875,-0.121676,28.8486,-0.851807,82.6587,-0.0374888,1.32067,-5.2579573430120945,3.987341523170471,0.691858,209.22999572753906,,,,,,,254.5,4.387931034,254.5,4.387931034,,,,,,,,,,,,,,,,,,,"Ezequiel Tovar","24064",678662
"Coby Mayo","BAL",44,191,171,39,22,8,1,8,23,24,16,0,55,2,1,0,,2,1,0.228593,0.0858566,0.287454,0.298679,0.303288,0.425059,0.317748,0.728346,0.196466,4.15565,0.285481,-0.0614887,-0.12066,22.9184,0.127446,103.389,-0.182149,-0.55352,0.5795004516839981,-0.5535198301076889,0.691313,459.1600036621094,,,,,,,206.5,4.693181818,206.5,4.693181818,,,,,,,,,,,,,,,,,,,"Coby Mayo","28312",691723
"Samuel Basallo","BAL",47,195,176,43,27,9,0,8,24,26,16,1,48,2,1,0,,1,0,0.244975,0.0808614,0.245083,0.329935,0.310307,0.428958,0.321169,0.739265,0.183983,2.99324,0.290014,-0.230045,-0.134188,23.9117,0.67063,105.749,-0.364233,0.0863828,0.9531241059303284,-1.2176295071840286,0.675516,160.94000244140625,,,,,,,222,4.723404255,222,4.723404255,,,,,,,,,,,,,,,,,,,"Samuel Basallo","28824",694212
"Jasson Domínguez","NYY",44,188,169,42,28,8,1,6,24,22,17,1,46,1,1,0,,8,2,0.248886,0.0917746,0.24318,0.377394,0.320982,0.408754,0.31996,0.729737,0.159869,5.96431,0.305648,0.447423,0.632292,22.9244,0.463467,104.595,1.07972,0.079527,2.0973697900772095,-2.1408433318138123,0.674312,421.5400085449219,,,,,,,215.1,4.888636363,215.1,4.888636363,,,,,,,,,,,,,,,,,,,"Jasson Dominguez","28080",691176
"Trevor Story","BOS",39,167,155,37,24,7,0,5,20,20,10,0,47,2,1,0,,6,1,0.24197,0.0594508,0.280303,0.212095,0.292914,0.395764,0.300749,0.688678,0.153793,5.43042,0.311508,0.433219,0.525516,17.7874,-2.19847,85.9601,0.958736,0.616851,-1.8080591559410095,2.4112956523895264,0.664969,111.33000183105469,,,,,,,164.1,4.207692307,164.1,4.207692307,,,,,,,,,,,,,,,,,,,"Trevor Story","12564",596115
"Chase DeLauter","CLE",48,208,186,47,31,10,1,6,23,25,20,0,34,1,1,0,,1,1,0.253888,0.0943999,0.164056,0.575413,0.325155,0.406406,0.321845,0.731561,0.152518,3.15192,0.280932,-0.161661,-0.221198,25.6316,0.829663,105.952,-0.38286,0.404471,1.0726859867572784,-2.0631214380264282,0.64922,999,,,,,,,230.4,4.8,230.4,4.8,,,,,,,,,,,,,,,,,,,"Chase DeLauter","32127",800050
"Dalton Rushing","LAD",30,119,105,24,15,5,0,4,15,16,11,0,33,2,1,0,,0,0,0.228799,0.0914304,0.281333,0.32499,0.311294,0.403751,0.314918,0.715045,0.174953,2.72249,0.28776,-0.12336,-0.135025,13.9885,-0.193571,98.1567,-0.258386,1.06528,-0.5233635306358337,3.0513893365859985,0.647596,745.8300170898438,,,,,,,120.5,4.016666666,120.5,4.016666666,,,,,,,,,,,,,,,,,,,"Dalton Rushing","31382",687221
"Casey Schmitt","SFG",56,242,222,55,34,11,1,9,28,29,14,0,53,3,2,1,,2,1,0.246688,0.0595212,0.219554,0.271101,0.299184,0.427,0.315152,0.726184,0.180313,3.69988,0.281411,-0.120425,-0.223611,28.5782,-0.348791,100.178,-0.344036,0.4953,-0.29175883531570435,-1.2871075868606567,0.639298,999,,,,,,,260.2,4.646428571,260.2,4.646428571,,,,,,,,,,,,,,,,,,,"Casey Schmitt","27577",669477
"Kyle Manzardo","CLE",51,219,193,46,26,10,1,10,25,29,21,1,55,3,2,0,,1,0,0.237001,0.0979364,0.252863,0.38731,0.319869,0.448812,0.333791,0.768681,0.211811,2.93805,0.276049,-0.299572,-0.182472,29.1408,2.99823,114.191,-0.482044,-0.19192,3.1758968830108643,-4.705809623003006,0.635137,253.4600067138672,,,,,,,267.2,5.239215686,267.2,5.239215686,,,,,,,,,,,,,,,,,,,"Kyle Manzardo","29794",700932
"Nick Gonzales","PIT",52,225,206,55,38,12,1,3,26,24,14,0,44,3,2,0,,2,1,0.266996,0.0630263,0.194151,0.324625,0.319914,0.387977,0.311867,0.707892,0.120982,4.26585,0.321015,-0.145769,-0.350635,25.8907,-0.922217,93.7421,-0.496404,0.292736,-2.1971408426761627,1.135328859090805,0.633223,999,,,,,,,222.7,4.282692307,222.7,4.282692307,,,,,,,,,,,,,,,,,,,"Nick Gonzales","27490",693304
"Carson Benge","NYM",48,208,186,46,31,9,1,6,26,23,17,1,45,2,1,1,,6,1,0.249413,0.0836056,0.216959,0.385352,0.319433,0.401588,0.316915,0.721021,0.152175,5.68126,0.298091,0.333347,0.248048,24.8002,-0.00173828,102.259,0.581394,0.47664,1.14934903383255,-1.669964998960495,0.632441,999,,,,,,,225.4,4.695833333,225.4,4.695833333,,,,,,,,,,,,,,,,,,,"Carson Benge","35177",701807
"Colt Keith","DET",48,208,188,48,32,9,1,6,26,22,18,0,43,1,1,0,,1,0,0.256184,0.0849377,0.208864,0.406665,0.322504,0.411126,0.32162,0.73363,0.154942,4.25386,0.302375,0.137733,-0.178794,25.6362,0.793037,104.345,-0.0410611,0.0823137,1.023213293403387,-2.209353007376194,0.630661,502.489990234375,,,,,,,227.9,4.747916666,227.9,4.747916666,,,,,,,,,,,,,,,,,,,"Colt Keith","27899",690993
"Lars Nootbaar","STL",50,214,185,45,29,9,1,7,26,23,26,1,42,1,1,1,,2,1,0.245892,0.122962,0.198371,0.61986,0.342109,0.410966,0.331908,0.753076,0.165074,3.70305,0.282747,-0.0754643,-0.275654,28.1698,2.6047,111.177,-0.351118,-1.02356,2.545111060142517,-3.3189302682876587,0.627898,745.989990234375,,,,,,,246.6,4.932,246.6,4.932,,,,,,,,,,,,,,,,,,,"Lars Nootbaar","21454",663457
"Roman Anthony","BOS",31,135,116,30,19,7,1,4,19,15,17,0,34,1,1,0,,2,1,0.262067,0.127422,0.250067,0.509552,0.360627,0.429488,0.348538,0.790115,0.167421,4.78929,0.335427,0.0159548,-0.00577236,19.5963,3.4673,118.918,0.0101825,0.196599,3.0188318081200123,-1.6713026463985443,0.623743,50.75,,,,,,,170.6,5.503225806,170.6,5.503225806,,,,,,,,,,,,,,,,,,,"Roman Anthony","31812",701350
"Spencer Torkelson","DET",59,257,224,51,29,11,0,11,31,32,28,1,70,3,2,0,,1,0,0.228439,0.107734,0.271566,0.396712,0.319164,0.426306,0.325755,0.74547,0.197867,2.47579,0.277867,-0.245894,-0.276447,32.4675,1.83894,107.196,-0.52234,-0.0232027,1.6510010361671448,-4.64727670699358,0.622299,188.35000610351562,,,,,,,291.8,4.945762711,291.8,4.945762711,,,,,,,,,,,,,,,,,,,"Spencer Torkelson","27465",679529
"Tyler Stephenson","CIN",42,168,147,34,22,7,0,6,19,20,17,0,46,2,1,0,,0,0,0.233766,0.103637,0.277197,0.373876,0.318397,0.401235,0.317261,0.719631,0.167469,2.23076,0.297276,-0.330652,-0.291249,20.0634,0.0457065,94.3952,-0.621901,-0.385144,-1.7591063976287842,2.3755036294460297,0.615346,294.75,,,,,,,177.1,4.216666666,177.1,4.216666666,,,,,,,,,,,,,,,,,,,"Tyler Stephenson","17988",663886
"Kerry Carpenter","DET",48,208,189,47,27,8,1,10,26,31,14,0,52,3,1,0,,1,0,0.246616,0.0692971,0.252111,0.274867,0.307879,0.467494,0.333772,0.775373,0.220878,3.72041,0.283493,-0.310907,-0.241095,27.6892,2.84604,112.726,-0.552002,-0.185207,2.5652779936790466,-3.9639111757278442,0.609157,236.22000122070312,,,,,,,250,5.208333333,250,5.208333333,,,,,,,,,,,,,,,,,,,"Kerry Carpenter","25961",681481
"Jordan Walker","STL",60,261,237,60,37,12,1,10,32,33,20,0,69,3,1,0,,6,2,0.251521,0.075207,0.264728,0.284092,0.313734,0.430569,0.324322,0.744304,0.179048,4.72574,0.312969,0.0836242,0.0736465,32.6565,1.56388,106.087,0.157271,-1.674,2.075720503926277,-4.54838502407074,0.608672,511.7200012207031,,,,,,,308.3,5.138333333,308.3,5.138333333,,,,,,,,,,,,,,,,,,,"Jordan Walker","27475",691023
"Anthony Volpe","NYY",33,143,129,30,18,6,1,4,17,15,11,0,34,1,1,1,,5,1,0.229483,0.0775305,0.238086,0.325641,0.293259,0.395653,0.301608,0.688913,0.16617,6.15855,0.275121,0.439277,0.289324,15.2435,-1.77237,91.9387,0.728601,0.011441,-0.6239326000213623,1.5188483828678727,0.604739,641.989990234375,,,,,,,142.4,4.315151515,142.4,4.315151515,,,,,,,,,,,,,,,,,,,"Anthony Volpe","27647",683011
"Carter Jensen","KCR",47,194,173,41,25,9,1,6,23,24,18,1,50,1,1,0,,2,0,0.235276,0.0951379,0.256237,0.371288,0.309886,0.402753,0.312158,0.712639,0.167478,4.18106,0.291157,-0.0171582,-0.0528929,22.3949,-0.750382,95.0212,-0.0700511,-0.155405,-1.206315539777279,0.2558606415987015,0.603206,999,,,,,,,205.6,4.374468085,205.6,4.374468085,,,,,,,,,,,,,,,,,,,"Carter Jensen","29478",695600
"Zack Gelof","ATH",42,180,162,38,23,8,1,6,23,20,14,0,55,1,1,1,,5,1,0.234462,0.0801798,0.308465,0.259931,0.299315,0.409709,0.309906,0.709024,0.175247,5.43276,0.311093,0.379138,0.254826,20.4165,-1.02345,93.6675,0.633964,-0.198502,-0.7047505974769592,0.07649827003479004,0.584283,999,,,,,,,187.8,4.471428571,187.8,4.471428571,,,,,,,,,,,,,,,,,,,"Zack Gelof","29766",680869
"Joe Mack","MIA",44,175,158,35,23,7,0,5,19,20,14,0,49,2,1,1,,1,0,0.220511,0.0776321,0.27794,0.279312,0.287167,0.357302,0.285693,0.644468,0.136791,3.4752,0.284415,-0.12952,-0.0308037,16.4119,-4.42552,76.7188,-0.160324,1.72457,-5.077481716871262,5.135065913200378,0.581439,999,,,,,,,155.2,3.527272727,155.2,3.527272727,,,,,,,,,,,,,,,,,,,"Joe Mack","29780",691788
"Lane Thomas","KCR",48,208,184,43,27,9,1,6,25,23,19,0,52,2,2,0,,7,2,0.23317,0.0935939,0.250019,0.374347,0.311839,0.39052,0.310288,0.702359,0.15735,5.64154,0.288968,0.130446,0.0428178,23.6825,-1.11942,93.7318,0.173264,0.262938,-1.3596595227718353,-0.31885167956352234,0.579588,726.6699829101562,,,,,,,215.7,4.49375,215.7,4.49375,,,,,,,,,,,,,,,,,,,"Lane Thomas","16939",657041
"Ryan O'Hearn","PIT",54,233,207,56,38,10,1,8,29,30,22,1,45,2,2,0,,1,0,0.269617,0.0940603,0.191409,0.491411,0.343775,0.433204,0.339561,0.776978,0.163587,3.43573,0.308617,-0.552997,-0.249194,32.1003,4.28197,112.322,-0.80219,-0.425893,2.6720624566078186,-4.588701516389847,0.574492,285.44000244140625,,,,,,,290.4,5.377777777,290.4,5.377777777,,,,,,,,,,,,,,,,,,,"Ryan O'Hearn","16442",656811
"Jacob Young","WSN",48,208,187,46,35,8,1,3,24,18,13,0,38,3,1,4,,9,3,0.246923,0.0638187,0.182113,0.350434,0.305858,0.343767,0.289977,0.649624,0.0968439,6.25172,0.295022,0.683203,0.421782,20.2569,-4.54501,80.9398,1.10499,1.81993,-3.6865776777267456,2.5622119903564453,0.571342,746.0700073242188,,,,,,,184.4,3.841666666,184.4,3.841666666,,,,,,,,,,,,,,,,,,,"Jacob Young","29931",696285
"Vinnie Pasquantino","KCR",57,244,218,55,33,12,1,9,28,34,22,1,37,2,2,0,,1,0,0.252421,0.0904499,0.151462,0.597179,0.324425,0.437844,0.33062,0.762269,0.185423,2.83633,0.263702,-0.579412,-0.193697,31.8745,2.71546,107.754,-0.773109,0.0157448,1.4562092423439026,-4.548298213630915,0.568197,77.0999984741211,,,,,,,289,5.070175438,289,5.070175438,,,,,,,,,,,,,,,,,,,"Vinnie Pasquantino","27676",686469
"Garrett Mitchell","MIL",48,205,179,40,25,9,1,5,24,20,22,1,65,2,1,1,,7,2,0.223235,0.106152,0.317639,0.33419,0.312114,0.365627,0.30172,0.677741,0.142391,6.05696,0.318997,0.275608,0.273148,21.9693,-2.53352,89.5452,0.548755,0.178239,-2.0478057265281677,0.9115723073482513,0.56188,691.1699829101562,,,,,,,203.5,4.239583333,203.5,4.239583333,,,,,,,,,,,,,,,,,,,"Garrett Mitchell","27555",669003
"Luke Raley","SEA",40,174,154,35,21,6,1,7,21,22,12,0,53,5,1,1,,3,1,0.226972,0.0703148,0.305198,0.230391,0.304464,0.41482,0.315616,0.719284,0.187848,4.92514,0.293693,-0.117545,0.00132005,20.595,-0.184978,107.066,-0.116225,0.234057,1.3314874693751335,-2.052980199456215,0.554904,748.25,,,,,,,184.8,4.62,184.8,4.62,,,,,,,,,,,,,,,,,,,"Luke Raley","19354",670042
"Tommy Edman","LAD",49,213,194,47,31,9,1,6,26,24,14,0,38,2,2,1,,4,1,0.240628,0.0672456,0.17981,0.373981,0.2981,0.384847,0.299962,0.682947,0.144219,5.02236,0.269829,0.197532,0.162449,22.5339,-2.93836,88.1224,0.359981,0.602018,-2.7066327929496765,1.2038702964782715,0.551566,730.1199951171875,,,,,,,210.2,4.289795918,210.2,4.289795918,,,,,,,,,,,,,,,,,,,"Tommy Edman","19470",669242
"Jeff McNeil","ATH",48,205,183,47,32,10,1,4,22,21,17,1,26,3,2,1,,1,0,0.255073,0.0826185,0.128176,0.644571,0.32708,0.382253,0.313802,0.709333,0.127179,3.63137,0.276516,-0.528766,-0.176576,23.9824,-0.520441,96.3546,-0.705342,-0.654423,-1.5860800743103027,-0.2877558767795563,0.550785,440.5199890136719,,,,,,,214.4,4.466666666,214.4,4.466666666,,,,,,,,,,,,,,,,,,,"Jeff McNeil","15362",643446
"Dominic Canzone","SEA",46,197,178,44,27,9,0,8,24,26,15,1,45,1,2,0,,2,1,0.248109,0.0768507,0.226407,0.339437,0.309494,0.433782,0.322351,0.743276,0.185674,3.37873,0.284654,-0.27981,-0.134392,24.3268,0.865548,111.71,-0.414202,0.0501433,2.2947064340114594,-3.8618938140571117,0.550343,477.1600036621094,,,,,,,218.7,4.754347826,218.7,4.754347826,,,,,,,,,,,,,,,,,,,"Dominic Canzone","26438",686527
"Jake Burger","TEX",60,260,239,57,34,11,1,12,31,36,15,0,64,4,2,0,,1,0,0.240243,0.0590195,0.248486,0.237516,0.294066,0.440083,0.317603,0.734149,0.19984,2.78823,0.277029,-0.282647,-0.304905,31.1115,0.142606,103.25,-0.587552,0.497113,0.4047878384590149,-4.218627721071243,0.549847,236.72000122070312,,,,,,,289.5,4.825,289.5,4.825,,,,,,,,,,,,,,,,,,,"Jake Burger","22275",669394
"Patrick Bailey","CLE",40,159,144,31,21,6,1,3,15,16,12,0,42,1,1,1,,1,0,0.21644,0.0756391,0.261287,0.289487,0.279019,0.329878,0.271497,0.608896,0.113437,3.77269,0.279853,-0.193725,-0.103088,13.1297,-5.86916,71.2293,-0.296812,2.33187,-5.686533093452454,5.4414403438568115,0.549293,747.8900146484375,,,,,,,121.8,3.045,121.8,3.045,,,,,,,,,,,,,,,,,,,"Patrick Bailey","27478",672275
"Jac Caglianone","KCR",55,236,212,52,32,10,1,9,29,30,19,1,56,3,1,0,,2,1,0.246026,0.0814685,0.238165,0.342067,0.316048,0.433019,0.326522,0.749067,0.186994,3.85932,0.290006,-0.123187,-0.151455,29.9908,1.83726,104.927,-0.274642,-1.06519,1.0932393074035645,-4.114574670791626,0.544974,164.58999633789062,,,,,,,265.5,4.827272727,265.5,4.827272727,,,,,,,,,,,,,,,,,,,"Jac Caglianone","35041",695506
"Carlos Narváez","BOS",36,143,127,29,19,6,0,4,15,14,13,0,38,2,1,1,,1,0,0.225208,0.0899115,0.269421,0.333721,0.302011,0.361805,0.295458,0.663816,0.136598,2.78479,0.290222,-0.224678,-0.104753,14.5359,-2.48468,82.3111,-0.32943,0.91586,-3.2981112897396088,3.570797920227051,0.541913,443.010009765625,,,,,,,137.3,3.813888888,137.3,3.813888888,,,,,,,,,,,,,,,,,,,"Carlos Narvaez","19722",665966
"Nathan Lukes","TOR",40,174,156,41,29,8,1,3,20,19,13,0,27,2,1,2,,1,1,0.26263,0.0758562,0.15635,0.485169,0.323767,0.384885,0.312841,0.708652,0.122255,3.76614,0.297214,-0.206977,-0.233318,20.1828,-0.57652,99.1551,-0.440295,1.46401,-0.6132331490516663,-0.2369166612625122,0.541261,999,,,,,,,174.8,4.37,174.8,4.37,,,,,,,,,,,,,,,,,,,"Nathan Lukes","18123",664770
"Daylen Lile","WSN",55,236,215,57,37,12,3,5,29,27,16,0,41,2,2,1,,6,2,0.264487,0.0690079,0.175383,0.39347,0.320924,0.420282,0.323276,0.741206,0.155795,6.2678,0.302741,0.246001,0.0704167,29.3694,1.21581,103.28,0.316418,-0.37317,1.2523601949214935,-3.623169869184494,0.53779,206.50999450683594,,,,,,,262.9,4.78,262.9,4.78,,,,,,,,,,,,,,,,,,,"Daylen Lile","29995",695734
"Christian Yelich","MIL",50,217,190,49,33,8,1,7,29,27,24,2,53,2,1,0,,6,1,0.256979,0.110323,0.243857,0.45241,0.343117,0.413358,0.33184,0.756474,0.156378,5.06893,0.31995,0.539246,0.309119,28.4874,2.62325,109.753,0.848365,0.0201083,3.405069947242737,-5.194706412032247,0.533361,127.22000122070312,,,,,,,265.7,5.314,265.7,5.314,,,,,,,,,,,,,,,,,,,"Christian Yelich","11477",592885
"Matt McLain","CIN",40,174,153,36,22,7,1,6,22,19,17,0,46,2,1,1,,5,1,0.234604,0.0999893,0.267202,0.374209,0.318079,0.401831,0.317841,0.719911,0.167227,5.49832,0.296432,0.194344,0.276771,20.8575,0.129092,94.7844,0.471115,-0.556948,-0.6247014403343201,0.18749678134918213,0.528356,144.3000030517578,,,,,,,194.7,4.8675,194.7,4.8675,,,,,,,,,,,,,,,,,,,"Matt McLain","29695",680574
"Cam Smith","HOU",49,210,187,44,29,9,1,5,24,22,19,0,56,3,1,0,,4,1,0.237607,0.0896599,0.265763,0.337368,0.314162,0.382949,0.308643,0.697111,0.145342,5.4272,0.307943,0.233976,0.0614745,23.6679,-1.41248,96.2314,0.29545,0.560354,-0.6365304887294769,-1.6519916653633118,0.52627,341.8699951171875,,,,,,,209,4.265306122,209,4.265306122,,,,,,,,,,,,,,,,,,,"Cam Smith","35108",701358
"Cedric Mullins","TBR",50,214,190,42,26,8,1,7,25,23,20,0,47,2,2,1,,9,3,0.218716,0.0915373,0.217761,0.420357,0.296373,0.375013,0.297103,0.671386,0.156297,5.8427,0.253015,0.377054,0.515547,22.1458,-3.45017,86.7981,0.892601,-0.78414,-2.4393327236175537,-0.018090426921844482,0.524759,321.5,,,,,,,214.6,4.292,214.6,4.292,,,,,,,,,,,,,,,,,,,"Cedric Mullins","17929",656775
"Spencer Horwitz","PIT",41,177,153,40,26,9,0,5,22,20,20,0,30,2,1,0,,1,0,0.263217,0.114656,0.169636,0.675893,0.35366,0.422864,0.342604,0.776523,0.159647,2.90205,0.296256,-0.41201,-0.213491,24.8023,3.68715,114.363,-0.625502,0.107666,2.4485684633255005,-3.092179760336876,0.518151,738.1500244140625,,,,,,,212,5.170731707,212,5.170731707,,,,,,,,,,,,,,,,,,,"Spencer Horwitz","26477",687462
"Dylan Crews","WSN",52,225,204,48,31,9,1,6,27,24,16,0,51,4,1,0,,9,2,0.234186,0.069477,0.225153,0.308576,0.299009,0.383827,0.30058,0.682836,0.149641,6.24848,0.279123,0.358357,0.546745,23.8326,-2.98026,88.0533,0.905102,1.57186,-2.341695189476013,0.04716658592224121,0.508475,282.2200012207031,,,,,,,224.5,4.317307692,224.5,4.317307692,,,,,,,,,,,,,,,,,,,"Dylan Crews","33541",686611
"Spencer Steer","CIN",50,217,192,46,28,10,1,8,27,26,21,0,46,3,1,0,,3,1,0.242114,0.0981176,0.21301,0.460624,0.324088,0.419473,0.326834,0.743561,0.17736,4.7706,0.278866,-0.0693406,0.0439217,27.6564,1.74588,100.818,-0.0254189,0.263797,0.18932913057506084,-2.248703420162201,0.507346,335.70001220703125,,,,,,,250.4,5.008,250.4,5.008,,,,,,,,,,,,,,,,,,,"Spencer Steer","26323",668715
"Jung Hoo Lee","SFG",57,245,224,61,43,13,2,3,28,24,17,0,27,2,2,0,,3,1,0.273668,0.0690122,0.109434,0.63063,0.3285,0.39451,0.318288,0.72301,0.120842,5.11802,0.29729,0.0632817,-0.093566,29.5384,0.271108,102.282,-0.0302843,-1.5298,0.6466102302074432,-3.6686840057373047,0.50265,339.44000244140625,,,,,,,254.8,4.470175438,254.8,4.470175438,,,,,,,,,,,,,,,,,,,"Jung Hoo Lee","33824",808982
"Michael Massey","KCR",47,205,191,47,30,10,1,6,22,24,10,0,37,2,2,1,,2,1,0.246626,0.0468901,0.180092,0.260367,0.286879,0.405011,0.30043,0.69189,0.158385,3.49312,0.272491,-0.168714,-0.117343,21.7223,-2.74451,86.9329,-0.286057,0.590452,-3.438483029603958,1.0819641053676605,0.500847,999,,,,,,,200.3,4.261702127,200.3,4.261702127,,,,,,,,,,,,,,,,,,,"Michael Massey","27684",686681
"Brandon Valenzuela","TOR",28,113,102,22,15,4,0,3,11,12,10,0,29,1,1,0,,1,0,0.217222,0.085372,0.258371,0.330424,0.286125,0.354289,0.283736,0.640414,0.137067,2.71185,0.269413,-0.0630104,-0.0696593,10.45,-3.046,79.0822,-0.13267,2.08967,-2.916295513510704,3.790600895881653,0.496292,999,,,,,,,95.9,3.425,95.9,3.425,,,,,,,,,,,,,,,,,,,"Brandon Valenzuela","23813",678218
"Chandler Simpson","TBR",46,197,183,51,43,6,2,0,24,13,11,0,22,0,1,2,,17,4,0.280328,0.0545523,0.110219,0.494945,0.319666,0.336926,0.292714,0.656592,0.056598,7.19552,0.314402,1.53874,1.60891,19.6244,-3.86784,83.7708,3.14765,0.539736,-0.6116697788238525,-1.5275480151176453,0.49339,180.19000244140625,,,,,,,185.5,4.032608695,185.5,4.032608695,,,,,,,,,,,,,,,,,,,"Chandler Simpson","31912",802415
"Jake Cronenworth","SDP",56,242,208,48,31,10,1,5,27,25,27,0,48,5,2,1,,2,1,0.22935,0.111332,0.197313,0.56424,0.329704,0.36475,0.312109,0.694454,0.135399,3.96935,0.270769,-0.172078,-0.270844,27.9797,-0.947335,99.4682,-0.442922,-2.58233,-0.5988397002220154,-2.5314026288688183,0.482302,738.2999877929688,,,,,,,239.5,4.276785714,239.5,4.276785714,,,,,,,,,,,,,,,,,,,"Jake Cronenworth","18036",630105
"Konnor Griffin","PIT",21,93,84,22,15,4,1,2,12,10,6,0,23,2,1,0,,4,1,0.262136,0.0650038,0.249218,0.260831,0.323523,0.399496,0.318457,0.723019,0.137361,6.62914,0.335279,0.322625,0.285986,11.1756,0.115232,98.1633,0.608611,0.611624,0.40270327031612396,1.303753674030304,0.478219,999,,,,,,,104.1,4.957142857,104.1,4.957142857,,,,,,,,,,,,,,,,,,,"Konnor Griffin","35376",804606
"Romy Gonzalez","BOS",36,156,144,38,25,7,1,4,19,20,9,0,38,1,1,0,,4,1,0.265437,0.0595995,0.246584,0.241701,0.312258,0.424404,0.319929,0.736663,0.158967,5.48851,0.329168,-0.0587362,0.0436195,18.9629,0.379548,99.1874,-0.0151167,-0.196802,-0.16401210892945528,-0.815938264131546,0.462373,999,,,,,,,167.2,4.644444444,167.2,4.644444444,,,,,,,,,,,,,,,,,,,"Romy Gonzalez","21562",663853
"Tyler O'Neill","BAL",38,166,145,33,20,6,1,7,21,20,17,1,45,2,1,0,,2,0,0.228219,0.104318,0.269192,0.387523,0.315955,0.424182,0.323276,0.740137,0.195963,4.2566,0.273982,-0.0689007,0.0281886,20.6285,0.853962,107.202,-0.0407121,-0.685046,1.3635141290724277,-2.7413732409477234,0.458098,477.6400146484375,,,,,,,189.5,4.986842105,189.5,4.986842105,,,,,,,,,,,,,,,,,,,"Tyler O'Neill","15711",641933
"Joc Pederson","TEX",42,180,153,36,21,6,1,7,22,22,21,1,39,3,1,0,,1,0,0.231952,0.11849,0.218946,0.541183,0.336276,0.423227,0.334011,0.759503,0.191275,3.42737,0.261709,-0.312783,-0.212583,23.931,2.491,114.566,-0.525366,0,2.553914785385132,-4.491666793823242,0.451765,999,,,,,,,211.4,5.033333333,211.4,5.033333333,,,,,,,,,,,,,,,,,,,"Joc Pederson","11899",592626
"Justin Crawford","PHI",50,216,197,52,39,10,1,2,26,18,15,0,44,1,1,2,,11,3,0.264342,0.0714162,0.203533,0.350883,0.319887,0.3637,0.303593,0.683588,0.0993582,6.42327,0.326838,0.612782,0.820767,23.4676,-2.3398,88.4608,1.43355,-1.77435,-1.584893822669983,-1.0019750595092773,0.451116,999,,,,,,,208.2,4.164,208.2,4.164,,,,,,,,,,,,,,,,,,,"Justin Crawford","31791",702222
"Sal Frelick","MIL",39,168,151,39,29,7,1,2,20,16,14,0,23,2,1,1,,6,1,0.258478,0.0843532,0.134691,0.626273,0.326641,0.361472,0.30691,0.688113,0.102994,5.63351,0.288724,0.286619,0.337523,18.7113,-1.36743,93.0271,0.624142,1.48151,-0.7949527502059937,-0.23978757858276367,0.449939,216.39999389648438,,,,,,,168.8,4.328205128,168.8,4.328205128,,,,,,,,,,,,,,,,,,,"Sal Frelick","29622",686217
"Jesús Sánchez","TOR",34,148,135,34,21,7,0,5,18,18,11,0,34,1,1,0,,3,1,0.252586,0.0750976,0.228125,0.329195,0.312664,0.427989,0.32201,0.740653,0.175403,4.63604,0.297691,-0.0372728,0.0681373,18.3084,0.611841,105.478,0.0308645,-0.216149,0.9867424312978983,-1.8457785546779633,0.44781,617.4299926757812,,,,,,,161.6,4.752941176,161.6,4.752941176,,,,,,,,,,,,,,,,,,,"Jesus Sanchez","19913",660821
"Logan O'Hoppe","LAA",36,144,130,30,19,5,0,5,15,16,10,0,39,2,1,1,,1,0,0.227829,0.0720499,0.271032,0.265836,0.292074,0.390705,0.300326,0.682779,0.162877,2.6321,0.279976,-0.422757,-0.175873,15.2233,-1.93697,88.7216,-0.59863,-1.0052,-2.50698184967041,1.8034441471099854,0.447342,246.50999450683594,,,,,,,137.4,3.816666666,137.4,3.816666666,,,,,,,,,,,,,,,,,,,"Logan O'Hoppe","24729",681351
"Ezequiel Duran","TEX",51,220,202,49,32,11,1,4,25,22,13,0,52,2,1,1,,6,2,0.241984,0.0589913,0.238099,0.24776,0.293017,0.371236,0.292406,0.664253,0.129252,5.54649,0.303146,0.0471006,0.267019,21.8352,-4.36923,85.8728,0.31412,-0.424601,-3.3361056447029114,-0.06811952590942383,0.44733,999,,,,,,,198.4,3.890196078,198.4,3.890196078,,,,,,,,,,,,,,,,,,,"Ezequiel Duran","23733",677649
"Tristan Peters","CHW",42,179,162,38,26,8,1,3,19,17,14,0,41,1,1,1,,3,1,0.236306,0.0796508,0.231023,0.344775,0.301918,0.354393,0.291915,0.656311,0.118087,4.46149,0.297058,-0.0827167,-0.180547,17.7765,-3.64285,83.8525,-0.263263,1.01295,-3.673629552125931,1.654002070426941,0.442856,999,,,,,,,155.8,3.709523809,155.8,3.709523809,,,,,,,,,,,,,,,,,,,"Tristan Peters","30063",671976
"Luis Torrens","NYM",27,105,96,22,16,5,0,2,10,11,7,0,23,1,1,1,,0,0,0.232847,0.0635294,0.222889,0.285027,0.288876,0.347418,0.28245,0.636295,0.114571,3.12791,0.285479,-0.107077,-0.0867135,9.61829,-2.94546,79.1365,-0.19379,1.68303,-2.8506659120321274,3.7393620014190674,0.436994,999,,,,,,,84.5,3.129629629,84.5,3.129629629,,,,,,,,,,,,,,,,,,,"Luis Torrens","15905",620443
"Brooks Lee","MIN",56,242,222,54,36,10,1,7,25,28,16,0,42,1,2,0,,2,1,0.241116,0.0662323,0.174283,0.380027,0.294177,0.382077,0.296603,0.676255,0.140962,3.52173,0.267747,-0.355822,-0.178546,24.8405,-3.98334,86.5788,-0.534369,-1.00527,-4.348828077316284,0.058005690574645996,0.43676,542.5700073242188,,,,,,,232.9,4.158928571,232.9,4.158928571,,,,,,,,,,,,,,,,,,,"Brooks Lee","31595",686797
"David Hamilton","MIL",34,148,133,28,19,5,1,4,19,13,13,0,36,1,1,1,,12,3,0.213087,0.0866366,0.242753,0.356891,0.284479,0.343894,0.279982,0.628372,0.130807,7.24794,0.263257,1.00808,1.17375,13.2507,-4.44578,74.9608,2.18184,1.11976,-2.3094756603240967,1.7512384057044983,0.432354,743.3300170898438,,,,,,,138,4.058823529,138,4.058823529,,,,,,,,,,,,,,,,,,,"David Hamilton","27531",666152
"TJ Friedl","CIN",39,168,145,34,24,6,1,4,20,15,16,0,30,4,1,1,,3,1,0.232201,0.0981608,0.180199,0.544737,0.322698,0.357105,0.305878,0.679803,0.124904,5.02609,0.267655,0.168889,0.0473397,18.5322,-1.50529,86.7583,0.216228,0.988319,-2.473137080669403,1.257146179676056,0.430458,265.1499938964844,,,,,,,169,4.333333333,169,4.333333333,,,,,,,,,,,,,,,,,,,"TJ Friedl","19522",670770
"Dylan Beavers","BAL",36,154,135,32,20,7,1,4,19,16,17,0,37,1,1,1,,4,1,0.239558,0.1108,0.239284,0.463047,0.327266,0.395688,0.320108,0.722954,0.15613,5.07401,0.296462,0.0865476,0.0567767,18.8328,0.398919,105.017,0.143324,-0.976046,1.0552020072937012,-2.3101513385772705,0.430025,505.0400085449219,,,,,,,166.6,4.627777777,166.6,4.627777777,,,,,,,,,,,,,,,,,,,"Dylan Beavers","31695",687637
"Zach McKinstry","DET",39,168,149,34,23,7,1,3,19,15,15,0,35,2,1,1,,5,2,0.226595,0.0895248,0.210527,0.425241,0.301481,0.350002,0.289616,0.651483,0.123407,5.98632,0.274144,0.261132,0.193036,16.3499,-3.72879,82.2733,0.454168,0.681551,-3.0553995072841644,1.221365749835968,0.421127,510.30999755859375,,,,,,,150.5,3.858974358,150.5,3.858974358,,,,,,,,,,,,,,,,,,,"Zach McKinstry","19392",656716
"Hao-Yu  Lee","DET",12,51,47,11,8,2,0,1,6,5,4,0,11,0,0,0,,1,0,0.240669,0.0782153,0.2237,0.349643,0.303255,0.349477,0.290842,0.652732,0.108808,4.25272,0.300012,-0.0257236,-0.0207861,5.0392,-1.08651,83.1191,-0.0465097,3.18144,-1.0661399401724339,3.3647746443748474,0.41772,999,,,,,,,43.7,3.641666666,43.7,3.641666666,,,,,,,,,,,,,,,,,,,"Hao-Yu  Lee","30080",701678
"Ryan Waldschmidt","ARI",32,137,120,29,20,6,1,2,17,13,13,0,33,2,1,0,,4,1,0.2411,0.0956648,0.239795,0.398944,0.324554,0.367335,0.309079,0.691889,0.126235,6.09635,0.308806,0.0502105,0.170834,15.4637,-0.871581,92.7613,0.221045,0.734376,-0.9774833023548126,0.6121535301208496,0.414272,999,,,,,,,134.1,4.190625,134.1,4.190625,,,,,,,,,,,,,,,,,,,"Ryan Waldschmidt","35061",814439
"Trevor Larnach","MIN",41,177,155,38,25,8,1,5,21,20,19,1,40,1,1,0,,1,1,0.2457,0.106893,0.226986,0.470924,0.330753,0.396105,0.321291,0.726857,0.150405,3.68584,0.29879,-0.234461,-0.219712,21.742,0.626796,103.605,-0.454173,-0.381567,0.29633602499961853,-2.5582649409770966,0.409143,748.52001953125,,,,,,,192.8,4.702439024,192.8,4.702439024,,,,,,,,,,,,,,,,,,,"Trevor Larnach","21501",663616
"Alan Roden","MIN",31,132,116,28,19,6,1,3,15,12,12,0,25,3,1,0,,2,1,0.244431,0.0885836,0.191202,0.463298,0.325411,0.371344,0.310659,0.696755,0.126914,4.55291,0.289121,-0.0438324,-0.0855997,15.0813,-0.671236,96.2727,-0.129432,1.351,-0.7083740681409836,0.016898036003112793,0.406026,999,,,,,,,138.1,4.454838709,138.1,4.454838709,,,,,,,,,,,,,,,,,,,"Alan Roden","31564",702176
"Jo Adell","LAA",54,233,214,51,30,9,1,11,28,33,14,0,61,4,1,0,,3,1,0.23656,0.0579389,0.262324,0.220868,0.292535,0.443053,0.318194,0.735588,0.206493,4.25542,0.275436,-0.177799,-0.0801728,28.0585,0.240077,101.044,-0.257972,-1.82934,0.02849176526069641,-4.327026963233948,0.405597,120.33000183105469,,,,,,,263.7,4.883333333,263.7,4.883333333,,,,,,,,,,,,,,,,,,,"Jo Adell","20220",666176
"Kyle Karros","COL",39,169,149,38,26,8,1,3,20,16,16,1,39,2,1,0,,1,0,0.255435,0.096198,0.228892,0.420277,0.331841,0.376617,0.314298,0.708458,0.121182,4.27655,0.323387,-0.0678936,-0.0680197,19.7706,-0.359719,83.7252,-0.135913,1.41977,-3.4566144198179245,1.9629830121994019,0.404925,999,,,,,,,176.8,4.533333333,176.8,4.533333333,,,,,,,,,,,,,,,,,,,"Kyle Karros","33252",691720
"Blaze Alexander","BAL",31,135,120,28,20,5,1,3,15,13,11,0,39,3,1,1,,3,1,0.23802,0.0780172,0.28901,0.269946,0.313186,0.36715,0.303237,0.680336,0.12913,5.04718,0.325344,0.0719708,-0.0819753,14.5903,-1.49747,93.3821,-0.0100045,-0.127149,-1.0598045829683542,0.25402434170246124,0.404586,745.9099731445312,,,,,,,130.1,4.196774193,130.1,4.196774193,,,,,,,,,,,,,,,,,,,"Blaze Alexander","23789",677942
"Brett Baty","NYM",33,143,129,31,21,5,0,5,16,17,12,0,37,1,1,0,,2,0,0.239455,0.0842097,0.255916,0.329052,0.306805,0.396759,0.309533,0.703564,0.157304,4.02215,0.295512,-0.068111,-0.0542749,16.234,-0.859221,97.3069,-0.122386,0.431751,-0.5889807492494583,-0.07982262969017029,0.4045,292.9200134277344,,,,,,,148.9,4.512121212,148.9,4.512121212,,,,,,,,,,,,,,,,,,,"Brett Baty","26123",683146
"Eugenio Suárez","CIN",56,240,214,49,27,9,0,13,30,37,21,0,71,4,2,0,,1,0,0.230867,0.0864131,0.295056,0.292871,0.308049,0.457682,0.331584,0.765732,0.226815,2.71724,0.276025,-0.702176,-0.203407,31.5327,2.85837,104.005,-0.905583,-0.115665,0.25832998752593994,-4.117053657770157,0.401602,97.91999816894531,,,,,,,285.6,5.1,285.6,5.1,,,,,,,,,,,,,,,,,,,"Eugenio Suarez","12552",553993
"Isaac Collins","KCR",45,194,166,38,25,9,1,4,23,19,23,0,45,3,1,1,,5,2,0.231907,0.118551,0.232093,0.51079,0.331882,0.366442,0.313526,0.698324,0.134535,5.36402,0.291996,-0.0162214,-0.0181773,22.5916,-0.534547,95.965,-0.0343987,0.0566669,-0.9545089155435562,-2.0197219476103783,0.397826,666.1699829101562,,,,,,,198.1,4.402222222,198.1,4.402222222,,,,,,,,,,,,,,,,,,,"Isaac Collins","25477",686555
"LaMonte Wade Jr.","HOU",29,127,108,24,16,5,0,3,14,13,17,1,30,1,0,1,,0,0,0.220589,0.132923,0.234164,0.56765,0.329755,0.358011,0.30957,0.687766,0.137422,2.36875,0.271649,-0.340357,-0.175178,14.4209,-0.759309,96.8701,-0.515534,1.7555,-0.9840159118175507,0.3727836608886719,0.396851,999,,,,,,,123.1,4.244827586,123.1,4.244827586,,,,,,,,,,,,,,,,,,,"LaMonte Wade Jr.","18126",664774
"Jake Bauers","MIL",43,185,161,36,21,7,0,8,23,25,22,1,51,2,1,0,,5,1,0.226952,0.120427,0.275603,0.436958,0.325512,0.418556,0.326227,0.744068,0.191604,4.61666,0.280528,-0.102895,0.215653,23.5198,1.39916,105.986,0.112758,-0.765637,1.455007180571556,-3.6276742219924927,0.391189,999,,,,,,,214.8,4.995348837,214.8,4.995348837,,,,,,,,,,,,,,,,,,,"Jake Bauers","15194",641343
"Paul Goldschmidt","NYY",38,163,147,37,24,8,0,5,20,20,14,1,35,1,1,0,,2,0,0.254443,0.0830563,0.21255,0.390762,0.320616,0.420388,0.323626,0.741004,0.165945,3.52436,0.29613,-0.294187,-0.0536462,20.282,0.883862,107.123,-0.347833,0.264666,1.0146454274654388,-2.9640378057956696,0.388886,748.3599853515625,,,,,,,179.2,4.715789473,179.2,4.715789473,,,,,,,,,,,,,,,,,,,"Paul Goldschmidt","9218",502671
"Luis García Jr.","WSN",52,225,210,57,37,11,1,7,27,30,12,0,35,1,2,0,,5,2,0.269231,0.0521902,0.1544,0.338019,0.307433,0.437319,0.321772,0.744752,0.168088,5.06024,0.289858,-0.0767365,0.0623943,27.6966,0.883718,102.271,-0.0143422,-0.166277,0.6028356226161122,-4.11843729019165,0.384905,261.8500061035156,,,,,,,255.5,4.913461538,255.5,4.913461538,,,,,,,,,,,,,,,,,,,"Luis Garcia Jr.","20391",671277
"Austin Martin","MIN",27,115,100,25,18,5,0,1,13,9,13,0,20,2,1,1,,5,1,0.250394,0.108558,0.1749,0.620688,0.342599,0.343266,0.311637,0.685864,0.0928722,5.13705,0.301365,0.068231,0.219737,13.2474,-0.494197,96.9469,0.287969,0.707125,-0.12571671605110168,-0.18562209606170654,0.383729,748.5599975585938,,,,,,,115.6,4.281481481,115.6,4.281481481,,,,,,,,,,,,,,,,,,,"Austin Martin","27462",668885
"Ben Williamson","TBR",31,135,123,31,23,6,1,1,15,12,10,0,28,1,1,1,,3,1,0.24995,0.0733143,0.208422,0.351758,0.311163,0.339745,0.29125,0.650908,0.0897947,5.14993,0.314034,0.05,0.0591927,13.3129,-2.81609,82.7612,0.109193,0.760992,-2.6323956698179245,1.6004977822303772,0.38295,999,,,,,,,119,3.838709677,119,3.838709677,,,,,,,,,,,,,,,,,,,"Ben Williamson","33197",810938
"Oswald Peraza","LAA",47,205,187,42,29,7,1,6,22,20,14,0,53,3,1,0,,7,2,0.224356,0.0661521,0.257475,0.256926,0.286197,0.358283,0.28561,0.64448,0.133927,5.36329,0.280639,0.403028,0.40082,19.2566,-5.2102,78.5724,0.803848,0.11875,-4.365549981594086,0.8108794689178467,0.379597,999,,,,,,,189.3,4.027659574,189.3,4.027659574,,,,,,,,,,,,,,,,,,,"Oswald Peraza","22823",672724
"Nasim Nuñez","WSN",41,177,156,35,28,5,1,2,20,13,17,0,40,1,1,3,,14,3,0.225307,0.0938965,0.226019,0.415436,0.301494,0.300168,0.274119,0.601662,0.0748617,6.5283,0.289844,1.1923,1.33385,14.9687,-6.14644,70.3005,2.52615,1.04434,-3.8301949501037598,1.7765937447547913,0.375463,583.0999755859375,,,,,,,151.2,3.687804878,151.2,3.687804878,,,,,,,,,,,,,,,,,,,"Nasim Nunez","25979",683083
"Sean Murphy","ATL",23,94,82,18,11,3,0,3,11,12,9,0,26,2,1,0,,0,0,0.216894,0.0971544,0.273452,0.355289,0.308657,0.386525,0.308363,0.695182,0.169631,2.20772,0.267621,-0.130319,-0.11222,10.5788,-0.654022,92.789,-0.242539,0.628861,-1.0635479837656021,1.6938299536705017,0.374078,746.0599975585938,,,,,,,88.7,3.856521739,88.7,3.856521739,,,,,,,,,,,,,,,,,,,"Sean Murphy","19352",669221
"Jimmy Crooks","STL",25,98,89,20,14,4,0,2,11,11,8,0,27,1,1,0,,0,0,0.230046,0.0771905,0.278604,0.277062,0.29713,0.366151,0.293109,0.663282,0.136105,2.95754,0.301743,-0.0970078,-0.11607,9.84374,-1.90237,85.1465,-0.213078,0.763996,-1.981503203511238,2.428656041622162,0.369724,999,,,,,,,80.4,3.216,80.4,3.216,,,,,,,,,,,,,,,,,,,"Jimmy Crooks","31354",699625
"Curtis Mead","WSN",45,194,174,43,28,9,1,5,23,22,15,0,40,4,1,0,,3,1,0.245498,0.0785131,0.206488,0.380231,0.317969,0.395456,0.315077,0.713425,0.149958,4.42813,0.288854,-0.120592,-0.0961669,22.8354,-0.290715,97.779,-0.216759,-1.22415,-0.7373644858598709,-1.9564021825790405,0.36623,999,,,,,,,205.5,4.566666666,205.5,4.566666666,,,,,,,,,,,,,,,,,,,"Curtis Mead","23986",678554
"Jacob Gonzalez","PIT",36,154,138,32,21,6,0,4,17,17,13,0,36,2,1,1,,3,1,0.230428,0.0836878,0.233902,0.35779,0.302036,0.370978,0.298088,0.673014,0.14055,4.48403,0.28022,0,-0.0319627,16.0725,-2.36133,84.4975,-0.0319627,0,-2.9285219088196754,1.5146604776382446,0.366135,999,,,,,,,144.1,4.002777777,144.1,4.002777777,,,,,,,,,,,,,,,,,,,"Jacob Gonzalez","33225",694378
"Vaughn Grissom","LAA",40,171,155,39,27,8,0,4,19,18,13,0,32,2,1,0,,2,1,0.250137,0.0741838,0.185575,0.39975,0.314533,0.377238,0.306393,0.691771,0.127101,3.73882,0.289554,-0.0364549,-0.042776,18.9805,-1.46435,92.9052,-0.0792309,0.612124,-1.5094872638583183,-0.9827835559844971,0.365577,999,,,,,,,170.2,4.255,170.2,4.255,,,,,,,,,,,,,,,,,,,"Vaughn Grissom","26031",687093
"Taylor Walls","TBR",40,173,152,32,21,7,1,2,19,15,18,0,42,1,1,1,,8,2,0.207004,0.102254,0.240748,0.424735,0.290388,0.312627,0.27282,0.603015,0.105623,6.54862,0.266061,0.497161,0.451616,14.4826,-6.20453,70.0513,0.948777,0.818051,-5.16019594669342,2.591508150100708,0.365167,999,,,,,,,138.6,3.465,138.6,3.465,,,,,,,,,,,,,,,,,,,"Taylor Walls","22458",670764
"Kyle Higashioka","TEX",32,126,115,26,16,5,0,5,13,16,9,0,31,1,1,0,,1,0,0.221962,0.0690729,0.248131,0.278372,0.278782,0.392809,0.293404,0.671591,0.170847,3.58501,0.261342,-0.339152,-0.0775171,12.5953,-2.39816,86.5613,-0.416669,-0.738836,-2.403439551591873,1.4611642956733704,0.357706,999,,,,,,,124,3.875,124,3.875,,,,,,,,,,,,,,,,,,,"Kyle Higashioka","5517",543309
"Ryan Kreidler","MIN",36,157,137,27,18,6,1,3,16,13,15,0,50,2,1,2,,4,1,0.200051,0.0981081,0.315589,0.310873,0.287889,0.322308,0.27585,0.610197,0.122257,5.49353,0.285113,0.0305514,0.0484347,13.5265,-5.24255,72.2665,0.0789861,1.77638,-5.053597524762154,2.980087637901306,0.357316,999,,,,,,,121.3,3.369444444,121.3,3.369444444,,,,,,,,,,,,,,,,,,,"Ryan Kreidler","25867",668952
"Nolan Schanuel","LAA",50,216,188,49,36,9,0,4,25,21,22,1,31,3,2,1,,2,1,0.259861,0.101504,0.144966,0.700192,0.345171,0.374898,0.321842,0.720069,0.115037,3.29344,0.290335,-0.485802,-0.180101,26.6703,0.862891,103.56,-0.665903,-0.481635,0.24002116918563843,-4.423764526844025,0.356447,594.6599731445312,,,,,,,226.1,4.522,226.1,4.522,,,,,,,,,,,,,,,,,,,"Nolan Schanuel","33189",694384
"Joey Ortiz","MIL",38,163,146,35,24,7,1,3,18,16,13,0,28,1,1,1,,4,1,0.237066,0.0796471,0.172805,0.460908,0.302912,0.356047,0.292998,0.658959,0.11898,5.47047,0.273282,0.123459,0.0485679,16.2419,-3.15624,83.6935,0.172027,0.429853,-3.0341265201568604,1.2344828248023987,0.353731,743.4400024414062,,,,,,,151,3.97368421,151,3.97368421,,,,,,,,,,,,,,,,,,,"Joey Ortiz","25493",687401
"Nathan Church","STL",33,145,132,32,23,6,1,3,17,15,8,0,25,2,1,2,,3,1,0.2465,0.0579022,0.174266,0.332264,0.298749,0.37018,0.294873,0.668929,0.12368,5.33095,0.281276,0.0878325,0.0804368,14.6834,-2.59031,86.3305,0.168269,0.963707,-2.225062221288681,0.9843857437372208,0.351613,999,,,,,,,131.4,3.981818181,131.4,3.981818181,,,,,,,,,,,,,,,,,,,"Nathan Church","31357",701675
"Danny Jansen","TEX",26,104,91,18,11,4,0,4,11,11,11,0,25,2,1,0,,0,0,0.2042,0.106747,0.239608,0.445507,0.301491,0.370825,0.300073,0.672316,0.166625,2.68924,0.237016,-0.222852,-0.0958537,11.0196,-1.42632,91.1602,-0.318705,-0.905716,-1.4035303890705109,1.131320834159851,0.348536,999,,,,,,,98,3.769230769,98,3.769230769,,,,,,,,,,,,,,,,,,,"Danny Jansen","16535",643376
"Harrison Bader","SFG",37,160,145,34,23,6,1,4,19,17,10,0,39,3,1,0,,4,1,0.236624,0.0640095,0.242988,0.263426,0.295854,0.381281,0.298132,0.677135,0.144656,5.36468,0.289337,0.00386179,0.056092,16.6222,-2.43559,88.7593,0.0599538,-0.241189,-2.1114031448960304,0.32918158173561096,0.346093,554.3099975585938,,,,,,,149.9,4.051351351,149.9,4.051351351,,,,,,,,,,,,,,,,,,,"Harrison Bader","18030",664056
"Ha-Seong Kim","ATL",29,127,111,26,18,5,0,3,15,12,14,0,23,1,1,1,,5,1,0.234855,0.10605,0.183675,0.577376,0.320415,0.353734,0.301755,0.674149,0.118879,5.29305,0.273251,0.139665,0.265519,13.6327,-1.56816,88.3555,0.405185,-0.716884,-1.3889458179473877,0.6479309797286987,0.344918,748.3800048828125,,,,,,,129,4.448275862,129,4.448275862,,,,,,,,,,,,,,,,,,,"Ha-Seong Kim","27506",673490
"Henry Davis","PIT",32,126,111,24,15,5,0,4,14,13,10,0,31,2,1,1,,1,1,0.214708,0.0827874,0.249699,0.33155,0.294002,0.358733,0.290345,0.652735,0.144025,3.67525,0.26244,-0.0895612,-0.0830243,12.3012,-2.71398,79.303,-0.172586,0.153429,-3.322541043162346,2.610990360379219,0.342771,999,,,,,,,110.6,3.45625,110.6,3.45625,,,,,,,,,,,,,,,,,,,"Henry Davis","29617",680779
"Victor Caratini","MIN",34,137,121,29,21,5,0,4,13,15,11,0,25,3,2,0,,0,0,0.243051,0.0785954,0.185407,0.423907,0.31754,0.368565,0.305575,0.686105,0.125514,2.11011,0.276397,-0.408462,-0.150804,15.0757,-1.26097,92.7662,-0.559265,-0.823695,-1.72451913356781,0.21951442956924438,0.34135,681.02001953125,,,,,,,135.5,3.985294117,135.5,3.985294117,,,,,,,,,,,,,,,,,,,"Victor Caratini","14968",605170
"Freddy Fermin","SDP",25,99,89,21,15,4,0,2,10,10,7,0,20,1,1,1,,0,0,0.229555,0.0701178,0.197594,0.354857,0.288653,0.343491,0.280693,0.632144,0.113936,2.71788,0.268751,-0.0749818,-0.154532,8.91044,-2.91316,78.3912,-0.229514,1.02845,-2.8191926181316376,2.963639259338379,0.341232,735.3099975585938,,,,,,,83,3.32,83,3.32,,,,,,,,,,,,,,,,,,,"Freddy Fermin","21840",666023
"Nick Loftin","KCR",23,98,87,21,14,4,1,2,11,10,9,0,15,1,1,0,,1,0,0.238891,0.0928205,0.15423,0.601833,0.317982,0.360558,0.303072,0.67854,0.121667,4.15699,0.268761,-0.0495625,-0.113215,10.6255,-1.10512,88.7548,-0.162777,1.11842,-1.4634759426116943,1.329072430729866,0.340868,999,,,,,,,98.6,4.286956521,98.6,4.286956521,,,,,,,,,,,,,,,,,,,"Nick Loftin","27630",679845
"Denzer Guzman","LAA",42,183,165,37,24,8,0,4,18,18,14,0,54,1,1,1,,3,1,0.223003,0.0743536,0.295495,0.251624,0.285799,0.352825,0.283271,0.638624,0.129822,3.9982,0.300252,-0.0204047,-0.0435849,16.7998,-4.98566,76.9596,-0.0639896,1.18112,-5.013322830200195,1.8732470273971558,0.340532,999,,,,,,,150.9,3.592857142,150.9,3.592857142,,,,,,,,,,,,,,,,,,,"Denzer Guzman","28816",694203
"Victor Robles","SEA",27,115,103,25,18,5,0,2,14,10,7,0,25,3,1,1,,6,2,0.240932,0.0645591,0.220119,0.293291,0.307813,0.347263,0.293196,0.655076,0.106331,6.16869,0.3008,0.265279,0.369452,11.5242,-2.21742,91.6032,0.634731,0.432852,-0.5030028820037842,-0.2392156720161438,0.340125,727.5399780273438,,,,,,,106.1,3.929629629,106.1,3.929629629,,,,,,,,,,,,,,,,,,,"Victor Robles","18363",645302
"Joshua Kuroda-Grauer","ATH",38,165,148,34,23,7,1,4,18,18,14,0,39,2,1,1,,3,1,0.230428,0.0836878,0.233902,0.35779,0.302036,0.370978,0.298088,0.673014,0.14055,4.48403,0.28022,0,-0.0342246,17.21,-2.52844,85.5175,-0.0342246,0,-2.852899666875601,0.3055555820465088,0.338658,999,,,,,,,156.9,4.128947368,156.9,4.128947368,,,,,,,,,,,,,,,,,,,"Joshua Kuroda-Grauer","35121",811965
"Esmerlyn Valdez","PIT",42,183,163,38,24,8,0,6,20,22,17,0,51,2,1,0,,1,0,0.233406,0.0917038,0.278976,0.328715,0.313486,0.40023,0.315457,0.713716,0.166824,2.57781,0.298461,-0.20106,-0.203398,21.568,-0.217467,96.1506,-0.404458,0.925016,-1.2544721364974976,-1.3519906401634216,0.338031,999,,,,,,,188.3,4.483333333,188.3,4.483333333,,,,,,,,,,,,,,,,,,,"Esmerlyn Valdez","29005",699013
"Jorge Polanco","NYM",44,188,167,41,25,8,0,8,22,25,18,0,39,1,1,1,,2,1,0.244595,0.0951101,0.204885,0.464213,0.31992,0.429833,0.327559,0.749753,0.185238,2.97771,0.27178,-0.261303,-0.147374,24.0796,1.62382,109.4,-0.408677,-0.0272544,1.7309496104717255,-4.531112525612116,0.336946,209.42999267578125,,,,,,,219,4.977272727,219,4.977272727,,,,,,,,,,,,,,,,,,,"Jorge Polanco","13152",593871
"Daniel Susac","SFG",28,110,101,24,17,4,0,2,10,11,6,0,29,1,1,0,,1,0,0.239709,0.0561107,0.266716,0.210376,0.291318,0.357625,0.287115,0.648943,0.117916,3.96783,0.31318,-0.112751,-0.104184,10.4191,-2.64913,81.3682,-0.216935,0.28151,-2.6848729848861694,2.420398712158203,0.33423,999,,,,,,,86.7,3.096428571,86.7,3.096428571,,,,,,,,,,,,,,,,,,,"Daniel Susac","31441",691740
"Daniel Schneemann","CLE",40,171,153,34,22,7,1,4,19,17,16,0,47,1,1,0,,3,1,0.220326,0.0942408,0.273018,0.345182,0.296651,0.354276,0.289978,0.650926,0.13395,4.62043,0.287443,-0.124721,0.00613604,16.6984,-3.74642,83.9751,-0.118585,0.323727,-3.3490719944238663,0.534375011920929,0.332948,999,,,,,,,154.9,3.8725,154.9,3.8725,,,,,,,,,,,,,,,,,,,"Daniel Schneemann","25180",682177
"Heliot Ramos","SFG",57,248,225,57,38,11,1,8,30,29,18,1,60,3,2,0,,2,1,0.255361,0.0726728,0.242151,0.300113,0.318021,0.419813,0.322129,0.737835,0.164452,4.04458,0.31132,-0.295058,-0.242921,30.6554,1.04777,104.859,-0.537979,-2.9017,0.9202970266342163,-5.7230002880096436,0.331855,218.8000030517578,,,,,,,271,4.754385964,271,4.754385964,,,,,,,,,,,,,,,,,,,"Heliot Ramos","22515",671218
"Eduardo Valencia","DET",8,33,31,7,6,1,0,1,2,4,2,0,8,0,0,0,,0,0,0.242748,0.0602164,0.23098,0.2607,0.291301,0.359845,0.286486,0.651146,0.117097,1.92099,0.297709,-0.0196429,-0.0402862,3.14595,-0.821177,80.1144,-0.0599291,3.20926,-0.8377929776906967,2.8833328783512115,0.32688,999,,,,,,,26.5,3.3125,26.5,3.3125,,,,,,,,,,,,,,,,,,,"Eduardo Valencia","24574",680664
"Jordan Lawlar","ARI",31,134,120,29,18,6,1,3,16,14,11,0,36,2,1,0,,4,1,0.237218,0.0799955,0.268208,0.298259,0.306999,0.380996,0.303708,0.687995,0.143778,6.04805,0.310315,0.267564,0.264752,14.5573,-1.43762,89.1579,0.532316,-0.116665,-1.2254414558410645,0.07685332000255585,0.325607,261.6499938964844,,,,,,,137.5,4.43548387,137.5,4.43548387,,,,,,,,,,,,,,,,,,,"Jordan Lawlar","29976",691783
"Edmundo Sosa","PHI",40,174,161,39,26,7,1,5,21,21,7,0,39,4,1,1,,2,1,0.244293,0.042291,0.225618,0.187445,0.289933,0.400305,0.301027,0.690237,0.156011,5.10252,0.289677,0.140549,-0.0483775,18.5334,-2.24662,86.7392,0.0921716,0.605789,-2.7008887380361557,0.24467796087265015,0.325461,999,,,,,,,164.4,4.11,164.4,4.11,,,,,,,,,,,,,,,,,,,"Edmundo Sosa","17022",624641
"Colby Thomas","ATH",30,128,117,28,16,7,0,5,16,16,8,0,38,2,1,0,,2,0,0.239098,0.0619423,0.296333,0.209029,0.297003,0.431678,0.316882,0.728681,0.19258,4.6371,0.305957,-0.0523916,0.0822429,15.3098,-0.00447048,98.4791,0.0298514,0.596057,-0.1998047921806574,-1.1863500475883484,0.322482,748.5900268554688,,,,,,,140.9,4.696666666,140.9,4.696666666,,,,,,,,,,,,,,,,,,,"Colby Thomas","31855",687515
"Jake Meyers","HOU",22,97,87,21,14,4,0,2,11,9,8,0,20,1,1,0,,3,1,0.239695,0.0775233,0.206242,0.375885,0.307347,0.363601,0.29845,0.670948,0.123906,5.30758,0.288069,0.0476523,0.0612188,10.0991,-1.45108,89.2017,0.108871,0.472769,-1.120927482843399,0.8184483647346497,0.318406,738.1500244140625,,,,,,,90.9,4.131818181,90.9,4.131818181,,,,,,,,,,,,,,,,,,,"Jake Meyers","20308",676694
"Ke'Bryan Hayes","CIN",32,139,127,30,22,5,1,2,14,13,9,0,27,1,1,0,,3,1,0.235982,0.0669312,0.19085,0.3507,0.291712,0.347559,0.283294,0.63927,0.111576,5.02314,0.277333,0.0758623,-0.021932,12.7903,-3.7924,71.6071,0.0539303,2.83383,-4.71839951351285,3.3301273584365845,0.31759,999,,,,,,,112.9,3.528125,112.9,3.528125,,,,,,,,,,,,,,,,,,,"Ke'Bryan Hayes","18577",663647
"Royce Lewis","MIN",52,225,204,48,29,10,0,9,26,29,17,0,50,1,2,0,,5,1,0.236651,0.0767687,0.222881,0.344438,0.298133,0.418433,0.311921,0.716566,0.181782,4.19253,0.268176,0.0418179,0.245428,25.9005,-0.912398,97.1431,0.287246,-1.38523,-0.468056321144104,-4.414549350738525,0.316107,193.64999389648438,,,,,,,239.1,4.598076923,239.1,4.598076923,,,,,,,,,,,,,,,,,,,"Royce Lewis","20437",668904
"Tristan Gray","MIN",34,149,136,29,18,6,0,4,15,17,10,0,43,1,1,1,,1,0,0.216539,0.0642073,0.287491,0.223337,0.27184,0.366607,0.279777,0.638447,0.150068,3.544,0.278368,-0.129441,-0.0863398,13.2762,-4.48731,74.9749,-0.215781,1.09468,-4.599014639854431,2.4087201356887817,0.315115,999,,,,,,,116.3,3.420588235,116.3,3.420588235,,,,,,,,,,,,,,,,,,,"Tristan Gray","19877",656484
"Nate Eaton","BOS",16,71,64,15,10,3,0,1,8,7,5,0,17,1,0,0,,3,1,0.231239,0.0659252,0.241745,0.272705,0.290047,0.348828,0.28402,0.638875,0.11759,5.68481,0.292278,0.104651,0.177598,6.53215,-1.88297,74.423,0.282249,3.0267,-1.8400184512138367,2.4390488266944885,0.314904,999,,,,,,,59,3.6875,59,3.6875,,,,,,,,,,,,,,,,,,,"Nate Eaton","25055",681987
"Endy Rodríguez","PIT",25,100,90,20,13,5,0,2,11,10,9,0,22,1,1,0,,1,0,0.228202,0.0918723,0.224126,0.409914,0.302713,0.350471,0.291446,0.653184,0.122269,3.92883,0.28196,-0.0881532,-0.066337,9.90399,-2.07563,80.0415,-0.15449,0.554907,-2.5779504626989365,2.4106167554855347,0.31399,999,,,,,,,87.2,3.488,87.2,3.488,,,,,,,,,,,,,,,,,,,"Endy Rodriguez","25332",682848
"A.J. Ewing","NYM",36,154,138,32,21,6,0,4,17,17,13,0,36,2,1,1,,3,1,0.230428,0.0836878,0.233902,0.35779,0.302036,0.370978,0.298088,0.673014,0.14055,4.48403,0.28022,0,-0.0319627,16.0725,-2.36133,89.6283,-0.0319627,0,-1.9698683395981789,0.030092597007751465,0.312914,999,,,,,,,144.1,4.002777777,144.1,4.002777777,,,,,,,,,,,,,,,,,,,"A.J. Ewing","33656",805999
"Gabriel Arias","CLE",31,135,124,28,18,6,1,4,14,14,8,0,42,2,1,0,,2,1,0.228615,0.0622457,0.310285,0.200608,0.28477,0.375369,0.289749,0.660139,0.146754,4.97223,0.31097,-0.0126065,-0.0579944,13.1147,-2.97306,83.8172,-0.0706009,0.639868,-2.6376780569553375,0.9207324087619781,0.312378,748.3800048828125,,,,,,,124.5,4.016129032,124.5,4.016129032,,,,,,,,,,,,,,,,,,,"Gabriel Arias","22563",672356
"Keibert Ruiz","WSN",38,149,139,34,23,7,0,4,15,18,7,0,18,2,1,0,,1,0,0.24696,0.0463738,0.118089,0.392703,0.28757,0.381073,0.292566,0.668643,0.134113,2.50012,0.25649,-0.363474,-0.220309,14.829,-2.94411,82.6765,-0.583782,-0.978083,-3.7045698165893555,1.930867075920105,0.311468,720.3499755859375,,,,,,,138.2,3.636842105,138.2,3.636842105,,,,,,,,,,,,,,,,,,,"Keibert Ruiz","19610",660688
"Ty France","SDP",48,208,187,47,33,9,1,5,22,23,13,0,39,6,1,0,,1,0,0.251877,0.0609688,0.188246,0.323879,0.319176,0.384125,0.311744,0.703301,0.132248,2.83963,0.291481,-0.380954,-0.253452,23.9678,-0.875332,99.223,-0.634406,0.871457,-0.8300506472587585,-2.9072463512420654,0.308059,999,,,,,,,213.9,4.45625,213.9,4.45625,,,,,,,,,,,,,,,,,,,"Ty France","17982",664034
"Liam Hicks","MIA",46,193,166,41,29,7,1,5,21,22,20,0,27,4,2,1,,1,0,0.249121,0.102969,0.138122,0.745495,0.340129,0.379652,0.321739,0.719781,0.130531,3.02112,0.269332,-0.367008,-0.193471,23.7249,0.751963,100.902,-0.560479,-0.513399,-0.3505331724882126,-2.8806828260421753,0.307609,748.5399780273438,,,,,,,210.5,4.576086956,210.5,4.576086956,,,,,,,,,,,,,,,,,,,"Liam Hicks","29844",689414
"Miguel Amaya","CHC",30,121,107,24,16,5,0,3,13,14,9,0,25,3,1,1,,0,0,0.228282,0.0781575,0.211111,0.370219,0.304101,0.362099,0.296965,0.6662,0.133817,2.5767,0.268928,-0.239482,-0.129969,12.4457,-1.95463,87.3816,-0.369452,-0.705673,-2.2112469375133514,1.2906236052513123,0.304627,745.969970703125,,,,,,,106.1,3.536666666,106.1,3.536666666,,,,,,,,,,,,,,,,,,,"Miguel Amaya","21693",665804
"Jake Mangum","PIT",34,146,136,37,29,7,1,1,16,13,7,0,25,1,1,1,,7,2,0.27351,0.0507652,0.169683,0.299176,0.314849,0.354426,0.296605,0.669276,0.0809168,5.65828,0.325904,0.337302,0.429596,15.0201,-2.40831,83.5024,0.766898,0.479979,-2.147447407245636,0.3194853663444519,0.296454,672.4199829101562,,,,,,,138.3,4.067647058,138.3,4.067647058,,,,,,,,,,,,,,,,,,,"Jake Mangum","26202",663968
"Mickey Moniak","COL",44,191,177,46,26,9,2,9,25,28,11,0,47,2,1,0,,3,1,0.259269,0.0557618,0.246191,0.226498,0.305913,0.487718,0.339634,0.793631,0.228449,5.64624,0.300229,-0.0838206,-0.0219649,26.2866,3.51624,100.723,-0.105786,-0.122645,0.06115001440048218,-3.3522746935486794,0.295951,245.8300018310547,,,,,,,244.6,5.559090909,244.6,5.559090909,,,,,,,,,,,,,,,,,,,"Mickey Moniak","19956",666160
"Amed Rosario","NYY",23,100,93,25,17,4,1,2,12,12,5,0,19,1,1,0,,2,1,0.262544,0.0478303,0.18709,0.255654,0.301167,0.400615,0.306151,0.701782,0.138071,5.17434,0.301406,0.202821,0.0154016,11.0384,-0.872702,95.0717,0.218223,-0.339626,-0.360592246055603,-0.2886999659240246,0.294216,999,,,,,,,102.1,4.439130434,102.1,4.439130434,,,,,,,,,,,,,,,,,,,"Amed Rosario","15518",642708
"Willi Castro","COL",51,221,196,50,33,10,1,5,28,22,18,0,51,5,1,1,,6,2,0.25412,0.0824304,0.231656,0.355832,0.331126,0.395645,0.322096,0.726771,0.141525,5.651,0.317919,0.102455,0.0436963,27.3287,0.928287,88.9572,0.146151,-1.97669,-2.808816611766815,-1.5223733484745026,0.290975,256.3399963378906,,,,,,,240.5,4.715686274,240.5,4.715686274,,,,,,,,,,,,,,,,,,,"Willi Castro","17338",650489
"Kaelen Culpepper","MIN",10,45,41,10,7,2,0,1,5,5,3,0,10,1,0,0,,1,0,0.236892,0.0751,0.213865,0.351157,0.305997,0.372068,0.301546,0.678065,0.135177,4.90408,0.280004,0.0261663,0.103637,4.80174,-0.560841,89.9876,0.129803,1.21726,-0.39961865544319153,1.6586164832115173,0.289451,999,,,,,,,44.1,4.41,44.1,4.41,,,,,,,,,,,,,,,,,,,"Kaelen Culpepper","sa3025360",701785
"Jesus Rodriguez","SFG",13,50,46,12,9,2,0,1,6,5,4,0,8,1,0,0,,1,0,0.263797,0.0782046,0.149651,0.52258,0.32872,0.357682,0.306523,0.686402,0.0938846,4.33911,0.301866,-0.00545148,-0.0114215,5.57494,-0.424374,94.3891,-0.016873,0.854254,-0.35806721076369286,1.5774019956588745,0.289118,999,,,,,,,53.3,4.1,53.3,4.1,,,,,,,,,,,,,,,,,,,"Jesus Rodriguez","26991",683679
"Josh Smith","TEX",22,97,84,20,14,4,0,2,11,8,10,0,18,2,1,0,,2,1,0.237759,0.0999126,0.18772,0.532242,0.32851,0.355584,0.307242,0.684094,0.117825,4.56766,0.281756,-0.0179833,-0.0234085,10.8089,-0.761892,96.1048,-0.0413918,-0.454323,-0.4858006052672863,-0.12839695811271667,0.287484,428.9100036621094,,,,,,,95.4,4.336363636,95.4,4.336363636,,,,,,,,,,,,,,,,,,,"Josh Smith","26396",669701
"Pedro Pagés","STL",15,61,55,13,9,2,0,2,6,6,4,0,16,1,0,1,,0,0,0.225766,0.0597523,0.255891,0.233507,0.279216,0.358923,0.281003,0.638139,0.133157,2.39255,0.280327,-0.0856726,-0.0653987,5.49019,-1.77464,77.0249,-0.151071,1.4821,-1.8428621143102646,2.6711405515670776,0.284503,748.2899780273438,,,,,,,57.4,3.826666666,57.4,3.826666666,,,,,,,,,,,,,,,,,,,"Pedro Pages","25782",686780
"Victor Scott II","STL",34,145,128,28,20,5,1,2,16,11,11,0,33,2,1,2,,9,2,0.218067,0.0787487,0.227393,0.346311,0.291774,0.31229,0.273232,0.604063,0.0942222,6.73114,0.276417,0.836622,0.902779,12.1413,-5.13239,71.8114,1.7394,0.715392,-3.1960045099258423,1.2323670387268066,0.278451,391.1300048828125,,,,,,,118.3,3.479411764,118.3,3.479411764,,,,,,,,,,,,,,,,,,,"Victor Scott II","31349",687363
"Javier Sanoja","MIA",28,121,111,29,20,6,1,2,13,13,7,0,14,1,1,1,,3,1,0.258266,0.060787,0.115604,0.52582,0.305505,0.379951,0.300866,0.685457,0.121685,5.09517,0.279263,-0.0484327,-0.0686029,12.8381,-1.57384,86.8983,-0.117036,0.392306,-2.0309075489640236,0.8436945080757141,0.27797,999,,,,,,,120.2,4.292857142,120.2,4.292857142,,,,,,,,,,,,,,,,,,,"Javier Sanoja","28253",691594
"Gavin Sheets","SDP",53,231,207,49,30,11,0,8,25,28,20,1,48,2,1,0,,2,0,0.236882,0.0886996,0.206114,0.430343,0.309859,0.403487,0.313104,0.713345,0.166605,2.95763,0.269322,-0.412302,-0.153957,26.8494,-0.716293,100.136,-0.566259,-0.798673,-0.5283774845302105,-4.251450717449188,0.277764,684.8099975585938,,,,,,,244.3,4.609433962,244.3,4.609433962,,,,,,,,,,,,,,,,,,,"Gavin Sheets","19901",657757
"Taylor Trammell","HOU",31,136,119,25,15,6,0,4,16,14,14,0,42,1,1,0,,3,1,0.208798,0.10433,0.310624,0.335874,0.29802,0.363177,0.294743,0.661198,0.154379,4.82659,0.282667,-0.0194747,0.0539908,13.7311,-2.43917,86.6449,0.0345161,0.270181,-2.0948629677295685,-0.03599199652671814,0.272985,999,,,,,,,123.9,3.996774193,123.9,3.996774193,,,,,,,,,,,,,,,,,,,"Taylor Trammell","19960",666211
"Addison Barger","TOR",26,111,100,24,14,6,0,4,13,14,9,0,27,1,1,0,,1,0,0.236423,0.0837684,0.240833,0.347827,0.304721,0.41362,0.313013,0.718341,0.177198,3.20244,0.281721,-0.0951295,-0.100558,12.9193,-0.353109,99.2735,-0.195688,0.140956,-0.29076848924160004,-1.0099695175886154,0.269425,193.08999633789062,,,,,,,121.3,4.665384615,121.3,4.665384615,,,,,,,,,,,,,,,,,,,"Addison Barger","24598",680718
"Gavin Lux","TBR",29,123,109,26,18,6,1,2,14,12,13,0,28,0,1,0,,1,0,0.242979,0.107767,0.224727,0.479548,0.325912,0.35588,0.305847,0.681792,0.112901,4.04263,0.308334,-0.0983686,-0.11069,13.617,-1.10945,92.828,-0.209058,-0.944341,-1.2504805475473404,-0.5036005675792694,0.267486,745.989990234375,,,,,,,119.4,4.117241379,119.4,4.117241379,,,,,,,,,,,,,,,,,,,"Gavin Lux","19955",666158
"José Fermín","STL",22,96,83,20,14,4,0,2,11,9,9,0,13,1,1,1,,3,1,0.242011,0.0978651,0.140278,0.697653,0.327339,0.356268,0.307025,0.683607,0.114257,4.55057,0.268696,0.0362898,0.0982236,10.6331,-0.767503,94.4833,0.134513,-0.113122,-0.5029809921979904,-0.020065970718860626,0.261999,999,,,,,,,92.3,4.195454545,92.3,4.195454545,,,,,,,,,,,,,,,,,,,"Jose Fermin","21746",665877
"Leody Taveras","BAL",23,98,89,21,14,4,1,2,11,10,7,0,21,0,1,1,,4,1,0.233506,0.0759544,0.216614,0.350644,0.291807,0.362469,0.288758,0.654276,0.128963,5.98567,0.281157,0.222507,0.278988,9.48372,-2.24692,83.3965,0.501496,0.31439,-1.4189929962158203,0.5049762278795242,0.261973,999,,,,,,,90.5,3.934782608,90.5,3.934782608,,,,,,,,,,,,,,,,,,,"Leody Taveras","18900",665750
"Matt Vierling","DET",32,140,126,31,21,6,1,3,16,14,11,0,30,1,1,0,,2,1,0.242479,0.0783475,0.217706,0.359877,0.306628,0.383007,0.30376,0.689635,0.140528,4.83831,0.290557,-0.0159093,-0.0514693,15.1827,-1.49288,92.0279,-0.0673786,-0.255193,-1.378199614584446,-1.0190820097923279,0.261292,999,,,,,,,135.9,4.246875,135.9,4.246875,,,,,,,,,,,,,,,,,,,"Matt Vierling","21558",663837
"Jonatan Clase","TOR",13,54,49,11,8,2,0,1,5,5,4,0,15,0,0,0,,1,0,0.218838,0.0779878,0.27913,0.279396,0.282664,0.303491,0.264496,0.586155,0.0846532,4.70137,0.298774,0.154318,0.0348717,4.16072,-2.30531,65.8138,0.18919,3.0483,-1.9904183149337769,2.5899693071842194,0.25606,999,,,,,,,41.7,3.207692307,41.7,3.207692307,,,,,,,,,,,,,,,,,,,"Jonatan Clase","26599",682729
"Connor Wong","BOS",26,102,92,22,15,5,0,2,11,10,7,0,25,1,1,1,,1,1,0.236577,0.0703171,0.240687,0.292151,0.297668,0.357536,0.29077,0.655204,0.120959,3.85743,0.298423,-0.13578,-0.149578,10.0152,-2.16667,79.078,-0.285357,-0.350954,-2.798439234495163,1.6428733468055725,0.251164,999,,,,,,,87.6,3.369230769,87.6,3.369230769,,,,,,,,,,,,,,,,,,,"Connor Wong","19896",657136
"Jake McCarthy","COL",43,185,167,44,31,8,2,3,23,18,12,0,33,3,1,2,,8,2,0.26254,0.064835,0.176641,0.367045,0.320257,0.392168,0.313795,0.712426,0.129628,7.17134,0.30728,0.816884,0.646842,21.6397,-0.470661,83.3881,1.46373,0.33085,-2.259160041809082,-1.3382855355739594,0.24672,506.760009765625,,,,,,,196.8,4.576744186,196.8,4.576744186,,,,,,,,,,,,,,,,,,,"Jake McCarthy","21622",664983
"Rhys Hoskins","CLE",39,169,144,31,18,7,0,6,19,21,21,0,46,2,2,0,,1,0,0.218883,0.124064,0.271573,0.456835,0.324138,0.401627,0.321255,0.725765,0.182744,2.76464,0.268488,-0.509664,-0.148308,20.7017,0.59203,105.545,-0.657972,-0.66875,0.44153040647506714,-4.039120733737946,0.243594,737.989990234375,,,,,,,177.2,4.543589743,177.2,4.543589743,,,,,,,,,,,,,,,,,,,"Rhys Hoskins","16472",656555
"Drew Cavanaugh","SFG",16,63,56,13,9,2,0,2,7,7,5,0,15,1,0,0,,1,0,0.230428,0.0836878,0.233902,0.35779,0.302036,0.370978,0.298088,0.673014,0.14055,4.48403,0.28022,0,-0.0129481,6.51097,-0.956571,88.73,-0.0129481,0,-0.8659826656803489,1.2222222089767456,0.242333,999,,,,,,,61.3,3.83125,61.3,3.83125,,,,,,,,,,,,,,,,,,,"Drew Cavanaugh","33380",701852
"Josh Lowe","LAA",41,177,161,37,23,8,1,5,20,19,13,1,49,1,1,1,,7,1,0.232356,0.0762151,0.274632,0.277518,0.293503,0.389763,0.298321,0.683265,0.157407,5.89599,0.296826,0.379876,0.640106,18.4438,-2.67139,87.3383,1.01998,-0.500822,-1.6161994934082031,-2.31640887260437,0.240074,297.0899963378906,,,,,,,174.6,4.258536585,174.6,4.258536585,,,,,,,,,,,,,,,,,,,"Josh Lowe","19953",666139
"Jared Young","NYM",35,152,134,32,19,6,1,5,18,18,14,0,38,2,1,0,,1,1,0.234672,0.0901708,0.249181,0.361869,0.313807,0.411133,0.318393,0.72494,0.176461,4.11484,0.283157,-0.170289,-0.179801,18.2793,0.18061,103.251,-0.35009,-0.0152517,0.2462419867515564,-2.8238936522975564,0.239104,999,,,,,,,162.4,4.64,162.4,4.64,,,,,,,,,,,,,,,,,,,"Jared Young","20404",676724
"Jake Rogers","DET",17,68,61,12,8,2,0,2,8,7,6,0,19,1,1,0,,0,0,0.204928,0.0819135,0.287524,0.284893,0.27666,0.357572,0.280422,0.634232,0.152644,3.78628,0.259355,-0.0410241,-0.0605601,6.08172,-2.00811,75.9328,-0.101584,0.639755,-2.0213726088404655,1.9638288617134094,0.23863,999,,,,,,,51.8,3.047058823,51.8,3.047058823,,,,,,,,,,,,,,,,,,,"Jake Rogers","19452",668670
"Josh Bell","MIN",52,225,200,48,32,9,0,8,25,28,22,0,44,2,1,0,,0,0,0.242629,0.0965208,0.196234,0.491866,0.320609,0.406093,0.320174,0.726702,0.163464,2.0514,0.272204,-0.72125,-0.369495,27.4053,0.59236,102.835,-1.09075,-0.360156,-0.34128957986831665,-5.335464656352997,0.235741,636.3300170898438,,,,,,,242.1,4.65576923,242.1,4.65576923,,,,,,,,,,,,,,,,,,,"Josh Bell","13145",605137
"Jacob Melton","TBR",9,38,35,7,5,2,0,1,4,4,3,0,11,0,0,0,,2,1,0.20557,0.077819,0.29918,0.260108,0.269525,0.329253,0.266992,0.598778,0.123683,6.08845,0.279449,0.169934,0.140751,3.01044,-1.54776,66.0318,0.310685,2.42035,-1.2160160541534424,2.178994432091713,0.235188,727.5700073242188,,,,,,,29.4,3.266666666,29.4,3.266666666,,,,,,,,,,,,,,,,,,,"Jacob Melton","31661",689200
"Brenton Doyle","COL",17,72,66,16,11,3,0,2,9,8,5,0,19,0,1,0,,3,1,0.245166,0.067604,0.268106,0.252154,0.29902,0.401268,0.306094,0.700288,0.156102,6.64805,0.311886,0.228382,0.228439,7.94815,-0.631972,78.2215,0.456821,1.13547,-1.4372090697288513,1.3922620713710785,0.232468,166.25,,,,,,,69,4.058823529,69,4.058823529,,,,,,,,,,,,,,,,,,,"Brenton Doyle","25479",686668
"Esteury Ruiz","MIA",21,93,82,19,12,4,1,2,12,9,7,0,23,2,1,1,,8,2,0.230763,0.0808109,0.247723,0.326215,0.306996,0.369322,0.30057,0.676318,0.138558,7.94773,0.291976,0.573441,0.777677,9.83022,-1.2301,86.6997,1.35112,-0.213146,-0.1399327516555786,-0.6043498069047928,0.230209,748.530029296875,,,,,,,97.1,4.623809523,97.1,4.623809523,,,,,,,,,,,,,,,,,,,"Esteury Ruiz","21780",665923
"Jared Triolo","PIT",21,90,79,19,14,4,0,1,10,8,9,0,20,1,1,0,,2,1,0.242339,0.0978973,0.227699,0.429941,0.321917,0.354638,0.303292,0.676555,0.112299,5.18658,0.306644,0.054909,0.104296,9.73083,-0.994323,87.9888,0.159205,0.0902882,-1.146525889635086,0.49152274429798126,0.229986,735.5399780273438,,,,,,,79.4,3.78095238,79.4,3.78095238,,,,,,,,,,,,,,,,,,,"Jared Triolo","25807",669707
"Carson Williams","TBR",20,88,79,17,10,3,1,3,10,10,7,0,30,1,1,1,,2,1,0.209109,0.0800849,0.335209,0.23891,0.277313,0.363458,0.282757,0.640771,0.154349,6.09062,0.291939,0.0114918,0.0625875,8.07483,-2.44408,76.9041,0.0740793,0.540305,-2.321411319077015,1.4427737593650818,0.228938,724.5499877929688,,,,,,,83.8,4.19,83.8,4.19,,,,,,,,,,,,,,,,,,,"Carson Williams","30038",700246
"Christian Vázquez","HOU",27,106,97,21,16,4,0,2,10,10,7,0,20,1,1,1,,1,0,0.221765,0.0676268,0.190883,0.354283,0.278413,0.329274,0.270313,0.607687,0.107509,2.73868,0.25652,-0.28053,-0.095185,8.65546,-4.01673,69.7966,-0.375715,0.537678,-4.1496661603450775,2.6117523908615112,0.227287,999,,,,,,,76.9,2.848148148,76.9,2.848148148,,,,,,,,,,,,,,,,,,,"Christian Vazquez","9774",543877
"Jorge Mateo","ATL",15,67,61,14,9,3,1,2,9,6,4,0,18,0,0,1,,5,1,0.234487,0.0587296,0.272087,0.215848,0.281893,0.381547,0.289692,0.663439,0.147059,8.02266,0.303028,0.397734,0.500148,6.47438,-1.47152,80.2625,0.897881,0.0827326,-0.6917645931243896,0.7341214492917061,0.223783,999,,,,,,,69.3,4.62,69.3,4.62,,,,,,,,,,,,,,,,,,,"Jorge Mateo","17273",622761
"Lourdes Gurriel Jr.","ARI",55,237,218,57,38,11,1,7,26,31,15,0,38,2,2,0,,3,1,0.259892,0.0613725,0.160284,0.382897,0.310362,0.414684,0.316394,0.725047,0.154793,4.17544,0.283106,-0.170069,-0.0466985,28.1444,-0.101986,97.6691,-0.216767,-0.0892793,-0.8840991109609604,-4.621687106788158,0.223101,689.0700073242188,,,,,,,258.5,4.7,258.5,4.7,,,,,,,,,,,,,,,,,,,"Lourdes Gurriel Jr.","19238",666971
"James Outman","DET",22,97,87,17,10,4,0,3,11,10,9,0,34,1,0,0,,3,1,0.199324,0.0942986,0.349469,0.269834,0.281944,0.364783,0.286857,0.646726,0.165459,5.4469,0.280918,0.129215,0.245077,9.20492,-2.36587,80.3706,0.374292,0.298277,-1.8652494549751282,0.6038327813148499,0.221987,999,,,,,,,80.9,3.677272727,80.9,3.677272727,,,,,,,,,,,,,,,,,,,"James Outman","24770",681546
"Christian Koss","SFG",5,20,19,4,4,1,0,0,2,2,1,0,5,0,0,0,,0,0,0.237118,0.0479434,0.233256,0.20554,0.277788,0.311031,0.262693,0.588819,0.0739134,4.50646,0.303128,0.00272156,-0.0110438,1.50368,-0.878538,64.9836,-0.00832221,2.24813,-0.8538306709378958,2.360166162252426,0.218244,999,,,,,,,9.3,1.86,9.3,1.86,,,,,,,,,,,,,,,,,,,"Christian Koss","27653",683766
"Matt Shaw","CHC",20,86,77,19,12,3,1,2,11,9,7,0,17,1,1,0,,3,1,0.242499,0.0838547,0.197719,0.42411,0.311266,0.398593,0.311961,0.709859,0.156093,6.08889,0.278326,0.0989761,0.19971,9.86487,-0.344659,97.4425,0.298686,0.249133,0.034022748470306396,-0.6879041790962219,0.215855,336.67999267578125,,,,,,,89.5,4.475,89.5,4.475,,,,,,,,,,,,,,,,,,,"Matt Shaw","33322",807713
"Luisangel Acuña","CHW",23,98,91,22,17,4,0,1,12,8,6,0,18,1,1,1,,6,1,0.243007,0.058384,0.182992,0.319053,0.290626,0.333526,0.277669,0.624152,0.0905189,6.40918,0.288732,0.444854,0.520788,8.61048,-3.13564,74.0274,0.965642,0.00190204,-2.042503535747528,0.6636304184794426,0.215398,395.510009765625,,,,,,,82.8,3.6,82.8,3.6,,,,,,,,,,,,,,,,,,,"Luisangel Acuna","26548",682668
"Marcelo Mayer","BOS",23,100,91,22,14,5,0,2,11,11,7,0,23,1,1,0,,1,0,0.240604,0.0712619,0.225665,0.315786,0.297467,0.380459,0.297486,0.677926,0.139855,4.31207,0.291879,-0.00472655,-0.0396382,10.3455,-1.57592,83.7095,-0.0443647,-0.208936,-1.9592862389981747,0.5256320238113403,0.215152,589.5399780273438,,,,,,,91.4,3.973913043,91.4,3.973913043,,,,,,,,,,,,,,,,,,,"Marcelo Mayer","29668",691785
"Kameron Misner","KCR",3,14,12,3,2,1,0,0,2,1,1,0,5,0,0,0,,0,0,0.217927,0.105068,0.320984,0.327329,0.302068,0.345577,0.290835,0.647645,0.12765,5.17821,0.311626,0.0170075,0.0383446,1.37849,-0.297317,80.316,0.0553521,1.84101,-0.26990411058068275,1.891161672770977,0.214706,999,,,,,,,10.7,3.566666666,10.7,3.566666666,,,,,,,,,,,,,,,,,,,"Kameron Misner","26374",670224
"Jim Jarvis","ATL",19,81,72,17,11,3,0,2,9,9,7,0,19,1,1,0,,1,0,0.230428,0.0836878,0.233902,0.35779,0.302036,0.370978,0.298088,0.673014,0.14055,4.48403,0.28022,0,-0.0167726,8.43415,-1.23912,85.8954,-0.0167726,0,-1.399692365899682,0.8271604776382446,0.209274,999,,,,,,,76.6,4.031578947,76.6,4.031578947,,,,,,,,,,,,,,,,,,,"Jim Jarvis","33492",805347
"Tyler Callihan","PIT",24,104,93,21,14,4,0,2,11,10,8,0,27,1,1,1,,3,1,0.223546,0.0815447,0.256008,0.318525,0.290361,0.352899,0.285248,0.64326,0.129353,5.30885,0.285649,0.0768541,0.113318,9.72963,-2.67134,75.883,0.190173,1.41609,-2.841229796409607,1.5063628926873207,0.207477,999,,,,,,,84.9,3.5375,84.9,3.5375,,,,,,,,,,,,,,,,,,,"Tyler Callihan","27497",682997
"Nick Fortes","TBR",32,126,115,26,18,5,0,3,12,12,6,0,21,3,1,1,,1,0,0.228111,0.0501414,0.168601,0.297397,0.281928,0.341809,0.277237,0.623737,0.113698,3.32791,0.257541,-0.105744,-0.0767216,11.0007,-4.06637,73.0976,-0.182465,-0.842058,-4.179241314530373,1.62399160861969,0.196702,999,,,,,,,102.2,3.19375,102.2,3.19375,,,,,,,,,,,,,,,,,,,"Nick Fortes","21538",663743
"Justin Dean","CHC",3,11,10,2,2,0,0,0,2,1,1,0,4,0,0,0,,1,0,0.212313,0.0708181,0.325277,0.217717,0.271992,0.28085,0.251195,0.552842,0.0685376,8.43951,0.317027,0.0201457,0.188607,0.752814,-0.608456,56.6749,0.208753,1.98,-0.3890368789434433,1.9392591565847397,0.194483,999,,,,,,,6.1,2.033333333,6.1,2.033333333,,,,,,,,,,,,,,,,,,,"Justin Dean","25005",681909
"Hunter Feduccia","TBR",35,140,123,27,18,5,1,2,14,13,15,0,37,1,1,0,,1,0,0.215867,0.105273,0.2649,0.397407,0.30089,0.325529,0.282857,0.626419,0.109662,3.68976,0.285795,-0.18606,-0.076629,12.808,-3.862,76.9728,-0.262689,-1.74302,-4.047683417797089,0.9853705167770386,0.193823,999,,,,,,,117.1,3.345714285,117.1,3.345714285,,,,,,,,,,,,,,,,,,,"Hunter Feduccia","23372",676439
"Gary Sánchez","MIL",17,70,61,13,8,2,0,3,8,10,7,0,18,1,1,0,,0,0,0.217818,0.0988918,0.255064,0.387714,0.309755,0.408148,0.316575,0.717903,0.19033,2.30057,0.250609,-0.143759,-0.0785733,8.36158,-0.0199489,99.5113,-0.222333,-0.247967,-0.26384690403938293,-0.12574507296085358,0.192105,999,,,,,,,69.8,4.105882352,69.8,4.105882352,,,,,,,,,,,,,,,,,,,"Gary Sanchez","11442",596142
"Edwin Arroyo","CIN",37,159,146,37,26,7,1,3,17,16,9,0,33,2,1,1,,3,1,0.25195,0.0584563,0.207886,0.281194,0.300873,0.369932,0.295514,0.670805,0.117982,4.78918,0.304303,-0.0241148,-0.0119128,16.2345,-2.76658,79.8051,-0.0360276,0.0250271,-3.9254421330988407,0.6350579429417849,0.191904,999,,,,,,,151.3,4.089189189,151.3,4.089189189,,,,,,,,,,,,,,,,,,,"Edwin Arroyo","29957",695490
"Andrew Vaughn","MIL",46,197,179,46,30,9,0,6,21,27,14,0,36,2,2,0,,0,0,0.25774,0.0714323,0.184082,0.388046,0.317235,0.423023,0.323513,0.740258,0.165283,2.17085,0.287608,-0.523225,-0.237854,24.5338,1.05191,104.166,-0.761079,-1.18059,0.2304091453552246,-4.755586504936218,0.190724,272.2699890136719,,,,,,,209.1,4.545652173,209.1,4.545652173,,,,,,,,,,,,,,,,,,,"Andrew Vaughn","26197",683734
"Everson Pereira","CHW",23,98,89,20,12,4,0,4,12,12,8,0,30,1,1,0,,2,0,0.2238,0.0795997,0.309447,0.257232,0.293475,0.396438,0.302756,0.689913,0.172638,4.93313,0.292378,-0.0509681,0.0631472,10.6143,-1.13181,91.3286,0.0121791,-0.406245,-0.9921410651877522,-0.6337139159440994,0.190404,999,,,,,,,103,4.478260869,103,4.478260869,,,,,,,,,,,,,,,,,,,"Everson Pereira","23695",677592
"Miguel Rojas","LAD",19,81,74,18,13,4,0,1,9,8,5,0,11,1,1,1,,1,0,0.249168,0.0668804,0.138043,0.484488,0.30412,0.356001,0.292827,0.660122,0.106833,3.81414,0.275815,-0.0660648,-0.0583403,8.12686,-1.59282,83.3355,-0.124405,0.631571,-1.7661602422595024,0.9826517105102539,0.189206,999,,,,,,,67.7,3.563157894,67.7,3.563157894,,,,,,,,,,,,,,,,,,,"Miguel Rojas","7802",500743
"Denzel Clarke","ATH",9,40,36,8,5,2,0,1,5,4,3,0,13,1,0,0,,1,0,0.22709,0.0722213,0.325687,0.221751,0.293689,0.361473,0.290909,0.655161,0.134383,7.1813,0.330419,0.0828824,0.12094,3.92155,-0.842897,80.5666,0.203822,1.00214,-0.7091333568096161,1.1447359770536423,0.188051,728.3300170898438,,,,,,,37.9,4.211111111,37.9,4.211111111,,,,,,,,,,,,,,,,,,,"Denzel Clarke","29858",672016
"Kyle Isbel","KCR",31,132,119,28,19,6,1,2,15,12,8,0,26,1,1,2,,3,1,0.235133,0.0617842,0.20027,0.308505,0.289748,0.351626,0.283892,0.641374,0.116493,5.66858,0.283276,0.217003,-0.00425902,12.2141,-3.53851,75.5278,0.212744,0.27122,-3.588391900062561,0.7426709830760956,0.188021,999,,,,,,,109.6,3.53548387,109.6,3.53548387,,,,,,,,,,,,,,,,,,,"Kyle Isbel","21614",664728
"Giancarlo Stanton","NYY",20,86,77,18,10,3,0,5,10,14,8,0,26,0,0,0,,0,0,0.230791,0.0922146,0.307795,0.299598,0.304298,0.466648,0.33135,0.770946,0.235857,1.97905,0.276085,-0.239044,-0.0713562,11.211,1.00148,112.451,-0.3104,0,0.9429864287376404,-2.1388888359069824,0.187483,251.4600067138672,,,,,,,103.5,5.175,103.5,5.175,,,,,,,,,,,,,,,,,,,"Giancarlo Stanton","4949",519317
"Carlos Cortes","ATH",31,134,120,30,19,7,0,4,15,16,12,0,25,1,1,0,,1,0,0.250988,0.0868826,0.187481,0.463421,0.319009,0.416187,0.321831,0.735196,0.165199,3.38487,0.283107,-0.237417,-0.103104,16.5285,0.533586,101.892,-0.340521,0.0289407,-0.04212963581085205,-2.9145779479295015,0.184113,999,,,,,,,146.8,4.73548387,146.8,4.73548387,,,,,,,,,,,,,,,,,,,"Carlos Cortes","21842",666126
"Masataka Yoshida","BOS",29,126,113,31,21,6,0,3,14,15,10,0,16,2,1,0,,1,0,0.2697,0.0764454,0.127896,0.597713,0.336163,0.401875,0.32591,0.738038,0.132175,4.04127,0.292281,-0.185096,-0.0127667,15.9983,0.921168,103.312,-0.197863,-0.0559626,0.2945680022239685,-3.046703401952982,0.177081,748.3300170898438,,,,,,,144.1,4.968965517,144.1,4.968965517,,,,,,,,,,,,,,,,,,,"Masataka Yoshida","31837",807799
"Mike Yastrzemski","ATL",30,130,114,26,16,6,1,4,16,14,14,0,30,1,1,1,,1,0,0.230758,0.107757,0.228029,0.472558,0.320621,0.401507,0.318067,0.722128,0.170749,4.18501,0.27424,-0.0941215,-0.0985254,15.6671,0.120746,99.2996,-0.192647,-0.725427,-0.30301177501678467,-2.2039759755134583,0.175748,656.0999755859375,,,,,,,139.2,4.64,139.2,4.64,,,,,,,,,,,,,,,,,,,"Mike Yastrzemski","14854",573262
"Jonny DeLuca","TBR",27,115,105,24,16,5,1,2,13,12,7,0,24,1,1,1,,5,1,0.23089,0.0628052,0.210244,0.298725,0.286518,0.36177,0.285743,0.648288,0.13088,6.36179,0.275691,0.240334,0.371569,10.775,-2.8996,78.9636,0.611903,0.35191,-2.22453635931015,-0.1622874140739441,0.171669,999,,,,,,,99.1,3.67037037,99.1,3.67037037,,,,,,,,,,,,,,,,,,,"Jonny DeLuca","26365",676356
"Richie Palacios","TBR",27,115,100,22,15,4,1,2,13,10,12,0,23,1,1,0,,5,1,0.222132,0.10853,0.203673,0.532865,0.313436,0.330441,0.291176,0.643877,0.108309,6.06616,0.269695,0.142103,0.290854,11.2801,-2.39443,82.7103,0.432956,-0.206712,-1.8983043432235718,-0.4900451898574829,0.171514,999,,,,,,,105,3.888888888,105,3.888888888,,,,,,,,,,,,,,,,,,,"Richie Palacios","24589",680700
"Jorge Soler","LAA",49,211,185,42,24,8,0,9,25,26,21,0,59,2,2,0,,0,0,0.223949,0.100178,0.279058,0.358987,0.309125,0.412881,0.317119,0.722005,0.188932,2.18986,0.274059,-0.633154,-0.228847,25.1702,0.0331586,100.303,-0.862001,-0.205119,-0.7869275063276291,-5.029964596033096,0.170921,634.8099975585938,,,,,,,227,4.632653061,227,4.632653061,,,,,,,,,,,,,,,,,,,"Jorge Soler","14221",624585
"Drew Millas","WSN",22,87,79,18,13,3,0,1,9,8,6,0,15,0,1,1,,2,0,0.23345,0.074144,0.173812,0.426576,0.293553,0.330371,0.278002,0.623924,0.0969208,4.93334,0.274534,0.0148922,0.041169,7.66105,-2.75767,72.9058,0.0560611,-0.0829453,-2.8051835373044014,1.622301608324051,0.168101,999,,,,,,,61.7,2.804545454,61.7,2.804545454,,,,,,,,,,,,,,,,,,,"Drew Millas","25643",686452
"Will Wilson","SEA",1,3,3,1,0,0,0,0,0,0,0,0,1,0,0,0,,0,0,0.206133,0.0630984,0.285497,0.221012,0.260762,0.304003,0.252535,0.564766,0.0978706,3.02928,0.277743,-0.00126668,0.00113825,0.188405,-0.146756,63.5611,-0.000128431,1.64168,-0.12055103978491388,1.671774622052908,0.167108,999,,,,,,,2.6,2.6,2.6,2.6,,,,,,,,,,,,,,,,,,,"Will Wilson","25434",669717
"Jake Fraley","TBR",24,103,92,21,14,5,0,2,11,10,9,0,22,1,1,0,,3,1,0.231726,0.0916383,0.217413,0.421495,0.307614,0.356704,0.296129,0.664318,0.124978,4.53509,0.280381,0.0568848,0.112645,10.5366,-1.73549,86.1262,0.16953,0.756683,-1.509277954697609,-0.5130701661109924,0.166172,999,,,,,,,91.8,3.825,91.8,3.825,,,,,,,,,,,,,,,,,,,"Jake Fraley","19260",641584
"Sung-Mun Song","SDP",23,100,91,21,15,4,0,2,11,10,8,0,18,0,1,0,,2,0,0.232124,0.0785469,0.181493,0.432781,0.293733,0.348306,0.284199,0.642039,0.116182,4.96064,0.268395,0.0976779,0.147493,9.26032,-2.65079,80.743,0.245171,0.144711,-2.0797395557165146,0.4400815814733505,0.163102,999,,,,,,,84.8,3.686956521,84.8,3.686956521,,,,,,,,,,,,,,,,,,,"Sung-Mun Song","37122",823550
"Ali Sánchez","NYY",14,55,50,11,8,2,0,1,5,5,4,0,14,0,0,0,,0,0,0.21416,0.068436,0.247098,0.276959,0.270221,0.31909,0.263216,0.589312,0.104931,2.24481,0.269858,-0.0751099,-0.053879,4.14765,-2.38645,65.4617,-0.128989,0.914658,-2.3542203307151794,1.984101951122284,0.159988,999,,,,,,,38.8,2.771428571,38.8,2.771428571,,,,,,,,,,,,,,,,,,,"Ali Sanchez","18551",645305
"Noelvi Marte","CIN",40,171,158,40,26,8,1,5,21,20,10,0,39,2,1,0,,5,2,0.253707,0.0604553,0.226926,0.26641,0.304143,0.410748,0.311959,0.714891,0.157041,5.43841,0.303361,0.162094,0.117706,19.6946,-0.688322,90.8383,0.2798,-0.674258,-1.6130163073539734,-2.380276918411255,0.158944,147.7100067138672,,,,,,,181.8,4.545,181.8,4.545,,,,,,,,,,,,,,,,,,,"Noelvi Marte","26517",682622
"Joey Bart","ATL",13,53,47,11,8,2,0,1,6,6,5,0,15,1,0,0,,0,0,0.238653,0.0898006,0.277919,0.323118,0.320335,0.369149,0.308483,0.689484,0.130496,2.41052,0.315195,-0.124517,-0.0680448,5.95459,-0.362649,92.8697,-0.192562,-0.549904,-0.6491227000951767,0.48404639959335327,0.157801,999,,,,,,,47.8,3.676923076,47.8,3.676923076,,,,,,,,,,,,,,,,,,,"Joey Bart","21524",663698
"Mitch Garver","SEA",17,67,58,12,7,2,0,2,7,8,8,0,19,1,1,0,,0,0,0.204031,0.114875,0.280051,0.410193,0.302841,0.363365,0.297901,0.666206,0.159334,2.55355,0.253905,-0.177718,-0.0694465,7.01159,-1.04186,94.8483,-0.247165,-1.17574,-0.6562606990337372,-0.19271135330200195,0.15744,999,,,,,,,60.8,3.576470588,60.8,3.576470588,,,,,,,,,,,,,,,,,,,"Mitch Garver","15161",641598
"Graham Pauley","MIA",18,79,71,15,10,3,0,2,8,9,6,0,17,1,0,0,,1,0,0.218177,0.0822691,0.220877,0.372466,0.290749,0.363917,0.290566,0.654666,0.14574,3.94283,0.257044,-0.0223595,0.0282288,7.70234,-1.68217,79.9877,0.00586932,0.903921,-1.8977204062975943,0.8838589861989021,0.156636,999,,,,,,,63.4,3.522222222,63.4,3.522222222,,,,,,,,,,,,,,,,,,,"Graham Pauley","31363",688363
"Edouard Julien","COL",34,147,126,31,21,6,0,3,17,14,18,0,41,1,1,0,,2,1,0.242715,0.122682,0.281913,0.435175,0.341416,0.37412,0.320986,0.715536,0.131405,4.15373,0.332769,-0.156624,-0.178568,17.9732,0.482913,88.2122,-0.335192,-0.482477,-2.424935519695282,-0.8084026277065277,0.155942,746.0499877929688,,,,,,,151.2,4.447058823,151.2,4.447058823,,,,,,,,,,,,,,,,,,,"Edouard Julien","27534",666397
"Angel Martínez","CLE",33,143,131,31,20,7,1,4,16,15,8,0,31,2,1,1,,3,1,0.236513,0.0564198,0.212964,0.264927,0.287472,0.383108,0.293871,0.670581,0.146595,4.97628,0.277709,0.157839,0.0408273,14.4135,-2.67972,86.66,0.198666,-0.0713386,-2.0497023463249207,-1.525813989341259,0.154678,748.5800170898438,,,,,,,139.1,4.215151515,139.1,4.215151515,,,,,,,,,,,,,,,,,,,"Angel Martinez","26540",682657
"Nolan Gorman","STL",25,107,95,20,12,4,0,4,12,14,11,0,34,0,1,0,,1,0,0.21179,0.103283,0.320547,0.322209,0.294583,0.389514,0.300137,0.684097,0.177724,2.84919,0.276909,-0.292389,-0.0992046,11.3232,-1.45933,89.8616,-0.391594,0.195718,-1.7051589787006378,-0.2695595622062683,0.153266,653.1400146484375,,,,,,,101.1,4.044,101.1,4.044,,,,,,,,,,,,,,,,,,,"Nolan Gorman","22263",669357
"Travis d'Arnaud","LAA",16,64,59,13,8,3,0,2,7,7,4,0,18,1,1,0,,0,0,0.219627,0.0657401,0.274196,0.239756,0.281826,0.374867,0.289118,0.656693,0.15524,2.13353,0.273277,-0.145046,-0.0791807,6.23552,-1.45403,80.992,-0.224227,-0.274869,-1.6654385477304459,0.8586186766624451,0.15071,999,,,,,,,56.3,3.51875,56.3,3.51875,,,,,,,,,,,,,,,,,,,"Travis d'Arnaud","7739",518595
"Heriberto Hernández","MIA",40,171,151,35,22,7,1,6,20,21,17,0,47,2,1,0,,3,1,0.231999,0.0966192,0.273496,0.353275,0.313012,0.40141,0.314283,0.714422,0.169411,4.74489,0.293661,-0.139066,-0.0810131,20.0775,-0.36735,95.8996,-0.220079,-0.385603,-1.0697991698980331,-3.0237205624580383,0.150511,999,,,,,,,187.3,4.6825,187.3,4.6825,,,,,,,,,,,,,,,,,,,"Heriberto Hernandez","24878",681715
"Dane Myers","CIN",15,64,57,14,10,2,0,2,8,7,5,0,16,1,0,0,,2,1,0.241521,0.0765393,0.252914,0.30263,0.307769,0.373564,0.302211,0.681333,0.132043,5.16857,0.303562,0.0708814,0.123871,6.83994,-0.760481,84.2984,0.194753,0.228066,-1.0148617029190063,0.41417713463306427,0.149165,999,,,,,,,65,4.333333333,65,4.333333333,,,,,,,,,,,,,,,,,,,"Dane Myers","22054",667472
"Ramón Urías","STL",17,72,65,16,11,3,0,2,8,8,5,0,15,1,1,0,,1,0,0.240015,0.0747551,0.213224,0.350595,0.30544,0.378968,0.302597,0.684408,0.138953,3.45276,0.282647,-0.0980635,-0.0496123,7.79529,-0.841557,91.512,-0.147676,-0.113024,-0.8907414227724075,-0.04064719378948212,0.144329,999,,,,,,,72,4.235294117,72,4.235294117,,,,,,,,,,,,,,,,,,,"Ramon Urias","18795",602104
"Marcell Ozuna","PIT",32,140,122,29,18,5,0,5,16,18,17,0,35,1,1,0,,0,0,0.238162,0.118919,0.247471,0.480536,0.332413,0.415431,0.329314,0.747845,0.17727,1.46734,0.285559,-0.375266,-0.19112,18.1698,1.41175,105.447,-0.566385,0,0.3587877154350281,-3.5108025074005127,0.143946,377.510009765625,,,,,,,155.9,4.871875,155.9,4.871875,,,,,,,,,,,,,,,,,,,"Marcell Ozuna","10324",542303
"Elias Díaz","TEX",9,37,34,7,5,1,0,1,4,4,2,0,9,0,0,0,,0,0,0.216727,0.0679355,0.245289,0.276961,0.272915,0.362014,0.279674,0.634928,0.145287,2.31774,0.259714,-0.0916771,-0.0389916,3.25261,-1.10346,77.0923,-0.130669,0.519122,-1.1146021783351898,1.2320846915245056,0.143518,999,,,,,,,23.5,2.611111111,23.5,2.611111111,,,,,,,,,,,,,,,,,,,"Elias Diaz","11680",553869
"Alejandro Osuna","TEX",15,66,58,14,10,3,0,1,8,6,6,0,13,1,0,0,,2,1,0.239832,0.0919081,0.19986,0.459863,0.323751,0.33428,0.298005,0.65803,0.0944478,4.54758,0.295296,0.0196544,-0.0166029,6.82023,-1.00707,89.7342,0.00305152,0.469759,-0.7892556758597493,-0.13116684556007385,0.143376,999,,,,,,,60.5,4.033333333,60.5,4.033333333,,,,,,,,,,,,,,,,,,,"Alejandro Osuna","27915",696030
"Max Kepler","ARI",40,174,155,37,23,8,0,5,20,21,16,0,34,2,1,0,,1,0,0.237196,0.0924748,0.197732,0.467677,0.313031,0.394968,0.311611,0.707999,0.157772,3.15212,0.268813,-0.358601,-0.0672721,20.0091,-0.750272,94.4597,-0.425874,-0.0613681,-1.5916404128074646,-2.658590152859688,0.143341,999,,,,,,,178.3,4.4575,178.3,4.4575,,,,,,,,,,,,,,,,,,,"Max Kepler","12144",596146
"Victor Mesa Jr.","TBR",27,115,104,24,15,5,0,3,12,13,9,0,24,0,0,1,,1,0,0.227738,0.0750603,0.210204,0.357083,0.287889,0.367918,0.289686,0.655807,0.140181,3.5508,0.266721,-0.0502828,-0.055323,11.1416,-2.53299,81.6826,-0.105606,0.923821,-2.5754320546984673,-0.09408056735992432,0.143061,999,,,,,,,102,3.777777777,102,3.777777777,,,,,,,,,,,,,,,,,,,"Victor Mesa Jr.","25999",683748
"Max Muncy","ATH",11,46,41,10,6,2,0,1,5,5,3,0,13,1,0,0,,1,0,0.238091,0.0613929,0.286562,0.21424,0.297514,0.398717,0.304957,0.696231,0.160626,4.50683,0.310227,-0.0216718,-0.044326,5.00191,-0.443168,90.2545,-0.0659979,0.13075,-0.5892317593097687,0.314083069562912,0.136692,672.719970703125,,,,,,,44.1,4.009090909,44.1,4.009090909,,,,,,,,,,,,,,,,,,,"Max Muncy","29779",691777
"Alex Call","LAD",8,37,31,7,5,1,0,1,4,4,4,0,7,1,0,0,,0,0,0.237847,0.115141,0.181035,0.636016,0.334975,0.362972,0.314162,0.697947,0.125125,4.00903,0.276041,-0.0436562,-0.0369334,4.27523,-0.0818658,97.6495,-0.0805896,0.45326,-0.18439341336488724,0.34292034804821014,0.136403,999,,,,,,,35.5,4.4375,35.5,4.4375,,,,,,,,,,,,,,,,,,,"Alex Call","19296",669743
"Tyler Freeman","COL",28,122,107,29,22,5,1,2,15,12,9,0,16,4,1,1,,4,2,0.274483,0.0720045,0.130477,0.551856,0.347637,0.385843,0.327424,0.73348,0.111361,5.58936,0.30611,0.0272585,0.0233944,15.5568,1.03661,92.5316,0.050653,-0.336831,-1.048524510115385,-1.5812749564647675,0.134975,745.8599853515625,,,,,,,135.4,4.835714285,135.4,4.835714285,,,,,,,,,,,,,,,,,,,"Tyler Freeman","22532",671289
"Tyler Tolbert","KCR",23,98,88,19,13,4,0,1,12,7,6,0,25,1,1,2,,10,2,0.215791,0.0614504,0.253615,0.242298,0.27551,0.313335,0.26389,0.588845,0.0975444,7.88541,0.283665,0.44122,1.33292,7.49997,-4.23067,61.733,1.77414,0.752478,-2.6521021127700806,0.46158257126808167,0.132794,999,,,,,,,73.8,3.208695652,73.8,3.208695652,,,,,,,,,,,,,,,,,,,"Tyler Tolbert","25779",686475
"Rafael Marchán","PHI",15,59,53,12,8,2,0,1,6,6,4,0,10,1,0,0,,0,0,0.216307,0.0700974,0.172572,0.406191,0.28278,0.326871,0.27307,0.609651,0.110564,2.72179,0.244521,-0.0802613,-0.0588933,4.9461,-2.10186,67.9833,-0.139155,0.651917,-2.4263538271188736,1.8054667115211487,0.13186,999,,,,,,,44.4,2.96,44.4,2.96,,,,,,,,,,,,,,,,,,,"Rafael Marchan","21646",665561
"Jose Siri","LAA",17,73,67,14,9,3,0,3,9,8,5,0,26,1,1,0,,2,1,0.214788,0.0646388,0.359942,0.179581,0.27174,0.384384,0.286978,0.656124,0.169596,5.72841,0.302362,0.0707913,0.137641,6.93959,-1.7746,79.516,0.208433,0.18979,-1.551639661192894,0.24997521936893463,0.131595,999,,,,,,,67.3,3.958823529,67.3,3.958823529,,,,,,,,,,,,,,,,,,,"Jose Siri","17452",642350
"Jose Trevino","CIN",27,106,97,22,16,4,0,2,10,10,6,0,17,1,1,1,,0,0,0.23005,0.0588658,0.156843,0.375318,0.279296,0.344149,0.275776,0.623445,0.114099,2.33626,0.253539,-0.164254,-0.100478,9.09908,-3.53539,66.5631,-0.264733,0.317758,-4.546737998723984,2.385658711194992,0.130317,999,,,,,,,77.6,2.874074074,77.6,2.874074074,,,,,,,,,,,,,,,,,,,"Jose Trevino","16725",624431
"Tommy Troy","ARI",16,71,64,16,11,3,0,1,8,7,6,0,16,1,1,0,,2,0,0.244034,0.0829596,0.219223,0.378425,0.313259,0.353111,0.29783,0.666371,0.109077,4.97176,0.303282,0.010095,0.0692371,7.40317,-1.10477,85.2144,0.0793321,0.22184,-1.1957199648022652,0.1505439206957817,0.129253,999,,,,,,,68.5,4.28125,68.5,4.28125,,,,,,,,,,,,,,,,,,,"Tommy Troy","33279",694371
"Parker Meadows","DET",15,63,56,13,8,2,1,1,7,6,6,0,16,0,0,0,,2,0,0.224572,0.0896874,0.253383,0.353959,0.297443,0.370391,0.295014,0.667834,0.14582,6.45838,0.28378,0.134145,0.0829473,6.37141,-1.11558,85.9959,0.217092,-0.368158,-0.8167430013418198,-0.14408402144908905,0.129004,745.6900024414062,,,,,,,59.5,3.966666666,59.5,3.966666666,,,,,,,,,,,,,,,,,,,"Parker Meadows","23800",678009
"Austin Hedges","CLE",21,82,72,15,11,2,0,2,8,7,7,0,20,1,1,1,,1,0,0.201052,0.0830872,0.241869,0.343522,0.274599,0.301616,0.260424,0.576215,0.100565,2.91246,0.25056,-0.116356,-0.131427,6.03823,-3.76763,63.5926,-0.247782,0.463739,-3.767961487174034,2.0686770379543304,0.124344,999,,,,,,,62.5,2.976190476,62.5,2.976190476,,,,,,,,,,,,,,,,,,,"Austin Hedges","12976",595978
"Jeremiah Jackson","BAL",14,62,58,14,9,3,0,2,7,7,3,0,14,0,0,0,,1,0,0.243801,0.0473194,0.230378,0.205399,0.283108,0.391048,0.294189,0.674156,0.147246,3.99108,0.291089,-0.0523146,-0.0586891,6.23352,-1.14003,87.142,-0.111004,-0.154304,-1.0458504483103752,0.06637546420097351,0.123689,999,,,,,,,58.8,4.2,58.8,4.2,,,,,,,,,,,,,,,,,,,"Jeremiah Jackson","22239",669236
"Luis Lara","MIL",23,100,89,21,14,4,0,3,11,11,8,0,23,1,1,1,,2,1,0.230428,0.0836878,0.233902,0.35779,0.302036,0.370978,0.298088,0.673014,0.14055,4.48403,0.28022,0,-0.0206528,10.3853,-1.52578,87.1083,-0.0206528,0,-1.5770795606076717,-0.4583333134651184,0.123052,999,,,,,,,96.4,4.191304347,96.4,4.191304347,,,,,,,,,,,,,,,,,,,"Luis Lara","30675",800325
"Leo Jiménez","MIA",20,87,76,18,12,4,0,2,9,8,7,0,19,3,1,1,,1,0,0.235403,0.0770413,0.221428,0.347929,0.316251,0.352281,0.300354,0.668532,0.116878,3.56616,0.291004,-0.104664,-0.0870914,9.21914,-1.17086,86.5543,-0.191755,-0.468534,-1.6077502220869064,-0.03720647096633911,0.120546,999,,,,,,,87.1,4.355,87.1,4.355,,,,,,,,,,,,,,,,,,,"Leo Jimenez","23782",677870
"Oswaldo Cabrera","NYY",3,11,10,2,2,0,0,0,1,1,1,0,3,0,0,0,,0,0,0.227258,0.0815889,0.22134,0.368613,0.292535,0.324209,0.276563,0.616744,0.0969509,3.4607,0.284317,-0.00534736,-0.0144269,0.987638,-0.373632,74.666,-0.0197743,1.17467,-0.35981949232518673,1.1339297145605087,0.119472,999,,,,,,,4.2,1.4,4.2,1.4,,,,,,,,,,,,,,,,,,,"Oswaldo Cabrera","21707",665828
"Andrew Benintendi","CHW",47,203,183,44,29,8,1,6,23,24,17,1,39,1,2,0,,1,0,0.242848,0.0844624,0.192259,0.439315,0.308131,0.399305,0.309727,0.707436,0.156458,3.38384,0.27303,-0.285839,-0.170954,22.9993,-1.18382,96.1362,-0.456793,-0.032312,-1.3781345784664154,-4.68508967757225,0.117167,735.8099975585938,,,,,,,204.6,4.353191489,204.6,4.353191489,,,,,,,,,,,,,,,,,,,"Andrew Benintendi","17901",643217
"Eli White","ATL",11,46,42,10,7,2,0,1,6,5,3,0,12,1,0,0,,1,0,0.236061,0.0642446,0.257008,0.249971,0.296067,0.381961,0.298631,0.678029,0.1459,6.85207,0.298665,0.0699584,0.122585,4.83991,-0.687675,86.2594,0.192544,0.580518,-0.5773037672042847,0.2082953155040741,0.11535,999,,,,,,,43.1,3.918181818,43.1,3.918181818,,,,,,,,,,,,,,,,,,,"Eli White","19346",642201
"Davis Schneider","TOR",5,23,19,4,2,1,0,1,3,3,3,0,6,0,0,0,,0,0,0.214595,0.132613,0.284052,0.46686,0.326317,0.404527,0.324426,0.730844,0.189932,3.76821,0.266577,-0.0159657,-0.00361302,2.8614,0.138863,107.144,-0.0195787,0.219234,0.17221293412148952,0.13775211572647095,0.113636,999,,,,,,,24.7,4.94,24.7,4.94,,,,,,,,,,,,,,,,,,,"Davis Schneider","23565",676914
"James McCann","ARI",17,68,63,15,10,3,0,2,7,8,4,0,18,1,0,0,,0,0,0.233411,0.0523672,0.258929,0.202246,0.282513,0.364394,0.285257,0.646907,0.130982,2.73126,0.295776,-0.149474,-0.0698023,6.34771,-1.74212,76.7795,-0.219276,-0.295167,-2.123317301273346,1.0289068520069122,0.112721,999,,,,,,,63.5,3.735294117,63.5,3.735294117,,,,,,,,,,,,,,,,,,,"James McCann","12859",543510
"Mauricio Dubón","ATL",58,252,233,59,42,12,1,4,27,26,14,0,34,1,2,1,,2,1,0.252107,0.0570795,0.135231,0.422088,0.29759,0.363808,0.291856,0.661398,0.111701,3.95072,0.27769,-0.202164,-0.183846,24.9324,-5.1238,81.7146,-0.386009,0.229455,-5.956619203090668,-1.1456994265317917,0.111531,743.3800048828125,,,,,,,221.5,3.818965517,221.5,3.818965517,,,,,,,,,,,,,,,,,,,"Mauricio Dubon","16530",643289
"Willie MacIver","TOR",1,3,2,1,0,0,0,0,0,0,0,0,1,0,0,0,,0,0,0.216675,0.0648361,0.269039,0.240991,0.27312,0.306862,0.260699,0.579982,0.0901869,3.6515,0.288471,-0.000378266,0.00182353,0.192181,-0.118966,63.1951,0.00144527,1.04725,-0.1114720981568098,1.0981795340776443,0.109255,999,,,,,,,3.6,3.6,3.6,3.6,,,,,,,,,,,,,,,,,,,"Willie MacIver","24641",680862
"Drew Romo","CHW",15,61,56,12,8,2,0,2,6,6,4,0,19,1,0,0,,0,0,0.214898,0.0601378,0.310323,0.193791,0.267924,0.342221,0.269745,0.610145,0.127323,2.88545,0.291498,-0.0229777,-0.101626,4.93403,-2.33079,68.5629,-0.124603,0.095279,-2.376539021730423,1.284322164952755,0.108994,999,,,,,,,50.8,3.386666666,50.8,3.386666666,,,,,,,,,,,,,,,,,,,"Drew Romo","27763",691011
"Connor Norby","MIA",24,104,94,22,14,5,0,3,12,11,8,0,28,1,1,0,,2,1,0.236718,0.0776043,0.270754,0.286623,0.303892,0.388001,0.304887,0.691893,0.151283,4.99822,0.304553,-0.0372069,0.015529,11.3858,-1.01519,89.5957,-0.0216779,-0.295893,-1.3294488955289125,-0.9880223870277405,0.10804,728.1400146484375,,,,,,,99.9,4.1625,99.9,4.1625,,,,,,,,,,,,,,,,,,,"Connor Norby","29592",681393
"Joey Loperfido","HOU",17,75,67,15,10,3,0,1,8,7,5,0,21,1,0,0,,1,0,0.229944,0.0701283,0.281447,0.24917,0.295676,0.35267,0.287633,0.648346,0.122726,4.92853,0.309919,-0.00211153,-0.00177323,7.13529,-1.77484,81.7414,-0.00388476,0.612026,-1.60801991680637,0.009556710720062256,0.10748,746.02001953125,,,,,,,55,3.235294117,55,3.235294117,,,,,,,,,,,,,,,,,,,"Joey Loperfido","29630",694388
"Andruw Monasterio","BOS",17,73,66,16,11,3,0,2,8,8,6,0,17,1,1,0,,2,1,0.239796,0.0819983,0.231045,0.354902,0.307817,0.373287,0.30196,0.681104,0.133491,4.28829,0.294588,-0.0212849,-0.0328205,7.87368,-0.892077,86.795,-0.0541055,-0.408742,-1.1954479739069939,-0.3772609941661358,0.105724,999,,,,,,,73.1,4.3,73.1,4.3,,,,,,,,,,,,,,,,,,,"Andruw Monasterio","19455",655316
"Anthony Seigler","BOS",16,68,58,13,9,3,0,1,7,6,8,0,14,0,0,0,,3,0,0.229712,0.122887,0.214394,0.573183,0.326813,0.331619,0.299394,0.658432,0.101907,4.92953,0.290174,0.0439477,0.253793,7.10307,-0.961423,85.0255,0.297741,-0.738306,-0.8930070996284485,-0.49694831669330597,0.103028,999,,,,,,,62.6,3.9125,62.6,3.9125,,,,,,,,,,,,,,,,,,,"Anthony Seigler","23802",678011
"Jesse Winker",,15,66,55,13,9,3,0,2,8,7,9,0,14,1,1,0,,1,0,0.236604,0.130063,0.220943,0.588673,0.343535,0.383455,0.324457,0.72699,0.146852,3.99208,0.2847,-0.228155,-0.0138465,8.2282,0.400894,104.93,-0.242002,-0.0557453,0.14384812116622925,-1.3696342334151268,0.102324,999,,,,,,,77.2,5.146666666,77.2,5.146666666,,,,,,,,,,,,,,,,,,,"Jesse Winker","13590",608385
"Tyler Heineman","LAA",10,41,36,8,6,1,0,1,4,3,3,0,9,1,0,1,,0,0,0.209798,0.0704674,0.214937,0.327851,0.285464,0.303462,0.267849,0.588926,0.0936642,3.83458,0.257284,-0.0541486,-0.0255727,3.26667,-1.63626,66.3231,-0.0797213,0.432753,-1.7078041434288025,1.235222488641739,0.10033,999,,,,,,,33.1,3.31,33.1,3.31,,,,,,,,,,,,,,,,,,,"Tyler Heineman","13897",623168
"Nathaniel Lowe","CIN",25,107,94,23,15,4,0,4,12,13,12,0,26,1,1,0,,0,0,0.24773,0.111654,0.242449,0.460528,0.334331,0.412507,0.329075,0.746838,0.164777,2.58353,0.302893,-0.261815,-0.139592,13.8386,1.05611,102.321,-0.401407,-0.136299,-0.10065823793411255,-2.40065036714077,0.0999764,999,,,,,,,123,4.92,123,4.92,,,,,,,,,,,,,,,,,,,"Nathaniel Lowe","19566",663993
"Ryan Mountcastle","BAL",11,48,44,11,8,2,0,1,5,6,3,0,12,0,0,0,,0,0,0.258992,0.0617208,0.243966,0.25299,0.308584,0.40875,0.313997,0.717334,0.149758,2.85795,0.31975,-0.0167342,-0.0431218,5.58428,-0.113456,100.803,-0.059856,0.312576,-0.014761563390493393,-0.7005415558815002,0.0997838,748.0900268554688,,,,,,,41.8,3.8,41.8,3.8,,,,,,,,,,,,,,,,,,,"Ryan Mountcastle","18373",663624
"Moisés Ballesteros","CHC",15,65,59,15,10,3,0,2,7,8,6,0,12,0,0,0,,0,0,0.258521,0.0860516,0.188613,0.456233,0.325129,0.416801,0.32411,0.74193,0.15828,2.72891,0.292217,-0.0879545,-0.0541431,8.14853,0.379569,105.593,-0.142098,-0.0463633,0.2983444035053253,-1.4417336843907833,0.0989005,594.3599853515625,,,,,,,70.5,4.7,70.5,4.7,,,,,,,,,,,,,,,,,,,"Moises Ballesteros","28820",694208
"Mickey Gasper","BOS",7,30,26,6,4,1,0,1,3,3,3,0,6,1,0,0,,0,0,0.238226,0.0933569,0.210659,0.443166,0.321601,0.371625,0.308961,0.693226,0.133399,3.82737,0.286721,-0.0303791,-0.0198857,3.36377,-0.192619,91.6232,-0.0502648,-0.220204,-0.34401487186551094,0.25201795995235443,0.098155,999,,,,,,,31.9,4.557142857,31.9,4.557142857,,,,,,,,,,,,,,,,,,,"Mickey Gasper","24759",681508
"Yoán Moncada","LAA",12,53,47,11,7,2,0,2,6,6,5,0,15,1,0,0,,0,0,0.229497,0.0985795,0.277865,0.354774,0.313731,0.3929,0.312122,0.706631,0.163403,3.78202,0.296266,-0.0791855,-0.054715,6.16007,-0.207989,96.8567,-0.1339,-0.238734,-0.33127135038375854,-0.6098763048648834,0.0971842,746.1500244140625,,,,,,,57.2,4.766666666,57.2,4.766666666,,,,,,,,,,,,,,,,,,,"Yoan Moncada","17232",660162
"Austin Hays","CHW",20,87,80,20,12,4,1,3,10,10,6,0,21,1,1,0,,1,0,0.245544,0.0638479,0.242535,0.263253,0.299375,0.405757,0.306293,0.705132,0.160213,4.88231,0.299551,-0.0542634,0.00336939,9.61487,-0.749344,93.7682,-0.050894,0.0381005,-0.6877463534474373,-1.4714674055576324,0.0946719,572.469970703125,,,,,,,100.4,5.02,100.4,5.02,,,,,,,,,,,,,,,,,,,"Austin Hays","19363",669720
"Eric Haase","SFG",12,47,43,9,6,2,0,1,5,5,3,0,15,0,0,0,,0,0,0.219856,0.0647317,0.31814,0.203469,0.274792,0.350412,0.276457,0.625204,0.130556,2.74169,0.302007,-0.044771,-0.0454474,4.05942,-1.54124,74.2181,-0.0902185,0.0368802,-1.5538033545017242,0.9535469301044941,0.0939672,999,,,,,,,31.6,2.633333333,31.6,2.633333333,,,,,,,,,,,,,,,,,,,"Eric Haase","14111",606992
"Mark Vientos","NYM",20,84,77,19,11,3,0,4,9,11,5,0,21,1,1,0,,0,0,0.239269,0.0645847,0.254965,0.253308,0.293409,0.427269,0.312567,0.720678,0.188,2.77271,0.282602,-0.182374,-0.0809424,9.7568,-0.298034,99.3418,-0.263317,0.0956695,-0.33039358258247375,-1.5293305218219757,0.0895537,652.5700073242188,,,,,,,93.7,4.685,93.7,4.685,,,,,,,,,,,,,,,,,,,"Mark Vientos","22184",668901
"Luis Urías","TOR",9,40,35,7,5,1,0,1,4,4,4,0,8,1,0,0,,0,0,0.214125,0.0902384,0.197863,0.456065,0.307469,0.340751,0.293584,0.64822,0.126627,2.86609,0.246593,0,-0.0602321,4.00821,-0.756238,85.8742,-0.0602321,0,-0.7238441817462444,0.18333333730697632,0.0892706,999,,,,,,,31.5,3.5,31.5,3.5,,,,,,,,,,,,,,,,,,,"Luis Urias","16622",649966
"Matt Wallner","MIN",8,34,29,6,3,1,0,2,4,4,3,0,11,1,0,0,,0,0,0.221103,0.102404,0.313085,0.327081,0.319849,0.443169,0.333605,0.763018,0.222066,4.06643,0.281733,-0.0449735,-0.0276591,4.47811,0.456179,112.097,-0.0726326,-0.385258,0.40711111575365067,-0.7463690042495728,0.0872002,340.5899963378906,,,,,,,38.3,4.7875,38.3,4.7875,,,,,,,,,,,,,,,,,,,"Matt Wallner","26466",670242
"Bryce Eldridge","SFG",43,185,164,39,24,8,0,6,20,23,18,1,55,2,2,0,,1,0,0.238044,0.0944737,0.295574,0.319628,0.313812,0.404932,0.313201,0.718744,0.166888,2.68251,0.312216,-0.255527,-0.138431,21.5603,-0.56029,98.869,-0.393958,-0.510909,-0.6475489735603333,-4.5340574979782104,0.086691,999,,,,,,,195.9,4.555813953,195.9,4.555813953,,,,,,,,,,,,,,,,,,,"Bryce Eldridge","33390",805811
"Drew Gilbert","SFG",21,91,82,18,12,4,0,2,10,9,7,0,18,1,1,0,,1,0,0.224686,0.0759623,0.199887,0.380026,0.293818,0.356029,0.288421,0.649848,0.131343,4.2588,0.263313,-0.0478915,-0.0892861,8.77929,-2.11087,82.2446,-0.137178,-0.027223,-2.0970576256513596,-0.027223045006394386,0.0858561,999,,,,,,,75.1,3.576190476,75.1,3.576190476,,,,,,,,,,,,,,,,,,,"Drew Gilbert","31545",687551
"Edgar Quero","CHW",12,49,43,11,8,2,0,1,5,5,4,0,9,1,0,0,,0,0,0.242087,0.0839976,0.194886,0.431008,0.313035,0.343843,0.294501,0.656879,0.101756,1.94883,0.287862,-0.11425,-0.0688376,4.91893,-0.885026,85.636,-0.183088,-0.326561,-1.0051182061433792,0.10769855976104736,0.0845637,475.1000061035156,,,,,,,48.8,4.066666666,48.8,4.066666666,,,,,,,,,,,,,,,,,,,"Edgar Quero","28022",700337
"Max Clark","DET",9,40,36,8,6,2,0,1,5,4,4,0,8,0,0,0,,1,0,0.235204,0.100217,0.20505,0.488743,0.313775,0.358457,0.300201,0.672233,0.123253,4.91704,0.282363,0.0106778,0.053811,4.22261,-0.541839,89.5736,0.0644888,-0.310896,-0.425332248210907,-0.1683029979467392,0.0838945,999,,,,,,,37.9,4.211111111,37.9,4.211111111,,,,,,,,,,,,,,,,,,,"Max Clark","sa3022683",703601
"José Tena","WSN",23,101,92,22,15,5,1,2,11,10,7,0,26,1,1,0,,2,1,0.240687,0.07162,0.259575,0.275913,0.298863,0.367806,0.294535,0.666669,0.127119,5.32143,0.312727,0.0112,0.0220367,10.2286,-1.83716,83.9973,0.0332367,-0.634823,-1.9238620921969414,-0.554576463997364,0.0824919,999,,,,,,,95.2,4.139130434,95.2,4.139130434,,,,,,,,,,,,,,,,,,,"Jose Tena","23691",677588
"Javier Báez","DET",9,40,38,9,6,2,0,1,4,4,2,0,9,0,0,0,,1,0,0.233525,0.0378363,0.235655,0.160558,0.269561,0.352092,0.272773,0.621653,0.118567,4.71297,0.285163,0.0345385,0.0275296,3.33395,-1.43049,70.6575,0.0620682,0.32021,-1.3164078705012798,0.7072468996047974,0.0823234,740.6500244140625,,,,,,,35.5,3.944444444,35.5,3.944444444,,,,,,,,,,,,,,,,,,,"Javier Baez","12979",595879
"Kevin Alcántara","CHC",6,26,24,5,3,1,0,1,3,3,2,0,8,0,0,0,,0,0,0.225076,0.0746479,0.306533,0.243523,0.284503,0.37162,0.289186,0.656123,0.146545,4.80928,0.301509,-0.00609805,0.0357292,2.48511,-0.577745,82.1631,0.0296312,0.693441,-0.5241152662783861,0.49992209672927856,0.0821598,999,,,,,,,22.3,3.716666666,22.3,3.716666666,,,,,,,,,,,,,,,,,,,"Kevin Alcantara","25971",682634
"Jon Berti",,11,46,41,10,8,2,0,1,5,4,3,0,9,1,0,0,,3,1,0.24148,0.0747721,0.207713,0.359978,0.307893,0.330035,0.287386,0.637928,0.0885554,5.83146,0.299193,0.156563,0.186445,4.35132,-1.09376,79.7169,0.343009,-0.328417,-0.7612125873565674,-0.0024913251399993896,0.0801901,999,,,,,,,45.1,4.1,45.1,4.1,,,,,,,,,,,,,,,,,,,"Jon Berti","12037",542932
"Cole Carrigg","COL",49,213,190,44,29,8,1,6,24,23,18,0,50,2,1,1,,4,1,0.230428,0.0836878,0.233902,0.35779,0.302036,0.370978,0.298088,0.673014,0.14055,4.48403,0.28022,0,-0.0440593,22.1554,-3.255,72.8503,-0.0440593,0,-7.036688353866339,0.8790123462677002,0.0787903,999,,,,,,,206.5,4.214285714,206.5,4.214285714,,,,,,,,,,,,,,,,,,,"Cole Carrigg","33253",694249
"Owen Caissie","MIA",36,154,138,32,19,7,0,5,17,18,14,0,50,1,1,0,,2,1,0.228204,0.090041,0.325727,0.276431,0.302052,0.389584,0.304396,0.691635,0.16138,4.04169,0.31796,-0.0370289,-0.0817478,16.8632,-1.57063,89.2662,-0.118777,-0.0345685,-2.1243325993418694,-2.1310191117227077,0.0785829,528.5,,,,,,,154.5,4.291666666,154.5,4.291666666,,,,,,,,,,,,,,,,,,,"Owen Caissie","27496",683357
"David Fry","CLE",16,70,62,14,9,3,0,2,8,8,6,0,19,1,0,0,,0,0,0.223985,0.0918623,0.278005,0.330434,0.305752,0.390637,0.307466,0.696388,0.166652,3.23253,0.282751,-0.0862699,-0.0321527,7.78626,-0.535313,96.0353,-0.118423,-0.00617577,-0.4437391310930252,-1.2800955870188773,0.077008,999,,,,,,,64.9,4.05625,64.9,4.05625,,,,,,,,,,,,,,,,,,,"David Fry","24934",681807
"Randal Grichuk","CHW",10,43,40,10,6,2,0,2,5,6,3,0,9,0,0,0,,0,0,0.245763,0.0608879,0.210736,0.288931,0.294504,0.439037,0.317339,0.733541,0.193274,2.3491,0.272686,-0.0287166,-0.0474153,5.19668,0.0145683,101.386,-0.0761319,-0.0238484,-0.005317948758602142,-0.8199904169887304,0.0730704,999,,,,,,,49.6,4.96,49.6,4.96,,,,,,,,,,,,,,,,,,,"Randal Grichuk","10243",545341
"Brady House","WSN",20,84,79,19,13,4,0,2,9,10,4,0,23,1,1,0,,1,0,0.243315,0.0497551,0.27727,0.179446,0.28407,0.381734,0.29081,0.665804,0.13842,3.46813,0.312766,-0.0745172,-0.072781,8.26919,-1.78564,81.4984,-0.147298,-0.290733,-2.032894104719162,0.010192513465881348,0.0730608,710.1199951171875,,,,,,,74.7,3.735,74.7,3.735,,,,,,,,,,,,,,,,,,,"Brady House","29993",691781
"Jonah Heim","ATH",33,137,125,29,19,6,0,4,15,16,10,0,26,0,1,0,,0,0,0.228461,0.0741641,0.1909,0.388497,0.285609,0.37636,0.290585,0.661968,0.147899,2.37121,0.253602,-0.230009,-0.143523,13.4413,-2.93287,80.3433,-0.373532,0.0493568,-3.547175318002701,-0.6228653527796268,0.0727848,999,,,,,,,122.4,3.709090909,122.4,3.709090909,,,,,,,,,,,,,,,,,,,"Jonah Heim","16930",641680
"Harry Ford","WSN",5,21,18,4,3,1,0,0,2,2,2,0,5,0,0,0,,0,0,0.222,0.101795,0.252688,0.402847,0.313882,0.341972,0.295324,0.655854,0.119972,4.2839,0.281316,-0.0049807,0.0256869,2.09136,-0.360108,84.5268,0.0207062,0.00513264,-0.3637712299823761,0.40636720741167665,0.0720296,725.52001953125,,,,,,,13.3,2.66,13.3,2.66,,,,,,,,,,,,,,,,,,,"Harry Ford","29958",695670
"Buddy Kennedy","SEA",2,8,8,2,1,0,0,0,1,1,1,0,2,0,0,0,,0,0,0.242515,0.0940844,0.19263,0.488421,0.318209,0.318787,0.288344,0.636996,0.076272,3.02704,0.298377,-0.00763901,-0.0126568,0.81006,-0.195424,88.2571,-0.0202958,0.517398,-0.1367185078561306,0.5474905930459499,0.0719523,999,,,,,,,6.2,3.1,6.2,3.1,,,,,,,,,,,,,,,,,,,"Buddy Kennedy","22505",671083
"Braxton Fulford","COL",8,32,28,7,4,1,0,1,4,4,2,0,9,1,0,0,,0,0,0.234833,0.0779938,0.272158,0.286576,0.310509,0.386853,0.309072,0.697361,0.15202,5.02923,0.304365,-0.00152403,0.0110347,3.58792,-0.202418,80.2195,0.00951072,0.543647,-0.7504318151623011,0.4251287877559662,0.071784,999,,,,,,,32.5,4.0625,32.5,4.0625,,,,,,,,,,,,,,,,,,,"Braxton Fulford","29704",690924
"Jorbit Vivas","WSN",21,93,81,19,14,4,0,1,10,8,8,0,13,2,1,0,,1,1,0.233286,0.091361,0.145559,0.627658,0.319507,0.321662,0.291788,0.641169,0.0883765,3.70425,0.266084,-0.06597,-0.102645,9.16969,-1.89063,82.1547,-0.168615,0.231549,-2.1691902577877045,-0.15965458750724792,0.0698551,999,,,,,,,75.5,3.595238095,75.5,3.595238095,,,,,,,,,,,,,,,,,,,"Jorbit Vivas","23917",678391
"Ben Malgeri","DET",11,48,43,10,7,2,0,1,5,5,4,0,11,1,0,0,,1,0,0.230428,0.0836878,0.233902,0.35779,0.302036,0.370978,0.298088,0.673014,0.14055,4.48403,0.28022,0,-0.0100314,5.0443,-0.741093,88.116,-0.0100314,0,-0.6879593934863806,-0.3564814627170563,0.0691245,999,,,,,,,45.1,4.1,45.1,4.1,,,,,,,,,,,,,,,,,,,"Ben Malgeri","29577",701162
"Joey Wiemer","WSN",7,31,27,6,4,1,0,1,3,3,3,0,9,0,0,0,,1,0,0.212229,0.0909824,0.302841,0.30043,0.29371,0.348472,0.286741,0.642182,0.136243,4.42093,0.287312,0.00126218,0.0191755,2.93002,-0.756752,78.7684,0.0204377,0.655833,-0.7729631457477808,0.4451851546764374,0.0686726,999,,,,,,,29.8,4.257142857,29.8,4.257142857,,,,,,,,,,,,,,,,,,,"Joey Wiemer","27690",686894
"Griffin Conine","MIA",44,191,170,38,24,7,1,6,22,23,17,0,59,2,1,0,,1,0,0.22471,0.0915524,0.308425,0.296838,0.302402,0.385423,0.303781,0.687825,0.160713,4.23057,0.302038,-0.209647,-0.127883,20.7539,-2.03708,88.8541,-0.33753,0.034679,-2.9123319387435913,-2.6335308253765106,0.068346,999,,,,,,,184.1,4.184090909,184.1,4.184090909,,,,,,,,,,,,,,,,,,,"Griffin Conine","21626",665052
"Wenceel Pérez","DET",14,60,54,13,8,2,0,2,7,6,5,0,12,0,0,0,,1,0,0.2327,0.0802195,0.206714,0.38807,0.298625,0.390591,0.302781,0.689216,0.157891,5.69553,0.26899,0.105915,0.0174717,6.45927,-0.687395,91.3526,0.123387,-0.375855,-0.4859810844063759,-0.9767809510231018,0.0679254,748.5399780273438,,,,,,,60.3,4.307142857,60.3,4.307142857,,,,,,,,,,,,,,,,,,,"Wenceel Perez","22857",672761
"Tyler Austin","CHC",8,34,31,7,4,2,0,1,4,5,3,0,8,0,0,0,,0,0,0.244292,0.0927301,0.241146,0.38454,0.318584,0.437005,0.329067,0.755589,0.192713,2.87341,0.287783,-0.0707107,-0.0221231,4.42099,0.337184,108.919,-0.0928338,0,0.27634812146425247,-0.7333333492279053,0.0665648,999,,,,,,,32.4,4.05,32.4,4.05,,,,,,,,,,,,,,,,,,,"Tyler Austin","11850",592122
"Ryan Ritter","COL",4,19,17,4,3,1,0,0,2,2,1,0,5,0,0,0,,0,0,0.250014,0.0726963,0.265532,0.273776,0.317418,0.380321,0.309465,0.697739,0.130307,5.21134,0.331632,-0.00249038,0.0128821,2.19284,-0.117192,80.4831,0.0103918,0.375405,-0.44658495392650366,0.46429411321878433,0.0656043,999,,,,,,,11.3,2.825,11.3,2.825,,,,,,,,,,,,,,,,,,,"Ryan Ritter","31500",690022
"Sean Keys","TOR",18,77,69,16,11,3,0,2,9,8,6,0,18,1,1,0,,1,0,0.230428,0.0836878,0.233902,0.35779,0.302036,0.370978,0.298088,0.673014,0.14055,4.48403,0.28022,0,-0.0159322,8.01154,-1.17703,88.9804,-0.0159322,0,-1.014327246695757,-1.0898149013519287,0.0647202,999,,,,,,,71,3.944444444,71,3.944444444,,,,,,,,,,,,,,,,,,,"Sean Keys","35094",815873
"Isiah Kiner-Falefa","BOS",12,53,49,12,10,2,0,0,6,5,3,0,9,1,0,0,,2,0,0.253548,0.0532891,0.163461,0.326006,0.299697,0.328332,0.28053,0.628029,0.0747848,5.10642,0.297376,0.115302,0.0656729,4.74932,-1.56202,72.0159,0.180975,-0.0582014,-1.560519888997078,0.29858870431780815,0.0630077,746.1500244140625,,,,,,,39.8,3.316666666,39.8,3.316666666,,,,,,,,,,,,,,,,,,,"Isiah Kiner-Falefa","16512",643396
"Rodolfo Durán","SDP",3,13,12,3,2,1,0,0,1,1,1,0,3,0,0,0,,0,0,0.21759,0.068321,0.241775,0.282581,0.274031,0.375455,0.284359,0.649487,0.157865,2.5465,0.258454,-0.00615397,-0.0134152,1.21121,-0.344529,80.8505,-0.0195692,0.249001,-0.32153507322072983,0.503630667924881,0.0614032,999,,,,,,,10.7,3.566666666,10.7,3.566666666,,,,,,,,,,,,,,,,,,,"Rodolfo Duran","20958",660710
"Alex Jackson","MIN",5,18,16,3,2,1,0,1,2,2,1,0,6,0,0,0,,0,0,0.20223,0.0624826,0.333383,0.18742,0.264838,0.36063,0.276014,0.625467,0.158399,2.60276,0.27534,-0.0110956,-0.0195389,1.54827,-0.596762,72.3793,-0.0306345,0.221129,-0.6148288790136576,0.5722094178199768,0.0605043,999,,,,,,,16.1,3.22,16.1,3.22,,,,,,,,,,,,,,,,,,,"Alex Jackson","17276",656577
"Starling Marte","KCR",21,90,81,21,15,4,1,2,10,9,6,0,20,2,1,0,,2,1,0.257083,0.0646191,0.217331,0.29733,0.317111,0.384426,0.310013,0.701537,0.127344,5.4037,0.313979,-0.000319619,0.0504713,10.221,-0.504124,93.5422,0.0501517,-0.0546091,-0.6327844150364399,-1.9805350825190544,0.0596242,999,,,,,,,97.7,4.652380952,97.7,4.652380952,,,,,,,,,,,,,,,,,,,"Starling Marte","9241",516782
"Enrique Hernández","LAD",16,67,62,14,9,3,0,2,8,8,5,0,16,0,1,0,,0,0,0.227084,0.0724194,0.23494,0.308247,0.283024,0.38086,0.290738,0.663884,0.153776,2.79901,0.268094,-0.0274306,-0.060552,6.61142,-1.43245,81.9341,-0.0879826,-0.129637,-1.5609335452318192,-0.049390390515327454,0.0592417,999,,,,,,,58.9,3.68125,58.9,3.68125,,,,,,,,,,,,,,,,,,,"Enrique Hernandez","10472",571771
"Myles Straw","TOR",12,51,46,11,8,2,0,1,6,4,4,0,9,0,0,1,,2,0,0.23554,0.0776336,0.179939,0.431444,0.295479,0.321838,0.276188,0.617316,0.0862982,6.04431,0.280017,0.117543,0.214649,4.42878,-1.69693,73.8773,0.332193,0.17489,-1.2456523180007935,-0.008442863821983337,0.0581915,999,,,,,,,46.6,3.883333333,46.6,3.883333333,,,,,,,,,,,,,,,,,,,"Myles Straw","17620",664702
"Derek Hill","PHI",19,81,74,17,12,3,0,2,9,8,5,0,24,1,0,1,,3,1,0.230391,0.0636396,0.289719,0.219659,0.288931,0.364714,0.289355,0.653645,0.134323,5.87667,0.307546,0.147168,0.120945,7.89738,-1.82229,78.9086,0.268114,-0.0746011,-1.8097711503505707,-0.30531103163957596,0.0544536,999,,,,,,,69.6,3.663157894,69.6,3.663157894,,,,,,,,,,,,,,,,,,,"Derek Hill","16947",656537
"Blake Dunn","CIN",9,41,36,9,6,1,0,1,5,3,3,0,11,1,0,0,,1,0,0.240721,0.0808348,0.280931,0.287739,0.321303,0.348489,0.301972,0.669792,0.107767,6.11143,0.331583,0.0747395,0.0951106,4.34482,-0.491815,84.1378,0.16985,0.00766671,-0.6077767312526703,-0.17844439577311277,0.0540428,999,,,,,,,40.6,4.511111111,40.6,4.511111111,,,,,,,,,,,,,,,,,,,"Blake Dunn","29487",694362
"Raynel Delgado","HOU",4,19,17,4,3,1,0,1,2,2,2,0,5,0,0,0,,0,0,0.230428,0.0836878,0.233902,0.35779,0.302036,0.370978,0.298088,0.673014,0.14055,4.48403,0.28022,0,-0.00400539,2.01413,-0.295909,88.9518,-0.00400539,0,-0.2556577199138701,0.08888888359069824,0.0529266,999,,,,,,,23.7,5.925,23.7,5.925,,,,,,,,,,,,,,,,,,,"Raynel Delgado","22272",669384
"Donovan Walton","ATH",7,29,25,6,4,1,0,1,3,2,2,0,5,0,0,1,,0,0,0.22381,0.0752181,0.16896,0.445182,0.292729,0.327783,0.278357,0.620511,0.103973,2.46028,0.256955,-0.0381888,-0.0385415,2.51062,-0.892556,71.9099,-0.0767302,0.387286,-1.0193277224898338,0.5095079019665718,0.0512424,999,,,,,,,26.9,3.842857142,26.9,3.842857142,,,,,,,,,,,,,,,,,,,"Donovan Walton","19314",622268
"J.C. Escarra","NYY",7,26,23,5,3,1,0,0,3,3,2,0,5,0,0,0,,0,0,0.217218,0.0859138,0.19525,0.440019,0.291918,0.330501,0.278909,0.622419,0.113283,3.63086,0.255236,-0.019315,-0.00732499,2.3071,-0.804373,76.2842,-0.02664,-0.182229,-0.7542420383542776,0.32702989876270294,0.0507877,999,,,,,,,13.9,1.985714285,13.9,1.985714285,,,,,,,,,,,,,,,,,,,"J.C. Escarra","20084",641555
"Brett Harris","BOS",2,9,8,2,1,0,0,0,1,1,1,0,2,0,0,0,,0,0,0.231629,0.0920646,0.224007,0.41099,0.307817,0.335862,0.290014,0.643678,0.104232,3.75287,0.291357,-0.00691176,-0.0108205,0.859396,-0.192495,78.5569,-0.0177323,0.512348,-0.24013876914978027,0.4179031401872635,0.0497747,999,,,,,,,6.2,3.1,6.2,3.1,,,,,,,,,,,,,,,,,,,"Brett Harris","29788",695391
"Rob Refsnyder","SEA",9,39,35,8,5,2,0,1,5,5,4,0,10,1,0,0,,0,0,0.228308,0.0946728,0.267005,0.354573,0.310209,0.382643,0.306421,0.692852,0.154336,3.57101,0.286284,-0.0477446,-0.00858099,4.35707,-0.33519,100.724,-0.0563256,-0.0677603,-0.02284403145313263,-0.890291191637516,0.0493805,999,,,,,,,40,4.444444444,40,4.444444444,,,,,,,,,,,,,,,,,,,"Rob Refsnyder","13770",608701
"Michael Conforto","CHC",27,117,102,23,14,5,0,4,13,13,13,0,30,2,1,0,,0,0,0.224441,0.108782,0.252983,0.429998,0.31811,0.382106,0.311544,0.700216,0.157664,2.71148,0.276773,-0.134304,-0.107633,13.4424,-0.510619,97.1626,-0.241937,-0.740027,-0.6432277113199234,-2.6853970885276794,0.0485872,999,,,,,,,123.9,4.588888888,123.9,4.588888888,,,,,,,,,,,,,,,,,,,"Michael Conforto","16376",624424
"Braden Shewmake","MIL",5,23,21,5,3,1,0,0,2,2,1,0,5,0,0,0,,1,0,0.215124,0.055507,0.20217,0.274555,0.260456,0.318195,0.256767,0.57865,0.103071,4.99741,0.254853,0.0154071,0.0516398,1.60878,-1.11376,59.386,0.0670469,0.663696,-1.0537173822522163,0.7859182134270668,0.0481065,999,,,,,,,14.8,2.96,14.8,2.96,,,,,,,,,,,,,,,,,,,"Braden Shewmake","25817",669699
"Christian Cairo","PHI",5,20,17,4,3,1,0,0,2,2,2,0,5,0,0,0,,1,0,0.218951,0.101683,0.233871,0.434783,0.310411,0.280001,0.273383,0.590412,0.06105,5.15083,0.291306,0.0270685,0.0502108,1.65144,-0.694686,68.1929,0.0772793,0.401786,-0.6791020706295967,0.5121250599622726,0.0479115,999,,,,,,,16.2,3.24,16.2,3.24,,,,,,,,,,,,,,,,,,,"Christian Cairo","sa3010028",686551
"Thomas Saggese","STL",7,32,29,7,5,1,0,1,4,3,2,0,8,0,0,0,,0,0,0.238926,0.0628319,0.258087,0.243452,0.296299,0.349096,0.287324,0.645395,0.110169,4.13606,0.312912,-0.018954,-0.0194289,3.03526,-0.764952,81.2659,-0.0383829,0.0616685,-0.7599986307322979,0.19608206301927567,0.0479095,999,,,,,,,28.5,4.071428571,28.5,4.071428571,,,,,,,,,,,,,,,,,,,"Thomas Saggese","27883",695336
"Bryan Torres","STL",18,78,68,18,14,3,0,1,9,7,8,0,14,0,1,1,,2,1,0.26205,0.101378,0.173013,0.585954,0.338888,0.348814,0.309521,0.687702,0.0867632,4.40305,0.312706,0.0133697,0.0806942,8.85813,-0.469668,96.1575,0.0940639,-0.719622,-0.26923371851444244,-1.8052698373794556,0.0477348,999,,,,,,,75.9,4.216666666,75.9,4.216666666,,,,,,,,,,,,,,,,,,,"Bryan Torres","21464",663494
"Ronny Mauricio","NYM",5,20,18,4,3,1,0,1,2,2,1,0,5,0,0,0,,1,0,0.234149,0.0629711,0.258874,0.24325,0.284321,0.380319,0.290368,0.66464,0.14617,4.88769,0.290577,0.0117692,0.042488,1.92243,-0.423696,84.449,0.0542572,0.0156034,-0.31554869934916496,0.1460046311840415,0.0476517,999,,,,,,,21.6,4.32,21.6,4.32,,,,,,,,,,,,,,,,,,,"Ronny Mauricio","23698",677595
"Eliezer Alfonzo","LAD",3,13,11,3,2,1,0,0,1,1,1,0,3,0,0,0,,0,0,0.230428,0.0836878,0.233902,0.35779,0.302036,0.370978,0.298088,0.673014,0.14055,4.48403,0.28022,0,-0.00265664,1.3359,-0.196266,86.8653,-0.00265664,0,-0.20663720183074474,0.2507716119289398,0.0467907,999,,,,,,,11.7,3.9,11.7,3.9,,,,,,,,,,,,,,,,,,,"Eliezer Alfonzo","22741",672613
"Bo Naylor","CLE",2,8,7,1,1,0,0,0,1,1,1,0,2,0,0,0,,0,0,0.215959,0.105356,0.249671,0.421979,0.300652,0.402614,0.309119,0.703266,0.186655,2.9597,0.252279,-0.00616697,-0.00701034,0.870501,-0.048798,97.1759,-0.0131773,0.073496,-0.03877660818397999,0.22395896911621094,0.0465189,574.2899780273438,,,,,,,1.6,0.8,1.6,0.8,,,,,,,,,,,,,,,,,,,"Bo Naylor","21865",666310
"Tyrone Taylor","NYM",12,51,47,10,7,2,0,1,6,5,2,0,11,1,0,0,,1,0,0.224141,0.0490014,0.222467,0.220263,0.275559,0.360157,0.279854,0.635716,0.136016,5.70088,0.270099,0.0896719,0.057681,4.51204,-1.52086,77.3949,0.147353,0.384448,-1.2349301278591156,0.04339846968650818,0.0460718,999,,,,,,,35.1,2.925,35.1,2.925,,,,,,,,,,,,,,,,,,,"Tyrone Taylor","13675",621438
"Triston Casas","BOS",4,18,15,4,2,1,0,1,2,2,2,0,4,0,0,0,,0,0,0.237907,0.122202,0.251687,0.48553,0.333905,0.429449,0.333718,0.763354,0.191542,2.13546,0.286224,-0.0389085,-0.0227581,2.34401,0.240231,108.697,-0.0616667,0.106609,0.11874053254723549,-0.2921564653515816,0.0460215,746.0599975585938,,,,,,,25.7,6.425,25.7,6.425,,,,,,,,,,,,,,,,,,,"Triston Casas","22514",671213
"Luis Rengifo","SDP",7,29,26,6,5,1,0,0,3,3,2,0,5,0,0,0,,1,0,0.24373,0.0711157,0.169291,0.420079,0.302454,0.343905,0.28792,0.646359,0.100175,4.96451,0.282168,0.0102507,-0.00638875,2.73192,-0.671257,83.2393,0.00386191,-0.00302556,-0.5742870557587594,0.09882629569619894,0.0458934,644.9299926757812,,,,,,,18.4,2.628571428,18.4,2.628571428,,,,,,,,,,,,,,,,,,,"Luis Rengifo","19858",650859
"Bryce Teodosio","LAA",3,11,10,2,2,0,0,0,1,1,1,0,3,0,0,0,,1,0,0.211691,0.0550763,0.304384,0.180943,0.268454,0.313152,0.260613,0.581606,0.101461,6.65266,0.29712,0.0379812,0.0379037,0.827262,-0.513382,61.3328,0.0758849,0.520614,-0.4352620914578438,0.48049068823456764,0.0450878,999,,,,,,,6.1,2.033333333,6.1,2.033333333,,,,,,,,,,,,,,,,,,,"Bryce Teodosio","29524",669326
"Braden Montgomery","CHW",50,217,196,46,30,10,1,5,23,22,17,0,62,2,1,1,,3,1,0.236901,0.0798026,0.286187,0.278848,0.303936,0.37866,0.301198,0.682596,0.141759,4.55,0.31675,-0.133148,-0.055854,23.1394,-2.7711,90.2543,-0.189002,-2.3767,-2.6788742691278458,-4.620376348495483,0.0442809,999,,,,,,,203.2,4.064,203.2,4.064,,,,,,,,,,,,,,,,,,,"Braden Montgomery","35423",695731
"Reese McGuire","CHW",5,21,19,4,3,1,0,1,2,2,1,0,5,0,0,0,,0,0,0.222,0.0631149,0.228216,0.276557,0.281538,0.348642,0.279733,0.63018,0.126642,2.93405,0.267516,-0.032882,-0.0174665,1.85963,-0.629545,74.5117,-0.0503485,-0.00276643,-0.6846773102879524,0.40464097796939313,0.0436496,999,,,,,,,18.7,3.74,18.7,3.74,,,,,,,,,,,,,,,,,,,"Reese McGuire","15674",624512
"Brice Matthews","HOU",22,94,83,18,11,3,1,3,11,9,8,0,31,1,1,1,,4,1,0.212682,0.0851824,0.329342,0.258644,0.288452,0.36142,0.288545,0.649871,0.148737,6.11729,0.298035,0.13493,0.141087,9.05476,-2.16541,82.3703,0.276017,-1.46268,-1.6744301915168762,-1.245391383767128,0.0435647,740.969970703125,,,,,,,92.2,4.19090909,92.2,4.19090909,,,,,,,,,,,,,,,,,,,"Brice Matthews","33280",694728
"Alek Thomas","LAD",3,11,10,2,2,0,0,0,1,1,1,0,3,0,0,0,,0,0,0.232265,0.0519655,0.23292,0.223105,0.275072,0.377056,0.285176,0.652129,0.144791,4.18126,0.278313,0.0270948,-0.00921737,1.05119,-0.28945,78.2025,0.0178775,0.382651,-0.2783227264881134,0.3425275422632694,0.0435312,746.030029296875,,,,,,,4.2,1.4,4.2,1.4,,,,,,,,,,,,,,,,,,,"Alek Thomas","23792",677950
"Miguel Andujar","SDP",32,137,128,34,24,6,1,3,15,16,7,1,21,1,1,0,,1,1,0.264332,0.0511289,0.155637,0.328513,0.305427,0.403691,0.308704,0.709118,0.139359,3.86249,0.292245,-0.181592,-0.148619,15.422,-0.913254,97.1835,-0.330211,-0.0187771,-0.7965472042560577,-3.237295627593994,0.0430269,722.9099731445312,,,,,,,136.8,4.275,136.8,4.275,,,,,,,,,,,,,,,,,,,"Miguel Andujar","15878",609280
"Jhonny Pereda","SEA",3,10,9,2,2,0,0,0,1,1,1,0,2,0,0,0,,0,0,0.235149,0.0936295,0.237332,0.394509,0.311096,0.329133,0.289531,0.640229,0.0939836,1.71318,0.302922,-0.0180875,-0.0145678,0.997391,-0.228341,89.0754,-0.0326553,0.021677,-0.164690051227808,0.2222942505031824,0.0428679,999,,,,,,,5.2,1.733333333,5.2,1.733333333,,,,,,,,,,,,,,,,,,,"Jhonny Pereda","19802",640902
"Dustin Harris","SDP",3,14,13,3,2,1,0,1,2,2,1,0,4,0,0,0,,0,0,0.225522,0.094742,0.276447,0.342713,0.30137,0.438424,0.322644,0.739794,0.212902,3.70651,0.269046,0,-0.0287671,1.76775,0.0661668,106.536,-0.0287671,0,0.08395366556942463,-0.1527777761220932,0.0400396,999,,,,,,,19.1,6.366666666,19.1,6.366666666,,,,,,,,,,,,,,,,,,,"Dustin Harris","25705",687957
"Max Anderson","DET",1,6,5,1,1,0,0,0,1,1,0,0,1,0,0,0,,0,0,0.251409,0.047266,0.174209,0.271318,0.289137,0.337131,0.276083,0.626268,0.0857219,2.81825,0.292719,-0.00429001,-0.00792232,0.491598,-0.189037,72.9401,-0.0122123,0.360633,-0.19381797034293413,0.3810031767934561,0.0395097,999,,,,,,,0.6,0.6,0.6,0.6,,,,,,,,,,,,,,,,,,,"Max Anderson","sa3022567",801194
"Mason McCoy","SDP",1,3,3,1,0,0,0,0,0,0,0,0,1,0,0,0,,0,0,0.211348,0.0749107,0.297662,0.251663,0.27379,0.284142,0.253311,0.557932,0.072794,4.90772,0.299262,0.00253848,0.000737278,0.193099,-0.147218,60.0204,0.00327576,0.397892,-0.13463156973011792,0.4284471068531275,0.0391344,999,,,,,,,2.6,2.6,2.6,2.6,,,,,,,,,,,,,,,,,,,"Mason McCoy","22232",669200
"Walker Jenkins","MIN",3,14,12,3,2,1,0,0,1,1,1,0,3,0,0,0,,0,0,0.241008,0.0996346,0.222714,0.447366,0.32079,0.359722,0.304707,0.680512,0.118714,3.74725,0.304668,0.00185282,-0.00267371,1.53657,-0.139241,92.1676,-0.000820888,0.00238592,-0.13024320977274328,0.01241678325459361,0.0387147,999,,,,,,,10.7,3.566666666,10.7,3.566666666,,,,,,,,,,,,,,,,,,,"Walker Jenkins","sa3022894",805805
"Michael Helman","TEX",3,14,13,3,2,1,0,0,2,1,1,0,3,0,0,0,,0,0,0.205455,0.058835,0.241321,0.243804,0.26285,0.341126,0.267571,0.603976,0.135671,5.29377,0.248995,0.0122803,0.0268635,1.1305,-0.571084,68.7453,0.0391438,0.328702,-0.4852519780397415,0.35925803519785404,0.0386672,999,,,,,,,9.7,3.233333333,9.7,3.233333333,,,,,,,,,,,,,,,,,,,"Michael Helman","24605",680737
"Blake Perkins","MIL",4,17,15,3,2,1,0,0,2,2,2,0,4,0,0,0,,1,0,0.212451,0.100227,0.261858,0.382755,0.293584,0.316756,0.276202,0.61034,0.104305,5.10769,0.279743,0.0248785,0.0167868,1.47645,-0.565452,72.4252,0.0416653,0.285561,-0.5290407426655293,0.34667183831334114,0.03795,999,,,,,,,12.6,3.15,12.6,3.15,,,,,,,,,,,,,,,,,,,"Blake Perkins","19921",663368
"Alika Williams","ATH",7,29,26,6,5,1,0,0,3,3,2,0,6,0,0,0,,0,0,0.241243,0.0594623,0.204247,0.29113,0.296622,0.341394,0.284847,0.638016,0.100151,3.35796,0.294404,-0.0369073,-0.036156,2.66082,-0.742355,76.386,-0.0730633,-0.00175201,-0.865459643304348,0.22232207015622407,0.037751,999,,,,,,,16.5,2.357142857,16.5,2.357142857,,,,,,,,,,,,,,,,,,,"Alika Williams","27604",675961
"Samad Taylor","SDP",26,111,99,23,17,4,1,2,13,10,9,0,25,1,1,2,,4,1,0.234536,0.0830931,0.226202,0.36734,0.303093,0.339575,0.28777,0.642668,0.10504,6.23009,0.295735,0.19314,0.280708,10.6409,-2.63144,83.1387,0.473848,-0.392871,-1.794474869966507,-1.4623150825500488,0.0370549,999,,,,,,,100.7,3.873076923,100.7,3.873076923,,,,,,,,,,,,,,,,,,,"Samad Taylor","22274",669392
"Andrés Chaparro","WSN",8,37,33,8,5,2,0,1,4,4,3,0,9,0,0,0,,0,0,0.228829,0.083758,0.237144,0.353195,0.301064,0.381586,0.301476,0.68265,0.152757,2.63139,0.275834,-0.0464693,-0.0369123,3.89936,-0.457735,88.6547,-0.0833817,0.499205,-0.584429144859314,-0.25311005115509033,0.0356028,999,,,,,,,36,4.5,36,4.5,,,,,,,,,,,,,,,,,,,"Andres Chaparro","21797",665953
"Thairo Estrada",,5,20,19,5,3,1,0,0,2,2,1,0,4,0,0,0,,0,0,0.243757,0.0468782,0.191869,0.244324,0.292429,0.368783,0.292061,0.661212,0.125026,4.33458,0.283066,-0.00410024,0.00605034,1.97944,-0.402785,82.8966,0.0019501,-0.0000544154,-0.40541293111164123,0.07124188163288636,0.035078,999,,,,,,,14.9,2.98,14.9,2.98,,,,,,,,,,,,,,,,,,,"Thairo Estrada","16426",642731
"Kyler Fedko","MIN",6,25,23,5,3,1,0,1,3,3,2,0,6,0,0,0,,0,0,0.230428,0.0836878,0.233902,0.35779,0.302036,0.370978,0.298088,0.673014,0.14055,4.48403,0.28022,0,-0.00523025,2.63005,-0.386399,87.603,-0.00523025,0,-0.37395581789314747,-0.1905864179134369,0.0340188,999,,,,,,,23.3,3.883333333,23.3,3.883333333,,,,,,,,,,,,,,,,,,,"Kyler Fedko","29930",693459
"Christian Moore","LAA",18,76,68,15,10,3,0,2,8,7,8,0,23,0,0,0,,2,0,0.222799,0.100104,0.300561,0.333056,0.302993,0.352782,0.293278,0.655775,0.129984,4.95331,0.304907,-0.00638939,0.0700646,7.59417,-1.45519,83.8607,0.0636752,-1.00351,-1.3764206767082214,-1.0135375186800957,0.0315893,748.3499755859375,,,,,,,71.3,3.961111111,71.3,3.961111111,,,,,,,,,,,,,,,,,,,"Christian Moore","34979",695681
"Steward Berroa","PHI",2,8,8,2,1,0,0,0,1,1,1,0,3,0,0,0,,1,0,0.207608,0.0973267,0.308867,0.315109,0.286861,0.301692,0.267744,0.588553,0.0940845,6.36615,0.297471,0.0228655,0.060496,0.66921,-0.336274,64.4102,0.0833615,0.314636,-0.2793532758951187,0.304605633020401,0.0303308,999,,,,,,,8.1,4.05,8.1,4.05,,,,,,,,,,,,,,,,,,,"Steward Berroa","22766",672642
"Kahlil Watson","CLE",35,152,137,29,21,4,0,4,19,18,13,0,48,1,0,0,,3,1,0.213687,0.0866738,0.314829,0.275304,0.286157,0.326231,0.275434,0.612388,0.112543,4.52355,0.29876,0.131007,0.0186369,12.9921,-5.10656,73.9444,0.149644,-0.0252944,-4.50019034743309,-0.6070844661444426,0.0300507,999,,,,,,,119.5,3.414285714,119.5,3.414285714,,,,,,,,,,,,,,,,,,,"Kahlil Watson","29905",696135
"Zach Cole","HOU",7,30,27,6,3,1,0,1,3,4,2,0,12,0,0,0,,1,0,0.204459,0.080368,0.378481,0.212344,0.279816,0.366974,0.285893,0.64679,0.162515,5.47207,0.305407,0.0125605,0.0288246,2.86401,-0.766041,80.5412,0.0413851,-0.00483161,-0.655109990388155,-0.13322667870670557,0.0299128,743.5999755859375,,,,,,,26.8,3.828571428,26.8,3.828571428,,,,,,,,,,,,,,,,,,,"Zach Cole","31583",805904
"Max Schuemann","NYY",5,23,20,4,3,1,0,0,3,2,2,0,5,0,0,0,,1,0,0.218649,0.1092,0.217555,0.501939,0.318637,0.306523,0.287857,0.625159,0.0878734,5.15001,0.276971,0.0201339,0.040254,2.18438,-0.538159,82.4554,0.0603879,-0.24971,-0.4105965122580528,-0.10711726546287537,0.0298766,999,,,,,,,13.2,2.64,13.2,2.64,,,,,,,,,,,,,,,,,,,"Max Schuemann","24488",680474
"Jace Jung","DET",4,17,15,3,2,1,0,0,2,2,2,0,5,0,0,0,,0,0,0.213694,0.115093,0.266937,0.431161,0.306813,0.346424,0.294224,0.653237,0.13273,2.25698,0.275593,-0.0151903,-0.0257769,1.72669,-0.315215,85.4512,-0.0409672,0.0186395,-0.3338892161846161,0.018639523535966873,0.0297985,999,,,,,,,10.7,2.675,10.7,2.675,,,,,,,,,,,,,,,,,,,"Jace Jung","31437",690291
"Pedro Ramírez","CHC",14,60,55,14,10,3,0,1,7,6,4,0,11,1,0,0,,2,1,0.255704,0.0697075,0.178775,0.389917,0.315962,0.353599,0.298419,0.669561,0.0978947,4.88282,0.30308,0.029645,0.0282076,6.24727,-0.899401,88.3569,0.0578526,0.0117356,-0.7855511829257011,-0.8743755053728819,0.0294379,999,,,,,,,57.5,4.107142857,57.5,4.107142857,,,,,,,,,,,,,,,,,,,"Pedro Ramirez","29218",699393
"Brandon Lockridge","MIL",3,14,13,3,2,1,0,0,2,1,1,0,4,0,0,0,,1,0,0.232898,0.0798729,0.253622,0.314929,0.301319,0.311056,0.277197,0.612375,0.0781585,6.19122,0.312942,0.0452996,0.082541,1.24189,-0.459702,73.0924,0.127841,0.172994,-0.3362399488687515,0.14243843220174313,0.0273922,999,,,,,,,11.6,3.866666666,11.6,3.866666666,,,,,,,,,,,,,,,,,,,"Brandon Lockridge","21496",663604
"Will Benson","CIN",2,9,8,2,1,0,0,0,1,1,1,0,3,0,0,0,,0,0,0.218412,0.10547,0.30505,0.345746,0.305105,0.407909,0.311895,0.713014,0.189497,5.61887,0.283267,-0.00550525,0.00337575,1.00097,-0.0354524,90.7952,-0.0021295,0.136113,-0.09882736951112747,0.08441539853811264,0.0271715,999,,,,,,,6.2,3.1,6.2,3.1,,,,,,,,,,,,,,,,,,,"Will Benson","21853",666181
"Cooper Ingle","CLE",9,39,34,8,6,1,0,1,5,4,5,0,8,0,0,0,,0,0,0.239048,0.12684,0.210258,0.60326,0.337959,0.327706,0.304085,0.665665,0.0886583,2.43913,0.299881,-0.0374146,-0.0583764,4.25634,-0.407192,93.7041,-0.095791,0.000457638,-0.38529732823371887,-0.7418263022264,0.0268573,999,,,,,,,38.1,4.233333333,38.1,4.233333333,,,,,,,,,,,,,,,,,,,"Cooper Ingle","33708",694876
"Ryan Vilade","TBR",22,97,87,20,13,4,1,2,10,11,8,0,24,1,1,0,,2,0,0.233264,0.0823421,0.244001,0.337465,0.300753,0.370075,0.296487,0.670828,0.136811,4.93999,0.291801,-0.0403519,0.00412594,9.96267,-1.60812,86.3734,-0.036226,-0.698781,-1.5908992812037468,-1.6117443442344666,0.0255388,999,,,,,,,91.9,4.177272727,91.9,4.177272727,,,,,,,,,,,,,,,,,,,"Ryan Vilade","22165",668723
"Rikuu Nishida","CHW",3,14,13,3,2,1,0,0,2,2,1,0,3,0,0,0,,0,0,0.230428,0.0836878,0.233902,0.35779,0.302036,0.370978,0.298088,0.673014,0.14055,4.48403,0.28022,0,-0.0029951,1.5061,-0.221271,88.1095,-0.0029951,0,-0.20551766431890428,-0.0723765417933464,0.0240743,999,,,,,,,9.7,3.233333333,9.7,3.233333333,,,,,,,,,,,,,,,,,,,"Rikuu Nishida","33795",807747
"Anthony Santander","TOR",3,14,13,3,2,0,0,1,2,2,1,0,3,0,0,0,,0,0,0.226121,0.0949326,0.228164,0.416071,0.303438,0.437813,0.322328,0.741251,0.211692,1.54774,0.24175,-0.0311223,-0.0164615,1.7641,0.0625104,105.697,-0.0475838,-0.00356195,0.048007067292928696,-0.3193026860244572,0.023963,748.4199829101562,,,,,,,16.2,5.4,16.2,5.4,,,,,,,,,,,,,,,,,,,"Anthony Santander","14551",623993
"Darell Hernaiz","ATH",2,9,8,2,1,0,0,0,1,1,1,0,1,0,0,0,,0,0,0.252087,0.0765108,0.154532,0.495114,0.311767,0.348181,0.29457,0.659948,0.096094,4.37702,0.289264,-0.00441823,0.00259298,0.86575,-0.155202,83.0916,-0.00182525,0.0476717,-0.17204008135013282,0.09859761968255043,0.0234183,999,,,,,,,6.2,3.1,6.2,3.1,,,,,,,,,,,,,,,,,,,"Darell Hernaiz","26224",687231
"Luke Maile","KCR",2,8,7,1,1,0,0,0,1,1,1,0,2,0,0,0,,0,0,0.217377,0.088082,0.282849,0.31141,0.296865,0.339057,0.286101,0.635922,0.12168,4.62831,0.295555,0,0.00770525,0.726602,-0.192697,77.0508,0.00770525,0,-0.20031843474134803,0.15046297013759613,0.0227336,999,,,,,,,1.6,0.8,1.6,0.8,,,,,,,,,,,,,,,,,,,"Luke Maile","13355",571912
"Charles McAdoo","TOR",2,9,8,2,1,0,0,0,1,1,1,0,2,0,0,0,,0,0,0.230428,0.0836878,0.233902,0.35779,0.302036,0.370978,0.298088,0.673014,0.14055,4.48403,0.28022,0,-0.00177024,0.890171,-0.130781,88.9804,-0.00177024,0,-0.11270299239549786,0.03055555373430252,0.0225374,999,,,,,,,6.2,3.1,6.2,3.1,,,,,,,,,,,,,,,,,,,"Charles McAdoo","33323",807727
"Leo Rivas","SEA",1,6,5,1,1,0,0,0,1,0,1,0,1,0,0,0,,0,0,0.204879,0.131611,0.25273,0.520757,0.315767,0.291739,0.282028,0.607506,0.08686,5.42422,0.27561,0.00946362,0.021757,0.51125,-0.159072,83.9014,0.0312206,0.0364083,-0.07518415339291096,0.0765317976474762,0.0203918,999,,,,,,,3.6,3.6,3.6,3.6,,,,,,,,,,,,,,,,,,,"Leo Rivas","21009",660844
"Alex Freeland","LAD",14,59,52,11,8,2,0,1,7,6,6,0,16,1,0,0,,1,0,0.221592,0.101417,0.269544,0.376252,0.30808,0.354536,0.29675,0.662615,0.132943,4.42645,0.287227,0.0129318,0.0674598,6.07275,-0.965632,85.9678,0.0803915,-1.02987,-0.9206789508461952,-0.7991649210453033,0.0203832,999,,,,,,,47.7,3.407142857,47.7,3.407142857,,,,,,,,,,,,,,,,,,,"Alex Freeland","31665",690976
"Jonah Cox","SFG",2,9,8,2,1,0,0,0,1,1,1,0,2,0,0,0,,0,0,0.230428,0.0836878,0.233902,0.35779,0.302036,0.370978,0.298088,0.673014,0.14055,4.48403,0.28022,0,-0.00177024,0.890171,-0.130781,88.73,-0.00177024,0,-0.11839595867786556,0.03055555373430252,0.0193134,999,,,,,,,6.2,3.1,6.2,3.1,,,,,,,,,,,,,,,,,,,"Jonah Cox","33270",813841
"Mike Tauchman","NYM",3,14,12,3,2,1,0,0,2,1,2,0,3,0,0,0,,0,0,0.232832,0.122002,0.229453,0.531711,0.33208,0.368288,0.315224,0.700368,0.135456,2.45132,0.287602,-0.0335506,-0.0192953,1.65642,-0.0193875,101.125,-0.0528459,-0.00251363,-0.033740632236003876,-0.23322350904345512,0.0192761,999,,,,,,,13.7,4.566666666,13.7,4.566666666,,,,,,,,,,,,,,,,,,,"Mike Tauchman","15274",643565
"Ivan Johnson","CIN",7,32,28,7,4,1,0,1,4,3,3,0,7,0,0,0,,1,0,0.230428,0.0836878,0.233902,0.35779,0.302036,0.370978,0.298088,0.673014,0.14055,4.48403,0.28022,0,-0.00658923,3.31342,-0.486796,81.532,-0.00658923,0,-0.717952186241746,-0.13441357016563416,0.0187191,999,,,,,,,34.4,4.914285714,34.4,4.914285714,,,,,,,,,,,,,,,,,,,"Ivan Johnson","27593",671155
"Christian Encarnacion-Strand","BAL",2,8,8,2,1,0,0,0,1,1,0,0,2,0,0,0,,0,0,0.235071,0.0522536,0.261738,0.199641,0.28069,0.415015,0.301562,0.695705,0.179944,3.19353,0.281403,-0.00577855,-0.00639124,0.90044,-0.105044,92.227,-0.0121698,0,-0.0892340112477541,-0.030092593282461166,0.0183075,999,,,,,,,3.2,1.6,3.2,1.6,,,,,,,,,,,,,,,,,,,"Christian Encarnacion-Strand","30011",687952
"Mikey Romero","BOS",2,9,8,2,1,0,0,0,1,1,1,0,2,0,0,0,,0,0,0.230428,0.0836878,0.233902,0.35779,0.302036,0.370978,0.298088,0.673014,0.14055,4.48403,0.28022,0,-0.00182388,0.917146,-0.134744,84.1248,-0.00182388,0,-0.16648000001441687,0.031481482088565826,0.0181238,999,,,,,,,6.2,3.1,6.2,3.1,,,,,,,,,,,,,,,,,,,"Mikey Romero","sa3020216",702540
"George Lombard Jr.","NYY",1,6,5,1,1,0,0,0,1,1,0,0,1,0,0,0,,0,0,0.230428,0.0836878,0.233902,0.35779,0.302036,0.370978,0.298088,0.673014,0.14055,4.48403,0.28022,0,-0.00118016,0.593448,-0.0871874,89.5111,-0.00118016,0,-0.07157396071124822,0.040740739554166794,0.0174468,999,,,,,,,0.6,0.6,0.6,0.6,,,,,,,,,,,,,,,,,,,"George Lombard Jr.","sa3023233",806146
"Yohendrick Piñango","TOR",9,40,36,9,6,2,0,1,4,4,3,0,9,0,0,0,,0,0,0.237402,0.0810373,0.226892,0.357162,0.300699,0.382391,0.300897,0.68309,0.144989,3.40527,0.286803,-0.0306794,0.000795584,4.24515,-0.519299,90.9177,-0.0298838,-0.331581,-0.4565573390573263,-0.8000995814800262,0.0167982,999,,,,,,,38.6,4.288888888,38.6,4.288888888,,,,,,,,,,,,,,,,,,,"Yohendrick Pinango","26664",682818
"Jeferson Quero","MIL",1,3,2,1,0,0,0,0,0,0,0,0,0,0,0,0,,0,0,0.259259,0.0689655,0.172414,0.4,0.310345,0.407407,0.315471,0.717752,0.148148,1.86161,0.285714,0.00167701,-0.00340452,0.30807,-0.00307791,98.7702,-0.00172751,0.0187615,-0.0056059934431687,0.06968745216727257,0.01508,999,,,,,,,3.6,3.6,3.6,3.6,,,,,,,,,,,,,,,,,,,"Jeferson Quero","28272",691620
"Hyeseong Kim","LAD",3,11,10,3,2,0,0,0,1,1,1,0,3,0,0,0,,0,0,0.246849,0.0646872,0.242671,0.266564,0.299124,0.348204,0.287896,0.647329,0.101355,5.7491,0.317225,0.0350939,0.0508724,1.07599,-0.264651,80.0275,0.0859663,-0.0927899,-0.18543466925621033,-0.032604753971099854,0.0149687,740.77001953125,,,,,,,9.8,3.266666666,9.8,3.266666666,,,,,,,,,,,,,,,,,,,"Hyeseong Kim","35322",808975
"Oliver Dunn","TBR",1,6,5,1,1,0,0,0,1,1,0,0,1,0,0,0,,0,0,0.230428,0.0836878,0.233902,0.35779,0.302036,0.370978,0.298088,0.673014,0.14055,4.48403,0.28022,0,-0.00121592,0.611431,-0.0898295,87.4772,-0.00121592,0,-0.08780615217983723,0.020987654104828835,0.0144284,999,,,,,,,0.6,0.6,0.6,0.6,,,,,,,,,,,,,,,,,,,"Oliver Dunn","26295",686554
"Miles Mastrobuoni","SEA",2,8,7,2,1,0,0,0,1,1,1,0,2,0,0,0,,0,0,0.230679,0.0969625,0.194511,0.498493,0.306494,0.313566,0.281134,0.62006,0.0828876,4.8838,0.283943,0.00703363,0.0238905,0.760764,-0.244719,83.285,0.0309242,-0.0197559,-0.1347939558327198,-0.02978675067424774,0.0137279,999,,,,,,,7.2,3.6,7.2,3.6,,,,,,,,,,,,,,,,,,,"Miles Mastrobuoni","20017",670156
"Hayden Senger","NYM",1,3,2,0,0,0,0,0,0,0,0,0,1,0,0,0,,0,0,0.197711,0.0554711,0.312554,0.177476,0.247027,0.280693,0.237475,0.52772,0.0829817,3.17825,0.275946,-0.00234979,-0.00298861,0.140875,-0.165558,48.9634,-0.0053384,0.165294,-0.1638574544340372,0.21544819325208664,0.0136857,999,,,,,,,-2,-2,-2,-2,,,,,,,,,,,,,,,,,,,"Hayden Senger","21489",663584
"Josh Rojas","KCR",7,31,28,6,5,1,0,0,3,3,3,0,7,0,0,0,,1,0,0.232353,0.0898975,0.214739,0.418636,0.302264,0.334376,0.285683,0.63664,0.102023,4.56303,0.287481,-0.0211165,0.0576432,2.9035,-0.783272,76.7626,0.0365268,-0.288338,-0.8082115091383457,-0.15793628990650177,0.0136327,999,,,,,,,19.4,2.771428571,19.4,2.771428571,,,,,,,,,,,,,,,,,,,"Josh Rojas","19734",668942
"Garrett Stubbs","PHI",2,8,7,1,1,0,0,0,1,1,1,0,2,0,0,0,,0,0,0.211513,0.0767622,0.2249,0.341317,0.277083,0.274213,0.251809,0.551296,0.0626992,3.24181,0.26872,-0.00336249,-0.00994881,0.512231,-0.407069,53.7192,-0.0133113,0.169673,-0.4445544807240367,0.3201359063386917,0.0128037,999,,,,,,,1.6,0.8,1.6,0.8,,,,,,,,,,,,,,,,,,,"Garrett Stubbs","18067",596117
"Cody Freeman","TEX",6,26,24,6,4,1,0,1,3,3,2,0,4,0,0,0,,0,0,0.241054,0.0588015,0.159862,0.367826,0.287311,0.355889,0.283774,0.6432,0.114835,3.90107,0.270833,-0.0175796,0.00614642,2.37238,-0.690481,79.9196,-0.0114331,-0.0219402,-0.6178746856749058,-0.17471802607178688,0.0123429,999,,,,,,,27.9,4.65,27.9,4.65,,,,,,,,,,,,,,,,,,,"Cody Freeman","25629",683227
"Gustavo Campero","LAA",1,3,2,1,0,0,0,0,0,0,0,0,0,0,0,0,,0,0,0.239851,0.0699235,0.193358,0.361627,0.307614,0.362248,0.298131,0.669862,0.122397,5.32304,0.283728,0.00437116,0.0076956,0.267268,-0.0391646,87.2072,0.0120668,0,-0.02658685576170683,0.050154320895671844,0.0116446,999,,,,,,,3.6,3.6,3.6,3.6,,,,,,,,,,,,,,,,,,,"Gustavo Campero","22707",672569
"Gabriel Gonzalez","MIN",2,8,8,2,1,0,0,0,1,1,1,0,2,0,0,0,,0,0,0.247733,0.064269,0.198128,0.324382,0.309795,0.376012,0.304353,0.685807,0.128279,3.25631,0.29419,-0.00796733,-0.0105181,0.919522,-0.0859619,91.9237,-0.0184854,-0.00140603,-0.0985562838613987,-0.09168380754999816,0.0111312,999,,,,,,,6.2,3.1,6.2,3.1,,,,,,,,,,,,,,,,,,,"Gabriel Gonzalez","28833",694224
"Tatem Levins","TBR",1,3,2,1,0,0,0,0,0,0,0,0,1,0,0,0,,0,0,0.230428,0.0836878,0.233902,0.35779,0.302036,0.370978,0.298088,0.673014,0.14055,4.48403,0.28022,0,-0.00055585,0.279511,-0.0410649,87.4772,-0.00055585,0,-0.04013996914727613,0.05246913433074951,0.0109347,999,,,,,,,3.6,3.6,3.6,3.6,,,,,,,,,,,,,,,,,,,"Tatem Levins","sa3020278",694420
"Spencer Jones","NYY",6,26,23,5,3,1,0,1,3,3,2,0,10,0,0,0,,1,0,0.220962,0.0827644,0.3797,0.217973,0.291832,0.405783,0.305674,0.697615,0.184821,5.04712,0.325993,0.0274724,0.0459848,2.82852,-0.234337,94.743,0.0734571,-0.409797,-0.08530911058187485,-0.7255381941795349,0.0104956,999,,,,,,,25.2,4.2,25.2,4.2,,,,,,,,,,,,,,,,,,,"Spencer Jones","31532",682987
"Joshua Báez","STL",1,3,3,1,0,0,0,0,0,0,0,0,1,0,0,0,,0,0,0.236672,0.0840737,0.267976,0.313736,0.308753,0.416818,0.316584,0.725571,0.180146,6.45195,0.295336,0.0143667,0.0187199,0.344672,-0.000801555,100.896,0.0330865,0,0.03622461878694594,-0.031018517911434174,0.0100702,999,,,,,,,2.6,2.6,2.6,2.6,,,,,,,,,,,,,,,,,,,"Joshua Baez","sa3017022",695491
"Nick Sogard","BOS",5,21,18,4,3,1,0,0,2,2,2,0,4,0,0,0,,0,0,0.237495,0.100871,0.215318,0.468472,0.319127,0.334986,0.295289,0.654112,0.0974905,4.10306,0.297564,-0.0246513,-0.00697576,2.09329,-0.361116,82.1946,-0.0316271,-0.182383,-0.4625379554927349,-0.17188911512494087,0.00996329,999,,,,,,,13.3,2.66,13.3,2.66,,,,,,,,,,,,,,,,,,,"Nick Sogard","25483",686765
"Brewer Hicklen","ATL",3,12,10,2,2,0,0,0,1,1,1,0,3,0,0,0,,0,0,0.230428,0.0836878,0.233902,0.35779,0.302036,0.370978,0.298088,0.673014,0.14055,4.48403,0.28022,0,-0.00239608,1.20488,-0.177017,85.8954,-0.00239608,0,-0.1999561251141131,-0.08271604776382446,0.00956753,999,,,,,,,4.2,1.4,4.2,1.4,,,,,,,,,,,,,,,,,,,"Brewer Hicklen","20450",676551
"Kristian Campbell","BOS",3,12,11,2,2,0,0,0,1,1,1,0,3,0,0,0,,0,0,0.235948,0.09227,0.275351,0.3351,0.311354,0.334545,0.291336,0.645899,0.0985975,2.73256,0.322428,-0.00695461,-0.0135169,1.15847,-0.244054,79.4684,-0.0204715,0.0210668,-0.3044079001992941,-0.020908482372760773,0.00945922,746.1400146484375,,,,,,,3.2,1.066666666,3.2,1.066666666,,,,,,,,,,,,,,,,,,,"Kristian Campbell","33644",692225
"Mark Canha",,7,31,27,6,4,1,0,1,3,3,3,0,6,1,0,0,,0,0,0.233817,0.0912575,0.200737,0.454612,0.323698,0.353552,0.305027,0.67725,0.119735,3.41697,0.27856,-0.0653298,-0.026253,3.4406,-0.302896,91.715,-0.0915829,-0.0868671,-0.40167343616485596,-0.5859411954879761,0.0083198,999,,,,,,,30.9,4.414285714,30.9,4.414285714,,,,,,,,,,,,,,,,,,,"Mark Canha","11445",592192
"Agustín Ramírez","MIA",7,30,27,7,4,1,0,1,4,4,2,0,6,0,0,0,,1,0,0.24155,0.07513,0.197959,0.379523,0.304582,0.4052,0.309887,0.709783,0.16365,4.55282,0.272127,0.00740094,0.0313128,3.42827,-0.17232,92.9506,0.0387137,-0.278886,-0.2185572050511837,-0.6901515126228333,0.00750296,86.8499984741211,,,,,,,32.4,4.628571428,32.4,4.628571428,,,,,,,,,,,,,,,,,,,"Agustin Ramirez","26546",682663
"Juan Brito","CLE",2,8,8,2,1,0,0,0,1,1,1,0,2,0,0,0,,0,0,0.225731,0.0977495,0.20632,0.473775,0.304732,0.311088,0.27923,0.61582,0.0853577,3.32537,0.27816,-0.00821413,-0.0107753,0.747743,-0.25774,76.5626,-0.0189895,-0.00519351,-0.25135608948767185,0.024899087846279144,0.00746614,999,,,,,,,6.2,3.1,6.2,3.1,,,,,,,,,,,,,,,,,,,"Juan Brito","26693",682877
"Mario Camilletti","CHW",1,3,3,1,0,0,0,0,0,0,0,0,1,0,0,0,,0,0,0.230428,0.0836878,0.233902,0.35779,0.302036,0.370978,0.298088,0.673014,0.14055,4.48403,0.28022,0,-0.00059902,0.30122,-0.0442542,88.1095,-0.00059902,0,-0.041103557974565774,0.010339505970478058,0.00732606,999,,,,,,,2.6,2.6,2.6,2.6,,,,,,,,,,,,,,,,,,,"Mario Camilletti","sa3020192",680519
"Brian Serven","ATH",2,8,7,2,1,0,0,0,1,1,1,0,2,0,0,0,,0,0,0.218412,0.0685967,0.28694,0.239063,0.277205,0.311072,0.264554,0.588277,0.0926599,3.58165,0.299857,-0.00727358,-0.00883434,0.601013,-0.332429,62.3908,-0.0161079,0,-0.36226299218833447,0.1527777761220932,0.00700675,999,,,,,,,7.2,3.6,7.2,3.6,,,,,,,,,,,,,,,,,,,"Brian Serven","19422",661531
"Jack Brannigan","PIT",1,3,3,1,0,0,0,0,0,0,0,0,1,0,0,0,,0,0,0.230428,0.0836878,0.233902,0.35779,0.302036,0.370978,0.298088,0.673014,0.14055,4.48403,0.28022,0,-0.000581139,0.292228,-0.0429332,84.4975,-0.000581139,0,-0.05324584321351722,0.030092593282461166,0.0069154,999,,,,,,,2.6,2.6,2.6,2.6,,,,,,,,,,,,,,,,,,,"Jack Brannigan","31471",687394
"Nick Yorke","PIT",2,8,8,2,1,0,0,0,1,1,1,0,2,0,0,0,,0,0,0.244211,0.0712241,0.22421,0.317667,0.299897,0.34418,0.286521,0.644077,0.0999686,4.42684,0.306201,-0.00113946,-0.00219745,0.797594,-0.20789,76.7371,-0.00333691,-0.0073809,-0.24042133172042668,0.022711687721312046,0.00574363,999,,,,,,,6.2,3.1,6.2,3.1,,,,,,,,,,,,,,,,,,,"Nick Yorke","27504",694377
"Andrew Pintar","MIA",1,3,3,1,0,0,0,0,0,0,0,0,1,0,0,0,,0,0,0.230428,0.0836878,0.233902,0.35779,0.302036,0.370978,0.298088,0.673014,0.14055,4.48403,0.28022,0,-0.000581139,0.292228,-0.0429332,85.0344,-0.000581139,0,-0.05142205656738952,0.010030863806605339,0.00506976,999,,,,,,,2.6,2.6,2.6,2.6,,,,,,,,,,,,,,,,,,,"Andrew Pintar","sa3020715",801464
"Jordan Beck","COL",12,50,45,11,7,2,0,1,6,5,4,0,14,0,0,0,,1,0,0.244017,0.0776433,0.279246,0.278046,0.30445,0.405397,0.31022,0.709847,0.16138,6.18607,0.318563,0.0537353,0.0532851,5.66925,-0.270835,80.9899,0.10702,-0.00271354,-1.0375466793775558,-0.5360468411818147,0.00484415,232.9199981689453,,,,,,,45.7,3.808333333,45.7,3.808333333,,,,,,,,,,,,,,,,,,,"Jordan Beck","31431",687597
"Patrick Wisdom","SEA",1,3,3,0,0,0,0,0,0,0,0,0,1,0,0,0,,0,0,0.187423,0.0897844,0.364745,0.246157,0.264294,0.385002,0.284444,0.649296,0.197579,3.14775,0.24406,-0.00340132,-0.00322869,0.261131,-0.0740299,85.5675,-0.00663001,-0.00807236,-0.05432623624801636,0.0019585005939006805,0.0048282,999,,,,,,,-3,-3,-3,-3,,,,,,,,,,,,,,,,,,,"Patrick Wisdom","13602",621550
"RJ Schreck","TOR",1,3,2,1,0,0,0,0,0,0,0,0,1,0,0,0,,0,0,0.219335,0.111366,0.236627,0.470639,0.315008,0.366681,0.303839,0.681689,0.147346,4.02763,0.268889,0.000322164,-0.0009791,0.310032,-0.0302851,92.9465,-0.000656936,0,-0.02432589716045186,-0.03055555559694767,0.00472963,999,,,,,,,3.6,3.6,3.6,3.6,,,,,,,,,,,,,,,,,,,"RJ Schreck","sa3022602",702302
"Adael Amador","COL",3,11,10,2,2,1,0,0,1,1,1,0,2,0,0,0,,0,0,0.242606,0.0960583,0.17285,0.555734,0.318843,0.350556,0.300523,0.669398,0.10795,4.07779,0.285257,-0.00393059,-0.0112353,1.17278,-0.147236,74.4837,-0.0151659,-0.00368148,-0.35656439047306776,0.03582469001412392,0.00400593,999,,,,,,,7.1,2.366666666,7.1,2.366666666,,,,,,,,,,,,,,,,,,,"Adael Amador","27962",691182
"Nelson Rada","LAA",1,6,5,1,1,0,0,0,1,0,1,0,1,0,0,0,,0,0,0.23544,0.091759,0.226218,0.405623,0.311024,0.285637,0.273946,0.596662,0.0501975,5.9807,0.308866,0.0100493,0.0340059,0.474408,-0.195914,70.528,0.0440552,0.00495827,-0.1507416032254696,-0.015103458426892757,0.00347224,999,,,,,,,3.6,3.6,3.6,3.6,,,,,,,,,,,,,,,,,,,"Nelson Rada","sa3018421",703185
"Jared Oliva","NYM",1,3,3,1,0,0,0,0,0,0,0,0,1,0,0,0,,0,0,0.226666,0.0615498,0.233633,0.263446,0.279105,0.311893,0.264891,0.590998,0.0852268,6.99135,0.290246,0.0151433,0.0244624,0.216567,-0.118594,67.3566,0.0396057,-0.0000627207,-0.07128982618451118,0.009968143138394225,0.00305284,999,,,,,,,2.6,2.6,2.6,2.6,,,,,,,,,,,,,,,,,,,"Jared Oliva","19968",666931
"Petey Halpin","CLE",5,20,18,4,3,1,0,0,2,2,1,0,6,0,0,0,,0,0,0.219151,0.0743338,0.28239,0.263231,0.278991,0.317257,0.267306,0.596248,0.0981065,3.98934,0.299935,0.00779038,-0.0176399,1.55449,-0.791638,68.3388,-0.00984951,0.0407889,-0.7422821177169681,0.07088150084018707,0.00294963,999,,,,,,,10.3,2.06,10.3,2.06,,,,,,,,,,,,,,,,,,,"Petey Halpin","27931",690984
"Drew Waters","KCR",1,3,3,1,0,0,0,0,0,0,0,0,1,0,0,0,,0,0,0.220795,0.0788974,0.279441,0.28234,0.29726,0.327351,0.282434,0.624611,0.106557,5.0999,0.300603,0,0.00198331,0.256551,-0.0786106,74.5222,0.00198331,0,-0.082215148024261,0.010030863806605339,0.00282281,999,,,,,,,2.6,2.6,2.6,2.6,,,,,,,,,,,,,,,,,,,"Drew Waters","20505",671221
"César Prieto","STL",2,9,8,2,1,0,0,0,1,1,0,0,2,0,0,0,,0,0,0.249425,0.0461003,0.214843,0.214577,0.287739,0.343194,0.278492,0.630934,0.0937695,3.11818,0.310922,-0.0119384,-0.0116291,0.765547,-0.270875,75.34,-0.0235675,-0.0244857,-0.282623453065753,0.027211785316467285,0.0027829,999,,,,,,,3.2,1.6,3.2,1.6,,,,,,,,,,,,,,,,,,,"Cesar Prieto","30163",693409
"Felix Reyes","PHI",2,8,8,2,1,0,0,0,1,1,1,0,2,0,0,0,,0,0,0.230428,0.0836878,0.233902,0.35779,0.302036,0.370978,0.298088,0.673014,0.14055,4.48403,0.28022,0,-0.00174342,0.876684,-0.1288,84.7677,-0.00174342,0,-0.15698386426083744,-0.0902777761220932,0.00275304,999,,,,,,,6.2,3.1,6.2,3.1,,,,,,,,,,,,,,,,,,,"Felix Reyes","28763",694025
"José Azócar","ATL",1,6,5,1,1,0,0,0,1,1,0,0,1,0,0,0,,0,0,0.230428,0.0836878,0.233902,0.35779,0.302036,0.370978,0.298088,0.673014,0.14055,4.48403,0.28022,0,-0.00119804,0.602439,-0.0885085,85.8954,-0.00119804,0,-0.09997811412904412,-0.06203703582286835,0.00269109,999,,,,,,,0.6,0.6,0.6,0.6,,,,,,,,,,,,,,,,,,,"Jose Azocar","18821",640492
"Pavin Smith","ARI",1,3,2,1,0,0,0,0,0,0,0,0,1,0,0,0,,0,0,0.233462,0.121114,0.252439,0.479775,0.327564,0.390561,0.317995,0.718125,0.157099,3.45554,0.29142,-0.00667729,-0.00299911,0.342793,0.00247552,98.743,-0.0096764,-0.00520879,-0.014012270141392946,-0.05613471381366253,0.00230217,999,,,,,,,3.6,3.6,3.6,3.6,,,,,,,,,,,,,,,,,,,"Pavin Smith","19892",656976
"Luis Vázquez","BAL",1,3,3,1,0,0,0,0,0,0,0,0,1,0,0,0,,0,0,0.224796,0.0589514,0.257805,0.228667,0.277109,0.338377,0.272479,0.615486,0.113581,4.04639,0.285157,-0.000630289,0.00119528,0.233861,-0.101301,72.1694,0.000564986,0,-0.0914090039441362,0.010030863806605339,0.00189241,999,,,,,,,2.6,2.6,2.6,2.6,,,,,,,,,,,,,,,,,,,"Luis Vazquez","23442",676679
"Chadwick Tromp","BAL",1,3,2,0,0,0,0,0,0,0,0,0,1,0,0,0,,0,0,0.202013,0.0734392,0.281275,0.261094,0.260857,0.307947,0.254851,0.568804,0.105934,0.883597,0.268396,0,-0.00251772,0.177082,-0.129351,60.0121,-0.00251772,0,-0.12334178294986486,0.050154320895671844,0.0018532,999,,,,,,,-2,-2,-2,-2,,,,,,,,,,,,,,,,,,,"Chadwick Tromp","16953",644433
"Robert Hassell III","WSN",1,6,5,1,1,0,0,0,1,1,0,0,1,0,0,0,,0,0,0.233079,0.0733423,0.257467,0.284861,0.290994,0.339164,0.280407,0.630158,0.106085,4.3326,0.30394,0.00329673,0.00656564,0.503862,-0.166461,74.5194,0.00986237,0.0167523,-0.16326189413666725,-0.003309383988380432,0.00166027,999,,,,,,,0.6,0.6,0.6,0.6,,,,,,,,,,,,,,,,,,,"Robert Hassell III","27482",690987
"Otto Kemp","PHI",3,11,10,2,1,0,0,0,1,1,1,0,3,0,0,0,,0,0,0.227075,0.0689348,0.283993,0.242734,0.302325,0.374153,0.30017,0.676478,0.147078,4.73791,0.296758,-0.00879074,0.00844726,1.18789,-0.15275,86.1647,-0.000343486,-0.128227,-0.1883478900999762,-0.16835075244307518,0.000936711,999,,,,,,,4.2,1.4,4.2,1.4,,,,,,,,,,,,,,,,,,,"Otto Kemp","31792",805249
"Andrew McCutchen","ATL",2,9,8,2,1,0,0,0,1,1,1,0,2,0,0,0,,0,0,0.229094,0.117824,0.234678,0.502067,0.326368,0.383372,0.316454,0.70974,0.154278,2.5333,0.276201,-0.0282762,-0.0109274,1.0331,-0.00332411,98.2169,-0.0392036,0,-0.05793505534529686,-0.2171296328306198,0.000794059,999,,,,,,,6.2,3.1,6.2,3.1,,,,,,,,,,,,,,,,,,,"Andrew McCutchen","9847",457705
"Dom Keegan","BAL",1,3,2,0,0,0,0,0,0,0,0,0,1,0,0,0,,0,0,0.201443,0.0827659,0.32973,0.251011,0.27084,0.282522,0.252062,0.553361,0.0810791,2.97185,0.29557,-0.00192387,-0.0033891,0.171271,-0.135162,58.089,-0.00531297,-0.00232245,-0.13194765616208315,0.047831870848312974,0.000747277,999,,,,,,,-2,-2,-2,-2,,,,,,,,,,,,,,,,,,,"Dom Keegan","sa3020194",681371
"Will Wagner","SDP",13,54,48,12,8,2,0,1,6,5,5,0,10,0,0,0,,0,0,0.242001,0.0949674,0.182942,0.519112,0.318986,0.347396,0.299367,0.666382,0.105395,3.23185,0.285911,-0.0763836,-0.0515703,5.69399,-0.772042,90.9194,-0.127954,-0.00757526,-0.7230908423662186,-1.0362789472565055,0.00057266,999,,,,,,,49.4,3.8,49.4,3.8,,,,,,,,,,,,,,,,,,,"Will Wagner","29634",695238
"Gage Workman","DET",1,3,3,1,0,0,0,0,0,0,0,0,1,0,0,0,,0,0,0.21807,0.0774691,0.369723,0.209533,0.280826,0.325501,0.270909,0.606327,0.107431,4.85088,0.340767,0.000231871,-0.000152399,0.233825,-0.106493,69.3716,0.000079472,-0.0035059,-0.10269789732410572,0.006679284851998091,0.000566637,999,,,,,,,2.6,2.6,2.6,2.6,,,,,,,,,,,,,,,,,,,"Gage Workman","27573",669398
"Yohandy Morales","WSN",3,14,13,3,2,1,0,0,2,2,1,0,4,0,0,0,,0,0,0.243534,0.0736632,0.283016,0.260279,0.302313,0.38273,0.300817,0.685043,0.139195,2.81333,0.323149,-0.01105,-0.0177693,1.49224,-0.183561,88.2126,-0.0288193,0.0068291,-0.22903953306376934,-0.2238807762041688,0.000457749,999,,,,,,,9.7,3.233333333,9.7,3.233333333,,,,,,,,,,,,,,,,,,,"Yohandy Morales","sa3022672",691002
"Jared Serna","MIA",1,6,5,1,1,0,0,0,0,0,0,0,1,0,0,0,,0,0,0.234383,0.0642088,0.178654,0.359402,0.288448,0.32555,0.273531,0.613998,0.0911668,4.28873,0.278054,0.00781888,0.0064675,0.472515,-0.197807,68.5588,0.0142864,0,-0.19933602400124073,0.020061727613210678,0.00037475,999,,,,,,,0.6,0.6,0.6,0.6,,,,,,,,,,,,,,,,,,,"Jared Serna","sa3015579",691858
"Tanner Murray","CHW",4,17,16,4,3,1,0,0,2,2,1,0,4,0,0,0,,0,0,0.230696,0.0541021,0.237117,0.228167,0.27623,0.332321,0.269734,0.60855,0.101625,3.045,0.292919,-0.0130399,-0.0156965,1.40764,-0.665201,68.5548,-0.0287365,0.0339859,-0.6714393999427557,0.054664917290210724,0.000219697,999,,,,,,,12.3,3.075,12.3,3.075,,,,,,,,,,,,,,,,,,,"Tanner Murray","28848",695020
"BJ Murray","CHC",1,6,5,1,1,0,0,0,1,1,0,0,1,0,0,0,,0,0,0.230428,0.0836878,0.233902,0.35779,0.302036,0.370978,0.298088,0.673014,0.14055,4.48403,0.28022,0,-0.00118016,0.593448,-0.0871874,88.1351,-0.00118016,0,-0.08303446613717824,-0.10185185074806213,0.0000917028,999,,,,,,,0.6,0.6,0.6,0.6,,,,,,,,,,,,,,,,,,,"BJ Murray","sa3017287",681230
"Bryce Johnson","SDP",1,3,3,1,0,0,0,0,0,0,0,0,1,0,0,0,,0,0,0.218368,0.0778872,0.268264,0.290338,0.290399,0.303369,0.26924,0.593768,0.0850016,5.69535,0.298177,0.00506693,0.00696748,0.229963,-0.110354,70.7072,0.0120344,-0.0166615,-0.08900928124785423,-0.006476293317973614,-0.000262034,999,,,,,,,2.6,2.6,2.6,2.6,,,,,,,,,,,,,,,,,,,"Bryce Johnson","20002",669369
"Johnathan Rodríguez","BAL",1,3,3,1,0,0,0,0,0,0,0,0,1,0,0,0,,0,0,0.234459,0.0862356,0.27145,0.317686,0.303495,0.371218,0.298706,0.674713,0.136759,3.63868,0.304808,-0.00242576,-0.000713759,0.293636,-0.0415256,90.2568,-0.00313952,0,-0.03533863229677081,-0.07021605223417282,-0.000554203,999,,,,,,,2.6,2.6,2.6,2.6,,,,,,,,,,,,,,,,,,,"Johnathan Rodriguez","22530",671286
"DaShawn Keirsey Jr.","ATL",1,3,3,1,0,0,0,0,0,0,0,0,1,0,0,0,,0,0,0.21679,0.056534,0.282569,0.200071,0.268743,0.318982,0.262215,0.587725,0.102192,6.13157,0.2922,0.00326092,0.0186069,0.216945,-0.128529,61.8286,0.0218678,0,-0.11179717630147934,0.010339505970478058,-0.00072396,999,,,,,,,2.6,2.6,2.6,2.6,,,,,,,,,,,,,,,,,,,"DaShawn Keirsey Jr.","24496",680577
"Matthew Lugo","KCR",1,3,3,1,0,0,0,0,0,0,0,0,1,0,0,0,,0,0,0.228295,0.0604594,0.292125,0.206964,0.279381,0.358849,0.281482,0.63823,0.130553,4.82098,0.308931,0.000153591,-0.00202104,0.254381,-0.0807801,73.8657,-0.00186745,0.00996896,-0.08823545183986425,-0.020123635418713093,-0.000838003,999,,,,,,,2.6,2.6,2.6,2.6,,,,,,,,,,,,,,,,,,,"Matthew Lugo","25980",683090
"Collin Price","HOU",1,3,2,0,0,0,0,0,0,0,0,0,1,0,0,0,,0,0,0.196016,0.0810609,0.333101,0.243352,0.264831,0.385432,0.284883,0.650263,0.189415,3.26713,0.253501,-0.00140938,-0.00230954,0.235977,-0.0657422,79.845,-0.00371892,-0.0883324,-0.0636807051487267,-0.038949646055698395,-0.00126881,999,,,,,,,-2,-2,-2,-2,,,,,,,,,,,,,,,,,,,"Collin Price","31415",805672
"Weston Wilson","SEA",6,28,25,5,4,1,0,1,3,3,3,0,8,0,0,0,,0,0,0.21292,0.0937814,0.282285,0.332223,0.289209,0.325525,0.276696,0.614734,0.112605,4.07946,0.281029,-0.00491878,-0.0302638,2.43472,-0.91689,80.224,-0.0351826,-0.186108,-0.6887351796030998,-0.32654012739658356,-0.00146664,999,,,,,,,24.3,4.05,24.3,4.05,,,,,,,,,,,,,,,,,,,"Weston Wilson","19358",642215
"Sterlin Thompson","COL",4,19,17,4,3,1,0,0,2,2,2,0,4,0,0,0,,0,0,0.253982,0.0801511,0.227616,0.352134,0.327458,0.376903,0.314317,0.704362,0.122921,4.29713,0.318628,-0.014449,0.000847831,2.26906,-0.0409695,83.7384,-0.0136012,-0.00926898,-0.39435541443526745,-0.25618255976587534,-0.00202087,999,,,,,,,14.3,3.575,14.3,3.575,,,,,,,,,,,,,,,,,,,"Sterlin Thompson","31443",694514
"Nick Morabito","NYM",1,3,3,1,0,0,0,0,0,0,0,0,1,0,0,0,,0,0,0.233274,0.0720982,0.267757,0.269267,0.292903,0.305409,0.270372,0.598311,0.0721341,5.45545,0.318974,0.00511341,0.014492,0.229059,-0.106102,71.0336,0.0196054,-0.00585865,-0.0787984300404787,-0.03595124138519168,-0.00235396,999,,,,,,,2.6,2.6,2.6,2.6,,,,,,,,,,,,,,,,,,,"Nick Morabito","32119",703492
"Seaver King","WSN",3,11,11,3,2,0,0,0,1,1,1,0,3,0,0,0,,0,0,0.237604,0.0501141,0.231746,0.216245,0.278514,0.317125,0.264928,0.595639,0.0795215,5.81295,0.304172,0.00480781,0.0269801,0.866608,-0.474037,64.1346,0.0317879,0.00491477,-0.45557625219225883,0.06509996112436056,-0.00248151,999,,,,,,,8.8,2.933333333,8.8,2.933333333,,,,,,,,,,,,,,,,,,,"Seaver King","sa3025414",814409
"Ryan Ward","LAD",2,8,8,2,1,0,0,0,1,1,1,0,2,0,0,0,,0,0,0.218223,0.0785499,0.261729,0.300119,0.281162,0.392075,0.294349,0.673238,0.173853,4.21668,0.260769,-0.00551133,0.00594021,0.851117,-0.154367,84.3567,0.000428871,-0.0343905,-0.15900070942007005,-0.14473000913858414,-0.00296151,999,,,,,,,6.2,3.1,6.2,3.1,,,,,,,,,,,,,,,,,,,"Ryan Ward","27449",669899
"Kristian Robinson","ARI",1,3,3,1,0,0,0,0,0,0,0,0,1,0,0,0,,0,0,0.214146,0.0921796,0.335593,0.274677,0.29151,0.323068,0.276873,0.614578,0.108922,4.70069,0.316423,0.00618277,0.000165759,0.247628,-0.0926898,71.1544,0.00634853,0,-0.09315263852477074,-0.03055555559694767,-0.0031181,999,,,,,,,2.6,2.6,2.6,2.6,,,,,,,,,,,,,,,,,,,"Kristian Robinson","sa3006884",677565
"Tommy White","ATH",2,9,8,2,1,0,0,0,1,1,1,0,2,0,0,0,,0,0,0.230428,0.0836878,0.233902,0.35779,0.302036,0.370978,0.298088,0.673014,0.14055,4.48403,0.28022,0,-0.00177024,0.890171,-0.130781,85.5175,-0.00177024,0,-0.1475636778632179,-0.1935185194015503,-0.00366624,999,,,,,,,6.2,3.1,6.2,3.1,,,,,,,,,,,,,,,,,,,"Tommy White","sa3025383",695720
"Blake Hunt","SDP",1,3,2,0,0,0,0,0,0,0,0,0,1,0,0,0,,0,0,0.190244,0.0577206,0.270226,0.213601,0.248408,0.258738,0.231422,0.507145,0.068494,3.69619,0.264266,0,-0.000807507,0.130235,-0.180912,45.3356,-0.000807507,0,-0.17320686433231458,0.05092592537403107,-0.00377946,999,,,,,,,-2,-2,-2,-2,,,,,,,,,,,,,,,,,,,"Blake Hunt","23209",675448
"Nolan Jones","CHW",1,6,5,1,1,0,0,0,1,1,1,0,2,0,0,0,,0,0,0.20283,0.101326,0.286284,0.353936,0.289446,0.328764,0.276706,0.61821,0.125934,4.04081,0.270653,0,-0.00525596,0.501976,-0.188972,73.3636,-0.00525596,0,-0.18672806303948164,-0.06203703582286835,-0.00429584,999,,,,,,,3.6,3.6,3.6,3.6,,,,,,,,,,,,,,,,,,,"Nolan Jones","20529",666134
"Rece Hinds","MIA",6,28,26,6,3,1,0,1,3,3,2,0,10,0,0,0,,1,0,0.218232,0.0625925,0.353525,0.177053,0.271113,0.385716,0.286286,0.656829,0.167483,5.67237,0.308598,0.0113504,0.0837714,2.6533,-0.698316,77.1165,0.0951218,-0.0563491,-0.682271271944046,-0.2770281173288822,-0.00449441,999,,,,,,,27.8,4.633333333,27.8,4.633333333,,,,,,,,,,,,,,,,,,,"Rece Hinds","27493",677956
"Kemp Alderman","MIA",1,3,3,1,0,0,0,0,0,0,0,0,1,0,0,0,,0,0,0.234738,0.0572106,0.281561,0.203191,0.282567,0.334917,0.274148,0.617484,0.100179,4.01237,0.313685,0.000215827,-0.00246197,0.237665,-0.0974957,68.9732,-0.00224614,0.00131304,-0.10764956241473556,-0.028779548592865467,-0.00454787,999,,,,,,,2.6,2.6,2.6,2.6,,,,,,,,,,,,,,,,,,,"Kemp Alderman","sa3022562",694580
"Jorge Barrosa","ARI",7,31,28,6,4,1,0,0,3,3,2,0,8,0,0,0,,0,0,0.217977,0.0777227,0.240709,0.322891,0.280884,0.320055,0.268958,0.600939,0.102078,4.089,0.279429,-0.0147301,-0.00871601,2.52241,-1.22108,65.844,-0.0234462,0.303275,-1.3194562904536724,0.25234897434711456,-0.00457906,999,,,,,,,14.5,2.071428571,14.5,2.071428571,,,,,,,,,,,,,,,,,,,"Jorge Barrosa","23968",678489
"Nick Allen","HOU",17,72,65,15,11,3,0,1,7,5,5,0,15,0,0,1,,1,1,0.223877,0.0717224,0.206078,0.348036,0.282526,0.305724,0.26504,0.58825,0.0818473,4.15492,0.276483,-0.00204977,-0.0538577,5.55278,-3.02735,66.1598,-0.0559075,-0.083669,-2.918874464929104,0.31139273196458817,-0.00460232,999,,,,,,,51.2,3.011764705,51.2,3.011764705,,,,,,,,,,,,,,,,,,,"Nick Allen","22277",669397
"Heston Kjerstad","BAL",3,11,10,2,2,0,0,0,1,1,1,0,3,0,0,0,,0,0,0.229758,0.0594521,0.263575,0.22556,0.295214,0.370929,0.295018,0.666143,0.141171,2.96138,0.290426,-0.00951691,-0.0148776,1.14093,-0.19972,87.7138,-0.0243945,-0.0648768,-0.1868080049753189,-0.26549411565065384,-0.00526119,999,,,,,,,4.2,1.4,4.2,1.4,,,,,,,,,,,,,,,,,,,"Heston Kjerstad","31166",677008
"Sam Haggerty","CIN",1,3,3,1,0,0,0,0,0,0,0,0,1,0,0,0,,0,0,0.205065,0.0858784,0.224102,0.383212,0.28003,0.326119,0.271166,0.606149,0.121054,7.13238,0.252886,0,0.0122051,0.237973,-0.107501,63.4705,0.0122051,0,-0.11571059469133615,-0.031018517911434174,-0.00530533,999,,,,,,,2.6,2.6,2.6,2.6,,,,,,,,,,,,,,,,,,,"Sam Haggerty","18054",664059
"Jacob Berry","MIA",2,8,8,2,1,0,0,0,1,1,1,0,2,0,0,0,,0,0,0.22497,0.0778591,0.202762,0.383992,0.289743,0.321325,0.27374,0.611068,0.0963551,4.70388,0.276332,0.00767737,0.0198937,0.710206,-0.295278,68.6994,0.027571,0.000573317,-0.2914296742528677,-0.04958100721705705,-0.00673416,999,,,,,,,6.2,3.1,6.2,3.1,,,,,,,,,,,,,,,,,,,"Jacob Berry","sa3019825",694351
"CJ Kayfus","CLE",2,8,8,2,1,0,0,0,1,1,1,0,2,0,0,0,,0,0,0.231502,0.0898152,0.273713,0.328136,0.31015,0.381522,0.30704,0.691672,0.15002,4.60046,0.301693,-0.00206916,0.00261203,0.937891,-0.0675924,95.7416,0.000542873,-0.230776,-0.04167594580212608,-0.3411152511835098,-0.00835453,999,,,,,,,6.2,3.1,6.2,3.1,,,,,,,,,,,,,,,,,,,"CJ Kayfus","33704",692216
"Christian Franklin","WSN",3,11,10,2,2,0,0,0,1,1,1,0,3,0,0,0,,0,0,0.227179,0.103289,0.261024,0.395707,0.311697,0.299878,0.280682,0.611574,0.0726987,4.02876,0.308414,0.000562208,-0.0119539,1.01023,-0.330413,74.704,-0.0113917,0.010116,-0.3551316373050213,-0.11025439482182264,-0.0100622,999,,,,,,,4.2,1.4,4.2,1.4,,,,,,,,,,,,,,,,,,,"Christian Franklin","sa3017510",681047
"Brandon Drury","KCR",1,6,5,1,1,0,0,0,1,1,0,0,1,0,0,0,,0,0,0.221611,0.0744055,0.250378,0.297173,0.28451,0.319157,0.271464,0.603667,0.0975465,2.6735,0.283185,-0.00901002,-0.0071002,0.463096,-0.207227,66.9566,-0.0161102,-0.00730942,-0.23451249673962593,-0.06749460240826011,-0.0103071,999,,,,,,,0.6,0.6,0.6,0.6,,,,,,,,,,,,,,,,,,,"Brandon Drury","11615",592273
"Trei Cruz","DET",6,26,23,5,4,1,0,0,3,2,3,0,7,0,0,0,,0,0,0.210378,0.108472,0.262358,0.413449,0.297937,0.287178,0.268563,0.585115,0.0768,3.27979,0.284575,-0.0169784,-0.037828,2.05557,-1.00729,67.754,-0.0548064,0.00109826,-1.0286560282111168,0.011283443425782025,-0.0104043,999,,,,,,,16.9,2.816666666,16.9,2.816666666,,,,,,,,,,,,,,,,,,,"Trei Cruz","27569",669360
"Tyler Black","MIL",1,3,3,1,0,0,0,0,0,0,0,0,1,0,0,0,,0,0,0.212121,0.108108,0.243243,0.444444,0.297297,0.242424,0.253892,0.539722,0.030303,5.73772,0.291667,-0.00756888,0.0266614,0.194445,-0.145872,57.4575,0.0190926,0,-0.12765547074377537,-0.07129629701375961,-0.0107326,999,,,,,,,2.6,2.6,2.6,2.6,,,,,,,,,,,,,,,,,,,"Tyler Black","29949",672012
"Ryan Bliss","SEA",1,3,3,1,0,0,0,0,0,0,0,0,1,0,0,0,,0,0,0.204007,0.0698891,0.278127,0.251285,0.263184,0.28769,0.249007,0.550874,0.0836831,5.5181,0.275185,0.00275322,-0.000311235,0.180365,-0.154796,61.1282,0.00244199,-0.0912999,-0.1260207004379481,-0.08126899786293507,-0.0108496,999,,,,,,,2.6,2.6,2.6,2.6,,,,,,,,,,,,,,,,,,,"Ryan Bliss","29547",669208
"Héctor Rodríguez","CIN",3,12,11,3,2,0,0,0,1,1,1,0,2,0,0,0,,0,0,0.248534,0.0560109,0.18465,0.303335,0.292772,0.360132,0.287539,0.652904,0.111598,3.36588,0.286778,-0.00436967,-0.013993,1.10575,-0.276145,74.4549,-0.0183627,0.0100896,-0.3761682789772749,-0.11398446466773748,-0.011429,999,,,,,,,8.8,2.933333333,8.8,2.933333333,,,,,,,,,,,,,,,,,,,"Hector Rodriguez","sa3015828",699302
"Kyle Farmer","ATL",4,17,16,4,3,0,0,0,2,2,1,0,4,0,0,0,,0,0,0.232391,0.0616128,0.23214,0.265412,0.28607,0.31824,0.270987,0.60431,0.085849,2.79284,0.292274,-0.0293507,-0.0289764,1.40494,-0.638287,67.7132,-0.058327,0.0122786,-0.7269887290894985,0.05363660305738449,-0.0116998,999,,,,,,,9.4,2.35,9.4,2.35,,,,,,,,,,,,,,,,,,,"Kyle Farmer","14813",571657
"Will Banfield","CIN",1,3,3,0,0,0,0,0,0,0,0,0,1,0,0,0,,0,0,0.173327,0.0344529,0.435717,0.0790716,0.204664,0.239075,0.198592,0.443739,0.0657481,2.66443,0.308781,0,-0.00172708,0.0616909,-0.254171,14.7802,-0.00172708,0,-0.2745632571168244,0.05169752985239029,-0.0138282,999,,,,,,,-3,-3,-3,-3,,,,,,,,,,,,,,,,,,,"Will Banfield","23790",677943
"Nicky Lopez","TEX",26,114,102,23,19,4,1,0,11,8,9,0,18,1,1,1,,2,1,0.229968,0.0781389,0.158217,0.493872,0.296396,0.287211,0.265792,0.583607,0.0572434,4.61211,0.274558,0.0506863,-0.215802,8.87935,-4.73335,67.5184,-0.165116,-0.336632,-4.524953097105026,0.3152199685573578,-0.0146753,999,,,,,,,75.1,2.888461538,75.1,2.888461538,,,,,,,,,,,,,,,,,,,"Nicky Lopez","19339",670032
"Junior Perez","CHW",7,29,26,5,3,1,0,1,3,3,2,0,10,0,0,0,,1,0,0.196445,0.0829005,0.338453,0.24494,0.265706,0.332327,0.266361,0.598032,0.135882,5.12709,0.280007,0.0860537,0.0727296,2.26683,-1.1879,66.2288,0.158783,0,-0.991623193025589,-0.18611110746860504,-0.0147909,999,,,,,,,22.2,3.171428571,22.2,3.171428571,,,,,,,,,,,,,,,,,,,"Junior Perez","23989",678577
"Abimelec Ortiz","WSN",14,59,53,12,7,3,0,2,7,7,5,0,14,1,0,0,,0,0,0.22844,0.0799998,0.240465,0.332688,0.297472,0.3947,0.303617,0.692172,0.16626,3.1632,0.271172,-0.050483,-0.0588799,6.40139,-0.636991,90.0904,-0.109363,0.0142473,-0.8163207024335861,-1.2596725346520543,-0.0156583,999,,,,,,,59.7,4.264285714,59.7,4.264285714,,,,,,,,,,,,,,,,,,,"Abimelec Ortiz","29539",694673
"Aaron Zavala","TEX",1,6,5,1,1,0,0,0,1,0,1,0,2,0,0,0,,0,0,0.202946,0.0954823,0.32529,0.29353,0.282613,0.300682,0.264838,0.583294,0.0977353,2.88494,0.298233,-0.00353881,-0.00789616,0.439554,-0.241081,66.8608,-0.011435,-0.065443,-0.23384054005146027,-0.12655414268374443,-0.0159041,999,,,,,,,3.6,3.6,3.6,3.6,,,,,,,,,,,,,,,,,,,"Aaron Zavala","sa3017665",701648
"Chad Stevens","COL",2,8,7,2,1,0,0,0,1,1,1,0,3,0,0,0,,0,0,0.242871,0.0724493,0.302569,0.239447,0.307202,0.373635,0.302057,0.680836,0.130764,4.72465,0.341346,-0.000977054,0.00404895,0.889918,-0.100096,75.5132,0.00307189,-0.229983,-0.2426464813761413,-0.2003538478165865,-0.0174826,999,,,,,,,7.2,3.6,7.2,3.6,,,,,,,,,,,,,,,,,,,"Chad Stevens","29614",677060
"Tommy Pham","PHI",5,22,20,5,4,1,0,0,2,2,2,0,5,0,0,0,,0,0,0.236582,0.0935652,0.234659,0.398729,0.310112,0.340945,0.292125,0.651057,0.104363,3.55845,0.296987,-0.0379605,-0.0172957,2.22911,-0.452183,80.7674,-0.0552562,-0.0868754,-0.577948085963726,-0.3276161849498749,-0.0175734,999,,,,,,,16.9,3.38,16.9,3.38,,,,,,,,,,,,,,,,,,,"Tommy Pham","2967",502054
"LuJames Groover","ARI",7,31,28,6,4,1,0,1,3,3,3,0,7,0,0,0,,1,0,0.230428,0.0836878,0.233902,0.35779,0.302036,0.370978,0.298088,0.673014,0.14055,4.48403,0.28022,0,-0.00649088,3.26396,-0.479531,85.3875,-0.00649088,0,-0.5609470549970865,-0.6416666507720947,-0.018292,999,,,,,,,28.8,4.114285714,28.8,4.114285714,,,,,,,,,,,,,,,,,,,"LuJames Groover","33552",694410
"Tyler Locklear","ARI",15,63,57,13,9,3,0,1,7,7,5,0,17,1,0,0,,1,0,0.236451,0.0788469,0.276954,0.284693,0.304399,0.367679,0.29801,0.672078,0.131228,4.07789,0.317091,-0.0144604,-0.0270937,6.52396,-0.96302,85.3353,-0.0415541,0.0488387,-1.1544249504804611,-1.0715316571295261,-0.0184422,999,,,,,,,53.8,3.586666666,53.8,3.586666666,,,,,,,,,,,,,,,,,,,"Tyler Locklear","31396",682988
"Grant McCray","SFG",5,23,20,4,3,1,0,0,3,2,2,0,7,0,0,0,,1,0,0.208724,0.0772076,0.311336,0.247988,0.272343,0.321981,0.264914,0.594324,0.113257,5.68633,0.292679,0.0463762,0.0344769,1.75962,-0.962924,66.4737,0.080853,0,-0.8443229794502258,-0.08148148655891418,-0.0184822,999,,,,,,,13.2,2.64,13.2,2.64,,,,,,,,,,,,,,,,,,,"Grant McCray","25690",687529
"Sebastián Rivero","LAA",2,8,7,1,1,0,0,0,1,1,0,0,2,0,0,0,,0,0,0.207259,0.0487413,0.224313,0.217292,0.249095,0.281962,0.237924,0.531056,0.0747024,3.01331,0.260903,-0.00918795,-0.00506693,0.42543,-0.49387,45.6854,-0.0142549,-0.102296,-0.5065915659070015,0.048167385160923004,-0.0186127,999,,,,,,,-1.4,-0.7,-1.4,-0.7,,,,,,,,,,,,,,,,,,,"Sebastian Rivero","21735",665861
"Jhostynxon Garcia","PIT",4,17,15,4,2,1,0,0,2,2,1,0,5,0,0,0,,0,0,0.227806,0.0641174,0.302118,0.212226,0.286522,0.358071,0.285754,0.644593,0.130265,4.47687,0.310186,-0.00700297,0.00311303,1.5847,-0.42627,76.2225,-0.00388994,-0.112592,-0.4885486888233572,-0.2530243769288063,-0.0194948,999,,,,,,,13.3,3.325,13.3,3.325,,,,,,,,,,,,,,,,,,,"Jhostynxon Garcia","28142",691373
"Yohel Pozo","STL",1,3,3,1,0,0,0,0,0,0,0,0,0,0,0,0,,0,0,0.244381,0.0333677,0.14127,0.236198,0.270615,0.352073,0.272454,0.622687,0.107691,2.27654,0.271289,-0.00463757,-0.00198636,0.22034,-0.0955213,71.2892,-0.00662393,-0.23858,-0.09854328958317637,-0.18688269704580307,-0.0201591,999,,,,,,,2.6,2.6,2.6,2.6,,,,,,,,,,,,,,,,,,,"Yohel Pozo","18848",650968
"Maximo Acosta","MIA",1,6,5,1,1,0,0,0,1,1,0,0,1,0,0,0,,0,0,0.224668,0.0723088,0.251576,0.287423,0.283829,0.314464,0.268983,0.598293,0.089796,5.28736,0.290907,0.00891437,0.018581,0.451787,-0.218536,65.508,0.0274954,-0.251716,-0.20685573481023312,-0.2115924134850502,-0.0238291,999,,,,,,,0.6,0.6,0.6,0.6,,,,,,,,,,,,,,,,,,,"Maximo Acosta","27963",691185
"Zack Short","NYM",2,8,7,1,1,0,0,0,1,1,1,0,2,0,0,0,,0,0,0.18894,0.114619,0.286572,0.399966,0.286317,0.313314,0.272864,0.599632,0.124375,2.67927,0.248961,-0.00855847,-0.0103142,0.704216,-0.301268,72.7056,-0.0188727,-0.271489,-0.29704474471509457,-0.22133512049913406,-0.0246835,999,,,,,,,1.6,0.8,1.6,0.8,,,,,,,,,,,,,,,,,,,"Zack Short","19562",670097
"Tim Elko","CHW",2,9,8,2,1,0,0,0,1,1,0,0,3,0,0,0,,0,0,0.226351,0.0566281,0.340972,0.166078,0.272455,0.415015,0.298057,0.68747,0.188665,2.76482,0.304198,-0.00715789,-0.00577053,0.903441,-0.132981,88.0882,-0.0129284,-0.271365,-0.13466019183397293,-0.4264580011367798,-0.025466,999,,,,,,,3.2,1.6,3.2,1.6,,,,,,,,,,,,,,,,,,,"Tim Elko","31522",671284
"Justin Turner",,11,48,43,10,7,2,0,1,5,5,4,0,9,1,0,0,,0,0,0.241048,0.0837605,0.191809,0.436686,0.31424,0.363774,0.302335,0.678014,0.122726,2.72178,0.282292,-0.211598,-0.0496446,5.2114,-0.573997,89.8844,-0.261242,0.00733285,-0.8463580906391144,-1.0621115700341761,-0.0258155,999,,,,,,,43.2,3.927272727,43.2,3.927272727,,,,,,,,,,,,,,,,,,,"Justin Turner","5235",457759
"Brett Sullivan","COL",17,66,60,13,9,3,0,1,6,7,4,0,13,1,1,0,,0,0,0.223689,0.0618133,0.20175,0.306385,0.278053,0.341978,0.273166,0.620031,0.118288,4.27399,0.264972,-0.0380816,-0.0391693,5.51035,-2.33433,56.1305,-0.0772508,-0.131188,-3.565464861690998,1.1527624875307083,-0.0274593,999,,,,,,,45.9,2.7,45.9,2.7,,,,,,,,,,,,,,,,,,,"Brett Sullivan","18217",664954
"Justin Foscue","TEX",14,60,54,12,7,3,0,2,6,6,5,0,12,1,0,0,,0,0,0.223498,0.0805862,0.206932,0.389432,0.293651,0.370469,0.2939,0.66412,0.146971,3.31084,0.258077,-0.0440983,-0.0388099,6.02767,-1.119,86.9032,-0.0829082,-0.214551,-1.0058184564113617,-1.4062173813581467,-0.028139,999,,,,,,,58.7,4.192857142,58.7,4.192857142,,,,,,,,,,,,,,,,,,,"Justin Foscue","27501",679822
"TJ Rumfield","COL",52,224,200,51,34,10,0,6,25,27,19,0,42,3,2,0,,1,0,0.253928,0.0860315,0.1866,0.461047,0.326755,0.396253,0.319648,0.723009,0.142326,3.09256,0.292425,-0.436011,-0.250934,27.2254,0.494959,87.315,-0.686945,0.666191,-4.123781442642212,-3.452327311038971,-0.0282879,999,,,,,,,238.9,4.594230769,238.9,4.594230769,,,,,,,,,,,,,,,,,,,"TJ Rumfield","29805",681198
"Jose Fernandez","ARI",9,37,35,8,6,2,0,1,4,4,2,0,8,0,0,0,,1,0,0.243891,0.0436201,0.226299,0.192754,0.280454,0.359332,0.280844,0.639786,0.115441,4.85531,0.299898,0.0114562,0.00144143,3.33862,-1.0855,73.8184,0.0128976,-0.17695,-1.161154966801405,-0.32972824573516846,-0.0286625,999,,,,,,,32.9,3.655555555,32.9,3.655555555,,,,,,,,,,,,,,,,,,,"Jose Fernandez","28020",699912
"MJ Melendez","NYM",4,17,15,3,2,1,0,1,2,2,1,0,5,0,0,0,,0,0,0.205837,0.0836608,0.297995,0.280745,0.279413,0.372147,0.286876,0.65156,0.16631,3.89358,0.262919,-0.0253013,-0.0239053,1.60004,-0.410926,82.106,-0.0492067,-0.16741,-0.41394102573394775,-0.42821283638477325,-0.0296734,999,,,,,,,17.1,4.275,17.1,4.275,,,,,,,,,,,,,,,,,,,"MJ Melendez","22197",669004
"Wilmer Flores",,12,51,46,11,7,2,0,2,6,6,4,0,9,1,1,0,,0,0,0.231545,0.0835452,0.179985,0.46418,0.303361,0.375946,0.300428,0.679307,0.144401,2.13776,0.253355,-0.202784,-0.0568018,5.43851,-0.687208,88.5872,-0.259586,-0.006499,-0.9585676491260529,-1.0861286637373269,-0.0297591,999,,,,,,,55.2,4.6,55.2,4.6,,,,,,,,,,,,,,,,,,,"Wilmer Flores","5827",527038
"Charlie Condon","COL",10,41,37,9,6,2,0,1,5,5,4,0,12,1,0,0,,0,0,0.237781,0.0859166,0.283221,0.303356,0.316141,0.397914,0.316245,0.714055,0.160133,3.87839,0.309837,-0.0238645,-0.0228484,4.92716,-0.0229127,85.0315,-0.046713,0.0595196,-0.7977359555661678,-0.8589989021420479,-0.0309176,999,,,,,,,43.6,4.36,43.6,4.36,,,,,,,,,,,,,,,,,,,"Charlie Condon","sa3025257",809707
"Lenyn Sosa","TOR",14,60,56,14,9,3,0,2,6,7,2,0,13,0,1,0,,0,0,0.240338,0.0389627,0.223571,0.174275,0.273647,0.385398,0.286332,0.659045,0.145059,2.62449,0.280918,-0.0570182,-0.0647761,5.65988,-1.48679,80.8729,-0.121794,-0.832867,-1.4696470275521278,-0.9856446236371994,-0.0325164,487.05999755859375,,,,,,,55.9,3.992857142,55.9,3.992857142,,,,,,,,,,,,,,,,,,,"Lenyn Sosa","22896",672820
"Brian Navarreto","MIA",8,31,29,6,5,1,0,0,3,3,2,0,7,0,0,0,,0,0,0.210556,0.0547192,0.239214,0.228746,0.25588,0.292261,0.245154,0.54814,0.0817049,2.96948,0.263814,-0.0287293,-0.0367158,1.88252,-1.79468,49.5213,-0.065445,0.00238858,-1.946880079805851,0.6042404612526298,-0.0342937,999,,,,,,,13.5,1.6875,13.5,1.6875,,,,,,,,,,,,,,,,,,,"Brian Navarreto","16398",640459
"Dominic Smith","ATL",29,124,113,28,19,5,0,3,14,15,9,0,24,1,1,0,,1,0,0.25069,0.0742241,0.192756,0.385069,0.312464,0.390669,0.309421,0.703133,0.139978,3.57241,0.288467,-0.298041,-0.0901209,14.0973,-0.758073,93.4988,-0.388161,0.0225694,-1.3670738637447357,-3.0689427703619003,-0.0385518,999,,,,,,,118.4,4.08275862,118.4,4.08275862,,,,,,,,,,,,,,,,,,,"Dominic Smith","15653",642086
"Blaze Jordan","STL",34,148,138,34,25,8,0,1,17,16,9,0,21,1,0,0,,0,0,0.24821,0.0581735,0.144576,0.402373,0.296736,0.324741,0.278533,0.621476,0.076531,3.033,0.289603,0,-0.227503,13.0192,-4.59993,75.3677,-0.227503,0,-4.62651227414608,-0.5686728358268738,-0.0390313,999,,,,,,,115,3.382352941,115,3.382352941,,,,,,,,,,,,,,,,,,,"Blaze Jordan","28199",691458
"Adrian Del Castillo","ARI",11,48,43,10,6,2,0,1,5,6,4,0,14,0,0,0,,0,0,0.224441,0.0807698,0.287241,0.281191,0.289251,0.377883,0.29317,0.667134,0.153442,2.41017,0.289484,-0.0616743,-0.0462454,4.753,-0.915717,82.0882,-0.10792,-0.139408,-1.137095108628273,-0.8625566363334656,-0.0457683,999,,,,,,,40.2,3.654545454,40.2,3.654545454,,,,,,,,,,,,,,,,,,,"Adrian Del Castillo","29554",680728
"Adam Frazier","LAA",11,48,43,10,7,2,0,1,5,4,3,0,9,1,0,0,,1,0,0.225032,0.0683919,0.194932,0.35085,0.286328,0.311596,0.268408,0.597924,0.0865639,3.89112,0.27202,-0.0405664,-0.0612135,3.8179,-1.87984,66.7089,-0.10178,-0.132654,-1.97211804240942,-0.22293147444725037,-0.0499633,999,,,,,,,42.1,3.827272727,42.1,3.827272727,,,,,,,,,,,,,,,,,,,"Adam Frazier","15223",624428
"Korey Lee","CHW",1,3,2,1,0,0,0,0,0,0,0,0,1,0,0,0,,0,0,0.220881,0.0508336,0.258798,0.196422,0.263535,0.334947,0.264733,0.598481,0.114066,3.00161,0.281208,-0.000406068,-0.00219341,0.203756,-0.112106,65.1059,-0.00259948,-0.566852,-0.1112766987644136,-0.515154205262661,-0.0538489,999,,,,,,,3.6,3.6,3.6,3.6,,,,,,,,,,,,,,,,,,,"Korey Lee","25543",686676
"Troy Johnston","COL",38,166,151,39,27,8,1,3,19,18,12,0,34,3,1,0,,4,1,0.259387,0.069311,0.202407,0.342434,0.320402,0.38904,0.313207,0.709442,0.129654,5.10988,0.311651,-0.0156695,0.0655962,19.2997,-0.500619,82.9938,0.0499267,-0.246731,-3.3631332255899906,-2.577594980597496,-0.0542274,748.4099731445312,,,,,,,174.3,4.586842105,174.3,4.586842105,,,,,,,,,,,,,,,,,,,"Troy Johnston","26143",687859
"Connor Joe","SEA",2,8,8,2,1,0,0,0,1,1,1,0,2,0,0,0,,0,0,0.213116,0.0964184,0.249902,0.385825,0.292934,0.298738,0.269884,0.591672,0.0856224,3.42749,0.276998,-0.00933515,-0.0115626,0.683837,-0.321647,75.5258,-0.0208978,-0.455626,-0.26354327611625195,-0.5860276371240616,-0.0555916,999,,,,,,,6.2,3.1,6.2,3.1,,,,,,,,,,,,,,,,,,,"Connor Joe","16572",656582
"Nelson Velázquez","STL",16,69,63,14,9,3,0,3,8,8,6,0,19,1,0,0,,1,0,0.22557,0.0833118,0.26995,0.308619,0.296585,0.39822,0.305023,0.694805,0.17265,3.98459,0.277369,0.0173034,-0.0224982,7.62031,-0.671062,93.1401,-0.0051948,-1.02352,-0.5817047478631139,-2.3469783067703247,-0.0673363,748.5599975585938,,,,,,,75.2,4.7,75.2,4.7,,,,,,,,,,,,,,,,,,,"Nelson Velazquez","23359",676369
"Zac Veen","COL",7,30,28,7,5,1,0,1,4,3,2,0,8,0,0,0,,1,0,0.241681,0.0817377,0.251209,0.325377,0.306404,0.373722,0.301359,0.680126,0.132041,4.84446,0.307893,0.0295312,0.0223915,3.2458,-0.384253,75.0449,0.0519227,-0.477516,-0.8662774674594402,-0.8034420907497406,-0.0686957,743.6599731445312,,,,,,,31.4,4.485714285,31.4,4.485714285,,,,,,,,,,,,,,,,,,,"Zac Veen","27770",691728
"Jase Bowen","SDP",15,66,60,13,9,2,0,2,7,6,4,0,20,1,0,0,,2,0,0.216479,0.0659571,0.304521,0.216593,0.275562,0.343429,0.273752,0.618991,0.12695,5.82613,0.295018,0.063749,0.0861631,5.5293,-2.298,73.7342,0.149912,-0.417214,-1.9339446425437927,-0.9570286571979523,-0.0763395,999,,,,,,,56.2,3.746666666,56.2,3.746666666,,,,,,,,,,,,,,,,,,,"Jase Bowen","26047",687749
"John Rave","KCR",6,25,22,5,3,1,0,1,3,2,2,0,6,0,0,0,,1,0,0.223133,0.0953827,0.253165,0.376761,0.299252,0.358077,0.292926,0.657329,0.134943,4.88015,0.283125,0.0127694,0.0496141,2.52416,-0.49229,81.7577,0.0623835,-0.793947,-0.4801969416439533,-1.2252740263938904,-0.0814406,999,,,,,,,26.2,4.366666666,26.2,4.366666666,,,,,,,,,,,,,,,,,,,"John Rave","26284",670231
"Jett Williams","MIL",6,26,23,5,3,1,0,1,3,2,2,0,7,0,0,0,,1,0,0.214958,0.0972754,0.261315,0.372254,0.294671,0.349503,0.287924,0.644174,0.134545,5.95463,0.277227,0.022471,0.0439322,2.45882,-0.604038,80.2893,0.0664032,-1.23725,-0.5455150827765465,-1.104841485619545,-0.0824044,999,,,,,,,25.2,4.2,25.2,4.2,,,,,,,,,,,,,,,,,,,"Jett Williams","sa3020134",702518
"Wade Meckler","LAA",21,90,79,19,14,4,0,1,10,8,9,0,20,0,1,0,,2,0,0.242798,0.10085,0.217946,0.462729,0.321189,0.330576,0.293776,0.651766,0.0877782,4.64582,0.309193,-0.0336697,-0.0247835,9.03679,-1.68837,84.2039,-0.0584533,-1.65379,-1.7289381548762321,-2.416139006614685,-0.0953863,999,,,,,,,79.2,3.771428571,79.2,3.771428571,,,,,,,,,,,,,,,,,,,"Wade Meckler","31490",685133
"José Barrero","BAL",1,6,5,1,1,0,0,0,1,1,0,0,2,0,0,0,,0,0,0.203144,0.0620852,0.317457,0.195571,0.258544,0.286951,0.245778,0.545495,0.0838067,3.1675,0.286567,0.00101721,-0.00894129,0.34601,-0.324312,53.755,-0.00792409,-0.885717,-0.3135831421241164,-0.8455932810902596,-0.0970507,999,,,,,,,0.6,0.6,0.6,0.6,,,,,,,,,,,,,,,,,,,"Jose Barrero","23378",676480
"Joey Meneses","ATH",15,66,60,14,10,3,0,1,6,7,4,0,13,1,1,0,,0,0,0.236969,0.065353,0.199124,0.328202,0.291095,0.349392,0.2824,0.640487,0.112424,1.32444,0.278459,0,-0.0777212,5.98963,-1.83767,74.6984,-0.0777212,0,-2.030484415590763,-1.2935185432434082,-0.099861,999,,,,,,,51.5,3.433333333,51.5,3.433333333,,,,,,,,,,,,,,,,,,,"Joey Meneses","14366",608841
"Shay Whitcomb","HOU",4,17,15,3,2,1,0,0,2,2,1,0,5,0,0,0,,0,0,0.201451,0.0710605,0.308176,0.230584,0.26096,0.334795,0.264106,0.595755,0.133344,4.43036,0.265907,0.00528163,0.0112188,1.26884,-0.711193,65.5157,0.0165005,-0.97872,-0.6567581910640001,-0.97871994972229,-0.105675,999,,,,,,,7.7,1.925,7.7,1.925,,,,,,,,,,,,,,,,,,,"Shay Whitcomb","27789",694376
"Deyvison De Los Santos","MIA",12,51,47,11,8,2,0,1,5,6,3,0,12,0,0,0,,1,0,0.237455,0.0530735,0.243837,0.217659,0.281923,0.375643,0.287551,0.657566,0.138188,4.17026,0.290148,0.00361381,0.0408088,4.82782,-1.20508,77.965,0.0444226,-0.40045,-1.3029983527958393,-1.4035358428955078,-0.107243,999,,,,,,,40.7,3.391666666,40.7,3.391666666,,,,,,,,,,,,,,,,,,,"Deyvison De Los Santos","27969",691277
"Ildemaro Vargas","ARI",35,151,140,35,25,6,1,3,16,17,8,0,18,1,1,1,,1,0,0.247166,0.0506708,0.119273,0.424829,0.290748,0.357077,0.285389,0.647826,0.109911,4.28704,0.266436,-0.0758279,-0.0691457,14.1688,-3.86807,76.8676,-0.144974,0.255467,-4.37405090034008,-1.6287921965122223,-0.109227,999,,,,,,,136.2,3.891428571,136.2,3.891428571,,,,,,,,,,,,,,,,,,,"Ildemaro Vargas","13324",545121
"Victor Bericoto","SFG",13,57,53,13,9,2,0,1,6,6,4,0,14,0,0,0,,0,0,0.236706,0.0620349,0.242985,0.255304,0.285093,0.343271,0.278701,0.628364,0.106566,2.51057,0.298322,-0.0641186,-0.0727538,5.03717,-1.76918,75.7235,-0.136872,-0.482546,-1.8116805106401443,-1.2158795297145844,-0.118364,999,,,,,,,47,3.615384615,47,3.615384615,,,,,,,,,,,,,,,,,,,"Victor Bericoto","26468",682674
"Eric Wagaman","NYM",9,39,36,9,6,2,0,1,5,4,3,0,8,0,0,0,,0,0,0.236912,0.0665516,0.216159,0.307883,0.288654,0.383638,0.295155,0.672293,0.146726,3.24793,0.277237,-0.0524334,-0.0276995,3.99759,-0.694663,87.6603,-0.0801329,-1.07263,-0.6670162677764893,-1.8149152398109436,-0.121548,748.2100219726562,,,,,,,38.6,4.288888888,38.6,4.288888888,,,,,,,,,,,,,,,,,,,"Eric Wagaman","23395",676572
"Tsung-Che Cheng","BOS",9,38,35,6,4,2,0,0,4,2,3,0,12,0,0,0,,1,2,0.166544,0.0877727,0.304698,0.288065,0.242732,0.226685,0.218775,0.469416,0.060141,4.89556,0.250013,0,-0.611769,1.51588,-3.04231,29.4264,-0.611769,0,-3.7837018966674805,0.3462962806224823,-0.210121,999,,,,,,,9.7,1.077777777,9.7,1.077777777,,,,,,,,,,,,,,,,,,,"Tsung-Che Cheng","28344",691907
"Bryan De La Cruz","PHI",12,51,47,11,8,2,0,1,6,6,4,0,14,0,0,0,,0,0,0.236841,0.0709742,0.274651,0.258416,0.29212,0.350723,0.285532,0.642843,0.113882,2.99781,0.31515,-0.0773192,-0.0566615,4.745,-1.2879,76.3439,-0.133981,-1.93133,-1.5805294811725616,-2.472992777824402,-0.243555,999,,,,,,,41.8,3.483333333,41.8,3.483333333,,,,,,,,,,,,,,,,,,,"Bryan De La Cruz","19600",650559
"Billy Cook","PIT",5,20,18,4,3,1,0,0,2,2,1,0,5,0,0,0,,0,0,0.226132,0.0631489,0.267828,0.235782,0.280515,0.345294,0.277237,0.625809,0.119162,4.24027,0.293983,0.0157065,0.0184136,1.71293,-0.633195,70.5085,0.03412,-2.33762,-0.6671949401497841,-2.387769814580679,-0.244346,999,,,,,,,10.3,2.06,10.3,2.06,,,,,,,,,,,,,,,,,,,"Billy Cook","29573",695257
"Rafael Flores Jr.","PIT",8,33,31,7,5,2,0,1,4,4,3,0,10,0,0,0,,0,0,0.230023,0.0795955,0.297802,0.267277,0.293316,0.342949,0.2839,0.636265,0.112926,3.3301,0.319548,-0.0304137,-0.0169873,3.08898,-0.894648,74.9785,-0.047401,-3.50297,-1.0577147454023361,-2.850961208343506,-0.285506,999,,,,,,,32.4,4.05,32.4,4.05,,,,,,,,,,,,,,,,,,,"Rafael Flores Jr.","31991",804668
"Zach Dezenzo","HOU",13,58,53,12,8,2,0,2,7,6,5,0,17,0,0,0,,0,0,0.226945,0.0859017,0.300277,0.286075,0.295638,0.35981,0.291741,0.655448,0.132865,3.28212,0.307317,-0.0056218,-0.0522929,5.74327,-1.18683,84.5746,-0.0579147,-6.31223,-1.111973013728857,-6.9344547390937805,-0.604871,999,,,,,,,53.8,4.138461538,53.8,4.138461538,,,,,,,,,,,,,,,,,,,"Zach Dezenzo","31562",701305
"Cam Cauley","TEX",25,108,99,22,16,4,0,2,12,10,9,0,30,0,0,0,,4,0,0.221172,0.081227,0.27319,0.297328,0.285716,0.316873,0.270813,0.602589,0.0957007,5.85228,0.299137,0.204352,0.42558,8.87695,-4.05512,70.9813,0.629932,-16.0448,-3.070353925228119,-15.535582482814789,-1.49211,999,,,,,,,89.2,3.568,89.2,3.568,,,,,,,,,,,,,,,,,,,"Cam Cauley","29710",695508