Name,Team,G,PA,AB,H,1B,2B,3B,HR,R,RBI,BB,IBB,SO,HBP,SF,SH,GDP,SB,CS,AVG,BB%,K%,BB/K,OBP,SLG,wOBA,OPS,ISO,Spd,BABIP,UBR,wSB,wRC,wRAA,wRC+,BsR,Fld,Off,Def,WAR,ADP,InterSD,InterSK,IntraSD,Vol,Skew,Dim,FPTS,FPTS/G,SPTS,SPTS/G,P10,P20,P30,P40,P50,P60,P70,P80,P90,TT10,TT20,TT30,TT40,TT50,TT60,TT70,TT80,TT90,NameASCII,PlayerId,MLBAMID
"Bobby Witt Jr.","KCR",63,272,246,74,44,15,2,12,43,41,22,2,45,2,2,0,,16,4,0.299472,0.0793005,0.164869,0.480991,0.35899,0.532357,0.380584,0.891347,0.232885,6.86258,0.321009,0.440486,1.08982,46.5842,14.0736,142.212,1.53031,3.88922,15.061845421791077,6.808198690414429,3.19559,3.0999999046325684,,,,,,,427.3,6.782539682,427.3,6.782539682,,,,,,,,,,,,,,,,,,,"Bobby Witt Jr.","25764",677951
"Juan Soto","NYM",62,270,220,63,37,10,1,15,43,42,46,2,44,1,2,0,,7,2,0.285386,0.172319,0.162317,1.06162,0.409777,0.546347,0.409637,0.956124,0.260961,4.61851,0.291958,-0.144381,0.0926761,52.4608,20.2853,164.466,-0.0517046,-0.855,20.972656067460775,-4.064876854419708,2.59984,4.650000095367432,,,,,,,457.2,7.374193548,457.2,7.374193548,,,,,,,,,,,,,,,,,,,"Juan Soto","20123",665742
"Yordan Alvarez","HOU",58,249,213,65,37,12,0,16,40,44,31,2,43,3,2,0,,2,0,0.305762,0.12509,0.172427,0.725469,0.399464,0.590592,0.419754,0.990056,0.284829,3.25998,0.316015,-0.225275,-0.208667,50.4686,20.7682,172.859,-0.433942,0.151167,20.903231918811798,-5.755005836486816,2.43044,33.38999938964844,,,,,,,442,7.620689655,442,7.620689655,,,,,,,,,,,,,,,,,,,"Yordan Alvarez","19556",670541
"Shohei Ohtani","LAD",62,270,231,66,34,11,2,19,48,47,35,2,64,2,2,0,,8,2,0.286082,0.1306,0.239157,0.546083,0.383016,0.597984,0.413597,0.980999,0.311901,6.21264,0.316526,0.0182531,0.324733,53.3272,21.1517,164.36,0.342986,0,21.332690477371216,-6.740740776062012,2.36548,1.2699999809265137,,,,,,,481.1,7.759677419,481.1,7.759677419,,,,,,,,,,,,,,,,,,,"Shohei Ohtani","19755",660271
"Gunnar Henderson","BAL",62,270,239,65,38,13,2,11,42,38,26,1,59,3,2,0,,8,2,0.271284,0.0975901,0.218764,0.446099,0.347589,0.48145,0.357956,0.829039,0.210166,6.49701,0.316187,0.342781,0.450448,41.153,8.97752,131.119,0.793229,-0.934253,10.666092038154602,1.9546358585357666,2.24945,12.510000228881836,,,,,,,374.1,6.033870967,374.1,6.033870967,,,,,,,,,,,,,,,,,,,"Gunnar Henderson","26289",683002
"Junior Caminero","TBR",65,282,255,71,42,12,1,16,39,44,23,2,55,2,2,0,,2,1,0.278428,0.0809437,0.193975,0.417289,0.338946,0.519619,0.366424,0.858565,0.241191,3.94558,0.296068,-0.0170096,-0.204236,44.9906,11.3302,134.606,-0.221246,-0.0631005,11.26439082622528,0.6085044592618942,2.21864,16.479999542236328,,,,,,,409.5,6.3,409.5,6.3,,,,,,,,,,,,,,,,,,,"Junior Caminero","28163",691406
"Fernando Tatis Jr.","SDP",64,277,245,67,42,13,1,12,37,37,27,1,57,3,2,0,,13,3,0.272752,0.0969741,0.205007,0.473028,0.347987,0.474684,0.355959,0.822671,0.201932,5.22791,0.307793,0.141967,0.874313,41.7731,8.76229,128.887,1.01628,4.434,10.681711673736572,1.592336654663086,2.15399,14.010000228881836,,,,,,,392.7,6.1359375,392.7,6.1359375,,,,,,,,,,,,,,,,,,,"Fernando Tatis Jr.","19709",665487
"Cal Raleigh","SEA",59,235,205,47,26,9,0,12,30,35,26,1,64,2,2,0,,3,1,0.23033,0.112607,0.273803,0.411271,0.32192,0.457509,0.33768,0.779429,0.227179,3.53378,0.268172,-0.312471,-0.046118,32.0286,3.96122,122.282,-0.358589,3.82796,5.807891339063644,6.29555606842041,2.07296,18.729999542236328,,,,,,,284,4.813559322,284,4.813559322,,,,,,,,,,,,,,,,,,,"Cal Raleigh","21534",663728
"Pete Crow-Armstrong","CHC",63,271,245,63,38,12,3,11,39,36,19,1,67,4,2,1,,14,4,0.258898,0.0708579,0.247948,0.285777,0.321636,0.461151,0.337977,0.782787,0.202253,7.23392,0.311938,0.234358,0.977212,36.9584,4.62825,114.897,1.21157,4.28067,6.093135952949524,5.2482675313949585,2.04081,32.939998626708984,,,,,,,347.5,5.515873015,347.5,5.515873015,,,,,,,,,,,,,,,,,,,"Pete Crow-Armstrong","27769",691718
"Julio Rodríguez","SEA",56,242,218,61,39,11,1,10,33,34,18,1,52,3,2,0,,10,2,0.277685,0.0747632,0.214259,0.348938,0.339213,0.472583,0.350549,0.811796,0.194898,5.50196,0.319561,0.113913,0.668034,35.4143,6.59042,131.157,0.781947,0.861642,9.63706237077713,1.6440491676330566,2.01261,9.489999771118164,,,,,,,331.6,5.921428571,331.6,5.921428571,,,,,,,,,,,,,,,,,,,"Julio Rodriguez","23697",677594
"Ronald Acuña Jr.","ATL",58,252,214,61,38,11,1,12,38,37,33,2,52,3,2,0,,13,4,0.286569,0.129458,0.207085,0.625147,0.386318,0.514447,0.388536,0.900765,0.227878,5.52383,0.324473,0.321472,0.721017,44.6925,14.6362,146.576,1.04249,-0.519791,15.231916785240173,-3.5492663383483887,2.01253,5.260000228881836,,,,,,,399.5,6.887931034,399.5,6.887931034,,,,,,,,,,,,,,,,,,,"Ronald Acuna Jr.","18401",660670
"Elly De La Cruz","CIN",64,275,246,65,38,13,3,12,41,38,25,1,77,1,2,0,,15,4,0.26423,0.0908765,0.27931,0.325361,0.333327,0.482752,0.350985,0.816079,0.218522,7.3235,0.334107,0.446422,0.923965,40.4214,7.6014,117.02,1.37039,0.391452,7.0323508977890015,3.0280264914035797,1.9247,8.449999809265137,,,,,,,380.9,5.9515625,380.9,5.9515625,,,,,,,,,,,,,,,,,,,"Elly De La Cruz","26668",682829
"Vladimir Guerrero Jr.","TOR",65,279,244,73,46,14,0,12,39,41,30,2,37,3,2,0,,3,1,0.297804,0.108769,0.133436,0.815141,0.378571,0.505686,0.381601,0.884257,0.207882,3.43994,0.307896,-0.107435,-0.209976,48.0191,14.668,146.575,-0.317411,-1.05231,14.998923063278198,-6.165269374847412,1.90173,18.049999237060547,,,,,,,420.1,6.463076923,420.1,6.463076923,,,,,,,,,,,,,,,,,,,"Vladimir Guerrero Jr.","19611",665489
"Corbin Carroll","ARI",62,268,234,61,34,12,5,10,48,34,28,1,58,4,2,0,,12,2,0.262362,0.105936,0.215301,0.492035,0.349105,0.484567,0.35917,0.833673,0.222205,8.31391,0.306378,0.577383,0.99374,41.1797,9.18982,126.367,1.57112,2.63062,10.120673179626465,-0.11937832832336426,1.89579,14.100000381469727,,,,,,,378.1,6.098387096,378.1,6.098387096,,,,,,,,,,,,,,,,,,,"Corbin Carroll","25878",682998
"William Contreras","MIL",61,245,216,58,39,11,0,8,30,30,25,1,45,2,2,0,,2,1,0.269138,0.103897,0.183122,0.567362,0.348113,0.433863,0.342538,0.781976,0.164725,3.14449,0.304217,-0.131621,-0.244288,34.3191,5.09064,116.929,-0.375909,2.51564,4.6395310163497925,6.029530763626099,1.88709,56.560001373291016,,,,,,,297.9,4.883606557,297.9,4.883606557,,,,,,,,,,,,,,,,,,,"William Contreras","20503",661388
"Riley Greene","DET",63,274,243,66,40,12,2,12,39,38,27,1,73,2,2,0,,2,1,0.272743,0.0980363,0.266088,0.368436,0.347288,0.485525,0.359135,0.832813,0.212783,4.66638,0.339191,0.00134809,-0.212224,42.0479,9.37747,130.217,-0.210876,1.5355,9.523288995027542,-1.560797095298767,1.793,78.4800033569336,,,,,,,373.6,5.93015873,373.6,5.93015873,,,,,,,,,,,,,,,,,,,"Riley Greene","25976",682985
"Mike Trout","LAA",53,228,191,48,27,8,1,12,32,33,32,1,62,3,1,0,,3,0,0.252033,0.142197,0.272771,0.521304,0.365628,0.49536,0.372359,0.860988,0.243327,4.26193,0.303189,-0.126205,0.115264,37.3818,10.2337,138.399,-0.0109408,-0.701468,10.268037538975477,-0.9723016619682312,1.76105,178.44000244140625,,,,,,,330.2,6.230188679,330.2,6.230188679,,,,,,,,,,,,,,,,,,,"Mike Trout","10155",545361
"Ben Rice","NYY",62,268,233,59,33,11,1,14,37,41,29,1,58,4,2,0,,2,1,0.251105,0.10719,0.217905,0.491914,0.339961,0.48766,0.356752,0.827622,0.236555,3.76336,0.27233,-0.0720295,-0.220052,40.5794,8.64788,129.969,-0.292081,3.8763,9.143653690814972,-1.419994592666626,1.7465,53.189998626708984,,,,,,,366.6,5.912903225,366.6,5.912903225,,,,,,,,,,,,,,,,,,,"Ben Rice","29576",700250
"Francisco Lindor","NYM",62,267,237,60,38,11,1,10,34,33,23,1,49,4,2,0,,9,2,0.251438,0.0878581,0.185084,0.474692,0.327211,0.432197,0.331621,0.759409,0.180759,5.10868,0.275783,-0.122009,0.574862,35.0221,3.18182,112.125,0.452852,1.42551,4.366033643484116,4.0836933851242065,1.73465,25.350000381469727,,,,,,,323.1,5.211290322,323.1,5.211290322,,,,,,,,,,,,,,,,,,,"Francisco Lindor","12916",596019
"James Wood","WSN",62,270,232,62,35,13,1,13,38,38,34,1,76,2,2,0,,7,2,0.266189,0.126031,0.281629,0.447505,0.361984,0.495965,0.370411,0.857949,0.229776,4.99619,0.337486,0.0778346,0.173612,43.878,11.7025,134.902,0.251447,0.457429,11.634120911359787,-3.755534589290619,1.68611,37.790000915527344,,,,,,,396.5,6.39516129,396.5,6.39516129,,,,,,,,,,,,,,,,,,,"James Wood","29518",695578
"Adley Rutschman","BAL",58,234,204,53,34,11,0,7,30,29,26,1,36,1,2,0,,1,0,0.258223,0.111324,0.155465,0.716073,0.34325,0.423495,0.336902,0.766745,0.165272,3.04375,0.280632,-0.0985014,-0.30476,31.6953,3.79077,116.599,-0.403261,2.30834,4.164004296064377,4.123924970626831,1.68192,148.92999267578125,,,,,,,273.4,4.713793103,273.4,4.713793103,,,,,,,,,,,,,,,,,,,"Adley Rutschman","26288",668939
"Alejandro Kirk","TOR",41,162,143,39,27,7,0,5,19,19,16,0,20,1,1,0,,1,0,0.268853,0.0990292,0.12234,0.80946,0.34441,0.418008,0.335354,0.762418,0.149156,2.24563,0.281743,-0.27239,-0.190525,21.7744,2.42488,114.681,-0.462915,5.39978,2.338141083717346,8.312739372253418,1.66254,160.25,,,,,,,195.6,4.770731707,195.6,4.770731707,,,,,,,,,,,,,,,,,,,"Alejandro Kirk","22581",672386
"Kevin McGonigle","DET",63,274,239,63,41,13,1,8,35,31,31,1,42,1,2,0,,6,2,0.262043,0.114807,0.154344,0.743836,0.348033,0.421813,0.338497,0.769846,0.15977,4.67104,0.287158,-0.0231805,0.166943,37.463,4.79248,115.984,0.143763,-1.1658,5.292943492531776,1.1360538005828857,1.63782,999,,,,,,,334.2,5.304761904,334.2,5.304761904,,,,,,,,,,,,,,,,,,,"Kevin McGonigle","33572",805808
"Ketel Marte","ARI",61,265,236,63,39,13,1,11,36,36,25,1,44,2,2,0,,3,1,0.268242,0.0945713,0.164735,0.574083,0.342285,0.467725,0.350574,0.81001,0.199483,4.38005,0.286863,-0.0236618,-0.0704021,38.8914,7.2419,120.6,-0.0940639,0.97804,6.514372244477272,1.0289663076400757,1.63765,32.63999938964844,,,,,,,347.5,5.696721311,347.5,5.696721311,,,,,,,,,,,,,,,,,,,"Ketel Marte","13613",606466
"Iván Herrera","STL",61,253,217,57,39,10,1,7,32,28,27,1,47,6,2,0,,3,1,0.262155,0.10788,0.186165,0.579487,0.358695,0.414547,0.342833,0.773243,0.152392,4.02063,0.301832,0.0804804,-0.0142985,35.5487,5.3247,118.506,0.0661819,3.54057,5.735540106892586,2.0413410663604736,1.62191,178.42999267578125,,,,,,,304.6,4.993442622,304.6,4.993442622,,,,,,,,,,,,,,,,,,,"Ivan Herrera","20599",671056
"Wyatt Langford","TEX",58,251,220,57,35,11,1,10,34,33,27,1,56,2,2,0,,8,2,0.257518,0.106215,0.222921,0.476469,0.340534,0.452883,0.345094,0.793416,0.195365,5.53714,0.299857,0.132877,0.592858,35.6845,5.73652,122.209,0.725735,2.0412,7.283972263336182,-0.4847300052642822,1.59302,37.75,,,,,,,327.4,5.644827586,327.4,5.644827586,,,,,,,,,,,,,,,,,,,"Wyatt Langford","33333",694671
"Aaron Judge","NYY",28,123,101,30,15,5,0,10,21,23,20,1,31,1,1,0,,2,1,0.294068,0.160501,0.249943,0.64215,0.411475,0.629031,0.437109,1.04051,0.334962,4.03692,0.327091,-0.133978,0.0376194,26.5933,11.9597,185.387,-0.0963583,0.715766,12.224353782832623,-0.924048900604248,1.58576,1.850000023841858,,,,,,,239.5,8.553571428,239.5,8.553571428,,,,,,,,,,,,,,,,,,,"Aaron Judge","15640",592450
"Gabriel Moreno","ARI",48,188,166,46,32,9,0,5,23,21,18,1,32,2,1,0,,2,1,0.276949,0.0971115,0.167551,0.579594,0.351786,0.420942,0.340064,0.772727,0.143993,3.40548,0.314696,0.0824327,-0.169712,25.9951,3.53419,113.549,-0.0872795,2.90637,2.997360087931156,6.328592300415039,1.56422,181.22000122070312,,,,,,,225.7,4.702083333,225.7,4.702083333,,,,,,,,,,,,,,,,,,,"Gabriel Moreno","22664",672515
"Bryce Harper","PHI",63,272,235,63,36,14,0,13,38,41,34,1,58,2,2,0,,5,2,0.268777,0.123966,0.213416,0.580864,0.36229,0.494442,0.369971,0.856732,0.225665,3.76244,0.303253,0.0472276,-0.0890763,44.2379,11.7272,132.994,-0.0418487,0.660574,10.830461956560612,-4.264580070972443,1.56252,47.900001525878906,,,,,,,392.5,6.23015873,392.5,6.23015873,,,,,,,,,,,,,,,,,,,"Bryce Harper","11579",547180
"Shea Langeliers","ATH",59,238,216,56,32,11,1,12,31,36,18,1,54,2,2,0,,2,1,0.26111,0.0769277,0.224621,0.342478,0.322021,0.486203,0.347039,0.808225,0.225093,3.82276,0.291581,-0.0140747,-0.141194,34.2649,5.82407,119.277,-0.155268,-1.0672,5.250594809651375,1.6827956438064575,1.56105,54.04999923706055,,,,,,,309,5.237288135,309,5.237288135,,,,,,,,,,,,,,,,,,,"Shea Langeliers","25816",669127
"Isaac Paredes","HOU",60,257,221,54,35,11,0,8,32,30,28,1,42,6,2,1,,1,0,0.245166,0.108721,0.162817,0.667749,0.342175,0.403212,0.330722,0.745387,0.158046,2.5578,0.267885,-0.0758636,-0.374557,33.5699,2.87947,111.458,-0.450421,2.75437,3.0170220732688904,3.1593089401721954,1.55242,243.60000610351562,,,,,,,292.4,4.873333333,292.4,4.873333333,,,,,,,,,,,,,,,,,,,"Isaac Paredes","20036",670623
"Zach Neto","LAA",61,264,234,58,34,12,1,11,33,35,21,1,69,6,2,1,,10,4,0.247003,0.0799997,0.26241,0.304865,0.323827,0.445462,0.334899,0.769289,0.198459,5.07119,0.300619,0.120667,0.0973656,35.3559,3.85077,112.565,0.218033,-1.20752,4.121334075927734,1.6211817264556885,1.53313,32.29999923706055,,,,,,,323.5,5.303278688,323.5,5.303278688,,,,,,,,,,,,,,,,,,,"Zach Neto","31347",687263
"Corey Seager","TEX",42,183,160,42,25,8,0,9,24,27,19,1,36,2,1,0,,1,0,0.265026,0.106294,0.197598,0.537928,0.347772,0.488936,0.360991,0.836709,0.22391,2.64355,0.285727,-0.186514,-0.146688,28.3069,6.52661,133.173,-0.333203,0.633159,6.791019678115845,1.7738997340202332,1.5249,95.08999633789062,,,,,,,247.9,5.902380952,247.9,5.902380952,,,,,,,,,,,,,,,,,,,"Corey Seager","13624",608369
"Byron Buxton","MIN",46,197,178,47,25,9,1,11,29,31,15,1,51,3,1,0,,6,1,0.261997,0.0744779,0.260855,0.285514,0.326156,0.520667,0.360738,0.846823,0.25867,6.35273,0.302105,0.168047,0.656223,30.4512,6.9899,130.81,0.82427,0.210207,7.95162695646286,0.10989831387996674,1.52475,73.4800033569336,,,,,,,283,6.152173913,283,6.152173913,,,,,,,,,,,,,,,,,,,"Byron Buxton","14161",621439
"Mookie Betts","LAD",60,258,228,59,38,12,1,9,34,33,25,1,35,2,2,0,,4,1,0.259909,0.097854,0.134123,0.729584,0.336414,0.439459,0.338508,0.775873,0.179549,4.186,0.268395,-0.0586967,-0.00816879,35.3604,4.52556,113.983,-0.0668655,-0.608821,4.303441017866135,2.1596969962120056,1.50583,60.58000183105469,,,,,,,313.3,5.221666666,313.3,5.221666666,,,,,,,,,,,,,,,,,,,"Mookie Betts","13611",605141
"Michael Harris II","ATL",60,258,240,68,43,12,1,10,34,36,13,1,51,2,2,0,,7,2,0.281193,0.0496529,0.198007,0.250763,0.32081,0.473339,0.341297,0.794149,0.192145,5.41458,0.315963,0.13455,0.379053,35.8429,5.09569,114.884,0.513603,0.453813,5.152203440666199,1.2085972726345062,1.49306,99.06999969482422,,,,,,,328,5.466666666,328,5.466666666,,,,,,,,,,,,,,,,,,,"Michael Harris II","25931",671739
"Kyle Tucker","LAD",60,261,226,59,35,12,1,10,37,36,32,1,43,1,2,0,,7,1,0.260163,0.121959,0.165052,0.738915,0.352481,0.459875,0.353471,0.812356,0.199712,5.21575,0.277224,0.00643574,0.68639,38.9162,7.74617,124.021,0.692825,0.615439,8.28205293416977,-2.183172047138214,1.47823,13.130000114440918,,,,,,,348.4,5.806666666,348.4,5.806666666,,,,,,,,,,,,,,,,,,,"Kyle Tucker","18345",663656
"Jeremy Peña","HOU",59,254,231,62,42,12,1,7,31,29,16,1,46,5,2,1,,7,2,0.267886,0.0629025,0.179725,0.349992,0.325178,0.41319,0.323508,0.738368,0.145304,5.24537,0.30566,0.174285,0.348047,31.7195,1.35906,106.483,0.522332,0.282096,2.4630507826805115,3.0080223977565765,1.47107,122.9800033569336,,,,,,,293.2,4.969491525,293.2,4.969491525,,,,,,,,,,,,,,,,,,,"Jeremy Pena","21636",665161
"Jazz Chisholm Jr.","NYY",57,248,220,53,32,9,1,11,32,33,24,1,66,2,2,1,,15,4,0.240364,0.0959676,0.266556,0.360028,0.317573,0.434731,0.32768,0.752304,0.194367,6.17952,0.291428,0.184996,1.13441,31.7729,2.16526,109.919,1.31941,0.649285,4.215185880661011,1.3724330067634583,1.46012,19.520000457763672,,,,,,,307.3,5.39122807,307.3,5.39122807,,,,,,,,,,,,,,,,,,,"Jazz Chisholm Jr.","20454",665862
"Wilyer Abreu","BOS",58,253,223,57,34,13,1,9,32,33,26,1,58,1,2,1,,5,2,0.255528,0.102575,0.230637,0.444745,0.333497,0.444038,0.338738,0.777534,0.18851,4.4648,0.303488,-0.00339393,-0.0368566,34.6269,4.47274,112.159,-0.0402506,4.26984,3.575019806623459,1.5204575061798096,1.42683,199.89999389648438,,,,,,,309.1,5.329310344,309.1,5.329310344,,,,,,,,,,,,,,,,,,,"Wilyer Abreu","23772",677800
"Munetaka Murakami","CHW",61,263,219,51,27,9,0,15,35,36,41,1,87,3,1,0,,4,2,0.232081,0.153888,0.329402,0.467173,0.356875,0.474717,0.36167,0.831591,0.242636,3.39367,0.30471,-0.0350101,-0.444199,41.0038,9.56571,131.959,-0.479209,0,9.427721172571182,-4.745833396911621,1.42377,999,,,,,,,367.7,6.027868852,367.7,6.027868852,,,,,,,,,,,,,,,,,,,"Munetaka Murakami","37120",808959
"Drake Baldwin","ATL",58,239,212,56,36,9,0,10,30,32,22,1,49,3,2,0,,1,0,0.262579,0.0934514,0.204769,0.456375,0.337622,0.447694,0.342093,0.785316,0.185116,2.7743,0.295934,-0.0607917,-0.28293,33.4661,4.8905,115.418,-0.343722,2.10174,4.121969938278198,2.008683919906616,1.40978,78.62999725341797,,,,,,,298.6,5.148275862,298.6,5.148275862,,,,,,,,,,,,,,,,,,,"Drake Baldwin","31539",686948
"Austin Riley","ATL",60,261,234,61,37,12,1,12,34,38,20,1,69,4,2,0,,2,1,0.260546,0.0786433,0.263803,0.298114,0.327656,0.467307,0.343605,0.794964,0.206761,3.8611,0.316788,-0.0207,-0.236826,36.7337,5.64108,116.433,-0.257526,-0.607893,4.921328455209732,0.322662353515625,1.38958,59.36000061035156,,,,,,,333.9,5.565,333.9,5.565,,,,,,,,,,,,,,,,,,,"Austin Riley","18360",663586
"Manny Machado","SDP",62,268,241,61,38,11,0,12,32,37,23,1,55,1,2,1,,4,1,0.254315,0.0867279,0.20439,0.424326,0.319661,0.445718,0.331908,0.765379,0.191403,3.35063,0.281313,-0.119257,0.0274722,35.2491,3.25929,112.751,-0.0917849,1.03287,4.042723260819912,0.9310162663459778,1.38702,37.52000045776367,,,,,,,322.1,5.19516129,322.1,5.19516129,,,,,,,,,,,,,,,,,,,"Manny Machado","11493",592518
"Matt Olson","ATL",66,284,248,64,36,14,0,14,38,44,31,1,68,2,2,0,,1,0,0.256532,0.110141,0.238012,0.462757,0.342622,0.483327,0.356457,0.825949,0.226795,2.68406,0.294326,-0.230904,-0.257467,42.9579,9.10143,125.055,-0.488371,1.25832,8.109751611948013,-3.8080391883850098,1.37057,48.0099983215332,,,,,,,383.5,5.81060606,383.5,5.81060606,,,,,,,,,,,,,,,,,,,"Matt Olson","14344",621566
"Dillon Dingler","DET",54,217,196,49,30,10,1,8,26,27,14,0,52,4,2,1,,1,0,0.247351,0.0652035,0.239465,0.272289,0.308681,0.422962,0.31892,0.731643,0.17561,3.27848,0.294956,0.0142855,-0.205436,26.215,0.35088,102.483,-0.191151,2.58237,0.44211380183696747,5.291630029678345,1.36179,254.6199951171875,,,,,,,244.2,4.522222222,244.2,4.522222222,,,,,,,,,,,,,,,,,,,"Dillon Dingler","27464",693307
"Geraldo Perdomo","ARI",63,271,232,59,41,12,2,5,35,26,33,1,38,3,2,1,,9,3,0.252375,0.120039,0.138878,0.864345,0.349106,0.373668,0.324071,0.722773,0.121293,5.71023,0.281525,0.0835254,0.192943,33.9012,1.571,102.819,0.276468,0.375498,1.200381726026535,3.278275489807129,1.34632,76.7699966430664,,,,,,,308.3,4.893650793,308.3,4.893650793,,,,,,,,,,,,,,,,,,,"Geraldo Perdomo","22799",672695
"Colson Montgomery","CHW",62,266,235,54,32,10,1,11,32,33,23,0,78,5,2,1,,2,1,0.228645,0.0865141,0.292824,0.295448,0.309438,0.415849,0.317857,0.725287,0.187204,3.85361,0.291059,-0.00808393,-0.219981,31.985,0.201445,101.744,-0.228065,0.849044,0.31835272908210754,3.4752787947654724,1.34432,254.75,,,,,,,290.5,4.68548387,290.5,4.68548387,,,,,,,,,,,,,,,,,,,"Colson Montgomery","29712",695657
"Freddie Freeman","LAD",62,270,237,66,41,14,0,10,36,38,28,1,49,3,2,0,,3,1,0.277323,0.102738,0.180137,0.570332,0.357876,0.468964,0.359163,0.82684,0.191641,3.71214,0.308017,-0.207496,-0.00909739,41.417,9.2415,127.84,-0.216594,0.426671,8.862898021936417,-4.408205062150955,1.33962,67.87999725341797,,,,,,,363.1,5.856451612,363.1,5.856451612,,,,,,,,,,,,,,,,,,,"Freddie Freeman","5361",518692
"José Ramírez","CLE",46,197,174,45,28,10,1,6,25,25,20,1,25,1,2,0,,12,2,0.259652,0.100652,0.127198,0.791302,0.337053,0.436107,0.337325,0.77316,0.176455,5.99391,0.26897,-0.0135227,1.21781,26.7158,3.25455,116.628,1.20429,1.20273,5.050889253616333,1.1024215817451477,1.33164,6.28000020980835,,,,,,,249.3,5.419565217,249.3,5.419565217,,,,,,,,,,,,,,,,,,,"Jose Ramirez","13510",608070
"Nick Kurtz","ATH",48,205,175,46,25,9,1,11,30,32,28,1,61,1,1,0,,2,1,0.26377,0.136988,0.295202,0.464047,0.36703,0.516411,0.379579,0.883441,0.252641,4.24808,0.334098,0.0231463,-0.0501817,34.9424,10.4395,141.718,-0.0270355,-0.561414,10.052213914692402,-4.228080868721008,1.3298,19.8700008392334,,,,,,,305.8,6.370833333,305.8,6.370833333,,,,,,,,,,,,,,,,,,,"Nick Kurtz","35110",701762
"Kazuma Okamoto","TOR",59,254,223,53,30,11,0,12,30,35,26,1,66,3,2,1,,1,0,0.236029,0.100613,0.259215,0.388145,0.320122,0.448064,0.333949,0.768186,0.212035,2.35844,0.276322,-0.0720039,-0.299698,33.7945,3.50622,113.712,-0.371702,0,3.7233524918556213,0.35648149251937866,1.3281,999,,,,,,,307.4,5.210169491,307.4,5.210169491,,,,,,,,,,,,,,,,,,,"Kazuma Okamoto","37123",672960
"Miguel Vargas","CHW",62,269,234,58,35,13,1,9,34,34,30,1,48,3,2,0,,6,2,0.249023,0.11133,0.179133,0.621496,0.339058,0.430961,0.337411,0.770019,0.181938,4.35466,0.273779,-0.0159514,0.127854,36.6047,4.47567,115.228,0.111902,-1.87751,4.936294563114643,-1.4329138100147247,1.32539,303.0899963378906,,,,,,,323.6,5.219354838,323.6,5.219354838,,,,,,,,,,,,,,,,,,,"Miguel Vargas","20178",678246
"Ceddanne Rafaela","BOS",61,264,246,64,41,14,2,7,33,30,12,0,56,3,2,1,,10,3,0.258945,0.0464402,0.212448,0.218596,0.301062,0.418039,0.312228,0.719101,0.159095,6.39827,0.306192,0.164434,0.286103,30.5488,-1.00796,93.8767,0.450537,4.10496,-1.4547792673110962,5.049408197402954,1.31733,125.02999877929688,,,,,,,285.8,4.685245901,285.8,4.685245901,,,,,,,,,,,,,,,,,,,"Ceddanne Rafaela","24262",678882
"JJ Wetherholt","STL",61,263,230,59,40,11,0,7,30,28,25,1,46,6,2,1,,5,1,0.255969,0.0960877,0.17364,0.553374,0.342611,0.400814,0.329801,0.743425,0.144845,4.16432,0.28852,0,0.298268,34.1908,2.75268,109.764,0.298268,0.00836338,3.4094595313072205,0.9906164547428489,1.31372,999,,,,,,,297.8,4.881967213,297.8,4.881967213,,,,,,,,,,,,,,,,,,,"JJ Wetherholt","34985",802139
"Tyler Soderstrom","ATH",59,254,226,58,34,13,1,11,33,36,23,1,56,2,2,1,,2,1,0.257456,0.0910548,0.220846,0.4123,0.330115,0.463317,0.343377,0.793433,0.205862,3.73217,0.294829,-0.0341296,-0.211226,35.7365,5.44819,116.751,-0.245355,1.93523,4.7574689239263535,-0.8249595165252686,1.31319,82.8499984741211,,,,,,,321.6,5.450847457,321.6,5.450847457,,,,,,,,,,,,,,,,,,,"Tyler Soderstrom","27467",691016
"Dansby Swanson","CHC",64,277,249,59,38,11,1,10,31,32,24,0,68,1,2,1,,8,2,0.235988,0.08542,0.247466,0.345179,0.303783,0.401261,0.309022,0.705043,0.165273,5.00288,0.284216,0.195989,0.536945,31.2367,-1.77406,95.4709,0.732934,1.57195,-0.782475471496582,4.535841226577759,1.29172,152.30999755859375,,,,,,,297.6,4.65,297.6,4.65,,,,,,,,,,,,,,,,,,,"Dansby Swanson","18314",621020
"Bo Bichette","NYM",62,267,245,67,46,13,1,8,33,33,18,1,47,2,2,0,,3,1,0.275319,0.0663389,0.177723,0.373271,0.325677,0.431748,0.329428,0.757424,0.156428,3.78012,0.309706,0.0654256,-0.138382,34.5474,2.70704,110.654,-0.0729566,-0.0484519,3.365444637835026,0.5634307973086834,1.27715,92.86000061035156,,,,,,,311.7,5.027419354,311.7,5.027419354,,,,,,,,,,,,,,,,,,,"Bo Bichette","19612",666182
"Pete Alonso","BAL",62,270,237,60,34,12,0,15,36,43,25,1,63,5,2,0,,2,0,0.253988,0.0941547,0.231848,0.406105,0.335988,0.4897,0.355588,0.825689,0.235713,3.025,0.282109,-0.328333,-0.178644,40.6348,8.45934,129.486,-0.506977,-0.840382,8.8477104306221,-5.8357521295547485,1.27706,24.440000534057617,,,,,,,368.6,5.94516129,368.6,5.94516129,,,,,,,,,,,,,,,,,,,"Pete Alonso","19251",624413
"Masyn Winn","STL",62,266,241,60,42,12,1,5,31,27,20,0,50,2,2,1,,6,2,0.2509,0.0732939,0.188662,0.388493,0.310781,0.376963,0.303814,0.687744,0.126063,5.26377,0.294937,0.270052,0.249035,28.9498,-2.83375,92.3289,0.519087,3.02703,-1.9522120356559753,5.880731105804443,1.27554,364.7799987792969,,,,,,,254.3,4.101612903,254.3,4.101612903,,,,,,,,,,,,,,,,,,,"Masyn Winn","27479",691026
"Jackson Chourio","MIL",61,262,241,64,39,14,1,10,34,36,17,1,57,1,2,0,,8,2,0.266126,0.0653889,0.218663,0.29904,0.316162,0.461503,0.334892,0.777665,0.195378,5.5389,0.306553,0.258757,0.410823,35.1345,3.82533,111.8,0.66958,2.37394,4.41434919834137,-0.39643359184265137,1.27149,19.3799991607666,,,,,,,321.3,5.267213114,321.3,5.267213114,,,,,,,,,,,,,,,,,,,"Jackson Chourio","28806",694192
"Trea Turner","PHI",60,261,240,64,44,12,1,7,32,29,16,0,52,2,2,1,,11,2,0.267045,0.061866,0.1993,0.310417,0.316135,0.412449,0.318121,0.728584,0.145404,5.82347,0.312107,0.377981,1.20343,31.4235,0.253499,98.208,1.58141,0.144809,1.0152451395988464,2.9434203654527664,1.26164,26.780000686645508,,,,,,,294,4.9,294,4.9,,,,,,,,,,,,,,,,,,,"Trea Turner","16252",607208
"Willy Adames","SFG",62,268,239,56,34,12,0,10,31,34,25,1,69,1,2,1,,4,1,0.23519,0.0937776,0.255829,0.366564,0.309389,0.413657,0.316262,0.723046,0.178467,3.92273,0.284997,0.0215241,-0.12322,31.8456,-0.144237,100.923,-0.101696,0.631627,0.19760137796401978,3.5038490295410156,1.25826,133.92999267578125,,,,,,,286.2,4.616129032,286.2,4.616129032,,,,,,,,,,,,,,,,,,,"Willy Adames","15986",642715
"Hunter Goodman","COL",57,230,210,54,29,11,1,12,29,35,15,1,64,2,2,1,,2,1,0.257245,0.0657383,0.277887,0.236565,0.31247,0.494822,0.345585,0.807292,0.237577,3.88031,0.308987,-0.0329052,-0.311004,32.7962,5.34923,104.716,-0.343909,1.91638,0.9681185483932495,3.822554588317871,1.243,67.36000061035156,,,,,,,294.8,5.171929824,294.8,5.171929824,,,,,,,,,,,,,,,,,,,"Hunter Goodman","29715",696100
"Xander Bogaerts","SDP",61,262,234,59,42,11,0,6,29,28,23,0,49,2,2,1,,7,1,0.252205,0.0888847,0.185978,0.477931,0.323632,0.380275,0.312207,0.703907,0.12807,4.20591,0.291404,0.109487,0.561548,30.3047,-1.00454,99.5338,0.671035,0.400004,0.5230885595083237,3.211115211248398,1.24278,237.1999969482422,,,,,,,270.2,4.429508196,270.2,4.429508196,,,,,,,,,,,,,,,,,,,"Xander Bogaerts","12161",593428
"Trent Grisham","NYY",56,242,208,49,29,9,1,10,32,32,30,1,53,2,2,0,,4,1,0.233741,0.124454,0.220157,0.565296,0.334143,0.429104,0.334879,0.763247,0.195363,4.48662,0.263846,-0.0329476,0.0418084,32.4586,3.53165,114.884,0.00886079,-1.54547,4.254239763133228,-0.679729163646698,1.23583,253.82000732421875,,,,,,,293,5.232142857,293,5.232142857,,,,,,,,,,,,,,,,,,,"Trent Grisham","18564",663757
"Rafael Devers","SFG",62,268,234,59,34,12,0,11,34,36,30,1,66,2,2,0,,1,0,0.25034,0.110285,0.246542,0.447328,0.337942,0.452205,0.343769,0.790147,0.201865,2.91927,0.298172,-0.151913,-0.305425,37.8293,5.83947,119.377,-0.457338,2.99967,5.82566300034523,-2.3781111240386963,1.23257,61.619998931884766,,,,,,,332.5,5.362903225,332.5,5.362903225,,,,,,,,,,,,,,,,,,,"Rafael Devers","17350",646240
"Andy Pages","LAD",57,247,222,57,34,12,0,10,31,34,19,1,54,4,2,1,,4,2,0.255294,0.0752263,0.218295,0.344608,0.321669,0.449992,0.334835,0.771661,0.194699,4.07475,0.291283,0.0794095,-0.346796,33.0863,3.59209,111.519,-0.267387,0.0496121,3.176196426153183,0.892204649746418,1.22646,133.4199981689453,,,,,,,297,5.210526315,297,5.210526315,,,,,,,,,,,,,,,,,,,"Andy Pages","24816",681624
"CJ Abrams","WSN",62,267,240,62,39,13,2,9,35,31,18,1,52,6,2,1,,12,3,0.260154,0.0688684,0.196709,0.350103,0.325501,0.433612,0.331013,0.759113,0.173458,6.42758,0.297874,0.177395,0.919525,34.8905,3.05023,108.471,1.09692,-3.13468,3.8306360244750977,-0.41631364822387695,1.22508,65,,,,,,,327.3,5.279032258,327.3,5.279032258,,,,,,,,,,,,,,,,,,,"CJ Abrams","25768",682928
"Austin Wells","NYY",45,178,157,35,21,7,0,6,20,22,17,0,44,2,1,1,,2,0,0.22387,0.0948135,0.245709,0.385877,0.303642,0.397759,0.308606,0.701401,0.17389,3.83223,0.265283,-0.0301249,-0.00617929,19.9886,-1.19859,96.765,-0.0363042,3.11169,-0.7121315449476242,6.452432155609131,1.22113,246.13999938964844,,,,,,,176.5,3.922222222,176.5,3.922222222,,,,,,,,,,,,,,,,,,,"Austin Wells","27562",669224
"Jackson Merrill","SDP",62,268,247,63,40,12,1,9,33,34,17,1,57,1,2,1,,7,2,0.253814,0.0649835,0.211659,0.30702,0.303849,0.4289,0.317342,0.73275,0.175086,5.61864,0.291468,0.287847,0.318116,32.0804,0.0905558,102.978,0.605963,0.706595,1.5717329382896423,1.582520604133606,1.20289,70.79000091552734,,,,,,,292.6,4.719354838,292.6,4.719354838,,,,,,,,,,,,,,,,,,,"Jackson Merrill","29490",701538
"Kyle Schwarber","PHI",64,275,233,55,28,8,1,18,38,43,38,1,82,3,2,0,,2,1,0.236374,0.138616,0.299039,0.463538,0.348481,0.503902,0.36683,0.852383,0.267528,3.31509,0.278342,-0.358755,-0.192015,43.9923,11.1465,130.886,-0.55077,-0.0568655,9.732030749320984,-6.877853196114302,1.19617,24.690000534057617,,,,,,,397.1,6.2046875,397.1,6.2046875,,,,,,,,,,,,,,,,,,,"Kyle Schwarber","16478",656941
"Patrick Bailey","CLE",40,159,144,32,22,7,0,3,16,15,13,0,40,1,1,1,,1,0,0.222311,0.0791524,0.253804,0.311864,0.286746,0.34304,0.280494,0.629786,0.120729,3.40333,0.282831,-0.0639427,-0.0660511,14.2921,-4.70675,77.4344,-0.129994,7.36918,-4.357303023338318,10.478747129440308,1.19357,747.8900146484375,,,,,,,127.6,3.19,127.6,3.19,,,,,,,,,,,,,,,,,,,"Patrick Bailey","27478",672275
"Brandon Nimmo","TEX",57,248,220,56,36,11,1,8,32,30,22,1,53,4,2,1,,3,1,0.256445,0.0900137,0.212245,0.424103,0.332949,0.431743,0.334373,0.764692,0.175298,4.68359,0.29847,-0.0388844,-0.0360539,33.1205,3.51288,114.816,-0.0749383,1.48618,4.250320889055729,-1.4573376178741455,1.17731,145.4600067138672,,,,,,,287.3,5.040350877,287.3,5.040350877,,,,,,,,,,,,,,,,,,,"Brandon Nimmo","12927",607043
"Otto Lopez","MIA",58,253,232,63,45,12,1,5,31,27,16,0,40,2,2,1,,8,2,0.273087,0.0629245,0.157104,0.400528,0.322757,0.404988,0.318632,0.727745,0.1319,5.5413,0.30775,0.113476,0.338821,30.5147,0.350176,98.8176,0.452297,0.420414,0.09077909588813782,3.1287470757961273,1.15907,229.16000366210938,,,,,,,271.9,4.687931034,271.9,4.687931034,,,,,,,,,,,,,,,,,,,"Otto Lopez","19608",672640
"Daulton Varsho","TOR",55,240,216,51,30,11,1,8,30,30,19,0,56,2,2,1,,5,1,0.235149,0.0806967,0.232309,0.347368,0.300907,0.415904,0.312299,0.716811,0.180754,5.56778,0.2755,0.0468572,0.264811,27.6873,-0.899342,98.781,0.311668,2.05852,-0.0319209098815918,2.914073944091797,1.15548,192.2100067138672,,,,,,,252.1,4.583636363,252.1,4.583636363,,,,,,,,,,,,,,,,,,,"Daulton Varsho","19918",662139
"Maikel Garcia","KCR",50,216,195,52,36,11,1,4,27,22,18,0,33,0,2,1,,8,2,0.266219,0.0841747,0.151159,0.556861,0.327304,0.393715,0.317588,0.721018,0.127495,5.95642,0.300332,0.122018,0.469099,25.9237,0.116247,98.766,0.591118,2.60616,0.2770986557006836,3.3785324096679688,1.14977,63.150001525878906,,,,,,,235,4.7,235,4.7,,,,,,,,,,,,,,,,,,,"Maikel Garcia","22715",672580
"Andrés Giménez","TOR",55,240,216,54,37,11,1,5,27,24,14,0,43,6,2,1,,9,2,0.247574,0.0578192,0.18143,0.318687,0.309537,0.36969,0.301393,0.679228,0.122116,5.78892,0.287812,0.00103048,0.827666,25.5673,-3.01934,91.2599,0.828696,1.89251,-1.6348872184753418,4.4591755867004395,1.14963,412.2200012207031,,,,,,,242.5,4.409090909,242.5,4.409090909,,,,,,,,,,,,,,,,,,,"Andres Gimenez","19950",665926
"Jacob Wilson","ATH",59,254,233,67,47,15,1,4,30,28,15,0,27,3,2,1,,2,1,0.285342,0.0577691,0.104488,0.552875,0.332094,0.405123,0.323488,0.737218,0.119781,3.72778,0.305025,0.014068,-0.170345,31.64,1.3517,103.035,-0.156277,-1.26162,0.7500537931919098,1.457825779914856,1.13866,196.44000244140625,,,,,,,284,4.813559322,284,4.813559322,,,,,,,,,,,,,,,,,,,"Jacob Wilson","33266",805779
"Samuel Basallo","BAL",47,195,176,46,27,9,1,9,25,28,16,1,47,1,1,1,,1,0,0.258691,0.0806422,0.242503,0.332541,0.320914,0.470389,0.341134,0.791302,0.211698,3.20844,0.300835,-0.00329577,-0.206754,27.0671,3.82603,119.518,-0.210049,1.31821,4.262708023190498,0.014198541641235352,1.1351,160.94000244140625,,,,,,,250.9,5.338297872,250.9,5.338297872,,,,,,,,,,,,,,,,,,,"Samuel Basallo","28824",694212
"Taylor Ward","BAL",61,264,229,56,35,11,0,9,33,33,30,1,60,3,2,1,,3,1,0.243346,0.114976,0.229003,0.502072,0.336221,0.416321,0.331526,0.752543,0.172975,3.51834,0.288854,-0.174571,-0.332793,34.6333,3.1281,112.892,-0.507364,1.13434,3.497429072856903,-1.6943649053573608,1.13447,148.42999267578125,,,,,,,303,4.967213114,303,4.967213114,,,,,,,,,,,,,,,,,,,"Taylor Ward","17548",621493
"Jarren Duran","BOS",58,250,225,58,34,13,3,7,37,30,20,0,62,3,2,1,,10,2,0.25629,0.0788851,0.248047,0.318025,0.321997,0.440967,0.33131,0.762964,0.184677,7.79337,0.319901,0.420082,0.959621,32.7189,2.91538,107.037,1.3797,2.36748,3.4475830793380737,-1.147956132888794,1.1333,64.04000091552734,,,,,,,302.8,5.220689655,302.8,5.220689655,,,,,,,,,,,,,,,,,,,"Jarren Duran","24617",680776
"Ryan Jeffers","MIN",47,192,168,43,26,9,0,7,24,24,19,1,39,3,1,0,,1,0,0.254524,0.101085,0.203335,0.497135,0.340528,0.434542,0.339558,0.775069,0.180018,3.25849,0.291563,-0.10295,-0.21114,26.4091,3.52238,116.203,-0.31409,-0.495997,3.342378258705139,0.9986013770103455,1.13087,298.05999755859375,,,,,,,232.6,4.94893617,232.6,4.94893617,,,,,,,,,,,,,,,,,,,"Ryan Jeffers","24618",680777
"Willson Contreras","BOS",63,270,235,60,36,12,1,11,35,36,24,1,70,9,2,0,,3,1,0.253872,0.0896302,0.257139,0.348568,0.342772,0.453311,0.34747,0.796082,0.199439,3.6762,0.310248,-0.177861,-0.303636,38.9582,6.70022,118.181,-0.481498,1.22795,5.301427930593491,-3.76711106300354,1.13002,168.1999969482422,,,,,,,346.8,5.504761904,346.8,5.504761904,,,,,,,,,,,,,,,,,,,"Willson Contreras","11609",575929
"Nico Hoerner","CHC",63,274,247,65,49,13,1,2,30,24,20,0,27,4,2,1,,11,2,0.263841,0.0724453,0.0991183,0.730897,0.325751,0.351993,0.30292,0.677744,0.0881516,5.30462,0.28548,0.211988,0.84579,29.559,-3.11153,91.3768,1.05778,2.88183,-1.7977617979049683,3.920715093612671,1.11732,101.93000030517578,,,,,,,266.5,4.23015873,266.5,4.23015873,,,,,,,,,,,,,,,,,,,"Nico Hoerner","21479",663538
"Gleyber Torres","DET",57,245,214,56,39,10,0,7,30,27,28,1,42,2,2,0,,2,1,0.261145,0.11233,0.172147,0.652522,0.346959,0.405941,0.333118,0.7529,0.144796,2.93723,0.294107,-0.185299,-0.288852,32.4901,3.22278,112.275,-0.474151,-1.32887,3.0681666135787964,-0.7788670063018799,1.11605,261.510009765625,,,,,,,285.4,5.007017543,285.4,5.007017543,,,,,,,,,,,,,,,,,,,"Gleyber Torres","16997",650402
"Cody Bellinger","NYY",59,257,229,57,37,11,1,8,33,31,24,1,41,1,2,1,,6,2,0.249294,0.0933581,0.160804,0.580569,0.321039,0.412534,0.321347,0.733574,0.16324,5.15565,0.269812,0.050044,0.153393,31.5496,0.921001,105.552,0.203437,2.14815,1.8801488727331161,-0.21481013298034668,1.09404,80.98999786376953,,,,,,,283.8,4.810169491,283.8,4.810169491,,,,,,,,,,,,,,,,,,,"Cody Bellinger","15998",641355
"Brice Turang","MIL",62,268,237,60,41,11,1,6,32,28,27,1,58,1,2,1,,11,2,0.251233,0.101057,0.215833,0.468219,0.327392,0.386526,0.316089,0.713918,0.135292,5.4722,0.303956,0.118963,0.884871,31.808,-0.181856,99.1853,1.00383,0.345977,0.7396697998046875,1.3033839166164398,1.09044,48.18000030517578,,,,,,,292.3,4.714516129,292.3,4.714516129,,,,,,,,,,,,,,,,,,,"Brice Turang","22186",668930
"Alex Bregman","CHC",63,274,239,58,39,11,0,7,32,29,29,1,40,4,2,1,,1,1,0.242487,0.104339,0.144722,0.720965,0.329712,0.378043,0.315367,0.707755,0.135556,2.91526,0.263056,-0.175795,-0.33712,32.3244,-0.346127,99.7278,-0.512915,1.25219,-0.6030546352267265,2.2299641966819763,1.06713,119.16999816894531,,,,,,,281.6,4.469841269,281.6,4.469841269,,,,,,,,,,,,,,,,,,,"Alex Bregman","17678",608324
"Josh Jung","TEX",58,251,229,59,39,12,0,8,28,30,17,0,57,3,2,1,,2,1,0.255764,0.0663541,0.227747,0.291349,0.311172,0.413464,0.316461,0.724636,0.1577,3.32107,0.305686,-0.199095,-0.256871,29.8534,-0.0945786,102.462,-0.455966,0.243481,0.2711752951145172,1.1397770196199417,1.04773,610.5,,,,,,,272.4,4.696551724,272.4,4.696551724,,,,,,,,,,,,,,,,,,,"Josh Jung","26299",673962
"Sal Stewart","CIN",60,261,232,59,36,13,0,10,30,34,24,1,55,2,2,1,,5,1,0.252822,0.0926666,0.210216,0.440816,0.325765,0.439659,0.333475,0.765424,0.186837,3.5624,0.28698,0.00747308,0.0735091,34.5918,3.49919,105.273,0.0809822,3.51879,1.7428122535347939,0.06539487838745117,1.04189,161.8699951171875,,,,,,,314.8,5.246666666,314.8,5.246666666,,,,,,,,,,,,,,,,,,,"Sal Stewart","31505",701398
"Randy Arozarena","SEA",60,261,226,55,34,12,1,8,33,32,26,1,65,7,2,0,,11,4,0.242152,0.0976765,0.248016,0.393831,0.335972,0.408314,0.329084,0.744286,0.166162,5.18525,0.299849,-0.168411,0.279011,33.7472,2.57724,116.354,0.1106,-1.30849,5.136870943009853,-4.187345862388611,1.03797,89.37999725341797,,,,,,,306.4,5.106666666,306.4,5.106666666,,,,,,,,,,,,,,,,,,,"Randy Arozarena","19290",668227
"Garrett Mitchell","MIL",48,205,181,44,27,8,2,7,27,23,21,1,62,2,1,1,,6,2,0.242865,0.101814,0.303833,0.335099,0.32513,0.415326,0.324823,0.740456,0.172461,6.3144,0.330128,0.0329246,0.310172,25.8188,1.31596,105.045,0.343096,0.954677,1.5960086286067963,1.6880103945732117,1.0092,691.1699829101562,,,,,,,240.6,5.0125,240.6,5.0125,,,,,,,,,,,,,,,,,,,"Garrett Mitchell","27555",669003
"Francisco Alvarez","NYM",40,160,142,34,21,6,0,7,20,22,15,0,41,2,1,0,,0,0,0.241796,0.0910315,0.253141,0.359607,0.319515,0.443773,0.331867,0.763289,0.201978,2.71425,0.283597,-0.0432991,-0.173284,21.0558,1.94208,112.29,-0.216583,-0.164242,2.164531648159027,2.463844045996666,0.996378,165.25,,,,,,,182.6,4.565,182.6,4.565,,,,,,,,,,,,,,,,,,,"Francisco Alvarez","26121",682626
"Luis Arraez","SFG",62,268,247,74,57,13,2,2,34,24,16,1,15,2,2,1,,4,1,0.299833,0.0597188,0.0554136,1.07769,0.344138,0.39222,0.324443,0.736358,0.0923874,4.64702,0.309557,0.0940535,-0.248574,33.6252,1.63538,106.412,-0.15452,-1.48689,1.9243984520435333,-0.9165210127830505,0.985679,280.04998779296875,,,,,,,294.1,4.743548387,294.1,4.743548387,,,,,,,,,,,,,,,,,,,"Luis Arraez","18568",650333
"Xavier Edwards","MIA",58,253,226,62,48,10,2,3,32,20,23,0,35,1,2,1,,10,2,0.276346,0.0925411,0.139193,0.664842,0.343694,0.369752,0.318087,0.713446,0.0934059,5.98842,0.314914,0.182382,0.618067,30.4027,0.238186,98.4513,0.80045,0.210207,0.32694151997566223,1.1129847019910812,0.978978,182.42999267578125,,,,,,,275.2,4.744827586,275.2,4.744827586,,,,,,,,,,,,,,,,,,,"Xavier Edwards","22266",669364
"Evan Carter","TEX",45,194,168,40,26,7,1,5,25,20,21,0,44,3,1,1,,8,2,0.235794,0.110585,0.225584,0.490216,0.330175,0.388361,0.319315,0.718536,0.152567,6.29534,0.286779,0.0681015,0.306278,23.5177,0.376086,104.431,0.374379,0.624512,1.385430932044983,1.3171047568321228,0.972769,280.4800109863281,,,,,,,210.6,4.68,210.6,4.68,,,,,,,,,,,,,,,,,,,"Evan Carter","27790",694497
"Seiya Suzuki","CHC",58,251,222,57,35,11,1,10,34,33,25,1,63,2,2,0,,2,1,0.256084,0.100084,0.251451,0.398028,0.333842,0.453561,0.341773,0.787403,0.197477,4.09022,0.309795,-0.0923097,-0.311671,35.0082,5.06031,117.443,-0.403981,0.524399,4.890980273485184,-3.4681936502456665,0.971262,113.43000030517578,,,,,,,310.8,5.358620689,310.8,5.358620689,,,,,,,,,,,,,,,,,,,"Seiya Suzuki","30116",673548
"Oneil Cruz","PIT",40,174,154,38,22,7,1,8,23,23,17,1,53,1,1,0,,10,2,0.245787,0.10023,0.303357,0.330401,0.325807,0.457421,0.339397,0.783228,0.211634,6.47887,0.318046,0.0724141,0.970095,23.9555,3.17547,112.212,1.04251,-0.221885,3.614622950553894,0.23953469097614288,0.964056,92.93000030517578,,,,,,,227.4,5.685,227.4,5.685,,,,,,,,,,,,,,,,,,,"Oneil Cruz","21711",665833
"Will Smith","LAD",35,139,120,31,19,6,0,6,19,19,15,1,26,2,1,0,,1,0,0.258355,0.110291,0.187825,0.587203,0.351108,0.45577,0.352159,0.806877,0.197415,3.24735,0.282353,-0.147725,-0.129891,20.5833,3.97844,123.141,-0.277616,-1.22076,3.61721470952034,1.2468352317810059,0.950921,95.69000244140625,,,,,,,180.3,5.151428571,180.3,5.151428571,,,,,,,,,,,,,,,,,,,"Will Smith","19197",669257
"Kyle Teel","CHW",49,196,171,41,29,7,0,5,21,20,21,0,51,2,1,1,,2,1,0.240237,0.107833,0.259558,0.415449,0.327135,0.374401,0.313169,0.701535,0.134164,3.00592,0.308515,-0.0417464,-0.132902,22.7864,-0.597268,98.5104,-0.174648,0.504533,-0.518114760518074,2.9136375188827515,0.949014,266.8800048828125,,,,,,,195.9,3.997959183,195.9,3.997959183,,,,,,,,,,,,,,,,,,,"Kyle Teel","33549",691019
"Bryson Stott","PHI",57,244,219,56,38,11,1,6,29,26,21,0,42,1,2,1,,10,2,0.253862,0.0850762,0.17238,0.493538,0.31964,0.390354,0.313071,0.709993,0.136492,5.89349,0.287894,0.0826658,0.993373,28.3947,-0.764352,94.8194,1.07604,0.909339,-0.45509815216064453,1.8221481442451477,0.943828,181.44000244140625,,,,,,,268,4.701754385,268,4.701754385,,,,,,,,,,,,,,,,,,,"Bryson Stott","26294",681082
"Jackson Holliday","BAL",49,211,183,45,29,9,1,6,28,24,24,0,49,1,1,1,,4,2,0.244287,0.114398,0.232645,0.491725,0.334488,0.398098,0.324531,0.732586,0.15381,5.23353,0.300151,-0.00674407,-0.0983396,26.4373,1.30017,108.068,-0.105084,-0.91757,1.8945724591612816,-0.12513160705566406,0.938641,203.14999389648438,,,,,,,234.2,4.779591836,234.2,4.779591836,,,,,,,,,,,,,,,,,,,"Jackson Holliday","31781",702616
"Yandy Díaz","TBR",65,279,247,69,48,13,0,8,35,32,26,1,41,3,2,0,,1,1,0.280448,0.094186,0.148433,0.634535,0.354091,0.432331,0.344846,0.786422,0.151883,2.69268,0.306871,-0.20425,-0.443278,39.6342,6.32433,119.724,-0.647528,0.00568382,5.83066326379776,-6.510982589330524,0.93769,138.63999938964844,,,,,,,338.4,5.206153846,338.4,5.206153846,,,,,,,,,,,,,,,,,,,"Yandy Diaz","16578",650490
"Max Muncy","LAD",44,191,163,38,21,7,0,9,25,26,25,1,46,2,1,0,,1,0,0.23065,0.129109,0.24285,0.531642,0.337477,0.443493,0.341632,0.780971,0.212844,3.12792,0.26264,-0.184437,-0.164965,26.6201,3.82913,116.079,-0.349402,-0.989589,3.3649754524230957,-0.3676758408546448,0.932895,234.3699951171875,,,,,,,237.6,5.4,237.6,5.4,,,,,,,,,,,,,,,,,,,"Max Muncy","13301",571970
"Brayan Rocchio","CLE",55,239,214,52,36,11,1,4,27,23,18,0,41,4,2,1,,7,3,0.244081,0.0772099,0.1715,0.450203,0.312711,0.364744,0.301294,0.677455,0.120663,5.05977,0.281585,-0.0309137,-0.0649668,25.4605,-3.0282,91.7792,-0.0958805,0.486212,-2.4051622971892357,3.0039585530757904,0.921451,999,,,,,,,223.3,4.06,223.3,4.06,,,,,,,,,,,,,,,,,,,"Brayan Rocchio","23690",677587
"Henry Bolte","ATH",46,197,175,44,28,9,2,5,26,21,16,0,62,3,1,1,,11,2,0.250165,0.0795529,0.313206,0.253996,0.321592,0.412617,0.32222,0.734208,0.162452,7.56168,0.351011,0,0.92349,24.3274,0.8455,102.16,0.92349,0,1.423705518245697,0.6620370745658875,0.920635,999,,,,,,,228.2,4.960869565,228.2,4.960869565,,,,,,,,,,,,,,,,,,,"Henry Bolte","31448",703607
"Jose Altuve","HOU",57,246,220,56,38,11,0,7,28,28,21,0,45,2,2,1,,5,2,0.253047,0.0856839,0.184566,0.464244,0.321657,0.393701,0.315606,0.715358,0.140654,4.00838,0.288621,-0.0906577,0.0120685,29.107,-0.263446,101.033,-0.0785892,0.00638231,0.22065328806638718,0.016258861403912306,0.911473,116.5199966430664,,,,,,,264.2,4.635087719,264.2,4.635087719,,,,,,,,,,,,,,,,,,,"Jose Altuve","5417",514888
"Matt Chapman","SFG",44,188,164,39,23,9,1,6,23,23,20,0,47,2,1,1,,2,1,0.235174,0.106888,0.250096,0.427389,0.324579,0.407714,0.322601,0.732293,0.17254,3.99337,0.289232,-0.01452,-0.190822,23.3279,0.866903,105.176,-0.205342,1.2261,0.972978800535202,1.8983213305473328,0.911028,163.6199951171875,,,,,,,209.6,4.763636363,209.6,4.763636363,,,,,,,,,,,,,,,,,,,"Matt Chapman","16505",656305
"Yainer Diaz","HOU",38,150,140,38,25,7,0,5,17,20,7,0,26,1,1,0,,1,0,0.26969,0.0467173,0.170558,0.273909,0.305562,0.439066,0.321592,0.744628,0.169377,2.93945,0.29376,0.00199487,-0.151775,18.4247,0.566685,105.161,-0.14978,0.0145648,0.7590334266424179,2.6911079986020923,0.888768,113.04000091552734,,,,,,,166,4.368421052,166,4.368421052,,,,,,,,,,,,,,,,,,,"Yainer Diaz","23003",673237
"Brandon Marsh","PHI",54,233,210,54,35,10,1,8,30,28,20,1,65,1,2,1,,5,1,0.259381,0.0857072,0.277088,0.309314,0.325539,0.432176,0.330248,0.757715,0.172795,5.45156,0.335626,0.0777515,0.226128,30.3386,2.52027,106.344,0.30388,1.3661,2.092622071504593,-0.9309642314910889,0.886009,609.72998046875,,,,,,,272,5.037037037,272,5.037037037,,,,,,,,,,,,,,,,,,,"Brandon Marsh","20202",669016
"Josh Naylor","SEA",57,247,223,58,39,11,0,7,28,30,20,1,37,2,2,1,,9,2,0.25865,0.0803197,0.149938,0.535687,0.323028,0.407358,0.320482,0.730385,0.148707,4.51299,0.279091,-0.147233,0.775209,30.2076,0.713394,110.421,0.627976,0.721619,3.6587364077568054,-3.75214684009552,0.881784,67.45999908447266,,,,,,,277,4.859649122,277,4.859649122,,,,,,,,,,,,,,,,,,,"Josh Naylor","18839",647304
"Jonathan Aranda","TBR",63,270,236,60,40,11,0,9,32,32,28,1,65,5,2,0,,1,0,0.255752,0.102406,0.240578,0.425668,0.343541,0.415343,0.334838,0.758884,0.159592,2.18518,0.314466,-0.382753,-0.371733,36.1873,3.9293,112.822,-0.754487,0.896276,3.3238136768341064,-4.287674725055695,0.877211,195.60000610351562,,,,,,,317.4,5.038095238,317.4,5.038095238,,,,,,,,,,,,,,,,,,,"Jonathan Aranda","21837",666018
"Ian Happ","CHC",62,268,232,54,33,12,1,9,33,33,32,1,69,2,2,1,,4,1,0.234868,0.118386,0.258877,0.457305,0.330564,0.410526,0.326821,0.74109,0.175658,3.96843,0.291896,-0.067757,-0.0646997,34.1424,2.1526,107.412,-0.132457,0.553735,2.2707923352718353,-2.3592276573181152,0.874735,184.86000061035156,,,,,,,302.3,4.875806451,302.3,4.875806451,,,,,,,,,,,,,,,,,,,"Ian Happ","17919",664023
"Colton Cowser","BAL",40,171,150,36,22,7,0,7,21,22,18,0,51,2,1,1,,4,1,0.24091,0.102571,0.296744,0.345654,0.327677,0.427324,0.331118,0.755001,0.186414,4.51878,0.314826,0.0424948,0.135323,22.418,1.97314,112.61,0.177817,-0.641131,2.7198774814605713,-0.2699890434741974,0.865713,251.72000122070312,,,,,,,202.5,5.0625,202.5,5.0625,,,,,,,,,,,,,,,,,,,"Colton Cowser","29591",681297
"Travis Bazzana","CLE",58,250,216,49,31,11,1,5,30,24,29,0,62,3,2,1,,9,2,0.226216,0.115425,0.249767,0.462129,0.323194,0.35963,0.30645,0.682823,0.133413,5.95173,0.292927,0,0.561787,27.7045,-2.12486,95.335,0.561787,0,-0.8103189468383789,0.41126543283462524,0.860982,999,,,,,,,250.5,4.318965517,250.5,4.318965517,,,,,,,,,,,,,,,,,,,"Travis Bazzana","34967",683953
"Zack Gelof","ATH",42,180,161,39,24,8,0,6,21,22,16,0,50,1,1,1,,6,1,0.243198,0.0871044,0.27895,0.312258,0.312538,0.419465,0.319964,0.732003,0.176267,5.31515,0.309904,0.033264,0.547596,21.8831,0.443065,100.605,0.58086,1.09575,0.7086655348539352,1.3707541525363922,0.858294,999,,,,,,,196.6,4.68095238,196.6,4.68095238,,,,,,,,,,,,,,,,,,,"Zack Gelof","29766",680869
"Chase Meidroth","CHW",57,246,213,52,39,9,0,3,27,21,27,0,46,3,2,1,,4,1,0.243887,0.107826,0.187493,0.57509,0.334744,0.337127,0.305073,0.67187,0.0932401,3.64145,0.29358,-0.078276,-0.200917,26.9984,-2.36687,92.9265,-0.279193,1.07008,-2.3273381888866425,2.0109777450561523,0.855327,646.8699951171875,,,,,,,227.3,3.987719298,227.3,3.987719298,,,,,,,,,,,,,,,,,,,"Chase Meidroth","31580",805367
"Colt Keith","DET",48,208,188,49,33,9,1,6,27,24,17,0,42,1,2,1,,2,0,0.261944,0.0795659,0.203492,0.391003,0.322929,0.42397,0.325769,0.746898,0.162026,4.63143,0.304662,0.164088,-0.088181,26.3372,1.49401,107.206,0.0759074,1.42199,1.8411539494991302,-0.8696740865707397,0.849008,502.489990234375,,,,,,,232.4,4.841666666,232.4,4.841666666,,,,,,,,,,,,,,,,,,,"Colt Keith","27899",690993
"Luis Campusano","SDP",39,155,137,34,22,6,0,5,17,18,14,0,32,1,1,1,,0,0,0.244874,0.0923916,0.208025,0.444138,0.318911,0.399646,0.316469,0.718557,0.154772,2.04709,0.282996,0.0184207,-0.175686,18.388,-0.0572118,102.393,-0.157265,0.395261,0.2901679128408432,3.0332239270210266,0.845848,999,,,,,,,162.8,4.174358974,162.8,4.174358974,,,,,,,,,,,,,,,,,,,"Luis Campusano","22217",669134
"Ernie Clement","TOR",57,248,232,61,44,13,1,4,27,25,12,0,27,1,2,1,,3,1,0.264808,0.0468238,0.106967,0.437741,0.30095,0.377285,0.29736,0.678235,0.112477,4.31092,0.282653,0.125932,-0.16787,25.6684,-3.93921,88.4784,-0.0419378,1.75078,-3.40554977953434,2.922078490257263,0.845739,337.67999267578125,,,,,,,232.5,4.078947368,232.5,4.078947368,,,,,,,,,,,,,,,,,,,"Ernie Clement","20352",676391
"Salvador Perez","KCR",55,226,209,52,33,9,0,10,24,30,11,0,46,4,2,1,,1,0,0.249057,0.0482495,0.20494,0.235432,0.296344,0.435087,0.316873,0.731431,0.186031,2.03983,0.273384,-0.513906,-0.202909,27.0139,-0.00969446,98.2728,-0.716816,1.06013,-1.1770522594451904,1.4312679171562195,0.842308,91.13999938964844,,,,,,,249.2,4.53090909,249.2,4.53090909,,,,,,,,,,,,,,,,,,,"Salvador Perez","7304",521692
"Steven Kwan","CLE",53,228,200,53,40,10,1,2,28,18,23,0,22,2,2,1,,6,1,0.264825,0.0997303,0.097197,1.02606,0.341653,0.356587,0.313236,0.69824,0.0917611,5.26156,0.285892,0.130099,0.217235,26.4669,-0.681176,100.015,0.347334,0.587473,0.3512453087605536,-0.164841890335083,0.839207,169.60000610351562,,,,,,,233.9,4.413207547,233.9,4.413207547,,,,,,,,,,,,,,,,,,,"Steven Kwan","24610",680757
"Caleb Durbin","BOS",58,253,225,56,38,13,0,5,27,26,18,0,33,7,2,1,,11,3,0.248393,0.0693759,0.129491,0.535759,0.319188,0.371608,0.307556,0.690795,0.123215,5.19948,0.269547,0.0849942,0.825002,28.2331,-1.92114,90.6547,0.909996,0.210135,-1.8686202764511108,1.1126041412353516,0.834674,219.8300018310547,,,,,,,260.8,4.496551724,260.8,4.496551724,,,,,,,,,,,,,,,,,,,"Caleb Durbin","29646",702332
"Brandon Lowe","PIT",51,219,196,48,28,10,0,10,27,30,19,1,55,2,1,1,,2,0,0.245183,0.0887152,0.252955,0.350715,0.317399,0.448044,0.331997,0.765443,0.202861,3.48323,0.290051,-0.075506,-0.0768939,28.8219,2.67935,107.247,-0.1524,-1.14855,1.7678964138031006,-0.6871324479579926,0.831531,187.57000732421875,,,,,,,262.6,5.149019607,262.6,5.149019607,,,,,,,,,,,,,,,,,,,"Brandon Lowe","18882",664040
"Luke Keaschall","MIN",51,219,191,49,34,10,0,4,26,22,21,0,38,5,2,1,,9,2,0.255635,0.094761,0.174435,0.543247,0.342354,0.377914,0.322122,0.720269,0.122279,5.21053,0.297746,0.00870606,0.544366,27.0664,0.923824,104.178,0.553072,-0.268021,1.6300646662712097,-1.230983942747116,0.830346,114.8499984741211,,,,,,,239.5,4.696078431,239.5,4.696078431,,,,,,,,,,,,,,,,,,,"Luke Keaschall","33321",807712
"José Caballero","NYY",51,220,193,44,30,9,0,4,24,21,20,0,53,4,2,1,,20,5,0.225429,0.090218,0.242581,0.371909,0.308181,0.342525,0.292975,0.650706,0.117096,6.21814,0.285887,-0.00308,1.54217,21.9367,-4.26774,85.9852,1.53909,1.07768,-2.0821045637130737,2.2897156476974487,0.81284,200.02999877929688,,,,,,,213.1,4.178431372,213.1,4.178431372,,,,,,,,,,,,,,,,,,,"Jose Caballero","23401",676609
"Coby Mayo","BAL",44,191,170,41,23,9,1,8,24,26,16,0,54,2,1,1,,1,0,0.238895,0.0861895,0.285013,0.302405,0.312231,0.438988,0.326282,0.751219,0.200094,4.06406,0.30095,0.0128811,-0.132117,24.2411,1.45019,109.275,-0.119236,-0.757221,1.9651567786931992,-0.7572206109762192,0.810924,459.1600036621094,,,,,,,222.5,5.056818181,222.5,5.056818181,,,,,,,,,,,,,,,,,,,"Coby Mayo","28312",691723
"Ezequiel Tovar","COL",58,249,231,59,37,13,1,8,28,30,13,0,60,2,2,1,,4,1,0.255054,0.0520046,0.241655,0.215202,0.297462,0.422716,0.31258,0.720178,0.167662,4.74499,0.31034,0.121274,-0.035149,28.8228,-0.877675,82.5728,0.0861252,2.38019,-5.1602112874388695,5.046855926513672,0.80897,209.22999572753906,,,,,,,267.8,4.617241379,267.8,4.617241379,,,,,,,,,,,,,,,,,,,"Ezequiel Tovar","24064",678662
"Royce Lewis","MIN",52,225,203,51,31,11,0,9,26,30,17,1,51,1,2,1,,5,1,0.251062,0.0773257,0.229086,0.337541,0.312338,0.440975,0.326703,0.753314,0.189913,4.17601,0.290143,-0.0527027,0.307958,28.5957,1.78279,107.337,0.255255,0.813911,2.1951368153095245,-2.215410053730011,0.808164,193.64999389648438,,,,,,,259.8,4.996153846,259.8,4.996153846,,,,,,,,,,,,,,,,,,,"Royce Lewis","20437",668904
"Chase DeLauter","CLE",48,208,186,48,32,11,0,6,24,24,19,1,35,1,2,1,,2,1,0.258558,0.0906597,0.166726,0.543766,0.326118,0.411405,0.323257,0.737523,0.152847,3.49582,0.287755,-0.0111451,-0.199023,25.8698,1.06784,106.926,-0.210168,1.53578,1.4835587739944458,-0.9318153858184814,0.805285,999,,,,,,,232.1,4.835416666,232.1,4.835416666,,,,,,,,,,,,,,,,,,,"Chase DeLauter","32127",800050
"Jung Hoo Lee","SFG",57,245,222,60,41,13,2,4,33,26,18,1,32,3,2,1,,4,1,0.270855,0.0713792,0.128997,0.553342,0.328351,0.404363,0.321328,0.732714,0.133508,5.55603,0.297661,0.193079,-0.0384234,30.1436,0.8763,104.322,0.154656,0.667057,1.4367418438196182,-1.471832275390625,0.804926,339.44000244140625,,,,,,,268.5,4.710526315,268.5,4.710526315,,,,,,,,,,,,,,,,,,,"Jung Hoo Lee","33824",808982
"Kyle Stowers","MIA",57,247,219,54,31,11,1,11,32,33,22,1,72,3,2,1,,2,1,0.24559,0.0892617,0.290953,0.30679,0.322104,0.455141,0.336887,0.777244,0.20955,4.18572,0.311857,0.051292,-0.249731,33.4977,4.00356,111.064,-0.198439,0.522792,3.109246164560318,-3.268874168395996,0.79859,164.42999267578125,,,,,,,300.4,5.270175438,300.4,5.270175438,,,,,,,,,,,,,,,,,,,"Kyle Stowers","26151",669065
"J.P. Crawford","SEA",57,247,213,51,36,10,0,4,28,24,29,0,48,3,2,1,,2,1,0.237242,0.115942,0.193412,0.599456,0.332035,0.349045,0.307466,0.68108,0.111803,3.22509,0.283415,-0.0231892,-0.348186,27.597,-1.89719,101.445,-0.371375,-2.15812,0.048800647258758545,-0.9744822978973389,0.79756,748.5399780273438,,,,,,,236.2,4.143859649,236.2,4.143859649,,,,,,,,,,,,,,,,,,,"J.P. Crawford","15491",641487
"Sam Antonacci","CHW",52,223,191,48,34,9,1,4,27,20,20,1,39,10,2,0,,9,2,0.249659,0.0902888,0.175653,0.514016,0.348253,0.368569,0.32316,0.716822,0.11891,5.915,0.291958,0,0.524777,27.7293,1.1278,105.4,0.524777,0,1.9413007497787476,-2.0162038803100586,0.796247,999,,,,,,,248.7,4.782692307,248.7,4.782692307,,,,,,,,,,,,,,,,,,,"Sam Antonacci","35101",803011
"Lars Nootbaar","STL",50,214,186,46,29,9,1,7,27,24,25,1,43,1,1,0,,2,1,0.246762,0.117202,0.201668,0.581164,0.33794,0.410932,0.330243,0.748872,0.16417,3.86341,0.284759,0.0820057,-0.247182,27.8803,2.31522,110.06,-0.165176,0.705798,2.441578522324562,-1.5895721912384033,0.792428,745.989990234375,,,,,,,248.2,4.964,248.2,4.964,,,,,,,,,,,,,,,,,,,"Lars Nootbaar","21454",663457
"Luis García Jr.","WSN",52,225,209,58,37,11,1,8,27,29,13,1,35,1,2,1,,5,2,0.27566,0.0568734,0.15572,0.365228,0.316739,0.456192,0.333135,0.772931,0.180532,4.51113,0.294796,-0.00727572,-0.092973,29.7684,2.9555,109.894,-0.100249,1.7728,2.5887144282460213,-2.1793599128723145,0.782102,261.8500061035156,,,,,,,274.5,5.278846153,274.5,5.278846153,,,,,,,,,,,,,,,,,,,"Luis Garcia Jr.","20391",671277
"Michael Busch","CHC",57,248,215,52,31,11,0,10,31,32,27,1,61,4,2,0,,1,0,0.242687,0.10923,0.244999,0.445836,0.335628,0.434183,0.337207,0.76981,0.191495,3.16235,0.289601,-0.16963,-0.245571,33.6911,4.08344,114.38,-0.415201,0.12174,3.900225043296814,-4.329185478389263,0.774468,106.45999908447266,,,,,,,297,5.210526315,297,5.210526315,,,,,,,,,,,,,,,,,,,"Michael Busch","26319",683737
"Christian Walker","HOU",61,265,238,56,34,11,0,11,31,35,22,1,64,4,2,1,,1,0,0.235957,0.0809956,0.239555,0.338108,0.307017,0.423435,0.318683,0.730452,0.187478,2.84727,0.273314,-0.164234,-0.228023,32.0592,0.378692,103.155,-0.392256,2.3032,0.5933797359466553,-2.4375369548797607,0.770676,212.94000244140625,,,,,,,290.8,4.767213114,290.8,4.767213114,,,,,,,,,,,,,,,,,,,"Christian Walker","13419",572233
"Bryan Reynolds","PIT",60,258,227,58,37,12,1,8,34,31,26,1,60,4,2,0,,3,1,0.256963,0.0997122,0.231824,0.430121,0.339766,0.430255,0.337448,0.770021,0.173292,4.49755,0.311156,-0.00633922,-0.0689898,35.138,4.30322,110.904,-0.075329,-1.15715,3.3325927779078484,-4.166412711143494,0.767397,204.72000122070312,,,,,,,306.4,5.106666666,306.4,5.106666666,,,,,,,,,,,,,,,,,,,"Bryan Reynolds","19326",668804
"Jo Adell","LAA",54,233,212,53,31,10,1,11,29,33,14,1,59,4,2,1,,3,1,0.250103,0.0608806,0.252714,0.240907,0.307395,0.46398,0.332266,0.771375,0.213877,4.60081,0.291287,-0.0333976,-0.0817838,30.7204,2.90204,110.749,-0.115181,-1.05953,2.833241291344166,-3.5572166442871094,0.767334,120.33000183105469,,,,,,,279.8,5.181481481,279.8,5.181481481,,,,,,,,,,,,,,,,,,,"Jo Adell","20220",666176
"Carson Kelly","CHC",39,155,136,32,22,6,0,4,17,16,15,0,30,2,1,1,,1,0,0.238106,0.0966962,0.192923,0.501216,0.318734,0.376832,0.309211,0.695566,0.138726,2.78645,0.272523,-0.1481,-0.144649,17.5053,-0.969086,95.5978,-0.292749,1.11995,-1.1170806884765625,3.6356921195983887,0.765212,591.9099731445312,,,,,,,151.1,3.874358974,151.1,3.874358974,,,,,,,,,,,,,,,,,,,"Carson Kelly","13620",608348
"Teoscar Hernández","LAD",57,247,225,57,34,11,0,12,30,37,18,1,67,2,2,1,,3,1,0.254052,0.0710963,0.269675,0.263637,0.31234,0.462953,0.334436,0.775293,0.208901,3.5214,0.306017,-0.167801,-0.0818186,33.0062,3.51199,111.251,-0.249619,-0.959166,3.113863617181778,-3.60731440782547,0.764808,125.41999816894531,,,,,,,301.8,5.294736842,301.8,5.294736842,,,,,,,,,,,,,,,,,,,"Teoscar Hernandez","13066",606192
"Kody Clemens","MIN",45,194,177,42,24,8,1,8,24,25,13,0,46,2,1,1,,3,1,0.234837,0.0683612,0.239252,0.285728,0.29224,0.431826,0.313208,0.724065,0.196989,5.47791,0.270378,0.0182118,0.0370184,22.5416,-0.584528,98.0308,0.0552302,0.833561,-0.39380302652716637,1.0040859580039978,0.76057,700.7000122070312,,,,,,,210.2,4.671111111,210.2,4.671111111,,,,,,,,,,,,,,,,,,,"Kody Clemens","20572",665019
"Carter Jensen","KCR",47,194,171,41,25,8,1,6,25,22,20,0,50,1,1,1,,1,0,0.23837,0.102759,0.257375,0.399258,0.317581,0.40873,0.318923,0.726311,0.17036,4.62795,0.298356,0.00393594,-0.119254,23.4597,0.314384,99.6867,-0.115318,0.151308,-0.1868174746632576,0.5625730752944946,0.737415,999,,,,,,,208.8,4.442553191,208.8,4.442553191,,,,,,,,,,,,,,,,,,,"Carter Jensen","29478",695600
"Roman Anthony","BOS",31,135,116,30,19,7,1,4,19,16,17,0,33,1,1,0,,2,1,0.26138,0.127541,0.240695,0.529886,0.358699,0.432611,0.348106,0.79131,0.171231,4.8542,0.329388,0.0447038,-0.0811256,19.5489,3.41989,118.62,-0.0364218,1.37321,2.9248239621520042,-0.49469316005706787,0.7333,50.75,,,,,,,170.6,5.503225806,170.6,5.503225806,,,,,,,,,,,,,,,,,,,"Roman Anthony","31812",701350
"Luis Robert Jr.","NYM",36,157,141,35,22,7,0,6,19,20,13,0,40,2,1,0,,7,2,0.245686,0.0803845,0.252949,0.31779,0.313088,0.422294,0.32097,0.735382,0.176608,5.269,0.297521,-0.105121,0.46352,19.2853,0.516287,104.98,0.358399,0.309784,1.3058049380779266,0.7912651598453522,0.730692,105.63999938964844,,,,,,,184.4,5.122222222,184.4,5.122222222,,,,,,,,,,,,,,,,,,,"Luis Robert Jr.","20043",673357
"Carson Benge","NYM",48,208,186,45,30,8,1,6,26,22,18,0,46,2,1,1,,5,1,0.242849,0.0847935,0.223082,0.3801,0.31436,0.392953,0.311693,0.707313,0.150104,5.6817,0.290374,0,0.316598,23.9194,-0.882515,98.7556,0.316598,2.56521,0.003775984048843384,0.41860055923461914,0.727869,999,,,,,,,218,4.541666666,218,4.541666666,,,,,,,,,,,,,,,,,,,"Carson Benge","35177",701807
"Jordan Walker","STL",60,261,236,62,39,13,1,9,32,32,20,1,65,3,2,1,,6,2,0.262423,0.0749997,0.248918,0.301302,0.323372,0.44379,0.333047,0.767162,0.181367,5.05295,0.321971,0.0328684,0.0785216,34.5013,3.40869,111.941,0.11139,-2.30816,3.874646820127964,-5.182539463043213,0.726544,511.7200012207031,,,,,,,314,5.233333333,314,5.233333333,,,,,,,,,,,,,,,,,,,"Jordan Walker","27475",691023
"Cam Smith","HOU",49,210,188,46,29,9,1,7,27,24,18,0,51,2,1,1,,4,1,0.244615,0.0847638,0.243315,0.348371,0.316183,0.411801,0.318967,0.727984,0.167185,5.50684,0.298602,0.0551114,0.243438,25.4286,0.348253,103.351,0.298549,0.763421,1.1273003220558167,-1.448925256729126,0.725316,341.8699951171875,,,,,,,232,4.734693877,232,4.734693877,,,,,,,,,,,,,,,,,,,"Cam Smith","35108",701358
"Colt Emerson","SEA",55,239,212,46,30,9,1,6,26,24,19,0,67,4,2,1,,5,2,0.214601,0.0808766,0.27999,0.288855,0.290606,0.346207,0.2846,0.636813,0.131606,4.98949,0.281585,-0.016127,0.1365,22.2264,-6.26231,85.6751,0.120373,0,-3.903572916984558,2.517746925354004,0.720612,999,,,,,,,206.7,3.758181818,206.7,3.758181818,,,,,,,,,,,,,,,,,,,"Colt Emerson","33575",806068
"Isaac Collins","KCR",45,194,167,41,27,9,1,4,25,19,22,0,40,3,1,1,,6,2,0.24286,0.113428,0.204349,0.555072,0.337899,0.376012,0.319294,0.713911,0.133152,6.04389,0.295809,0.0364406,0.118039,23.4987,0.372543,99.9429,0.15448,2.14878,0.14145967364311218,0.07239294052124023,0.720452,666.1699829101562,,,,,,,212.8,4.728888888,212.8,4.728888888,,,,,,,,,,,,,,,,,,,"Isaac Collins","25477",686555
"Ezequiel Duran","TEX",51,220,202,50,33,11,1,6,25,24,13,0,52,2,2,1,,6,2,0.249653,0.0608684,0.236407,0.257473,0.30039,0.396807,0.304901,0.697197,0.147154,5.25917,0.306746,-0.0603861,0.109309,24.0618,-2.14269,94.49,0.0489227,0.269568,-1.3747641406953335,0.6260493695735931,0.716062,999,,,,,,,222.8,4.36862745,222.8,4.36862745,,,,,,,,,,,,,,,,,,,"Ezequiel Duran","23733",677649
"Ryan McMahon","NYY",42,183,161,35,21,7,0,7,21,22,19,0,56,1,1,1,,2,1,0.217328,0.103895,0.304778,0.340889,0.301984,0.384929,0.303828,0.686913,0.167601,3.24856,0.284708,0.0174432,-0.236319,19.8405,-1.93984,93.4697,-0.218876,1.4925,-1.6213172674179077,2.1443567872047424,0.711075,732.8599853515625,,,,,,,182.1,4.335714285,182.1,4.335714285,,,,,,,,,,,,,,,,,,,"Ryan McMahon","15112",641857
"Victor Caratini","MIN",34,137,121,30,21,5,0,4,15,14,11,0,26,3,1,1,,1,0,0.245565,0.0820265,0.190943,0.429587,0.321568,0.377467,0.311093,0.699035,0.131902,2.48207,0.283011,-0.135008,-0.145047,15.6887,-0.647966,96.5717,-0.280055,1.78702,-0.8323045372962952,2.8302282094955444,0.695838,681.02001953125,,,,,,,143,4.205882352,143,4.205882352,,,,,,,,,,,,,,,,,,,"Victor Caratini","14968",605170
"Marcus Semien","NYM",44,191,171,40,27,7,0,5,21,21,17,0,35,1,1,1,,4,1,0.231947,0.0865052,0.182478,0.474057,0.301532,0.373334,0.298587,0.674866,0.141387,4.493,0.259231,0.0536377,0.166784,19.9489,-2.84207,89.9632,0.220422,1.96342,-2.0981485843658447,2.645519256591797,0.684968,266.25,,,,,,,179.1,4.070454545,179.1,4.070454545,,,,,,,,,,,,,,,,,,,"Marcus Semien","12533",543760
"Tyler Stephenson","CIN",42,168,148,36,23,7,0,6,19,20,16,0,43,2,1,1,,1,0,0.244188,0.0972452,0.25609,0.379731,0.323567,0.410419,0.32298,0.733986,0.166231,2.4532,0.30265,-0.0475606,-0.206053,20.8419,0.824155,98.2318,-0.253614,-0.863233,-0.6123705804347992,1.8974146246910095,0.683012,294.75,,,,,,,186.2,4.433333333,186.2,4.433333333,,,,,,,,,,,,,,,,,,,"Tyler Stephenson","17988",663886
"Cole Carrigg","COL",49,213,193,50,32,9,4,5,33,21,14,0,51,3,1,1,,13,4,0.26106,0.0668721,0.240612,0.277925,0.317877,0.435626,0.327185,0.753503,0.174566,8.63468,0.32589,0,0.897717,27.1831,1.77276,92.3712,0.897717,0,-1.0671514868736267,0.8790123462677002,0.682894,999,,,,,,,247.4,5.048979591,247.4,5.048979591,,,,,,,,,,,,,,,,,,,"Cole Carrigg","33253",694249
"Jake Burger","TEX",60,260,237,59,35,11,1,12,31,35,16,1,66,3,2,1,,1,0,0.247594,0.0635423,0.252743,0.251411,0.303607,0.450232,0.325528,0.753839,0.202638,3.31352,0.289398,-0.0370166,-0.216666,32.7805,1.81158,108.715,-0.253683,-0.200258,2.407628118991852,-4.915998429059982,0.681958,236.72000122070312,,,,,,,302.7,5.045,302.7,5.045,,,,,,,,,,,,,,,,,,,"Jake Burger","22275",669394
"Spencer Torkelson","DET",59,257,224,52,30,11,0,10,31,34,28,1,69,3,2,1,,1,0,0.231728,0.107682,0.268276,0.401384,0.322007,0.425024,0.327322,0.747031,0.193297,2.54932,0.283307,0.0213178,-0.332859,32.794,2.16544,108.277,-0.311541,0.0259917,2.188305228948593,-4.598082324489951,0.681652,188.35000610351562,,,,,,,288,4.881355932,288,4.881355932,,,,,,,,,,,,,,,,,,,"Spencer Torkelson","27465",679529
"Lawrence Butler","ATH",49,211,189,46,28,10,1,7,26,26,20,0,55,0,1,1,,7,2,0.241983,0.0930979,0.261366,0.356197,0.312526,0.412354,0.317303,0.72488,0.170371,5.25846,0.302186,0.114586,0.477784,25.2481,0.064608,98.7689,0.59237,0.611416,0.2866726219654083,-1.160806119441986,0.672519,157.22000122070312,,,,,,,236.8,4.832653061,236.8,4.832653061,,,,,,,,,,,,,,,,,,,"Lawrence Butler","22542",671732
"J.T. Realmuto","PHI",49,193,174,43,28,8,1,6,22,22,13,0,45,3,1,1,,3,1,0.244359,0.0683349,0.234423,0.291502,0.307545,0.399164,0.310356,0.706709,0.154805,4.68683,0.295326,-0.0666176,0.115433,21.9832,-1.02799,92.9982,0.0488149,-1.7328,-1.5842888467013836,1.9084043502807617,0.668459,212.27000427246094,,,,,,,203,4.142857142,203,4.142857142,,,,,,,,,,,,,,,,,,,"J.T. Realmuto","11739",592663
"Carlos Narváez","BOS",36,143,126,28,18,6,0,3,14,15,13,0,39,2,1,1,,1,0,0.221647,0.0921389,0.276308,0.333465,0.301306,0.352709,0.292707,0.654015,0.131062,2.86945,0.290684,-0.0573364,-0.111293,14.2175,-2.80306,80.414,-0.168629,2.2986,-3.4556954205036163,4.953540086746216,0.665896,443.010009765625,,,,,,,123.3,3.425,123.3,3.425,,,,,,,,,,,,,,,,,,,"Carlos Narvaez","19722",665966
"Jesús Sánchez","TOR",34,148,134,34,21,7,1,6,19,20,11,0,35,1,1,0,,2,1,0.254511,0.0771054,0.238055,0.323897,0.317204,0.444032,0.330015,0.761235,0.18952,4.82554,0.301566,-0.0118976,0.0275797,19.2717,1.57517,110.999,0.0156821,0.95416,1.9348930921405554,-0.6754699945449829,0.662193,617.4299926757812,,,,,,,175.8,5.170588235,175.8,5.170588235,,,,,,,,,,,,,,,,,,,"Jesus Sanchez","19913",660821
"Dominic Canzone","SEA",46,197,179,45,28,8,0,8,23,26,15,1,44,1,1,0,,2,1,0.250521,0.0745126,0.223957,0.33271,0.309838,0.441682,0.325323,0.751521,0.191161,3.75421,0.284818,-0.0786311,-0.059952,24.801,1.33971,113.76,-0.138583,0.405492,3.0444913655519485,-3.5065453946590424,0.66218,477.1600036621094,,,,,,,220.4,4.791304347,220.4,4.791304347,,,,,,,,,,,,,,,,,,,"Dominic Canzone","26438",686527
"Curtis Mead","WSN",45,194,174,44,28,9,1,6,23,22,15,0,38,3,1,1,,3,1,0.252072,0.0759488,0.198135,0.383319,0.320614,0.412499,0.321442,0.733113,0.160427,4.64577,0.290791,0.00910489,-0.107838,23.8364,0.710264,102.049,-0.0987333,0.498657,0.38163916021585464,-0.2335955798625946,0.653815,999,,,,,,,217.5,4.833333333,217.5,4.833333333,,,,,,,,,,,,,,,,,,,"Curtis Mead","23986",678554
"Joe Mack","MIA",44,175,157,36,23,7,0,5,19,19,14,0,47,2,1,1,,1,0,0.232186,0.0822404,0.267127,0.30787,0.301238,0.386274,0.302983,0.687512,0.154088,2.96807,0.29299,0,-0.171705,18.8619,-1.97554,88.3187,-0.171705,0,-2.6388811469078064,3.410493850708008,0.653697,999,,,,,,,161.8,3.677272727,161.8,3.677272727,,,,,,,,,,,,,,,,,,,"Joe Mack","29780",691788
"Ozzie Albies","ATL",62,266,241,61,41,13,1,7,31,31,19,0,40,2,2,1,,4,1,0.253734,0.0731161,0.151925,0.481266,0.31296,0.402353,0.313572,0.715313,0.148619,4.2004,0.275749,0.0508022,-0.0248862,31.0587,-0.724865,96.2833,0.025916,-2.03032,-1.171441737562418,-1.0790886878967285,0.650238,150.5,,,,,,,277.6,4.477419354,277.6,4.477419354,,,,,,,,,,,,,,,,,,,"Ozzie Albies","16556",645277
"Anthony Volpe","NYY",33,143,127,30,19,7,1,4,18,17,12,0,32,1,1,1,,6,2,0.235752,0.0858848,0.227177,0.378053,0.307606,0.397476,0.309712,0.705082,0.161724,6.28276,0.281925,0.0950039,0.372112,16.1812,-0.834706,97.5273,0.467116,-0.25692,0.05224922299385071,1.2504878640174866,0.646009,641.989990234375,,,,,,,149.4,4.527272727,149.4,4.527272727,,,,,,,,,,,,,,,,,,,"Anthony Volpe","27647",683011
"Luke Raley","SEA",40,174,155,36,22,6,1,7,21,22,12,0,52,6,1,0,,3,1,0.231033,0.067105,0.298984,0.224444,0.308865,0.41577,0.317648,0.724635,0.184737,4.63679,0.296922,-0.0609028,-0.00618447,20.8821,0.102069,108.467,-0.0670873,0.784772,1.6676719263195992,-1.5022644400596619,0.644656,748.25,,,,,,,192.4,4.81,192.4,4.81,,,,,,,,,,,,,,,,,,,"Luke Raley","19354",670042
"Kerry Carpenter","DET",48,208,189,47,28,8,1,10,27,28,14,1,52,3,1,0,,1,1,0.248807,0.0674484,0.249459,0.270378,0.308993,0.455695,0.330072,0.764687,0.206888,4.02386,0.290733,-0.039639,-0.30572,27.0641,2.22096,110.174,-0.345359,0.529789,2.1468341946601868,-3.248914957046509,0.639168,236.22000122070312,,,,,,,247.2,5.15,247.2,5.15,,,,,,,,,,,,,,,,,,,"Kerry Carpenter","25961",681481
"Vinnie Pasquantino","KCR",57,244,218,56,35,12,1,9,30,31,22,1,36,2,2,1,,1,0,0.258438,0.0898862,0.147515,0.609335,0.329271,0.435383,0.333356,0.764654,0.176945,3.28945,0.272762,-0.242711,-0.161924,32.4169,3.25788,109.64,-0.404635,-0.205536,2.367100238800049,-4.769578695297241,0.637984,77.0999984741211,,,,,,,294.6,5.168421052,294.6,5.168421052,,,,,,,,,,,,,,,,,,,"Vinnie Pasquantino","27676",686469
"Brendan Donovan","SEA",32,138,121,32,22,6,0,3,17,15,12,0,21,3,1,0,,1,1,0.261017,0.0894455,0.154831,0.577698,0.34004,0.395329,0.325909,0.735369,0.134311,3.41,0.290515,-0.034319,-0.223221,17.4262,1.00333,114.164,-0.25754,0.0900192,2.0361396074295044,-0.6622956395149231,0.635287,268.5799865722656,,,,,,,147.9,4.621875,147.9,4.621875,,,,,,,,,,,,,,,,,,,"Brendan Donovan","24679",680977
"Alec Bohm","PHI",52,225,205,54,37,11,0,6,25,25,15,0,36,2,2,1,,1,0,0.261333,0.0656712,0.162067,0.40521,0.315162,0.400145,0.313735,0.715307,0.138812,3.28034,0.290764,-0.05461,-0.201778,26.2312,-0.58167,95.2653,-0.256388,-0.0343633,-1.543148010969162,0.4671798385679722,0.631791,239.8699951171875,,,,,,,238.6,4.588461538,238.6,4.588461538,,,,,,,,,,,,,,,,,,,"Alec Bohm","21618",664761
"George Springer","TOR",46,200,176,44,28,8,1,8,25,25,20,1,39,2,1,0,,5,1,0.251186,0.0984022,0.193132,0.509507,0.331016,0.429712,0.332892,0.760727,0.178525,5.0059,0.279263,0.060725,0.390235,26.4087,2.58646,112.983,0.45096,0.175077,3.5005473494529724,-4.408255711197853,0.627987,94.37999725341797,,,,,,,247.2,5.373913043,247.2,5.373913043,,,,,,,,,,,,,,,,,,,"George Springer","12856",543807
"JJ Bleday","CIN",54,234,204,48,28,11,1,9,29,30,27,1,53,1,2,1,,2,1,0.237289,0.114368,0.227463,0.502797,0.326891,0.429983,0.331092,0.756874,0.192694,3.69461,0.274623,-0.0573158,-0.301456,30.6792,2.69586,103.675,-0.358772,0.378464,0.6834605634212494,-2.2167524993419647,0.617844,748.5800170898438,,,,,,,272,5.037037037,272,5.037037037,,,,,,,,,,,,,,,,,,,"JJ Bleday","26368",668709
"Tyler O'Neill","BAL",38,166,146,35,21,6,0,8,20,23,16,0,47,2,1,0,,2,0,0.236482,0.0956758,0.283703,0.337239,0.317373,0.438776,0.329329,0.756149,0.202294,4.06368,0.290688,0.0057525,0.0702619,21.4424,1.66789,111.376,0.0760144,-0.0390653,2.2941664829850197,-2.0953924395143986,0.61765,477.6400146484375,,,,,,,200.4,5.27368421,200.4,5.27368421,,,,,,,,,,,,,,,,,,,"Tyler O'Neill","15711",641933
"Cole Young","SEA",52,225,199,48,33,9,1,5,27,22,20,0,42,3,2,1,,3,2,0.239271,0.0873696,0.187393,0.466238,0.315568,0.369028,0.304456,0.684596,0.129757,4.58773,0.278165,0.00775439,-0.281654,24.5393,-2.27362,99.3686,-0.2739,-2.29244,-0.4408250004053116,-1.4899665117263794,0.614824,704.2899780273438,,,,,,,217.7,4.186538461,217.7,4.186538461,,,,,,,,,,,,,,,,,,,"Cole Young","31680",702284
"Sean Murphy","ATL",23,94,82,19,11,4,0,4,11,12,9,0,24,2,1,0,,0,0,0.228617,0.0928336,0.260162,0.35683,0.315872,0.410603,0.319805,0.726475,0.181986,2.75789,0.276372,-0.0161724,-0.0835309,11.4528,0.219958,100.465,-0.0997033,1.9795,-0.04673146456480026,3.044467329978943,0.613659,746.0599975585938,,,,,,,106.6,4.634782608,106.6,4.634782608,,,,,,,,,,,,,,,,,,,"Sean Murphy","19352",669221
"Jakob Marsee","MIA",51,219,187,41,28,8,1,4,27,20,26,0,49,4,1,1,,14,4,0.220693,0.118667,0.223606,0.530698,0.325291,0.346427,0.304224,0.671718,0.125734,6.54772,0.273224,0.114552,0.846371,23.8846,-2.25796,89.151,0.960922,0.0490201,-1.9138371348381042,0.8314275406301022,0.612622,137.0800018310547,,,,,,,214.5,4.205882352,214.5,4.205882352,,,,,,,,,,,,,,,,,,,"Jakob Marsee","31370",805300
"Brett Baty","NYM",33,143,128,31,21,6,0,5,17,16,13,0,36,1,1,1,,2,0,0.242512,0.0876658,0.25441,0.344585,0.313943,0.400325,0.314126,0.714269,0.157813,3.79403,0.299886,-0.0181097,-0.0543336,16.7679,-0.325371,100.388,-0.0724433,1.85061,-0.005187608301639557,1.339037835597992,0.607164,292.9200134277344,,,,,,,155.8,4.721212121,155.8,4.721212121,,,,,,,,,,,,,,,,,,,"Brett Baty","26123",683146
"Nolan Arenado","ARI",58,251,227,55,37,11,0,6,26,28,18,0,43,2,2,1,,2,1,0.240899,0.072034,0.170525,0.422424,0.300835,0.376052,0.298887,0.676887,0.135154,2.83507,0.268932,-0.0518911,-0.1905,26.2745,-3.67347,85.9237,-0.242391,1.52334,-4.5152609050273895,2.338150203227997,0.60696,638.0599975585938,,,,,,,230.3,3.970689655,230.3,3.970689655,,,,,,,,,,,,,,,,,,,"Nolan Arenado","9777",571448
"Lane Thomas","KCR",48,208,185,45,29,10,1,6,25,24,18,0,48,2,1,1,,6,3,0.244537,0.0879445,0.229811,0.382682,0.317243,0.402701,0.316772,0.719944,0.158164,5.20575,0.296127,0.0452051,-0.0805711,24.7761,-0.0257818,98.2037,-0.035366,-0.37448,-0.4746505133807659,-0.9562698602676392,0.604644,726.6699829101562,,,,,,,221.1,4.60625,221.1,4.60625,,,,,,,,,,,,,,,,,,,"Lane Thomas","16939",657041
"Jake Cronenworth","SDP",56,242,211,48,32,10,1,5,28,24,24,0,48,5,2,1,,2,1,0.229827,0.0998055,0.198626,0.502479,0.320052,0.362752,0.305785,0.682804,0.132925,4.3487,0.270368,0.0232711,-0.175757,26.7355,-2.1915,95.2249,-0.152486,-0.424949,-1.5525640696287155,-0.3740234188735485,0.60411,738.2999877929688,,,,,,,227.5,4.0625,227.5,4.0625,,,,,,,,,,,,,,,,,,,"Jake Cronenworth","18036",630105
"Michael Massey","KCR",47,205,190,47,31,10,0,6,21,24,11,0,36,2,2,1,,2,1,0.250127,0.052968,0.176903,0.299419,0.294811,0.396232,0.301916,0.691043,0.146105,3.51751,0.279487,0.00681916,-0.0320691,21.9695,-2.49727,87.9577,-0.02525,0.956744,-2.930438295006752,1.4482565224170685,0.589328,999,,,,,,,198.6,4.225531914,198.6,4.225531914,,,,,,,,,,,,,,,,,,,"Michael Massey","27684",686681
"Nick Gonzales","PIT",52,225,203,53,37,11,1,4,27,22,15,0,46,3,2,1,,2,1,0.259693,0.0687958,0.206919,0.332477,0.319338,0.382921,0.310074,0.70226,0.123228,4.41799,0.317187,0.04225,-0.362235,25.5637,-1.24923,92.5388,-0.319985,-0.00100457,-2.347737967967987,0.8415880240499973,0.588257,999,,,,,,,224,4.307692307,224,4.307692307,,,,,,,,,,,,,,,,,,,"Nick Gonzales","27490",693304
"Jake Bauers","MIL",43,185,160,38,22,7,1,8,23,23,22,1,52,1,1,0,,4,1,0.234035,0.118083,0.280985,0.420246,0.329393,0.42976,0.332516,0.759153,0.195724,4.66305,0.292383,-0.13243,0.187856,24.4658,2.34521,110.206,0.0554255,0.245062,2.3437166772782803,-2.6169754415750504,0.583405,999,,,,,,,227.8,5.297674418,227.8,5.297674418,,,,,,,,,,,,,,,,,,,"Jake Bauers","15194",641343
"Zach McKinstry","DET",39,168,150,35,24,7,2,3,22,16,15,0,34,1,1,1,,4,1,0.233921,0.0865157,0.203877,0.424353,0.305252,0.365326,0.297577,0.670578,0.131405,6.66986,0.280514,0.0943335,0.112565,17.4369,-2.6418,87.7636,0.206898,1.37766,-2.2156775444746017,1.9174744486808777,0.576549,510.30999755859375,,,,,,,158.7,4.069230769,158.7,4.069230769,,,,,,,,,,,,,,,,,,,"Zach McKinstry","19392",656716
"Heliot Ramos","SFG",57,248,225,57,37,11,1,8,30,30,18,1,62,3,2,1,,2,1,0.252354,0.072209,0.248467,0.290619,0.313823,0.420548,0.320402,0.734371,0.168194,4.18543,0.308684,-0.0549144,-0.239273,30.3076,0.699946,103.7,-0.294187,-0.403774,0.8162632882595062,-3.225070357322693,0.574112,218.8000030517578,,,,,,,271,4.754385964,271,4.754385964,,,,,,,,,,,,,,,,,,,"Heliot Ramos","22515",671218
"Jac Caglianone","KCR",55,236,214,54,33,10,1,10,30,31,17,1,58,3,2,1,,2,1,0.254632,0.071642,0.244122,0.293468,0.315724,0.451222,0.332013,0.766946,0.19659,4.30638,0.301746,0.0103885,-0.154947,31.042,2.88842,108.714,-0.144559,-1.96906,2.2744843810796738,-5.01844048500061,0.573044,164.58999633789062,,,,,,,278.1,5.056363636,278.1,5.056363636,,,,,,,,,,,,,,,,,,,"Jac Caglianone","35041",695506
"Dalton Rushing","LAD",30,119,103,24,14,5,0,5,14,15,12,0,32,2,1,0,,0,0,0.228431,0.100593,0.267752,0.375697,0.32035,0.409502,0.321877,0.729852,0.181071,2.12728,0.279794,-0.0104545,-0.133509,14.6596,0.477543,102.825,-0.143963,-0.522373,0.262172594666481,1.4637379050254822,0.566423,745.8300170898438,,,,,,,134.9,4.496666666,134.9,4.496666666,,,,,,,,,,,,,,,,,,,"Dalton Rushing","31382",687221
"Alec Burleson","STL",60,258,235,63,42,12,0,9,30,32,18,1,38,2,2,0,,2,1,0.269445,0.0709228,0.149247,0.475205,0.324186,0.434501,0.329869,0.758687,0.165056,3.16408,0.287502,-0.17529,-0.169745,33.4534,2.70625,109.809,-0.345035,-0.846534,2.7118449807167053,-5.571688532829285,0.559947,175.19000244140625,,,,,,,298.2,4.97,298.2,4.97,,,,,,,,,,,,,,,,,,,"Alec Burleson","27615",676475
"Logan O'Hoppe","LAA",36,144,130,31,20,5,0,6,16,17,11,0,36,2,1,1,,1,0,0.237594,0.0762396,0.252837,0.301536,0.303387,0.407863,0.311546,0.71125,0.170269,2.66694,0.28408,-0.153632,-0.176245,16.5326,-0.627686,96.4595,-0.329877,-1.50311,-0.928948700428009,1.305532693862915,0.556648,246.50999450683594,,,,,,,155.4,4.316666666,155.4,4.316666666,,,,,,,,,,,,,,,,,,,"Logan O'Hoppe","24729",681351
"Brooks Lee","MIN",56,242,220,55,37,11,1,6,27,27,17,0,42,1,2,1,,3,1,0.249778,0.0696403,0.171996,0.404895,0.303849,0.390409,0.304659,0.694258,0.140631,4.0976,0.279831,-0.125949,-0.144158,26.4195,-2.40436,92.1344,-0.270107,-1.73492,-2.505585879087448,-0.6716452836990356,0.549453,542.5700073242188,,,,,,,238.9,4.266071428,238.9,4.266071428,,,,,,,,,,,,,,,,,,,"Brooks Lee","31595",686797
"Matt McLain","CIN",40,174,152,35,22,7,0,5,20,20,17,0,47,2,1,1,,6,1,0.228257,0.100675,0.27166,0.370591,0.31411,0.387905,0.311109,0.702015,0.159648,4.90002,0.290645,0.0278677,0.354704,19.9086,-0.819831,90.2679,0.382571,0.644073,-1.6621683537960052,1.3885177373886108,0.544907,144.3000030517578,,,,,,,176.9,4.4225,176.9,4.4225,,,,,,,,,,,,,,,,,,,"Matt McLain","29695",680574
"Oswald Peraza","LAA",47,205,186,43,29,8,1,6,22,21,14,0,53,3,1,1,,9,2,0.231309,0.0660109,0.259535,0.254343,0.292993,0.372552,0.294144,0.665545,0.141243,5.56835,0.289652,0.0132747,0.659506,20.6764,-3.79037,84.4577,0.672781,0.384721,-3.07678884267807,1.076850175857544,0.536932,999,,,,,,,202.6,4.310638297,202.6,4.310638297,,,,,,,,,,,,,,,,,,,"Oswald Peraza","22823",672724
"Owen Caissie","MIA",36,154,137,34,20,7,1,5,19,19,14,0,49,1,1,1,,2,1,0.246301,0.0928552,0.317195,0.292739,0.320722,0.428342,0.327079,0.749063,0.18204,4.18387,0.338304,0.00871951,-0.169411,19.7066,1.27274,104.484,-0.160691,1.64071,0.6771273612976074,-0.455743670463562,0.531619,528.5,,,,,,,172.4,4.788888888,172.4,4.788888888,,,,,,,,,,,,,,,,,,,"Owen Caissie","27496",683357
"Taylor Trammell","HOU",31,136,118,27,16,6,0,5,16,16,15,0,40,1,1,1,,4,1,0.227264,0.107511,0.291729,0.368532,0.31724,0.407024,0.318939,0.724264,0.179759,5.26482,0.294944,-0.0111009,0.094015,16.3916,0.221374,103.331,0.0829141,0,0.6140824183821678,-0.30617284774780273,0.519782,999,,,,,,,150.4,4.851612903,150.4,4.851612903,,,,,,,,,,,,,,,,,,,"Taylor Trammell","19960",666211
"Henry Davis","PIT",32,126,111,25,16,5,0,4,14,14,11,0,30,3,1,1,,2,1,0.22987,0.0857498,0.238795,0.359093,0.313225,0.384723,0.309522,0.697948,0.154853,4.07024,0.278532,-0.0322481,-0.0830608,14.2593,-0.7559,92.1687,-0.115309,-0.127162,-1.3071802332997322,2.33039952814579,0.518326,999,,,,,,,124.1,3.878125,124.1,3.878125,,,,,,,,,,,,,,,,,,,"Henry Davis","29617",680779
"Luis Torrens","NYM",27,105,96,22,14,4,0,3,11,11,7,0,24,1,1,1,,0,0,0.228191,0.0688289,0.228605,0.301082,0.287739,0.362978,0.287761,0.650717,0.134787,2.81572,0.274402,-0.0142768,-0.101385,10.0721,-2.49171,82.6997,-0.115662,1.91522,-2.3187821060419083,3.9715455770492554,0.514316,999,,,,,,,91,3.37037037,91,3.37037037,,,,,,,,,,,,,,,,,,,"Luis Torrens","15905",620443
"Tommy Edman","LAD",49,213,193,46,31,9,1,5,24,22,15,0,40,2,2,1,,6,1,0.238808,0.0708628,0.189104,0.374729,0.298695,0.369249,0.295223,0.667944,0.130441,5.30233,0.275997,0.0528714,0.480284,21.7131,-3.75912,84.9435,0.533156,0.862036,-3.3542140126228333,1.4638881087303162,0.512346,730.1199951171875,,,,,,,203,4.142857142,203,4.142857142,,,,,,,,,,,,,,,,,,,"Tommy Edman","19470",669242
"Nathan Lukes","TOR",40,174,158,41,29,8,0,3,19,18,13,0,29,2,1,1,,2,1,0.257855,0.072072,0.165363,0.435842,0.316638,0.376627,0.306625,0.693265,0.118772,3.5918,0.294299,-0.000714675,-0.195181,19.3053,-1.4541,94.8678,-0.195895,1.76239,-1.2464149743318558,0.06146693229675293,0.50738,999,,,,,,,169,4.225,169,4.225,,,,,,,,,,,,,,,,,,,"Nathan Lukes","18123",664770
"Heriberto Hernández","MIA",40,171,151,36,21,7,1,6,21,21,17,0,47,2,1,1,,2,1,0.235374,0.0996713,0.275469,0.361824,0.318011,0.418987,0.32279,0.736998,0.183612,4.46193,0.296352,-0.0426668,-0.102394,21.2602,0.815411,101.607,-0.145061,1.864,0.18797942996025085,-0.7741198539733887,0.50545,999,,,,,,,191,4.775,191,4.775,,,,,,,,,,,,,,,,,,,"Heriberto Hernandez","24878",681715
"Dylan Beavers","BAL",36,154,134,32,21,7,1,4,20,17,18,0,36,1,1,1,,5,1,0.239344,0.114279,0.231017,0.494679,0.32912,0.388784,0.318728,0.717904,0.14944,5.383,0.293905,-0.00503015,0.173751,18.6598,0.225915,104.065,0.168721,-0.0897529,0.9075935184955597,-1.4238579347729683,0.504779,505.0400085449219,,,,,,,172.5,4.791666666,172.5,4.791666666,,,,,,,,,,,,,,,,,,,"Dylan Beavers","31695",687637
"Jacob Young","WSN",48,208,188,45,33,8,1,3,21,17,14,0,38,3,2,1,,10,3,0.237303,0.0651012,0.184365,0.35311,0.297104,0.331153,0.281463,0.628257,0.0938494,5.66802,0.28195,0.148871,0.598722,18.8209,-5.98107,75.2274,0.747593,2.93823,-5.480026006698608,3.6805094480514526,0.503019,746.0700073242188,,,,,,,182.7,3.80625,182.7,3.80625,,,,,,,,,,,,,,,,,,,"Jacob Young","29931",696285
"Josh Lowe","LAA",41,177,160,39,24,8,1,6,21,22,15,0,49,1,1,1,,7,1,0.24288,0.0821312,0.275076,0.298577,0.306543,0.415314,0.314866,0.721857,0.172434,5.97367,0.308102,-0.0473484,0.86029,20.8195,-0.295637,98.7492,0.812942,-0.127511,0.5525140762329102,-1.9430970400571823,0.497321,297.0899963378906,,,,,,,202.2,4.931707317,202.2,4.931707317,,,,,,,,,,,,,,,,,,,"Josh Lowe","19953",666139
"Spencer Horwitz","PIT",41,177,153,40,27,9,0,4,21,20,20,1,31,2,1,0,,1,0,0.260923,0.113592,0.172942,0.656821,0.351081,0.404665,0.335096,0.755746,0.143743,2.47208,0.298256,-0.0729422,-0.220139,23.7242,2.60906,109.326,-0.293081,0.613038,1.7028952538967133,-2.5868080854415894,0.493833,738.1500244140625,,,,,,,202.6,4.941463414,202.6,4.941463414,,,,,,,,,,,,,,,,,,,"Spencer Horwitz","26477",687462
"Tristan Peters","CHW",42,179,161,38,26,8,1,3,20,16,15,0,37,1,1,1,,3,1,0.233312,0.0824126,0.203643,0.404691,0.30088,0.352065,0.290808,0.652944,0.118752,4.97976,0.281029,-0.00348587,-0.189257,17.6152,-3.80415,83.0888,-0.192743,1.55066,-3.7644068598747253,2.1917123794555664,0.488085,999,,,,,,,159.8,3.804761904,159.8,3.804761904,,,,,,,,,,,,,,,,,,,"Tristan Peters","30063",671976
"Joc Pederson","TEX",42,180,156,37,23,6,1,7,23,22,19,1,40,3,1,0,,1,1,0.238757,0.107631,0.224517,0.479389,0.33257,0.429346,0.334283,0.761916,0.190589,3.64644,0.273113,-0.0645584,-0.205178,23.9706,2.53063,114.753,-0.269736,0,2.8491703867912292,-4.491666793823242,0.481644,999,,,,,,,205.2,4.885714285,205.2,4.885714285,,,,,,,,,,,,,,,,,,,"Joc Pederson","11899",592626
"Casey Schmitt","SFG",56,242,224,55,36,11,0,8,26,29,13,0,53,3,2,1,,3,1,0.246942,0.053847,0.218085,0.246908,0.295174,0.406031,0.30569,0.701204,0.159088,3.57419,0.286284,-0.0288799,-0.0192578,26.717,-2.21,93.8304,-0.0481377,0.471941,-1.8570728488266468,-1.3104660511016846,0.478528,999,,,,,,,242,4.321428571,242,4.321428571,,,,,,,,,,,,,,,,,,,"Casey Schmitt","27577",669477
"Liam Hicks","MIA",46,193,167,42,31,7,0,4,21,18,19,0,27,4,1,1,,1,0,0.250375,0.100964,0.142648,0.707783,0.33993,0.360201,0.315365,0.700131,0.109826,2.51857,0.27828,-0.0355058,-0.210526,22.7292,-0.243707,96.6257,-0.246031,1.82858,-1.0317552536725998,-0.5386991500854492,0.475675,748.5399780273438,,,,,,,197,4.282608695,197,4.282608695,,,,,,,,,,,,,,,,,,,"Liam Hicks","29844",689414
"Jordan Lawlar","ARI",31,134,119,28,18,6,1,3,17,14,11,0,34,2,1,1,,6,1,0.236254,0.084168,0.256358,0.328322,0.311729,0.383644,0.307736,0.695374,0.14739,6.75734,0.303297,0.0307067,0.523357,14.9954,-0.99953,91.8601,0.554063,0.894736,-0.7656020522117615,1.088254913687706,0.474494,261.6499938964844,,,,,,,136.7,4.409677419,136.7,4.409677419,,,,,,,,,,,,,,,,,,,"Jordan Lawlar","29976",691783
"Trevor Larnach","MIN",41,177,155,39,25,8,0,5,21,20,18,0,39,2,1,1,,2,1,0.249544,0.102177,0.223194,0.457797,0.331609,0.405361,0.325146,0.736969,0.155816,3.52019,0.300086,-0.0509559,-0.225245,22.2955,1.18031,106.263,-0.276201,-0.473302,1.0278230011463165,-2.6499995291233063,0.473884,748.52001953125,,,,,,,194.6,4.746341463,194.6,4.746341463,,,,,,,,,,,,,,,,,,,"Trevor Larnach","21501",663616
"Cooper Pratt","MIL",53,228,202,45,31,8,1,4,25,20,20,0,47,3,2,1,,8,1,0.222051,0.0895454,0.207236,0.432095,0.29966,0.333664,0.284953,0.633323,0.111612,5.82557,0.267446,0,0.782056,21.3062,-5.9192,78.2963,0.782056,0,-5.207192897796631,2.444444417953491,0.472487,999,,,,,,,197.9,3.733962264,197.9,3.733962264,,,,,,,,,,,,,,,,,,,"Cooper Pratt","33530",806198
"Miguel Amaya","CHC",30,121,106,24,16,5,0,3,13,12,10,0,26,3,1,1,,0,0,0.229437,0.0852257,0.216456,0.393733,0.310998,0.361961,0.300741,0.672959,0.132524,2.89773,0.27462,-0.0642073,-0.128242,12.8154,-1.58487,89.9148,-0.192449,0.361378,-1.664484590291977,2.3576741814613342,0.467941,745.969970703125,,,,,,,110.1,3.67,110.1,3.67,,,,,,,,,,,,,,,,,,,"Miguel Amaya","21693",665804
"Joey Ortiz","MIL",38,163,147,36,24,8,1,3,19,16,12,0,29,1,1,1,,4,1,0.243259,0.076303,0.180815,0.421996,0.30511,0.367938,0.29783,0.673048,0.124678,5.08004,0.282493,0.066194,-0.0325106,16.8793,-2.51884,86.9353,0.0336833,1.0589,-2.535071324557066,1.8635334372520447,0.467893,743.4400024414062,,,,,,,155.5,4.092105263,155.5,4.092105263,,,,,,,,,,,,,,,,,,,"Joey Ortiz","25493",687401
"Romy Gonzalez","BOS",36,156,142,36,23,7,1,5,19,19,10,0,41,1,1,1,,4,1,0.254512,0.0658641,0.260895,0.252455,0.308609,0.42401,0.31862,0.732619,0.169498,5.59512,0.318652,-0.0396927,0.0838489,18.7976,0.214212,98.2851,0.0441562,-0.0523592,-0.27007516101002693,-0.6714950278401375,0.466257,999,,,,,,,170.4,4.733333333,170.4,4.733333333,,,,,,,,,,,,,,,,,,,"Romy Gonzalez","21562",663853
"Ryan Kreidler","MIN",36,157,138,31,19,7,1,4,18,16,15,0,46,2,1,1,,4,2,0.22124,0.0983214,0.289986,0.339056,0.306617,0.367068,0.300249,0.673685,0.145828,5.4863,0.29688,0.00325528,-0.0502259,16.6405,-2.1285,89.093,-0.0469706,-0.167979,-2.0655014403164387,1.035725086927414,0.46294,999,,,,,,,152.2,4.227777777,152.2,4.227777777,,,,,,,,,,,,,,,,,,,"Ryan Kreidler","25867",668952
"Mauricio Dubón","ATL",58,252,231,59,42,12,1,4,27,25,16,0,36,2,2,1,,3,1,0.256049,0.0615572,0.143021,0.430408,0.304529,0.365699,0.296184,0.670228,0.10965,3.81011,0.28546,-0.00264955,-0.209951,25.817,-4.23926,84.6181,-0.2126,2.62688,-4.898673057556152,1.251726746559143,0.461207,743.3800048828125,,,,,,,234.4,4.04137931,234.4,4.04137931,,,,,,,,,,,,,,,,,,,"Mauricio Dubon","16530",643289
"Sal Frelick","MIL",39,168,151,39,29,7,1,2,20,15,14,0,23,2,1,1,,5,1,0.258228,0.0821856,0.135764,0.605358,0.324227,0.361036,0.305412,0.685263,0.102808,5.03119,0.288297,0.0861112,0.124823,18.5066,-1.57208,92.0216,0.210935,2.12311,-1.4128113836050034,0.40181756019592285,0.452342,216.39999389648438,,,,,,,166.9,4.279487179,166.9,4.279487179,,,,,,,,,,,,,,,,,,,"Sal Frelick","29622",686217
"Marcelo Mayer","BOS",23,100,90,23,14,6,0,3,12,12,8,0,22,1,1,1,,1,0,0.256331,0.076728,0.222125,0.345427,0.31588,0.418451,0.320629,0.734331,0.16212,4.31967,0.309012,0.0210534,-0.020856,12.2216,0.300211,99.67,0.000197363,0.211887,-0.038593313714955,0.9464552998542786,0.452108,589.5399780273438,,,,,,,113.3,4.926086956,113.3,4.926086956,,,,,,,,,,,,,,,,,,,"Marcelo Mayer","29668",691785
"Alan Roden","MIN",31,132,115,28,19,6,0,3,15,13,13,0,25,3,1,0,,2,0,0.244828,0.0959512,0.188295,0.509579,0.33158,0.372066,0.314759,0.703646,0.127238,3.92777,0.286851,-0.0027242,-0.0401053,15.5206,-0.232006,99.1005,-0.0428295,1.23811,-0.18254148587584496,-0.09599733352661133,0.447814,999,,,,,,,139.2,4.49032258,139.2,4.49032258,,,,,,,,,,,,,,,,,,,"Alan Roden","31564",702176
"Jasson Domínguez","NYY",44,188,168,42,28,8,1,6,23,22,17,0,44,1,1,1,,9,2,0.249469,0.0915608,0.235926,0.388091,0.320614,0.405578,0.318988,0.726192,0.156109,5.71632,0.303506,0.00147162,0.839154,22.776,0.315006,103.925,0.840626,-1.83587,1.7098201513290405,-4.056244134902954,0.441259,421.5400085449219,,,,,,,218,4.954545454,218,4.954545454,,,,,,,,,,,,,,,,,,,"Jasson Dominguez","28080",691176
"Willi Castro","COL",51,221,196,50,33,10,2,5,27,22,18,0,52,5,2,1,,6,2,0.253381,0.0814059,0.233652,0.348406,0.328504,0.39556,0.320504,0.724064,0.142179,5.82087,0.317208,0.088719,0.0000128256,27.0428,0.642388,87.8888,0.0887319,-0.157583,-3.152135044336319,0.2967382073402405,0.440322,256.3399963378906,,,,,,,246.2,4.82745098,246.2,4.82745098,,,,,,,,,,,,,,,,,,,"Willi Castro","17338",650489
"Vaughn Grissom","LAA",40,171,154,39,27,8,0,4,19,17,13,0,32,3,1,1,,3,1,0.25312,0.0750141,0.186607,0.401991,0.319714,0.381544,0.31067,0.701258,0.128424,3.83183,0.293997,0.02135,0.00394163,19.5751,-0.869723,95.8548,0.0252916,0.547729,-0.810340391471982,-1.0471787452697754,0.429813,999,,,,,,,176.1,4.4025,176.1,4.4025,,,,,,,,,,,,,,,,,,,"Vaughn Grissom","26031",687093
"Justin Crawford","PHI",50,216,199,52,38,9,1,3,25,19,13,0,46,1,2,1,,11,3,0.259362,0.0616676,0.214118,0.288007,0.306516,0.361108,0.295238,0.667623,0.101745,6.43596,0.322561,-0.00662763,0.798473,22.0014,-3.80601,82.8557,0.791845,0.117671,-3.692810833454132,0.8900479525327682,0.429268,999,,,,,,,206.7,4.134,206.7,4.134,,,,,,,,,,,,,,,,,,,"Justin Crawford","31791",702222
"Jake McCarthy","COL",43,185,168,46,31,8,2,4,26,18,13,0,33,3,1,1,,9,2,0.271826,0.0678414,0.180148,0.376586,0.330806,0.41888,0.328153,0.749686,0.147054,7.45042,0.316424,0.106446,0.727592,23.7985,1.68813,93.0208,0.834038,0.56496,-0.7300571203231812,-1.1041762828826904,0.425153,506.760009765625,,,,,,,221.3,5.146511627,221.3,5.146511627,,,,,,,,,,,,,,,,,,,"Jake McCarthy","21622",664983
"Mickey Moniak","COL",44,191,177,47,28,9,2,9,27,26,11,0,48,2,1,1,,3,1,0.266979,0.0551985,0.250592,0.220272,0.312428,0.487196,0.342275,0.799624,0.220217,5.93885,0.317386,-0.0363316,-0.0933631,26.6955,3.92516,102.495,-0.129695,0.758401,0.44615626335144043,-2.4712286591529846,0.424072,245.8300018310547,,,,,,,250.2,5.686363636,250.2,5.686363636,,,,,,,,,,,,,,,,,,,"Mickey Moniak","19956",666160
"Paul Goldschmidt","NYY",38,163,146,36,23,7,0,6,19,21,14,0,38,1,1,0,,2,0,0.249188,0.0847224,0.236677,0.357966,0.315841,0.425403,0.323346,0.741243,0.176215,3.68967,0.294723,-0.121298,0.0738133,20.2451,0.847,106.931,-0.0474848,0.315274,1.2781320549547672,-2.913429081439972,0.420671,748.3599853515625,,,,,,,181.1,4.765789473,181.1,4.765789473,,,,,,,,,,,,,,,,,,,"Paul Goldschmidt","9218",502671
"Endy Rodríguez","PIT",25,100,89,21,14,5,0,2,11,11,9,0,22,1,1,0,,0,0,0.237853,0.0933821,0.221736,0.42114,0.312026,0.378561,0.305838,0.690586,0.140708,3.3104,0.288644,-0.00534727,-0.11076,11.0764,-0.903194,89.6971,-0.116107,0.338062,-1.3671320229768753,2.1937719583511353,0.414578,999,,,,,,,91.9,3.676,91.9,3.676,,,,,,,,,,,,,,,,,,,"Endy Rodriguez","25332",682848
"Edmundo Sosa","PHI",40,174,160,39,26,7,1,5,21,19,8,0,39,4,1,1,,3,1,0.246512,0.0482175,0.22113,0.218051,0.298387,0.39821,0.304862,0.696598,0.151698,5.30784,0.2937,0.0829552,-0.0410806,19.0753,-1.70464,89.3123,0.0418746,0.906781,-2.20921378582716,0.5456703305244446,0.405677,999,,,,,,,170.3,4.2575,170.3,4.2575,,,,,,,,,,,,,,,,,,,"Edmundo Sosa","17022",624641
"Nick Fortes","TBR",32,126,115,27,19,5,0,2,12,12,7,0,20,3,1,1,,1,0,0.233829,0.0556567,0.160761,0.346206,0.290347,0.342211,0.281815,0.632558,0.108382,3.40185,0.26391,0.0204395,-0.113192,11.4697,-3.59739,76.2543,-0.0927527,0.663527,-3.620543919503689,3.129576623439789,0.405603,999,,,,,,,101.4,3.16875,101.4,3.16875,,,,,,,,,,,,,,,,,,,"Nick Fortes","21538",663743
"Addison Barger","TOR",26,111,100,24,14,6,0,4,13,15,9,0,28,1,1,0,,1,0,0.244908,0.0841882,0.247574,0.340053,0.313187,0.4307,0.32368,0.743887,0.185792,3.84714,0.296058,0,-0.0789935,13.882,0.609657,106.63,-0.0789935,0.393295,0.7886919155716896,-0.7576306760311127,0.4042,193.08999633789062,,,,,,,121.3,4.665384615,121.3,4.665384615,,,,,,,,,,,,,,,,,,,"Addison Barger","24598",680718
"Ke'Bryan Hayes","CIN",32,139,126,31,22,6,0,3,15,13,10,0,27,1,1,1,,3,1,0.24238,0.0694851,0.194527,0.357201,0.298911,0.36511,0.293801,0.664021,0.12273,4.68925,0.283982,0.0286614,0.0705178,13.9751,-2.60768,78.6556,0.0991792,2.44602,-3.4884298518300056,2.9423142671585083,0.402814,999,,,,,,,129.1,4.034375,129.1,4.034375,,,,,,,,,,,,,,,,,,,"Ke'Bryan Hayes","18577",663647
"James Outman","DET",22,97,86,19,11,3,1,4,13,11,9,0,33,1,1,0,,3,1,0.21858,0.0904694,0.335183,0.269911,0.300128,0.401829,0.308279,0.701956,0.183249,6.74343,0.302721,0.00392393,0.151342,10.8905,-0.680336,95.1442,0.155266,0.600269,-0.39874038100242615,0.9058249890804291,0.400955,999,,,,,,,105.3,4.786363636,105.3,4.786363636,,,,,,,,,,,,,,,,,,,"James Outman","24770",681546
"Ryan O'Hearn","PIT",54,233,209,54,37,10,1,7,27,27,20,1,47,2,2,1,,1,0,0.259814,0.0838541,0.20336,0.412344,0.327931,0.413546,0.325469,0.741478,0.153733,3.25022,0.303039,-0.130102,-0.185296,29.4346,1.6162,102.867,-0.315398,0.0212004,0.4930914640426636,-4.141608063131571,0.39923,285.44000244140625,,,,,,,261.8,4.848148148,261.8,4.848148148,,,,,,,,,,,,,,,,,,,"Ryan O'Hearn","16442",656811
"Everson Pereira","CHW",23,98,88,21,13,4,0,4,12,12,8,0,29,1,1,0,,2,0,0.238066,0.0803987,0.299483,0.268458,0.306866,0.421655,0.317742,0.728521,0.183589,4.84757,0.308263,-0.013668,0.0418617,11.8114,0.0652618,101.664,0.0281937,0.416022,0.2209456618875265,0.1885531097650528,0.396377,999,,,,,,,109.6,4.765217391,109.6,4.765217391,,,,,,,,,,,,,,,,,,,"Everson Pereira","23695",677592
"Kyle Karros","COL",39,169,149,38,25,8,0,4,19,17,16,0,38,2,1,1,,1,0,0.252307,0.0932732,0.22775,0.409542,0.328392,0.385626,0.317062,0.714018,0.133319,3.55793,0.314318,-0.0116435,-0.14003,20.1491,0.0187734,85.5802,-0.151673,0.968219,-3.0938814729452133,1.5114284753799438,0.395936,999,,,,,,,180.5,4.628205128,180.5,4.628205128,,,,,,,,,,,,,,,,,,,"Kyle Karros","33252",691720
"Jonny DeLuca","TBR",27,115,104,25,16,5,1,3,14,13,8,0,24,1,1,1,,4,1,0.239691,0.0718618,0.207337,0.346594,0.301198,0.400693,0.30704,0.701891,0.161002,6.5118,0.278606,0.00923923,0.32903,12.7553,-0.919244,93.6509,0.338269,0.78989,-0.5178095996379852,0.2756919860839844,0.388708,999,,,,,,,116.2,4.303703703,116.2,4.303703703,,,,,,,,,,,,,,,,,,,"Jonny DeLuca","26365",676356
"Kyle Higashioka","TEX",32,126,115,26,16,5,0,4,13,14,9,0,31,1,1,1,,1,0,0.224491,0.0708427,0.249376,0.28408,0.282095,0.382808,0.291647,0.664903,0.158316,2.88586,0.268001,-0.124373,-0.0995932,12.4161,-2.57734,85.3493,-0.223967,-0.506341,-2.389911562204361,1.6936586499214172,0.382603,999,,,,,,,114.6,3.58125,114.6,3.58125,,,,,,,,,,,,,,,,,,,"Kyle Higashioka","5517",543309
"Griffin Conine","MIA",44,191,169,39,24,7,1,8,23,23,18,0,61,2,1,1,,1,0,0.232953,0.0926939,0.319488,0.290133,0.310365,0.41955,0.319287,0.729915,0.186597,3.61897,0.312331,-0.0535311,-0.174622,23.157,0.366089,99.257,-0.228153,0.614802,-0.39978858828544617,-2.053407311439514,0.381317,999,,,,,,,212.5,4.829545454,212.5,4.829545454,,,,,,,,,,,,,,,,,,,"Griffin Conine","21626",665052
"Konnor Griffin","PIT",21,93,84,22,15,4,1,2,11,10,6,0,24,2,1,0,,6,1,0.259466,0.0635131,0.258832,0.245384,0.321002,0.404313,0.318607,0.725316,0.144847,6.79505,0.334279,-0.00869595,0.523465,11.1868,0.126509,98.2639,0.514769,-0.28483,0.32013845443725586,0.4072992503643036,0.379144,999,,,,,,,107.9,5.138095238,107.9,5.138095238,,,,,,,,,,,,,,,,,,,"Konnor Griffin","35376",804606
"Blaze Alexander","BAL",31,135,120,28,19,5,1,3,16,14,11,0,38,3,1,1,,3,1,0.232245,0.0786068,0.28154,0.279203,0.307606,0.370188,0.3014,0.677793,0.137943,5.13524,0.308178,0.0137064,-0.0683287,14.3893,-1.69842,92.1153,-0.0546223,-0.198971,-1.3053667657077312,0.18220223486423492,0.372468,745.9099731445312,,,,,,,130.1,4.196774193,130.1,4.196774193,,,,,,,,,,,,,,,,,,,"Blaze Alexander","23789",677942
"Trevor Story","BOS",39,167,153,36,23,7,0,5,17,19,11,0,47,2,1,1,,6,1,0.234062,0.0644311,0.279089,0.230862,0.289917,0.37864,0.294209,0.668557,0.144579,4.96896,0.302678,0.0368459,0.617564,16.8986,-3.08729,81.4498,0.65441,-1.09099,-3.0012091398239136,0.7034527063369751,0.371394,111.33000183105469,,,,,,,163.5,4.192307692,163.5,4.192307692,,,,,,,,,,,,,,,,,,,"Trevor Story","12564",596115
"Danny Jansen","TEX",26,104,91,20,12,4,0,3,11,11,11,0,24,2,1,0,,1,0,0.218428,0.101095,0.234725,0.430695,0.308866,0.376553,0.304998,0.685418,0.158125,2.99172,0.258891,-0.073131,-0.0844887,11.4365,-1.00944,94.5571,-0.15762,-1.28592,-0.825568363070488,0.7511217594146729,0.368549,999,,,,,,,101.7,3.911538461,101.7,3.911538461,,,,,,,,,,,,,,,,,,,"Danny Jansen","16535",643376
"Gabriel Arias","CLE",31,135,123,29,18,6,1,4,15,15,9,0,40,1,1,1,,3,1,0.234694,0.0669404,0.300384,0.222849,0.293004,0.390307,0.299423,0.683312,0.155613,5.33961,0.314222,0.0441644,0.0322489,14.1729,-1.9148,90.4884,0.0764133,-0.0124567,-1.4324053153395653,0.2684075040742755,0.368335,748.3800048828125,,,,,,,133,4.29032258,133,4.29032258,,,,,,,,,,,,,,,,,,,"Gabriel Arias","22563",672356
"Andrew Vaughn","MIL",46,197,177,45,29,10,0,7,24,25,16,1,37,2,2,0,,1,0,0.256532,0.0803169,0.185543,0.432874,0.322704,0.430106,0.328191,0.75281,0.173574,2.75201,0.285807,-0.170819,-0.214978,25.2808,1.7989,107.304,-0.385797,-0.547832,1.352686196565628,-4.122831583023071,0.368329,272.2699890136719,,,,,,,225.7,4.906521739,225.7,4.906521739,,,,,,,,,,,,,,,,,,,"Andrew Vaughn","26197",683734
"Ty France","SDP",48,208,186,47,32,9,0,6,23,23,13,0,39,7,2,1,,1,0,0.25146,0.0644777,0.189356,0.34051,0.323058,0.391529,0.316391,0.714586,0.140068,2.99725,0.28891,-0.0387111,-0.216831,24.7529,-0.0902292,102.341,-0.255542,0.269766,0.3339161276817322,-3.5089381635189056,0.36496,999,,,,,,,221.6,4.616666666,221.6,4.616666666,,,,,,,,,,,,,,,,,,,"Ty France","17982",664034
"Dylan Crews","WSN",52,225,203,48,31,9,1,7,25,24,15,0,52,4,2,1,,8,2,0.23529,0.065896,0.232624,0.283273,0.297333,0.386321,0.300769,0.683654,0.151031,5.6278,0.282628,0.05252,0.366331,23.867,-2.9459,88.1798,0.418851,0.596342,-2.793585330247879,-0.9283497929573059,0.364025,282.2200012207031,,,,,,,230,4.423076923,230,4.423076923,,,,,,,,,,,,,,,,,,,"Dylan Crews","33541",686611
"Nolan Schanuel","LAA",50,216,189,49,36,9,0,4,25,21,22,0,32,3,2,1,,2,1,0.258533,0.100845,0.146413,0.688769,0.342421,0.369881,0.318982,0.712302,0.111348,3.28633,0.290489,-0.195289,-0.179909,26.1684,0.360975,101.588,-0.375199,-0.198918,0.028809428215026855,-4.141047641634941,0.363683,594.6599731445312,,,,,,,225.1,4.502,225.1,4.502,,,,,,,,,,,,,,,,,,,"Nolan Schanuel","33189",694384
"Cedric Mullins","TBR",50,214,191,43,28,9,1,5,24,21,19,0,47,2,2,1,,11,3,0.225065,0.0863529,0.220511,0.391603,0.29857,0.357142,0.291857,0.655712,0.132077,6.03999,0.271331,-0.0866484,0.776074,21.2327,-4.36326,83.1803,0.689425,-1.26608,-3.5556015968322754,-0.5000309944152832,0.363023,321.5,,,,,,,204.1,4.082,204.1,4.082,,,,,,,,,,,,,,,,,,,"Cedric Mullins","17929",656775
"Josh Smith","TEX",22,97,85,20,14,4,0,2,11,9,9,0,19,2,1,0,,2,1,0.240312,0.0929494,0.195142,0.476316,0.325872,0.361818,0.308421,0.687689,0.121506,4.89173,0.285714,-0.00209556,0.0569581,10.9017,-0.669137,96.9178,0.0548625,0.051889,-0.2967914715409279,0.3778149113059044,0.357839,428.9100036621094,,,,,,,91.4,4.154545454,91.4,4.154545454,,,,,,,,,,,,,,,,,,,"Josh Smith","26396",669701
"Nick Loftin","KCR",23,98,87,21,14,4,0,2,11,10,9,0,15,1,1,0,,2,0,0.242324,0.0904147,0.147841,0.611566,0.31994,0.364633,0.305706,0.684573,0.122309,4.19738,0.268971,-0.00480634,-0.000562936,10.8356,-0.894996,90.5715,-0.00536927,0.912843,-1.0959407966583967,1.1234911233186722,0.357257,999,,,,,,,94.8,4.12173913,94.8,4.12173913,,,,,,,,,,,,,,,,,,,"Nick Loftin","27630",679845
"Kyle Manzardo","CLE",51,219,193,44,26,9,0,8,25,27,22,0,54,3,1,1,,1,0,0.228224,0.0988076,0.246811,0.400336,0.312145,0.405619,0.315703,0.717764,0.177395,2.55142,0.27177,-0.00812078,-0.214476,25.9253,-0.217245,101.717,-0.222597,0.00353501,0.21987207233905792,-4.51035430165939,0.355773,253.4600067138672,,,,,,,231.6,4.54117647,231.6,4.54117647,,,,,,,,,,,,,,,,,,,"Kyle Manzardo","29794",700932
"A.J. Ewing","NYM",36,154,137,32,23,6,1,3,19,14,15,0,39,1,1,1,,8,2,0.234572,0.0963304,0.254082,0.379131,0.310162,0.354885,0.296825,0.665047,0.120312,6.65299,0.304547,0,0.535266,15.9143,-2.51959,88.7812,0.535266,0,-1.5609076023101807,0.030092597007751465,0.3543,999,,,,,,,151.1,4.197222222,151.1,4.197222222,,,,,,,,,,,,,,,,,,,"A.J. Ewing","33656",805999
"Ha-Seong Kim","ATL",29,127,111,26,18,5,0,2,14,12,13,0,25,1,1,1,,4,1,0.233928,0.105129,0.195032,0.539033,0.319377,0.34802,0.300336,0.667398,0.114092,4.94078,0.278069,0.0053064,0.236155,13.486,-1.71483,87.4035,0.241462,-0.370755,-1.6993446946144104,0.9940600693225861,0.348533,748.3800048828125,,,,,,,114.7,3.955172413,114.7,3.955172413,,,,,,,,,,,,,,,,,,,"Ha-Seong Kim","27506",673490
"Christian Yelich","MIL",50,217,190,47,31,8,1,7,26,24,23,1,55,2,1,1,,6,1,0.245976,0.106447,0.253051,0.420653,0.330715,0.398309,0.322403,0.729024,0.152333,5.01605,0.309009,0.173888,0.430528,26.8276,0.963428,103.421,0.604416,0.0954924,1.5012961030006409,-5.119322240352631,0.348332,127.22000122070312,,,,,,,251.5,5.03,251.5,5.03,,,,,,,,,,,,,,,,,,,"Christian Yelich","11477",592885
"Harrison Bader","SFG",37,160,145,35,23,7,0,4,17,17,10,0,38,2,1,1,,4,1,0.237621,0.0626232,0.239139,0.261869,0.295016,0.373283,0.294887,0.668298,0.135662,4.99276,0.292417,-0.00189538,0.0822643,16.2017,-2.85606,86.5826,0.0803689,0.177077,-2.5114622935652733,0.7474472373723984,0.347936,554.3099975585938,,,,,,,149.7,4.045945945,149.7,4.045945945,,,,,,,,,,,,,,,,,,,"Harrison Bader","18030",664056
"Denzer Guzman","LAA",42,183,166,38,25,8,1,5,20,19,13,0,52,1,1,1,,3,1,0.229793,0.0708121,0.285512,0.248018,0.286845,0.376969,0.29181,0.663815,0.147176,4.53538,0.300195,0.00109032,-0.16226,18.0648,-3.72069,82.8483,-0.16117,-0.0001282,-3.8455355912446976,0.6920014117495157,0.33917,999,,,,,,,167.6,3.99047619,167.6,3.99047619,,,,,,,,,,,,,,,,,,,"Denzer Guzman","28816",694203
"Leody Taveras","BAL",23,98,89,22,15,4,1,2,12,10,8,0,22,0,1,1,,4,1,0.244272,0.0775632,0.223484,0.347064,0.303736,0.386792,0.303538,0.690527,0.14252,6.2145,0.295899,0.00341908,0.248424,10.6627,-1.0679,93.5896,0.251843,0.139961,-0.4896297752857208,0.33054739236831665,0.338371,999,,,,,,,99.1,4.308695652,99.1,4.308695652,,,,,,,,,,,,,,,,,,,"Leody Taveras","18900",665750
"Josh Bell","MIN",52,225,200,49,32,9,0,8,26,28,21,0,45,2,2,1,,1,1,0.247018,0.093602,0.201859,0.4637,0.321249,0.41767,0.323753,0.738919,0.170652,2.46994,0.27911,-0.236557,-0.334126,28.0578,1.24488,105.303,-0.570684,-0.520751,0.8312873244285583,-5.496059477329254,0.338151,636.3300170898438,,,,,,,243.8,4.688461538,243.8,4.688461538,,,,,,,,,,,,,,,,,,,"Josh Bell","13145",605137
"Jimmy Crooks","STL",25,98,88,20,13,4,0,3,10,10,8,0,27,1,1,0,,0,0,0.229403,0.0804764,0.275093,0.292542,0.301311,0.370062,0.297972,0.671373,0.140659,2.49894,0.296904,-0.00212486,-0.112246,10.2322,-1.51392,88.4092,-0.114371,-0.0385179,-1.4943446591496468,1.6261425465345383,0.337811,999,,,,,,,90.8,3.632,90.8,3.632,,,,,,,,,,,,,,,,,,,"Jimmy Crooks","31354",699625
"Jake Meyers","HOU",22,97,87,21,15,4,0,2,11,10,8,0,21,1,1,0,,2,1,0.241757,0.0776494,0.215346,0.36058,0.308221,0.370917,0.301121,0.679139,0.12916,4.84287,0.291123,0.0230081,0.0300274,10.3089,-1.24129,91.0438,0.0530356,0.509767,-0.9669707342982292,0.8554457128047943,0.33773,738.1500244140625,,,,,,,89,4.045454545,89,4.045454545,,,,,,,,,,,,,,,,,,,"Jake Meyers","20308",676694
"Austin Hedges","CLE",21,82,74,15,11,3,0,1,7,6,6,0,19,1,1,1,,1,0,0.203659,0.0747768,0.229276,0.326143,0.270496,0.291321,0.254629,0.561817,0.0876622,3.28569,0.254613,-0.024301,-0.0275157,5.65182,-4.15403,59.5962,-0.0518167,2.74048,-3.958397600799799,4.345413446426392,0.335473,999,,,,,,,51,2.428571428,51,2.428571428,,,,,,,,,,,,,,,,,,,"Austin Hedges","12976",595978
"Freddy Fermin","SDP",25,99,89,21,15,4,0,2,10,9,8,0,20,1,1,1,,1,0,0.229989,0.0772704,0.204831,0.37724,0.293574,0.341565,0.283564,0.635139,0.111576,2.52657,0.273149,0.0132924,-0.114053,9.14123,-2.68237,80.3169,-0.100761,0.560743,-2.45964727550745,2.4959285855293274,0.330285,735.3099975585938,,,,,,,87.9,3.516,87.9,3.516,,,,,,,,,,,,,,,,,,,"Freddy Fermin","21840",666023
"Gavin Lux","TBR",29,123,109,26,18,5,1,2,15,12,13,0,28,0,1,0,,1,0,0.242368,0.105697,0.230275,0.459003,0.324001,0.361126,0.306185,0.685127,0.118758,4.46782,0.306953,0.0103732,-0.0904568,13.6509,-1.07556,93.0614,-0.0800836,-0.528124,-1.0876159742474556,-0.08738324046134949,0.326088,745.989990234375,,,,,,,116.5,4.017241379,116.5,4.017241379,,,,,,,,,,,,,,,,,,,"Gavin Lux","19955",666158
"Eugenio Suárez","CIN",56,240,213,48,27,9,0,11,27,32,21,0,73,4,2,1,,1,1,0.2241,0.0858149,0.303249,0.282985,0.301855,0.423673,0.316902,0.725527,0.199573,2.31545,0.280745,-0.2977,-0.277818,28.6698,-0.00452092,94.1544,-0.575518,1.66968,-2.2744964957237244,-2.331706166267395,0.325959,97.91999816894531,,,,,,,259.4,4.632142857,259.4,4.632142857,,,,,,,,,,,,,,,,,,,"Eugenio Suarez","12552",553993
"TJ Rumfield","COL",52,224,199,52,35,11,0,6,24,23,19,0,40,3,2,1,,1,0,0.259424,0.0855202,0.180152,0.474711,0.331575,0.397765,0.322675,0.72934,0.138342,2.10176,0.297581,-0.0195339,-0.287115,27.7756,1.04518,89.3458,-0.306649,3.20837,-3.193268120288849,-0.9101500511169434,0.323141,999,,,,,,,248.4,4.776923076,248.4,4.776923076,,,,,,,,,,,,,,,,,,,"TJ Rumfield","29805",681198
"Gavin Sheets","SDP",53,231,206,49,31,10,0,7,26,27,21,0,48,2,2,1,,2,1,0.236106,0.0892674,0.208981,0.427157,0.309281,0.39035,0.308384,0.699631,0.154244,3.15257,0.273567,-0.134901,-0.165703,25.9646,-1.60108,96.9689,-0.300605,0.268326,-1.1475073993206024,-3.1844522058963776,0.323088,684.8099975585938,,,,,,,233.2,4.4,233.2,4.4,,,,,,,,,,,,,,,,,,,"Gavin Sheets","19901",657757
"Daniel Schneemann","CLE",40,171,153,33,22,7,0,4,17,17,16,0,46,1,1,1,,4,1,0.215271,0.0912389,0.265878,0.343161,0.288698,0.343182,0.282211,0.631881,0.127912,4.42574,0.276499,-0.0338476,0.107627,15.6185,-4.8263,78.6183,0.0737791,1.07534,-4.23659423738718,1.285984367132187,0.319194,999,,,,,,,145.5,3.6375,145.5,3.6375,,,,,,,,,,,,,,,,,,,"Daniel Schneemann","25180",682177
"Matt Shaw","CHC",20,86,76,19,12,3,1,3,11,9,7,0,17,1,1,0,,3,1,0.2432,0.086799,0.199441,0.435212,0.316483,0.404011,0.316405,0.720494,0.160811,5.92903,0.279156,0.010102,0.124817,10.1734,-0.0361009,100.424,0.134919,1.1223,0.17881420999765396,0.18525809049606323,0.31887,336.67999267578125,,,,,,,99.9,4.995,99.9,4.995,,,,,,,,,,,,,,,,,,,"Matt Shaw","33322",807713
"Jake Rogers","DET",17,68,60,13,8,3,0,2,8,7,6,0,19,1,0,0,,1,0,0.218066,0.0874742,0.278336,0.314276,0.292072,0.377281,0.295652,0.669353,0.159215,4.07564,0.276045,-0.00630882,-0.0348474,6.91952,-1.17031,86.4358,-0.0411563,0.52069,-1.1231418624520302,1.8447642922401428,0.31748,999,,,,,,,63.2,3.717647058,63.2,3.717647058,,,,,,,,,,,,,,,,,,,"Jake Rogers","19452",668670
"Kyle Isbel","KCR",31,132,120,29,20,6,1,2,16,12,9,0,26,1,1,1,,3,1,0.241223,0.067537,0.195347,0.345728,0.298702,0.359442,0.291495,0.658144,0.118218,5.94553,0.288915,0.0899233,0.0515346,13.0285,-2.72407,80.7713,0.141458,0.786719,-2.845238596200943,1.2581694722175598,0.315394,999,,,,,,,117.2,3.780645161,117.2,3.780645161,,,,,,,,,,,,,,,,,,,"Kyle Isbel","21614",664728
"Spencer Steer","CIN",50,217,191,46,28,10,0,7,25,26,21,0,47,3,2,1,,3,1,0.239909,0.0952615,0.217349,0.438288,0.320941,0.412401,0.322326,0.733342,0.172492,4.00163,0.277918,-0.0525823,0.000922311,26.8621,0.951518,97.793,-0.05166,-0.84005,-0.631278183311224,-3.3525502681732178,0.312595,335.70001220703125,,,,,,,236.3,4.726,236.3,4.726,,,,,,,,,,,,,,,,,,,"Spencer Steer","26323",668715
"Amed Rosario","NYY",23,100,92,24,16,4,1,2,12,11,6,0,20,1,1,0,,2,0,0.257989,0.0579395,0.196435,0.294955,0.3046,0.396677,0.306556,0.701277,0.138688,5.61339,0.301009,0.0902611,0.116313,11.0712,-0.839877,95.3512,0.206574,-0.191084,-0.33941589295864105,-0.14015799388289452,0.311391,999,,,,,,,103.3,4.491304347,103.3,4.491304347,,,,,,,,,,,,,,,,,,,"Amed Rosario","15518",642708
"LaMonte Wade Jr.","HOU",29,127,108,24,16,4,0,3,15,13,17,0,30,1,1,0,,1,0,0.221624,0.131158,0.239072,0.548612,0.331126,0.362478,0.312654,0.693605,0.140854,3.05991,0.273254,-0.05888,-0.127632,14.7393,-0.440897,98.9974,-0.186512,0.246834,-0.3365807682275772,-1.1358816474676132,0.309697,999,,,,,,,122.1,4.210344827,122.1,4.210344827,,,,,,,,,,,,,,,,,,,"LaMonte Wade Jr.","18126",664774
"Noelvi Marte","CIN",40,171,156,40,26,8,0,6,19,21,11,0,38,1,1,1,,5,1,0.253428,0.0644792,0.22289,0.289287,0.305947,0.415239,0.314454,0.721186,0.161812,4.62813,0.298404,0.0282892,0.141518,20.0404,-0.342508,92.5121,0.169807,0.473475,-1.3771946728229523,-1.2325439751148224,0.298957,147.7100067138672,,,,,,,190.3,4.7575,190.3,4.7575,,,,,,,,,,,,,,,,,,,"Noelvi Marte","26517",682622
"Blaze Jordan","STL",34,148,137,35,23,8,0,4,16,17,7,0,23,1,1,1,,0,0,0.257498,0.0494977,0.153434,0.322599,0.297577,0.404434,0.305604,0.702011,0.146937,2.76509,0.281189,0,-0.144698,16.2628,-1.35642,93.5298,-0.144698,0,-1.3001910299062729,-0.5686728358268738,0.297585,999,,,,,,,143.8,4.229411764,143.8,4.229411764,,,,,,,,,,,,,,,,,,,"Blaze Jordan","28199",691458
"Brice Matthews","HOU",22,94,83,18,12,3,0,3,11,10,8,0,30,1,1,1,,4,1,0.218229,0.0886131,0.314727,0.281555,0.296239,0.377293,0.298098,0.673532,0.159064,6.16006,0.29476,0.0008,0.174317,9.78368,-1.43648,88.9589,0.175117,0.338639,-1.0464067161083221,0.5559224635362625,0.289408,740.969970703125,,,,,,,86.5,3.931818181,86.5,3.931818181,,,,,,,,,,,,,,,,,,,"Brice Matthews","33280",694728
"José Fermín","STL",22,96,84,20,14,4,0,2,10,9,9,0,13,2,1,0,,3,1,0.240087,0.0933392,0.139397,0.669592,0.322662,0.354245,0.30404,0.676907,0.114158,4.14385,0.264893,-0.00467113,0.0699196,10.4017,-0.998944,92.4804,0.0652485,0.446283,-0.803687110543251,0.5393382757902145,0.288178,999,,,,,,,94.3,4.286363636,94.3,4.286363636,,,,,,,,,,,,,,,,,,,"Jose Fermin","21746",665877
"David Hamilton","MIL",34,148,133,29,20,5,1,3,17,13,13,0,37,1,1,1,,13,2,0.219092,0.088269,0.248102,0.355777,0.290471,0.345376,0.283455,0.635847,0.126284,7.49073,0.275591,0.0332129,1.33322,13.6687,-4.02779,77.2911,1.36643,0.052447,-2.7068852186203003,0.6839284934103489,0.284128,743.3300170898438,,,,,,,138.9,4.085294117,138.9,4.085294117,,,,,,,,,,,,,,,,,,,"David Hamilton","27531",666152
"Esteury Ruiz","MIA",21,93,82,20,13,4,0,2,11,9,8,0,22,2,1,0,,10,2,0.241315,0.0832088,0.232981,0.357149,0.322325,0.380315,0.312433,0.702641,0.139,7.02582,0.300333,-0.00322451,0.990353,10.7225,-0.337846,94.6587,0.987129,-0.263324,0.3883281946182251,-0.6545274257659912,0.27859,748.530029296875,,,,,,,103.8,4.942857142,103.8,4.942857142,,,,,,,,,,,,,,,,,,,"Esteury Ruiz","21780",665923
"Esmerlyn Valdez","PIT",42,183,162,38,23,8,0,7,21,22,16,0,53,2,1,1,,0,0,0.233457,0.0876289,0.290675,0.301467,0.309198,0.413422,0.316346,0.72262,0.179965,2.71491,0.299809,0,-0.200667,21.6996,-0.0859017,96.7464,-0.200667,0,-0.9191163778305054,-2.277006149291992,0.278359,999,,,,,,,193.8,4.614285714,193.8,4.614285714,,,,,,,,,,,,,,,,,,,"Esmerlyn Valdez","29005",699013
"Masataka Yoshida","BOS",29,126,113,31,21,7,0,3,15,14,10,0,17,2,1,0,,1,0,0.272899,0.0824375,0.137356,0.600174,0.341779,0.412638,0.332245,0.754417,0.139739,3.86451,0.298267,-0.0451131,-0.00198696,16.6477,1.57064,107.681,-0.0471001,0.125019,1.0948025844991207,-2.865721821784973,0.276377,748.3300170898438,,,,,,,147,5.068965517,147,5.068965517,,,,,,,,,,,,,,,,,,,"Masataka Yoshida","31837",807799
"Connor Wong","BOS",26,102,92,23,15,5,0,2,11,10,8,0,24,1,1,1,,2,1,0.245719,0.0736164,0.239953,0.306796,0.309575,0.374345,0.302956,0.68392,0.128626,4.18443,0.309291,-0.0263306,-0.0607141,11.0247,-1.15724,87.4818,-0.0870447,-1.32054,-1.5906954109668732,0.6732885837554932,0.275266,999,,,,,,,98.1,3.773076923,98.1,3.773076923,,,,,,,,,,,,,,,,,,,"Connor Wong","19896",657136
"Jorge Soler","LAA",49,211,185,42,24,8,0,9,24,27,21,0,58,2,1,1,,1,0,0.227207,0.101339,0.276186,0.366922,0.312504,0.420975,0.321176,0.733479,0.193768,2.34371,0.277219,-0.228661,-0.239794,25.8636,0.726545,103.1,-0.468455,-0.269531,0.3000055253505707,-5.0943766832351685,0.274398,634.8099975585938,,,,,,,228.9,4.671428571,228.9,4.671428571,,,,,,,,,,,,,,,,,,,"Jorge Soler","14221",624585
"Giancarlo Stanton","NYY",20,86,77,18,10,3,0,5,11,14,8,0,26,0,1,0,,0,0,0.239747,0.0915929,0.300873,0.304424,0.311442,0.482368,0.340817,0.79381,0.242621,2.60747,0.285091,-0.100505,-0.0625455,11.8682,1.65871,118.979,-0.163051,0,1.7475616782903671,-2.1388888359069824,0.268904,251.4600067138672,,,,,,,103.5,5.175,103.5,5.175,,,,,,,,,,,,,,,,,,,"Giancarlo Stanton","4949",519317
"Ryan Waldschmidt","ARI",32,137,119,27,18,6,1,3,16,13,14,0,35,3,1,1,,4,1,0.228193,0.100335,0.256081,0.391808,0.320219,0.356756,0.304366,0.676975,0.128564,5.59862,0.298262,0,0.0327699,14.9401,-1.39517,89.599,0.0327699,0,-1.6893504709005356,-0.12222224473953247,0.267916,999,,,,,,,139.3,4.353125,139.3,4.353125,,,,,,,,,,,,,,,,,,,"Ryan Waldschmidt","35061",814439
"Matt Vierling","DET",32,140,126,31,21,6,1,3,16,14,11,0,28,1,1,1,,2,1,0.24393,0.0791466,0.200591,0.394568,0.307984,0.378318,0.30307,0.686301,0.134388,4.7932,0.287379,0.0510725,-0.0598927,15.1044,-1.57117,91.5517,-0.00882028,-0.181983,-1.3979308484122157,-0.9458719491958618,0.266704,999,,,,,,,135.9,4.246875,135.9,4.246875,,,,,,,,,,,,,,,,,,,"Matt Vierling","21558",663837
"Hunter Feduccia","TBR",35,140,123,26,18,5,0,3,15,12,15,0,38,1,1,1,,0,0,0.213732,0.105417,0.27055,0.389641,0.298543,0.328733,0.283115,0.627276,0.115001,3.04208,0.282851,-0.0330933,-0.150587,12.8372,-3.83275,77.1507,-0.18368,-1.18006,-3.9394251108169556,1.5483349561691284,0.26175,999,,,,,,,113.3,3.237142857,113.3,3.237142857,,,,,,,,,,,,,,,,,,,"Hunter Feduccia","23372",676439
"Nasim Nuñez","WSN",41,177,156,35,28,5,0,2,17,12,18,0,41,1,1,1,,16,3,0.222914,0.101982,0.229784,0.443818,0.303815,0.292309,0.273239,0.596124,0.0693953,6.27348,0.288747,-0.022034,1.59351,14.8424,-6.27274,69.7104,1.57147,0.967159,-4.911165714263916,1.6994125247001648,0.25826,583.0999755859375,,,,,,,152.3,3.714634146,152.3,3.714634146,,,,,,,,,,,,,,,,,,,"Nasim Nunez","25979",683083
"Taylor Walls","TBR",40,173,152,32,22,7,1,2,19,14,18,0,42,1,1,1,,8,2,0.210674,0.105708,0.24355,0.434028,0.29715,0.312014,0.276703,0.609163,0.10134,5.92621,0.274073,0.0304709,0.505329,15.0288,-5.65836,72.7288,0.5358,-0.39044,-5.027006268501282,1.38301682472229,0.256349,999,,,,,,,138.6,3.465,138.6,3.465,,,,,,,,,,,,,,,,,,,"Taylor Walls","22458",670764
"Jeff McNeil","ATH",48,205,183,46,32,10,1,3,23,19,16,0,27,4,2,1,,2,0,0.249995,0.0763742,0.132923,0.574573,0.318754,0.35684,0.301937,0.675595,0.106846,3.95261,0.277658,-0.214497,-0.0416442,22.0055,-2.49738,88.1721,-0.256142,-2.04482,-3.113823354244232,-1.6781510412693024,0.255475,440.5199890136719,,,,,,,201.3,4.19375,201.3,4.19375,,,,,,,,,,,,,,,,,,,"Jeff McNeil","15362",643446
"Jorge Polanco","NYM",44,188,167,40,25,8,0,7,22,24,18,0,38,1,1,1,,2,1,0.23981,0.0977817,0.204091,0.479109,0.31773,0.408533,0.319006,0.726263,0.168724,3.05385,0.270373,-0.0532067,-0.190075,22.7736,0.317779,103.662,-0.243282,0.303228,0.5902997851371765,-4.200630336999893,0.254959,209.42999267578125,,,,,,,204,4.636363636,204,4.636363636,,,,,,,,,,,,,,,,,,,"Jorge Polanco","13152",593871
"Victor Robles","SEA",27,115,103,24,17,5,0,2,12,11,8,0,26,3,1,1,,6,1,0.231231,0.0697497,0.224424,0.310794,0.302085,0.336302,0.286814,0.638388,0.105071,5.7598,0.289388,0.00505766,0.496894,10.9278,-2.81381,87.2016,0.501951,0.304132,-1.232176959514618,-0.36793604493141174,0.253308,727.5399780273438,,,,,,,106.3,3.937037037,106.3,3.937037037,,,,,,,,,,,,,,,,,,,"Victor Robles","18363",645302
"Bryce Eldridge","SFG",43,185,166,39,24,8,0,7,20,22,17,0,55,1,1,1,,0,0,0.233496,0.0893416,0.299316,0.298486,0.30475,0.398601,0.308952,0.703351,0.165105,1.75862,0.306526,-0.00576613,-0.207988,20.9213,-1.19935,96.0187,-0.213754,1.56655,-1.1064085066318512,-2.456598401069641,0.25049,999,,,,,,,195.4,4.544186046,195.4,4.544186046,,,,,,,,,,,,,,,,,,,"Bryce Eldridge","33390",805811
"Kahlil Watson","CLE",35,152,135,29,18,6,1,4,17,16,13,0,48,2,1,1,,6,2,0.215027,0.0848202,0.318182,0.266578,0.288877,0.371442,0.291873,0.660318,0.156415,6.06381,0.294565,0,0.276044,15.0154,-3.08329,85.2819,0.276044,0,-2.350517511367798,-0.5817900896072388,0.250153,999,,,,,,,138.9,3.968571428,138.9,3.968571428,,,,,,,,,,,,,,,,,,,"Kahlil Watson","29905",696135
"Anthony Seigler","BOS",16,68,58,13,9,3,0,1,7,7,8,0,14,0,0,0,,2,1,0.226764,0.122483,0.202335,0.605346,0.325221,0.348171,0.304298,0.673392,0.121407,4.4337,0.273986,-0.000142182,0.0799096,7.37202,-0.692474,88.4077,0.0797674,0.663532,-0.8420306816697121,0.9048897475004196,0.250049,999,,,,,,,57.9,3.61875,57.9,3.61875,,,,,,,,,,,,,,,,,,,"Anthony Seigler","23802",678011
"Brandon Valenzuela","TOR",28,113,101,23,15,4,0,3,12,12,10,0,29,0,1,1,,0,0,0.223252,0.0886536,0.253453,0.349784,0.293953,0.363951,0.291941,0.657904,0.140698,2.65403,0.276917,-0.00121282,-0.100662,11.2031,-2.29293,84.7412,-0.101875,-1.14673,-2.132433347404003,0.5541912317276001,0.2481,999,,,,,,,97.6,3.485714285,97.6,3.485714285,,,,,,,,,,,,,,,,,,,"Brandon Valenzuela","23813",678218
"Ben Williamson","TBR",31,135,122,30,21,6,1,2,15,12,10,0,29,1,1,1,,3,1,0.24258,0.0740399,0.21226,0.348817,0.304699,0.341747,0.288942,0.646446,0.0991669,5.24939,0.301803,-0.00971326,0.137823,13.0597,-3.06925,81.1694,0.12811,-0.351983,-2.866641476750374,0.48752352595329285,0.246614,999,,,,,,,123.8,3.993548387,123.8,3.993548387,,,,,,,,,,,,,,,,,,,"Ben Williamson","33197",810938
"Gary Sánchez","MIL",17,70,61,14,8,2,0,3,8,9,7,0,17,1,0,0,,0,0,0.225406,0.10538,0.24475,0.430559,0.319393,0.410722,0.321701,0.730114,0.185315,2.83371,0.262347,-0.0313614,-0.0663827,8.65373,0.272192,102.95,-0.0977441,-0.130909,0.15288202464580536,-0.008686378598213196,0.246123,999,,,,,,,75.4,4.435294117,75.4,4.435294117,,,,,,,,,,,,,,,,,,,"Gary Sanchez","11442",596142
"Tristan Gray","MIN",34,149,137,30,19,6,1,5,16,17,9,0,45,1,1,1,,1,0,0.220722,0.0579451,0.301564,0.192148,0.271509,0.378741,0.284381,0.650251,0.158019,3.90521,0.288867,-0.0161846,-0.115608,13.8324,-3.93116,78.1501,-0.131793,-0.263512,-3.958874687552452,1.0505312979221344,0.24245,999,,,,,,,133,3.911764705,133,3.911764705,,,,,,,,,,,,,,,,,,,"Tristan Gray","19877",656484
"Keibert Ruiz","WSN",38,149,137,35,24,8,0,3,15,16,8,0,18,2,1,1,,1,0,0.25525,0.0544413,0.120101,0.453296,0.301614,0.385958,0.301805,0.687571,0.130708,2.94886,0.269439,-0.111461,-0.117353,15.9457,-1.82741,88.8753,-0.228814,-3.19099,-2.2328985184431076,-0.2820422649383545,0.236456,720.3499755859375,,,,,,,142.3,3.744736842,142.3,3.744736842,,,,,,,,,,,,,,,,,,,"Keibert Ruiz","19610",660688
"Mike Yastrzemski","ATL",30,130,114,26,16,5,0,4,16,15,13,0,31,1,1,1,,1,0,0.225748,0.100856,0.240724,0.418969,0.310312,0.387971,0.308801,0.698283,0.162223,4.31299,0.272221,-0.00413014,-0.0661503,14.6874,-0.858917,93.0826,-0.0702804,0.724657,-1.160308137536049,-0.7538924813270569,0.235737,656.0999755859375,,,,,,,127.6,4.253333333,127.6,4.253333333,,,,,,,,,,,,,,,,,,,"Mike Yastrzemski","14854",573262
"Kaelen Culpepper","MIN",10,45,40,10,6,2,0,1,5,5,3,0,10,1,0,0,,1,0,0.241003,0.074242,0.224668,0.330451,0.308199,0.394359,0.309347,0.702558,0.153356,5.00585,0.285074,0,0.0663897,5.08622,-0.276362,95.3677,0.0663897,0.458469,-0.1785527467727661,0.8998271226882935,0.235035,999,,,,,,,45.1,4.51,45.1,4.51,,,,,,,,,,,,,,,,,,,"Kaelen Culpepper","sa3025360",701785
"Rhys Hoskins","CLE",39,169,146,32,19,7,0,6,19,20,19,0,47,2,1,1,,1,0,0.217958,0.112759,0.276801,0.407366,0.313743,0.386248,0.310603,0.699991,0.16829,2.88395,0.274885,-0.149919,-0.15103,19.2451,-0.864563,98.1991,-0.300949,0.344198,-0.658039778470993,-3.026171952486038,0.234828,737.989990234375,,,,,,,174.8,4.482051282,174.8,4.482051282,,,,,,,,,,,,,,,,,,,"Rhys Hoskins","16472",656555
"Carson Williams","TBR",20,88,79,17,10,3,1,3,11,10,7,0,30,1,1,1,,3,1,0.216,0.0825535,0.339071,0.24347,0.287506,0.394679,0.298812,0.682184,0.178678,6.95566,0.30062,-0.0103759,0.00444704,9.22323,-1.29567,87.9764,-0.00592883,-0.476469,-1.2530127284117043,0.42600011825561523,0.234162,724.5499877929688,,,,,,,85.7,4.285,85.7,4.285,,,,,,,,,,,,,,,,,,,"Carson Williams","30038",700246
"Jose Siri","LAA",17,73,67,15,9,3,0,3,9,9,5,0,24,1,0,0,,2,0,0.227281,0.0658176,0.329062,0.200016,0.285381,0.417983,0.305472,0.703364,0.190702,5.70459,0.302239,0.0073008,0.119394,8.03549,-0.678704,92.2703,0.126695,0.14878,-0.5374777168035507,0.20896495878696442,0.230075,999,,,,,,,75.7,4.452941176,75.7,4.452941176,,,,,,,,,,,,,,,,,,,"Jose Siri","17452",642350
"Mark Vientos","NYM",20,84,77,18,11,3,0,4,10,12,6,0,22,1,1,0,,0,0,0.240658,0.0714295,0.256949,0.27799,0.300478,0.432537,0.317884,0.733014,0.191879,2.6069,0.284844,-0.050534,-0.0833174,10.1204,0.0655322,102.909,-0.133851,0.986304,0.16263742744922638,-0.6386958956718445,0.229578,652.5700073242188,,,,,,,91.1,4.555,91.1,4.555,,,,,,,,,,,,,,,,,,,"Mark Vientos","22184",668901
"Edouard Julien","COL",34,147,124,30,20,6,0,4,17,15,20,0,40,1,1,1,,3,1,0.238197,0.135268,0.27372,0.494182,0.346416,0.380286,0.326224,0.726702,0.142089,3.95188,0.317346,-0.0469662,-0.0234514,18.5962,1.10596,91.7267,-0.0704176,-0.655585,-1.5371131226420403,-0.9815106391906738,0.22827,746.0499877929688,,,,,,,164.9,4.85,164.9,4.85,,,,,,,,,,,,,,,,,,,"Edouard Julien","27534",666397
"Parker Meadows","DET",15,63,56,13,8,2,1,2,8,6,5,0,15,0,0,0,,2,0,0.233614,0.087258,0.242939,0.359177,0.304132,0.38797,0.304545,0.692102,0.154356,6.9016,0.289658,0.0304789,0.0997596,6.85664,-0.630341,92.5688,0.130239,0.182611,-0.41835927963256836,0.40668459236621857,0.225056,745.6900024414062,,,,,,,65.9,4.393333333,65.9,4.393333333,,,,,,,,,,,,,,,,,,,"Parker Meadows","23800",678009
"Nolan Gorman","STL",25,107,95,21,13,4,0,4,11,12,11,0,34,0,1,1,,1,0,0.217861,0.0995211,0.316118,0.314823,0.297688,0.390901,0.303406,0.688588,0.173039,2.84288,0.28711,-0.119013,-0.0723286,11.6073,-1.17519,92.0547,-0.191342,0.419517,-1.220764309167862,-0.04576069116592407,0.224934,653.1400146484375,,,,,,,106.7,4.268,106.7,4.268,,,,,,,,,,,,,,,,,,,"Nolan Gorman","22263",669357
"Nathan Church","STL",33,145,133,32,23,6,0,3,14,13,8,0,25,2,1,1,,3,1,0.238704,0.0571008,0.174864,0.326545,0.289243,0.348362,0.28274,0.637605,0.109657,4.43491,0.273477,-0.00116185,-0.0258854,13.2581,-4.01558,78.1901,-0.0270473,1.32387,-3.8456417210400105,1.3445447832345963,0.224061,999,,,,,,,124.7,3.778787878,124.7,3.778787878,,,,,,,,,,,,,,,,,,,"Nathan Church","31357",701675
"Colby Thomas","ATH",30,128,118,29,16,7,1,5,15,17,7,0,37,2,1,1,,2,1,0.242114,0.0520628,0.290292,0.179346,0.293344,0.431407,0.31398,0.724751,0.189293,4.98409,0.309377,-0.000868421,-0.0282952,15.0076,-0.30673,96.4775,-0.0291636,-0.0377568,-0.5610790606588125,-1.8201642259955406,0.221781,748.5900268554688,,,,,,,145.4,4.846666666,145.4,4.846666666,,,,,,,,,,,,,,,,,,,"Colby Thomas","31855",687515
"Christian Moore","LAA",18,76,66,15,10,3,1,2,10,8,8,0,23,1,0,0,,2,1,0.230496,0.105733,0.296936,0.356079,0.316477,0.387573,0.311707,0.704051,0.157077,5.7299,0.311073,-0.00186702,-0.0255575,8.72821,-0.321145,96.57,-0.0274246,-0.168166,-0.33348030783236027,-0.17819639295339584,0.221667,748.3499755859375,,,,,,,79.2,4.4,79.2,4.4,,,,,,,,,,,,,,,,,,,"Christian Moore","34979",695681
"Chandler Simpson","TBR",46,197,183,50,41,7,1,1,22,14,11,0,24,0,2,1,,18,4,0.271718,0.0565888,0.120871,0.468175,0.311358,0.336036,0.288112,0.647394,0.0643174,7.11684,0.306542,0.112657,1.65977,18.8893,-4.6029,80.5975,1.77243,-0.0881515,-2.721962332725525,-2.1554355695843697,0.216292,180.19000244140625,,,,,,,188.4,4.095652173,188.4,4.095652173,,,,,,,,,,,,,,,,,,,"Chandler Simpson","31912",802415
"Luisangel Acuña","CHW",23,98,91,23,17,4,0,1,10,8,6,0,19,0,1,1,,6,2,0.247935,0.0582558,0.198019,0.294193,0.29282,0.345616,0.282852,0.638436,0.0976804,6.01965,0.298662,0.0349226,0.50314,9.02445,-2.72166,77.6017,0.538063,0.023483,-2.056106448173523,0.6852113530039787,0.216205,395.510009765625,,,,,,,82.6,3.591304347,82.6,3.591304347,,,,,,,,,,,,,,,,,,,"Luisangel Acuna","26548",682668
"Ali Sánchez","NYY",14,55,50,11,8,2,0,1,5,5,4,0,13,0,0,0,,0,0,0.220497,0.0710362,0.241073,0.294667,0.278837,0.332732,0.272558,0.61157,0.112235,2.22525,0.273149,-0.00205333,-0.0638165,4.56271,-1.97139,71.9039,-0.0658698,0.952979,-1.8760420307517052,2.0224233865737915,0.212257,999,,,,,,,38.8,2.771428571,38.8,2.771428571,,,,,,,,,,,,,,,,,,,"Ali Sanchez","18551",645305
"Jared Young","NYM",35,152,135,32,20,6,1,5,18,18,13,0,35,2,1,1,,1,1,0.236462,0.0852501,0.231377,0.368446,0.312218,0.402455,0.314247,0.714673,0.165993,4.25848,0.279664,-0.00606273,-0.121359,17.7691,-0.329582,100.47,-0.127422,0,-0.04128168523311615,-2.8086419105529785,0.211551,999,,,,,,,158.4,4.525714285,158.4,4.525714285,,,,,,,,,,,,,,,,,,,"Jared Young","20404",676724
"Sean Keys","TOR",18,77,67,15,9,3,0,3,9,9,8,0,20,1,0,0,,0,0,0.230076,0.0977465,0.261782,0.373389,0.318839,0.412244,0.321748,0.731083,0.182168,3.93408,0.2813,0,-0.0620198,9.48989,0.30132,105.297,-0.0620198,0,0.41793492808938026,-1.0898149013519287,0.209662,999,,,,,,,80.9,4.494444444,80.9,4.494444444,,,,,,,,,,,,,,,,,,,"Sean Keys","35094",815873
"Graham Pauley","MIA",18,79,70,16,10,4,0,2,8,9,7,0,18,1,1,0,,1,0,0.227909,0.0839478,0.230467,0.364251,0.298323,0.379377,0.299294,0.6777,0.151468,4.20394,0.273549,-0.0130565,-0.00205844,8.25936,-1.12515,85.8436,-0.015115,0.890978,-1.3616847349330783,0.8709157779812813,0.209572,999,,,,,,,75.9,4.216666666,75.9,4.216666666,,,,,,,,,,,,,,,,,,,"Graham Pauley","31363",688363
"Tyler Freeman","COL",28,122,107,29,21,6,0,2,14,11,8,0,16,4,1,1,,4,1,0.267709,0.067712,0.132373,0.511524,0.342476,0.373854,0.320748,0.716331,0.106146,5.20882,0.298949,0.0143242,0.0346794,14.8977,0.377478,88.053,0.0490036,1.0317,-1.7093086242675781,-0.21274161338806152,0.206598,745.8599853515625,,,,,,,132.4,4.728571428,132.4,4.728571428,,,,,,,,,,,,,,,,,,,"Tyler Freeman","22532",671289
"Denzel Clarke","ATH",9,40,36,8,5,2,0,1,5,4,3,0,13,1,0,0,,2,0,0.235469,0.0784344,0.314737,0.249206,0.306214,0.395279,0.308589,0.701492,0.15981,7.27619,0.329562,0.00395294,0.125376,4.49435,-0.270095,92.7594,0.129329,0.658505,-0.2108232080936432,0.8010971993207932,0.203704,728.3300170898438,,,,,,,39.8,4.422222222,39.8,4.422222222,,,,,,,,,,,,,,,,,,,"Denzel Clarke","29858",672016
"Braden Montgomery","CHW",50,217,194,44,29,10,1,5,24,22,18,0,59,2,1,1,,2,1,0.228726,0.0847527,0.272153,0.311416,0.301034,0.369325,0.29727,0.67036,0.1406,3.99983,0.298003,0,-0.310987,22.4473,-3.46321,87.5453,-0.310987,0,-3.4929731488227844,-2.2436728477478027,0.202413,999,,,,,,,195.1,3.902,195.1,3.902,,,,,,,,,,,,,,,,,,,"Braden Montgomery","35423",695731
"Max Kepler","ARI",40,174,155,36,23,7,0,5,20,19,16,0,34,2,1,1,,1,0,0.235151,0.0891224,0.196505,0.453537,0.309636,0.389638,0.308415,0.699274,0.154487,3.52883,0.267286,-0.0537738,-0.0794608,19.558,-1.20134,92.316,-0.133235,0.679849,-1.7500735521316528,-1.9173734188079834,0.202317,999,,,,,,,169.8,4.245,169.8,4.245,,,,,,,,,,,,,,,,,,,"Max Kepler","12144",596146
"Drew Gilbert","SFG",21,91,81,19,12,4,0,2,10,9,7,0,18,2,1,0,,1,0,0.230707,0.0811656,0.195952,0.414212,0.304856,0.361567,0.296772,0.666423,0.13086,4.18841,0.2701,0.00121554,-0.112629,9.39773,-1.49243,87.8473,-0.111413,0.467989,-1.4528541043400764,0.46798884496092796,0.201162,999,,,,,,,84.7,4.033333333,84.7,4.033333333,,,,,,,,,,,,,,,,,,,"Drew Gilbert","31545",687551
"Joey Bart","ATL",13,53,47,11,7,2,0,2,6,6,5,0,15,1,0,0,,0,0,0.238194,0.0888023,0.288575,0.307727,0.320097,0.387296,0.313986,0.707393,0.149102,2.75304,0.31558,-0.0305316,-0.0604405,6.19097,-0.126264,96.5614,-0.0909721,-0.4601,-0.3111477643251419,0.5738509595394135,0.201092,999,,,,,,,57.2,4.4,57.2,4.4,,,,,,,,,,,,,,,,,,,"Joey Bart","21524",663698
"Jose Trevino","CIN",27,106,97,23,16,5,0,2,10,10,7,0,18,1,1,1,,0,0,0.234901,0.0619445,0.169454,0.365554,0.285224,0.345576,0.279564,0.6308,0.110675,2.48557,0.266489,-0.0326261,-0.0966532,9.42455,-3.20992,69.1046,-0.129279,0.535,-4.085812762379646,2.6029006838798523,0.198946,999,,,,,,,89.1,3.3,89.1,3.3,,,,,,,,,,,,,,,,,,,"Jose Trevino","16725",624431
"Drew Millas","WSN",22,87,79,18,13,3,0,1,9,7,7,0,17,1,1,1,,2,0,0.23237,0.0795754,0.193949,0.410291,0.296573,0.336837,0.283223,0.633409,0.104467,4.8401,0.277086,0.00869508,0.0353189,8.03096,-2.38777,76.4086,0.0440139,-0.160432,-2.447322640568018,1.5448145121335983,0.196474,999,,,,,,,67.7,3.077272727,67.7,3.077272727,,,,,,,,,,,,,,,,,,,"Drew Millas","25643",686452
"Leo Jiménez","MIA",20,87,75,17,12,4,0,2,9,8,7,0,18,3,1,0,,1,0,0.231156,0.0833037,0.209391,0.397837,0.324784,0.342886,0.302892,0.66767,0.11173,3.23975,0.282152,-0.0128516,-0.0867117,9.39852,-0.991475,88.2577,-0.0995633,-0.036018,-1.3361774384975433,0.3953091651201248,0.191798,999,,,,,,,82.5,4.125,82.5,4.125,,,,,,,,,,,,,,,,,,,"Leo Jimenez","23782",677870
"Pedro Pagés","STL",15,61,55,13,9,2,0,2,6,6,4,0,15,1,0,0,,0,0,0.228076,0.0674568,0.252415,0.267246,0.285972,0.358522,0.285229,0.644494,0.130446,3.16318,0.28545,-0.0330965,-0.0427644,5.69896,-1.56586,79.8601,-0.0758609,0.27071,-1.5588797256350517,1.4597529172897339,0.190651,748.2899780273438,,,,,,,57.4,3.826666666,57.4,3.826666666,,,,,,,,,,,,,,,,,,,"Pedro Pages","25782",686780
"Drew Cavanaugh","SFG",16,63,54,12,8,2,0,1,6,6,6,0,19,1,0,0,,0,0,0.212098,0.0982221,0.297113,0.330588,0.307115,0.327945,0.288928,0.63506,0.115847,2.89082,0.292643,0,-0.063606,6.04584,-1.4217,82.5848,-0.063606,0,-1.3817730620503426,1.2222222089767456,0.190136,999,,,,,,,49.4,3.0875,49.4,3.0875,,,,,,,,,,,,,,,,,,,"Drew Cavanaugh","33380",701852
"Richie Palacios","TBR",27,115,100,23,16,5,0,2,12,10,12,0,23,1,1,1,,4,1,0.227656,0.102518,0.198821,0.515631,0.314205,0.334888,0.293308,0.649093,0.107231,5.34233,0.274904,-0.00450667,0.262741,11.4784,-2.19621,84.1803,0.258234,-0.0607836,-1.8748121559619904,-0.3441169261932373,0.188659,999,,,,,,,105.9,3.922222222,105.9,3.922222222,,,,,,,,,,,,,,,,,,,"Richie Palacios","24589",680700
"Jared Triolo","PIT",21,90,79,19,13,4,0,1,10,8,9,0,20,1,1,0,,2,1,0.236798,0.095616,0.225476,0.424063,0.314455,0.342083,0.295245,0.656539,0.105286,4.77685,0.298604,-0.0146265,0.155086,9.14394,-1.58121,82.5901,0.14046,0.285812,-1.7521610707044601,0.6870467662811279,0.188483,735.5399780273438,,,,,,,79.4,3.78095238,79.4,3.78095238,,,,,,,,,,,,,,,,,,,"Jared Triolo","25807",669707
"Lenyn Sosa","TOR",14,60,56,14,9,3,0,2,6,7,3,0,13,0,0,0,,0,0,0.249202,0.0426713,0.212569,0.200741,0.284247,0.400256,0.297627,0.684503,0.151054,2.74508,0.288027,-0.00196192,-0.0734502,6.20881,-0.937861,88.6626,-0.0754121,0.731881,-0.874335028231144,0.5791027694940567,0.186077,487.05999755859375,,,,,,,58.9,4.207142857,58.9,4.207142857,,,,,,,,,,,,,,,,,,,"Lenyn Sosa","22896",672820
"Cam Cauley","TEX",25,108,99,21,14,4,1,3,12,10,8,0,32,0,1,1,,5,1,0.215662,0.0742082,0.292238,0.253931,0.274791,0.355106,0.277835,0.629897,0.139444,7.15665,0.286505,0,0.538245,9.49448,-3.43758,75.8242,0.538245,0,-2.544505298137665,0.5092592835426331,0.184811,999,,,,,,,94.8,3.792,94.8,3.792,,,,,,,,,,,,,,,,,,,"Cam Cauley","29710",695508
"Austin Martin","MIN",27,115,99,23,17,5,0,1,13,10,13,0,21,2,1,1,,4,1,0.237475,0.110471,0.180699,0.611357,0.336777,0.322661,0.302268,0.659438,0.0851859,4.74122,0.288109,0.0242419,0.146494,12.372,-1.36962,90.486,0.170736,-0.272002,-1.1183707267045975,-1.164748638868332,0.184189,748.5599975585938,,,,,,,103.5,3.833333333,103.5,3.833333333,,,,,,,,,,,,,,,,,,,"Austin Martin","27462",668885
"TJ Friedl","CIN",39,168,147,34,24,6,1,3,20,15,15,0,32,4,1,1,,4,1,0.232409,0.0906236,0.190961,0.474566,0.317037,0.352321,0.300751,0.669357,0.119912,5.25083,0.273501,0.0460224,0.0927506,17.8336,-2.20384,83.3189,0.138773,-0.669934,-3.2491437643766403,-0.4011065363883972,0.184116,265.1499938964844,,,,,,,156.5,4.012820512,156.5,4.012820512,,,,,,,,,,,,,,,,,,,"TJ Friedl","19522",670770
"Javier Sanoja","MIA",28,121,112,29,20,6,1,2,14,11,7,0,14,0,1,1,,3,1,0.256565,0.0543813,0.116299,0.467599,0.296308,0.371076,0.292804,0.667384,0.114511,5.36186,0.278358,0.0204582,-0.182944,12.0479,-2.36402,81.4891,-0.162486,0.295897,-2.8665377497673035,0.7472858726978302,0.18365,999,,,,,,,116.2,4.15,116.2,4.15,,,,,,,,,,,,,,,,,,,"Javier Sanoja","28253",691594
"Mitch Garver","SEA",17,67,58,12,8,2,0,2,7,7,8,0,19,1,0,0,,0,0,0.206814,0.11259,0.284267,0.396071,0.30384,0.351872,0.294563,0.655712,0.145058,2.86531,0.266502,-0.0412123,-0.0632716,6.82876,-1.22469,92.5459,-0.104484,-0.88235,-0.6964101418852806,0.10067474842071533,0.183067,999,,,,,,,60.8,3.576470588,60.8,3.576470588,,,,,,,,,,,,,,,,,,,"Mitch Garver","15161",641598
"Jake Mangum","PIT",34,146,135,36,27,7,1,1,16,12,7,0,27,2,1,1,,6,2,0.262442,0.0468728,0.181764,0.257878,0.304,0.34924,0.289673,0.65324,0.0867982,5.88621,0.315948,0.0138717,0.243482,14.1985,-3.22988,78.8517,0.257353,0.650422,-3.4785663783550262,0.48992836475372314,0.178996,672.4199829101562,,,,,,,134.8,3.964705882,134.8,3.964705882,,,,,,,,,,,,,,,,,,,"Jake Mangum","26202",663968
"Christian Vázquez","HOU",27,106,97,21,16,4,0,1,10,9,7,0,20,1,1,1,,1,0,0.221855,0.0686449,0.186825,0.367429,0.279062,0.308327,0.263941,0.587389,0.0864719,2.89531,0.262635,-0.0735535,-0.121119,8.10634,-4.56585,65.4019,-0.194672,0.407813,-4.5177434384822845,2.481887400150299,0.176896,999,,,,,,,67.5,2.5,67.5,2.5,,,,,,,,,,,,,,,,,,,"Christian Vazquez","9774",543877
"Travis d'Arnaud","LAA",16,64,58,13,8,3,0,2,7,8,4,0,17,1,0,0,,0,0,0.225311,0.0683011,0.256322,0.266466,0.289005,0.385472,0.296731,0.674478,0.160161,2.42188,0.273317,-0.0452778,-0.0525941,6.63357,-1.05599,86.2418,-0.0978719,-0.569894,-1.1410374343395233,0.5635933876037598,0.173922,999,,,,,,,57.3,3.58125,57.3,3.58125,,,,,,,,,,,,,,,,,,,"Travis d'Arnaud","7739",518595
"José Tena","WSN",23,101,92,23,16,5,0,2,11,10,7,0,26,1,1,1,,3,1,0.252616,0.067028,0.256074,0.261752,0.305654,0.389365,0.305253,0.695019,0.136748,5.11374,0.324244,-0.00489767,-0.026668,11.1081,-0.957701,91.1884,-0.0315657,-0.546208,-1.109210304915905,-0.4659607484936714,0.173901,999,,,,,,,97,4.217391304,97,4.217391304,,,,,,,,,,,,,,,,,,,"Jose Tena","23691",677588
"Ryan Vilade","TBR",22,97,87,21,14,4,1,2,12,10,7,0,22,1,1,1,,2,1,0.24508,0.0767925,0.231782,0.331314,0.309133,0.388578,0.307014,0.697711,0.143498,5.4917,0.3025,-0.00189253,-0.0393295,10.7909,-0.779894,93.6328,-0.041222,-0.0695114,-0.7676688469946384,-0.9824743643403053,0.172529,999,,,,,,,91.7,4.168181818,91.7,4.168181818,,,,,,,,,,,,,,,,,,,"Ryan Vilade","22165",668723
"Wenceel Pérez","DET",14,60,54,13,8,2,1,2,8,6,5,0,12,0,0,0,,2,0,0.241767,0.0810347,0.196966,0.411414,0.306051,0.3959,0.307785,0.70195,0.154133,6.4189,0.279945,0.0331269,0.0524879,6.70246,-0.444208,94.8036,0.0856148,0.440118,-0.28056635707616806,-0.16080757975578308,0.171288,748.5399780273438,,,,,,,67.9,4.85,67.9,4.85,,,,,,,,,,,,,,,,,,,"Wenceel Perez","22857",672761
"Jacob Gonzalez","PIT",36,154,139,31,21,7,0,3,15,15,11,0,32,2,1,1,,2,1,0.225587,0.0736029,0.203968,0.360856,0.289251,0.345329,0.282621,0.63458,0.119741,3.80364,0.267209,0,-0.0285817,14.1336,-4.30023,74.1204,-0.0285817,0,-4.864042405039072,1.5146604776382446,0.170265,999,,,,,,,123.1,3.419444444,123.1,3.419444444,,,,,,,,,,,,,,,,,,,"Jacob Gonzalez","33225",694378
"Sung-Mun Song","SDP",23,100,89,20,14,4,0,2,10,9,9,0,24,1,1,1,,4,1,0.226868,0.0870231,0.238041,0.365581,0.29795,0.34323,0.286917,0.64118,0.116362,4.99006,0.282574,-0.0183645,0.240393,9.4805,-2.43062,82.5666,0.222028,0,-1.8827116787433624,0.2953703701496124,0.168396,999,,,,,,,88.2,3.834782608,88.2,3.834782608,,,,,,,,,,,,,,,,,,,"Sung-Mun Song","37122",823550
"Alejandro Osuna","TEX",15,66,58,14,10,3,0,1,7,6,6,0,13,1,0,0,,2,1,0.243055,0.0866028,0.201972,0.428786,0.320523,0.35912,0.304263,0.679643,0.116064,4.64673,0.292626,0.00334677,-0.0405786,7.1533,-0.674,94.0498,-0.0372318,0.354549,-0.49646370857954025,-0.24637693166732788,0.161347,999,,,,,,,60.5,4.033333333,60.5,4.033333333,,,,,,,,,,,,,,,,,,,"Alejandro Osuna","27915",696030
"Nicky Lopez","TEX",26,114,102,24,19,4,1,1,12,8,9,0,18,1,1,1,,3,1,0.236476,0.0764935,0.157708,0.485032,0.301282,0.30211,0.273711,0.603392,0.0656344,5.18149,0.279403,0.0164168,0.0300912,9.61244,-4.00026,72.9801,0.046508,0.45658,-3.5802379325032234,1.1084319651126862,0.161199,999,,,,,,,92,3.538461538,92,3.538461538,,,,,,,,,,,,,,,,,,,"Nicky Lopez","19339",670032
"Andrew Benintendi","CHW",47,203,182,45,31,9,1,6,23,23,17,0,38,1,2,1,,2,1,0.249271,0.084902,0.187885,0.451883,0.314733,0.397605,0.313106,0.712338,0.148334,3.46444,0.283176,-0.058727,-0.194648,23.555,-0.628138,98.4665,-0.253375,-0.373704,-0.6190328896045685,-5.026482105255127,0.159439,735.8099975585938,,,,,,,213.2,4.536170212,213.2,4.536170212,,,,,,,,,,,,,,,,,,,"Andrew Benintendi","17901",643217
"Tyler Heineman","LAA",10,41,36,8,6,1,0,1,4,3,3,0,9,1,0,0,,1,0,0.220114,0.0776409,0.208233,0.372855,0.294777,0.309994,0.274425,0.604771,0.0898799,4.32799,0.270306,-0.0163256,-0.0119653,3.48594,-1.41699,70.8588,-0.0282909,0.739098,-1.4371007829904556,1.5415670275688171,0.158725,999,,,,,,,35,3.5,35,3.5,,,,,,,,,,,,,,,,,,,"Tyler Heineman","13897",623168
"Jon Berti",,11,46,41,10,8,2,0,1,5,4,4,0,10,0,0,0,,3,1,0.247887,0.0786802,0.220812,0.356322,0.312977,0.340845,0.293414,0.653822,0.0929578,5.81688,0.309434,0.0112699,0.227993,4.57453,-0.870549,83.8169,0.239263,0.293816,-0.641751304268837,0.61974236369133,0.155248,999,,,,,,,45.1,4.1,45.1,4.1,,,,,,,,,,,,,,,,,,,"Jon Berti","12037",542932
"Daylen Lile","WSN",55,236,216,55,37,11,3,5,31,24,15,0,44,3,2,1,,6,2,0.25562,0.06371,0.18529,0.343839,0.309668,0.401896,0.311145,0.711563,0.146276,6.6227,0.296939,0.16595,0.0038668,27.0469,-1.10664,95.1413,0.169816,-1.68916,-1.216687649488449,-4.939164757728577,0.154752,206.50999450683594,,,,,,,247.8,4.505454545,247.8,4.505454545,,,,,,,,,,,,,,,,,,,"Daylen Lile","29995",695734
"Gabriel Rincones Jr.","PHI",32,140,124,28,18,6,1,4,16,15,13,0,38,2,1,1,,4,1,0.229176,0.0918706,0.26724,0.343775,0.307835,0.383226,0.305742,0.691061,0.15405,5.37997,0.293299,-0.00204724,0.171983,15.4836,-1.27446,89.9026,0.169936,0,-1.545202523469925,-1.5046296119689941,0.154287,999,,,,,,,143.3,4.478125,143.3,4.478125,,,,,,,,,,,,,,,,,,,"Gabriel Rincones Jr.","31958",687282
"Miguel Rojas","LAD",19,81,74,18,13,4,0,1,8,8,5,0,12,1,1,1,,1,0,0.23933,0.0670013,0.141326,0.47409,0.295325,0.341934,0.283905,0.637259,0.102604,3.58531,0.265409,-0.00795889,-0.00234405,7.53721,-2.18247,77.3503,-0.0103029,0.756356,-2.2417074851691723,1.1074358224868774,0.153709,999,,,,,,,67.7,3.563157894,67.7,3.563157894,,,,,,,,,,,,,,,,,,,"Miguel Rojas","7802",500743
"Brenton Doyle","COL",17,72,66,16,10,3,0,2,8,8,5,0,20,0,0,0,,3,1,0.241018,0.065112,0.274507,0.237196,0.293032,0.399777,0.302799,0.692809,0.158759,5.78474,0.306222,0.0208163,0.25062,7.7559,-0.824229,76.0108,0.271436,0.717506,-1.814850628376007,0.9742964208126068,0.151954,166.25,,,,,,,69,4.058823529,69,4.058823529,,,,,,,,,,,,,,,,,,,"Brenton Doyle","25479",686668
"Ramón Urías","STL",17,72,65,16,11,3,0,2,8,8,6,0,15,1,1,0,,1,0,0.245082,0.07738,0.211528,0.365814,0.31282,0.38846,0.309617,0.70128,0.143377,3.43724,0.289267,-0.0224602,-0.0726619,8.2076,-0.429242,96.2218,-0.0951221,-0.511593,-0.4258725196123123,-0.439216747879982,0.151038,999,,,,,,,75,4.411764705,75,4.411764705,,,,,,,,,,,,,,,,,,,"Ramon Urias","18795",602104
"Jorge Mateo","ATL",15,67,61,14,9,3,0,2,7,7,4,0,18,0,0,0,,5,1,0.226634,0.0649296,0.267725,0.242524,0.280966,0.359954,0.282657,0.64092,0.13332,6.76747,0.291672,0.0291345,0.483573,6.09426,-1.85164,75.5429,0.512707,0.128471,-1.4570513367652893,0.7798600047826767,0.150966,999,,,,,,,63.6,4.24,63.6,4.24,,,,,,,,,,,,,,,,,,,"Jorge Mateo","17273",622761
"Andruw Monasterio","BOS",17,73,66,16,11,3,0,2,8,7,6,0,17,1,1,0,,2,1,0.239237,0.0846599,0.23447,0.361069,0.308876,0.361332,0.298529,0.670208,0.122095,4.32008,0.298873,-0.00122302,0.0177413,7.6692,-1.09655,84.4293,0.0165182,0.149864,-1.329300869256258,0.18134524300694466,0.148708,999,,,,,,,73.1,4.3,73.1,4.3,,,,,,,,,,,,,,,,,,,"Andruw Monasterio","19455",655316
"Jesus Rodriguez","SFG",13,50,46,11,8,2,0,1,5,4,4,0,9,0,0,0,,1,0,0.247968,0.0732803,0.177503,0.412839,0.307739,0.349454,0.293096,0.657194,0.101487,4.26885,0.289557,-0.000366131,-0.0130678,5.02715,-0.972162,85.3807,-0.0134339,0,-0.9024163214489818,0.7231481075286865,0.147583,999,,,,,,,44.7,3.438461538,44.7,3.438461538,,,,,,,,,,,,,,,,,,,"Jesus Rodriguez","26991",683679
"Joshua Kuroda-Grauer","ATH",38,165,154,40,29,8,0,2,17,15,6,0,24,2,1,1,,4,1,0.256637,0.0376239,0.148074,0.254088,0.292233,0.349702,0.2835,0.641936,0.093065,4.5813,0.292052,0,0.0111184,15.2519,-4.48655,75.4566,0.0111184,0,-4.7656670194119215,0.3055555820465088,0.14509,999,,,,,,,140.8,3.705263157,140.8,3.705263157,,,,,,,,,,,,,,,,,,,"Joshua Kuroda-Grauer","35121",811965
"Joey Loperfido","HOU",17,75,67,16,10,3,0,2,9,8,5,0,21,1,1,0,,2,0,0.234168,0.0722734,0.276984,0.26093,0.300552,0.378921,0.300168,0.679473,0.144753,5.11405,0.30578,-0.00421665,0.0285866,7.89478,-1.01535,90.386,0.0243699,0.193619,-0.820278437808156,-0.40884967148303986,0.144856,746.02001953125,,,,,,,71.9,4.229411764,71.9,4.229411764,,,,,,,,,,,,,,,,,,,"Joey Loperfido","29630",694388
"Max Clark","DET",9,40,35,8,6,2,0,1,5,4,4,0,9,0,0,0,,1,0,0.238279,0.0966722,0.213286,0.453252,0.314083,0.371013,0.304297,0.685097,0.132734,5.59947,0.286995,0,0.061804,4.3553,-0.409147,92.3981,0.061804,0.152784,-0.29532433673739433,0.2953767329454422,0.143974,999,,,,,,,38.9,4.322222222,38.9,4.322222222,,,,,,,,,,,,,,,,,,,"Max Clark","sa3022683",703601
"Drew Romo","CHW",15,61,56,12,9,2,0,1,6,6,3,0,15,1,0,0,,1,0,0.22144,0.0557936,0.240518,0.231972,0.270502,0.343115,0.271206,0.613617,0.121675,3.80702,0.272035,-0.000155657,-0.0359436,5.0062,-2.25862,69.5704,-0.0360993,0.261504,-2.2158668637275696,1.4505468308925629,0.142075,999,,,,,,,40.3,2.686666666,40.3,2.686666666,,,,,,,,,,,,,,,,,,,"Drew Romo","27763",691011
"Derek Hill","PHI",19,81,75,17,12,3,1,2,9,8,5,0,24,1,1,0,,3,1,0.231481,0.0599777,0.295891,0.202702,0.283699,0.377129,0.290091,0.660828,0.145648,6.5252,0.306824,0.00348487,0.209331,7.94606,-1.77362,79.4027,0.212815,0.797748,-1.8163946866989136,0.5670383125543594,0.142063,999,,,,,,,74.3,3.910526315,74.3,3.910526315,,,,,,,,,,,,,,,,,,,"Derek Hill","16947",656537
"Jesse Winker",,15,66,55,13,9,2,0,2,7,7,9,0,14,1,0,0,,1,0,0.236515,0.137631,0.219512,0.626984,0.350785,0.381743,0.328449,0.732528,0.145228,4.10008,0.286957,-0.0735032,-0.0343478,8.44065,0.613348,107.645,-0.107851,-0.0216411,0.4904530942440033,-1.3355299606919289,0.140851,999,,,,,,,74.3,4.953333333,74.3,4.953333333,,,,,,,,,,,,,,,,,,,"Jesse Winker","13590",608385
"Rafael Flores Jr.","PIT",8,33,30,7,5,1,0,1,4,3,3,0,9,0,0,0,,0,0,0.239217,0.091391,0.276376,0.330676,0.312499,0.377196,0.3056,0.689695,0.137979,2.70713,0.316431,-0.0011375,-0.0397727,3.67684,-0.306787,89.5375,-0.0409102,0.111749,-0.463362492620945,0.7637548297643661,0.140442,999,,,,,,,30.5,3.8125,30.5,3.8125,,,,,,,,,,,,,,,,,,,"Rafael Flores Jr.","31991",804668
"Hao-Yu  Lee","DET",12,51,46,11,7,2,0,1,6,5,4,0,12,1,0,0,,1,0,0.236104,0.073439,0.229429,0.320094,0.300519,0.375141,0.29848,0.675659,0.139037,5.29993,0.287377,0,0.000683511,5.35738,-0.768339,88.3867,0.000683511,0,-0.7007750622578897,0.18333333730697632,0.132739,999,,,,,,,47.7,3.975,47.7,3.975,,,,,,,,,,,,,,,,,,,"Hao-Yu  Lee","30080",701678
"Ryan Mountcastle","BAL",11,48,44,11,7,2,0,2,6,7,3,0,12,0,0,0,,0,0,0.257663,0.0687172,0.241958,0.284005,0.312383,0.44208,0.326808,0.754463,0.184417,3.53951,0.306658,0.00541376,-0.0269397,6.08063,0.382892,109.637,-0.0215259,0.100933,0.5199170149862766,-0.9121846333146095,0.132474,748.0900268554688,,,,,,,51.2,4.654545454,51.2,4.654545454,,,,,,,,,,,,,,,,,,,"Ryan Mountcastle","18373",663624
"Brady House","WSN",20,84,79,19,13,4,0,3,9,9,4,0,23,1,1,1,,1,0,0.241873,0.0443196,0.274577,0.16141,0.280547,0.388289,0.291773,0.668837,0.146416,3.59603,0.308057,0.00473684,-0.0487763,8.33504,-1.71979,82.1445,-0.0440395,0.116782,-1.8637834936380386,0.41770755499601364,0.131414,710.1199951171875,,,,,,,84.1,4.205,84.1,4.205,,,,,,,,,,,,,,,,,,,"Brady House","29993",691781
"Nick Allen","HOU",17,72,65,15,11,3,0,1,7,6,6,0,14,0,1,1,,2,1,0.229147,0.0767801,0.19679,0.390162,0.292219,0.308058,0.271052,0.600277,0.0789105,4.13274,0.280436,0.00230554,-0.019421,5.90359,-2.67653,70.3064,-0.0171155,0.869918,-2.529266746714711,1.2649794816970825,0.131326,999,,,,,,,56.1,3.3,56.1,3.3,,,,,,,,,,,,,,,,,,,"Nick Allen","22277",669397
"Nathaniel Lowe","CIN",25,107,94,23,15,4,0,3,13,12,12,0,27,1,1,0,,0,0,0.245528,0.110499,0.250261,0.441535,0.331946,0.404802,0.32534,0.736748,0.159274,3.26229,0.30602,-0.0517357,-0.0996135,13.5139,0.731393,99.815,-0.151349,0.225049,-0.17531620152294636,-2.039303109049797,0.128989,999,,,,,,,113.6,4.544,113.6,4.544,,,,,,,,,,,,,,,,,,,"Nathaniel Lowe","19566",663993
"Starling Marte","KCR",21,90,81,21,15,4,0,2,10,9,6,0,19,2,1,0,,3,1,0.261215,0.0635514,0.207046,0.306943,0.320338,0.395946,0.315681,0.716285,0.134732,5.62079,0.311123,-0.0215939,0.200819,10.6344,-0.0907352,97.4512,0.179225,0.0590895,-0.09032212197780609,-1.8668364696204662,0.126026,999,,,,,,,93.9,4.471428571,93.9,4.471428571,,,,,,,,,,,,,,,,,,,"Starling Marte","9241",516782
"Matt Wallner","MIN",8,34,30,7,4,1,0,1,4,5,3,0,11,1,0,0,,0,0,0.235348,0.089916,0.315571,0.284931,0.322544,0.44751,0.335193,0.770053,0.212161,4.46281,0.309975,-0.0107813,-0.0327804,4.52155,0.499612,113.192,-0.0435618,-0.077488,0.47961411252617836,-0.4385991394519806,0.125683,340.5899963378906,,,,,,,33.5,4.1875,33.5,4.1875,,,,,,,,,,,,,,,,,,,"Matt Wallner","26466",670242
"Victor Scott II","STL",34,145,130,28,21,5,1,2,14,11,11,0,32,2,1,1,,9,2,0.21513,0.0743131,0.219284,0.338889,0.284502,0.303157,0.266107,0.587659,0.0880272,6.57448,0.269304,0.0421802,0.976727,11.3043,-5.96938,67.0309,1.01891,0.762374,-4.753490686416626,1.2793496251106262,0.125591,391.1300048828125,,,,,,,116.3,3.420588235,116.3,3.420588235,,,,,,,,,,,,,,,,,,,"Victor Scott II","31349",687363
"Michael Conforto","CHC",27,117,102,23,15,5,0,4,13,13,12,0,30,2,1,0,,1,0,0.227993,0.102779,0.25368,0.405154,0.316491,0.391018,0.31335,0.707508,0.163025,2.95236,0.279994,-0.0120868,-0.0749261,13.6137,-0.339268,98.3741,-0.0870129,-0.313047,-0.3169528692960739,-2.2584170401096344,0.124815,999,,,,,,,122.8,4.548148148,122.8,4.548148148,,,,,,,,,,,,,,,,,,,"Michael Conforto","16376",624424
"Jeremiah Jackson","BAL",14,62,58,14,9,3,0,2,7,8,3,0,15,0,0,0,,1,0,0.238072,0.0444147,0.243263,0.182579,0.274698,0.400827,0.292995,0.675525,0.162755,4.3187,0.283698,-0.00264509,-0.0207157,6.17366,-1.19989,86.3186,-0.0233608,-0.202583,-1.01806734316051,0.01809646189212799,0.121615,999,,,,,,,58.8,4.2,58.8,4.2,,,,,,,,,,,,,,,,,,,"Jeremiah Jackson","22239",669236
"Yoán Moncada","LAA",12,53,47,11,7,2,0,2,6,6,5,0,15,1,0,0,,0,0,0.235598,0.0999289,0.276714,0.361128,0.319775,0.398354,0.317056,0.718129,0.162756,3.91562,0.303485,-0.0224417,-0.0429202,6.37371,0.005643,100.259,-0.0653619,-0.282791,-0.049100328236818314,-0.6539331376552582,0.121281,746.1500244140625,,,,,,,57.2,4.766666666,57.2,4.766666666,,,,,,,,,,,,,,,,,,,"Yoan Moncada","17232",660162
"Austin Hays","CHW",20,87,79,19,13,4,0,3,10,10,6,0,21,1,1,0,,1,0,0.245653,0.06444,0.236097,0.272939,0.301409,0.402041,0.307623,0.70345,0.156388,4.06347,0.297248,-0.0021466,-0.0845342,9.70862,-0.655595,94.6856,-0.0866808,0.242657,-0.6297842115163803,-1.2669106721878052,0.121238,572.469970703125,,,,,,,90.1,4.505,90.1,4.505,,,,,,,,,,,,,,,,,,,"Austin Hays","19363",669720
"Jonah Heim","ATH",33,137,124,29,19,6,0,4,14,15,10,0,27,1,1,1,,1,0,0.233764,0.0755293,0.194621,0.388084,0.294196,0.374185,0.294911,0.66838,0.140421,2.72996,0.266572,-0.0407917,-0.078293,13.9229,-2.45125,83.3263,-0.119085,-0.219238,-2.811107262969017,-0.8914602100849152,0.120092,999,,,,,,,128.3,3.887878787,128.3,3.887878787,,,,,,,,,,,,,,,,,,,"Jonah Heim","16930",641680
"Rafael Marchán","PHI",15,59,53,12,8,2,0,1,6,5,4,0,10,1,0,0,,0,0,0.22727,0.073516,0.170967,0.430002,0.294709,0.33849,0.283489,0.633199,0.11122,2.87718,0.258799,-0.0196625,-0.0602284,5.44546,-1.6025,74.9735,-0.0798909,-0.0238754,-1.867727316915989,1.1296740807592869,0.120003,999,,,,,,,44.4,2.96,44.4,2.96,,,,,,,,,,,,,,,,,,,"Rafael Marchan","21646",665561
"Jim Jarvis","ATL",19,81,73,17,12,4,0,1,9,7,6,0,16,1,1,1,,3,1,0.233899,0.0742483,0.200291,0.370702,0.297184,0.333676,0.282445,0.630859,0.0997761,5.53222,0.28434,0,0.127351,7.40512,-2.26815,75.4003,0.127351,0,-2.2845986038446426,0.8271604776382446,0.119724,999,,,,,,,67.1,3.531578947,67.1,3.531578947,,,,,,,,,,,,,,,,,,,"Jim Jarvis","33492",805347
"Edgar Quero","CHW",12,49,43,10,7,2,0,1,5,5,4,0,10,1,0,0,,0,0,0.23757,0.0878313,0.201853,0.435125,0.315771,0.348961,0.298698,0.664732,0.111391,2.23229,0.284003,-0.0266799,-0.0603832,5.08458,-0.719385,88.5304,-0.0870631,-0.242489,-0.7434531450271606,0.19177071750164032,0.119552,475.1000061035156,,,,,,,43.2,3.6,43.2,3.6,,,,,,,,,,,,,,,,,,,"Edgar Quero","28022",700337
"J.C. Escarra","NYY",7,26,23,5,3,1,0,1,3,3,2,0,5,0,0,0,,0,0,0.2223,0.086289,0.189916,0.454353,0.297947,0.343685,0.28736,0.641633,0.121385,3.66531,0.258717,-0.00373488,-0.0190278,2.48591,-0.625569,82.1122,-0.0227627,0.308888,-0.5715609937906265,0.8181477189064026,0.118975,999,,,,,,,23.3,3.328571428,23.3,3.328571428,,,,,,,,,,,,,,,,,,,"J.C. Escarra","20084",641555
"Lourdes Gurriel Jr.","ARI",55,237,217,55,37,11,0,6,26,27,14,0,41,2,2,1,,3,1,0.253144,0.0595761,0.174427,0.341553,0.303359,0.395098,0.306071,0.698457,0.141954,3.68737,0.284473,-0.0302931,-0.238629,26.1614,-2.08494,90.7431,-0.268922,0.909891,-2.919209837913513,-3.622517228126526,0.118266,689.0700073242188,,,,,,,230.2,4.185454545,230.2,4.185454545,,,,,,,,,,,,,,,,,,,"Lourdes Gurriel Jr.","19238",666971
"Jake Fraley","TBR",24,103,91,21,15,4,0,2,11,10,9,0,23,1,1,0,,3,1,0.233771,0.0917491,0.226217,0.405581,0.310268,0.357924,0.298312,0.668192,0.124153,4.51618,0.287162,-0.0289282,0.143243,10.7187,-1.55337,87.6314,0.114315,0.150187,-1.3823636919260025,-1.1195663660764694,0.11764,999,,,,,,,89.9,3.745833333,89.9,3.745833333,,,,,,,,,,,,,,,,,,,"Jake Fraley","19260",641584
"Alex Freeland","LAD",14,59,51,11,7,2,0,2,6,6,6,0,17,1,0,0,,1,0,0.214882,0.105686,0.279802,0.377716,0.304536,0.352622,0.294817,0.657158,0.13774,4.48664,0.280944,-0.000396802,0.0422689,5.98023,-1.05815,84.6709,0.0418721,0.0204532,-1.0517174378037453,0.25116303749382496,0.113413,999,,,,,,,58.1,4.15,58.1,4.15,,,,,,,,,,,,,,,,,,,"Alex Freeland","31665",690976
"Davis Schneider","TOR",5,23,19,4,3,1,0,1,3,3,3,0,6,0,0,0,,0,0,0.220076,0.134526,0.269596,0.498991,0.333104,0.393611,0.323841,0.726715,0.173535,4.01171,0.276273,-0.00466667,0.0021047,2.85058,0.128038,106.741,-0.00256196,0.208285,0.1784044138621539,0.12680380046367645,0.113154,999,,,,,,,24.7,4.94,24.7,4.94,,,,,,,,,,,,,,,,,,,"Davis Schneider","23565",676914
"Isiah Kiner-Falefa","BOS",12,53,48,12,10,2,0,0,5,4,3,0,9,1,0,0,,2,0,0.256355,0.0578766,0.164644,0.351526,0.306584,0.337116,0.287536,0.6437,0.0807614,5.3495,0.301074,0.0175904,0.111809,5.04999,-1.26135,76.8474,0.129399,0.181925,-1.3114254921674728,0.5387146472930908,0.112516,746.1500244140625,,,,,,,40.8,3.4,40.8,3.4,,,,,,,,,,,,,,,,,,,"Isiah Kiner-Falefa","16512",643396
"Luis Urías","TOR",9,40,35,8,6,2,0,1,4,4,4,0,7,1,0,0,,0,0,0.237778,0.0886125,0.174811,0.506905,0.318726,0.368959,0.307044,0.687685,0.131181,2.80747,0.267993,-0.00098459,-0.039079,4.44431,-0.320135,95.1572,-0.0400636,-0.265615,-0.26757310703396797,-0.08228197693824768,0.108565,999,,,,,,,40,4.444444444,40,4.444444444,,,,,,,,,,,,,,,,,,,"Luis Urias","16622",649966
"James McCann","ARI",17,68,62,14,10,3,0,2,7,7,4,0,17,1,0,0,,0,0,0.231425,0.0549682,0.251785,0.218314,0.280167,0.365835,0.284274,0.646001,0.13441,2.93224,0.287853,-0.054483,-0.0546772,6.29358,-1.79625,76.1194,-0.10916,-0.404843,-2.0673283860087395,0.919231116771698,0.107288,999,,,,,,,58.9,3.464705882,58.9,3.464705882,,,,,,,,,,,,,,,,,,,"James McCann","12859",543510
"Mickey Gasper","BOS",7,30,26,6,4,1,0,1,3,3,3,0,6,0,0,0,,0,0,0.242454,0.104418,0.191336,0.545731,0.332806,0.370774,0.315214,0.703581,0.12832,3.47749,0.28565,-0.0011449,-0.0177945,3.51502,-0.0413763,95.9361,-0.0189394,-0.312589,-0.1614464819431305,0.15963295102119446,0.107281,999,,,,,,,28.9,4.128571428,28.9,4.128571428,,,,,,,,,,,,,,,,,,,"Mickey Gasper","24759",681508
"Jorbit Vivas","WSN",21,93,81,19,14,4,0,1,9,7,8,0,13,2,1,1,,1,1,0.231605,0.0891853,0.144074,0.619025,0.318136,0.324335,0.292531,0.642471,0.0927301,3.7421,0.261186,-0.00429,-0.0727299,9.22553,-1.83479,82.6528,-0.0770199,0.424191,-2.02175672352314,0.032986849546432495,0.10427,999,,,,,,,75.5,3.595238095,75.5,3.595238095,,,,,,,,,,,,,,,,,,,"Jorbit Vivas","23917",678391
"Zach Dezenzo","HOU",13,58,52,12,8,2,0,2,6,6,5,0,17,1,0,0,,1,0,0.234087,0.0880534,0.288426,0.305289,0.307531,0.38333,0.305502,0.690861,0.149243,4.25602,0.308744,0.00122182,0.0708896,6.39176,-0.53834,94.0648,0.0721114,-0.0978798,-0.3334597945213318,-0.7201020568609238,0.102791,999,,,,,,,59.7,4.592307692,59.7,4.592307692,,,,,,,,,,,,,,,,,,,"Zach Dezenzo","31562",701305
"Eric Haase","SFG",12,47,43,9,6,2,0,1,5,5,3,0,14,0,0,0,,0,0,0.217661,0.069156,0.308691,0.22403,0.276549,0.362268,0.281897,0.638817,0.144607,2.93678,0.289589,-0.00286759,-0.0274034,4.26657,-1.33409,77.8672,-0.030271,-0.14901,-1.2867062743753195,0.7676565051078796,0.102185,999,,,,,,,31.6,2.633333333,31.6,2.633333333,,,,,,,,,,,,,,,,,,,"Eric Haase","14111",606992
"Luis Lara","MIL",23,100,88,20,15,4,0,1,11,8,10,0,20,1,1,1,,4,1,0.233234,0.0967934,0.202308,0.478446,0.315706,0.330349,0.292342,0.646055,0.0971155,5.4822,0.286094,0,0.230047,9.9199,-1.99121,83.2531,0.230047,0,-1.791808545589447,-0.4583333134651184,0.101322,999,,,,,,,82.8,3.6,82.8,3.6,,,,,,,,,,,,,,,,,,,"Luis Lara","30675",800325
"Nelson Velázquez","STL",16,69,62,15,9,3,0,3,8,8,6,0,19,1,0,0,,1,0,0.233639,0.0838458,0.268535,0.312234,0.302785,0.417798,0.314444,0.720583,0.184158,4.26369,0.285302,0.0199851,0.0046353,8.15146,-0.13991,99.4603,0.0246204,0.0802499,-0.02073771134018898,-1.2432068288326263,0.101132,748.5599975585938,,,,,,,81.8,5.1125,81.8,5.1125,,,,,,,,,,,,,,,,,,,"Nelson Velazquez","23359",676369
"Max Muncy","ATH",11,46,41,10,6,2,0,1,5,5,3,0,13,1,0,0,,1,0,0.236054,0.0667726,0.295335,0.226091,0.298918,0.395504,0.305056,0.694422,0.15945,4.31549,0.313804,0.00242361,-0.0375457,5.00561,-0.439475,90.3233,-0.035122,-0.256674,-0.5546627715229988,-0.07334089279174805,0.100984,672.719970703125,,,,,,,44.1,4.009090909,44.1,4.009090909,,,,,,,,,,,,,,,,,,,"Max Muncy","29779",691777
"Tyrone Taylor","NYM",12,51,46,11,7,2,0,1,6,6,3,0,11,1,0,0,,1,0,0.232245,0.0551813,0.220634,0.250103,0.285609,0.380768,0.292288,0.666377,0.148522,5.54032,0.275215,0.0239742,0.0659676,5.02214,-1.01076,85.7368,0.0899418,0.448252,-0.7822433933615685,0.10720264911651611,0.0983396,999,,,,,,,44.7,3.725,44.7,3.725,,,,,,,,,,,,,,,,,,,"Tyrone Taylor","13675",621438
"Jacob Melton","TBR",9,38,34,8,5,2,0,1,4,4,3,0,11,0,0,0,,2,0,0.226715,0.0788116,0.289707,0.272039,0.290699,0.386808,0.297265,0.677507,0.160093,6.58461,0.295951,0.00219232,0.277981,3.9488,-0.609393,86.9098,0.280174,0.155705,-0.3081640601158142,-0.08565308153629303,0.0978833,727.5700073242188,,,,,,,38.8,4.311111111,38.8,4.311111111,,,,,,,,,,,,,,,,,,,"Jacob Melton","31661",689200
"Eli White","ATL",11,46,42,10,7,2,0,1,5,5,3,0,12,1,0,0,,2,0,0.235234,0.072116,0.261982,0.275271,0.298123,0.380315,0.299116,0.678438,0.145081,6.30897,0.297319,-0.00636752,0.17807,4.85815,-0.669432,86.585,0.171702,0.39162,-0.5799029171466827,0.019397467374801636,0.0959714,999,,,,,,,45,4.09090909,45,4.09090909,,,,,,,,,,,,,,,,,,,"Eli White","19346",642201
"Elias Díaz","TEX",9,37,33,7,5,1,0,1,3,4,2,0,8,0,0,0,,0,0,0.223451,0.0637362,0.231632,0.275161,0.277678,0.348898,0.27732,0.626575,0.125446,2.44327,0.270212,-0.00690919,-0.0377415,3.18289,-1.17318,75.469,-0.0446507,0.0221346,-1.0983059369027615,0.7350975926965475,0.094873,999,,,,,,,24.5,2.722222222,24.5,2.722222222,,,,,,,,,,,,,,,,,,,"Elias Diaz","11680",553869
"Dane Myers","CIN",15,64,57,14,9,2,0,2,7,6,5,0,16,1,0,0,,2,0,0.237123,0.0773637,0.257145,0.300856,0.304885,0.373556,0.300838,0.67844,0.136433,4.84123,0.298935,-0.00746329,0.13168,6.76897,-0.831453,83.3771,0.124217,-0.185377,-1.156368613243103,0.0007337778806686401,0.0930056,999,,,,,,,67.8,4.52,67.8,4.52,,,,,,,,,,,,,,,,,,,"Dane Myers","22054",667472
"Alex Jackson","MIN",5,18,16,4,2,1,0,1,2,2,1,0,6,0,0,0,,0,0,0.224465,0.0616276,0.309598,0.199057,0.282866,0.402379,0.299014,0.685245,0.177914,3.6923,0.293873,-0.000710937,-0.0130102,1.88376,-0.261272,88.2412,-0.0137211,0.151932,-0.26242576725780964,0.5030121952295303,0.0891641,999,,,,,,,21.7,4.34,21.7,4.34,,,,,,,,,,,,,,,,,,,"Alex Jackson","17276",656577
"Spencer Jones","NYY",6,26,23,5,3,1,0,1,3,3,2,0,9,0,0,0,,1,0,0.237829,0.0851531,0.360615,0.236133,0.306741,0.441564,0.324273,0.748306,0.203735,5.91188,0.340516,-0.000390219,0.0503114,3.21589,0.153034,107.57,0.0499212,0,0.27852602303028107,-0.3157407343387604,0.0887855,999,,,,,,,25.2,4.2,25.2,4.2,,,,,,,,,,,,,,,,,,,"Spencer Jones","31532",682987
"Bryan Torres","STL",18,78,69,17,13,3,0,1,8,6,8,0,14,0,1,0,,3,1,0.249099,0.10745,0.183056,0.586981,0.330946,0.343386,0.304219,0.674333,0.0942878,4.72146,0.298528,-0.003618,0.0993966,8.5218,-0.805995,92.6002,0.0957786,0,-0.6038462072610855,-1.0856481790542603,0.0866969,999,,,,,,,71.2,3.955555555,71.2,3.955555555,,,,,,,,,,,,,,,,,,,"Bryan Torres","21464",663494
"Angel Martínez","CLE",33,143,131,31,20,7,1,3,16,15,9,0,30,2,1,1,,3,1,0.23652,0.0599218,0.211274,0.283622,0.289307,0.37351,0.29153,0.662817,0.13699,5.10094,0.280777,0.0478058,-0.0183931,14.1413,-2.95191,85.0451,0.0294127,-0.302756,-2.491149753332138,-1.7572317719459534,0.0865858,748.5800170898438,,,,,,,132.7,4.021212121,132.7,4.021212121,,,,,,,,,,,,,,,,,,,"Angel Martinez","26540",682657
"Harry Ford","WSN",5,21,17,4,3,1,0,0,2,2,2,0,5,0,0,0,,0,0,0.218839,0.120971,0.24115,0.501643,0.325699,0.333004,0.300586,0.658702,0.114165,3.41321,0.279141,0,-0.00769323,2.17907,-0.272391,88.0569,-0.00769323,0.0782198,-0.30445415107533336,0.4794543609023094,0.0854286,725.52001953125,,,,,,,14.3,2.86,14.3,2.86,,,,,,,,,,,,,,,,,,,"Harry Ford","29958",695670
"Edwin Arroyo","CIN",37,159,147,35,24,6,1,3,18,15,8,0,36,2,1,1,,2,1,0.23824,0.0517563,0.226342,0.228664,0.285377,0.367389,0.287008,0.652766,0.129149,5.53086,0.291057,-0.000795324,0.0109028,15.1354,-3.86566,74.0984,0.0101075,0,-4.978383105248213,0.6100308299064636,0.0828157,999,,,,,,,131.3,3.548648648,131.3,3.548648648,,,,,,,,,,,,,,,,,,,"Edwin Arroyo","29957",695490
"Moisés Ballesteros","CHC",15,65,59,15,10,3,0,2,7,7,6,0,13,0,0,0,,0,0,0.255507,0.0845682,0.192882,0.438445,0.320219,0.401346,0.317107,0.721565,0.145839,2.2987,0.294766,-0.00865402,-0.0769715,7.77859,0.00962294,100.895,-0.0856255,0.104245,-0.015129417181015015,-1.291125863790512,0.0824188,594.3599853515625,,,,,,,70.5,4.7,70.5,4.7,,,,,,,,,,,,,,,,,,,"Moises Ballesteros","28820",694208
"Ronny Mauricio","NYM",5,20,18,4,3,1,0,1,2,2,1,0,5,0,0,0,,1,0,0.241338,0.0515635,0.252786,0.203981,0.283657,0.400621,0.297583,0.684279,0.159284,5.171,0.292941,-0.000124658,0.0215404,2.03754,-0.308585,89.2896,0.0214157,0.274307,-0.23327984102070332,0.40470826625823975,0.0821574,999,,,,,,,21.6,4.32,21.6,4.32,,,,,,,,,,,,,,,,,,,"Ronny Mauricio","23698",677595
"Myles Straw","TOR",12,51,46,11,8,2,0,0,5,4,4,0,9,0,0,0,,2,0,0.23422,0.081608,0.171583,0.475617,0.298112,0.312205,0.275334,0.610317,0.0779846,5.55988,0.278755,0.0147119,0.18899,4.39319,-1.73253,73.288,0.203702,0.564797,-1.4097367376089096,0.38146400451660156,0.0810442,999,,,,,,,37.2,3.1,37.2,3.1,,,,,,,,,,,,,,,,,,,"Myles Straw","17620",664702
"Daniel Susac","SFG",28,110,101,23,16,4,0,2,11,11,6,0,29,1,1,1,,1,0,0.229696,0.0519556,0.267041,0.19456,0.278405,0.352061,0.278494,0.630466,0.122365,4.18088,0.296112,-0.00315512,-0.0548792,9.65293,-3.41526,75.5843,-0.0580344,-1.61677,-3.2921053804457188,0.522121787071228,0.0806781,999,,,,,,,81.1,2.896428571,81.1,2.896428571,,,,,,,,,,,,,,,,,,,"Daniel Susac","31441",691740
"Tim Tawa","ARI",26,111,100,23,14,5,1,3,13,12,9,0,27,1,1,1,,2,1,0.22966,0.0809812,0.239816,0.33768,0.295534,0.389658,0.30103,0.685192,0.159998,4.92429,0.276858,-0.00053625,-0.0488234,11.8378,-1.43463,87.3612,-0.0493597,0.032453,-1.7496343813836575,-1.0777321495115757,0.0805116,748.489990234375,,,,,,,108.2,4.161538461,108.2,4.161538461,,,,,,,,,,,,,,,,,,,"Tim Tawa","29571",694374
"Tommy Troy","ARI",16,71,64,15,10,3,0,1,8,7,6,0,17,1,0,0,,1,0,0.231782,0.0830793,0.243744,0.340847,0.301348,0.359156,0.293771,0.660504,0.127373,5.46354,0.293913,-0.0005,0.0545382,7.16834,-1.33959,82.4913,0.0540382,0,-1.4558404423296452,-0.07129629701375961,0.0804795,999,,,,,,,61,3.8125,61,3.8125,,,,,,,,,,,,,,,,,,,"Tommy Troy","33279",694371
"Javier Báez","DET",9,40,37,9,6,2,0,1,4,4,2,0,10,1,0,0,,1,0,0.232637,0.0472254,0.241305,0.195708,0.277329,0.362192,0.281184,0.639521,0.129555,4.94957,0.286442,0.0129846,0.0462771,3.60647,-1.15797,76.4584,0.0592617,0.00293975,-1.0466917417943478,0.3899767913389951,0.077511,740.6500244140625,,,,,,,39.5,4.388888888,39.5,4.388888888,,,,,,,,,,,,,,,,,,,"Javier Baez","12979",595879
"Carlos Cortes","ATH",31,134,120,29,18,6,0,4,15,16,12,0,27,1,1,1,,1,0,0.239242,0.0858284,0.201755,0.42541,0.307646,0.396562,0.309622,0.704209,0.15732,2.7353,0.274198,-0.0141415,-0.132994,15.2006,-0.794335,93.4722,-0.147136,0.0910681,-1.1766650527715683,-2.8524505347013474,0.0755873,999,,,,,,,138.3,4.461290322,138.3,4.461290322,,,,,,,,,,,,,,,,,,,"Carlos Cortes","21842",666126
"Brian Navarreto","MIA",8,31,28,6,4,1,0,1,3,3,2,0,8,0,0,0,,0,0,0.217656,0.0550984,0.244497,0.225354,0.266907,0.332721,0.265578,0.599628,0.115065,3.78351,0.272421,-0.00012,-0.0182527,2.39322,-1.28398,63.2234,-0.0183727,0.485101,-1.3891068305820227,1.086953341960907,0.0710012,999,,,,,,,23.9,2.9875,23.9,2.9875,,,,,,,,,,,,,,,,,,,"Brian Navarreto","16398",640459
"Justin Foscue","TEX",14,60,53,12,7,3,0,2,6,7,5,0,13,1,0,0,,1,0,0.223922,0.0883774,0.209271,0.422312,0.302931,0.377999,0.301835,0.68093,0.154077,2.93755,0.257228,-0.000710769,-0.0521954,6.41332,-0.733352,92.3759,-0.0529062,0.345994,-0.5901653990149498,-0.8456723093986511,0.0706501,999,,,,,,,61.6,4.4,61.6,4.4,,,,,,,,,,,,,,,,,,,"Justin Foscue","27501",679822
"Kevin Alcántara","CHC",6,26,23,6,4,1,0,1,3,3,2,0,8,0,0,0,,0,0,0.238566,0.0783027,0.304445,0.257198,0.299854,0.405459,0.308073,0.705312,0.166893,4.46393,0.317751,0.000092093,-0.011325,2.87848,-0.18438,94.8339,-0.0112329,0.214004,-0.17161415703594685,0.020485788583755493,0.0693142,999,,,,,,,28.9,4.816666666,28.9,4.816666666,,,,,,,,,,,,,,,,,,,"Kevin Alcantara","25971",682634
"Alex Call","LAD",8,37,31,7,5,1,0,1,4,4,4,0,7,1,0,0,,1,0,0.227667,0.112855,0.188894,0.597448,0.32526,0.353285,0.306027,0.678545,0.125618,3.87517,0.264973,-0.00433767,-0.0247621,4.03418,-0.322916,92.1914,-0.0290998,-0.0303632,-0.37395379692316055,-0.14070273004472256,0.0682778,999,,,,,,,37.4,4.675,37.4,4.675,,,,,,,,,,,,,,,,,,,"Alex Call","19296",669743
"Reese McGuire","CHW",5,21,19,4,3,1,0,0,2,2,1,0,5,0,0,0,,0,0,0.229091,0.0705394,0.222563,0.316942,0.289315,0.34237,0.281455,0.631685,0.113278,3.33547,0.278906,-0.0103714,-0.00721457,1.88878,-0.600396,75.683,-0.017586,0.164429,-0.6227663848549128,0.5718359053134918,0.0668346,999,,,,,,,9.3,1.86,9.3,1.86,,,,,,,,,,,,,,,,,,,"Reese McGuire","15674",624512
"Thomas Saggese","STL",7,32,29,7,5,1,0,1,3,3,2,0,8,0,0,0,,0,0,0.241089,0.0618114,0.249058,0.248181,0.294466,0.373947,0.294594,0.668413,0.132858,4.14165,0.303327,0.00155758,-0.0228588,3.22311,-0.577101,86.1427,-0.0213012,0.0389064,-0.555066017434001,0.17331992834806442,0.0663448,999,,,,,,,28.5,4.071428571,28.5,4.071428571,,,,,,,,,,,,,,,,,,,"Thomas Saggese","27883",695336
"Jett Williams","MIL",6,26,22,5,3,1,0,1,3,2,3,0,7,0,0,0,,1,0,0.217009,0.105859,0.267619,0.395558,0.30856,0.359658,0.298811,0.668217,0.142648,6.7704,0.281949,-0.000334125,0.0680847,2.68557,-0.377283,87.5934,0.0677506,-0.0221037,-0.317412868142128,0.1103037279099226,0.0636491,999,,,,,,,29.2,4.866666666,29.2,4.866666666,,,,,,,,,,,,,,,,,,,"Jett Williams","sa3020134",702518
"Zach Cole","HOU",7,30,27,6,3,1,0,1,4,3,2,0,12,1,0,0,,1,0,0.213042,0.0782694,0.390008,0.200686,0.286951,0.392047,0.298098,0.678998,0.179005,7.16695,0.328801,-0.00147164,0.0450945,3.1653,-0.464753,88.9586,0.0436229,0.0200717,-0.35158396512269974,-0.10832340642809868,0.0631491,743.5999755859375,,,,,,,29.8,4.257142857,29.8,4.257142857,,,,,,,,,,,,,,,,,,,"Zach Cole","31583",805904
"Yohendrick Piñango","TOR",9,40,36,9,6,2,0,1,5,4,3,0,9,0,0,0,,0,0,0.244057,0.0782548,0.220498,0.3549,0.3048,0.386101,0.303982,0.6909,0.142044,3.63789,0.294523,0,-0.0347253,4.34509,-0.419352,93.0452,-0.0347253,0,-0.36145205050706863,-0.46851852536201477,0.0599779,999,,,,,,,38.6,4.288888888,38.6,4.288888888,,,,,,,,,,,,,,,,,,,"Yohendrick Pinango","26664",682818
"Tsung-Che Cheng","BOS",9,38,34,8,5,2,0,1,4,3,3,0,9,0,0,0,,1,0,0.221503,0.0907602,0.243039,0.373439,0.294559,0.329795,0.280274,0.624354,0.108291,5.69439,0.286063,-0.000068,-0.00691993,3.42212,-1.13607,71.8392,-0.00698793,0.155669,-1.2726775435730815,0.5019656866788864,0.0597423,999,,,,,,,36.9,4.1,36.9,4.1,,,,,,,,,,,,,,,,,,,"Tsung-Che Cheng","28344",691907
"Jace Jung","DET",4,17,15,3,2,1,0,1,2,2,2,0,5,0,0,0,,0,0,0.227043,0.113917,0.263087,0.433002,0.317342,0.392567,0.314057,0.709909,0.165524,2.94028,0.283305,0.000212617,-0.0212443,2.00208,-0.0398258,99.1292,-0.0210317,0.0153677,-0.038564031943678856,0.015367742627859116,0.0593536,999,,,,,,,20.1,5.025,20.1,5.025,,,,,,,,,,,,,,,,,,,"Jace Jung","31437",690291
"Zac Veen","COL",7,30,28,7,4,1,0,1,4,3,2,0,8,0,0,0,,1,0,0.250591,0.075734,0.247865,0.305545,0.310221,0.409633,0.31486,0.719854,0.159042,6.61951,0.314674,-0.00068812,0.066121,3.57906,-0.0509889,84.1024,0.0654329,0.43503,-0.5195036232471466,0.10910388827323914,0.0587447,743.6599731445312,,,,,,,31.4,4.485714285,31.4,4.485714285,,,,,,,,,,,,,,,,,,,"Zac Veen","27770",691728
"Kameron Misner","KCR",3,14,12,3,2,1,0,0,2,2,1,0,4,0,0,0,,1,0,0.226801,0.102344,0.290401,0.352421,0.309775,0.385342,0.307602,0.695118,0.158542,6.39997,0.303907,-0.00103295,0.0414513,1.56956,-0.106249,91.8791,0.0404184,0.0953716,-0.09377016499638557,0.1455259695649147,0.0558761,999,,,,,,,12.6,4.2,12.6,4.2,,,,,,,,,,,,,,,,,,,"Kameron Misner","26374",670224
"Walker Jenkins","MIN",3,14,12,3,2,1,0,0,2,1,1,0,3,0,0,0,,0,0,0.247746,0.0928378,0.217059,0.427708,0.324239,0.390111,0.315923,0.71435,0.142365,5.34252,0.301291,-0.00026,0.00471829,1.66439,-0.0114207,99.903,0.00445829,0.0381681,0.0028560456121340394,0.04819898679852486,0.0558051,999,,,,,,,10.7,3.566666666,10.7,3.566666666,,,,,,,,,,,,,,,,,,,"Walker Jenkins","sa3022894",805805
"Rob Refsnyder","SEA",9,39,35,8,5,2,0,1,4,4,4,0,10,1,0,0,,0,0,0.226651,0.0945574,0.260346,0.363199,0.30985,0.370532,0.302811,0.680382,0.14388,3.52278,0.285965,-0.0121333,-0.0196927,4.24191,-0.450349,98.2347,-0.031826,0.07179,-0.11350307986140251,-0.7507409006357193,0.0543282,999,,,,,,,40,4.444444444,40,4.444444444,,,,,,,,,,,,,,,,,,,"Rob Refsnyder","13770",608701
"Max Schuemann","NYY",5,23,20,4,3,1,0,0,2,2,2,0,5,1,0,0,,1,0,0.210855,0.106503,0.233243,0.45662,0.312342,0.312637,0.286842,0.62498,0.101782,5.29795,0.267459,-0.000644886,0.0659016,2.16559,-0.556948,81.7555,0.0652567,0.00527014,-0.4245167076587677,0.14786273846402764,0.0542713,999,,,,,,,16.2,3.24,16.2,3.24,,,,,,,,,,,,,,,,,,,"Max Schuemann","24488",680474
"Wade Meckler","LAA",21,90,79,19,14,3,0,1,9,7,9,0,20,0,1,0,,1,0,0.240893,0.101365,0.224239,0.452039,0.318535,0.331955,0.293883,0.65049,0.0910622,3.88557,0.306073,0,-0.0182445,9.04462,-1.68054,84.2779,-0.0182445,-0.229079,-1.6809007301926613,-0.9914245009422302,0.0536529,999,,,,,,,74.4,3.542857142,74.4,3.542857142,,,,,,,,,,,,,,,,,,,"Wade Meckler","31490",685133
"Tyler Locklear","ARI",15,63,56,13,9,3,0,2,7,7,5,0,16,1,0,0,,1,0,0.240305,0.0777039,0.258056,0.301112,0.314579,0.391056,0.311897,0.705635,0.150751,4.55817,0.304788,-0.00237434,-0.0066322,7.23099,-0.255994,94.652,-0.00900654,0.0189725,-0.41485149785876274,-1.101397866383195,0.0533786,999,,,,,,,64.2,4.28,64.2,4.28,,,,,,,,,,,,,,,,,,,"Tyler Locklear","31396",682988
"Tyler Austin","CHC",8,34,31,8,5,2,0,1,4,4,3,0,8,0,0,0,,0,0,0.247788,0.08,0.224,0.357143,0.312,0.433628,0.321894,0.745628,0.185841,3.26135,0.283951,-0.0500748,0.0147695,4.22178,0.137969,104.106,-0.0353054,0,0.1346621885895729,-0.7333333492279053,0.0522265,999,,,,,,,38,4.75,38,4.75,,,,,,,,,,,,,,,,,,,"Tyler Austin","11850",592122
"Nate Eaton","BOS",16,71,65,15,10,3,0,2,8,7,4,0,18,1,0,1,,3,1,0.233649,0.058517,0.256796,0.227874,0.28658,0.362457,0.286412,0.649037,0.128808,5.99369,0.298904,-0.000116571,0.220093,6.66902,-1.74611,76.0724,0.219976,0.35632,-1.7654267400503159,-0.23133474588394165,0.0522153,999,,,,,,,64.4,4.025,64.4,4.025,,,,,,,,,,,,,,,,,,,"Nate Eaton","25055",681987
"Weston Wilson","SEA",6,28,25,5,3,1,0,1,3,3,3,0,8,0,0,0,,1,0,0.212847,0.0905216,0.297293,0.304486,0.287737,0.372086,0.291603,0.659823,0.159239,4.90062,0.273616,-0.00163913,0.0433897,2.77448,-0.577134,90.5048,0.0417506,-0.0735724,-0.27204613015055656,-0.2140045166015625,0.0520897,999,,,,,,,26.2,4.366666666,26.2,4.366666666,,,,,,,,,,,,,,,,,,,"Weston Wilson","19358",642215
"Christian Encarnacion-Strand","BAL",2,8,8,2,1,0,0,0,1,1,0,0,2,0,0,0,,0,0,0.249075,0.0427214,0.286924,0.148894,0.288404,0.455327,0.319267,0.743731,0.206252,3.95086,0.308204,0.00024375,-0.00720638,1.02149,0.0160081,104.437,-0.00696263,0.196193,0.03702501207590103,0.16610050573945045,0.0509389,999,,,,,,,3.2,1.6,3.2,1.6,,,,,,,,,,,,,,,,,,,"Christian Encarnacion-Strand","30011",687952
"Eduardo Valencia","DET",8,33,30,7,5,1,0,1,3,4,2,0,8,0,0,0,,0,0,0.235808,0.0650983,0.236072,0.275756,0.29315,0.399593,0.303163,0.692743,0.163784,1.79234,0.275347,-0.000296075,-0.0354033,3.59587,-0.371258,91.6163,-0.0356994,0,-0.3636437691748142,-0.32592591643333435,0.0500934,999,,,,,,,27.5,3.4375,27.5,3.4375,,,,,,,,,,,,,,,,,,,"Eduardo Valencia","24574",680664
"Rece Hinds","MIA",6,28,26,6,3,1,0,1,3,3,2,0,9,0,0,0,,1,0,0.231293,0.0576737,0.325764,0.177041,0.282068,0.41467,0.301985,0.696737,0.183377,6.32322,0.313204,0.000339552,0.0253204,3.0111,-0.340513,87.6488,0.02566,0.183425,-0.3939305767416954,-0.03725402057170868,0.0489496,999,,,,,,,27.8,4.633333333,27.8,4.633333333,,,,,,,,,,,,,,,,,,,"Rece Hinds","27493",677956
"Tyler Tolbert","KCR",23,98,89,20,15,4,1,1,11,8,6,0,24,1,1,1,,8,1,0.224721,0.0647961,0.241276,0.268555,0.28289,0.32153,0.270375,0.60442,0.096809,7.79109,0.29046,-0.0135032,1.08115,8.01726,-3.71338,66.2052,1.06765,0.110166,-2.841306209564209,-0.18072879314422607,0.0486461,999,,,,,,,83.1,3.613043478,83.1,3.613043478,,,,,,,,,,,,,,,,,,,"Tyler Tolbert","25779",686475
"Jonatan Clase","TOR",13,54,49,11,7,2,0,1,6,6,5,0,15,0,0,0,,3,1,0.221933,0.0865484,0.27938,0.309788,0.292488,0.362777,0.290522,0.655265,0.140844,6.75106,0.291668,0.00117281,0.309243,5.30509,-1.16094,83.7628,0.310416,-0.300398,-0.7248179316520691,-0.7587315738201141,0.0452547,999,,,,,,,45.7,3.515384615,45.7,3.515384615,,,,,,,,,,,,,,,,,,,"Jonatan Clase","26599",682729
"Jhonny Pereda","SEA",3,10,9,2,2,0,0,0,1,1,1,0,2,0,0,0,,0,0,0.22745,0.0895441,0.223593,0.400478,0.299684,0.316726,0.278784,0.61641,0.0892753,2.51671,0.285555,-0.000367059,-0.00972243,0.90782,-0.317912,81.6643,-0.0100895,0.111409,-0.23169532977044582,0.31202590465545654,0.0451677,999,,,,,,,5.2,1.733333333,5.2,1.733333333,,,,,,,,,,,,,,,,,,,"Jhonny Pereda","19802",640902
"Agustín Ramírez","MIA",7,30,27,7,4,2,0,1,3,4,2,0,7,0,0,0,,1,0,0.244955,0.0738774,0.217074,0.340333,0.306216,0.415329,0.314703,0.721545,0.170374,5.03479,0.285354,-0.0126433,0.0677313,3.54618,-0.0544044,96.1815,0.055088,-0.0415785,-0.08426784723997116,-0.45284389704465866,0.0451078,86.8499984741211,,,,,,,35.3,5.042857142,35.3,5.042857142,,,,,,,,,,,,,,,,,,,"Agustin Ramirez","26546",682663
"Donovan Walton","ATH",7,29,25,6,4,1,0,1,3,3,2,0,5,0,0,0,,0,0,0.224782,0.0809374,0.187685,0.43124,0.295826,0.331405,0.281959,0.627231,0.106623,2.56828,0.260834,-0.000172174,-0.0343262,2.59398,-0.809195,74.3941,-0.0344984,0.198895,-0.8937344886362553,0.32111748307943344,0.0448875,999,,,,,,,26.9,3.842857142,26.9,3.842857142,,,,,,,,,,,,,,,,,,,"Donovan Walton","19314",622268
"Marcell Ozuna","PIT",32,140,123,29,19,5,0,5,15,17,15,0,35,1,1,0,,0,0,0.235668,0.105858,0.249572,0.424159,0.319694,0.401912,0.318072,0.721606,0.166244,1.84249,0.284979,-0.113549,-0.165539,16.8887,0.130656,97.9046,-0.279088,0,-0.6350075304508209,-3.5108025074005127,0.043376,377.510009765625,,,,,,,148.9,4.653125,148.9,4.653125,,,,,,,,,,,,,,,,,,,"Marcell Ozuna","10324",542303
"Nick Sogard","BOS",5,21,18,4,3,1,0,0,2,2,2,0,4,0,0,0,,0,0,0.232642,0.108039,0.207163,0.521515,0.319665,0.326285,0.293406,0.64595,0.0936433,4.19101,0.289865,-0.00193926,-0.00964668,2.06186,-0.392548,80.8959,-0.0115859,0.152762,-0.47392879240214825,0.1632554940879345,0.0427264,999,,,,,,,13.3,2.66,13.3,2.66,,,,,,,,,,,,,,,,,,,"Nick Sogard","25483",686765
"Ben Malgeri","DET",11,48,43,10,6,2,0,1,6,5,4,0,13,1,0,0,,1,0,0.224389,0.0783736,0.277423,0.282506,0.296955,0.358843,0.291864,0.655798,0.134454,5.04592,0.296866,-0.000105849,-0.0271624,4.79943,-0.985967,83.8234,-0.0272682,0,-0.9500703234225512,-0.3564814627170563,0.0425995,999,,,,,,,45.1,4.1,45.1,4.1,,,,,,,,,,,,,,,,,,,"Ben Malgeri","29577",701162
"Connor Norby","MIA",24,104,93,22,14,5,0,3,11,11,8,0,28,1,1,0,,2,1,0.234428,0.0785137,0.268147,0.292801,0.302368,0.379627,0.301354,0.681995,0.145199,3.94338,0.300049,-0.0350095,-0.0335053,11.0878,-1.31313,87.2253,-0.0685148,-0.602357,-1.6742317825555801,-1.2944869995117188,0.0421351,728.1400146484375,,,,,,,100.9,4.204166666,100.9,4.204166666,,,,,,,,,,,,,,,,,,,"Connor Norby","29592",681393
"Luis Rengifo","SDP",7,29,26,6,5,1,0,1,3,3,2,0,5,0,0,0,,1,0,0.246473,0.0716908,0.165046,0.434367,0.305295,0.364075,0.296555,0.669369,0.117601,4.81259,0.278887,0.0145687,-0.0103704,2.93177,-0.471406,89.0331,0.00419828,-0.252967,-0.3740993468090892,-0.15111508965492249,0.0408584,644.9299926757812,,,,,,,27.8,3.971428571,27.8,3.971428571,,,,,,,,,,,,,,,,,,,"Luis Rengifo","19858",650859
"Ivan Johnson","CIN",7,32,28,6,4,1,0,1,4,3,3,0,9,0,0,0,,1,0,0.227575,0.0866205,0.295337,0.293293,0.302622,0.388605,0.304917,0.691227,0.16103,5.2777,0.301369,-0.0000784043,0.0312447,3.48989,-0.310323,86.1135,0.0311663,0,-0.5037231463938951,-0.13441357016563416,0.0403986,999,,,,,,,28.8,4.114285714,28.8,4.114285714,,,,,,,,,,,,,,,,,,,"Ivan Johnson","27593",671155
"Triston Casas","BOS",4,18,15,4,2,1,0,1,2,2,2,0,4,0,0,0,,0,0,0.23908,0.126984,0.253968,0.5,0.339286,0.427586,0.335687,0.766872,0.188506,1.77158,0.290657,-0.00636094,-0.0166562,2.37219,0.268407,110.055,-0.0230171,-0.0188687,0.18556562066078186,-0.4176340773701668,0.040086,746.0599975585938,,,,,,,25.7,6.425,25.7,6.425,,,,,,,,,,,,,,,,,,,"Triston Casas","22514",671213
"Bo Naylor","CLE",2,8,7,1,1,0,0,0,1,1,1,0,2,0,0,0,,0,0,0.21876,0.104902,0.250865,0.418162,0.30467,0.380931,0.303679,0.685601,0.162171,4.15005,0.266422,-0.000798899,-0.00100116,0.836493,-0.0828065,93.4241,-0.00180006,0.0295847,-0.061407766421325505,0.1800476461648941,0.0397849,574.2899780273438,,,,,,,1.6,0.8,1.6,0.8,,,,,,,,,,,,,,,,,,,"Bo Naylor","21865",666310
"John Rave","KCR",6,25,22,5,3,1,0,1,3,3,2,0,6,0,0,0,,1,0,0.23784,0.0938475,0.236457,0.39689,0.311102,0.388761,0.308657,0.699863,0.150921,6.3605,0.293383,-0.00134704,0.0346467,2.84684,-0.169613,92.6066,0.0332997,0.108996,-0.1866038329899311,-0.3223309814929962,0.0396462,999,,,,,,,26.2,4.366666666,26.2,4.366666666,,,,,,,,,,,,,,,,,,,"John Rave","26284",670231
"Josh Rojas","KCR",7,31,28,6,4,1,0,1,3,3,3,0,6,0,0,0,,1,0,0.232362,0.0824888,0.202904,0.406541,0.296757,0.343463,0.285592,0.64022,0.111101,4.33122,0.279945,-0.00502924,0.0177017,2.90122,-0.785552,76.6999,0.0126725,-0.00856399,-0.834346410818398,0.12183725368231535,0.0393003,999,,,,,,,28.8,4.114285714,28.8,4.114285714,,,,,,,,,,,,,,,,,,,"Josh Rojas","19734",668942
"Enrique Hernández","LAD",16,67,61,14,9,3,0,2,7,7,5,0,15,0,0,0,,0,0,0.222546,0.0775422,0.218123,0.355498,0.286714,0.362424,0.287271,0.649138,0.139878,2.9054,0.261367,0.0134365,-0.0597891,6.4218,-1.62207,79.6085,-0.0463526,-0.193079,-1.7089215330779552,-0.11283202469348907,0.0378455,999,,,,,,,59.9,3.74375,59.9,3.74375,,,,,,,,,,,,,,,,,,,"Enrique Hernandez","10472",571771
"Cooper Ingle","CLE",9,39,34,8,5,2,0,1,4,4,5,0,9,0,0,0,,0,0,0.225113,0.126773,0.230924,0.548984,0.32594,0.352624,0.30598,0.678564,0.127511,1.94744,0.280473,-0.0000764706,-0.0492649,4.31642,-0.347105,95.0108,-0.0493414,0,-0.27876146882772446,-0.7422839403152466,0.0375921,999,,,,,,,41,4.555555555,41,4.555555555,,,,,,,,,,,,,,,,,,,"Cooper Ingle","33708",694876
"Blake Dunn","CIN",9,41,36,8,6,1,0,1,4,4,3,0,11,1,0,0,,2,0,0.231186,0.0802628,0.259081,0.309798,0.312743,0.340392,0.294906,0.653135,0.109206,5.63373,0.30352,-0.000067971,0.149867,4.11241,-0.724222,79.3971,0.149799,0.097002,-0.8602348268032074,-0.08910912275314331,0.0375351,999,,,,,,,36.9,4.1,36.9,4.1,,,,,,,,,,,,,,,,,,,"Blake Dunn","29487",694362
"Randal Grichuk","CHW",10,43,40,10,6,2,0,2,5,5,3,0,9,0,0,0,,0,0,0.2432,0.0588459,0.215134,0.273531,0.29289,0.414436,0.307395,0.707326,0.171236,3.00313,0.277778,0.00308102,-0.050712,4.84626,-0.335847,94.528,-0.0476309,-0.0814537,-0.327232014387846,-0.8775956630706787,0.0346639,999,,,,,,,49.6,4.96,49.6,4.96,,,,,,,,,,,,,,,,,,,"Randal Grichuk","10243",545341
"Thairo Estrada",,5,20,19,4,3,1,0,0,2,2,1,0,4,0,0,0,,0,0,0.240326,0.0417457,0.201139,0.207547,0.28463,0.366599,0.286754,0.651229,0.126273,4.47589,0.279255,0.000319846,-0.0263742,1.89347,-0.488757,79.287,-0.0260543,0.108392,-0.5193900819867849,0.17968860268592834,0.0345184,999,,,,,,,9.3,1.86,9.3,1.86,,,,,,,,,,,,,,,,,,,"Thairo Estrada","16426",642731
"Shay Whitcomb","HOU",4,17,15,3,2,1,0,1,2,2,1,0,5,0,0,0,,1,0,0.221229,0.0631346,0.308657,0.204546,0.276924,0.393862,0.293161,0.670786,0.172633,4.37361,0.282827,-0.000361739,0.0414252,1.66005,-0.319979,85.5537,0.0410634,-0.0222916,-0.2409813292324543,-0.022291630506515503,0.0331887,999,,,,,,,19,4.75,19,4.75,,,,,,,,,,,,,,,,,,,"Shay Whitcomb","27789",694376
"Luke Maile","KCR",2,8,7,2,1,0,0,0,1,1,1,0,2,0,0,0,,0,0,0.221302,0.0927247,0.24965,0.371419,0.303666,0.335242,0.288306,0.638908,0.11394,2.81442,0.282654,-0.0002925,-0.00526001,0.740389,-0.178911,78.5718,-0.00555251,0.097508,-0.1997897755354643,0.24797094613313675,0.0326547,999,,,,,,,7.2,3.6,7.2,3.6,,,,,,,,,,,,,,,,,,,"Luke Maile","13355",571912
"Rodolfo Durán","SDP",3,13,12,3,2,1,0,0,1,1,1,0,3,0,0,0,,0,0,0.22171,0.0549222,0.251212,0.218629,0.270286,0.368325,0.27997,0.638612,0.146615,3.38448,0.269619,-0.00033,-0.0100341,1.16478,-0.390956,77.9063,-0.0103641,0,-0.35875686071813107,0.25462964177131653,0.0324381,999,,,,,,,10.7,3.566666666,10.7,3.566666666,,,,,,,,,,,,,,,,,,,"Rodolfo Duran","20958",660710
"Ryan Ritter","COL",4,19,17,4,3,1,0,0,2,2,1,0,5,0,0,0,,0,0,0.238657,0.0771515,0.264049,0.292187,0.313051,0.385395,0.30951,0.698446,0.146738,5.25746,0.308977,0.000750983,-0.000345983,2.19355,-0.116482,80.5134,0.000404999,0.0536597,-0.4558618510782253,0.1425485499203205,0.0321055,999,,,,,,,11.3,2.825,11.3,2.825,,,,,,,,,,,,,,,,,,,"Ryan Ritter","31500",690022
"Trei Cruz","DET",6,26,22,5,3,1,0,0,3,2,3,0,7,0,0,0,,0,0,0.213792,0.11348,0.270324,0.419792,0.303948,0.331575,0.287082,0.635523,0.117783,4.5744,0.285858,-0.00063,-0.0296837,2.44128,-0.621573,80.5258,-0.0303137,0,-0.6184460427612066,0.01018518302589655,0.0309969,999,,,,,,,17.9,2.983333333,17.9,2.983333333,,,,,,,,,,,,,,,,,,,"Trei Cruz","27569",669360
"Andrés Chaparro","WSN",8,37,33,8,5,2,0,1,4,4,3,0,8,0,0,0,,0,0,0.23866,0.0817576,0.232568,0.351542,0.306705,0.41192,0.31431,0.718625,0.17326,2.71544,0.280239,-0.00718736,-0.0388879,4.27961,-0.077482,97.2648,-0.0460753,0.0335378,-0.1668701395392418,-0.7187769785523415,0.0307344,999,,,,,,,36,4.5,36,4.5,,,,,,,,,,,,,,,,,,,"Andres Chaparro","21797",665953
"Kristian Campbell","BOS",3,12,10,2,2,0,0,0,1,1,1,0,3,0,0,0,,0,0,0.233423,0.10391,0.273458,0.379986,0.326466,0.354453,0.306948,0.680919,0.121031,3.79314,0.316078,0.000323,-0.0126877,1.30736,-0.095161,90.2349,-0.0123647,0.0741174,-0.14740820787847042,0.03214208781719208,0.0307158,746.1400146484375,,,,,,,4.2,1.4,4.2,1.4,,,,,,,,,,,,,,,,,,,"Kristian Campbell","33644",692225
"Grant McCray","SFG",5,23,20,5,3,1,0,1,3,2,2,0,7,0,0,0,,1,0,0.22038,0.0825413,0.308639,0.267436,0.288932,0.358852,0.287102,0.647784,0.138472,6.85533,0.30587,-0.000199245,0.0680812,2.1704,-0.552137,81.3597,0.0678819,0.0784046,-0.4465070515871048,-0.003076910972595215,0.0297102,999,,,,,,,28.2,5.64,28.2,5.64,,,,,,,,,,,,,,,,,,,"Grant McCray","25690",687529
"Charles McAdoo","TOR",2,9,8,2,1,0,0,0,1,1,1,0,2,0,0,0,,0,0,0.23701,0.0791913,0.263378,0.300675,0.302658,0.39299,0.305834,0.695648,0.15598,5.26915,0.298025,0,0.0100762,0.94395,-0.0770027,94.3225,0.0100762,0,-0.04707825183868408,0.03055555373430252,0.0291785,999,,,,,,,6.2,3.1,6.2,3.1,,,,,,,,,,,,,,,,,,,"Charles McAdoo","33323",807727
"Adrian Del Castillo","ARI",11,48,43,10,6,2,0,1,5,5,4,0,13,0,0,0,,0,0,0.227342,0.0835267,0.267406,0.312359,0.295962,0.381907,0.298604,0.677869,0.154565,3.22271,0.288848,-0.0065175,-0.0500367,4.96244,-0.706275,85.7333,-0.0565542,0.33701,-0.8762873820960522,-0.38613802194595337,0.0288374,999,,,,,,,40.2,3.654545454,40.2,3.654545454,,,,,,,,,,,,,,,,,,,"Adrian Del Castillo","29554",680728
"Anthony Santander","TOR",3,14,13,3,2,1,0,1,2,2,1,0,3,0,0,0,,0,0,0.227036,0.0939908,0.229584,0.409396,0.306626,0.436742,0.323003,0.743367,0.209705,1.83012,0.249377,-0.00454286,-0.0120071,1.77191,0.0703251,106.163,-0.0165499,-0.000827143,0.08685565926134586,-0.3165678771911189,0.0281712,748.4199829101562,,,,,,,19.1,6.366666666,19.1,6.366666666,,,,,,,,,,,,,,,,,,,"Anthony Santander","14551",623993
"Brian Serven","ATH",2,8,7,1,1,0,0,0,1,1,1,0,2,0,0,0,,0,0,0.214499,0.079377,0.282516,0.280964,0.286442,0.33193,0.277343,0.618372,0.11743,2.74757,0.287376,-0.000231429,-0.00797499,0.68219,-0.251253,71.2105,-0.00820642,0.118578,-0.27318473905324936,0.271356038749218,0.0280211,999,,,,,,,1.6,0.8,1.6,0.8,,,,,,,,,,,,,,,,,,,"Brian Serven","19422",661531
"Sterlin Thompson","COL",4,19,17,4,3,1,0,0,3,2,2,0,4,0,0,0,,0,0,0.261498,0.0786137,0.232429,0.338227,0.334061,0.421217,0.331659,0.755278,0.159719,5.95073,0.324673,-0.000206769,-0.00491219,2.54148,0.231447,95.373,-0.00511896,0,-0.11345635913312435,-0.2469135820865631,0.0273435,999,,,,,,,14.3,3.575,14.3,3.575,,,,,,,,,,,,,,,,,,,"Sterlin Thompson","31443",694514
"Kyler Fedko","MIN",6,25,22,5,3,1,0,1,3,3,2,0,6,0,0,0,,1,0,0.217221,0.0948497,0.256543,0.369723,0.296941,0.362099,0.293524,0.65904,0.144878,4.3883,0.26953,0,0.0195832,2.53643,-0.48002,84.4553,0.0195832,0,-0.44276380725204945,-0.1905864179134369,0.0270556,999,,,,,,,26.2,4.366666666,26.2,4.366666666,,,,,,,,,,,,,,,,,,,"Kyler Fedko","29930",693459
"Charlie Condon","COL",10,41,36,9,5,2,0,1,5,4,4,0,12,1,0,0,,0,0,0.243113,0.0869254,0.280692,0.309683,0.325241,0.419548,0.327249,0.744788,0.176435,5.38527,0.317481,0,-0.0326272,5.29759,0.347519,92.4145,-0.0326272,0.246896,-0.41321809962391853,-0.6716223806142807,0.0269568,999,,,,,,,44.6,4.46,44.6,4.46,,,,,,,,,,,,,,,,,,,"Charlie Condon","sa3025257",809707
"Eric Wagaman","NYM",9,39,36,8,5,2,0,1,4,4,3,0,9,0,0,0,,0,0,0.231981,0.0760127,0.227199,0.334564,0.292598,0.372293,0.293068,0.664892,0.140313,4.2574,0.279406,-0.0057019,-0.0222501,3.93103,-0.761229,86.2607,-0.027952,0.406984,-0.6814014315605164,-0.3353000581264496,0.0267305,748.2100219726562,,,,,,,33,3.666666666,33,3.666666666,,,,,,,,,,,,,,,,,,,"Eric Wagaman","23395",676572
"Blake Perkins","MIL",4,17,15,3,2,1,0,0,2,2,2,0,5,0,0,0,,1,0,0.215224,0.103704,0.263001,0.394309,0.300638,0.329368,0.28451,0.630007,0.114144,5.27874,0.282281,0.00229565,0.0330374,1.5918,-0.450102,77.9986,0.0353331,0.0640323,-0.4200225919485092,0.1251433677971363,0.0265642,999,,,,,,,12.6,3.15,12.6,3.15,,,,,,,,,,,,,,,,,,,"Blake Perkins","19921",663368
"Brewer Hicklen","ATL",3,12,10,2,1,0,0,0,1,1,1,0,4,0,0,0,,1,0,0.22424,0.0753172,0.315422,0.238782,0.29641,0.396437,0.304489,0.692847,0.172198,6.85823,0.299212,-0.000151698,0.0764368,1.26503,-0.116863,90.1901,0.0762851,0.0241905,-0.061120882630348206,-0.058525510132312775,0.0260654,999,,,,,,,6.1,2.033333333,6.1,2.033333333,,,,,,,,,,,,,,,,,,,"Brewer Hicklen","20450",676551
"Jhostynxon Garcia","PIT",4,17,15,4,2,1,0,0,2,2,1,0,5,0,0,0,,0,0,0.234236,0.0626423,0.272914,0.229532,0.290188,0.385729,0.296352,0.675917,0.151493,4.88665,0.30034,0,-0.00809541,1.72963,-0.281333,83.3331,-0.00809541,0.189678,-0.34781786892563105,0.04924584925174713,0.0253359,999,,,,,,,13.3,3.325,13.3,3.325,,,,,,,,,,,,,,,,,,,"Jhostynxon Garcia","28142",691373
"Jordan Beck","COL",12,50,45,11,7,2,0,1,6,6,4,0,14,0,0,0,,1,0,0.245305,0.0763357,0.272812,0.27981,0.304939,0.407589,0.311702,0.712528,0.162284,5.9971,0.316612,0.00724114,0.0583561,5.72908,-0.211002,81.9837,0.0655972,0.165578,-1.0191374719142914,-0.3677549362182617,0.0237379,232.9199981689453,,,,,,,45.7,3.808333333,45.7,3.808333333,,,,,,,,,,,,,,,,,,,"Jordan Beck","31431",687597
"Petey Halpin","CLE",5,20,18,4,3,1,0,0,2,2,1,0,5,0,0,0,,0,0,0.22031,0.0661433,0.263923,0.250616,0.273773,0.335944,0.270269,0.609717,0.115634,5.44153,0.286842,0,0.00507912,1.60177,-0.744361,70.3825,0.00507912,0.179927,-0.680077170021832,0.21001951023936272,0.0233251,999,,,,,,,10.3,2.06,10.3,2.06,,,,,,,,,,,,,,,,,,,"Petey Halpin","27931",690984
"Christian Cairo","PHI",5,20,17,4,3,1,0,0,2,1,2,0,5,0,0,0,,1,0,0.20746,0.110551,0.236742,0.46697,0.307141,0.279707,0.27276,0.586848,0.0722473,5.53487,0.274778,-0.0000402655,0.0416255,1.64152,-0.704611,67.7755,0.0415852,0.20058,-0.7247214652597904,0.31091971695423126,0.0229334,999,,,,,,,16.2,3.24,16.2,3.24,,,,,,,,,,,,,,,,,,,"Christian Cairo","sa3010028",686551
"Buddy Kennedy","SEA",2,8,7,2,1,0,0,0,1,1,1,0,2,0,0,0,,0,0,0.222146,0.093393,0.217007,0.430369,0.305711,0.337496,0.289776,0.643207,0.11535,3.64781,0.270815,-0.0000330508,-0.0067563,0.819852,-0.185632,89.2448,-0.00678935,0.0076165,-0.11342025408521295,0.03770908992737532,0.0227213,999,,,,,,,7.2,3.6,7.2,3.6,,,,,,,,,,,,,,,,,,,"Buddy Kennedy","22505",671083
"Oswaldo Cabrera","NYY",3,11,10,2,2,0,0,0,1,1,1,0,3,0,0,0,,0,0,0.229723,0.0728926,0.226381,0.321991,0.288233,0.354767,0.284926,0.643,0.125044,3.95702,0.278145,-0.000921905,-0.00157655,1.06506,-0.296213,80.4339,-0.00249846,0.120686,-0.2651239153929055,0.07994557172060013,0.0223944,999,,,,,,,4.2,1.4,4.2,1.4,,,,,,,,,,,,,,,,,,,"Oswaldo Cabrera","21707",665828
"Héctor Rodríguez","CIN",3,12,11,3,2,0,0,0,1,1,1,0,2,0,0,0,,0,0,0.249711,0.0462375,0.213354,0.216718,0.286176,0.419087,0.304863,0.705263,0.169375,5.04167,0.286895,-0.0000359732,-0.0068391,1.26854,-0.113353,86.0772,-0.00687507,0.164689,-0.20188895100727677,0.04061482846736908,0.0218527,999,,,,,,,8.8,2.933333333,8.8,2.933333333,,,,,,,,,,,,,,,,,,,"Hector Rodriguez","sa3015828",699302
"Victor Mesa Jr.","TBR",27,115,105,25,16,5,1,3,13,12,8,0,27,0,1,1,,2,1,0.236503,0.0684775,0.237193,0.2887,0.29015,0.376888,0.292866,0.667038,0.140385,4.70953,0.289976,0.000772427,-0.136913,11.4373,-2.23725,83.8759,-0.13614,-0.539141,-2.310229942202568,-1.5570418238639832,0.0218507,999,,,,,,,108.4,4.014814814,108.4,4.014814814,,,,,,,,,,,,,,,,,,,"Victor Mesa Jr.","25999",683748
"David Fry","CLE",16,70,62,14,9,3,0,2,7,8,6,0,19,1,0,0,,0,0,0.220321,0.0897059,0.265364,0.338049,0.300864,0.365992,0.296739,0.666856,0.145671,3.36491,0.279046,-0.0161364,-0.0465564,7.17928,-1.14229,88.6379,-0.0626928,0,-0.9949886128306389,-1.2739198207855225,0.0218477,999,,,,,,,64.9,4.05625,64.9,4.05625,,,,,,,,,,,,,,,,,,,"David Fry","24934",681807
"Seaver King","WSN",3,11,10,2,2,0,0,0,1,1,1,0,3,0,0,0,,0,0,0.23741,0.0513994,0.233026,0.220574,0.284171,0.353123,0.28133,0.637294,0.115713,5.9459,0.296187,0,0.00780607,1.01614,-0.324508,75.1386,0.00780607,0.114617,-0.33002867083996534,0.17480245232582092,0.0213253,999,,,,,,,4.2,1.4,4.2,1.4,,,,,,,,,,,,,,,,,,,"Seaver King","sa3025414",814409
"Christian Franklin","WSN",3,11,10,2,2,0,0,0,1,1,1,0,3,0,0,0,,0,0,0.22451,0.109502,0.252293,0.43403,0.320107,0.3336,0.296883,0.653707,0.109091,5.09537,0.295076,-0.000310448,-0.0006679,1.15793,-0.182716,85.5731,-0.000978348,0.159773,-0.19702142209280282,0.03940244019031525,0.0210831,999,,,,,,,4.2,1.4,4.2,1.4,,,,,,,,,,,,,,,,,,,"Christian Franklin","sa3017510",681047
"Joey Wiemer","WSN",7,31,27,6,4,1,0,1,3,3,3,0,9,0,0,0,,1,0,0.214116,0.0884601,0.289037,0.306051,0.29148,0.35055,0.28674,0.64203,0.136434,4.36014,0.282598,-0.00284106,0.0214933,2.93001,-0.756761,78.7682,0.0186523,0.186553,-0.7747576013207436,-0.024095192551612854,0.0210009,999,,,,,,,29.8,4.257142857,29.8,4.257142857,,,,,,,,,,,,,,,,,,,"Joey Wiemer","27690",686894
"Bryan De La Cruz","PHI",12,51,46,11,7,2,0,2,5,6,3,0,13,0,0,0,,0,0,0.241832,0.0666548,0.257806,0.258546,0.294033,0.399344,0.303061,0.693377,0.157512,2.56357,0.29677,-0.0073125,-0.0423968,5.46414,-0.568766,88.1043,-0.0497093,-0.124975,-0.777120191603899,-0.6666416376829147,0.0205467,999,,,,,,,49.2,4.1,49.2,4.1,,,,,,,,,,,,,,,,,,,"Bryan De La Cruz","19600",650559
"Yohandy Morales","WSN",3,14,13,3,2,1,0,0,2,1,1,0,4,0,0,0,,0,0,0.246091,0.0674444,0.273767,0.246357,0.302172,0.396565,0.306256,0.698737,0.150475,3.44883,0.318019,-0.000117754,-0.0149765,1.55422,-0.121581,91.8615,-0.0150943,0.124501,-0.15333411376923323,-0.10620900243520737,0.0200271,999,,,,,,,9.7,3.233333333,9.7,3.233333333,,,,,,,,,,,,,,,,,,,"Yohandy Morales","sa3022672",691002
"Eliezer Alfonzo","LAD",3,13,12,3,2,1,0,0,1,1,1,0,2,0,0,0,,0,0,0.233528,0.0566436,0.150504,0.376359,0.279059,0.337329,0.273103,0.616388,0.103801,2.08209,0.25891,-0.0000377907,-0.0132012,1.07558,-0.456586,70.1029,-0.013239,0,-0.477538931183517,0.2507716119289398,0.019376,999,,,,,,,10.7,3.566666666,10.7,3.566666666,,,,,,,,,,,,,,,,,,,"Eliezer Alfonzo","22741",672613
"Christian Koss","SFG",5,20,18,4,3,1,0,0,2,2,1,0,5,0,0,0,,0,0,0.232159,0.0461796,0.231523,0.19946,0.276668,0.348029,0.275742,0.624697,0.11587,4.91959,0.286981,0.000972632,0.0128689,1.71507,-0.667148,73.7382,0.0138415,0.0481002,-0.6202778043225408,0.16013723984360695,0.0192411,999,,,,,,,10.3,2.06,10.3,2.06,,,,,,,,,,,,,,,,,,,"Christian Koss","27653",683766
"Abimelec Ortiz","WSN",14,59,53,12,7,2,0,2,7,7,4,0,15,1,0,0,,0,0,0.230596,0.0751444,0.252903,0.297127,0.295879,0.415833,0.310177,0.711712,0.185237,2.79689,0.272687,-0.001014,-0.0658678,6.7154,-0.322985,94.4919,-0.0668818,0,-0.4598340466618538,-1.2739198207855225,0.0189755,999,,,,,,,53.8,3.842857142,53.8,3.842857142,,,,,,,,,,,,,,,,,,,"Abimelec Ortiz","29539",694673
"Mark Canha",,7,31,27,6,4,1,0,1,3,3,3,0,7,1,0,0,,0,0,0.237057,0.0896226,0.207547,0.431818,0.32783,0.365123,0.310395,0.692953,0.128065,3.57577,0.281022,-0.00825282,0.0136672,3.57726,-0.166231,95.3664,0.00541441,-0.22022,-0.16801176825538278,-0.7192940711975098,0.0184708,999,,,,,,,30.9,4.414285714,30.9,4.414285714,,,,,,,,,,,,,,,,,,,"Mark Canha","11445",592192
"Tanner Murray","CHW",4,17,16,4,3,1,0,0,2,2,1,0,4,0,0,0,,0,0,0.237676,0.0495442,0.238059,0.208117,0.281795,0.369497,0.28588,0.651292,0.131821,3.69177,0.293858,-0.00044979,-0.0157767,1.63524,-0.437606,79.6902,-0.0162265,-0.034042,-0.4313338864594698,-0.013363011181354523,0.0176336,999,,,,,,,12.3,3.075,12.3,3.075,,,,,,,,,,,,,,,,,,,"Tanner Murray","28848",695020
"Billy Cook","PIT",5,20,18,4,3,1,0,0,2,2,1,0,6,0,0,0,,1,0,0.223603,0.0677749,0.279931,0.242113,0.284656,0.3564,0.283972,0.641056,0.132796,5.81619,0.293511,-0.0012529,0.0584485,1.82039,-0.525735,75.0274,0.0571956,0.119327,-0.5366596728563309,0.06917240098118782,0.0175005,999,,,,,,,12.2,2.44,12.2,2.44,,,,,,,,,,,,,,,,,,,"Billy Cook","29573",695257
"Will Benson","CIN",2,9,8,2,1,0,0,0,1,1,1,0,3,0,0,0,,0,0,0.225078,0.107898,0.300185,0.359439,0.314669,0.410117,0.318563,0.724786,0.185038,5.7637,0.2944,-0.00453255,0.00660905,1.04797,0.0115447,95.2689,0.0020765,-0.0107,-0.047624207101762295,-0.06239752098917961,0.017496,999,,,,,,,6.2,3.1,6.2,3.1,,,,,,,,,,,,,,,,,,,"Will Benson","21853",666181
"Troy Johnston","COL",38,166,150,38,26,8,1,3,18,17,11,0,33,3,1,1,,4,1,0.253786,0.0690513,0.201202,0.343193,0.316138,0.385045,0.310046,0.701183,0.13126,4.99216,0.302509,-0.0307677,0.148389,18.874,-0.926265,80.8729,0.117621,0.813861,-3.7210850417613983,-1.51700359582901,0.0168781,748.4099731445312,,,,,,,166.7,4.386842105,166.7,4.386842105,,,,,,,,,,,,,,,,,,,"Troy Johnston","26143",687859
"Braden Shewmake","MIL",5,23,21,5,3,1,0,0,2,2,1,0,5,0,0,0,,1,0,0.220108,0.0526119,0.205673,0.255804,0.266642,0.339529,0.267578,0.606171,0.11942,5.26382,0.25908,-0.000150857,0.0479347,1.80894,-0.913598,66.6394,0.0477838,0.173915,-0.8728192672133446,0.2961369976401329,0.0168482,999,,,,,,,14.8,2.96,14.8,2.96,,,,,,,,,,,,,,,,,,,"Braden Shewmake","25817",669699
"José Barrero","BAL",1,6,5,1,1,0,0,0,1,1,0,0,2,0,0,0,,0,0,0.214394,0.0659632,0.301074,0.219093,0.280035,0.366484,0.28582,0.64652,0.15209,5.07304,0.281084,-0.000012381,0.00669931,0.528533,-0.141789,81.37,0.00668692,0.0396061,-0.11644896306097507,0.07972954958677292,0.0165395,999,,,,,,,0.6,0.6,0.6,0.6,,,,,,,,,,,,,,,,,,,"Jose Barrero","23378",676480
"George Lombard Jr.","NYY",1,6,5,1,1,0,0,0,1,1,1,0,2,0,0,0,,0,0,0.210137,0.109923,0.271281,0.405201,0.307501,0.329206,0.289138,0.636708,0.119069,5.27492,0.280958,0,0.00642417,0.552024,-0.128611,83.3388,0.00642417,0.0218263,-0.10539363231509924,0.06256704404950142,0.0162331,999,,,,,,,3.6,3.6,3.6,3.6,,,,,,,,,,,,,,,,,,,"George Lombard Jr.","sa3023233",806146
"Darell Hernaiz","ATH",2,9,8,2,1,0,0,0,1,1,1,0,1,0,0,0,,0,0,0.246581,0.075159,0.166397,0.451686,0.306504,0.341688,0.289716,0.648191,0.0951071,4.33003,0.287064,-0.000656292,0.00262658,0.832045,-0.188908,79.7434,0.00197029,0.00587736,-0.20195001270622015,0.05680328235030174,0.016162,999,,,,,,,6.2,3.1,6.2,3.1,,,,,,,,,,,,,,,,,,,"Darell Hernaiz","26224",687231
"Patrick Wisdom","SEA",1,3,3,1,0,0,0,0,0,0,0,0,1,0,0,0,,0,0,0.219165,0.0877803,0.333904,0.262891,0.295289,0.453934,0.322979,0.749223,0.23477,4.25462,0.274299,-0.000194444,-0.000389122,0.348958,0.0137967,112.143,-0.000583566,0,0.03954681451432407,0.010030863806605339,0.0151448,999,,,,,,,2.6,2.6,2.6,2.6,,,,,,,,,,,,,,,,,,,"Patrick Wisdom","13602",621550
"Leo Rivas","SEA",1,6,5,1,1,0,0,0,1,0,1,0,1,0,0,0,,0,0,0.203031,0.14,0.257916,0.542812,0.32321,0.285345,0.284858,0.608554,0.082314,5.11764,0.274355,-0.000230921,0.0164275,0.524148,-0.146174,85.8528,0.0161965,-0.0154411,-0.07731028087437153,0.024682330898940563,0.0149296,999,,,,,,,3.6,3.6,3.6,3.6,,,,,,,,,,,,,,,,,,,"Leo Rivas","21009",660844
"Otto Kemp","PHI",3,11,10,2,1,0,0,0,1,1,1,0,3,0,0,0,,0,0,0.226041,0.0640972,0.27275,0.235003,0.304434,0.377429,0.302935,0.681863,0.151387,5.40122,0.29053,-0.001456,-0.00600903,1.2131,-0.127543,88.0197,-0.00746503,-0.00854039,-0.17026218166574836,-0.0486638518050313,0.014879,999,,,,,,,4.2,1.4,4.2,1.4,,,,,,,,,,,,,,,,,,,"Otto Kemp","31792",805249
"Max Anderson","DET",1,6,5,1,1,0,0,0,1,1,0,0,1,0,0,0,,0,0,0.250977,0.0450898,0.19392,0.232518,0.28816,0.396383,0.298052,0.684544,0.145406,3.1781,0.286275,-0.00002,-0.005315,0.593281,-0.0873542,88.0912,-0.005335,0.00206326,-0.08525800798088312,0.022433631354942918,0.0142093,999,,,,,,,0.6,0.6,0.6,0.6,,,,,,,,,,,,,,,,,,,"Max Anderson","sa3022567",801194
"Garrett Stubbs","PHI",2,8,7,2,1,0,0,0,1,1,1,0,2,0,0,0,,0,0,0.220906,0.0829483,0.239868,0.345809,0.296039,0.329077,0.281568,0.625116,0.108171,4.36828,0.279283,-0.000533929,0.00512705,0.698269,-0.22103,73.6848,0.00459312,-0.0242906,-0.24061139160767198,0.12617239356040955,0.0138137,999,,,,,,,7.2,3.6,7.2,3.6,,,,,,,,,,,,,,,,,,,"Garrett Stubbs","18067",596117
"CJ Kayfus","CLE",2,8,7,2,1,0,0,0,1,1,1,0,2,0,0,0,,0,0,0.228594,0.08774,0.273213,0.321142,0.308031,0.379702,0.304689,0.687733,0.151107,5.01166,0.296785,0.0011215,-0.00301013,0.921821,-0.0836627,94.1207,-0.00188863,0.0022458,-0.060177667532116175,-0.10809370712377131,0.0133544,999,,,,,,,7.2,3.6,7.2,3.6,,,,,,,,,,,,,,,,,,,"CJ Kayfus","33704",692216
"Juan Brito","CLE",2,8,7,2,1,0,0,0,1,1,1,0,2,0,0,0,,0,0,0.21595,0.102651,0.212995,0.481938,0.301785,0.329874,0.285366,0.631659,0.113924,2.9886,0.263126,-0.000141118,-0.0122038,0.789695,-0.215788,80.794,-0.012345,0,-0.20275980699807405,0.030092593282461166,0.0129096,999,,,,,,,7.2,3.6,7.2,3.6,,,,,,,,,,,,,,,,,,,"Juan Brito","26693",682877
"Jorge Barrosa","ARI",7,31,28,6,4,1,0,0,3,3,3,0,7,0,0,0,,1,0,0.221384,0.0815988,0.225842,0.36131,0.289689,0.330634,0.277849,0.620323,0.10925,4.57484,0.277135,-0.000777857,-0.0205977,2.74876,-0.994736,71.8094,-0.0213755,0.246348,-1.0910371504724026,0.19542209804058075,0.0127756,999,,,,,,,19.4,2.771428571,19.4,2.771428571,,,,,,,,,,,,,,,,,,,"Jorge Barrosa","23968",678489
"Junior Perez","CHW",7,29,26,5,3,1,0,1,3,3,3,0,10,0,0,0,,1,0,0.206298,0.0873837,0.348769,0.250549,0.277059,0.360539,0.281811,0.637598,0.154241,6.32471,0.29839,-0.000184828,0.0683089,2.6298,-0.824936,76.884,0.0681241,0,-0.7193146347999573,-0.18611110746860504,0.0127661,999,,,,,,,25.2,3.6,25.2,3.6,,,,,,,,,,,,,,,,,,,"Junior Perez","23989",678577
"Chad Stevens","COL",2,8,8,2,1,0,0,0,1,1,1,0,2,0,0,0,,0,0,0.241426,0.069017,0.295739,0.233371,0.301837,0.390337,0.304277,0.692174,0.148911,6.05974,0.329219,-0.0000151181,0.000462516,0.904865,-0.0851498,77.0027,0.000447398,0.0537118,-0.23032445632270537,0.08334141410887241,0.0124737,999,,,,,,,6.2,3.1,6.2,3.1,,,,,,,,,,,,,,,,,,,"Chad Stevens","29614",677060
"Pedro Ramírez","CHC",14,60,55,13,9,2,0,1,7,6,4,0,12,1,0,0,,2,1,0.244762,0.0631179,0.205897,0.306551,0.297204,0.372125,0.294754,0.669329,0.127362,5.90933,0.291544,0,0.0759255,6.06915,-1.07752,85.898,0.0759255,0,-0.9455971792340279,-0.8861111402511597,0.012054,999,,,,,,,49,3.5,49,3.5,,,,,,,,,,,,,,,,,,,"Pedro Ramirez","29218",699393
"Brandon Lockridge","MIL",3,14,13,3,2,1,0,0,2,1,1,0,4,0,0,0,,1,0,0.231832,0.0826025,0.261352,0.316058,0.300157,0.329587,0.282964,0.629743,0.0977542,6.31347,0.30968,-0.000481752,0.0877317,1.30862,-0.392971,76.9615,0.08725,-0.00704595,-0.3100990951061249,-0.03760151006281376,0.0118179,999,,,,,,,11.6,3.866666666,11.6,3.866666666,,,,,,,,,,,,,,,,,,,"Brandon Lockridge","21496",663604
"Gustavo Campero","LAA",1,3,2,1,0,0,0,0,0,0,0,0,1,0,0,0,,0,0,0.23586,0.0648269,0.205084,0.316099,0.307001,0.374893,0.302631,0.681894,0.139033,5.94049,0.276637,-0.00000637255,0.00617148,0.276646,-0.0297867,90.3109,0.00616511,-0.00282518,-0.023110648151487112,0.047329140128567815,0.0117105,999,,,,,,,3.6,3.6,3.6,3.6,,,,,,,,,,,,,,,,,,,"Gustavo Campero","22707",672569
"Victor Bericoto","SFG",13,57,53,13,9,2,0,2,6,6,3,0,15,0,0,0,,0,0,0.24395,0.0566178,0.256206,0.220985,0.286943,0.38722,0.294471,0.674163,0.14327,3.40824,0.30442,-0.000403053,-0.0651763,5.76706,-1.03929,86.3033,-0.0655793,0,-1.0104995220899582,-0.7333333492279053,0.0115459,999,,,,,,,53.4,4.107692307,53.4,4.107692307,,,,,,,,,,,,,,,,,,,"Victor Bericoto","26468",682674
"Yohel Pozo","STL",1,3,3,1,0,0,0,0,0,0,0,0,0,0,0,0,,0,0,0.252824,0.0271507,0.15057,0.18032,0.274132,0.385847,0.286362,0.659979,0.133024,2.34359,0.274612,-0.000989048,-0.00202385,0.250215,-0.0656466,80.6205,-0.0030129,0.041195,-0.06505754054524004,0.09289249405264854,0.0115422,999,,,,,,,2.6,2.6,2.6,2.6,,,,,,,,,,,,,,,,,,,"Yohel Pozo","18848",650968
"Alika Williams","ATH",7,29,26,6,4,1,0,0,3,3,2,0,6,0,0,0,,0,0,0.2373,0.0598188,0.212294,0.281774,0.289176,0.346818,0.282121,0.635994,0.109518,3.60831,0.289378,-0.00185455,-0.0358806,2.59772,-0.805455,74.5056,-0.0377352,-0.237157,-0.8932313248515129,-0.013082429766654968,0.0111181,999,,,,,,,16.5,2.357142857,16.5,2.357142857,,,,,,,,,,,,,,,,,,,"Alika Williams","27604",675961
"Ryan Ward","LAD",2,8,8,2,1,0,0,0,1,1,1,0,2,0,0,0,,0,0,0.225366,0.0777765,0.262799,0.295954,0.287389,0.428618,0.310258,0.716008,0.203253,4.10192,0.260157,-0.000189583,-0.00386564,0.959894,-0.0455893,95.03,-0.00405523,0,-0.05470715928822756,-0.11033950746059418,0.011073,999,,,,,,,6.2,3.1,6.2,3.1,,,,,,,,,,,,,,,,,,,"Ryan Ward","27449",669899
"Tatem Levins","TBR",1,3,2,0,0,0,0,0,0,0,0,0,1,0,0,0,,0,0,0.20731,0.092556,0.286721,0.322809,0.287798,0.332962,0.279054,0.62076,0.125651,2.7285,0.274604,0,-0.00264628,0.238018,-0.0825577,74.3506,-0.00264628,0.0407238,-0.08372319536283612,0.09319298341870308,0.0106453,999,,,,,,,-2,-2,-2,-2,,,,,,,,,,,,,,,,,,,"Tatem Levins","sa3020278",694420
"Joshua Báez","STL",1,3,3,1,0,0,0,0,0,0,0,0,1,0,0,0,,0,0,0.232248,0.0652221,0.302964,0.21528,0.294893,0.414551,0.309301,0.709444,0.182303,6.52186,0.302686,0,0.0137117,0.327563,-0.0179113,96.01,0.0137117,0.0411722,-0.00025998707860708237,0.01015370711684227,0.0105446,999,,,,,,,2.6,2.6,2.6,2.6,,,,,,,,,,,,,,,,,,,"Joshua Baez","sa3017022",695491
"Michael Helman","TEX",3,14,13,3,2,1,0,0,1,1,1,0,4,0,0,0,,0,0,0.208116,0.0610623,0.24908,0.245152,0.264063,0.342315,0.268227,0.606378,0.1342,4.96594,0.253196,-0.00066,0.03328,1.1381,-0.563491,69.1978,0.03262,0.0483097,-0.48418258130550385,0.07886521704494953,0.0104003,999,,,,,,,9.7,3.233333333,9.7,3.233333333,,,,,,,,,,,,,,,,,,,"Michael Helman","24605",680737
"Gage Workman","DET",1,3,3,1,0,0,0,0,0,0,0,0,1,0,0,0,,0,0,0.222026,0.0715613,0.344153,0.207934,0.279509,0.387976,0.291596,0.667485,0.16595,7.32585,0.318256,-0.0000166387,0.00531221,0.281701,-0.0586167,83.6391,0.00529557,0.0374145,-0.04960549436509609,0.04759969096630812,0.0100805,999,,,,,,,2.6,2.6,2.6,2.6,,,,,,,,,,,,,,,,,,,"Gage Workman","27573",669398
"Kyle Farmer","ATL",4,17,15,4,2,1,0,0,2,2,1,0,4,0,0,0,,0,0,0.226967,0.0627841,0.22343,0.281001,0.290042,0.341161,0.281923,0.631202,0.114194,3.1995,0.277116,-0.00151179,-0.036861,1.5569,-0.486333,75.0504,-0.0383728,0.05457,-0.5550802536308765,0.09592797607183456,0.0099768,999,,,,,,,13.3,3.325,13.3,3.325,,,,,,,,,,,,,,,,,,,"Kyle Farmer","14813",571657
"Jose Fernandez","ARI",9,37,35,8,6,2,0,1,4,4,2,0,9,0,0,0,,1,0,0.238846,0.0440794,0.249549,0.176636,0.27357,0.365069,0.279007,0.638639,0.126223,5.79011,0.302843,0,0.0104568,3.28335,-1.14077,72.5859,0.0104568,0.260054,-1.2188647873699665,0.10727618634700775,0.00972131,999,,,,,,,32.9,3.655555555,32.9,3.655555555,,,,,,,,,,,,,,,,,,,"Jose Fernandez","28020",699912
"MJ Melendez","NYM",4,17,15,3,2,1,0,1,2,2,2,0,5,0,0,0,,0,0,0.219134,0.0904007,0.28692,0.315073,0.294156,0.397088,0.30313,0.691244,0.177954,4.51821,0.277231,-0.001378,-0.0299101,1.82231,-0.188654,93.0107,-0.0312881,-0.0191958,-0.17375057190656662,-0.27999825961887836,0.00963236,999,,,,,,,20.1,5.025,20.1,5.025,,,,,,,,,,,,,,,,,,,"MJ Melendez","22197",669004
"Alek Thomas","LAD",3,11,10,2,2,1,0,0,1,1,1,0,2,0,0,0,,0,0,0.236359,0.0616671,0.222182,0.277552,0.288636,0.388113,0.296211,0.676749,0.151754,4.84954,0.279293,0.0131288,-0.00357663,1.1518,-0.188848,85.6059,0.0095522,-0.0446365,-0.1860456382855773,-0.08475998789072037,0.00962889,746.030029296875,,,,,,,7.1,2.366666666,7.1,2.366666666,,,,,,,,,,,,,,,,,,,"Alek Thomas","23792",677950
"Collin Price","HOU",1,3,2,0,0,0,0,0,0,0,0,0,1,0,0,0,,0,0,0.20886,0.0868987,0.316078,0.274928,0.286591,0.368461,0.290468,0.655051,0.1596,3.63272,0.278971,0,-0.00115463,0.247435,-0.0542835,83.6966,-0.00115463,0,-0.04965767380781472,0.04938271641731262,0.00908933,999,,,,,,,-2,-2,-2,-2,,,,,,,,,,,,,,,,,,,"Collin Price","31415",805672
"Mikey Romero","BOS",2,9,8,2,1,0,0,0,1,1,0,0,2,0,0,0,,0,0,0.236196,0.0466684,0.254329,0.183496,0.275189,0.389353,0.28893,0.664542,0.153157,4.2601,0.29489,0,-0.00826125,0.851638,-0.200252,77.8089,-0.00826125,-0.0224673,-0.23842531628906727,0.009014135226607323,0.00856948,999,,,,,,,3.2,1.6,3.2,1.6,,,,,,,,,,,,,,,,,,,"Mikey Romero","sa3020216",702540
"Nick Yorke","PIT",2,8,8,2,1,0,0,0,1,1,1,0,2,0,0,0,,0,0,0.239953,0.0717728,0.232533,0.308656,0.299571,0.34945,0.288926,0.649021,0.109496,4.65049,0.302497,0.000132407,-0.00536373,0.81404,-0.191443,78.3509,-0.00523132,0.00529628,-0.2258691182360053,0.03538887109607458,0.00849919,999,,,,,,,6.2,3.1,6.2,3.1,,,,,,,,,,,,,,,,,,,"Nick Yorke","27504",694377
"Mike Tauchman","NYM",3,14,12,3,2,1,0,0,2,1,2,0,3,0,0,0,,0,0,0.222657,0.116232,0.229889,0.505602,0.32051,0.336756,0.29816,0.657266,0.114099,3.26049,0.27782,-0.00415,-0.0139122,1.46196,-0.213842,89.6768,-0.0180622,0.0482697,-0.19341142289340496,-0.1824401468038559,0.00825693,999,,,,,,,13.7,4.566666666,13.7,4.566666666,,,,,,,,,,,,,,,,,,,"Mike Tauchman","15274",643565
"Nolan Jones","CHW",1,6,5,1,1,0,0,0,1,1,1,0,2,0,0,0,,0,0,0.231573,0.10484,0.279326,0.375333,0.318035,0.381229,0.310597,0.699264,0.149656,4.44557,0.304324,-0.000231729,0.000191219,0.661212,-0.029736,96.7361,-0.0000405108,-0.0409275,-0.02227709452927229,-0.10296450182795525,0.00820446,999,,,,,,,3.6,3.6,3.6,3.6,,,,,,,,,,,,,,,,,,,"Nolan Jones","20529",666134
"RJ Schreck","TOR",1,3,2,1,0,0,0,0,0,0,0,0,1,0,0,0,,0,0,0.213726,0.116667,0.226819,0.514364,0.320016,0.35873,0.305923,0.678746,0.145004,3.12963,0.255224,-0.0000227586,-0.00278731,0.314855,-0.0254622,94.3837,-0.00281007,0.0314667,-0.021656137192621827,0.0009111631661653519,0.00818416,999,,,,,,,3.6,3.6,3.6,3.6,,,,,,,,,,,,,,,,,,,"RJ Schreck","sa3022602",702302
"Oliver Dunn","TBR",1,6,5,1,1,0,0,0,1,1,1,0,2,0,0,0,,0,0,0.206469,0.0944768,0.329664,0.286585,0.289318,0.338066,0.281407,0.627384,0.131597,6.37634,0.298952,-0.0000215873,0.00935959,0.531886,-0.169375,75.9733,0.009338,0.00619784,-0.15679753199219704,0.0271854973398149,0.00807381,999,,,,,,,3.6,3.6,3.6,3.6,,,,,,,,,,,,,,,,,,,"Oliver Dunn","26295",686554
"Miles Mastrobuoni","SEA",2,8,7,2,1,0,0,0,1,1,1,0,2,0,0,0,,0,0,0.2176,0.0963901,0.223364,0.431538,0.292715,0.300544,0.269585,0.593259,0.0829445,5.04299,0.276558,-0.000521121,0.0208713,0.681797,-0.323687,75.32,0.0203501,0.012846,-0.22433542646467686,0.0028151124715805054,0.00796573,999,,,,,,,7.2,3.6,7.2,3.6,,,,,,,,,,,,,,,,,,,"Miles Mastrobuoni","20017",670156
"Jonah Cox","SFG",2,9,8,2,1,0,0,0,1,1,0,0,2,0,0,0,,1,0,0.228193,0.0575402,0.277116,0.20764,0.278725,0.333484,0.271535,0.612209,0.105291,8.62931,0.309801,0,0.0674141,0.705823,-0.31513,70.9156,0.0674141,0,-0.23356016725301743,0.03055555373430252,0.00765907,999,,,,,,,5.1,2.55,5.1,2.55,,,,,,,,,,,,,,,,,,,"Jonah Cox","33270",813841
"Nelson Rada","LAA",1,6,5,1,1,0,0,0,1,0,1,0,1,0,0,0,,0,0,0.221381,0.0937343,0.236968,0.395557,0.304907,0.288852,0.273154,0.59376,0.0674713,5.71237,0.291677,-0.000164458,0.0157328,0.470801,-0.199522,69.9823,0.0155684,0.0767722,-0.18283545784652233,0.0567104984074831,0.00749183,999,,,,,,,3.6,3.6,3.6,3.6,,,,,,,,,,,,,,,,,,,"Nelson Rada","sa3018421",703185
"Chadwick Tromp","BAL",1,3,2,0,0,0,0,0,0,0,0,0,1,0,0,0,,0,0,0.211036,0.0642557,0.253747,0.253228,0.262317,0.326085,0.26104,0.588402,0.115049,2.20169,0.26438,-0.0000342105,-0.00224961,0.189979,-0.116454,64.2805,-0.00228382,0.0416743,-0.11021067202091217,0.09182864427566528,0.00739939,999,,,,,,,-2,-2,-2,-2,,,,,,,,,,,,,,,,,,,"Chadwick Tromp","16953",644433
"Brett Harris","BOS",2,9,8,2,1,0,0,0,1,1,1,0,2,0,0,0,,0,0,0.229838,0.0830063,0.226809,0.365975,0.307369,0.348338,0.294288,0.655707,0.1185,3.79689,0.283437,-0.000819213,-0.008325,0.889963,-0.161928,81.5039,-0.00914422,0.0539171,-0.2009840002283454,-0.04052734375,0.00734497,999,,,,,,,6.2,3.1,6.2,3.1,,,,,,,,,,,,,,,,,,,"Brett Harris","29788",695391
"Raynel Delgado","HOU",4,19,18,4,3,1,0,0,2,2,1,0,5,0,0,0,,1,0,0.222038,0.0703938,0.236589,0.297536,0.28391,0.309443,0.26725,0.593353,0.0874053,5.6721,0.284652,-0.0000364228,0.0291533,1.52971,-0.780326,67.6845,0.0291169,0,-0.7069522850215435,0.08888888359069824,0.00725655,999,,,,,,,12.2,3.05,12.2,3.05,,,,,,,,,,,,,,,,,,,"Raynel Delgado","22272",669384
"Justin Turner",,11,48,42,10,7,2,0,1,5,5,5,0,9,1,1,0,,0,0,0.242667,0.0934579,0.189252,0.493827,0.32243,0.365333,0.306168,0.687763,0.122667,2.41844,0.281787,-0.00402769,-0.0684694,5.36219,-0.423205,92.4913,-0.0724971,-0.00746308,-0.5068213492631912,-1.0769074950367212,0.00704756,999,,,,,,,47.2,4.29090909,47.2,4.29090909,,,,,,,,,,,,,,,,,,,"Justin Turner","5235",457759
"Dustin Harris","SDP",3,14,13,3,2,1,0,0,2,1,1,0,3,0,0,0,,1,0,0.228551,0.0821247,0.234764,0.349818,0.299745,0.347312,0.28929,0.647056,0.11876,5.66686,0.28416,-0.000104762,0.048856,1.38182,-0.31977,84.1588,0.0487513,-0.0193994,-0.2244652435183525,-0.1721771787852049,0.00686514,999,,,,,,,11.6,3.866666666,11.6,3.866666666,,,,,,,,,,,,,,,,,,,"Dustin Harris","25705",687957
"Jared Oliva","NYM",1,3,3,1,0,0,0,0,0,0,0,0,1,0,0,0,,0,0,0.220929,0.062911,0.249635,0.252012,0.279802,0.341855,0.276157,0.621657,0.120926,7.49833,0.279254,-0.000356452,0.0266055,0.242244,-0.0929168,74.915,0.026249,0.0228697,-0.05896923318505287,0.032900597900152206,0.00662037,999,,,,,,,2.6,2.6,2.6,2.6,,,,,,,,,,,,,,,,,,,"Jared Oliva","19968",666931
"BJ Murray","CHC",1,6,5,1,1,0,0,0,1,1,1,0,1,0,0,0,,0,0,0.226832,0.104032,0.249665,0.416689,0.312211,0.369458,0.303598,0.681669,0.142626,4.53935,0.284203,-0.00001056,-0.00233519,0.618948,-0.0616867,91.8315,-0.00234575,0.0400083,-0.05869941250421107,-0.061843547970056534,0.00660311,999,,,,,,,3.6,3.6,3.6,3.6,,,,,,,,,,,,,,,,,,,"BJ Murray","sa3017287",681230
"Deyvison De Los Santos","MIA",12,51,47,12,8,2,0,2,5,6,2,0,13,0,0,0,,1,0,0.246612,0.0454108,0.248836,0.182493,0.284754,0.399194,0.297474,0.683948,0.152582,4.41588,0.301313,0,-0.00554245,5.23491,-0.797993,84.6223,-0.00554245,0.36511,-0.945874325465411,-0.6379763782024384,0.00637002,999,,,,,,,52.7,4.391666666,52.7,4.391666666,,,,,,,,,,,,,,,,,,,"Deyvison De Los Santos","27969",691277
"Willie MacIver","TOR",1,3,2,1,0,0,0,0,0,0,0,0,1,0,0,0,,0,0,0.222321,0.0723325,0.271924,0.266003,0.290052,0.348751,0.284598,0.638803,0.12643,4.90276,0.292269,-0.0000283871,0.000151193,0.242748,-0.0683997,79.6771,0.000122806,-0.0205536,-0.062227891641668975,0.030372362583875656,0.00617835,999,,,,,,,3.6,3.6,3.6,3.6,,,,,,,,,,,,,,,,,,,"Willie MacIver","24641",680862
"Hyeseong Kim","LAD",3,11,10,2,2,0,0,0,1,1,1,0,3,0,0,0,,0,0,0.222043,0.0638089,0.27574,0.23141,0.276803,0.325411,0.268497,0.602214,0.103368,5.86916,0.296416,-0.00065,0.0350058,0.899145,-0.4415,67.0131,0.0343558,0.0451556,-0.4138939566910267,0.10534074530005455,0.00580892,740.77001953125,,,,,,,4.2,1.4,4.2,1.4,,,,,,,,,,,,,,,,,,,"Hyeseong Kim","35322",808975
"Korey Lee","CHW",1,3,2,1,0,0,0,0,0,0,0,0,1,0,0,0,,0,0,0.223186,0.0562141,0.283346,0.198394,0.272553,0.362064,0.279013,0.634617,0.138878,4.39257,0.288924,0.000136372,0.000656143,0.234429,-0.0814331,74.9542,0.000792514,-0.0138672,-0.07721233024494722,0.03783034160733223,0.00555915,999,,,,,,,3.6,3.6,3.6,3.6,,,,,,,,,,,,,,,,,,,"Korey Lee","25543",686676
"Blake Hunt","SDP",1,3,2,0,0,0,0,0,0,0,0,0,1,0,0,0,,0,0,0.210589,0.0695807,0.273321,0.254575,0.275319,0.341291,0.274353,0.61661,0.130701,2.82688,0.270183,0,-0.00261462,0.22107,-0.0900774,74.1375,-0.00261462,0,-0.08417928754352033,0.05092592537403107,0.00522994,999,,,,,,,-2,-2,-2,-2,,,,,,,,,,,,,,,,,,,"Blake Hunt","23209",675448
"Johnathan Rodríguez","BAL",1,3,3,1,0,0,0,0,0,0,0,0,1,0,0,0,,0,0,0.251633,0.0844261,0.276435,0.305411,0.317247,0.422728,0.322878,0.739974,0.171094,3.50587,0.322605,-0.000125517,-0.00305728,0.348729,0.0135681,106.928,-0.0031828,0,0.01971182506531477,-0.07021605223417282,0.00501678,999,,,,,,,2.6,2.6,2.6,2.6,,,,,,,,,,,,,,,,,,,"Johnathan Rodriguez","22530",671286
"Drew Waters","KCR",1,3,3,1,0,0,0,0,0,0,0,0,1,0,0,0,,0,0,0.239876,0.0698992,0.266337,0.262446,0.297439,0.38539,0.299994,0.682829,0.145514,6.34348,0.311095,-0.0000390977,0.0027089,0.296573,-0.038588,86.6327,0.0026698,-0.0190743,-0.041506076231598854,-0.009043466299772263,0.0050122,999,,,,,,,2.6,2.6,2.6,2.6,,,,,,,,,,,,,,,,,,,"Drew Waters","20505",671221
"Kemp Alderman","MIA",1,3,3,1,0,0,0,0,0,0,0,0,1,0,0,0,,0,0,0.246387,0.0503808,0.292549,0.172213,0.29013,0.415106,0.305947,0.705236,0.168719,5.30297,0.320847,0,-0.00147341,0.31014,-0.0250208,90.3071,-0.00147341,0.0220367,-0.03440187266096473,-0.008055903017520905,0.00496182,999,,,,,,,2.6,2.6,2.6,2.6,,,,,,,,,,,,,,,,,,,"Kemp Alderman","sa3022562",694580
"Zack Short","NYM",2,8,7,1,1,0,0,0,1,1,1,0,2,0,0,0,,0,0,0.184405,0.116591,0.29177,0.399598,0.286287,0.295425,0.267425,0.581712,0.111021,3.24631,0.248124,-0.000161278,-0.00439631,0.667026,-0.338457,69.0565,-0.00455759,0.0433493,-0.3199192979373038,0.09350365400314331,0.00486261,999,,,,,,,1.6,0.8,1.6,0.8,,,,,,,,,,,,,,,,,,,"Zack Short","19562",670097
"Andrew Pintar","MIA",1,3,3,1,0,0,0,0,0,0,0,0,1,0,0,0,,0,0,0.223018,0.0740598,0.268212,0.276124,0.287214,0.332176,0.276918,0.619389,0.109158,5.78218,0.296418,-0.0000382353,0.00570935,0.243978,-0.0911832,70.8314,0.00567111,0.0383861,-0.09341982286423445,0.0484169777482748,0.00470427,999,,,,,,,2.6,2.6,2.6,2.6,,,,,,,,,,,,,,,,,,,"Andrew Pintar","sa3020715",801464
"Dom Keegan","BAL",1,3,2,1,0,0,0,0,0,0,0,0,1,0,0,0,,0,0,0.219227,0.0855903,0.308515,0.277426,0.294037,0.359045,0.290595,0.653082,0.139818,4.17844,0.301774,-0.0000747788,-0.00196583,0.251566,-0.0548669,84.6634,-0.00204061,-0.0468645,-0.04838043823838234,0.0032898597419261932,0.00469654,999,,,,,,,3.6,3.6,3.6,3.6,,,,,,,,,,,,,,,,,,,"Dom Keegan","sa3020194",681371
"Jack Brannigan","PIT",1,3,2,1,0,0,0,0,0,0,0,0,1,0,0,0,,0,0,0.21007,0.0862294,0.320195,0.269303,0.289748,0.355265,0.287648,0.645013,0.145194,4.58549,0.290268,0,0.000149175,0.268435,-0.0667265,77.4937,0.000149175,0,-0.07630881758814212,0.030092593282461166,0.00458148,999,,,,,,,3.6,3.6,3.6,3.6,,,,,,,,,,,,,,,,,,,"Jack Brannigan","31471",687394
"Jeferson Quero","MIL",1,3,2,1,0,0,0,0,0,0,0,0,1,0,0,0,,0,0,0.228464,0.070783,0.221006,0.320277,0.29005,0.368053,0.290883,0.658103,0.139589,2.3677,0.2692,0,-0.00280151,0.256045,-0.0551029,82.2741,-0.00280151,-0.0384945,-0.05870499927550554,0.012431472539901733,0.00391232,999,,,,,,,3.6,3.6,3.6,3.6,,,,,,,,,,,,,,,,,,,"Jeferson Quero","28272",691620
"Kristian Robinson","ARI",1,3,2,1,0,0,0,0,0,0,0,0,1,0,0,0,,0,0,0.209181,0.102095,0.330553,0.308861,0.297627,0.3395,0.286534,0.637128,0.13032,6.74858,0.306317,-0.0000264,0.00305886,0.269985,-0.0703327,77.6358,0.00303246,0.0496487,-0.07411167491227388,0.019093157723546028,0.00383314,999,,,,,,,3.6,3.6,3.6,3.6,,,,,,,,,,,,,,,,,,,"Kristian Robinson","sa3006884",677565
"Hayden Senger","NYM",1,3,2,0,0,0,0,0,0,0,0,0,1,0,0,0,,0,0,0.202737,0.0550672,0.308713,0.178376,0.258967,0.316907,0.256819,0.575874,0.11417,3.81616,0.278486,-0.0000783132,-0.00222096,0.181184,-0.125249,61.9411,-0.00229927,0.0205681,-0.1205098950304091,0.0707224179059267,0.00342649,999,,,,,,,-2,-2,-2,-2,,,,,,,,,,,,,,,,,,,"Hayden Senger","21489",663584
"Adael Amador","COL",3,11,10,2,2,0,0,0,1,1,1,0,2,0,0,0,,0,0,0.238466,0.0979536,0.178225,0.549607,0.317151,0.360907,0.303245,0.678058,0.12244,4.47393,0.274169,-0.00154705,-0.00862567,1.19722,-0.122799,76.3102,-0.0101727,-0.0398615,-0.3271341575309634,-0.00035528093576431274,0.00332287,999,,,,,,,4.2,1.4,4.2,1.4,,,,,,,,,,,,,,,,,,,"Adael Amador","27962",691182
"Matthew Lugo","KCR",1,3,3,1,0,0,0,0,0,0,0,0,1,0,0,0,,0,0,0.235662,0.0558841,0.258889,0.215861,0.286149,0.388731,0.295111,0.67488,0.153069,6.11242,0.29799,-0.000038806,-0.000466177,0.285444,-0.0497174,83.2651,-0.000504983,0.0184875,-0.05581028858432546,-0.011605115607380867,0.00330541,999,,,,,,,2.6,2.6,2.6,2.6,,,,,,,,,,,,,,,,,,,"Matthew Lugo","25980",683090
"Mario Camilletti","CHW",1,3,2,1,0,0,0,0,0,0,0,0,1,0,0,0,,0,0,0.211004,0.119647,0.251788,0.475188,0.309809,0.294874,0.278986,0.604683,0.08387,2.9874,0.28083,0,-0.0034841,0.256343,-0.0891304,74.9357,-0.0034841,0.00200625,-0.08886483171954751,0.012345754308626056,0.00269576,999,,,,,,,3.6,3.6,3.6,3.6,,,,,,,,,,,,,,,,,,,"Mario Camilletti","sa3020192",680519
"Maximo Acosta","MIA",1,6,5,1,1,0,0,0,1,1,0,0,1,0,0,0,,0,0,0.22848,0.0644783,0.243724,0.264554,0.284034,0.346797,0.279808,0.630831,0.118317,5.69531,0.287611,0.000106122,0.0114266,0.501129,-0.169193,72.7703,0.0115327,-0.0277073,-0.17347568832337856,0.012416128069162369,0.00221804,999,,,,,,,0.6,0.6,0.6,0.6,,,,,,,,,,,,,,,,,,,"Maximo Acosta","27963",691185
"Braxton Fulford","COL",8,32,28,7,4,1,0,1,4,3,3,0,9,1,0,0,,1,0,0.233807,0.0801625,0.27472,0.291797,0.311898,0.387688,0.310061,0.699586,0.153881,4.89207,0.304923,0.000782222,0.00695413,3.61341,-0.176936,80.8827,0.00773636,-0.168154,-0.7267241175286472,-0.28667253255844116,0.00215048,999,,,,,,,37.4,4.675,37.4,4.675,,,,,,,,,,,,,,,,,,,"Braxton Fulford","29704",690924
"Gabriel Gonzalez","MIN",2,8,8,2,1,0,0,0,1,1,0,0,2,0,0,0,,0,0,0.239383,0.0519947,0.211542,0.245789,0.290085,0.36702,0.289929,0.657105,0.127637,2.9556,0.285447,-0.0000557143,-0.0107646,0.820898,-0.184585,81.9762,-0.0108203,0,-0.1895146556198597,-0.0902777761220932,0.00206872,999,,,,,,,3.2,1.6,3.2,1.6,,,,,,,,,,,,,,,,,,,"Gabriel Gonzalez","28833",694224
"Will Wilson","SEA",1,3,3,1,0,0,0,0,0,0,0,0,1,0,0,0,,0,0,0.20004,0.0741287,0.287054,0.258239,0.264369,0.314234,0.259189,0.578603,0.114194,3.26238,0.263609,-0.0000112069,-0.00221958,0.20357,-0.131591,68.1501,-0.00223078,-0.00473978,-0.10748780937865376,0.025352816563099623,0.00181582,999,,,,,,,2.6,2.6,2.6,2.6,,,,,,,,,,,,,,,,,,,"Will Wilson","25434",669717
"Luis Vázquez","BAL",1,3,3,1,0,0,0,0,0,0,0,0,1,0,0,0,,0,0,0.22287,0.0567218,0.260173,0.218015,0.27635,0.343662,0.274923,0.620012,0.120792,3.91858,0.28334,-0.0000287611,-0.00340854,0.239431,-0.0957297,73.8551,-0.00343731,-0.00238546,-0.08984049619175494,0.007645404664799571,0.00180974,999,,,,,,,2.6,2.6,2.6,2.6,,,,,,,,,,,,,,,,,,,"Luis Vazquez","23442",676679
"Ryan Bliss","SEA",1,3,3,1,0,0,0,0,0,0,0,0,1,0,0,0,,0,0,0.206696,0.0633193,0.281156,0.22521,0.265908,0.320099,0.261505,0.586007,0.113403,5.91407,0.274832,-0.0000356164,0.00404301,0.20885,-0.126311,69.7477,0.00400739,0.0017048,-0.09596977801993489,0.011735667823813856,0.00160339,999,,,,,,,2.6,2.6,2.6,2.6,,,,,,,,,,,,,,,,,,,"Ryan Bliss","29547",669208
"César Prieto","STL",2,9,8,2,1,0,0,0,1,1,0,0,1,0,0,0,,0,0,0.24573,0.0403808,0.158097,0.255417,0.283909,0.35011,0.279619,0.634019,0.10438,3.55045,0.279166,-0.000220073,-0.0191108,0.773491,-0.262931,76.0963,-0.0193309,-0.0513037,-0.27044253796339035,0.000393792986869812,0.00130166,999,,,,,,,3.2,1.6,3.2,1.6,,,,,,,,,,,,,,,,,,,"Cesar Prieto","30163",693409
"Felix Reyes","PHI",2,8,8,2,1,0,0,0,1,1,0,0,2,0,0,0,,0,0,0.2504,0.0256179,0.226099,0.113304,0.271434,0.416926,0.296257,0.68836,0.166527,4.117,0.291716,0,-0.00424688,0.864166,-0.141317,83.5395,-0.00424688,0,-0.1720050284639001,-0.0902777761220932,0.00123293,999,,,,,,,3.2,1.6,3.2,1.6,,,,,,,,,,,,,,,,,,,"Felix Reyes","28763",694025
"Bryce Johnson","SDP",1,3,3,1,0,0,0,0,0,0,0,0,1,0,0,0,,0,0,0.211539,0.0830304,0.281966,0.294469,0.287276,0.296547,0.265889,0.583823,0.0850073,6.12768,0.293352,-0.000231,0.0120541,0.222208,-0.11811,68.459,0.0118231,0.00602694,-0.09697571396827698,0.016212122049182653,0.0012278,999,,,,,,,2.6,2.6,2.6,2.6,,,,,,,,,,,,,,,,,,,"Bryce Johnson","20002",669369
"Jared Serna","MIA",1,6,5,1,1,0,0,0,1,1,0,0,1,0,0,0,,0,0,0.22561,0.063604,0.202174,0.3146,0.281569,0.340186,0.276382,0.621755,0.114576,3.935,0.266207,-0.0000295455,-0.000539612,0.485513,-0.18481,70.4718,-0.000569157,0.00696278,-0.2011940853553824,0.027024507522583008,0.000891337,999,,,,,,,0.6,0.6,0.6,0.6,,,,,,,,,,,,,,,,,,,"Jared Serna","sa3015579",691858
"Rikuu Nishida","CHW",3,14,13,3,2,0,0,0,1,1,1,0,3,0,0,0,,1,0,0.227189,0.0999451,0.190824,0.523755,0.316748,0.279788,0.277005,0.596536,0.0525992,4.80614,0.282725,0,0.0138661,1.25844,-0.468926,73.5692,0.0138661,0,-0.43631165754050016,-0.0723765417933464,0.000718475,999,,,,,,,8.7,2.9,8.7,2.9,,,,,,,,,,,,,,,,,,,"Rikuu Nishida","33795",807747
"Pavin Smith","ARI",1,3,2,1,0,0,0,0,0,0,0,0,1,0,0,0,,0,0,0.233244,0.109527,0.23382,0.468426,0.31921,0.375165,0.30896,0.694375,0.141921,3.38089,0.286166,-0.00188235,-0.0021467,0.321885,-0.0184327,92.6817,-0.00402905,-0.0058377,-0.02927313232794404,-0.05676362384110689,0.000694165,999,,,,,,,3.6,3.6,3.6,3.6,,,,,,,,,,,,,,,,,,,"Pavin Smith","19892",656976
"Cody Freeman","TEX",6,26,24,5,4,1,0,1,2,3,1,0,5,0,0,0,,0,0,0.231503,0.0555573,0.182964,0.303651,0.277608,0.361381,0.281082,0.638989,0.129879,3.03757,0.259738,-0.00118084,-0.0175226,2.31632,-0.746539,78.0634,-0.0187034,-0.0745791,-0.6812024787068367,-0.22735685855150223,0.000607379,999,,,,,,,19.3,3.216666666,19.3,3.216666666,,,,,,,,,,,,,,,,,,,"Cody Freeman","25629",683227
"Bryce Teodosio","LAA",3,11,10,2,1,0,0,0,1,1,1,0,4,0,0,0,,1,0,0.206458,0.0530597,0.31814,0.166781,0.260781,0.314402,0.256452,0.575183,0.107944,7.22694,0.293868,0.000347771,0.0541356,0.789333,-0.551311,58.4635,0.0544834,0.136098,-0.49459267035126686,0.09597446396946907,0.000171507,999,,,,,,,6.1,2.033333333,6.1,2.033333333,,,,,,,,,,,,,,,,,,,"Bryce Teodosio","29524",669326
"DaShawn Keirsey Jr.","ATL",1,3,3,1,0,0,0,0,0,0,0,0,1,0,0,0,,0,0,0.226749,0.0543768,0.289109,0.188084,0.274077,0.339226,0.271168,0.613303,0.112477,7.60583,0.308397,-0.0000381301,0.0178869,0.237977,-0.107497,67.835,0.0178487,-0.00922874,-0.0947837270796299,0.0011107642203569412,0.0000638359,999,,,,,,,2.6,2.6,2.6,2.6,,,,,,,,,,,,,,,,,,,"DaShawn Keirsey Jr.","24496",680577
"Tyler Black","MIL",1,3,2,1,0,0,0,0,0,0,0,0,1,0,0,0,,0,0,0.221894,0.117493,0.24161,0.486293,0.323852,0.349619,0.303971,0.673471,0.127725,6.82869,0.283082,-0.0000225641,0.00922317,0.310339,-0.0299783,91.0554,0.0092006,0,-0.021653332747519016,-0.07129629701375961,-0.00000540225,999,,,,,,,3.6,3.6,3.6,3.6,,,,,,,,,,,,,,,,,,,"Tyler Black","29949",672012
"Sebastián Rivero","LAA",2,8,7,2,1,0,0,0,1,1,0,0,2,0,0,0,,0,0,0.214488,0.0462452,0.233704,0.19788,0.257127,0.318062,0.254879,0.575188,0.103574,2.94818,0.265574,-0.000224138,-0.00632481,0.531423,-0.387876,57.3786,-0.00654895,-0.0323669,-0.39289218792691827,0.11809609085321426,-0.0000299287,999,,,,,,,4.2,2.1,4.2,2.1,,,,,,,,,,,,,,,,,,,"Sebastian Rivero","21735",665861
"Will Banfield","CIN",1,3,2,1,0,0,0,0,0,0,0,0,1,0,0,0,,0,0,0.220127,0.0406887,0.276848,0.146972,0.256217,0.348953,0.264954,0.60517,0.128826,2.56907,0.282831,-0.0000319048,-0.00236839,0.204231,-0.111631,59.3024,-0.00240029,-0.00813627,-0.13269607606343925,0.04356125649064779,-0.000294914,999,,,,,,,3.6,3.6,3.6,3.6,,,,,,,,,,,,,,,,,,,"Will Banfield","23790",677943
"Robert Hassell III","WSN",1,6,5,1,1,0,0,0,1,0,0,0,1,0,0,0,,0,0,0.228776,0.076792,0.248589,0.308912,0.28974,0.327827,0.27653,0.617566,0.0990511,4.19999,0.294465,0.000146067,0.00641049,0.486186,-0.184136,71.9179,0.00655655,0.0147465,-0.18424323434010148,-0.0053151873871684074,-0.00066598,999,,,,,,,0.6,0.6,0.6,0.6,,,,,,,,,,,,,,,,,,,"Robert Hassell III","27482",690987
"Tim Elko","CHW",2,9,8,2,1,0,0,0,1,1,0,0,3,0,0,0,,0,0,0.235188,0.0529511,0.326218,0.162318,0.27971,0.39871,0.295386,0.678421,0.163523,2.80625,0.318225,-0.000151128,-0.00841513,0.884615,-0.151807,86.246,-0.00856626,-0.0120953,-0.1491238446906209,-0.16718786675482988,-0.000692088,999,,,,,,,3.2,1.6,3.2,1.6,,,,,,,,,,,,,,,,,,,"Tim Elko","31522",671284
"Heston Kjerstad","BAL",3,11,10,2,2,0,0,0,1,1,1,0,3,0,0,0,,0,0,0.236385,0.0557745,0.268521,0.20771,0.290828,0.387761,0.29775,0.678589,0.151376,4.18476,0.300072,-0.000426229,-0.0111462,1.16583,-0.174813,89.5978,-0.0115724,-0.0661763,-0.14907976053655148,-0.26679353415966034,-0.00157467,999,,,,,,,4.2,1.4,4.2,1.4,,,,,,,,,,,,,,,,,,,"Heston Kjerstad","31166",677008
"Nick Morabito","NYM",1,3,3,1,0,0,0,0,0,0,0,0,1,0,0,0,,0,0,0.22276,0.0765591,0.268896,0.284716,0.291812,0.31267,0.273233,0.604481,0.08991,5.92198,0.299633,0,0.011296,0.235579,-0.099582,72.953,0.011296,0,-0.08058750908821821,-0.030092593282461166,-0.00194212,999,,,,,,,2.6,2.6,2.6,2.6,,,,,,,,,,,,,,,,,,,"Nick Morabito","32119",703492
"Mason McCoy","SDP",1,3,3,1,0,0,0,0,0,0,0,0,1,0,0,0,,0,0,0.199772,0.0690328,0.292318,0.236157,0.259025,0.296983,0.249747,0.556008,0.0972111,5.475,0.273168,-0.0000366667,0.00641735,0.184852,-0.155466,57.6294,0.00638068,-0.00830996,-0.1397741688415408,0.02224559150636196,-0.00249274,999,,,,,,,2.6,2.6,2.6,2.6,,,,,,,,,,,,,,,,,,,"Mason McCoy","22232",669200
"Miguel Andujar","SDP",32,137,127,33,23,6,0,3,15,15,7,0,22,1,1,1,,1,1,0.260071,0.0533259,0.163051,0.327051,0.301755,0.387693,0.301781,0.689448,0.127621,3.91849,0.291817,-0.0385751,-0.125553,14.653,-1.68223,92.5392,-0.164128,0.133505,-1.3994426280260086,-3.0850133448839188,-0.0025741,722.9099731445312,,,,,,,126.5,3.953125,126.5,3.953125,,,,,,,,,,,,,,,,,,,"Miguel Andujar","15878",609280
"Steward Berroa","PHI",2,8,7,2,1,0,0,0,1,1,1,0,2,0,0,0,,1,0,0.207628,0.0999412,0.278335,0.359068,0.289618,0.309228,0.271648,0.598846,0.1016,6.32148,0.281938,-0.000138053,0.0441289,0.695904,-0.30958,67.0294,0.0439909,-0.0102815,-0.29202956333756447,-0.02031231950968504,-0.00383294,999,,,,,,,9.1,4.55,9.1,4.55,,,,,,,,,,,,,,,,,,,"Steward Berroa","22766",672642
"Sam Haggerty","CIN",1,3,3,1,0,0,0,0,0,0,0,0,1,0,0,0,,0,0,0.224277,0.0801438,0.249899,0.320705,0.294627,0.32726,0.279498,0.621887,0.102983,6.70369,0.292884,-0.000210839,0.0157427,0.257547,-0.0879267,69.0603,0.0155319,-0.0110344,-0.09280999470502138,-0.042052882723510265,-0.00410449,999,,,,,,,2.6,2.6,2.6,2.6,,,,,,,,,,,,,,,,,,,"Sam Haggerty","18054",664059
"Brandon Drury","KCR",1,6,5,1,1,0,0,0,1,1,0,0,1,0,0,0,,0,0,0.22303,0.0779134,0.249784,0.311923,0.291685,0.360992,0.28982,0.652677,0.137962,2.51336,0.27615,-0.000218947,-0.00691096,0.546768,-0.123555,79.6159,-0.00712991,-0.048659,-0.1418602322228253,-0.10884419083595276,-0.00511534,999,,,,,,,0.6,0.6,0.6,0.6,,,,,,,,,,,,,,,,,,,"Brandon Drury","11615",592273
"Jacob Berry","MIA",2,8,8,2,1,0,0,0,1,1,1,0,2,0,0,0,,0,0,0.222264,0.0745505,0.211101,0.353151,0.289701,0.32629,0.276528,0.61599,0.104026,5.22535,0.27259,-0.0000309524,0.0091525,0.729265,-0.276218,70.5696,0.00912155,0.0116782,-0.2908197492361069,-0.038476163521409035,-0.00554865,999,,,,,,,6.2,3.1,6.2,3.1,,,,,,,,,,,,,,,,,,,"Jacob Berry","sa3019825",694351
"José Azócar","ATL",1,6,5,1,1,0,0,0,1,0,0,0,1,0,0,0,,0,0,0.230659,0.0448425,0.229959,0.195002,0.27047,0.32518,0.263724,0.59565,0.0945213,6.56491,0.290854,0.000181695,0.0139072,0.440976,-0.249972,62.8405,0.0140889,0.0612082,-0.24615437537431717,-0.0008288063108921051,-0.00590749,999,,,,,,,0.6,0.6,0.6,0.6,,,,,,,,,,,,,,,,,,,"Jose Azocar","18821",640492
"Andrew McCutchen","ATL",2,9,8,2,1,0,0,0,1,1,1,0,2,0,0,0,,0,0,0.219093,0.112742,0.24174,0.466376,0.311751,0.358947,0.300695,0.670698,0.139854,2.77306,0.267052,-0.0070949,-0.00861274,0.922032,-0.11439,87.6444,-0.0157076,0,-0.14550460316240788,-0.2171296328306198,-0.00806778,999,,,,,,,6.2,3.1,6.2,3.1,,,,,,,,,,,,,,,,,,,"Andrew McCutchen","9847",457705
"Connor Joe","SEA",2,8,7,2,1,0,0,0,1,1,1,0,2,0,0,0,,0,0,0.209748,0.093064,0.258854,0.359523,0.291588,0.33145,0.280436,0.623038,0.121702,3.99307,0.270182,-0.000354545,-0.0110931,0.755987,-0.249497,82.8031,-0.0114476,-0.0733445,-0.18194319028407335,-0.20374570041894913,-0.00864777,999,,,,,,,7.2,3.6,7.2,3.6,,,,,,,,,,,,,,,,,,,"Connor Joe","16572",656582
"Justin Dean","CHC",3,11,10,2,1,0,0,0,1,1,1,0,3,0,0,0,,1,0,0.201978,0.0950244,0.298897,0.317916,0.287256,0.291831,0.265024,0.579086,0.0898529,6.85005,0.287114,-0.000377143,0.0510848,0.880824,-0.480447,65.9524,0.0507077,-0.0156637,-0.419072687625885,-0.05640445649623871,-0.0105137,999,,,,,,,6.1,2.033333333,6.1,2.033333333,,,,,,,,,,,,,,,,,,,"Justin Dean","25005",681909
"Aaron Zavala","TEX",1,6,5,1,1,0,0,0,1,0,1,0,2,0,0,0,,0,0,0.201476,0.10018,0.312706,0.320366,0.290394,0.310135,0.273297,0.600528,0.108659,3.9405,0.287518,-0.000022,-0.00533183,0.478703,-0.201932,72.6941,-0.00535383,-0.0592891,-0.1886103330180049,-0.12040023878216743,-0.0107042,999,,,,,,,3.6,3.6,3.6,3.6,,,,,,,,,,,,,,,,,,,"Aaron Zavala","sa3017665",701648
"Brett Sullivan","COL",17,66,60,14,9,3,0,1,7,6,4,0,12,0,1,1,,1,0,0.228483,0.0628164,0.181623,0.345861,0.280575,0.347124,0.2775,0.627699,0.118641,4.63748,0.265212,-0.00942933,-0.0414074,5.74156,-2.10313,59.0382,-0.0508367,-0.23598,-3.3078490495681763,1.0479707270860672,-0.0119939,999,,,,,,,50.4,2.964705882,50.4,2.964705882,,,,,,,,,,,,,,,,,,,"Brett Sullivan","18217",664954
"Jase Bowen","SDP",15,66,60,13,8,2,0,2,7,7,4,0,20,1,0,0,,2,1,0.217315,0.0575801,0.3038,0.189533,0.270679,0.361662,0.278124,0.632342,0.144347,6.08133,0.289399,-0.0006325,0.118783,5.76204,-2.06527,76.6677,0.118151,0,-1.7329669296741486,-0.539814829826355,-0.0137799,999,,,,,,,53.4,3.56,53.4,3.56,,,,,,,,,,,,,,,,,,,"Jase Bowen","26047",687749
"Tommy White","ATH",2,9,8,2,1,0,0,0,1,1,0,0,2,0,0,0,,0,0,0.239252,0.0396998,0.203829,0.19477,0.276354,0.367073,0.281903,0.643427,0.127822,2.61839,0.279856,0,-0.00788756,0.777803,-0.243149,74.3553,-0.00788756,0.0109132,-0.2660490768030286,-0.18260536715388298,-0.0145523,999,,,,,,,3.2,1.6,3.2,1.6,,,,,,,,,,,,,,,,,,,"Tommy White","sa3025383",695720
"Will Wagner","SDP",13,54,47,11,8,2,0,1,6,5,6,0,10,0,0,0,,0,0,0.230648,0.102607,0.193031,0.531556,0.315094,0.328794,0.291657,0.643888,0.0981458,3.28407,0.277103,-0.0037731,-0.0473344,5.35497,-1.11106,85.7467,-0.0511075,0.103558,-0.9852632395923138,-0.9251453429460526,-0.0147121,999,,,,,,,47.8,3.676923076,47.8,3.676923076,,,,,,,,,,,,,,,,,,,"Will Wagner","29634",695238
"Tommy Pham","PHI",5,22,20,4,3,1,0,1,2,2,2,0,6,0,0,0,,0,0,0.218143,0.093475,0.253428,0.368842,0.295171,0.345282,0.28662,0.640453,0.127139,4.08209,0.274254,-0.0126865,-0.00457775,2.12873,-0.55256,77.074,-0.0172643,-0.00934253,-0.6403336822986603,-0.2500832760706544,-0.0160406,999,,,,,,,20.7,4.14,20.7,4.14,,,,,,,,,,,,,,,,,,,"Tommy Pham","2967",502054
"Samad Taylor","SDP",26,111,99,22,17,3,0,2,12,9,10,0,29,1,1,1,,5,1,0.225896,0.085509,0.257113,0.332573,0.296849,0.328562,0.281241,0.625411,0.102665,5.89562,0.29444,-0.00168235,0.353963,10.0517,-3.22064,78.7589,0.352281,-0.265141,-2.5052416622638702,-1.3345855176448822,-0.0219471,999,,,,,,,91.4,3.515384615,91.4,3.515384615,,,,,,,,,,,,,,,,,,,"Samad Taylor","22274",669392
"Tyler Callihan","PIT",24,104,94,21,14,4,1,2,11,10,8,0,29,1,1,1,,3,1,0.220648,0.0756702,0.276039,0.274128,0.282383,0.345096,0.278625,0.627479,0.124448,5.49212,0.290897,-0.00244954,0.143689,9.17117,-3.22979,71.4401,0.14124,-0.298847,-3.448617935180664,-0.2085692510008812,-0.0275364,999,,,,,,,89.6,3.733333333,89.6,3.733333333,,,,,,,,,,,,,,,,,,,"Tyler Callihan","27497",682997
"Wilmer Flores",,12,51,46,11,7,2,0,2,5,6,4,0,9,1,0,0,,0,0,0.229167,0.0785047,0.181308,0.43299,0.299065,0.370833,0.297015,0.669899,0.141667,1.17227,0.252688,-0.0385251,-0.0643597,5.29634,-0.82938,86.2659,-0.102885,-0.00183857,-0.9440383166074753,-1.081468231161125,-0.0278172,999,,,,,,,55.2,4.6,55.2,4.6,,,,,,,,,,,,,,,,,,,"Wilmer Flores","5827",527038
"LuJames Groover","ARI",7,31,28,7,5,1,0,1,3,3,3,0,6,0,0,0,,0,0,0.235071,0.0854601,0.20248,0.422067,0.307967,0.340822,0.2915,0.64879,0.105751,2.237,0.283467,0,-0.0355798,3.09626,-0.647228,80.9679,-0.0355798,0,-0.7577328346669674,-0.6416666507720947,-0.0382063,999,,,,,,,32.5,4.642857142,32.5,4.642857142,,,,,,,,,,,,,,,,,,,"LuJames Groover","33552",694410
"Adam Frazier","LAA",11,48,43,10,7,2,0,0,5,4,3,0,9,1,0,0,,1,0,0.225408,0.0723053,0.192494,0.375623,0.29029,0.306475,0.269758,0.596765,0.0810668,4.44682,0.273958,-0.0020512,-0.040703,3.87021,-1.82753,67.64,-0.0427542,-0.177782,-1.860783163458109,-0.2680593729019165,-0.0432633,999,,,,,,,32.7,2.972727272,32.7,2.972727272,,,,,,,,,,,,,,,,,,,"Adam Frazier","15223",624428
"Joey Meneses","ATH",15,66,61,15,10,4,0,2,7,7,4,0,13,0,1,0,,0,0,0.251215,0.0544858,0.196355,0.277487,0.295848,0.386719,0.299156,0.682567,0.135504,2.26494,0.293399,-0.00833188,-0.0700056,6.88148,-0.94582,86.2539,-0.0783375,-0.741114,-1.1392525658011436,-2.034632623195648,-0.0846695,999,,,,,,,65.4,4.36,65.4,4.36,,,,,,,,,,,,,,,,,,,"Joey Meneses","14366",608841
"Dominic Smith","ATL",29,124,112,27,19,5,0,3,13,13,9,0,25,1,1,1,,1,0,0.242896,0.0738223,0.199611,0.36983,0.306347,0.368382,0.299356,0.674729,0.125486,2.94974,0.284322,-0.0761664,-0.115565,13.0805,-1.77488,86.7459,-0.191731,0.01926,-2.1874485164880753,-3.072252219542861,-0.121907,999,,,,,,,113.8,3.924137931,113.8,3.924137931,,,,,,,,,,,,,,,,,,,"Dominic Smith","15653",642086
"Ildemaro Vargas","ARI",35,151,139,34,24,7,1,2,16,14,8,0,19,1,1,1,,1,1,0.241617,0.0561031,0.127914,0.438601,0.287639,0.345821,0.280206,0.63346,0.104204,4.42671,0.265127,0.00180931,-0.101599,13.5331,-4.50374,73.3906,-0.0997899,0.643362,-4.9645384177565575,-1.2408977150917053,-0.129729,999,,,,,,,122.3,3.494285714,122.3,3.494285714,,,,,,,,,,,,,,,,,,,"Ildemaro Vargas","13324",545121