Name,Team,G,PA,AB,H,1B,2B,3B,HR,R,RBI,BB,IBB,SO,HBP,SF,SH,GDP,SB,CS,AVG,BB%,K%,BB/K,OBP,SLG,wOBA,OPS,ISO,Spd,BABIP,UBR,wSB,wRC,wRAA,wRC+,BsR,Fld,Off,Def,WAR,ADP,InterSD,InterSK,IntraSD,Vol,Skew,Dim,FPTS,FPTS/G,SPTS,SPTS/G,P10,P20,P30,P40,P50,P60,P70,P80,P90,TT10,TT20,TT30,TT40,TT50,TT60,TT70,TT80,TT90,NameASCII,PlayerId,MLBAMID
"Bobby Witt Jr.","KCR",100,416.75,375.061,114.162,64.9606,20.4813,6.91105,21.8091,72.4237,65.1349,33.5651,3.62532,67.7608,3.96252,3.55568,0.606498,4.33848,22.0437,5.26117,0.304383,0.08054,0.162593,0.495346,0.364512,0.570288,0.399219,0.9348,0.265905,8.01776,0.319509,,1.76579,76.1908,27.4232,152.635,1.76579,7.06,27.524361491203308,11.689629554748535,5.51974,3.0999999046325684,,,,,,,709.9,7.099,709.9,7.099,,,,,,,,,,,,,,,,,,,"Bobby Witt Jr.","25764",677951
"Aaron Judge","NYY",98,419.721,339.983,99.3382,47.3077,17.5128,0.213329,34.3044,73.6704,84.3952,72.0973,11.9349,106.516,4.12056,2.80269,0.401097,5.72011,6.31172,2.4014,0.292186,0.171774,0.253777,0.67687,0.418984,0.647652,0.44598,1.06664,0.355466,3.47372,0.322004,,-0.278866,92.343,43.2278,188.425,-0.278866,-1.62,43.30306187272072,-6.66645872592926,5.26567,1.850000023841858,,,,,,,820,8.367346938,820,8.367346938,,,,,,,,,,,,,,,,,,,"Aaron Judge","15640",592450
"Juan Soto","NYM",98,411.99,333.59,93.758,51.2137,16.2239,0.279407,26.0409,69.4468,66.912,72.9199,5.50318,72.3758,2.42826,2.44561,0.606059,8.30456,10.1183,3.76643,0.281058,0.176995,0.175674,1.00752,0.411067,0.565555,0.419333,0.976622,0.284497,4.00617,0.284982,,-0.121736,81.911,33.7006,174.22,-0.121736,-0.75,35.52454259246588,-6.043210029602051,4.36691,4.650000095367432,,,,,,,716,7.306122448,716,7.306122448,,,,,,,,,,,,,,,,,,,"Juan Soto","20123",665742
"Shohei Ohtani","LAD",98,420.036,352.119,100.699,50.9259,20.7331,1.14922,27.8912,76.2048,73.9679,60.7797,7.78059,96.7824,3.57505,2.31802,0.424144,6.12809,14.7508,4.99581,0.285981,0.144701,0.230414,0.628004,0.39412,0.589018,0.417641,0.983138,0.303037,5.30542,0.316884,,0.371869,82.9456,33.7935,170.255,0.371869,0,34.77256140112877,-9.15582275390625,3.99615,1.2699999809265137,,,,,,,752.9,7.682653061,752.9,7.682653061,,,,,,,,,,,,,,,,,,,"Shohei Ohtani","19755",660271
"Fernando Tatis Jr.","SDP",101,429.709,374.651,102.796,64.5806,19.0128,2.50189,16.7009,65.575,53.9574,47.2323,1.98821,84.0433,4.16537,2.7652,0.894715,8.27184,18.3759,5.34116,0.274378,0.109917,0.195582,0.562,0.359582,0.472214,0.364644,0.831796,0.197835,6.13284,0.311182,,0.923401,66.7439,16.46,137.351,0.923401,6.37,19.63348227739334,3.429469108581543,3.7653,14.010000228881836,,,,,,,607,6.00990099,607,6.00990099,,,,,,,,,,,,,,,,,,,"Fernando Tatis Jr.","19709",665487
"Yordan Alvarez","HOU",88,371.411,312.468,92.4071,47.757,18.7582,0.0116215,25.8803,59.1487,68.828,49.8849,6.47954,63.5238,5.51322,3.22672,0.318111,5.93251,1.84924,0.760148,0.295733,0.134312,0.171034,0.785294,0.398297,0.604316,0.425042,1.00261,0.308583,2.41425,0.293988,,-0.427115,75.5296,32.0676,173.695,-0.427115,-0.04,31.71418508887291,-9.23398307710886,3.63876,33.38999938964844,,,,,,,671.7,7.632954545,671.7,7.632954545,,,,,,,,,,,,,,,,,,,"Yordan Alvarez","19556",670541
"Pete Crow-Armstrong","CHC",96,406.2,364.485,92.4072,53.8225,19.0341,2.52295,17.0276,60.827,50.8442,28.042,1.43141,96.8619,5.83235,3.14671,4.69459,4.33842,21.7879,4.14983,0.253528,0.0690349,0.238458,0.289505,0.31452,0.459745,0.337141,0.774265,0.206217,7.16443,0.297072,,2.23116,54.2076,6.67456,116.628,2.23116,8.81,10.10472059249878,10.291481852531433,3.41501,32.939998626708984,,,,,,,515.8,5.372916666,515.8,5.372916666,,,,,,,,,,,,,,,,,,,"Pete Crow-Armstrong","27769",691718
"Shea Langeliers","ATH",88,342.33,308.689,86.1531,45.277,16.0331,2.06927,22.7737,53.5928,59.2491,27.4171,0.925628,68.8793,3.08844,2.59529,0.539498,4.91929,2.69358,0.833096,0.279093,0.0800897,0.201208,0.398045,0.341316,0.565766,0.388728,0.907082,0.286673,4.46189,0.288571,,-0.17806,59.729,19.67,145.726,-0.17806,-2.27,18.203420981764793,2.411190986633301,3.34302,54.04999923706055,,,,,,,539.5,6.130681818,539.5,6.130681818,,,,,,,,,,,,,,,,,,,"Shea Langeliers","25816",669127
"Gunnar Henderson","BAL",98,413.393,366.699,97.6568,57.8899,20.5645,1.96373,17.2387,61.1173,53.8784,39.4334,1.41145,90.5442,3.61785,3.30032,0.341705,7.40817,12.2281,3.15748,0.266313,0.0953896,0.219027,0.435515,0.340655,0.474134,0.355644,0.81479,0.207821,5.62008,0.306686,,0.656936,61.2507,12.876,127.558,0.656936,-0.46,14.034361243247986,4.077036887407303,3.34039,12.510000228881836,,,,,,,557.3,5.686734693,557.3,5.686734693,,,,,,,,,,,,,,,,,,,"Gunnar Henderson","26289",683002
"Corbin Carroll","ARI",95,405.941,349.43,91.1488,50.4914,20.7279,3.83705,16.0924,63.9211,53.3748,46.535,1.52949,81.6774,5.32299,2.71791,1.93561,5.72536,20.1853,3.89024,0.26085,0.114635,0.201205,0.569741,0.353972,0.480291,0.364652,0.834263,0.219441,7.21774,0.295058,,1.94315,63.0549,15.5522,132.601,1.94315,6.3,17.370580554008484,2.029334545135498,3.31185,14.100000381469727,,,,,,,577.5,6.078947368,577.5,6.078947368,,,,,,,,,,,,,,,,,,,"Corbin Carroll","25878",682998
"Cal Raleigh","SEA",77,303.243,261.375,57.9742,27.9646,10.5253,0.189125,19.2952,40.7477,50.822,36.5808,2.63039,85.5686,2.82608,2.21634,0.245295,3.10205,3.5095,1.32635,0.221805,0.120632,0.282178,0.427503,0.321392,0.484986,0.34874,0.806378,0.263182,3.385,0.243682,,-0.164998,43.2654,7.78022,127.939,-0.164998,7.87,9.78364984691143,11.559895992279053,3.27792,18.729999542236328,,,,,,,399.1,5.183116883,399.1,5.183116883,,,,,,,,,,,,,,,,,,,"Cal Raleigh","21534",663728
"José Ramírez","CLE",98,412.11,361.271,97.3279,58.9809,20.0812,1.87244,16.3933,59.52,55.6004,43.6453,8.57832,46.6509,2.81604,3.92912,0.448156,4.50035,22.4065,6.56323,0.269404,0.105907,0.1132,0.935573,0.34929,0.471485,0.35277,0.820776,0.202081,6.0579,0.267857,,1.3176,60.1186,11.8941,125.353,1.3176,2.11,13.586544752120972,2.6245092153549194,3.14063,6.28000020980835,,,,,,,565.2,5.767346938,565.2,5.767346938,,,,,,,,,,,,,,,,,,,"Jose Ramirez","13510",608070
"William Contreras","MIL",98,386.979,337.49,91.7514,61.1806,17.6742,0,12.8966,47.5191,53.7758,42.9911,2.14006,65.6032,2.96127,2.84299,0.693624,9.8735,2.93397,1.27501,0.271864,0.111094,0.169526,0.65532,0.356482,0.438873,0.351387,0.795355,0.167009,2.65941,0.301164,,-0.461971,56.0271,10.7433,125.302,-0.461971,1.96,10.952248722314835,7.375173091888428,3.14007,56.560001373291016,,,,,,,493.5,5.035714285,493.5,5.035714285,,,,,,,,,,,,,,,,,,,"William Contreras","20503",661388
"Junior Caminero","TBR",101,428.286,384.95,105.095,59.9106,16.9961,1.03639,27.1521,59.7241,77.0562,36.5695,1.97647,74.1319,2.89371,3.39725,0.475129,9.19058,2.63421,1.04074,0.27301,0.0853857,0.17309,0.493302,0.337903,0.534148,0.375308,0.872051,0.261138,3.10338,0.271519,,-0.388149,70.1553,20.0378,138.563,-0.388149,-4.83,19.00600266456604,-3.7909053564071655,3.09626,16.479999542236328,,,,,,,634.7,6.284158415,634.7,6.284158415,,,,,,,,,,,,,,,,,,,"Junior Caminero","28163",691406
"Mike Trout","LAA",88,369.918,305.789,78.8567,42.2122,13.9897,2.00033,20.6545,54.7876,56.2686,56.5789,5.04841,97.7416,4.86845,2.34113,0.340831,4.59377,3.63332,1.10503,0.25788,0.15295,0.264225,0.578862,0.379634,0.519348,0.388213,0.898982,0.261468,4.54363,0.306757,,-0.220652,64.3909,21.1035,147.009,-0.220652,-2.3,20.199168667197227,-3.002426564693451,3.09078,178.44000244140625,,,,,,,576.6,6.552272727,576.6,6.552272727,,,,,,,,,,,,,,,,,,,"Mike Trout","10155",545361
"Julio Rodríguez","SEA",99,421.39,381.46,105.832,66.4903,17.8516,2.98238,18.5074,61.109,58.1832,31.2347,2.30843,89.1115,5.76163,2.49985,0.434287,7.47107,13.7602,3.82568,0.277438,0.074123,0.21147,0.350513,0.339294,0.485425,0.358583,0.824719,0.207986,6.16153,0.316002,,0.68264,63.4207,14.1101,134.605,0.68264,-3.86,17.806034445762634,-2.4569387435913086,3.08533,9.489999771118164,,,,,,,586.9,5.928282828,586.9,5.928282828,,,,,,,,,,,,,,,,,,,"Julio Rodriguez","23697",677594
"Dansby Swanson","CHC",99,419.936,370.884,93.817,57.7667,17.6753,1.51013,16.8649,57.5965,56.1322,38.8942,0.609689,100.579,2.43955,3.22647,1.16035,6.99861,9.2474,2.76092,0.252955,0.0926193,0.23951,0.386704,0.325316,0.445172,0.338493,0.770488,0.192217,5.18692,0.299813,,0.2277,56.4924,7.35194,117.55,0.2277,2.81,8.819194748997688,7.393333435058594,3.02998,152.30999755859375,,,,,,,510.5,5.156565656,510.5,5.156565656,,,,,,,,,,,,,,,,,,,"Dansby Swanson","18314",621020
"Nick Kurtz","ATH",94,396.124,331.009,88.0701,46.3502,17.3425,0.871305,23.5062,63.1345,64.2203,59.27,4.03174,112.842,3.13623,2.35433,0.355178,5.93805,4.04617,1.3481,0.266066,0.149625,0.284865,0.525249,0.380213,0.536765,0.395489,0.916977,0.270699,3.94086,0.327711,,-0.267975,71.245,24.891,150.306,-0.267975,-0.74,23.132001727819443,-7.993086576461792,2.97327,19.8700008392334,,,,,,,633.2,6.736170212,633.2,6.736170212,,,,,,,,,,,,,,,,,,,"Nick Kurtz","35110",701762
"Ketel Marte","ARI",91,389.068,339.872,93.1526,55.6371,19.8924,1.00773,16.6153,53.436,59.8363,42.07,2.0452,58.5081,3.77894,2.74713,0.397642,8.46349,2.4112,0.899476,0.274081,0.10813,0.15038,0.719046,0.357819,0.485201,0.368011,0.843021,0.21112,3.24761,0.286125,,-0.385456,61.4733,15.945,134.892,-0.385456,0.59,15.439990162849426,0.9729965627193451,2.95024,32.63999938964844,,,,,,,543.3,5.97032967,543.3,5.97032967,,,,,,,,,,,,,,,,,,,"Ketel Marte","13613",606466
"Byron Buxton","MIN",81,340.109,304.281,80.0793,39.0217,15.5675,3.20054,22.2897,54.4356,56.2973,27.8198,1.30924,89.5626,5.44446,2.15033,0.412958,3.40092,7.61062,1.88127,0.263175,0.0817967,0.263335,0.310619,0.333662,0.555134,0.380815,0.888795,0.291958,6.52656,0.296998,,0.39758,57.201,17.4019,142.416,0.39758,0.12,17.337666273117065,-0.5050000622868538,2.94665,73.4800033569336,,,,,,,522.9,6.455555555,522.9,6.455555555,,,,,,,,,,,,,,,,,,,"Byron Buxton","14161",621439
"Mookie Betts","LAD",92,394.219,344.313,92.8157,57.7079,19.6669,1.24694,14.194,55.5386,52.023,41.3877,0.780498,45.7754,3.6812,3.81522,0.55297,5.5643,5.15149,2.02133,0.269568,0.104987,0.116117,0.904147,0.350676,0.457602,0.355416,0.808278,0.188035,4.26427,0.272842,,-0.307629,58.3385,12.2075,127.804,-0.307629,-0.79,12.469819635152817,3.469259202480316,2.9183,60.58000183105469,,,,,,,511,5.554347826,511,5.554347826,,,,,,,,,,,,,,,,,,,"Mookie Betts","13611",605141
"Ronald Acuña Jr.","ATL",93,391.312,328.142,91.8588,55.9532,15.3488,1.76501,18.7918,65.3489,53.868,54.9652,2.50208,81.6163,5.41664,2.32838,0.459402,7.42875,15.5422,5.58707,0.279936,0.140464,0.208571,0.673458,0.38951,0.509271,0.392362,0.89878,0.229335,5.61164,0.317597,,0.257211,69.406,23.6152,152.022,0.257211,-3.89,23.987958639860153,-8.637151002883911,2.84844,5.260000228881836,,,,,,,614.3,6.605376344,614.3,6.605376344,,,,,,,,,,,,,,,,,,,"Ronald Acuna Jr.","18401",660670
"Bryce Harper","PHI",99,429.754,367.128,103.613,60.7337,22.3245,0.833642,19.7213,63.7987,64.6867,55.6638,4.48429,84.2823,3.22762,3.0547,0.680201,8.25992,7.64975,2.85353,0.282227,0.129525,0.196118,0.660445,0.378733,0.50873,0.385001,0.887464,0.226504,4.07917,0.315171,,-0.213472,73.7088,23.4196,145.853,-0.213472,-1.04,22.758163705468178,-8.742546081542969,2.83626,47.900001525878906,,,,,,,656.7,6.633333333,656.7,6.633333333,,,,,,,,,,,,,,,,,,,"Bryce Harper","11579",547180
"Andy Pages","LAD",90,385.282,350.599,95.1898,56.5914,19.1173,2.47225,17.0088,56.8659,55.1949,25.567,0.809458,77.2612,5.44792,3.24428,0.42394,5.11632,6.94661,2.28701,0.271506,0.0663592,0.200532,0.330916,0.327926,0.485678,0.353515,0.813603,0.214171,5.45496,0.301191,,0.0196602,56.4333,11.3482,126.507,0.0196602,2.21,11.924838248640299,3.472626209259033,2.83363,133.4199981689453,,,,,,,508,5.644444444,508,5.644444444,,,,,,,,,,,,,,,,,,,"Andy Pages","24816",681624
"James Wood","WSN",96,403.169,345.04,95.1347,55.4657,18.8488,1.29707,19.5231,61.0616,62.1778,52.9372,4.13353,110.782,3.0021,1.88539,0.304999,7.36414,11.4299,3.45141,0.275721,0.131303,0.274778,0.47785,0.375,0.507614,0.383268,0.882614,0.231893,5.15052,0.349052,,0.338473,68.5934,21.4151,146.312,0.338473,-1.12,22.104962050914764,-7.498167634010315,2.81057,37.790000915527344,,,,,,,616.3,6.419791666,616.3,6.419791666,,,,,,,,,,,,,,,,,,,"James Wood","29518",695578
"Vladimir Guerrero Jr.","TOR",99,413.796,358.381,106.089,70.1223,18.8268,0.777833,16.3624,58.9477,56.9946,47.375,5.19889,49.6992,4.76882,2.78914,0.481765,10.4824,3.94531,1.65798,0.296024,0.114489,0.120106,0.953234,0.38284,0.489866,0.380226,0.872706,0.193843,3.47915,0.304047,,-0.476663,69.4004,20.9785,143.371,-0.476663,-0.02,20.597678154706955,-7.753390330821276,2.80088,18.049999237060547,,,,,,,604.8,6.109090909,604.8,6.109090909,,,,,,,,,,,,,,,,,,,"Vladimir Guerrero Jr.","19611",665489
"Adley Rutschman","BAL",90,354.755,309.315,80.2754,51.1717,16.2018,0.795269,12.1067,44.9957,44.0809,39.4581,0.930013,54.229,2.41054,3.16014,0.411708,6.93157,0.626154,0.226036,0.259527,0.111226,0.152863,0.727619,0.344705,0.434469,0.344479,0.779175,0.174943,2.53547,0.276952,,-0.430985,49.4126,7.89954,119.996,-0.430985,3.6,7.89881619811058,6.567171573638916,2.75603,148.92999267578125,,,,,,,428.8,4.764444444,428.8,4.764444444,,,,,,,,,,,,,,,,,,,"Adley Rutschman","26288",668939
"Corey Seager","TEX",77,319.709,273.543,72.5653,41.2824,14.4181,0.0226698,16.8422,43.2352,50.8281,38.0663,4.26235,65.4563,2.92698,2.54946,0.286493,6.03337,1.19527,0.488797,0.26528,0.119065,0.204737,0.581553,0.358133,0.502866,0.371639,0.860999,0.237586,2.23426,0.287539,,-0.353262,51.437,14.0251,138.352,-0.353262,-0.43,14.045032143592834,1.5504526495933533,2.74654,95.08999633789062,,,,,,,460.1,5.975324675,460.1,5.975324675,,,,,,,,,,,,,,,,,,,"Corey Seager","13624",608369
"Will Smith","LAD",67,265.129,225.832,62.441,37.0719,10.9137,1.19251,13.2629,40.3366,40.3274,30.6635,1.12562,48.0594,4.71164,3.16405,0.299898,3.99966,1.25758,0.461614,0.276493,0.115655,0.181268,0.638034,0.369995,0.511568,0.382864,0.881564,0.235075,3.74725,0.293296,,-0.296003,45.0227,13.9976,146.529,-0.296003,-0.71,14.084899991750717,4.08377081155777,2.72772,95.69000244140625,,,,,,,390.9,5.834328358,390.9,5.834328358,,,,,,,,,,,,,,,,,,,"Will Smith","19197",669257
"Elly De La Cruz","CIN",87,370.783,330.72,86.6278,52.215,17.5292,1.83422,15.0494,56.5275,46.1421,34.8524,2.17423,101.635,2.04783,2.29703,0.866368,5.58103,20.6438,5.49515,0.261937,0.0939967,0.274108,0.342919,0.333935,0.462548,0.347489,0.796482,0.20061,6.71001,0.330872,,1.45048,52.5328,9.14424,116.969,1.45048,1.71,8.785247921943665,5.258280515670776,2.64745,8.449999809265137,,,,,,,497.7,5.720689655,497.7,5.720689655,,,,,,,,,,,,,,,,,,,"Elly De La Cruz","26668",682829
"Kevin McGonigle","DET",97,409.832,360.592,94.0219,59.8031,20.2791,2.13734,11.8024,53.7336,47.2904,42.2101,0.660698,60.574,2.69757,3.20688,1.12571,6.27338,9.05073,2.51682,0.260743,0.102994,0.147802,0.696835,0.339925,0.427028,0.339519,0.766954,0.166285,5.07849,0.282132,,0.259875,55.4673,7.50934,114.952,0.259875,0,7.455359011888504,3.7110981941223145,2.61437,999,,,,,,,491.3,5.064948453,491.3,5.064948453,,,,,,,,,,,,,,,,,,,"Kevin McGonigle","33572",805808
"Pete Alonso","BAL",98,413.393,360.795,94.518,52.8204,16.7617,0.215658,24.7203,59.03,66.69,41.2561,2.59255,92.0472,7.56014,3.32948,0.451518,7.33241,2.05108,0.883241,0.261971,0.0997988,0.222663,0.448206,0.347106,0.515173,0.373015,0.862278,0.253201,2.59099,0.282174,,-0.448861,66.9618,18.5872,139.323,-0.448861,0.16,18.639684230089188,-7.6537860333919525,2.60858,24.440000534057617,,,,,,,603.3,6.156122448,603.3,6.156122448,,,,,,,,,,,,,,,,,,,"Pete Alonso","19251",624413
"Jackson Chourio","MIL",96,409.801,373.6,102.596,63.9889,18.9678,3.53516,16.1044,57.1278,58.0268,29.408,1.55282,84.9605,2.79341,2.96583,1.03388,6.0315,15.0229,4.17801,0.274616,0.0717618,0.207321,0.346138,0.329767,0.473629,0.349381,0.803396,0.199013,6.26588,0.313944,,0.824499,58.6773,10.7229,123.933,0.824499,4.27,12.257940173149109,-0.10932445526123047,2.57965,19.3799991607666,,,,,,,544.4,5.670833333,544.4,5.670833333,,,,,,,,,,,,,,,,,,,"Jackson Chourio","28806",694192
"Miguel Vargas","CHW",93,386.629,336.684,85.7149,47.4003,18.4844,1.51948,18.3107,52.9012,54.5044,41.6602,0.641405,71.1367,4.48134,3.14594,0.657129,4.92842,6.39369,2.13509,0.254586,0.107752,0.183992,0.585635,0.341622,0.481669,0.359662,0.823291,0.227084,4.65537,0.269205,,-0.0597399,58.5206,13.2778,128.587,-0.0597399,-2.16,12.919088564813137,-1.5133782029151917,2.55586,303.0899963378906,,,,,,,521.2,5.604301075,521.2,5.604301075,,,,,,,,,,,,,,,,,,,"Miguel Vargas","20178",678246
"Trea Turner","PHI",96,416.67,377.351,105.396,72.8022,17.193,4.46498,10.9356,58.5472,48.2147,28.7294,0.135793,77.7357,3.40544,2.88897,0.613881,7.18547,16.9262,3.8765,0.279305,0.0689499,0.186564,0.369578,0.333509,0.435472,0.33875,0.768981,0.156167,6.86073,0.323973,,1.27688,56.1381,7.37991,114.299,1.27688,-1.03,8.222480535507202,3.4144442081451416,2.54943,26.780000686645508,,,,,,,503.6,5.245833333,503.6,5.245833333,,,,,,,,,,,,,,,,,,,"Trea Turner","16252",607208
"Francisco Lindor","NYM",73,308.749,269.667,70.9229,43.5733,13.7889,0.706052,12.8547,44.5481,40.223,28.8105,0.436083,56.1505,4.78715,2.2575,0.349385,4.7458,10.447,3.38034,0.263002,0.0933137,0.181865,0.513094,0.342104,0.462377,0.353621,0.804482,0.199375,5.15576,0.286164,,0.324709,45.2493,9.11991,129.39,0.324709,1.05,10.902762204408646,4.116700887680054,2.54606,25.350000381469727,,,,,,,408.7,5.598630136,408.7,5.598630136,,,,,,,,,,,,,,,,,,,"Francisco Lindor","12916",596019
"Ben Rice","NYY",90,381.024,330.751,86.6451,47.6763,17.4921,1.24014,20.2365,56.1558,56.6171,41.9197,0.916369,79.152,5.39054,2.59977,0.362394,6.76109,3.45425,1.16537,0.261965,0.110019,0.207735,0.52961,0.351902,0.5059,0.373347,0.857802,0.243936,3.96444,0.283843,,-0.258184,61.8193,17.2324,139.233,-0.258184,0.29,17.295708388090134,-5.983946293592453,2.52614,53.189998626708984,,,,,,,543.1,6.034444444,543.1,6.034444444,,,,,,,,,,,,,,,,,,,"Ben Rice","29576",700250
"Colson Montgomery","CHW",92,382.772,339.621,76.566,41.9825,14.7991,0.458358,19.3261,46.3849,55.4168,33.3399,1.84199,112.102,6.82958,2.64016,0.341307,5.57627,2.46576,0.853715,0.225445,0.0871011,0.292869,0.297407,0.305246,0.442434,0.327058,0.74768,0.216989,3.05461,0.271494,,-0.259503,48.0118,3.22027,106.506,-0.259503,4.39,2.664764791727066,8.333758354187012,2.50023,254.75,,,,,,,434.3,4.720652173,434.3,4.720652173,,,,,,,,,,,,,,,,,,,"Colson Montgomery","29712",695657
"Kyle Schwarber","PHI",101,438.812,364.511,84.8964,40.2226,15.1096,0.175954,29.3882,66.9622,77.2697,66.6764,1.88935,127.878,5.23522,2.0512,0.338441,6.09524,3.26651,1.30065,0.232905,0.151948,0.291419,0.521406,0.357623,0.517193,0.380048,0.874816,0.284288,2.85381,0.265215,,-0.432376,73.5339,22.1846,142.474,-0.432376,0,21.294867485761642,-10.84687614440918,2.49929,24.690000534057617,,,,,,,646,6.396039603,646,6.396039603,,,,,,,,,,,,,,,,,,,"Kyle Schwarber","16478",656941
"Xander Bogaerts","SDP",94,398.17,351.981,93.6484,64.2705,17.502,0.934191,10.9416,51.5589,44.8275,34.0369,0.945384,67.156,3.32958,3.74922,0.800843,8.15121,11.9624,4.09453,0.266061,0.0854832,0.168661,0.506833,0.333289,0.414351,0.331013,0.74764,0.14829,4.86286,0.2979,,0.215935,51.1955,4.60209,114.407,0.215935,0.34,6.903007373213768,4.691851943731308,2.48498,237.1999969482422,,,,,,,458.3,4.875531914,458.3,4.875531914,,,,,,,,,,,,,,,,,,,"Xander Bogaerts","12161",593428
"Dillon Dingler","DET",75,288.545,261.36,66.2352,41.7069,12.9019,1.92824,9.69819,35.1347,36.1612,19.9918,0.564293,66.3693,4.74987,2.02462,0.418497,4.61083,0.921039,0.334466,0.253425,0.0692848,0.230014,0.30122,0.315753,0.428865,0.327556,0.744618,0.17544,3.76898,0.301825,,-0.284082,36.307,2.54185,106.85,-0.284082,5.88,2.0367912352085114,11.667037010192871,2.44066,254.6199951171875,,,,,,,328.6,4.381333333,328.6,4.381333333,,,,,,,,,,,,,,,,,,,"Dillon Dingler","27464",693307
"Brice Turang","MIL",99,422.7,368.898,96.6846,67.2938,17.5049,2.01031,9.87555,55.0145,45.0978,46.7129,1.3097,88.4978,1.56281,2.78237,2.74386,7.52113,18.6594,4.28105,0.26209,0.110511,0.209363,0.527842,0.345179,0.400752,0.332946,0.745932,0.138662,5.81644,0.317624,,1.41093,54.9995,5.53567,112.721,1.41093,0.78,7.679468989372253,2.4052953720092773,2.40961,48.18000030517578,,,,,,,503.7,5.087878787,503.7,5.087878787,,,,,,,,,,,,,,,,,,,"Brice Turang","22186",668930
"JJ Wetherholt","STL",95,408.43,357.789,92.0857,59.209,19.1625,0.90339,12.8108,51.9556,49.9352,39.4131,1.70458,73.9125,7.62373,2.88883,0.714552,7.55555,7.40115,2.26093,0.257374,0.0964991,0.180968,0.53324,0.341225,0.423398,0.338918,0.764623,0.166024,4.32696,0.289372,,0.0318042,55.0823,7.28844,118.198,0.0318042,0,8.69636456668377,1.5304909944534302,2.37783,999,,,,,,,488.9,5.146315789,488.9,5.146315789,,,,,,,,,,,,,,,,,,,"JJ Wetherholt","34985",802139
"Nico Hoerner","CHC",99,419.936,380.143,106.796,81.8186,17.4021,3.6018,3.97369,54.3301,39.25,29.224,0.769093,36.3425,6.22067,3.47186,0.876476,8.65247,16.1098,4.67034,0.280937,0.0695916,0.0865428,0.804129,0.339429,0.377024,0.320618,0.716452,0.0960868,6.34898,0.299513,,0.731054,50.5223,1.38194,105.355,0.731054,4.85,3.3525401949882507,6.47227931022644,2.37393,101.93000030517578,,,,,,,450.3,4.548484848,450.3,4.548484848,,,,,,,,,,,,,,,,,,,"Nico Hoerner","21479",663538
"Jeremy Peña","HOU",91,384.117,348.118,94.4959,64.3155,16.712,2.80577,10.6626,50.8597,42.6262,23.6819,0.457414,67.5095,6.93621,2.63107,1.86159,8.0366,9.6816,2.54577,0.271448,0.0616528,0.175752,0.350793,0.328067,0.427462,0.333417,0.755529,0.156014,5.76489,0.307558,,0.422479,50.123,5.17411,111.64,0.422479,-0.3,5.672825753688812,3.912963092327118,2.35995,122.9800033569336,,,,,,,451.8,4.964835164,451.8,4.964835164,,,,,,,,,,,,,,,,,,,"Jeremy Pena","21636",665161
"Taylor Ward","BAL",96,404.597,346.279,87.9321,53.5996,17.7806,0.856278,15.6955,54.4245,51.2192,50.3977,0.583389,90.4561,3.95889,3.50312,0.458008,6.38568,3.47363,1.2483,0.253934,0.124563,0.223571,0.557151,0.352078,0.446206,0.353204,0.798284,0.192272,3.52047,0.2965,,-0.35514,59.1623,11.8169,125.905,-0.35514,1.27,11.952497482299805,-3.1744441986083984,2.35033,148.42999267578125,,,,,,,520,5.416666666,520,5.416666666,,,,,,,,,,,,,,,,,,,"Taylor Ward","17548",621493
"Maikel Garcia","KCR",96,399.386,358.276,98.2243,68.981,18.3836,3.82093,7.03879,53.5107,40.1373,33.609,0.469698,54.1802,0.999999,3.80528,2.69609,7.81951,13.9197,4.52938,0.274159,0.0841517,0.135659,0.62032,0.334854,0.405739,0.328178,0.740593,0.13158,6.16083,0.303081,,0.417879,50.4513,3.71568,104.521,0.417879,4.9,2.538260757923126,6.413002371788025,2.34946,63.150001525878906,,,,,,,449.2,4.679166666,449.2,4.679166666,,,,,,,,,,,,,,,,,,,"Maikel Garcia","22715",672580
"Freddie Freeman","LAD",95,407.128,354.56,98.6422,60.1202,20.7959,0.321938,17.4042,58.9873,59.3227,44.3245,3.845,70.8196,4.45431,3.35234,0.436556,7.61008,4.12234,1.54478,0.27821,0.108871,0.173949,0.625879,0.362489,0.485939,0.369183,0.848428,0.207729,3.48251,0.301229,,-0.334586,64.7064,17.0648,137.196,-0.334586,0.02,17.318835765123367,-7.341774921864271,2.34794,67.87999725341797,,,,,,,566.1,5.958947368,566.1,5.958947368,,,,,,,,,,,,,,,,,,,"Freddie Freeman","5361",518692
"Manny Machado","SDP",94,398.17,355.476,90.6638,56.7473,16.3087,0,17.6079,50.0779,55.2008,36.9443,2.38139,75.9341,1.42967,3.57767,0.637969,7.2059,4.41669,2.0306,0.255049,0.0927852,0.190708,0.486531,0.324682,0.449527,0.337983,0.774209,0.194478,3.04496,0.275151,,-0.41173,53.4028,6.80944,119.162,-0.41173,1.11,8.482687652111053,1.6580109596252441,2.33563,37.52000045776367,,,,,,,486.2,5.172340425,486.2,5.172340425,,,,,,,,,,,,,,,,,,,"Manny Machado","11493",592518
"Bo Bichette","NYM",100,420.755,387.871,110.455,79.0722,18.387,1.11014,11.8853,52.1543,51.62,26.979,0.654485,67.6231,2.2813,3.01948,0.560794,9.89855,3.76932,1.64623,0.284771,0.0641203,0.160718,0.398961,0.332535,0.429827,0.335955,0.762362,0.145056,3.53101,0.316554,,-0.459767,55.7531,6.51686,117.338,-0.459767,-0.41,8.044218301773071,1.3221742808818817,2.32951,92.86000061035156,,,,,,,487.7,4.877,487.7,4.877,,,,,,,,,,,,,,,,,,,"Bo Bichette","19612",666182
"Wyatt Langford","TEX",81,336.129,292.421,73.4917,43.8841,14.2987,2.24414,13.0646,47.8302,40.5744,37.899,1.36879,73.9732,3.37894,2.0344,0.395606,4.5057,10.307,2.95404,0.251321,0.112751,0.220074,0.512334,0.341847,0.4496,0.348184,0.791447,0.198279,6.01129,0.29133,,0.434935,47.8088,8.47541,122.467,0.434935,4.07,9.302728444337845,1.6491141319274902,2.32841,37.75,,,,,,,424.6,5.241975308,424.6,5.241975308,,,,,,,,,,,,,,,,,,,"Wyatt Langford","33333",694671
"Iván Herrera","STL",93,387.459,335.241,91.0088,61.6033,16.8471,0.240529,12.3179,50.8008,47.7847,41.0831,1.75088,69.6267,8.13614,2.40692,0.59213,9.69817,4.16948,1.83118,0.271473,0.106032,0.179701,0.590048,0.362471,0.433392,0.353721,0.795864,0.161919,3.14862,0.307744,,-0.462157,56.8155,11.4756,128.297,-0.462157,2.01,12.318923473358154,-2.0375449657440186,2.31527,178.42999267578125,,,,,,,485.7,5.222580645,485.7,5.222580645,,,,,,,,,,,,,,,,,,,"Ivan Herrera","20599",671056
"Kyle Tucker","LAD",95,407.128,345.768,90.4597,53.5124,19.5339,0.812992,16.6004,61.0445,55.0299,54.3144,2.62758,63.6585,2.41301,3.26959,0.525764,6.00026,9.58044,3.49408,0.261619,0.133409,0.15636,0.853216,0.36274,0.466847,0.363852,0.829586,0.205227,4.5443,0.274796,,-0.0505382,62.9802,15.3386,133.559,-0.0505382,-1.83,15.876670714467764,-6.228148102760315,2.3142,13.130000114440918,,,,,,,560.1,5.895789473,560.1,5.895789473,,,,,,,,,,,,,,,,,,,"Kyle Tucker","18345",663656
"Drake Baldwin","ATL",83,329.834,292.216,78.7259,50.633,14.1777,0.550565,13.3647,43.6612,45.5389,31.6159,0.742799,61.1446,3.06663,2.60829,0.326523,7.59167,0.845081,0.308162,0.26941,0.095854,0.18538,0.517067,0.344176,0.458902,0.352866,0.803078,0.189492,2.74405,0.296671,,-0.382705,48.1414,9.54473,125.077,-0.382705,2.24,9.259415835142136,2.7618335485458374,2.30666,78.62999725341797,,,,,,,425.8,5.130120481,425.8,5.130120481,,,,,,,,,,,,,,,,,,,"Drake Baldwin","31539",686948
"Otto Lopez","MIA",91,382.738,350.838,99.5856,70.3642,17.7615,2.93273,8.52717,48.4743,44.3952,24.09,0.936515,58.3743,3.12381,3.24123,1.4449,8.26264,11.4094,3.44363,0.28385,0.0629412,0.152517,0.412682,0.332551,0.42411,0.333073,0.756661,0.14026,5.65779,0.31708,,0.391087,49.8385,5.05099,110.698,0.391087,0.93,5.164194613695145,5.142963111400604,2.30257,229.16000366210938,,,,,,,456.4,5.015384615,456.4,5.015384615,,,,,,,,,,,,,,,,,,,"Otto Lopez","19608",672640
"Jackson Merrill","SDP",95,403.098,364.37,95.9425,59.151,21.0574,1.81737,13.9167,52.4884,50.1407,31.0853,1.56693,85.5712,2.14177,3.2868,2.21389,5.71398,9.33879,2.3413,0.26331,0.077116,0.212284,0.363269,0.322212,0.445658,0.335501,0.76787,0.182348,5.25649,0.305873,,0.455742,53.268,6.098,117.469,0.455742,-0.34,8.664524674415588,0.9971658289432526,2.30245,70.79000091552734,,,,,,,488,5.136842105,488,5.136842105,,,,,,,,,,,,,,,,,,,"Jackson Merrill","29490",701538
"Oneil Cruz","PIT",88,370.84,326.892,82.5781,45.0793,17.4168,0.944006,19.1379,58.4038,54.0941,38.6723,1.91066,112.206,2.87823,2.09026,0.30713,5.01955,18.4712,4.54102,0.252616,0.104283,0.302572,0.344654,0.335,0.487307,0.35748,0.822307,0.234691,6.11776,0.320991,,1.41614,55.4873,12.0921,126.802,1.41614,-3.36,13.002845048904419,-2.380958914756775,2.29622,92.93000030517578,,,,,,,517.6,5.881818181,517.6,5.881818181,,,,,,,,,,,,,,,,,,,"Oneil Cruz","21711",665833
"Alex Bregman","CHC",98,415.031,363.374,92.4096,60.6377,18.1674,0.679997,12.9246,50.7256,51.547,42.0343,1.34109,60.2252,5.34435,3.56035,0.717808,7.82405,2.11212,0.86789,0.25431,0.10128,0.14511,0.697952,0.337398,0.414754,0.333961,0.752152,0.160444,3.10423,0.270556,,-0.468843,54.3366,5.77027,114.459,-0.468843,1.05,6.526498019695282,2.562345504760742,2.2824,119.16999816894531,,,,,,,474.3,4.839795918,474.3,4.839795918,,,,,,,,,,,,,,,,,,,"Alex Bregman","17678",608324
"Jazz Chisholm Jr.","NYY",89,380.031,335.724,79.3341,47.3279,14.3542,1.20989,16.4421,56.0799,45.943,37.8227,0.886533,100.34,3.12242,2.62349,0.73867,5.40063,20.4747,5.10909,0.236308,0.0995251,0.264032,0.376944,0.317115,0.433196,0.33039,0.750311,0.196889,6.26938,0.283853,,1.5718,48.6749,4.20415,110.139,1.5718,1.61,6.09663200378418,2.8556933403015137,2.28026,19.520000457763672,,,,,,,450.1,5.05730337,450.1,5.05730337,,,,,,,,,,,,,,,,,,,"Jazz Chisholm Jr.","20454",665862
"Matt Chapman","SFG",95,395.234,343.332,81.5922,49.2685,17.4595,1.56298,13.3013,50.4056,45.4029,44.1817,0.786994,87.6625,4.27579,3.02628,0.418,6.28024,4.79783,1.44584,0.237648,0.111786,0.221799,0.503998,0.329393,0.413831,0.330282,0.743225,0.176183,4.4803,0.27829,,-0.118266,50.5883,4.33858,112.554,-0.118266,2.19,5.665804103016853,3.656049370765686,2.24199,163.6199951171875,,,,,,,449.8,4.734736842,449.8,4.734736842,,,,,,,,,,,,,,,,,,,"Matt Chapman","16505",656305
"Brent Rooker","ATH",93,392.212,345.369,93.6227,51.1823,19.219,1.11395,22.1075,58.6781,62.6195,38.6138,1.6722,95.7898,5.02997,2.76526,0.433578,5.49347,3.96749,1.36754,0.27108,0.0984515,0.24423,0.40311,0.350368,0.525212,0.378582,0.87558,0.254132,4.06191,0.310615,,-0.233342,65.2676,19.3714,138.855,-0.233342,-0.01,17.6617733836174,-9.609794387593865,2.23141,42.11000061035156,,,,,,,585.8,6.298924731,585.8,6.298924731,,,,,,,,,,,,,,,,,,,"Brent Rooker","19627",667670
"Hunter Goodman","COL",90,356.297,324.965,83.3868,45.1526,18.001,1.62227,18.6109,48.2838,59.0728,24.1918,0.479091,95.8652,3.98625,2.79615,0.358217,4.92853,2.76753,0.971076,0.256603,0.0678979,0.26906,0.252353,0.313438,0.493792,0.349521,0.80723,0.237189,4.16959,0.303706,,-0.209418,51.0561,9.36273,109.522,-0.209418,3.52,3.7456071972846985,6.531860113143921,2.21358,67.36000061035156,,,,,,,468.9,5.21,468.9,5.21,,,,,,,,,,,,,,,,,,,"Hunter Goodman","29715",696100
"Austin Wells","NYY",73,286.76,252.647,55.2458,31.9778,11.2809,0.316465,11.6706,33.617,36.2919,28.3922,0.894439,70.0485,2.91974,2.24711,0.554326,3.97907,1.70791,0.641241,0.218668,0.0990103,0.244276,0.405321,0.302432,0.404405,0.31272,0.706837,0.185737,2.9939,0.251626,,-0.234196,32.6988,-0.85749,98.1721,-0.234196,6.92,-0.8497087508440018,12.362314224243164,2.20922,246.13999938964844,,,,,,,293.7,4.023287671,293.7,4.023287671,,,,,,,,,,,,,,,,,,,"Austin Wells","27562",669224
"Ian Happ","CHC",96,406.2,346.823,84.8015,49.0788,18.2056,1.13366,16.3835,56.0629,54.2676,53.1111,1.6307,99.2957,3.39561,2.33639,0.534331,6.6897,4.64579,1.44618,0.24451,0.130751,0.24445,0.534879,0.348337,0.445256,0.350608,0.793592,0.200746,4.1199,0.293036,,-0.18416,58.5581,11.0251,125.815,-0.18416,0.82,12.039906278252602,-3.6874863505363464,2.17807,184.86000061035156,,,,,,,512,5.333333333,512,5.333333333,,,,,,,,,,,,,,,,,,,"Ian Happ","17919",664023
"Zach Neto","LAA",96,403.989,355.062,86.0952,51.31,16.8553,2.01628,15.9136,55.1574,47.2595,33.987,1.69873,103.986,10.0572,2.48107,2.40216,5.31746,15.6578,5.202,0.242479,0.0841285,0.257397,0.326843,0.324063,0.435766,0.334602,0.759829,0.193287,6.20207,0.295323,,0.538961,53.0969,5.82261,110.7,0.538961,-3.07,5.614880204200745,1.3744442462921143,2.16444,32.29999923706055,,,,,,,486.1,5.063541666,486.1,5.063541666,,,,,,,,,,,,,,,,,,,"Zach Neto","31347",687263
"Randy Arozarena","SEA",98,416.468,360.262,88.4781,55.2679,17.4059,1.29387,14.5104,57.7871,47.3362,41.6681,0.490107,100.59,11.2931,2.72712,0.517303,7.56571,15.7155,5.37095,0.245594,0.100051,0.241532,0.414236,0.340039,0.421923,0.339665,0.761962,0.176329,5.55966,0.298391,,0.41067,56.4139,7.67938,121.792,0.41067,0,11.06812208890915,-4.661766529083252,2.14925,89.37999725341797,,,,,,,504.2,5.144897959,504.2,5.144897959,,,,,,,,,,,,,,,,,,,"Randy Arozarena","19290",668227
"Cody Bellinger","NYY",92,392.931,347.097,88.8922,54.604,18.0273,1.30406,14.9569,51.652,49.7649,39.2821,1.27331,57.6532,2.04182,4.17876,0.33123,5.52093,7.729,2.09282,0.256102,0.099972,0.146726,0.681351,0.331677,0.444828,0.340513,0.776504,0.188726,4.67029,0.265319,,0.215721,53.4904,7.5102,116.995,0.215721,2.45,8.057485029101372,-0.8840267658233643,2.14375,80.98999786376953,,,,,,,482.9,5.248913043,482.9,5.248913043,,,,,,,,,,,,,,,,,,,"Cody Bellinger","15998",641355
"Seiya Suzuki","CHC",90,380.69,331.982,86.7676,51.4335,16.1978,1.89313,17.2431,54.0858,54.9467,41.7565,1.90549,90.9351,2.96771,3.38197,0.602087,5.59368,4.74925,1.52878,0.261362,0.109686,0.238869,0.459191,0.345951,0.477379,0.35895,0.82333,0.216016,4.72432,0.306025,,-0.148259,57.4062,12.8583,131.506,-0.148259,0.67,13.833745464682579,-5.074949324131012,2.13689,113.43000030517578,,,,,,,511.7,5.685555555,511.7,5.685555555,,,,,,,,,,,,,,,,,,,"Seiya Suzuki","30116",673548
"Gabriel Moreno","ARI",71,279.891,248.714,68.0925,47.1273,12.5578,1.24911,7.15822,35.0963,34.5748,25.8674,1.0863,47.8563,2.50459,2.30498,0.49977,6.00219,3.36493,1.28069,0.273778,0.0924196,0.170982,0.540523,0.345267,0.420656,0.339031,0.765922,0.146878,4.29885,0.310881,,-0.224029,37.7724,5.01989,115.122,-0.224029,2.32,4.7098638266325,7.226736307144165,2.13564,181.22000122070312,,,,,,,330.9,4.66056338,330.9,4.66056338,,,,,,,,,,,,,,,,,,,"Gabriel Moreno","22664",672515
"Austin Riley","ATL",95,400.094,357.497,90.313,53.2819,18.1456,1.29992,17.5855,52.7955,56.0773,33.2321,0.385163,103.993,5.87983,3.06278,0.422682,6.20492,2.29392,0.806294,0.252626,0.0830607,0.259923,0.31956,0.323828,0.458227,0.342764,0.782056,0.205601,3.64209,0.304324,,-0.333479,55.1821,8.36363,118.185,-0.333479,-1.43,8.148285746574402,-0.09006237983703613,2.12801,59.36000061035156,,,,,,,492.1,5.18,492.1,5.18,,,,,,,,,,,,,,,,,,,"Austin Riley","18360",663586
"Willson Contreras","BOS",93,404.159,346.318,91.1613,55.5365,16.0808,1.37774,18.1663,56.1849,58.5695,39.2189,0.884824,97.131,12.7994,2.82129,1.01853,8.61076,3.43633,1.23793,0.26323,0.0970384,0.240329,0.403773,0.356916,0.474987,0.366018,0.831902,0.211757,4.19174,0.312155,,-0.354831,63.217,15.9228,128.977,-0.354831,0.66,13.397276997566223,-6.773936569690704,2.12746,168.1999969482422,,,,,,,543.8,5.847311827,543.8,5.847311827,,,,,,,,,,,,,,,,,,,"Willson Contreras","11609",575929
"Geraldo Perdomo","ARI",98,419.837,353.243,88.7529,64.2562,16.8373,1.86898,5.79039,52.5969,34.6803,50.863,0.607428,54.5632,4.27247,3.73422,7.7244,8.30125,13.164,4.12703,0.251252,0.121149,0.129963,0.932184,0.349148,0.358675,0.32197,0.707824,0.107423,5.38446,0.27969,,0.351838,50.9619,1.83314,103.482,0.351838,0.8,2.0559795200824738,5.337036907672882,2.12385,76.7699966430664,,,,,,,441,4.5,441,4.5,,,,,,,,,,,,,,,,,,,"Geraldo Perdomo","22799",672695
"Alejandro Kirk","TOR",59,227.201,200.088,53.5559,36.347,9.15296,0,8.05595,28.0266,28.9956,22.4382,0.861097,27.3448,2.17918,2.15864,0.337119,5.78641,0.192618,0.100901,0.267662,0.0987591,0.120355,0.820565,0.344582,0.434193,0.343864,0.778775,0.166531,1.72092,0.272707,,-0.305421,31.535,4.94823,118.744,-0.305421,3.89,4.695416122674942,7.905128717422485,2.10769,160.25,,,,,,,275.7,4.672881355,275.7,4.672881355,,,,,,,,,,,,,,,,,,,"Alejandro Kirk","22581",672386
"Bryson Stott","PHI",90,389.496,350.299,90.5568,59.8686,17.8834,1.40003,11.4048,51.1516,44.734,32.7619,0.601031,65.9308,2.20618,2.93963,1.2893,6.00358,14.7426,3.59548,0.258513,0.0841136,0.169272,0.496913,0.323346,0.41523,0.326577,0.738575,0.156717,5.58074,0.286884,,1.00794,48.7062,3.12786,105.995,1.00794,2.93,3.7298089265823364,4.382745862007141,2.09914,181.44000244140625,,,,,,,443.2,4.924444444,443.2,4.924444444,,,,,,,,,,,,,,,,,,,"Bryson Stott","26294",681082
"Wilyer Abreu","BOS",84,367.784,325.549,82.7593,47.8645,18.3118,1.23192,15.3511,47.9763,52.4893,36.5955,1.57197,78.8323,2.02632,2.91329,0.700166,4.75773,6.76738,1.91747,0.254214,0.0995025,0.214344,0.464219,0.330663,0.459495,0.345181,0.790158,0.20528,4.54714,0.287726,,0.143952,51.4326,8.39499,114.864,0.143952,4.77,6.563567399978638,0.817096471786499,2.07499,199.89999389648438,,,,,,,462.4,5.504761904,462.4,5.504761904,,,,,,,,,,,,,,,,,,,"Wilyer Abreu","23772",677800
"Trent Grisham","NYY",81,349.272,294.143,69.6188,37.4903,14.1883,0.405972,17.5342,49.4301,47.8044,47.9585,0.241165,75.5414,3.59994,2.18654,1.38343,5.63082,4.02417,1.37558,0.236683,0.13731,0.216283,0.634864,0.348322,0.466513,0.359204,0.814835,0.22983,3.5607,0.256254,,-0.203384,52.7391,11.8678,129.654,-0.203384,-5.27,11.959097936749458,-4.020000100135803,2.06605,253.82000732421875,,,,,,,468.6,5.785185185,468.6,5.785185185,,,,,,,,,,,,,,,,,,,"Trent Grisham","18564",663757
"Matt Olson","ATL",100,421.563,362.319,90.0256,52.0203,17.5792,0.558945,19.8671,56.8652,60.5235,52.0127,2.28622,95.6049,3.52528,3.31925,0.38587,7.14758,1.23353,0.497264,0.24847,0.123381,0.226787,0.544038,0.345612,0.464574,0.354912,0.810185,0.216103,2.49105,0.280447,,-0.486395,62.2159,12.8852,126.473,-0.486395,1.93,12.52332055568695,-5.786049246788025,2.06212,48.0099983215332,,,,,,,557.8,5.578,557.8,5.578,,,,,,,,,,,,,,,,,,,"Matt Olson","14344",621566
"Max Muncy","LAD",67,288.961,241.803,55.5446,29.0035,11.3916,0.478622,14.6709,41.6177,42.7363,41.3071,1.30685,71.825,3.32298,2.27273,0.255301,3.94129,1.24504,0.401416,0.22971,0.14295,0.248563,0.575107,0.346978,0.462798,0.355803,0.809776,0.233088,3.15126,0.259384,,-0.279033,42.8508,9.03698,128.068,-0.279033,0.43,9.175688356161118,1.369955062866211,2.02227,234.3699951171875,,,,,,,378.4,5.647761194,378.4,5.647761194,,,,,,,,,,,,,,,,,,,"Max Muncy","13301",571970
"Ceddanne Rafaela","BOS",89,390.013,360.441,92.7424,60.3767,17.9436,3.28728,11.1348,50.1317,45.203,19.7729,0.520859,82.9892,4.97362,2.74507,2.08029,5.5722,13.8041,3.75048,0.257302,0.050698,0.212786,0.238258,0.302859,0.418002,0.316383,0.720861,0.160699,6.51406,0.303304,,0.805585,45.6088,-0.0300056,95.3606,0.805585,5.98,-1.31918203830719,7.353456735610962,2.01631,125.02999877929688,,,,,,,423.9,4.762921348,423.9,4.762921348,,,,,,,,,,,,,,,,,,,"Ceddanne Rafaela","24262",678882
"Brandon Nimmo","TEX",90,374.765,328.438,85.5905,52.7136,17.2946,1.32989,14.2524,50.1969,47.6608,37.3226,0.648625,76.0993,5.68838,2.67311,0.642399,7.24897,4.675,1.30133,0.260598,0.0995894,0.203059,0.490447,0.343742,0.451537,0.350596,0.795278,0.190939,4.27672,0.296304,,-0.0745309,54.023,10.1685,124.1,-0.0745309,0.73,10.531478583812714,-4.06797981262207,2.00579,145.4600067138672,,,,,,,475.9,5.287777777,475.9,5.287777777,,,,,,,,,,,,,,,,,,,"Brandon Nimmo","12927",607043
"Michael Harris II","ATL",90,378.626,351.5,94.9685,60.4802,18.3178,1.33589,14.8347,51.9886,50.2669,20.1053,1.02951,71.6092,3.1437,2.61898,1.25729,7.13314,10.1764,2.93535,0.27018,0.0531008,0.189129,0.280764,0.313268,0.456506,0.335364,0.769775,0.186326,5.32491,0.299369,,0.42195,49.9928,5.68653,113.137,0.42195,0.23,6.220280706882477,1.2401009649038315,1.99683,99.06999969482422,,,,,,,458.5,5.094444444,458.5,5.094444444,,,,,,,,,,,,,,,,,,,"Michael Harris II","25931",671739
"Willy Adames","SFG",97,403.91,355.685,83.7192,49.1097,17.7737,1.06545,15.7704,51.0309,50.8803,40.6299,0.848845,103.422,2.4122,3.21018,0.37267,4.85426,6.47433,2.08955,0.235374,0.100592,0.256053,0.392854,0.315376,0.42435,0.326167,0.739725,0.188975,4.45686,0.283471,,-0.0169954,50.377,3.11197,109.746,-0.0169954,-2.56,4.572198452427983,1.9307408332824707,1.98067,133.92999267578125,,,,,,,457.5,4.716494845,457.5,4.716494845,,,,,,,,,,,,,,,,,,,"Willy Adames","15986",642715
"CJ Abrams","WSN",94,394.426,352.867,90.3879,56.3448,19.3895,1.60915,13.0445,52.9108,48.6499,29.4706,1.24349,72.7902,8.17127,2.691,1.22612,6.0376,17.9142,4.79482,0.256153,0.0747176,0.184547,0.40487,0.32561,0.431123,0.33345,0.756733,0.17497,6.18566,0.286751,,1.16084,51.4786,5.32338,112.325,1.16084,-4.28,6.828002214431763,-0.3336973190307617,1.94896,65,,,,,,,470.9,5.009574468,470.9,5.009574468,,,,,,,,,,,,,,,,,,,"CJ Abrams","25768",682928
"Riley Greene","DET",96,405.92,358.723,91.0013,54.462,18.659,0.783233,17.0971,53.3378,55.5639,40.8148,0.880289,113.655,3.31321,2.76815,0.300454,7.21142,2.18734,0.720687,0.253681,0.100549,0.279994,0.359112,0.333143,0.453046,0.345449,0.78619,0.199365,3.23179,0.320293,,-0.348617,56.8524,9.35218,118.968,-0.348617,0.82,8.69270184636116,-3.873956859111786,1.94843,78.4800033569336,,,,,,,504.2,5.252083333,504.2,5.252083333,,,,,,,,,,,,,,,,,,,"Riley Greene","25976",682985
"Sal Stewart","CIN",89,379.706,338.594,93.0468,57.1997,17.1091,1.19482,17.5431,52.9265,54.6276,34.8029,1.86063,71.3531,3.04856,2.79068,0.470077,7.21479,5.74416,2.38402,0.274804,0.0916575,0.187917,0.487756,0.345163,0.487826,0.36247,0.832989,0.213022,4.23431,0.299038,,-0.29259,58.3207,13.888,127.189,-0.29259,-0.07,11.742438524961472,-4.8930690959095955,1.93759,161.8699951171875,,,,,,,525.8,5.907865168,525.8,5.907865168,,,,,,,,,,,,,,,,,,,"Sal Stewart","31505",701398
"Tyler Soderstrom","ATH",90,378.519,335.622,88.5854,51.0897,19.508,0.762619,17.225,52.5015,54.66,36.1244,1.72145,78.3956,3.3556,3.07369,0.343082,7.39484,3.50146,1.09498,0.263944,0.0954363,0.207111,0.460797,0.33864,0.480582,0.356636,0.819222,0.216638,3.73868,0.293573,,-0.193738,56.3821,12.0884,123.991,-0.193738,-0.66,10.469856560230255,-4.986309230327606,1.91859,82.8499984741211,,,,,,,507.7,5.641111111,507.7,5.641111111,,,,,,,,,,,,,,,,,,,"Tyler Soderstrom","27467",691016
"Jarren Duran","BOS",90,395.065,353.202,91.8629,53.8722,21.9181,1.97202,14.1005,56.126,49.838,34.3569,0.404499,91.2226,4.65352,2.10093,0.751553,5.73103,16.2058,3.38742,0.260086,0.0869653,0.230905,0.376627,0.331902,0.453074,0.345052,0.784975,0.192988,6.15677,0.311074,,1.39426,55.2071,8.97716,114.777,1.39426,1.66,8.249525308609009,-3.592234969139099,1.89298,64.04000091552734,,,,,,,508,5.644444444,508,5.644444444,,,,,,,,,,,,,,,,,,,"Jarren Duran","24617",680776
"Kazuma Okamoto","TOR",87,362.555,317.359,72.2109,39.7404,14.0542,0.385648,18.0306,45.8535,51.9025,37.3337,1.3421,94.8835,5.00896,2.40287,0.450029,6.03304,0.57691,0.238307,0.227537,0.102974,0.261708,0.393468,0.316354,0.444695,0.334087,0.761049,0.217158,2.26085,0.261933,,-0.388556,47.5026,5.07693,112.122,-0.388556,0,4.7723181545734406,0.7423746585845947,1.86462,999,,,,,,,423.9,4.872413793,423.9,4.872413793,,,,,,,,,,,,,,,,,,,"Kazuma Okamoto","37123",672960
"Jordan Walker","STL",88,381.467,344.645,88.868,51.3453,18.5202,1.42519,17.5773,53.088,54.6961,30.1783,0.806734,96.9797,4.04495,2.15928,0.439869,6.51276,7.70314,2.22853,0.257854,0.079111,0.254228,0.311181,0.323051,0.472865,0.347176,0.795916,0.215011,5.14996,0.306961,,0.205065,53.9514,9.31258,123.832,0.205065,-0.59,10.80292321741581,-4.791888058185577,1.85721,511.7200012207031,,,,,,,495,5.625,495,5.625,,,,,,,,,,,,,,,,,,,"Jordan Walker","27475",691023
"Isaac Paredes","HOU",93,392.914,337.438,77.9472,49.4057,14.0626,0.531697,13.9472,46.643,45.8946,43.7743,0.20369,63.9023,8.34264,2.93517,0.424033,6.19064,0.688975,0.301767,0.230997,0.111409,0.162637,0.685019,0.331382,0.399822,0.328127,0.731204,0.168824,2.26932,0.243788,,-0.49569,49.6177,3.63947,108.057,-0.49569,0.22,3.221753716468811,1.1559902727603912,1.85656,243.60000610351562,,,,,,,435.6,4.683870967,435.6,4.683870967,,,,,,,,,,,,,,,,,,,"Isaac Paredes","20036",670623
"Yandy Díaz","TBR",98,414.533,366.919,103.917,70.9888,16.7097,0.577185,15.6409,52.36,58.9282,39.9621,1.73188,58.1687,4.60026,2.41531,0.636495,12.031,1.37433,0.614598,0.283214,0.0964026,0.140323,0.687003,0.358734,0.459783,0.360394,0.818517,0.176569,2.418,0.298708,,-0.549131,62.9858,14.4777,128.462,-0.549131,-0.07,13.305552661418915,-9.908377952873707,1.83327,138.63999938964844,,,,,,,554.9,5.662244897,554.9,5.662244897,,,,,,,,,,,,,,,,,,,"Yandy Diaz","16578",650490
"Victor Caratini","MIN",73,284.561,251.784,61.9373,44.0736,10.4922,0,7.37157,30.713,31.3966,23.1835,0.49455,52.7571,5.84697,2.63756,0.382098,7.09109,0.454472,0.22706,0.245994,0.0814712,0.185398,0.439439,0.320928,0.375497,0.312397,0.696425,0.129503,1.95662,0.280842,,-0.367492,32.3751,-0.923876,96.0789,-0.367492,5.71,-1.6777495443820953,9.565633773803711,1.82908,681.02001953125,,,,,,,277,3.794520547,277,3.794520547,,,,,,,,,,,,,,,,,,,"Victor Caratini","14968",605170
"J.P. Crawford","SEA",90,382.008,326.876,79.5182,55.3883,15.0409,0.382396,8.70664,43.9294,38.465,45.5766,0.406518,72.5985,3.6698,2.13943,2.00092,8.3876,2.68966,0.965455,0.243267,0.119308,0.190044,0.62779,0.340412,0.371529,0.322614,0.711941,0.128262,3.03114,0.285865,,-0.380781,46.5658,1.86376,110.244,-0.380781,-3.63,4.214634299278259,0.13092374801635742,1.81421,748.5399780273438,,,,,,,402,4.466666666,402,4.466666666,,,,,,,,,,,,,,,,,,,"J.P. Crawford","15491",641487
"J.T. Realmuto","PHI",77,307.974,273.897,71.6829,46.7677,14.4209,1.49402,9.00029,38.8951,38.0511,21.9882,0.522684,66.8911,5.1497,2.45987,0.394413,5.76302,4.89586,1.55179,0.261715,0.0713965,0.217198,0.328717,0.32561,0.423855,0.33085,0.749465,0.16214,4.88019,0.312685,,-0.0231724,39.5583,3.51963,108.909,-0.0231724,-1.02,3.175445569679141,4.731234550476074,1.81303,212.27000427246094,,,,,,,345,4.48051948,345,4.48051948,,,,,,,,,,,,,,,,,,,"J.T. Realmuto","11739",592663
"Brandon Lowe","PIT",81,340.508,301.343,74.5243,42.8418,16.0492,0.538985,15.0942,43.7029,49.9968,33.1821,0.538826,83.352,3.20749,2.48722,0.287523,5.20339,1.96605,0.655214,0.247307,0.097449,0.244787,0.398097,0.326006,0.454412,0.34246,0.780419,0.207105,3.25067,0.28936,,-0.270373,46.8813,7.03551,116.555,-0.270373,-0.03,6.301086634397507,0.4605062622576952,1.80117,187.57000732421875,,,,,,,421.1,5.198765432,421.1,5.198765432,,,,,,,,,,,,,,,,,,,"Brandon Lowe","18882",664040
"Michael Busch","CHC",89,375.784,325.172,81.7347,47.5248,17.5896,0.490991,16.1294,50.0939,54.07,42.1906,0.855262,87.6106,5.22685,2.73872,0.456298,6.60355,1.65223,0.591417,0.251359,0.112273,0.233141,0.481569,0.344105,0.45728,0.352868,0.801384,0.205921,2.82295,0.292658,,-0.384687,54.8488,10.875,127.357,-0.384687,0.9,11.599569171667099,-5.998857617378235,1.7966,106.45999908447266,,,,,,,478.8,5.37977528,478.8,5.37977528,,,,,,,,,,,,,,,,,,,"Michael Busch","26319",683737
"Konnor Griffin","PIT",83,349.314,317.765,84.6468,58.6883,15.3391,3.01467,7.60474,47.3194,35.3234,22.6758,0.694645,91.2019,5.91401,1.82255,1.13681,5.65013,15.1632,3.7893,0.266382,0.0649151,0.261089,0.248632,0.325227,0.405424,0.323966,0.730651,0.139042,7.00948,0.348953,,1.0516,42.9559,2.07963,103.938,1.0516,0,2.6551839113235474,3.526329755783081,1.77021,999,,,,,,,398.1,4.796385542,398.1,4.796385542,,,,,,,,,,,,,,,,,,,"Konnor Griffin","35376",804606
"Roman Anthony","BOS",72,313.223,269.063,71.2409,45.1714,15.9217,0.922872,9.22498,41.8986,37.9962,39.5915,0.864821,73.3784,2.42897,1.81864,0.321124,6.7639,4.87422,1.45323,0.264775,0.1264,0.234269,0.539552,0.361971,0.433666,0.353743,0.795637,0.168891,4.33664,0.329385,,-0.0525349,45.9355,9.28257,120.664,-0.0525349,2.18,7.547718212008476,-1.7974555492401123,1.71217,50.75,,,,,,,398,5.527777777,398,5.527777777,,,,,,,,,,,,,,,,,,,"Roman Anthony","31812",701350
"Ezequiel Tovar","COL",91,385.743,355.083,95.5838,60.14,20.0454,2.92447,12.4739,48.9624,50.7075,20.9017,0.0658965,91.7061,2.5356,3.23361,3.98929,5.44303,5.54623,1.8165,0.269187,0.0541855,0.237739,0.22792,0.311774,0.4475,0.331567,0.759275,0.178313,5.29457,0.327029,,-0.0520431,49.7677,4.62856,97.2735,-0.0520431,1.23,-1.27810662612319,5.442963123321533,1.6815,209.22999572753906,,,,,,,448.3,4.926373626,448.3,4.926373626,,,,,,,,,,,,,,,,,,,"Ezequiel Tovar","24064",678662
"Christian Walker","HOU",97,409.529,363.696,87.5777,49.4567,15.8126,0.373939,21.9345,52.6704,60.9843,36.2396,1.37155,94.1041,5.66271,3.40041,0.530588,6.77961,1.83281,0.72299,0.240799,0.0884908,0.229786,0.385101,0.316578,0.467262,0.341628,0.78384,0.226463,2.77292,0.261466,,-0.381557,56.1134,8.19078,117.201,-0.381557,1.64,7.890496164560318,-5.87575376033783,1.67337,212.94000244140625,,,,,,,509,5.24742268,509,5.24742268,,,,,,,,,,,,,,,,,,,"Christian Walker","13419",572233
"Masyn Winn","STL",96,412.424,374.273,94.0611,66.2561,17.1822,3.0709,7.55184,48.0152,39.8066,28.6213,0.0739105,73.6128,3.83802,3.12942,2.56235,7.10564,7.77466,2.34367,0.251317,0.0693977,0.178488,0.388808,0.30869,0.374167,0.304478,0.682858,0.12285,5.28223,0.292026,,0.1025,44.3248,-3.93655,94.7024,0.1025,1.1,-2.444473274052143,5.54444420337677,1.65885,364.7799987792969,,,,,,,402.6,4.19375,402.6,4.19375,,,,,,,,,,,,,,,,,,,"Masyn Winn","27479",691026
"George Springer","TOR",91,378.991,331.412,85.6146,52.3222,15.3518,0.998018,16.9426,53.6911,50.6113,38.6321,0.579102,73.0719,4.17201,2.49292,0.57951,7.2964,7.00207,2.28264,0.258333,0.101934,0.192807,0.528686,0.340896,0.464045,0.353656,0.804942,0.205713,4.65212,0.281569,,-0.00651078,55.5544,11.2054,125.376,-0.00651078,-0.1,11.286641076207161,-8.794167138636112,1.61308,94.37999725341797,,,,,,,496.3,5.453846153,496.3,5.453846153,,,,,,,,,,,,,,,,,,,"George Springer","12856",543807
"Xavier Edwards","MIA",91,382.738,340.36,95.4959,74.1237,16.1376,2.25822,2.9763,46.276,32.7367,34.7516,1.0266,49.444,1.71292,2.67416,3.24001,7.79673,15.7226,4.27834,0.280573,0.0907971,0.129185,0.702847,0.347723,0.36749,0.321704,0.715213,0.0869167,5.63631,0.318359,,0.848352,46.3778,1.59028,102.941,0.848352,-0.14,2.1607508659362793,1.2643209546804428,1.59575,182.42999267578125,,,,,,,408.2,4.485714285,408.2,4.485714285,,,,,,,,,,,,,,,,,,,"Xavier Edwards","22266",669364
"Evan Carter","TEX",66,276.244,241.235,55.8947,34.5503,11.4188,1.42819,8.49744,36.3165,28.2356,28.3606,0.739188,60.509,3.59371,2.06126,0.993612,3.43316,10.7607,2.43774,0.231702,0.102665,0.219042,0.4687,0.31916,0.396552,0.318707,0.715712,0.164849,6.25291,0.271945,,0.826989,32.815,0.489299,102.503,0.826989,3.21,1.6387680172920227,4.165840446949005,1.58534,280.4800109863281,,,,,,,296.7,4.495454545,296.7,4.495454545,,,,,,,,,,,,,,,,,,,"Evan Carter","27790",694497
"Matt McLain","CIN",78,335.093,294.653,70.3712,43.3639,13.279,2.02407,11.7043,44.4786,37.6625,32.9853,0.272374,87.3944,3.98867,2.14844,1.31733,4.23416,9.40662,2.78668,0.238827,0.0984362,0.260806,0.37743,0.321609,0.416799,0.327564,0.738408,0.177972,5.72827,0.296743,,0.341873,42.166,2.95388,103.375,0.341873,1.4,1.6604540348052979,3.0788497924804688,1.57587,144.3000030517578,,,,,,,378.6,4.853846153,378.6,4.853846153,,,,,,,,,,,,,,,,,,,"Matt McLain","29695",680574
"Luke Keaschall","MIN",80,336.211,298.095,80.4614,56.1246,15.9585,2.19204,6.18628,43.4292,32.6718,28.9831,1.0492,52.5565,5.48444,3.15506,0.493579,5.5217,11.835,3.49171,0.269919,0.0862052,0.15632,0.551466,0.342338,0.400419,0.330631,0.742757,0.1305,5.90564,0.30628,,0.49237,43.1269,3.78396,108.428,0.49237,-1.45,3.8198139667510986,-0.2787433862686157,1.56759,114.8499984741211,,,,,,,380.6,4.7575,380.6,4.7575,,,,,,,,,,,,,,,,,,,"Luke Keaschall","33321",807712
"Tyler Stephenson","CIN",68,268.669,235.591,56.5134,34.6142,10.7442,0.384161,10.7708,32.9197,35.0347,27.8861,0.470819,73.6721,2.92127,1.86028,0.367892,4.72815,0.778458,0.327647,0.239879,0.103794,0.274211,0.378517,0.32551,0.425901,0.332675,0.75141,0.186021,2.73202,0.298955,,-0.305116,34.8998,3.46044,106.862,-0.305116,0.74,1.8441804647445679,4.842132329940796,1.55995,294.75,,,,,,,313.4,4.608823529,313.4,4.608823529,,,,,,,,,,,,,,,,,,,"Tyler Stephenson","17988",663886
"Marcus Semien","NYM",93,390.562,347.493,84.6352,54.5586,16.1976,1.69506,12.184,47.3829,45.117,33.6071,0.230955,71.2912,2.36753,3.64703,0.634082,5.58323,6.17044,1.83341,0.24356,0.0860479,0.182535,0.471406,0.311561,0.405116,0.317254,0.716677,0.161557,4.75901,0.270679,,0.0316896,45.9436,0.24048,104.579,0.0316896,-0.76,2.116697985678911,0.6751850843429565,1.55615,266.25,,,,,,,413.4,4.44516129,413.4,4.44516129,,,,,,,,,,,,,,,,,,,"Marcus Semien","12533",543760
"Teoscar Hernández","LAD",71,306.835,278.497,74.4997,44.8527,13.7713,1.37354,14.5022,44.7262,45.0999,22.6313,0.634115,77.5917,3.11391,2.21792,0.374648,5.68134,3.14884,0.994651,0.267506,0.0737573,0.252878,0.291672,0.327105,0.483037,0.352509,0.810143,0.215531,4.57786,0.318084,,-0.128217,44.6975,8.79207,125.82,-0.128217,-0.38,9.107433706521988,-3.6670371294021606,1.55603,125.41999816894531,,,,,,,404.6,5.698591549,404.6,5.698591549,,,,,,,,,,,,,,,,,,,"Teoscar Hernandez","13066",606192
"Josh Jung","TEX",87,362.208,332.719,86.0975,57.1022,17.4208,0.50717,11.0673,41.4072,44.6501,23.5792,0.360082,75.2188,3.12068,2.32593,0.463371,6.77621,1.95021,0.804414,0.258769,0.0650984,0.207667,0.313475,0.311815,0.413966,0.320347,0.725781,0.155197,2.90205,0.301618,,-0.358295,43.4993,1.11413,103.614,-0.358295,-0.02,1.1786668598651886,1.3225924782454967,1.55389,610.5,,,,,,,389,4.471264367,389,4.471264367,,,,,,,,,,,,,,,,,,,"Josh Jung","26299",673962
"Salvador Perez","KCR",93,367.551,333.621,83.9493,50.0207,16.1944,0,17.7342,42.5481,58.7016,20.2369,2.54251,72.9472,6.24117,3.39912,0.380883,6.06619,0.244831,0.1338,0.25163,0.0550588,0.198468,0.277418,0.30379,0.459642,0.330501,0.763432,0.208011,1.6624,0.268797,,-0.378184,47.1089,4.09863,106.095,-0.378184,-0.52,2.2523091435432434,0.0319942831993103,1.55074,91.13999938964844,,,,,,,430,4.623655913,430,4.623655913,,,,,,,,,,,,,,,,,,,"Salvador Perez","7304",521692
"Gleyber Torres","DET",86,362.882,312.782,79.5381,56.9416,14.0868,0.675394,7.83425,43.3747,37.3567,43.2788,0,61.1953,2.46182,3.35215,1.00783,7.15817,3.1999,1.63777,0.254293,0.119264,0.168637,0.707224,0.346194,0.37879,0.327536,0.724983,0.124497,3.35533,0.290176,,-0.545034,45.655,3.19098,106.836,-0.545034,-1.45,2.368041455745697,-0.4616891145706177,1.4952,261.510009765625,,,,,,,391.6,4.553488372,391.6,4.553488372,,,,,,,,,,,,,,,,,,,"Gleyber Torres","16997",650402
"Joey Ortiz","MIL",83,355.227,319.731,77.762,55.1336,11.7767,2.93657,7.91513,41.661,35.0787,26.5771,0.419864,61.1019,2.6637,2.30846,3.94701,6.45366,9.29101,2.74729,0.243211,0.0748172,0.172008,0.434963,0.304608,0.37268,0.301869,0.677288,0.129469,5.85262,0.276051,,0.315215,37.4405,-4.12773,91.5194,0.315215,2.71,-3.196631222963333,6.487738609313965,1.49258,743.4400024414062,,,,,,,342.6,4.127710843,342.6,4.127710843,,,,,,,,,,,,,,,,,,,"Joey Ortiz","25493",687401
"Cam Smith","HOU",72,302.993,268.714,66.3165,43.2399,12.1449,2.15938,8.77228,39.2985,31.9609,27.7943,0.669157,77.424,4.22293,1.77634,0.485364,5.03931,6.54865,1.75697,0.246792,0.0917326,0.255531,0.358988,0.325062,0.405997,0.324902,0.731058,0.159205,5.73698,0.312241,,0.217666,37.4853,2.02947,105.873,0.217666,4.77,2.3072730153799057,1.4992644786834717,1.47591,341.8699951171875,,,,,,,335.1,4.654166666,335.1,4.654166666,,,,,,,,,,,,,,,,,,,"Cam Smith","35108",701358
"Jonathan Aranda","TBR",91,388.011,336.988,86.775,54.4854,16.5549,0.741198,14.9936,47.1321,54.5672,41.6079,2.19756,91.6116,5.94606,3.1602,0.308952,7.18251,0.546632,0.200878,0.257502,0.107234,0.236106,0.454177,0.346475,0.444506,0.348332,0.79098,0.187004,2.31883,0.307359,,-0.475586,55.2336,9.82901,120.292,-0.475586,-0.33,8.770287096500397,-7.932703107595444,1.47542,195.60000610351562,,,,,,,492.1,5.407692307,492.1,5.407692307,,,,,,,,,,,,,,,,,,,"Jonathan Aranda","21837",666018
"Alec Bohm","PHI",82,358.296,326.047,89.1342,62.2837,16.4936,0.769162,9.58774,41.9433,44.9036,24.8819,0.50428,53.1648,3.07275,3.84178,0.452444,8.44389,1.26322,0.513663,0.273378,0.0694451,0.148382,0.468015,0.327207,0.416901,0.32843,0.744108,0.143523,2.88534,0.297775,,-0.408859,45.3325,3.40517,107.258,-0.408859,-0.63,2.622848093509674,0.1608949899673462,1.45044,239.8699951171875,,,,,,,401.6,4.897560975,401.6,4.897560975,,,,,,,,,,,,,,,,,,,"Alec Bohm","21618",664761
"Rafael Devers","SFG",97,403.91,348.106,85.0057,50.0343,17.6587,0.187844,17.1249,50.6564,55.3254,49.1683,4.6478,98.8658,3.79649,2.51587,0.322631,7.48108,1.19852,0.478782,0.244195,0.121731,0.244772,0.497324,0.341861,0.443584,0.344017,0.785445,0.19939,2.14807,0.289308,,-0.450995,56.1109,8.84594,121.924,-0.450995,-0.26,9.872166872024536,-8.658472776412964,1.43745,61.619998931884766,,,,,,,500.9,5.163917525,500.9,5.163917525,,,,,,,,,,,,,,,,,,,"Rafael Devers","17350",646240
"Jackson Holliday","BAL",70,297.095,262.394,65.621,43.3364,12.6758,1.23064,8.37813,39.0029,32.0797,30.1184,0.838584,66.9597,2.35886,1.86876,0.355649,5.65839,7.66197,2.17092,0.250086,0.101376,0.225381,0.4498,0.330587,0.403563,0.32666,0.73415,0.153477,5.31179,0.302993,,0.26962,37.1711,2.40537,107.928,0.26962,-0.74,3.0353246331214905,0.4028698205947876,1.41696,203.14999389648438,,,,,,,331.8,4.74,331.8,4.74,,,,,,,,,,,,,,,,,,,"Jackson Holliday","31781",702616
"Alec Burleson","STL",94,403.436,363.915,98.2259,64.3107,19.119,0.0892531,14.7069,49.1679,55.1262,31.1284,1.2151,58.4021,2.98127,3.91342,1.05031,8.36223,3.20385,1.21097,0.269915,0.077158,0.144762,0.533,0.329244,0.444181,0.339073,0.773425,0.174267,2.88369,0.283385,,-0.342652,54.4586,7.24903,118.304,-0.342652,0.18,8.265680849552155,-7.262297451496124,1.41431,175.19000244140625,,,,,,,485.8,5.168085106,485.8,5.168085106,,,,,,,,,,,,,,,,,,,"Alec Burleson","27615",676475
"Ozzie Albies","ATL",94,395.215,357.219,89.2849,57.9581,18.4474,1.1683,11.7111,46.8612,47.1474,29.8254,0.698341,54.8326,3.5548,4.21895,0.39669,6.23869,4.95182,1.67656,0.249944,0.0754662,0.138741,0.543935,0.310688,0.40648,0.316429,0.717167,0.156535,4.23393,0.263056,,-0.149792,46.2316,-0.0158825,100.219,-0.149792,-0.15,-0.04898075759410858,1.3006171882152557,1.41308,150.5,,,,,,,418,4.44680851,418,4.44680851,,,,,,,,,,,,,,,,,,,"Ozzie Albies","16556",645277
"Nick Gonzales","PIT",81,340.508,310.731,84.4624,59.2198,17.7189,2.48084,5.04283,39.6743,36.4181,21.5775,0.365739,64.5105,4.51863,2.77779,0.902285,6.97289,3.51486,1.11989,0.271818,0.0633686,0.189454,0.33448,0.32555,0.393496,0.319348,0.719046,0.121678,4.65426,0.325549,,-0.181573,40.6226,0.776849,100.788,-0.181573,1.38,0.13122901320457458,2.7882277965545654,1.40657,999,,,,,,,355.8,4.392592592,355.8,4.392592592,,,,,,,,,,,,,,,,,,,"Nick Gonzales","27490",693304
"Tyler O'Neill","BAL",72,305.891,266.84,63.9438,36.1453,11.0651,0.790946,15.9425,41.8472,43.8836,32.3847,1.01685,80.7588,4.04362,2.192,0.430758,4.50445,2.59168,0.844053,0.239634,0.10587,0.264012,0.401005,0.328593,0.466265,0.347719,0.794858,0.226632,3.88055,0.278542,,-0.18628,43.3947,7.59971,122.19,-0.18628,-0.88,7.7844293266534805,-4.964506983757019,1.38496,477.6400146484375,,,,,,,390.3,5.420833333,390.3,5.420833333,,,,,,,,,,,,,,,,,,,"Tyler O'Neill","15711",641933
"Nolan Arenado","ARI",88,375.173,340.073,86.019,57.6055,16.2498,0.550183,11.6135,41.62,49.7081,27.7225,1.76553,53.9463,3.37758,3.46504,0.535133,6.93148,1.57163,0.685936,0.252943,0.0738925,0.14379,0.513891,0.312619,0.406412,0.316573,0.719031,0.153469,2.64037,0.267667,,-0.403333,43.9302,0.0279032,99.8002,-0.403333,0.81,-0.49070099741220474,2.040210545063019,1.37854,638.0599975585938,,,,,,,400.5,4.551136363,400.5,4.551136363,,,,,,,,,,,,,,,,,,,"Nolan Arenado","9777",571448
"Zack Gelof","ATH",70,296.36,266.929,64.8635,39.0374,12.3141,1.57755,11.9344,41.859,35.7295,23.9509,0.306611,83.0668,1.98284,1.76087,1.73646,3.88161,10.0523,2.82829,0.242999,0.0808169,0.280291,0.288333,0.308181,0.435082,0.326381,0.743263,0.192083,6.20258,0.304736,,0.531638,37.0134,2.3338,103.501,0.531638,0.37,1.749908208847046,1.3231589794158936,1.37682,999,,,,,,,344.6,4.922857142,344.6,4.922857142,,,,,,,,,,,,,,,,,,,"Zack Gelof","29766",680869
"Jose Altuve","HOU",79,332.315,296.009,75.7955,50.155,13.673,1.21189,10.7555,42.6251,38.2836,30.4534,1.15517,57.9537,2.96064,2.065,0.826685,6.63169,5.81282,1.98203,0.256058,0.0916401,0.174394,0.525478,0.329452,0.419442,0.331192,0.748894,0.163385,4.52333,0.283565,,-0.0606824,42.7755,3.88844,110.134,-0.0606824,-2.15,3.893704503774643,-2.1500001447424317,1.36904,116.5199966430664,,,,,,,384.1,4.862025316,384.1,4.862025316,,,,,,,,,,,,,,,,,,,"Jose Altuve","5417",514888
"Daulton Varsho","TOR",86,357.721,321.026,73.5856,43.0408,15.5691,0.963514,14.0122,43.8593,44.234,30.3252,1.10716,81.1034,3.11319,2.49613,0.76008,4.80335,5.34114,1.5372,0.22922,0.0847735,0.226723,0.373908,0.29982,0.414665,0.31434,0.714485,0.185445,4.51921,0.260822,,0.0618083,41.2514,-0.608643,98.7482,0.0618083,-0.1,-0.4640103653073311,1.2271604761481285,1.35931,192.2100067138672,,,,,,,380,4.418604651,380,4.418604651,,,,,,,,,,,,,,,,,,,"Daulton Varsho","19918",662139
"Francisco Alvarez","NYM",50,193.82,171.986,39.8516,24.7334,7.09805,0.0458601,7.97429,22.7955,25.4195,17.6077,0.545334,49.7441,2.65212,1.25887,0.315533,4.03535,0.324423,0.153791,0.231715,0.0908455,0.256651,0.353965,0.310646,0.412617,0.320108,0.723263,0.180902,1.98741,0.275931,,-0.221748,23.2399,0.559337,106.527,-0.221748,2.43,1.2529531866312027,5.6494550704956055,1.33886,165.25,,,,,,,210.5,4.21,210.5,4.21,,,,,,,,,,,,,,,,,,,"Francisco Alvarez","26121",682626
"Jakob Marsee","MIA",77,323.331,278.579,63.8886,42.0098,13.172,1.32659,7.38016,40.7437,30.0502,35.1795,0.217418,69.8532,4.87229,2.12017,2.58019,4.79616,15.4234,3.90145,0.229338,0.108803,0.216042,0.50362,0.324053,0.365621,0.312022,0.689674,0.136283,6.12504,0.27773,,1.08181,36.6896,-1.14617,96.3363,1.08181,2.15,-0.2991199493408203,3.0881091952323914,1.33734,137.0800018310547,,,,,,,325.9,4.232467532,325.9,4.232467532,,,,,,,,,,,,,,,,,,,"Jakob Marsee","31370",805300
"Carson Kelly","CHC",61,238.422,209.815,51.2115,34.9013,8.4764,0.475032,7.35874,27.9128,28.9133,22.617,0.170815,43.8694,2.80841,2.11838,0.461773,4.81666,0.559855,0.223861,0.244079,0.0948611,0.183999,0.515552,0.322874,0.394224,0.320193,0.717098,0.150145,2.68151,0.272877,,-0.282367,28.6039,0.704086,105.065,-0.282367,0,1.1254815757274628,4.330246925354004,1.33525,591.9099731445312,,,,,,,244.5,4.008196721,244.5,4.008196721,,,,,,,,,,,,,,,,,,,"Carson Kelly","13620",608348
"Andrés Giménez","TOR",89,370.289,335.88,81.0771,58.9974,15.3706,1.0127,5.69632,42.5668,32.05,20.6015,0.755942,64.6573,8.92641,2.76977,2.11201,7.35749,12.8929,3.35215,0.241387,0.0556362,0.174613,0.318626,0.300412,0.344058,0.289603,0.64447,0.102671,5.4741,0.280961,,0.769794,35.4159,-7.91488,81.9945,0.769794,3,-7.059355974197388,7.120370388031006,1.3322,412.2200012207031,,,,,,,329.5,3.702247191,329.5,3.702247191,,,,,,,,,,,,,,,,,,,"Andres Gimenez","19950",665926
"Bryan Reynolds","PIT",93,392.367,341.888,90.7843,60.3047,18.7111,1.83854,9.92991,50.0579,46.3321,42.0185,1.51474,88.0686,5.28108,2.80657,0.372761,8.20284,3.94445,1.21905,0.265538,0.10709,0.224455,0.477112,0.35226,0.418156,0.342608,0.770416,0.152617,4.25004,0.327749,,-0.242588,54.0674,8.15319,116.656,-0.242588,-2.41,7.375881880521774,-7.030980825424194,1.3107,204.72000122070312,,,,,,,473.9,5.095698924,473.9,5.095698924,,,,,,,,,,,,,,,,,,,"Bryan Reynolds","19326",668804
"Ryan O'Hearn","PIT",81,340.508,299.769,81.3637,54.4011,16.0704,0.746625,10.1456,42.44,43.6181,34.0453,1.5809,62.8758,3.34205,2.81914,0.531956,7.22995,2.04299,0.631822,0.271421,0.099984,0.184653,0.541469,0.349293,0.431546,0.345006,0.780839,0.160125,3.23085,0.310228,,-0.303461,47.571,7.7252,118.293,-0.303461,-0.11,6.957696110010147,-5.03088603913784,1.30462,285.44000244140625,,,,,,,411.7,5.082716049,411.7,5.082716049,,,,,,,,,,,,,,,,,,,"Ryan O'Hearn","16442",656811
"Colt Emerson","SEA",79,334.749,300.503,70.5565,46.546,14.5856,0.843162,8.58164,38.6909,35.2405,27.0129,1.46186,84.4037,4.62675,1.85116,0.75512,5.94378,7.77942,2.16044,0.234794,0.080696,0.25214,0.320044,0.305982,0.374616,0.303168,0.680598,0.139822,4.96641,0.296007,,0.288572,35.628,-3.54391,97.074,0.288572,0,-0.8616158962249756,1.7818138599395752,1.29318,999,,,,,,,336,4.253164556,336,4.253164556,,,,,,,,,,,,,,,,,,,"Colt Emerson","33575",806068
"Jacob Wilson","ATH",65,273.864,253.841,74.5465,58.2238,12.2812,1.70743,2.33413,32.3694,27.0609,13.5675,0.257265,24.5561,2.7793,1.9361,1.73932,7.54101,2.49538,0.957538,0.293673,0.049541,0.0896654,0.55251,0.334014,0.383093,0.319361,0.717107,0.0894198,4.25331,0.315493,,-0.265693,32.6746,0.62746,98.7456,-0.265693,0.7,-0.6690831184387207,3.7092592120170593,1.29289,196.44000244140625,,,,,,,283,4.353846153,283,4.353846153,,,,,,,,,,,,,,,,,,,"Jacob Wilson","33266",805779
"Munetaka Murakami","CHW",66,275.75,228.795,48.9902,24.3327,8.0596,0.404176,16.1937,39.3112,42.9658,42.4033,1.8696,97.2856,2.86537,1.44129,0.245456,3.79102,4.29289,1.47913,0.214123,0.153774,0.352803,0.435864,0.342132,0.465217,0.354147,0.807348,0.251094,4.0014,0.280896,,-0.0856761,40.5285,8.2606,124.852,-0.0856761,0,7.961682379245758,-5.155270576477051,1.27564,999,,,,,,,358.8,5.436363636,358.8,5.436363636,,,,,,,,,,,,,,,,,,,"Munetaka Murakami","37120",808959
"Lars Nootbaar","STL",55,237.668,204.529,51.9075,32.1807,10.5614,0.345503,8.81992,31.2203,30.2644,29.1656,0.855778,44.6281,1.62371,1.6716,0.678482,4.71954,2.63255,0.918483,0.253791,0.122716,0.187775,0.653526,0.348947,0.438177,0.348252,0.787124,0.184386,3.44295,0.282075,,-0.160877,33.8171,6.00546,124.566,-0.160877,0.54,6.645360231399536,-1.944567859172821,1.25526,745.989990234375,,,,,,,298.6,5.429090909,298.6,5.429090909,,,,,,,,,,,,,,,,,,,"Lars Nootbaar","21454",663457
"JJ Bleday","CIN",73,313.282,273.699,67.0822,35.3239,14.8477,0.494789,16.4159,42.2491,46.7206,35.5581,0.912444,68.2207,1.55954,2.10201,0.363658,4.19336,2.18509,0.718866,0.245095,0.113502,0.217761,0.521221,0.332994,0.482893,0.355528,0.815887,0.237798,3.33026,0.265041,,-0.216422,46.3888,9.7289,122.453,-0.216422,-2.39,7.983617931604385,-5.706162452697754,1.25214,748.5800170898438,,,,,,,410.1,5.617808219,410.1,5.617808219,,,,,,,,,,,,,,,,,,,"JJ Bleday","26368",668709
"Colton Cowser","BAL",55,232.594,204.82,47.3211,28.3408,9.81232,0.550946,8.61703,30.1609,27.538,22.7501,0.562944,70.2715,3.06964,1.4643,0.490825,3.67743,4.76285,1.33392,0.231038,0.0978102,0.30212,0.323746,0.315121,0.410539,0.321806,0.72566,0.179501,4.91276,0.30381,,0.138728,28.2031,0.985215,104.64,0.138728,1.69,1.4060460031032562,2.0357933342456818,1.18637,251.72000122070312,,,,,,,262.2,4.767272727,262.2,4.767272727,,,,,,,,,,,,,,,,,,,"Colton Cowser","29591",681297
"Samuel Basallo","BAL",74,302.959,274.267,67.4561,40.7574,13.0703,0.278493,13.3499,37.4899,41.6482,24.2036,1.40713,71.2927,1.95556,2.02964,0.503563,5.62852,1.48807,0.601035,0.245951,0.0798907,0.235321,0.339496,0.309517,0.441662,0.328166,0.751179,0.195711,2.86197,0.282312,,-0.277461,38.2677,2.81581,108.948,-0.277461,0,2.9057911038398743,-1.9241502285003662,1.18566,160.94000244140625,,,,,,,338.2,4.57027027,338.2,4.57027027,,,,,,,,,,,,,,,,,,,"Samuel Basallo","28824",694212
"Jo Adell","LAA",85,357.263,326.001,79.3881,45.3606,14.4575,1.58216,17.9878,45.7544,50.452,22.7009,0.654834,88.4028,5.77296,2.39177,0.396303,5.0393,5.21398,1.69274,0.243521,0.0635413,0.247445,0.25679,0.302247,0.463107,0.333216,0.765355,0.219586,4.73664,0.276575,,-0.0159857,46.5616,4.7552,109.761,-0.0159857,-1.23,4.078881518915296,-5.102721929550171,1.17414,120.33000183105469,,,,,,,428.5,5.04117647,428.5,5.04117647,,,,,,,,,,,,,,,,,,,"Jo Adell","20220",666176
"Jimmy Crooks","STL",52,205.713,183.283,44.6116,29.5126,8.95414,0.403631,5.74128,23.2779,23.8342,17.2776,0.919106,53.9445,3.0962,1.29352,0.762272,4.00324,1.01603,0.234172,0.243403,0.0839889,0.262232,0.320284,0.317079,0.390636,0.3146,0.707714,0.147233,3.21152,0.311235,,-0.138965,23.7647,-0.307554,101.608,-0.138965,0.94,0.246588796377182,4.567160546779633,1.163,999,,,,,,,213.4,4.103846153,213.4,4.103846153,,,,,,,,,,,,,,,,,,,"Jimmy Crooks","31354",699625
"Steven Kwan","CLE",89,374.114,328.329,84.7109,67.7848,14.0793,1.16506,1.68169,40.1035,29.7191,37.7341,0.818602,34.7257,2.89518,3.15896,1.9968,7.64494,8.28849,2.53226,0.258006,0.100863,0.0928214,1.08663,0.33683,0.323351,0.301924,0.660181,0.0653446,4.60218,0.281378,,0.0832684,39.4476,-4.33065,90.9167,0.0832684,2.25,-3.9071008935570717,2.1368917524814606,1.15782,169.60000610351562,,,,,,,342.9,3.852808988,342.9,3.852808988,,,,,,,,,,,,,,,,,,,"Steven Kwan","24610",680757
"Patrick Bailey","CLE",53,201.671,181.604,39.3486,27.307,8.00419,0.0413461,3.99604,18.6911,19.866,15.7971,0.170271,49.6642,1.43302,1.58822,1.24821,3.36223,1.09043,0.443858,0.216672,0.078331,0.246264,0.318077,0.282297,0.327215,0.274949,0.609512,0.110543,2.54408,0.272925,,-0.186393,16.9381,-6.66113,72.6467,-0.186393,6.81,-6.664089649915695,10.899506092071533,1.15714,747.8900146484375,,,,,,,150.1,2.832075471,150.1,2.832075471,,,,,,,,,,,,,,,,,,,"Patrick Bailey","27478",672275
"Willi Castro","COL",82,347.463,307.655,80.5899,53.7921,16.3063,2.09673,8.39477,45.1389,39.4586,28.9257,0.373617,76.827,7.30639,2.41451,1.16191,6.1339,8.86783,2.53812,0.261949,0.0832484,0.221108,0.376505,0.337342,0.410441,0.333035,0.747783,0.148492,5.65218,0.321085,,0.287154,45.2345,4.57479,98.2747,0.287154,0.06,-0.41169291734695435,0.6692820750176907,1.15579,256.3399963378906,,,,,,,395.3,4.820731707,395.3,4.820731707,,,,,,,,,,,,,,,,,,,"Willi Castro","17338",650489
"Ramón Laureano","SDP",84,358.748,320.314,77.3378,47.7001,13.8134,2.16607,13.6582,48.1478,44.2851,28.8411,0.372416,96.3551,6.66008,2.41758,0.514635,6.12187,8.0452,2.77357,0.241443,0.0803938,0.268587,0.299321,0.314988,0.426013,0.327165,0.741,0.184569,5.57631,0.299361,,0.0610141,45.0287,3.04855,111.781,0.0610141,-1.45,4.988103289157152,-5.184107303619385,1.14588,224.47999572753906,,,,,,,409.6,4.876190476,409.6,4.876190476,,,,,,,,,,,,,,,,,,,"Ramon Laureano","17128",657656
"Luis Arraez","SFG",91,377.882,345.042,100.845,83.3131,15.9644,1.56761,0,40.2152,32.4643,23.0104,1.98777,14.7679,2.63547,3.45448,3.73966,9.1491,5.4817,1.98987,0.292269,0.0608931,0.0390806,1.55814,0.338083,0.347624,0.306975,0.685706,0.0553546,4.20336,0.302177,,-0.253824,41.3629,-2.85633,96.6532,-0.253824,0.12,-1.7281223237514496,0.9247232005000114,1.14569,280.04998779296875,,,,,,,360.3,3.959340659,360.3,3.959340659,,,,,,,,,,,,,,,,,,,"Luis Arraez","18568",650333
"Garrett Mitchell","MIL",71,306.606,266.95,58.7245,37.863,11.6635,1.54333,7.65467,37.6554,29.472,33.4378,0.820252,103.128,3.11423,1.23431,1.8698,4.82728,11.0447,2.35751,0.219983,0.109058,0.336352,0.324237,0.312652,0.361261,0.303899,0.673912,0.141278,6.09603,0.324454,,0.877048,32.811,-3.06764,92.9047,0.877048,1.91,-1.659004807472229,3.00567889213562,1.13485,691.1699829101562,,,,,,,308.1,4.339436619,308.1,4.339436619,,,,,,,,,,,,,,,,,,,"Garrett Mitchell","27555",669003
"Cole Young","SEA",81,343.61,304.656,71.999,47.9784,15.5748,0.866185,7.57962,38.5963,34.7226,30.8051,0.476206,63.3125,4.35809,2.28634,1.50512,6.22085,5.39471,1.5985,0.236329,0.0896513,0.184257,0.486557,0.313244,0.367776,0.305797,0.681019,0.131447,4.2073,0.272906,,0.0107879,37.2894,-2.9194,98.8542,0.0107879,-1.75,-0.45153131149709225,-0.5000001192092896,1.13268,704.2899780273438,,,,,,,334.4,4.128395061,334.4,4.128395061,,,,,,,,,,,,,,,,,,,"Cole Young","31680",702284
"Eugenio Suárez","CIN",87,370.783,327.15,75.9701,40.7016,14.5188,0.23422,20.5155,47.3762,57.2639,33.6409,0.328807,106.962,6.03437,3.28932,0.425462,4.70323,1.2798,0.53808,0.232218,0.0907294,0.288476,0.314512,0.312459,0.466159,0.34011,0.778618,0.233941,2.61809,0.273228,,-0.366699,50.3568,6.96824,111.935,-0.366699,-0.07,4.7920664846897125,-5.600202865898609,1.12213,97.91999816894531,,,,,,,458.6,5.271264367,458.6,5.271264367,,,,,,,,,,,,,,,,,,,"Eugenio Suarez","12552",553993
"Spencer Torkelson","DET",91,384.401,333.62,77.1691,43.3087,16.1771,0.90596,16.7773,48.2585,52.2223,41.9841,1.60632,102.841,5.11007,3.33289,0.354012,4.86556,1.35357,0.539277,0.231309,0.109219,0.267537,0.408241,0.323563,0.436096,0.334216,0.759658,0.204787,3.14701,0.277875,,-0.396509,50.4045,5.42237,111.36,-0.396509,-0.19,4.731482416391373,-7.305226266384125,1.11213,188.35000610351562,,,,,,,449.2,4.936263736,449.2,4.936263736,,,,,,,,,,,,,,,,,,,"Spencer Torkelson","27465",679529
"José Caballero","NYY",67,286.76,253.689,58.4771,40.6119,9.94985,1.77103,6.14431,41.66,21.3619,23.1918,0.280408,66.98,5.52399,1.77365,2.58165,3.45832,25.51,6.31018,0.230507,0.0808752,0.233575,0.346249,0.306824,0.35635,0.298799,0.663174,0.125843,7.89506,0.287009,,2.18161,29.5241,-4.03219,88.7442,2.18161,0,-1.608607292175293,2.422839403152466,1.11046,200.02999877929688,,,,,,,287.2,4.286567164,287.2,4.286567164,,,,,,,,,,,,,,,,,,,"Jose Caballero","23401",676609
"Logan O'Hoppe","LAA",63,242.394,218.54,50.8774,31.7702,9.09539,0.679609,9.33223,27.2278,29.8507,18.475,0.177558,63.6784,3.00562,1.58655,0.786796,3.90257,1.18847,0.43182,0.232806,0.0762191,0.262706,0.29013,0.299487,0.408753,0.313091,0.70824,0.175947,3.32805,0.282398,,-0.20574,27.7113,-0.653271,96.1309,-0.20574,-0.47,-1.307028353214264,3.6384227573871613,1.10741,246.50999450683594,,,,,,,247.9,3.934920634,247.9,3.934920634,,,,,,,,,,,,,,,,,,,"Logan O'Hoppe","24729",681351
"Travis Bazzana","CLE",78,327.349,286.92,67.3002,44.2446,14.883,1.04593,7.12666,39.4385,32.2893,33.5302,0.813755,78.8921,3.83167,2.01255,1.05512,5.31096,10.1094,2.38807,0.234561,0.102429,0.241003,0.425014,0.32076,0.368239,0.309938,0.688999,0.133678,5.31128,0.296548,,0.641268,36.603,-1.70303,96.3442,0.641268,0,-0.7640150785446167,0.12037032097578049,1.10607,999,,,,,,,330.6,4.238461538,330.6,4.238461538,,,,,,,,,,,,,,,,,,,"Travis Bazzana","34967",683953
"Carter Jensen","KCR",70,276.869,245.811,57.8932,35.082,12.9814,1.09984,8.72993,32.9146,33.7314,27.1496,0.911937,71.9945,1.56003,1.9323,0.415666,3.9508,2.559,0.776635,0.235519,0.0980594,0.260031,0.377107,0.313264,0.403822,0.317365,0.717086,0.168303,4.18552,0.294357,,-0.121616,32.5938,0.194945,97.198,-0.121616,1.25,-1.0325913652777672,2.1423778533935547,1.1054,999,,,,,,,296.7,4.238571428,296.7,4.238571428,,,,,,,,,,,,,,,,,,,"Carter Jensen","29478",695600
"Ha-Seong Kim","ATL",71,301.534,263.023,63.2104,43.9119,11.0679,1.51359,6.71692,38.5037,27.3523,30.3908,0.801614,53.2364,2.61365,2.24752,3.13205,5.05565,9.6057,3.17177,0.240323,0.100787,0.176552,0.570864,0.322571,0.370524,0.311078,0.693095,0.130201,5.55258,0.275152,,0.244599,33.9897,-1.29546,96.5679,0.244599,-1.18,-0.9618232995271683,2.1070371866226196,1.09767,748.3800048828125,,,,,,,308.5,4.345070422,308.5,4.345070422,,,,,,,,,,,,,,,,,,,"Ha-Seong Kim","27506",673490
"Andrew Vaughn","MIL",78,333.397,300.907,79.9752,51.0513,16.0962,0,12.8277,38.6857,50.1569,24.3474,0.283401,59.0154,4.37484,3.09492,0.672808,7.12593,0.417363,0.178428,0.26578,0.0730282,0.177012,0.41256,0.326689,0.447162,0.339929,0.773851,0.181382,1.7823,0.28923,,-0.389753,45.2314,6.21768,117.485,-0.389753,-0.36,6.405967950820923,-6.476116061210632,1.07641,272.2699890136719,,,,,,,399.6,5.123076923,399.6,5.123076923,,,,,,,,,,,,,,,,,,,"Andrew Vaughn","26197",683734
"Ryan Jeffers","MIN",34,135.459,117.3,29.8047,18.2024,5.83663,0.24177,5.52393,17.5109,17.2315,14.1256,0.17446,25.4458,2.37053,0.93367,0.729108,2.44128,0.579518,0.248878,0.25409,0.10428,0.187849,0.555126,0.343657,0.449247,0.350363,0.792904,0.195157,3.00624,0.278245,,-0.159496,19.5015,3.6503,121.792,-0.159496,1.56,3.3068794310092926,2.331604838371277,1.06415,298.05999755859375,,,,,,,174.7,5.138235294,174.7,5.138235294,,,,,,,,,,,,,,,,,,,"Ryan Jeffers","24618",680777
"Brendan Donovan","SEA",51,214.633,188.204,50.1491,34.6346,9.9023,0.316386,5.29582,25.7719,24.2626,20.2352,0.625573,29.0476,3.97713,1.63879,0.578179,4.93971,1.85136,0.720711,0.266461,0.0942778,0.135336,0.696622,0.347394,0.406854,0.336641,0.754248,0.140393,3.24509,0.288446,,-0.216875,28.5577,3.44157,119.745,-0.216875,-0.78,4.75949102640152,-1.9448148012161255,1.05764,268.5799865722656,,,,,,,241,4.725490196,241,4.725490196,,,,,,,,,,,,,,,,,,,"Brendan Donovan","24679",680977
"Ryan McMahon","NYY",62,264.93,231.393,50.4623,30.798,9.51515,0.221835,9.92724,31.531,32.0762,30.0257,0.592239,80.7364,1.45873,1.70516,0.347909,4.43655,1.85566,0.677519,0.21808,0.113334,0.304746,0.371898,0.309721,0.389825,0.312244,0.699546,0.171745,3.09486,0.284587,,-0.215884,30.1093,-0.892493,97.8498,-0.215884,0.98,-0.8848203718662262,1.936790108680725,1.05671,732.8599853515625,,,,,,,266,4.29032258,266,4.29032258,,,,,,,,,,,,,,,,,,,"Ryan McMahon","15112",641857
"Danny Jansen","TEX",54,206.7,178.772,35.883,21.2012,7.27341,0.468893,6.93954,22.6033,22.6504,22.1184,0.0657204,50.5409,3.61046,1.29247,0.57941,2.71421,0.849421,0.321836,0.20072,0.107007,0.244513,0.437633,0.299387,0.363104,0.29924,0.662492,0.162385,3.00727,0.236112,,-0.197431,21.3538,-2.83397,89.3183,-0.197431,1.68,-2.7901061177253723,5.84666645526886,1.05408,999,,,,,,,188.6,3.492592592,188.6,3.492592592,,,,,,,,,,,,,,,,,,,"Danny Jansen","16535",643376
"Justin Crawford","PHI",80,349.238,320.355,85.9694,64.9378,15.9038,1.65976,3.46807,43.5935,29.2598,22.7769,0.475791,70.4251,2.03683,1.41306,2.65621,7.74984,16.8601,3.34774,0.268357,0.0652189,0.201654,0.32342,0.319645,0.36084,0.30482,0.680485,0.0924836,6.30257,0.332835,,1.55744,37.6289,-3.23852,91.1512,1.55744,0,-2.0451077222824097,1.2345678806304932,1.05186,999,,,,,,,346.5,4.33125,346.5,4.33125,,,,,,,,,,,,,,,,,,,"Justin Crawford","31791",702222
"Luke Raley","SEA",63,266.815,233.992,54.4908,31.3482,10.0145,0.736621,12.3915,35.1648,35.4649,20.704,0.57017,81.5279,9.04974,1.41167,1.65725,4.68458,4.36503,1.04769,0.232874,0.077597,0.30556,0.25395,0.317715,0.440839,0.334659,0.758554,0.207965,4.88537,0.297554,,0.140914,35.08,3.85769,118.402,0.140914,-1.38,5.9065340757369995,-5.017992854118347,1.04667,748.25,,,,,,,310.7,4.931746031,310.7,4.931746031,,,,,,,,,,,,,,,,,,,"Luke Raley","19354",670042
"Cedric Mullins","TBR",75,316.303,278.818,61.7248,37.0008,11.5456,1.18934,11.9891,40.9611,35.7523,29.8598,0.313051,66.6449,2.98677,2.20967,2.32887,3.14402,15.0058,3.60541,0.22138,0.0944026,0.2107,0.448043,0.301303,0.400319,0.311325,0.701623,0.178939,6.2531,0.245737,,1.18098,35.7166,-1.29672,95.2289,1.18098,-1.46,-0.5911151170730591,-0.3025926351547241,1.04083,321.5,,,,,,,337.8,4.504,337.8,4.504,,,,,,,,,,,,,,,,,,,"Cedric Mullins","17929",656775
"Brandon Marsh","PHI",79,345.212,307.405,80.0849,54.4549,16.3833,1.52816,7.71846,42.8694,36.8608,31.9025,0.970557,87.8288,2.2418,2.25435,1.40898,5.51282,7.2934,1.96191,0.260519,0.0924141,0.25442,0.363235,0.332252,0.399083,0.325329,0.731334,0.138563,5.04635,0.337985,,0.217365,42.8258,2.42957,105.143,0.217365,0.05,2.2871018052101135,-3.1007534973323345,1.03845,609.72998046875,,,,,,,383.7,4.856962025,383.7,4.856962025,,,,,,,,,,,,,,,,,,,"Brandon Marsh","20202",669016
"Brayan Rocchio","CLE",84,352.68,315.621,76.3873,54.4464,16.1733,0.975836,4.79175,39.1747,31.0795,26.8401,0.400186,59.1871,5.04176,2.71613,2.46135,6.64049,10.3031,3.30544,0.242023,0.0761032,0.167821,0.453479,0.309147,0.344995,0.294981,0.654142,0.102972,4.92355,0.281476,,0.28015,35.24,-6.03016,86.214,0.28015,-0.2,-5.429223537445068,3.2313724011182785,1.03715,999,,,,,,,315.3,3.753571428,315.3,3.753571428,,,,,,,,,,,,,,,,,,,"Brayan Rocchio","23690",677587
"Spencer Steer","CIN",79,340.05,299.097,72.8212,44.314,14.5791,1.86312,12.065,43.7464,40.4896,33.432,0.26159,70.4499,4.45866,2.41463,0.647654,4.78168,5.3588,1.79336,0.24347,0.0983148,0.207175,0.47455,0.326196,0.425686,0.332919,0.751883,0.182216,4.9847,0.27743,,-0.0721975,44.2381,4.44594,107.029,-0.0721975,0.74,2.714247889816761,-3.392395257949829,1.03559,335.70001220703125,,,,,,,392.4,4.967088607,392.4,4.967088607,,,,,,,,,,,,,,,,,,,"Spencer Steer","26323",668715
"Josh Naylor","SEA",90,382.008,341.394,85.9829,58.3387,15.8837,0.0328681,11.7276,45.5472,45.2835,33.0701,3.00052,52.8059,3.56513,3.37736,0.391639,7.85166,9.46559,4.02902,0.251858,0.0865692,0.138232,0.626259,0.321489,0.401632,0.318858,0.723121,0.149775,3.88515,0.264972,,-0.212802,45.4247,0.722651,107.701,-0.212802,0.45,3.2415028661489487,-6.588077366352081,1.02419,67.45999908447266,,,,,,,416.7,4.63,416.7,4.63,,,,,,,,,,,,,,,,,,,"Josh Naylor","18839",647304
"Jake Cronenworth","SDP",58,248.364,212.853,49.6106,32.4022,10.2339,1.00098,5.97355,29.069,25.0473,27.7198,0.489868,49.3396,4.45,1.79988,1.07567,4.6032,2.06262,0.585222,0.233075,0.11161,0.198659,0.561816,0.331333,0.374752,0.318576,0.706086,0.141678,4.12681,0.273862,,-0.148915,29.4773,0.414119,105.922,-0.148915,-0.24,1.5657348483800888,0.49522925913333893,1.01891,738.2999877929688,,,,,,,255.1,4.398275862,255.1,4.398275862,,,,,,,,,,,,,,,,,,,"Jake Cronenworth","18036",630105
"Jake Meyers","HOU",61,256.078,229.114,57.0673,38.6581,11.3148,1.17232,5.92203,31.3359,25.2065,20.4282,0.221182,52.1031,3.28634,1.6579,1.59185,4.64685,5.93052,1.88429,0.249078,0.0797731,0.203466,0.392072,0.317431,0.386239,0.314042,0.70367,0.137161,5.2307,0.296071,,0.104792,29.4695,-0.496438,98.5181,0.104792,-0.02,-0.3408243656158447,0.9213579706847668,0.976591,738.1500244140625,,,,,,,259,4.245901639,259,4.245901639,,,,,,,,,,,,,,,,,,,"Jake Meyers","20308",676694
"Michael Massey","KCR",74,310.633,286.171,70.0306,43.3889,15.3782,0.652332,10.6112,34.2728,40.8209,16.8947,0.423735,56.9583,3.00031,3.1596,1.40798,4.46586,2.00236,0.683039,0.244716,0.054388,0.183362,0.296616,0.290809,0.414253,0.308728,0.705062,0.169537,3.38425,0.267944,,-0.194687,34.4349,-1.915,91.3485,-0.194687,1.17,-3.3504744172096252,1.9365313053131104,0.967103,999,,,,,,,319.6,4.318918918,319.6,4.318918918,,,,,,,,,,,,,,,,,,,"Michael Massey","27684",686681
"Joey Bart","PIT",33,126.223,111.61,27.3032,18.0789,4.88033,0.161229,4.18273,15.0486,15.7179,11.3056,0,35.2661,2.35433,0.75712,0.195709,2.65183,0.346741,0.138145,0.244631,0.0895689,0.279396,0.32058,0.325035,0.403676,0.325573,0.728711,0.159045,2.55419,0.317074,,-0.146876,15.6832,0.912797,105.034,-0.146876,2.26,0.5939043015241623,4.806296348571777,0.964873,999,,,,,,,130.3,3.948484848,130.3,3.948484848,,,,,,,,,,,,,,,,,,,"Joey Bart","21524",663698
"Kyle Stowers","MIA",82,344.757,304.271,71.8658,41.4207,16.0216,0.443252,13.9802,40.8988,48.2897,33.0967,1.13124,95.1639,4.36083,2.29682,0.731489,5.5765,2.34715,0.762752,0.23619,0.0960002,0.276032,0.347786,0.317777,0.4296,0.329314,0.747377,0.19341,3.05773,0.293205,,-0.23323,43.8619,3.51894,108.133,-0.23323,-0.62,3.035405844449997,-4.635012745857239,0.95625,164.42999267578125,,,,,,,389.2,4.746341463,389.2,4.746341463,,,,,,,,,,,,,,,,,,,"Kyle Stowers","26151",669065
"Christian Yelich","MIL",84,360.188,314.069,80.6352,54.4958,14.5939,0.867571,10.6779,45.5742,44.3632,41.1034,3.02603,86.914,2.49492,1.84147,0.679337,8.85793,9.1317,2.58944,0.256744,0.114116,0.241302,0.47292,0.345565,0.410731,0.335417,0.756296,0.153987,4.77225,0.320437,,0.291715,47.5736,5.42485,114.407,0.291715,-0.03,6.341049164533615,-8.455926207825541,0.953486,127.22000122070312,,,,,,,429.9,5.117857142,429.9,5.117857142,,,,,,,,,,,,,,,,,,,"Christian Yelich","11477",592885
"Jacob Young","WSN",67,279.79,249.805,62.1702,48.9224,9.30945,2.34047,1.5979,31.8563,17.681,17.8899,0.459952,48.6535,3.85564,1.72078,6.51853,5.80534,12.2943,3.08408,0.248875,0.0639404,0.173893,0.3677,0.307078,0.32407,0.285439,0.631148,0.075195,6.67128,0.300944,,0.84783,25.8335,-6.90711,79.5709,0.84783,5.14,-5.815411567687988,6.173950433731079,0.946203,746.0700073242188,,,,,,,233.9,3.491044776,233.9,3.491044776,,,,,,,,,,,,,,,,,,,"Jacob Young","29931",696285
"Casey Schmitt","SFG",85,352.819,321.772,80.4014,50.466,15.1179,1.68805,13.1294,43.1291,44.0358,22.3345,0.757424,75.8883,4.38466,2.79203,1.53483,5.17637,4.19405,1.34305,0.24987,0.0633032,0.215092,0.294308,0.30494,0.429756,0.321938,0.734696,0.179886,4.53847,0.285599,,-0.093778,42.818,1.53158,106.861,-0.093778,-0.44,2.72817412763834,-4.754480302333832,0.938629,999,,,,,,,385.9,4.54,385.9,4.54,,,,,,,,,,,,,,,,,,,"Casey Schmitt","27577",669477
"Dylan Crews","WSN",77,322.535,293.164,70.7414,46.3663,13.2529,2.10493,9.01724,39.3507,36.5301,22.0843,0.943516,72.936,4.52389,2.23268,0.530808,5.38189,10.9766,3.2052,0.241303,0.0684709,0.226133,0.30279,0.302324,0.393145,0.307495,0.695469,0.151842,6.02052,0.289183,,0.525716,35.438,-2.30465,94.6182,0.525716,2.6,-1.4978064894676208,0.41107845306396484,0.936701,282.2200012207031,,,,,,,331.8,4.309090909,331.8,4.309090909,,,,,,,,,,,,,,,,,,,"Dylan Crews","33541",686611
"Chase Meidroth","CHW",82,340.349,299.978,74.804,57.9669,11.5212,1.58423,3.73157,37.304,27.2194,32.3695,0,59.0119,4.23752,1.84848,1.91522,8.4701,5.20597,1.99471,0.249365,0.0951068,0.173387,0.548524,0.329196,0.335652,0.303667,0.664848,0.0862876,4.50347,0.297271,,-0.248484,36.359,-3.4682,90.6636,-0.248484,-0.17,-3.9798813611268997,1.1587036401033401,0.92898,646.8699951171875,,,,,,,315.7,3.85,315.7,3.85,,,,,,,,,,,,,,,,,,,"Chase Meidroth","31580",805367
"Luis Robert Jr.","NYM",50,210.378,188.843,46.1885,28.9061,8.51129,0.788602,7.98251,29.8974,24.1577,17.1676,0.87142,54.0045,2.30763,1.44729,0.394177,2.31136,11.2016,3.00873,0.244587,0.081604,0.256703,0.317893,0.313034,0.424821,0.324252,0.737855,0.180234,6.50843,0.297779,,0.774366,25.9185,1.30034,109.353,0.774366,-1.33,3.068265199661255,-0.6843714714050293,0.928609,105.63999938964844,,,,,,,245.1,4.902,245.1,4.902,,,,,,,,,,,,,,,,,,,"Luis Robert Jr.","20043",673357
"Luis García Jr.","WSN",70,292.419,271.658,74.1525,49.1955,14.997,0.523573,9.43648,35.4663,39.7092,16.593,0.768478,43.7086,1.04702,2.74238,0.378699,5.95203,6.6395,2.34193,0.272963,0.0567438,0.149472,0.379628,0.314314,0.436232,0.327952,0.750547,0.16327,4.46405,0.292495,,0.0402895,36.8865,2.66798,108.574,0.0402895,0.33,2.963142529129982,-3.1925441324710846,0.926867,261.8500061035156,,,,,,,337.9,4.827142857,337.9,4.827142857,,,,,,,,,,,,,,,,,,,"Luis Garcia Jr.","20391",671277
"Royce Lewis","MIN",69,289.434,262.788,61.692,37.3098,12.6608,0.640852,11.0807,34.9669,35.5984,22.0113,0.449126,65.4751,2.08331,2.13586,0.415831,3.9661,5.05947,1.91034,0.23476,0.0760494,0.226218,0.336178,0.296821,0.414314,0.312856,0.711135,0.179554,4.29922,0.268684,,-0.0740106,33.0351,-0.834042,96.3897,-0.0740106,-0.28,-1.3010502234101295,0.22783473134040833,0.926185,193.64999389648438,,,,,,,306.9,4.447826086,306.9,4.447826086,,,,,,,,,,,,,,,,,,,"Royce Lewis","20437",668904
"Sam Antonacci","CHW",73,305.639,267.289,70.1112,51.1747,13.8175,1.4319,3.68715,36.7827,25.2133,24.4747,1.19936,51.8888,9.03005,2.0303,2.8146,6.5667,10.7638,2.80569,0.262305,0.0800772,0.169771,0.471677,0.342165,0.366098,0.319604,0.708263,0.103793,5.74992,0.310765,,0.588355,36.525,0.759518,101.458,0.588355,0,1.1115174293518066,-2.753772258758545,0.925771,999,,,,,,,320.4,4.389041095,320.4,4.389041095,,,,,,,,,,,,,,,,,,,"Sam Antonacci","35101",803011
"Edmundo Sosa","PHI",59,255.638,233.648,58.9144,38.1157,10.5908,1.75733,8.45062,31.593,30.8773,12.1822,0.291029,56.5659,5.62502,1.70394,2.24409,4.78248,3.44339,1.07213,0.25215,0.047654,0.221273,0.215362,0.303056,0.421025,0.318411,0.724081,0.168875,5.15251,0.296261,,-0.0286893,30.3071,0.392678,100.424,-0.0286893,1.12,0.09752550348639488,0.7845548987388611,0.921474,999,,,,,,,271.8,4.606779661,271.8,4.606779661,,,,,,,,,,,,,,,,,,,"Edmundo Sosa","17022",624641
"Tommy Edman","LAD",59,254.206,230.667,56.6931,37.9859,11.2508,1.02768,6.42881,32.3007,27.8731,17.8526,0.411624,44.0253,2.59232,1.9121,1.18258,5.15272,4.96873,1.36329,0.245779,0.0702286,0.173187,0.405507,0.304864,0.387076,0.306933,0.691941,0.141297,5.05704,0.275988,,0.145653,27.8169,-1.92996,94.7275,0.145653,1.39,-1.4168094247579575,2.3004937767982483,0.916986,730.1199951171875,,,,,,,251.9,4.269491525,251.9,4.269491525,,,,,,,,,,,,,,,,,,,"Tommy Edman","19470",669242
"Liam Hicks","MIA",77,312.618,272.58,67.9011,47.8121,12.7448,0.422214,6.922,33.4907,34.894,30.5223,0.698314,41.4801,5.66534,2.72232,1.12877,6.83561,1.21677,0.460523,0.249105,0.0976343,0.132686,0.73583,0.334164,0.375143,0.319305,0.709307,0.126037,2.57282,0.268749,,-0.364077,37.2845,0.702341,101.304,-0.364077,1.3,0.11128881573677063,-1.1390838623046875,0.910521,748.5399780273438,,,,,,,324.2,4.21038961,324.2,4.21038961,,,,,,,,,,,,,,,,,,,"Liam Hicks","29844",689414
"Heliot Ramos","SFG",61,254.492,229.338,59.9239,38.7567,11.1297,0.76825,9.26931,32.2696,32.525,19.6632,0.645674,58.2732,3.35622,1.7157,0.418531,5.21457,2.16508,0.790227,0.26129,0.0772646,0.228979,0.337431,0.326454,0.437772,0.336265,0.764227,0.176482,3.87377,0.309792,,-0.197127,33.7849,4.00453,116.635,-0.197127,-1.05,4.7381641417741776,-3.9995884895324707,0.903011,218.8000030517578,,,,,,,299.2,4.904918032,299.2,4.904918032,,,,,,,,,,,,,,,,,,,"Heliot Ramos","22515",671218
"Henry Bolte","ATH",55,230.828,209.195,52.9354,35.9893,9.68118,1.82571,5.4392,32.1668,21.9395,17.2407,0.16711,70.0516,2.93158,0.977291,0.483828,4.02789,10.2943,2.34316,0.253044,0.0746906,0.30348,0.246114,0.317384,0.394779,0.317012,0.712163,0.141735,7.17947,0.352657,,0.821488,27.109,0.0977756,97.1552,0.821488,0,0.05040395259857178,0.6601508259773254,0.899528,999,,,,,,,248.6,4.52,248.6,4.52,,,,,,,,,,,,,,,,,,,"Henry Bolte","31448",703607
"Kerry Carpenter","DET",71,298.326,268.459,65.6373,37.205,13.0886,0.838609,14.505,38.0343,43.8271,22.4132,0.652258,77.6006,4.55785,2.21082,0.28877,4.51373,1.31041,0.44232,0.244497,0.0751298,0.26012,0.288828,0.311141,0.461591,0.337104,0.772733,0.217095,3.41409,0.286352,,-0.238286,39.8032,4.8934,113.316,-0.238286,-0.42,4.426647141575813,-6.086225897073746,0.897806,236.22000122070312,,,,,,,368.9,5.195774647,368.9,5.195774647,,,,,,,,,,,,,,,,,,,"Kerry Carpenter","25961",681481
"Spencer Horwitz","PIT",79,331.701,287.997,73.9201,49.3957,15.7409,0.097078,8.68646,39.3677,39.5252,37.3564,0.721228,52.3246,3.44982,2.51558,0.382438,6.99821,1.08937,0.507758,0.25667,0.112621,0.157746,0.713935,0.346272,0.402485,0.335054,0.748757,0.145816,2.24191,0.284241,,-0.439946,43.7153,4.90004,111.503,-0.439946,0.32,4.008045345544815,-5.807344615459442,0.893308,738.1500244140625,,,,,,,376.5,4.765822784,376.5,4.765822784,,,,,,,,,,,,,,,,,,,"Spencer Horwitz","26477",687462
"Kyle Higashioka","TEX",50,192.212,174.856,37.3259,23.5404,7.4893,0,6.29618,19.1996,22.2973,13.327,0.059999,47.9041,1.14112,1.32345,0.775385,2.80837,0.967738,0.459353,0.213467,0.0693351,0.249226,0.278202,0.271674,0.364321,0.282635,0.635996,0.150855,2.5239,0.254386,,-0.184911,17.3187,-5.17367,78.0723,-0.184911,3.78,-5.1341965943574905,7.071131229400635,0.887206,999,,,,,,,152.8,3.056,152.8,3.056,,,,,,,,,,,,,,,,,,,"Kyle Higashioka","5517",543309
"Chase DeLauter","CLE",76,318.581,286.607,73.309,48.7759,15.5004,0.586762,8.4459,36.5228,37.936,27.6259,0.716339,47.2051,1.6572,2.23646,0.454527,6.45615,2.43092,0.814971,0.255782,0.0867153,0.148173,0.585231,0.322488,0.402365,0.321534,0.724853,0.146583,3.39802,0.278152,,-0.235726,38.5606,1.28067,104.198,-0.235726,0,1.3347211629152298,-3.8398444652557373,0.883493,999,,,,,,,340.1,4.475,340.1,4.475,,,,,,,,,,,,,,,,,,,"Chase DeLauter","32127",800050
"Adolis García","PHI",89,385.47,347.617,81.4229,49.2394,15.9092,0.729077,15.5452,47.0785,51.3169,29.6404,0.472563,100.429,4.16861,3.57902,0.465144,5.63157,5.87322,2.20488,0.234232,0.0768942,0.260536,0.295138,0.2993,0.418351,0.315692,0.71765,0.184119,4.18278,0.280066,,-0.140268,44.8657,-0.241519,98.5684,-0.140268,1.23,-0.7835802286863327,-2.826488494873047,0.882096,213.99000549316406,,,,,,,415.9,4.673033707,415.9,4.673033707,,,,,,,,,,,,,,,,,,,"Adolis Garcia","19287",666969
"Austin Martin","MIN",60,250.453,217.152,57.7213,41.9513,11.0684,1.52623,3.1754,32.2929,20.3373,25.6232,0.232353,39.212,4.11507,1.60227,1.96047,5.05072,8.3869,2.8767,0.265811,0.102307,0.156564,0.653453,0.351961,0.374707,0.328688,0.726668,0.108896,5.75064,0.309276,,0.144598,31.7394,2.43178,107.112,0.144598,-0.04,2.23631152510643,-2.3800673857331276,0.88206,748.5599975585938,,,,,,,276.1,4.601666666,276.1,4.601666666,,,,,,,,,,,,,,,,,,,"Austin Martin","27462",668885
"Daylen Lile","WSN",87,364.31,332.007,87.9693,57.6305,20.8254,2.17464,7.33876,43.2,41.8504,25.2553,0.695154,63.5693,3.30857,3.00033,0.738347,5.33224,9.30403,2.19981,0.264962,0.0693238,0.174492,0.397289,0.320524,0.4071,0.321334,0.727624,0.142138,5.60327,0.305304,,0.533233,44.0374,1.40636,104.059,0.533233,0.43,2.257128596305847,-5.283824265003204,0.873234,206.50999450683594,,,,,,,394.4,4.533333333,394.4,4.533333333,,,,,,,,,,,,,,,,,,,"Daylen Lile","29995",695734
"Jake Burger","TEX",92,383.458,352.027,85.0517,50.1231,16.2265,0.950056,17.752,46.1875,53.9553,23.3681,0.464651,93.1734,5.27277,2.31253,0.477877,6.94709,1.39741,0.503814,0.241606,0.0609405,0.242982,0.250802,0.296863,0.444382,0.324023,0.741245,0.202776,3.25939,0.276483,,-0.320396,47.1722,2.30048,106.103,-0.320396,-0.15,2.427726089954376,-7.311865717172623,0.871471,236.72000122070312,,,,,,,428.4,4.656521739,428.4,4.656521739,,,,,,,,,,,,,,,,,,,"Jake Burger","22275",669394
"Carson Benge","NYM",70,296.087,267.754,68.1473,45.7209,13.7877,1.14492,7.49378,36.8776,32.0738,23.2079,0.863378,65.4045,2.91358,1.73864,0.472644,5.13421,7.61223,1.95709,0.254514,0.0783822,0.220896,0.354837,0.318891,0.398523,0.318163,0.717414,0.144009,5.38643,0.308521,,0.366981,35.044,0.396284,105.199,0.366981,0,2.1616106629371643,-3.0528717041015625,0.870813,999,,,,,,,312.5,4.464285714,312.5,4.464285714,,,,,,,,,,,,,,,,,,,"Carson Benge","35177",701807
"Caleb Durbin","BOS",72,313.223,279.946,69.0663,49.5624,12.8614,1.89502,4.7474,36.9154,28.2795,20.1546,0.500872,38.2699,7.90766,2.29428,2.92002,6.72381,10.6186,3.02511,0.246712,0.0643459,0.122181,0.526644,0.313012,0.357068,0.301233,0.67008,0.110356,5.85698,0.268865,,0.501895,32.8548,-3.79815,85.0997,0.501895,1.34,-4.978574335575104,2.451111078262329,0.862012,219.8300018310547,,,,,,,299,4.152777777,299,4.152777777,,,,,,,,,,,,,,,,,,,"Caleb Durbin","29646",702332
"Trevor Story","BOS",50,218.246,197.747,48.8163,31.3754,8.76041,1.18678,7.49371,27.759,26.8408,13.8209,0.406873,59.4221,2.28772,1.57288,0.496183,2.9892,6.74262,1.92877,0.246863,0.0633271,0.272272,0.232588,0.301376,0.416854,0.315577,0.71823,0.169991,5.978,0.312096,,0.325027,25.3822,-0.156664,94.8148,0.325027,-0.54,-1.0038345754146576,1.774814784526825,0.860679,111.33000183105469,,,,,,,229.7,4.594,229.7,4.594,,,,,,,,,,,,,,,,,,,"Trevor Story","12564",596115
"Sean Murphy","ATL",38,148.328,129.084,28.8621,17.6434,5.63699,0,5.58175,17.5059,18.7622,14.393,0.222245,39.9337,3.3422,0.927386,0.214686,2.9599,0.115003,0.0568799,0.223591,0.0970352,0.269226,0.360423,0.315386,0.396984,0.318484,0.71237,0.173393,1.86632,0.27552,,-0.177311,17.5936,0.236463,101.621,-0.177311,1.98,0.10294732451438904,3.5807673931121826,0.86043,746.0599975585938,,,,,,,158.2,4.163157894,158.2,4.163157894,,,,,,,,,,,,,,,,,,,"Sean Murphy","19352",669221
"Yainer Diaz","HOU",45,176.909,165.609,43.7961,29.8308,7.90226,0.41016,5.65292,19.9002,22.3026,8.32963,0.365572,29.9008,1.15276,1.53324,0.284746,4.09112,0.42626,0.164665,0.264456,0.0470843,0.169018,0.278575,0.301649,0.419528,0.315706,0.721178,0.155073,2.70419,0.289868,,-0.178103,20.5928,-0.108884,99.6449,-0.178103,-0.57,-0.2518773376941681,2.3466667532920837,0.848621,113.04000091552734,,,,,,,187,4.155555555,187,4.155555555,,,,,,,,,,,,,,,,,,,"Yainer Diaz","23003",673237
"Anthony Volpe","NYY",47,203.411,183.409,43.2213,27.4412,8.62426,1.24264,5.91316,26.3742,21.2064,15.4472,0.18475,47.4279,1.84605,1.63367,1.07532,3.10713,7.13737,2.1099,0.235655,0.075941,0.233163,0.325699,0.29908,0.392949,0.306384,0.692029,0.157294,6.21607,0.283278,,0.342866,22.1697,-1.63316,93.8813,0.342866,0.2,-1.1186515986919403,2.2813205271959305,0.847787,641.989990234375,,,,,,,204.7,4.355319148,204.7,4.355319148,,,,,,,,,,,,,,,,,,,"Anthony Volpe","27647",683011
"Ryan Waldschmidt","ARI",66,282.869,251.496,61.238,41.4701,12.2993,2.15062,5.31804,34.5621,28.0916,24.7292,0.513822,72.4216,4.16875,1.77393,0.701106,3.88127,7.75204,2.17602,0.243495,0.087423,0.256026,0.341462,0.319441,0.372939,0.31034,0.692381,0.129444,5.9891,0.318578,,0.311355,31.7197,-1.38127,95.5476,0.311355,0,-1.156825304031372,0.44560182094573975,0.846341,999,,,,,,,280.4,4.248484848,280.4,4.248484848,,,,,,,,,,,,,,,,,,,"Ryan Waldschmidt","35061",814439
"Jeff McNeil","ATH",76,321.79,285.562,72.9328,50.1011,15.9855,0.517184,6.32903,36.8843,34.0549,26.9712,1.1741,40.3593,5.00715,2.6623,1.58755,6.65666,1.59893,0.658635,0.255401,0.0838163,0.125421,0.668278,0.32764,0.381493,0.316684,0.709134,0.126092,2.94506,0.275751,,-0.35634,37.7076,0.052193,96.9326,-0.35634,-2.32,-1.5153960883617401,-1.4641441106796265,0.846259,440.5199890136719,,,,,,,328.3,4.319736842,328.3,4.319736842,,,,,,,,,,,,,,,,,,,"Jeff McNeil","15362",643446
"Vinnie Pasquantino","KCR",94,390.704,347.111,87.1349,53.5109,19.2624,0.523095,13.8385,46.0571,52.5037,35.1713,1.80482,58.0886,3.63134,4.18323,0.606831,6.86305,1.05835,0.389903,0.251029,0.0900205,0.148677,0.605478,0.322837,0.42914,0.330087,0.751976,0.178111,2.44505,0.262366,,-0.403283,49.9477,4.22812,105.814,-0.403283,-0.2,2.264219641685486,-7.673832610249519,0.843448,77.0999984741211,,,,,,,451.5,4.803191489,451.5,4.803191489,,,,,,,,,,,,,,,,,,,"Vinnie Pasquantino","27676",686469
"Joe Mack","MIA",61,232.759,210.071,45.8136,30.5717,9.39279,0.309928,5.53924,22.4754,25.4541,18.5055,0.440972,62.6016,2.22753,1.36437,0.59077,4.19995,1.41766,0.474018,0.218086,0.079505,0.268954,0.295608,0.286631,0.344855,0.283462,0.631485,0.126768,2.92852,0.28106,,-0.165975,21.1252,-6.11203,76.8517,-0.165975,2.54,-6.446993961930275,7.246789932250977,0.838662,999,,,,,,,195,3.196721311,195,3.196721311,,,,,,,,,,,,,,,,,,,"Joe Mack","29780",691788
"Luis Campusano","SDP",47,183.316,164.769,38.8151,26.1843,7.06503,0.0562117,5.50954,19.6727,21.1575,15.1692,0.116589,37.9887,1.73082,1.33406,0.312603,3.92451,0.218164,0.102839,0.235572,0.0827488,0.207231,0.399308,0.304448,0.379447,0.305319,0.683895,0.143874,1.82243,0.271649,,-0.214771,19.8243,-1.62709,96.878,-0.214771,0,-0.8819412589073181,3.2397119998931885,0.83797,999,,,,,,,181.1,3.853191489,181.1,3.853191489,,,,,,,,,,,,,,,,,,,"Luis Campusano","22217",669134
"Coby Mayo","BAL",47,198.389,177.73,41.2282,23.2801,8.01603,0.933695,8.9984,25.6042,26.4664,16.9749,0.505958,54.3088,2.3363,1.1106,0.237311,2.62682,1.70171,0.564143,0.231971,0.0855638,0.273748,0.312564,0.30552,0.439468,0.326571,0.744988,0.207498,4.52201,0.278964,,-0.101678,24.8074,1.59217,107.867,-0.101678,-1.13,1.7311097458004951,-0.4992968440055847,0.836907,459.1600036621094,,,,,,,223.1,4.74680851,223.1,4.74680851,,,,,,,,,,,,,,,,,,,"Coby Mayo","28312",691723
"Ezequiel Duran","TEX",68,284.937,262.524,62.4668,41.7612,11.9368,2.14773,6.62116,33.9895,27.4455,16.9858,0.365697,65.8389,2.67841,1.57388,1.17532,4.04198,8.02309,2.26977,0.237947,0.0596124,0.231065,0.25799,0.289436,0.375442,0.294596,0.664879,0.137495,6.18759,0.291413,,0.371654,28.3839,-4.95912,86.1728,0.371654,1.25,-4.254834681749344,2.4560070037841797,0.83556,999,,,,,,,265.8,3.908823529,265.8,3.908823529,,,,,,,,,,,,,,,,,,,"Ezequiel Duran","23733",677649
"Victor Scott II","STL",80,345.517,306.102,68.6674,50.9345,11.0914,2.00819,4.63336,42.1072,22.2809,26.4498,0.340963,80.8362,4.61809,2.5708,5.77654,5.17719,21.7531,3.5261,0.224328,0.0765513,0.233957,0.327202,0.293563,0.319094,0.278024,0.612657,0.0947652,7.26024,0.286887,,2.50169,29.8649,-10.5671,76.6551,2.50169,2.86,-6.901293039321899,4.094567775726318,0.834747,391.1300048828125,,,,,,,294.3,3.67875,294.3,3.67875,,,,,,,,,,,,,,,,,,,"Victor Scott II","31349",687363
"Jordan Lawlar","ARI",49,212.4,190.851,47.2525,30.7947,9.48314,1.74321,5.23144,27.5283,23.0852,16.5897,0.556035,55.4907,2.73806,1.31847,0.901993,3.03364,7.60136,1.78037,0.247588,0.0781063,0.261256,0.298964,0.314804,0.397778,0.315838,0.712582,0.15019,6.74422,0.319679,,0.544732,24.7463,-0.108384,99.2987,0.544732,1.54,0.37108825147151947,0.9728702902793884,0.828376,261.6499938964844,,,,,,,226.3,4.618367346,226.3,4.618367346,,,,,,,,,,,,,,,,,,,"Jordan Lawlar","29976",691783
"Brenton Doyle","COL",57,239.494,217.268,56.9424,35.7018,10.4772,2.21579,8.54763,34.3208,29.6077,17.1858,0.119932,62.5508,1.41553,1.80389,1.82139,3.20596,9.70047,2.56959,0.262084,0.0717587,0.261178,0.27475,0.317847,0.448728,0.335476,0.766575,0.186644,6.91866,0.327051,,0.619547,31.6435,3.61818,99.94,0.619547,-1.13,0.6027971915900707,-0.2503703832626343,0.814606,166.25,,,,,,,291.8,5.119298245,291.8,5.119298245,,,,,,,,,,,,,,,,,,,"Brenton Doyle","25479",686668
"Amed Rosario","NYY",42,180.589,167.797,45.6874,31.6257,7.77419,1.31204,4.9755,23.0394,20.6916,9.22931,0.0620577,31.7934,1.31252,1.37368,0.326181,3.65075,3.30849,1.00732,0.272278,0.0511066,0.176054,0.29029,0.312885,0.423204,0.323414,0.736089,0.150925,5.32499,0.307489,,0.038902,22.1283,0.995964,105.415,0.038902,0,1.1872531548142433,0.42129626870155334,0.811861,999,,,,,,,198.4,4.723809523,198.4,4.723809523,,,,,,,,,,,,,,,,,,,"Amed Rosario","15518",642708
"Kyle Teel","CHW",41,159.087,139.157,34.5153,23.2132,6.50888,0.329879,4.46336,18.8005,17.3799,16.8198,0.129441,39.7254,1.57887,1.1823,0.349134,2.86819,1.75936,0.548004,0.248032,0.105727,0.249709,0.423402,0.333343,0.39577,0.326422,0.729113,0.147738,3.71234,0.312552,,-0.0805319,19.8741,1.25795,106.075,-0.0805319,0,1.0543970465660095,1.2654321193695068,0.807915,266.8800048828125,,,,,,,172.9,4.21707317,172.9,4.21707317,,,,,,,,,,,,,,,,,,,"Kyle Teel","33549",691019
"Lawrence Butler","ATH",68,287.557,256.387,61.9527,37.5475,13.54,0.270105,10.5951,38.8962,34.9415,27.888,0.498129,72.1226,0.866211,1.8248,0.590693,4.7106,8.40306,2.82574,0.241637,0.0969825,0.250812,0.386675,0.316089,0.420528,0.325355,0.736618,0.178891,4.71046,0.292646,,0.19709,35.6794,2.02984,102.806,0.19709,-1.89,1.1445360034704208,-3.439088821411133,0.794028,157.22000122070312,,,,,,,329,4.838235294,329,4.838235294,,,,,,,,,,,,,,,,,,,"Lawrence Butler","22542",671732
"Curtis Mead","WSN",55,229.272,205.549,51.6084,32.6239,10.7157,0.655306,7.61349,27.4212,29.8225,17.8524,0.507398,43.7188,3.79704,1.77113,0.302552,3.87087,3.78512,1.45478,0.251076,0.0778654,0.190685,0.408345,0.319945,0.420703,0.327064,0.740649,0.169628,4.39274,0.28204,,-0.10694,28.7591,1.92993,107.968,-0.10694,-0.68,2.022820420563221,-1.5916369557380676,0.78947,999,,,,,,,268.8,4.887272727,268.8,4.887272727,,,,,,,,,,,,,,,,,,,"Curtis Mead","23986",678554
"Marcelo Mayer","BOS",71,309.181,281.523,68.5236,45.4934,15.609,0.810006,6.61125,33.7049,34.6307,23.1932,1.01738,65.2951,1.86432,2.19679,0.403601,5.76472,4.63514,1.3288,0.243403,0.0750148,0.211187,0.355206,0.303069,0.375053,0.300993,0.678123,0.131651,4.14612,0.292296,,0.0349839,32.372,-3.80797,84.9376,0.0349839,0.53,-5.433600150048733,2.33464777469635,0.788846,589.5399780273438,,,,,,,304,4.28169014,304,4.28169014,,,,,,,,,,,,,,,,,,,"Marcelo Mayer","29668",691785
"Ernie Clement","TOR",89,370.289,344.701,88.4289,61.9398,17.7031,1.73181,7.05416,40.2899,37.5176,16.2385,0.516376,38.4577,2.20334,3.13314,4.01326,5.95829,5.25125,1.68855,0.256538,0.0438536,0.103858,0.422244,0.291777,0.379338,0.295751,0.671114,0.1228,4.4711,0.269165,,-0.040507,37.2263,-6.10448,86.1581,-0.040507,-0.91,-6.0592509508132935,0.8107675909996033,0.786897,337.67999267578125,,,,,,,335.1,3.765168539,335.1,3.765168539,,,,,,,,,,,,,,,,,,,"Ernie Clement","20352",676391
"Colt Keith","DET",68,285.611,256.958,66.1306,44.1353,13.6493,1.39317,6.95296,33.9135,32.0497,24.4654,0.654135,57.8435,1.83101,2.08414,0.272018,4.92839,2.3388,0.661307,0.257359,0.0856598,0.202526,0.422958,0.32392,0.402498,0.322088,0.726418,0.145138,4.11077,0.304653,,-0.153391,34.6957,1.27391,103.146,-0.153391,-0.07,0.9017923176288605,-3.248565025627613,0.781696,502.489990234375,,,,,,,303.7,4.46617647,303.7,4.46617647,,,,,,,,,,,,,,,,,,,"Colt Keith","27899",690993
"Tyler Freeman","COL",61,257.162,225.916,66.0807,48.8687,10.362,2.56897,4.28101,36.0518,25.6358,18.3637,0.181685,31.2766,7.967,1.88528,3.02978,5.98294,9.94955,3.16398,0.292501,0.071409,0.121622,0.587138,0.363635,0.417958,0.349069,0.781593,0.125458,6.6656,0.321465,,0.322073,36.758,6.6652,109.214,0.322073,-1.2,3.0841865837574005,-3.616152286529541,0.781199,745.8599853515625,,,,,,,315.9,5.178688524,315.9,5.178688524,,,,,,,,,,,,,,,,,,,"Tyler Freeman","22532",671289
"Kyle Karros","COL",56,235.568,209.395,55.8702,39.425,11.2075,1.24166,3.99613,27.6129,25.9104,21.9631,1.00546,51.392,2.26054,1.59341,0.356026,4.76025,1.5514,0.619982,0.266817,0.0932346,0.218162,0.427365,0.340517,0.389452,0.325727,0.72997,0.122635,4.06955,0.33338,,-0.25808,29.2984,1.73253,93.2894,-0.25808,1.41,-2.1008918285369873,2.1799213886260986,0.773766,999,,,,,,,252.8,4.514285714,252.8,4.514285714,,,,,,,,,,,,,,,,,,,"Kyle Karros","33252",691720
"Romy Gonzalez","BOS",37,163.684,149.687,40.7557,26.768,7.39965,0.873358,5.71465,22.2398,21.277,10.829,0.333466,39.4143,1.36995,1.19908,0.599514,3.44854,4.97814,1.5115,0.272273,0.0661578,0.240795,0.274748,0.324706,0.447909,0.338373,0.772615,0.175636,5.81106,0.331336,,0.184783,22.0041,2.84999,110.254,0.184783,-0.28,2.1556226313114166,-0.37516462802886963,0.768983,999,,,,,,,201.9,5.456756756,201.9,5.456756756,,,,,,,,,,,,,,,,,,,"Romy Gonzalez","21562",663853
"Dominic Canzone","SEA",58,245.155,221.449,54.4084,32.6832,10.8168,0.336065,10.5723,29.9484,34.153,20.0592,0.775716,55.0457,1.76839,1.59614,0.281701,4.55788,2.25265,0.78564,0.245693,0.0818225,0.224535,0.364409,0.311329,0.440798,0.329404,0.752126,0.195105,3.32609,0.278453,,-0.140483,31.2076,2.51991,114.843,-0.140483,-0.01,4.13246987760067,-5.207638988271356,0.767429,477.1600036621094,,,,,,,283.7,4.89137931,283.7,4.89137931,,,,,,,,,,,,,,,,,,,"Dominic Canzone","26438",686527
"Keibert Ruiz","WSN",55,208.871,193.851,46.8433,32.0625,9.34959,0.112564,5.3186,20.3661,25.64,10.3803,0.202657,24.8615,2.46592,1.89913,0.274376,4.07822,1.31748,0.598005,0.241646,0.0496971,0.119028,0.417524,0.286148,0.373347,0.291908,0.659495,0.131702,2.65893,0.250798,,-0.205534,20.36,-4.0818,83.984,-0.205534,0.62,-4.1052776873111725,4.863827347755432,0.756783,720.3499755859375,,,,,,,177.4,3.225454545,177.4,3.225454545,,,,,,,,,,,,,,,,,,,"Keibert Ruiz","19610",660688
"Carlos Narváez","BOS",47,186.923,166.329,37.6615,24.8598,6.93629,0.165078,5.70032,20.0221,22.2491,16.6179,0.398352,48.8597,1.84178,1.36745,0.767643,3.41902,1.13929,0.518663,0.226428,0.0889021,0.261389,0.340115,0.301474,0.37293,0.30125,0.674404,0.146502,2.88292,0.282502,,-0.199832,19.6095,-2.26405,85.1115,-0.199832,0.76,-3.4678457379341125,4.193127632141113,0.743827,443.010009765625,,,,,,,179.6,3.821276595,179.6,3.821276595,,,,,,,,,,,,,,,,,,,"Carlos Narvaez","19722",665966
"A.J. Ewing","NYM",55,231.805,208.393,52.1677,37.1187,10.6479,0.965291,3.43574,27.8068,20.6145,20.1098,0.630931,56.1462,1.17683,1.37152,0.754239,3.73446,8.14796,1.8396,0.250334,0.0867532,0.242213,0.358169,0.317914,0.360154,0.304077,0.678068,0.10982,5.74608,0.324486,,0.588551,24.839,-2.28648,95.5899,0.588551,0,-0.6031734943389893,0.4086647927761078,0.733441,999,,,,,,,221.6,4.029090909,221.6,4.029090909,,,,,,,,,,,,,,,,,,,"A.J. Ewing","33656",805999
"Oswald Peraza","LAA",76,318.324,290,66.2552,44.7315,10.6807,1.74275,9.10019,38.1501,31.2095,20.8577,0.398045,80.8294,4.86517,1.58311,1.01808,5.44243,10.7727,2.92685,0.228466,0.0655233,0.253922,0.258045,0.289872,0.371455,0.294543,0.661327,0.142989,6.1348,0.283432,,0.608369,31.6962,-5.55369,83.5686,0.608369,0.64,-5.533685088157654,1.5313579440116882,0.728804,999,,,,,,,298,3.921052631,298,3.921052631,,,,,,,,,,,,,,,,,,,"Oswald Peraza","22823",672724
"Hunter Feduccia","TBR",48,187.621,166.134,34.824,24.3138,7.01297,0.369303,3.12793,17.105,17.5263,18.6738,0.199608,50.0156,1.01629,1.1977,0.599109,3.38661,0.444329,0.143156,0.209614,0.0995297,0.266579,0.37336,0.291486,0.312756,0.275832,0.604242,0.103142,2.51644,0.277578,,-0.190189,15.8899,-6.06521,71.1907,-0.190189,3.32,-6.537376552820206,7.023703575134277,0.721782,999,,,,,,,138.5,2.885416666,138.5,2.885416666,,,,,,,,,,,,,,,,,,,"Hunter Feduccia","23372",676439
"Kyle Manzardo","CLE",76,318.581,280.348,64.9438,37.1854,13.4191,0.185634,14.1536,37.2736,46.2838,31.145,0.881272,81.4018,3.76938,3.08243,0.236684,4.2006,0.755025,0.280501,0.231654,0.0977615,0.255513,0.382608,0.313679,0.432302,0.327988,0.745982,0.200648,2.29856,0.270341,,-0.32216,40.1959,2.91594,108.569,-0.32216,-0.19,2.8835505843162537,-6.992469251155853,0.718777,253.4600067138672,,,,,,,360.2,4.739473684,360.2,4.739473684,,,,,,,,,,,,,,,,,,,"Kyle Manzardo","29794",700932
"Mike Yastrzemski","ATL",63,266.404,231.278,53.9207,32.0095,12.4356,0.724044,8.75153,32.7641,31.353,29.4105,0.858285,59.3746,2.67761,1.91473,1.12321,3.81142,2.22193,0.754327,0.233142,0.110398,0.222874,0.495338,0.324218,0.406692,0.32478,0.73091,0.17355,3.84409,0.273642,,-0.181747,32.9329,1.75859,105.916,-0.181747,-0.1,1.65550696849823,-3.1421147361397743,0.713192,656.0999755859375,,,,,,,293.5,4.658730158,293.5,4.658730158,,,,,,,,,,,,,,,,,,,"Mike Yastrzemski","14854",573262
"Jake McCarthy","COL",69,291.516,262.169,70.5981,50.8136,12.2659,2.79169,4.72692,39.0051,27.4984,19.8114,0.326582,50.1606,4.34964,1.84085,3.34476,5.49103,14.4578,2.45778,0.269285,0.0679601,0.172068,0.39496,0.32883,0.391458,0.320877,0.720287,0.122173,7.29008,0.314988,,1.51349,35.1324,1.01958,89.9807,1.51349,0.4,-1.8914088010787964,-0.41427019238471985,0.710689,506.760009765625,,,,,,,327.5,4.746376811,327.5,4.746376811,,,,,,,,,,,,,,,,,,,"Jake McCarthy","21622",664983
"Joc Pederson","TEX",61,254.995,216.695,50.4165,30.0025,9.48774,0.276046,10.6503,31.9721,32.897,30.9896,1.15717,53.7958,4.46399,2.19843,0.451016,4.53229,1.49376,0.577851,0.232662,0.12153,0.210968,0.57606,0.337611,0.426439,0.338692,0.76405,0.193778,2.90979,0.257475,,-0.260774,34.3438,4.50465,116.038,-0.260774,0,4.541546642780304,-6.558127403259277,0.705978,999,,,,,,,296.6,4.862295081,296.6,4.862295081,,,,,,,,,,,,,,,,,,,"Joc Pederson","11899",592626
"Mickey Moniak","COL",61,257.162,235.894,61.7304,34.2802,13.0444,1.51884,12.8869,35.7371,41.5013,16.8799,0.387085,60.3981,2.43572,1.69159,0.261145,2.98559,4.52718,1.25203,0.261687,0.0656391,0.234864,0.279477,0.315476,0.493752,0.350555,0.809228,0.232065,5.30888,0.297282,,0.126937,37.0618,6.96904,110.227,0.126937,-0.19,3.1928901374340057,-4.457489907741547,0.705955,245.8300018310547,,,,,,,346.2,5.675409836,346.2,5.675409836,,,,,,,,,,,,,,,,,,,"Mickey Moniak","19956",666160
"Henry Davis","PIT",38,145.792,129.064,28.9452,17.7802,5.42237,0.507129,5.23549,17.4646,17.4697,11.7549,0.400759,34.5867,3.00104,0.877386,1.09477,2.3485,1.81465,0.586448,0.22427,0.0806275,0.237233,0.339866,0.302017,0.395837,0.309821,0.697854,0.171567,4.39892,0.263093,,-0.0380545,16.2883,-0.772085,94.2881,-0.0380545,0.32,-1.008826531469822,3.2520986199378967,0.70425,999,,,,,,,146.6,3.857894736,146.6,3.857894736,,,,,,,,,,,,,,,,,,,"Henry Davis","29617",680779
"Sal Frelick","MIL",78,333.397,298.023,75.0861,56.2745,13.7731,1.69653,3.34189,36.7603,30.4153,27.5509,0.604789,41.0187,3.22312,2.23868,1.40134,7.11511,9.32321,2.23,0.251947,0.0826368,0.123032,0.671667,0.319784,0.343188,0.299442,0.662972,0.0912406,5.36271,0.280359,,0.520005,34.4961,-4.51761,89.8636,0.520005,3.03,-3.419568717479706,-0.32085084915161133,0.69946,216.39999389648438,,,,,,,306.7,3.932051282,306.7,3.932051282,,,,,,,,,,,,,,,,,,,"Sal Frelick","29622",686217
"Kody Clemens","MIN",60,250.453,225.711,53.6016,30.4416,11.4451,0.711373,11.0035,31.3406,33.2769,19.3287,0.340353,59.0442,2.36474,2.10199,0.946598,3.72108,3.4065,1.02672,0.237479,0.077175,0.23575,0.32736,0.301776,0.440742,0.324797,0.742518,0.203262,4.41043,0.27001,,0.00177818,30.9644,1.65673,104.477,0.00177818,0.41,1.3184408491943032,-3.24961194396019,0.698486,700.7000122070312,,,,,,,283.3,4.721666666,283.3,4.721666666,,,,,,,,,,,,,,,,,,,"Kody Clemens","20572",665019
"Chandler Simpson","TBR",81,342.825,317.213,88.337,74.5272,11.4471,2.36281,0,41.8626,23.2284,18.6035,0.398781,36.6825,0.789943,2.16908,4.04907,7.61032,25.9182,4.47905,0.278478,0.0542652,0.107001,0.507148,0.317999,0.329462,0.291284,0.647461,0.0509836,7.12869,0.312476,,2.88646,33.2473,-6.86969,81.6556,2.88646,2.96,-4.49845814704895,-0.6601297855377197,0.697785,180.19000244140625,,,,,,,317.3,3.91728395,317.3,3.91728395,,,,,,,,,,,,,,,,,,,"Chandler Simpson","31912",802415
"Jesús Sánchez","TOR",61,255.239,230.178,57.8388,36.7326,11.638,0.359632,9.1086,32.533,31.039,20.8794,0.643153,57.2397,2.20258,1.41312,0.565944,4.94025,4.34601,1.40625,0.251279,0.0818035,0.22426,0.364771,0.317744,0.423681,0.327002,0.741425,0.172402,4.07673,0.294902,,-0.00221225,32.0036,2.13592,107.324,-0.00221225,-1.4,2.1928017486352473,-4.349588513374329,0.692451,617.4299926757812,,,,,,,288,4.721311475,288,4.721311475,,,,,,,,,,,,,,,,,,,"Jesus Sanchez","19913",660821
"Dalton Rushing","LAD",39,152.921,134.969,30.5548,17.8091,6.29616,0.316632,6.13298,19.6561,20.1728,14.0906,0.359383,42.0399,2.79195,0.891771,0.177888,2.39489,0.497657,0.156693,0.226384,0.092143,0.274912,0.335172,0.31057,0.414045,0.321007,0.724615,0.187661,3.16937,0.278509,,-0.13732,18.4452,0.550587,104.329,-0.13732,-1.26,0.6343409717082977,1.2424366474151611,0.68978,745.8300170898438,,,,,,,163.4,4.189743589,163.4,4.189743589,,,,,,,,,,,,,,,,,,,"Dalton Rushing","31382",687221
"Jake Bauers","MIL",61,260.963,227.05,52.4981,30.7812,10.474,0.551114,10.6918,32.7937,36.7014,29.9339,1.36364,69.2244,2.24278,1.43894,0.296671,3.69655,5.47941,1.85498,0.231218,0.114706,0.265265,0.432418,0.32484,0.423473,0.330594,0.748313,0.192255,4.31007,0.281385,,0.0293274,33.4668,2.92928,111.116,0.0293274,-0.96,3.4110639188438654,-5.017577588558197,0.683192,999,,,,,,,302.2,4.95409836,302.2,4.95409836,,,,,,,,,,,,,,,,,,,"Jake Bauers","15194",641343
"Jared Triolo","PIT",55,232.876,207.081,51.2787,36.4968,9.31809,1.52465,3.93912,27.7521,22.0791,21.2773,0.257207,52.3249,1.87871,1.52927,1.1095,3.85751,5.30047,1.59972,0.247626,0.0913675,0.22469,0.406638,0.321163,0.364415,0.308228,0.685578,0.116789,5.38941,0.310737,,0.108681,25.7226,-1.52819,93.2017,0.108681,0.2,-1.7368708848953247,0.9230224043130875,0.673313,735.5399780273438,,,,,,,226.6,4.12,226.6,4.12,,,,,,,,,,,,,,,,,,,"Jared Triolo","25807",669707
"Dylan Beavers","BAL",42,176.889,155.225,38.1836,24.1826,8.03482,0.87526,5.091,23.1428,18.8933,18.6272,0.388887,40.3232,0.983847,1.36892,0.683837,2.41258,4.54664,1.08271,0.245989,0.105304,0.227958,0.461947,0.327996,0.407421,0.326587,0.735417,0.161432,5.38139,0.297649,,0.24925,22.1212,1.42188,107.878,0.24925,-0.06,1.8856697082519531,-1.5618067346513271,0.666669,505.0400085449219,,,,,,,200.4,4.771428571,200.4,4.771428571,,,,,,,,,,,,,,,,,,,"Dylan Beavers","31695",687637
"Matt Vierling","DET",49,209.318,187.991,46.8887,30.9312,8.48298,1.58657,5.88795,25.9249,22.9811,17.2336,0.140831,41.5956,1.90232,1.7369,0.453835,3.66428,2.69128,0.871345,0.24942,0.0823321,0.19872,0.414313,0.316113,0.405385,0.319624,0.721498,0.155965,5.10925,0.288242,,-0.0685094,25.0176,0.523512,101.478,-0.0685094,-0.79,0.2947036921977997,-1.1449383199214935,0.662204,999,,,,,,,226.1,4.614285714,226.1,4.614285714,,,,,,,,,,,,,,,,,,,"Matt Vierling","21558",663837
"Miguel Amaya","CHC",43,167.778,147.888,33.2069,22.7715,6.01005,0.231828,4.1935,17.5596,17.529,13.0288,0.282649,35.6806,3.41166,1.25529,2.19455,3.30543,0.263508,0.122073,0.224541,0.077655,0.212665,0.365151,0.299832,0.353383,0.294005,0.653215,0.128842,2.3352,0.265522,,-0.193197,16.6343,-2.99895,87.199,-0.193197,1.19,-2.6969029009342194,3.781122922897339,0.656671,745.969970703125,,,,,,,139.8,3.25116279,139.8,3.25116279,,,,,,,,,,,,,,,,,,,"Miguel Amaya","21693",665804
"Mauricio Dubón","ATL",80,335.689,309.851,77.4042,56.5696,14.0665,1.44511,5.32297,35.2689,33.0352,18.8921,0.216257,46.7044,2.00426,2.5668,2.37412,6.74001,2.23694,0.909037,0.249811,0.0562786,0.13913,0.404504,0.294918,0.356073,0.289991,0.650992,0.106263,3.68356,0.276819,,-0.312403,32.21,-7.07182,82.182,-0.312403,4.43,-7.285106182098389,3.037153959274292,0.654782,743.3800048828125,,,,,,,278.5,3.48125,278.5,3.48125,,,,,,,,,,,,,,,,,,,"Mauricio Dubon","16530",643289
"Rhys Hoskins","CLE",63,264.023,225.538,49.7364,28.0254,10.2261,0,11.4848,32.0259,36.3135,32.8126,0.44552,69.1192,3.2745,2.01825,0.323149,3.61236,1.284,0.595468,0.220523,0.12428,0.261792,0.474725,0.325528,0.41863,0.330989,0.744158,0.198107,2.43454,0.260299,,-0.306725,33.9423,3.04664,110.601,-0.306725,-0.43,2.9800599813461304,-5.864881694316864,0.649134,737.989990234375,,,,,,,293.5,4.658730158,293.5,4.658730158,,,,,,,,,,,,,,,,,,,"Rhys Hoskins","16472",656555
"Harrison Bader","SFG",60,250.636,228.347,53.82,35.6203,9.26175,1.44197,7.49597,30.9827,26.5652,16.359,0.131962,60.52,3.73621,1.67079,0.523229,3.92161,6.58335,2.03252,0.235694,0.0652698,0.241465,0.270307,0.295527,0.387365,0.303032,0.682892,0.151671,5.81625,0.285947,,0.208017,26.6485,-2.68057,93.9629,0.208017,-1.04,-1.5559007823467255,-0.11407411098480225,0.64311,554.3099975585938,,,,,,,239.7,3.995,239.7,3.995,,,,,,,,,,,,,,,,,,,"Harrison Bader","18030",664056
"Josh Bell","MIN",88,370.319,327.957,80.1793,52.1288,14.516,0.0921728,13.4423,43.4274,45.9047,36.1411,0.631461,73.05,2.78342,2.86386,0.433887,8.47859,1.07919,0.45639,0.244481,0.0975944,0.197262,0.494745,0.322124,0.41227,0.325778,0.734394,0.167788,2.17009,0.273145,,-0.425781,46.0729,2.7386,105.141,-0.425781,-0.56,1.8099938333034515,-8.550238192081451,0.633795,636.3300170898438,,,,,,,404.6,4.597727272,404.6,4.597727272,,,,,,,,,,,,,,,,,,,"Josh Bell","13145",605137
"Edwin Arroyo","CIN",55,233.97,215.135,54.9121,36.7451,11.8559,1.10321,5.20788,27.2287,24.9835,13.7135,0.317168,48.2355,2.30727,1.62511,1.1892,3.74712,5.08695,0.886305,0.255245,0.0586121,0.206161,0.284303,0.304719,0.393232,0.308576,0.697951,0.137988,5.36868,0.304342,,0.391818,25.9082,-1.47066,90.4218,0.391818,0,-2.220650553703308,0.9768809080123901,0.632715,999,,,,,,,235.2,4.276363636,235.2,4.276363636,,,,,,,,,,,,,,,,,,,"Edwin Arroyo","29957",695490
"Isaac Collins","KCR",65,272.045,235.517,56.3466,36.2271,12.3975,1.16549,6.55653,34.8105,27.6957,30.105,0.454729,57.92,3.50739,1.82025,1.09588,4.59232,7.50543,2.50527,0.239246,0.110662,0.212905,0.519769,0.332014,0.3853,0.322166,0.717314,0.146054,5.33481,0.288036,,0.130172,33.0647,1.23031,100.45,0.130172,-0.68,0.2738308757543564,-3.6892592310905457,0.623366,666.1699829101562,,,,,,,292.7,4.503076923,292.7,4.503076923,,,,,,,,,,,,,,,,,,,"Isaac Collins","25477",686555
"Giancarlo Stanton","NYY",49,212.341,189.783,43.6298,23.2397,6.87968,0,13.5104,28.0573,34.3252,19.8069,0.869134,63.4283,1.1263,1.31834,0.291212,3.38447,0.31251,0.149877,0.229893,0.0932785,0.298709,0.312272,0.304493,0.479711,0.339883,0.784204,0.249817,1.90353,0.263829,,-0.216771,28.8001,3.95221,116.569,-0.216771,0,3.9146208465099335,-5.293210029602051,0.618768,251.4600067138672,,,,,,,271.3,5.536734693,271.3,5.536734693,,,,,,,,,,,,,,,,,,,"Giancarlo Stanton","4949",519317
"Luis Torrens","NYM",49,187.976,171.598,40.7683,29.4773,7.29513,0.518115,3.47773,19.2113,18.3975,12.05,0.260983,41.5354,1.94066,1.37821,1.00901,4.26857,0.756515,0.307817,0.23758,0.0641036,0.220961,0.290113,0.29288,0.346931,0.286405,0.639811,0.109351,3.29366,0.291415,,-0.191871,17.5007,-4.49605,83.5338,-0.191871,0,-3.8001566380262375,3.7808642387390137,0.608983,999,,,,,,,155.7,3.17755102,155.7,3.17755102,,,,,,,,,,,,,,,,,,,"Luis Torrens","15905",620443
"Lourdes Gurriel Jr.","ARI",76,326.54,298.41,78.4778,53.0196,14.964,1.03405,9.46014,38.7043,42.2659,21.4299,0.343673,49.7385,3.2684,3.00058,0.431091,6.17139,3.72642,1.41223,0.262987,0.0656273,0.15232,0.430852,0.316386,0.415169,0.322634,0.731554,0.152182,4.07858,0.284948,,-0.220276,39.8096,1.59832,103.935,-0.220276,-0.73,1.277713567018509,-5.770040035247803,0.599947,689.0700073242188,,,,,,,349.4,4.597368421,349.4,4.597368421,,,,,,,,,,,,,,,,,,,"Lourdes Gurriel Jr.","19238",666971
"Vaughn Grissom","LAA",68,284.253,257.456,66.0765,46.457,12.2382,1.0216,6.35977,31.8861,29.9754,20.4557,0.419253,48.7123,3.89127,1.99887,0.451181,6.0748,3.5928,1.31468,0.256652,0.071963,0.17137,0.419929,0.318615,0.38623,0.314092,0.704845,0.129578,4.13068,0.292181,,-0.172017,32.723,-0.539876,96.8086,-0.172017,-1.29,-1.237278163433075,-2.8405803442001343,0.599044,999,,,,,,,286.3,4.210294117,286.3,4.210294117,,,,,,,,,,,,,,,,,,,"Vaughn Grissom","26031",687093
"Nolan Gorman","STL",82,354.505,313.511,66.4982,39.0935,12.9429,0.196909,14.265,39.2954,47.273,36.0872,1.4423,109.477,1.99288,2.64555,0.267792,4.09383,2.15499,0.885906,0.212108,0.101796,0.308817,0.329633,0.295221,0.39115,0.304,0.686371,0.179042,2.85081,0.271462,,-0.311712,37.9652,-3.51845,94.3764,-0.311712,-0.14,-2.6357299983501434,-2.755226269364357,0.598547,653.1400146484375,,,,,,,339.9,4.145121951,339.9,4.145121951,,,,,,,,,,,,,,,,,,,"Nolan Gorman","22263",669357
"Jung Hoo Lee","SFG",85,352.819,320.12,85.8291,60.5965,20.1572,1.62119,3.45424,39.458,34.2872,26.0562,0.63181,38.3005,3.02731,3.19148,0.423793,7.90263,3.72489,1.06982,0.268116,0.0738515,0.108556,0.680309,0.326091,0.373583,0.312291,0.699674,0.105468,4.37029,0.29257,,-0.139802,40.1109,-1.17547,100.279,-0.139802,-1.96,-0.024906009435653687,-5.452674388885498,0.58417,339.44000244140625,,,,,,,351,4.129411764,351,4.129411764,,,,,,,,,,,,,,,,,,,"Jung Hoo Lee","33824",808982
"Austin Hedges","CLE",30,116.911,101.261,20.0304,14.3085,3.46018,0,2.26178,10.729,8.769,9.23374,0.18773,28.0443,1.28903,0.769589,3.38912,2.15818,1.37749,0.657549,0.19781,0.0789813,0.239878,0.329256,0.271455,0.298989,0.260093,0.570444,0.101179,3.27108,0.247734,,-0.116729,8.4379,-5.24282,62.5852,-0.116729,4.54,-5.253205724060535,6.854814767837524,0.583126,999,,,,,,,67.6,2.253333333,67.6,2.253333333,,,,,,,,,,,,,,,,,,,"Austin Hedges","12976",595978
"Marcell Ozuna","PIT",68,288.649,250.292,60.2849,37.1111,11.7986,0,11.3751,34.9132,39.5714,33.994,0.728916,71.9597,1.91946,2.11045,0.332293,4.88922,0.248174,0.111301,0.240858,0.11777,0.249298,0.472404,0.333656,0.424339,0.336153,0.757995,0.183482,1.67255,0.28929,,-0.359977,38.2936,4.51634,112.253,-0.359977,0,3.7629908621311188,-7.345678806304932,0.570216,377.510009765625,,,,,,,332.2,4.885294117,332.2,4.885294117,,,,,,,,,,,,,,,,,,,"Marcell Ozuna","10324",542303
"Gavin Sheets","SDP",77,328.195,293.191,69.6312,43.4583,14.8073,0.486128,10.8795,38.0132,39.238,29.7002,0.690552,66.1322,2.7488,2.24565,0.30895,5.53925,2.12519,0.682337,0.237494,0.0904955,0.201503,0.449103,0.311328,0.402635,0.316549,0.713964,0.165141,3.07938,0.268979,,-0.232089,38.4231,0.0181332,104.539,-0.232089,-0.82,1.5046020448207855,-6.343857109546661,0.569696,684.8099975585938,,,,,,,345.9,4.492207792,345.9,4.492207792,,,,,,,,,,,,,,,,,,,"Gavin Sheets","19901",657757
"Brooks Lee","MIN",86,361.549,331.358,79.3654,55.4059,14.9896,0.762862,8.207,37.1564,38.1381,24.2419,0.598876,64.7338,2.23112,3.0701,0.64755,7.12283,2.49469,0.963545,0.239516,0.0670501,0.179046,0.374486,0.293262,0.36366,0.292167,0.656922,0.124145,3.31818,0.272129,,-0.30338,35.3172,-6.99078,82.3776,-0.30338,-2.51,-7.785075306892395,0.7220261096954346,0.569235,542.5700073242188,,,,,,,314.8,3.660465116,314.8,3.660465116,,,,,,,,,,,,,,,,,,,"Brooks Lee","31595",686797
"Daniel Schneemann","CLE",45,190.954,169.474,38.0165,25.0082,8.08482,0.423082,4.50042,21.484,19.3743,18.7329,0.159775,50.2583,0.999303,1.19032,0.557693,3.36576,3.70161,1.07448,0.224321,0.0981017,0.263196,0.372732,0.303308,0.356685,0.29707,0.659994,0.132364,4.41085,0.289168,,0.0776753,19.3975,-2.94772,87.6287,0.0776753,1.51,-2.6963529735803604,1.5655555240809917,0.567633,999,,,,,,,178.8,3.973333333,178.8,3.973333333,,,,,,,,,,,,,,,,,,,"Daniel Schneemann","25180",682177
"Jose Trevino","CIN",34,132.848,121.37,28.3557,20.7477,4.59911,0.0681692,2.94076,12.6403,13.717,7.93511,0.128618,20.1693,0.906193,1.04401,1.16942,3.12657,0.225731,0.117087,0.233631,0.059731,0.151823,0.393425,0.283395,0.345337,0.280791,0.628732,0.111706,1.93424,0.255932,,-0.151014,11.775,-3.77066,71.4659,-0.151014,3.15,-4.56999234855175,5.773456811904907,0.555385,999,,,,,,,105.5,3.102941176,105.5,3.102941176,,,,,,,,,,,,,,,,,,,"Jose Trevino","16725",624431
"Paul Goldschmidt","NYY",53,225.241,203.884,51.5697,32.6632,10.0082,0.136855,8.76142,27.7877,29.2965,17.8668,0.540093,48.2549,1.43598,1.48488,0.384784,4.20347,2.01278,0.878473,0.252936,0.0793232,0.214237,0.370259,0.315449,0.432285,0.328645,0.747734,0.179348,3.03292,0.288558,,-0.21467,28.5366,2.17927,108.958,-0.21467,-0.04,2.154664307832718,-4.610624350607395,0.554307,748.3599853515625,,,,,,,258.8,4.883018867,258.8,4.883018867,,,,,,,,,,,,,,,,,,,"Paul Goldschmidt","9218",502671
"Angel Martínez","CLE",77,323.452,294.178,70.7678,46.906,14.052,1.22536,8.5845,37.008,34.6121,19.4228,0.360649,65.6421,3.81203,2.56385,3.47531,5.05685,7.58243,2.17719,0.240561,0.0600483,0.202942,0.295889,0.293779,0.384202,0.300136,0.677981,0.143641,5.07077,0.279456,,0.277329,33.6456,-4.20439,89.7052,0.277329,0.56,-3.6328529715538025,-2.321558654308319,0.546681,748.5800170898438,,,,,,,313.1,4.066233766,313.1,4.066233766,,,,,,,,,,,,,,,,,,,"Angel Martinez","26540",682657
"Jorge Polanco","NYM",58,244.467,215.974,52.7145,32.6275,10.6385,0.19919,9.24922,29.9569,30.9638,23.3492,0.565977,49.3349,1.73806,1.90404,0.752761,3.7286,2.41278,0.883854,0.244078,0.0955109,0.201806,0.47328,0.320218,0.423658,0.328361,0.743876,0.17958,3.38474,0.272862,,-0.165697,30.9172,2.30999,112.157,-0.165697,-0.22,3.2988523095846176,-5.718236178159714,0.546091,209.42999267578125,,,,,,,273.3,4.712068965,273.3,4.712068965,,,,,,,,,,,,,,,,,,,"Jorge Polanco","13152",593871
"Trevor Larnach","MIN",61,255.325,223.121,55.7997,37.8243,11.2758,0.367429,6.33219,29.9223,27.4215,27.3689,0.770557,52.5257,2.29665,2.26702,0.272127,4.92726,2.38912,0.882418,0.250088,0.107192,0.205721,0.521058,0.335088,0.389058,0.323912,0.724147,0.138971,3.27635,0.297049,,-0.218061,31.387,1.50912,103.877,-0.218061,-0.47,0.9443743824958801,-4.611975401639938,0.537596,748.52001953125,,,,,,,266.9,4.375409836,266.9,4.375409836,,,,,,,,,,,,,,,,,,,"Trevor Larnach","21501",663616
"Ty France","SDP",59,252.306,226.456,57.4069,41.0128,9.59138,0.222223,6.58045,27.9638,28.6522,15.3421,0.263806,45.6228,8.16931,1.93211,0.406819,6.31737,0.90494,0.445707,0.253502,0.0608074,0.180823,0.336281,0.321233,0.384994,0.316257,0.706227,0.131492,2.72022,0.288484,,-0.324471,29.4799,-0.0446113,104.34,-0.324471,0.6,0.9520913362503052,-3.770370364189148,0.530603,999,,,,,,,258.9,4.388135593,258.9,4.388135593,,,,,,,,,,,,,,,,,,,"Ty France","17982",664034
"Javier Sanoja","MIA",52,217.177,199.96,53.5891,38.5448,10.5145,1.99175,2.53798,24.7403,21.1453,13.0049,0.747083,21.2099,0.892214,1.61001,1.70983,4.29302,5.74956,1.79511,0.267998,0.0598815,0.0976618,0.613151,0.313208,0.37858,0.305933,0.691788,0.110582,5.79875,0.28709,,0.157637,23.5922,-1.82161,92.1821,0.157637,-0.28,-1.8216568529605865,0.05042845010757446,0.523962,999,,,,,,,221.7,4.263461538,221.7,4.263461538,,,,,,,,,,,,,,,,,,,"Javier Sanoja","28253",691594
"Mitch Garver","SEA",24,94.5175,81.2896,16.633,9.96549,3.18045,0,3.48711,10.3797,11.4397,11.1481,0.0670185,26.4801,1.01919,0.652173,0.135939,1.36761,0.32756,0.136936,0.204615,0.117947,0.280161,0.420998,0.306031,0.372432,0.305718,0.678463,0.167817,2.23074,0.25293,,-0.101484,10.2513,-0.808965,98.8009,-0.101484,0.16,-0.23457646369934082,2.011851817369461,0.520982,999,,,,,,,87.1,3.629166666,87.1,3.629166666,,,,,,,,,,,,,,,,,,,"Mitch Garver","15161",641598
"Josh Smith","TEX",49,204.768,177.679,41.3929,28.959,8.31977,0.631054,3.48301,22.9155,18.0975,20.4587,0.493609,36.4613,4.07456,1.43963,1.11646,3.7766,3.85876,1.14576,0.232964,0.0999112,0.178061,0.561107,0.323719,0.3457,0.304238,0.66942,0.112736,4.64429,0.272391,,0.0376351,21.9682,-1.99354,92.7034,0.0376351,-1.09,-1.7168642096221447,-0.3653344511985779,0.519388,428.9100036621094,,,,,,,185.5,3.785714285,185.5,3.785714285,,,,,,,,,,,,,,,,,,,"Josh Smith","26396",669701
"Ramón Urías","STL",36,156.781,141.013,34.7604,22.983,6.46629,0.446201,4.86488,18.3709,18.8317,12.1691,0.0475971,31.61,2.17516,1.1247,0.298538,3.20953,1.07817,0.423588,0.246504,0.0776185,0.201619,0.384977,0.313803,0.402186,0.318123,0.715989,0.155682,3.66511,0.282932,,-0.144874,18.5512,0.204849,104.011,-0.144874,-0.78,0.5882181376218796,-0.4947147071361542,0.519176,999,,,,,,,163.3,4.536111111,163.3,4.536111111,,,,,,,,,,,,,,,,,,,"Ramon Urias","18795",602104
"Blaze Alexander","BAL",46,193.503,171.781,40.8887,28.4815,6.65667,1.28229,4.46827,24.2624,17.3747,15.5465,0.25601,56.063,3.44396,1.12518,1.60629,3.3995,5.00712,1.52448,0.238028,0.0803426,0.289727,0.277305,0.312039,0.369743,0.305867,0.681782,0.131715,6.03007,0.324098,,0.142045,21.0103,-1.63319,93.8453,0.142045,-0.8,-1.256454199552536,-0.4371742606163025,0.518956,745.9099731445312,,,,,,,182.1,3.958695652,182.1,3.958695652,,,,,,,,,,,,,,,,,,,"Blaze Alexander","23789",677942
"Max Muncy","ATH",48,204.42,186.181,44.8999,28.1139,8.98653,0.950584,6.84889,25.6341,23.6415,12.8135,0.292541,59.4586,2.93681,1.20428,1.28422,3.32741,2.91134,0.976374,0.241163,0.0626821,0.290865,0.215502,0.29857,0.41,0.312304,0.70857,0.168838,4.91939,0.314269,,-0.0352996,23.242,-0.678917,93.9662,-0.0352996,-1.55,-1.4836725257337093,-0.6858024597167969,0.509175,672.719970703125,,,,,,,214.5,4.46875,214.5,4.46875,,,,,,,,,,,,,,,,,,,"Max Muncy","29779",691777
"Mickey Gasper","BOS",38,157.622,139.038,33.267,22.6821,6.84685,0.253199,3.48489,17.0849,17.233,14.5527,0.514374,30.91,2.43563,1.04411,0.551365,3.06457,1.37873,0.442347,0.239266,0.0923266,0.196102,0.470808,0.319954,0.367345,0.308765,0.687299,0.128079,3.54222,0.281795,,-0.101863,17.4776,-0.967135,90.2009,-0.101863,0.14,-1.9155850186944008,1.3286886364221573,0.504138,999,,,,,,,147.2,3.87368421,147.2,3.87368421,,,,,,,,,,,,,,,,,,,"Mickey Gasper","24759",681508
"Brett Baty","NYM",52,219.143,197.259,46.3346,30.8294,8.38693,0.286076,6.83213,25.3473,24.8919,18.5096,0.260735,57.1774,1.55981,1.16452,0.518277,4.47211,2.03189,0.660374,0.234892,0.0844634,0.260913,0.323722,0.303918,0.384215,0.306656,0.688133,0.149324,3.4333,0.293886,,-0.117965,23.9317,-1.71212,97.3493,-0.117965,-0.25,-0.7951284274458885,-1.2412854433059692,0.503117,292.9200134277344,,,,,,,213.6,4.107692307,213.6,4.107692307,,,,,,,,,,,,,,,,,,,"Brett Baty","26123",683146
"Jonah Heim","ATH",26,99.7646,90.4449,20.5249,13.3309,4.24861,0.0180956,2.92733,10.6573,11.6025,7.71362,0.105205,18.787,0.487956,0.811557,0.185772,1.71989,0.402189,0.167927,0.226933,0.0773182,0.188313,0.410583,0.288831,0.371406,0.293588,0.660236,0.144473,2.46959,0.25305,,-0.0959765,9.85802,-1.81631,81.2905,-0.0959765,1.69,-2.287806622684002,3.6961729526519775,0.501883,999,,,,,,,91.4,3.515384615,91.4,3.515384615,,,,,,,,,,,,,,,,,,,"Jonah Heim","16930",641680
"Lane Thomas","KCR",64,268.187,237.614,56.339,35.2312,10.8738,2.29397,7.94,36.778,28.2688,25.097,0.0728744,60.9566,3.10286,1.9924,0.380049,3.41476,10.8601,3.10819,0.237102,0.0935804,0.227292,0.411719,0.315671,0.40242,0.319204,0.718091,0.165317,6.86401,0.283515,,0.585667,31.964,0.581122,98.4437,0.585667,-2.94,0.09554868936538696,-4.564850687980652,0.501311,726.6699829101562,,,,,,,290.6,4.540625,290.6,4.540625,,,,,,,,,,,,,,,,,,,"Lane Thomas","16939",657041
"Daniel Susac","SFG",52,198.581,183.042,43.06,30.6792,7.37583,0.760609,4.2444,20.8979,19.6726,11.4872,0.18164,52.6719,2.21509,1.28257,0.55454,3.77437,2.16679,0.727949,0.235247,0.0578462,0.265241,0.218089,0.28664,0.353418,0.285575,0.640058,0.118171,4.41137,0.304656,,-0.0860952,18.3568,-4.88089,82.0531,-0.0860952,-1.22,-4.24071729183197,2.7923457622528076,0.496679,999,,,,,,,161.4,3.103846153,161.4,3.103846153,,,,,,,,,,,,,,,,,,,"Daniel Susac","31441",691740
"Endy Rodríguez","PIT",30,115.459,102.955,24.1596,15.9434,5.78322,0.371679,2.06132,12.2587,12.1276,10.5517,0.135766,24.7869,0.911632,0.884342,0.156891,1.81032,0.666624,0.222749,0.234662,0.091389,0.214681,0.425698,0.308952,0.35812,0.299724,0.667072,0.123457,3.51244,0.287024,,-0.0948806,11.9723,-1.53862,87.3996,-0.0948806,0.94,-1.790852166712284,2.9355300068855286,0.492832,999,,,,,,,105.5,3.516666666,105.5,3.516666666,,,,,,,,,,,,,,,,,,,"Endy Rodriguez","25332",682848
"Christian Vázquez","HOU",46,179.841,160.711,35.5893,25.9512,5.79643,0,3.8417,17.1962,17.1249,12.4281,0.383317,32.5644,1.22539,1.30005,2.12318,3.65698,1.30372,0.744002,0.221449,0.0691059,0.181073,0.381646,0.280323,0.329229,0.273722,0.609552,0.10778,2.74612,0.252757,,-0.240173,14.9293,-6.11548,71.2107,-0.240173,1.28,-6.319963306188583,4.829382658004761,0.490889,999,,,,,,,133.7,2.906521739,133.7,2.906521739,,,,,,,,,,,,,,,,,,,"Christian Vazquez","9774",543877
"Wenceel Pérez","DET",55,230.836,208.171,49.0251,30.7073,9.99974,1.29183,7.02619,28.494,25.2886,18.518,0.276731,44.541,1.58592,1.89705,0.663729,3.10073,5.60508,1.61546,0.235503,0.0802214,0.192955,0.415751,0.300336,0.397207,0.308429,0.697542,0.161703,5.61903,0.264975,,0.207827,25.5342,-1.47792,93.8956,0.207827,-0.2,-1.446868047118187,-1.8256015330553055,0.490486,748.5399780273438,,,,,,,235.7,4.285454545,235.7,4.285454545,,,,,,,,,,,,,,,,,,,"Wenceel Perez","22857",672761
"Gary Sánchez","MIL",28,115.101,99.9924,22.1186,12.8153,3.78296,0,5.52026,13.2166,17.7963,11.4583,0.0996698,28.3356,2.11777,0.820895,0.172113,2.08062,0.0775504,0.0382504,0.221202,0.0995494,0.24618,0.404377,0.312045,0.424655,0.326324,0.7367,0.203453,1.5747,0.247893,,-0.132546,14.3702,0.901144,108.203,-0.132546,-0.11,0.9681585729122162,0.16206218302249908,0.490183,999,,,,,,,130.2,4.65,130.2,4.65,,,,,,,,,,,,,,,,,,,"Gary Sanchez","11442",596142
"Gabriel Arias","CLE",36,152.958,139.911,32.4144,21.2886,6.27234,0.339856,4.51365,17.5013,17.2998,10.1363,0.303152,46.4236,1.72895,0.806985,0.374876,2.89337,2.88138,1.06505,0.231679,0.0662683,0.303506,0.218343,0.2902,0.378151,0.296595,0.668351,0.146472,4.45581,0.310766,,-0.0234289,15.48,-2.41893,87.3072,-0.0234289,0.36,-2.30323457531631,1.7399283647537231,0.48986,748.3800048828125,,,,,,,142.5,3.958333333,142.5,3.958333333,,,,,,,,,,,,,,,,,,,"Gabriel Arias","22563",672356
"Tristan Peters","CHW",45,187.047,169.055,39.408,27.1945,8.22525,0.708829,3.27937,19.3129,17.2974,14.1542,0.321362,36.9402,1.42356,1.47406,0.940838,3.15849,2.97551,0.686866,0.233108,0.0756719,0.197491,0.383166,0.295453,0.348343,0.288304,0.643796,0.115235,4.52643,0.277253,,0.101207,17.6966,-4.19143,80.2587,0.101207,1.86,-4.2348654717206955,2.428181827068329,0.484228,999,,,,,,,154.4,3.431111111,154.4,3.431111111,,,,,,,,,,,,,,,,,,,"Tristan Peters","30063",671976
"Will Benson","CIN",32,136.813,119.416,27.1881,14.8955,5.84855,0.455938,5.98816,18.5259,17.6677,15.1008,0.500625,41.0205,1.18578,0.862247,0.248102,1.63983,3.48315,0.903344,0.227675,0.110376,0.299829,0.368129,0.318344,0.434724,0.331388,0.753068,0.207048,5.38215,0.289341,,0.173779,17.6318,1.62212,105.984,0.173779,0.54,1.1282360404729843,-0.7503225207328796,0.483486,999,,,,,,,156.9,4.903125,156.9,4.903125,,,,,,,,,,,,,,,,,,,"Will Benson","21853",666181
"Drew Romo","CHW",36,135.947,124.443,26.8809,17.5944,5.1286,0.251519,3.90646,13.3649,14.5662,8.35996,0.157954,34.7659,1.27767,1.0119,0.854309,2.30095,1.28589,0.45814,0.21601,0.0614944,0.255732,0.240464,0.270323,0.35544,0.278043,0.625762,0.13943,3.63871,0.264736,,-0.0659984,11.7526,-4.1557,73.3095,-0.0659984,1.51,-4.32682641595602,4.287777662277222,0.482789,999,,,,,,,108.2,3.005555555,108.2,3.005555555,,,,,,,,,,,,,,,,,,,"Drew Romo","27763",691011
"Gavin Lux","TBR",38,160.116,140.86,34.3259,24.1322,7.46341,0.632079,2.09817,17.0851,15.1463,17.2712,0.134582,34.3103,0.712311,1.10603,0.166146,3.33803,1.31651,0.387893,0.243687,0.107867,0.214284,0.503381,0.327036,0.350332,0.307019,0.677368,0.106645,3.95506,0.305308,,-0.106342,17.5318,-1.20475,92.3126,-0.106342,0,-1.5517247542738914,0.5864197015762329,0.474205,745.989990234375,,,,,,,150.1,3.95,150.1,3.95,,,,,,,,,,,,,,,,,,,"Gavin Lux","19955",666158
"Travis d'Arnaud","LAA",28,109.028,97.5889,22.3392,14.1065,4.19921,0.199237,3.83426,11.6641,13.2521,7.41293,0.0169038,28.2542,1.60195,0.669673,0.184216,2.02674,0.270603,0.118281,0.228912,0.0679907,0.259145,0.262365,0.292282,0.393894,0.30436,0.686176,0.164982,2.69899,0.279658,,-0.110504,11.7075,-1.05087,90.2179,-0.110504,0.14,-1.3628942370414734,2.1153086572885513,0.467686,999,,,,,,,101.4,3.621428571,101.4,3.621428571,,,,,,,,,,,,,,,,,,,"Travis d'Arnaud","7739",518595
"Jac Caglianone","KCR",81,335.716,302.845,72.2418,43.0268,15.7009,0.772733,12.7414,40.6984,44.5837,26.5937,0.862054,87.2788,4.02751,1.79434,0.455185,6.38634,2.33504,0.784406,0.238544,0.0792149,0.259978,0.304698,0.306815,0.421708,0.320849,0.728523,0.183164,3.51267,0.290786,,-0.219485,40.4515,1.16651,99.5574,-0.219485,-2.35,-0.39395445585250854,-6.796202182769775,0.463678,164.58999633789062,,,,,,,368.5,4.549382716,368.5,4.549382716,,,,,,,,,,,,,,,,,,,"Jac Caglianone","35041",695506
"Darell Hernaiz","ATH",34,143.778,129.551,33.829,25.201,6.05159,0.721934,1.85446,16.8907,12.8956,10.5768,0.184941,20.3511,0.996046,1.08851,1.56653,3.01339,2.68428,0.869249,0.261126,0.0735633,0.141545,0.519717,0.319255,0.361927,0.305157,0.681182,0.100801,4.96202,0.294877,,-0.00185882,15.53,-1.29473,89.1259,-0.00185882,0.15,-1.8377834494458511,1.3118166029453278,0.460825,999,,,,,,,141.2,4.152941176,141.2,4.152941176,,,,,,,,,,,,,,,,,,,"Darell Hernaiz","26224",687231
"Nathan Church","STL",38,165.768,152.559,38.6202,27.2057,6.9017,0.633452,3.87935,19.1522,17.7616,9.17703,0.380245,27.361,1.88827,1.19189,0.951824,3.38856,3.71849,0.959182,0.253149,0.0553605,0.165056,0.335405,0.301459,0.382978,0.302963,0.684437,0.129829,5.01796,0.283574,,0.161761,17.616,-1.78197,93.6689,0.161761,1.06,-1.0616880506277084,0.2826528549194336,0.458774,999,,,,,,,166.8,4.389473684,166.8,4.389473684,,,,,,,,,,,,,,,,,,,"Nathan Church","31357",701675
"Eric Haase","SFG",39,148.454,135.551,30.114,20.1798,5.04634,0.383107,4.5047,15.6345,15.9247,9.86212,0.0530128,45.5638,1.09396,0.867156,0.911615,2.53937,0.795406,0.242886,0.22216,0.0664323,0.306922,0.216447,0.278679,0.364738,0.286303,0.643417,0.142578,3.52534,0.296576,,-0.0965389,13.8091,-3.56277,82.5503,-0.0965389,0,-3.1163679733872414,2.8825535774230957,0.458494,999,,,,,,,128.4,3.292307692,128.4,3.292307692,,,,,,,,,,,,,,,,,,,"Eric Haase","14111",606992
"Carlos Cortes","ATH",59,248.433,223.097,56.336,34.8641,12.9781,0.384124,8.10969,30.2377,31.2876,21.2612,0.376792,42.5551,1.66969,2.12302,0.282336,4.60821,0.917168,0.339275,0.252518,0.0855809,0.171294,0.499614,0.31943,0.423185,0.327431,0.742614,0.170667,2.74823,0.276281,,-0.244163,31.2351,2.1637,104.211,-0.244163,-2.17,0.9844056963920593,-5.210123538970947,0.455596,999,,,,,,,274.4,4.650847457,274.4,4.650847457,,,,,,,,,,,,,,,,,,,"Carlos Cortes","21842",666126
"Jasson Domínguez","NYY",35,149.83,133.567,33.4771,21.5159,6.50566,0.40621,5.0493,20.2222,17.1875,14.0033,0.666279,33.8709,1.16799,0.905232,0.185784,2.51998,5.43463,1.4865,0.250638,0.0934617,0.226063,0.413432,0.325094,0.418838,0.328461,0.743932,0.1682,5.50299,0.29751,,0.299434,18.9605,1.42766,108.833,0.299434,-0.83,1.8535257577896118,-2.6777907013893127,0.451857,421.5400085449219,,,,,,,169.8,4.851428571,169.8,4.851428571,,,,,,,,,,,,,,,,,,,"Jasson Dominguez","28080",691176
"Mark Vientos","NYM",64,270.764,247.552,59.841,36.9476,11.0851,0.248615,11.5597,31.5581,37.0901,18.2608,0.398716,66.8678,2.32539,2.29142,0.334231,5.14808,0.410162,0.175802,0.241731,0.0674417,0.24696,0.273088,0.297405,0.428607,0.318083,0.726012,0.186876,2.22649,0.281662,,-0.277494,32.0297,0.345245,105.145,-0.277494,-0.5,1.3465004563331604,-5.5950422286987305,0.443701,652.5700073242188,,,,,,,292.7,4.5734375,292.7,4.5734375,,,,,,,,,,,,,,,,,,,"Mark Vientos","22184",668901
"Edouard Julien","COL",64,269.922,232.733,58.527,40.2506,12.2921,0.713822,5.27046,32.9263,28.2503,32.7525,0.783513,71.0385,2.33928,1.46486,0.632102,5.31864,3.96575,1.36075,0.251477,0.121341,0.263182,0.461054,0.347651,0.378365,0.327696,0.726016,0.126888,4.23505,0.337303,,-0.137238,33.9937,2.40777,94.6324,-0.137238,-1.56,-1.8262128680944443,-2.484946072101593,0.434534,746.0499877929688,,,,,,,294.7,4.6046875,294.7,4.6046875,,,,,,,,,,,,,,,,,,,"Edouard Julien","27534",666397
"Freddy Fermin","SDP",44,170.504,153.888,34.5448,24.8146,6.10903,0.397727,3.22342,16.593,15.6257,12.1646,0.263616,33.9865,1.31735,1.26139,1.87247,3.51204,1.05732,0.414818,0.22448,0.0713448,0.19933,0.357923,0.284803,0.332186,0.27726,0.616989,0.107707,3.26793,0.265571,,-0.149264,14.6339,-5.31821,77.7355,-0.149264,0,-4.5746481120586395,3.395061731338501,0.433027,735.3099975585938,,,,,,,128.5,2.920454545,128.5,2.920454545,,,,,,,,,,,,,,,,,,,"Freddy Fermin","21840",666023
"Jorge Soler","LAA",81,339.74,297.284,66.5163,38.7886,13.5113,0,14.2164,38.8397,43.9288,34.5036,0.20167,92.3022,3.91545,2.40466,0.391896,5.59273,0.365135,0.14837,0.223747,0.101559,0.271685,0.373811,0.310361,0.412659,0.320949,0.72302,0.188912,1.75172,0.270746,,-0.375428,40.9636,1.20758,101.453,-0.375428,-0.32,0.2042050063610077,-7.882499992847443,0.427956,634.8099975585938,,,,,,,367.4,4.535802469,367.4,4.535802469,,,,,,,,,,,,,,,,,,,"Jorge Soler","14221",624585
"Addison Barger","TOR",45,187.562,168.795,40.0674,23.798,9.18662,0.31339,6.76936,22.6592,23.2997,15.7531,0.650027,44.7376,1.62918,1.20912,0.17544,3.11953,1.54691,0.452127,0.237373,0.0839887,0.238522,0.352121,0.306584,0.415823,0.318064,0.722407,0.17845,3.66958,0.281003,,-0.0791384,22.1845,0.236286,101.27,-0.0791384,-0.58,0.20057474821805954,-2.600201904773712,0.425172,193.08999633789062,,,,,,,204.7,4.548888888,204.7,4.548888888,,,,,,,,,,,,,,,,,,,"Addison Barger","24598",680718
"Blake Dunn","CIN",42,180.435,159.647,38.2061,27.9904,6.12223,1.03159,3.06182,21.4011,14.3273,13.5947,0.0774768,46.8209,4.08449,0.956581,2.15144,3.488,5.20024,1.12229,0.239315,0.0753442,0.25949,0.290356,0.313464,0.348123,0.299628,0.661587,0.108808,5.98979,0.317412,,0.352815,18.6961,-2.41815,84.3174,0.352815,2.22,-2.945877343416214,1.3505330085754395,0.422605,999,,,,,,,164.8,3.923809523,164.8,3.923809523,,,,,,,,,,,,,,,,,,,"Blake Dunn","29487",694362
"Drew Millas","WSN",36,139.895,127.379,30.6173,22.7114,5.8294,0.451586,1.62486,13.8784,12.8259,10.034,0.578226,25.535,0.758425,0.8765,0.847078,2.82802,2.55273,0.744822,0.240364,0.0717254,0.18253,0.392952,0.297809,0.331487,0.282238,0.629296,0.091123,4.51933,0.286782,,0.0410145,12.5607,-3.80966,77.3873,0.0410145,0.55,-3.64671291410923,3.327777683734894,0.421934,999,,,,,,,118.7,3.297222222,118.7,3.297222222,,,,,,,,,,,,,,,,,,,"Drew Millas","25643",686452
"Zach McKinstry","DET",51,213.23,190.21,43.8021,29.5787,9.54978,0.959486,3.71411,24.8026,18.9353,18.6574,0.462033,44.9723,1.88172,1.59091,0.890024,2.91106,6.87905,1.95387,0.230283,0.0874989,0.21091,0.414863,0.30301,0.349157,0.293053,0.652168,0.118874,5.65611,0.280111,,0.329085,20.9791,-3.97277,83.4815,0.329085,0.84,-3.806982398033142,0.43074068427085876,0.416783,510.30999755859375,,,,,,,199.4,3.909803921,199.4,3.909803921,,,,,,,,,,,,,,,,,,,"Zach McKinstry","19392",656716
"Miguel Rojas","LAD",34,143.984,128.53,32.3076,23.6537,5.65994,0.507482,2.4865,17.2598,14.2086,9.40728,0.256296,19.7932,1.29083,0.883989,1.61347,3.30996,1.97043,0.819028,0.251361,0.0653355,0.137468,0.475277,0.306937,0.361331,0.298638,0.668267,0.109969,4.52596,0.278351,,-0.111593,14.8058,-2.04304,89.0682,-0.111593,0.71,-1.946482077240944,1.393688678741455,0.411207,999,,,,,,,123.1,3.620588235,123.1,3.620588235,,,,,,,,,,,,,,,,,,,"Miguel Rojas","7802",500743
"Nathan Lukes","TOR",48,200.13,179.694,46.601,33.858,8.60319,0.578837,3.561,22.6454,19.2389,15.2387,0.553406,30.6281,1.69099,1.31333,2.19361,4.61945,1.97052,0.625149,0.259336,0.076144,0.153041,0.497541,0.320965,0.373107,0.309993,0.694071,0.113771,4.00589,0.293152,,-0.113844,22.3866,-1.03237,95.8042,-0.113844,-0.03,-1.0998802557587624,-1.937013415619731,0.404728,999,,,,,,,204.6,4.2625,204.6,4.2625,,,,,,,,,,,,,,,,,,,"Nathan Lukes","18123",664770
"Victor Robles","SEA",34,145.714,128.972,30.4352,21.2211,5.99247,0.742249,2.47933,17.9743,11.0692,9.83287,0.086923,33.735,3.37974,0.872562,2.65694,2.43703,6.8981,2.01906,0.235982,0.0674805,0.231515,0.291474,0.305107,0.351627,0.296017,0.656734,0.115645,6.69323,0.298576,,0.38345,14.68,-2.37131,92.231,0.38345,1.24,-0.9458879232406616,-0.2106173038482666,0.402998,727.5399780273438,,,,,,,127.6,3.752941176,127.6,3.752941176,,,,,,,,,,,,,,,,,,,"Victor Robles","18363",645302
"Nasim Nuñez","WSN",55,229.272,202.236,47.2723,37.6642,7.07364,1.01443,1.51999,27.3508,12.4288,20.5303,0.24171,49.9879,1.05428,1.56261,3.88942,3.74536,17.9816,3.29524,0.233749,0.0895454,0.218029,0.410705,0.305511,0.301306,0.277961,0.606817,0.0675572,6.96321,0.300428,,1.95564,19.8057,-7.02343,74.4696,1.95564,0.4,-4.867956280708313,1.531687170267105,0.402538,583.0999755859375,,,,,,,197.8,3.596363636,197.8,3.596363636,,,,,,,,,,,,,,,,,,,"Nasim Nunez","25979",683083
"Nick Fortes","TBR",54,208.249,188.544,41.3882,28.5139,8.03483,0.403635,4.43581,19.1028,20.0083,11.2255,0.182382,33.9773,3.57875,1.35268,3.54855,4.4723,0.993799,0.398285,0.219515,0.053904,0.163157,0.330381,0.27451,0.336992,0.273984,0.611502,0.117477,3.10867,0.243937,,-0.180937,17.3309,-7.03812,69.9392,-0.180937,0,-7.532035052776337,4.166666507720947,0.400064,999,,,,,,,148.3,2.746296296,148.3,2.746296296,,,,,,,,,,,,,,,,,,,"Nick Fortes","21538",663743
"Ben Williamson","TBR",52,222.984,203.115,51.0515,38.6031,8.91686,1.72973,1.80173,23.7501,18.5319,15.6554,0.408339,46.3736,2.08864,1.11165,1.013,4.89153,4.50345,1.46762,0.251343,0.0702086,0.207968,0.337592,0.30993,0.338887,0.292153,0.648817,0.0875439,5.45023,0.3156,,0.0205463,21.7791,-4.31411,82.2442,0.0205463,-0.76,-4.628682788461447,0.7486419677734375,0.399967,999,,,,,,,199.6,3.838461538,199.6,3.838461538,,,,,,,,,,,,,,,,,,,"Ben Williamson","33197",810938
"Connor Wong","BOS",30,120.237,108.569,25.645,17.4534,4.66773,0.584587,2.93931,13.5521,12.4724,8.40812,0.0805072,28.6253,1.56158,0.715118,0.983216,2.15069,2.04451,0.676532,0.236209,0.0699294,0.238073,0.29373,0.298646,0.37119,0.298969,0.669836,0.134981,4.87315,0.292149,,-0.00466099,12.3955,-1.67445,83.5666,-0.00466099,-0.36,-2.324908875860274,1.9548147916793823,0.392537,999,,,,,,,116,3.866666666,116,3.866666666,,,,,,,,,,,,,,,,,,,"Connor Wong","19896",657136
"Agustín Ramírez","MIA",28,114.919,103.828,25.6117,16.3826,5.44232,0.348562,3.43827,13.6847,14.063,8.86847,0.432185,22.5469,1.25623,0.809159,0.156618,2.35042,2.47625,0.899767,0.246673,0.0771715,0.196199,0.393333,0.311395,0.405149,0.316309,0.716544,0.158475,4.72797,0.281917,,-0.00293496,13.4321,-0.0155901,99.2608,-0.00293496,0.71,-0.10196128208190203,0.27790120244026184,0.391582,86.8499984741211,,,,,,,115.3,4.117857142,115.3,4.117857142,,,,,,,,,,,,,,,,,,,"Agustin Ramirez","26546",682663
"J.C. Escarra","NYY",23,89.3024,79.7073,16.9957,11.5521,3.83466,0.111587,1.49735,8.82137,8.24444,7.60985,0.153875,16.2861,1.12465,0.654826,0.205778,1.67248,0.495825,0.165513,0.213226,0.0852144,0.18237,0.467262,0.288789,0.320492,0.276442,0.609281,0.107266,3.03577,0.247661,,-0.0697429,7.60645,-2.8436,73.6019,-0.0697429,1.7,-2.8379864543676376,3.474691390991211,0.385167,999,,,,,,,63.2,2.747826086,63.2,2.747826086,,,,,,,,,,,,,,,,,,,"J.C. Escarra","20084",641555
"Carson Williams","TBR",41,173.868,156.956,33.6409,20.4687,6.61105,1.1832,5.37799,20.1809,19.1922,13.6923,0.216078,57.4532,1.65099,0.939816,0.629394,1.96488,4.13227,1.23442,0.214334,0.078751,0.330441,0.238321,0.282755,0.374324,0.291965,0.65708,0.15999,5.87741,0.297303,,0.143869,16.9559,-3.38989,82.1167,0.143869,-0.51,-3.507329300045967,1.193466305732727,0.384947,724.5499877929688,,,,,,,159.2,3.882926829,159.2,3.882926829,,,,,,,,,,,,,,,,,,,"Carson Williams","30038",700246
"Jeremiah Jackson","BAL",42,176.889,165.637,40.4755,26.549,7.87605,0.602938,5.44752,20.5442,20.6645,8.60694,0.0143563,39.0676,1.12579,1.24018,0.279005,3.21064,2.52209,0.953384,0.244362,0.0486573,0.220859,0.220309,0.284289,0.397857,0.299984,0.682146,0.153495,4.48523,0.286265,,-0.0669763,18.3786,-2.32069,89.8604,-0.0669763,-0.78,-2.173122838139534,-0.25831979513168335,0.383688,999,,,,,,,166.8,3.971428571,166.8,3.971428571,,,,,,,,,,,,,,,,,,,"Jeremiah Jackson","22239",669236
"Moisés Ballesteros","CHC",40,166.797,149.698,38.7538,25.6956,7.36614,0.177475,5.51457,19.9792,22.0369,14.5952,0.616074,31.2107,0.92397,1.32612,0.253376,3.49053,0.355609,0.136788,0.258879,0.0875029,0.187118,0.467636,0.325878,0.42097,0.329334,0.746849,0.162091,2.34908,0.290809,,-0.189187,21.2236,1.7052,111.302,-0.189187,0,2.008355215191841,-3.561253547668457,0.382639,594.3599853515625,,,,,,,193.1,4.8275,193.1,4.8275,,,,,,,,,,,,,,,,,,,"Moises Ballesteros","28820",694208
"Connor Norby","MIA",71,297.036,268.178,63.7822,41.3334,12.991,1.93069,7.52713,33.8582,33.2519,22.8078,0.284843,81.0185,3.46592,2.22232,0.362306,4.08091,5.87093,1.86621,0.237836,0.0767848,0.272756,0.281514,0.303552,0.384879,0.306008,0.688432,0.147044,5.48013,0.309341,,0.0741911,32.285,-2.47383,92.2329,0.0741911,-0.2,-2.615301564335823,-3.080070450901985,0.380497,728.1400146484375,,,,,,,298.5,4.204225352,298.5,4.204225352,,,,,,,,,,,,,,,,,,,"Connor Norby","29592",681393
"Leo Jiménez","MIA",26,110.049,96.5099,24.3215,17.1777,4.71837,0.558981,1.86642,12.1943,11.0931,8.76492,0.146771,22.6356,3.63029,0.762719,0.381636,2.50821,0.881782,0.304236,0.25201,0.0796453,0.205686,0.387218,0.334799,0.370502,0.318637,0.705301,0.118491,4.10512,0.308574,,-0.0959278,13.0667,0.188826,100.849,-0.0959278,-0.42,0.012997813522815704,0.15319225192070007,0.374754,999,,,,,,,117.3,4.511538461,117.3,4.511538461,,,,,,,,,,,,,,,,,,,"Leo Jimenez","23782",677870
"Nathaniel Lowe","CIN",53,225.048,196.111,48.6238,32.9354,8.3898,0.239714,7.05888,26.9681,26.258,25.9909,0.481728,51.7489,1.34034,1.37648,0.229311,4.87517,0.519359,0.190458,0.247941,0.115491,0.229946,0.502251,0.337851,0.40115,0.330502,0.739,0.153209,2.32429,0.29972,,-0.27498,28.8445,2.50968,105.38,-0.27498,0.04,1.136434644460678,-4.72307201474905,0.363093,999,,,,,,,250.3,4.722641509,250.3,4.722641509,,,,,,,,,,,,,,,,,,,"Nathaniel Lowe","19566",663993
"Pedro Pagés","STL",21,81.8856,74.6877,16.7827,11.5654,2.7794,0.150111,2.28786,8.15943,8.95561,5.02011,0.161792,20.4189,0.836954,0.567094,0.773779,1.5197,0.297319,0.129455,0.224706,0.0613064,0.249358,0.245856,0.279118,0.357836,0.283206,0.636954,0.13313,2.88514,0.27584,,-0.080274,7.41523,-2.16691,80.19,-0.080274,1.27,-1.9712911695241928,2.8903703689575195,0.36054,748.2899780273438,,,,,,,65.7,3.128571428,65.7,3.128571428,,,,,,,,,,,,,,,,,,,"Pedro Pages","25782",686780
"Yoán Moncada","LAA",41,174.251,153.118,35.0229,21.7842,7.41404,0.210976,5.61366,19.2639,20.0364,17.6965,0.293519,48.1004,2.02607,1.20283,0.207308,2.8982,0.588109,0.207981,0.228731,0.101557,0.276041,0.367907,0.31455,0.389894,0.314648,0.704444,0.161163,2.52254,0.292318,,-0.174806,20.1367,-0.253899,97.1852,-0.174806,-0.97,-0.7507731914520264,-1.8187654614448547,0.360058,746.1500244140625,,,,,,,181.6,4.429268292,181.6,4.429268292,,,,,,,,,,,,,,,,,,,"Yoan Moncada","17232",660162
"Everson Pereira","CHW",45,187.047,169.367,38.4937,24.1411,6.89018,0.801947,6.6605,21.7383,22.032,14.1927,0.139947,56.5467,2.1169,1.00894,0.361507,3.04017,2.67139,0.866494,0.227279,0.0758778,0.302312,0.250992,0.293559,0.395409,0.305336,0.688968,0.168129,4.66004,0.297037,,-0.0220653,20.2303,-1.65772,91.7942,-0.0220653,0.62,-1.8244317080825567,-1.2739393711090088,0.351567,999,,,,,,,186.5,4.144444444,186.5,4.144444444,,,,,,,,,,,,,,,,,,,"Everson Pereira","23695",677592
"Jonny DeLuca","TBR",39,165.028,151.089,34.6904,22.6014,6.90171,1.47033,3.71692,19.2337,15.8045,10.2667,0.367708,33.7095,1.71099,1.03292,0.928014,1.90725,6.14126,1.5414,0.229602,0.0622123,0.204266,0.304565,0.284389,0.368548,0.28917,0.652937,0.138946,6.57858,0.27005,,0.427495,15.727,-3.58428,80.2242,0.427495,1.88,-3.404800623655319,1.0504204034805298,0.349129,999,,,,,,,150.4,3.856410256,150.4,3.856410256,,,,,,,,,,,,,,,,,,,"Jonny DeLuca","26365",676356
"Leody Taveras","BAL",38,159.298,143.945,34.9075,23.6495,6.04636,0.86712,4.34445,20.6028,15.4717,12.1479,0.245887,33.7904,0.519492,1.17123,1.51457,2.16175,6.40204,1.44666,0.242506,0.076259,0.212121,0.359508,0.30152,0.387103,0.305061,0.688623,0.144597,6.38428,0.285686,,0.508905,17.1943,-1.44658,93.2996,0.508905,-2,-0.744471549987793,-1.413580298423767,0.348776,999,,,,,,,160.3,4.218421052,160.3,4.218421052,,,,,,,,,,,,,,,,,,,"Leody Taveras","18900",665750
"Andrew Benintendi","CHW",71,297.926,267.376,64.8842,41.3467,12.3544,0.435442,10.7476,33.1132,37.5994,25.4841,0.797991,59.1759,1.48501,2.95148,0.629139,4.84985,1.6478,0.605076,0.24267,0.0855384,0.198626,0.43065,0.308962,0.412723,0.317843,0.721685,0.170053,2.77471,0.270137,,-0.257282,35.1859,0.323017,100.265,-0.257282,-0.08,-0.16465651243925095,-6.873210027813911,0.344,735.8099975585938,,,,,,,314.2,4.425352112,314.2,4.425352112,,,,,,,,,,,,,,,,,,,"Andrew Benintendi","17901",643217
"Brandon Valenzuela","TOR",21,82.1791,74.0539,16.0103,10.6677,3.15295,0.0672109,2.12249,8.38253,8.56067,6.97108,0.190897,21.0827,0.413626,0.502646,0.237881,1.30319,0.453884,0.172245,0.216198,0.0848278,0.256546,0.330654,0.28551,0.346574,0.283271,0.632084,0.130376,2.9018,0.270447,,-0.0694324,7.44605,-2.17045,77.7056,-0.0694324,1.05,-2.2208515852689743,2.67037034034729,0.340435,999,,,,,,,64.1,3.052380952,64.1,3.052380952,,,,,,,,,,,,,,,,,,,"Brandon Valenzuela","23813",678218
"Dane Myers","CIN",34,145.736,131.751,32.0892,21.9699,5.08877,0.572847,4.45763,17.9871,15.851,11.0567,0.0563487,36.4896,1.71545,0.970305,0.242441,2.45682,3.77654,1.28449,0.24356,0.0758681,0.250382,0.303009,0.30834,0.392381,0.311732,0.700721,0.148822,5.29036,0.301083,,0.0568981,16.5036,-0.550251,92.5749,0.0568981,-0.52,-1.2045643404126167,-0.18610548973083496,0.330846,999,,,,,,,148.8,4.376470588,148.8,4.376470588,,,,,,,,,,,,,,,,,,,"Dane Myers","22054",667472
"Brice Matthews","HOU",27,115.333,103.199,22.085,13.9809,3.80391,0.544023,3.75615,14.6366,11.4675,9.61746,0.0395234,37.695,1.35027,0.630226,0.535759,1.48877,4.25806,1.13008,0.214004,0.0833887,0.326836,0.255139,0.287923,0.370598,0.294264,0.658521,0.156594,6.35483,0.293834,,0.265409,11.4584,-2.03774,85.1228,0.265409,0.74,-1.7494386434555054,0.9267815947532654,0.328495,740.969970703125,,,,,,,112.9,4.181481481,112.9,4.181481481,,,,,,,,,,,,,,,,,,,"Brice Matthews","33280",694728
"Pavin Smith","ARI",59,252.1,219.079,51.5983,33.0738,10.6885,0.465358,7.37064,29.6355,30.8063,29.7318,0.746623,60.668,1.25655,1.79048,0.242738,4.7304,1.40888,0.473351,0.235524,0.117936,0.24065,0.490073,0.32791,0.389492,0.320913,0.717401,0.153968,3.1419,0.28939,,-0.230192,30.3893,0.888786,102.761,-0.230192,-0.12,0.5811366736888885,-5.407253377139568,0.323722,999,,,,,,,264.8,4.488135593,264.8,4.488135593,,,,,,,,,,,,,,,,,,,"Pavin Smith","19892",656976
"David Hamilton","MIL",52,225.242,202.197,43.9381,30.9296,6.8065,1.47534,4.72662,28.3854,18.3088,18.3466,0.281124,55.0183,1.27712,1.30354,2.11785,2.03557,17.4663,3.17056,0.217304,0.0814528,0.244264,0.333463,0.284872,0.335689,0.279161,0.620561,0.118385,7.50112,0.272766,,1.94741,19.6723,-6.68513,76.0273,1.94741,-0.79,-4.34720242023468,0.33345669507980347,0.319858,743.3300170898438,,,,,,,198.3,3.813461538,198.3,3.813461538,,,,,,,,,,,,,,,,,,,"David Hamilton","27531",666152
"Jake Rogers","DET",24,93.8995,83.7347,17.348,10.469,3.27632,0.37434,3.22841,10.2899,10.705,8.01902,0.0306075,27.1716,1.02327,0.707813,0.369144,1.27439,0.484665,0.195003,0.207178,0.0854001,0.289369,0.295125,0.282295,0.370913,0.291303,0.653208,0.163734,3.74084,0.261269,,-0.080712,9.10782,-1.88018,82.2962,-0.080712,0,-2.032798171043396,1.8518518209457397,0.317652,999,,,,,,,75.1,3.129166666,75.1,3.129166666,,,,,,,,,,,,,,,,,,,"Jake Rogers","19452",668670
"Derek Hill","CHW",25,106.058,96.4286,22.8739,15.706,3.30135,0.882196,2.98435,13.4857,9.48866,6.6037,0.0813261,30.3884,0.986664,0.527784,1.51098,1.55607,4.43392,1.09611,0.237211,0.0622652,0.286527,0.21731,0.291394,0.382591,0.298737,0.673985,0.14538,7.04823,0.31281,,0.322963,10.9141,-1.4966,87.3245,0.322963,0.57,-1.2556481957435608,0.6471604704856873,0.317279,999,,,,,,,104.2,4.168,104.2,4.168,,,,,,,,,,,,,,,,,,,"Derek Hill","16947",656537
"Parker Meadows","DET",32,136.937,122.357,27.0622,17.6245,5.48565,0.779235,3.17279,16.225,12.6957,12.356,0.222852,34.4773,0.964612,0.918242,0.341315,1.59885,3.97737,0.99369,0.221175,0.0902311,0.251775,0.35838,0.295638,0.356538,0.292258,0.652176,0.135363,5.87866,0.279001,,0.235585,13.3863,-2.63789,82.9432,0.235585,0.32,-2.5071699768304825,0.8138271272182465,0.316432,745.6900024414062,,,,,,,121.4,3.79375,121.4,3.79375,,,,,,,,,,,,,,,,,,,"Parker Meadows","23800",678009
"Davis Schneider","TOR",21,89.9136,76.6336,16.3347,9.04874,3.21675,0.21012,3.85905,11.6096,11.2716,11.4833,0,25.783,0.99908,0.632162,0.165531,0.950587,1.00382,0.355148,0.213153,0.127714,0.286753,0.445382,0.321088,0.411684,0.327066,0.732772,0.198531,4.08354,0.261962,,-0.0525001,11.2786,0.757014,107.367,-0.0525001,-0.07,0.7253318428993225,-0.7953086569905281,0.314777,999,,,,,,,96.8,4.609523809,96.8,4.609523809,,,,,,,,,,,,,,,,,,,"Davis Schneider","23565",676914
"Matt Wallner","MIN",42,178.338,155.112,33.2954,18.2548,7.31333,0.112793,7.61453,21.8296,22.864,17.8586,0.257203,57.1182,4.20313,1.02576,0.138112,2.429,1.30626,0.465862,0.214654,0.100139,0.320281,0.312661,0.310647,0.410528,0.320944,0.721174,0.195874,3.30915,0.280956,,-0.130494,21.5021,0.633233,101.867,-0.130494,-1.35,0.260588675737381,-3.4179011583328247,0.314327,340.5899963378906,,,,,,,193.2,4.6,193.2,4.6,,,,,,,,,,,,,,,,,,,"Matt Wallner","26466",670242
"Matt Shaw","CHC",31,129.513,116.737,28.9861,19.7882,4.81128,1.21272,3.1739,17.0333,13.3832,10.1894,0.199015,24.8379,1.22692,0.926841,0.432621,1.98577,4.2982,1.1619,0.248302,0.0786743,0.191779,0.410234,0.313001,0.391858,0.312902,0.70486,0.143557,6.6026,0.287914,,0.229748,14.7869,-0.368542,100.091,0.229748,0.12,0.24349636863917112,-1.2843209579586983,0.31405,336.67999267578125,,,,,,,131.6,4.24516129,131.6,4.24516129,,,,,,,,,,,,,,,,,,,"Matt Shaw","33322",807713
"José Fermín","STL",29,125.824,110.655,26.7513,18.7267,5.23758,0.421386,2.36563,14.6695,11.6975,11.2752,0.407902,16.6296,1.94472,0.846191,1.10344,2.52931,3.01989,0.981841,0.241754,0.0896105,0.132165,0.678019,0.320485,0.360839,0.306523,0.681324,0.119084,4.92142,0.263612,,0.0448064,13.7275,-0.996324,96.0977,0.0448064,-0.02,-0.5275780633091927,-0.4343804307281971,0.31016,999,,,,,,,115.4,3.979310344,115.4,3.979310344,,,,,,,,,,,,,,,,,,,"Jose Fermin","21746",665877
"Brady House","WSN",40,170.011,158.4,38.9374,26.7005,7.21442,0.663733,4.35876,17.8556,20.4288,8.89355,0.315347,45.5004,1.36068,1.12878,0.228163,3.27369,1.58975,0.562544,0.245817,0.0523115,0.267632,0.195461,0.289732,0.382295,0.296622,0.672028,0.136478,4.14331,0.315298,,-0.0959815,17.2096,-2.68493,87.2004,-0.0959815,-0.36,-2.632726326584816,0.25728392601013184,0.308607,710.1199951171875,,,,,,,155,3.875,155,3.875,,,,,,,,,,,,,,,,,,,"Brady House","29993",691781
"Luisangel Acuña","CHW",43,178.37,165.246,40.4642,30.3864,6.90001,1.24307,1.9348,20.4839,13.4562,9.80542,0.166515,33.0074,0.9416,1.07239,1.30471,3.25761,8.57988,2.11244,0.244873,0.0549724,0.185051,0.297067,0.289223,0.3368,0.279875,0.626023,0.091927,6.57322,0.293276,,0.648382,15.68,-5.19263,74.5502,0.648382,0.4,-4.682188093662262,1.3795708119869232,0.299517,395.510009765625,,,,,,,148.3,3.448837209,148.3,3.448837209,,,,,,,,,,,,,,,,,,,"Luisangel Acuna","26548",682668
"Esteury Ruiz","MIA",29,123.684,111.013,26.0356,17.5918,4.68564,0.994098,2.76404,16.89,10.5685,8.42503,0.124545,30.4761,2.5656,0.725136,0.916491,1.53614,9.71019,2.24148,0.234528,0.0681174,0.246403,0.276447,0.301692,0.369341,0.30007,0.671033,0.134813,7.93652,0.296462,,0.884861,12.8592,-1.61414,88.1822,0.884861,0.11,-0.8190792798995972,-0.1832098811864853,0.299061,748.530029296875,,,,,,,129.4,4.462068965,129.4,4.462068965,,,,,,,,,,,,,,,,,,,"Esteury Ruiz","21780",665923
"Andruw Monasterio","BOS",27,118.216,106.647,25.8135,17.2914,4.79645,0.375516,3.35007,13.9879,13.4741,9.4262,0.0826439,27.1784,1.07345,0.869998,0.199977,1.64489,2.95158,1.05249,0.242046,0.0797368,0.229904,0.346827,0.307695,0.388302,0.309655,0.695997,0.146256,4.88293,0.291777,,0.0216386,13.1919,-0.641676,90.8037,0.0216386,-0.76,-1.2549780737608671,0.00923079252243042,0.295368,999,,,,,,,114.2,4.229629629,114.2,4.229629629,,,,,,,,,,,,,,,,,,,"Andruw Monasterio","19455",655316
"Bo Naylor","CLE",12,46.7642,41.1445,8.98493,5.21997,1.92037,0.0944436,1.75015,5.35692,5.81375,4.64628,0.0887636,11.4018,0.367789,0.368261,0.237413,0.61577,0.458354,0.14007,0.218375,0.0993555,0.243815,0.407504,0.30088,0.39725,0.309676,0.69813,0.178875,3.67713,0.255098,,-0.0165461,5.21924,-0.253046,96.1665,-0.0165461,0.54,-0.22705655917525291,1.465925931930542,0.294691,574.2899780273438,,,,,,,49,4.083333333,49,4.083333333,,,,,,,,,,,,,,,,,,,"Bo Naylor","21865",666310
"Nolan Schanuel","LAA",71,296.908,258.439,65.3012,48.8387,12.5298,0.610678,3.32202,31.57,25.534,30.2267,1.0208,41.4612,4.40304,2.36183,1.47712,7.19732,2.53199,1.01932,0.252676,0.101805,0.139643,0.729038,0.338255,0.344447,0.310289,0.682702,0.0917712,3.40936,0.286917,,-0.324541,33.282,-1.46176,94.2334,-0.324541,0.33,-2.33507639169693,-5.148394972085953,0.29459,594.6599731445312,,,,,,,282.5,3.978873239,282.5,3.978873239,,,,,,,,,,,,,,,,,,,"Nolan Schanuel","33189",694384
"Jesus Rodriguez","SFG",14,54.9472,49.9439,13.3452,10.0484,2.28939,0.22211,0.78524,6.27432,5.32284,4.06567,0.2756,7.62206,0.449385,0.385287,0.102885,1.21412,1.20672,0.22019,0.267203,0.0739923,0.138716,0.533408,0.325653,0.369104,0.309759,0.694757,0.101901,4.90598,0.299603,,0.0795923,6.13616,-0.293689,98.5523,0.0795923,0.41,-0.013138167560100555,1.1198765337467194,0.292257,999,,,,,,,51.9,3.707142857,51.9,3.707142857,,,,,,,,,,,,,,,,,,,"Jesus Rodriguez","26991",683679
"Michael Conforto","CHC",32,134.419,116.223,26.764,16.4484,5.46299,0.133004,4.71963,16.2744,16.9927,15.1979,0.310957,32.8794,1.96964,0.832944,0.195873,2.57124,0.225059,0.081184,0.230283,0.113064,0.244604,0.462231,0.327303,0.401402,0.325674,0.728704,0.171119,2.30855,0.27744,,-0.155881,16.7124,0.982856,108.804,-0.155881,-0.45,1.2237470149993896,-2.6323973536491394,0.292217,999,,,,,,,147.7,4.615625,147.7,4.615625,,,,,,,,,,,,,,,,,,,"Michael Conforto","16376",624424
"Jorge Mateo","ATL",20,85.8739,78.6444,18.8996,12.1896,3.65713,0.864366,2.18848,12.6507,7.58134,4.90273,0.115472,22.7302,0.629463,0.511084,0.991967,0.856527,6.46377,1.44298,0.240317,0.0570922,0.264693,0.215692,0.288493,0.392284,0.29971,0.680776,0.151966,8.69819,0.308114,,0.615779,8.90357,-1.14527,88.8128,0.615779,-0.22,-0.5041376352310181,0.62541064620018,0.291564,999,,,,,,,90.1,4.505,90.1,4.505,,,,,,,,,,,,,,,,,,,"Jorge Mateo","17273",622761
"Edgar Quero","CHW",46,178.37,158.76,38.2086,28.5541,6.49016,0.13615,3.02818,17.4199,17.2611,14.9273,0.232193,34.2294,2.41533,1.75109,0.515903,4.27117,0.483087,0.258742,0.240669,0.0836875,0.191901,0.436096,0.312342,0.340486,0.295335,0.652828,0.0998172,2.32199,0.285431,,-0.238931,17.8731,-2.99955,85.0207,-0.238931,-1.53,-3.3764202296733856,-0.06292176246643066,0.285475,475.1000061035156,,,,,,,150.4,3.269565217,150.4,3.269565217,,,,,,,,,,,,,,,,,,,"Edgar Quero","28022",700337
"Masataka Yoshida","BOS",44,190.965,170.699,45.9422,32.3383,9.4114,0.252841,3.93965,21.8654,22.2422,15.5132,0.467343,21.6595,2.98108,1.47887,0.292473,5.15911,1.44276,0.475627,0.269141,0.0812357,0.113421,0.716229,0.337943,0.396476,0.327613,0.73442,0.127335,3.17924,0.286552,,-0.159099,24.0374,1.69091,102.967,-0.159099,-0.03,0.506140798330307,-4.459747103974223,0.277759,748.3300170898438,,,,,,,209.2,4.754545454,209.2,4.754545454,,,,,,,,,,,,,,,,,,,"Masataka Yoshida","31837",807799
"Kyle Isbel","KCR",75,314.492,283.198,64.8648,45.4385,13.1499,1.52132,4.75508,34.1179,25.37,20.08,0.353687,63.1321,3.00848,1.91175,6.29416,6.08256,7.23983,1.87872,0.229044,0.0638489,0.200743,0.318063,0.285379,0.336594,0.278923,0.621973,0.10755,5.44154,0.27672,,0.338585,27.4081,-9.39342,71.1626,0.338585,0.89,-10.311041593551636,2.047407388687134,0.27743,999,,,,,,,253.8,3.384,253.8,3.384,,,,,,,,,,,,,,,,,,,"Kyle Isbel","21614",664728
"Rob Refsnyder","SEA",25,107.317,93.7144,22.1806,14.0787,4.14129,0.212013,3.74858,12.9188,12.8058,10.7334,0.253481,28.4694,1.56502,0.722741,0.292996,1.91849,0.951991,0.347714,0.236683,0.100016,0.265284,0.377016,0.323032,0.405398,0.324237,0.72843,0.168715,3.57433,0.296243,,-0.0829723,13.2201,0.662041,111.343,-0.0829723,-0.02,1.3464666232466698,-2.4119754023849964,0.274849,999,,,,,,,119.3,4.772,119.3,4.772,,,,,,,,,,,,,,,,,,,"Rob Refsnyder","13770",608701
"Thomas Saggese","STL",25,107.849,98.8337,24.3813,16.7757,4.77639,0.628506,2.20065,11.8755,11.3022,6.73558,0.141351,27.491,1.1217,0.791104,0.367283,1.61904,1.29075,0.433862,0.24669,0.0624536,0.254902,0.245011,0.299943,0.374534,0.299589,0.674478,0.127845,4.75095,0.317169,,-0.0421182,11.1716,-1.44878,91.3669,-0.0421182,0.01,-1.1275213547050953,0.3636522386223078,0.272082,999,,,,,,,100.3,4.012,100.3,4.012,,,,,,,,,,,,,,,,,,,"Thomas Saggese","27883",695336
"Taylor Walls","TBR",54,226.913,199.388,40.999,28.0652,8.09138,0.978472,3.86391,24.7687,17.849,22.6671,0.204117,54.3441,0.965131,1.77464,1.9637,2.77761,9.71461,2.46227,0.205624,0.0998935,0.239493,0.417103,0.287512,0.314157,0.274014,0.601669,0.108532,5.96878,0.259769,,0.679676,18.8896,-7.66347,69.9596,0.679676,-0.21,-7.324815988540649,2.0612419098615646,0.271943,999,,,,,,,182.5,3.379629629,182.5,3.379629629,,,,,,,,,,,,,,,,,,,"Taylor Walls","22458",670764
"Denzel Clarke","ATH",19,78.2468,70.9305,16.4115,11.1137,3.05288,0.597156,1.64784,9.76737,6.85893,5.36783,0.0118466,25.0041,1.04718,0.346077,0.555152,1.33728,2.23086,0.556442,0.231375,0.0686013,0.319555,0.214678,0.29381,0.360948,0.293052,0.654758,0.129573,6.65768,0.330842,,0.13107,7.69843,-1.4579,80.9275,0.13107,1.21,-1.621363177895546,1.5032098889350891,0.268052,728.3300170898438,,,,,,,70.8,3.726315789,70.8,3.726315789,,,,,,,,,,,,,,,,,,,"Denzel Clarke","29858",672016
"Jordan Beck","COL",32,137.415,124.555,31.9427,20.336,6.47773,1.17135,3.95758,18.2624,16.4593,10.8045,0.0553741,35.9372,0.918458,0.984386,0.152448,1.90427,4.08321,1.21439,0.256454,0.0786268,0.261523,0.300649,0.318118,0.422591,0.326573,0.740709,0.166137,6.35926,0.326758,,0.160324,17.1832,1.10311,93.8666,0.160324,0.52,-0.822185829281807,-0.9614814519882202,0.263439,232.9199981689453,,,,,,,155.7,4.865625,155.7,4.865625,,,,,,,,,,,,,,,,,,,"Jordan Beck","31431",687597
"Bryce Eldridge","SFG",55,229.428,204.236,48.1078,29.474,10.1267,0.190325,8.3168,26.1744,29.2405,21.5716,1.93965,68.1339,1.67328,1.78157,0.165795,3.58166,0.926815,0.290981,0.23555,0.0940233,0.296972,0.316606,0.311227,0.409162,0.316315,0.720389,0.173612,2.65819,0.307108,,-0.189097,26.8174,-0.030005,103.025,-0.189097,-0.03,0.6199889779090881,-5.405514506623149,0.254201,999,,,,,,,242.9,4.416363636,242.9,4.416363636,,,,,,,,,,,,,,,,,,,"Bryce Eldridge","33390",805811
"Alex Freeland","LAD",19,83.4115,73.8281,16.5937,10.7742,3.35601,0.178107,2.2854,10.4343,8.89737,8.0177,0.122841,22.7139,0.767989,0.522609,0.275143,1.39169,1.49221,0.456489,0.224761,0.0961222,0.272311,0.352987,0.305274,0.367911,0.302009,0.673185,0.143149,4.57354,0.289927,,0.0144139,8.80073,-0.959976,91.3676,0.0144139,0.25,-0.8249759944155812,0.5740740597248077,0.245337,999,,,,,,,77.6,4.084210526,77.6,4.084210526,,,,,,,,,,,,,,,,,,,"Alex Freeland","31665",690976
"Alan Roden","MIN",29,123.765,109.901,27.277,19.7178,5.56456,0.314142,1.68047,13.7053,11.1966,10.5695,0.30795,20.4814,2.33144,0.798955,0.163432,2.8759,1.79921,0.517156,0.248196,0.0854001,0.165486,0.516055,0.325061,0.350417,0.305552,0.675478,0.102221,4.15596,0.289101,,-0.0137785,13.4071,-1.07564,91.4425,-0.0137785,0.73,-1.2574704550206661,-0.6743209362030029,0.244775,999,,,,,,,117.4,4.048275862,117.4,4.048275862,,,,,,,,,,,,,,,,,,,"Alan Roden","31564",702176
"Ke'Bryan Hayes","CIN",27,115.002,105.221,25.6341,18.4949,4.34592,0.472019,2.3213,12.8388,11.4134,7.92794,0.155614,20.9524,0.787738,0.801197,0.264009,2.35453,2.01209,0.825115,0.243621,0.0689372,0.182191,0.378378,0.299375,0.360079,0.294381,0.659454,0.116458,4.49486,0.28173,,-0.0702708,11.4363,-2.02114,80.7377,-0.0702708,0.96,-2.652637705206871,1.376666635274887,0.242736,999,,,,,,,99,3.666666666,99,3.666666666,,,,,,,,,,,,,,,,,,,"Ke'Bryan Hayes","18577",663647
"Jahmai Jones","DET",21,89.987,78.5357,19.1926,11.6322,3.8587,0.563462,3.13822,12.1827,10.1293,8.832,0.0534577,21.8915,1.39721,0.549847,0.672204,1.41954,1.73651,0.566755,0.244381,0.0981476,0.243274,0.403445,0.329417,0.42774,0.335583,0.757158,0.18336,5.60493,0.296996,,0.00637679,11.8973,1.36715,112.286,0.00637679,0,1.3046136326156557,-2.0833332538604736,0.242249,999,,,,,,,103.9,4.947619047,103.9,4.947619047,,,,,,,,,,,,,,,,,,,"Jahmai Jones","18872",663330
"Alex Call","LAD",19,83.4115,71.5217,17.2097,12.0197,3.20832,0.416836,1.56484,10.651,7.57505,9.09076,0.0831688,13.839,1.18458,0.667973,0.946523,1.56814,1.32076,0.466055,0.240622,0.108987,0.165913,0.656893,0.333294,0.362774,0.31529,0.696068,0.122152,4.85813,0.275507,,-0.0377548,9.68181,-0.0788941,100.429,-0.0377548,0.16,0.003936950117349625,-0.2875308692455292,0.24198,999,,,,,,,82.6,4.347368421,82.6,4.347368421,,,,,,,,,,,,,,,,,,,"Alex Call","19296",669743
"Jose Siri","LAA",25,106.108,96.5242,21.188,12.3658,3.65015,0.780694,4.39141,13.5318,12.2825,7.22886,0,36.245,1.12809,0.616791,0.610111,1.16872,3.12917,0.764557,0.21951,0.0681273,0.341585,0.199445,0.280053,0.409988,0.303466,0.690041,0.190478,6.66065,0.297261,,0.209737,11.3184,-1.09819,89.6123,0.209737,0,-1.0845715403556824,-0.29320988059043884,0.238449,999,,,,,,,102.4,4.096,102.4,4.096,,,,,,,,,,,,,,,,,,,"Jose Siri","17452",642350
"James McCann","ARI",23,89.327,80.7531,19.3631,13.7977,3.18803,0.275186,2.10219,9.26381,10.1828,4.97544,0.0402891,22.2504,1.0032,0.700232,0.753594,1.85295,0.430105,0.181741,0.239781,0.0556993,0.24909,0.223611,0.289845,0.364172,0.291096,0.654018,0.124391,3.43305,0.302289,,-0.0875042,8.64964,-1.80328,82.4193,-0.0875042,0,-1.9182297587394714,1.3874859809875488,0.235823,999,,,,,,,70.9,3.082608695,70.9,3.082608695,,,,,,,,,,,,,,,,,,,"James McCann","12859",543510
"Tyler Heineman","TOR",23,89.9136,79.5726,16.2285,12.0204,2.65174,0.137398,1.41903,8.36527,6.52015,6.11069,0.11522,19.1628,1.64202,0.568127,1.98941,1.78966,0.962754,0.329096,0.203946,0.0679617,0.213125,0.318883,0.272845,0.294224,0.258994,0.567069,0.0902779,3.92023,0.248653,,-0.0406536,6.41088,-4.11069,61.2639,-0.0406536,1.49,-4.13052599132061,3.2646913528442383,0.233039,999,,,,,,,53.6,2.330434782,53.6,2.330434782,,,,,,,,,,,,,,,,,,,"Tyler Heineman","13897",623168
"José Tena","WSN",33,139.895,128.146,31.6951,21.6922,6.53528,0.448317,3.01935,15.8742,14.9736,9.50879,0.15571,36.5555,0.872346,0.771318,0.596825,2.69568,3.41138,1.06707,0.247337,0.067971,0.261307,0.260119,0.302059,0.376018,0.301627,0.678078,0.128682,4.94587,0.320966,,0.0864479,14.7178,-1.65254,90.6145,0.0864479,-0.67,-1.4441571906208992,-0.7162963300943375,0.232803,999,,,,,,,135.6,4.109090909,135.6,4.109090909,,,,,,,,,,,,,,,,,,,"Jose Tena","23691",677588
"Nick Sogard","BOS",30,131.352,116.436,27.8677,20.3466,5.61559,0.349614,1.55586,13.9783,11.6922,12.5533,0.176095,26.2103,0.869594,0.909153,0.583877,2.39201,2.57738,0.701324,0.23934,0.0955701,0.199543,0.478945,0.315755,0.333662,0.294908,0.649417,0.0943217,4.61122,0.293729,,0.0603126,13.1171,-2.25352,80.8158,0.0603126,0.28,-2.8986954279243946,0.5194635838270187,0.225989,999,,,,,,,121.9,4.063333333,121.9,4.063333333,,,,,,,,,,,,,,,,,,,"Nick Sogard","25483",686765
"Myles Straw","TOR",22,93.7809,83.2609,20.4082,15.0067,3.25312,0.62966,1.51873,11.281,7.26464,7.49468,0.26507,16.963,0.370269,0.700695,1.95432,1.60113,3.19678,0.713925,0.245111,0.079917,0.18088,0.441824,0.307897,0.354029,0.29611,0.661927,0.108918,6.08859,0.288477,,0.234408,9.45489,-1.51923,86.4016,0.234408,0.59,-1.2631033957004547,0.18876540660858154,0.225473,999,,,,,,,86.1,3.913636363,86.1,3.913636363,,,,,,,,,,,,,,,,,,,"Myles Straw","17620",664702
"Luis Rengifo","MIL",58,248.063,226.144,55.898,42.466,9.8893,0.95644,2.58628,26.0645,23.0476,17.1681,0.414482,39.2378,2.20228,1.65986,0.888739,5.23474,6.7377,2.28331,0.247178,0.0692085,0.158176,0.43754,0.304515,0.333676,0.287543,0.638191,0.0864978,4.94393,0.286653,,0.107233,23.3194,-5.7087,81.7462,0.107233,-1.42,-5.171381093561649,-0.5249382853507996,0.221227,644.9299926757812,,,,,,,215.2,3.710344827,215.2,3.710344827,,,,,,,,,,,,,,,,,,,"Luis Rengifo","19858",650859
"Isiah Kiner-Falefa","BOS",34,149.539,137.188,35.1526,28.2266,5.02629,0.69666,1.2031,16.242,12.0852,7.83601,0.127784,24.4739,1.76599,0.914557,1.55259,3.54422,4.46025,1.46639,0.256238,0.0524012,0.163662,0.320178,0.303002,0.329341,0.284836,0.632343,0.0731036,5.4667,0.301975,,0.104294,13.7355,-3.76336,73.9945,0.104294,0.69,-4.462239548563957,1.3736886978149414,0.218264,746.1500244140625,,,,,,,123.4,3.629411764,123.4,3.629411764,,,,,,,,,,,,,,,,,,,"Isiah Kiner-Falefa","16512",643396
"Noelvi Marte","CIN",27,115.002,105.848,26.9843,17.4063,5.20208,0.507653,3.86831,14.6653,13.7708,7.20442,0.239506,24.8258,1.06644,0.710254,0.173402,2.06002,2.95054,0.899802,0.254935,0.0626459,0.215872,0.290199,0.307024,0.423312,0.320743,0.730335,0.168377,5.40838,0.296877,,0.0951193,13.8473,0.389885,98.7219,0.0951193,-0.4,-0.07622362673282623,-1.4576922953128815,0.216244,147.7100067138672,,,,,,,129.9,4.811111111,129.9,4.811111111,,,,,,,,,,,,,,,,,,,"Noelvi Marte","26517",682622
"Heriberto Hernández","MIA",30,127.579,112.637,26.6265,16.5718,5.35552,0.688973,4.01025,15.1429,15.0274,12.1585,0.381084,33.3075,1.31189,0.926218,0.545659,2.1148,1.95375,0.597628,0.236392,0.0953013,0.261073,0.365037,0.31564,0.402982,0.318548,0.718621,0.16659,4.89777,0.296624,,-0.00232584,15.1391,0.209868,100.788,-0.00232584,0.29,0.11491382168605924,-2.0498399436473846,0.215937,999,,,,,,,136,4.533333333,136,4.533333333,,,,,,,,,,,,,,,,,,,"Heriberto Hernandez","24878",681715
"Enrique Hernández","LAD",26,109.229,99.0345,23.1112,14.1324,4.88054,0.191462,3.9068,13.1419,13.819,8.09021,0.053411,23.9706,0.693155,0.890383,0.418945,1.72883,0.285132,0.111458,0.233365,0.0740663,0.219452,0.337505,0.293396,0.404859,0.307922,0.698255,0.171494,2.95426,0.266552,,-0.103597,12.0384,-0.743443,95.4016,-0.103597,-0.65,-0.689129926264286,-0.6660493724048138,0.215838,999,,,,,,,108.9,4.188461538,108.9,4.188461538,,,,,,,,,,,,,,,,,,,"Enrique Hernandez","10472",571771
"Tyler Austin","CHC",13,55.9261,49.1829,12.2555,7.04496,2.49318,0.127254,2.59015,7.47838,8.20651,5.80844,0.182748,14.7575,0.425317,0.380463,0.128958,0.981057,0.164109,0.0302109,0.249183,0.103859,0.263875,0.393592,0.331366,0.46304,0.347675,0.794406,0.213857,3.15864,0.300021,,-0.0454742,7.93189,1.38749,123.814,-0.0454742,0,1.5070958957076073,-1.2037036418914795,0.212932,999,,,,,,,70.2,5.4,70.2,5.4,,,,,,,,,,,,,,,,,,,"Tyler Austin","11850",592122
"Max Clark","DET",18,77.2714,69.4143,16.7134,11.4739,3.5314,0.317875,1.39015,8.83586,7.33732,6.62947,0.217755,14.6448,0.525026,0.490031,0.212579,1.37585,1.81283,0.294611,0.240777,0.0857945,0.189524,0.452683,0.309736,0.360891,0.300217,0.670626,0.120114,5.36778,0.284451,,0.149703,8.04279,-0.999413,88.3335,0.149703,0,-0.9088848531246185,0.277777761220932,0.211877,999,,,,,,,75,4.166666666,75,4.166666666,,,,,,,,,,,,,,,,,,,"Max Clark","sa3022683",703601
"TJ Friedl","CIN",54,229.013,197.111,44.5699,32.164,7.19386,0.649649,4.5624,26.031,19.4304,23.2533,0.044195,41.5548,4.71926,1.59938,2.32985,4.25103,4.51934,1.37639,0.226116,0.101537,0.181451,0.559583,0.320017,0.338643,0.301221,0.65866,0.112527,4.71667,0.262184,,0.0399889,24.0197,-2.77911,85.404,0.0399889,-1.84,-3.8567363247275352,-1.3912821114063263,0.205352,265.1499938964844,,,,,,,218.7,4.05,218.7,4.05,,,,,,,,,,,,,,,,,,,"TJ Friedl","19522",670770
"Alejandro Osuna","TEX",27,111.077,98.0186,23.9646,17.3163,4.71872,0.452245,1.47731,12.9219,9.06634,9.57308,0.253332,21.068,1.70421,0.870337,0.911025,2.17002,3.49773,0.899522,0.244491,0.086184,0.189669,0.454391,0.319898,0.347075,0.301349,0.666972,0.102584,5.60996,0.294554,,0.190049,11.6615,-1.33662,90.7467,0.190049,0.34,-1.0169014781713486,-0.9099999964237213,0.199847,999,,,,,,,99.2,3.674074074,99.2,3.674074074,,,,,,,,,,,,,,,,,,,"Alejandro Osuna","27915",696030
"Max Kepler",,12,53,46.9228,11.3474,6.7757,2.40096,0.136797,2.03398,6.33397,7.05109,5.05583,0.205039,10.189,0.512289,0.408358,0.10074,0.906975,0.187826,0.0580879,0.241832,0.095393,0.192245,0.496207,0.319769,0.428874,0.329395,0.748643,0.187041,3.12996,0.265279,,-0.047273,6.74639,0.544402,108.583,-0.047273,0.16,0.48498235270380974,-0.3955555260181427,0.190207,999,,,,,,,57.2,4.766666666,57.2,4.766666666,,,,,,,,,,,,,,,,,,,"Max Kepler","12144",596146
"Josh Lowe","LAA",50,212.216,192.287,44.0727,28.0232,9.32898,0.757015,5.96345,24.9301,21.6989,16.771,0.627088,57.22,1.10635,1.60545,0.446612,2.60664,7.3336,1.8325,0.229203,0.0790277,0.269631,0.293096,0.292535,0.378633,0.297205,0.671167,0.14943,5.75593,0.291558,,0.491554,21.5801,-3.25314,85.3716,0.491554,0,-3.1538243889808655,-2.4382715225219727,0.185576,297.0899963378906,,,,,,,204.3,4.086,204.3,4.086,,,,,,,,,,,,,,,,,,,"Josh Lowe","19953",666139
"Sung-Mun Song","SDP",36,154.735,141.111,31.2143,21.0232,6.63379,0.393933,3.16343,16.0247,15.1092,11.8635,0.354579,33.0836,0.489774,1.03752,0.232626,2.47622,3.00559,0.488146,0.221204,0.0766698,0.213809,0.35859,0.281987,0.341052,0.278554,0.623039,0.119848,4.61898,0.264877,,0.235743,13.4397,-4.66714,78.6181,0.235743,0,-3.621149644255638,0.5255255103111267,0.184989,999,,,,,,,122.8,3.411111111,122.8,3.411111111,,,,,,,,,,,,,,,,,,,"Sung-Mun Song","37122",823550
"Nick Castellanos","SDP",36,154.735,142.159,35.8719,23.6353,7.02632,0.580114,4.6301,17.6092,18.7812,9.68742,0.263675,35.0047,1.3004,1.37626,0.211821,2.54999,1.2905,0.445936,0.252337,0.0626067,0.226224,0.276747,0.303254,0.407634,0.312837,0.710888,0.155297,3.83633,0.30069,,-0.0968065,17.6585,-0.448304,102.007,-0.0968065,-0.25,0.265141025185585,-3.376984119415283,0.183323,631.0399780273438,,,,,,,167.5,4.652777777,167.5,4.652777777,,,,,,,,,,,,,,,,,,,"Nick Castellanos","11737",592206
"Ryan Mountcastle","BAL",18,77.2057,70.4836,18.6885,12.5811,3.29468,0.244333,2.56841,9.45224,9.59617,5.29293,0.0570334,17.4538,0.608493,0.711524,0.109196,1.48835,0.366415,0.132978,0.265147,0.0685562,0.226068,0.303254,0.31895,0.428144,0.328723,0.747093,0.162997,3.41827,0.315012,,-0.0737598,9.78626,0.751749,109.325,-0.0737598,0.01,0.7716282904148102,-1.687530865892768,0.182392,748.0900268554688,,,,,,,91.3,5.072222222,91.3,5.072222222,,,,,,,,,,,,,,,,,,,"Ryan Mountcastle","18373",663624
"Jake Mangum","PIT",39,163.405,151.851,40.6044,32.5785,6.57987,1.05014,0.395951,18.681,12.8864,8.32158,0.273541,28.4997,1.54726,1.06614,0.618401,3.51601,6.70888,1.63899,0.267396,0.0509263,0.174412,0.291988,0.310059,0.332381,0.288517,0.64244,0.0649847,6.26301,0.324206,,0.461119,15.4875,-3.63387,79.7544,0.461119,1.04,-3.39543753862381,-0.005321621894836426,0.18183,672.4199829101562,,,,,,,141.3,3.623076923,141.3,3.623076923,,,,,,,,,,,,,,,,,,,"Jake Mangum","26202",663968
"David Fry","CLE",21,87.6829,77.3657,17.8344,11.0698,3.48926,0.143281,3.13201,10.0905,11.0289,8.13608,0.257764,22.7846,1.44672,0.600875,0.133498,1.41677,0.547091,0.205665,0.23052,0.0927898,0.259853,0.357086,0.313162,0.400775,0.317254,0.713937,0.170254,3.26127,0.282466,,-0.0771793,10.3145,0.0539948,101.299,-0.0771793,0.06,0.05656958371400833,-1.3751851953566074,0.178549,999,,,,,,,89.6,4.266666666,89.6,4.266666666,,,,,,,,,,,,,,,,,,,"David Fry","24934",681807
"Jhonny Pereda","SEA",12,47.2587,42.5396,9.71731,7.22957,1.73395,0.0272244,0.726561,4.47912,4.36154,3.98298,0.0397422,10.2213,0.301764,0.253174,0.181221,1.07923,0.0637016,0.028602,0.22843,0.0842803,0.216284,0.389674,0.297425,0.321709,0.281292,0.619135,0.0932797,1.83721,0.282329,,-0.0567308,4.20762,-1.32254,82.2577,-0.0567308,0.17,-1.0413306914269924,1.0959259122610092,0.174832,999,,,,,,,40.2,3.35,40.2,3.35,,,,,,,,,,,,,,,,,,,"Jhonny Pereda","19802",640902
"Jesse Winker",,18,79,67.2878,15.9472,10.476,2.96294,0.162279,2.34598,9.77443,8.54819,9.98639,0.330175,16.3179,0.921627,0.502977,0.301252,1.47394,1.22202,0.418339,0.237,0.12641,0.206556,0.611989,0.341241,0.390452,0.328596,0.731693,0.153452,4.01024,0.27686,,-0.032217,10.0057,0.761242,108.04,-0.032217,-0.19,0.7109194025397301,-1.640617311000824,0.174342,999,,,,,,,85,4.722222222,85,4.722222222,,,,,,,,,,,,,,,,,,,"Jesse Winker","13590",608385
"Harry Ford","WSN",10,38.8597,34.2559,7.82148,5.30252,1.65938,0.103214,0.756371,4.1648,3.92443,3.74168,0.0512723,9.22906,0.530463,0.245568,0.0861149,0.683683,0.743007,0.136183,0.228325,0.0962868,0.237497,0.405423,0.311904,0.349032,0.29914,0.660936,0.120707,4.72671,0.288184,,0.0451022,4.01142,-0.535892,88.918,0.0451022,0.15,-0.45691893622279167,0.9216049611568451,0.174028,725.52001953125,,,,,,,42.9,4.29,42.9,4.29,,,,,,,,,,,,,,,,,,,"Harry Ford","29958",695670
"Austin Hays","CHW",43,178.37,163.046,39.8944,26.0404,8.083,0.69565,5.07532,19.4725,20.4979,11.4904,0.500012,41.0204,2.09005,1.29553,0.447478,3.21209,1.44838,0.5322,0.244681,0.0644192,0.229974,0.280115,0.300552,0.396173,0.307455,0.696725,0.151492,4.01945,0.294462,,-0.124388,19.5924,-1.28023,93.2292,-0.124388,-0.03,-1.54255860298872,-3.0319106858223677,0.168893,572.469970703125,,,,,,,175,4.069767441,175,4.069767441,,,,,,,,,,,,,,,,,,,"Austin Hays","19363",669720
"Wade Meckler","LAA",23,97.3468,87.3654,21.9427,16.1517,4.29811,0.3228,1.17005,10.4119,8.51744,8.61561,0.265647,19.0575,0.497072,0.587379,0.281381,2.2312,1.52851,0.391508,0.25116,0.0885043,0.195769,0.452085,0.319943,0.347925,0.300929,0.667867,0.0967644,4.38233,0.30672,,0.0201447,10.1875,-1.20391,87.8941,0.0201447,0.41,-1.3636947441846132,-0.40790125727653503,0.166631,999,,,,,,,88,3.826086956,88,3.826086956,,,,,,,,,,,,,,,,,,,"Wade Meckler","31490",685133
"Rodolfo Durán","SDP",16,61.1054,55.9302,12.2493,7.97932,2.49542,0.152141,1.62238,6.09627,6.43416,3.79578,0.199095,14.8088,0.559295,0.389853,0.430262,1.02443,0.411462,0.0920431,0.21901,0.0621186,0.242348,0.25632,0.27366,0.356089,0.279137,0.629748,0.137079,3.49943,0.266412,,-0.0163711,5.33571,-1.81476,79.0157,-0.0163711,-0.04,-1.5111559480428696,1.1945678815245628,0.166091,999,,,,,,,50.8,3.175,50.8,3.175,,,,,,,,,,,,,,,,,,,"Rodolfo Duran","20958",660710
"Javier Báez","DET",31,132.046,122.687,28.9593,20.0746,5.23754,0.660868,2.98622,14.3058,13.8834,5.27763,0.0295136,30.5019,1.76116,0.963307,0.26604,2.57976,2.01447,0.747824,0.236041,0.0399681,0.230994,0.173027,0.275447,0.362525,0.282498,0.637972,0.126484,4.92581,0.288069,,-0.0384302,11.8832,-3.56865,76.3329,-0.0384302,-0.46,-3.7082064487040043,0.7072838842868805,0.164626,740.6500244140625,,,,,,,109.8,3.541935483,109.8,3.541935483,,,,,,,,,,,,,,,,,,,"Javier Baez","12979",595879
"Colby Thomas","ATH",15,65.5317,59.9388,14.6912,8.75215,3.15251,0.27414,2.51242,8.4848,8.26377,3.92197,0.00161667,18.4328,0.952699,0.478641,0.239541,0.907641,1.06236,0.305937,0.245103,0.0598484,0.281281,0.212771,0.299667,0.432595,0.321206,0.732262,0.187492,5.12545,0.308541,,0.0191015,7.91478,0.246347,99.9958,0.0191015,-0.14,0.018780341721139848,-0.7109876424074173,0.163564,748.5900268554688,,,,,,,77.8,5.186666666,77.8,5.186666666,,,,,,,,,,,,,,,,,,,"Colby Thomas","31855",687515
"Tommy Troy","ARI",25,106.2,95.8846,23.3288,16.3047,4.57187,0.589196,1.863,12.1265,10.7187,8.16022,0.0324727,24.6226,1.0759,0.663404,0.41571,2.05937,2.18053,0.396167,0.243301,0.0768384,0.231851,0.331412,0.307843,0.36156,0.300261,0.669403,0.11826,5.50239,0.306381,,0.146083,11.0575,-1.36985,88.6716,0.146083,0,-1.2563926577568054,-0.5144032835960388,0.163305,999,,,,,,,102.6,4.104,102.6,4.104,,,,,,,,,,,,,,,,,,,"Tommy Troy","33279",694371
"Eli White","ATL",11,46.8403,43.0681,10.8436,7.39508,1.75708,0.46509,1.22636,6.2092,4.84544,2.81355,0.0568936,11.5416,0.527507,0.265236,0.165904,0.739016,1.55811,0.369169,0.251778,0.0600669,0.246403,0.243775,0.303907,0.399599,0.310752,0.703506,0.14782,6.80473,0.314645,,0.107316,5.26782,-0.213364,96.3458,0.107316,0.52,-0.09221775829792023,0.19592592120170593,0.162893,999,,,,,,,49.6,4.509090909,49.6,4.509090909,,,,,,,,,,,,,,,,,,,"Eli White","19346",642201
"Leo Rivas","SEA",15,63.9962,54.3953,11.4035,8.27196,2.03721,0.161714,0.932621,7.09866,4.42737,7.77081,0.101723,16.1696,0.620272,0.417037,0.79282,1.00354,2.08739,0.616402,0.209642,0.121426,0.252665,0.480581,0.313189,0.304475,0.285966,0.617664,0.0948337,5.19233,0.277668,,0.0827463,5.9357,-1.55305,85.4232,0.0827463,-0.05,-1.012679934501648,0.33580244705080986,0.15964,999,,,,,,,50.8,3.386666666,50.8,3.386666666,,,,,,,,,,,,,,,,,,,"Leo Rivas","21009",660844
"Reese McGuire","CHW",12,48,43.5165,9.56907,6.64463,1.72879,0.099198,1.09644,4.70463,4.79545,3.11406,0.0752558,11.0177,0.467576,0.321766,0.41004,0.928183,0.302032,0.110011,0.219895,0.0648762,0.229536,0.282641,0.277324,0.339769,0.276094,0.617093,0.119874,3.34327,0.267072,,-0.0355853,4.07518,-1.54171,72.3521,-0.0355853,0.6,-1.5883008763194084,1.5259259343147278,0.157539,999,,,,,,,36.2,3.016666666,36.2,3.016666666,,,,,,,,,,,,,,,,,,,"Reese McGuire","15674",624512
"Owen Caissie","MIA",63,263.924,237.179,54.2426,33.9677,11.9731,0.553377,7.74845,29.0051,31.0479,22.8138,0.563061,88.4533,2.09874,1.41363,0.418878,3.86132,2.99443,0.835536,0.228699,0.0864407,0.335147,0.257919,0.300393,0.381854,0.303646,0.682247,0.153155,4.09143,0.326525,,-0.0355541,28.1902,-2.69388,90.6214,-0.0355541,-0.8,-2.9210571758449078,-3.9048386216163635,0.156765,528.5,,,,,,,259,4.111111111,259,4.111111111,,,,,,,,,,,,,,,,,,,"Owen Caissie","27496",683357
"Charles McAdoo","TOR",23,97.6481,88.8325,19.8778,12.949,3.75762,0.299278,2.8719,11.2074,10.4073,7.229,0.215188,26.0991,0.768485,0.604892,0.213304,1.44779,2.24492,0.360538,0.223767,0.0740311,0.267277,0.276982,0.286092,0.369794,0.291381,0.655885,0.146026,5.20739,0.281246,,0.197552,9.47747,-1.94919,83.1982,0.197552,0,-1.729028657078743,-0.1697530895471573,0.154647,999,,,,,,,90.6,3.939130434,90.6,3.939130434,,,,,,,,,,,,,,,,,,,"Charles McAdoo","33323",807727
"Adrian Del Castillo","ARI",22,88.3344,79.5231,17.5637,10.9314,3.89275,0.189437,2.55009,9.18179,10.958,7.32294,0.184526,24.6437,0.698636,0.675094,0.11466,1.28186,0.190173,0.0670422,0.220862,0.0829002,0.278982,0.297153,0.290017,0.37078,0.293994,0.660797,0.149917,2.60779,0.283251,,-0.0838555,8.75707,-1.57971,84.3958,-0.0838555,0.63,-1.6907044500112534,0.38749557733535767,0.153262,999,,,,,,,84.6,3.845454545,84.6,3.845454545,,,,,,,,,,,,,,,,,,,"Adrian Del Castillo","29554",680728
"Nelson Velázquez","STL",21,89.8745,80.8231,18.7577,11.2277,3.68802,0.30962,3.5324,10.8762,11.7808,7.41113,0.250379,24.1071,0.87888,0.625761,0.135557,1.28659,1.08578,0.393643,0.232084,0.0824609,0.268231,0.307425,0.301405,0.416492,0.315889,0.717896,0.184408,4.44519,0.282949,,-0.0403964,10.4748,-0.0422243,102.487,-0.0403964,-0.09,0.22019347548484802,-1.5807407796382904,0.152378,748.5599975585938,,,,,,,100.5,4.785714285,100.5,4.785714285,,,,,,,,,,,,,,,,,,,"Nelson Velazquez","23359",676369
"Joey Loperfido","HOU",50,213.073,192.679,43.687,29.6013,9.4656,0.774059,3.846,23.1078,19.117,14.8092,0.61777,61.5327,3.22178,1.30635,1.05641,3.6191,4.22624,1.0693,0.226735,0.0695029,0.288787,0.240672,0.2911,0.343778,0.284544,0.634878,0.117043,5.21128,0.30979,,0.172451,19.5218,-5.41171,78.5399,0.172451,1.16,-5.196968734264374,-0.7535803318023682,0.151828,746.02001953125,,,,,,,181.6,3.632,181.6,3.632,,,,,,,,,,,,,,,,,,,"Joey Loperfido","29630",694388
"Graham Pauley","MIA",21,89.5978,80.7701,17.7756,11.2915,3.73179,0.17221,2.58008,9.13418,10.4483,7.10447,0.158559,19.0117,0.793429,0.64541,0.284323,1.33498,1.00592,0.343364,0.220076,0.0792929,0.212189,0.37369,0.287454,0.366373,0.291275,0.653827,0.146297,3.71497,0.254004,,-0.0346775,8.68857,-1.79605,82.1816,-0.0346775,0.4,-1.895780835300684,0.48528264462947845,0.146349,999,,,,,,,85.5,4.071428571,85.5,4.071428571,,,,,,,,,,,,,,,,,,,"Graham Pauley","31363",688363
"César Salazar","HOU",12,46.9151,41.1009,8.27732,5.76541,1.76411,0.00924808,0.738553,4.31599,4.01996,3.90676,0.0703182,9.94633,1.21396,0.398592,0.294904,0.923715,0.213323,0.0799083,0.201391,0.083273,0.212007,0.392784,0.287387,0.29867,0.269534,0.586057,0.0972793,2.6146,0.24465,,-0.0444041,3.7383,-1.75164,68.3737,-0.0444041,0.6,-1.7867293693125248,1.5259259343147278,0.141209,999,,,,,,,34,2.833333333,34,2.833333333,,,,,,,,,,,,,,,,,,,"Cesar Salazar","21587",663967
"Rafael Marchán","PHI",24,94.6063,85.6321,18.688,13.0078,3.99918,0.110781,1.57022,8.91155,9.14714,6.4445,0.125531,16.3439,1.32936,0.662239,0.538016,1.74422,0.418528,0.150114,0.218235,0.0681192,0.172757,0.394305,0.281304,0.322535,0.272554,0.603839,0.1043,2.84849,0.250332,,-0.0815612,7.76572,-3.30498,69.1388,-0.0815612,0,-3.4851545095443726,1.8518518209457397,0.139745,999,,,,,,,71.8,2.991666666,71.8,2.991666666,,,,,,,,,,,,,,,,,,,"Rafael Marchan","21646",665561
"Bryan Torres","STL",21,89.8745,80.6534,20.815,15.8019,4.22717,0.207128,0.57883,9.88237,7.43563,7.34195,0.193478,15.0217,0.454344,0.588349,0.836464,2.09785,2.33969,0.430321,0.25808,0.0816911,0.16714,0.488757,0.321338,0.337158,0.297565,0.658496,0.0790781,4.87101,0.308285,,0.174589,9.16503,-1.35196,89.9863,0.174589,0,-0.8745582550764084,-0.6672113537788391,0.133766,999,,,,,,,82.4,3.923809523,82.4,3.923809523,,,,,,,,,,,,,,,,,,,"Bryan Torres","21464",663494
"Alex Jackson","MIN",16,62.3696,56.8282,11.2807,6.53344,2.46591,0.113813,2.16756,6.26483,7.23877,4.06474,0.0543526,20.6683,0.905091,0.363657,0.20792,0.874703,0.198258,0.0716649,0.198506,0.0651719,0.331384,0.196666,0.261424,0.360331,0.276318,0.621755,0.161825,2.94496,0.265257,,-0.0472461,5.30629,-1.99212,71.6434,-0.0472461,0,-2.1240514628589153,1.2345678806304932,0.13198,999,,,,,,,44.2,2.7625,44.2,2.7625,,,,,,,,,,,,,,,,,,,"Alex Jackson","17276",656577
"Kaelen Culpepper","MIN",10,42.8791,39.0058,9.21257,6.28889,1.62181,0.173284,1.12859,4.97275,4.38013,2.99336,0.029783,9.47127,0.514476,0.25403,0.111424,0.776762,1.02972,0.1911,0.236185,0.0698093,0.220883,0.316046,0.297431,0.37345,0.299131,0.670881,0.137265,5.4535,0.282066,,0.0788293,4.42604,-0.591614,87.0941,0.0788293,0,-0.5710062980651855,0.3395061790943146,0.129766,999,,,,,,,40.5,4.05,40.5,4.05,,,,,,,,,,,,,,,,,,,"Kaelen Culpepper","sa3025360",701785
"Dominic Smith","ATL",52,219.564,197.363,49.851,33.874,9.70607,0.274223,5.99673,24.9949,26.0813,16.7904,0.440201,40.6909,2.91132,2.11952,0.379677,4.27882,0.893564,0.359314,0.252586,0.0764718,0.185326,0.412634,0.317326,0.395696,0.316519,0.713022,0.143111,2.75487,0.287014,,-0.235477,25.7,0.00693097,100.28,-0.235477,0,-0.16371605545282364,-5.522875785827637,0.129596,999,,,,,,,230.3,4.428846153,230.3,4.428846153,,,,,,,,,,,,,,,,,,,"Dominic Smith","15653",642086
"Jett Williams","MIL",10,44.6514,39.8593,9.04297,5.85199,1.9228,0.258349,1.00982,5.0802,4.65758,3.87459,0.0286591,10.9535,0.523251,0.294615,0.0996847,0.556526,1.3184,0.174161,0.226872,0.0867741,0.245312,0.35373,0.30169,0.364079,0.298543,0.665769,0.137207,5.98876,0.284959,,0.141182,4.5881,-0.636954,89.2505,0.141182,0,-0.4183565378189087,0.24691356718540192,0.127519,999,,,,,,,42.5,4.25,42.5,4.25,,,,,,,,,,,,,,,,,,,"Jett Williams","sa3020134",702518
"Christian Moore","LAA",15,63.2754,55.9922,12.5962,8.49141,2.14382,0.468854,1.49208,7.21244,5.83935,6.13756,0.107167,18.6274,0.525221,0.394921,0.225534,0.903747,1.18658,0.3533,0.224963,0.0969975,0.294385,0.329492,0.305455,0.359941,0.298928,0.665397,0.134979,5.65604,0.30617,,0.017474,6.52115,-0.883261,86.5386,0.017474,-0.09,-0.9827390369027853,0.01802467554807663,0.127498,748.3499755859375,,,,,,,54.9,3.66,54.9,3.66,,,,,,,,,,,,,,,,,,,"Christian Moore","34979",695681
"Thairo Estrada",,10,44,40.7342,10.1882,7.2927,1.81459,0.194883,0.88606,5.02077,4.51429,2.1185,0.013464,7.83796,0.728952,0.33598,0.0823567,0.871226,0.975448,0.317049,0.250115,0.0481478,0.178135,0.270287,0.296821,0.369487,0.296458,0.666308,0.119372,5.27123,0.287582,,0.0148156,4.4482,-0.700625,86.1946,0.0148156,0.29,-0.6958939451724291,0.4443209767341614,0.124445,999,,,,,,,41.1,4.11,41.1,4.11,,,,,,,,,,,,,,,,,,,"Thairo Estrada","16426",642731
"Ryan Ritter","COL",10,43.1875,38.5096,9.89785,6.71858,1.87287,0.404948,0.901451,5.30269,4.4002,3.11051,0.0952889,11.2536,0.741752,0.265937,0.559743,0.776838,0.686169,0.179337,0.257023,0.0720234,0.260574,0.276403,0.322562,0.396913,0.319618,0.719476,0.13989,5.75076,0.33795,,0.0113443,5.16153,0.107783,89.1213,0.0113443,0.16,-0.5363521492108703,0.37604936957359314,0.123905,999,,,,,,,46.1,4.61,46.1,4.61,,,,,,,,,,,,,,,,,,,"Ryan Ritter","31500",690022
"Randal Grichuk","CHW",13,54.9572,50.5175,12.4885,7.40137,2.58576,0.122312,2.37903,6.34132,7.68589,3.43811,0.0864724,11.1649,0.555068,0.359338,0.0871899,0.952893,0.129027,0.0494627,0.247211,0.0625597,0.203157,0.307938,0.300376,0.444518,0.325394,0.744894,0.197307,2.62456,0.270792,,-0.0513313,6.82065,0.389632,105.379,-0.0513313,-0.16,0.29580093547701836,-1.0087654292583466,0.123567,999,,,,,,,55.7,4.284615384,55.7,4.284615384,,,,,,,,,,,,,,,,,,,"Randal Grichuk","10243",545341
"Hao-Yu  Lee","DET",9,38.1467,34.9339,8.70138,5.84551,1.56316,0.312574,0.980132,4.53325,4.18308,2.43174,0.0775262,8.11695,0.409184,0.296248,0.0755304,0.614709,0.629689,0.198725,0.249081,0.0637472,0.212783,0.299588,0.303177,0.395892,0.308569,0.69907,0.146812,5.41333,0.295458,,0.00154897,4.22388,-0.239994,93.9902,0.00154897,0,-0.267658629687503,0.138888880610466,0.123371,999,,,,,,,38.5,4.277777777,38.5,4.277777777,,,,,,,,,,,,,,,,,,,"Hao-Yu  Lee","30080",701678
"Andrew McCutchen",,15,66,57.3454,13.615,8.37718,2.82427,0.0812909,2.33224,8.01577,8.19569,7.54421,0.0979486,14.8186,0.542227,0.480045,0.0881425,1.21452,0.332713,0.117902,0.237421,0.114306,0.224525,0.509103,0.329249,0.411516,0.329797,0.740765,0.174096,2.82727,0.277391,,-0.0639764,8.42226,0.699026,108.856,-0.0639764,0,0.6199231296777725,-1.6203703880310059,0.122674,999,,,,,,,75.9,5.06,75.9,5.06,,,,,,,,,,,,,,,,,,,"Andrew McCutchen","9847",457705
"Brett Sullivan","COL",26,102.08,93.9175,21.3512,13.8874,5.47392,0.312354,1.67747,10.07,10.9078,6.38186,0.133664,17.6905,0.703975,0.843409,0.232854,1.53086,0.85776,0.236769,0.22734,0.0625184,0.173301,0.360751,0.279214,0.345859,0.278346,0.625073,0.118519,3.96122,0.260949,,-0.0299665,8.84938,-3.09584,60.9648,-0.0299665,0.63,-4.675120009109378,2.636172890663147,0.122374,999,,,,,,,79.8,3.069230769,79.8,3.069230769,,,,,,,,,,,,,,,,,,,"Brett Sullivan","18217",664954
"Alika Williams","ATH",18,74.3344,67.7248,16.6162,11.8172,3.38479,0.298597,1.11553,7.92527,6.77045,4.26206,0.0561545,14.6288,0.669554,0.546098,1.13196,1.36683,0.69084,0.232706,0.245348,0.0573362,0.196798,0.291346,0.294359,0.35356,0.289103,0.647918,0.108211,4.10114,0.295101,,-0.0408016,7.08006,-1.61846,78.2531,-0.0408016,0.01,-1.9390644617378712,0.5192592237144709,0.120358,999,,,,,,,62.2,3.455555555,62.2,3.455555555,,,,,,,,,,,,,,,,,,,"Alika Williams","27604",675961
"Jose Iglesias",,12,53,48.027,12.6762,9.79924,2.14237,0.271005,0.463564,5.71736,4.82348,2.71796,0.0387525,8.40001,0.790681,0.303401,0.337516,1.35457,0.650247,0.217191,0.263939,0.0512822,0.158491,0.323566,0.312213,0.348789,0.296794,0.661002,0.0848497,4.59447,0.30944,,-0.0253467,5.37224,-0.829755,86.4232,-0.0253467,-0.18,-0.8672483675181866,0.2520987391471863,0.117844,999,,,,,,,44.5,3.708333333,44.5,3.708333333,,,,,,,,,,,,,,,,,,,"Jose Iglesias","10231",578428
"Starling Marte","KCR",37,153.387,138.251,35.9504,25.5245,6.47239,0.62703,3.32649,18.8844,15.7325,10.0475,0.140176,31.5624,2.81192,0.933533,1.34317,3.46964,3.58942,1.40427,0.260037,0.0655042,0.205769,0.318338,0.321024,0.388107,0.316396,0.709131,0.128071,5.20299,0.312802,,-0.0472846,17.939,-0.0102234,96.5417,-0.0472846,-0.13,-0.6701956875622272,-3.5396119356155396,0.116888,999,,,,,,,158.7,4.289189189,158.7,4.289189189,,,,,,,,,,,,,,,,,,,"Starling Marte","9241",516782
"Jon Berti",,14,62,56.1127,13.9392,10.7876,2.22349,0.356907,0.571148,7.51302,4.59596,4.50429,0.0815362,13.062,0.547328,0.325093,0.45153,1.26491,3.03189,0.803184,0.248414,0.0726499,0.210678,0.344839,0.308847,0.331296,0.289385,0.640143,0.0828822,6.50676,0.312303,,0.199548,5.91914,-1.33602,81.3866,0.199548,-0.09,-1.1506771892309189,0.2186419665813446,0.116038,999,,,,,,,58.5,4.178571428,58.5,4.178571428,,,,,,,,,,,,,,,,,,,"Jon Berti","12037",542932
"Stuart Fairchild","CLE",11,46.7642,41.2532,9.33607,6.09563,1.83171,0.300057,1.10868,5.5976,4.25456,3.76197,0.0535039,11.9237,0.921291,0.271794,0.555914,0.659755,1.40939,0.365419,0.226311,0.0804456,0.254975,0.315503,0.303394,0.365885,0.300346,0.669279,0.139573,6.27127,0.288755,,0.078868,4.87224,-0.600046,89.8475,0.078868,0.18,-0.47864191979169846,-0.046337440609931946,0.113536,999,,,,,,,41.5,3.772727272,41.5,3.772727272,,,,,,,,,,,,,,,,,,,"Stuart Fairchild","20321",656413
"Cooper Pratt","MIL",7,31.7521,28.5736,6.98635,4.82845,1.3699,0.165895,0.622108,3.52102,3.36491,2.42334,0.102593,6.12392,0.314668,0.243463,0.197022,0.529318,0.835986,0.126422,0.244503,0.0763205,0.192866,0.395717,0.308171,0.369374,0.301809,0.677545,0.124871,5.46951,0.288352,,0.0780534,3.34512,-0.370469,91.4786,0.0780534,0,-0.2373647689819336,0.32407405972480774,0.112107,999,,,,,,,30.4,4.342857142,30.4,4.342857142,,,,,,,,,,,,,,,,,,,"Cooper Pratt","sa3022867",806198
"Joey Wiemer","WSN",17,71.8904,64.0815,14.0363,8.83996,2.73476,0.367996,2.09354,8.16452,8.11801,6.55353,0.142549,21.2211,0.740069,0.397123,0.11819,1.2241,1.17556,0.347296,0.219038,0.0911599,0.295186,0.308821,0.297188,0.371209,0.298641,0.668397,0.152171,5.04972,0.290125,,0.0129624,7.39259,-1.01994,88.5775,0.0129624,0.11,-0.94431565515697,-0.24493826925754547,0.111519,999,,,,,,,67.8,3.988235294,67.8,3.988235294,,,,,,,,,,,,,,,,,,,"Joey Wiemer","27690",686894
"Mike Tauchman","NYM",13,55.5163,47.7492,11.1615,7.52273,2.14115,0.0175313,1.48009,6.53038,5.86688,6.77312,0.0315627,12.2175,0.563769,0.319332,0.110923,1.10531,0.369144,0.159132,0.233753,0.122002,0.220071,0.554377,0.333873,0.37232,0.319966,0.706194,0.138568,2.72958,0.281675,,-0.0657521,6.65036,0.15391,106.429,-0.0657521,-0.09,0.35034792870283127,-1.0622222125530243,0.107328,999,,,,,,,52.8,4.061538461,52.8,4.061538461,,,,,,,,,,,,,,,,,,,"Mike Tauchman","15274",643565
"Santiago Espinal","LAD",13,56.6007,51.3042,12.9997,9.77967,2.12223,0.276278,0.821501,6.58356,5.21763,3.69731,0.0697388,7.30719,0.353642,0.436644,0.808866,1.1263,0.676521,0.244839,0.253384,0.0653227,0.129101,0.505982,0.305612,0.353557,0.294816,0.659169,0.100173,4.61048,0.279238,,-0.0338408,5.64814,-0.975197,86.4604,-0.0338408,-0.02,-0.9272115007042885,0.18061726912856102,0.107287,999,,,,,,,50.9,3.915384615,50.9,3.915384615,,,,,,,,,,,,,,,,,,,"Santiago Espinal","19997",669289
"Triston Casas","BOS",11,49.5094,42.6029,10.107,6.16152,2.00707,0.024204,1.91419,5.85755,6.85753,6.12254,0.375724,11.901,0.380398,0.351222,0.052352,0.874259,0.0813359,0.0444326,0.237237,0.123664,0.240379,0.514454,0.335845,0.420277,0.33427,0.756122,0.18304,1.79591,0.281163,,-0.0637596,6.49402,0.700494,107.475,-0.0637596,0,0.370818667113781,-1.064814805984497,0.106008,746.0599975585938,,,,,,,55.6,5.054545454,55.6,5.054545454,,,,,,,,,,,,,,,,,,,"Triston Casas","22514",671213
"Esmerlyn Valdez","PIT",13,55.7728,49.9995,11.8451,7.32543,2.39586,0.155112,1.96867,6.56141,7.1678,4.7019,0.0615999,15.2335,0.633121,0.349616,0.0887075,0.916278,0.322684,0.0829511,0.236904,0.0843045,0.273134,0.308656,0.308528,0.409148,0.317828,0.717675,0.172244,3.59726,0.297958,,-0.0327555,6.58626,0.0597972,99.7507,-0.0327555,0,-0.04896593652665615,-0.7253086566925049,0.101753,999,,,,,,,59.8,4.6,59.8,4.6,,,,,,,,,,,,,,,,,,,"Esmerlyn Valdez","29005",699013
"Tyrone Taylor","NYM",20,85.7094,78.6191,18.311,11.6738,3.65361,0.555496,2.42814,10.1443,8.83478,4.38043,0.135796,19.0584,1.37681,0.586092,0.747006,1.03108,2.06863,0.544455,0.232908,0.051108,0.222361,0.229842,0.283282,0.386167,0.29527,0.669448,0.153258,5.90164,0.275178,,0.104628,8.58388,-1.44572,89.5818,0.104628,-0.12,-0.9363098740577698,-0.7860168740153313,0.101685,999,,,,,,,73.9,3.695,73.9,3.695,,,,,,,,,,,,,,,,,,,"Tyrone Taylor","13675",621438
"Drew Gilbert","SFG",44,183.157,165.685,37.0388,25.1152,7.59811,0.585267,3.74024,18.9261,17.4868,13.3463,0.421956,34.853,2.42191,1.17664,0.527757,3.37043,1.77489,0.536511,0.22355,0.0728678,0.19029,0.38293,0.289148,0.344197,0.284026,0.633345,0.120647,4.05972,0.259601,,-0.0675973,16.7054,-4.72739,80.9965,-0.0675973,-0.24,-4.125128172338009,-0.6979385763406754,0.0999538,999,,,,,,,153.7,3.493181818,153.7,3.493181818,,,,,,,,,,,,,,,,,,,"Drew Gilbert","31545",687551
"Sam Haggerty","TEX",31,127.497,114.057,26.5155,19.2912,4.88771,0.66433,1.67233,15.587,9.30074,10.3738,0.153335,29.2061,1.56168,0.733016,0.77144,2.08057,6.76804,1.59508,0.232475,0.0813648,0.229072,0.355192,0.303419,0.330964,0.287445,0.634383,0.0984886,6.49967,0.296063,,0.546777,11.9755,-2.94408,81.3298,0.546777,0.12,-2.2484662532806396,-1.2513991668820381,0.0970943,999,,,,,,,119.9,3.867741935,119.9,3.867741935,,,,,,,,,,,,,,,,,,,"Sam Haggerty","18054",664059
"Ryan Vilade","TBR",33,138.505,124.988,28.7489,19.4254,5.49108,0.74553,3.08693,14.6073,14.3533,10.595,0.322285,31.9446,1.28915,1.01125,0.621637,2.37983,1.94498,0.576649,0.230013,0.0764949,0.230638,0.331667,0.294691,0.359969,0.292068,0.65466,0.129956,4.83327,0.282099,,-0.00220923,13.5187,-2.68901,82.1869,-0.00220923,0.51,-2.8993783390615135,-0.9849222898483276,0.0970285,999,,,,,,,122.8,3.721212121,122.8,3.721212121,,,,,,,,,,,,,,,,,,,"Ryan Vilade","22165",668723
"Pedro Ramírez","CHC",17,73.587,67.2638,17.6279,12.6972,3.39465,0.271784,1.26419,8.77826,7.60734,4.86363,0.283465,13.1991,0.706406,0.460345,0.292823,1.54093,1.96934,0.35803,0.262071,0.0660936,0.179368,0.368481,0.316504,0.377003,0.308221,0.693507,0.114933,5.30573,0.307237,,0.157301,8.12774,-0.483315,96.898,0.157301,0,-0.1088026762008667,-1.2808642387390137,0.0964499,999,,,,,,,73.7,4.335294117,73.7,4.335294117,,,,,,,,,,,,,,,,,,,"Pedro Ramirez","29218",699393
"Nick Loftin","KCR",25,106.117,95.2567,23.2703,16.0345,4.46398,0.781227,1.99064,12.0219,10.7154,8.20762,0.10912,15.283,1.23316,0.8511,0.568418,2.13291,1.03748,0.346292,0.24429,0.077345,0.14402,0.537043,0.309915,0.370249,0.303899,0.680164,0.125958,4.59489,0.269929,,-0.0614778,11.356,-1.06171,88.0781,-0.0614778,-1.25,-1.5470625758171082,-1.235711032524705,0.0941834,999,,,,,,,98.8,3.952,98.8,3.952,,,,,,,,,,,,,,,,,,,"Nick Loftin","27630",679845
"Max Schuemann","NYY",7,30.7597,26.6292,6.06342,4.29243,1.07335,0.158251,0.5394,3.71076,2.425,2.9917,0.0362989,6.62064,0.534126,0.230512,0.374224,0.521497,0.945662,0.295785,0.227699,0.0972603,0.215237,0.451875,0.315586,0.340659,0.298408,0.656246,0.112961,5.86213,0.280413,,0.0293408,3.15737,-0.442097,88.479,0.0293408,0.02,-0.3867997210472822,0.22061728313565254,0.0930772,999,,,,,,,32.8,4.685714285,32.8,4.685714285,,,,,,,,,,,,,,,,,,,"Max Schuemann","24488",680474
"Leo De Vries","ATH",5,21.5179,19.4146,4.73814,2.84205,1.11518,0.0781832,0.702722,2.68548,2.62227,1.67847,0.0947272,4.7529,0.213428,0.16213,0.0492514,0.281808,0.424846,0.0749848,0.24405,0.0780035,0.220882,0.353146,0.308825,0.418132,0.319167,0.726956,0.174081,5.0268,0.285772,,0.0310265,2.56399,0.0459934,98.6148,0.0310265,0,-0.003975551575422287,0.138888880610466,0.0909076,999,,,,,,,27.3,5.46,27.3,5.46,,,,,,,,,,,,,,,,,,,"Leo De Vries","sa3023363",815888
"CJ Kayfus","CLE",18,76.9661,68.7438,16.2931,10.3825,3.53076,0.255915,2.12396,8.79222,8.78166,6.48655,0.0737258,20.8082,1.03528,0.517049,0.183455,1.25357,0.753656,0.215728,0.237013,0.084278,0.270355,0.31173,0.310161,0.38851,0.311418,0.698671,0.151497,4.04727,0.305841,,-0.0270497,8.69663,-0.309837,97.3464,-0.0270497,-0.23,-0.2668802496045828,-1.5494444221258163,0.0890575,999,,,,,,,73.9,4.105555555,73.9,4.105555555,,,,,,,,,,,,,,,,,,,"CJ Kayfus","33704",692216
"Christopher Morel","MIA",32,136.344,121.262,26.7814,15.5636,5.51911,0.443051,5.25561,16.3612,17.4758,12.4257,0.213352,40.5129,1.53613,0.894797,0.2261,1.99877,2.55695,0.913378,0.220856,0.0911346,0.297136,0.30671,0.299322,0.4037,0.311311,0.703022,0.182844,4.87659,0.281795,,-0.00865197,15.3943,-0.56051,95.8507,-0.00865197,-0.34,-0.6681542992591858,-2.809135764837265,0.0860186,999,,,,,,,139.5,4.359375,139.5,4.359375,,,,,,,,,,,,,,,,,,,"Christopher Morel","21897",666624
"Braxton Fulford","COL",11,45.1506,40.509,9.91636,6.18035,2.0888,0.354054,1.29315,5.60704,5.37778,3.41577,0.00804313,11.8992,0.748459,0.328065,0.149325,0.597863,0.764883,0.216841,0.244794,0.0756528,0.263544,0.287059,0.312893,0.409606,0.320011,0.722499,0.164812,5.54042,0.31193,,0.0124981,5.41028,0.126815,89.3898,0.0124981,0.02,-0.5459608482196927,-0.057160500437021255,0.0848066,999,,,,,,,44.1,4.009090909,44.1,4.009090909,,,,,,,,,,,,,,,,,,,"Braxton Fulford","29704",690924
"Miguel Andujar","SDP",62,266.104,248.285,64.1865,45.452,11.207,1.09871,6.42876,29.173,29.8559,13.7385,0.971115,40.2347,1.68514,1.97476,0.420843,5.79228,2.24719,0.847831,0.25852,0.0516281,0.151199,0.341458,0.299643,0.390186,0.303512,0.689829,0.131666,3.81536,0.283688,,-0.198013,28.3949,-2.74429,95.6453,-0.198013,-0.02,-1.5488814413547516,-6.04777767136693,0.0846907,722.9099731445312,,,,,,,253.4,4.087096774,253.4,4.087096774,,,,,,,,,,,,,,,,,,,"Miguel Andujar","15878",609280
"Mark Canha",,11,48,41.6104,10.0132,6.89968,1.95399,0.150976,1.0086,5.65558,4.79017,4.44389,0.0490824,8.89492,1.50131,0.354631,0.0897983,1.09594,0.562968,0.18028,0.240643,0.0925811,0.185311,0.499599,0.333091,0.367576,0.317533,0.700667,0.126933,4.27944,0.280856,,-0.0253699,5.6571,0.0401985,100.52,-0.0253699,-0.03,0.0038277078419923782,-0.7861728351563215,0.0835949,999,,,,,,,49.1,4.463636363,49.1,4.463636363,,,,,,,,,,,,,,,,,,,"Mark Canha","11445",592192
"Brandon Lockridge","MIL",15,63.5042,57.2356,13.6536,10.5135,2.19673,0.544553,0.39888,7.12461,4.20394,4.62324,0.11402,15.8596,0.49194,0.366067,0.787392,1.16594,2.90348,0.681597,0.238551,0.0728021,0.249741,0.29151,0.299263,0.316868,0.278831,0.61613,0.0783162,6.93724,0.320603,,0.224658,5.52976,-1.90142,75.8027,0.224658,0.53,-1.5666628330945969,0.3646560460329056,0.0829521,999,,,,,,,50.8,3.386666666,50.8,3.386666666,,,,,,,,,,,,,,,,,,,"Brandon Lockridge","21496",663604
"Nick Yorke","PIT",10,43.0527,39.3747,10.016,7.24866,1.87983,0.204172,0.683298,4.86842,4.36668,2.9563,0.137539,9.4379,0.375689,0.273988,0.0720561,0.851709,0.846314,0.289996,0.254376,0.0686669,0.219217,0.313237,0.310557,0.36455,0.300984,0.675107,0.110174,4.93455,0.316067,,-0.00157636,4.50739,-0.530583,88.2592,-0.00157636,-0.02,-0.5908321094466373,-0.020000004552965134,0.077196,999,,,,,,,43.1,4.31,43.1,4.31,,,,,,,,,,,,,,,,,,,"Nick Yorke","27504",694377
"Zach Cole","HOU",22,93.8301,84.4452,17.1517,9.80145,3.73434,0.275572,3.34037,11.0599,10.6361,7.50466,0.345225,36.8396,1.30534,0.47037,0.104562,1.14111,1.89203,0.472178,0.203111,0.0799814,0.39262,0.203712,0.276997,0.372529,0.288141,0.649527,0.169419,5.37164,0.308733,,0.0938814,8.86516,-2.11472,80.9761,0.0938814,0.06,-2.0022143572568893,-0.5239506401121616,0.0765411,743.5999755859375,,,,,,,81.8,3.718181818,81.8,3.718181818,,,,,,,,,,,,,,,,,,,"Zach Cole","31583",805904
"Tristan Gray","MIN",25,106.223,97.0904,20.3146,12.663,4.56539,0.140968,2.94524,10.2633,11.3952,7.069,0.209899,30.236,0.933858,0.784296,0.345631,1.43728,0.403056,0.142772,0.209234,0.0665486,0.284646,0.233794,0.267455,0.350165,0.27454,0.617619,0.140931,2.70714,0.268487,,-0.0806544,8.88706,-3.54304,70.4391,-0.0806544,0.06,-3.7679219022393227,0.7942692004144192,0.0749595,999,,,,,,,81.7,3.268,81.7,3.268,,,,,,,,,,,,,,,,,,,"Tristan Gray","19877",656484
"MJ Melendez","NYM",23,98.371,87.2047,18.3278,10.3238,3.96118,0.197629,3.84524,11.4994,12.0976,9.44916,0.191722,28.5113,0.882333,0.660102,0.174681,1.2112,1.1147,0.361209,0.21017,0.0960563,0.289835,0.331418,0.291858,0.39241,0.303544,0.684267,0.18224,3.91148,0.260909,,-0.0274152,10.4993,-1.01199,95.2265,-0.0274152,-0.05,-0.5748223066329956,-1.8246913440525532,0.0732883,999,,,,,,,94.9,4.126086956,94.9,4.126086956,,,,,,,,,,,,,,,,,,,"MJ Melendez","22197",669004
"Blake Perkins","MIL",16,67.4733,60.0989,13.181,9.06865,2.56006,0.336327,1.21594,7.35704,6.28885,6.20391,0.0861816,17.32,0.468143,0.438703,0.263618,1.03666,2.06173,0.520073,0.219321,0.0919462,0.256695,0.358192,0.295389,0.333808,0.284479,0.629198,0.114487,5.76646,0.284871,,0.121453,6.17842,-1.71721,79.6556,0.121453,-0.2,-1.4787728190422058,0.04691356420516968,0.0722456,999,,,,,,,49.9,3.11875,49.9,3.11875,,,,,,,,,,,,,,,,,,,"Blake Perkins","19921",663368
"Jake Fraley","TBR",34,142.434,127.076,28.7103,19.4561,5.97419,0.495274,2.78476,16.0546,13.4565,12.9704,0.328179,31.4159,1.37701,0.815657,0.19497,1.98515,4.99238,1.32726,0.225929,0.0910621,0.220564,0.412861,0.302712,0.346479,0.292548,0.649191,0.12055,5.4076,0.276712,,0.288728,13.9566,-2.71093,82.5119,0.288728,0.12,-2.636268377304077,-1.6508333757519722,0.069729,999,,,,,,,129.7,3.814705882,129.7,3.814705882,,,,,,,,,,,,,,,,,,,"Jake Fraley","19260",641584
"Rafael Flores Jr.","PIT",4,15.6555,14.1999,3.30567,2.23974,0.656113,0.0351115,0.374707,1.66718,1.73792,1.22521,0.0206783,4.51562,0.124599,0.0831227,0.022735,0.283711,0.0770646,0.0165499,0.232796,0.0782608,0.288436,0.271328,0.297802,0.363111,0.295615,0.660913,0.130315,3.21714,0.312048,,-0.00931466,1.5722,-0.259786,84.5964,-0.00931466,0.16,-0.29043585527688265,0.4686419665813446,0.0691864,999,,,,,,,8.7,2.175,8.7,2.175,,,,,,,,,,,,,,,,,,,"Rafael Flores Jr.","31991",804668
"Jonah Cox","SFG",8,33.7395,30.7465,7.49159,5.53053,1.20675,0.275713,0.478604,4.22049,2.46532,2.08126,0.0548489,8.18361,0.307195,0.185941,0.418551,0.546098,1.97512,0.196387,0.243656,0.0616861,0.242553,0.25432,0.296512,0.347538,0.288024,0.644049,0.103881,7.53293,0.314904,,0.275341,3.18459,-0.763556,83.7241,0.275341,0,-0.36481839418411255,-0.061728399246931076,0.0658528,999,,,,,,,20.9,2.6125,20.9,2.6125,,,,,,,,,,,,,,,,,,,"Jonah Cox","33270",813841
"Zac Veen","COL",16,68.7074,61.626,15.2167,10.1481,3.25025,0.244031,1.57429,8.55265,7.38817,5.76736,0.0965937,16.1785,0.487945,0.45034,0.375785,1.20149,2.50569,0.380686,0.24692,0.0839409,0.235469,0.356484,0.314232,0.384219,0.311254,0.698451,0.137299,5.75586,0.307791,,0.263785,7.75449,-0.285567,83.4151,0.263785,0.27,-1.064591407775879,-0.4707407057285309,0.0656298,743.6599731445312,,,,,,,73.2,4.575,73.2,4.575,,,,,,,,,,,,,,,,,,,"Zac Veen","27770",691728
"Victor Mesa Jr.","TBR",16,66.7969,60.8912,13.9208,9.22718,2.9388,0.166972,1.5879,6.81733,7.24876,4.71644,0.0893041,14.5892,0.392766,0.466414,0.330074,1.11044,0.908728,0.27904,0.228619,0.0706087,0.218412,0.323282,0.286309,0.360599,0.288018,0.646908,0.13198,3.99318,0.272971,,-0.003792,6.30448,-1.512,79.4437,-0.003792,0.2,-1.6161767933517694,-0.07983539998531342,0.0649999,999,,,,,,,61.8,3.8625,61.8,3.8625,,,,,,,,,,,,,,,,,,,"Victor Mesa Jr.","25999",683748
"Jared Young","NYM",16,69.1519,61.8251,14.2774,9.05732,2.94771,0.146956,2.12542,8.04263,7.72622,5.75748,0.103114,16.9651,0.915924,0.411561,0.241858,1.20342,0.839011,0.240131,0.230932,0.0832585,0.245331,0.339372,0.304031,0.386498,0.307604,0.69053,0.155566,4.04498,0.281647,,-0.00882831,7.60395,-0.488112,97.9963,-0.00882831,-0.09,-0.17035323660820723,-1.3862962424755096,0.0648851,999,,,,,,,66.8,4.175,66.8,4.175,,,,,,,,,,,,,,,,,,,"Jared Young","20404",676724
"Spencer Jones","NYY",12,52.5892,47.5846,10.2163,6.02139,2.08738,0.104995,2.00257,6.57599,6.16522,4.29006,0.0812698,19.7093,0.411389,0.25054,0.0525706,0.62327,1.51906,0.231239,0.214698,0.0815768,0.374778,0.217667,0.28395,0.389231,0.298168,0.673182,0.174533,5.65174,0.314423,,0.155928,5.38806,-0.765856,88.3169,0.155928,0,-0.5655515193939209,-0.6378600597381592,0.064717,999,,,,,,,48.4,4.033333333,48.4,4.033333333,,,,,,,,,,,,,,,,,,,"Spencer Jones","31532",682987
"Jorge Barrosa","ARI",25,106.2,95.8175,21.3173,14.5613,5.06599,0.345292,1.34471,10.9531,9.40436,8.0185,0.149699,24.7478,0.806506,0.681573,0.875754,1.88225,2.12621,0.494831,0.222478,0.0755039,0.233031,0.324008,0.286186,0.324659,0.275451,0.610845,0.102181,4.92915,0.283675,,0.106441,8.96201,-3.46536,71.7453,0.106441,1.17,-3.3915449678897858,0.6555966734886169,0.0641805,999,,,,,,,76.3,3.052,76.3,3.052,,,,,,,,,,,,,,,,,,,"Jorge Barrosa","23968",678489
"Jace Jung","DET",16,68.4684,60.1446,12.8243,8.46398,2.65191,0.116105,1.59229,7.11955,6.89508,7.2384,0.112165,16.6466,0.537466,0.457822,0.0900522,1.15045,0.256874,0.0939173,0.213224,0.105719,0.243129,0.434826,0.301267,0.3406,0.290845,0.641868,0.127376,2.88533,0.265134,,-0.0681671,6.61621,-1.39587,81.9863,-0.0681671,-0.06,-1.516472950577736,-0.3069135807454586,0.0579034,999,,,,,,,64.3,4.01875,64.3,4.01875,,,,,,,,,,,,,,,,,,,"Jace Jung","31437",690291
"Jhostynxon Garcia","PIT",27,112.524,103.334,24.1668,15.7833,4.68179,0.56892,3.13278,12.4692,13.0565,7.11932,0.114579,31.2031,1.03911,0.767793,0.26382,1.74282,1.2216,0.24637,0.233871,0.0632693,0.277302,0.22816,0.287949,0.38114,0.296178,0.669089,0.14727,4.81001,0.301494,,0.0238355,11.3506,-1.81683,84.9805,0.0238355,0.12,-1.9463447723537683,-1.0658974722027779,0.0563592,999,,,,,,,105.7,3.914814814,105.7,3.914814814,,,,,,,,,,,,,,,,,,,"Jhostynxon Garcia","28142",691373
"Hyeseong Kim","LAD",12,52.6287,48.3207,11.8204,8.7557,2.26347,0.230512,0.570703,6.41732,4.53888,3.54368,0.0688867,12.0885,0.284969,0.35475,0.124597,0.941705,1.88514,0.442101,0.244624,0.0673336,0.229694,0.293144,0.298054,0.33644,0.284873,0.634493,0.0918158,6.05066,0.31235,,0.133739,4.83561,-1.32293,79.6771,0.133739,0,-1.1131067723035812,-0.030864201486110687,0.0535647,740.77001953125,,,,,,,50.2,4.183333333,50.2,4.183333333,,,,,,,,,,,,,,,,,,,"Hyeseong Kim","35322",808975
"George Lombard Jr.","NYY",4,17.8605,15.9333,3.62895,2.40683,0.792991,0.0762397,0.352886,2.09335,1.66354,1.58189,0.018006,4.53373,0.19827,0.115053,0.0319618,0.277891,0.489313,0.0797727,0.227758,0.0885691,0.253841,0.348915,0.303396,0.353541,0.295697,0.656937,0.125782,5.6844,0.293508,,0.0443371,1.7948,-0.295209,86.643,0.0443371,0,-0.23580056428909302,0.12345679104328156,0.0524169,999,,,,,,,15.3,3.825,15.3,3.825,,,,,,,,,,,,,,,,,,,"George Lombard Jr.","sa3023233",806146
"Weston Wilson","BAL",14,60.5918,54.2103,11.4887,7.42985,2.03825,0.18278,1.83783,7.12957,6.05594,5.29991,0.131827,17.0912,0.415247,0.335781,0.330615,0.822636,1.53879,0.489679,0.211929,0.0874691,0.28207,0.310097,0.285488,0.357976,0.287713,0.643465,0.146048,5.12935,0.270962,,0.0425651,5.70414,-1.38624,81.5498,0.0425651,-0.56,-1.2701875939965248,-0.34395062923431396,0.0511897,999,,,,,,,51,3.642857142,51,3.642857142,,,,,,,,,,,,,,,,,,,"Weston Wilson","19358",642215
"Nick Madrigal","LAA",9,37.9653,34.6274,8.94496,7.30825,1.37675,0.18047,0.0794881,3.81869,2.7412,2.0446,0.0695873,3.69253,0.644458,0.24184,0.406988,1.06779,0.779004,0.253405,0.25832,0.0538544,0.0972609,0.55371,0.309759,0.315389,0.283297,0.625148,0.0570691,4.98706,0.285089,,0.00247585,3.44074,-1.00191,75.9524,0.00247585,0.1,-1.0696007052902132,0.23888888210058212,0.0506291,999,,,,,,,29.2,3.244444444,29.2,3.244444444,,,,,,,,,,,,,,,,,,,"Nick Madrigal","20521",663611
"Ryan Kreidler","MIN",29,123.765,109.784,22.204,14.2578,4.86308,0.321141,2.76194,13.2027,10.9308,11.1397,0,37.803,1.37786,0.757078,0.706323,1.74717,2.4563,0.830233,0.202252,0.0900074,0.305442,0.294679,0.282155,0.327874,0.276764,0.610029,0.125621,4.79387,0.277839,,0.0178935,10.5735,-3.90923,71.9453,0.0178935,-0.22,-4.0593855902552605,0.22753086686134338,0.0496314,999,,,,,,,92.9,3.203448275,92.9,3.203448275,,,,,,,,,,,,,,,,,,,"Ryan Kreidler","25867",668952
"Lenyn Sosa","TOR",23,97.6481,91.194,21.8703,14.8316,3.99197,0.226581,2.82021,10.141,11.1168,4.2077,0.128796,21.5702,0.729696,0.757188,0.75951,1.54842,0.489729,0.194957,0.239822,0.0430904,0.220897,0.19507,0.276686,0.381342,0.289396,0.658028,0.14152,3.20053,0.28197,,-0.0804841,9.32331,-2.10334,81.8538,-0.0804841,-0.2,-2.161219321191311,-0.7709876447916031,0.0485105,487.05999755859375,,,,,,,87,3.782608695,87,3.782608695,,,,,,,,,,,,,,,,,,,"Lenyn Sosa","22896",672820
"Cole Carrigg","COL",4,16.6861,15.202,3.90177,2.63359,0.778953,0.128343,0.360882,2.19277,1.75844,1.09485,0.0289086,3.6509,0.174289,0.106728,0.10818,0.268729,0.846462,0.103236,0.256661,0.0656143,0.218799,0.299884,0.311915,0.396003,0.31335,0.707918,0.139342,7.21018,0.313436,,0.107688,1.91105,-0.0415327,84.8453,0.107688,0,-0.18709778785705566,0.12345679104328156,0.0476973,999,,,,,,,15.2,3.8,15.2,3.8,,,,,,,,,,,,,,,,,,,"Cole Carrigg","sa3022596",694249
"Chad Stevens","COL",9,38.2798,34.8637,8.64978,5.73329,1.89441,0.234705,0.787376,4.49899,4.16506,2.63112,0.0229595,10.7904,0.416719,0.247956,0.120311,0.56318,0.783264,0.177801,0.248103,0.0687338,0.281882,0.243839,0.306545,0.383657,0.306864,0.690203,0.135555,5.50825,0.334088,,0.0400423,4.18671,-0.292744,80.4203,0.0400423,-0.06,-0.8336946219205856,0.07888888195157051,0.0468965,999,,,,,,,41.5,4.611111111,41.5,4.611111111,,,,,,,,,,,,,,,,,,,"Chad Stevens","29614",677060
"Jorbit Vivas","WSN",33,139.895,124.341,29.3726,21.6874,5.97101,0.278384,1.43577,13.9064,12.559,11.244,0.261957,19.1489,2.77407,1.05912,0.476565,3.05017,2.32654,0.746633,0.236226,0.080375,0.136881,0.587189,0.311227,0.323366,0.289029,0.634593,0.0871402,4.17084,0.266533,,-0.0176479,13.3162,-3.05413,82.0201,-0.0176479,-0.18,-2.9498433396220207,-1.0287654399871826,0.0460709,999,,,,,,,108.2,3.278787878,108.2,3.278787878,,,,,,,,,,,,,,,,,,,"Jorbit Vivas","23917",678391
"James Outman","MIN",37,156.898,138.964,27.803,16.989,5.7597,0.430069,4.62422,17.6529,15.8851,14.574,0.30647,54.5214,2.28728,0.924296,0.148519,1.79537,3.44599,0.98833,0.200073,0.0928884,0.347495,0.267309,0.28494,0.347539,0.284791,0.632479,0.147466,4.99694,0.287069,,0.117278,14.4059,-3.95419,77.3817,0.117278,0,-4.049951180815697,-0.9722222089767456,0.046027,999,,,,,,,136.1,3.678378378,136.1,3.678378378,,,,,,,,,,,,,,,,,,,"James Outman","24770",681546
"Walker Jenkins","MIN",3,12.6688,11.2902,2.79059,1.89096,0.613811,0.0344313,0.251385,1.47082,1.25798,1.13151,0.0197267,2.50655,0.13863,0.0883133,0.0202003,0.228848,0.254724,0.0452138,0.24717,0.0893143,0.197852,0.45142,0.321041,0.374434,0.311712,0.695475,0.127264,4.87827,0.294553,,0.0166854,1.43445,-0.0480352,95.6148,0.0166854,0,-0.04855167679488659,0.046296294778585434,0.045133,999,,,,,,,11.7,3.9,11.7,3.9,,,,,,,,,,,,,,,,,,,"Walker Jenkins","sa3022894",805805
"Rikuu Nishida","CHW",41,169.692,149.427,36.517,30.2534,5.57474,0.352113,0.336798,17.5211,10.1738,14.391,0.286152,27.8226,2.29276,0.965949,2.61614,4.9336,5.32618,1.02263,0.244381,0.0848066,0.163959,0.517243,0.318422,0.293163,0.282212,0.611586,0.0487823,5.05249,0.295994,,0.413298,15.2326,-4.62459,76.1332,0.413298,0,-4.342515200376511,-1.1388888359069824,0.0446751,999,,,,,,,130.3,3.17804878,130.3,3.17804878,,,,,,,,,,,,,,,,,,,"Rikuu Nishida","33795",807747
"Josh Rojas","KCR",4,17.3646,15.5125,3.71544,2.4574,0.80949,0.0428244,0.405731,1.97457,1.88087,1.53661,0.0263287,3.54278,0.0673141,0.141611,0.0820579,0.284595,0.28202,0.101139,0.239513,0.0884907,0.204023,0.433729,0.308226,0.375683,0.304967,0.683908,0.13617,4.15291,0.282746,,-0.00515707,1.87299,-0.158994,88.801,-0.00515707,0,-0.2335122972726822,0.06172839179635048,0.0445365,999,,,,,,,15.3,3.825,15.3,3.825,,,,,,,,,,,,,,,,,,,"Josh Rojas","19734",668942
"Manuel Margot",,3,13,11.8728,3.05403,2.13708,0.552713,0.0363749,0.327867,1.52651,1.46353,0.851354,0.00995826,2.10824,0.134424,0.103326,0.0380934,0.281722,0.19429,0.0632625,0.257229,0.0654888,0.162172,0.403822,0.311668,0.392754,0.312585,0.704422,0.135525,4.18562,0.285761,,-0.00261599,1.48097,-0.0402714,97.1564,-0.00261599,0,-0.0458668265491724,0.046296294778585434,0.0444458,999,,,,,,,10.7,3.566666666,10.7,3.566666666,,,,,,,,,,,,,,,,,,,"Manuel Margot","14712",622534
"Justin Foscue","TEX",24,102.384,92.3015,20.4829,12.9806,4.74012,0.252558,2.50962,10.9023,10.5655,7.86472,0.0540333,19.9957,1.33927,0.667037,0.211672,1.65229,1.13832,0.39354,0.221912,0.0768158,0.1953,0.393321,0.290556,0.360308,0.291402,0.650864,0.138395,3.89977,0.255072,,-0.0442707,9.93886,-2.04201,84.0095,-0.0442707,0,-1.9667604751884937,-1.1728395223617554,0.0441696,999,,,,,,,91.6,3.816666666,91.6,3.816666666,,,,,,,,,,,,,,,,,,,"Justin Foscue","27501",679822
"Cooper Ingle","CLE",2,7.79403,6.81605,1.68373,1.11492,0.378243,0.00818849,0.182374,0.889568,0.863411,0.863678,0.0206641,1.51288,0.051928,0.0468922,0.0154829,0.160575,0.0473246,0.0097508,0.247024,0.110813,0.194107,0.570885,0.334167,0.385189,0.322632,0.719356,0.138165,3.01571,0.290527,,-0.00463629,0.950185,0.0381371,104.942,-0.00463629,-0.04,0.04059003898873925,0.11432098597288132,0.0438189,999,,,,,,,7.2,3.6,7.2,3.6,,,,,,,,,,,,,,,,,,,"Cooper Ingle","sa3023069",694876
"Luis Lara","MIL",3,13.8916,12.4863,3.14898,2.26368,0.659386,0.0479477,0.177969,1.56798,1.35885,1.12155,0.0551757,2.43315,0.169456,0.0858253,0.0284636,0.269778,0.546543,0.0842715,0.252196,0.0807364,0.175153,0.460947,0.320275,0.355445,0.303368,0.675719,0.103249,5.67403,0.298266,,0.0573219,1.48071,-0.144862,92.5419,0.0573219,0,-0.06345511972904205,0.046296294778585434,0.0433884,999,,,,,,,12.6,4.2,12.6,4.2,,,,,,,,,,,,,,,,,,,"Luis Lara","sa3018514",800325
"Steward Berroa","PHI",9,40.258,35.755,7.44616,5.20853,1.51072,0.12382,0.603082,4.61738,2.91407,3.59512,0.0375285,11.3371,0.24562,0.221752,0.440503,0.557666,2.17917,0.236781,0.208255,0.0893021,0.28161,0.317112,0.283466,0.308034,0.269549,0.5915,0.0997793,6.52421,0.284694,,0.293901,3.20835,-1.50259,67.0886,0.293901,0.26,-1.2506506741046906,0.39888887107372284,0.0433681,999,,,,,,,34.2,3.8,34.2,3.8,,,,,,,,,,,,,,,,,,,"Steward Berroa","22766",672642
"Braden Montgomery","CHW",13,54.9572,49.6887,11.5113,7.60282,2.44046,0.122891,1.3451,5.88694,5.72343,4.24355,0.125213,15.0939,0.583662,0.314171,0.12711,1.03488,0.67423,0.175565,0.231668,0.0772156,0.274647,0.281144,0.297984,0.366941,0.296763,0.664925,0.135273,3.98406,0.30289,,0.00127857,5.56924,-0.861779,85.9877,0.00127857,0,-0.9029998241458088,-0.6018518209457397,0.0422373,999,,,,,,,49.3,3.792307692,49.3,3.792307692,,,,,,,,,,,,,,,,,,,"Braden Montgomery","sa3038253",695731
"Cody Freeman","TEX",13,55.0557,50.886,12.0657,8.55933,2.29774,0.199462,1.00913,5.61206,5.36133,3.14522,0.122351,8.12534,0.397323,0.410715,0.216384,1.12718,0.718632,0.234997,0.237112,0.057128,0.147584,0.387088,0.284617,0.349599,0.282009,0.634217,0.112488,4.28397,0.262238,,-0.0124313,4.93322,-1.50933,77.6481,-0.0124313,-0.14,-1.45748888887465,-0.06283951550722122,0.0410004,999,,,,,,,42.3,3.253846153,42.3,3.253846153,,,,,,,,,,,,,,,,,,,"Cody Freeman","25629",683227
"Juan Brito","CLE",5,21.4336,19.1317,4.35689,2.92058,0.998397,0.0321287,0.405785,2.19622,2.15096,1.87127,0.0841007,4.22859,0.184601,0.161938,0.0841125,0.358108,0.26411,0.0896042,0.227732,0.0873053,0.197288,0.442527,0.300371,0.346907,0.290336,0.647277,0.119175,3.59191,0.26953,,-0.00835603,2.06249,-0.445641,83.0685,-0.00835603,0,-0.43450187891721725,0.07716049253940582,0.0400493,999,,,,,,,12.3,2.46,12.3,2.46,,,,,,,,,,,,,,,,,,,"Juan Brito","26693",682877
"Seaver King","WSN",6,25.2588,23.252,5.6567,4.10143,1.01494,0.132945,0.407386,2.65979,2.45148,1.43873,0.0590614,5.66506,0.243925,0.155249,0.168926,0.52211,0.565497,0.109601,0.243278,0.0569596,0.224281,0.253966,0.292523,0.350925,0.286744,0.643448,0.107646,5.29332,0.30282,,0.039574,2.3584,-0.597349,80.461,0.039574,0,-0.5357596762478352,0.12345678359270096,0.0397516,999,,,,,,,18.4,3.066666666,18.4,3.066666666,,,,,,,,,,,,,,,,,,,"Seaver King","sa3025414",814409
"Austin Barnes",,8,32,28.3825,6.16087,4.67238,1.07527,0.0305465,0.382668,3.0593,2.56661,2.4825,0.01488,7.15655,0.294443,0.191709,0.326632,0.714084,0.392763,0.161434,0.217066,0.0775781,0.223642,0.346885,0.285087,0.297551,0.266466,0.582638,0.0804852,3.62385,0.274695,,-0.0247165,2.47177,-1.27283,65.8078,-0.0247165,0,-1.3048813678324223,0.6172839403152466,0.0386776,999,,,,,,,14.5,1.8125,14.5,1.8125,,,,,,,,,,,,,,,,,,,"Austin Barnes","12158",605131
"Gabriel Gonzalez","MIN",8,34.1084,31.3606,7.86058,5.42377,1.64544,0.130761,0.660606,3.75287,3.4779,2.01849,0.0228761,6.59071,0.439266,0.219831,0.0701364,0.70084,0.420149,0.101314,0.250651,0.0591789,0.193229,0.306263,0.30314,0.374653,0.301742,0.677793,0.124002,4.37928,0.29594,,0.00313307,3.59154,-0.399778,88.8623,0.00313307,0,-0.44295730255544186,-0.37037035822868347,0.0386037,999,,,,,,,35,4.375,35,4.375,,,,,,,,,,,,,,,,,,,"Gabriel Gonzalez","28833",694224
"Yohendrick Piñango","TOR",19,81.2123,74.0563,17.4198,11.7026,3.74469,0.10814,1.86438,8.79358,8.49949,6.17516,0.251139,18.2003,0.440692,0.420982,0.119165,1.60667,0.728765,0.234242,0.235224,0.0760373,0.224107,0.339289,0.296396,0.364235,0.294255,0.660631,0.129012,3.41682,0.285879,,-0.0407682,8.06793,-1.43543,85.1453,-0.0407682,0,-1.4573940560221672,-1.0030864477157593,0.0381051,999,,,,,,,71.5,3.763157894,71.5,3.763157894,,,,,,,,,,,,,,,,,,,"Yohendrick Pinango","26664",682818
"Cameron Cauley","TEX",6,25.1131,22.9258,4.93299,3.23161,1.02328,0.152929,0.525174,2.79946,2.25338,1.82055,0.0333239,6.88251,0.130847,0.149152,0.0867359,0.323174,0.872827,0.082887,0.215172,0.072494,0.27406,0.264518,0.275085,0.34187,0.275602,0.616955,0.126698,6.45825,0.281339,,0.114829,2.12227,-0.816433,73.3087,0.114829,0,-0.6722873896360397,0.15432098507881165,0.0367282,999,,,,,,,25.2,4.2,25.2,4.2,,,,,,,,,,,,,,,,,,,"Cameron Cauley","sa3017167",695508
"Christian Cairo","PHI",9,40.258,35.5191,7.98161,5.95463,1.42603,0.205318,0.395624,4.58281,2.96496,3.74316,0.0210859,8.91918,0.49853,0.258429,0.238768,0.780464,1.5345,0.284612,0.224713,0.0929792,0.221551,0.419675,0.305436,0.309837,0.282142,0.615273,0.0851243,6.02371,0.286667,,0.139605,3.61153,-1.09941,75.6796,0.139605,0,-1.001768246293068,0.07716049253940582,0.0358866,999,,,,,,,27.5,3.055555555,27.5,3.055555555,,,,,,,,,,,,,,,,,,,"Christian Cairo","sa3010028",686551
"Kevin Alcántara","CHC",10,43.171,39.401,9.22322,6.21114,1.57257,0.155701,1.28381,5.08737,4.94842,3.14786,0.0770663,12.8991,0.274857,0.258978,0.0883103,0.738976,0.748812,0.130874,0.234086,0.0729161,0.298791,0.244037,0.293527,0.379651,0.29869,0.673178,0.145565,5.10076,0.311629,,0.0482592,4.44104,-0.610774,90.3958,0.0482592,-0.31,-0.435084518045187,-0.5877777934074402,0.0352635,999,,,,,,,37.5,3.75,37.5,3.75,,,,,,,,,,,,,,,,,,,"Kevin Alcantara","25971",682634
"Sebastián Rivero","LAA",13,50.6203,46.7485,9.36182,6.54609,2.00418,0.0468663,0.764685,3.93383,4.15672,2.38197,0.0160026,11.2876,0.484878,0.364623,0.640415,0.853287,0.239578,0.0962457,0.200259,0.0470555,0.222985,0.211026,0.244672,0.294208,0.242198,0.53888,0.093949,2.78086,0.245206,,-0.0386649,2.93306,-2.99047,48.117,-0.0386649,0.69,-3.1226969473063946,1.6930864453315735,0.0344354,999,,,,,,,24.6,1.892307692,24.6,1.892307692,,,,,,,,,,,,,,,,,,,"Sebastian Rivero","21735",665861
"Johan Rojas","PHI",4,18.1161,16.3728,3.95967,2.94528,0.577149,0.185336,0.2519,2.27542,1.21763,0.994164,0.0310483,3.76251,0.155676,0.108205,0.485218,0.303253,0.936576,0.187959,0.241844,0.0548774,0.207689,0.264229,0.289804,0.345889,0.283403,0.635694,0.104046,7.56735,0.297415,,0.0902128,1.64336,-0.47656,76.5402,0.0902128,0.1,-0.40523044764995575,0.1617283932864666,0.0338727,999,,,,,,,14.2,3.55,14.2,3.55,,,,,,,,,,,,,,,,,,,"Johan Rojas","24336",679032
"Patrick Wisdom","SEA",5,21.6602,19.3148,3.76453,1.80967,0.715249,0.0456854,1.19392,2.6551,3.23099,1.93424,0.00841176,8.02866,0.22737,0.122327,0.0614901,0.197923,0.246392,0.0810363,0.194903,0.089299,0.370663,0.240917,0.274374,0.422107,0.305914,0.696481,0.227203,4.26542,0.25166,,-0.00372388,2.35264,-0.182011,98.9336,-0.00372388,-0.04,-0.030847092159092426,-0.39493826776742935,0.0338315,999,,,,,,,21.7,4.34,21.7,4.34,,,,,,,,,,,,,,,,,,,"Patrick Wisdom","13602",621550
"Orlando Arcia","MIN",15,63.3441,58.0516,12.7905,8.82049,2.6472,0,1.3228,6.00145,6.29083,4.08845,0.029868,13.141,0.306724,0.406366,0.172529,1.36108,0.369162,0.177271,0.22033,0.0645434,0.207454,0.311122,0.273426,0.334291,0.272191,0.607717,0.113961,2.65741,0.260664,,-0.0648691,5.18127,-2.23117,68.848,-0.0648691,0.12,-2.382049009203911,0.4961574003100395,0.0331349,999,,,,,,,44.9,2.993333333,44.9,2.993333333,,,,,,,,,,,,,,,,,,,"Orlando Arcia","13185",606115
"Buddy Kennedy","SFG",6,25.0636,22.347,5.39111,3.76108,1.07665,0.135268,0.418121,2.68618,2.41643,2.13306,0.117178,4.44811,0.325628,0.207202,0.0507396,0.430727,0.207208,0.0618869,0.241245,0.0851058,0.177473,0.479543,0.31383,0.357661,0.300583,0.671492,0.116416,4.09397,0.281151,,-0.0145341,2.61604,-0.316874,92.2921,-0.0145341,0,-0.239742168225348,-0.2469135820865631,0.0314809,999,,,,,,,14.9,2.483333333,14.9,2.483333333,,,,,,,,,,,,,,,,,,,"Buddy Kennedy","22505",671083
"Eric Wagaman","NYM",7,30.1931,27.6804,6.73568,4.41252,1.31064,0.0573126,0.955206,3.4386,3.59424,2.07528,0.0206219,6.45028,0.1522,0.243129,0.0421001,0.556937,0.243905,0.0931,0.243338,0.0687335,0.213634,0.321735,0.297276,0.398353,0.307168,0.695629,0.155015,3.52921,0.281727,,-0.0225232,3.30955,-0.223604,97.6984,-0.0225232,-0.01,-0.103532325476408,-0.5501234624534845,0.0310012,748.2100219726562,,,,,,,29.5,4.214285714,29.5,4.214285714,,,,,,,,,,,,,,,,,,,"Eric Wagaman","23395",676572
"Anthony Santander","TOR",3,12.5686,11.0923,2.52214,1.40528,0.482028,0.00901317,0.625818,1.5582,1.76605,1.22808,0.0356878,2.67794,0.141209,0.0944911,0.0124922,0.186339,0.0344047,0.0121161,0.227377,0.0977105,0.213067,0.458591,0.309924,0.441716,0.32973,0.751639,0.214339,2.48217,0.240557,,-0.0118574,1.6032,0.132446,109.171,-0.0118574,0,0.12349817529320717,-0.26234567165374756,0.0307455,748.4199829101562,,,,,,,18.2,6.066666666,18.2,6.066666666,,,,,,,,,,,,,,,,,,,"Anthony Santander","14551",623993
"Dom Keegan","TBR",3,11.7877,10.6104,2.27701,1.48745,0.442117,0.0403707,0.30707,1.17179,1.30701,0.947165,0.0113742,3.53228,0.134065,0.0765376,0.0195048,0.193081,0.0597238,0.014275,0.214601,0.0803521,0.299659,0.268146,0.285366,0.350701,0.285325,0.636067,0.136099,3.6553,0.287683,,-0.00675896,1.08731,-0.292071,77.6197,-0.00675896,-0.04,-0.3165460852906108,0.19148147851228714,0.0293649,999,,,,,,,3.2,1.066666666,3.2,1.066666666,,,,,,,,,,,,,,,,,,,"Dom Keegan","sa3020194",681371
"Tyler Callihan","PIT",16,69.4714,62.486,13.8806,9.29084,3.02464,0.143417,1.42166,7.61911,6.50656,5.37386,0.191394,18.9241,0.501632,0.395263,0.714602,1.01353,1.97435,0.322616,0.222139,0.0773537,0.272402,0.283969,0.287333,0.343389,0.282512,0.630722,0.121251,5.19622,0.292906,,0.1879,6.25272,-1.87673,75.6574,0.1879,-0.26,-1.7835108041763306,-0.13654320687055588,0.0286004,999,,,,,,,56.3,3.51875,56.3,3.51875,,,,,,,,,,,,,,,,,,,"Tyler Callihan","27497",682997
"Austin Slater","TBR",3,13.7523,12.067,2.82918,1.9565,0.489815,0.0700972,0.312772,1.56439,1.377,1.3904,0,3.79647,0.166395,0.0782647,0.0501912,0.273866,0.169028,0.0561352,0.234456,0.101103,0.276061,0.366236,0.320096,0.364423,0.309316,0.684519,0.129968,4.63695,0.31314,,-0.00677999,1.53092,-0.0783523,93.8683,-0.00677999,0.03,-0.10580052528530359,-0.10888888128101826,0.0271949,999,,,,,,,7.8,2.6,7.8,2.6,,,,,,,,,,,,,,,,,,,"Austin Slater","16153",596103
"Brett Harris","ATH",5,21.5179,19.1643,4.4847,3.12985,0.826089,0.0717115,0.457053,2.50144,2.05118,1.77751,0.00912745,4.73823,0.322955,0.116776,0.136274,0.458319,0.273256,0.0951278,0.234013,0.0826064,0.2202,0.375143,0.307983,0.35615,0.29949,0.664133,0.122137,4.37875,0.285936,,-0.0104354,2.22724,-0.29075,85.2878,-0.0104354,0,-0.3821805128827691,-0.10802469402551651,0.0267054,999,,,,,,,12.3,2.46,12.3,2.46,,,,,,,,,,,,,,,,,,,"Brett Harris","29788",695391
"Max Anderson","DET",2,8.80307,8.149,2.0793,1.44848,0.382642,0.0315249,0.216657,0.938292,1.02786,0.4899,0.0640215,1.53061,0.0801498,0.0658324,0.0181921,0.193355,0.0438394,0.0112216,0.25516,0.055651,0.173873,0.320068,0.301581,0.389614,0.303232,0.691194,0.134454,3.42848,0.287998,,-0.00565404,0.937378,-0.0927464,90.3757,-0.00565404,0,-0.10514200804755092,0.03086419589817524,0.0238935,999,,,,,,,3.2,1.6,3.2,1.6,,,,,,,,,,,,,,,,,,,"Max Anderson","sa3022567",801194
"Ronny Mauricio","NYM",6,25.3232,23.4879,5.49068,3.66085,1.04021,0.0241057,0.765519,2.91613,2.82826,1.51004,0.138162,6.3237,0.151467,0.138519,0.0353257,0.412027,0.635368,0.248819,0.233767,0.0596307,0.249719,0.238791,0.28283,0.377882,0.290641,0.660713,0.144116,4.48732,0.28573,,-0.000483323,2.44291,-0.520382,86.4234,-0.000483323,-0.01,-0.4012702895561233,-0.17666667141020298,0.0229498,999,,,,,,,25.2,4.2,25.2,4.2,,,,,,,,,,,,,,,,,,,"Ronny Mauricio","23698",677595
"Sandy León","ATL",15,58.5504,51.7428,8.89935,6.13979,1.54129,0,1.21827,4.89398,5.06639,4.59663,0.00442055,19.3404,0.573915,0.355293,0.592685,0.942954,0.117846,0.0653775,0.171992,0.0785073,0.330321,0.23767,0.245682,0.272414,0.238212,0.518096,0.100422,2.08249,0.243539,,-0.0600448,3.20694,-3.64455,46.8571,-0.0600448,0.9,-3.6873054802417755,2.0574073791503906,0.0229048,999,,,,,,,31.6,2.106666666,31.6,2.106666666,,,,,,,,,,,,,,,,,,,"Sandy Leon","5273",506702
"Tim Tawa","ARI",6,26.7981,24.1745,5.52312,3.79729,0.996065,0.137593,0.592175,2.98772,2.77706,2.11056,0.0065516,6.3586,0.19328,0.18619,0.133586,0.495697,0.432697,0.14383,0.228469,0.078758,0.237278,0.331923,0.293535,0.354543,0.290461,0.648079,0.126074,4.80355,0.283227,,-0.00280229,2.58135,-0.554527,81.9858,-0.00280229,0.06,-0.5655627644155174,-0.06345679238438606,0.022497,748.489990234375,,,,,,,27.9,4.65,27.9,4.65,,,,,,,,,,,,,,,,,,,"Tim Tawa","29571",694374
"Kahlil Watson","CLE",2,8.76829,7.8843,1.7076,1.05428,0.36092,0.0189274,0.273476,1.02162,0.989807,0.712601,0.00706198,2.65138,0.0960857,0.0598139,0.0154873,0.118935,0.271707,0.0376353,0.216582,0.0812702,0.302383,0.268766,0.287484,0.371219,0.293737,0.658703,0.154637,5.38035,0.285724,,0.0296481,0.867457,-0.158597,85.3714,0.0296481,0,-0.12097339518368244,0.03086419589817524,0.022143,999,,,,,,,6.2,3.1,6.2,3.1,,,,,,,,,,,,,,,,,,,"Kahlil Watson","sa3017513",696135
"Kyle Farmer","ATL",5,21.4685,19.4381,4.61298,3.20772,0.863358,0.0521848,0.489714,2.34474,2.28327,1.33233,0.0118693,4.64876,0.429346,0.148929,0.044796,0.420913,0.164894,0.078725,0.237316,0.0620598,0.216539,0.286598,0.298596,0.362682,0.296115,0.661278,0.125366,3.58241,0.285375,,-0.0240924,2.1645,-0.347709,86.3598,-0.0240924,-0.06,-0.365462863817811,-0.0985802486538887,0.0221182,999,,,,,,,14.9,2.98,14.9,2.98,,,,,,,,,,,,,,,,,,,"Kyle Farmer","14813",571657
"Maximo Acosta","MIA",3,12.6606,11.5935,2.7313,1.82459,0.571588,0.0640066,0.271116,1.44876,1.28692,0.825222,0.00943781,3.11869,0.117873,0.080484,0.0434849,0.192313,0.43687,0.121948,0.235589,0.0651805,0.246331,0.264605,0.291224,0.366089,0.292606,0.657313,0.1305,5.79506,0.296974,,0.023762,1.24114,-0.240383,83.09,0.023762,-0.04,-0.22581316344439983,0.037160493433475494,0.0217743,999,,,,,,,10.7,3.566666666,10.7,3.566666666,,,,,,,,,,,,,,,,,,,"Maximo Acosta","27963",691185
"Robert Hassell III","WSN",16,68.0045,62.1693,15.0578,10.8426,2.88005,0.173206,1.16193,7.13046,6.76687,4.81719,0.211109,16.9128,0.373518,0.379141,0.265313,1.39212,1.46228,0.404292,0.242207,0.0708364,0.248701,0.284825,0.298919,0.350174,0.290071,0.649093,0.107967,4.73929,0.312452,,0.0479193,6.5295,-1.42829,82.731,0.0479193,-0.19,-1.3211007826030254,-0.6220987737178802,0.0214555,999,,,,,,,57,3.5625,57,3.5625,,,,,,,,,,,,,,,,,,,"Robert Hassell III","27482",690987
"Adael Amador","COL",4,16.6861,14.8436,3.73542,2.66815,0.706696,0.0489904,0.311579,2.03176,1.69224,1.4883,0.0239642,2.49492,0.137617,0.110758,0.105823,0.354169,0.5229,0.166766,0.251652,0.0891941,0.149521,0.596533,0.323356,0.368835,0.310868,0.692191,0.117183,5.19663,0.281847,,0.0150799,1.87812,-0.074469,83.152,0.0150799,-0.07,-0.31264260597527027,-0.008271608501672745,0.0212744,999,,,,,,,15.2,3.8,15.2,3.8,,,,,,,,,,,,,,,,,,,"Adael Amador","27962",691182
"Jase Bowen","SDP",24,101.514,92.7956,20.0975,13.0987,3.81422,0.494225,2.69033,11.2775,9.94792,6.30091,0.251612,30.8836,1.04136,0.654235,0.721694,1.29115,2.71735,0.415653,0.216578,0.0620695,0.304231,0.204021,0.272241,0.35531,0.278444,0.627551,0.138731,6.05886,0.290721,,0.2723,8.80827,-3.07074,78.5433,0.2723,0,-2.2668730914592743,-0.7407407164573669,0.0210486,999,,,,,,,85.5,3.5625,85.5,3.5625,,,,,,,,,,,,,,,,,,,"Jase Bowen","26047",687749
"Taylor Trammell","HOU",48,204.276,179.377,36.8744,22.9127,8.04753,0.336368,5.57776,23.0134,20.1265,20.8523,0.23494,60.3583,2.09995,1.31821,0.628342,2.90209,3.90178,1.0535,0.205569,0.102079,0.295474,0.345474,0.293775,0.347468,0.289687,0.641243,0.141899,4.52073,0.272715,,0.120977,19.5513,-4.35278,82.023,0.120977,-0.92,-4.191259764134884,-2.727407395839691,0.0209,999,,,,,,,181.6,3.783333333,181.6,3.783333333,,,,,,,,,,,,,,,,,,,"Taylor Trammell","19960",666211
"Kameron Misner","KCR",3,12.5411,11.197,2.37345,1.47313,0.539815,0.0538993,0.306605,1.43746,1.25426,1.1436,0.0104686,3.86755,0.0868035,0.0839685,0.0297186,0.152404,0.32107,0.080684,0.211972,0.091188,0.30839,0.29569,0.288046,0.351958,0.287242,0.640004,0.139986,5.47708,0.290826,,0.0177528,1.17593,-0.291613,76.7967,0.0177528,0.04,-0.323954401537776,0.08629629388451576,0.0204989,999,,,,,,,6.1,2.033333333,6.1,2.033333333,,,,,,,,,,,,,,,,,,,"Kameron Misner","26374",670224
"Nick Morabito","NYM",6,25.3232,23.1153,5.54786,4.20916,0.909287,0.0764942,0.352924,2.931,2.04783,1.71474,0.0289505,6.58831,0.298317,0.126508,0.0683958,0.489539,1.09845,0.164294,0.240008,0.0677141,0.260169,0.26027,0.299385,0.331768,0.285021,0.631153,0.0917595,6.03692,0.318697,,0.121508,2.32973,-0.633557,82.5897,0.121508,0,-0.3924536481499672,-0.21604938805103302,0.0198105,999,,,,,,,21.4,3.566666666,21.4,3.566666666,,,,,,,,,,,,,,,,,,,"Nick Morabito","32119",703492
"Bryce Teodosio","LAA",13,55.4877,50.9684,10.4565,7.41287,1.90062,0.393871,0.749142,5.86832,3.59253,2.99729,0,17.1503,0.734477,0.295652,0.49182,0.701507,2.33551,0.482932,0.205156,0.0540173,0.309083,0.174766,0.257988,0.301996,0.252744,0.559985,0.0968401,7.02129,0.290947,,0.214073,3.68047,-2.81263,55.2594,0.214073,1,-2.7011164128780365,0.953703697770834,0.0192249,999,,,,,,,36,2.769230769,36,2.769230769,,,,,,,,,,,,,,,,,,,"Bryce Teodosio","29524",669326
"Will Wagner","SDP",2,8.87013,7.91773,1.92043,1.3858,0.390311,0.0172764,0.127043,0.940217,0.810078,0.784579,0.0106078,1.55605,0.0780032,0.0540331,0.0357868,0.19856,0.0792831,0.0252385,0.242548,0.0884518,0.175426,0.504211,0.315022,0.344344,0.29824,0.659365,0.101796,3.60208,0.285177,,-0.00570682,0.9093,-0.128671,92.0483,-0.00570682,-0.04,-0.0879303147085011,-0.009135803207755089,0.0188608,999,,,,,,,6.2,3.1,6.2,3.1,,,,,,,,,,,,,,,,,,,"Will Wagner","29634",695238
"Jeferson Quero","MIL",1,3.96902,3.62862,0.868493,0.579843,0.17642,0.013738,0.0984918,0.409532,0.477709,0.264993,0.00397287,0.808728,0.0340616,0.0313843,0.00996032,0.0660556,0.0380302,0.00772416,0.239345,0.0667654,0.20376,0.327666,0.294906,0.376966,0.298203,0.671871,0.13762,3.97777,0.279718,,0.0000490543,0.406757,-0.0576919,89.0184,0.0000490543,0.03,-0.050761469021381345,0.10716049186885357,0.0186926,999,,,,,,,1.6,1.6,1.6,1.6,,,,,,,,,,,,,,,,,,,"Jeferson Quero","28272",691620
"Brock Wilken","MIL",4,17.8606,15.7925,3.11463,1.87646,0.663366,0.0507295,0.524069,1.79698,2.07952,1.79563,0.00371107,5.66816,0.139709,0.108015,0.0247068,0.234077,0.0869997,0.0183815,0.197222,0.100536,0.317356,0.316792,0.283135,0.345205,0.283607,0.628341,0.147984,3.35339,0.26684,,-0.00927954,1.62309,-0.466934,79.061,-0.00927954,0,-0.44524748995900154,0.06172839179635048,0.0186619,999,,,,,,,19.1,4.775,19.1,4.775,,,,,,,,,,,,,,,,,,,"Brock Wilken","sa3022499",694385
"Kristian Campbell","BOS",5,22.2287,19.6133,4.71084,3.38737,0.7956,0.0808991,0.446973,2.51918,2.2106,2.12457,0.0245914,6.13198,0.332281,0.121334,0.0372242,0.488712,0.229305,0.0835443,0.240186,0.0955776,0.275858,0.346473,0.322993,0.357368,0.307949,0.68036,0.117182,4.22816,0.324108,,-0.0175183,2.45037,-0.150811,89.6485,-0.0175183,-0.26,-0.28771947883069515,-0.30629628896713257,0.0185891,746.1400146484375,,,,,,,16.9,3.38,16.9,3.38,,,,,,,,,,,,,,,,,,,"Kristian Campbell","33644",692225
"Otto Kemp","PHI",8,36.2322,32.4203,7.59872,4.84789,1.54935,0.199284,1.0022,4.27574,4.09885,2.52201,0.140673,10.0041,0.971936,0.268936,0.0490414,0.523591,0.617976,0.181704,0.234382,0.0696069,0.27611,0.252098,0.30657,0.387204,0.308144,0.693774,0.152822,5.31393,0.304226,,0.00819965,3.99965,-0.240195,93.4191,0.00819965,-0.45,-0.2697614263743162,-0.6969135701656342,0.0184814,999,,,,,,,41.9,5.2375,41.9,5.2375,,,,,,,,,,,,,,,,,,,"Otto Kemp","31792",805249
"Miles Mastrobuoni","SEA",2,8.86101,7.89581,1.83857,1.37697,0.361434,0.0310264,0.0691419,0.944643,0.645865,0.805633,0.0182002,1.74025,0.0220802,0.0547456,0.0827446,0.157681,0.292472,0.07397,0.232855,0.0909188,0.196394,0.462941,0.303737,0.312759,0.280509,0.616497,0.0799047,5.29743,0.288127,,0.0173225,0.783412,-0.253492,81.7276,0.0173225,0.01,-0.17280603386461735,0.04086419567465782,0.0181787,999,,,,,,,6.2,3.1,6.2,3.1,,,,,,,,,,,,,,,,,,,"Miles Mastrobuoni","20017",670156
"Alek Thomas","LAD",5,21.8459,19.9816,4.66868,3.03127,0.986523,0.0770553,0.573829,2.72484,2.31277,1.33744,0.0373656,4.98855,0.199266,0.130819,0.19676,0.434854,0.458986,0.130103,0.233649,0.0612215,0.228352,0.268101,0.286635,0.376887,0.293761,0.663521,0.143238,5.27763,0.281433,,0.0159311,2.16165,-0.394721,85.7407,0.0159311,-0.07,-0.34720818512141705,-0.17802469432353973,0.0170605,746.030029296875,,,,,,,23.3,4.66,23.3,4.66,,,,,,,,,,,,,,,,,,,"Alek Thomas","23792",677950
"Trei Cruz","DET",3,12.7156,11.2541,2.39313,1.59092,0.536376,0.0386367,0.227198,1.33222,1.13724,1.28538,0.0372731,3.3064,0.0641886,0.0790737,0.0327863,0.200749,0.179715,0.0446401,0.212644,0.101087,0.260028,0.388756,0.295101,0.327735,0.282043,0.622836,0.11509,4.38745,0.277697,,0.00311738,1.13971,-0.348251,76.0246,0.00311738,0,-0.3548713985364884,0.07716049253940582,0.01701,999,,,,,,,6.1,2.033333333,6.1,2.033333333,,,,,,,,,,,,,,,,,,,"Trei Cruz","sa3014420",669360
"Zach Dezenzo","HOU",24,102.627,92.7837,20.9908,13.8856,3.99895,0.273304,2.83295,11.4111,10.7915,8.21913,0.0309409,31.3883,0.875093,0.570085,0.178679,1.64601,1.06878,0.328071,0.226234,0.0800876,0.305849,0.261853,0.293662,0.366823,0.295404,0.660485,0.140589,4.10436,0.307071,,-0.0356106,10.2891,-1.72017,85.8951,-0.0356106,-0.6,-1.7354120910167694,-1.677441120147705,0.0169737,999,,,,,,,93.3,3.8875,93.3,3.8875,,,,,,,,,,,,,,,,,,,"Zach Dezenzo","31562",701305
"Gabriel Rincones Jr.","PHI",5,22.1419,19.6346,4.36158,2.80319,0.97164,0.0302657,0.556485,2.55334,2.34397,2.10476,0.0856964,5.62949,0.258189,0.113892,0.030422,0.370069,0.545904,0.092879,0.222137,0.0950578,0.254246,0.373881,0.30412,0.359732,0.297897,0.663852,0.137595,4.68486,0.280559,,0.0457199,2.26379,-0.327225,86.4285,0.0457199,0,-0.30458446964621544,-0.23148147761821747,0.01691,999,,,,,,,22.6,4.52,22.6,4.52,,,,,,,,,,,,,,,,,,,"Gabriel Rincones Jr.","sa3020758",687282
"Tyler Tolbert","KCR",21,89.7171,80.7753,18.196,12.9388,3.53318,0.721473,1.00258,10.9105,5.4371,5.41945,0.11538,23.0448,0.9532,0.495651,2.07356,1.28914,5.04132,1.21936,0.225267,0.060406,0.25686,0.235171,0.280325,0.324107,0.271541,0.604432,0.0988405,7.45551,0.30046,,0.414444,7.29209,-3.20649,66.1625,0.414444,0.1,-3.150411993265152,0.1852826401591301,0.0167298,999,,,,,,,71.2,3.39047619,71.2,3.39047619,,,,,,,,,,,,,,,,,,,"Tyler Tolbert","25779",686475
"Denzer Guzman","LAA",4,16.549,15.1142,3.35831,2.17485,0.684822,0.0572825,0.44136,1.75106,1.64212,1.14116,0.0129431,4.49148,0.113043,0.0936397,0.0869384,0.221428,0.302333,0.0566011,0.222196,0.0689565,0.271406,0.254072,0.280191,0.362691,0.286079,0.642882,0.140495,4.8051,0.283889,,0.0201807,1.53642,-0.400118,77.8364,0.0201807,-0.07,-0.4105246439576149,-0.008271608501672745,0.0162467,999,,,,,,,7.7,1.925,7.7,1.925,,,,,,,,,,,,,,,,,,,"Denzer Guzman","28816",694203
"Jim Jarvis","ATL",3,12.6859,11.5152,2.74055,1.99082,0.596349,0.022364,0.131016,1.3205,1.13637,0.919296,0.0389898,2.27961,0.141858,0.0825732,0.0269889,0.283466,0.183832,0.040124,0.237994,0.0724659,0.179696,0.403269,0.300318,0.3278,0.283232,0.628118,0.0898053,4.29626,0.284042,,0.00522891,1.14904,-0.335444,77.5706,0.00522891,0,-0.3264693906530738,0.07716049253940582,0.015627,999,,,,,,,10.7,3.566666666,10.7,3.566666666,,,,,,,,,,,,,,,,,,,"Jim Jarvis","33492",805347
"Nelson Rada","LAA",4,16.549,14.677,3.46612,2.64005,0.63005,0.0469448,0.149075,1.83747,1.08851,1.35256,0.043584,3.57349,0.220162,0.0896716,0.209543,0.364539,0.768236,0.112193,0.23616,0.0817306,0.215934,0.378497,0.308386,0.315955,0.284411,0.624341,0.0797958,6.02551,0.300345,,0.0869034,1.51447,-0.422072,76.7066,0.0869034,0,-0.36575642228126526,-0.06172839552164078,0.0153544,999,,,,,,,9.6,2.4,9.6,2.4,,,,,,,,,,,,,,,,,,,"Nelson Rada","sa3018421",703185
"Aramis Garcia","ARI",3,11.9103,10.8083,2.20153,1.46713,0.420815,0.00888957,0.304694,1.11553,1.34041,0.8328,0.0482362,3.66666,0.172463,0.0728111,0.02387,0.191832,0.0563056,0.0219907,0.203688,0.0699229,0.307857,0.227128,0.269787,0.32884,0.26824,0.598627,0.125151,2.80695,0.274515,,-0.00991731,0.936786,-0.456937,66.8262,-0.00991731,0.01,-0.4705140767619014,0.24148147739470005,0.0151885,999,,,,,,,3.2,1.066666666,3.2,1.066666666,,,,,,,,,,,,,,,,,,,"Aramis Garcia","16925",605244
"Tanner Murray","CHW",5,21.2116,19.7215,4.5822,3.06883,1.02264,0.0520917,0.438641,2.06107,2.17133,1.11148,0.0350298,4.8225,0.189679,0.11231,0.0765683,0.396358,0.154684,0.0340314,0.232345,0.0523998,0.227352,0.230478,0.278371,0.356207,0.281678,0.634578,0.123862,3.55233,0.284337,,-0.00477737,1.89505,-0.587094,75.771,-0.00477737,0,-0.6082749906927347,0.015432097017765045,0.0150673,999,,,,,,,13.9,2.78,13.9,2.78,,,,,,,,,,,,,,,,,,,"Tanner Murray","28848",695020
"Felix Reyes","PHI",7,31.1999,29.4552,7.29471,4.75946,1.48927,0.109727,0.936255,3.42973,3.93947,1.23422,0.023467,6.0941,0.190402,0.269512,0.0506153,0.519159,0.335246,0.0738688,0.247655,0.0395583,0.195324,0.202526,0.27992,0.401023,0.297975,0.680943,0.153368,4.28767,0.280178,,0.00589626,3.19181,-0.459166,86.4814,0.00589626,0,-0.4857905632816255,-0.354938268661499,0.0150606,999,,,,,,,25.5,3.642857142,25.5,3.642857142,,,,,,,,,,,,,,,,,,,"Felix Reyes","28763",694025
"Elias Díaz","KCR",1,3.8588,3.49181,0.786845,0.520056,0.142565,0.00174658,0.122477,0.398266,0.463355,0.256512,0.00508806,0.898658,0.028675,0.0219481,0.0253091,0.0776635,0.00731421,0.00385922,0.22534,0.0664746,0.232885,0.285439,0.282192,0.372395,0.290595,0.654587,0.147055,2.04276,0.266533,,-0.00414179,0.372114,-0.079438,79.0674,-0.00414179,0.03,-0.098993303719908,0.10716049186885357,0.0146564,999,,,,,,,2.6,2.6,2.6,2.6,,,,,,,,,,,,,,,,,,,"Elias Diaz","11680",553869
"Michael Helman","TEX",10,42.4991,38.8112,7.84716,5.09888,1.61727,0.170304,0.960701,4.36615,3.69577,2.61766,0.030587,10.4109,0.428878,0.250671,0.390699,0.539216,0.995024,0.236021,0.202188,0.0615932,0.244967,0.251434,0.258706,0.326893,0.26216,0.585599,0.124706,5.53721,0.248696,,0.0619005,3.1372,-1.83599,64.2048,0.0619005,0.2,-1.7244763560593128,0.385185182094574,0.0146309,999,,,,,,,31.9,3.19,31.9,3.19,,,,,,,,,,,,,,,,,,,"Michael Helman","24605",680737
"Chadwick Tromp","ATL",4,15.6134,14.4455,3.00816,2.13316,0.606548,0,0.268448,1.37388,1.47154,0.92879,0,3.86532,0.0903067,0.0977962,0.0510483,0.30843,0.0223955,0.0105157,0.208242,0.0594866,0.247564,0.240288,0.258782,0.305982,0.254495,0.564763,0.0977394,1.96419,0.263193,,-0.0156895,1.05737,-0.769692,57.9656,-0.0156895,0.12,-0.7807709127664566,0.4286419674754143,0.0145821,999,,,,,,,8.7,2.175,8.7,2.175,,,,,,,,,,,,,,,,,,,"Chadwick Tromp","16953",644433
"James Tibbs III","LAD",2,8.93695,7.955,1.7809,1.10147,0.351431,0.0183792,0.309623,1.11741,1.07761,0.828037,0.0157093,2.48523,0.0797213,0.051686,0.0225047,0.157188,0.0821121,0.0176708,0.223872,0.0926532,0.278085,0.333183,0.301607,0.389435,0.307492,0.691042,0.165564,3.98993,0.282296,,-0.000825246,0.981906,-0.0638837,95.1082,-0.000825246,0,-0.05178900499595329,-0.09259258955717087,0.0142185,999,,,,,,,6.2,3.1,6.2,3.1,,,,,,,,,,,,,,,,,,,"James Tibbs III","sa3025333",696486
"Justyn-Henry Malloy","TBR",4,17.6815,15.2891,3.4775,2.24126,0.686738,0.0399659,0.509535,1.98044,2.02746,2.0314,0.00586337,4.58882,0.213233,0.124226,0.0235318,0.285266,0.12877,0.0518699,0.227449,0.114888,0.259527,0.442684,0.324053,0.377574,0.316361,0.701627,0.150125,3.50467,0.287733,,-0.0179633,2.06739,-0.0016735,98.6395,-0.0179633,0,-0.046210240572690964,-0.43209877610206604,0.01419,999,,,,,,,20.1,5.025,20.1,5.025,,,,,,,,,,,,,,,,,,,"Justyn-Henry Malloy","29606",669234
"Joshua Báez","STL",1,3.99442,3.58047,0.847606,0.485101,0.195806,0.0177313,0.148968,0.523363,0.501601,0.313156,0.01874,1.17762,0.064577,0.0282772,0.00794113,0.0380151,0.164156,0.00756342,0.236731,0.0783983,0.294815,0.265923,0.307374,0.426139,0.321655,0.733513,0.189409,6.56106,0.30613,,0.0254951,0.483863,0.0164415,106.421,0.0254951,0,0.05539501830935478,-0.046296294778585434,0.0139172,999,,,,,,,1.6,1.6,1.6,1.6,,,,,,,,,,,,,,,,,,,"Joshua Baez","sa3017022",695491
"Eduardo Valencia","DET",1,3.91248,3.5644,0.854984,0.571438,0.154153,0.0156173,0.113775,0.42981,0.447851,0.26463,0.0155206,0.854703,0.0343894,0.0283211,0.0207315,0.0782895,0.0184133,0.00438305,0.239867,0.0676376,0.218456,0.309617,0.296526,0.387637,0.301885,0.684163,0.14777,3.70278,0.282446,,-0.00241153,0.41242,-0.0454132,89.4632,-0.00241153,-0.03,-0.05082096648402512,0.047160493209958076,0.0136339,999,,,,,,,1.6,1.6,1.6,1.6,,,,,,,,,,,,,,,,,,,"Eduardo Valencia","sa3006622",680664
"Austin Wynns","LAA",2,7.78775,7.08669,1.57794,1.10747,0.259589,0.00852124,0.202362,0.733305,0.779051,0.482646,0.0066653,1.94778,0.0681654,0.0484903,0.0833356,0.13988,0.0328242,0.013928,0.222663,0.0619751,0.250109,0.247792,0.276966,0.347364,0.278871,0.62433,0.124701,2.63066,0.275942,,-0.0074344,0.678381,-0.232931,72.9549,-0.0074344,-0.04,-0.25475979410111904,0.11432098597288132,0.0134628,999,,,,,,,4.2,2.1,4.2,2.1,,,,,,,,,,,,,,,,,,,"Austin Wynns","15271",642851
"Sterlin Thompson","COL",18,77.5412,69.5088,17.4805,11.9841,3.70393,0.237011,1.55549,9.17567,8.46128,6.17991,0.0855419,16.8264,1.29919,0.446672,0.10662,1.54332,1.50973,0.320738,0.251486,0.0796984,0.216999,0.367275,0.322332,0.378728,0.314211,0.70106,0.127242,4.88195,0.308782,,0.0735602,8.93388,-0.139897,85.4328,0.0735602,0,-1.2432204633951187,-1.080246925354004,0.0133971,999,,,,,,,80.4,4.466666666,80.4,4.466666666,,,,,,,,,,,,,,,,,,,"Sterlin Thompson","31443",694514
"Josh Kasevich","TOR",3,12.5686,11.5534,2.76825,2.14613,0.493595,0.022547,0.105978,1.20389,1.0699,0.812922,0.02252,1.94442,0.0882734,0.087297,0.0266936,0.303675,0.135681,0.0273282,0.239605,0.0646789,0.154705,0.418078,0.292575,0.31375,0.273868,0.606325,0.0741448,3.8935,0.277601,,0.000755702,1.04482,-0.425941,71.3373,0.000755702,0,-0.4222750918706879,0.10802468657493591,0.0127309,999,,,,,,,7.8,2.6,7.8,2.6,,,,,,,,,,,,,,,,,,,"Josh Kasevich","sa3020203",688460
"Victor Bericoto","SFG",16,68.4429,63.3797,15.3623,10.9612,2.75532,0.239402,1.40636,7.05969,7.03214,4.10483,0.0843094,15.8536,0.265371,0.503064,0.189999,1.37699,0.490583,0.115133,0.242385,0.0599745,0.231632,0.258921,0.289108,0.359981,0.288397,0.649089,0.117596,3.76281,0.299337,,-0.0256379,6.48049,-1.52861,83.9787,-0.0256379,0,-1.303932897746563,-0.7407407164573669,0.0124588,999,,,,,,,51.1,3.19375,51.1,3.19375,,,,,,,,,,,,,,,,,,,"Victor Bericoto","26468",682674
"Jonatan Clase","TOR",2,8.70132,7.83964,1.71187,1.12038,0.383709,0.0326832,0.175095,1.05261,0.738411,0.701389,0.017707,2.49717,0.0579422,0.0554877,0.0468574,0.0976492,0.435993,0.0811975,0.218361,0.0806072,0.286988,0.280873,0.285541,0.342647,0.281566,0.628188,0.124287,6.60338,0.29424,,0.0447152,0.776606,-0.241611,76.5508,0.0447152,0.04,-0.1948813870549202,0.00913580134510994,0.012081,999,,,,,,,6.2,3.1,6.2,3.1,,,,,,,,,,,,,,,,,,,"Jonatan Clase","26599",682729
"Ben Malgeri","DET",3,12.7156,11.5236,2.71597,1.8163,0.537601,0.0850356,0.277028,1.45777,1.26995,0.895203,0.0198115,3.30402,0.190299,0.0823428,0.0241234,0.219876,0.205195,0.0498844,0.235688,0.0704022,0.259841,0.270943,0.299531,0.369219,0.298263,0.668749,0.133531,5.51488,0.303922,,0.00618238,1.30374,-0.184219,87.0102,0.00618238,0,-0.18777474202215672,-0.138888880610466,0.0119824,999,,,,,,,10.7,3.566666666,10.7,3.566666666,,,,,,,,,,,,,,,,,,,"Ben Malgeri","sa3016975",701162
"Jacob Melton","TBR",12,49.1153,44.7103,9.19854,5.84401,2.17378,0.132307,1.04844,5.65342,4.2861,3.75382,0.0410771,14.88,0.290352,0.267793,0.0931227,0.534202,2.63225,0.54534,0.205737,0.0764286,0.30296,0.252273,0.270137,0.330624,0.269844,0.600761,0.124887,6.43423,0.280558,,0.254515,3.92575,-1.82166,67.1351,0.254515,0.33,-1.6409589052200317,0.04380473494529724,0.0118388,727.5700073242188,,,,,,,35.5,2.958333333,35.5,2.958333333,,,,,,,,,,,,,,,,,,,"Jacob Melton","31661",689200
"César Prieto","STL",4,17.9749,16.8447,4.10894,2.96101,0.845072,0.0228493,0.280008,1.74691,1.8603,0.742195,0.0256843,2.64009,0.188164,0.12308,0.076803,0.427543,0.161693,0.046768,0.243931,0.0412907,0.146877,0.281125,0.281555,0.346682,0.279215,0.628237,0.10275,3.48599,0.272568,,-0.00620358,1.57068,-0.532718,77.4673,-0.00620358,-0.07,-0.4783583809621632,0.022592589259147644,0.0116135,999,,,,,,,11.3,2.825,11.3,2.825,,,,,,,,,,,,,,,,,,,"Cesar Prieto","30163",693409
"Garrett Stubbs","PHI",3,12.0774,10.7966,2.27858,1.70536,0.394656,0.032035,0.146536,1.17437,0.966347,0.966255,0.0236237,2.78565,0.164826,0.0679021,0.0750072,0.212365,0.19306,0.0548659,0.211046,0.0800053,0.23065,0.346869,0.284242,0.294251,0.264778,0.578493,0.0832051,4.54546,0.268779,,0.00207305,0.916674,-0.496607,63.8335,0.00207305,0,-0.5071225794963539,0.23148147761821747,0.0109448,999,,,,,,,3.2,1.066666666,3.2,1.066666666,,,,,,,,,,,,,,,,,,,"Garrett Stubbs","18067",596117
"Chas McCormick","CHC",2,8.83044,7.82459,1.75779,1.21778,0.24655,0.0431894,0.250274,1.05392,0.871675,0.703012,0.0161908,2.34514,0.115007,0.0663812,0.121447,0.135134,0.200519,0.0669747,0.22465,0.0796123,0.265575,0.299774,0.295765,0.363155,0.294674,0.65892,0.138506,5.53175,0.284676,,0.00262455,0.88019,-0.153137,87.6558,0.00262455,-0.02,-0.12444694759324193,-0.05086419731378555,0.0106958,999,,,,,,,6.2,3.1,6.2,3.1,,,,,,,,,,,,,,,,,,,"Chas McCormick","19599",676801
"Héctor Rodríguez","CIN",2,8.92259,8.29545,2.10748,1.39164,0.424933,0.0261082,0.264805,1.02754,1.06411,0.496453,0.036585,1.57754,0.056839,0.0556243,0.0182227,0.165862,0.136757,0.03052,0.254053,0.0556399,0.176802,0.314701,0.298817,0.407337,0.309589,0.706154,0.153285,4.56771,0.283108,,0.00529449,0.995215,-0.0488951,91.1129,0.00529449,0,-0.08714415272697806,-0.09259258955717087,0.0105408,999,,,,,,,3.2,1.6,3.2,1.6,,,,,,,,,,,,,,,,,,,"Hector Rodriguez","sa3015828",699302
"Brennen Davis","SEA",2,8.86101,7.90738,1.6262,0.961298,0.344732,0.0154709,0.304698,0.944192,1.0551,0.692163,0.00918267,2.61893,0.187678,0.0584928,0.015299,0.129881,0.0707296,0.0144676,0.205656,0.0781133,0.295557,0.264292,0.283306,0.368765,0.291466,0.652071,0.16311,3.72065,0.262086,,-0.000981885,0.860628,-0.176276,89.1485,-0.000981885,0,-0.11389459169004112,-0.09259258955717087,0.0105226,999,,,,,,,6.2,3.1,6.2,3.1,,,,,,,,,,,,,,,,,,,"Brennen Davis","sa3007876",680695
"Maverick Handley","ATL",1,3.90336,3.46614,0.741655,0.533569,0.141397,0.0107335,0.0559563,0.404273,0.312453,0.30988,0.000368711,1.01674,0.0690264,0.0215019,0.0368035,0.0827824,0.0500595,0.00975491,0.213971,0.0793881,0.260477,0.30478,0.289809,0.309389,0.274118,0.599198,0.0954181,4.56476,0.283939,,0.00143969,0.32526,-0.131506,71.3529,0.00143969,0.03,-0.1289140417939052,0.10716049186885357,0.0104526,999,,,,,,,2.6,2.6,2.6,2.6,,,,,,,,,,,,,,,,,,,"Maverick Handley","26106",668974
"Tre' Morgan","TBR",3,13.7523,12.2872,2.98352,2.06486,0.629524,0.0327157,0.256416,1.45833,1.4475,1.22015,0.0521153,2.68001,0.138956,0.0840058,0.0220283,0.267589,0.196741,0.0393429,0.242816,0.0887233,0.194877,0.455278,0.316281,0.361981,0.304127,0.678262,0.119165,4.08337,0.289049,,0.00632115,1.47417,-0.135104,90.354,0.00632115,0,-0.14945157943293452,-0.23148147761821747,0.0101211,999,,,,,,,10.7,3.566666666,10.7,3.566666666,,,,,,,,,,,,,,,,,,,"Tre' Morgan","sa3022919",691003
"Rece Hinds","MIA",11,46.7467,42.8692,9.25513,5.6352,1.96989,0.326278,1.32377,5.09529,5.21763,3.0638,0.193648,16.0991,0.471091,0.277158,0.0653839,0.559268,0.932208,0.265141,0.215892,0.0655405,0.34439,0.190309,0.273986,0.369703,0.283868,0.643689,0.153811,5.68902,0.308331,,0.0331247,4.2578,-1.21243,77.1286,0.0331247,0.19,-1.2132487148046494,-0.16836762428283691,0.0100397,999,,,,,,,33.5,3.045454545,33.5,3.045454545,,,,,,,,,,,,,,,,,,,"Rece Hinds","27493",677956
"Billy Cook","PIT",2,8.80623,8.0177,1.78725,1.17961,0.344541,0.0457689,0.217336,0.99258,0.888169,0.589715,0.0253267,2.4616,0.0989947,0.0563731,0.0434452,0.100858,0.224814,0.0588469,0.222913,0.0669657,0.27953,0.239565,0.282554,0.358624,0.285008,0.641178,0.135711,5.77742,0.290988,,0.011687,0.810082,-0.220412,77.3605,0.011687,0.07,-0.2207260150462389,0.039135802537202835,0.00997219,999,,,,,,,6.2,3.1,6.2,3.1,,,,,,,,,,,,,,,,,,,"Billy Cook","29573",695257
"Anthony Seigler","BOS",1,4.04159,3.52,0.819084,0.5427,0.197084,0.00802023,0.0712793,0.462895,0.398257,0.451449,0.00825086,0.778771,0.0281727,0.0296802,0.0122833,0.0653867,0.107117,0.0308953,0.232694,0.111701,0.19269,0.579694,0.322315,0.35399,0.305942,0.676306,0.121296,4.68478,0.277003,,0.00371896,0.43907,-0.0338708,88.2893,0.00371896,-0.01,-0.05185919441282749,0.005432098172605038,0.00970392,999,,,,,,,1.6,1.6,1.6,1.6,,,,,,,,,,,,,,,,,,,"Anthony Seigler","23802",678011
"Yohandy Morales","WSN",9,37.8882,34.5851,8.42503,5.79377,1.59917,0.118633,0.91346,3.98079,4.36062,2.68303,0.139365,10.6272,0.339901,0.2003,0.0799122,0.803454,0.262957,0.0723062,0.243603,0.0708145,0.280488,0.252469,0.30279,0.375938,0.301413,0.678728,0.132335,3.62584,0.323152,,-0.0206042,3.97964,-0.453985,90.4691,-0.0206042,0,-0.4415655806660652,-0.6635802388191223,0.00964229,999,,,,,,,34,3.777777777,34,3.777777777,,,,,,,,,,,,,,,,,,,"Yohandy Morales","sa3022672",691002
"Sam Huff","BAL",1,3.90915,3.58808,0.70859,0.464655,0.137602,0,0.106332,0.365125,0.412455,0.267186,0.00410449,1.42044,0.0307042,0.0174913,0.00568656,0.0635391,0.000616757,0.000270466,0.197484,0.0683489,0.363362,0.188101,0.257843,0.324739,0.261531,0.582582,0.127254,1.52798,0.289714,,-0.00380806,0.286612,-0.170832,63.8178,-0.00380806,0.05,-0.1698986676055938,0.12716049328446388,0.00960856,999,,,,,,,1.6,1.6,1.6,1.6,,,,,,,,,,,,,,,,,,,"Sam Huff","22209",669087
"Gage Workman","DET",2,8.80307,8.02577,1.75803,1.05837,0.417071,0.0421758,0.240413,1.03805,0.928357,0.662482,0.0241559,2.97512,0.0544003,0.0504709,0.00995182,0.0992034,0.236669,0.0634678,0.219048,0.0752558,0.337964,0.222674,0.281459,0.371389,0.289116,0.652849,0.152342,5.88705,0.312221,,0.0126371,0.838552,-0.191572,80.8155,0.0126371,-0.06,-0.18567689415067434,-0.029135802760720253,0.00946005,999,,,,,,,6.2,3.1,6.2,3.1,,,,,,,,,,,,,,,,,,,"Gage Workman","27573",669398
"Oliver Dunn","TBR",4,17.6815,15.8192,3.2745,2.18726,0.738239,0.0563777,0.292619,1.81144,1.49759,1.50581,0.0381808,5.36719,0.187207,0.0817436,0.087548,0.294112,0.445242,0.105433,0.206995,0.0851627,0.303548,0.280557,0.282341,0.316283,0.271538,0.598624,0.109288,5.14432,0.291166,,0.0267085,1.43709,-0.631981,68.2822,0.0267085,0.01,-0.6318456120789051,0.10259258933365345,0.00895785,999,,,,,,,9.7,2.425,9.7,2.425,,,,,,,,,,,,,,,,,,,"Oliver Dunn","26295",686554
"Christian Koss","SFG",2,8.67587,7.95837,1.87704,1.34238,0.362501,0.0432137,0.128942,0.909353,0.713625,0.430525,0.0142911,1.9466,0.10475,0.057433,0.124784,0.16017,0.166456,0.0450113,0.235857,0.0496233,0.224369,0.221168,0.282106,0.340873,0.277813,0.62298,0.105016,5.20265,0.294279,,0.00555318,0.74844,-0.266799,76.7578,0.00555318,-0.02,-0.22951542865484953,0.04172839596867561,0.00891204,999,,,,,,,3.2,1.6,3.2,1.6,,,,,,,,,,,,,,,,,,,"Christian Koss","27653",683766
"Seby Zavala","LAD",1,3.97198,3.54698,0.681376,0.405843,0.149236,0.00315612,0.123142,0.428029,0.43197,0.317148,0,1.40753,0.0463534,0.0258292,0.0350198,0.0453695,0.0181769,0.00773656,0.192101,0.0798463,0.354364,0.225323,0.265446,0.340106,0.27216,0.605553,0.148006,3.11014,0.273358,,-0.00339472,0.324793,-0.140003,71.004,-0.00339472,0.02,-0.137655257480219,0.09716049209237099,0.00875084,999,,,,,,,1.6,1.6,1.6,1.6,,,,,,,,,,,,,,,,,,,"Seby Zavala","18887",664874
"Ryan Bliss","SEA",2,8.86101,8.04941,1.66931,1.10401,0.380972,0.0342302,0.150099,1.00323,0.68009,0.596376,0.00382477,2.52658,0.0920864,0.05511,0.0680261,0.104828,0.425063,0.119073,0.207383,0.0673034,0.285135,0.23604,0.268142,0.319158,0.264566,0.5873,0.111776,6.54009,0.279892,,0.0274578,0.671061,-0.365843,70.93,0.0274578,0.02,-0.2750219255685806,0.050864195451140404,0.00870775,999,,,,,,,6.2,3.1,6.2,3.1,,,,,,,,,,,,,,,,,,,"Ryan Bliss","29547",669208
"Nate Eaton","BOS",9,40.4159,36.8975,8.49011,5.8346,1.77247,0.20841,0.674632,4.48694,3.56772,2.4589,0.0413147,9.79106,0.429536,0.280055,0.349889,0.593584,1.37899,0.308773,0.2301,0.06084,0.242258,0.251137,0.283995,0.344286,0.280761,0.628282,0.114186,5.96628,0.292585,,0.106178,3.5813,-1.14811,71.2346,0.106178,0.16,-1.2590026557445526,-0.07148148119449615,0.00807569,999,,,,,,,30.9,3.433333333,30.9,3.433333333,,,,,,,,,,,,,,,,,,,"Nate Eaton","25055",681987
"Andrés Chaparro","WSN",16,68.0045,61.3719,14.3108,9.19051,2.9294,0.0938678,2.09701,7.03427,8.58668,5.35931,0.220081,14.6143,0.637926,0.55627,0.0790921,1.17308,0.258758,0.106119,0.233182,0.0788082,0.214903,0.366716,0.298975,0.386479,0.303543,0.685455,0.153298,2.53136,0.270116,,-0.0669201,7.25814,-0.699649,91.9222,-0.0669201,-0.01,-0.7072965279221535,-1.3680247161537409,0.00788605,999,,,,,,,62.9,3.93125,62.9,3.93125,,,,,,,,,,,,,,,,,,,"Andres Chaparro","21797",665953
"Trey Sweeney","DET",1,3.91248,3.53644,0.757291,0.484187,0.153445,0.0153435,0.104315,0.438641,0.402182,0.31501,0.00613852,1.06157,0.0337578,0.0227668,0.0045053,0.0622717,0.0702236,0.0199925,0.214139,0.0805143,0.27133,0.296739,0.283026,0.354698,0.285104,0.637724,0.140558,5.03789,0.272833,,0.00172856,0.360203,-0.0976296,78.0977,0.00172856,-0.01,-0.09889726457186043,0.03629629500210285,0.00758048,999,,,,,,,1.6,1.6,1.6,1.6,,,,,,,,,,,,,,,,,,,"Trey Sweeney","29575",700242
"Connor Joe","SEA",2,8.86101,7.80605,1.6676,1.08596,0.337891,0.0274928,0.216261,0.980053,0.85939,0.878182,0.00347042,2.13596,0.110115,0.0495638,0.0171012,0.14744,0.13185,0.0503917,0.21363,0.0991063,0.241051,0.411141,0.300308,0.347072,0.293197,0.64738,0.133442,4.34582,0.263718,,-0.00460656,0.87283,-0.164074,90.3212,-0.00460656,-0.01,-0.10531711438670754,-0.13345679081976414,0.00720661,999,,,,,,,6.2,3.1,6.2,3.1,,,,,,,,,,,,,,,,,,,"Connor Joe","16572",656582
"Willie MacIver","TOR",1,3.86725,3.50895,0.748187,0.518298,0.15282,0.00850707,0.0685619,0.393768,0.341783,0.267054,0.000528847,1.03579,0.0518645,0.0254591,0.0139224,0.0707762,0.0557524,0.0180473,0.213222,0.0690551,0.267837,0.257825,0.276931,0.32024,0.270061,0.59717,0.107018,4.274,0.279675,,-0.000422346,0.309775,-0.142766,68.7593,-0.000422346,0,-0.14229260574211366,0.07716049253940582,0.00715858,999,,,,,,,1.6,1.6,1.6,1.6,,,,,,,,,,,,,,,,,,,"Willie MacIver","24641",680862
"Tyler Locklear","ARI",5,21.8355,19.5809,4.70127,3.14227,0.941686,0.0753221,0.541985,2.52765,2.52704,1.69104,0.0784608,5.65666,0.394644,0.136548,0.032347,0.426992,0.345374,0.118205,0.240095,0.0774447,0.259058,0.298947,0.311283,0.378918,0.307699,0.690201,0.138823,4.51634,0.307666,,-0.00505899,2.40268,-0.152477,93.7463,-0.00505899,-0.01,-0.16424481244757771,-0.45753086544573307,0.00711137,999,,,,,,,26.3,5.26,26.3,5.26,,,,,,,,,,,,,,,,,,,"Tyler Locklear","31396",682988
"Tommy Pham","BAL",1,3.90915,3.47633,0.838191,0.557902,0.157824,0.00920322,0.113262,0.478039,0.42752,0.372944,0.00763457,0.900203,0.0276342,0.0252437,0.00700251,0.0824049,0.0522067,0.0190387,0.241114,0.0954027,0.230281,0.414289,0.317458,0.389551,0.315285,0.70701,0.148437,4.00989,0.291358,,-0.00211082,0.45373,-0.0037142,100.224,-0.00211082,-0.02,-0.0010838069720193744,-0.0662962943315506,0.00707773,999,,,,,,,2.6,2.6,2.6,2.6,,,,,,,,,,,,,,,,,,,"Tommy Pham","2967",502054
"Brian Serven","ATH",1,3.91234,3.53399,0.759602,0.523137,0.151011,0.00771282,0.0777409,0.395752,0.369054,0.293709,0,1.01367,0.044716,0.0216879,0.0182365,0.0706283,0.0107961,0.00424079,0.214942,0.0750726,0.259095,0.289749,0.281972,0.328032,0.275839,0.610004,0.11309,2.89833,0.276699,,-0.00391034,0.331362,-0.126454,69.2694,-0.00391034,0,-0.14509106753394008,0.07716049253940582,0.00703261,999,,,,,,,1.6,1.6,1.6,1.6,,,,,,,,,,,,,,,,,,,"Brian Serven","19422",661531
"Jared Oliva","SFG",7,29.8835,27.3828,6.15654,4.39289,1.11825,0.158536,0.486861,3.56479,2.23498,1.76179,0.0278553,6.82799,0.358831,0.162579,0.217558,0.418175,1.67013,0.218818,0.224833,0.0589554,0.228487,0.258025,0.279012,0.330589,0.273617,0.609601,0.105757,7.00801,0.280254,,0.212142,2.47824,-1.01869,73.8953,0.212142,0.02,-0.6972583681344986,-0.1806172840297222,0.0069669,999,,,,,,,19.3,2.757142857,19.3,2.757142857,,,,,,,,,,,,,,,,,,,"Jared Oliva","19968",666931
"Akil Baddoo","MIL",1,4.96127,4.40883,0.953383,0.588829,0.193709,0.0161938,0.15465,0.574269,0.576095,0.486341,0.0138125,1.37058,0.0248834,0.0274097,0.013802,0.0646414,0.142108,0.037785,0.216244,0.0980275,0.276257,0.354842,0.296032,0.372758,0.298312,0.66879,0.156515,5.13663,0.274383,,0.00754481,0.508877,-0.071684,89.0929,0.00754481,0.01,-0.05553746223449707,-0.03629629500210285,0.00669354,999,,,,,,,1.6,1.6,1.6,1.6,,,,,,,,,,,,,,,,,,,"Akil Baddoo","22168",668731
"Korey Lee","CHW",1,3.85665,3.58382,0.771344,0.519566,0.144556,0.0152923,0.0919295,0.373715,0.383024,0.211847,0,1.083,0.031312,0.0176572,0.0120113,0.0666214,0.0341772,0.0122975,0.21523,0.0549305,0.280814,0.195612,0.263875,0.341053,0.269765,0.604929,0.125824,4.17361,0.279992,,-0.00202074,0.308017,-0.143283,67.7029,-0.00202074,0,-0.14828602387569845,0.07716049253940582,0.00650505,999,,,,,,,1.6,1.6,1.6,1.6,,,,,,,,,,,,,,,,,,,"Korey Lee","25543",686676
"Tyler Fitzgerald","LAD",1,3.97198,3.61215,0.785996,0.497616,0.156917,0.029947,0.101516,0.491985,0.392613,0.252887,0,1.19671,0.0549414,0.023787,0.0282101,0.0471647,0.0901064,0.0221436,0.217598,0.0636677,0.301288,0.211318,0.277355,0.361932,0.284723,0.639287,0.144334,6.32671,0.292799,,0.00493585,0.36448,-0.100316,79.5752,0.00493585,0.01,-0.08963761804625392,0.025432097725570202,0.00631565,999,,,,,,,1.6,1.6,1.6,1.6,,,,,,,,,,,,,,,,,,,"Tyler Fitzgerald","26208",666149
"Zack Short","DET",6,25.4311,22.0318,4.19217,2.69017,0.902208,0.0409515,0.558843,2.49103,2.21691,2.68058,0.0362205,7.00844,0.221632,0.210969,0.286094,0.323504,0.226624,0.0769742,0.190278,0.105405,0.275585,0.382479,0.282139,0.311041,0.27105,0.59318,0.120764,3.58348,0.247577,,-0.0140487,2.05708,-0.918838,68.5794,-0.0140487,-0.1,-0.952362316660583,0.12486771494150162,0.00607708,999,,,,,,,21.7,3.616666666,21.7,3.616666666,,,,,,,,,,,,,,,,,,,"Zack Short","19562",670097
"Kyler Fedko","MIN",3,12.6688,11.3773,2.48424,1.58437,0.499551,0.0429953,0.357333,1.40385,1.33357,1.07083,0.00282945,3.06808,0.110865,0.0902511,0.0195515,0.184494,0.219173,0.042233,0.218351,0.0845252,0.242176,0.349024,0.289815,0.364039,0.292488,0.653853,0.145688,4.74302,0.26447,,0.0126955,1.24076,-0.241727,82.5949,0.0126955,0,-0.24623314570635557,-0.138888880610466,0.00581113,999,,,,,,,3.2,1.066666666,3.2,1.066666666,,,,,,,,,,,,,,,,,,,"Kyler Fedko","sa3017561",693459
"Bryan De La Cruz","PHI",5,22.1419,20.3415,4.81297,3.17824,0.962332,0.0427839,0.629618,2.38269,2.65885,1.47822,0.00952389,5.71946,0.112558,0.180684,0.0288793,0.358919,0.138254,0.0524619,0.236608,0.0667614,0.25831,0.258455,0.289592,0.38098,0.29701,0.670572,0.144372,3.30525,0.295161,,-0.0177158,2.24817,-0.342849,85.8232,-0.0177158,-0.03,-0.3836440406739712,-0.2614814769476652,0.00570917,999,,,,,,,23.3,4.66,23.3,4.66,,,,,,,,,,,,,,,,,,,"Bryan De La Cruz","19600",650559
"RJ Schreck","TOR",1,3.86725,3.37396,0.739237,0.45917,0.166129,0.00548959,0.108448,0.435004,0.410843,0.398903,0.0205633,0.871701,0.0619599,0.0228148,0.0096122,0.0622292,0.0392963,0.00713705,0.2191,0.103149,0.225406,0.457614,0.311097,0.368021,0.304466,0.679118,0.148921,3.64009,0.26102,,0.000417975,0.415591,-0.0369496,92.0607,0.000417975,0,-0.035636200511362404,-0.046296294778585434,0.00543312,999,,,,,,,2.6,2.6,2.6,2.6,,,,,,,,,,,,,,,,,,,"RJ Schreck","sa3022602",702302
"Tomás Nido","DET",1,3.91248,3.54686,0.789799,0.566667,0.143617,0.00201111,0.0775041,0.358343,0.334345,0.192134,0.0061724,0.941799,0.029062,0.0271805,0.112266,0.0812137,0.0147913,0.00731949,0.222675,0.0491081,0.240717,0.204008,0.266385,0.329855,0.26576,0.59624,0.10718,2.46046,0.278813,,-0.00396403,0.300014,-0.157819,64.9969,-0.00396403,0,-0.16477922350168228,0.07716049253940582,0.00501106,999,,,,,,,1.6,1.6,1.6,1.6,,,,,,,,,,,,,,,,,,,"Tomas Nido","13755",621512
"Nicky Lopez","TEX",19,81.1347,72.7089,16.5966,13.3823,2.891,0.25183,0.0715026,7.79022,5.02439,6.16925,0.109064,12.747,0.644922,0.537418,1.01297,2.05429,1.71728,0.541544,0.228261,0.0760371,0.157109,0.483976,0.292413,0.277899,0.262163,0.570313,0.0496385,4.77619,0.273468,,0.021478,5.9894,-3.50488,64.2068,0.021478,0.25,-3.3886875193566084,0.604938268661499,0.00462617,999,,,,,,,52.9,2.784210526,52.9,2.784210526,,,,,,,,,,,,,,,,,,,"Nicky Lopez","19339",670032
"Andrew Pintar","MIA",1,3.89556,3.53694,0.803343,0.557573,0.161326,0.0196958,0.0647481,0.418743,0.349718,0.281801,0.0011943,1.03934,0.0343695,0.0231323,0.0193176,0.0645027,0.1213,0.0210505,0.22713,0.0723391,0.266801,0.271135,0.288814,0.338798,0.282248,0.627612,0.111668,6.01212,0.300733,,0.0112822,0.3498,-0.106053,76.0238,0.0112822,0,-0.09759931825101376,0.01543209794908762,0.00422253,999,,,,,,,1.6,1.6,1.6,1.6,,,,,,,,,,,,,,,,,,,"Andrew Pintar","sa3020715",801464
"Christian Franklin","WSN",2,8.74343,7.72808,1.77939,1.29449,0.324051,0.0303805,0.13047,0.940328,0.766624,0.823698,0.00393061,2.16742,0.107866,0.0438784,0.0399114,0.193771,0.184615,0.0404663,0.23025,0.0942076,0.247891,0.380036,0.311478,0.330692,0.292843,0.642169,0.100442,4.82665,0.301224,,0.00923033,0.858781,-0.164364,84.6219,0.00923033,0,-0.14751328341662884,-0.09259258955717087,0.00375829,999,,,,,,,6.2,3.1,6.2,3.1,,,,,,,,,,,,,,,,,,,"Christian Franklin","sa3017510",681047
"Luis Vázquez","BAL",1,3.90915,3.55493,0.802454,0.565974,0.149168,0.00897016,0.0783421,0.413106,0.346186,0.240044,0.00554779,0.986308,0.0448475,0.0213222,0.0480064,0.078818,0.0530021,0.0175939,0.22573,0.0614056,0.252307,0.243376,0.281612,0.33885,0.278044,0.620463,0.11312,4.22363,0.288307,,-0.000831038,0.33795,-0.119494,75.0017,-0.000831038,0,-0.11558345769299194,0.01543209794908762,0.003712,999,,,,,,,1.6,1.6,1.6,1.6,,,,,,,,,,,,,,,,,,,"Luis Vazquez","23442",676679
"Jared Serna","MIA",1,3.89556,3.56957,0.838275,0.58883,0.179307,0.0119462,0.0581918,0.388278,0.384085,0.247457,0.0118426,0.687276,0.0388646,0.0263087,0.0133569,0.0809298,0.0807988,0.0131804,0.234839,0.0635228,0.176426,0.360054,0.28968,0.340671,0.281695,0.630352,0.105832,4.926,0.273674,,0.00643691,0.348085,-0.107768,75.6462,0.00643691,0,-0.1041595097631216,0.01543209794908762,0.00354877,999,,,,,,,1.6,1.6,1.6,1.6,,,,,,,,,,,,,,,,,,,"Jared Serna","sa3015579",691858
"Christian Encarnacion-Strand","BAL",1,3.90915,3.62945,0.864707,0.532351,0.164403,0.015504,0.152449,0.454408,0.503668,0.198426,0.00393159,1.0815,0.0489911,0.0265364,0.0057433,0.0563,0.0174422,0.00571381,0.238247,0.0507593,0.276658,0.183473,0.284911,0.418098,0.307915,0.703009,0.17985,3.77261,0.294073,,-0.00274975,0.430815,-0.0266285,95.2319,-0.00274975,0,-0.02463707304559648,-0.07716049253940582,0.00354293,999,,,,,,,1.6,1.6,1.6,1.6,,,,,,,,,,,,,,,,,,,"Christian Encarnacion-Strand","30011",687952
"Grant McCray","SFG",1,3.85594,3.48597,0.741476,0.493171,0.163099,0.0138384,0.0713666,0.42894,0.32281,0.306234,0.00485625,1.17638,0.0267418,0.0229949,0.0139986,0.0565312,0.128288,0.0252163,0.212703,0.0794188,0.305083,0.260318,0.279664,0.328847,0.274042,0.608511,0.116144,5.94625,0.296349,,0.0112397,0.321076,-0.130141,74.1853,0.0112397,0,-0.10479888785630465,0.01543209794908762,0.00335435,999,,,,,,,2.6,2.6,2.6,2.6,,,,,,,,,,,,,,,,,,,"Grant McCray","25690",687529
"Jarred Kelenic","TEX",2,8.693,7.82566,1.6844,1.01407,0.384112,0.0200025,0.266215,0.980141,0.956324,0.749627,0.0392747,2.55408,0.0488009,0.0537664,0.0151491,0.109379,0.166292,0.0541948,0.215241,0.0862334,0.293809,0.293502,0.286111,0.371491,0.291461,0.657602,0.15625,4.70413,0.280322,,0.00223057,0.844274,-0.17297,84.0495,0.00223057,-0.02,-0.16059148055501282,-0.11259258911013603,0.00307094,999,,,,,,,6.2,3.1,6.2,3.1,,,,,,,,,,,,,,,,,,,"Jarred Kelenic","22558",672284
"BJ Murray","CHC",2,8.83044,7.89562,1.80032,1.19052,0.381463,0.0165734,0.211762,1.00265,0.946753,0.789973,0.00566005,2.10672,0.0747392,0.0545815,0.0155242,0.148117,0.139573,0.0294273,0.228015,0.0894602,0.238575,0.374977,0.302332,0.360987,0.297973,0.66332,0.132972,4.3735,0.282074,,0.00559166,0.903359,-0.129967,89.9066,0.00559166,0,-0.09831043146550655,-0.15432098507881165,0.00275466,999,,,,,,,6.2,3.1,6.2,3.1,,,,,,,,,,,,,,,,,,,"BJ Murray","sa3017287",681230
"Vidal Bruján","NYM",5,21.4273,19.4652,4.26235,3.1171,0.872962,0.0366428,0.235645,2.25312,1.65658,1.50599,0.0549059,4.24893,0.203804,0.130254,0.122116,0.396204,0.747254,0.207897,0.218973,0.0702837,0.198295,0.35444,0.280314,0.303903,0.264595,0.584217,0.0849303,5.32217,0.266478,,0.0406538,1.62322,-0.884178,68.6542,0.0406538,-0.08,-0.7423285357654095,0.08975309133529663,0.00262161,999,,,,,,,14.2,2.84,14.2,2.84,,,,,,,,,,,,,,,,,,,"Vidal Brujan","20536",660644
"José Barrero","BAL",2,8.79559,8.00596,1.59609,1.0097,0.304143,0.0216388,0.260601,0.952746,0.890957,0.580143,0.0152835,2.74775,0.131507,0.0537035,0.0242716,0.105596,0.16863,0.0605933,0.199362,0.0659584,0.312401,0.211134,0.263101,0.34041,0.269706,0.603511,0.141048,4.94281,0.264384,,0.000427957,0.70206,-0.327188,69.3543,0.000427957,-0.03,-0.3160927937424276,0.03172839619219303,0.00229002,999,,,,,,,6.2,3.1,6.2,3.1,,,,,,,,,,,,,,,,,,,"Jose Barrero","23378",676480
"Justin Dean","CHC",1,3.92464,3.51831,0.737763,0.552666,0.112423,0.0209505,0.0517227,0.4445,0.288637,0.323848,0,1.15403,0.0421451,0.0226141,0.0177205,0.066314,0.166727,0.0244911,0.209692,0.0825167,0.294047,0.280624,0.282513,0.297659,0.265695,0.580172,0.0879662,6.65529,0.293785,,0.0187326,0.300744,-0.158513,67.8856,0.0187326,0.01,-0.1281953752040863,0.025432097725570202,0.00220176,999,,,,,,,1.6,1.6,1.6,1.6,,,,,,,,,,,,,,,,,,,"Justin Dean","25005",681909
"Junior Perez","CHW",2,8.67745,7.85322,1.55857,0.957877,0.349707,0.0356266,0.21536,0.928334,0.76288,0.673799,0.00700444,2.9653,0.0393015,0.0446797,0.0664512,0.0994046,0.265636,0.0378263,0.198463,0.0776494,0.341725,0.227228,0.26381,0.334336,0.267976,0.598146,0.135873,5.94239,0.284745,,0.0293229,0.68069,-0.334735,66.4911,0.0293229,0,-0.3121221549808979,0.03086419589817524,0.00218604,999,,,,,,,6.2,3.1,6.2,3.1,,,,,,,,,,,,,,,,,,,"Junior Perez","sa3005744",678577
"Will Wilson","SEA",1,3.93823,3.53751,0.711545,0.483383,0.141216,0.00442547,0.0825211,0.36502,0.344697,0.287106,0.00729557,1.07416,0.0307842,0.0228051,0.0600207,0.0675148,0.0376032,0.0137581,0.201143,0.0729024,0.272751,0.267285,0.265441,0.313547,0.261097,0.578988,0.112404,3.41835,0.261697,,-0.0020884,0.287383,-0.173464,68.5802,-0.0020884,-0.02,-0.14739071484655142,0.02629629522562027,0.00166518,999,,,,,,,1.6,1.6,1.6,1.6,,,,,,,,,,,,,,,,,,,"Will Wilson","25434",669717
"Mason McCoy","SDP",2,8.87013,8.05955,1.64678,1.14656,0.326723,0.0402684,0.133229,0.889403,0.646209,0.582752,0.0101042,2.55069,0.0582636,0.0569015,0.112671,0.115423,0.232468,0.0610668,0.204326,0.0656983,0.287559,0.228469,0.261239,0.30445,0.254969,0.565689,0.100123,5.58711,0.278608,,0.0126428,0.604052,-0.43392,62.5281,0.0126428,0.01,-0.37482943572103977,0.10259258933365345,0.000870122,999,,,,,,,6.2,3.1,6.2,3.1,,,,,,,,,,,,,,,,,,,"Mason McCoy","22232",669200
"Ryan Ward","LAD",12,52.6287,47.9357,10.3434,6.32317,2.11769,0.0990154,1.8035,6.25482,6.39425,3.99157,0.143828,13.4138,0.31086,0.326321,0.0642641,0.840768,0.72071,0.165239,0.215776,0.075844,0.254876,0.297573,0.278626,0.376955,0.289954,0.65558,0.161179,4.42139,0.258434,,0.0239689,5.0483,-1.11024,83.1438,0.0239689,0,-1.0101894363760948,-0.6481481194496155,0.000737193,999,,,,,,,46.5,3.875,46.5,3.875,,,,,,,,,,,,,,,,,,,"Ryan Ward","27449",669899
"Jose Herrera","TEX",1,3.86356,3.31599,0.643538,0.491309,0.110804,0.00447332,0.0369516,0.336229,0.213979,0.374175,0.00684997,0.902225,0.0284606,0.0251849,0.119749,0.0850428,0.0251913,0.00948849,0.194071,0.0968474,0.233522,0.414725,0.279441,0.263615,0.252663,0.543056,0.0695435,3.03746,0.252534,,-0.00329932,0.256019,-0.196089,57.7728,-0.00329932,-0.01,-0.1948781805112958,0.06716049276292324,0.000717566,999,,,,,,,2.6,2.6,2.6,2.6,,,,,,,,,,,,,,,,,,,"Jose Herrera","17040",645444
"A.J. Vukovich","ARI",2,8.93269,8.25865,1.94475,1.31784,0.362245,0.0395783,0.225088,0.96321,1.04594,0.555268,0.0220551,2.60489,0.053152,0.0493795,0.0162486,0.170419,0.0854616,0.0176099,0.235481,0.0621613,0.291613,0.213163,0.286344,0.370693,0.290899,0.657037,0.135212,4.37942,0.313919,,0.000319446,0.86356,-0.181732,82.2844,0.000319446,0,-0.18415751098655164,-0.09259258955717087,0.000609929,999,,,,,,,6.2,3.1,6.2,3.1,,,,,,,,,,,,,,,,,,,"A.J. Vukovich","sa3014525",691021
"Kemp Alderman","MIA",3,12.6606,11.7153,2.72884,1.83902,0.49124,0.042488,0.35609,1.3384,1.47391,0.70057,0.0303823,3.66691,0.151192,0.0684755,0.0250338,0.242689,0.181512,0.0385395,0.232929,0.0553348,0.289633,0.191052,0.283375,0.3733,0.29065,0.656676,0.140371,4.50242,0.305736,,0.00718725,1.22145,-0.260075,81.7557,0.00718725,0,-0.26207998115569353,-0.138888880610466,-0.0000314416,999,,,,,,,7.8,2.6,7.8,2.6,,,,,,,,,,,,,,,,,,,"Kemp Alderman","sa3022562",694580
"Brandon Drury","KCR",2,8.6823,7.86836,1.76092,1.13191,0.385215,0.00124219,0.242547,0.899265,1.0124,0.629591,0.0022791,2.13132,0.110082,0.0610448,0.0132277,0.176742,0.0193686,0.00843604,0.223797,0.0725143,0.245478,0.2954,0.288449,0.365547,0.292161,0.653997,0.14175,2.16607,0.273307,,-0.00898334,0.848071,-0.16792,80.1282,-0.00898334,0,-0.21158407628536224,-0.09259258955717087,-0.00015044,999,,,,,,,6.2,3.1,6.2,3.1,,,,,,,,,,,,,,,,,,,"Brandon Drury","11615",592273
"Garrett Hampson","CIN",1,3.9656,3.56802,0.764527,0.540243,0.137199,0.031106,0.0559787,0.427647,0.278499,0.279625,0.00141262,1.10917,0.0300149,0.0238572,0.0640849,0.0546416,0.108228,0.0239763,0.214272,0.0705127,0.279698,0.252103,0.275321,0.317228,0.267372,0.592548,0.102956,6.24749,0.291977,,0.00759635,0.309171,-0.154878,62.3114,0.00759635,0.02,-0.16663388209417462,0.035432097502052784,-0.000585862,999,,,,,,,1.6,1.6,1.6,1.6,,,,,,,,,,,,,,,,,,,"Garrett Hampson","19262",641658
"Kristian Robinson","ARI",1,3.97009,3.54299,0.76447,0.516856,0.139694,0.0200987,0.0878212,0.459668,0.381172,0.358353,0.00659201,1.33588,0.0389139,0.0200205,0.00980829,0.0651687,0.114311,0.0189697,0.21577,0.0902632,0.336487,0.268252,0.293347,0.340905,0.286187,0.634252,0.125136,5.99919,0.316293,,0.0105564,0.368926,-0.095648,79.0697,0.0105564,0,-0.086311393417418,-0.046296294778585434,-0.000715662,999,,,,,,,1.6,1.6,1.6,1.6,,,,,,,,,,,,,,,,,,,"Kristian Robinson","sa3006884",677565
"Johnathan Rodríguez","BAL",1,3.90915,3.51869,0.842587,0.582343,0.147629,0.013099,0.0995156,0.445126,0.414014,0.336835,0.0132547,1.06018,0.0274,0.0198314,0.00639099,0.0852249,0.0184161,0.00690499,0.23946,0.0861659,0.271204,0.317716,0.309223,0.373707,0.30469,0.68293,0.134247,3.39409,0.312368,,-0.00383402,0.42079,-0.0366532,93.0481,-0.00383402,0,-0.035746030043810606,-0.10802469402551651,-0.000767882,999,,,,,,,1.6,1.6,1.6,1.6,,,,,,,,,,,,,,,,,,,"Johnathan Rodriguez","22530",671286
"Michael Siani","BAL",1,3.90915,3.47225,0.700585,0.533514,0.122714,0.0150795,0.0292776,0.412312,0.217566,0.326967,0.00597115,1.03107,0.0294359,0.0227017,0.0577939,0.0685188,0.152008,0.0334517,0.201767,0.0836414,0.263759,0.317113,0.274446,0.27109,0.251361,0.545535,0.0693227,6.14337,0.275736,,0.0123107,0.254994,-0.202449,56.9301,0.0123107,0.02,-0.1853974750265479,0.035432097502052784,-0.0014041,999,,,,,,,2.6,2.6,2.6,2.6,,,,,,,,,,,,,,,,,,,"Michael Siani","22557",672279
"Trey Mancini","LAA",1,3.89387,3.49482,0.789988,0.532672,0.145227,0,0.112088,0.39482,0.426531,0.31836,0.0102224,1.01423,0.0490188,0.0251153,0.0065627,0.0772586,0.0182105,0.00802826,0.226046,0.0817593,0.260469,0.313892,0.297729,0.363819,0.295968,0.661548,0.137773,2.40462,0.283212,,-0.00411396,0.392135,-0.0635213,84.5339,-0.00411396,0,-0.07483231835067272,-0.07716049253940582,-0.00166703,999,,,,,,,2.6,2.6,2.6,2.6,,,,,,,,,,,,,,,,,,,"Trey Mancini","15149",641820
"Justin Turner",,15,66,59.6701,14.5914,10.0613,2.9531,0.0722689,1.50474,6.94962,7.38806,4.61887,0.0255875,11.7093,0.991306,0.594834,0.124887,1.15485,0.297422,0.133853,0.244534,0.0699828,0.177413,0.394463,0.306664,0.3721,0.30332,0.678764,0.127565,2.77066,0.278138,,-0.073911,7.03248,-0.690758,90.8589,-0.073911,-0.04,-0.7797953337430954,-1.4443209543824196,-0.00300128,999,,,,,,,69.5,4.633333333,69.5,4.633333333,,,,,,,,,,,,,,,,,,,"Justin Turner","5235",457759
"Oswaldo Cabrera","NYY",3,12.8992,11.6483,2.5137,1.75488,0.527447,0.0200004,0.211378,1.30458,1.13004,0.976369,0.0344527,2.91869,0.0819841,0.0906,0.101987,0.229431,0.198871,0.067352,0.2158,0.075692,0.226269,0.334523,0.279127,0.318955,0.269336,0.598082,0.103155,4.23398,0.267438,,-0.00168363,1.02581,-0.483639,68.7893,-0.00168363,0.01,-0.47443829011172056,-0.005432100035250187,-0.00309482,999,,,,,,,10.7,3.566666666,10.7,3.566666666,,,,,,,,,,,,,,,,,,,"Oswaldo Cabrera","21707",665828
"Ethan Murray","MIL",1,4.96127,4.48355,0.912377,0.631801,0.183126,0.0147839,0.0826662,0.453904,0.453075,0.363079,0,1.4396,0.047151,0.0291291,0.0383583,0.0908656,0.0518955,0.0110701,0.203494,0.0731827,0.290167,0.252209,0.268664,0.306246,0.260937,0.57491,0.102752,4.1422,0.277457,,0.000616138,0.361407,-0.219155,63.5947,0.000616138,0,-0.2099367631599307,0.01543209794908762,-0.00385116,999,,,,,,,1.6,1.6,1.6,1.6,,,,,,,,,,,,,,,,,,,"Ethan Murray","sa3017051",696140
"Will Brennan","SFG",3,12.5318,11.6476,2.86915,2.1211,0.566799,0.0466616,0.134583,1.26928,1.12679,0.664279,0.0325101,1.68051,0.113935,0.0861392,0.0198595,0.255086,0.193545,0.0534298,0.24633,0.0530074,0.134099,0.395284,0.29151,0.337668,0.280884,0.629178,0.0913382,4.53313,0.275699,,0.00248345,1.11169,-0.354768,78.853,0.00248345,0.01,-0.3064514754805714,-0.12888888083398342,-0.00397999,999,,,,,,,10.7,3.566666666,10.7,3.566666666,,,,,,,,,,,,,,,,,,,"Will Brennan","25660",686823
"Tyler Black","MIL",1,4.96127,4.36807,0.96061,0.658319,0.208453,0.0205554,0.0732821,0.539279,0.448732,0.491152,0.0100585,1.19645,0.0678936,0.0269262,0.0072222,0.0798612,0.150313,0.0405983,0.219916,0.0989973,0.241157,0.410509,0.30675,0.32738,0.288925,0.634131,0.107464,5.46269,0.28392,,0.0074289,0.471839,-0.108722,82.6888,0.0074289,0,-0.09269180009141564,-0.10802469402551651,-0.00448914,999,,,,,,,1.6,1.6,1.6,1.6,,,,,,,,,,,,,,,,,,,"Tyler Black","29949",672012
"John Rave","KCR",11,46.3056,41.3234,9.35623,6.26575,1.96172,0.183189,0.945573,5.32578,4.22064,3.9527,0.0715825,11.2132,0.247693,0.285015,0.496799,0.787713,1.22251,0.286266,0.226415,0.0853611,0.242155,0.352506,0.295939,0.3514,0.290367,0.647339,0.124985,5.5098,0.285594,,0.0754283,4.45696,-0.961663,78.9128,0.0754283,0.18,-1.0711969584226608,-0.6008641719818115,-0.00591551,999,,,,,,,38.5,3.5,38.5,3.5,,,,,,,,,,,,,,,,,,,"John Rave","26284",670231
"Petey Halpin","CLE",8,34.0989,31.2285,6.83141,4.54612,1.55432,0.0908988,0.640063,3.42328,3.31381,2.36326,0.0223419,9.22374,0.192659,0.242249,0.0722686,0.446932,0.72814,0.138663,0.218756,0.0693059,0.2705,0.256214,0.275882,0.335838,0.27395,0.61172,0.117083,4.97637,0.286545,,0.0534294,2.83684,-1.15337,71.9701,0.0534294,-0.11,-1.0689261481165886,-0.18407407402992249,-0.00658626,999,,,,,,,31.3,3.9125,31.3,3.9125,,,,,,,,,,,,,,,,,,,"Petey Halpin","27931",690984
"Heston Kjerstad","BAL",9,39.0915,35.7004,8.29779,5.47715,1.69947,0.126791,0.994383,4.23936,4.25829,2.40899,0.083098,10.0855,0.657831,0.271339,0.0529327,0.701776,0.20364,0.0625196,0.232428,0.0616243,0.257998,0.238856,0.291112,0.370696,0.294164,0.661808,0.138267,3.63225,0.293406,,-0.0273871,3.88065,-0.693785,85.919,-0.0273871,-0.03,-0.6737596523016691,-0.7553086560219526,-0.00679156,999,,,,,,,33,3.666666666,33,3.666666666,,,,,,,,,,,,,,,,,,,"Heston Kjerstad","31166",677008
"P.J. Higgins","CIN",7,27.7592,25.4046,5.57122,4.20457,1.01539,0.0732691,0.277997,2.41908,2.32094,1.80478,0.0125696,6.32903,0.219998,0.204003,0.125842,0.519816,0.0489237,0.01935,0.2193,0.0650157,0.227998,0.28516,0.274885,0.297865,0.259855,0.572751,0.0785654,2.53454,0.278568,,-0.029425,1.99825,-1.25009,57.1831,-0.029425,-0.07,-1.414987500756979,0.47012346237897873,-0.00681771,999,,,,,,,17.5,2.5,17.5,2.5,,,,,,,,,,,,,,,,,,,"P.J. Higgins","18433",664731
"Shay Whitcomb","HOU",6,25.4123,23.3433,4.73839,2.95935,0.913095,0.0313087,0.834638,2.74654,2.76048,1.64541,0.0624505,8.25828,0.241622,0.144543,0.0374989,0.328494,0.528094,0.161754,0.202987,0.0647484,0.324971,0.199243,0.261102,0.352051,0.272122,0.613153,0.149063,4.48191,0.27119,,0.0155732,2.07723,-0.896486,70.1269,0.0155732,-0.12,-0.8758694604039192,-0.08913580141961575,-0.00811303,999,,,,,,,25.2,4.2,25.2,4.2,,,,,,,,,,,,,,,,,,,"Shay Whitcomb","27789",694376
"Hayden Senger","NYM",7,27.2712,24.9792,4.95868,3.45232,0.882202,0.0342702,0.589881,2.46483,2.41536,1.45333,0,8.57831,0.394834,0.157524,0.286268,0.450601,0.141492,0.0526113,0.198512,0.0532917,0.314556,0.169419,0.252246,0.307418,0.252308,0.559664,0.108906,3.06009,0.273588,,-0.0198547,1.79944,-1.3918,60.272,-0.0198547,-0.21,-1.282858433201909,0.3301234692335129,-0.00921222,999,,,,,,,18.3,2.614285714,18.3,2.614285714,,,,,,,,,,,,,,,,,,,"Hayden Senger","21489",663584
"Rhylan Thomas","HOU",2,8.79658,8.11123,2.0073,1.5579,0.377927,0.00911381,0.0623647,0.887912,0.706883,0.483561,0.0155433,0.978843,0.0451783,0.0701286,0.0864761,0.177065,0.259764,0.0560054,0.247472,0.0549715,0.111275,0.494013,0.291161,0.319378,0.274181,0.610539,0.0719063,4.78414,0.272395,,0.0186861,0.733444,-0.29592,71.5212,0.0186861,-0.05,-0.27548765763640404,-0.14259259030222893,-0.0114396,999,,,,,,,3.2,1.6,3.2,1.6,,,,,,,,,,,,,,,,,,,"Rhylan Thomas","31793",689041
"Yohel Pozo","STL",5,21.9693,20.8604,5.03868,3.5867,1.04547,0,0.406512,1.97586,2.42599,0.789638,0.0526031,2.64141,0.116599,0.154427,0.0482045,0.461326,0.0238089,0.0103949,0.241542,0.0359428,0.120232,0.298945,0.271196,0.350121,0.274105,0.621318,0.108579,1.80015,0.257816,,-0.0218471,1.83045,-0.740372,73.9815,-0.0218471,0,-0.6881980765610933,-0.1286008208990097,-0.0124833,999,,,,,,,12.9,2.58,12.9,2.58,,,,,,,,,,,,,,,,,,,"Yohel Pozo","18848",650968
"Jacob Berry","MIA",9,37.9817,34.4136,7.78085,5.27589,1.83684,0.0948328,0.573287,3.7295,3.70894,2.74485,0.130637,7.3024,0.456371,0.292434,0.0743724,0.608296,0.870256,0.145511,0.226098,0.0722678,0.192261,0.375884,0.289709,0.334961,0.28013,0.624669,0.108863,4.76149,0.268634,,0.0726785,3.34654,-1.09802,74.5783,0.0726785,0,-1.0529191046953201,-0.29320988059043884,-0.0148038,999,,,,,,,36.9,4.1,36.9,4.1,,,,,,,,,,,,,,,,,,,"Jacob Berry","sa3019825",694351
"Charlie Condon","COL",16,68.7074,61.5312,15.2094,9.90671,2.93919,0.440517,1.92297,8.37532,8.16543,5.51084,0.000220551,18.9191,1.07933,0.429511,0.156496,1.18337,0.77541,0.191933,0.247182,0.0802073,0.275357,0.291285,0.318005,0.403023,0.320756,0.721028,0.155842,5.07775,0.323123,,-0.00627765,8.27372,0.23367,89.8978,-0.00627765,0,-0.8154158839024603,-1.5123456716537476,-0.0157558,999,,,,,,,72.4,4.525,72.4,4.525,,,,,,,,,,,,,,,,,,,"Charlie Condon","sa3025257",809707
"Abimelec Ortiz","WSN",35,148.638,134.618,30.5387,18.8976,6.62228,0.258344,4.76055,15.5123,18.9049,11.125,0.233056,35.3153,1.59105,1.01461,0.289256,2.53507,0.774691,0.197267,0.226854,0.0748464,0.237592,0.315021,0.291575,0.385975,0.300377,0.67755,0.159121,3.14312,0.269767,,-0.0835839,15.4899,-1.90352,89.7621,-0.0835839,0,-1.8575496599078178,-3.0092592239379883,-0.0167327,999,,,,,,,146.8,4.194285714,146.8,4.194285714,,,,,,,,,,,,,,,,,,,"Abimelec Ortiz","sa3016926",694673
"Jacob Gonzalez","CHW",38,157.158,143.074,31.6888,20.4268,7.03992,0.247504,3.97457,15.8931,16.3567,10.7729,0.143424,31.2519,1.36058,1.34781,0.603248,2.38513,2.37238,0.441861,0.221486,0.0685479,0.198856,0.344711,0.279916,0.35749,0.283807,0.637405,0.136004,4.03063,0.253804,,0.131017,14.3067,-4.08374,77.2129,0.131017,0,-4.074253335595131,-1.5690690279006958,-0.0168369,999,,,,,,,133.9,3.52368421,133.9,3.52368421,,,,,,,,,,,,,,,,,,,"Jacob Gonzalez","33225",694378
"Griffin Conine","MIA",36,152.901,136.59,30.1288,18.883,6.06962,0.280748,4.8954,16.387,18.72,13.7752,0.30211,47.5324,1.47237,0.858151,0.204488,2.67862,0.934463,0.279899,0.220578,0.0900922,0.310871,0.289806,0.297168,0.376645,0.300628,0.673813,0.156067,3.23819,0.296791,,-0.0976492,15.9646,-1.92758,88.5629,-0.0976492,0.05,-2.136241264641285,-2.8865079395473003,-0.0188951,999,,,,,,,142.3,3.952777777,142.3,3.952777777,,,,,,,,,,,,,,,,,,,"Griffin Conine","21626",665052
"Tim Elko","CHW",4,17.3549,16.1435,3.67269,2.47889,0.606172,0.0480063,0.53962,1.75583,1.99215,0.956841,0.0160778,5.70157,0.148152,0.0759681,0.030485,0.331676,0.0424255,0.0152174,0.227503,0.0551338,0.328528,0.167821,0.275777,0.371279,0.286651,0.647057,0.143776,2.92965,0.31399,,-0.0156939,1.61915,-0.411703,79.1395,-0.0156939,-0.04,-0.4408174529671669,-0.3486419692635536,-0.0189359,999,,,,,,,21.7,5.425,21.7,5.425,,,,,,,,,,,,,,,,,,,"Tim Elko","31522",671284
"Blaine Crim","TEX",5,21.2496,19.2316,4.3336,2.86037,0.847114,0.037183,0.58893,2.17831,2.34532,1.61457,0.0896717,4.91198,0.217678,0.160417,0.0253341,0.367823,0.0974969,0.0344419,0.225338,0.0759813,0.231157,0.3287,0.29051,0.365122,0.291285,0.655632,0.139784,3.0237,0.269574,,-0.0177322,2.0608,-0.425792,83.9302,-0.0177322,0,-0.4187176376581192,-0.5092592835426331,-0.0192162,999,,,,,,,21.7,4.34,21.7,4.34,,,,,,,,,,,,,,,,,,,"Blaine Crim","25714",688760
"TJ Rumfield","COL",79,333.722,300.151,77.2488,52.6351,16.0367,0.291841,8.28522,37.6152,41.8827,26.7648,0.642251,57.2438,3.98393,2.43765,0.384141,7.18938,1.27514,0.622249,0.257366,0.0802009,0.171531,0.467558,0.323988,0.39555,0.320249,0.719539,0.138184,2.63375,0.290912,,-0.415513,40.0521,1.00044,89.552,-0.415513,0,-4.4801400899887085,-6.283238410949707,-0.0207711,999,,,,,,,344.9,4.365822784,344.9,4.365822784,,,,,,,,,,,,,,,,,,,"TJ Rumfield","29805",681198
"Bryce Johnson","SDP",5,21.6825,19.2792,4.13227,3.12338,0.75569,0.0656935,0.187498,2.29138,1.2632,1.64907,0.0199024,5.93653,0.276728,0.119751,0.357755,0.346454,0.873257,0.217639,0.214338,0.0760553,0.273793,0.277784,0.284086,0.289526,0.263051,0.573611,0.0751882,5.83561,0.297158,,0.0605864,1.61593,-0.921335,68.0414,0.0605864,0.05,-0.7472106963396072,-0.14718792960047722,-0.0213851,999,,,,,,,14.2,2.84,14.2,2.84,,,,,,,,,,,,,,,,,,,"Bryce Johnson","20002",669369
"Aaron Zavala","TEX",5,21.2496,18.8836,3.81417,2.53255,0.840351,0.0388235,0.402446,2.09333,1.88963,1.91714,0.0417307,6.73331,0.250346,0.136562,0.0619408,0.311619,0.286687,0.0639306,0.201984,0.0902203,0.316868,0.284725,0.282319,0.314533,0.271395,0.596852,0.11255,4.14319,0.287076,,0.00780502,1.72467,-0.761922,70.4595,0.00780502,0,-0.7293103621341288,-0.23148147761821747,-0.0225864,999,,,,,,,12.3,2.46,12.3,2.46,,,,,,,,,,,,,,,,,,,"Aaron Zavala","sa3017665",701648
"Nick Allen","HOU",18,77.2144,69.5146,15.1603,11.8223,2.43325,0.34776,0.557003,7.56861,4.70193,5.3775,0.061485,15.2613,0.479279,0.466891,1.37608,1.49036,1.64492,0.561175,0.218087,0.0696438,0.197648,0.352362,0.27713,0.287134,0.257309,0.564264,0.0690469,5.11579,0.269616,,0.0114452,5.40192,-3.6336,60.0943,0.0114452,0.23,-3.6068330723792315,0.6832163780927658,-0.0237766,999,,,,,,,45.2,2.511111111,45.2,2.511111111,,,,,,,,,,,,,,,,,,,"Nick Allen","22277",669397
"George Valera","CLE",25,106.194,94.9552,21.6671,14.7717,4.19459,0.169584,2.53127,11.2279,11.3586,9.61526,0.0791918,23.98,0.731259,0.726653,0.165328,2.14873,0.776224,0.279862,0.228183,0.0905445,0.225814,0.40097,0.301935,0.355902,0.295845,0.657836,0.127719,3.35661,0.276647,,-0.0849993,10.6839,-1.74275,86.799,-0.0849993,-0.35,-1.731163002550602,-2.27901229262352,-0.0316009,748.3099975585938,,,,,,,102.9,4.116,102.9,4.116,,,,,,,,,,,,,,,,,,,"George Valera","22541",671655
"Donovan Walton","LAA",15,63.2754,56.9635,12.4561,8.91054,2.52713,0.0771151,0.941302,5.68412,5.61055,4.87772,0.243991,10.7513,0.694688,0.485843,0.253648,1.37026,0.37267,0.13183,0.218668,0.0770871,0.169912,0.453688,0.286068,0.315313,0.271557,0.601381,0.0966455,2.88881,0.251652,,-0.0509484,5.14378,-2.26063,68.0014,-0.0509484,-0.37,-2.428526431322098,-0.10765433311462402,-0.0338982,999,,,,,,,46.3,3.086666666,46.3,3.086666666,,,,,,,,,,,,,,,,,,,"Donovan Walton","19314",622268
"Wilmer Flores",,17,75,67.0236,15.0961,10.2207,2.60515,0.0545035,2.21568,7.75067,8.56863,6.205,0.049809,12.6845,0.974027,0.666878,0.093028,1.2395,0.129371,0.0579303,0.225235,0.0827333,0.169126,0.489181,0.297519,0.364906,0.296772,0.662425,0.13967,2.1929,0.243992,,-0.0851545,7.60086,-1.17554,86.4078,-0.0851545,-0.04,-1.2778815105557442,-1.5677777901291847,-0.0360965,999,,,,,,,65.5,3.852941176,65.5,3.852941176,,,,,,,,,,,,,,,,,,,"Wilmer Flores","5827",527038
"Carlos Santana","ARI",21,88.3344,78.4435,17.0789,10.8141,3.6432,0,2.62163,9.45064,10.6424,8.4854,0.076025,15.5958,0.456716,0.67602,0.123959,1.67716,0.702151,0.258727,0.217722,0.0960599,0.176554,0.544083,0.295486,0.364428,0.295686,0.659914,0.146705,2.90409,0.237385,,-0.0641989,8.87599,-1.46079,85.5506,-0.0641989,-0.03,-1.5521310791373253,-1.6503703873604536,-0.0418029,999,,,,,,,82.9,3.947619047,82.9,3.947619047,,,,,,,,,,,,,,,,,,,"Carlos Santana","2396",467793
"Troy Johnston","COL",55,231.642,211.036,55.6918,38.896,11.7591,0.706266,4.33046,27.348,26.1215,15.3765,0.460474,44.3179,3.13624,1.54774,0.545592,4.20769,4.85129,1.69285,0.263897,0.0663805,0.191321,0.346959,0.321098,0.387872,0.315429,0.708969,0.123974,4.77032,0.313303,,-0.00679371,26.913,-0.193507,86.2638,-0.00679371,-0.64,-3.716055362485349,-4.035061717033386,-0.0431814,748.4099731445312,,,,,,,238.6,4.338181818,238.6,4.338181818,,,,,,,,,,,,,,,,,,,"Troy Johnston","26143",687859
"Deyvison De Los Santos","MIA",14,59.4072,55.2037,13.2727,9.19877,2.47508,0.17242,1.42642,6.08139,6.79602,3.2723,0.283893,14.244,0.461818,0.348869,0.120491,1.23123,0.882242,0.203297,0.240431,0.0550826,0.239769,0.229732,0.286857,0.369031,0.289409,0.655888,0.1286,4.41819,0.297032,,0.0298411,5.67278,-1.27898,80.9092,0.0298411,0,-1.2922682669013739,-1.1728395223617554,-0.0600895,999,,,,,,,43.9,3.135714285,43.9,3.135714285,,,,,,,,,,,,,,,,,,,"Deyvison De Los Santos","27969",691277
"Braden Shewmake","HOU",26,110.446,102.396,21.8172,14.6275,4.9339,0.220641,2.0351,10.9273,9.98815,5.86501,0.0983598,22.3311,0.765188,0.85769,0.561887,1.83385,2.33756,0.556167,0.213066,0.053103,0.20219,0.262639,0.258886,0.325185,0.260406,0.58407,0.112118,4.83885,0.250763,,0.134171,7.99888,-4.92535,62.1921,0.134171,-0.33,-4.7692641615867615,0.16564267873764038,-0.0773239,999,,,,,,,76.5,2.942307692,76.5,2.942307692,,,,,,,,,,,,,,,,,,,"Braden Shewmake","25817",669699
"Jose Fernandez","ARI",55,234.235,218.655,54.4723,38.3771,10.3621,1.5082,4.22488,26.3704,23.7355,10.8725,0.154019,53.2329,1.25521,1.40811,2.04451,4.03628,5.5141,1.34874,0.249125,0.0464172,0.227263,0.204245,0.286834,0.368277,0.289846,0.65511,0.119152,5.70626,0.309015,,0.299295,22.4484,-4.96147,81.5665,0.299295,0,-4.734146147966385,-3.4431049823760986,-0.0785194,999,,,,,,,206,3.745454545,206,3.745454545,,,,,,,,,,,,,,,,,,,"Jose Fernandez","28020",699912
"Ildemaro Vargas","ARI",48,207.437,191.45,46.5412,33.4727,9.70935,0.63633,2.72278,20.7001,20.5948,10.7766,0.429349,24.2463,1.4279,1.43551,2.34691,5.23103,1.89903,0.640003,0.243098,0.0519511,0.116885,0.444463,0.286438,0.343126,0.280299,0.629564,0.100028,3.74896,0.264099,,-0.109074,18.3052,-5.96884,75.0533,-0.109074,0.02,-6.1416531801223755,-2.044617872685194,-0.166546,999,,,,,,,172.1,3.585416666,172.1,3.585416666,,,,,,,,,,,,,,,,,,,"Ildemaro Vargas","13324",545121
"Richie Palacios","TBR",63,267.187,233.802,50.6425,36.5372,10.1202,0.829308,3.15583,28.3237,20.6011,27.5809,0.533691,52.6682,3.01455,1.79421,0.995515,4.51878,8.92281,2.61892,0.216604,0.103227,0.197121,0.523672,0.305186,0.307477,0.281296,0.612662,0.090873,5.23484,0.264149,,0.38135,23.7897,-7.47623,74.8916,0.38135,-2.36,-7.496434360742569,-3.6562962532043457,-0.188681,999,,,,,,,216.2,3.431746031,216.2,3.431746031,,,,,,,,,,,,,,,,,,,"Richie Palacios","24589",680700
"Adam Frazier","LAA",37,156.728,141.423,30.9461,23.0657,6.05363,0.522526,1.30426,14.2342,11.6391,11.0145,0.299506,30.9181,1.78484,1.14807,1.35768,2.84472,2.04982,0.71764,0.218819,0.0702778,0.197272,0.356248,0.281556,0.296681,0.262907,0.578236,0.0778617,4.21298,0.268619,,-0.0617867,11.6625,-6.67763,62.1428,-0.0617867,-0.93,-7.029094699770212,-1.2540740966796875,-0.289499,999,,,,,,,105.1,2.84054054,105.1,2.84054054,,,,,,,,,,,,,,,,,,,"Adam Frazier","15223",624428