Name,Team,W,L,QS,ERA,G,GS,SV,HLD,BS,IP,TBF,H,R,ER,HR,BB,IBB,HBP,SO,K/9,BB/9,K/BB,HR/9,K%,BB%,K-BB%,AVG,WHIP,BABIP,LOB%,GB%,HR/FB,FIP,WAR,RA9-WAR,ADP,InterSD,InterSK,IntraSD,Vol,Skew,Dim,FPTS,FPTS/IP,SPTS,SPTS/IP,P10,P20,P30,P40,P50,P60,P70,P80,P90,TT10,TT20,TT30,TT40,TT50,TT60,TT70,TT80,TT90,NameASCII,PlayerId,MLBAMID
"Cristopher Sánchez","PHI",9.42508,4.86758,8.59683,3.01019,20,20,0,0,,117.74,477.355,104.433,42.57,39.38,7.79521,28.4768,0.297821,3.22024,117.528,8.98377,2.17676,4.12713,0.595863,0.246206,0.0596554,0.18655049800872803,0.234335,1.12885,0.301679,0.740512,,,2.77064,3.35425,3.15701,24.75,,,,,,,647.4000000000001,5.486440677966103,629,5.330508474576271,,,,,,,,,,,,,,,,,,,"Cristopher Sanchez","20778",650911
"Paul Skenes","PIT",7.99172,6.32755,9.06928,3.48977,20,20,0,0,,119.2,488.795,101.769,49.45,46.22,13.2967,31.098,0.31121,5.67186,133.199,10.057,2.348,4.2832,1.00394,0.272504,0.0636217,0.20888281613588333,0.225139,1.11465,0.289569,0.730116,,,3.23938,3.13586,2.54219,9.649999618530273,,,,,,,610.5,5.130252100840337,581,4.882352941176471,,,,,,,,,,,,,,,,,,,"Paul Skenes","33677",694973
"Jesús Luzardo","PHI",8.79301,5.48714,9.04766,3.59015,20,20,0,0,,118.8,495.801,103.926,51.11,47.39,11.0658,37.4905,0.331646,8.02232,127.028,9.62336,2.84019,3.38829,0.838321,0.256209,0.075616,0.1805926412343979,0.2308,1.19038,0.297445,0.71715,,,3.3204,2.81536,2.32108,70.58999633789062,,,,,,,593.9,4.990756302521008,571,4.798319327731092,,,,,,,,,,,,,,,,,,,"Jesus Luzardo","19959",666200
"Chris Sale","ATL",7.50223,5.38899,8.32515,3.70968,18,18,0,0,,107.694,447.659,94.8502,47.59,44.39,11.1307,30.9496,0.270279,6.16364,125.767,10.5104,2.58646,4.06362,0.930196,0.280944,0.0691364,0.21180761605501175,0.231034,1.16812,0.305938,0.7096,,,3.14054,2.72089,1.92006,39.36000061035156,,,,,,,557.9000000000001,5.165740740740741,538,4.981481481481482,,,,,,,,,,,,,,,,,,,"Chris Sale","10603",519242
"Tarik Skubal","DET",6.05904,4.359,5.85072,3.19026,15,15,0,0,,84.435,341.461,71.5491,32.12,29.93,8.34805,18.8913,0.230492,2.73855,92.9587,9.90855,2.01364,4.92071,0.889826,0.272239,0.0553251,0.21691341698169708,0.223709,1.07113,0.289218,0.740547,,,2.95063,2.46307,2.08361,7.019999980926514,,,,,,,456.00000000000006,5.428571428571429,436,5.190476190476191,,,,,,,,,,,,,,,,,,,"Tarik Skubal","22267",669373
"Jacob deGrom","TEX",7.41417,5.19186,7.34929,3.30012,18,18,0,0,,102.978,409.511,78.6394,40.19,37.76,13.2088,26.1535,0.298675,1.33768,112.473,9.82983,2.28574,4.3005,1.15441,0.274652,0.0638651,0.21078679710626602,0.205852,1.01762,0.255251,0.74858,,,3.38267,2.45916,2.46966,50.0099983215332,,,,,,,539.9000000000001,5.241747572815535,489,4.747572815533981,,,,,,,,,,,,,,,,,,,"Jacob deGrom","10954",594798
"Dylan Cease","TOR",8.18271,5.46161,8.90253,3.74977,19,19,0,0,,114.247,479.109,90.6882,50.9,47.6,13.9383,48.43,0.41679,4.89952,140.428,11.0624,3.81515,2.89961,1.09802,0.293102,0.101083,0.19201882928609848,0.212993,1.2177,0.282779,0.737582,,,3.62678,2.4085,1.99075,74.7699966430664,,,,,,,555.7999999999998,4.875438596491227,509,4.464912280701754,,,,,,,,,,,,,,,,,,,"Dylan Cease","18525",656302
"Logan Webb","SFG",6.93255,6.5517,8.68685,3.98007,19,19,0,0,,112.385,475.097,110.885,53.16,49.7,9.61909,34.0899,0.40074,4.17386,97.2618,7.7889,2.72998,2.8531,0.770314,0.20472,0.0717534,0.13296620547771454,0.253839,1.28999,0.306911,0.698169,,,3.50193,2.23143,1.64751,57.189998626708984,,,,,,,497.20000000000005,4.439285714285715,510,4.553571428571429,,,,,,,,,,,,,,,,,,,"Logan Webb","17995",657277
"Jacob Misiorowski","MIL",7.07215,6.56976,6.38505,3.52731,23,18,0,0.3993,,102.265,427.497,75.6337,42.79,40.08,12.8848,44.0339,0.416887,7.04129,140.932,12.403,3.87528,3.20054,1.13395,0.329668,0.103004,0.22666438668966293,0.200928,1.17017,0.281885,0.756454,,,3.47874,2.20432,2.0066,114.13999938964844,,,,,,,526.3000000000002,5.1598039215686295,470,4.607843137254902,,,,,,,,,,,,,,,,,,,"Jacob Misiorowski","31623",694819
"Hunter Brown","HOU",7.13493,5.00301,7.71504,3.63007,17,17,0,0,,101.031,418.88,85.2424,43.54,40.75,11.7384,34.744,0.30742,3.60499,113.002,10.0664,3.09505,3.25242,1.04568,0.269772,0.082945,0.1868271753191948,0.224009,1.18762,0.28736,0.738237,,,3.51088,2.16574,1.89189,36.189998626708984,,,,,,,487.80000000000007,4.82970297029703,458,4.534653465346534,,,,,,,,,,,,,,,,,,,"Hunter Brown","25880",686613
"Yoshinobu Yamamoto","LAD",8.00024,3.46645,7.20852,3.4302,16,16,0,0,,95.216,390.062,78.9847,38.9,36.29,10.3765,29.5391,0.220015,2.88616,102.654,9.7031,2.79209,3.47521,0.980811,0.263174,0.0757292,0.18744530528783798,0.220851,1.13976,0.280484,0.740705,,,3.38082,2.13427,2.04252,26.639999389648438,,,,,,,481.6,5.069473684210527,452,4.757894736842105,,,,,,,,,,,,,,,,,,,"Yoshinobu Yamamoto","33825",808967
"George Kirby","SEA",7.00728,6.09177,7.79173,4.08,19,19,0,0,,106.875,445.732,104.747,51.92,48.45,13.4734,24.5665,0.278108,3.86715,98.8593,8.325,2.06876,4.02415,1.1346,0.221791,0.055115,0.16667596623301506,0.251013,1.20996,0.299293,0.700708,,,3.68572,2.12488,1.43112,64.58000183105469,,,,,,,469.9000000000001,4.3915887850467294,477,4.457943925233645,,,,,,,,,,,,,,,,,,,"George Kirby","25436",669923
"Shohei Ohtani","LAD",7.37315,3.23559,6.44993,3.38965,15,15,0,0,,87.54,363.117,68.1917,35.24,32.97,8.83277,32.7709,0.219416,6.11343,102.199,10.5071,3.36918,3.11859,0.908098,0.28145,0.0902491,0.19120115786790848,0.210317,1.15333,0.278419,0.741817,,,3.40806,2.10851,2.01787,1.2699999809265137,,,,,,,450.7,5.121590909090909,410,4.659090909090909,,,,,,,,,,,,,,,,,,,"Shohei Ohtani","19755",660271
"Gavin Williams","CLE",6.99965,6.55303,8.72145,3.77961,19,19,0,0,,113.107,472.9,96.5755,51.01,47.5,14.1272,41.8258,0.263266,3.2533,123.962,9.8637,3.32811,2.96376,1.12411,0.262131,0.0884454,0.17368518561124802,0.225738,1.22363,0.284567,0.736713,,,3.72615,2.10841,1.92504,144.74000549316406,,,,,,,524.8,4.644247787610619,496,4.389380530973451,,,,,,,,,,,,,,,,,,,"Gavin Williams","30122",668909
"Kevin Gausman","TOR",7.55351,6.21586,8.27816,4.20032,20,20,0,0,,112.62,470.219,101.95,56.11,52.56,16.3707,34.6724,0.400706,2.0695,114.359,9.13897,2.77083,3.29828,1.30826,0.243203,0.0737365,0.16946691274642944,0.235192,1.21313,0.282676,0.708092,,,3.93627,2.00913,1.39922,112.94999694824219,,,,,,,491.2000000000001,4.346902654867257,474,4.1946902654867255,,,,,,,,,,,,,,,,,,,"Kevin Gausman","14107",592332
"Joe Ryan","MIN",6.19967,6.37875,7.84314,4.20038,18,18,0,0,,103.662,430.063,92.127,51.68,48.38,16.6834,26.7949,0.274417,4.95973,110.983,9.63561,2.32635,4.14194,1.44846,0.258062,0.0623046,0.19575752690434456,0.231296,1.14721,0.278758,0.703624,,,3.96867,1.98849,1.24047,78.52999877929688,,,,,,,447.3,4.3009615384615385,425,4.086538461538462,,,,,,,,,,,,,,,,,,,"Joe Ryan","21390",657746
"Nathan Eovaldi","TEX",7.38625,5.3938,7.92442,3.52986,18,18,0,0,,105.786,430.474,91.0263,44.4,41.49,12.2581,27.0378,0.317336,3.4097,94.9756,8.08028,2.30031,3.51269,1.04289,0.22063,0.0628094,0.15782076865434647,0.22755,1.11607,0.269023,0.730051,,,3.67296,1.98343,2.22481,132.50999450683594,,,,,,,500.20000000000005,4.718867924528302,474,4.471698113207547,,,,,,,,,,,,,,,,,,,"Nathan Eovaldi","9132",543135
"Logan Gilbert","SEA",6.82459,5.58582,7.25679,3.86959,18,18,0,0,,101.034,413.336,86.7243,46.5,43.44,15.3462,25.6235,0.290715,3.70247,111.153,9.90139,2.28251,4.33794,1.36703,0.268917,0.0619919,0.20692501217126846,0.225838,1.11198,0.277185,0.724692,,,3.74377,1.95886,1.67552,37.150001525878906,,,,,,,468.7000000000001,4.640594059405942,442,4.376237623762377,,,,,,,,,,,,,,,,,,,"Logan Gilbert","22250",669302
"José Soriano","LAA",7.19384,6.46971,8.94401,3.68962,19,19,0,0,,114.646,485.771,99.103,50.26,47,11.1485,49.4211,0.420314,5.42547,117.62,9.23344,3.87968,2.37995,0.875189,0.24213,0.101738,0.14039242267608643,0.229978,1.2955,0.29109,0.739294,,,3.74619,1.89305,2.16537,321.80999755859375,,,,,,,532.3000000000001,4.6286956521739135,506,4.4,,,,,,,,,,,,,,,,,,,"Jose Soriano","22100",667755
"Bryan Woo","SEA",6.89142,6.0336,7.30727,4.00969,19,19,0,0,,104.215,429.718,93.6635,49.68,46.43,16.4362,24.7268,0.311453,4.11603,103.492,8.9376,2.1354,4.18544,1.41943,0.240838,0.0575418,0.18329590186476707,0.233647,1.13602,0.274882,0.720388,,,3.99315,1.85232,1.44738,34.77000045776367,,,,,,,447.4,4.301923076923076,431,4.144230769230769,,,,,,,,,,,,,,,,,,,"Bryan Woo","30279",693433
"Landen Roupp","SFG",5.78514,5.463,6.9772,3.90027,16,16,0,0,,92.832,396.596,83.9522,43.01,40.23,7.77671,39.4426,0.315487,3.39315,91.34,8.85535,3.82394,2.31577,0.753947,0.23031,0.099453,0.13085700571537018,0.237314,1.32923,0.299146,0.714485,,,3.60419,1.83005,1.47456,690.0999755859375,,,,,,,427.4000000000001,4.595698924731184,417,4.483870967741935,,,,,,,,,,,,,,,,,,,"Landen Roupp","30076",694738
"Garrett Crochet","BOS",5.43103,4.04177,6.40386,3.66985,13,13,0,0,,80.145,329.111,70.7166,35.18,32.68,10.4881,19.7218,0.246423,3.12344,88.4561,9.93331,2.21469,4.4852,1.17777,0.268773,0.0599244,0.2088484726846218,0.230899,1.12843,0.290508,0.729435,,,3.44768,1.78745,1.4829,12.239999771118164,,,,,,,391.4,4.8925,377,4.7125,,,,,,,,,,,,,,,,,,,"Garrett Crochet","27463",676979
"Braxton Ashcraft","PIT",6.09125,6.47682,5.53452,4.01592,22,17,0,0.4072,,92.5567,389.496,86.7894,44.31,41.3,10.6816,28.3846,0.387667,3.5122,91.4073,8.88824,2.76005,3.22032,1.03865,0.234681,0.0728751,0.16180599480867386,0.2427,1.24436,0.297866,0.707086,,,3.65768,1.7575,1.31646,239.36000061035156,,,,,,,412.7000000000001,4.437634408602151,408,4.387096774193548,,,,,,,,,,,,,,,,,,,"Braxton Ashcraft","23793",677952
"Ranger Suarez","BOS",6.32315,6.26106,6.34049,3.96957,19,19,0,0,,98.648,413.051,94.2142,46.77,43.51,11.6488,28.4119,0.35375,2.6878,87.1909,7.95473,2.59212,3.06882,1.06276,0.21109,0.0687855,0.14230472594499588,0.246666,1.24307,0.291636,0.713485,,,3.81187,1.75681,1.44001,183.97999572753906,,,,,,,421.6,4.2585858585858585,420,4.242424242424242,,,,,,,,,,,,,,,,,,,"Ranger Suarez","17277",624133
"Kyle Harrison","MIL",5.68303,6.08188,6.97416,4.05005,17,17,0,0,,95.71,399.537,83.2202,46.2,43.07,15.3856,29.1693,0.286401,4.25379,112.753,10.6027,2.74291,3.86549,1.44677,0.28221,0.0730077,0.20920245349407196,0.227307,1.17427,0.285049,0.728561,,,3.87998,1.75216,1.35215,446.55999755859375,,,,,,,437.1000000000001,4.5531250000000005,412,4.291666666666667,,,,,,,,,,,,,,,,,,,"Kyle Harrison","27758",690986
"Drew Rasmussen","TBR",6.31664,7.47203,8.04871,4.1102,20,20,0,0,,111.52,464.793,102.729,54.57,50.93,15.0503,32.9146,0.377102,3.85611,99.6166,8.03936,2.65631,3.02652,1.21461,0.214324,0.0708156,0.14350878447294235,0.240009,1.21632,0.279806,0.707615,,,4.05579,1.7362,1.4389,132.36000061035156,,,,,,,465.50000000000017,4.156250000000002,454,4.053571428571429,,,,,,,,,,,,,,,,,,,"Drew Rasmussen","25385",656876
"Zack Wheeler","PHI",7.17914,5.28956,7.49592,3.94982,18,18,0,0,,102.24,427.914,88.6991,48.12,44.87,13.9543,34.6256,0.26203,4.89684,102.326,9.00754,3.04803,2.9552,1.22837,0.239127,0.0809172,0.15820947289466858,0.228376,1.20623,0.274685,0.724594,,,4.03104,1.72507,1.52846,110.48999786376953,,,,,,,435.20000000000016,4.266666666666668,412,4.03921568627451,,,,,,,,,,,,,,,,,,,"Zack Wheeler","10310",554430
"Framber Valdez","DET",7.02958,6.14867,7.77798,3.80019,19,19,0,0,,107.521,453.499,98.505,49.02,45.4,9.61483,36.5088,0.300605,7.38231,89.0342,7.45257,3.05595,2.43871,0.804805,0.196327,0.0805045,0.1158224493265152,0.240486,1.2557,0.285858,0.707459,,,3.82971,1.68517,1.81187,81.13999938964844,,,,,,,464.80000000000007,4.303703703703705,456,4.222222222222222,,,,,,,,,,,,,,,,,,,"Framber Valdez","17295",664285
"Max Meyer","MIA",5.32445,6.36,6.69699,4.05981,17,17,0,0,,94.061,396.604,85.198,45.39,42.43,11.5002,32.3274,0.299983,4.08641,95.2265,9.11152,3.09317,2.94569,1.10037,0.240105,0.0815106,0.15859434753656387,0.236536,1.24946,0.290763,0.711218,,,3.82473,1.65244,1.3283,281.45001220703125,,,,,,,409,4.351063829787234,396,4.212765957446808,,,,,,,,,,,,,,,,,,,"Max Meyer","27474",676974
"Taj Bradley","MIN",6.23013,5.99401,8.35697,4.18973,17,17,0,0,,103.496,440.148,92.5324,51.43,48.18,13.9937,41.1383,0.281177,2.8317,107.586,9.35565,3.57738,2.61522,1.21689,0.244431,0.0934646,0.1509661003947258,0.233562,1.29155,0.286013,0.720906,,,4.05194,1.64173,1.27996,492.4599914550781,,,,,,,432.2,4.196116504854369,417,4.048543689320389,,,,,,,,,,,,,,,,,,,"Taj Bradley","22543",671737
"Chase Burns","CIN",5.58883,5.63667,5.10463,3.85081,20,15,0,0.4282,,83.9746,348.203,69.9316,38.33,35.93,11.4925,30.1972,0.378877,1.35911,94.4887,10.1269,3.2364,3.12905,1.23171,0.271361,0.0867229,0.18463772535324097,0.22085,1.19237,0.277402,0.735356,,,3.75479,1.63603,1.36639,109.72000122070312,,,,,,,399.29999999999995,4.753571428571428,372,4.428571428571429,,,,,,,,,,,,,,,,,,,"Chase Burns","35333",695505
"Matthew Boyd","CHC",6.00932,4.92648,6.29879,3.98958,16,16,0,0,,88.656,371.042,76.9281,42.18,39.3,12.4046,30.165,0.245319,3.54399,91.6577,9.30472,3.06223,3.03854,1.25927,0.247028,0.0812981,0.16572940349578857,0.228048,1.20796,0.276603,0.723454,,,3.9906,1.62315,1.32122,212.75999450683594,,,,,,,392.8,4.413483146067416,371,4.168539325842697,,,,,,,,,,,,,,,,,,,"Matthew Boyd","15440",571510
"Parker Messick","CLE",5.72495,6.07446,7.04527,4.00987,17,17,0,0,,96.22,406.478,88.1547,45.93,42.87,12.1116,30.88,0.307306,5.90782,93.0752,8.70585,2.88838,3.01409,1.13286,0.22898,0.0759697,0.15301017463207245,0.238456,1.23711,0.287494,0.716161,,,3.94742,1.61402,1.35215,294.17999267578125,,,,,,,409.00000000000006,4.260416666666667,399,4.15625,,,,,,,,,,,,,,,,,,,"Parker Messick","31986",800048
"Hunter Greene","CIN",4.47941,4.00614,5.31748,3.80058,12,12,0,0,,70.284,289.872,57.3911,31.7,29.68,9.92453,22.4048,0.206383,2.9785,86.7848,11.113,2.86898,3.8735,1.27085,0.29939,0.077292,0.22209826111793518,0.216989,1.13533,0.282911,0.729814,,,3.5483,1.57377,1.14881,444.32000732421875,,,,,,,345.8,4.94,319,4.557142857142857,,,,,,,,,,,,,,,,,,,"Hunter Greene","22182",668881
"MacKenzie Gore","TEX",5.95617,5.33739,7.27592,4.16036,16,16,0,0,,94.016,399.144,86.3885,46.59,43.46,11.26,33.3021,0.269165,4.02501,90.7644,8.68873,3.18796,2.72548,1.0779,0.227397,0.0834338,0.14396365731954575,0.238763,1.27309,0.289186,0.703387,,,3.91594,1.57281,1.12119,164.82000732421875,,,,,,,407.69999999999993,4.337234042553191,398,4.23404255319149,,,,,,,,,,,,,,,,,,,"MacKenzie Gore","22201",669022
"Tanner Bibee","CLE",6.06719,7.12909,8.11849,4.34967,19,19,0,0,,108.091,457.118,102.545,56.23,52.24,16.5459,34.0371,0.301714,3.46697,98.159,8.17303,2.83403,2.88388,1.37766,0.214734,0.0744602,0.140274316072464,0.244379,1.26358,0.282047,0.70846,,,4.31334,1.55003,1.0846,188.6300048828125,,,,,,,407.3,3.7712962962962964,404,3.740740740740741,,,,,,,,,,,,,,,,,,,"Tanner Bibee","30134",676440
"Cam Schlittler","NYY",5.98176,4.3465,6.12155,3.98045,15,15,0,0,,84.405,353.922,75.0135,39.88,37.33,11.1892,28.7742,0.208829,2.49393,90.4608,9.64572,3.06815,3.14382,1.19309,0.255595,0.0813009,0.17429446429014206,0.232489,1.22964,0.288793,0.725211,,,3.78993,1.53403,1.20928,116.62999725341797,,,,,,,378.29999999999995,4.503571428571428,364,4.333333333333333,,,,,,,,,,,,,,,,,,,"Cam Schlittler","32095",693645
"Kyle Bradish","BAL",6.91817,5.53182,7.64427,4.25958,18,18,0,0,,102.348,439.398,95.6745,51.66,48.44,12.5543,41.4155,0.367598,4.15942,100.771,8.86128,3.64188,2.43316,1.10396,0.229338,0.0942552,0.13508258759975433,0.242938,1.33945,0.296331,0.714812,,,4.06003,1.51415,1.11443,72.95999908447266,,,,,,,412.30000000000007,4.042156862745099,408,4,,,,,,,,,,,,,,,,,,,"Kyle Bradish","24586",680694
"Cole Ragans","KCR",5.57621,4.92529,6.54774,4.07959,15,15,0,0,,86.7,366.898,73.1429,41.99,39.3,11.9854,35.4146,0.264677,3.40132,97.6515,10.1368,3.67625,2.75738,1.24416,0.266155,0.0965244,0.16963033378124237,0.222941,1.2521,0.279967,0.725311,,,3.98631,1.50252,1.19281,48.15999984741211,,,,,,,388.40000000000003,4.464367816091954,361,4.149425287356322,,,,,,,,,,,,,,,,,,,"Cole Ragans","21846",666142
"Nolan McLean","NYM",6.869,5.65931,7.76725,4.17988,18,18,0,0,,103.266,443.117,96.2478,51.37,47.96,12.5829,38.6377,0.30224,8.32214,102.283,8.91432,3.36741,2.64723,1.09664,0.230826,0.0871953,0.1436307206749916,0.242954,1.30619,0.297432,0.712168,,,4.06603,1.49873,1.27996,87.29000091552734,,,,,,,415.70000000000005,4.035922330097088,409,3.970873786407767,,,,,,,,,,,,,,,,,,,"Nolan McLean","33703",690997
"Shota Imanaga","CHC",7.20951,5.49011,8.03183,3.9404,18,18,0,0,,105.408,430.281,90.3314,49.5,46.15,18.309,25.5974,0.264815,3.36054,99.9007,8.52978,2.18557,3.90278,1.56327,0.232176,0.0594898,0.17268569394946098,0.225084,1.09981,0.254394,0.735676,,,4.28542,1.49157,1.5117,157.92999267578125,,,,,,,434.6,4.139047619047619,404,3.8476190476190477,,,,,,,,,,,,,,,,,,,"Shota Imanaga","33829",684007
"Reid Detmers","LAA",5.3336,7.0438,4.35798,4.21775,24,17,0,0.4034,,86.4632,364.886,78.7789,43.38,40.52,12.7242,27.3186,0.458005,3.89901,97.0596,10.103,2.8436,3.55288,1.32446,0.266,0.0748687,0.19113105535507202,0.236099,1.22708,0.295039,0.710409,,,3.84987,1.46965,0.960334,350.4599914550781,,,,,,,372.1,4.326744186046512,362,4.209302325581396,,,,,,,,,,,,,,,,,,,"Reid Detmers","27468",672282
"Tyler Glasnow","LAD",6.08201,3.18241,6.06131,4.00944,13,13,0,0,,77.532,324.506,65.2434,36.89,34.54,10.4396,30.2949,0.230235,1.34458,90.8467,10.5456,3.51666,2.99875,1.21184,0.279954,0.0933568,0.1865968480706215,0.222775,1.23224,0.286061,0.724743,,,3.72992,1.41915,1.13803,113.73999786376953,,,,,,,374.20000000000005,4.797435897435898,349,4.4743589743589745,,,,,,,,,,,,,,,,,,,"Tyler Glasnow","14374",607192
"Cade Cavalli","WSN",4.61128,7.05508,6.67664,4.3598,17,17,0,0,,93.245,404.189,91.5742,48.48,45.17,9.85901,34.0319,0.295705,8.01072,84.8998,8.19452,3.28476,2.49471,0.951591,0.21005,0.0841981,0.1258515864610672,0.252865,1.34705,0.305606,0.689836,,,4.00488,1.41635,0.956373,305.2200012207031,,,,,,,370.00000000000006,3.9784946236559144,379,4.075268817204301,,,,,,,,,,,,,,,,,,,"Cade Cavalli","27473",676917
"Max Fried","NYY",5.61174,3.59026,5.75914,3.69978,13,13,0,0,,76.31,320.725,67.8865,33.84,31.37,7.32463,24.6509,0.196034,5.94022,68.2349,8.04763,2.90733,2.76805,0.863866,0.212752,0.07686,0.13589198142290115,0.233983,1.21265,0.282242,0.713361,,,3.76079,1.40728,1.32691,50.04999923706055,,,,,,,342.49999999999994,4.50657894736842,332,4.368421052631579,,,,,,,,,,,,,,,,,,,"Max Fried","13743",608331
"Sonny Gray","BOS",6.02003,6.55071,6.45615,4.29002,19,19,0,0,,98.496,414.65,94.0575,50.51,46.95,14.0824,28.5561,0.258256,3.74998,89.7912,8.20461,2.60929,3.14438,1.28677,0.216547,0.0688681,0.14767911285161972,0.246003,1.24486,0.287195,0.700727,,,4.11811,1.40413,0.965303,138.08999633789062,,,,,,,389.6,3.975510204081633,389,3.9693877551020407,,,,,,,,,,,,,,,,,,,"Sonny Gray","12768",543243
"Michael Wacha","KCR",6.10014,6.3983,7.94164,4.63968,18,18,0,0,,103.158,442.161,103.024,56.9,53.18,14.8692,33.212,0.345156,3.40148,80.772,7.04694,2.89757,2.43201,1.29726,0.182676,0.075113,0.10756268352270126,0.254036,1.32065,0.284456,0.687372,,,4.47132,1.3521,0.677129,609.2899780273438,,,,,,,363.90000000000003,3.5330097087378642,374,3.6310679611650487,,,,,,,,,,,,,,,,,,,"Michael Wacha","14078",608379
"Kris Bubic","KCR",5.24229,4.70248,4.89333,3.98316,18,13,0,0.4109,,75.9197,321.573,70.2278,36.05,33.6,8.06911,25.8346,0.417423,3.53451,70.0218,8.30083,3.0626,2.71039,0.956564,0.217748,0.0803382,0.13740956038236618,0.240338,1.26532,0.290308,0.70798,,,3.79632,1.32595,1.05926,190.69000244140625,,,,,,,332,4.368421052631579,326,4.2894736842105265,,,,,,,,,,,,,,,,,,,"Kris Bubic","21455",663460
"Michael King","SDP",6.5201,6.7626,8.47899,4.43977,19,19,0,0,,109.972,473.169,102.384,58.08,54.25,14.9693,45.5957,0.430827,4.26357,100.005,8.18435,3.7315,2.19331,1.22507,0.211353,0.0963623,0.11499032378196716,0.241867,1.34562,0.283507,0.707746,,,4.40966,1.32576,1.00789,129.55999755859375,,,,,,,414.3,3.7663636363636366,405,3.6818181818181817,,,,,,,,,,,,,,,,,,,"Michael King","19853",650633
"Jack Leiter","TEX",6.2019,5.73569,7.61347,4.23002,17,17,0,0,,99.042,418.673,86.0519,49.76,46.55,14.2364,38.2497,0.259836,3.85833,94.568,8.59344,3.47577,2.47238,1.29367,0.225876,0.0913594,0.13451619446277618,0.228518,1.25504,0.268208,0.714201,,,4.33315,1.30781,1.12964,230.7100067138672,,,,,,,400.80000000000007,4.048484848484849,377,3.808080808080808,,,,,,,,,,,,,,,,,,,"Jack Leiter","30146",683004
"Spencer Strider","ATL",5.59384,5.78667,6.31104,4.52039,17,17,0,0,,90.729,388.993,81.1337,48.57,45.57,13.7828,37.2603,0.304638,3.33483,101.278,10.0465,3.69609,2.71814,1.3672,0.26036,0.0957864,0.1645740419626236,0.232876,1.30492,0.288643,0.704594,,,4.18331,1.30278,0.73184,124.86000061035156,,,,,,,372.6,4.094505494505495,355,3.901098901098901,,,,,,,,,,,,,,,,,,,"Spencer Strider","27498",675911
"Will Warren","NYY",6.1915,5.22488,4.00476,3.99428,23,16,0,0.437,,82.6933,347.669,74.0716,39.35,36.7,11.0914,28.2525,0.360597,2.42986,84.7946,9.2287,3.07488,3.00132,1.20714,0.243895,0.0812625,0.16263210773468018,0.233674,1.23739,0.284849,0.72554,,,3.90464,1.29957,1.18199,285.04998779296875,,,,,,,366.5000000000001,4.415662650602411,352,4.240963855421687,,,,,,,,,,,,,,,,,,,"Will Warren","30182",701542
"Shane McClanahan","TBR",4.787,6.80659,4.82518,4.16022,18,18,0,0,,86.058,362.476,81.7537,42.68,39.78,11.0422,26.9394,0.292145,2.47707,76.7518,8.02676,2.81734,2.84906,1.1548,0.211743,0.0743205,0.13742294907569885,0.245463,1.26302,0.288306,0.708036,,,4.00849,1.26838,1.02577,182.99000549316406,,,,,,,354.8999999999999,4.126744186046511,354,4.116279069767442,,,,,,,,,,,,,,,,,,,"Shane McClanahan","21483",663556
"Matthew Liberatore","STL",4.70091,7.58404,7.097,4.77014,18,18,0,0,,97.884,423.03,100.623,55.32,51.88,12.9073,31.2578,0.272836,4.9798,79.6504,7.3235,2.87401,2.54818,1.18677,0.188286,0.0738902,0.11439534276723862,0.260146,1.34731,0.298113,0.672702,,,4.29611,1.26387,0.568592,410.2300109863281,,,,,,,354.70000000000005,3.6193877551020415,373,3.806122448979592,,,,,,,,,,,,,,,,,,,"Matthew Liberatore","22294",669461
"Sandy Alcantara","MIA",5.70853,7.81018,9.43867,4.83031,19,19,0,0,,114.589,492.241,117.097,65.65,61.5,15.7011,35.3484,0.331377,5.38276,85.0492,6.6799,2.77632,2.40603,1.23319,0.17278,0.0718111,0.10096856951713562,0.259346,1.33037,0.289076,0.665283,,,4.46192,1.2502,0.528527,144.57000732421875,,,,,,,400.00000000000006,3.4782608695652177,417,3.626086956521739,,,,,,,,,,,,,,,,,,,"Sandy Alcantara","18684",645261
"Gerrit Cole","NYY",7.02224,6.0194,8.02677,4.56022,19,19,0,0,,107.008,454.219,102.438,57.88,54.22,17.924,33.1629,0.332677,3.91296,99.3104,8.35259,2.7892,2.99462,1.50751,0.21864,0.0730109,0.14562904089689255,0.245571,1.26721,0.2818,0.70331,,,4.45953,1.22851,0.822745,232.89999389648438,,,,,,,392.2000000000001,3.6654205607476644,388,3.6261682242990654,,,,,,,,,,,,,,,,,,,"Gerrit Cole","13125",543037
"Michael Soroka","ARI",5.35082,5.41923,3.8348,4.18707,22,15,0,0.4215,,78.0904,329.511,71.0195,38.81,36.33,9.92715,25.8775,0.405641,3.91754,72.6794,8.37638,2.9824,2.8086,1.14411,0.220567,0.0785328,0.14203444868326187,0.236956,1.24083,0.281389,0.699852,,,4.03454,1.22447,0.863763,710.3599853515625,,,,,,,325.6,4.174358974358975,316,4.051282051282051,,,,,,,,,,,,,,,,,,,"Michael Soroka","18383",647336
"Shane Baz","BAL",7.01352,5.7198,8.5006,4.4802,18,18,0,0,,106.83,459.142,98.5223,56.75,53.18,15.3431,43.8612,0.330389,4.5115,99.446,8.37793,3.69513,2.26729,1.29259,0.216591,0.0955285,0.12106236070394516,0.239848,1.3328,0.281029,0.708282,,,4.46243,1.21863,0.922406,186.92999267578125,,,,,,,400.9000000000001,3.7467289719626176,391,3.6542056074766354,,,,,,,,,,,,,,,,,,,"Shane Baz","22264",669358
"Payton Tolle","BOS",4.86808,5.27281,3.57263,4.14216,20,14,0,0.4332,,72.1798,302.511,65.454,35.69,33.22,11.0923,21.0491,0.435041,3.01967,75.9351,9.46825,2.62458,3.60753,1.38309,0.251016,0.0695811,0.18143470585346222,0.235072,1.19844,0.283999,0.715941,,,3.99281,1.21838,0.801941,673,,,,,,,308.50000000000006,4.284722222222223,297,4.125,,,,,,,,,,,,,,,,,,,"Payton Tolle","35466",801139
"Zac Gallen","ARI",6.57432,6.29805,7.38881,4.36993,19,19,0,0,,103.759,442.669,100.561,53.82,50.38,12.7821,35.8485,0.344728,3.35124,80.6835,6.99844,3.10948,2.25068,1.10871,0.182266,0.0809826,0.10128339380025864,0.249241,1.31468,0.283155,0.696872,,,4.27836,1.19179,1.03688,222.69000244140625,,,,,,,392.1,3.770192307692308,396,3.8076923076923075,,,,,,,,,,,,,,,,,,,"Zac Gallen","19291",668678
"Eduardo Rodriguez","ARI",6.55525,6.51283,7.31397,4.7167,22,17,0,0,,101.683,439.852,104.079,57.03,53.29,13.5963,36.2523,0.589883,2.454,77.92,6.8967,3.20869,2.14938,1.20341,0.177151,0.0824194,0.09473135322332382,0.259455,1.38008,0.29223,0.686758,,,4.44633,1.18129,0.556818,738.219970703125,,,,,,,354.20000000000016,3.4725490196078446,370,3.627450980392157,,,,,,,,,,,,,,,,,,,"Eduardo Rodriguez","13164",593958
"Bryce Miller","SEA",5.62476,5.57766,3.84528,4.17883,26,15,0,0.4188,,82.4225,344.792,73.0974,40.91,38.27,12.3742,26.2814,0.572498,2.79549,80.1481,8.75165,2.86976,3.04961,1.35119,0.232454,0.0762241,0.15622980147600174,0.23153,1.20572,0.272067,0.712557,,,4.16395,1.17901,0.873175,341.6000061035156,,,,,,,342.40000000000003,4.175609756097561,327,3.9878048780487805,,,,,,,,,,,,,,,,,,,"Bryce Miller","29837",682243
"Ryne Nelson","ARI",5.55791,5.38081,6.53591,4.47997,16,16,0,0,,88.976,376.901,86.6869,47.17,44.29,13.2085,25.2151,0.353281,2.40181,71.3906,7.22122,2.55053,2.83126,1.33605,0.189415,0.0669011,0.12251345813274384,0.248184,1.25766,0.277607,0.692987,,,4.355,1.16779,0.808059,251.42999267578125,,,,,,,333.50000000000006,3.7471910112359557,337,3.7865168539325844,,,,,,,,,,,,,,,,,,,"Ryne Nelson","26253",669194
"Blake Snell","LAD",4.36407,2.009,3.94129,3.53975,9,9,0,0,,52.758,218.771,41.6102,22.29,20.75,5.68811,21.5754,0.180316,1.25233,61.3703,10.4692,3.68055,2.84446,0.970335,0.280523,0.098621,0.18190237879753113,0.212359,1.19765,0.278715,0.740564,,,3.47188,1.16753,1.1124,178.41000366210938,,,,,,,262.20000000000005,4.947169811320755,240,4.528301886792453,,,,,,,,,,,,,,,,,,,"Blake Snell","13543",605483
"Casey Mize","DET",4.87667,5.17277,5.39822,4.23051,15,15,0,0,,79.65,336.014,73.9158,40.25,37.44,10.8565,25.2301,0.276552,2.93494,69.6262,7.86737,2.85086,2.75965,1.22672,0.207212,0.0750864,0.13212595134973526,0.240104,1.24477,0.277347,0.701586,,,4.18317,1.15704,0.954205,289.6499938964844,,,,,,,320.30000000000007,4.003750000000001,313,3.9125,,,,,,,,,,,,,,,,,,,"Casey Mize","20492",663554
"Jack Flaherty","DET",5.61821,6.12649,7.28357,4.59017,17,17,0,0,,96.271,414.366,89.364,52.55,49.1,15.5314,37.8065,0.374374,4.34248,100.647,9.40913,3.53438,2.66217,1.45197,0.242895,0.0912393,0.151655375957489,0.240086,1.32096,0.288365,0.707796,,,4.41852,1.15568,0.643326,209,,,,,,,358.20000000000016,3.7312500000000015,348,3.625,,,,,,,,,,,,,,,,,,,"Jack Flaherty","17479",656427
"Aaron Nola","PHI",6.66944,6.20716,7.64992,4.66022,19,19,0,0,,104.538,445.439,102.14,58.04,54.13,17.8359,34.5564,0.275458,2.747,99.5133,8.56741,2.97507,2.87974,1.53555,0.223405,0.0775782,0.14582660794258118,0.250261,1.30763,0.289919,0.704012,,,4.48338,1.13784,0.700299,205.52999877929688,,,,,,,376.40000000000003,3.5847619047619053,377,3.5904761904761906,,,,,,,,,,,,,,,,,,,"Aaron Nola","16149",605400
"Connor Prielipp","MIN",4.58388,5.74875,3.65413,4.37336,24,14,0,0.4193,,74.9904,322.582,71.8899,39.16,36.44,9.191,27.5671,0.50789,3.72604,73.1289,8.77659,3.30848,2.65276,1.10306,0.226698,0.0854576,0.1412407085299492,0.246799,1.32626,0.300039,0.696354,,,3.99355,1.13046,0.64757,999,,,,,,,307.1,4.094666666666667,308,4.1066666666666665,,,,,,,,,,,,,,,,,,,"Connor Prielipp","31857",687570
"Trey Yesavage","TOR",6.83225,5.89689,6.53017,4.36979,21,17,0,0,,96.348,410.986,82.5883,49.85,46.78,15.1124,41.9683,0.391314,4.05094,102.015,9.52937,3.92032,2.43076,1.41167,0.24822,0.102116,0.14610420167446136,0.22629,1.29278,0.272257,0.722506,,,4.45306,1.13019,0.898127,194.2899932861328,,,,,,,376.1000000000001,3.917708333333334,351,3.65625,,,,,,,,,,,,,,,,,,,"Trey Yesavage","35456",702056
"Dustin May","STL",4.56075,7.48349,4.22458,4.56387,27,16,0,0.4508,,87.1432,376.268,84.6109,47.16,44.19,10.2451,32.8834,0.655783,4.69489,75.7727,7.82568,3.39614,2.30428,1.05809,0.201379,0.0873935,0.11398593336343765,0.249818,1.34829,0.294317,0.681856,,,4.1817,1.11879,0.576794,414.6700134277344,,,,,,,337.80000000000007,3.882758620689656,343,3.942528735632184,,,,,,,,,,,,,,,,,,,"Dustin May","19716",669160
"Emmet Sheehan","LAD",6.09153,3.77507,3.4846,3.90294,21,14,0,0.4335,,72.5452,299.471,58.488,33.67,31.46,11.5923,23.7659,0.301498,3.50608,78.3583,9.72117,2.94841,3.29709,1.43814,0.261656,0.0793597,0.18229596316814423,0.214872,1.13383,0.257318,0.735844,,,4.14356,1.11791,1.06335,111.20999908447266,,,,,,,313.8,4.298630136986302,281,3.8493150684931505,,,,,,,,,,,,,,,,,,,"Emmet Sheehan","29839",686218
"Freddy Peralta","NYM",6.99283,6.34896,8.7883,4.5898,19,19,0,0,,111.397,477.578,100.447,60.65,56.81,18.5495,46.3772,0.306002,4.74436,109.291,8.82984,3.74692,2.35656,1.49865,0.228844,0.0971092,0.1317347139120102,0.235538,1.31803,0.274256,0.713038,,,4.67798,1.11497,0.771891,56.36000061035156,,,,,,,392.70000000000005,3.5378378378378383,373,3.3603603603603602,,,,,,,,,,,,,,,,,,,"Freddy Peralta","18679",642547
"Christian Scott","NYM",4.62215,4.54661,4.66565,4.39052,14,14,0,0,,71.848,303.098,66.4262,37.54,35.05,12.1174,21.2472,0.221451,3.68898,73.0634,9.15225,2.66151,3.43874,1.51788,0.241056,0.0700999,0.1709555685520172,0.238804,1.22026,0.28142,0.709009,,,4.29857,1.11443,0.655769,748.5700073242188,,,,,,,284.6,3.952777777777778,275,3.8194444444444446,,,,,,,,,,,,,,,,,,,"Christian Scott","30107",681035
"Noah Cameron","KCR",5.23142,5.66677,6.44969,4.59958,16,16,0,0,,88.208,376.919,88.3622,48.42,45.08,13.3685,26.8936,0.273242,2.45916,72.105,7.35698,2.744,2.68112,1.364,0.191301,0.0713511,0.11994969099760056,0.254231,1.30664,0.286134,0.692312,,,4.43235,1.11081,0.646903,298,,,,,,,319.50000000000006,3.630681818181819,328,3.727272727272727,,,,,,,,,,,,,,,,,,,"Noah Cameron","30184",702070
"Davis Martin","CHW",5.15113,6.61635,7.20447,4.50019,17,17,0,0,,96.016,410.013,93.7359,51.54,48.01,13.6103,31.4999,0.312349,4.07871,80.7153,7.5658,2.95262,2.5624,1.27575,0.19686,0.0768266,0.12003369629383087,0.25034,1.30432,0.286052,0.694056,,,4.37182,1.0938,0.741885,999,,,,,,,350.80000000000007,3.6541666666666672,355,3.6979166666666665,,,,,,,,,,,,,,,,,,,"Davis Martin","21448",663436
"Andre Pallante","STL",5.03912,7.42335,7.5859,4.56008,18,18,0,0,,101.268,437.845,104.112,54.61,51.31,10.7555,37.9775,0.266447,3.08571,69.3581,6.16407,3.37517,1.8263,0.955874,0.158408,0.0867373,0.07167071104049683,0.26239,1.4031,0.294808,0.688641,,,4.32609,1.08631,0.751629,999,,,,,,,356.70000000000016,3.531683168316833,377,3.732673267326733,,,,,,,,,,,,,,,,,,,"Andre Pallante","26108",669467
"Griffin Jax","TBR",4.04224,4.97488,2.9868,3.8712,21,12,0,0.4468,,65.8401,274.089,56.9571,30.27,28.32,8.21467,22.0798,0.399584,2.52453,67.6255,9.24405,3.01819,3.06278,1.1229,0.246728,0.0805569,0.16617119312286377,0.228299,1.20044,0.280702,0.722083,,,3.78754,1.07882,1.01252,149.2100067138672,,,,,,,302.8000000000001,4.58787878787879,287,4.348484848484849,,,,,,,,,,,,,,,,,,,"Griffin Jax","20253",643377
"Trevor Rogers","BAL",6.13728,5.52398,7.19217,4.62977,17,17,0,0,,95.642,409.546,93.1646,52.79,49.2,15.057,32.6561,0.367164,3.68642,81.226,7.64344,3.07297,2.48731,1.41687,0.198332,0.0797374,0.11859436333179474,0.249635,1.31554,0.282058,0.697251,,,4.58672,1.06891,0.643326,146.07000732421875,,,,,,,335.1000000000001,3.490625000000001,336,3.5,,,,,,,,,,,,,,,,,,,"Trevor Rogers","22286",669432
"Janson Junk","MIA",4.2302,5.68091,4.78376,4.48596,18,13,0,0.3959,,74.5526,314.79,76.0884,39.74,37.16,10.099,18.0961,0.364468,1.70678,51.9954,6.27689,2.18457,2.87329,1.21915,0.165174,0.0574862,0.10768827050924301,0.257938,1.26333,0.283346,0.680166,,,4.26171,1.05212,0.587112,999,,,,,,,278.4,3.7119999999999997,289,3.8533333333333335,,,,,,,,,,,,,,,,,,,"Janson Junk","23301",676083
"Grant Taylor","CHW",2.06644,1.69713,0.243079,3.16601,50,1,4.923,7.2863,,57.1951,235.353,44.7987,21.72,20.12,5.08039,20.5103,1.02161,1.28993,69.8481,10.991,3.22742,3.40552,0.79943,0.29678,0.0871468,0.20963309705257416,0.209778,1.14186,0.286518,0.748998,,,2.95446,1.04755,0.83686,506.67999267578125,,,,,,,370.29999999999995,6.496491228070175,347,6.087719298245614,,,,,,,,,,,,,,,,,,,"Grant Taylor","33927",691799
"Jared Jones","PIT",4.71321,6.1243,3.94308,4.51092,21,15,0,0.4072,,76.7937,330.433,75.3187,41.2,38.49,10.5376,26.3671,0.47083,3.80447,72.27,8.46984,3.09015,2.74092,1.23498,0.218713,0.0797955,0.1389172524213791,0.250843,1.32414,0.297906,0.695774,,,4.17906,1.02175,0.607097,714.77001953125,,,,,,,293.50000000000006,3.8116883116883122,296,3.844155844155844,,,,,,,,,,,,,,,,,,,"Jared Jones","27863",683003
"Seth Lugo","KCR",5.93201,6.57943,8.1209,4.86975,18,18,0,0,,103.644,447.374,106.051,59.97,56.08,16.2021,33.7665,0.356484,3.38317,86.3491,7.49818,2.93214,2.55724,1.40692,0.193013,0.0754771,0.11753595620393753,0.258519,1.34902,0.292027,0.681673,,,4.53997,1.01244,0.446715,493.1000061035156,,,,,,,358.19999999999993,3.4442307692307685,373,3.5865384615384617,,,,,,,,,,,,,,,,,,,"Seth Lugo","12447",607625
"Ben Brown","CHC",4.21854,3.68016,2.26316,3.90832,36,9,0,0.4185,,69.1295,291.221,61.4804,32.29,30.02,8.11349,24.5287,0.76768,2.52827,70.1747,9.13607,3.1934,2.86092,1.0563,0.240967,0.0842269,0.15673967450857162,0.232735,1.24417,0.28711,0.719611,,,3.76842,1.00625,0.822316,733.6500244140625,,,,,,,309.6,4.486956521739131,297,4.304347826086956,,,,,,,,,,,,,,,,,,,"Ben Brown","23590",676962
"Foster Griffin","WSN",4.42905,7.36596,7.34641,4.7999,17,17,0,0,,96.152,417.258,96.5548,55.04,51.28,14.4726,31.2799,0.289848,8.66378,84.6306,7.92158,2.92786,2.70559,1.35466,0.202826,0.0749656,0.12786023318767548,0.255901,1.32951,0.295036,0.6767,,,4.54136,0.993457,0.448806,999,,,,,,,336.00000000000006,3.5000000000000004,348,3.625,,,,,,,,,,,,,,,,,,,"Foster Griffin","16432",656492
"Nick Martinez","TBR",5.36403,7.95082,5.54618,4.76474,23,18,0,0.4468,,94.4438,401.885,97.6645,53.42,50,14.1834,24.5407,0.380027,3.19847,64.1951,6.11746,2.3386,2.61586,1.3516,0.159735,0.061064,0.09867097809910774,0.261033,1.29395,0.282252,0.672069,,,4.57272,0.98738,0.468,738.3400268554688,,,,,,,312.6000000000001,3.325531914893618,332,3.5319148936170213,,,,,,,,,,,,,,,,,,,"Nick Martinez","12730",607259
"Andrew Painter","PHI",6.06409,5.79005,5.21555,4.64404,21,16,0,0.4029,,87.286,376.068,89.0288,48.22,45.04,12.7785,29.0505,0.397017,2.48963,68.7773,7.09158,2.99537,2.36751,1.31758,0.182885,0.0772478,0.10563736408948898,0.258408,1.35279,0.289956,0.697272,,,4.51,0.969348,0.532139,999,,,,,,,297.5000000000001,3.4195402298850586,311,3.574712643678161,,,,,,,,,,,,,,,,,,,"Andrew Painter","30091",691725
"Luis Castillo","SEA",5.15608,5.64375,3.72585,4.62638,29,14,0,0.4188,,81.9194,350.267,78.908,45.17,42.11,13.0762,27.4394,0.613517,3.21165,77.6812,8.53437,3.0146,2.83101,1.4366,0.221777,0.0783384,0.1434386596083641,0.246884,1.2982,0.287653,0.694876,,,4.39975,0.957402,0.427028,171.0500030517578,,,,,,,307.5000000000001,3.7500000000000013,307,3.7439024390243905,,,,,,,,,,,,,,,,,,,"Luis Castillo","15689",622491
"Michael McGreevy","STL",5.2669,8.22657,6.26366,4.66681,23,18,0,0.4508,,98.7785,423.864,105.687,54.63,51.22,13.1873,27.9413,0.397297,2.50069,64.5661,5.88281,2.54581,2.31078,1.20153,0.152328,0.0659205,0.08640702813863754,0.268636,1.35281,0.293029,0.685951,,,4.45152,0.953419,0.574425,715.3800048828125,,,,,,,334.1,3.374747474747475,363,3.6666666666666665,,,,,,,,,,,,,,,,,,,"Michael McGreevy","29869",700241
"Edward Cabrera","CHC",6.25537,5.64084,7.68345,4.48034,17,17,0,0,,98.872,422.339,89.307,52.54,49.22,13.3375,41.3615,0.252748,4.06978,85.1093,7.74723,3.765,2.0577,1.21407,0.201519,0.0979343,0.1035846397280693,0.236946,1.32159,0.272819,0.697601,,,4.50925,0.952931,0.827286,174.72000122070312,,,,,,,376.30000000000007,3.801010101010102,361,3.6464646464646466,,,,,,,,,,,,,,,,,,,"Edward Cabrera","21690",665795
"Jameson Taillon","CHC",6.44304,6.01501,7.81074,4.53964,18,18,0,0,,102.636,431.532,98.0947,55.35,51.77,17.9152,29.5442,0.2861,2.03369,81.6086,7.15614,2.59068,2.76226,1.57096,0.189114,0.0684635,0.12065039575099945,0.245265,1.24361,0.266882,0.704861,,,4.70062,0.942126,0.874684,504.4700012207031,,,,,,,354.00000000000006,3.436893203883496,349,3.3883495145631066,,,,,,,,,,,,,,,,,,,"Jameson Taillon","11674",592791
"Bubba Chandler","PIT",4.77206,6.20913,3.95705,4.53869,23,15,0,0.4072,,78.4257,339.313,73.3286,42.33,39.55,10.9342,32.6483,0.478873,3.3762,73.3583,8.41848,3.74667,2.24692,1.25479,0.216196,0.0962188,0.11997760832309723,0.241778,1.3513,0.284911,0.701969,,,4.41844,0.913237,0.550276,150.00999450683594,,,,,,,290.1,3.7192307692307693,285,3.6538461538461537,,,,,,,,,,,,,,,,,,,"Bubba Chandler","29868",696149
"Merrill Kelly","ARI",6.32319,6.36839,8.61968,4.83041,18,18,0,0,,106.668,458.768,107.174,61.09,57.25,16.2421,36.6727,0.421575,2.68067,77.3717,6.52816,3.09422,2.10979,1.37041,0.168651,0.0799373,0.08871372789144516,0.255533,1.34855,0.279103,0.683332,,,4.73429,0.91069,0.530584,284.17999267578125,,,,,,,350.8,3.2785046728971965,361,3.3738317757009346,,,,,,,,,,,,,,,,,,,"Merrill Kelly","11156",518876
"Nick Lodolo","CIN",5.18382,6.43876,6.95247,4.71981,17,17,0,0,,94.027,405.004,93.5846,52.97,49.31,14.7145,29.9554,0.32259,7.93322,86.7266,8.30122,2.86725,2.89519,1.40843,0.214137,0.0739632,0.1401742771267891,0.254919,1.31388,0.296867,0.685547,,,4.49725,0.900537,0.521771,127.94999694824219,,,,,,,326.70000000000005,3.4755319148936175,335,3.5638297872340425,,,,,,,,,,,,,,,,,,,"Nick Lodolo","26378",666157
"Mitch Keller","PIT",5.30324,7.60935,7.8235,5.24989,19,19,0,0,,104.025,454.286,110.992,64.86,60.68,16.8884,33.9011,0.282802,5.08753,82.0375,7.0977,2.93304,2.41991,1.46114,0.180586,0.074625,0.10596058517694473,0.267258,1.39286,0.297445,0.660069,,,4.75638,0.89925,-0.0268175,518.6300048828125,,,,,,,318.9,3.066346153846154,346,3.326923076923077,,,,,,,,,,,,,,,,,,,"Mitch Keller","17594",656605
"Bryce Elder","ATL",5.40821,6.055,6.70859,4.88035,17,17,0,0,,92.225,398.845,96.269,53.4,50.01,13.4618,30.3923,0.316226,3.1908,73.0119,7.12504,2.9659,2.40232,1.3137,0.183058,0.0762007,0.10685766488313675,0.263562,1.37339,0.297025,0.679511,,,4.50537,0.891837,0.401071,740.5499877929688,,,,,,,318.30000000000007,3.459782608695653,338,3.6739130434782608,,,,,,,,,,,,,,,,,,,"Bryce Elder","27779",693821
"Andrew Abbott","CIN",5.26981,7.01991,7.46039,5,18,18,0,0,,99.45,431.609,103.458,59.06,55.25,15.9754,35.1048,0.313339,2.1654,75.1062,6.79694,3.17691,2.13948,1.44573,0.174014,0.0813346,0.09267958253622055,0.262357,1.39329,0.288475,0.684204,,,4.80085,0.874884,0.244021,221.92999267578125,,,,,,,306.99999999999994,3.1010101010101003,326,3.292929292929293,,,,,,,,,,,,,,,,,,,"Andrew Abbott","29911",671096
"Shane Bieber","TOR",5.27196,4.85596,3.55959,4.13314,23,14,0,0,,74.4277,310.517,67.9866,36.68,34.18,11.1724,22.1272,0.409301,2.73837,67.659,8.18151,2.67568,3.05773,1.35099,0.217892,0.0712593,0.14663224667310715,0.238005,1.21076,0.274704,0.717497,,,4.2343,0.869955,0.798334,474.0400085449219,,,,,,,296.5,4.006756756756757,288,3.891891891891892,,,,,,,,,,,,,,,,,,,"Shane Bieber","19427",669456
"Logan Henderson","MIL",4.7905,6.26212,3.91164,4.38994,23,15,0,0.3993,,77.2494,320.015,66.4286,40.27,37.68,16.0983,22.503,0.394756,1.87479,83.6537,9.74613,2.62173,3.71744,1.87554,0.261406,0.0703187,0.19108712673187256,0.224697,1.15123,0.256938,0.732921,,,4.58873,0.862518,0.690995,413.3999938964844,,,,,,,294.4000000000001,3.8233766233766247,270,3.5064935064935066,,,,,,,,,,,,,,,,,,,"Logan Henderson","31475",701656
"J.T. Ginn","ATH",5.30686,6.59566,5.56264,4.90214,21,16,0,0.422,,87.7393,383.922,91.6468,51.04,47.79,12.0501,32.9016,0.459048,4.72336,73.7676,7.56683,3.37494,2.24207,1.23606,0.192142,0.0856986,0.10644346475601196,0.264648,1.41953,0.305577,0.682667,,,4.4891,0.844912,0.297367,748.3499755859375,,,,,,,298.40000000000003,3.390909090909091,318,3.6136363636363638,,,,,,,,,,,,,,,,,,,"J.T. Ginn","27889",669372
"Roki Sasaki","LAD",5.45767,3.821,3.41734,4.41889,22,13,0,0.4335,,69.7776,299.958,64.6425,36.71,34.26,9.47353,27.6172,0.385862,3.80741,68.9547,8.89385,3.5621,2.4968,1.22191,0.229881,0.0920703,0.13781079649925232,0.240724,1.3222,0.290202,0.70319,,,4.23834,0.829216,0.545911,289.7200012207031,,,,,,,280.3,4.0042857142857144,275,3.9285714285714284,,,,,,,,,,,,,,,,,,,"Roki Sasaki","35323",808963
"Steven Matz","TBR",4.54991,7.16344,4.35126,4.87785,22,16,0,0.4468,,81.9582,352.366,86.1783,47.58,44.42,13.421,23.1242,0.439212,2.81404,65.5193,7.19481,2.53931,2.83337,1.47379,0.185941,0.0656254,0.12031552195549011,0.264004,1.33364,0.293984,0.681918,,,4.57812,0.828489,0.219511,712.989990234375,,,,,,,277.30000000000007,3.3817073170731717,295,3.597560975609756,,,,,,,,,,,,,,,,,,,"Steven Matz","13361",571927
"Ryan Weathers","NYY",4.4584,3.85553,2.81987,4.1669,23,11,0,0.437,,64.3644,271.349,59.4233,31.94,29.8,9.67335,20.6713,0.53799,2.15376,65.6037,9.17329,2.89044,3.17366,1.35261,0.241768,0.0761796,0.16558875143527985,0.239105,1.24439,0.287162,0.723565,,,4.07784,0.82661,0.648736,232.55999755859375,,,,,,,260.20000000000005,4.065625000000001,253,3.953125,,,,,,,,,,,,,,,,,,,"Ryan Weathers","23796",677960
"Sean Manaea","NYM",4.64468,4.84798,3.42642,4.53507,21,13,0,0.4202,,68.8634,293.738,65.6064,37.19,34.7,11.1526,20.9266,0.378928,5.15511,67.0766,8.76648,2.73497,3.20533,1.45758,0.228355,0.0712424,0.1571129485964775,0.245114,1.25659,0.287466,0.695762,,,4.39223,0.825258,0.493083,423.3599853515625,,,,,,,259.70000000000005,3.7637681159420295,258,3.739130434782609,,,,,,,,,,,,,,,,,,,"Sean Manaea","15873",640455
"Sean Burke","CHW",4.83511,6.81721,6.98385,4.76997,17,17,0,0,,94.095,403.386,86.9477,53.38,49.87,15.9524,36.1603,0.253596,3.89635,84.7517,8.10633,3.45866,2.34378,1.52582,0.210101,0.089642,0.12045876681804657,0.239308,1.30834,0.27033,0.69192,,,4.77837,0.815308,0.521771,748.5599975585938,,,,,,,322.59999999999997,3.4319148936170207,312,3.3191489361702127,,,,,,,,,,,,,,,,,,,"Sean Burke","29878",680732
"Connelly Early","BOS",4.82982,5.38876,3.63131,4.30346,21,14,0,0.4332,,73.1552,311.196,67.7016,37.5,34.98,10.6952,25.0602,0.452608,4.17439,69.2711,8.52216,3.08306,2.76419,1.31579,0.222596,0.0805285,0.14206776022911072,0.240109,1.26801,0.282216,0.71041,,,4.30435,0.81126,0.651214,266.4800109863281,,,,,,,279.1,3.823287671232877,273,3.73972602739726,,,,,,,,,,,,,,,,,,,"Connelly Early","33666",813349
"Adrian Houser","SFG",4.50127,6.39098,4.05486,4.82211,21,15,0,0.4229,,76.5972,336.381,81.7919,43.97,41.04,8.32933,29.1804,0.334459,3.23454,51.0852,6.00239,3.42863,1.75067,0.978677,0.151867,0.0867481,0.06511890143156052,0.269082,1.44878,0.300397,0.67467,,,4.44805,0.81046,0.307986,743.219970703125,,,,,,,264.2000000000001,3.4311688311688324,287,3.727272727272727,,,,,,,,,,,,,,,,,,,"Adrian Houser","12718",605288
"Chris Bassitt","BAL",5.90727,6.22116,7.31848,5.13001,18,18,0,0,,98.298,433.023,102.931,59.9,56.03,14.9402,37.1263,0.329222,7.0966,80.5396,7.37407,3.39922,2.16934,1.3679,0.185994,0.0857374,0.10025651752948761,0.264741,1.42483,0.299984,0.672794,,,4.78553,0.809842,0.090815,359.3599853515625,,,,,,,302.90000000000003,3.0908163265306126,325,3.316326530612245,,,,,,,,,,,,,,,,,,,"Chris Bassitt","12304",605135
"Kumar Rocker","TEX",5.39219,6.18259,4.20968,4.49309,24,16,0,0.4008,,81.1847,348.217,78.4652,43.29,40.53,9.74174,30.6666,0.357669,2.93053,62.0277,6.87629,3.39965,2.02264,1.07995,0.178129,0.0880675,0.09006160497665405,0.249396,1.34424,0.282986,0.689491,,,4.37209,0.807438,0.637908,720.72998046875,,,,,,,295.59999999999997,3.649382716049382,297,3.6666666666666665,,,,,,,,,,,,,,,,,,,"Kumar Rocker","31843",677958
"Gage Jump","ATH",3.89112,5.21396,4.43589,4.82046,14,14,0,0,,69.678,302.147,70.2054,40.01,37.32,10.8543,23.9153,0.248873,3.66641,65.0022,8.39604,3.08904,2.71801,1.40201,0.215134,0.0791513,0.13598287105560303,0.255697,1.3508,0.298684,0.6856,,,4.44558,0.805972,0.335531,999,,,,,,,246.7,3.524285714285714,253,3.6142857142857143,,,,,,,,,,,,,,,,,,,"Gage Jump","35418",695611
"Brandon Woodruff","MIL",4.07386,5.47314,5.62881,4.7596,14,14,0,0,,76.79,327.223,73.4318,43.51,40.61,14.6818,24.4434,0.280354,2.46727,71.5972,8.39139,2.86484,2.9291,1.72074,0.218803,0.0746996,0.14410300552845,0.244518,1.27458,0.27449,0.703113,,,4.77081,0.804302,0.370591,143.82000732421875,,,,,,,261.50000000000006,3.396103896103897,256,3.324675324675325,,,,,,,,,,,,,,,,,,,"Brandon Woodruff","16162",605540
"Eury Pérez","MIA",2.60984,3.51308,3.44544,4.40959,9,9,0,0,,48.78,205.965,41.1613,25.43,23.9,7.21655,18.9821,0.1509,2.24543,50.3893,9.29692,3.50223,2.65457,1.33147,0.24465,0.0921617,0.1524883210659027,0.22281,1.23295,0.267005,0.69371,,,4.26146,0.783396,0.533359,78.6500015258789,,,,,,,206.9,4.222448979591837,191,3.8979591836734695,,,,,,,,,,,,,,,,,,,"Eury Perez","27768",691587
"Luis Severino","ATH",3.63554,4.0456,5.00449,4.74004,11,11,0,0,,63.778,275.936,64.5231,35.98,33.59,9.38384,22.4824,0.200249,2.94355,57.5644,8.12317,3.1726,2.56042,1.3242,0.208615,0.0814771,0.12713804095983505,0.257567,1.36419,0.300386,0.690765,,,4.40228,0.779931,0.364089,642.52001953125,,,,,,,234.90000000000003,3.6703125000000005,244,3.8125,,,,,,,,,,,,,,,,,,,"Luis Severino","15890",622663
"Robbie Ray","SFG",5.80675,7.53172,9.04041,5.05032,19,19,0,0,,111.682,486.942,104.253,67.09,62.67,19.4295,51.027,0.313407,3.79339,106.04,8.54533,4.11206,2.07811,1.56575,0.217767,0.104791,0.1129763051867485,0.241258,1.39038,0.276611,0.688561,,,4.93397,0.769444,0.255318,166.44000244140625,,,,,,,371.70000000000016,3.3187500000000014,360,3.2142857142857144,,,,,,,,,,,,,,,,,,,"Robbie Ray","11486",592662
"Randy Vásquez","SDP",5.70043,7.13775,7.48962,4.9196,19,19,0,0,,102.923,446.528,103.036,60.07,56.26,15.9845,37.8042,0.473797,4.44614,72.0982,6.30455,3.30575,1.90715,1.39775,0.161464,0.0846625,0.07680145651102066,0.254865,1.36841,0.275311,0.681825,,,4.94818,0.769099,0.385316,721.1699829101562,,,,,,,315.6000000000001,3.0640776699029133,325,3.1553398058252426,,,,,,,,,,,,,,,,,,,"Randy Vasquez","24719",681190
"Andrew Alvarez","WSN",3.34147,5.24619,2.61941,4.23278,36,10,0,0.3932,,72.1654,311.746,70.6325,36.46,33.94,7.29624,28.2416,0.918983,3.04664,59.7857,7.45608,3.5221,2.11694,0.90994,0.191777,0.0905915,0.10118526965379715,0.251847,1.3701,0.296829,0.703976,,,4.05685,0.768459,0.612467,999,,,,,,,289.1,4.015277777777778,296,4.111111111111111,,,,,,,,,,,,,,,,,,,"Andrew Alvarez","29914",674841
"Carlos Rodón","NYY",7.1807,6.25647,9.20513,4.80039,19,19,0,0,,113.297,491.215,101.661,64.41,60.43,18.5175,52.9667,0.305456,5.30665,100.914,8.01632,4.20753,1.90524,1.47098,0.205438,0.107828,0.09760967642068863,0.234816,1.3648,0.265203,0.700975,,,4.98507,0.752654,0.600927,202.3000030517578,,,,,,,365.3,3.2327433628318585,346,3.061946902654867,,,,,,,,,,,,,,,,,,,"Carlos Rodon","16137",607074
"Brayan Bello","BOS",6.00777,6.59442,8.27786,4.71017,18,18,0,0,,104.958,456.546,109.088,59.41,54.93,13.9176,40.1907,0.277524,2.93945,73.1709,6.2743,3.44629,1.82059,1.19342,0.160271,0.0880321,0.07223863154649734,0.26387,1.42227,0.291642,0.692395,,,4.66103,0.748023,0.60345,421.4100036621094,,,,,,,338.4,3.2228571428571424,360,3.4285714285714284,,,,,,,,,,,,,,,,,,,"Brayan Bello","23920",678394
"Kyle Leahy","STL",4.12856,6.95935,3.78127,4.7859,32,14,0,0.4508,,85.1314,370.993,88.4777,48.22,45.27,11.0825,30.9743,0.564121,3.07194,66.8356,7.06579,3.27457,2.15778,1.17164,0.180153,0.0834901,0.09666286408901215,0.262586,1.40315,0.29879,0.685342,,,4.42067,0.740922,0.282708,733.6699829101562,,,,,,,296.90000000000003,3.4929411764705884,314,3.6941176470588237,,,,,,,,,,,,,,,,,,,"Kyle Leahy","24763",681517
"Tyler Mahle","SFG",3.45749,4.0342,4.3086,4.40939,11,11,0,0,,60.192,256.541,56.3732,31.55,29.49,8.48606,22.0395,0.177702,1.80508,51.9503,7.76769,3.29539,2.35714,1.26885,0.202503,0.0859103,0.11659245938062668,0.24226,1.30271,0.277993,0.704361,,,4.39376,0.734377,0.513249,322.7200012207031,,,,,,,232.00000000000003,3.866666666666667,228,3.8,,,,,,,,,,,,,,,,,,,"Tyler Mahle","16358",641816
"Mason Miller","SDP",1.48487,0.884705,0,2.38127,43,0,20.523,0.9739,,28.7619,114.142,16.6487,8.14,7.61,2.35609,11.757,0.679821,0.732039,45.2747,14.167,3.67892,3.85087,0.737253,0.396651,0.103003,0.2936479449272156,0.163779,0.987613,0.264567,0.807168,,,2.31806,0.729718,0.731271,27.860000610351562,,,,,,,305.8,10.544827586206896,279,9.620689655172415,,,,,,,,,,,,,,,,,,,"Mason Miller","31757",695243
"Grayson Rodriguez","LAA",4.40085,6.01914,6.68933,4.91052,15,15,0,0,,85.83,373.411,86.8017,50.05,46.83,13.7811,32.301,0.265815,3.11294,74.9982,7.86419,3.38703,2.32185,1.44507,0.200846,0.0865025,0.11434350162744522,0.256812,1.38766,0.292999,0.691848,,,4.67625,0.718708,0.33238,397.1099853515625,,,,,,,283,3.2906976744186047,293,3.4069767441860463,,,,,,,,,,,,,,,,,,,"Grayson Rodriguez","24492",680570
"Trevor McDonald","SFG",3.58592,4.59298,2.88135,4.42997,19,11,0,0.4229,,59.2623,258.038,61.2964,31.2,29.17,5.73619,22.0774,0.410379,3.73072,45.1203,6.85229,3.35283,2.04373,0.871139,0.174859,0.0855585,0.08930029720067978,0.263947,1.40686,0.30633,0.692482,,,4.14076,0.706582,0.475751,748.5800170898438,,,,,,,216.20000000000002,3.664406779661017,229,3.8813559322033897,,,,,,,,,,,,,,,,,,,"Trevor McDonald","26448",686790
"Yusei Kikuchi","LAA",3.17839,3.87707,4.6885,4.59,10,10,0,0,,59,254.613,57.0346,32.32,30.09,9.13687,23.2544,0.250718,1.74141,59.1395,9.02127,3.54728,2.54315,1.39376,0.232272,0.0913321,0.14093945920467377,0.248389,1.36083,0.296872,0.710679,,,4.37816,0.698535,0.45204,506.57000732421875,,,,,,,220.70000000000005,3.740677966101696,221,3.7457627118644066,,,,,,,,,,,,,,,,,,,"Yusei Kikuchi","20633",579328
"Jeffrey Springs","ATH",4.84101,6.5917,6.67693,5.2103,17,17,0,0,,91.273,397.432,95.001,56.7,52.84,17.03,30.9736,0.257067,2.81897,76.6867,7.56171,3.05416,2.47587,1.67925,0.192955,0.0779343,0.11502093821763992,0.26125,1.3802,0.288863,0.678281,,,4.95462,0.67359,-0.0363059,722.25,,,,,,,269.29999999999995,2.959340659340659,286,3.142857142857143,,,,,,,,,,,,,,,,,,,"Jeffrey Springs","17677",605488
"Hunter Dobbins","STL",3.17058,4.86983,2.38681,4.535,35,9,0,0.4508,,70.075,305.462,71.9204,37.81,35.31,7.50659,26.2804,1.07194,2.81466,50.5345,6.49033,3.37529,1.9229,0.964099,0.165436,0.0860349,0.07940128445625305,0.260235,1.40137,0.295035,0.688673,,,4.2946,0.672652,0.27259,999,,,,,,,247.40000000000003,3.5342857142857147,261,3.7285714285714286,,,,,,,,,,,,,,,,,,,"Hunter Dobbins","30240",690928
"Dean Kremer","BAL",5.46174,4.67243,5.84061,4.62446,17,13,0,0.4162,,79.2287,337.74,75.3538,43.66,40.71,14.0217,27.511,0.297143,1.91161,71.3569,8.1058,3.12511,2.59376,1.59279,0.211278,0.081456,0.12982156872749331,0.244403,1.29833,0.275107,0.711302,,,4.71221,0.671914,0.443862,999,,,,,,,269.40000000000003,3.4101265822784814,265,3.3544303797468356,,,,,,,,,,,,,,,,,,,"Dean Kremer","19350",665152
"Spencer Arrighetti","HOU",5.31687,6.14925,4.29165,4.73169,22,16,0,0.3954,,81.3135,353.915,71.5933,45.55,42.75,11.9778,38.5624,0.362884,5.85585,78.6605,8.70637,4.26819,2.03983,1.32574,0.222259,0.10896,0.11329900473356247,0.231322,1.3547,0.272393,0.691808,,,4.7177,0.670145,0.355725,728.3099975585938,,,,,,,287.59999999999997,3.5506172839506167,272,3.3580246913580245,,,,,,,,,,,,,,,,,,,"Spencer Arrighetti","29921",681293
"Kodai Senga","NYM",4.37681,4.46028,5.3267,4.78953,13,13,0,0,,71.838,315.328,67.6915,40.95,38.23,10.4851,35.4442,0.212145,2.7483,69.1518,8.66347,4.44052,1.951,1.3136,0.219301,0.112404,0.10689686983823776,0.244254,1.43567,0.289654,0.703009,,,4.66586,0.662381,0.360452,223.52000427246094,,,,,,,257.00000000000006,3.569444444444445,254,3.5277777777777777,,,,,,,,,,,,,,,,,,,"Kodai Senga","31838",673540
"Emerson Hancock","SEA",5.08017,5.56622,3.52329,4.70535,36,13,0,0.4188,,85.6131,369.861,83.0521,47.89,44.76,13.3939,30.0204,0.879542,5.90834,78.1856,8.21919,3.15586,2.60442,1.40802,0.211392,0.0811666,0.13022521138191223,0.248709,1.32074,0.287424,0.691071,,,4.56502,0.657033,0.293093,733.4199829101562,,,,,,,308.7,3.58953488372093,309,3.5930232558139537,,,,,,,,,,,,,,,,,,,"Emerson Hancock","27470",676106
"Joey Cantillo","CLE",4.36913,6.11374,3.71933,4.58358,23,14,0,0.4651,,75.0265,327.378,69.0283,41.06,38.21,10.3256,35.1922,0.439617,4.36246,70.9437,8.51024,4.22157,2.01589,1.23863,0.216703,0.107497,0.10920552909374237,0.239828,1.38911,0.2842,0.703623,,,4.57831,0.650093,0.453997,270.80999755859375,,,,,,,277.6,3.701333333333334,270,3.6,,,,,,,,,,,,,,,,,,,"Joey Cantillo","23335",676282
"Cade Smith","CLE",1.60897,1.12363,0,2.95975,43,0,20.566,1.5027,,31.4419,127.729,23.0058,11.14,10.34,2.92602,10.065,0.598112,1.32607,42.2185,12.0847,2.88103,4.19459,0.837552,0.330531,0.0787993,0.2517315670847893,0.197749,1.05181,0.282044,0.756903,,,2.70988,0.649863,0.525627,39.90999984741211,,,,,,,296.7,9.570967741935483,280,9.03225806451613,,,,,,,,,,,,,,,,,,,"Cade Smith","27867",671922
"Tyler Phillips","MIA",3.4408,5.37186,3.21035,4.69278,18,12,0,0.3959,,62.7901,271.897,63.5678,34.99,32.74,7.5618,23.4856,0.352522,2.09418,47.8272,6.85529,3.36631,2.03644,1.08387,0.175902,0.086377,0.08952485769987106,0.258073,1.38642,0.293335,0.680862,,,4.36306,0.632055,0.340189,999,,,,,,,222.40000000000006,3.530158730158731,232,3.6825396825396823,,,,,,,,,,,,,,,,,,,"Tyler Phillips","20629",663969
"Spencer Schwellenbach","ATL",1.96186,1.51837,2.07596,3.74842,5,5,0,0,,28.5,117.264,26.3673,12.71,11.87,3.26631,6.44051,0.11517,1.11764,27.621,8.72242,2.03384,4.28864,1.03147,0.235545,0.054923,0.18062200024724007,0.240345,1.15115,0.29309,0.711806,,,3.44588,0.630076,0.438194,743.1900024414062,,,,,,,137.70000000000005,4.9178571428571445,136,4.857142857142857,,,,,,,,,,,,,,,,,,,"Spencer Schwellenbach","31846",680885
"Zebby Matthews","MIN",4.52236,6.45353,4.70153,5.07806,20,15,0,0.4193,,78.9395,341.876,83.9968,47.61,44.54,14.3581,23.6235,0.374833,2.4193,68.5399,7.81432,2.69335,2.90134,1.63698,0.200482,0.0690997,0.1313820406794548,0.265953,1.36333,0.298962,0.685683,,,4.71645,0.621257,0.0480869,488.6400146484375,,,,,,,254.00000000000003,3.2151898734177218,273,3.4556962025316458,,,,,,,,,,,,,,,,,,,"Zebby Matthews","31827",805673
"Slade Cecconi","CLE",4.74369,6.73684,6.5318,4.87959,17,17,0,0,,91.188,391.574,92.9635,52.86,49.44,16.0181,27.4725,0.292594,3.6596,68.6093,6.77154,2.71146,2.49738,1.58094,0.175214,0.0701592,0.10505502671003342,0.257915,1.32074,0.278975,0.689476,,,4.90171,0.60798,0.341037,584.5599975585938,,,,,,,279.7999999999999,3.0747252747252736,292,3.208791208791209,,,,,,,,,,,,,,,,,,,"Slade Cecconi","27500",677944
"Aaron Ashby","MIL",1.93817,1.44962,0.249133,3.33775,45,1,1.814,9.6585,,53.3893,228.064,42.6968,21.34,19.8,3.72971,26.6557,1.00156,3.52322,60.9621,10.2766,4.49343,2.28702,0.628729,0.267303,0.116878,0.15042462199926376,0.215766,1.299,0.292561,0.748664,,,3.41897,0.600593,0.72638,999,,,,,,,310.20000000000005,5.852830188679246,292,5.509433962264151,,,,,,,,,,,,,,,,,,,"Aaron Ashby","23550",676879
"Justin Verlander","DET",4.31933,5.39318,6.36673,5.12048,14,14,0,0,,80.43,350.84,79.4023,48.98,45.76,13.9161,31.1825,0.293675,3.95389,65.4243,7.32088,3.48928,2.09811,1.5572,0.186479,0.0888796,0.09759937226772308,0.251509,1.37492,0.277057,0.676216,,,5.0317,0.597025,0.0742242,658.8499755859375,,,,,,,239.4,2.9925,243,3.0375,,,,,,,,,,,,,,,,,,,"Justin Verlander","8700",434378
"Hurston Waldrep","ATL",3.18304,3.49571,3.72951,4.73951,10,10,0,0,,53.17,231.978,52.9929,29.8,28,6.08364,22.4023,0.197301,2.43209,43.7865,7.41168,3.792,1.95455,1.02977,0.188753,0.0965709,0.09218213707208633,0.255827,1.418,0.298266,0.681766,,,4.34034,0.569991,0.28241,999,,,,,,,196.60000000000002,3.7094339622641512,203,3.830188679245283,,,,,,,,,,,,,,,,,,,"Hurston Waldrep","33527",694462
"Justin Steele","CHC",1.96806,1.48912,2.0297,3.77033,5,5,0,0,,28.215,116.873,25.4101,12.78,11.82,3.27651,7.94891,0.0735901,1.07081,25.8711,8.25234,2.53554,3.25467,1.04514,0.221361,0.0680134,0.15334802865982056,0.2356,1.18232,0.281222,0.715247,,,3.73354,0.56569,0.438194,605.5,,,,,,,130.30000000000004,4.65357142857143,126,4.5,,,,,,,,,,,,,,,,,,,"Justin Steele","17312",657006
"Mick Abel","MIN",3.22833,4.11453,2.61941,4.43919,16,10,0,0.4193,,53.2394,229.048,48.2814,28.08,26.26,7.37583,22.2199,0.345702,2.3471,49.5642,8.37871,3.75622,2.23062,1.24687,0.216392,0.0970096,0.11938217282295227,0.236116,1.32423,0.277248,0.704964,,,4.42213,0.564713,0.422499,298.7799987792969,,,,,,,209.3,3.949056603773585,202,3.811320754716981,,,,,,,,,,,,,,,,,,,"Mick Abel","27756",690953
"Colin Rea","CHC",4.55398,4.9553,3.4688,4.67378,21,13,0,0.4185,,68.8608,294.414,67.095,38.3,35.76,10.942,23.2553,0.34008,2.75625,54.3215,7.09974,3.03943,2.33588,1.4301,0.184508,0.0789885,0.10551906377077103,0.249979,1.31207,0.276427,0.693712,,,4.71991,0.535214,0.392651,748.260009765625,,,,,,,231.10000000000002,3.3492753623188407,232,3.36231884057971,,,,,,,,,,,,,,,,,,,"Colin Rea","12317",607067
"Grant Holmes","ATL",4.13276,4.73857,3.01711,4.80242,30,11,0,0.3955,,70.4458,309.181,70.5503,40.15,37.59,10.1104,30.2573,0.804917,2.5164,67.3678,8.60677,3.86561,2.2265,1.29168,0.217891,0.0978628,0.12002857029438019,0.255241,1.431,0.303827,0.700005,,,4.44755,0.53135,0.148364,369.45001220703125,,,,,,,245.4,3.505714285714286,255,3.642857142857143,,,,,,,,,,,,,,,,,,,"Grant Holmes","16944",656550
"Braxton Garrett","MIA",2.88805,4.72279,2.74515,4.92236,19,10,0,0.3959,,56.4607,245.44,58.7922,33.17,30.88,8.00769,18.4233,0.450752,3.43424,45.8322,7.30579,2.93672,2.48773,1.27645,0.186735,0.0750623,0.11167274415493011,0.262956,1.3676,0.299186,0.667308,,,4.48034,0.522895,0.0794228,604.1099853515625,,,,,,,191.6,3.4214285714285713,205,3.6607142857142856,,,,,,,,,,,,,,,,,,,"Braxton Garrett","21844",666129
"Aroldis Chapman","BOS",1.65565,0.895929,0,2.97043,39,0,19.268,1.2396,,28.511,116.28,19.2881,10.17,9.41,2.80238,11.3704,0.491237,1.41156,39.261,12.3934,3.58927,3.4529,0.884618,0.337641,0.0977846,0.23985638469457626,0.186362,1.07532,0.268345,0.76635,,,2.96735,0.519388,0.522159,64.55000305175781,,,,,,,269.30000000000007,9.286206896551727,247,8.517241379310345,,,,,,,,,,,,,,,,,,,"Aroldis Chapman","10233",547973
"Joe Musgrove","SDP",2.5463,2.79939,2.86322,4.34921,8,8,0,0,,42.256,178.492,39.4904,21.81,20.42,6.37777,12.3474,0.169109,2.64165,37.3029,7.94505,2.62984,3.02111,1.35839,0.20899,0.0691763,0.13981321454048157,0.241528,1.22676,0.276348,0.699803,,,4.35941,0.518498,0.399313,385.6199951171875,,,,,,,164.6,3.919047619047619,161,3.8333333333333335,,,,,,,,,,,,,,,,,,,"Joe Musgrove","12970",605397
"Brandon Pfaadt","ARI",3.17716,3.53437,2.16445,4.74542,27,8,0,0.4215,,57.2383,247.237,59.9121,32.35,30.18,7.89325,16.451,0.739803,3.28941,45.3587,7.13208,2.58672,2.75719,1.24111,0.183462,0.0665395,0.11692283302545547,0.263354,1.33413,0.298539,0.673884,,,4.34117,0.507229,0.140513,588.5999755859375,,,,,,,200.39999999999998,3.51578947368421,214,3.754385964912281,,,,,,,,,,,,,,,,,,,"Brandon Pfaadt","27782",694297
"Corbin Burnes","ARI",1.92116,1.55453,2.09979,3.93967,5,5,0,0,,28.51,119.89,25.8911,13.31,12.48,2.94078,9.5553,0.100233,1.3472,24.7176,7.80282,3.01641,2.58679,0.928341,0.206168,0.0797004,0.1264680176973343,0.237559,1.2433,0.282189,0.706571,,,3.85291,0.506559,0.50346,738.0999755859375,,,,,,,127.10000000000002,4.382758620689656,123,4.241379310344827,,,,,,,,,,,,,,,,,,,"Corbin Burnes","19361",669203
"Nick Pivetta","SDP",1.88017,1.63404,2.17688,3.86867,5,5,0,0,,29.01,119.572,23.5467,13.33,12.47,4.49751,9.67007,0.113885,0.622547,30.4692,9.45269,3.00002,3.15087,1.3953,0.254819,0.0808726,0.17394673079252243,0.215473,1.14501,0.256339,0.738729,,,4.07793,0.506124,0.50346,96.01000213623047,,,,,,,130.00000000000003,4.482758620689657,120,4.137931034482759,,,,,,,,,,,,,,,,,,,"Nick Pivetta","15454",601713
"Kai-Wei Teng","HOU",3.01329,2.88676,1.56745,4.24522,34,6,0,0.3954,,56.2444,243.934,49.0923,28.39,26.53,7.05313,25.7404,0.749506,4.11233,59.8969,9.58446,4.11887,2.32696,1.12861,0.245546,0.105522,0.14002369344234467,0.229316,1.33049,0.285726,0.714961,,,4.19135,0.503543,0.397597,999,,,,,,,230.90000000000006,4.123214285714287,219,3.9107142857142856,,,,,,,,,,,,,,,,,,,"Kai-Wei Teng","24282",678906
"Clay Holmes","NYM",2.64961,2.10352,2.2885,3.98735,11,6,0,0.4202,,37.9651,162.109,36.6228,18.07,16.82,3.6478,14.0463,0.199006,1.53776,30.7594,7.29182,3.32981,2.18986,0.864748,0.189745,0.0866468,0.1030978187918663,0.249942,1.33462,0.294109,0.715486,,,3.95883,0.502956,0.502335,330.6300048828125,,,,,,,149.8,3.9421052631578952,152,4,,,,,,,,,,,,,,,,,,,"Clay Holmes","13649",605280
"Griffin Canning","SDP",5.34355,6.0752,6.21031,4.69735,19,15,0,0.4138,,87.4259,380.537,81.8441,48.74,45.63,13.2177,40.8376,0.424421,3.35574,74.7211,7.69212,4.204,1.82971,1.36068,0.196357,0.107316,0.08904117345809937,0.243334,1.40327,0.276268,0.70977,,,4.87126,0.502221,0.441474,999,,,,,,,288.7000000000001,3.318390804597702,284,3.264367816091954,,,,,,,,,,,,,,,,,,,"Griffin Canning","19867",656288
"Ryan Gusto","MIA",2.79227,4.25687,2.41196,4.66996,20,9,0,0.3959,,53.8077,231.69,52.3283,29.9,27.92,7.85554,19.1811,0.539447,2.09429,43.7558,7.3187,3.20827,2.2812,1.31394,0.188855,0.0827878,0.10606762021780014,0.248692,1.32898,0.28005,0.687626,,,4.55643,0.500225,0.233546,999,,,,,,,191.00000000000006,3.537037037037038,191,3.537037037037037,,,,,,,,,,,,,,,,,,,"Ryan Gusto","26440",687473
"Troy Melton","DET",3.40251,4.14976,2.44758,4.74163,26,9,0,0.3878,,59.6946,258.167,60.6841,33.82,31.45,8.78173,20.4894,0.639718,1.82809,49.1454,7.40952,3.08913,2.39857,1.324,0.190363,0.079365,0.11099787056446075,0.2573,1.35981,0.291714,0.687487,,,4.48617,0.495598,0.145272,743.22998046875,,,,,,,206.70000000000002,3.4450000000000003,215,3.5833333333333335,,,,,,,,,,,,,,,,,,,"Troy Melton","31807",675512
"Quinn Priester","MIL",2.86744,3.88725,3.81645,4.73975,10,10,0,0,,53.68,232.693,55.3234,30.21,28.27,7.33143,19.3495,0.156552,2.34405,41.2384,6.91404,3.24415,2.13123,1.22919,0.177222,0.0831547,0.09406747668981552,0.262197,1.39108,0.295463,0.690323,,,4.55014,0.486384,0.343179,592.1400146484375,,,,,,,189.5,3.509259259259259,198,3.6666666666666665,,,,,,,,,,,,,,,,,,,"Quinn Priester","25977",682990
"Chase Dollander","COL",2.77971,4.6835,2.8057,5.24128,16,10,0,0.3655,,53.6778,239.312,56.0012,33.51,31.26,7.63365,22.8641,0.321308,4.05792,51.0039,8.55168,3.83356,2.23074,1.27991,0.213127,0.0955412,0.11758624762296677,0.263672,1.46924,0.314581,0.665247,,,4.55175,0.485701,-0.108911,743.4400024414062,,,,,,,176.60000000000005,3.2703703703703715,187,3.462962962962963,,,,,,,,,,,,,,,,,,,"Chase Dollander","33482",801403
"Walbert Ureña","LAA",3.85763,5.53979,5.15972,4.80044,14,14,0,0,,73.962,325.472,72.4639,42.12,39.45,9.14495,35.3786,0.248022,3.85042,57.4848,6.99499,4.30502,1.62485,1.1128,0.17662,0.1087,0.06792044639587402,0.253156,1.45808,0.288321,0.691528,,,4.74282,0.482616,0.383262,999,,,,,,,246.70000000000005,3.3337837837837845,250,3.3783783783783785,,,,,,,,,,,,,,,,,,,"Walbert Urena","29357",700712
"Stephen Kolek","KCR",4.49632,5.77501,3.83017,4.9291,22,14,0,0.4109,,73.8573,322.396,79.5355,43.33,40.45,9.83395,23.5122,0.429444,4.56744,48.2918,5.88467,2.86512,2.0539,1.19833,0.14979,0.0729296,0.07686083763837814,0.270238,1.39523,0.295108,0.668879,,,4.66249,0.47922,0.203499,999,,,,,,,225.60000000000002,3.048648648648649,249,3.364864864864865,,,,,,,,,,,,,,,,,,,"Stephen Kolek","21487",663568
"Noah Schultz","CHW",3.26094,5.2564,4.12634,4.90942,13,13,0,0,,64.584,281.321,63.3692,37.73,35.23,10.2124,24.7045,0.212449,4.70307,53.5075,7.45645,3.44266,2.1659,1.42314,0.190201,0.0878162,0.10238488763570786,0.251552,1.36371,0.282459,0.682383,,,4.86338,0.47581,0.228654,999,,,,,,,212.2,3.2646153846153845,213,3.276923076923077,,,,,,,,,,,,,,,,,,,"Noah Schultz","32056",702273
"David Peterson","NYM",3.02362,2.98883,1.8564,4.46813,26,7,0,0.4202,,52.0486,228.714,52.9596,27.84,25.84,5.20231,18.4545,0.710608,6.96031,44.1581,7.63561,3.19107,2.39281,0.899559,0.193072,0.0806883,0.11238337308168411,0.260501,1.37207,0.310236,0.679456,,,4.16614,0.473671,0.233132,452.0400085449219,,,,,,,198.5,3.8173076923076925,208,4,,,,,,,,,,,,,,,,,,,"David Peterson","20302",656849
"Joe Boyle","TBR",2.64188,3.44547,1.8238,4.42191,24,7,0,0.4468,,51.3511,223.903,42.7634,26.99,25.23,6.06516,28.4221,0.69503,2.99479,53.902,9.4471,4.98137,1.89649,1.06301,0.240738,0.126939,0.11379900574684143,0.222163,1.38625,0.276927,0.704936,,,4.37022,0.473113,0.288305,713.1400146484375,,,,,,,206.8,4.0549019607843135,192,3.764705882352941,,,,,,,,,,,,,,,,,,,"Joe Boyle","29608",671212
"Jhoan Duran","PHI",1.93712,0.973583,0,3.32015,43,0,19.222,1.2646,,33.1521,137.141,27.614,13.25,12.23,3.30743,10.619,0.898134,1.77199,39.6226,10.7566,2.88279,3.7313,0.897886,0.288918,0.0774309,0.21148686856031418,0.221354,1.15326,0.297072,0.743484,,,3.12659,0.463657,0.425299,41.84000015258789,,,,,,,274.50000000000006,8.31818181818182,266,8.06060606060606,,,,,,,,,,,,,,,,,,,"Jhoan Duran","21029",661395
"Justin Wrobleski","LAD",4.97843,3.87003,3.30536,4.90844,25,12,0,0.4335,,68.9424,298.047,71.3033,40.37,37.6,11.4601,21.5913,0.481013,2.8444,56.6613,7.39677,2.81861,2.62427,1.49605,0.190108,0.0724424,0.1176658347249031,0.2606,1.34742,0.291221,0.683465,,,4.67925,0.461133,0.144894,650.3499755859375,,,,,,,229.70000000000002,3.328985507246377,241,3.4927536231884058,,,,,,,,,,,,,,,,,,,"Justin Wrobleski","31204",680736
"Brandon Sproat","MIL",3.44737,4.86611,2.95563,4.74511,20,11,0,0.3993,,59.556,260.516,57.4778,33.57,31.4,8.25701,25.7246,0.365239,3.99306,54.3998,8.22081,3.88746,2.1147,1.24779,0.208816,0.098745,0.11007100343704224,0.24904,1.39705,0.292735,0.692778,,,4.57118,0.460004,0.226876,528.2000122070312,,,,,,,215.40000000000003,3.5900000000000007,214,3.566666666666667,,,,,,,,,,,,,,,,,,,"Brandon Sproat","33850",687075
"Carmen Mlodzinski","PIT",2.37176,2.57867,1.06546,4.62858,39,4,1.308,5.8944,,55.0472,241.37,57.2156,30.4,28.31,5.82575,21.336,0.845863,2.19186,45.9026,7.5049,3.48835,2.15142,0.952488,0.190175,0.0883953,0.10177992284297943,0.262647,1.42699,0.309365,0.684015,,,4.08901,0.44507,0.0505696,745.6199951171875,,,,,,,237,4.3090909090909095,249,4.527272727272727,,,,,,,,,,,,,,,,,,,"Carmen Mlodzinski","27572",669387
"Anthony Kay","CHW",3.97677,6.24326,6.12106,5.15054,15,15,0,0,,82.005,363.08,84.0226,50.26,46.93,12.3335,35.1014,0.284586,5.83995,61.3279,6.7307,3.85235,1.74716,1.35359,0.16891,0.0966766,0.07223331928253174,0.260827,1.45264,0.288513,0.676084,,,5.05595,0.434559,0.0952713,717.8599853515625,,,,,,,239.80000000000004,2.9243902439024394,253,3.0853658536585367,,,,,,,,,,,,,,,,,,,"Anthony Kay","20387",641743
"David Festa","MIN",1.97837,2.36947,1.31669,4.39376,19,5,0,0.4193,,36.85,157.965,34.0021,19.29,17.99,4.92533,14.0703,0.436698,1.68126,36.4756,8.90857,3.43644,2.59238,1.20293,0.23091,0.0890727,0.14183762669563293,0.239093,1.30454,0.288426,0.698994,,,4.13895,0.434192,0.257265,999,,,,,,,147.9,3.9972972972972975,144,3.891891891891892,,,,,,,,,,,,,,,,,,,"David Festa","30056",701581
"Josh Hader","HOU",1.55641,0.877305,0,3.18944,39,0,18.797,1.4372,,26.9201,109,17.8693,10.25,9.54,3.71653,9.37487,0.458195,1.8362,38.6021,12.9056,3.13424,4.11761,1.24252,0.354147,0.0860077,0.26813890784978867,0.182733,1.01204,0.25514,0.771025,,,3.27493,0.42458,0.413972,124.38999938964844,,,,,,,247.8,9.177777777777779,227,8.407407407407407,,,,,,,,,,,,,,,,,,,"Josh Hader","14212",623352
"Miles Mikolas","WSN",2.95999,5.77436,4.68333,5.10964,13,13,0,0,,67.496,291.418,73.5954,41.04,38.32,11.7561,18.5371,0.215975,1.532,44.7048,5.961,2.47176,2.41164,1.56757,0.153405,0.06361,0.08979456126689911,0.271221,1.36501,0.287775,0.675166,,,4.93033,0.423363,0.0622033,999,,,,,,,182.79999999999993,2.728358208955223,206,3.074626865671642,,,,,,,,,,,,,,,,,,,"Miles Mikolas","9803",571945
"Mike Burrows","HOU",4.55074,5.06228,6.06029,4.99975,14,14,0,0,,78.862,342.114,78.4993,46.71,43.81,14.0919,28.9991,0.246524,3.66479,64.685,7.38207,3.30948,2.23059,1.60822,0.189074,0.0847645,0.10430996119976044,0.253674,1.36312,0.279215,0.69259,,,5.0238,0.421779,0.203142,237.9499969482422,,,,,,,240.60000000000002,3.045569620253165,244,3.088607594936709,,,,,,,,,,,,,,,,,,,"Mike Burrows","24728",681347
"Ryan Feltner","COL",3.90818,7.18079,4.78655,5.78761,20,15,0,0.3655,,78.3898,352.678,89.6274,53.71,50.41,11.7332,32.0662,0.416057,2.9939,58.4648,6.7124,3.68155,1.82325,1.3471,0.165774,0.090922,0.07485200464725494,0.282186,1.55242,0.314826,0.64582,,,4.89464,0.416665,-0.573987,999,,,,,,,206.60000000000002,2.648717948717949,245,3.141025641025641,,,,,,,,,,,,,,,,,,,"Ryan Feltner","21446",663372
"Trevor Megill","MIL",1.50627,1.06894,0,3.54928,41,0,12.293,3.8331,,29.1862,121.251,23.0143,12.39,11.51,3.51538,10.5308,0.718872,0.952235,37.158,11.4582,3.24733,3.52851,1.08402,0.306456,0.0868514,0.2196044698357582,0.209664,1.14935,0.282208,0.73908,,,3.29857,0.415274,0.313843,137.6999969482422,,,,,,,219.60000000000002,7.572413793103449,207,7.137931034482759,,,,,,,,,,,,,,,,,,,"Trevor Megill","17722",656730
"Dylan Lee","ATL",1.6405,0.905638,0,3.30975,40,0,0.637,9.597,,27.3284,110.601,21.8661,10.82,10.05,3.39731,7.30398,0.503432,0.3444,32.105,10.5731,2.4054,4.39556,1.11883,0.290279,0.0660392,0.22423986345529556,0.212391,1.06739,0.273815,0.751626,,,3.20483,0.414604,0.310019,999,,,,,,,193.7,7.174074074074074,184,6.814814814814815,,,,,,,,,,,,,,,,,,,"Dylan Lee","19996",669276
"Shane Smith","CHW",2.29746,3.09488,2.93231,4.45009,8,8,0,0,,42.552,182.688,38.7638,22.53,21.04,5.9925,17.071,0.138602,2.77896,38.2668,8.09365,3.61063,2.24162,1.26745,0.209465,0.0934436,0.11602147668600082,0.238051,1.31215,0.276367,0.701962,,,4.53034,0.410932,0.361145,245.5399932861328,,,,,,,158.99999999999997,3.6976744186046506,153,3.558139534883721,,,,,,,,,,,,,,,,,,,"Shane Smith","31687",681343
"Shane Drohan","MIL",2.18707,2.26445,0.80678,4.15828,40,3,0,6.3686,,52.9401,228.016,46.8463,26.3,24.46,6.53376,23.0721,1.07474,2.16831,53.93,9.16828,3.92233,2.33746,1.11076,0.236518,0.101186,0.1353321671485901,0.231025,1.32071,0.283269,0.717749,,,4.09606,0.40051,0.306435,999,,,,,,,240.90000000000003,4.545283018867925,231,4.3584905660377355,,,,,,,,,,,,,,,,,,,"Shane Drohan","27814",675660
"Karson Milbrandt","MIA",1.71352,2.41038,1.32135,4.35644,15,5,0,0,,33.9842,147.297,31.0183,17.59,16.45,3.76274,15.3705,0.540902,1.59213,32.2976,8.55334,4.07055,2.10128,0.996483,0.219268,0.10435,0.11491796374320984,0.23799,1.36501,0.289109,0.700343,,,4.13473,0.397151,0.206249,999,,,,,,,134.80000000000004,3.964705882352942,131,3.8529411764705883,,,,,,,,,,,,,,,,,,,"Karson Milbrandt","sa3020659",703596
"Garrett Whitlock","BOS",1.50281,0.923613,0,3.47096,37,0,1.347,7.8118,,27.0444,111.778,22.8133,11.27,10.43,2.89747,7.89555,0.518284,1.16,30.1989,10.0498,2.62753,3.8248,0.964238,0.270168,0.0706359,0.19953195750713348,0.222087,1.1355,0.286039,0.729348,,,3.26274,0.388138,0.310118,624.97998046875,,,,,,,173.10000000000002,6.411111111111112,166,6.148148148148148,,,,,,,,,,,,,,,,,,,"Garrett Whitlock","20191",676477
"Devin Williams","NYM",1.64898,0.857195,0,3.29047,40,0,17.187,2.7926,,28.0355,116.058,19.7152,11,10.25,3.04674,12.5312,0.570214,1.24784,37.6784,12.0956,4.02279,3.00676,0.978071,0.324651,0.107974,0.2166772559285164,0.192759,1.1502,0.270795,0.759317,,,3.29803,0.385719,0.363841,59.470001220703125,,,,,,,249.30000000000007,8.90357142857143,232,8.285714285714286,,,,,,,,,,,,,,,,,,,"Devin Williams","15816",642207
"Mason Montgomery","PIT",1.42268,0.940639,0,3.68147,39,0,1.308,9.4261,,27.7471,117.937,23.1888,12.24,11.35,2.8278,11.4748,0.62257,1.20577,33.9937,11.0261,3.72194,2.96247,0.91722,0.288236,0.0972958,0.19093992561101913,0.220307,1.24927,0.297523,0.730299,,,3.34435,0.380929,0.260171,748.4400024414062,,,,,,,183.50000000000006,6.553571428571431,174,6.214285714285714,,,,,,,,,,,,,,,,,,,"Mason Montgomery","29770",682254
"Gabe Speier","SEA",1.59182,0.891004,0,3.52983,37,0,0,7.8172,,27.1543,112.096,22.4459,11.47,10.65,3.24727,7.33516,0.705514,1.87681,32.3314,10.7159,2.43116,4.40773,1.07627,0.288427,0.0654367,0.2229902744293213,0.218168,1.09673,0.285248,0.725625,,,3.28975,0.380873,0.310118,999,,,,,,,174.7,6.47037037037037,165,6.111111111111111,,,,,,,,,,,,,,,,,,,"Gabe Speier","17170",642100
"Adrian Morejon","SDP",1.36816,1.09353,0,3.48899,43,0,1.368,8.6193,,28.7619,119.598,26.0371,12.09,11.15,2.49907,7.94088,0.619357,1.23082,26.803,8.38703,2.48481,3.37533,0.781992,0.224109,0.0663963,0.15771303325891495,0.235787,1.18135,0.290147,0.718126,,,3.32112,0.377695,0.313787,735.8499755859375,,,,,,,190.4,6.56551724137931,187,6.448275862068965,,,,,,,,,,,,,,,,,,,"Adrian Morejon","20039",670970
"Drew Anderson","DET",1.96318,1.54328,0.256352,3.97938,41,1,0.586,7.4903,,48.2186,208.355,39.6318,22.97,21.32,5.77728,24.6808,1.24845,2.49179,58.5281,10.9243,4.60667,2.37141,1.07833,0.280906,0.118455,0.16245052963495255,0.21874,1.33377,0.28966,0.735314,,,3.91926,0.376524,0.248734,999,,,,,,,247.40000000000003,5.154166666666668,232,4.833333333333333,,,,,,,,,,,,,,,,,,,"Drew Anderson","15130",623454
"Didier Fuentes","ATL",1.68167,1.33503,0.268694,4.2954,37,1,0,6.1989,,40.4387,174.161,37.8691,20.78,19.3,5.35628,14.4442,1.0528,1.93289,43.8958,9.76942,3.21468,3.039,1.19209,0.252042,0.0829358,0.16910623013973236,0.240007,1.29364,0.29957,0.70364,,,3.86459,0.366402,0.0234075,600.4400024414062,,,,,,,199.7,4.9925,199,4.975,,,,,,,,,,,,,,,,,,,"Didier Fuentes","30661",800311
"Hunter Barco","PIT",2.09969,2.56499,1.35628,4.67344,24,5,0,0.4072,,42.964,188.464,42.3745,23.92,22.31,5.51392,17.76,0.614536,2.45413,39.8261,8.34267,3.72033,2.24245,1.15504,0.21132,0.0942359,0.11708379536867142,0.251855,1.39965,0.2999,0.690919,,,4.32465,0.364807,0.0725542,999,,,,,,,155.2,3.609302325581395,157,3.6511627906976742,,,,,,,,,,,,,,,,,,,"Hunter Barco","33174",682995
"Kyle Freeland","COL",3.7927,7.45281,6.10775,5.91039,17,17,0,0,,86.309,385.525,104.493,61.18,56.68,16.2471,25.5837,0.347335,3.73611,63.4054,6.61169,2.66778,2.47835,1.69419,0.164465,0.0663607,0.09810421615839005,0.293352,1.50711,0.319094,0.641911,,,5.09573,0.361726,-0.682237,999,,,,,,,205.2,2.386046511627907,258,3,,,,,,,,,,,,,,,,,,,"Kyle Freeland","16256",607536
"Kendry Rojas","MIN",1.57061,1.73142,0.804684,4.24228,23,3,0,0.4193,,33.6894,145.309,32.0212,17.05,15.88,3.79894,12.8954,0.661169,1.44604,30.9476,8.26754,3.44495,2.3999,1.01487,0.212978,0.0887445,0.12423361092805862,0.244497,1.33326,0.293307,0.703736,,,4.00449,0.35849,0.21125,999,,,,,,,139.20000000000005,4.094117647058825,138,4.0588235294117645,,,,,,,,,,,,,,,,,,,"Kendry Rojas","29423",696070
"Chad Patrick","MIL",3.09517,4.26503,2.19053,4.94618,34,8,0,0.3993,,64.2678,281.52,63.9446,37.84,35.32,10.5227,25.6087,1.02177,2.67647,57.3764,8.03493,3.58622,2.2405,1.47359,0.203809,0.0909659,0.11284318566322327,0.252511,1.39344,0.288244,0.691156,,,4.76203,0.357317,-0.0965479,288.6499938964844,,,,,,,198.9,3.1078125,204,3.1875,,,,,,,,,,,,,,,,,,,"Chad Patrick","30113",694477
"Robert Gasser","MIL",1.57744,1.9824,1.07291,4.41657,16,4,0,0.3993,,29.9757,129.023,28.3013,15.78,14.71,4.10095,10.5684,0.380795,1.87941,29.2014,8.76752,3.17308,2.76309,1.23128,0.226328,0.081911,0.14441681653261185,0.242774,1.29671,0.290617,0.696977,,,4.17468,0.353933,0.143143,748.5800170898438,,,,,,,119.00000000000001,3.9666666666666672,117,3.9,,,,,,,,,,,,,,,,,,,"Robert Gasser","29812",688107
"Brandon Young","BAL",3.28743,3.42861,2.42243,4.7662,17,9,0,0.4162,,49.6622,214.195,49.4453,28.12,26.3,8.05109,17.6214,0.319555,1.53571,39.034,7.07391,3.19343,2.21515,1.45905,0.182235,0.0822678,0.09996739774942398,0.253516,1.35046,0.279779,0.69803,,,4.7915,0.35196,0.217059,999,,,,,,,162.20000000000002,3.244,164,3.28,,,,,,,,,,,,,,,,,,,"Brandon Young","27819",687064
"Jacob Latz","TEX",1.8733,1.37409,0.253325,3.92198,42,1,11.952,3.9681,,46.1017,195.594,37.923,21.64,20.09,5.56964,20.4537,1.12205,1.17728,45.5192,8.88628,3.99298,2.22548,1.08731,0.232723,0.104572,0.12815090268850327,0.217994,1.26626,0.263305,0.72632,,,4.10214,0.348634,0.241542,730.9299926757812,,,,,,,272.8,5.930434782608696,257,5.586956521739131,,,,,,,,,,,,,,,,,,,"Jacob Latz","21306",656641
"Peter Lambert","HOU",3.2423,3.61437,2.40357,4.65368,19,9,0,0.3954,,52.004,224.747,49.3375,28.75,26.89,7.73114,20.8043,0.35536,2.25752,44.3169,7.66964,3.60046,2.13018,1.33798,0.197186,0.0925675,0.10461831092834473,0.244626,1.34877,0.278048,0.697792,,,4.65736,0.344702,0.221402,999,,,,,,,177.99999999999997,3.4230769230769225,175,3.3653846153846154,,,,,,,,,,,,,,,,,,,"Peter Lambert","17969",663567
"JR Ritchie","ATL",2.81742,3.2178,3.46793,4.92078,9,9,0,0,,48.285,210.879,48.3787,28.19,26.4,6.75747,19.8771,0.154745,2.33526,37.8121,7.04792,3.70495,1.9023,1.25955,0.179307,0.0942583,0.08504907041788101,0.256424,1.4136,0.288842,0.681445,,,4.73193,0.343516,0.175621,999,,,,,,,154.3,3.2145833333333336,159,3.3125,,,,,,,,,,,,,,,,,,,"JR Ritchie","31760",702275
"Walker Buehler","SDP",3.95868,5.07892,4.42681,4.99494,17,12,0,0.4138,,68.0549,297.091,67.5152,40.36,37.77,10.6309,28.5172,0.336992,2.45378,52.3985,6.9295,3.77129,1.83744,1.4059,0.176372,0.0959881,0.08038382232189178,0.253702,1.4111,0.280093,0.68605,,,4.95483,0.341186,0.159209,740.9299926757812,,,,,,,202.10000000000002,2.9720588235294123,208,3.0588235294117645,,,,,,,,,,,,,,,,,,,"Walker Buehler","19374",621111
"Martín Pérez","ATL",2.54125,2.9713,1.91835,4.85351,17,7,0,0.3955,,42.6495,185.908,44.5769,24.69,23,6.03118,14.7415,0.346463,2.37748,34.0243,7.17988,3.11078,2.30807,1.27271,0.183016,0.0792942,0.1037222146987915,0.264098,1.39083,0.299422,0.68066,,,4.5457,0.338093,0.0636101,999,,,,,,,144.39999999999998,3.3581395348837204,154,3.5813953488372094,,,,,,,,,,,,,,,,,,,"Martin Perez","6902",527048
"Matt Brash","SEA",1.63095,0.921146,0,3.47049,38,0,2.6,7.5576,,27.8779,118.838,22.5471,11.54,10.75,2.15708,13.2873,0.596692,1.49785,31.6348,10.2129,4.28964,2.38082,0.696386,0.266201,0.11181,0.15439049899578094,0.216688,1.28541,0.290203,0.740356,,,3.42614,0.334043,0.260192,733.280029296875,,,,,,,191.80000000000007,6.850000000000002,183,6.535714285714286,,,,,,,,,,,,,,,,,,,"Matt Brash","25756",666374
"Logan Allen","CLE",3.00876,4.38454,2.46016,4.82445,24,9,0,0.4651,,57.9797,253.162,57.4902,33.48,31.08,9.0829,23.6781,0.677347,2.43348,49.0367,7.61181,3.67548,2.07097,1.40991,0.193697,0.0935294,0.10016731172800064,0.253204,1.39994,0.286551,0.696666,,,4.7948,0.326927,0.141335,999,,,,,,,190.30000000000007,3.281034482758622,193,3.3275862068965516,,,,,,,,,,,,,,,,,,,"Logan Allen","27589",671106
"José Alvarado","PHI",1.63984,0.951633,0,3.83918,38,0,0,8.0439,,29.4204,126.898,26.6197,13.65,12.55,2.41379,12.473,0.685562,1.86804,32.3009,9.88119,3.81563,2.58966,0.738404,0.254543,0.098292,0.15625090152025223,0.2365,1.32876,0.310962,0.712413,,,3.43183,0.324487,0.107296,746.0700073242188,,,,,,,173.8,5.993103448275862,173,5.9655172413793105,,,,,,,,,,,,,,,,,,,"Jose Alvarado","17780",621237
"Abner Uribe","MIL",1.59152,1.12129,0,3.41978,43,0,5.441,6.4596,,30.7125,130.894,24.4875,12.52,11.67,2.4788,14.9779,0.756683,1.66047,33.677,9.86871,4.38912,2.24845,0.726389,0.257284,0.114427,0.14285658299922943,0.214322,1.28499,0.281802,0.748586,,,3.58013,0.324138,0.317641,167.27999877929688,,,,,,,208.39999999999995,6.722580645161289,195,6.290322580645161,,,,,,,,,,,,,,,,,,,"Abner Uribe","25327",682842
"Andrés Muñoz","SEA",1.71654,0.967104,0,3.56009,40,0,16.469,2.474,,29.3251,123.691,23.2699,12.48,11.6,2.95022,12.4281,0.756879,1.89001,35.5115,10.8986,3.81424,2.85735,0.905436,0.287098,0.100477,0.18662121891975403,0.212758,1.21732,0.286551,0.735499,,,3.44941,0.324037,0.313872,41.189998626708984,,,,,,,235.90000000000003,8.13448275862069,224,7.724137931034483,,,,,,,,,,,,,,,,,,,"Andres Munoz","20373",662253
"Orion Kerkering","PHI",1.79669,0.992155,0,3.72949,40,0,0.655,9.6253,,30.9131,130.045,26.7502,13.81,12.81,3.29304,10.5084,0.590381,1.61603,31.3851,9.13742,3.05941,2.98666,0.958733,0.241341,0.0808064,0.16053452342748642,0.22685,1.20527,0.281794,0.718217,,,3.62964,0.32351,0.214238,999,,,,,,,190.3,6.138709677419355,184,5.935483870967742,,,,,,,,,,,,,,,,,,,"Orion Kerkering","31776",689147
"Cody Bradford","TEX",1.52745,1.40635,0.76207,3.96925,17,3,0,0.4008,,26.1435,108.632,23.7709,12.39,11.53,3.49286,6.66625,0.395138,0.855273,21.8055,7.50663,2.29488,3.27103,1.20243,0.200728,0.0613655,0.13936277478933334,0.235099,1.16424,0.267479,0.706426,,,4.03052,0.322879,0.287746,999,,,,,,,113.1,4.35,111,4.269230769230769,,,,,,,,,,,,,,,,,,,"Cody Bradford","27597",674003
"A.J. Puk","ARI",1.10074,0.709756,0,3.66164,30,0,4.912,2.1309,,21.3347,89.5889,17.9366,9.38,8.68,2.38749,6.69038,0.521084,1.64869,26.6686,11.2501,2.82232,3.98611,1.00716,0.297678,0.0746787,0.22299889475107193,0.220758,1.15432,0.297911,0.716342,,,3.22608,0.320576,0.195114,748.5,,,,,,,144,6.857142857142857,139,6.619047619047619,,,,,,,,,,,,,,,,,,,"A.J. Puk","19343",640462
"David Bednar","NYY",1.74631,0.943523,0,3.70898,42,0,20.395,0.9985,,30.2104,125.893,24.8329,13.41,12.45,3.74303,10.748,0.692712,0.927507,33.9479,10.1134,3.20194,3.15853,1.11509,0.269656,0.0853738,0.1842820942401886,0.217417,1.17777,0.275588,0.730732,,,3.62138,0.318357,0.263968,64.05999755859375,,,,,,,243.8,8.126666666666667,234,7.8,,,,,,,,,,,,,,,,,,,"David Bednar","19569",670280
"Raisel Iglesias","ATL",1.60036,1.02114,0,3.8804,41,0,18.054,1.5058,,28.0177,117.151,25.7126,13.01,12.08,3.55412,7.41347,0.634,0.894309,29.32,9.4183,2.38139,3.95496,1.14167,0.250275,0.0632813,0.18699341267347336,0.236235,1.18232,0.291677,0.714595,,,3.54439,0.312187,0.156858,100.62000274658203,,,,,,,222.40000000000006,7.942857142857145,220,7.857142857142857,,,,,,,,,,,,,,,,,,,"Raisel Iglesias","17130",628452
"Brycen Mautz","STL",1.86319,2.91591,1.38538,4.676,25,5,0,0.4508,,44.9423,196.465,44.9035,25.03,23.35,5.71526,17.8696,0.858006,2.0656,39.2562,7.86131,3.57852,2.19681,1.14452,0.199813,0.0909559,0.10885675251483917,0.254368,1.39675,0.297877,0.689098,,,4.33567,0.310341,0.0820103,999,,,,,,,160.2,3.5599999999999996,165,3.6666666666666665,,,,,,,,,,,,,,,,,,,"Brycen Mautz","31910",802408
"Bryan Abreu","HOU",1.47637,0.936901,0,3.60066,39,0,0.663,7.9081,,26.9201,113.912,20.5285,11.55,10.77,2.95597,12.9432,0.290896,1.07202,35.0349,11.713,4.3272,2.70682,0.988248,0.307561,0.113624,0.1939365565776825,0.205497,1.24337,0.283858,0.74733,,,3.48516,0.30937,0.206541,181.6999969482422,,,,,,,173.3,6.4185185185185185,161,5.962962962962963,,,,,,,,,,,,,,,,,,,"Bryan Abreu","16609",650556
"Jack Perkins","ATH",1.85648,1.76972,0.542045,4.49186,36,2,0,0.422,,45.8429,201.321,42.0508,24.57,22.88,5.68536,21.5928,0.86935,2.97762,47.5841,9.34184,4.23915,2.2037,1.11617,0.236359,0.107255,0.12910380959510803,0.23791,1.3883,0.294501,0.701701,,,4.24289,0.309332,-0.0112819,999,,,,,,,178.40000000000003,3.878260869565218,173,3.760869565217391,,,,,,,,,,,,,,,,,,,"Jack Perkins","31468",678022
"Luinder Avila","KCR",1.71758,1.70711,0.803985,4.25879,24,3,3.911,0.3369,,35.7778,155.747,33.4436,18.16,16.93,3.27152,16.106,0.605242,1.81984,30.6321,7.70557,4.0515,1.90191,0.82296,0.196678,0.103411,0.09326732158660889,0.242659,1.38492,0.290346,0.69802,,,4.07817,0.309009,0.219391,999,,,,,,,171.7,4.769444444444444,169,4.694444444444445,,,,,,,,,,,,,,,,,,,"Luinder Avila","24452",679883
"Fernando Cruz","NYY",1.68117,0.859964,0,3.49883,40,0,0.68,8.9741,,28.7839,120.865,20.4481,12,11.19,3.50177,13.9408,0.416859,1.68093,40.1425,12.5515,4.35894,2.8795,1.09491,0.332128,0.115342,0.2167852818965912,0.194294,1.19473,0.275109,0.759295,,,3.51919,0.308955,0.313872,999,,,,,,,186.40000000000003,6.427586206896553,166,5.724137931034483,,,,,,,,,,,,,,,,,,,"Fernando Cruz","7048",518585
"Garrett Cleavinger","TBR",1.5815,1.11592,0,3.74053,42,0,2.192,8.7416,,31.9286,134.837,25.9831,14.3,13.27,3.67746,11.7707,0.557192,2.96191,37.6103,10.6016,3.31791,3.19525,1.0366,0.278931,0.0872955,0.19163553416728973,0.216337,1.18244,0.283005,0.719323,,,3.62439,0.304885,0.267822,505.4800109863281,,,,,,,197.00000000000003,6.156250000000001,185,5.78125,,,,,,,,,,,,,,,,,,,"Garrett Cleavinger","17897",664076
"Alex Vesia","LAD",1.78307,0.644907,0,3.5592,39,0,3.035,7.9502,,25.9693,106.857,18.7664,11.05,10.27,3.85856,9.91815,0.614827,1.07439,32.6508,11.3155,3.43726,3.29203,1.33723,0.305557,0.0928172,0.21273943781852722,0.19576,1.10456,0.251165,0.757415,,,3.78557,0.304373,0.256318,743.4199829101562,,,,,,,173.79999999999998,6.684615384615384,158,6.076923076923077,,,,,,,,,,,,,,,,,,,"Alex Vesia","25007",681911
"Mason Fluharty","TOR",1.39965,0.766955,0,3.50182,36,0,0.636,7.1215,,24.6729,103.55,19.426,10.33,9.6,2.67634,9.33099,1.11253,1.83008,28.2186,10.2934,3.40369,3.02418,0.976258,0.272512,0.0901109,0.18240097165107727,0.210263,1.16553,0.272379,0.736781,,,3.57852,0.30308,0.306302,999,,,,,,,154.7,6.188,142,5.68,,,,,,,,,,,,,,,,,,,"Mason Fluharty","31553",689254
"River Ryan","LAD",1.85124,1.31946,1.54395,4.42866,5,5,0,0,,24.915,106.459,23.5144,13.13,12.26,3.43352,9.09501,0.0676293,1.21749,22.2371,8.03267,3.28537,2.44498,1.24028,0.20888,0.0854324,0.12344804406166077,0.24457,1.30883,0.284935,0.700636,,,4.34691,0.30005,0.247268,675.5399780273438,,,,,,,99.69999999999999,3.9879999999999995,100,4,,,,,,,,,,,,,,,,,,,"River Ryan","29514",689981
"Ian Seymour","TBR",2.0859,2.03802,0.532264,4.29589,43,2,1.461,10.5074,,55.581,238.123,49.6049,28.53,26.53,7.75878,19.7678,1.51191,4.55153,52.8896,8.5642,3.20092,2.67554,1.25635,0.222111,0.0830152,0.13909557461738586,0.232012,1.24814,0.273227,0.698042,,,4.32292,0.298957,0.115245,521.1400146484375,,,,,,,266.0000000000001,4.750000000000002,256,4.571428571428571,,,,,,,,,,,,,,,,,,,"Ian Seymour","27932",693855
"José A. Ferrer","SEA",1.69197,1.03164,0,3.84876,41,0,1.95,9.832,,30.0487,127.695,29.6878,13.93,12.85,2.66399,8.37113,0.695179,1.86698,26.7133,8.00101,2.50727,3.19112,0.797904,0.209196,0.0655556,0.14364032447338104,0.252754,1.26657,0.30681,0.702866,,,3.49539,0.295345,0.160712,999,,,,,,,181.10000000000002,6.036666666666667,185,6.166666666666667,,,,,,,,,,,,,,,,,,,"Jose A. Ferrer","24017",678606
"Rhett Lowder","CIN",3.54352,5.28327,3.3361,5.10775,19,12,0,0.4282,,63.3449,276.339,67.019,38.36,35.95,10.1902,22.6315,0.376229,1.80955,46.9571,6.67163,3.21546,2.07486,1.44781,0.169926,0.0818975,0.08802808076143265,0.266056,1.41528,0.291803,0.680387,,,4.86493,0.293728,0.0355,552.219970703125,,,,,,,188.00000000000006,2.984126984126985,204,3.238095238095238,,,,,,,,,,,,,,,,,,,"Rhett Lowder","33876",695076
"Jeremiah Estrada","SDP",1.26857,1.02066,0,3.57838,39,0,0,8.3955,,26.0062,108.895,19.6122,11.12,10.34,3.32277,11.2783,0.662061,0.80228,32.4168,11.2185,3.90312,2.87425,1.14992,0.297687,0.10357,0.1941167637705803,0.202575,1.18782,0.266711,0.753489,,,3.66028,0.29188,0.256318,623.5800170898438,,,,,,,163.49999999999997,6.288461538461537,151,5.8076923076923075,,,,,,,,,,,,,,,,,,,"Jeremiah Estrada","22210",669093
"Phil Maton","CHC",1.52424,0.917441,0,3.61002,39,0,0.704,8.2371,,26.7256,112.329,20.9567,11.5,10.72,2.94129,10.3465,0.49296,2.3944,31.8867,10.738,3.48423,3.08189,0.990494,0.283869,0.0921087,0.1917606219649315,0.210434,1.17128,0.278187,0.728449,,,3.57338,0.28736,0.206541,743.3800048828125,,,,,,,173.3,6.4185185185185185,161,5.962962962962963,,,,,,,,,,,,,,,,,,,"Phil Maton","18064",664208
"Pete Fairbanks","MIA",1.22977,1.12167,0,4.03919,38,0,16.719,2.2295,,27.0722,114.765,24.0704,13.08,12.15,2.86905,9.97725,0.546004,1.06075,27.9167,9.28075,3.31688,2.79804,0.953799,0.24325,0.086936,0.15631432086229324,0.232054,1.25766,0.290662,0.698201,,,3.6372,0.285871,0.103442,111.45999908447266,,,,,,,216.49999999999997,8.018518518518517,212,7.851851851851852,,,,,,,,,,,,,,,,,,,"Pete Fairbanks","17998",664126
"Tanner Scott","LAD",1.75472,0.654487,0,3.66951,40,0,10.116,6.403,,26.6357,111.946,22.2663,11.74,10.86,3.205,9.57345,0.568285,1.43389,30.2246,10.2127,3.2348,3.15712,1.08295,0.269992,0.0855184,0.18447363376617432,0.220592,1.19538,0.28235,0.734834,,,3.63325,0.28382,0.20653,712.8099975585938,,,,,,,206.7,7.655555555555555,197,7.296296296296297,,,,,,,,,,,,,,,,,,,"Tanner Scott","17586",656945
"Tyler Alexander","TEX",2.35488,2.17548,0.804684,4.37697,42,3,1.176,9.1314,,53.4822,227.299,51.2346,28.08,26.01,7.61962,15.4637,1.11752,2.83958,41.398,6.96648,2.60224,2.67711,1.28223,0.18213,0.0680322,0.11409774422645569,0.245146,1.24711,0.272631,0.689233,,,4.42941,0.281688,0.0957769,999,,,,,,,230.20000000000007,4.343396226415096,230,4.339622641509434,,,,,,,,,,,,,,,,,,,"Tyler Alexander","17735",641302
"Patrick Corbin","TOR",3.93261,5.13191,3.21193,5.481,18,13,0,0.414,,63.1527,277.603,69.2537,41.25,38.46,11.1984,22.2386,0.395478,2.03973,48.5063,6.91272,3.16926,2.18118,1.59591,0.174733,0.0801095,0.09462349116802216,0.27338,1.44875,0.299842,0.6627,,,5.02106,0.277981,-0.230651,999,,,,,,,177.50000000000003,2.817460317460318,198,3.142857142857143,,,,,,,,,,,,,,,,,,,"Patrick Corbin","9323",571578
"Tatsuya Imai","HOU",4.19915,5.19773,5.55075,5.25963,14,14,0,0,,75.376,334.593,72.3764,47.05,44.05,13.1738,37.7714,0.216041,5.04218,73.2436,8.74539,4.50996,1.93913,1.57297,0.218903,0.112888,0.10601583123207092,0.248052,1.46131,0.288284,0.688056,,,5.13136,0.277963,-0.0319232,999,,,,,,,224.90000000000003,2.9986666666666673,223,2.973333333333333,,,,,,,,,,,,,,,,,,,"Tatsuya Imai","37124",837227
"Carson Whisenhunt","SFG",1.69873,2.29174,1.36443,4.74016,13,5,0,0.4229,,31.0623,135.895,32.0996,17.5,16.36,3.8872,11.7258,0.375813,1.26515,24.255,7.02766,3.39743,2.06852,1.12628,0.178483,0.0862853,0.0921979621052742,0.261176,1.41089,0.297718,0.685855,,,4.41852,0.277199,0.0416803,999,,,,,,,105.99999999999999,3.419354838709677,112,3.6129032258064515,,,,,,,,,,,,,,,,,,,"Carson Whisenhunt","31676",687931
"Dax Fulton","MIA",1.31694,1.82274,0.83123,4.49308,20,3,0,0.3959,,31.7488,139.549,31.2594,17.03,15.85,3.00761,14.2551,0.810538,1.54493,27.4524,7.78207,4.04097,1.92579,0.852582,0.196721,0.102151,0.09457049518823624,0.252602,1.43358,0.30284,0.689633,,,4.09384,0.275207,0.109396,999,,,,,,,125.30000000000001,3.9156250000000004,127,3.96875,,,,,,,,,,,,,,,,,,,"Dax Fulton","27757",690978
"Camilo Doval","NYY",1.61511,0.869884,0,3.62941,39,0,0.68,8.177,,28.0707,119.449,23.0649,12.14,11.32,2.32605,12.4242,0.623394,1.78119,29.4278,9.43512,3.98345,2.36858,0.745776,0.246362,0.104012,0.14234955608844757,0.219157,1.26428,0.282199,0.724393,,,3.59742,0.273707,0.260171,663.6500244140625,,,,,,,175.80000000000007,6.278571428571431,167,5.964285714285714,,,,,,,,,,,,,,,,,,,"Camilo Doval","21992",666808
"Gregory Soto","PIT",1.4627,1.02613,0,3.92137,41,0,16.566,2.4807,,29.1939,127.093,25.9446,13.71,12.72,2.5142,12.5934,0.52425,3.24803,32.0942,9.89412,3.88233,2.5485,0.775086,0.252525,0.0990874,0.15343715250492096,0.233205,1.32007,0.305705,0.709004,,,3.64746,0.263635,0.107293,728.4099731445312,,,,,,,219.10000000000005,7.555172413793105,215,7.413793103448276,,,,,,,,,,,,,,,,,,,"Gregory Soto","19677",642397
"Louis Varland","TOR",1.5509,0.948265,0,3.94074,42,0,15.485,2.8805,,28.8677,122.4,26.3241,13.63,12.64,3.64098,9.95881,0.745728,0.940427,31.5704,9.84262,3.10483,3.1701,1.13514,0.257928,0.0813629,0.17656534165143967,0.23609,1.25687,0.297331,0.726392,,,3.68378,0.263224,0.107292,999,,,,,,,215.80000000000004,7.441379310344829,211,7.275862068965517,,,,,,,,,,,,,,,,,,,"Louis Varland","27691",686973
"Spencer Miles","TOR",1.94801,1.48599,0.515498,4.23943,36,2,0,4.3057,,43.3713,185.926,40.2351,21.96,20.43,5.35519,15.9149,0.775254,2.96533,40.1113,8.32351,3.30251,2.52036,1.11126,0.215738,0.0855982,0.13014011085033417,0.240863,1.29463,0.286891,0.702736,,,4.16014,0.263058,0.129323,999,,,,,,,191.7,4.4581395348837205,189,4.395348837209302,,,,,,,,,,,,,,,,,,,"Spencer Miles","31621",693686
"Andrew Morris","MIN",1.22417,0.966103,0,4.11058,36,0,1.755,7.3674,,24.6097,105.523,24.0383,12.12,11.24,2.37188,7.80445,0.678616,1.07468,21.6618,7.92193,2.85417,2.77557,0.867421,0.205279,0.0739595,0.13131994009017944,0.24873,1.29391,0.298393,0.69149,,,3.67362,0.257689,0.0995898,999,,,,,,,153,6.12,154,6.16,,,,,,,,,,,,,,,,,,,"Andrew Morris","31891",702193
"JoJo Romero","STL",1.33433,1.1897,0,3.82045,41,0,3.627,8.1117,,30.1771,128.792,27.8621,13.82,12.81,2.65897,11.3422,0.633072,1.37969,27.4824,8.19634,3.38268,2.42303,0.793008,0.213386,0.0880656,0.12532012909650803,0.240045,1.29914,0.293302,0.715418,,,3.68748,0.256936,0.160712,479.0799865722656,,,,,,,182.3,6.076666666666667,181,6.033333333333333,,,,,,,,,,,,,,,,,,,"JoJo Romero","19574",668941
"Lucas Giolito","SDP",4.7865,6.41343,7.74265,5.42011,16,16,0,0,,94,414.223,93.0263,60.3,56.61,18.4214,42.7326,0.384289,2.55051,72.5948,6.95057,4.09142,1.69882,1.76375,0.175256,0.103163,0.07209224253892899,0.252145,1.44424,0.268437,0.686184,,,5.54699,0.256285,-0.134238,728.47998046875,,,,,,,240.40000000000003,2.5574468085106385,244,2.595744680851064,,,,,,,,,,,,,,,,,,,"Lucas Giolito","15474",608337
"A.J. Minter","NYM",1.39743,0.895262,0,4.02101,36,0,0,7.5819,,25.1802,107.284,22.3247,12.19,11.25,2.97125,9.36211,0.509174,1.34845,27.0428,9.6657,3.34623,2.88853,1.062,0.252066,0.0872643,0.16480155289173126,0.231167,1.2584,0.290767,0.708278,,,3.76083,0.250465,0.0995898,999,,,,,,,146.89999999999998,5.8759999999999994,142,5.68,,,,,,,,,,,,,,,,,,,"A.J. Minter","18655",621345
"Reynaldo López","ATL",2.69869,2.9585,1.39819,5.14012,38,5,0,4.1919,,56.2399,247.374,57.301,34.33,32.12,8.29157,23.142,0.81388,1.38429,49.8264,7.97366,3.70339,2.15307,1.32689,0.201421,0.0935507,0.10787058621644974,0.257131,1.43036,0.297514,0.669909,,,4.55171,0.245339,-0.259364,302.9100036621094,,,,,,,211.80000000000013,3.7821428571428592,220,3.9285714285714284,,,,,,,,,,,,,,,,,,,"Reynaldo Lopez","16400",625643
"Thomas White","MIA",0.826531,1.17684,1.03466,4.44915,3,3,0,0,,15.576,67.2793,14.628,8.24,7.7,1.84496,6.51488,0.0475351,0.70885,14.9208,8.6214,3.76437,2.29026,1.06604,0.221773,0.0968333,0.1249401792883873,0.243574,1.3574,0.295289,0.695201,,,4.114,0.244827,0.190841,999,,,,,,,60.80000000000001,3.8000000000000007,60,3.75,,,,,,,,,,,,,,,,,,,"Thomas White","sa3023268",806258
"Ryan Helsley","BAL",1.21799,0.715059,0,3.60958,31,0,13.748,2.6412,,21.1687,88.6861,17.7747,9.13,8.49,2.33678,7.9489,0.47772,0.421854,23.3285,9.91828,3.37953,2.93481,0.993499,0.263046,0.0896297,0.17341642826795578,0.221312,1.21517,0.282488,0.739067,,,3.516,0.244219,0.195095,85.58999633789062,,,,,,,188,8.952380952380953,183,8.714285714285714,,,,,,,,,,,,,,,,,,,"Ryan Helsley","18138",664854
"Cristian Javier","HOU",3.43233,4.44933,4.27108,5.29026,12,12,0,0,,61.704,271.756,57.5143,38.61,36.27,10.796,30.687,0.190887,2.76915,47.5688,6.93828,4.47594,1.55013,1.57468,0.175042,0.112921,0.06212121993303299,0.241353,1.42943,0.25964,0.678526,,,5.45802,0.244125,-0.0413959,470.2799987792969,,,,,,,166.69999999999993,2.6887096774193537,161,2.596774193548387,,,,,,,,,,,,,,,,,,,"Cristian Javier","17606",664299
"Keider Montero","DET",2.66353,3.57717,2.21848,5.10099,16,8,0,0.3878,,45.2029,197.527,47.3051,27.39,25.62,7.71538,15.9468,0.327672,1.79762,34.4131,6.85173,3.17504,2.15799,1.53615,0.17422,0.0807324,0.09348767250776291,0.263124,1.39929,0.287604,0.68373,,,4.97263,0.242993,0.00956142,999,,,,,,,126.39999999999999,2.8088888888888888,135,3,,,,,,,,,,,,,,,,,,,"Keider Montero","22630",672456
"Daniel Palencia","CHC",1.57403,1.02712,0,3.9189,41,0,20.663,1.2555,,28.1099,119.645,23.7063,13.2,12.24,3.27023,11.763,0.547545,1.27584,30.4336,9.74396,3.76617,2.58723,1.04704,0.254366,0.098316,0.1560503989458084,0.222374,1.26181,0.280323,0.7209,,,3.83732,0.24174,0.156858,91.05999755859375,,,,,,,237.90000000000006,8.496428571428574,231,8.25,,,,,,,,,,,,,,,,,,,"Daniel Palencia","27914",694037
"Jake Irvin","WSN",2.56213,5.00296,2.75214,5.02579,17,10,0,0.3932,,52.9529,230.671,53.7192,31.77,29.57,9.26806,19.3533,0.288416,2.57265,43.7797,7.44091,3.28934,2.26213,1.57522,0.189793,0.0839003,0.1058928370475769,0.257344,1.37995,0.285497,0.687261,,,4.96269,0.24168,0.0161911,999,,,,,,,163.10000000000005,3.0773584905660387,170,3.207547169811321,,,,,,,,,,,,,,,,,,,"Jake Irvin","21504",663623
"Tyler Holton","DET",1.6196,1.04207,0,3.5985,38,0,1.172,7.2778,,27.4114,113.294,24.475,11.84,10.96,3.02951,7.13619,0.447254,0.878907,22.9036,7.51996,2.34303,3.2095,0.994682,0.202161,0.0629884,0.13917294889688492,0.232478,1.15321,0.27028,0.722371,,,3.74157,0.241187,0.206553,999,,,,,,,155.5,5.7592592592592595,151,5.592592592592593,,,,,,,,,,,,,,,,,,,"Tyler Holton","26231",663947
"Andrew Kittredge","BAL",1.50784,0.921262,0,3.82956,39,0,1.231,9.4815,,26.8621,111.701,24.668,12.29,11.43,3.24968,7.3178,0.527426,0.645268,25.8197,8.65077,2.45179,3.52835,1.08879,0.23115,0.0655123,0.16563785821199417,0.237791,1.19074,0.286844,0.717875,,,3.63834,0.236332,0.206541,745.8499755859375,,,,,,,166.9,6.181481481481482,165,6.111111111111111,,,,,,,,,,,,,,,,,,,"Andrew Kittredge","12828",552640
"Bailey Ober","MIN",3.95224,6.12468,5.90064,5.50047,15,15,0,0,,79.995,347.902,84.7504,52.11,48.89,17.3608,24.3903,0.219564,3.11615,56.0696,6.30823,2.74409,2.29885,1.95322,0.161165,0.070107,0.09105819463729858,0.264519,1.36434,0.272872,0.67225,,,5.54975,0.236309,-0.205796,494.3399963378906,,,,,,,192.89999999999998,2.41125,210,2.625,,,,,,,,,,,,,,,,,,,"Bailey Ober","21224",641927
"Robert Suarez","ATL",1.6466,1.08305,0,3.991,42,0,2.549,7.7124,,28.7071,120.897,26.4179,13.71,12.73,3.63472,9.02187,0.634964,0.52998,27.3052,8.56049,2.82846,3.02656,1.13952,0.225855,0.0746242,0.15123041719198227,0.237261,1.23453,0.283354,0.715945,,,3.84056,0.233269,0.107292,214.39999389648438,,,,,,,168.80000000000004,5.820689655172415,164,5.655172413793103,,,,,,,,,,,,,,,,,,,"Robert Suarez","30115",663158
"Braydon Fisher","TOR",1.50479,0.849109,0,3.68132,39,0,1.273,9.432,,26.7703,113.901,20.8672,11.79,10.95,2.92462,12.9546,1.07531,1.18085,30.6598,10.3076,4.35526,2.36671,0.983239,0.269179,0.113735,0.15544357895851135,0.209161,1.26341,0.271111,0.741129,,,3.81244,0.231433,0.206541,999,,,,,,,169.3,6.270370370370371,157,5.814814814814815,,,,,,,,,,,,,,,,,,,"Braydon Fisher","24609",680755
"Will Vest","DET",1.55267,1.09715,0,3.88087,38,0,1.759,8.5534,,27.4114,116.465,25.2656,12.77,11.82,2.98639,9.61908,0.475351,1.03133,27.0234,8.87262,3.15824,2.80936,0.980525,0.232031,0.0825922,0.14943883568048477,0.238773,1.27263,0.293903,0.72026,,,3.70895,0.228873,0.103442,485.7300109863281,,,,,,,164.9,6.107407407407408,163,6.037037037037037,,,,,,,,,,,,,,,,,,,"Will Vest","19769",676684
"Brent Headrick","NYY",1.55703,0.89139,0,3.94116,38,0,0,8.7248,,27.3574,115.287,23.4115,12.89,11.98,3.89114,9.54651,0.666269,0.986616,30.6802,10.0931,3.14059,3.21376,1.2801,0.26612,0.0828064,0.18331333249807358,0.22349,1.20472,0.278136,0.729469,,,3.85989,0.227173,0.103442,999,,,,,,,155.8,5.770370370370371,148,5.481481481481482,,,,,,,,,,,,,,,,,,,"Brent Headrick","27702",687396
"Juan Morillo","ARI",1.39087,0.957195,0,3.92834,38,0,0,7.8673,,26.874,115.832,23.7682,12.61,11.73,2.47323,12.3994,0.719365,0.887053,26.2396,8.78755,4.1525,2.11621,0.828277,0.226532,0.107046,0.11948589235544205,0.231783,1.34582,0.288423,0.720304,,,3.82551,0.224248,0.103442,999,,,,,,,157.8,5.844444444444445,154,5.703703703703703,,,,,,,,,,,,,,,,,,,"Juan Morillo","21924",666661
"Tanner Gordon","COL",3.27327,6.24269,3.60715,6.03794,27,12,0,0.3655,,73.0679,325.741,89.2581,52.45,49.02,14.8979,19.9456,0.738249,1.94691,57.857,7.12642,2.45676,2.90074,1.83502,0.177616,0.0612315,0.1163848266005516,0.293758,1.49455,0.321774,0.642398,,,5.0645,0.221279,-0.79918,999,,,,,,,174.30000000000004,2.3876712328767127,220,3.0136986301369864,,,,,,,,,,,,,,,,,,,"Tanner Gordon","27669",685299
"Shawn Armstrong","CLE",1.36327,1.28027,0,4.15946,39,0,0.701,9.3023,,28.4749,121.718,26.172,14.21,13.16,3.56988,10.1154,0.327575,1.20411,28.5356,9.0192,3.19716,2.821,1.12833,0.23444,0.083105,0.15133456885814667,0.237067,1.27437,0.288684,0.705583,,,3.91683,0.218989,0.0539707,748.469970703125,,,,,,,156.40000000000006,5.585714285714288,154,5.5,,,,,,,,,,,,,,,,,,,"Shawn Armstrong","12857",542888
"Mason Englert","TBR",1.94802,2.22552,0.814464,4.5391,34,3,0,2.8595,,48.3202,206.712,47.2133,26.19,24.37,7.29688,14.9826,0.878506,2.23296,40.5252,7.54813,2.79062,2.70482,1.3591,0.196047,0.0724805,0.12356653064489365,0.249151,1.28716,0.281748,0.692684,,,4.45333,0.21703,0.0446049,999,,,,,,,189.90000000000003,3.9562500000000007,192,4,,,,,,,,,,,,,,,,,,,"Mason Englert","22288",669438
"Jonah Tong","NYM",1.33365,1.31173,0.810971,4.42564,12,3,0,0.4202,,22.8984,98.9686,20.8097,12.06,11.26,3.20874,10.3525,0.331095,0.687654,23.5401,9.2522,4.06897,2.27385,1.26117,0.237854,0.104604,0.13324974477291107,0.236666,1.36089,0.287693,0.716244,,,4.31076,0.213457,0.13691,722.8099975585938,,,,,,,93.70000000000002,4.073913043478262,91,3.9565217391304346,,,,,,,,,,,,,,,,,,,"Jonah Tong","32157",804636
"Ryan Fernandez","STL",1.06432,1.01291,0,4.05027,33,0,0,4.6883,,24.3539,104.138,21.8009,11.76,10.96,2.79695,9.73004,0.658336,0.707023,25.593,9.4579,3.59574,2.63031,1.03361,0.245761,0.0934344,0.15232661366462708,0.232666,1.2947,0.290978,0.715944,,,3.77563,0.212443,0.0462606,999,,,,,,,122.50000000000001,5.104166666666667,120,5,,,,,,,,,,,,,,,,,,,"Ryan Fernandez","24862",681676
"Cody Laweryson","MIN",1.08998,0.812427,0,3.96836,31,0,0,2.7952,,21.0238,88.4425,18.2168,9.99,9.27,2.64684,6.95327,0.592843,0.767333,21.7208,9.29837,2.9766,3.12382,1.13308,0.245592,0.078619,0.1669730395078659,0.225673,1.19722,0.276287,0.707217,,,3.77077,0.211253,0.0918887,999,,,,,,,103.7,4.938095238095238,98,4.666666666666667,,,,,,,,,,,,,,,,,,,"Cody Laweryson","26429",689520
"Matt Svanson","STL",0.905028,0.842335,0,3.8886,28,0,0,0.4508,,20.7144,89.0188,18.8765,9.61,8.95,1.85973,8.19216,0.510761,1.13256,20.3337,8.83459,3.55933,2.48209,0.808014,0.22842,0.0920273,0.1363929957151413,0.236862,1.30675,0.29594,0.713616,,,3.65307,0.21026,0.091895,528.7999877929688,,,,,,,94.4,4.495238095238095,92,4.380952380952381,,,,,,,,,,,,,,,,,,,"Matt Svanson","29629",694335
"Tyler Kinley","ATL",1.53879,1.01073,0,4.02042,39,0,0,8.0244,,26.639,113.269,22.7692,12.78,11.9,3.16875,10.7142,0.645114,1.05266,27.4471,9.27301,3.61981,2.56174,1.07056,0.242319,0.0945913,0.14772729575634003,0.224324,1.25693,0.276508,0.712752,,,3.90956,0.209586,0.103441,999,,,,,,,153.10000000000002,5.670370370370371,146,5.407407407407407,,,,,,,,,,,,,,,,,,,"Tyler Kinley","18297",641755
"Kevin Ginkel","ARI",1.4178,0.993101,0,4.12024,39,0,1.403,8.1246,,27.5664,118.185,24.7919,13.55,12.62,3.05113,10.8859,0.475893,1.19848,26.9957,8.81368,3.55408,2.47988,0.996146,0.228418,0.0921088,0.1363096907734871,0.233663,1.29425,0.285859,0.704567,,,3.89411,0.20856,0.0539707,556.52001953125,,,,,,,160.30000000000004,5.725000000000001,156,5.571428571428571,,,,,,,,,,,,,,,,,,,"Kevin Ginkel","19876",656464
"Bryan Baker","TBR",1.56792,1.21574,0,4.1408,42,0,19.238,2.3818,,31.9286,135.524,27.38,15.82,14.69,4.42689,12.8456,0.543617,0.848377,33.4406,9.42619,3.62089,2.60328,1.24785,0.246751,0.0947846,0.15196610987186432,0.22474,1.25986,0.273374,0.717222,,,4.09312,0.207612,0.0616808,999,,,,,,,244.40000000000003,7.637500000000001,235,7.34375,,,,,,,,,,,,,,,,,,,"Bryan Baker","19804",641329
"Justin Slaten","BOS",1.60069,1.08003,0,3.89922,40,0,0.673,10.348,,29.2443,123.817,25.8344,13.69,12.67,3.6509,10.8164,0.61375,0.848724,29.3245,9.02466,3.32878,2.7111,1.12357,0.236837,0.0873581,0.14947862178087234,0.230352,1.25326,0.280178,0.728001,,,3.91283,0.207148,0.107294,999,,,,,,,164.80000000000004,5.682758620689657,160,5.517241379310345,,,,,,,,,,,,,,,,,,,"Justin Slaten","25648",686580
"Riley O'Brien","STL",1.30877,1.25337,0,4.05904,41,0,16.926,3.381,,30.1771,131.772,26.8523,14.59,13.61,2.65264,13.8707,0.704505,3.1553,31.1701,9.29614,4.13678,2.24719,0.791122,0.236544,0.105262,0.13128220289945602,0.234014,1.34947,0.299042,0.706119,,,3.86824,0.20673,0.0578257,264.0400085449219,,,,,,,222.90000000000003,7.4300000000000015,219,7.3,,,,,,,,,,,,,,,,,,,"Riley O'Brien","20348",676617
"Sam Hentges","SFG",1.28035,1.08844,0,4.25067,38,0,0.724,8.1895,,26.0642,113.85,25.6562,13.3,12.31,2.35696,10.9174,0.511209,1.05191,24.4683,8.44895,3.7698,2.24122,0.813864,0.214918,0.0958931,0.11902444809675217,0.251826,1.40321,0.310428,0.699456,,,3.77442,0.205239,0.0501156,999,,,,,,,149.20000000000002,5.738461538461539,153,5.884615384615385,,,,,,,,,,,,,,,,,,,"Sam Hentges","18548",656529
"Seranthony Domínguez","CHW",1.37116,1.23369,0,3.84889,39,0,12.512,3.4672,,28.4809,121.514,21.9394,13.09,12.18,3.29826,14.2357,0.461179,1.68256,32.7638,10.3534,4.49848,2.30153,1.04225,0.26963,0.117153,0.15247713774442673,0.207768,1.27015,0.268087,0.731524,,,3.98016,0.204203,0.156867,194.19000244140625,,,,,,,208.10000000000008,7.43214285714286,196,7,,,,,,,,,,,,,,,,,,,"Seranthony Dominguez","19249",622554
"Brad Keller","PHI",1.87212,1.06037,0,3.76877,42,0,1.966,8.0046,,32.4058,139.628,28.04,14.61,13.57,3.12593,15.2954,0.603074,1.61955,32.6285,9.06186,4.24798,2.13322,0.868159,0.233681,0.109544,0.12413736432790756,0.2285,1.33727,0.286504,0.737322,,,3.90489,0.198701,0.164562,745.9099731445312,,,,,,,184.09999999999997,5.753124999999999,178,5.5625,,,,,,,,,,,,,,,,,,,"Brad Keller","15734",641745
"Patrick Sandoval","BOS",1.19614,1.13496,0.515032,4.13584,16,2,0,0.4332,,24.1982,105.85,22.5158,12.01,11.12,2.3132,11.8296,0.63832,1.14453,21.3913,7.95602,4.39976,1.80829,0.860343,0.202091,0.111758,0.09033244103193283,0.242429,1.41934,0.292066,0.71802,,,4.1819,0.194694,0.146261,999,,,,,,,96.20000000000003,4.008333333333335,97,4.041666666666667,,,,,,,,,,,,,,,,,,,"Patrick Sandoval","19447",663776
"Keaton Winn","SFG",1.61767,1.60337,0.277077,4.60041,41,1,13.99,4.3722,,45.3481,197.832,46.7956,25.03,23.18,5.03911,16.5362,1.00323,1.85904,36.2976,7.20381,3.28186,2.19504,1.00009,0.183477,0.0835872,0.09989000856876373,0.260792,1.39657,0.302364,0.680594,,,4.15937,0.194435,-0.118779,999,,,,,,,250.3,5.562222222222222,261,5.8,,,,,,,,,,,,,,,,,,,"Keaton Winn","23499",676775
"Jake Bird","NYY",1.25885,0.712276,0,3.87934,31,0,0,2.9136,,22.3646,95.3752,19.3466,10.39,9.64,2.37468,8.57749,0.490834,1.61424,23.8976,9.61688,3.45176,2.78608,0.95562,0.250564,0.0899342,0.16062936931848526,0.227117,1.24858,0.288093,0.712781,,,3.70909,0.193255,0.145355,999,,,,,,,115.80000000000001,5.263636363636365,111,5.045454545454546,,,,,,,,,,,,,,,,,,,"Jake Bird","21267",656234
"Erik Miller","SFG",1.38149,1.04778,0,3.85018,39,0,4.342,8.4048,,26.765,116.664,22.465,12.36,11.45,2.04376,14.3096,0.69985,1.82133,27.2256,9.1549,4.81174,1.90262,0.687237,0.233368,0.122656,0.11071167141199112,0.223459,1.37398,0.286559,0.719911,,,3.86502,0.192684,0.206541,999,,,,,,,176,6.518518518518518,167,6.185185185185185,,,,,,,,,,,,,,,,,,,"Erik Miller","26252",669062
"Jordan Wicks","CHC",1.08118,0.983199,0.531799,4.19847,13,2,0,0.4185,,20.1716,85.8091,19.3124,10.12,9.41,2.38381,6.81796,0.342577,0.707224,17.0563,7.61004,3.04198,2.50168,1.06359,0.198771,0.0794549,0.11931575834751129,0.246696,1.2954,0.287686,0.702423,,,4.06306,0.191637,0.133789,999,,,,,,,84,4.2,84,4.2,,,,,,,,,,,,,,,,,,,"Jordan Wicks","30094",696136
"Jordan Montgomery","TEX",1.44224,1.70129,1.0785,4.70658,10,4,0,0.4008,,24.8588,107.238,25.2416,13.96,13,3.29743,8.475,0.279487,0.865205,17.5479,6.35314,3.06833,2.07055,1.19382,0.163635,0.0790297,0.08460551500320435,0.257836,1.35632,0.284794,0.678916,,,4.5385,0.19042,0.0882569,999,,,,,,,92.1,3.6839999999999997,95,3.8,,,,,,,,,,,,,,,,,,,"Jordan Montgomery","16511",656756
"Zack Littell","WSN",3.54327,7.34429,6.42868,5.51001,16,16,0,0,,86.096,376.196,96.5551,56.38,52.71,17.3379,24.4212,0.276756,2.95756,52.3954,5.47713,2.55286,2.14549,1.81241,0.139277,0.0649163,0.07436063140630722,0.276807,1.40513,0.283847,0.667985,,,5.4535,0.186109,-0.229751,709.4099731445312,,,,,,,198.09999999999997,2.303488372093023,232,2.697674418604651,,,,,,,,,,,,,,,,,,,"Zack Littell","15823",641793
"Jovani Morán","BOS",1.44975,0.964489,0,3.89949,36,0,0,6.7901,,26.3111,113.17,21.5383,12.3,11.4,2.79956,13.027,0.69635,1.18377,28.0117,9.5817,4.45604,2.15027,0.957618,0.247518,0.11511,0.13240811973810196,0.217647,1.31371,0.27497,0.726534,,,3.97299,0.186071,0.153029,999,,,,,,,140.3,5.3961538461538465,133,5.115384615384615,,,,,,,,,,,,,,,,,,,"Jovani Moran","20422",663558
"Wilkin Ramos","SFG",1.13167,0.860035,0,3.75906,32,0,0,4.5674,,21.8592,95.136,19.4412,9.85,9.13,1.24026,10.7714,0.727656,1.50533,19.2476,7.92473,4.43486,1.78692,0.510648,0.202316,0.113221,0.08909562230110168,0.234628,1.38214,0.291814,0.715073,,,3.76014,0.180258,0.145347,999,,,,,,,120.1,5.459090909090909,116,5.2727272727272725,,,,,,,,,,,,,,,,,,,"Wilkin Ramos","23988",678576
"Coleman Crow","MIL",1.2158,1.53614,0.80678,4.52291,13,3,0,0.3993,,23.0626,98.4919,22.3873,12.46,11.59,3.64046,7.10082,0.338595,1.08745,20.4902,7.99614,2.77104,2.88561,1.42066,0.208039,0.0720955,0.13594377785921097,0.247911,1.27861,0.2833,0.698118,,,4.439,0.179469,0.131147,999,,,,,,,79.8,3.4695652173913043,79,3.4347826086956523,,,,,,,,,,,,,,,,,,,"Coleman Crow","27926",689441
"Mike Paredes","MIN",0.872681,0.878507,0.278707,4.31513,18,1,0,0.4193,,21.1697,89.8968,20.0199,10.92,10.15,2.78783,6.45317,0.513172,0.837937,18.0126,7.65778,2.74347,2.79127,1.18521,0.200369,0.0717843,0.1285850927233696,0.242355,1.25052,0.278813,0.689101,,,4.14218,0.178782,0.0369719,999,,,,,,,81.5,3.880952380952381,81,3.857142857142857,,,,,,,,,,,,,,,,,,,"Mike Paredes","30187",702474
"Ethan Roberts","CHC",1.18164,0.724145,0,3.70164,30,0,0,2.6785,,20.4963,86.6056,17.0534,9.08,8.43,1.93209,7.96862,0.5967,1.21297,18.9795,8.33395,3.49905,2.38177,0.848388,0.219148,0.0920105,0.12713763117790222,0.22026,1.22081,0.267575,0.714341,,,3.81606,0.178553,0.141509,999,,,,,,,102.2,5.11,97,4.85,,,,,,,,,,,,,,,,,,,"Ethan Roberts","24930",681799
"Jack Dreyer","LAD",1.36319,0.514494,0,3.85928,31,0,0,4.3354,,20.6386,86.8296,17.6314,9.55,8.85,2.5598,7.60895,0.590862,0.503018,20.7922,9.06699,3.31808,2.7326,1.11627,0.23946,0.0876307,0.15182889252901077,0.223982,1.22297,0.272219,0.724505,,,3.87536,0.178075,0.0918887,999,,,,,,,102.7,4.890476190476191,97,4.619047619047619,,,,,,,,,,,,,,,,,,,"Jack Dreyer","30249",676263
"Jacob Lopez","ATH",2.45084,3.46174,2.03082,5.37633,22,7,0,0.422,,48.4457,215.121,49.1877,30.97,28.94,8.58242,20.6063,0.519578,3.21646,43.7883,8.13477,3.82814,2.12499,1.5944,0.203552,0.0957894,0.107762411236763,0.257126,1.44067,0.292277,0.671944,,,5.06923,0.177609,-0.27298,409.239990234375,,,,,,,133.10000000000005,2.7729166666666676,139,2.8958333333333335,,,,,,,,,,,,,,,,,,,"Jacob Lopez","25098",682052
"Will Dion","CLE",0.779528,0.653073,0,3.77242,22,0,0,0.4651,,15.8652,67.5019,14.2558,7.17,6.65,1.52851,5.77906,0.433044,0.516976,16.4144,9.31158,3.27835,2.84033,0.867092,0.24317,0.0856133,0.15755657851696014,0.232915,1.26282,0.294184,0.718909,,,3.47247,0.176075,0.133894,999,,,,,,,68.4,4.275,65,4.0625,,,,,,,,,,,,,,,,,,,"Will Dion","30061",702021
"Hunter Gaddis","CLE",1.48712,1.33512,0,3.98954,41,0,1.402,9.5448,,29.9584,126.459,25.9008,14.31,13.28,4.11868,10.4434,0.557028,1.4268,28.2711,8.49311,3.13736,2.70709,1.23732,0.223559,0.0825828,0.1409761980175972,0.226032,1.21316,0.264992,0.720589,,,4.18726,0.174471,0.160712,999,,,,,,,173.20000000000002,5.773333333333334,166,5.533333333333333,,,,,,,,,,,,,,,,,,,"Hunter Gaddis","25636",683769
"Caleb Thielbar","CHC",1.48579,0.956202,0,3.90996,38,0,0.704,9.6801,,26.0335,109.002,22.3028,12.23,11.31,3.45927,8.73315,0.487323,1.04393,24.6088,8.50747,3.01913,2.81786,1.1959,0.225764,0.0801189,0.14564504474401474,0.224769,1.19216,0.264816,0.717977,,,4.06224,0.173396,0.153018,999,,,,,,,163.3,6.2807692307692315,156,6,,,,,,,,,,,,,,,,,,,"Caleb Thielbar","10078",573204
"Eduardo Rivera","BOS",0.83198,0.478912,0,3.22261,20,0,0,0.4332,,14.5782,62.0476,11.2731,5.61,5.22,0.866181,7.43948,0.492823,0.750747,15.2497,9.41457,4.59283,2.04984,0.534745,0.245775,0.1199,0.12587537616491318,0.209314,1.2836,0.275743,0.748722,,,3.46443,0.170275,0.183847,999,,,,,,,76.1,5.073333333333333,68,4.533333333333333,,,,,,,,,,,,,,,,,,,"Eduardo Rivera","31280",700842
"Jeff Hoffman","TOR",1.39112,0.862723,0,4.10058,37,0,2.546,7.154,,25.372,107.446,20.9261,12.44,11.56,3.68332,9.98258,0.515998,1.58482,29.5786,10.4922,3.54104,2.96302,1.30655,0.275287,0.0929075,0.1823798418045044,0.218255,1.21822,0.275369,0.717174,,,4.02209,0.168837,0.0995885,99.63999938964844,,,,,,,148.20000000000002,5.928000000000001,140,5.6,,,,,,,,,,,,,,,,,,,"Jeff Hoffman","17432",656546
"Jake Bennett","BOS",0.95013,0.973199,0.533661,4.17208,10,2,0,0.4332,,17.8185,76.216,17.3777,8.91,8.26,1.97952,6.02214,0.342013,0.74865,13.69,6.91474,3.04175,2.27328,0.999845,0.179621,0.0790141,0.10060688853263855,0.250236,1.31324,0.286341,0.702419,,,4.14628,0.167241,0.134696,999,,,,,,,71.40000000000002,3.9666666666666677,71,3.9444444444444446,,,,,,,,,,,,,,,,,,,"Jake Bennett","31959",687562
"Adam Macko","TOR",1.45348,1.09653,0.27568,4.37495,32,1,0,0.414,,35.6301,155.671,32.5479,18.6,17.32,4.19443,16.2791,1.05658,1.99688,35.1937,8.88976,4.11201,2.1619,1.05949,0.226077,0.104573,0.12150362879037857,0.236892,1.37038,0.289299,0.703693,,,4.19239,0.166585,0.0169508,999,,,,,,,147.40000000000003,4.094444444444445,144,4,,,,,,,,,,,,,,,,,,,"Adam Macko","25590",671936
"Colin Holderman","CLE",1.30137,1.20736,0,4.10131,37,0,0,8.6823,,26.9914,116.086,24.3024,13.27,12.3,3.06745,10.5878,0.440157,1.9306,26.2005,8.7363,3.53039,2.4746,1.02281,0.2257,0.0912068,0.13449349254369736,0.234653,1.29264,0.285803,0.706639,,,4.02607,0.166356,0.103443,999,,,,,,,149.5,5.537037037037037,145,5.37037037037037,,,,,,,,,,,,,,,,,,,"Colin Holderman","22361",670059
"Enyel De Los Santos","HOU",1.49559,1.03867,0,4.06947,40,0,0.663,9.5957,,27.6228,117.259,24.2151,13.45,12.49,3.66589,10.395,0.460865,1.00161,27.2753,8.88678,3.3869,2.62387,1.19442,0.232606,0.08865,0.14395607262849808,0.22874,1.25296,0.274276,0.717831,,,4.08688,0.164326,0.156862,999,,,,,,,161.60000000000005,5.771428571428573,154,5.5,,,,,,,,,,,,,,,,,,,"Enyel De Los Santos","18403",660853
"Elmer Rodríguez","NYY",1.06479,0.885164,0.530401,4.19108,11,2,0,0.437,,18.9617,82.1116,17.618,9.47,8.83,1.86824,8.34912,0.305411,0.936344,15.863,7.52923,3.96283,1.89996,0.886744,0.193188,0.10168,0.09150837361812592,0.241918,1.36945,0.285865,0.706466,,,4.17548,0.164233,0.188142,748.5700073242188,,,,,,,74.2,3.905263157894737,74,3.8947368421052633,,,,,,,,,,,,,,,,,,,"Elmer Rodriguez","31811",695684
"Jonathan Pintaro","NYM",1.30104,0.859746,0,4.16038,34,0,0,4.538,,23.7526,103.726,21.2945,11.82,10.98,2.54705,11.3675,0.601421,1.33276,25.2725,9.57588,4.30721,2.22322,0.96509,0.243647,0.109592,0.13405511528253555,0.23394,1.37509,0.296609,0.716316,,,3.96882,0.164014,0.0462606,999,,,,,,,120.10000000000002,5.004166666666667,115,4.791666666666667,,,,,,,,,,,,,,,,,,,"Jonathan Pintaro","33980",702752
"Jack Kochanowicz","LAA",3.81386,6.04061,3.60502,5.06325,23,13,0,0.4034,,70.9229,315.003,76.4256,42.81,39.9,9.87973,28.9785,0.756415,5.02169,47.538,6.0325,3.67733,1.64046,1.25372,0.150913,0.0919945,0.05891852825880051,0.271975,1.48618,0.297632,0.683547,,,5.00728,0.162125,0.00112845,999,,,,,,,198.79999999999998,2.8,219,3.084507042253521,,,,,,,,,,,,,,,,,,,"Jack Kochanowicz","27688",686799
"Evan Sisk","PIT",1.26884,0.940944,0,4.21905,36,0,0.654,7.885,,25.5769,112.349,23.0418,12.95,11.99,2.61908,11.7572,0.852258,2.6112,27.846,9.79847,4.13712,2.36843,0.921603,0.247853,0.104649,0.14320430904626846,0.235167,1.36056,0.30249,0.701811,,,3.93779,0.161938,0.0501156,999,,,,,,,143.7,5.526923076923077,139,5.346153846153846,,,,,,,,,,,,,,,,,,,"Evan Sisk","24995",681895
"Ryne Stanek","STL",1.22439,1.22666,0,4.33066,38,0,1.451,8.321,,27.9934,121.428,24.3974,14.39,13.47,3.60633,13.3597,0.505085,0.753024,29.3865,9.4479,4.2952,2.19964,1.15945,0.242008,0.110022,0.13198614120483398,0.227343,1.34879,0.279742,0.714411,,,4.18637,0.161702,0.0539707,745.9000244140625,,,,,,,148.60000000000005,5.307142857142859,141,5.035714285714286,,,,,,,,,,,,,,,,,,,"Ryne Stanek","15947",592773
"Lance McCullers Jr.","HOU",2.42314,2.92867,1.93139,4.99406,15,7,0,0.3954,,40.5662,179.899,38.6109,24.09,22.51,5.96157,20.8087,0.265321,2.59784,37.5862,8.33886,4.61661,1.80627,1.32263,0.20893,0.115669,0.09326072037220001,0.246727,1.46476,0.289074,0.691742,,,4.88708,0.161574,0.059777,999,,,,,,,132.20000000000002,3.2243902439024392,131,3.1951219512195124,,,,,,,,,,,,,,,,,,,"Lance McCullers Jr.","14120",621121
"David Sandlin","CHW",2.53836,4.41561,2.56076,5.36048,17,9,0,0.3669,,50.5365,222.439,52.8656,32.24,30.1,9.2303,19.4447,0.366241,2.04577,41.7691,7.43862,3.46289,2.1481,1.64381,0.187778,0.0874159,0.10036179423332214,0.263081,1.43085,0.291001,0.674722,,,5.09582,0.160086,-0.116864,999,,,,,,,149.90000000000003,2.9392156862745105,159,3.1176470588235294,,,,,,,,,,,,,,,,,,,"David Sandlin","31743",689818
"Mason Barnett","ATH",2.32034,3.16048,1.73511,5.32017,25,6,0,0.422,,48.1451,215.535,49.8549,30.46,28.46,7.24355,22.5045,0.760947,2.68367,40.0377,7.48445,4.20688,1.7791,1.35407,0.18576,0.104413,0.08134756982326508,0.261917,1.50295,0.297846,0.673425,,,4.9609,0.158057,-0.218466,999,,,,,,,141.10000000000002,2.9395833333333337,151,3.1458333333333335,,,,,,,,,,,,,,,,,,,"Mason Barnett","31741",686930
"Tyler Rogers","TOR",1.69956,1.00382,0,3.94122,45,0,1.273,9.2682,,30.9651,128.798,31.1966,14.7,13.56,3.52727,5.99548,0.575052,0.966504,19.0629,5.54063,1.74259,3.17954,1.0252,0.148007,0.0465496,0.10145687684416771,0.256055,1.2011,0.278797,0.697344,,,4.02281,0.157168,0.111144,743.280029296875,,,,,,,157.6,5.083870967741936,161,5.193548387096774,,,,,,,,,,,,,,,,,,,"Tyler Rogers","15541",643511
"Caleb Kilian","SFG",1.33915,1.12856,0,4.27051,39,0,5.065,6.9621,,26.765,117.101,25.2363,13.71,12.7,2.5642,11.9081,1.11162,1.46586,24.135,8.11565,4.00422,2.02677,0.862238,0.206105,0.101691,0.10441385209560394,0.243296,1.3878,0.294338,0.698397,,,4.03973,0.156624,0.000747069,999,,,,,,,159.9,5.9222222222222225,158,5.851851851851852,,,,,,,,,,,,,,,,,,,"Caleb Kilian","26213",668873
"Mitch Bratt","ARI",0.584396,0.52323,0.264269,4.02752,8,1,0,0,,12.2904,51.7381,11.5855,5.92,5.5,1.47862,3.4262,0.276585,0.387265,11.636,8.52079,2.50893,3.39619,1.08276,0.224902,0.066222,0.1586802825331688,0.241745,1.22142,0.290345,0.702516,,,3.70002,0.156088,0.0731304,999,,,,,,,60.30000000000001,5.025000000000001,62,5.166666666666667,,,,,,,,,,,,,,,,,,,"Mitch Bratt","sa3017719",683352
"Yorman Gómez","CLE",0.779668,0.869257,0.268461,4.23328,15,1,0,0,,19.3042,83.0721,17.6082,9.78,9.08,2.33652,7.65709,0.430392,0.994281,18.4883,8.61962,3.56989,2.41454,1.08933,0.222557,0.092174,0.1303834468126297,0.236603,1.3088,0.284941,0.704064,,,4.1012,0.155284,0.0354123,999,,,,,,,78.2,4.11578947368421,78,4.105263157894737,,,,,,,,,,,,,,,,,,,"Yorman Gomez","sa3015931",691414
"Dylan Dodd","ATL",1.38519,0.996783,0,4.43938,37,0,0,7.382,,25.2603,108.182,25.1084,13.47,12.46,3.56899,7.36854,0.632298,1.03103,24.8994,8.87142,2.62534,3.37915,1.2716,0.230163,0.0681127,0.16205012053251266,0.251633,1.28569,0.302038,0.691656,,,3.9616,0.153907,-0.00310538,999,,,,,,,124.80000000000001,4.992000000000001,127,5.08,,,,,,,,,,,,,,,,,,,"Dylan Dodd","29928",689266
"Anthony Bender","MIA",1.25984,1.16386,0,4.27999,39,0,1.98,7.5083,,27.7781,119.31,24.9944,14.22,13.21,3.12065,10.8098,0.652332,1.67164,25.9507,8.40793,3.50233,2.40067,1.01108,0.217507,0.0906025,0.12690414488315582,0.233968,1.28894,0.281309,0.686624,,,4.03871,0.153284,0.0539707,999,,,,,,,160.30000000000004,5.725000000000001,156,5.571428571428571,,,,,,,,,,,,,,,,,,,"Anthony Bender","19742",669622
"Ty Madden","DET",1.34002,1.23252,0.27894,4.47935,27,1,0,0.3878,,31.8863,138.522,29.628,17.12,15.87,4.41021,13.4167,0.91639,1.55728,31.1145,8.78216,3.78691,2.31908,1.24479,0.224618,0.0968565,0.12776179611682892,0.23981,1.34995,0.286491,0.703131,,,4.35397,0.152638,0.0109001,999,,,,,,,126.60000000000002,3.9562500000000007,125,3.90625,,,,,,,,,,,,,,,,,,,"Ty Madden","30140",680744
"Ryan Walker","SFG",0.870277,0.749537,0,4.28227,26,0,0,2.9322,,17.6542,77.3215,17.4703,9.04,8.4,1.48532,6.78464,0.344402,1.54859,16.6631,8.49472,3.45877,2.456,0.757208,0.215504,0.0877459,0.1277577355504036,0.253236,1.37389,0.314419,0.686116,,,3.72081,0.151272,0.0346954,144.55999755859375,,,,,,,95.70000000000003,5.316666666666668,96,5.333333333333333,,,,,,,,,,,,,,,,,,,"Ryan Walker","20423",676254
"Bryan King","HOU",1.51797,1.08369,0,4.14962,41,0,1.99,7.8552,,28.3255,120.798,25.9987,14.07,13.06,3.79256,9.36075,0.554279,1.72552,26.3184,8.36229,2.97424,2.81157,1.20503,0.217871,0.0774908,0.1403801366686821,0.236972,1.24833,0.278968,0.70847,,,4.15519,0.151254,0.0539707,748.469970703125,,,,,,,151.40000000000006,5.407142857142859,149,5.321428571428571,,,,,,,,,,,,,,,,,,,"Bryan King","25890",687911
"Aaron Civale","ATH",3.70001,6.18285,5.51057,5.9496,15,15,0,0,,76.785,341.91,88.0833,54.24,50.76,16.6331,25.7185,0.277545,2.94792,58.19,6.82047,3.01448,2.26257,1.94957,0.170191,0.0752201,0.09497075527906418,0.281197,1.48208,0.299681,0.658028,,,5.51909,0.149347,-0.55502,748.5800170898438,,,,,,,160.90000000000003,2.08961038961039,193,2.5064935064935066,,,,,,,,,,,,,,,,,,,"Aaron Civale","19479",650644
"Bennett Sousa","HOU",0.715253,0.4557,0,3.69341,19,0,0,0.3954,,12.8662,53.9549,10.8075,5.69,5.28,1.4872,4.74065,0.320063,0.320631,14.6719,10.2632,3.31613,3.09492,1.04031,0.27193,0.0878632,0.18406648188829422,0.221041,1.20845,0.284724,0.732073,,,3.50081,0.147333,0.0765089,999,,,,,,,70.30000000000001,5.407692307692309,67,5.153846153846154,,,,,,,,,,,,,,,,,,,"Bennett Sousa","21345",656986
"Kevin Kelly","TBR",1.38794,1.1672,0,4.47899,39,0,0.731,8.6521,,29.5982,126.841,30.6203,15.9,14.73,3.58309,7.74041,0.588026,1.81783,23.12,7.03015,2.35365,2.98692,1.08952,0.182275,0.0610243,0.12125036492943764,0.261081,1.29605,0.29849,0.673599,,,4.079,0.146839,-0.0446641,999,,,,,,,149.20000000000002,4.973333333333334,155,5.166666666666667,,,,,,,,,,,,,,,,,,,"Kevin Kelly","25679",687330
"Grant Wolfram","BAL",1.14745,0.784538,0,4.26857,31,0,0,2.7745,,21.1687,92.2473,20.2968,10.84,10.04,2.27394,8.50221,0.692918,1.17234,20.9764,8.91827,3.61477,2.46717,0.96678,0.227393,0.0921676,0.13522584736347198,0.245805,1.36046,0.303813,0.7011,,,3.8844,0.146188,-0.0108051,999,,,,,,,102.80000000000001,4.895238095238096,103,4.904761904761905,,,,,,,,,,,,,,,,,,,"Grant Wolfram","21623",664991
"Edwin Díaz","LAD",0.859845,0.340057,0,3.90195,20,0,7.587,0.3035,,13.3087,56.2426,10.5208,6.22,5.77,1.72002,5.23786,0.183227,1.22508,17.6841,11.9588,3.54209,3.37621,1.16316,0.314426,0.0931298,0.22129611670970917,0.211348,1.18409,0.289734,0.714474,,,3.57816,0.143743,0.0765039,33,,,,,,,101,7.769230769230769,97,7.461538461538462,,,,,,,,,,,,,,,,,,,"Edwin Diaz","14710",621242
"Justin Bruihl","STL",1.08221,1.05109,0,4.23056,34,0,0,6.6944,,25.0818,109.085,24.1834,12.69,11.79,2.12504,8.90071,0.946196,2.68719,20.313,7.28884,3.19381,2.28218,0.762519,0.186213,0.0815943,0.10461843758821487,0.248042,1.31905,0.29388,0.677341,,,3.9664,0.142927,-0.0031002,999,,,,,,,130,5.2,131,5.24,,,,,,,,,,,,,,,,,,,"Justin Bruihl","23779",677865
"Kade Morris","ATH",2.33561,3.30474,1.99985,5.31259,18,7,0,0,,44.0463,194.462,48.035,27.89,26,6.96904,15.4768,0.493622,2.83043,30.9041,6.31465,3.16238,1.9968,1.42399,0.158921,0.0795875,0.07933299988508224,0.272686,1.44193,0.296972,0.662668,,,4.99923,0.142659,-0.180985,999,,,,,,,122.70000000000003,2.7886363636363645,137,3.1136363636363638,,,,,,,,,,,,,,,,,,,"Kade Morris","sa3023206",695034
"Rico Garcia","BAL",1.60305,1.04089,0,4.06959,41,0,4.309,7.1776,,28.2854,119.848,23.4021,13.77,12.79,4.40349,12.1692,0.868092,0.505865,31.6225,10.0618,3.87206,2.59857,1.40112,0.263856,0.101539,0.16231698542833328,0.218359,1.25758,0.267035,0.741379,,,4.23094,0.142456,0.0539707,999,,,,,,,171.20000000000005,6.114285714285716,161,5.75,,,,,,,,,,,,,,,,,,,"Rico Garcia","20023",670329
"Cooper Criswell","SEA",1.74591,1.35788,0.261009,4.49314,36,1,0,6.4492,,41.8038,181.804,42.2107,22.51,20.87,5.15039,14.868,0.936832,2.41729,33.8869,7.29556,3.20095,2.27918,1.10884,0.186392,0.0817802,0.10461177676916122,0.25657,1.3654,0.295344,0.693202,,,4.31958,0.142323,-0.0710409,999,,,,,,,181.10000000000002,4.311904761904763,186,4.428571428571429,,,,,,,,,,,,,,,,,,,"Cooper Criswell","24975",681867
"Eduard Bazardo","SEA",1.53944,1.07543,0,4.49066,38,0,0.65,8.2424,,27.8779,120.369,27.1959,14.96,13.91,3.59004,10.1254,0.560728,0.83029,25.605,8.26622,3.26886,2.52878,1.159,0.212721,0.08412,0.12860067933797836,0.248561,1.33874,0.294271,0.692402,,,4.11485,0.141899,-0.0485144,999,,,,,,,143.80000000000007,5.135714285714288,144,5.142857142857143,,,,,,,,,,,,,,,,,,,"Eduard Bazardo","20997",660825
"Ryan Thompson","ARI",1.30754,0.994575,0,4.45161,37,0,0,6.8382,,26.1816,113.232,26.2407,13.96,12.95,2.64804,8.5645,0.626941,1.88157,20.2504,6.96116,2.94407,2.36446,0.910271,0.17884,0.0756364,0.10320310294628143,0.255294,1.32938,0.295323,0.670308,,,4.06358,0.141722,-0.0523643,748.4299926757812,,,,,,,122.9,4.726923076923077,126,4.846153846153846,,,,,,,,,,,,,,,,,,,"Ryan Thompson","16647",657044
"John King","MIA",1.15131,1.05519,0,4.0615,36,0,1.32,6.7159,,25.6605,110.16,26.6422,12.56,11.58,2.00205,8.12624,0.46367,0.822141,16.9051,5.92921,2.85015,2.08031,0.702188,0.15346,0.0737679,0.0796925351023674,0.263233,1.35494,0.299379,0.694761,,,3.84155,0.140169,0.0501156,999,,,,,,,137.60000000000002,5.292307692307693,144,5.538461538461538,,,,,,,,,,,,,,,,,,,"John King","22051",667463
"Jonathan Loáisiga","ARI",1.37617,0.968312,0,4.05895,38,0,0.702,9.7484,,26.874,115.295,26.8146,13.11,12.12,2.37505,8.31487,0.684006,1.87274,18.9405,6.34312,2.78462,2.27791,0.795395,0.164279,0.0721182,0.09216076135635376,0.255116,1.30719,0.29167,0.69234,,,3.97529,0.138231,0.103442,999,,,,,,,158,5.851851851851852,162,6,,,,,,,,,,,,,,,,,,,"Jonathan Loaisiga","19753",642528
"Zach Thornton","NYM",0.868338,0.891289,0.549962,4.62393,8,2,0,0.4202,,15.6101,67.5434,15.9567,8.62,8.02,2.11977,5.18665,0.255966,0.665201,12.7682,7.3615,2.99036,2.46174,1.22215,0.189037,0.0767899,0.11224707216024399,0.258653,1.35446,0.295638,0.689017,,,4.35278,0.1374,0.0291465,999,,,,,,,60.20000000000001,3.7625000000000006,62,3.875,,,,,,,,,,,,,,,,,,,"Zach Thornton","33891",804267
"Jacob Webb","CHC",1.54599,0.969445,0,3.88952,39,0,1.409,8.1978,,26.7256,112.25,21.408,12.45,11.55,3.57902,10.9159,0.529599,1.02515,26.5464,8.93965,3.676,2.4319,1.20525,0.236494,0.0972465,0.13924702256917953,0.213421,1.20947,0.254034,0.727629,,,4.19345,0.137283,0.206541,999,,,,,,,151.00000000000003,5.5925925925925934,138,5.111111111111111,,,,,,,,,,,,,,,,,,,"Jacob Webb","19274",657097
"Austin Peterson","CLE",0.807807,1.08004,0.541113,4.58864,9,2,0,0,,16.4755,70.5378,16.5558,9.03,8.4,2.42312,4.76746,0.214989,0.715413,13.1942,7.20755,2.60431,2.76755,1.32367,0.187051,0.0675872,0.11946391314268112,0.25449,1.29425,0.285869,0.685591,,,4.40737,0.136278,0.0231528,999,,,,,,,57.60000000000001,3.6000000000000005,62,3.875,,,,,,,,,,,,,,,,,,,"Austin Peterson","sa3020868",804926
"Jason Adam","SDP",1.3299,1.12998,0,3.9209,41,0,0.684,10.0409,,27.3841,115.122,22.6347,12.83,11.93,3.29384,10.313,0.63371,1.45804,24.1826,7.94783,3.38945,2.34487,1.08255,0.210061,0.0895831,0.12047766149044037,0.219008,1.20317,0.254906,0.709962,,,4.18575,0.135958,0.103438,999,,,,,,,163.10000000000002,6.040740740740741,156,5.777777777777778,,,,,,,,,,,,,,,,,,,"Jason Adam","11861",592094
"Travis Adams","MIN",1.46697,1.67784,0.564399,4.86562,30,2,0,0.4193,,37.3087,164.228,37.9841,21.66,20.17,4.94568,15.2969,0.777112,1.37877,31.393,7.57295,3.69008,2.05224,1.19305,0.191154,0.0931441,0.09801021218299866,0.257428,1.42811,0.297071,0.682119,,,4.48002,0.133983,-0.18751,999,,,,,,,127.50000000000001,3.4459459459459465,134,3.6216216216216215,,,,,,,,,,,,,,,,,,,"Travis Adams","30180",701519
"Kyle Hurt","LAD",1.72243,0.720304,0,4.21947,41,0,1.517,10.3549,,27.302,119.862,23.3118,13.76,12.8,3.03074,14.8803,0.61445,1.65758,31.5661,10.4056,4.90523,2.12134,0.999069,0.263353,0.124145,0.13920808583498,0.225618,1.39888,0.295094,0.71967,,,4.04666,0.133866,0.00074433,999,,,,,,,166.10000000000002,6.151851851851853,159,5.888888888888889,,,,,,,,,,,,,,,,,,,"Kyle Hurt","27514",669165
"Tommy Nance","TOR",0.749307,0.435878,0,3.77038,20,0,0,0.414,,13.4867,56.901,11.9112,6.1,5.65,1.34229,4.81992,0.296998,0.610722,13.9905,9.33622,3.21645,2.90265,0.895742,0.245875,0.0847072,0.16116798669099808,0.231418,1.24056,0.292463,0.715808,,,3.52584,0.132213,0.0765039,999,,,,,,,62.7,4.823076923076924,62,4.769230769230769,,,,,,,,,,,,,,,,,,,"Tommy Nance","19178",667297
"Erick Fedde","CHW",1.9715,3.39733,3.04209,5.42102,8,8,0,0,,42.136,186.318,43.7547,27.01,25.38,6.98722,18.5462,0.125518,1.20821,28.206,6.02464,3.96135,1.52085,1.49243,0.151386,0.0995402,0.05184588581323624,0.26269,1.47857,0.279876,0.671967,,,5.3221,0.130232,-0.0811609,999,,,,,,,106.30000000000001,2.5309523809523813,115,2.738095238095238,,,,,,,,,,,,,,,,,,,"Erick Fedde","17425",607200
"Ty Johnson","TBR",0.521204,0.790965,0.625964,4.60566,2,2,0,0,,9.966,42.7067,9.44105,5.46,5.1,1.48556,3.49812,0.0309941,0.533316,9.24271,8.34682,3.15905,2.64219,1.34156,0.216423,0.0819103,0.1345125138759613,0.244111,1.29833,0.284663,0.688728,,,4.39523,0.129718,0.119276,999,,,,,,,44.300000000000004,4.430000000000001,43,4.3,,,,,,,,,,,,,,,,,,,"Ty Johnson","sa3023410",694494
"Matt Strahm","KCR",1.39154,1.05631,0,4.39936,37,0,1.304,9.0585,,26.4107,112.048,23.7179,13.89,12.91,4.27819,7.81443,0.403868,1.79184,25.4967,8.68854,2.66294,3.26277,1.45788,0.227551,0.0697417,0.15780941396951675,0.231526,1.19393,0.267518,0.690695,,,4.36494,0.127083,-0.0523643,720.1400146484375,,,,,,,141.79999999999998,5.453846153846153,139,5.346153846153846,,,,,,,,,,,,,,,,,,,"Matt Strahm","13799",621381
"Steven Okert","HOU",1.43881,1.02356,0,4.21896,38,0,0,7.627,,26.2174,110.155,21.7614,13.25,12.29,4.55855,9.24924,0.505244,1.15522,28.2608,9.70147,3.17511,3.05547,1.56488,0.256556,0.0839659,0.17258960753679276,0.218158,1.18283,0.257023,0.721136,,,4.39376,0.126738,0.0501156,999,,,,,,,131.7,5.065384615384615,123,4.730769230769231,,,,,,,,,,,,,,,,,,,"Steven Okert","13580",595345
"Sam Bachman","LAA",1.40249,1.18633,0,4.05029,40,0,3.732,7.002,,28.9313,125.799,25.537,14,13.02,2.80711,14.2965,0.804108,1.56637,27.9445,8.69303,4.44738,1.95464,0.87324,0.222137,0.113646,0.10849101096391678,0.23229,1.37683,0.287051,0.719525,,,4.07315,0.124079,0.107294,999,,,,,,,166.10000000000002,5.727586206896553,162,5.586206896551724,,,,,,,,,,,,,,,,,,,"Sam Bachman","29754",696147
"Clarke Schmidt","NYY",0.603492,0.452538,0.370331,4.23133,6,1,0,0.437,,10.7838,46.1043,9.85171,5.44,5.07,1.38675,3.99075,0.139182,0.523912,10.5667,8.81876,3.33061,2.64779,1.15735,0.229191,0.0865592,0.14263136684894562,0.236879,1.28363,0.285629,0.706029,,,4.06667,0.123823,0.127872,999,,,,,,,50.10000000000001,4.554545454545456,49,4.454545454545454,,,,,,,,,,,,,,,,,,,"Clarke Schmidt","19899",657376
"Yohan Ramírez","PIT",1.33166,1.0269,0,4.43944,38,0,0,7.3474,,27.0237,118.786,24.7773,14.34,13.33,3.23925,11.8602,0.941569,2.65459,28.7309,9.56859,3.94993,2.42247,1.0788,0.241871,0.0998446,0.14202608913183212,0.237623,1.35576,0.297893,0.694571,,,4.14197,0.123144,0.000748546,999,,,,,,,138.9,5.144444444444445,137,5.074074074074074,,,,,,,,,,,,,,,,,,,"Yohan Ramirez","19444",670990
"Quinn Mathews","STL",0.664305,1.27,0.803349,4.87716,3,3,0,0,,14.043,61.9033,13.6964,8.12,7.61,1.87044,6.75884,0.0420023,0.624979,12.0294,7.70952,4.33166,1.77981,1.19874,0.194326,0.109184,0.08514226227998734,0.251221,1.45662,0.29114,0.691569,,,4.6944,0.122559,0.0669226,999,,,,,,,42.6,3.042857142857143,44,3.142857142857143,,,,,,,,,,,,,,,,,,,"Quinn Mathews","sa3023407",687273
"Jason Foley","SFG",1.04298,0.903638,0,4.38125,31,0,0,0.4229,,21.1583,91.7161,22.4379,11.1,10.3,1.85943,6.55298,0.422717,1.07583,15.0561,6.40433,2.7874,2.2976,0.790933,0.16416,0.0714485,0.0927114263176918,0.26684,1.37019,0.306356,0.678001,,,3.89966,0.118567,-0.0108051,999,,,,,,,79.60000000000001,3.7904761904761908,85,4.0476190476190474,,,,,,,,,,,,,,,,,,,"Jason Foley","19531",671345
"Max Rajcic","STL",0.591492,0.825125,0.279638,4.62351,12,1,0,0,,16.6432,72.2686,16.5193,9.16,8.55,2.16369,5.93069,0.365009,0.865949,13.9672,7.5529,3.20708,2.35507,1.17004,0.193267,0.0820645,0.11120292544364929,0.252312,1.3489,0.290947,0.684317,,,4.33546,0.117559,0.0347162,999,,,,,,,64.00000000000001,3.764705882352942,66,3.8823529411764706,,,,,,,,,,,,,,,,,,,"Max Rajcic","sa3020746",691008
"Cole Sands","MIN",1.16562,1.01151,0,4.61819,35,0,4.094,6.2451,,23.8925,103.393,23.5416,13.19,12.26,3.07388,8.04234,0.427802,1.33607,21.1355,7.96149,3.02945,2.62803,1.15789,0.204419,0.0777842,0.1266351118683815,0.250403,1.32192,0.293212,0.674252,,,4.17958,0.116955,-0.0562075,735.4400024414062,,,,,,,137.3,5.720833333333334,140,5.833333333333333,,,,,,,,,,,,,,,,,,,"Cole Sands","21461",663485
"Yimi García","TOR",1.14238,0.698457,0,4.06972,30,0,0,6.148,,20.4781,86.2121,16.9007,9.96,9.26,3.17035,7.06302,0.50223,1.58925,22.753,9.99981,3.10416,3.22142,1.39335,0.263919,0.0819261,0.18199237436056137,0.217906,1.17022,0.265905,0.717212,,,4.15669,0.116282,0.0385505,999,,,,,,,109.89999999999999,5.494999999999999,104,5.2,,,,,,,,,,,,,,,,,,,"Yimi Garcia","12095",554340
"Tristan Beck","SFG",1.14181,1.02537,0,4.56948,34,0,0,6.5128,,23.2608,101.659,23.9163,12.71,11.81,2.60367,8.29864,0.591077,0.9499,18.6109,7.20087,3.21088,2.24264,1.0074,0.183073,0.0816324,0.10144009441137314,0.258806,1.38494,0.299354,0.682712,,,4.14646,0.116006,-0.109186,999,,,,,,,109.9,4.778260869565218,115,5,,,,,,,,,,,,,,,,,,,"Tristan Beck","21584",663941
"Justin Lawrence","MIN",1.10661,0.915421,0,4.38015,33,0,0.585,4.3924,,22.4581,99.0742,20.6305,11.74,10.93,2.12343,10.6455,0.553859,2.10677,22.079,8.84808,4.26613,2.07403,0.850955,0.222853,0.10745,0.11540383845567703,0.238995,1.39263,0.297927,0.69024,,,4.0651,0.114331,-0.0600492,999,,,,,,,109.60000000000002,4.981818181818183,110,5,,,,,,,,,,,,,,,,,,,"Justin Lawrence","17639",664875
"Robinson Ortiz","SEA",1.14033,0.697211,0,3.9898,27,0,0,0,,19.9183,85.3687,17.4098,9.52,8.83,2.34407,8.3244,0.726884,0.864111,20.2748,9.16106,3.76135,2.43558,1.05916,0.237496,0.0975111,0.13998515158891678,0.228535,1.29199,0.281281,0.722156,,,3.97674,0.114133,0.0385505,999,,,,,,,92.2,4.61,87,4.35,,,,,,,,,,,,,,,,,,,"Robinson Ortiz","sa3004006",673662
"Cade Povich","BAL",1.35106,1.35442,0.823546,4.78959,13,3,0,0.4162,,23.526,102.386,23.1223,13.42,12.52,3.7452,9.18295,0.414709,1.00792,20.3017,7.76651,3.51299,2.2108,1.43275,0.198286,0.0896899,0.10859647393226624,0.250799,1.37317,0.284339,0.697852,,,4.74186,0.112841,0.08819,999,,,,,,,78.60000000000004,3.2750000000000017,78,3.25,,,,,,,,,,,,,,,,,,,"Cade Povich","30055",700249
"Brady Singer","CIN",4.88278,7.47896,8.0439,5.65956,18,18,0,0,,101.25,449.161,108.818,67.81,63.67,19.7105,37.2731,0.29541,8.23695,82.0854,7.29648,3.31316,2.20227,1.75205,0.182753,0.0829838,0.0997687578201294,0.269585,1.44288,0.295201,0.660621,,,5.35645,0.112831,-0.466045,388.25,,,,,,,247.0000000000001,2.445544554455447,274,2.712871287128713,,,,,,,,,,,,,,,,,,,"Brady Singer","25377",663903
"Brooks Raley","NYM",1.4477,1.05909,0,4.66114,39,0,1.413,9.5726,,27.3217,119.121,27.3027,15.27,14.15,3.94923,8.88058,0.553964,2.33277,25.9498,8.54811,2.92534,2.92209,1.30091,0.217843,0.0745506,0.14329282939434052,0.253018,1.32434,0.299368,0.682228,,,4.30948,0.111684,-0.101542,999,,,,,,,144.40000000000003,5.348148148148149,147,5.444444444444445,,,,,,,,,,,,,,,,,,,"Brooks Raley","10061",548384
"Wilber Dotel","PIT",1.46747,1.58193,0.561605,4.75272,28,2,0,0.4072,,36.2067,159.192,34.6528,20.55,19.12,5.07917,16.3547,0.915431,2.00701,33.113,8.23101,4.06534,2.02468,1.26254,0.208007,0.102736,0.10527092963457108,0.246061,1.40879,0.288135,0.693846,,,4.61468,0.11156,-0.13614,999,,,,,,,125.90000000000003,3.497222222222223,127,3.5277777777777777,,,,,,,,,,,,,,,,,,,"Wilber Dotel","28901",696062
"Jared Koenig","MIL",1.07767,0.894425,0,4.23807,31,0,0,4.1526,,21.5546,93.3121,20.6681,10.98,10.15,2.55742,8.06202,0.600073,1.23568,20.9266,8.73777,3.36624,2.5957,1.06783,0.224265,0.0863985,0.1378663033246994,0.246006,1.3329,0.299199,0.705777,,,3.99347,0.110058,0.0424055,748.489990234375,,,,,,,102.30000000000001,4.65,102,4.636363636363637,,,,,,,,,,,,,,,,,,,"Jared Koenig","27517",657649
"Tim Mayza","PHI",1.48175,0.934901,0,4.31105,35,0,0,6.0943,,27.1813,117.169,28.2394,14.08,13.02,3.14534,8.38904,0.683996,1.00324,22.6743,7.50767,2.7777,2.70284,1.04145,0.193518,0.071598,0.12192010134458542,0.262019,1.34756,0.306187,0.69972,,,3.97129,0.109836,0.000753484,999,,,,,,,133.10000000000002,4.9296296296296305,139,5.148148148148148,,,,,,,,,,,,,,,,,,,"Tim Mayza","15042",641835
"Tanner Banks","PHI",1.40952,0.915868,0,4.42842,33,0,0,4.1905,,25.6886,110.537,25.6334,13.71,12.64,3.55042,7.87445,0.478326,1.20139,22.634,7.92981,2.75881,2.87436,1.24389,0.204764,0.071238,0.13352549076080322,0.252643,1.30439,0.293357,0.693755,,,4.19317,0.109664,-0.0523372,999,,,,,,,110.6,4.253846153846154,113,4.346153846153846,,,,,,,,,,,,,,,,,,,"Tanner Banks","16990",621383
"Seth Halvorsen","COL",1.15266,1.08869,0,4.97986,35,0,0.583,6.1766,,26.8381,120.405,28.0812,16.02,14.85,2.868,12.8855,0.777498,0.980852,26.4767,8.87881,4.32107,2.05477,0.961769,0.219897,0.107018,0.11287955194711685,0.263578,1.52644,0.326622,0.67512,,,4.06486,0.109423,-0.203283,712.510009765625,,,,,,,129.10000000000002,4.7814814814814826,135,5,,,,,,,,,,,,,,,,,,,"Seth Halvorsen","33294",678020
"Luke Weaver","NYM",1.64945,1.06112,0,4.24905,42,0,4.238,7.6357,,29.4631,125.156,26.37,15,13.91,4.59832,10.5839,0.52181,0.69001,28.9544,8.84461,3.23305,2.73569,1.40463,0.231346,0.0845657,0.1467798575758934,0.231555,1.25425,0.271029,0.719417,,,4.3101,0.108883,0.00459849,733.510009765625,,,,,,,159.50000000000003,5.500000000000001,154,5.310344827586207,,,,,,,,,,,,,,,,,,,"Luke Weaver","16918",596133
"Ethan Pecko","HOU",0.647061,0.696858,0.767349,4.71397,2,2,0,0,,10.768,46.1118,10.4562,6.04,5.64,1.73683,3.71717,0.0308274,0.399728,9.58164,8.00843,3.10685,2.57767,1.45166,0.207792,0.0806121,0.12717945873737335,0.248986,1.31625,0.284236,0.692683,,,4.56288,0.108428,0.0808629,999,,,,,,,38.80000000000001,3.5272727272727282,37,3.3636363636363638,,,,,,,,,,,,,,,,,,,"Ethan Pecko","sa3022997",814490
"Carson Seymour","SFG",0.959261,1.1987,0.550428,4.72106,14,2,0,0.4229,,21.0271,93.1133,21.8816,11.86,11.03,2.32968,9.26232,0.421339,1.08976,17.2112,7.36675,3.96445,1.8582,0.997147,0.184842,0.0994737,0.08536822348833084,0.264394,1.48113,0.309266,0.691617,,,4.37894,0.10837,-0.016828,999,,,,,,,77.60000000000001,3.6952380952380954,83,3.9523809523809526,,,,,,,,,,,,,,,,,,,"Carson Seymour","30084",693313
"Robby Ahlstrom","TEX",1.35333,0.911975,0,4.06023,37,0,0.588,7.1364,,23.6736,101.814,20.8633,11.53,10.68,2.71447,9.9529,0.71408,1.13595,22.8169,8.67432,3.7838,2.29249,1.03196,0.224103,0.0977553,0.1263473778963089,0.22996,1.30171,0.278381,0.713882,,,4.06691,0.106109,0.0462606,999,,,,,,,132.10000000000002,5.504166666666667,127,5.291666666666667,,,,,,,,,,,,,,,,,,,"Robby Ahlstrom","30167",695239
"Brendon Little","TOR",0.898642,0.504044,0,3.69214,24,0,0,0.414,,16.2832,70.3646,13.3802,7.21,6.68,1.52468,8.25486,0.533393,1.36773,19.1794,10.6007,4.56259,2.3234,0.842715,0.272571,0.117316,0.15525591373443604,0.220279,1.32867,0.296107,0.739727,,,3.73309,0.105976,0.133865,748.52001953125,,,,,,,71.00000000000001,4.437500000000001,65,4.0625,,,,,,,,,,,,,,,,,,,"Brendon Little","21574",663893
"Hunter Harvey","CHC",0.730251,0.46276,0,3.89825,19,0,0,0.4185,,12.8827,53.9386,11.1992,6.02,5.58,1.57846,4.2345,0.222926,0.529172,13.2408,9.25019,2.95828,3.12689,1.10273,0.245479,0.0785059,0.16697336733341217,0.227741,1.19802,0.280033,0.711872,,,3.74526,0.105789,0.0765089,748.530029296875,,,,,,,53.99999999999999,4.153846153846153,50,3.8461538461538463,,,,,,,,,,,,,,,,,,,"Hunter Harvey","15507",640451
"Blake Treinen","LAD",1.47277,0.638864,0,4.3602,35,0,0.759,7.3266,,23.304,100.394,21.744,12.18,11.29,2.88896,9.01656,0.501641,1.16071,21.8072,8.42194,3.4822,2.41857,1.11572,0.217215,0.0898116,0.12740378826856613,0.241019,1.31997,0.287771,0.695483,,,4.14891,0.105213,-0.00695752,999,,,,,,,123.10000000000001,5.352173913043479,123,5.3478260869565215,,,,,,,,,,,,,,,,,,,"Blake Treinen","12572",595014
"Graham Ashcraft","CIN",0.525841,0.381115,0,3.67359,15,0,0,0.4282,,10.5102,44.5853,9.32698,4.62,4.29,0.952579,4.06154,0.252573,0.454112,9.96629,8.53428,3.47796,2.45382,0.815707,0.223533,0.091096,0.13243687897920609,0.232769,1.27387,0.287278,0.727382,,,3.66939,0.104365,0.0726813,999,,,,,,,53.70000000000001,4.881818181818183,50,4.545454545454546,,,,,,,,,,,,,,,,,,,"Graham Ashcraft","27552",668933
"Hagen Smith","CHW",0.762839,1.20226,0.945246,4.8128,3,3,0,0,,14.904,65.2825,13.5801,8.53,7.97,2.29592,7.44265,0.051996,0.803602,14.0454,8.48154,4.49436,1.88715,1.38642,0.215149,0.114007,0.10114173591136932,0.238095,1.41054,0.277287,0.701506,,,4.87641,0.103877,0.0306807,999,,,,,,,54.00000000000001,3.6000000000000005,53,3.533333333333333,,,,,,,,,,,,,,,,,,,"Hagen Smith","sa3025544",696146
"Ryan Zeferjahn","LAA",1.32,1.19408,0,4.31093,38,0,0,7.6551,,27.4326,120.444,22.7762,14.07,13.14,3.37278,14.6294,0.871087,2.43974,31.5908,10.3642,4.79958,2.1594,1.10653,0.262286,0.121463,0.1408238708972931,0.220326,1.36355,0.283629,0.713983,,,4.26054,0.102183,0.000748546,999,,,,,,,148.10000000000002,5.485185185185186,141,5.222222222222222,,,,,,,,,,,,,,,,,,,"Ryan Zeferjahn","25420",666171
"Brock Stewart","LAD",0.892625,0.374321,0,4.14094,21,0,0,0.4335,,13.9751,60.2083,11.802,6.93,6.43,1.89647,6.07252,0.306507,1.0486,16.8697,10.8642,3.91072,2.77805,1.22133,0.28019,0.100859,0.17933113127946854,0.222315,1.27903,0.288616,0.719114,,,3.97727,0.100162,0.0269853,999,,,,,,,60.800000000000026,4.342857142857144,57,4.071428571428571,,,,,,,,,,,,,,,,,,,"Brock Stewart","16727",592779
"Blade Tidwell","SFG",0.767128,0.840337,0.268461,4.53935,15,1,0,0.4229,,18.3595,80.8595,17.4855,9.95,9.26,2.1166,8.6783,0.523369,0.977974,16.1528,7.91828,4.25419,1.86129,1.03758,0.199764,0.107326,0.09243857860565186,0.245572,1.42508,0.290342,0.698854,,,4.41568,0.0991729,-0.0200971,999,,,,,,,66.40000000000002,3.68888888888889,66,3.6666666666666665,,,,,,,,,,,,,,,,,,,"Blade Tidwell","31701",694918
"Jakob Junis","TEX",1.41797,1.00189,0,4.25111,39,0,4.115,6.5983,,25.0664,105.936,24.1909,12.77,11.84,3.26428,6.47966,0.467765,1.22985,19.0027,6.82287,2.3265,2.93268,1.17203,0.17938,0.061166,0.11821404099464417,0.246278,1.22357,0.275499,0.685831,,,4.19814,0.0979187,-0.00310839,999,,,,,,,150.7,6.028,151,6.04,,,,,,,,,,,,,,,,,,,"Jakob Junis","13619",596001
"Alex Hoppe","SEA",1.28274,0.891643,0,4.43953,32,0,0,4.3553,,23.5363,103.691,22.3702,12.48,11.61,2.57163,11.174,0.62207,1.32168,23.7264,9.07272,4.27281,2.12336,0.98336,0.228819,0.107763,0.12105615437030792,0.2453,1.42521,0.305076,0.703455,,,4.09569,0.0971226,0.0462606,999,,,,,,,111.50000000000001,4.645833333333334,109,4.541666666666667,,,,,,,,,,,,,,,,,,,"Alex Hoppe","31880",695380
"Ryan Johnson","LAA",0.821201,0.938776,0.271255,4.55513,17,1,0,0.4034,,21.0422,91.0286,21.0058,11.45,10.65,2.97126,7.33521,0.523668,0.787158,18.2642,7.81181,3.13735,2.48994,1.27084,0.200643,0.0805814,0.1200612261891365,0.253368,1.34686,0.292432,0.698517,,,4.35642,0.0960094,0.0392516,999,,,,,,,75.9,3.6142857142857148,78,3.7142857142857144,,,,,,,,,,,,,,,,,,,"Ryan Johnson","35325",696270
"Caden Dana","LAA",1.58887,2.51032,2.53338,5.36957,6,6,0,0,,33.12,146.562,33.5473,21.05,19.76,5.72753,14.5069,0.107924,1.78473,27.5732,7.49271,3.94209,1.90069,1.55639,0.188133,0.0989812,0.08915174007415771,0.25752,1.45091,0.286891,0.674504,,,5.15748,0.0950283,-0.0429632,999,,,,,,,87.00000000000003,2.636363636363637,92,2.787878787878788,,,,,,,,,,,,,,,,,,,"Caden Dana","31508",702674
"Cade Gibson","MIA",1.02149,0.956242,0,4.29172,32,0,0,2.7452,,22.837,99.6244,21.4259,11.73,10.89,2.03794,8.86599,0.60854,2.62234,19.5038,7.68641,3.49406,2.19985,0.803148,0.195774,0.0889941,0.10677937418222427,0.2431,1.32644,0.291135,0.676484,,,4.0599,0.0928758,-0.00695175,999,,,,,,,107.00000000000003,4.652173913043479,105,4.565217391304348,,,,,,,,,,,,,,,,,,,"Cade Gibson","31815",806188
"Gordon Graceffo","STL",1.15268,1.22095,0,4.61132,37,0,0,8.1345,,27.2655,119.135,27.7526,15.02,13.97,3.18111,10.2977,0.670707,0.811007,21.5372,7.10915,3.39916,2.09145,1.05004,0.180779,0.0864375,0.09434182941913605,0.256905,1.39555,0.294947,0.685492,,,4.25792,0.0924567,-0.101517,999,,,,,,,133.10000000000002,4.9296296296296305,139,5.148148148148148,,,,,,,,,,,,,,,,,,,"Gordon Graceffo","29519",700669
"Eric Cerantola","KCR",0.93722,0.684426,0,4.13985,25,0,0,0.4109,,17.7398,77.6147,14.36,8.75,8.16,1.92822,9.96796,0.39773,1.2005,20.3208,10.3094,5.05709,2.03861,0.978254,0.261816,0.128429,0.13338768482208252,0.216115,1.37138,0.28128,0.720254,,,4.10947,0.0919577,0.0346954,999,,,,,,,79.20000000000002,4.400000000000001,71,3.9444444444444446,,,,,,,,,,,,,,,,,,,"Eric Cerantola","30128",672021
"Tyler Samaniego","BOS",1.0038,0.669316,0,3.90194,25,0,0,0.4332,,18.2447,78.2914,16.4553,8.55,7.91,1.75642,7.39493,0.634651,0.945545,15.1663,7.4814,3.64786,2.0509,0.866431,0.193716,0.0944539,0.09926163405179977,0.23524,1.30724,0.277189,0.715256,,,4.05912,0.0900581,0.0346954,999,,,,,,,73.00000000000003,4.055555555555557,70,3.888888888888889,,,,,,,,,,,,,,,,,,,"Tyler Samaniego","30081",701719
"Riley Cornelio","WSN",1.83437,3.78854,2.01126,5.41679,17,7,0,0.3932,,41.8864,186.701,43.1976,26.99,25.21,6.97362,19.2564,0.466116,1.72418,34.9488,7.50933,4.13755,1.81492,1.4984,0.187191,0.10314,0.08405105769634247,0.260666,1.49103,0.292606,0.673057,,,5.097,0.0900282,-0.192071,999,,,,,,,119.90000000000002,2.8547619047619053,126,3,,,,,,,,,,,,,,,,,,,"Riley Cornelio","31953",683000
"Juan Mejia","COL",1.27076,1.26174,0,5.11864,39,0,4.47,5.8645,,29.9083,136.503,31.2698,18.32,17.01,3.2726,15.2156,1.20461,2.36888,30.3482,9.13236,4.57868,1.99454,0.984788,0.222325,0.111467,0.11085851490497589,0.26295,1.55426,0.328227,0.672145,,,4.25561,0.0894028,-0.248436,748.510009765625,,,,,,,157.5,5.25,164,5.466666666666667,,,,,,,,,,,,,,,,,,,"Juan Mejia","23237",675848
"Chase Silseth","LAA",1.34263,1.16319,0,4.1797,38,0,1.866,8.8964,,27.4326,118.52,23.355,13.66,12.74,3.36322,12.8423,0.764821,1.72463,27.8534,9.13807,4.21327,2.16888,1.10339,0.235011,0.108356,0.1266547292470932,0.224669,1.3195,0.274853,0.715725,,,4.25485,0.0892003,0.000748546,999,,,,,,,160.10000000000002,5.9296296296296305,153,5.666666666666667,,,,,,,,,,,,,,,,,,,"Chase Silseth","30074",681217
"Kutter Crawford","BOS",0.71191,0.676047,0.262406,4.44538,11,1,0,0.4332,,15.245,64.8445,13.9585,8.12,7.53,2.54086,5.02252,0.280059,0.684567,14.132,8.34292,2.96508,2.81373,1.50001,0.217937,0.0774549,0.14048216491937637,0.236036,1.24506,0.268875,0.704173,,,4.53449,0.0891036,0.0277506,999,,,,,,,47.699999999999996,3.1799999999999997,46,3.066666666666667,,,,,,,,,,,,,,,,,,,"Kutter Crawford","20531",676710
"Paul Sewald","ARI",1.46161,1.10163,0,4.52886,40,0,16.372,3.0637,,28.2588,120.384,24.8825,15.29,14.22,4.94483,9.65836,0.592516,1.56769,28.7389,9.15292,3.07604,2.97555,1.57485,0.238727,0.0802295,0.15849744528532028,0.227949,1.22231,0.264165,0.697038,,,4.53129,0.0888208,-0.0485253,389.9100036621094,,,,,,,194.70000000000005,6.95357142857143,189,6.75,,,,,,,,,,,,,,,,,,,"Paul Sewald","13892",623149
"Brenan Hanifee","DET",1.38941,1.08605,0,4.36042,35,0,0,5.9724,,25.1604,109.5,25.9908,13.18,12.19,2.32825,9.05263,0.611544,1.14754,17.363,6.2108,3.23816,1.918,0.832826,0.158565,0.0826722,0.07589323818683624,0.26174,1.3928,0.297235,0.687878,,,4.13771,0.0881542,-0.00310202,999,,,,,,,120.80000000000001,4.832000000000001,127,5.08,,,,,,,,,,,,,,,,,,,"Brenan Hanifee","22304",669724
"Jonathan Bowlan","PHI",1.58598,1.03918,0,4.45072,37,0,0,7.396,,28.674,124.69,27.3202,15.3,14.18,3.9323,11.9984,0.966071,0.813839,27.2305,8.54693,3.76598,2.26951,1.23424,0.218386,0.096226,0.12215981632471085,0.244197,1.37123,0.28976,0.710329,,,4.32266,0.0873543,0.00460558,999,,,,,,,138.20000000000005,4.765517241379312,136,4.689655172413793,,,,,,,,,,,,,,,,,,,"Jonathan Bowlan","24607",680742
"Jesse Scholtens","TBR",1.07289,1.60348,0.82634,5.05136,11,3,0,0.4468,,22.4138,98.0191,23.0681,13.51,12.58,3.61389,8.16234,0.320471,1.11012,16.873,6.77516,3.2775,2.06718,1.45112,0.17214,0.0832729,0.08886685222387314,0.259932,1.39336,0.285002,0.677102,,,4.93026,0.0872213,-0.115799,999,,,,,,,60.80000000000001,2.763636363636364,65,2.9545454545454546,,,,,,,,,,,,,,,,,,,"Jesse Scholtens","19205",669947
"Chris Martin","TEX",0.78924,0.565632,0,4.19811,22,0,0,0.4008,,13.2274,55.4474,13.3587,6.67,6.17,1.71562,2.56476,0.288337,0.517474,10.3046,7.01134,1.74508,4.01778,1.16732,0.185845,0.0462557,0.13958945497870445,0.255107,1.20383,0.288589,0.684348,,,3.92582,0.0871273,-0.0262,638.3599853515625,,,,,,,45.8,3.523076923076923,47,3.6153846153846154,,,,,,,,,,,,,,,,,,,"Chris Martin","11847",455119
"Calvin Faucher","MIA",1.1351,1.19536,0,4.67983,37,0,0.66,7.5417,,26.3664,117.08,25.673,14.73,13.71,2.74818,13.1449,0.751887,1.16874,25.1226,8.57546,4.48693,1.91121,0.938074,0.214577,0.112273,0.10230420529842377,0.24982,1.47225,0.306092,0.688807,,,4.17667,0.0864017,-0.154419,999,,,,,,,132.9,5.111538461538462,136,5.230769230769231,,,,,,,,,,,,,,,,,,,"Calvin Faucher","20116",676534
"Nolan Hoffman","PHI",0.968321,0.631943,0,4.45925,23,0,0,0.4029,,18.2251,80.0661,17.7938,9.75,9.03,1.91639,7.89583,0.467031,0.963205,17.0189,8.40439,3.89917,2.15543,0.946361,0.212561,0.0986165,0.11394485086202621,0.249888,1.40958,0.303748,0.692826,,,4.05631,0.0859807,-0.0676539,999,,,,,,,68.80000000000003,3.8222222222222237,71,3.9444444444444446,,,,,,,,,,,,,,,,,,,"Nolan Hoffman","23381",676510
"Alimber Santa","HOU",1.14274,0.808796,0,4.14959,31,0,0,2.6361,,21.2985,92.4798,17.8781,10.56,9.82,2.48655,10.9566,0.486954,1.23776,23.3576,9.8701,4.62986,2.13183,1.05073,0.25257,0.118475,0.1340944692492485,0.222682,1.35384,0.282719,0.720795,,,4.14071,0.0858742,-0.0108051,999,,,,,,,106.00000000000001,5.047619047619048,101,4.809523809523809,,,,,,,,,,,,,,,,,,,"Alimber Santa","28846",695001
"Eli Morgan","KCR",1.07455,0.838495,0,4.44109,29,0,0,0.4109,,20.6301,88.4308,19.0793,10.97,10.18,2.92378,7.65611,0.349189,0.814688,19.0637,8.31666,3.34003,2.49,1.27552,0.215578,0.0865774,0.1290002092719078,0.238611,1.29595,0.278676,0.696287,,,4.32479,0.0831652,-0.0108004,999,,,,,,,80.1,3.814285714285714,77,3.6666666666666665,,,,,,,,,,,,,,,,,,,"Eli Morgan","20203",669212
"DJ Herz","WSN",0.435286,0.637792,0.263571,4.26298,7,1,0,0.3932,,10.7671,46.9048,9.19198,5.47,5.1,1.30525,5.63647,0.18684,0.533997,11.3303,9.47073,4.7114,2.01017,1.09103,0.241559,0.120168,0.12139061093330383,0.225657,1.3772,0.280678,0.71982,,,4.28929,0.0824731,0.122827,999,,,,,,,46.70000000000001,4.245454545454546,43,3.909090909090909,,,,,,,,,,,,,,,,,,,"DJ Herz","26389",687792
"Yerry De los Santos","NYY",0.989803,0.611369,0,4.20014,25,0,0,0.437,,18.0851,78.4511,17.4178,9.12,8.44,1.75949,7.37022,0.376415,0.929677,15.3958,7.66168,3.66777,2.08892,0.875602,0.196247,0.0939468,0.1023007333278656,0.24829,1.37063,0.295464,0.701824,,,4.03768,0.0820641,0.0346954,999,,,,,,,70.40000000000002,3.9111111111111123,70,3.888888888888889,,,,,,,,,,,,,,,,,,,"Yerry De los Santos","21420",660787
"George Soriano","STL",1.22238,1.28016,0,4.54053,39,0,2.176,9.7821,,28.7213,125.954,27.4165,15.55,14.49,3.30361,12.4185,0.686769,2.0982,25.917,8.12124,3.89142,2.08696,1.03521,0.205765,0.0985956,0.1071697399020195,0.246026,1.38695,0.293285,0.68972,,,4.30559,0.0808037,-0.0976858,999,,,,,,,167.5,5.775862068965517,166,5.724137931034483,,,,,,,,,,,,,,,,,,,"George Soriano","21863",666277
"Nick Davila","SEA",1.22693,0.853365,0,4.49815,30,0,0,2.6802,,22.0891,95.7152,21.6501,11.93,11.04,2.79186,7.8619,0.921701,1.04958,18.0779,7.3657,3.20326,2.29944,1.13752,0.188872,0.0821385,0.1067337915301323,0.249415,1.33605,0.286018,0.686706,,,4.31527,0.0803639,-0.0600243,999,,,,,,,89.7,4.077272727272727,92,4.181818181818182,,,,,,,,,,,,,,,,,,,"Nick Davila","27741",689546
"Jonathan Cannon","CHW",1.83764,3.05949,1.68621,5.2501,15,6,0,0.3669,,37.5078,164.773,38.6795,23.45,21.88,6.44796,14.3021,0.35914,1.81888,26.7909,6.42847,3.43179,1.87321,1.54719,0.162593,0.0867989,0.07579398900270462,0.260202,1.41255,0.279272,0.671868,,,5.19439,0.0792541,-0.036841,999,,,,,,,111.99999999999997,2.947368421052631,118,3.1052631578947367,,,,,,,,,,,,,,,,,,,"Jonathan Cannon","31730",686563
"Hayden Wesneski","HOU",0.671876,0.59381,0.258913,4.21587,10,1,0,0.3954,,13.3851,56.5455,12.0537,6.74,6.27,2.06471,4.47236,0.216169,0.571285,12.4671,8.38271,3.00716,2.78758,1.38829,0.220479,0.0790932,0.1413855478167534,0.234043,1.23466,0.27019,0.717691,,,4.37162,0.0792249,0.0203414,999,,,,,,,49.39999999999999,3.7999999999999994,48,3.6923076923076925,,,,,,,,,,,,,,,,,,,"Hayden Wesneski","27581",669713
"Andrew Hoffmann","ARI",0.917583,0.700787,0,4.49877,26,0,0,0.4215,,18.5651,81.4237,17.6763,10.01,9.28,2.08307,8.48436,0.580139,0.681556,17.0749,8.27761,4.11306,2.01252,1.00983,0.209705,0.1042,0.10550452768802643,0.244629,1.40913,0.293659,0.694821,,,4.19904,0.0789975,-0.0146475,999,,,,,,,76.2,4.010526315789474,76,4,,,,,,,,,,,,,,,,,,,"Andrew Hoffmann","29633",694851
"Spencer Turnbull",,0.576922,0.743193,0.695696,4.87384,2,2,0,0,,10.304,45.1369,10.1536,5.96,5.58,1.34571,4.54421,0.0328382,0.531649,7.90364,6.90341,3.96913,1.73928,1.17541,0.175104,0.100676,0.07442764192819595,0.253453,1.42642,0.285861,0.681905,,,4.74026,0.0789104,0.0204538,999,,,,,,,33.7,3.37,35,3.5,,,,,,,,,,,,,,,,,,,"Spencer Turnbull","16207",605513
"Lake Bachar","MIA",1.06537,1.02912,0,4.38859,33,0,0,4.2762,,23.5429,102.259,20.2949,12.38,11.48,3.26113,11.3357,0.702474,1.06252,25.1158,9.60131,4.33344,2.21564,1.24667,0.245611,0.110853,0.13475735485553741,0.225849,1.34353,0.277047,0.711273,,,4.3457,0.0778558,0.0462606,999,,,,,,,118.70000000000002,4.945833333333334,111,4.625,,,,,,,,,,,,,,,,,,,"Lake Bachar","19222",669199
"Mitch Spence","KCR",0.828953,0.850673,0.280104,4.78861,16,1,0,0.4109,,20.0914,87.8803,21.0588,11.49,10.69,2.50807,6.93832,0.495084,1.02691,14.9271,6.68663,3.10804,2.1514,1.12349,0.169857,0.0789519,0.0909050852060318,0.263515,1.39349,0.296907,0.67415,,,4.42497,0.0777146,-0.0136423,999,,,,,,,62.49999999999999,3.1249999999999996,67,3.35,,,,,,,,,,,,,,,,,,,"Mitch Spence","27707",687765
"Yuki Matsui","SDP",1.11134,0.998394,0,4.16896,35,0,0,4.5513,,23.2504,99.5209,19.9373,11.64,10.77,3.2485,10.0404,0.640922,0.610371,21.9406,8.493,3.88656,2.18522,1.25746,0.220462,0.100888,0.1195744201540947,0.224342,1.28934,0.262069,0.721111,,,4.40199,0.0766563,-0.00695752,999,,,,,,,112.30000000000001,4.882608695652174,107,4.6521739130434785,,,,,,,,,,,,,,,,,,,"Yuki Matsui","33826",673513
"Taylor Rogers","MIN",1.24379,1.12523,0,4.83105,38,0,2.339,8.7983,,26.044,114.933,25.6298,15.06,13.98,3.39897,10.687,0.615402,1.85058,24.3856,8.42691,3.69308,2.28181,1.17458,0.212173,0.0929846,0.11918879300355911,0.250303,1.39444,0.297958,0.673573,,,4.36687,0.0754064,-0.154442,415.510009765625,,,,,,,142.9,5.496153846153846,146,5.615384615384615,,,,,,,,,,,,,,,,,,,"Taylor Rogers","13449",573124
"Robert Garcia","TEX",0.765661,0.526668,0,4.05077,21,0,0,0.4008,,12.531,53.1588,11.3856,6.1,5.64,1.57726,4.31013,0.336583,0.549257,11.8977,8.54517,3.09563,2.7604,1.13282,0.223814,0.0810802,0.14273356646299362,0.235729,1.25256,0.281651,0.71145,,,3.99945,0.0750672,0.0764994,232.1199951171875,,,,,,,51.99999999999999,3.9999999999999996,48,3.6923076923076925,,,,,,,,,,,,,,,,,,,"Robert Garcia","23363",676395
"Kervin Castro","NYY",0.850693,0.506655,0,4.11828,21,0,0,0.437,,15.2321,65.822,13.6304,7.51,6.97,1.63465,6.55695,0.502104,0.798892,13.9736,8.25638,3.87423,2.1311,0.965847,0.212293,0.0996164,0.11267656087875366,0.233133,1.32532,0.279896,0.708278,,,4.10782,0.0742548,-0.0223397,999,,,,,,,54.00000000000001,3.6000000000000005,53,3.533333333333333,,,,,,,,,,,,,,,,,,,"Kervin Castro","21656",665645
"Trenton Denholm","CLE",0.486206,0.630574,0.274282,4.5673,7,1,0,0,,11.1532,47.8298,11.193,6.1,5.66,1.6173,3.37756,0.194561,0.442857,8.66736,6.99407,2.72549,2.56616,1.30507,0.181213,0.0706161,0.1105964407324791,0.254333,1.3064,0.283938,0.688309,,,4.45719,0.0734874,0.0201439,999,,,,,,,37.20000000000001,3.3818181818181827,38,3.4545454545454546,,,,,,,,,,,,,,,,,,,"Trenton Denholm","sa3018139",671143
"Tyler Zuber","MIA",0.88985,0.893661,0,4.54194,28,0,0,0.3959,,20.0135,87.7882,18.0659,10.85,10.1,2.60084,9.79489,0.884494,0.678418,20.164,9.06767,4.40473,2.05862,1.16959,0.229689,0.111574,0.11811480671167374,0.233667,1.3921,0.283503,0.702356,,,4.34302,0.073405,-0.0638609,999,,,,,,,71.3,3.565,68,3.4,,,,,,,,,,,,,,,,,,,"Tyler Zuber","20379",676604
"Grant Anderson","MIL",1.34176,1.1604,0,4.40016,38,0,0,7.3291,,26.8967,115.939,24.4432,14.17,13.15,4.05124,10.7317,0.728063,1.31754,26.8422,8.98174,3.59096,2.50121,1.3556,0.23152,0.0925631,0.13895674049854279,0.23528,1.30778,0.279356,0.711954,,,4.40479,0.0732384,0.000748546,999,,,,,,,134.20000000000002,4.970370370370371,129,4.777777777777778,,,,,,,,,,,,,,,,,,,"Grant Anderson","20546",681982
"Dennis Santana","PIT",1.40502,1.10661,0,4.61846,40,0,1.962,7.8439,,28.4705,123.816,27.846,15.75,14.61,3.72948,10.8246,0.801667,1.11963,24.4779,7.73786,3.42183,2.26132,1.17895,0.197695,0.0874246,0.11027060449123383,0.24891,1.35827,0.288253,0.685234,,,4.3407,0.0726731,-0.150628,150.50999450683594,,,,,,,139.2,4.971428571428571,142,5.071428571428571,,,,,,,,,,,,,,,,,,,"Dennis Santana","17878",642701
"Matt Festa","CLE",1.10284,1.11766,0,4.53815,32,0,0,4.8373,,23.2826,100.908,21.6859,12.66,11.74,3.30915,8.73086,0.489957,1.83955,22.3559,8.64177,3.37495,2.56056,1.27917,0.221548,0.0865233,0.13502507656812668,0.240055,1.30642,0.284153,0.688675,,,4.38801,0.0726014,-0.109152,999,,,,,,,107.10000000000001,4.656521739130435,107,4.6521739130434785,,,,,,,,,,,,,,,,,,,"Matt Festa","19330",670036
"Luke Little","CHC",0.80842,0.514831,0,3.84805,21,0,0,0.4185,,14.267,62.4921,11.592,6.55,6.1,1.02823,8.06355,0.407471,1.39628,14.3824,9.07281,5.08671,1.78363,0.648636,0.230148,0.129033,0.10111452639102936,0.218583,1.37769,0.280789,0.719451,,,4.00862,0.0719935,0.0269853,999,,,,,,,61.10000000000002,4.364285714285716,58,4.142857142857143,,,,,,,,,,,,,,,,,,,"Luke Little","28036",681432
"Brad Lord","WSN",1.66116,2.4173,0.555551,4.88261,44,2,1.456,8.2254,,51.8698,228.045,54.5423,30.35,28.14,7.28108,18.8663,1.06535,2.81723,39.9102,6.92487,3.27351,2.11542,1.26335,0.17501,0.0827306,0.09227980673313141,0.264305,1.41525,0.296923,0.681144,,,4.6388,0.0718724,-0.207656,999,,,,,,,206.70000000000005,3.975000000000001,220,4.230769230769231,,,,,,,,,,,,,,,,,,,"Brad Lord","31972",695418
"JT Brubaker","SFG",1.14592,1.07519,0,4.75885,35,0,0,7.6312,,23.9617,106.038,25.2026,13.68,12.67,2.58865,9.8269,0.554126,1.06032,19.8918,7.47136,3.69098,2.02422,0.972296,0.187592,0.0926738,0.09491816908121109,0.264871,1.4619,0.311187,0.679803,,,4.20592,0.0718347,-0.158227,999,,,,,,,114.70000000000002,4.779166666666668,120,5,,,,,,,,,,,,,,,,,,,"JT Brubaker","17578",664141
"Drew Thorpe","CHW",0.54318,0.794013,0.711306,4.69738,2,2,0,0,,10.442,44.5423,9.94753,5.84,5.45,1.68595,3.634,0.0297542,0.379761,7.18578,6.19345,3.13215,1.97738,1.45313,0.161325,0.0815853,0.079739511013031,0.245445,1.30066,0.260973,0.689902,,,4.97451,0.07169,0.0204538,999,,,,,,,25.4,2.54,26,2.6,,,,,,,,,,,,,,,,,,,"Drew Thorpe","31967",689672
"Josiah Gray","WSN",0.938038,1.81209,1.69654,5.31826,4,4,0,0,,22.152,97.2917,21.7611,13.98,13.09,4.14049,9.64652,0.0817545,1.06234,17.3383,7.04429,3.91923,1.79737,1.68222,0.17821,0.0991506,0.07905945926904678,0.251333,1.41782,0.270654,0.680476,,,5.41346,0.0703158,-0.0286421,999,,,,,,,57.400000000000006,2.6090909090909093,59,2.6818181818181817,,,,,,,,,,,,,,,,,,,"Josiah Gray","24580",680686
"Sam Moll","CIN",1.28548,1.05978,0,4.34937,38,0,1.954,7.7795,,27.4178,120.119,24.3179,14.32,13.25,3.34245,13.8632,1.11574,1.6614,28.3416,9.30326,4.55065,2.04438,1.09717,0.235947,0.115412,0.12053456902503967,0.232498,1.39257,0.287689,0.712235,,,4.31479,0.0702077,0.000748546,999,,,,,,,150.5,5.574074074074074,146,5.407407407407407,,,,,,,,,,,,,,,,,,,"Sam Moll","14874",594580
"Josh Simpson","SEA",1.09312,0.669753,0,4.04174,26,0,0,0.4188,,19.1947,83.496,16.3635,9.28,8.62,2.07972,9.30808,0.74431,1.57619,20.0637,9.40748,4.36437,2.15552,0.975139,0.240296,0.111479,0.12881659716367722,0.225356,1.33743,0.283025,0.720193,,,4.11783,0.0698176,0.0880456,999,,,,,,,81.4,4.28421052631579,76,4,,,,,,,,,,,,,,,,,,,"Josh Simpson","25957",681006
"AJ Blubaugh","HOU",1.20725,0.842528,0,4.13977,32,0,0,4.1123,,22.0012,94.249,18.639,10.89,10.12,2.95717,9.94889,0.540493,0.617128,21.219,8.68002,4.06978,2.1328,1.20968,0.225138,0.10556,0.11957797408103943,0.222733,1.29938,0.26353,0.723903,,,4.35788,0.0695722,0.0424055,748.5399780273438,,,,,,,101.5,4.613636363636363,96,4.363636363636363,,,,,,,,,,,,,,,,,,,"AJ Blubaugh","31764",805123
"Daniel Lynch IV","KCR",1.47153,1.12968,0,4.39948,40,0,1.955,7.915,,28.5784,124.124,27.7429,15.1,13.97,3.3538,10.4881,0.666838,1.91043,23.0525,7.25978,3.30295,2.19797,1.05619,0.185722,0.0844971,0.10122481733560562,0.248314,1.33776,0.285858,0.689743,,,4.31256,0.0692048,0.00460111,999,,,,,,,156.90000000000003,5.410344827586208,158,5.448275862068965,,,,,,,,,,,,,,,,,,,"Daniel Lynch IV","21537",663738
"José Urquidy","PIT",0.834974,0.88426,0.279638,4.8603,17,1,0,0.4072,,21.0172,91.1059,21.3789,12.19,11.35,3.27683,6.88638,0.45458,0.850292,17.1512,7.34449,2.94889,2.4906,1.40321,0.188256,0.0755865,0.11266914010047913,0.256437,1.34486,0.287603,0.678921,,,4.59779,0.0689961,-0.0625097,999,,,,,,,73.9,3.5190476190476194,76,3.619047619047619,,,,,,,,,,,,,,,,,,,"Jose Urquidy","18413",664353
"Javier Assad","CHC",0.765583,0.698425,0.267529,4.59416,13,1,0,0.4185,,16.4753,71.8112,16.521,9.05,8.41,1.86209,6.58726,0.290713,0.708664,12.1299,6.62626,3.59845,1.84142,1.01721,0.168914,0.0917303,0.07718371599912643,0.256079,1.40261,0.290142,0.685724,,,4.42403,0.0681858,-0.024181,999,,,,,,,49.60000000000001,3.1000000000000005,54,3.375,,,,,,,,,,,,,,,,,,,"Javier Assad","21741",665871
"Lucas Erceg","KCR",1.49515,1.17383,0,4.49064,41,0,12.601,4.3141,,29.301,128.304,28.5064,15.72,14.62,3.18284,12.4934,0.561261,1.49227,23.7168,7.28478,3.83743,1.89835,0.977632,0.184848,0.0973729,0.08747517317533493,0.249359,1.39926,0.28968,0.691767,,,4.32393,0.0681441,-0.0977088,490.70001220703125,,,,,,,192.30000000000004,6.631034482758622,196,6.758620689655173,,,,,,,,,,,,,,,,,,,"Lucas Erceg","19360",668674
"Evan Phillips","LAD",0.617925,0.23667,0,3.8762,14,0,0,0.4335,,9.31066,39.2371,7.87194,4.33,4.01,1.15707,3.36282,0.181631,0.442428,9.22567,8.91784,3.25061,2.74343,1.11846,0.235126,0.0857051,0.14942105114459991,0.222171,1.20665,0.268068,0.718134,,,3.95861,0.0663428,0.0688365,999,,,,,,,42.500000000000014,4.722222222222224,41,4.555555555555555,,,,,,,,,,,,,,,,,,,"Evan Phillips","17734",623465
"Trey Gibson","BAL",0.975063,0.971092,0.556482,4.79485,11,2,0,0.4162,,17.7941,78.0301,18.0471,10.16,9.48,2.38888,7.20255,0.278196,0.982554,14.3974,7.28203,3.64295,1.99894,1.20826,0.184511,0.0923048,0.0922066792845726,0.258388,1.41899,0.295111,0.68886,,,4.60572,0.0657597,0.0274676,999,,,,,,,65.80000000000003,3.655555555555557,68,3.7777777777777777,,,,,,,,,,,,,,,,,,,"Trey Gibson","33794",694346
"Max Lazar","PHI",1.20112,0.780831,0,4.47196,28,0,0,0.4029,,21.9568,94.2631,22.3136,11.79,10.91,2.93633,6.78431,0.666838,0.512032,16.8485,6.90612,2.78086,2.48345,1.20359,0.178739,0.0719721,0.10676690936088562,0.256576,1.32523,0.28843,0.692675,,,4.29944,0.0657007,-0.0600047,999,,,,,,,78.7,3.5772727272727276,81,3.6818181818181817,,,,,,,,,,,,,,,,,,,"Max Lazar","23426",676661
"John Klein","MIN",0.780406,0.655764,0,4.49224,23,0,0,0.4193,,15.2864,66.4538,13.9497,8.22,7.63,2.05731,6.30064,0.48209,0.961614,15.2229,8.96262,3.70957,2.41608,1.21126,0.229075,0.0948124,0.13426227867603302,0.23567,1.32473,0.28375,0.692588,,,4.28186,0.0651086,-0.0223484,999,,,,,,,59.00000000000001,3.933333333333334,58,3.8666666666666667,,,,,,,,,,,,,,,,,,,"John Klein","32155",804619
"James Karinchak","ATL",0.936355,0.712542,0,4.69923,25,0,0,0.3955,,16.9879,75.4481,13.9879,9.53,8.87,2.21463,10.4026,0.453935,0.890576,21.3282,11.2995,5.51117,2.05029,1.17329,0.282687,0.137877,0.14481022953987122,0.218034,1.43576,0.289896,0.698003,,,4.27679,0.0648381,-0.120564,999,,,,,,,73.80000000000001,4.341176470588236,68,4,,,,,,,,,,,,,,,,,,,"James Karinchak","20151",675916
"Kenley Jansen","DET",1.29865,0.97457,0,4.28897,31,0,12.505,2.6849,,22.1592,94.3404,18.7232,11.39,10.56,3.20766,8.79266,0.488856,1.10562,20.4636,8.31134,3.57116,2.32735,1.3028,0.216912,0.0932015,0.12371068447828293,0.221728,1.24174,0.255311,0.700359,,,4.47364,0.0635053,0.0424055,133.02000427246094,,,,,,,163.5,7.431818181818182,158,7.181818181818182,,,,,,,,,,,,,,,,,,,"Kenley Jansen","3096",445276
"Justin Martinez","ARI",0.611445,0.431003,0,4.08646,17,0,0,0.4215,,12.3334,54.4552,10.6238,6.01,5.6,1.08272,6.94942,0.434903,0.96746,13.2466,9.66638,5.07116,1.90615,0.790087,0.243257,0.127617,0.11563985049724579,0.22828,1.42484,0.296222,0.720116,,,4.01757,0.0627546,0.0231303,999,,,,,,,49.90000000000001,4.158333333333334,49,4.083333333333333,,,,,,,,,,,,,,,,,,,"Justin Martinez","24453",679885
"Will Klein","LAD",1.53216,0.688497,0,4.51157,37,0,2.276,7.747,,24.6366,109.152,22.0134,13.25,12.35,2.98938,13.8874,0.595463,1.08032,26.5515,9.69953,5.0732,1.91191,1.09205,0.243254,0.127231,0.11602325737476349,0.233728,1.45721,0.294294,0.714183,,,4.34328,0.0614591,-0.00310538,999,,,,,,,141.89999999999998,5.675999999999999,137,5.48,,,,,,,,,,,,,,,,,,,"Will Klein","27787",694361
"Johan Oviedo","BOS",1.01703,0.922047,0.266598,4.50542,19,1,0,0.4332,,23.7514,103.966,20.5807,12.79,11.89,3.28214,12.1636,0.543759,1.47418,23.5843,8.93668,4.60909,1.93893,1.24368,0.226845,0.116995,0.10984987765550613,0.227842,1.37863,0.27258,0.708873,,,4.63178,0.0606233,-0.0038354,536.780029296875,,,,,,,95.10000000000002,3.962500000000001,90,3.75,,,,,,,,,,,,,,,,,,,"Johan Oviedo","22487",670912
"Ryan Yarbrough","NYY",1.32308,0.834303,0,4.35036,33,0,0,4.5452,,23.7911,102.183,22.5645,12.44,11.5,3.16521,7.76598,0.560643,1.91408,19.7971,7.48907,2.93781,2.5492,1.19737,0.19374,0.0760004,0.1177399680018425,0.243931,1.27486,0.278961,0.690773,,,4.38464,0.0603934,0.0462606,999,,,,,,,110.90000000000002,4.6208333333333345,111,4.625,,,,,,,,,,,,,,,,,,,"Ryan Yarbrough","16502",642232
"Clayton Beeter","WSN",1.15474,1.27471,0,4.40128,39,0,15.528,3.4299,,26.072,114.955,22.4502,13.71,12.75,3.15493,15.2538,0.687563,0.8074,27.6115,9.53144,5.26557,1.81014,1.08908,0.240195,0.132694,0.10750089585781097,0.227014,1.44615,0.283225,0.720819,,,4.40182,0.0596917,-0.0523758,307.1400146484375,,,,,,,198.3,7.626923076923077,191,7.346153846153846,,,,,,,,,,,,,,,,,,,"Clayton Beeter","27494",690925
"Cal Quantrill","TEX",1.69407,1.6698,0.556016,4.82517,33,2,0,4.0081,,38.6101,167.818,37.296,22.17,20.7,5.31561,14.7074,0.716937,2.28006,28.2661,6.58883,3.4283,1.92189,1.23907,0.168433,0.0876391,0.08079404383897781,0.247271,1.34689,0.272757,0.669488,,,4.74422,0.0587358,-0.0849298,999,,,,,,,151.90000000000003,3.8948717948717957,151,3.871794871794872,,,,,,,,,,,,,,,,,,,"Cal Quantrill","19312",615698
"Steven Cruz","KCR",1.24344,0.990078,0,4.54029,34,0,0,6.2144,,24.2429,106.027,22.4772,13.16,12.23,3.07866,11.1297,0.53406,1.05583,22.6978,8.42637,4.13182,2.03938,1.14293,0.214075,0.10497,0.10910434275865555,0.239522,1.38626,0.284998,0.697923,,,4.38501,0.0569459,-0.0562006,999,,,,,,,117.50000000000001,4.895833333333334,115,4.791666666666667,,,,,,,,,,,,,,,,,,,"Steven Cruz","23165",674444
"Joe Rock","CHW",0.410462,0.369211,0,3.94512,12,0,0,0.3669,,8.53205,36.5676,7.67882,4.04,3.74,0.908225,3.15182,0.279773,0.596835,8.27938,8.73347,3.32468,2.62686,0.958038,0.226413,0.0861917,0.14022169262170792,0.233975,1.26941,0.28651,0.710383,,,3.85985,0.0563755,0.0688593,999,,,,,,,37.500000000000014,4.166666666666668,36,4,,,,,,,,,,,,,,,,,,,"Joe Rock","30016",697812
"Gavin Hollowell","CHC",0.613146,0.422816,0,4.13927,16,0,0,0.4185,,10.8062,46.6819,9.02898,5.34,4.97,1.32597,5.24036,0.4172,0.588012,11.2446,9.3651,4.36444,2.14577,1.10434,0.240877,0.112257,0.12862075865268707,0.221008,1.32047,0.272355,0.719355,,,4.23079,0.0546338,0.0726734,999,,,,,,,49.70000000000001,4.518181818181819,46,4.181818181818182,,,,,,,,,,,,,,,,,,,"Gavin Hollowell","25427",668970
"Brody Hopkins","TBR",0.479432,0.833354,0.648635,5.1669,2,2,0,0,,9.946,44.0007,9.83731,6.09,5.71,1.49615,4.62156,0.030566,0.625692,8.02394,7.26075,4.18198,1.7362,1.35385,0.182359,0.105034,0.07732558250427246,0.253844,1.45374,0.28533,0.67686,,,5.02349,0.0545015,0.0204538,999,,,,,,,33.7,3.37,35,3.5,,,,,,,,,,,,,,,,,,,"Brody Hopkins","sa3023515",811315
"Danny Young","ATL",0.341332,0.222238,0,3.91664,9,0,0,0.3955,,6.2043,27.1618,5.55364,2.91,2.7,0.462707,2.89992,0.144966,0.661277,6.92805,10.0499,4.20664,2.38905,0.671206,0.255066,0.106764,0.1483013853430748,0.235318,1.36253,0.314064,0.710187,,,3.55689,0.0543047,0.0115651,999,,,,,,,30.800000000000004,5.133333333333334,32,5.333333333333333,,,,,,,,,,,,,,,,,,,"Danny Young","18439",664849
"Josh Stephan","TEX",0.940878,1.01221,0.542045,4.61131,11,2,0,0,,16.3945,70.0045,15.9614,9.03,8.4,2.65557,5.05555,0.262745,0.812276,12.4056,6.81026,2.77532,2.45386,1.45782,0.177212,0.0722175,0.1049942821264267,0.248866,1.28195,0.27113,0.692922,,,4.7648,0.0527023,0.0130834,999,,,,,,,45.9,2.86875,47,2.9375,,,,,,,,,,,,,,,,,,,"Josh Stephan","sa3015286",695776
"Ryan Weiss","HOU",0.552877,0.389425,0,4.1172,15,0,0,0.3954,,10.0554,43.4636,8.67352,4.95,4.6,1.22617,4.69721,0.262632,0.467155,10.8433,9.70526,4.2042,2.30847,1.09747,0.249481,0.108072,0.14140892028808594,0.226467,1.32971,0.283928,0.722555,,,4.068,0.050941,0.0192752,725.9600219726562,,,,,,,45.300000000000004,4.53,44,4.4,,,,,,,,,,,,,,,,,,,"Ryan Weiss","24621",680802
"Rob Zastryzny","MIL",1.15808,1.01034,0,4.48032,33,0,0,0.3993,,23.081,99.6913,21.4843,12.38,11.49,3.55194,8.80776,0.55523,1.09841,22.3906,8.73082,3.43443,2.54215,1.38502,0.2246,0.0883503,0.13624926656484604,0.239286,1.31243,0.280885,0.707446,,,4.44668,0.0509007,-0.00695379,999,,,,,,,80.4,3.4956521739130437,77,3.347826086956522,,,,,,,,,,,,,,,,,,,"Rob Zastryzny","15094",642239
"Jaden Hill","COL",1.2839,1.19018,0,4.92917,38,0,1.749,8.0609,,29.1408,130.061,29.4492,17.19,15.96,3.32541,13.3679,0.663536,1.96825,26.8591,8.29531,4.12862,2.00922,1.02704,0.206512,0.102782,0.10372955352067947,0.256694,1.46932,0.30901,0.671543,,,4.31764,0.0508414,-0.199538,999,,,,,,,153.3,5.286206896551724,157,5.413793103448276,,,,,,,,,,,,,,,,,,,"Jaden Hill","30250",677955
"Kade Strowd","ARI",0.74124,0.562716,0,4.37991,21,0,0,0.4215,,15.103,66.4411,14.6119,7.91,7.35,1.47829,7.16231,0.339977,0.636456,13.2331,7.88568,4.26806,1.8476,0.880922,0.19917,0.107799,0.09137094765901566,0.24917,1.44171,0.29896,0.703603,,,4.16789,0.0504144,-0.0223397,999,,,,,,,61.7,4.113333333333333,64,4.266666666666667,,,,,,,,,,,,,,,,,,,"Kade Strowd","26191",669704
"Eric Orze","MIN",1.22253,1.05036,0,4.57869,36,0,1.17,7.1118,,24.6097,107.241,22.7841,13.46,12.52,3.17174,10.967,0.642015,1.14297,21.7555,7.95619,4.01073,1.98373,1.15994,0.202866,0.102265,0.10060099512338638,0.239503,1.37146,0.279365,0.692277,,,4.48237,0.0502023,-0.00310375,999,,,,,,,129.3,5.172000000000001,127,5.08,,,,,,,,,,,,,,,,,,,"Eric Orze","27626",679358
"Gavin Stone","LAD",0.374034,0.275999,0.353067,4.74322,1,1,0,0,,5.199,22.3994,5.34323,2.93,2.74,0.780209,1.69015,0.0130421,0.174336,4.24821,7.35409,2.92582,2.51352,1.35062,0.189657,0.075455,0.11420241743326187,0.260202,1.35283,0.294265,0.690678,,,4.49124,0.0498999,0.0102269,999,,,,,,,13.7,2.7399999999999998,14,2.8,,,,,,,,,,,,,,,,,,,"Gavin Stone","27792",694813
"C.J. Culpepper","MIN",0.376481,0.29625,0,4.09566,11,0,0,0,,6.68023,29.0353,6.11894,3.28,3.04,0.607883,2.96611,0.200032,0.395965,6.29554,8.48172,3.99612,2.12249,0.818976,0.216824,0.102155,0.11466832458972931,0.23834,1.35999,0.293613,0.705009,,,3.90671,0.0498633,0.0650202,999,,,,,,,26.9,3.8428571428571425,25,3.5714285714285716,,,,,,,,,,,,,,,,,,,"C.J. Culpepper","sa3020563",690217
"Lazaro Estrada","TOR",0.64592,0.597514,0.277775,4.73374,10,1,0,0.414,,13.3277,57.6126,12.6233,7.52,7.01,2.2103,4.96314,0.250434,0.708795,12.4764,8.42513,3.35153,2.51382,1.49258,0.216557,0.0861468,0.130410335958004,0.243034,1.31954,0.279515,0.69462,,,4.65913,0.0498457,-0.0807804,999,,,,,,,43.8,3.369230769230769,45,3.4615384615384617,,,,,,,,,,,,,,,,,,,"Lazaro Estrada","24914",681751
"Yennier Cano","BAL",1.35124,0.973392,0,4.52853,37,0,0,6.7525,,25.4387,110.643,25.9224,13.83,12.8,2.91541,9.64976,0.444868,1.11209,21.2016,7.50094,3.414,2.19711,1.03145,0.191621,0.0872149,0.10440587252378464,0.259532,1.39835,0.303665,0.690434,,,4.19085,0.0494244,-0.105373,999,,,,,,,117.5,4.7,123,4.92,,,,,,,,,,,,,,,,,,,"Yennier Cano","25911",666974
"Pete Hansen","STL",0.234698,0.42773,0.329486,4.95429,1,1,0,0,,5.032,21.9368,5.48028,2.96,2.77,0.714221,1.60148,0.0146103,0.164095,3.52191,6.29913,2.86432,2.19917,1.27742,0.160548,0.0730039,0.08754394203424454,0.271688,1.40734,0.299091,0.677715,,,4.59667,0.0490226,0.0102269,999,,,,,,,13.7,2.7399999999999998,14,2.8,,,,,,,,,,,,,,,,,,,"Pete Hansen","sa3020798",677337
"Mark Leiter Jr.","ATH",1.40849,1.20043,0,4.94884,40,0,5.284,6.7898,,29.3887,129.808,29.7586,17.43,16.16,4.26418,11.7689,0.477953,2.09817,30.1251,9.22553,3.6041,2.55973,1.30586,0.232074,0.0906633,0.14141076803207397,0.25667,1.41304,0.312616,0.677702,,,4.35038,0.0488093,-0.199604,727.989990234375,,,,,,,158.40000000000003,5.4620689655172425,164,5.655172413793103,,,,,,,,,,,,,,,,,,,"Mark Leiter Jr.","15551",643410
"Tobias Myers","NYM",1.87474,1.84925,0.833326,4.97685,28,3,0,0.4202,,39.4587,171.601,40.2083,23.49,21.82,6.90305,13.9652,0.71316,1.17627,30.2939,6.90963,3.18527,2.16925,1.57449,0.176536,0.0813814,0.09515490382909775,0.256988,1.37291,0.279258,0.689373,,,4.98869,0.0482712,-0.134538,999,,,,,,,113.50000000000003,2.910256410256411,119,3.051282051282051,,,,,,,,,,,,,,,,,,,"Tobias Myers","22191",668964
"Tyler Wells","BAL",1.46976,1.02514,0,4.42938,38,0,0.616,8.0592,,26.1504,110.233,23.8129,13.88,12.87,4.81689,7.61788,0.555676,1.13343,23.8119,8.19517,2.62179,3.12579,1.6578,0.216013,0.0691068,0.14690645784139633,0.234651,1.20192,0.260743,0.710928,,,4.67611,0.0477576,-0.0523702,748.469970703125,,,,,,,126.5,4.865384615384615,123,4.730769230769231,,,,,,,,,,,,,,,,,,,"Tyler Wells","20000",669330
"Brant Hurter","DET",0.362852,0.263561,0,4.0516,9,0,0,0.3878,,6.75288,29.2147,6.4361,3.29,3.04,0.608747,2.23426,0.204781,0.793704,5.99847,7.99455,2.97774,2.68477,0.811316,0.205324,0.0764771,0.12884636968374252,0.245777,1.28395,0.297625,0.688192,,,3.83923,0.0476006,0.0650594,999,,,,,,,26.9,3.8428571428571425,25,3.5714285714285716,,,,,,,,,,,,,,,,,,,"Brant Hurter","30133",676428
"Yovanny Cruz","NYY",1.04109,0.642353,0,4.29931,26,0,0,0.437,,18.7984,81.7726,16.3083,9.67,8.98,2.49372,8.76072,0.64273,1.34899,20.142,9.64328,4.19433,2.29913,1.19391,0.246317,0.107135,0.1391819715499878,0.22757,1.33358,0.281775,0.713651,,,4.29368,0.0473825,-0.0146475,999,,,,,,,84.4,4.442105263157895,79,4.157894736842105,,,,,,,,,,,,,,,,,,,"Yovanny Cruz","22622",672442
"Hoby Milner","CHC",1.34481,0.937976,0,4.35957,36,0,0,7.5517,,24.6492,105.406,24.8771,12.95,11.94,3.03355,6.57087,0.409248,1.65708,17.2015,6.28066,2.39918,2.61784,1.10762,0.163193,0.0623387,0.10085383430123329,0.255996,1.27582,0.283893,0.680048,,,4.30431,0.0473514,-0.00310375,999,,,,,,,122.1,4.8839999999999995,125,5,,,,,,,,,,,,,,,,,,,"Hoby Milner","13346",571948
"Jack Wenninger","NYM",0.803943,0.872359,0.657658,5.01979,6,2,0,0,,14.1281,61.8944,14.752,8.45,7.88,2.30161,5.23491,0.174344,0.629857,11.4954,7.32289,3.33479,2.19591,1.46619,0.185726,0.0845781,0.10114748030900955,0.263289,1.41469,0.294804,0.688168,,,4.83458,0.0461465,0.0256188,999,,,,,,,44,3.142857142857143,48,3.4285714285714284,,,,,,,,,,,,,,,,,,,"Jack Wenninger","sa3023282",811307
"Edwin Uceta","TBR",0.371725,0.292317,0,4.14941,10,0,0,0.4468,,7.07088,30.2395,5.85782,3.51,3.26,0.996693,2.95325,0.215315,0.542028,8.15097,10.3748,3.75898,2.76,1.26862,0.269547,0.0976621,0.17188522219657898,0.219031,1.24611,0.276255,0.714844,,,4.10861,0.0458712,-0.037657,572.6900024414062,,,,,,,27.900000000000013,3.9857142857142875,26,3.7142857142857144,,,,,,,,,,,,,,,,,,,"Edwin Uceta","20539",670955
"Hunter Bigge","TBR",0.855151,0.69259,0,4.30884,23,0,0,0.4468,,17.1693,74.293,14.7195,8.83,8.22,2.20279,8.3006,0.416222,0.753681,16.6015,8.70233,4.35109,2.00003,1.15468,0.223459,0.111728,0.11173165589570999,0.225625,1.34077,0.269556,0.711775,,,4.41478,0.0456719,-0.0184926,999,,,,,,,69.20000000000002,4.070588235294118,66,3.8823529411764706,,,,,,,,,,,,,,,,,,,"Hunter Bigge","26259",685801
"Ron Marinaccio","SDP",1.1563,1.16231,0,4.62847,38,0,0,7.7235,,25.3172,110.885,22.932,13.99,13.02,3.2086,12.0359,0.521157,1.45966,23.2975,8.28201,4.27862,1.93567,1.14062,0.210105,0.108544,0.10156139731407166,0.235467,1.38119,0.278252,0.688345,,,4.505,0.0449489,-0.105386,999,,,,,,,127.3,5.092,125,5,,,,,,,,,,,,,,,,,,,"Ron Marinaccio","23488",676760
"Gavin Collyer","TEX",0.909291,0.646349,0,4.24245,25,0,0,0.4008,,15.3166,67.0777,12.7162,7.75,7.22,1.69804,8.13427,0.471044,1.28233,15.9261,9.35813,4.77968,1.9579,0.997763,0.237428,0.121266,0.11616113781929016,0.220534,1.3613,0.275201,0.709161,,,4.30473,0.044444,-0.0223556,999,,,,,,,57.60000000000001,3.8400000000000007,54,3.6,,,,,,,,,,,,,,,,,,,"Gavin Collyer","26349",686560
"Nick Mears","KCR",0.965763,0.735515,0,4.42143,26,0,0,0.4109,,18.4623,79.6049,17.1444,9.79,9.07,2.50832,7.38469,0.465432,0.37609,16.4395,8.01392,3.59988,2.22617,1.22275,0.206514,0.0927667,0.11374744027853012,0.238633,1.3286,0.276694,0.701279,,,4.3451,0.0429303,-0.0676947,999,,,,,,,63.10000000000001,3.505555555555556,62,3.4444444444444446,,,,,,,,,,,,,,,,,,,"Nick Mears","25376",683232
"Kyle Backhus","PHI",0.417083,0.274123,0,4.51983,10,0,0,0.4029,,8.52245,37.5709,8.46114,4.62,4.28,0.933864,3.33681,0.302634,0.797942,8.14949,8.60613,3.52379,2.4423,0.986192,0.21691,0.0888139,0.12809587270021439,0.253054,1.38434,0.309093,0.684231,,,4.06622,0.042533,-0.0338004,999,,,,,,,37.500000000000014,4.166666666666668,36,4,,,,,,,,,,,,,,,,,,,"Kyle Backhus","29615",679775
"Cole Winn","TEX",1.10486,0.769842,0,4.1221,30,0,0,2.5652,,18.7987,81.8734,16.2439,9.26,8.61,1.86608,9.39212,0.533211,1.16933,16.1965,7.75418,4.49654,1.72448,0.8934,0.197824,0.114715,0.08310846239328384,0.227786,1.36371,0.270009,0.711274,,,4.35148,0.0424099,0.0880361,999,,,,,,,88.4,4.652631578947369,83,4.368421052631579,,,,,,,,,,,,,,,,,,,"Cole Winn","22113",668390
"Liam Hendriks","CHC",0.346006,0.23597,0,4.04538,9,0,0,0.4185,,6.22933,26.2459,5.47941,3.02,2.8,0.822034,2.06912,0.104058,0.309158,6.00134,8.6706,2.98943,2.90042,1.18766,0.228658,0.0788359,0.1498216688632965,0.229575,1.21177,0.273251,0.707839,,,4.03278,0.0422952,0.0115651,746.1699829101562,,,,,,,25.10000000000001,4.1833333333333345,23,3.8333333333333335,,,,,,,,,,,,,,,,,,,"Liam Hendriks","3548",521230
"Enmanuel De Jesus","DET",1.29142,1.13159,0,4.91845,34,0,0,4.266,,24.4101,109.855,24.8142,14.37,13.34,2.5689,11.7893,0.756588,1.63967,21.4884,7.92276,4.34672,1.8227,0.947153,0.195607,0.107317,0.08828963339328766,0.257339,1.49952,0.307388,0.673599,,,4.35663,0.0422707,-0.1582,999,,,,,,,91.70000000000002,3.820833333333334,97,4.041666666666667,,,,,,,,,,,,,,,,,,,"Enmanuel De Jesus","18554",646241
"Carlos Lagrange","NYY",0.612041,0.363187,0,4.11684,15,0,0,0,,10.9526,47.6489,8.75469,5.39,5.01,1.36073,5.90317,0.394054,0.767609,12.614,10.3653,4.85079,2.13682,1.11814,0.264728,0.123889,0.1408393681049347,0.213643,1.3383,0.273816,0.726729,,,4.2376,0.0420887,0.0726813,999,,,,,,,50.70000000000001,4.60909090909091,47,4.2727272727272725,,,,,,,,,,,,,,,,,,,"Carlos Lagrange","sa3019390",801739
"Antwone Kelly","PIT",0.488148,0.811517,0.64466,5.47977,2,2,0,0,,9.838,43.5469,10.7954,6.4,5.99,1.66474,3.61825,0.0313463,0.43696,6.76974,6.19309,3.31005,1.871,1.52293,0.155458,0.0830885,0.07236994057893753,0.27336,1.4651,0.293996,0.663217,,,5.15885,0.0420588,0.0204538,999,,,,,,,22.799999999999997,2.28,26,2.6,,,,,,,,,,,,,,,,,,,"Antwone Kelly","sa3015489",699008
"Anthony Molina","ATL",0.513356,0.400656,0,4.66037,14,0,0,0.3955,,9.40484,41.2555,10.0513,5.24,4.87,1.04247,3.32226,0.265638,0.318715,7.42539,7.10576,3.17925,2.23504,0.997598,0.179986,0.0805289,0.09945681691169739,0.267218,1.42198,0.309085,0.682682,,,4.12204,0.0418878,-0.0338585,999,,,,,,,33.30000000000001,3.700000000000001,37,4.111111111111111,,,,,,,,,,,,,,,,,,,"Anthony Molina","26952",683627
"Matt Gage","SFG",1.1885,1.11798,0,4.79149,36,0,0,0.4229,,24.6625,109.505,25.8373,14.13,13.13,2.67827,10.5375,0.700133,1.01736,18.9326,6.90902,3.84541,1.79669,0.977372,0.172893,0.0962283,0.07666429132223129,0.26378,1.47491,0.30337,0.681829,,,4.38069,0.0414601,-0.105359,999,,,,,,,82.5,3.3,88,3.52,,,,,,,,,,,,,,,,,,,"Matt Gage","17381",657424
"Cole Wilcox","SEA",0.546893,0.409505,0,4.72624,14,0,0,0.4188,,10.5115,46.7161,10.8061,5.96,5.52,1.0915,4.47294,0.299653,0.772938,9.344,8.00036,3.82975,2.08901,0.934546,0.200017,0.0957473,0.10426943749189377,0.260575,1.45355,0.313024,0.677702,,,4.16793,0.0410969,-0.0300024,999,,,,,,,43.50000000000001,3.954545454545455,45,4.090909090909091,,,,,,,,,,,,,,,,,,,"Cole Wilcox","27481",677961
"JP Sears","SDP",0.559529,0.681153,0.28057,4.71468,10,1,0,0.4138,,12.828,55.1458,12.313,7.26,6.72,2.20979,4.32629,0.301046,0.615999,10.9201,7.66142,3.03527,2.52413,1.55037,0.198022,0.0784518,0.11957058310508728,0.245262,1.2971,0.272517,0.692424,,,4.79141,0.0410935,0.0203414,999,,,,,,,47.39999999999999,3.6461538461538456,46,3.5384615384615383,,,,,,,,,,,,,,,,,,,"JP Sears","23429",676664
"Najer Victor","LAA",0.658345,0.590256,0,4.37212,19,0,0,0,,13.195,57.404,11.3392,6.89,6.41,1.80222,6.34296,0.421554,0.838674,14.7212,10.041,4.3264,2.32088,1.22925,0.25645,0.110497,0.1459529995918274,0.22578,1.34007,0.283005,0.711928,,,4.27577,0.0404158,-0.0261851,999,,,,,,,51.99999999999999,3.9999999999999996,48,3.6923076923076925,,,,,,,,,,,,,,,,,,,"Najer Victor","sa3025330",695402
"Ryan Watson","BOS",1.09975,0.869375,0,4.66192,29,0,0,2.6568,,21.178,92.5781,20.9087,11.88,10.97,2.91813,8.22705,0.747158,1.00514,18.7605,7.97265,3.49625,2.28034,1.24012,0.202645,0.0888661,0.11377905309200287,0.250867,1.37576,0.291736,0.688842,,,4.42609,0.0399551,-0.11295,999,,,,,,,86.9,4.1380952380952385,89,4.238095238095238,,,,,,,,,,,,,,,,,,,"Ryan Watson","27853",670245
"John Schreiber","KCR",1.40768,1.15731,0,4.72038,39,0,0.652,8.0868,,27.8558,121.911,27.6742,15.71,14.61,3.74249,10.6679,0.604388,1.37578,22.9467,7.41389,3.44672,2.151,1.20917,0.188225,0.0875058,0.10071911662817001,0.251888,1.37645,0.287717,0.683695,,,4.49483,0.0398881,-0.150607,999,,,,,,,132.2,4.721428571428571,135,4.821428571428571,,,,,,,,,,,,,,,,,,,"John Schreiber","20020",670167
"José Suarez","ATH",1.1115,0.902896,0,4.81872,31,0,0.66,4.2574,,22.562,99.6833,22.2933,13.04,12.08,3.15018,9.93096,0.645552,1.14185,22.599,9.01474,3.96147,2.27561,1.25661,0.226708,0.0996251,0.1270824447274208,0.251588,1.42825,0.304529,0.689734,,,4.38285,0.0395474,-0.109134,999,,,,,,,110.10000000000001,4.786956521739131,110,4.782608695652174,,,,,,,,,,,,,,,,,,,"Jose Suarez","19911",660761
"Chase Lee","TOR",0.475964,0.31134,0,4.30479,13,0,0,0.414,,8.59276,37.1133,8.11241,4.44,4.11,1.09233,3.15861,0.350173,0.513095,8.01707,8.39703,3.30831,2.53816,1.1441,0.216016,0.0851074,0.13090898096561432,0.242585,1.31169,0.288511,0.70121,,,4.16719,0.0395337,0.068847,999,,,,,,,37.500000000000014,4.166666666666668,36,4,,,,,,,,,,,,,,,,,,,"Chase Lee","29574",695445
"Luke Murphy","LAA",0.410893,0.378379,0,4.41536,12,0,0,0,,7.94951,34.5627,7.34975,4.19,3.9,0.986784,3.29701,0.196989,0.502597,7.90008,8.94403,3.73269,2.39614,1.11718,0.228573,0.0953921,0.1331804096698761,0.238915,1.3393,0.290862,0.696878,,,4.15875,0.0393094,0.0154202,999,,,,,,,32.7,4.0875,31,3.875,,,,,,,,,,,,,,,,,,,"Luke Murphy","sa3017653",684665
"Cameron Weston","BAL",1.24281,1.03998,0.2822,4.66341,26,1,0,0.4162,,29.605,130.058,28.2099,16.47,15.34,4.1526,12.9724,0.723393,1.93814,27.6849,8.41629,3.94365,2.13414,1.2624,0.212866,0.0997434,0.11312276124954224,0.24499,1.39106,0.28877,0.698706,,,4.56284,0.0389907,0.00544285,999,,,,,,,111.00000000000001,3.7000000000000006,109,3.6333333333333333,,,,,,,,,,,,,,,,,,,"Cameron Weston","31696",687721
"Easton McGee","MIL",0.515267,0.454913,0,4.54616,15,0,0,0.3993,,9.34416,40.2621,9.33532,5.1,4.72,1.37534,2.81909,0.24777,0.429446,8.68806,8.36806,2.71526,3.08187,1.32468,0.215788,0.0700184,0.1457691341638565,0.252214,1.30075,0.295359,0.689652,,,4.19553,0.0381327,-0.0338682,999,,,,,,,39.90000000000001,4.4333333333333345,41,4.555555555555555,,,,,,,,,,,,,,,,,,,"Easton McGee","22176",668834
"Domingo Gonzalez","SEA",0.812402,0.567807,0,4.55056,20,0,0,0.4188,,14.8531,65.2496,13.7805,8.08,7.51,1.82598,6.87678,0.422881,0.977636,14.3195,8.67665,4.16687,2.08229,1.10642,0.219457,0.105392,0.11406492441892624,0.240099,1.39077,0.289809,0.694843,,,4.35515,0.0378402,-0.0223347,999,,,,,,,54.00000000000001,3.6000000000000005,53,3.533333333333333,,,,,,,,,,,,,,,,,,,"Domingo Gonzalez","25241",682445
"Jordan Leasure","CHW",0.388998,0.352654,0,4.00734,11,0,0,0.3669,,7.79321,33.1256,6.14197,3.73,3.47,1.11685,3.74106,0.210513,0.168593,8.47711,9.7898,4.32037,2.26597,1.2898,0.255908,0.112935,0.1429724097251892,0.210226,1.26816,0.256096,0.739597,,,4.29126,0.0368885,0.0154202,717.510009765625,,,,,,,35.300000000000004,4.4125000000000005,31,3.875,,,,,,,,,,,,,,,,,,,"Jordan Leasure","29950",673929
"Andrew Nardi","MIA",0.225086,0.207844,0,4.16175,7,0,0,0.3959,,5.19012,22.2866,4.58923,2.59,2.4,0.670463,2.14262,0.103281,0.228442,5.77451,10.0134,3.71543,2.69507,1.16262,0.259103,0.0961395,0.16296344250440598,0.230435,1.29705,0.290915,0.71495,,,3.92339,0.035723,-0.041428,999,,,,,,,17.7,3.54,18,3.6,,,,,,,,,,,,,,,,,,,"Andrew Nardi","25942",677053
"Ben Casparius","LAD",0.634121,0.27953,0,4.48331,15,0,0,0.4335,,9.97701,43.3791,8.9894,5.34,4.97,1.31027,4.54536,0.200432,0.409866,9.56528,8.62859,4.10025,2.10441,1.18196,0.220504,0.104782,0.11572208255529404,0.233953,1.35659,0.278751,0.700384,,,4.37852,0.0347619,0.0192752,999,,,,,,,43.300000000000004,4.33,42,4.2,,,,,,,,,,,,,,,,,,,"Ben Casparius","30085",676508
"Paxton Schultz","WSN",0.869869,1.02982,0,4.70103,30,0,0,2.5165,,19.7956,87.2106,18.7758,11.16,10.34,2.71944,9.52623,0.56841,0.475132,18.5578,8.43723,4.33106,1.94808,1.23638,0.212793,0.109232,0.10356059670448303,0.24318,1.42971,0.287069,0.699823,,,4.52535,0.0344546,-0.0638804,999,,,,,,,81.69999999999999,4.084999999999999,81,4.05,,,,,,,,,,,,,,,,,,,"Paxton Schultz","25501",687606
"Jayden Murray","HOU",0.91583,0.688081,0,4.40982,25,0,0,0.3954,,17.0823,73.8251,15.9208,9.02,8.37,2.32775,6.70783,0.384803,0.779125,14.8631,7.83076,3.53409,2.21578,1.2264,0.201328,0.0908611,0.11046692728996277,0.239995,1.32468,0.276578,0.702571,,,4.44487,0.034211,-0.0184999,999,,,,,,,65.60000000000002,3.858823529411766,65,3.823529411764706,,,,,,,,,,,,,,,,,,,"Jayden Murray","26482",681151
"Kohl Drake","ARI",0.286606,0.362931,0.332887,5.15718,1,1,0,0,,5.026,21.969,5.29576,3.08,2.88,0.839262,1.76414,0.0158328,0.180206,3.83183,6.86162,3.15902,2.17207,1.50286,0.17442,0.0803014,0.09411878883838654,0.264463,1.40468,0.290259,0.676286,,,4.90527,0.0332237,0.0102269,999,,,,,,,13.7,2.7399999999999998,14,2.8,,,,,,,,,,,,,,,,,,,"Kohl Drake","sa3021723",684442
"Garrett Hawkins","SDP",0.559693,0.531464,0,4.39926,18,0,0,0,,11.5383,49.695,10.2132,6.08,5.64,1.77935,4.71795,0.385496,0.535139,11.4528,8.9333,3.68005,2.42749,1.38791,0.230462,0.0949381,0.13552361726760864,0.22981,1.29405,0.27023,0.711503,,,4.48411,0.0330839,0.0231303,999,,,,,,,42.20000000000002,3.516666666666668,38,3.1666666666666665,,,,,,,,,,,,,,,,,,,"Garrett Hawkins","sa3017383",678184
"Gabriel Hughes","COL",0.710672,0.910745,0.29198,5.27426,15,1,0,0,,20.255,90.3755,22.0024,12.77,11.87,2.94917,7.99779,0.508554,0.937131,17.3874,7.72583,3.5537,2.17402,1.31042,0.19239,0.0884951,0.10389513522386551,0.270165,1.48113,0.311816,0.665995,,,4.59806,0.0328644,-0.212195,999,,,,,,,60.89999999999999,3.0449999999999995,68,3.4,,,,,,,,,,,,,,,,,,,"Gabriel Hughes","sa3020661",687312
"Dylan Smith","SFG",0.544211,0.486457,0,4.53977,16,0,0,0.4229,,10.6459,46.7545,10.1917,5.79,5.37,1.2393,4.57739,0.265677,0.729866,9.39885,7.94574,3.86971,2.05332,1.04769,0.201026,0.0979027,0.1031227856874466,0.245896,1.3873,0.290577,0.688894,,,4.3419,0.0328354,-0.0300207,999,,,,,,,43.10000000000001,3.918181818181819,42,3.8181818181818183,,,,,,,,,,,,,,,,,,,"Dylan Smith","30145",681916
"Brusdar Graterol","LAD",0.177927,0.0623124,0,3.41039,4,0,0,0.4335,,2.66539,11.1317,2.49422,1.09,1.01,0.180201,0.695007,0.0536526,0.147772,1.90581,6.4352,2.34677,2.74215,0.60847,0.171206,0.062435,0.10877075418829918,0.242418,1.19653,0.282097,0.714765,,,3.49615,0.0327155,0.057628,999,,,,,,,18.000000000000004,6.000000000000001,16,5.333333333333333,,,,,,,,,,,,,,,,,,,"Brusdar Graterol","20367",660813
"Michael Darrell-Hicks","PIT",0.31698,0.245935,0,4.38202,9,0,0,0.4072,,6.51069,28.6453,6.35393,3.41,3.17,0.608886,2.66723,0.194841,0.542995,5.42375,7.49747,3.68702,2.03348,0.841688,0.189342,0.0931123,0.09622960537672043,0.24981,1.38559,0.296099,0.686908,,,4.12758,0.0326636,0.0650594,999,,,,,,,21.9,3.1285714285714286,20,2.857142857142857,,,,,,,,,,,,,,,,,,,"Michael Darrell-Hicks","31501",690382
"Sawyer Gipson-Long","DET",0.563741,0.639869,0.2822,4.91129,8,1,0,0.3878,,11.215,48.642,11.5769,6.6,6.12,1.77506,3.5363,0.237765,0.552859,9.07649,7.28386,2.83788,2.56666,1.42448,0.186598,0.0727006,0.11389699578285217,0.259846,1.34759,0.290844,0.674147,,,4.63151,0.0325449,-0.0847954,999,,,,,,,28.600000000000005,2.6000000000000005,32,2.909090909090909,,,,,,,,,,,,,,,,,,,"Sawyer Gipson-Long","26048",687830
"Steven Wilson","TBR",0.457127,0.357567,0,4.19503,12,0,0,0.4468,,8.62449,36.854,7.13859,4.32,4.02,1.21722,3.8341,0.222632,0.272702,8.14393,8.49852,4.00104,2.12408,1.27021,0.220978,0.104035,0.11694318056106567,0.217991,1.27227,0.253201,0.717767,,,4.47344,0.0318422,0.0688593,999,,,,,,,40.10000000000001,4.455555555555557,36,4,,,,,,,,,,,,,,,,,,,"Steven Wilson","20353",621051
"Richard Lovelady","WSN",1.01707,1.15502,0,4.56137,35,0,0,6.0552,,23.2825,102.162,22.4932,12.75,11.8,2.86126,9.17666,0.599503,2.33795,20.4311,7.89778,3.5473,2.22642,1.10604,0.199988,0.0898247,0.11016280949115753,0.24814,1.36024,0.29147,0.683914,,,4.42494,0.0313536,-0.109201,999,,,,,,,107.10000000000001,4.656521739130435,107,4.6521739130434785,,,,,,,,,,,,,,,,,,,"Richard Lovelady","19337",663992
"Luis Curvelo","TEX",0.983266,0.72221,0,4.37896,27,0,0,0.4008,,16.7094,71.8202,15.2773,8.76,8.13,2.25909,6.4656,0.398464,0.688286,13.8994,7.48644,3.48249,2.14974,1.21679,0.19353,0.0900248,0.10350511223077774,0.236248,1.30123,0.268373,0.69875,,,4.47704,0.0310563,-0.0185062,999,,,,,,,69.20000000000002,4.070588235294118,66,3.8823529411764706,,,,,,,,,,,,,,,,,,,"Luis Curvelo","24710",681168
"Braden Nett","ATH",0.637128,0.722817,0.285693,5.03511,11,1,0,0,,14.7464,66.2471,14.5784,8.83,8.25,1.93504,7.66927,0.286151,0.968772,13.675,8.34607,4.68069,1.78309,1.18099,0.206424,0.115768,0.09065615385770798,0.253058,1.50868,0.30104,0.686726,,,4.70721,0.0307665,-0.0735107,999,,,,,,,48.400000000000006,3.226666666666667,50,3.3333333333333335,,,,,,,,,,,,,,,,,,,"Braden Nett","sa3020336",804556
"Jimmy Herget","COL",1.02745,1.08631,0,5.56094,32,0,0,3.8011,,24.5354,110.184,27.4634,16.31,15.16,3.68926,8.4877,0.697755,1.83504,22.013,8.07474,3.11343,2.59352,1.35328,0.199783,0.0770318,0.12275149673223495,0.275015,1.46527,0.320582,0.637986,,,4.52125,0.0306795,-0.308232,999,,,,,,,95.60000000000001,3.8240000000000003,103,4.12,,,,,,,,,,,,,,,,,,,"Jimmy Herget","17556",623474
"Codi Heuer","CLE",1.02565,1.03572,0,4.57036,30,0,0,2.9768,,21.7991,94.9797,21.4494,11.98,11.07,2.88664,8.52337,0.514612,0.905414,18.5184,7.64551,3.51896,2.17266,1.19178,0.194972,0.0897389,0.10523314774036407,0.25072,1.37495,0.289383,0.693858,,,4.41876,0.0305222,-0.0600243,999,,,,,,,91.30000000000001,4.15,91,4.136363636363637,,,,,,,,,,,,,,,,,,,"Codi Heuer","23293",676051
"Bruce Zimmermann","STL",0.245199,0.257752,0,4.54649,8,0,0,0.4508,,6.1564,26.8311,6.42335,3.35,3.11,0.74187,2.05978,0.215394,0.223133,5.51145,8.05715,3.01118,2.67574,1.08454,0.205413,0.0767686,0.12864428013563156,0.261663,1.37794,0.310551,0.689519,,,3.98724,0.030225,0.0115651,999,,,,,,,22.500000000000007,3.7500000000000013,23,3.8333333333333335,,,,,,,,,,,,,,,,,,,"Bruce Zimmermann","20370",669145
"Mitchell Parker","WSN",1.35726,2.10224,0.572317,5.03021,34,2,0,4.0893,,40.6325,180.389,43.2624,24.4,22.71,5.51405,16.168,0.919532,1.65023,28.2046,6.24724,3.58118,1.74447,1.22135,0.156355,0.0896289,0.0667257159948349,0.266115,1.46263,0.29296,0.67743,,,4.79017,0.0300587,-0.179924,999,,,,,,,135.8,3.31219512195122,145,3.5365853658536586,,,,,,,,,,,,,,,,,,,"Mitchell Parker","27636",680730
"Brendan Beck","NYY",0.406857,0.247314,0,4.26466,10,0,0,0.437,,7.38629,31.5022,6.60412,3.77,3.5,1.04984,2.67506,0.215866,0.354123,6.88018,8.38331,3.25949,2.57197,1.2792,0.218403,0.0849166,0.1334865316748619,0.231943,1.25627,0.270374,0.705455,,,4.31382,0.0295582,-0.037657,999,,,,,,,26.300000000000015,3.7571428571428593,27,3.857142857142857,,,,,,,,,,,,,,,,,,,"Brendan Beck","33043",694341
"Ryan Ramsey","KCR",0.266595,0.380513,0.323037,5.31446,1,1,0,0,,4.945,21.8862,5.21977,3.12,2.92,0.76104,1.98715,0.0143915,0.258741,3.48291,6.33897,3.61666,1.75271,1.38511,0.159137,0.0907948,0.0683424174785614,0.265768,1.45742,0.289596,0.665464,,,5.05329,0.0295393,0.0102269,999,,,,,,,11.7,2.34,12,2.4,,,,,,,,,,,,,,,,,,,"Ryan Ramsey","sa3020605",687547
"Alan Rangel","PHI",1.59477,1.84752,1.1614,5.49143,13,4,0,0.4029,,29.5988,130.66,31.3133,19.37,18.06,5.73113,11.2947,0.423414,0.987682,24.4058,7.42096,3.43433,2.16082,1.74264,0.186789,0.0864436,0.10034526139497757,0.264521,1.43952,0.289915,0.671921,,,5.21164,0.0295379,-0.136444,999,,,,,,,79.6,2.6533333333333333,84,2.8,,,,,,,,,,,,,,,,,,,"Alan Rangel","19524",660604
"Félix Bautista","BAL",0.194345,0.125108,0,3.97091,5,0,0,0.4162,,3.55838,15.2652,2.73153,1.69,1.57,0.444221,1.91143,0.0598827,0.167114,4.45563,11.2694,4.83446,2.33105,1.12354,0.291882,0.125215,0.16666749119758606,0.207144,1.3048,0.276019,0.734375,,,3.96968,0.0295048,0.0077101,999,,,,,,,23.8,5.95,22,5.5,,,,,,,,,,,,,,,,,,,"Felix Bautista","20666",642585
"Colton Gordon","HOU",0.51963,0.373856,0,4.25332,14,0,0,0.3954,,9.35268,39.8441,8.65211,4.77,4.42,1.36328,3.09556,0.346764,0.389031,8.26144,7.94991,2.97883,2.6688,1.31187,0.207344,0.0776917,0.12965216487646103,0.23796,1.25607,0.272634,0.709179,,,4.34472,0.0286496,-0.0338585,999,,,,,,,37.90000000000001,4.211111111111112,39,4.333333333333333,,,,,,,,,,,,,,,,,,,"Colton Gordon","31312",676467
"Nestor German","BAL",0.28466,0.340197,0.27506,5.09904,1,1,0,0,,4.695,20.3575,4.81032,2.84,2.66,0.820129,1.62818,0.0138117,0.186939,3.68772,7.06912,3.12111,2.26494,1.57213,0.181148,0.0799791,0.10116863250732422,0.259422,1.37135,0.284312,0.680205,,,4.95847,0.0286087,0.0102269,999,,,,,,,13.7,2.7399999999999998,14,2.8,,,,,,,,,,,,,,,,,,,"Nestor German","sa3023517",815148
"Ricky Vanasco","DET",0.800939,0.640688,0,4.47229,20,0,0,0.3878,,13.9056,61.4117,12.4005,7.44,6.91,1.75657,7.30473,0.463961,0.825618,14.2178,9.20206,4.72776,1.94639,1.13689,0.231517,0.118947,0.11257004737854004,0.232736,1.41706,0.285306,0.711191,,,4.45002,0.0272445,0.0269853,999,,,,,,,51.800000000000026,3.700000000000002,48,3.4285714285714284,,,,,,,,,,,,,,,,,,,"Ricky Vanasco","23391",676568
"Joe Mantiply","TOR",0.356133,0.239775,0,4.48936,10,0,0,0.414,,6.49536,27.8838,6.7225,3.51,3.24,0.854694,1.72188,0.190881,0.337271,5.61869,7.78529,2.38584,3.26312,1.18427,0.201504,0.0617518,0.13975190743803978,0.260313,1.30006,0.303226,0.68081,,,4.03031,0.0271423,-0.0903448,999,,,,,,,19.90000000000001,3.316666666666668,23,3.8333333333333335,,,,,,,,,,,,,,,,,,,"Joe Mantiply","14857",573009
"Kody Funderburk","MIN",0.858926,0.751946,0,4.66054,26,0,0,0.4193,,17.4379,77.1892,17.4349,9.73,9.03,1.74016,7.75349,0.384513,1.18318,13.8445,7.14538,4.00171,1.78558,0.898129,0.179358,0.100448,0.07891001552343369,0.255447,1.44446,0.297995,0.679425,,,4.3456,0.0269113,-0.120592,748.510009765625,,,,,,,58.000000000000014,3.4117647058823537,60,3.5294117647058822,,,,,,,,,,,,,,,,,,,"Kody Funderburk","24993",681892
"Hunter Stratton","ATL",1.04726,0.87729,0,5.03207,29,0,0,0.3955,,19.7453,87.9754,20.5405,11.86,11.04,2.57508,8.17999,0.48265,1.28979,17.0014,7.7493,3.72847,2.07841,1.17373,0.193252,0.0929805,0.10027128458023071,0.261644,1.45454,0.304865,0.671321,,,4.51082,0.0269093,-0.165751,999,,,,,,,63.49999999999999,3.175,68,3.4,,,,,,,,,,,,,,,,,,,"Hunter Stratton","23455",676702
"Kyle Finnegan","DET",1.54559,1.26551,0,4.67869,39,0,3.517,6.6269,,28.1617,121.573,27.7421,15.8,14.64,4.08012,10.4622,0.59416,0.510703,23.5013,7.51062,3.34355,2.2463,1.30394,0.19331,0.086057,0.10725270956754684,0.250832,1.35661,0.285019,0.689531,,,4.48207,0.0263821,-0.150607,639.030029296875,,,,,,,148.2,5.292857142857143,151,5.392857142857143,,,,,,,,,,,,,,,,,,,"Kyle Finnegan","15009",640448
"Mitch Farris","LAA",1.10073,1.07259,0,4.71167,33,0,0,4.3564,,23.6859,104.926,22.566,13.3,12.4,3.17275,11.5048,0.633651,1.08918,24.3032,9.23459,4.37154,2.11244,1.20556,0.231622,0.109647,0.12197533994913101,0.244401,1.43845,0.29902,0.701031,,,4.38307,0.0263348,-0.0561932,999,,,,,,,105.90000000000002,4.4125000000000005,106,4.416666666666667,,,,,,,,,,,,,,,,,,,"Mitch Farris","33628",815083
"Reiver Sanmartin","SFG",0.367972,0.320324,0,4.41067,11,0,0,0.4229,,7.14177,31.4495,7.52952,3.77,3.5,0.609825,2.82623,0.182189,0.297883,5.36047,6.75522,3.56159,1.89669,0.768497,0.170447,0.0898655,0.08058124035596848,0.265822,1.45003,0.309535,0.693091,,,4.01993,0.0262821,-0.0376754,999,,,,,,,19.7,2.814285714285714,23,3.2857142857142856,,,,,,,,,,,,,,,,,,,"Reiver Sanmartin","19754",665665
"Cody Bolton","HOU",0.256246,0.186414,0,4.22658,7,0,0,0.3954,,4.91887,21.3283,4.42129,2.48,2.31,0.56166,2.17452,0.107098,0.25693,4.8083,8.79769,3.9787,2.21119,1.02766,0.225442,0.101955,0.1234869435429573,0.233969,1.34092,0.28533,0.708464,,,4.11101,0.0259,0.0612682,999,,,,,,,18.299999999999997,3.6599999999999993,16,3.2,,,,,,,,,,,,,,,,,,,"Cody Bolton","23265",675989
"Justin Hagenman","NYM",0.26958,0.180682,0,4.28688,7,0,0,0.4202,,4.99664,21.3787,4.8049,2.57,2.38,0.693415,1.58645,0.121161,0.215821,4.50163,8.10838,2.85753,2.83755,1.24899,0.210566,0.0742069,0.13635879755020142,0.245443,1.27913,0.285889,0.704972,,,4.18303,0.0256001,-0.041428,999,,,,,,,15.7,3.1399999999999997,16,3.2,,,,,,,,,,,,,,,,,,,"Justin Hagenman","21546",663795
"Joel Payamps","ATL",0.228631,0.163799,0,4.37358,6,0,0,0.3955,,4.1362,17.7478,3.93718,2.16,2.01,0.544927,1.37093,0.104437,0.219269,3.93731,8.56723,2.98303,2.87199,1.18571,0.221848,0.0772454,0.14460274577140808,0.243674,1.28333,0.290549,0.692621,,,4.06096,0.0254027,0.00771009,999,,,,,,,11.9,2.975,12,3,,,,,,,,,,,,,,,,,,,"Joel Payamps","14332",606303
"Wikelman González","CHW",0.648401,0.644273,0,4.36077,19,0,0,0.3669,,13.704,60.6553,11.3859,7.11,6.64,1.5003,8.21689,0.372297,0.862028,13.6215,8.9458,5.39639,1.65774,0.985309,0.224572,0.135469,0.08910289406776428,0.220758,1.43045,0.271176,0.713777,,,4.52148,0.0251656,0.0269853,999,,,,,,,51.40000000000003,3.6714285714285735,45,3.2142857142857144,,,,,,,,,,,,,,,,,,,"Wikelman Gonzalez","26641",682790
"Ronel Blanco","HOU",0.56349,0.507849,0.406698,4.55095,6,1,0,0.3954,,10.6395,45.7721,9.15121,5.76,5.38,1.8133,4.94995,0.122784,0.367055,10.3722,8.77384,4.18717,2.09541,1.53387,0.226605,0.108143,0.11846141517162323,0.226206,1.32535,0.259569,0.721395,,,4.86377,0.0249314,0.0251924,999,,,,,,,38.400000000000006,3.4909090909090916,34,3.090909090909091,,,,,,,,,,,,,,,,,,,"Ronel Blanco","19407",669854
"Troy Taylor","SEA",0.405027,0.282159,0,4.47807,10,0,0,0.4188,,7.61713,33.4251,7.19873,4.08,3.79,0.872796,3.41181,0.161078,0.499793,7.20051,8.50774,4.03122,2.11046,1.03125,0.215422,0.102073,0.11334885656833649,0.243913,1.39298,0.295051,0.69558,,,4.23827,0.0248863,0.0154202,999,,,,,,,33.7,4.2125,32,4,,,,,,,,,,,,,,,,,,,"Troy Taylor","31883",700187
"Braydon Tucker","PHI",0.295335,0.350454,0.335016,5.30889,1,1,0,0,,5.018,22.027,5.4537,3.17,2.96,0.826822,1.6967,0.0148758,0.21185,3.23742,5.80646,3.0431,1.90807,1.48294,0.146975,0.0770281,0.0699472427368164,0.27108,1.42495,0.288204,0.664192,,,5.09143,0.0245932,0.0102269,999,,,,,,,11.7,2.34,12,2.4,,,,,,,,,,,,,,,,,,,"Braydon Tucker","sa3023249",685319
"Miguel Ullola","HOU",0.419489,0.292296,0,4.07476,11,0,0,0,,7.2446,31.6624,5.27061,3.51,3.28,0.861107,4.65362,0.23295,0.464035,8.50492,10.5657,5.78122,1.82759,1.06976,0.268612,0.146976,0.12163622677326202,0.198555,1.36988,0.256684,0.735688,,,4.41521,0.0245194,-0.0376754,999,,,,,,,29.500000000000014,4.214285714285716,25,3.5714285714285716,,,,,,,,,,,,,,,,,,,"Miguel Ullola","sa3016504",699044
"Ryan Rolison","CHC",1.29115,0.927263,0,4.45923,35,0,0,6.445,,23.957,104.138,23.9797,12.86,11.87,2.8201,8.97716,0.723561,0.916753,18.4765,6.9411,3.37247,2.05816,1.05943,0.177423,0.0862044,0.09121843427419662,0.254442,1.37566,0.290066,0.692787,,,4.32549,0.0243728,-0.0562075,999,,,,,,,108.30000000000001,4.5125,111,4.625,,,,,,,,,,,,,,,,,,,"Ryan Rolison","22200",669020
"Taylor Clarke","ARI",1.43867,1.08913,0,4.50019,40,0,0,8.6897,,28.2588,121.71,28.1993,15.24,14.13,3.85159,9.16129,0.548117,0.916814,20.2418,6.4467,2.91773,2.20949,1.22667,0.166312,0.0752716,0.09104017168283463,0.25261,1.32209,0.278138,0.691952,,,4.50788,0.0242969,-0.0485253,999,,,,,,,131.2,4.685714285714285,134,4.785714285714286,,,,,,,,,,,,,,,,,,,"Taylor Clarke","17611",664199
"Ryan Webb","CLE",0.255664,0.408416,0.355811,5.18526,1,1,0,0,,5.155,22.9216,5.39047,3.19,2.97,0.731602,2.31583,0.0155185,0.274569,3.72947,6.51119,4.04316,1.61042,1.27729,0.162705,0.101033,0.061672553420066833,0.265133,1.49492,0.293562,0.675885,,,5.00426,0.0242792,0.0102269,999,,,,,,,13.7,2.7399999999999998,14,2.8,,,,,,,,,,,,,,,,,,,"Ryan Webb","sa3018280",669067
"McCade Brown","COL",0.199364,0.439598,0.280475,6.0496,1,1,0,0,,4.597,20.8884,5.32213,3.29,3.09,0.791766,1.79647,0.0150343,0.38525,3.95106,7.73538,3.51713,2.19934,1.55012,0.189151,0.0860033,0.10314757376909256,0.284504,1.54853,0.324435,0.637025,,,5.04259,0.0242275,0.0102269,999,,,,,,,13.7,2.7399999999999998,14,2.8,,,,,,,,,,,,,,,,,,,"McCade Brown","30004",685326
"Juan Burgos","ARI",0.324596,0.235948,0,4.25218,9,0,0,0.4215,,6.79416,29.7507,6.38953,3.46,3.21,0.597519,3.12665,0.178852,0.411192,5.41438,7.17225,4.14178,1.73168,0.791514,0.181991,0.105095,0.07689644396305084,0.243755,1.40064,0.286719,0.697745,,,4.21033,0.0239676,0.0650594,999,,,,,,,24.9,3.557142857142857,23,3.2857142857142856,,,,,,,,,,,,,,,,,,,"Juan Burgos","27271",686228
"Scott Blewett","STL",0.726189,0.831776,0,4.97955,24,0,0,0.4508,,17.8028,78.904,18.3658,10.57,9.85,2.33794,7.6515,0.522881,0.461603,15.3838,7.77711,3.86813,2.01056,1.18192,0.194969,0.0969722,0.09799662977457047,0.259438,1.46142,0.302019,0.679176,,,4.44484,0.023946,-0.16938,999,,,,,,,67.80000000000003,3.766666666666668,70,3.888888888888889,,,,,,,,,,,,,,,,,,,"Scott Blewett","16427",656240
"Alex McFarlane","PHI",0.47217,0.30248,0,4.39862,11,0,0,0,,9.26881,40.8519,8.31299,4.88,4.53,1.0569,4.82395,0.226108,0.590669,9.43472,9.1611,4.68405,1.95581,1.02625,0.230949,0.118084,0.1128653883934021,0.234583,1.41733,0.290876,0.708308,,,4.2978,0.0239296,-0.0338189,999,,,,,,,33.500000000000014,3.7222222222222237,32,3.5555555555555554,,,,,,,,,,,,,,,,,,,"Alex McFarlane","sa3020633",686934
"Cole Sulser","TBR",1.33395,1.08683,0,4.45911,36,0,0.731,7.5507,,27.2678,116.857,24.4859,14.56,13.51,4.17035,11.1061,0.683981,0.78364,24.4396,8.06653,3.66568,2.20056,1.37646,0.209141,0.0950402,0.11410125344991684,0.233272,1.30528,0.266059,0.706874,,,4.60248,0.0232614,-0.101503,999,,,,,,,137.20000000000002,5.081481481481482,132,4.888888888888889,,,,,,,,,,,,,,,,,,,"Cole Sulser","15256",642121
"Tim Herrin","CLE",1.24558,1.212,0,4.4092,36,0,0,7.4187,,26.2496,115.808,24.1436,13.9,12.86,2.81404,12.4949,0.641716,2.50286,23.5062,8.05939,4.28403,1.88126,0.964827,0.202976,0.107893,0.09508247673511505,0.239496,1.39577,0.286342,0.695392,,,4.41543,0.023048,-0.0523581,999,,,,,,,124.1,4.773076923076923,122,4.6923076923076925,,,,,,,,,,,,,,,,,,,"Tim Herrin","25139",682120
"Alec Gamboa","BOS",0.878658,0.600697,0,4.08917,22,0,0,0.4332,,16.0448,70.0565,14.2398,7.87,7.29,1.50944,8.11224,0.597567,0.687718,13.1926,7.40009,4.55038,1.62626,0.846688,0.188313,0.115796,0.07251767069101334,0.232462,1.3931,0.27345,0.715558,,,4.32262,0.0228363,0.0308404,999,,,,,,,56.40000000000001,3.525000000000001,53,3.3125,,,,,,,,,,,,,,,,,,,"Alec Gamboa","26227",687941
"Dane Dunning","SEA",0.274953,0.371712,0.327191,5.32609,1,1,0,0,,4.968,21.9459,5.19279,3.14,2.94,0.835508,1.98456,0.015402,0.278912,3.90648,7.07695,3.59521,1.96844,1.5136,0.178004,0.0904294,0.08757506310939789,0.263828,1.44472,0.291642,0.672036,,,5.0792,0.0225782,0.0102269,999,,,,,,,13.7,2.7399999999999998,14,2.8,,,,,,,,,,,,,,,,,,,"Dane Dunning","19409",641540
"George Klassen","LAA",0.254366,0.414445,0.37229,5.2921,1,1,0,0,,5.238,23.2904,5.444,3.29,3.08,0.81074,2.35839,0.0174593,0.2641,4.17714,7.17722,4.05221,1.77118,1.39302,0.17935,0.10126,0.07809009402990341,0.263404,1.48957,0.295488,0.676789,,,5.01791,0.0225688,0.0102269,999,,,,,,,13.7,2.7399999999999998,14,2.8,,,,,,,,,,,,,,,,,,,"George Klassen","33464",691946
"Michael Lorenzen","COL",3.96659,7.86895,4.82071,6.11505,23,16,0,0.3655,,82.9642,375.578,99.0125,60.06,56.37,15.1687,32.8066,0.414225,2.67526,57.4396,6.23107,3.55888,1.75085,1.64551,0.152936,0.0873496,0.06558681279420853,0.291131,1.58887,0.313449,0.648916,,,5.3739,0.0224057,-0.86502,999,,,,,,,178.30000000000007,2.148192771084338,226,2.7228915662650603,,,,,,,,,,,,,,,,,,,"Michael Lorenzen","14843",547179
"Austin Warren","NYM",1.30908,0.941095,0,4.66067,35,0,0,6.4708,,24.4664,107.585,24.0227,13.63,12.67,3.13422,10.6631,0.666491,1.09195,21.5968,7.94441,3.92245,2.02537,1.15292,0.200743,0.0991139,0.10162859410047531,0.250681,1.41769,0.293796,0.694959,,,4.43999,0.0221984,-0.158227,999,,,,,,,110.30000000000001,4.595833333333334,113,4.708333333333333,,,,,,,,,,,,,,,,,,,"Austin Warren","24937",681810
"Chad Dallas","TOR",0.293967,0.349894,0.324085,5.15785,1,1,0,0,,4.973,21.6796,5.17077,3.05,2.85,0.882557,1.74319,0.0151214,0.239993,3.79418,6.8666,3.15478,2.17657,1.59723,0.175012,0.0804072,0.09460452198982239,0.262524,1.3903,0.285507,0.680469,,,5.07628,0.0216244,0.0102269,999,,,,,,,13.7,2.7399999999999998,14,2.8,,,,,,,,,,,,,,,,,,,"Chad Dallas","sa3018180",689149
"Ian Hamilton","ATL",0.260922,0.193396,0,4.47616,7,0,0,0.3955,,4.82557,21.3171,4.65438,2.58,2.4,0.49065,2.32193,0.0976209,0.236635,4.5522,8.49015,4.33055,1.96053,0.915095,0.213547,0.108923,0.10462363809347153,0.24812,1.4457,0.303574,0.699003,,,4.12444,0.0214297,-0.041428,999,,,,,,,28,5.6,29,5.8,,,,,,,,,,,,,,,,,,,"Ian Hamilton","19261",641656
"Kyle Hart","SDP",0.8229,0.793288,0,4.52059,27,0,0,0.4138,,17.7388,77.4841,16.6991,9.6,8.91,2.26734,7.41532,0.431629,1.07786,15.4327,7.82995,3.76225,2.08119,1.15036,0.199172,0.0957012,0.10347101092338562,0.242047,1.35941,0.28137,0.693138,,,4.45672,0.0211276,-0.0677063,999,,,,,,,70.40000000000002,3.9111111111111123,70,3.888888888888889,,,,,,,,,,,,,,,,,,,"Kyle Hart","19646",606996
"Yariel Rodríguez","TOR",0.994809,0.672118,0,4.45088,27,0,0,0.414,,18.3806,81.1228,15.754,9.74,9.09,2.13912,10.2031,0.495398,1.38289,18.3259,8.97319,4.9959,1.79611,1.04741,0.225903,0.125773,0.1001293957233429,0.226557,1.4122,0.277449,0.706248,,,4.5086,0.0210649,-0.0677063,999,,,,,,,70.00000000000003,3.8888888888888906,67,3.7222222222222223,,,,,,,,,,,,,,,,,,,"Yariel Rodriguez","33838",684320
"Vince Velasquez","CHC",0.294778,0.360389,0.3531,5.22298,1,1,0,0,,5.135,22.5239,4.98313,3.18,2.98,0.891021,2.30501,0.0152349,0.2263,4.20427,7.36872,4.03994,1.82397,1.56167,0.186658,0.102336,0.08432166278362274,0.249249,1.41931,0.274688,0.680076,,,5.19582,0.0203339,0.0102269,999,,,,,,,13.7,2.7399999999999998,14,2.8,,,,,,,,,,,,,,,,,,,"Vince Velasquez","11189",592826
"Paul Blackburn","NYY",1.23641,0.90343,0,4.97076,33,0,0,6.3698,,23.7911,105.084,25.6346,14.14,13.14,2.97583,9.03433,0.532838,0.790046,18.3173,6.9293,3.41761,2.02753,1.12573,0.174311,0.0859724,0.0883389487862587,0.269102,1.45722,0.306338,0.673019,,,4.42375,0.020312,-0.158171,999,,,,,,,103.10000000000002,4.295833333333334,111,4.625,,,,,,,,,,,,,,,,,,,"Paul Blackburn","14739",621112
"Ty Adcock","SDP",0.431267,0.409322,0,4.37573,14,0,0,0.4138,,8.78253,37.9257,8.24088,4.61,4.27,1.19812,3.3425,0.337991,0.369048,7.76097,7.95314,3.42527,2.3219,1.22779,0.204636,0.0881329,0.11650299280881882,0.240861,1.31891,0.278865,0.703954,,,4.37264,0.0199376,-0.0338585,999,,,,,,,40.500000000000014,4.500000000000002,39,4.333333333333333,,,,,,,,,,,,,,,,,,,"Ty Adcock","25651",686654
"Seth Johnson","PHI",0.693477,0.444586,0,4.47211,16,0,0,0.4029,,13.0006,56.6268,11.6701,6.97,6.46,1.85224,6.13462,0.437809,0.450909,13.1169,9.08053,4.24686,2.13818,1.28226,0.231638,0.108334,0.1233035996556282,0.233209,1.36953,0.279933,0.712268,,,4.45264,0.0194716,-0.0261647,999,,,,,,,48.39999999999999,3.7230769230769223,47,3.6153846153846154,,,,,,,,,,,,,,,,,,,"Seth Johnson","26020",686751
"Rolddy Muñoz","ATL",0.418475,0.295544,0,4.29346,11,0,0,0.3955,,7.33673,32.3068,6.76509,3.76,3.5,0.745823,3.63653,0.284095,0.51874,7.02242,8.61442,4.46094,1.93108,0.914903,0.217367,0.112562,0.10480433702468872,0.24031,1.41774,0.295305,0.709767,,,4.20501,0.0189853,-0.0376754,999,,,,,,,20.300000000000015,2.900000000000002,21,3,,,,,,,,,,,,,,,,,,,"Rolddy Munoz","27407",691548
"Marco Raya","MIN",0.508282,0.432745,0,4.52406,15,0,0,0,,9.54894,41.8578,8.87945,5.16,4.8,1.23638,4.32968,0.276926,0.542885,8.79474,8.28916,4.08078,2.03127,1.1653,0.21011,0.103438,0.1066722571849823,0.240081,1.38331,0.283559,0.701254,,,4.47071,0.0189443,0.0192752,999,,,,,,,41.300000000000004,4.130000000000001,40,4,,,,,,,,,,,,,,,,,,,"Marco Raya","sa3014550",694397
"Anthony Banda","MIN",1.15205,1.03763,0,4.799,35,0,1.17,6.0696,,23.8925,106.017,23.0811,13.73,12.74,2.89777,10.6053,0.931283,2.2621,21.8055,8.21384,3.99488,2.05609,1.09155,0.205679,0.100034,0.10564493387937546,0.247784,1.40991,0.294877,0.67353,,,4.46576,0.0187747,-0.158227,999,,,,,,,114.90000000000002,4.7875000000000005,115,4.791666666666667,,,,,,,,,,,,,,,,,,,"Anthony Banda","14706",607455
"Bailey Horn","DET",0.40545,0.309431,0,4.30149,10,0,0,0.3878,,6.40244,27.9501,5.83207,3.3,3.06,0.786725,2.94804,0.243987,0.262816,6.06123,8.52036,4.1441,2.05602,1.10591,0.216859,0.105475,0.11138387024402618,0.235741,1.37137,0.282,0.713677,,,4.30724,0.0183486,0.0115651,999,,,,,,,19.500000000000007,3.2500000000000013,20,3.3333333333333335,,,,,,,,,,,,,,,,,,,"Bailey Horn","27753",690544
"Grant Holman","PHI",0.346021,0.217027,0,4.34013,8,0,0,0.4029,,7.02974,30.5191,6.59165,3.66,3.39,0.878127,2.95957,0.217952,0.326096,6.47812,8.29378,3.78906,2.18887,1.12424,0.212265,0.0969744,0.11529036611318588,0.242043,1.35869,0.287442,0.707923,,,4.28174,0.0183172,-0.0376066,999,,,,,,,24.3,3.4714285714285715,25,3.5714285714285716,,,,,,,,,,,,,,,,,,,"Grant Holman","30002",680880
"Julian Fernández","WSN",0.568938,0.702085,0,4.87836,20,0,0,0.3932,,12.8219,56.7998,12.6706,7.49,6.95,1.698,5.87256,0.324937,0.536274,11.4813,8.05901,4.12208,1.95508,1.19186,0.202137,0.103391,0.09874650835990906,0.251446,1.4462,0.29487,0.683731,,,4.5289,0.0182777,-0.0261906,999,,,,,,,38.8,2.9846153846153842,40,3.076923076923077,,,,,,,,,,,,,,,,,,,"Julian Fernandez","18341",642759
"Matt Waldron","SDP",0.446805,0.617356,0.28709,5.20955,7,1,0,0.4138,,10.6938,47.2796,11.0155,6.64,6.19,1.75009,4.06736,0.208607,0.775753,8.83876,7.43876,3.42312,2.1731,1.47289,0.186947,0.0860278,0.10091886669397354,0.259576,1.41043,0.29093,0.668332,,,4.93182,0.0180918,-0.0803161,999,,,,,,,31.200000000000003,2.8363636363636364,32,2.909090909090909,,,,,,,,,,,,,,,,,,,"Matt Waldron","25550",663362
"Carlos Rodriguez","MIL",0.672861,0.593096,0,4.52295,19,0,0,0.3993,,12.3968,54.2604,11.1588,6.68,6.23,1.71231,5.94854,0.395584,0.523048,11.3416,8.23396,4.31861,1.90662,1.24313,0.209022,0.10963,0.09939263761043549,0.233502,1.37998,0.27196,0.708855,,,4.63068,0.0169241,-0.0791495,999,,,,,,,36.600000000000016,3.050000000000001,35,2.9166666666666665,,,,,,,,,,,,,,,,,,,"Carlos Rodriguez","30161",692230
"Brandon Eisert","CHW",1.17455,1.15884,0,4.49902,35,0,0,5.6502,,25.5255,109.707,24.1947,13.82,12.76,3.82575,8.85933,0.722749,1.2789,22.7944,8.03702,3.12369,2.57292,1.34891,0.207774,0.0807543,0.12702001631259918,0.242995,1.29494,0.279222,0.69442,,,4.45267,0.0167989,-0.0523515,999,,,,,,,120.79999999999998,4.646153846153846,118,4.538461538461538,,,,,,,,,,,,,,,,,,,"Brandon Eisert","27668",685126
"Logan VanWey","HOU",0.850482,0.638352,0,4.39754,23,0,0,0.3954,,15.6769,68.1203,13.4913,8.25,7.66,2.33215,7.45733,0.503003,0.918772,15.9886,9.17892,4.28119,2.14401,1.33887,0.234711,0.109473,0.12523847818374634,0.225818,1.33627,0.269393,0.718101,,,4.59575,0.0157924,0.0308404,999,,,,,,,68.00000000000001,4.250000000000001,62,3.875,,,,,,,,,,,,,,,,,,,"Logan VanWey","31884",701121
"Zach Pop","PHI",0.250593,0.168171,0,4.56743,6,0,0,0.4029,,5.53703,24.263,5.84894,3.03,2.81,0.594781,2.00854,0.162871,0.268404,4.23235,6.87934,3.26473,2.10717,0.966767,0.174436,0.0827822,0.09165419638156891,0.266029,1.41908,0.306205,0.687207,,,4.20007,0.015687,0.0115652,999,,,,,,,18.500000000000007,3.0833333333333344,19,3.1666666666666665,,,,,,,,,,,,,,,,,,,"Zach Pop","20185",647315
"Ben Peoples","CHW",0.547314,0.543928,0,4.37173,16,0,0,0,,11.4874,50.0491,9.89182,6,5.58,1.57776,5.72663,0.352322,0.619912,11.224,8.79363,4.48661,1.95997,1.23612,0.22426,0.11442,0.10984019190073013,0.226344,1.35961,0.269057,0.717281,,,4.5875,0.0148647,-0.0300207,999,,,,,,,31.800000000000004,2.890909090909091,30,2.727272727272727,,,,,,,,,,,,,,,,,,,"Ben Peoples","sa3011784",687239
"Spencer Bivens","SFG",0.434273,0.401817,0,4.70889,13,0,0,0.4229,,8.54342,37.7076,8.89586,4.82,4.47,0.904539,3.39359,0.265812,0.475446,6.08931,6.41473,3.57495,1.79436,0.952879,0.161488,0.0899976,0.07149016857147217,0.262891,1.43847,0.297687,0.677618,,,4.4082,0.0146789,-0.0338474,999,,,,,,,33.90000000000001,3.766666666666668,35,3.888888888888889,,,,,,,,,,,,,,,,,,,"Spencer Bivens","30226",702352
"Brandan Bidois","PIT",1.11699,0.896947,0,4.74139,32,0,0,4.2347,,22.6832,100.028,20.6952,12.86,11.95,3.38404,11.0571,0.796014,1.2171,24.3125,9.64644,4.3871,2.19882,1.34268,0.243058,0.11054,0.13251759111881256,0.235833,1.39981,0.288245,0.699335,,,4.51782,0.0146687,-0.109152,999,,,,,,,106.70000000000002,4.63913043478261,104,4.521739130434782,,,,,,,,,,,,,,,,,,,"Brandan Bidois","28052",684049
"Yoniel Curet","DET",0.205974,0.155608,0,4.17422,5,0,0,0,,3.7516,16.6323,3.015,1.87,1.74,0.376827,2.27746,0.116182,0.362237,3.99301,9.57914,5.46357,1.75328,0.903998,0.240076,0.13693,0.10314597189426422,0.21547,1.41072,0.274159,0.718264,,,4.38664,0.014623,0.0077101,999,,,,,,,23.8,5.95,22,5.5,,,,,,,,,,,,,,,,,,,"Yoniel Curet","sa3015446",692414
"Brock Burke","CIN",1.31906,1.17081,0,4.71061,40,0,1.954,9.5968,,28.888,125.259,29.4243,16.31,15.12,4.39116,9.38128,0.892114,1.39278,24.5943,7.66231,2.92272,2.62164,1.36806,0.196348,0.074895,0.12145257741212845,0.257015,1.34331,0.292787,0.688824,,,4.49094,0.0145427,-0.0976976,999,,,,,,,160.00000000000003,5.517241379310346,163,5.620689655172414,,,,,,,,,,,,,,,,,,,"Brock Burke","17968",656271
"Austin Love","STL",0.463997,0.50728,0,4.75928,15,0,0,0,,11.2517,49.7089,10.9981,6.39,5.95,1.44203,5.02169,0.276541,0.609812,10.1552,8.12291,4.01674,2.02226,1.15345,0.204293,0.101022,0.1032710149884224,0.249518,1.42376,0.294212,0.687795,,,4.46122,0.014346,-0.0300122,999,,,,,,,42.50000000000001,3.863636363636364,44,4,,,,,,,,,,,,,,,,,,,"Austin Love","sa3017609",676153
"Cameron Foster","BAL",0.513724,0.388321,0,4.73309,14,0,0,0.4162,,9.07018,39.9443,8.73648,5.13,4.77,1.25471,4.05089,0.244764,0.486431,8.46137,8.3959,4.01954,2.08877,1.245,0.211829,0.101413,0.11041583865880966,0.246745,1.40983,0.291223,0.694182,,,4.53203,0.0143186,-0.0338585,999,,,,,,,34.90000000000001,3.877777777777779,36,4,,,,,,,,,,,,,,,,,,,"Cameron Foster","31942",671382
"Wyatt Mills","LAD",0.706954,0.312476,0,4.5598,17,0,0,0.4335,,11.3097,49.7723,10.461,6.17,5.73,1.40939,5.27864,0.388545,0.78742,10.9294,8.69734,4.20062,2.07049,1.12156,0.219587,0.106056,0.11353163421154022,0.239348,1.39169,0.288566,0.695139,,,4.39507,0.0142096,-0.0300283,999,,,,,,,47.10000000000001,4.281818181818182,46,4.181818181818182,,,,,,,,,,,,,,,,,,,"Wyatt Mills","20010",670090
"Matt Pushard","MIA",0.19054,0.197307,0,4.55687,6,0,0,0,,4.7006,20.4537,4.44764,2.56,2.38,0.599884,1.9027,0.113295,0.232113,4.05519,7.76427,3.64301,2.13128,1.14857,0.198262,0.0930248,0.10523691773414612,0.24279,1.35097,0.281602,0.68784,,,4.39483,0.0139479,-0.0413805,999,,,,,,,16.299999999999997,3.2599999999999993,14,2.8,,,,,,,,,,,,,,,,,,,"Matt Pushard","31870",690155
"Ryan Borucki","SFG",0.175122,0.140503,0,4.16079,5,0,0,0.4229,,3.50415,15.0654,3.26848,1.76,1.62,0.385258,1.30243,0.0653319,0.248975,2.91663,7.49104,3.34514,2.23938,0.989491,0.193598,0.0864515,0.1071465015411377,0.241859,1.30443,0.282333,0.697228,,,4.1915,0.0137556,0.0077101,999,,,,,,,24.8,6.2,23,5.75,,,,,,,,,,,,,,,,,,,"Ryan Borucki","16350",621366
"Craig Yoho","MIL",0.771603,0.661516,0,4.44293,22,0,0,0.3993,,14.6862,63.9858,12.8858,7.79,7.25,2.18238,6.96036,0.398756,0.940783,16.1112,9.87326,4.26544,2.31471,1.3374,0.251794,0.10878,0.14301414787769318,0.229757,1.35134,0.283227,0.718021,,,4.45044,0.01362,-0.0223442,999,,,,,,,60.60000000000001,4.040000000000001,57,3.8,,,,,,,,,,,,,,,,,,,"Craig Yoho","33248",684974
"Connor Brogdon","CLE",0.17413,0.169268,0,4.4166,5,0,0,0.4651,,3.70874,15.9459,3.40903,1.97,1.82,0.555003,1.46097,0.0868232,0.095884,3.66338,8.88992,3.54533,2.5075,1.34683,0.229737,0.0916201,0.13811735063791275,0.236918,1.31311,0.280613,0.708527,,,4.32793,0.0130742,0.0077101,999,,,,,,,14.5,3.625,12,3,,,,,,,,,,,,,,,,,,,"Connor Brogdon","21205",641401
"Sean Guenther","DET",0.237668,0.185558,0,4.43811,6,0,0,0.3878,,4.50192,19.5238,4.5786,2.4,2.22,0.530494,1.45397,0.107395,0.295146,3.54347,7.08391,2.9067,2.4371,1.06054,0.181495,0.0744716,0.1070229634642601,0.257591,1.34,0.295466,0.686702,,,4.22197,0.0130297,0.061315,999,,,,,,,16.7,3.34,17,3.4,,,,,,,,,,,,,,,,,,,"Sean Guenther","20045",674944
"Joel Peguero","SFG",0.29908,0.27272,0,4.62309,9,0,0,0.4229,,6.30746,28.0483,6.4175,3.49,3.24,0.590089,3.02205,0.159781,0.250193,5.09332,7.26756,4.31211,1.68538,0.841987,0.181591,0.107745,0.07384634763002396,0.259021,1.49657,0.305218,0.69073,,,4.25627,0.0130282,0.0115651,999,,,,,,,17.500000000000007,2.916666666666668,18,3,,,,,,,,,,,,,,,,,,,"Joel Peguero","21951",666711
"Tanner McDougal","CHW",0.237156,0.418123,0.324322,5.28237,1,1,0,0,,4.958,21.8472,5.00552,3.11,2.91,0.867735,2.1222,0.0147068,0.269205,3.95736,7.18358,3.85233,1.86474,1.57515,0.181138,0.0971386,0.08399944007396698,0.257277,1.43762,0.282816,0.679485,,,5.22458,0.0129957,0.0102269,999,,,,,,,13.7,2.7399999999999998,14,2.8,,,,,,,,,,,,,,,,,,,"Tanner McDougal","sa3017471",701780
"Prelander Berroa","CHW",0.171426,0.167769,0,4.2634,5,0,0,0.3669,,3.69424,16.241,2.99863,1.88,1.75,0.422308,2.21936,0.102644,0.201381,3.91185,9.53015,5.40686,1.7626,1.02884,0.240862,0.136651,0.10421080887317657,0.216973,1.41247,0.271589,0.721453,,,4.43282,0.0129572,0.0077101,999,,,,,,,23.8,5.95,22,5.5,,,,,,,,,,,,,,,,,,,"Prelander Berroa","22932",672860
"Bobby Miller","LAD",0.334542,0.150424,0,4.50779,8,0,0,0.4335,,5.33078,23.265,5.01859,2.87,2.67,0.684484,2.21225,0.134598,0.371593,4.87143,8.22448,3.73497,2.20202,1.15562,0.209389,0.0950894,0.11429937183856964,0.242665,1.35643,0.286548,0.695225,,,4.39439,0.0120577,-0.0414636,999,,,,,,,15.7,3.1399999999999997,16,3.2,,,,,,,,,,,,,,,,,,,"Bobby Miller","27483",676272
"Orlando Ribalta","WSN",1.06312,1.23987,0,4.63889,36,0,1.456,6.7843,,23.9799,105.81,22.1245,13.29,12.36,3.16619,12.0761,0.773402,0.903238,20.6986,7.76848,4.53235,1.71401,1.18832,0.19562,0.11413,0.08148986846208572,0.238332,1.42622,0.274894,0.702454,,,4.71262,0.011273,-0.056214,999,,,,,,,119.50000000000001,4.979166666666667,117,4.875,,,,,,,,,,,,,,,,,,,"Orlando Ribalta","26247",687377
"Sammy Peralta","COL",0.521017,0.524602,0,5.33929,16,0,0,0.3655,,12.2544,55.0586,13.9525,7.86,7.27,1.61105,4.4528,0.457612,0.55164,9.75375,7.16342,3.27025,2.19048,1.1832,0.177152,0.0808737,0.09627837687730789,0.278748,1.50193,0.318989,0.652967,,,4.44103,0.0112283,-0.180296,999,,,,,,,32.80000000000002,2.7333333333333347,39,3.25,,,,,,,,,,,,,,,,,,,"Sammy Peralta","25589",671111
"Bryse Wilson",,0.298795,0.359186,0.372685,5.49012,1,1,0,0,,5.213,22.9877,5.79461,3.4,3.18,0.917407,1.79853,0.0152346,0.238214,3.28599,5.67311,3.10507,1.82705,1.58386,0.142946,0.0782387,0.06470705568790436,0.27658,1.45658,0.291219,0.664652,,,5.29793,0.0112219,0.0102269,999,,,,,,,9.1,1.8199999999999998,12,2.4,,,,,,,,,,,,,,,,,,,"Bryse Wilson","19990",669060
"Jeff Criswell","COL",0.630924,0.630354,0,5.26752,19,0,0,0.3655,,14.5571,65.2565,14.6653,9.19,8.52,2.33696,6.75901,0.585321,0.687508,15.3699,9.50247,4.17879,2.27398,1.44483,0.23553,0.103576,0.13195375353097916,0.25368,1.47174,0.307415,0.673971,,,4.60864,0.0112175,-0.124194,999,,,,,,,53.400000000000006,3.5600000000000005,55,3.6666666666666665,,,,,,,,,,,,,,,,,,,"Jeff Criswell","27608",676105
"Jack Ralston","MIA",0.389756,0.373281,0,4.38672,12,0,0,0,,8.7195,38.59,7.07099,4.55,4.25,0.987808,5.48097,0.253603,0.486632,9.29521,9.59424,5.65729,1.69591,1.01959,0.240871,0.142031,0.0988403707742691,0.216753,1.43953,0.272308,0.716442,,,4.49258,0.0111982,-0.0338343,999,,,,,,,39.10000000000001,4.344444444444445,35,3.888888888888889,,,,,,,,,,,,,,,,,,,"Jack Ralston","sa3011296",667652
"Jhony Brito","SDP",0.515648,0.513503,0,4.57907,17,0,0,0.4138,,10.8494,47.2198,11.0057,5.97,5.52,1.31898,3.85787,0.375697,0.450034,7.35484,6.10115,3.20026,1.90645,1.09415,0.155757,0.0817001,0.07405731827020645,0.256471,1.36999,0.282921,0.683226,,,4.51453,0.0101847,-0.0300283,999,,,,,,,42.50000000000001,3.863636363636364,44,4,,,,,,,,,,,,,,,,,,,"Jhony Brito","25386",666745
"Yoendrys Gómez","MIN",1.34639,1.20734,0,4.74919,40,0,8.383,5.8829,,27.4784,122.122,25.0794,15.54,14.5,3.40516,14.1559,0.750287,2.15674,24.8252,8.13102,4.63647,1.75371,1.11529,0.203282,0.115915,0.08736627548933029,0.237024,1.42786,0.279382,0.687456,,,4.68375,0.010179,-0.203461,999,,,,,,,163.9,6.07037037037037,162,6,,,,,,,,,,,,,,,,,,,"Yoendrys Gomez","22872",672782
"Angel Chivilli","NYY",0.741866,0.488357,0,4.56989,19,0,0,0.437,,13.8056,60.1122,13.6408,7.54,7.01,1.81401,5.07646,0.247489,0.936548,11.6778,7.61288,3.3094,2.30038,1.18257,0.194267,0.0844497,0.10981689393520355,0.252145,1.35578,0.291248,0.690908,,,4.42177,0.0100446,-0.0752928,999,,,,,,,48.6,3.4714285714285715,50,3.5714285714285716,,,,,,,,,,,,,,,,,,,"Angel Chivilli","26790",683409
"Victor Vodnik","COL",0.815847,0.795288,0,5.15225,25,0,0,0.3655,,19.1625,87.2046,20.7493,11.81,10.97,1.88782,10.5142,0.516788,0.284134,16.7252,7.85529,4.93818,1.59072,0.886648,0.191793,0.120569,0.07122337073087692,0.271565,1.63149,0.326361,0.679704,,,4.32435,0.010042,-0.218146,496.760009765625,,,,,,,62.4,3.2842105263157895,70,3.6842105263157894,,,,,,,,,,,,,,,,,,,"Victor Vodnik","24614",680767
"Jake Cousins","LAD",0.252334,0.107814,0,4.36709,6,0,0,0.4335,,3.99808,17.5652,3.35188,2.08,1.94,0.479048,2.231,0.0790525,0.295609,4.59695,10.3481,5.02215,2.06049,1.07838,0.261708,0.127012,0.1346951574087143,0.222885,1.39639,0.288362,0.713096,,,4.25265,0.00980144,0.00771009,999,,,,,,,25.8,6.45,24,6,,,,,,,,,,,,,,,,,,,"Jake Cousins","21620",664776
"Emilio Pagán","CIN",1.08879,0.88249,0,4.4006,31,0,10.424,4.2822,,22.272,94.6101,18.9115,11.69,10.89,3.98387,8.81633,0.439088,0.648508,22.4017,9.05244,3.56264,2.54094,1.60986,0.23678,0.093186,0.14359360188245773,0.222109,1.24497,0.254046,0.724042,,,4.68731,0.00972571,-0.0600331,111.94000244140625,,,,,,,144.20000000000002,6.554545454545456,138,6.2727272727272725,,,,,,,,,,,,,,,,,,,"Emilio Pagan","14771",641941
"Tayler Saucedo","LAA",0.906543,0.857336,0,4.56806,27,0,0,0.4034,,19.1898,84.8617,19.0148,10.51,9.74,2.10065,8.70149,0.456381,1.21752,16.4279,7.70469,4.081,1.88794,0.985207,0.193584,0.102537,0.09104711562395096,0.253725,1.44433,0.299821,0.694492,,,4.3603,0.00916753,-0.116761,999,,,,,,,68.6,3.6105263157894734,71,3.736842105263158,,,,,,,,,,,,,,,,,,,"Tayler Saucedo","17888",642048
"Carlos Vargas","SEA",0.241458,0.169831,0,4.47834,6,0,0,0.4188,,4.72273,20.7045,4.88802,2.54,2.35,0.478068,1.77092,0.136547,0.328469,3.46308,6.59951,3.3748,1.95552,0.911043,0.167262,0.0855334,0.08172906190156937,0.262725,1.40998,0.300735,0.687677,,,4.28169,0.00900511,-0.0413805,999,,,,,,,24,4.8,25,5,,,,,,,,,,,,,,,,,,,"Carlos Vargas","22915",672841
"Joel Kuhnel","ATH",1.31883,1.18088,0,5.1504,38,0,2.642,7.4142,,27.8716,123.211,32.0253,17.2,15.95,3.73317,8.25328,0.572328,1.66982,19.7789,6.38678,2.66506,2.39649,1.20547,0.160528,0.0669848,0.0935434028506279,0.282689,1.44515,0.315141,0.658407,,,4.48875,0.00890638,-0.252246,999,,,,,,,127.8,4.564285714285714,141,5.035714285714286,,,,,,,,,,,,,,,,,,,"Joel Kuhnel","19995",669270
"Zach Maxwell","CIN",1.07205,1.01049,0,4.87108,33,0,0,4.4535,,23.7422,106.566,22.0623,13.77,12.85,3.27141,13.6922,0.895489,1.05292,25.5203,9.67404,5.19035,1.86385,1.2401,0.239479,0.128486,0.11099313199520111,0.240276,1.50595,0.298132,0.705208,,,4.60333,0.00864478,-0.158171,999,,,,,,,106.50000000000001,4.437500000000001,104,4.333333333333333,,,,,,,,,,,,,,,,,,,"Zach Maxwell","31610",687209
"AJ Smith-Shawver","ATL",0.191045,0.140883,0,4.59552,5,0,0,0.3955,,3.44684,14.995,3.02173,1.89,1.76,0.497576,1.62854,0.100589,0.162112,3.66001,9.55662,4.25227,2.24741,1.29922,0.244083,0.108606,0.13547662645578384,0.228845,1.34914,0.279013,0.698155,,,4.41018,0.00806054,-0.0451724,999,,,,,,,16.400000000000002,5.466666666666668,17,5.666666666666667,,,,,,,,,,,,,,,,,,,"AJ Smith-Shawver","29960",700363
"Hayden Juenger","TOR",0.614358,0.432842,0,4.69388,17,0,0,0.414,,11.3893,49.8336,10.7153,6.38,5.94,1.68019,4.87834,0.331238,0.609915,10.7174,8.46903,3.85494,2.19693,1.32771,0.215063,0.0978926,0.11717058718204498,0.241633,1.36915,0.282809,0.695822,,,4.58014,0.00779174,-0.0300283,999,,,,,,,32.2,2.9272727272727277,33,3,,,,,,,,,,,,,,,,,,,"Hayden Juenger","29640",696522
"Kirby Yates","LAA",1.30967,1.2091,0,4.63901,38,0,9.537,5.1104,,27.4326,119.479,23.0996,15.18,14.14,4.37092,13.5836,0.690999,1.70308,31.8379,10.4453,4.45645,2.34386,1.434,0.266474,0.11369,0.15278352051973343,0.221702,1.33721,0.27549,0.703548,,,4.5206,0.00732664,-0.10153,269.42999267578125,,,,,,,176.8,6.548148148148148,169,6.2592592592592595,,,,,,,,,,,,,,,,,,,"Kirby Yates","9073",489446
"Samy Natera Jr.","LAA",0.482569,0.43282,0,4.43893,14,0,0,0,,9.44821,41.5769,7.86186,5.01,4.66,1.38908,5.24546,0.226326,0.528593,11.6236,11.0722,4.99662,2.21593,1.32318,0.279568,0.126163,0.15340550243854523,0.219587,1.38728,0.284016,0.725396,,,4.38286,0.00688851,-0.0338585,999,,,,,,,39.500000000000014,4.38888888888889,38,4.222222222222222,,,,,,,,,,,,,,,,,,,"Samy Natera Jr.","sa3020862",696519
"Tucker Davidson","PHI",0.282978,0.361699,0.338888,5.61937,1,1,0,0,,4.997,22.2399,5.56096,3.34,3.12,0.851385,1.96486,0.0158646,0.192839,3.11221,5.60534,3.53887,1.58393,1.53341,0.139938,0.0883484,0.051589518785476685,0.27691,1.50607,0.292182,0.660862,,,5.36341,0.00686623,0.0102269,999,,,,,,,9.1,1.8199999999999998,12,2.4,,,,,,,,,,,,,,,,,,,"Tucker Davidson","19871",656353
"Justin Sterner","ATH",1.38017,1.12358,0,4.80985,37,0,1.321,7.2818,,27.1131,117.676,24.9942,15.61,14.49,4.64968,10.4177,0.709486,1.89531,26.1045,8.66521,3.45809,2.50578,1.54343,0.221833,0.0885287,0.13330453634262085,0.237219,1.30608,0.272682,0.685132,,,4.76491,0.00643718,-0.20336,547.0499877929688,,,,,,,122.30000000000001,4.52962962962963,119,4.407407407407407,,,,,,,,,,,,,,,,,,,"Justin Sterner","27694",686993
"Max Kranick","WSN",0.261957,0.314944,0,4.78942,9,0,0,0.3932,,6.27633,27.3098,6.33458,3.61,3.34,0.947687,2.16374,0.189178,0.24775,4.74536,6.80466,3.10272,2.19313,1.35894,0.17376,0.0792294,0.09453074634075165,0.254418,1.35403,0.28049,0.681626,,,4.70214,0.00613551,-0.0902573,999,,,,,,,20.500000000000007,3.416666666666668,21,3.5,,,,,,,,,,,,,,,,,,,"Max Kranick","22175",668820
"Tate Kuehner","MIL",0.211794,0.172091,0,4.20622,6,0,0,0,,4.57893,20.284,4.00744,2.3,2.14,0.458467,2.63722,0.14626,0.251434,4.61568,9.07223,5.18352,1.75021,0.901128,0.227553,0.130015,0.09753786027431488,0.230374,1.45114,0.288037,0.723771,,,4.27686,0.00611919,0.061315,999,,,,,,,27.6,5.5200000000000005,26,5.2,,,,,,,,,,,,,,,,,,,"Tate Kuehner","sa3023099",804249
"Chris Paddack","CIN",1.42156,2.08618,1.1437,5.2995,15,4,0,0.4282,,30.0085,130.956,32.2909,18.91,17.67,5.75425,9.58811,0.342865,0.997662,21.1529,6.34408,2.87562,2.20616,1.72579,0.161527,0.0732162,0.0883106216788292,0.268263,1.39557,0.283926,0.679093,,,5.23999,0.00569508,-0.151053,748.510009765625,,,,,,,73.99999999999999,2.4666666666666663,81,2.7,,,,,,,,,,,,,,,,,,,"Chris Paddack","20099",663978
"Evan Fitterer","SDP",0.247635,0.231547,0,4.22929,8,0,0,0,,5.51156,24.5693,4.89871,2.79,2.59,0.471884,3.28199,0.270446,0.374902,4.70669,7.68569,5.35926,1.4341,0.770554,0.191568,0.133581,0.05798695981502533,0.234249,1.48428,0.281357,0.716842,,,4.49428,0.00501575,0.0115651,999,,,,,,,32.400000000000006,5.400000000000001,31,5.166666666666667,,,,,,,,,,,,,,,,,,,"Evan Fitterer","sa3011433",683157
"Jake Bloss","TOR",0.256929,0.176187,0,4.59752,7,0,0,0.414,,4.89394,21.2402,4.38891,2.69,2.5,0.738064,2.14862,0.148462,0.261823,4.79212,8.81274,3.95132,2.23033,1.35731,0.225615,0.101158,0.12445720285177231,0.233083,1.33584,0.274507,0.699012,,,4.57848,0.00474134,-0.041428,999,,,,,,,18.299999999999997,3.6599999999999993,16,3.2,,,,,,,,,,,,,,,,,,,"Jake Bloss","33168",814005
"Drey Jameson","ARI",0.482924,0.395391,0,4.80002,14,0,0,0.4215,,10.2562,45.5086,10.5942,5.89,5.47,1.18259,4.36512,0.296444,0.552775,7.96998,6.9938,3.83047,1.82583,1.03775,0.175131,0.0959186,0.07921264320611954,0.261,1.45856,0.299368,0.681714,,,4.48201,0.0046632,-0.082856,999,,,,,,,34.1,3.41,38,3.8,,,,,,,,,,,,,,,,,,,"Drey Jameson","26260",686753
"Jordan Romano","COL",0.299103,0.29398,0,5.23737,9,0,0,0.3655,,6.90804,30.6218,7.11435,4.35,4.02,1.11444,2.71802,0.201537,0.39698,6.96251,9.07096,3.54111,2.56161,1.45192,0.227371,0.0887608,0.13861004263162613,0.258639,1.42332,0.308798,0.66275,,,4.53293,0.00440925,-0.0376346,688.9600219726562,,,,,,,26.300000000000015,3.7571428571428593,27,3.857142857142857,,,,,,,,,,,,,,,,,,,"Jordan Romano","16122",605447
"Colin Selby","BAL",0.440448,0.32369,0,4.61368,12,0,0,0.4162,,7.64683,33.7295,7.35109,4.22,3.92,0.961584,3.59762,0.230857,0.430046,7.16983,8.4386,4.23425,1.99294,1.13175,0.212569,0.106661,0.10590770095586777,0.247496,1.4318,0.296216,0.700725,,,4.43834,0.00402499,0.0154202,999,,,,,,,30.700000000000006,3.837500000000001,29,3.625,,,,,,,,,,,,,,,,,,,"Colin Selby","24986",681882
"Daniel Duarte","NYM",0.648559,0.455032,0,4.54728,17,0,0,0.4202,,11.6179,51.1293,10.9837,6.33,5.87,1.40201,5.47341,0.368202,0.630186,9.68384,7.50173,4.24005,1.76925,1.08609,0.189399,0.10705,0.08234886825084686,0.243943,1.41653,0.282314,0.698696,,,4.57653,0.00317942,0.0231303,999,,,,,,,49.90000000000001,4.158333333333334,49,4.083333333333333,,,,,,,,,,,,,,,,,,,"Daniel Duarte","17480",650960
"Simeon Woods Richardson","TOR",0.297803,0.273443,0,4.89419,9,0,0,0.414,,6.4546,28.4768,6.33678,3.78,3.51,0.859774,2.91504,0.173973,0.229402,5.35842,7.47154,4.06461,1.83819,1.19883,0.188168,0.102365,0.08580219745635986,0.250146,1.43337,0.286541,0.679887,,,4.6315,0.00294009,-0.0902573,664.0399780273438,,,,,,,17.500000000000007,2.916666666666668,18,3,,,,,,,,,,,,,,,,,,,"Simeon Woods Richardson","24494",680573
"Hayden Harris","ATL",1.10086,0.947865,0,5.18082,31,0,0,2.6364,,21.1241,94.6091,21.687,13.11,12.16,3.23713,9.60205,0.449155,1.06129,21.4835,9.15315,4.09099,2.23739,1.37919,0.227077,0.101492,0.12558509409427643,0.258345,1.4812,0.311521,0.679411,,,4.57123,0.00289017,-0.214671,999,,,,,,,82.3,3.919047619047619,87,4.142857142857143,,,,,,,,,,,,,,,,,,,"Hayden Harris","31913",802686
"Rafael Montero","NYY",0.15981,0.0994527,0,4.40329,4,0,0,0.437,,3.10677,13.4864,2.7819,1.63,1.52,0.386469,1.53273,0.0485642,0.0711982,2.93034,8.4889,4.44016,1.91185,1.11956,0.21728,0.113649,0.10363085567951202,0.234117,1.38878,0.279653,0.711429,,,4.37824,0.00285109,-0.0450741,999,,,,,,,14.400000000000002,4.800000000000001,15,5,,,,,,,,,,,,,,,,,,,"Rafael Montero","12760",606160
"Brent Suter","LAA",1.21285,1.18725,0,4.70928,36,0,0,6.5447,,25.9339,112.98,26.7785,14.61,13.57,3.60487,8.4501,0.358903,1.65873,19.7791,6.86405,2.93249,2.34069,1.25102,0.175066,0.0747926,0.10027368366718292,0.26031,1.3584,0.291537,0.683147,,,4.54977,0.00177037,-0.154395,999,,,,,,,110.99999999999999,4.269230769230768,116,4.461538461538462,,,,,,,,,,,,,,,,,,,"Brent Suter","13942",608718
"Yosver Zulueta","SEA",0.277545,0.199842,0,4.67654,7,0,0,0.4188,,5.44633,24.3259,5.16079,3.04,2.83,0.598095,2.95848,0.146553,0.350655,5.40057,8.92437,4.88884,1.82546,0.988344,0.222009,0.121619,0.10039082914590836,0.245557,1.49078,0.303814,0.697516,,,4.36589,0.00166952,-0.041428,999,,,,,,,12.7,2.54,13,2.6,,,,,,,,,,,,,,,,,,,"Yosver Zulueta","27765",691172
"Garrett Acton","MIN",0.534792,0.479277,0,4.84798,16,0,0,0.4193,,10.2661,45.1033,9.70838,5.96,5.53,1.59581,4.44621,0.420151,0.504559,9.65171,8.46136,3.89786,2.17077,1.399,0.213991,0.0985784,0.11541283875703812,0.241788,1.37877,0.280663,0.687439,,,4.68591,0.00127959,-0.0829273,999,,,,,,,28.4,2.84,29,2.9,,,,,,,,,,,,,,,,,,,"Garrett Acton","27583",670183
"Christian Roa","CHC",0.223866,0.164436,0,4.39935,6,0,0,0.4185,,4.15288,18.4604,3.74176,2.19,2.03,0.398869,2.44213,0.0985296,0.22205,3.58358,7.76622,5.2925,1.4674,0.864417,0.194122,0.13229,0.06183239817619324,0.236877,1.48906,0.282965,0.709965,,,4.54606,0.000385063,0.00771009,999,,,,,,,21.200000000000003,5.300000000000001,22,5.5,,,,,,,,,,,,,,,,,,,"Christian Roa","27662",685005
"Ronan Kopp","LAD",0.297005,0.125646,0,4.34137,7,0,0,0,,4.66443,20.7831,3.83104,2.42,2.25,0.506521,3.07487,0.113499,0.273365,5.1079,9.85568,5.93295,1.66118,0.977331,0.245772,0.14795,0.0978211909532547,0.219734,1.48055,0.281251,0.72391,,,4.47373,0.000253635,0.0612682,999,,,,,,,15.299999999999999,3.0599999999999996,13,2.6,,,,,,,,,,,,,,,,,,,"Ronan Kopp","sa3017751",691947
"Elvis Alvarado","ATH",0.929002,0.794303,0,4.99163,26,0,0,2.8135,,18.7694,84.231,17.9058,11.19,10.41,2.57688,9.75515,0.486741,1.45552,19.2556,9.23313,4.67763,1.97389,1.23562,0.228605,0.115814,0.11279052495956421,0.245216,1.47372,0.299463,0.684768,,,4.62354,0.000202955,-0.116735,748.52001953125,,,,,,,73.89999999999999,3.8894736842105258,73,3.8421052631578947,,,,,,,,,,,,,,,,,,,"Elvis Alvarado","21662",665660
"Chris Devenski","PIT",0.85431,0.743655,0,5.06205,25,0,0,0.4072,,17.6193,77.1374,17.7672,10.67,9.91,2.65747,6.52601,0.328037,0.922751,15.1232,7.72496,3.3335,2.31737,1.35744,0.196055,0.0846023,0.11145282536745071,0.254952,1.37878,0.291088,0.662197,,,4.61108,-0.00056027,-0.169433,999,,,,,,,55.500000000000014,3.083333333333334,57,3.1666666666666665,,,,,,,,,,,,,,,,,,,"Chris Devenski","12763",606965
"Alex Lange","KCR",1.26659,1.08354,0,4.86996,36,0,1.304,6.9691,,25.6881,115.5,24.1024,14.92,13.9,2.77214,14.6992,0.397157,1.87453,25.4369,8.91201,5.14996,1.7305,0.971238,0.220233,0.127265,0.09296759963035583,0.24364,1.51049,0.301627,0.683882,,,4.45673,-0.000629235,-0.154395,999,,,,,,,125.1,4.811538461538461,123,4.730769230769231,,,,,,,,,,,,,,,,,,,"Alex Lange","19883",656638
"Wandy Peralta","SDP",1.0081,0.887491,0,4.0489,32,0,0,2.7584,,21.1835,91.8792,19.6809,10.32,9.53,2.10464,8.94719,0.448332,1.52567,15.2555,6.48141,3.80128,1.70506,0.894174,0.166038,0.0973799,0.06865856796503067,0.241762,1.35143,0.274431,0.712888,,,4.43314,-0.00121887,0.0918869,999,,,,,,,87.80000000000001,4.180952380952381,88,4.190476190476191,,,,,,,,,,,,,,,,,,,"Wandy Peralta","14295",593974
"Daysbel Hernández","ATL",0.790525,0.599877,0,4.66747,21,0,0,0.3955,,14.2304,63.7202,12.4971,7.9,7.38,1.60294,8.64363,0.429757,1.03245,14.5522,9.2035,5.46665,1.68357,1.01378,0.228376,0.13565,0.09272624552249908,0.231238,1.4856,0.287527,0.700693,,,4.55771,-0.00224559,-0.0753332,999,,,,,,,47.800000000000026,3.414285714285716,44,3.142857142857143,,,,,,,,,,,,,,,,,,,"Daysbel Hernandez","20271",678226
"Taylor Rashi","ARI",0.495157,0.391487,0,4.72982,14,0,0,0.4215,,10.2562,45.225,9.54769,5.8,5.39,1.4334,5.12872,0.370413,0.301235,9.59904,8.42334,4.50055,1.87162,1.25783,0.212251,0.113404,0.09884615987539291,0.239921,1.43098,0.282112,0.700604,,,4.63202,-0.00235379,-0.082856,999,,,,,,,40.7,4.07,42,4.2,,,,,,,,,,,,,,,,,,,"Taylor Rashi","26344",688497
"Landon Knack","LAD",0.210167,0.0963101,0,4.72727,5,0,0,0.4335,,3.33173,14.4915,3.07527,1.89,1.75,0.555355,1.43071,0.077597,0.123491,3.12437,8.43985,3.86478,2.18379,1.50018,0.215601,0.098728,0.11687276512384415,0.237706,1.35244,0.272201,0.70162,,,4.78956,-0.00339887,-0.0451724,999,,,,,,,5.100000000000002,1.7000000000000008,5,1.6666666666666667,,,,,,,,,,,,,,,,,,,"Landon Knack","27487",689017
"Thomas Harrington","PIT",0.497997,0.467965,0,5.33834,15,0,0,0.4072,,10.3852,46.3906,11.2352,6.63,6.16,1.62569,4.01321,0.336572,0.456712,8.43072,7.30618,3.4779,2.10074,1.40885,0.181733,0.0865091,0.0952242985367775,0.268012,1.46828,0.301578,0.664364,,,4.80135,-0.00343914,-0.184025,999,,,,,,,24.799999999999997,2.4799999999999995,28,2.8,,,,,,,,,,,,,,,,,,,"Thomas Harrington","31989",802419
"Michael Grove","TBR",0.658437,0.629644,0,5.06254,19,0,0,0.4468,,14.0621,61.7532,13.9393,8.51,7.91,2.45475,5.49607,0.369255,0.709291,14.0747,9.00805,3.51758,2.56087,1.57109,0.227919,0.0890006,0.13891799747943878,0.250942,1.38211,0.294337,0.682891,,,4.69011,-0.00346949,-0.176748,999,,,,,,,52.60000000000003,3.7571428571428593,54,3.857142857142857,,,,,,,,,,,,,,,,,,,"Michael Grove","23221",675627
"Jalen Beeks","TEX",1.32905,0.99768,0,4.47841,37,0,1.176,7.3983,,23.6736,103.091,22.494,12.73,11.78,3.02641,9.82942,0.546894,1.23178,18.3963,6.99374,3.73686,1.87155,1.15055,0.178448,0.0953474,0.08310050517320633,0.244422,1.36538,0.275719,0.697612,,,4.60817,-0.00374402,-0.0562202,999,,,,,,,119.50000000000001,4.979166666666667,117,4.875,,,,,,,,,,,,,,,,,,,"Jalen Beeks","17192",656222
"José Leclerc","SDP",0.339777,0.342246,0,4.6637,11,0,0,0.4138,,6.71569,29.4461,5.85108,3.74,3.48,0.946038,3.39983,0.139236,0.440818,6.11048,8.18894,4.55626,1.79729,1.26783,0.207514,0.115459,0.09205475449562073,0.228509,1.37751,0.264438,0.695255,,,4.82593,-0.00403035,-0.0376754,999,,,,,,,26.9,3.8428571428571425,25,3.5714285714285716,,,,,,,,,,,,,,,,,,,"Jose Leclerc","14524",600917
"Andre Granillo","WSN",0.501926,0.590385,0,4.73073,17,0,0,0.3932,,10.7298,47.1398,9.86197,6.08,5.64,1.56465,5.28933,0.385368,0.313309,9.36576,7.85584,4.4366,1.77069,1.3124,0.198681,0.112205,0.08647529035806656,0.237426,1.41207,0.271095,0.699903,,,4.81512,-0.00470319,-0.0300283,999,,,,,,,33.800000000000004,3.072727272727273,32,2.909090909090909,,,,,,,,,,,,,,,,,,,"Andre Granillo","29542",701552
"Chen Zhong-Ao Zhuang","ATH",0.218066,0.185862,0,5.04272,6,0,0,0,,4.55112,19.7584,4.68629,2.75,2.55,0.860335,1.35841,0.142205,0.202781,3.86804,7.64918,2.6863,2.84748,1.70134,0.195766,0.0687507,0.12701556086540222,0.257528,1.32818,0.284059,0.680691,,,4.88549,-0.00494535,-0.0413805,999,,,,,,,16.7,3.34,17,3.4,,,,,,,,,,,,,,,,,,,"Chen Zhong-Ao Zhuang","sa3018174",800018
"Keegan Akin","BAL",1.3089,0.94911,0,4.65827,35,0,0,4.6612,,24.0154,103.858,23.409,13.41,12.43,3.9369,8.47008,0.511908,0.817404,20.7452,7.77446,3.17425,2.44923,1.47539,0.199746,0.0815546,0.11819127947092056,0.24753,1.32744,0.278618,0.700451,,,4.66237,-0.00509362,-0.0562075,999,,,,,,,103.60000000000004,4.316666666666668,103,4.291666666666667,,,,,,,,,,,,,,,,,,,"Keegan Akin","19362",669211
"Zach Brzykcy","MIA",0.828976,0.845576,0,4.65924,26,0,0,0.3959,,18.6017,82.204,16.8523,10.36,9.63,2.47579,9.71672,0.918205,0.796165,17.1646,8.30469,4.7012,1.76651,1.19785,0.208805,0.118203,0.0906028226017952,0.235068,1.42831,0.276201,0.7016,,,4.67892,-0.00626031,-0.0146475,999,,,,,,,72.8,3.831578947368421,70,3.6842105263157894,,,,,,,,,,,,,,,,,,,"Zach Brzykcy","27783",694350
"Luis Peralta","CHC",0.510586,0.391303,0,4.68056,14,0,0,0.4185,,9.42195,42.0322,8.47059,5.27,4.9,1.24536,5.35528,0.250249,0.517565,9.96306,9.51687,5.11545,1.86042,1.18959,0.237034,0.127409,0.1096249520778656,0.234257,1.46741,0.289577,0.708129,,,4.57209,-0.00632815,-0.0338585,999,,,,,,,35.500000000000014,3.944444444444446,34,3.7777777777777777,,,,,,,,,,,,,,,,,,,"Luis Peralta","24203",678821
"Joe La Sorsa","PIT",0.345833,0.284166,0,4.85359,10,0,0,0.4072,,6.76819,29.5725,7.07152,3.95,3.65,0.990107,2.26437,0.288929,0.298308,5.10483,6.78815,3.01104,2.25442,1.31659,0.172621,0.0765701,0.09605073928833008,0.261813,1.37938,0.29077,0.677493,,,4.62789,-0.00659099,-0.037657,999,,,,,,,25.3,3.6142857142857143,26,3.7142857142857144,,,,,,,,,,,,,,,,,,,"Joe La Sorsa","25481",686747
"Chase Shugart","PHI",1.25501,0.884173,0,4.82057,30,0,0,2.5787,,23.4495,103.81,23.5784,13.54,12.56,3.13532,9.95961,0.523373,1.39625,19.6592,7.54526,3.82253,1.97389,1.20335,0.189376,0.0959405,0.09343574196100235,0.255028,1.43022,0.29347,0.686072,,,4.61296,-0.00690022,-0.21076,999,,,,,,,89.9,3.9086956521739133,95,4.130434782608695,,,,,,,,,,,,,,,,,,,"Chase Shugart","21544",663767
"Derek Law","ARI",0.366186,0.328947,0,5.1938,11,0,0,0.4215,,8.17898,36.6556,9.01517,5.07,4.72,1.01242,3.32115,0.176852,0.407007,6.0835,6.69417,3.65453,1.83175,1.11405,0.165964,0.0906041,0.07535962760448456,0.273789,1.5083,0.309806,0.665479,,,4.58776,-0.00789323,-0.0865586,999,,,,,,,26.500000000000007,3.312500000000001,30,3.75,,,,,,,,,,,,,,,,,,,"Derek Law","13133",571882
"Eduarniel Núñez","BAL",0.548151,0.418755,0,4.73837,15,0,0,0.4162,,9.78185,44.194,8.83807,5.52,5.15,1.12491,6.08484,0.256025,0.778606,9.98378,9.18579,5.59848,1.64076,1.035,0.225908,0.137685,0.08822330832481384,0.236751,1.52557,0.294149,0.704442,,,4.65738,-0.0088268,-0.082894,999,,,,,,,37.300000000000004,3.7300000000000004,36,3.6,,,,,,,,,,,,,,,,,,,"Eduarniel Nunez","23162",674384
"Jack Anderson","BOS",0.567323,0.4563,0,4.81685,15,0,0,0.4332,,10.9117,47.2151,11.1628,6.33,5.84,1.8993,3.29024,0.380364,0.410641,9.35617,7.71699,2.7138,2.84361,1.56655,0.198161,0.0696862,0.1284744143486023,0.256532,1.32455,0.287163,0.688742,,,4.66411,-0.0088955,-0.0300122,999,,,,,,,37.20000000000001,3.3818181818181827,38,3.4545454545454546,,,,,,,,,,,,,,,,,,,"Jack Anderson","30086",681252
"Julian Aguiar","CIN",0.566346,0.705653,0.285227,5.0237,10,1,0,0.4282,,13.7767,60.1291,14.1934,8.25,7.69,2.38578,4.67909,0.362539,0.749026,10.4495,6.82645,3.05674,2.23324,1.55857,0.173785,0.0778173,0.09596762806177139,0.259472,1.36988,0.282035,0.683892,,,5.01502,-0.00905723,-0.0249122,999,,,,,,,44.6,3.185714285714286,46,3.2857142857142856,,,,,,,,,,,,,,,,,,,"Julian Aguiar","30031",687924
"Pierce Johnson","CIN",0.993189,0.893566,0,4.78064,30,0,0,2.7406,,21.5369,93.8398,20.7144,12.27,11.44,3.48002,9.09,0.43505,0.415186,20.7607,8.67567,3.79861,2.28391,1.45426,0.221236,0.0968673,0.12436870485544205,0.245622,1.38388,0.286792,0.703279,,,4.59541,-0.00907644,-0.0600243,999,,,,,,,98.30000000000001,4.468181818181819,98,4.454545454545454,,,,,,,,,,,,,,,,,,,"Pierce Johnson","13435",572955
"Trevor Williams","WSN",0.608579,1.0098,0.284295,5.35498,15,1,0,0.3932,,17.7312,78.3821,19.543,11.35,10.55,3.14933,5.84907,0.318337,0.704343,14.1751,7.19499,2.96888,2.42347,1.59854,0.180846,0.0746226,0.10622316598892212,0.272078,1.43206,0.300778,0.669212,,,4.91762,-0.00952168,-0.12122,999,,,,,,,51.30000000000001,2.8500000000000005,58,3.2222222222222223,,,,,,,,,,,,,,,,,,,"Trevor Williams","16977",592866
"Drew Pomeranz","LAA",1.20085,1.24111,0,4.92097,36,0,1.244,7.1973,,25.9339,114.149,25.1865,15.27,14.18,4.31742,10.2452,0.64107,2.1039,25.4749,8.84072,3.55547,2.48651,1.4983,0.223172,0.0897531,0.13341932743787766,0.247412,1.36623,0.289818,0.686069,,,4.72685,-0.0102078,-0.154395,735.6199951171875,,,,,,,125.19999999999999,4.815384615384615,125,4.8076923076923075,,,,,,,,,,,,,,,,,,,"Drew Pomeranz","11426",519141
"Ken Waldichuk","WSN",0.142387,0.175144,0,5.00738,5,0,0,0.3932,,3.48685,15.5491,3.32762,2.09,1.94,0.527115,1.78206,0.0976422,0.210349,3.34153,8.62492,4.59972,1.8751,1.36055,0.214901,0.114608,0.10029315948486328,0.245459,1.46542,0.289067,0.690731,,,4.86152,-0.0102724,-0.0451724,999,,,,,,,2.1000000000000023,0.7000000000000007,2,0.6666666666666666,,,,,,,,,,,,,,,,,,,"Ken Waldichuk","27681",686610
"Jared Shuster","STL",0.43082,0.484248,0,4.96019,14,0,0,0.4508,,10.5238,46.4557,11.0052,6.23,5.8,1.31462,3.99767,0.267635,0.496047,7.16574,6.12817,3.41882,1.79248,1.12427,0.154249,0.0860533,0.0681956335902214,0.262266,1.42561,0.28943,0.66651,,,4.64185,-0.0103381,-0.0300024,999,,,,,,,42.50000000000001,3.863636363636364,44,4,,,,,,,,,,,,,,,,,,,"Jared Shuster","27472",694363
"Trevor Martin","TBR",1.01437,0.893406,0,4.74936,28,0,0,0.4468,,21.0534,91.6185,19.7545,11.96,11.11,3.21627,8.45883,0.553799,1.24932,17.9431,7.67043,3.61603,2.12123,1.37491,0.195846,0.0923267,0.1035194918513298,0.241172,1.34009,0.27223,0.685489,,,4.76351,-0.0104091,-0.112928,999,,,,,,,75.5,3.5952380952380953,75,3.5714285714285716,,,,,,,,,,,,,,,,,,,"Trevor Martin","31878",694680
"Shane Murphy","CHW",0.203702,0.201714,0,4.52732,6,0,0,0,,4.43308,18.9658,4.34841,2.42,2.23,0.731635,1.33216,0.184493,0.128327,3.28916,6.67762,2.70454,2.46904,1.48536,0.173426,0.0702402,0.10318556427955627,0.248405,1.2814,0.268217,0.700252,,,4.74867,-0.0104499,0.00771009,999,,,,,,,9.9,2.475,10,2.5,,,,,,,,,,,,,,,,,,,"Shane Murphy","sa3020389",690294
"Michael Petersen","MIA",1.18045,1.26763,0,4.9102,38,0,1.32,9.0205,,27.0722,120.803,25.1325,15.88,14.77,3.50244,14.5463,0.966708,1.44514,25.7616,8.56429,4.83583,1.77101,1.16436,0.213252,0.120413,0.09283927828073502,0.239787,1.46566,0.286309,0.684358,,,4.64948,-0.0111722,-0.203395,999,,,,,,,130.60000000000002,4.837037037037038,128,4.7407407407407405,,,,,,,,,,,,,,,,,,,"Michael Petersen","20827",656848
"Andry Lara","WSN",0.111019,0.146705,0,5.22678,4,0,0,0.3932,,2.78948,12.5056,3.0168,1.75,1.62,0.394362,1.21274,0.0983084,0.111288,2.01084,6.48778,3.91278,1.6581,1.27237,0.160795,0.0969755,0.06381946057081223,0.269801,1.51624,0.298806,0.674258,,,4.9188,-0.0111855,-0.0450741,999,,,,,,,15.400000000000002,5.133333333333334,16,5.333333333333333,,,,,,,,,,,,,,,,,,,"Andry Lara","27967",691251
"Michel Otañez","TEX",0.572918,0.43744,0,4.48563,16,0,0,0.4008,,9.0489,40.5634,7.41599,4.83,4.51,1.00051,6.1889,0.244764,0.641139,9.64523,9.59311,6.15546,1.55847,0.995104,0.237781,0.152573,0.085207998752594,0.219841,1.50349,0.277875,0.719007,,,4.66866,-0.0115608,-0.0338767,999,,,,,,,35.10000000000001,3.900000000000001,31,3.4444444444444446,,,,,,,,,,,,,,,,,,,"Michel Otanez","22533",671305
"Logan Gillaspie","SDP",0.295358,0.317778,0,4.94297,10,0,0,0.4138,,6.02674,26.5779,6.22193,3.57,3.31,0.890187,2.29678,0.138502,0.310161,4.60537,6.87739,3.42988,2.00514,1.32936,0.173278,0.0864171,0.08686117082834244,0.259562,1.41348,0.288587,0.680474,,,4.78827,-0.0118835,-0.0903448,999,,,,,,,20.500000000000007,3.416666666666668,21,3.5,,,,,,,,,,,,,,,,,,,"Logan Gillaspie","22461",670810
"Josh Walker","BAL",0.696234,0.527578,0,4.83903,19,0,0,0.4162,,12.6286,55.553,11.9567,7.32,6.79,2.10762,5.56134,0.467101,0.665355,12.9442,9.22498,3.96341,2.32754,1.50204,0.233007,0.100109,0.13289834558963776,0.242401,1.38718,0.28736,0.700061,,,4.69751,-0.0123246,-0.0261851,999,,,,,,,45.39999999999999,3.4923076923076914,44,3.3846153846153846,,,,,,,,,,,,,,,,,,,"Josh Walker","23617",677020
"Pedro Avila","CLE",0.361509,0.400373,0,4.9637,11,0,0,0.4651,,7.70594,34.6887,7.83233,4.57,4.25,0.935921,3.79487,0.185053,0.533448,6.71407,7.84156,4.43215,1.76925,1.09309,0.193552,0.109398,0.08415393531322479,0.257979,1.50886,0.303668,0.684042,,,4.62011,-0.0125105,-0.0865586,999,,,,,,,25.100000000000005,3.1375000000000006,26,3.25,,,,,,,,,,,,,,,,,,,"Pedro Avila","18864",658648
"Carlos Estévez","KCR",0.613634,0.529614,0,4.95185,17,0,0,0.4109,,11.9592,52.429,11.9759,7.07,6.58,1.9033,4.53338,0.384788,0.431063,9.33135,7.02241,3.41164,2.05837,1.43235,0.177981,0.0864671,0.09151378273963928,0.252312,1.38047,0.278019,0.681799,,,4.85247,-0.0125292,-0.0790998,120.08999633789062,,,,,,,36.000000000000014,3.0000000000000013,37,3.0833333333333335,,,,,,,,,,,,,,,,,,,"Carlos Estevez","14542",608032
"Chris Roycroft","STL",0.963137,1.12457,0,5.00169,32,0,0,3.0053,,23.626,106.757,24.9739,14.07,13.13,2.16663,12.1868,0.646812,1.08433,16.6536,6.34398,4.64238,1.36654,0.825349,0.155996,0.114154,0.04184162616729736,0.267142,1.57287,0.30546,0.676603,,,4.56625,-0.0127723,-0.158141,999,,,,,,,95.00000000000003,3.9583333333333344,101,4.208333333333333,,,,,,,,,,,,,,,,,,,"Chris Roycroft","31261",688297
"Carson Palmquist","WSN",0.333734,0.433671,0,5.18157,12,0,0,0.3932,,7.24298,32.6973,7.10481,4.49,4.17,1.07398,3.80975,0.215879,0.443026,7.23494,8.99001,4.73393,1.89906,1.33451,0.22127,0.116516,0.10475456714630127,0.249778,1.50692,0.299511,0.682667,,,4.79004,-0.0130164,-0.0376907,999,,,,,,,23.300000000000015,3.3285714285714305,24,3.4285714285714284,,,,,,,,,,,,,,,,,,,"Carson Palmquist","31612",687223
"Joey Gerber","NYM",1.09031,0.814849,0,4.87822,29,0,0,0.4202,,20.1836,88.7352,19.3308,11.77,10.94,3.29768,8.53782,0.704798,0.943898,18.679,8.32909,3.80707,2.1878,1.47046,0.210503,0.0962168,0.11428601294755936,0.243911,1.38076,0.279924,0.692358,,,4.78112,-0.0131144,-0.165751,999,,,,,,,69.69999999999999,3.4849999999999994,69,3.45,,,,,,,,,,,,,,,,,,,"Joey Gerber","24591",680702
"Bailey Falter","KCR",0.711388,0.797634,0.285227,5.23064,13,1,0,0.4109,,16.9482,74.5594,17.5204,10.57,9.85,2.85285,6.5677,0.345003,0.559396,12.2863,6.52437,3.48764,1.87071,1.51495,0.164785,0.0880867,0.07669799774885178,0.259822,1.42128,0.280486,0.672739,,,5.09868,-0.0133315,-0.170195,999,,,,,,,42.10000000000001,2.4764705882352946,46,2.7058823529411766,,,,,,,,,,,,,,,,,,,"Bailey Falter","20070",663559
"Taijuan Walker","LAA",0.893307,1.27076,0.563002,5.11831,13,2,0,0.4034,,20.3094,89.7508,20.8033,12.36,11.55,3.14625,8.81131,0.364137,0.740281,14.7552,6.53865,3.90467,1.67457,1.39424,0.164401,0.0981753,0.06622619181871414,0.259395,1.45817,0.283429,0.684439,,,5.07049,-0.0136501,-0.069167,748.25,,,,,,,56.49999999999999,2.8249999999999997,61,3.05,,,,,,,,,,,,,,,,,,,"Taijuan Walker","11836",592836
"Doug Nikhazy","CHC",0.291352,0.226102,0,4.82737,8,0,0,0.4185,,5.53718,24.8095,5.05614,3.19,2.97,0.706493,3.21322,0.17685,0.307498,5.28708,8.59349,5.22269,1.64541,1.14832,0.213107,0.129516,0.08359123766422272,0.237503,1.49343,0.28438,0.697689,,,4.75522,-0.0146956,0.0115651,999,,,,,,,20.10000000000001,3.3500000000000014,18,3,,,,,,,,,,,,,,,,,,,"Doug Nikhazy","30142",680951
"Dietrich Enns","BAL",0.25006,0.201967,0,5.13075,7,0,0,0.4162,,4.98173,22.1389,5.01137,3.06,2.84,0.833665,2.23812,0.159208,0.197685,4.70027,8.49152,4.04339,2.1001,1.5061,0.212308,0.101094,0.11121378093957901,0.254344,1.45522,0.294844,0.688794,,,4.85402,-0.0152273,-0.041428,999,,,,,,,15.7,3.1399999999999997,16,3.2,,,,,,,,,,,,,,,,,,,"Dietrich Enns","13932",608650
"Zak Kent","WSN",0.655924,0.794123,0,4.82163,23,0,0,0.3932,,14.9141,66.2511,15.1223,8.63,7.99,1.85442,6.92315,0.458984,0.610425,11.9598,7.21723,4.17783,1.72751,1.11906,0.180522,0.104499,0.07602360844612122,0.257543,1.47817,0.295477,0.689766,,,4.6267,-0.0156062,-0.124358,999,,,,,,,47.400000000000006,3.1600000000000006,49,3.2666666666666666,,,,,,,,,,,,,,,,,,,"Zak Kent","25703",687849
"Zach McCambley","CIN",0.926394,0.834585,0,4.74968,28,0,0,0.4282,,20.0666,88.7079,18.5514,11.39,10.59,3.05612,9.89586,0.89661,1.23148,20.8176,9.33681,4.43835,2.10367,1.37069,0.234676,0.111556,0.12312006205320358,0.239125,1.41764,0.288516,0.705759,,,4.6673,-0.0157454,-0.0638609,999,,,,,,,70.69999999999999,3.5349999999999993,70,3.5,,,,,,,,,,,,,,,,,,,"Zach McCambley","27666",685112
"Mason Black","KCR",1.0989,0.978207,0,5.01059,31,0,0,2.6843,,22.0752,98.4191,22.1236,13.2,12.29,3.04025,10.1781,0.720296,1.17532,18.1964,7.4186,4.14959,1.78779,1.2395,0.184886,0.103416,0.08147023618221283,0.254102,1.46326,0.289892,0.6811,,,4.78344,-0.0162511,-0.161965,999,,,,,,,83.7,3.8045454545454547,86,3.909090909090909,,,,,,,,,,,,,,,,,,,"Mason Black","30171",696131
"Alexis Díaz","TEX",0.397132,0.318498,0,4.81782,11,0,0,0.4008,,5.56683,24.6464,4.6139,3.19,2.98,0.78953,3.04885,0.0977378,0.647344,5.26626,8.51406,4.92913,1.7273,1.27645,0.213673,0.123704,0.08996917307376862,0.220232,1.3765,0.256766,0.682091,,,5.04235,-0.0164708,0.0115651,999,,,,,,,17.100000000000005,2.850000000000001,15,2.5,,,,,,,,,,,,,,,,,,,"Alexis Diaz","21132",664747
"Brady Basso","ATH",0.746246,0.63837,0,5.07184,21,0,0,0.422,,14.9768,66.02,16.0385,9.1,8.44,2.31949,5.18287,0.401868,0.690527,12.1682,7.31225,3.11454,2.34778,1.39385,0.184312,0.0785046,0.10580694675445557,0.266658,1.41695,0.300469,0.674381,,,4.6636,-0.0166195,-0.124284,999,,,,,,,50.800000000000004,3.386666666666667,55,3.6666666666666665,,,,,,,,,,,,,,,,,,,"Brady Basso","25582",669620
"Caleb Ferguson","CIN",1.21601,1.09599,0,4.74915,37,0,0.651,6.6252,,26.6826,117.546,26.8375,15.16,14.08,3.41327,10.3477,0.526132,2.46039,21.6857,7.31455,3.49026,2.09571,1.15129,0.184487,0.088031,0.09645599126815796,0.256234,1.39361,0.29413,0.679651,,,4.57627,-0.0167818,-0.101517,999,,,,,,,133.7,4.951851851851852,137,5.074074074074074,,,,,,,,,,,,,,,,,,,"Caleb Ferguson","19349",657571
"Connor Phillips","CIN",0.765089,0.693876,0,4.78248,23,0,0,0.4282,,16.3911,73.6057,14.2731,9.3,8.71,2.07082,10.0868,0.445275,1.20978,17.0842,9.3806,5.53847,1.69372,1.13704,0.232105,0.137039,0.0950661301612854,0.22907,1.48617,0.282762,0.701742,,,4.7241,-0.0172712,-0.0715103,999,,,,,,,58.40000000000001,3.650000000000001,55,3.4375,,,,,,,,,,,,,,,,,,,"Connor Phillips","27649",683175
"Brooks Kriske","ATH",0.323012,0.272763,0,5.07568,9,0,0,0.422,,6.82667,30.6446,6.21045,4.14,3.85,1.0524,4.13549,0.188641,0.252253,7.57574,9.98754,5.45205,1.83189,1.38744,0.247213,0.13495,0.1122630387544632,0.236527,1.51552,0.292593,0.699451,,,4.81154,-0.0188492,-0.0376346,999,,,,,,,27.900000000000013,3.9857142857142875,26,3.7142857142857144,,,,,,,,,,,,,,,,,,,"Brooks Kriske","21189",621139
"Kyle Nicolas","CIN",0.259895,0.248972,0,5.00433,8,0,0,0.4282,,5.88091,26.4733,5.59475,3.49,3.27,0.821763,3.41139,0.135692,0.262386,5.6491,8.64525,5.22072,1.65595,1.25761,0.213388,0.128862,0.08452685177326202,0.245389,1.53142,0.292307,0.702186,,,4.86817,-0.0202834,0.0115651,999,,,,,,,19.500000000000007,3.2500000000000013,20,3.3333333333333335,,,,,,,,,,,,,,,,,,,"Kyle Nicolas","27775",693312
"Luis Mey","CIN",0.859969,0.750473,0,4.51055,26,0,0,0.4282,,18.5964,84.1538,17.0621,9.99,9.32,1.74517,12.1758,0.668323,1.18919,17.8349,8.63145,5.89264,1.46479,0.8446,0.211932,0.144685,0.06724734604358673,0.241028,1.57223,0.299108,0.718348,,,4.55664,-0.0210505,-0.0146475,999,,,,,,,68.8,3.621052631578947,66,3.473684210526316,,,,,,,,,,,,,,,,,,,"Luis Mey","25620",682825
"Chase Solesky","TBR",0.726456,0.934273,0.286391,5.33483,15,1,0,0.4468,,19.772,88.093,20.919,12.63,11.72,3.19423,8.26061,0.67257,0.885999,15.989,7.27803,3.76015,1.93557,1.45398,0.181501,0.0937715,0.08772990852594376,0.264977,1.47581,0.296583,0.669816,,,4.96938,-0.02156,-0.212195,999,,,,,,,61.49999999999999,3.0749999999999997,66,3.3,,,,,,,,,,,,,,,,,,,"Chase Solesky","25480",686678
"Huascar Brazobán","NYM",1.42237,1.03019,0,4.68132,38,0,0.706,8.1367,,26.6079,117.628,26.4239,14.94,13.84,3.04766,12.1846,0.501488,1.60955,20.7732,7.02644,4.12138,1.70488,1.03086,0.1766,0.103585,0.07301490008831024,0.254482,1.45102,0.292155,0.689204,,,4.58156,-0.0217013,-0.10153,999,,,,,,,132.3,4.9,133,4.925925925925926,,,,,,,,,,,,,,,,,,,"Huascar Brazoban","6107",623211
"Gus Varland","WSN",1.09984,1.45996,0,5.24144,40,0,3.639,7.0751,,26.7693,120.12,27.7805,16.77,15.59,3.85126,12.1042,0.730797,1.56448,24.3468,8.18552,4.0695,2.01143,1.29481,0.202688,0.100768,0.10191980004310608,0.26097,1.48994,0.305794,0.670129,,,4.68182,-0.0221686,-0.304979,999,,,,,,,131.8,4.881481481481482,137,5.074074074074074,,,,,,,,,,,,,,,,,,,"Gus Varland","24737",681402
"Tanner Andrews","TOR",0.421439,0.319339,0,5.08512,12,0,0,0.414,,7.89363,35.0429,7.81125,4.8,4.46,1.29003,3.59784,0.296581,0.356289,7.23856,8.25312,4.10211,2.01192,1.47084,0.206563,0.10267,0.10389343649148941,0.251257,1.44535,0.289059,0.688228,,,4.89201,-0.0233207,-0.0866187,999,,,,,,,28.100000000000005,3.5125000000000006,29,3.625,,,,,,,,,,,,,,,,,,,"Tanner Andrews","24698",681084
"Paul Gervase","LAD",1.08005,0.505877,0,4.74784,26,0,0,0.4335,,17.3068,76.4837,15.7059,9.82,9.13,2.60669,9.0602,0.538701,0.812238,17.4727,9.08627,4.71154,1.92851,1.35554,0.22845,0.118459,0.10999105870723724,0.235784,1.431,0.28151,0.707784,,,4.74886,-0.0242549,-0.120592,999,,,,,,,51.300000000000004,3.01764705882353,50,2.9411764705882355,,,,,,,,,,,,,,,,,,,"Paul Gervase","31571",801434
"Mike Clevinger","PIT",0.373051,0.341201,0,5.30995,11,0,0,0.4072,,7.4916,33.4311,7.69896,4.76,4.42,1.12683,3.26967,0.191061,0.444926,5.674,6.81643,3.92801,1.73534,1.35371,0.169722,0.0978033,0.07191889733076096,0.25908,1.46412,0.286796,0.661121,,,5.02681,-0.0259485,-0.138948,748.0900268554688,,,,,,,21.7,3.1,25,3.5714285714285716,,,,,,,,,,,,,,,,,,,"Mike Clevinger","12808",605182
"Jake Eder","LAD",0.359459,0.18263,0,5.2075,9,0,0,0.4335,,5.99712,26.9057,6.06567,3.73,3.47,0.86667,2.91349,0.167416,0.322439,5.04942,7.57777,4.37234,1.73312,1.30063,0.187671,0.108285,0.07938580960035324,0.256263,1.49725,0.292841,0.675931,,,4.91219,-0.0260281,-0.0902573,999,,,,,,,17.500000000000007,2.916666666666668,18,3,,,,,,,,,,,,,,,,,,,"Jake Eder","27590",671109
"Duncan Davitt","CHW",0.492214,0.544472,0,4.89831,15,0,0,0.3669,,10.7486,47.1726,10.46,6.32,5.85,1.80729,4.35927,0.413688,0.600867,9.5197,7.97102,3.65009,2.18379,1.51328,0.201806,0.0924109,0.10939469933509827,0.247793,1.37871,0.280153,0.691612,,,4.89763,-0.0262528,-0.0300122,999,,,,,,,35.800000000000004,3.254545454545455,34,3.090909090909091,,,,,,,,,,,,,,,,,,,"Duncan Davitt","31886",701474
"Chayce McDermott","LAD",0.447405,0.222196,0,5.03445,11,0,0,0.4335,,7.31162,33.037,6.62195,4.37,4.09,1.09979,4.59094,0.18038,0.372999,7.68097,9.45463,5.65107,1.67307,1.35376,0.232496,0.138964,0.09353239834308624,0.235883,1.53357,0.286237,0.707409,,,4.98984,-0.0268533,-0.0376754,999,,,,,,,22.300000000000015,3.1857142857142877,23,3.2857142857142856,,,,,,,,,,,,,,,,,,,"Chayce McDermott","29866",694646
"Ben Joyce","LAA",0.720384,0.74194,0,4.95953,22,0,4.354,0.3187,,15.443,69.2726,15.8887,9.13,8.51,1.73557,7.48835,0.352629,0.969196,12.3775,7.21347,4.36412,1.65291,1.01147,0.178679,0.1081,0.07057888805866241,0.261263,1.51376,0.303053,0.68014,,,4.59971,-0.0273657,-0.124323,738.6500244140625,,,,,,,64.80000000000001,4.320000000000001,69,4.6,,,,,,,,,,,,,,,,,,,"Ben Joyce","31461",690829
"Casey Legumina","TBR",1.25569,1.12206,0,4.81069,35,0,0,6.6349,,26.491,115.846,25.5816,15.22,14.16,4.16273,10.3824,0.684377,1.6152,22.5264,7.65307,3.52729,2.16968,1.41424,0.194451,0.0896221,0.10482876002788544,0.246336,1.35759,0.277593,0.688342,,,4.79949,-0.0273977,-0.15437,999,,,,,,,113.6,4.369230769230769,116,4.461538461538462,,,,,,,,,,,,,,,,,,,"Casey Legumina","25921",668984
"Victor Mederos","ATL",0.432328,0.370635,0,5.22545,12,0,0,0.3955,,8.0261,36.3929,8.20174,5.01,4.66,0.984548,4.22779,0.262517,0.525089,6.44794,7.23034,4.7408,1.52513,1.10401,0.177176,0.116171,0.061004944145679474,0.25922,1.54864,0.298138,0.67138,,,4.86319,-0.0275654,-0.0866187,999,,,,,,,23.100000000000005,2.8875000000000006,24,3,,,,,,,,,,,,,,,,,,,"Victor Mederos","31533",682989
"Adbert Alzolay","NYM",0.443748,0.340216,0,5.00938,12,0,0,0.4202,,8.04891,34.9708,8.29862,4.84,4.48,1.45091,2.5487,0.164589,0.417609,6.75347,7.55149,2.84987,2.64977,1.62236,0.193117,0.0728809,0.12023651599884033,0.259295,1.34768,0.287717,0.681408,,,4.86962,-0.0276829,-0.0866187,999,,,,,,,31.100000000000005,3.8875000000000006,32,4,,,,,,,,,,,,,,,,,,,"Adbert Alzolay","17859",640470
"Yilber Díaz","ARI",0.441168,0.39225,0,5.15695,13,0,0,0.4215,,9.56379,43.659,9.16748,5.87,5.48,1.21747,6.05927,0.330306,0.427956,9.12777,8.58968,5.70207,1.50642,1.1457,0.209069,0.138786,0.07028338313102722,0.246624,1.59212,0.296348,0.69195,,,4.87972,-0.0279093,-0.0828122,999,,,,,,,38.300000000000004,3.8300000000000005,37,3.7,,,,,,,,,,,,,,,,,,,"Yilber Diaz","29271",700270
"PJ Poulin","WSN",0.808075,0.954861,0,4.78835,28,0,0,0.3932,,18.4009,81.8281,17.8249,10.56,9.79,2.31132,8.6222,0.562751,1.44067,15.4329,7.54832,4.21717,1.7899,1.13048,0.188601,0.10537,0.08323149383068085,0.248378,1.43727,0.287176,0.684456,,,4.69482,-0.0282792,-0.169569,999,,,,,,,61.800000000000026,3.433333333333335,64,3.5555555555555554,,,,,,,,,,,,,,,,,,,"PJ Poulin","23394",676571
"Greg Weissert","BOS",1.45777,1.15122,0,4.69153,38,0,0,8.086,,27.7777,121.086,27.2009,15.67,14.48,3.89977,10.9424,0.676336,1.20637,22.1291,7.16984,3.54534,2.02233,1.26353,0.182755,0.0903687,0.09238658845424652,0.249694,1.37316,0.281048,0.687601,,,4.64257,-0.0282985,-0.150586,999,,,,,,,127.8,4.564285714285714,128,4.571428571428571,,,,,,,,,,,,,,,,,,,"Greg Weissert","20375",669711
"Beau Brieske","DET",1.27937,1.06206,0,4.71813,32,0,0,2.6889,,22.9095,100.816,21.6648,12.93,12.01,3.13224,11.0589,0.624035,0.633535,18.8211,7.39388,4.34449,1.7019,1.2305,0.186688,0.109694,0.07699398696422577,0.243087,1.42839,0.275904,0.698471,,,4.76414,-0.0290523,-0.109152,999,,,,,,,90.10000000000001,3.9173913043478263,90,3.9130434782608696,,,,,,,,,,,,,,,,,,,"Beau Brieske","26079",689225
"Jose Quintana","COL",1.14005,2.69559,1.71985,6.40052,6,6,0,0,,27.504,125.91,33.9293,20.88,19.56,4.84197,11.3519,0.0829329,1.08004,15.7094,5.14052,3.71463,1.38386,1.58441,0.124768,0.0901592,0.03460840880870819,0.298995,1.64635,0.313015,0.633757,,,5.60098,-0.0295789,-0.32523,999,,,,,,,53.30000000000001,1.903571428571429,71,2.5357142857142856,,,,,,,,,,,,,,,,,,,"Jose Quintana","11423",500779
"Bradley Blalock","MIA",0.454811,0.521325,0,5.14067,15,0,0,0.3959,,10.8371,48.5777,11.3298,6.65,6.19,1.45447,5.04891,0.484294,0.400555,8.25602,6.85645,4.19301,1.63521,1.2079,0.169955,0.103935,0.06602021306753159,0.262701,1.51135,0.295512,0.678316,,,4.82836,-0.0299185,-0.131659,999,,,,,,,41.50000000000001,3.7727272727272734,43,3.909090909090909,,,,,,,,,,,,,,,,,,,"Bradley Blalock","26419",687134
"Chris Murphy","CHW",0.73775,0.755237,0,4.61857,22,0,0,0.3669,,15.9205,70.2533,14.5668,8.81,8.17,2.07932,7.92383,0.538197,1.00234,13.7844,7.79244,4.4794,1.73962,1.17546,0.19621,0.112789,0.08342082798480988,0.237526,1.41268,0.274671,0.698719,,,4.74695,-0.0304774,-0.0714942,999,,,,,,,55.80000000000001,3.4875000000000007,55,3.4375,,,,,,,,,,,,,,,,,,,"Chris Murphy","26214",669684
"Misael Tamarez","SDP",0.212632,0.229196,0,5.03876,7,0,0,0,,4.82262,21.4623,4.38972,2.91,2.7,0.804249,2.61709,0.141218,0.255849,4.10885,7.66797,4.88404,1.57001,1.5009,0.191445,0.121939,0.06950606405735016,0.236141,1.45291,0.262167,0.696634,,,5.34984,-0.0316247,-0.041428,999,,,,,,,13.299999999999999,2.6599999999999997,11,2.2,,,,,,,,,,,,,,,,,,,"Misael Tamarez","sa3009632",685377
"Brandon Williamson","CIN",0.797703,0.919931,0.280104,5.06825,17,1,0,0.4282,,21.2381,94.5862,20.9204,12.81,11.96,3.07911,10.2082,0.518992,1.09067,16.9462,7.18122,4.3259,1.66005,1.30482,0.179161,0.107925,0.07123605161905289,0.251183,1.4657,0.282022,0.683075,,,4.98366,-0.0316802,-0.163359,748.4500122070312,,,,,,,64.9,3.0904761904761906,67,3.1904761904761907,,,,,,,,,,,,,,,,,,,"Brandon Williamson","25463",682227
"Tyler Schweitzer","CHW",0.69681,0.717861,0,4.67735,21,0,0,0.3669,,15.1817,66.5102,15.0462,8.51,7.89,2.00937,6.20527,0.430507,0.559661,11.2843,6.68954,3.67861,1.8185,1.1912,0.169662,0.0932981,0.07636413723230362,0.25184,1.39981,0.280655,0.691032,,,4.66956,-0.0342359,-0.124284,999,,,,,,,48.400000000000006,3.226666666666667,50,3.3333333333333335,,,,,,,,,,,,,,,,,,,"Tyler Schweitzer","31920",805326
"Sean Newcomb","CHW",1.30992,1.40242,0,4.74952,40,0,1.231,7.2237,,29.2198,128.212,28.6396,16.69,15.42,4.12526,11.8508,0.713367,2.02294,25.2388,7.77381,3.65016,2.12972,1.27062,0.196851,0.0924307,0.10442075878381729,0.250481,1.38572,0.28849,0.685593,,,4.63095,-0.035587,-0.199604,999,,,,,,,131.00000000000003,4.517241379310346,134,4.620689655172414,,,,,,,,,,,,,,,,,,,"Sean Newcomb","16943",656794
"Jake Woodford","MIL",0.91682,0.87468,0,4.88866,27,0,0,2.5554,,18.502,81.9655,19.0809,10.82,10.05,2.51927,7.38602,0.433709,1.06293,13.8151,6.72014,3.59281,1.87044,1.22546,0.168548,0.0901114,0.07843661308288574,0.259546,1.43049,0.28963,0.682082,,,4.7454,-0.0361121,-0.116761,999,,,,,,,70.29999999999998,3.6999999999999993,72,3.789473684210526,,,,,,,,,,,,,,,,,,,"Jake Woodford","18674",663765
"John Brebbia","COL",0.32082,0.351033,0,5.83599,10,0,0,0.3655,,7.64909,34.5228,8.60479,5.34,4.96,1.36018,2.98159,0.14709,0.324886,6.42458,7.55923,3.50818,2.15475,1.6004,0.186097,0.0863658,0.0997307300567627,0.27565,1.51474,0.309182,0.645145,,,5.02738,-0.0361374,-0.0864867,999,,,,,,,26.500000000000007,3.312500000000001,30,3.75,,,,,,,,,,,,,,,,,,,"John Brebbia","12777",605154
"Valente Bellozo","COL",0.36716,0.378927,0,5.54972,11,0,0,0.3655,,8.41665,37.7388,9.37603,5.6,5.19,1.36825,3.1498,0.292226,0.31221,5.45417,5.83219,3.36811,1.73159,1.46308,0.144524,0.0834632,0.061061061918735504,0.273539,1.48822,0.291676,0.652747,,,5.15,-0.0361904,-0.187129,999,,,,,,,24.500000000000007,3.062500000000001,28,3.5,,,,,,,,,,,,,,,,,,,"Valente Bellozo","23899",678368
"Beck Way","KCR",1.15238,0.96539,0,4.80046,32,0,0,0,,22.7978,102.606,20.7478,13.05,12.16,2.58037,13.3765,0.948736,1.96113,21.2177,8.37623,5.28069,1.5862,1.01866,0.206788,0.130367,0.0764208436012268,0.237746,1.49682,0.286234,0.690694,,,4.72703,-0.0376123,-0.109152,999,,,,,,,75.70000000000002,3.2913043478260877,73,3.1739130434782608,,,,,,,,,,,,,,,,,,,"Beck Way","sa3014462",694360
"Jordan Hicks","CHW",0.808877,0.889394,0,4.79846,25,0,0,0.3669,,18.1371,81.4185,17.9777,10.4,9.67,1.89038,9.09371,0.403199,1.7694,14.3264,7.10906,4.51249,1.57542,0.938045,0.17596,0.111691,0.06426896899938583,0.254803,1.4926,0.296057,0.682559,,,4.67071,-0.0376275,-0.0676822,999,,,,,,,56.800000000000026,3.155555555555557,59,3.2777777777777777,,,,,,,,,,,,,,,,,,,"Jordan Hicks","19618",663855
"Burch Smith","DET",0.55839,0.536699,0,5.38013,15,0,0,0.3878,,10.154,45.5789,10.6406,6.53,6.07,1.66887,4.46604,0.183933,0.614925,9.31,8.25188,3.95846,2.08462,1.4792,0.204261,0.0979848,0.10627643018960953,0.262746,1.48775,0.303932,0.671614,,,4.90274,-0.0377602,-0.184025,999,,,,,,,23.799999999999997,2.38,27,2.7,,,,,,,,,,,,,,,,,,,"Burch Smith","12784",572143
"Nate Pearson","HOU",1.25497,1.02573,0,4.8417,35,0,0,6.0893,,24.1093,105.892,22.2832,13.92,12.97,3.81511,10.8818,0.587638,1.47972,22.6936,8.47151,4.06217,2.08546,1.42418,0.214308,0.102763,0.11154542863368988,0.238245,1.37561,0.275552,0.691672,,,4.81149,-0.0380697,-0.158227,999,,,,,,,105.20000000000003,4.383333333333335,102,4.25,,,,,,,,,,,,,,,,,,,"Nate Pearson","20160",663878
"DL Hall","MIL",1.35316,1.20104,0,4.61065,39,0,0.605,7.732,,27.6599,122.603,25.7356,15.26,14.17,3.55137,14.3252,0.56952,1.4145,25.4006,8.26486,4.66114,1.77314,1.15555,0.207177,0.116842,0.09033519774675369,0.240826,1.44833,0.284735,0.706799,,,4.63833,-0.0397643,-0.04852,999,,,,,,,132.40000000000006,4.72857142857143,130,4.642857142857143,,,,,,,,,,,,,,,,,,,"DL Hall","22207",669084
"Tommy Kahnle","BOS",0.427399,0.322347,0,4.62494,11,0,0,0.4332,,7.97847,35.0537,7.44719,4.41,4.1,1.09173,4.02636,0.132679,0.262339,6.45996,7.28706,4.54188,1.60442,1.23151,0.184288,0.114863,0.06942488253116608,0.242067,1.43806,0.273785,0.710252,,,4.87081,-0.0398061,0.0154202,748.510009765625,,,,,,,28.700000000000006,3.587500000000001,27,3.375,,,,,,,,,,,,,,,,,,,"Tommy Kahnle","11384",592454
"Danny Coulombe","BOS",1.50732,1.18939,0,4.66872,39,0,0.673,8.3884,,28.511,123.937,27.3315,16.03,14.79,4.22189,10.3085,0.561888,2.53688,23.2067,7.32558,3.25407,2.2512,1.33271,0.187246,0.0831757,0.10406985878944397,0.246027,1.32019,0.276223,0.681074,,,4.74746,-0.0398492,-0.0976858,999,,,,,,,139.20000000000005,4.800000000000002,137,4.724137931034483,,,,,,,,,,,,,,,,,,,"Danny Coulombe","13293",543056
"Trent Thornton","CHC",1.13244,0.890577,0,4.87199,31,0,0,4.1851,,21.1885,92.3034,21.1893,12.37,11.47,3.14461,7.80692,0.381624,1.07004,15.9327,6.76756,3.31606,2.04084,1.3357,0.172612,0.0845789,0.08803341537714005,0.253988,1.36849,0.280419,0.676034,,,4.78101,-0.0404057,-0.112991,999,,,,,,,84.9,4.042857142857143,87,4.142857142857143,,,,,,,,,,,,,,,,,,,"Trent Thornton","17948",663423
"Zack Kelly","BOS",1.0431,0.824471,0,4.68004,27,0,0,0.4332,,19.7114,86.9321,18.5495,11.05,10.25,2.57943,9.36858,0.552468,1.15521,15.8994,7.25951,4.2776,1.6971,1.17774,0.182895,0.107769,0.07512582093477249,0.242768,1.41634,0.275681,0.693963,,,4.78835,-0.0425781,-0.0638501,999,,,,,,,63.699999999999996,3.1849999999999996,63,3.15,,,,,,,,,,,,,,,,,,,"Zack Kelly","20349",677161
"Nick Raquet","BAL",0.740159,0.585947,0,5.05981,21,0,0,0.4162,,14.0519,62.91,15.0547,8.51,7.9,1.82074,6.12803,0.519496,0.690876,11.3893,7.29466,3.9249,1.85856,1.16615,0.181042,0.0974096,0.08363216370344162,0.268397,1.50746,0.30862,0.680097,,,4.61791,-0.0432985,-0.176907,999,,,,,,,41,2.9285714285714284,45,3.2142857142857144,,,,,,,,,,,,,,,,,,,"Nick Raquet","20333",675919
"Gregory Santos","SFG",0.730624,0.697581,0,4.9391,22,0,0,0.4229,,14.8509,66.6142,15.4353,8.78,8.15,1.41754,6.98732,0.348203,1.11833,9.18303,5.56514,4.23448,1.31424,0.859066,0.137854,0.104892,0.03296159207820892,0.263812,1.50985,0.292597,0.66751,,,4.74029,-0.0441667,-0.124323,999,,,,,,,53.7,3.58,56,3.7333333333333334,,,,,,,,,,,,,,,,,,,"Gregory Santos","21894",666619
"Charlie Barnes","LAD",0.388569,0.205653,0,5.40384,10,0,0,0.4335,,6.64527,30.2734,7.22336,4.3,3.99,0.874763,3.25103,0.232395,0.408635,4.942,6.69318,4.40302,1.52013,1.18473,0.163246,0.107389,0.05585666745901108,0.271414,1.57622,0.305265,0.667522,,,4.97477,-0.0448101,-0.037657,999,,,,,,,22.3,3.185714285714286,23,3.2857142857142856,,,,,,,,,,,,,,,,,,,"Charlie Barnes","19865",656212
"Tyler Gilbert","CHW",1.04783,1.13723,0,4.84963,32,0,0,3.8157,,23.309,102.273,22.9858,13.56,12.56,3.53142,8.92202,0.610903,1.61836,19.6786,7.59823,3.44494,2.20562,1.36354,0.192413,0.0872375,0.10517498850822449,0.250574,1.3689,0.283912,0.68046,,,4.73638,-0.0455708,-0.210864,999,,,,,,,84.2,3.6608695652173915,86,3.739130434782609,,,,,,,,,,,,,,,,,,,"Tyler Gilbert","17964",656457
"Luis Morales","ATH",0.890668,0.789155,0,5.21185,25,0,0,0.422,,18.0109,80.6191,18.0058,11.21,10.43,2.81582,8.78761,0.498589,0.821002,16.2931,8.14163,4.39115,1.8541,1.40706,0.2021,0.109002,0.09309820085763931,0.253565,1.48762,0.292668,0.681949,,,4.92234,-0.0466232,-0.169433,735.3200073242188,,,,,,,51.500000000000014,2.861111111111112,53,2.9444444444444446,,,,,,,,,,,,,,,,,,,"Luis Morales","32227",806960
"Bryan Hudson","CHW",1.35207,1.42547,0,4.74054,41,0,1.231,8.898,,29.9586,132.501,27.9598,17.04,15.78,4.01384,13.6619,0.758499,2.89032,27.2063,8.17316,4.10423,1.9914,1.20582,0.205329,0.103108,0.10222140699625015,0.24114,1.38931,0.282621,0.682781,,,4.68169,-0.0467336,-0.146791,999,,,,,,,144,4.8,142,4.733333333333333,,,,,,,,,,,,,,,,,,,"Bryan Hudson","19924",663542
"Zach Agnos","COL",1.38994,2.14335,0.89061,5.78277,24,3,0,0.3655,,37.4457,169.437,43.3121,25.83,24.06,5.93038,14.7769,0.738576,1.78334,27.4443,6.59618,3.55159,1.85724,1.42535,0.161973,0.0872116,0.07476162910461426,0.283313,1.55129,0.312812,0.647947,,,5.01848,-0.0470157,-0.526517,743.47998046875,,,,,,,91.2,2.464864864864865,110,2.972972972972973,,,,,,,,,,,,,,,,,,,"Zach Agnos","31552",688642
"Dan Altavilla","KCR",0.358018,0.315088,0,5.12523,10,0,0,0.4109,,6.90115,30.9694,6.65771,4.21,3.93,0.937297,3.71106,0.180946,0.446672,5.23222,6.8235,4.8397,1.4099,1.22236,0.168948,0.11983,0.049118392169475555,0.248314,1.50247,0.277124,0.680034,,,5.15541,-0.0471518,-0.037657,999,,,,,,,19.3,2.757142857142857,20,2.857142857142857,,,,,,,,,,,,,,,,,,,"Dan Altavilla","16507",656186
"Cionel Pérez","NYM",1.10741,0.814013,0,4.77188,30,0,0,2.6892,,20.8974,93.9306,21.0499,11.93,11.08,2.05363,10.9745,0.443369,1.47845,16.021,6.89985,4.72643,1.45984,0.88445,0.170562,0.116836,0.0537261962890625,0.258351,1.53245,0.29961,0.68936,,,4.63067,-0.047341,-0.112971,999,,,,,,,84.20000000000002,4.00952380952381,87,4.142857142857143,,,,,,,,,,,,,,,,,,,"Cionel Perez","19614",672335
"Germán Márquez","SDP",2.067,3.03969,1.72673,5.38658,21,6,0,0.4138,,42.3219,185.709,43.3337,27.17,25.33,8.18321,16.237,0.510427,1.7396,32.4047,6.89105,3.45289,1.99573,1.74021,0.174492,0.0874323,0.08705917745828629,0.25835,1.40756,0.27646,0.673412,,,5.35528,-0.0480494,-0.241818,743.3200073242188,,,,,,,110.60000000000001,2.6333333333333337,116,2.761904761904762,,,,,,,,,,,,,,,,,,,"German Marquez","15038",608566
"Cam Sanders","PIT",0.721409,0.630913,0,5.01164,21,0,0,0.4072,,14.7257,67.3023,13.2612,8.76,8.2,1.8732,10.064,0.61852,0.882052,15.0747,9.21331,6.1509,1.49788,1.14486,0.223985,0.149535,0.07445043325424194,0.235311,1.58398,0.288975,0.703541,,,4.93498,-0.0484684,-0.124284,999,,,,,,,49.60000000000001,3.306666666666667,46,3.066666666666667,,,,,,,,,,,,,,,,,,,"Cam Sanders","23479",676742
"Carlos Carrasco","ATL",0.518035,0.480459,0,5.61709,15,0,0,0.3955,,10.0942,45.6579,11.5877,6.78,6.3,1.49187,4.15325,0.288295,0.430285,7.35901,6.5613,3.70304,1.77187,1.33015,0.161177,0.0909645,0.07021258771419525,0.282116,1.55941,0.313307,0.656368,,,4.9242,-0.0495617,-0.184025,999,,,,,,,32.5,3.25,39,3.9,,,,,,,,,,,,,,,,,,,"Carlos Carrasco","6632",471911
"Alek Jacob","SDP",0.604246,0.656002,0,5.03786,20,0,0,0.4138,,12.9162,56.8913,12.0696,7.77,7.23,2.28595,5.3694,0.432331,1.2756,11.257,7.84385,3.74139,2.0965,1.59285,0.197868,0.09438,0.10348816215991974,0.240209,1.35017,0.266561,0.679067,,,5.19983,-0.050693,-0.128099,999,,,,,,,44.39999999999999,3.415384615384615,43,3.3076923076923075,,,,,,,,,,,,,,,,,,,"Alek Jacob","29628",689690
"Luis Medina","ATH",1.43204,1.45244,0.284063,5.23686,34,1,0.66,6.0791,,40.0431,182.19,39.7642,25.01,23.3,5.2401,22.6989,1.09349,2.86917,38.57,8.66892,5.10177,1.6992,1.17775,0.211702,0.124589,0.08711273968219757,0.253887,1.5599,0.306033,0.679398,,,4.78903,-0.0551944,-0.377947,999,,,,,,,159.5,3.9875,164,4.1,,,,,,,,,,,,,,,,,,,"Luis Medina","21649",665622
"Jackson Rutledge","PHI",0.5292,0.409963,0,5.26878,13,0,0,0.4029,,10.7615,48.6592,11.2117,6.79,6.3,1.56547,5.06286,0.250938,0.903785,8.4771,7.08951,4.23414,1.67437,1.30923,0.174214,0.104047,0.07016629725694656,0.262616,1.5123,0.295444,0.673482,,,5.0777,-0.0559887,-0.131477,999,,,,,,,26.200000000000003,2.3818181818181823,27,2.4545454545454546,,,,,,,,,,,,,,,,,,,"Jackson Rutledge","26215",671131
"Beau Burrows","PIT",0.459197,0.453989,0,5.71941,14,0,0,0.4072,,9.66183,44.1866,9.90455,6.6,6.14,1.62628,5.19205,0.315081,0.568195,8.67784,8.08341,4.8364,1.67137,1.51488,0.196391,0.117503,0.0788879245519638,0.257754,1.5625,0.294367,0.662771,,,5.27911,-0.0575696,-0.183876,999,,,,,,,23.4,2.34,24,2.4,,,,,,,,,,,,,,,,,,,"Beau Burrows","18873",663366
"Chase Petty","CIN",0.829961,1.21654,0.587686,5.5402,12,2,0,0.4282,,19.5426,87.8009,20.8242,12.83,12.03,3.29141,8.86655,0.415716,1.00913,14.3902,6.62716,4.08333,1.62298,1.5158,0.163896,0.100985,0.06291129440069199,0.267233,1.51928,0.291031,0.672204,,,5.33152,-0.0610136,-0.163665,999,,,,,,,54.49999999999999,2.7249999999999996,59,2.95,,,,,,,,,,,,,,,,,,,"Chase Petty","30170",695534
"Hunter Parks","CIN",0.45808,0.440273,0,5.11916,14,0,0,0,,9.77504,44.6348,8.69743,5.93,5.56,1.3533,6.67284,0.297148,0.716419,9.79603,9.01932,6.14377,1.46804,1.246,0.219471,0.149499,0.06997200846672058,0.233516,1.5724,0.281426,0.700543,,,5.16198,-0.0610332,-0.082856,999,,,,,,,34.300000000000004,3.4300000000000006,33,3.3,,,,,,,,,,,,,,,,,,,"Hunter Parks","sa3017640",688609
"Michael Kelly","ATH",0.551113,0.530236,0,5.64099,16,0,0,0.422,,11.1842,50.8191,11.8733,7.53,7.01,1.76372,5.43786,0.311732,0.667368,9.21743,7.41731,4.37588,1.69505,1.41927,0.181377,0.107004,0.07437291741371155,0.265539,1.54782,0.299696,0.65902,,,5.13812,-0.0620192,-0.232478,999,,,,,,,25.600000000000005,2.3272727272727276,29,2.6363636363636362,,,,,,,,,,,,,,,,,,,"Michael Kelly","12791",547184
"Cole Henry","WSN",1.11446,1.36832,0,4.90175,38,0,2.184,8.5321,,25.3746,112.791,22.7941,14.83,13.82,3.81161,13.0639,0.589497,2.34402,23.1652,8.21634,4.63357,1.77322,1.35192,0.205382,0.115824,0.08955760300159454,0.234067,1.41314,0.269614,0.688951,,,5.04729,-0.0652655,-0.207252,736.2100219726562,,,,,,,123.00000000000001,4.920000000000001,120,4.8,,,,,,,,,,,,,,,,,,,"Cole Henry","27570",669371
"Isaac Mattson","PIT",1.08747,0.927833,0,5.02054,31,0,0,2.7145,,21.9598,97.7856,20.5092,13.14,12.25,3.32797,11.6234,0.502599,0.795466,18.8453,7.72355,4.76373,1.62132,1.36393,0.192721,0.118866,0.07385437190532684,0.240248,1.46325,0.271883,0.691308,,,5.04907,-0.0683967,-0.161965,999,,,,,,,82.30000000000001,3.7409090909090916,82,3.727272727272727,,,,,,,,,,,,,,,,,,,"Isaac Mattson","20385",676755
"Michael Kopech",,0.930807,1.1493,0,4.85238,17,0,0,0,,18.696,83.4746,15.6482,10.78,10.08,2.56868,12.1486,0.480377,1.11317,19.2702,9.2764,5.84819,1.5862,1.23653,0.230851,0.145537,0.08531378209590912,0.222868,1.48678,0.270383,0.703155,,,4.9514,-0.0691285,-0.116368,999,,,,,,,61.09999999999999,3.2157894736842096,55,2.8947368421052633,,,,,,,,,,,,,,,,,,,"Michael Kopech","17282",656629
"Cam Booser","TBR",1.16866,1.05817,0,4.90108,33,0,0,4.6467,,24.9374,110.666,23.1785,14.62,13.58,3.98819,12.7516,0.567855,1.15928,25.1975,9.09389,4.60209,1.97603,1.43935,0.22769,0.115226,0.11246400326490402,0.239558,1.44081,0.284008,0.702222,,,4.8304,-0.0701356,-0.207054,999,,,,,,,104.00000000000001,4.16,101,4.04,,,,,,,,,,,,,,,,,,,"Cam Booser","16061",592155
"Brennan Bernardino","COL",1.18632,1.31896,0,5.79085,38,0,0.583,7.0776,,29.1408,133.63,34.1052,20.29,18.75,4.0341,11.959,0.968658,2.57447,24.1665,7.46371,3.69347,2.02078,1.24591,0.180846,0.0894929,0.09135282784700394,0.286365,1.58075,0.330828,0.637715,,,4.73595,-0.0768438,-0.502683,999,,,,,,,113.00000000000003,3.896551724137932,129,4.448275862068965,,,,,,,,,,,,,,,,,,,"Brennan Bernardino","16835",657514
"Craig Kimbrel","TBR",1.00617,0.935474,0,5.0315,28,0,0,0.4468,,21.0534,93.4084,17.9589,12.61,11.77,3.43905,12.0153,0.415689,1.43486,22.0542,9.42784,5.13638,1.8355,1.47014,0.236105,0.128632,0.10747255384922028,0.224603,1.42373,0.26659,0.690164,,,5.04376,-0.0769039,-0.2145,999,,,,,,,76.7,3.6523809523809527,71,3.380952380952381,,,,,,,,,,,,,,,,,,,"Craig Kimbrel","6655",518886
"Tyler Ferguson","CHC",0.916551,0.727365,0,4.9291,25,0,0,0.4185,,17.0356,76.1447,15.3675,10.01,9.33,2.25515,9.49117,0.384994,1.63113,15.0494,7.95069,5.01425,1.58562,1.19141,0.197642,0.124647,0.07299557328224182,0.236341,1.45922,0.274789,0.684224,,,5.01147,-0.0777187,-0.120564,999,,,,,,,59.20000000000002,3.4823529411764715,56,3.2941176470588234,,,,,,,,,,,,,,,,,,,"Tyler Ferguson","19481",621053
"TJ Shook","COL",0.997975,1.07811,0,5.72159,31,0,0,2.4366,,23.7679,107.852,25.5909,16.27,15.11,4.00045,10.7406,0.658398,1.49708,22.3559,8.46536,4.06707,2.08144,1.51482,0.207283,0.0995864,0.10769674181938171,0.267647,1.5286,0.311739,0.652813,,,4.95025,-0.0836484,-0.360466,999,,,,,,,76.80000000000004,3.2000000000000015,84,3.5,,,,,,,,,,,,,,,,,,,"TJ Shook","27567",669298
"Jose Franco","CIN",0.617755,0.620145,0,5.31277,19,0,0,0.4282,,13.4506,60.247,12.8994,8.5,7.94,2.47784,7.03787,0.407172,0.711256,12.6163,8.44174,4.70914,1.79263,1.65796,0.209409,0.116817,0.09259237349033356,0.245712,1.48225,0.278623,0.694502,,,5.34595,-0.0847422,-0.128052,999,,,,,,,39.8,3.0615384615384613,41,3.1538461538461537,,,,,,,,,,,,,,,,,,,"Jose Franco","27014",683742
"Trevor Richards","CHW",0.932248,1.01501,0,4.93033,28,0,0,2.2014,,20.3536,88.7207,18.7349,12.01,11.15,3.902,8.95567,0.361713,0.650886,19.6993,8.71069,3.96004,2.19965,1.7254,0.222038,0.100942,0.12109532207250595,0.236809,1.36048,0.267198,0.70545,,,5.07119,-0.0876074,-0.165712,999,,,,,,,67.4,3.37,66,3.3,,,,,,,,,,,,,,,,,,,"Trevor Richards","19309",670950
"Blas Castaño","COL",0.825247,0.907994,0,5.78022,26,0,2.332,0.3216,,19.9301,91.5799,23.0258,13.78,12.8,2.53699,9.01316,0.587231,1.59983,14.3165,6.46503,4.07016,1.5884,1.14565,0.156328,0.0984185,0.05790940672159195,0.284385,1.60757,0.319571,0.640954,,,4.9144,-0.0912493,-0.367408,999,,,,,,,56.3,2.815,66,3.3,,,,,,,,,,,,,,,,,,,"Blas Castano","26117",680604
"Jason Alexander","HOU",0.831368,0.902313,0.289884,5.40417,17,1,0,0.3954,,20.5175,91.6847,22.0299,13.28,12.32,3.40717,8.49851,0.509531,0.932764,15.0147,6.58619,3.72787,1.76674,1.49456,0.163764,0.0926928,0.07107142359018326,0.267829,1.48792,0.291747,0.669623,,,5.17293,-0.0918155,-0.163359,999,,,,,,,64.3,3.0619047619047617,69,3.2857142857142856,,,,,,,,,,,,,,,,,,,"Jason Alexander","19666",669920
"Jonathan Hernández","LAD",1.10933,0.55987,0,5.12781,28,0,0,2.6012,,18.6395,83.9257,18.8817,11.43,10.62,2.59563,9.60491,0.443714,1.18047,16.7239,8.07506,4.63768,1.74118,1.25329,0.199271,0.114445,0.08482515066862106,0.258157,1.52829,0.302597,0.686307,,,4.85044,-0.0940155,-0.116785,999,,,,,,,67.29999999999998,3.542105263157894,69,3.6315789473684212,,,,,,,,,,,,,,,,,,,"Jonathan Hernandez","17464",642546
"Luis Gil","NYY",1.88849,1.95837,1.14557,5.29363,20,4,0,0.437,,35.6013,160.082,33.2377,22.27,20.94,5.61201,20.2645,0.450275,2.5693,28.102,7.1042,5.12288,1.38676,1.41872,0.175548,0.126589,0.04895927011966705,0.242172,1.50282,0.266827,0.684236,,,5.49339,-0.0996531,-0.135083,376.5,,,,,,,93.80000000000003,2.605555555555556,89,2.4722222222222223,,,,,,,,,,,,,,,,,,,"Luis Gil","21052",661563
"Tony Santillan","CIN",1.37688,1.36642,0,5.21881,43,0,5.429,7.2238,,31.0933,139.19,30.5683,19.37,18.03,5.29326,15.3348,0.755511,1.63986,30.9757,8.96595,4.43868,2.01996,1.53214,0.222542,0.110172,0.11237042397260666,0.250118,1.4763,0.294079,0.689306,,,4.95715,-0.115887,-0.297433,718.1199951171875,,,,,,,151.29999999999998,4.880645161290322,154,4.967741935483871,,,,,,,,,,,,,,,,,,,"Tony Santillan","19926",663574
"Scott Barlow","ATH",1.41694,1.29985,0,5.34083,40,0,2.862,9.0422,,29.3887,132.899,28.3799,18.65,17.44,4.38398,15.2758,0.668763,3.16829,27.6665,8.47259,4.67806,1.81113,1.34255,0.208177,0.114943,0.0932338535785675,0.247957,1.48546,0.291196,0.666496,,,5.03793,-0.12069,-0.40225,999,,,,,,,145.60000000000002,5.020689655172415,146,5.0344827586206895,,,,,,,,,,,,,,,,,,,"Scott Barlow","14993",605130
"Hogan Harris","ATH",1.47151,1.32753,0,5.32911,42,0,8.586,6.5349,,30.9057,140.131,31.2113,19.64,18.3,4.49164,16.1055,0.823655,2.20965,28.3335,8.25095,4.69006,1.75924,1.308,0.202193,0.114932,0.0872611477971077,0.256217,1.53101,0.300252,0.674575,,,4.93234,-0.122147,-0.398582,618.1699829101562,,,,,,,174.6,5.632258064516129,178,5.741935483870968,,,,,,,,,,,,,,,,,,,"Hogan Harris","21520",663687
"Connor Seabold","TOR",1.11178,0.911535,0,5.43053,32,0,0,2.76,,21.8763,97.335,22.6849,14.18,13.2,4.14542,8.57183,0.543195,1.4341,17.5243,7.20954,3.52648,2.0444,1.70544,0.180041,0.0880652,0.09197541326284409,0.259763,1.42879,0.282358,0.670908,,,5.33216,-0.133632,-0.263466,999,,,,,,,71.80000000000003,3.263636363636365,76,3.4545454545454546,,,,,,,,,,,,,,,,,,,"Connor Seabold","19695",657756
"Max Scherzer","TOR",3.65977,5.02314,3.56803,5.93014,18,12,0,0.414,,62.4825,276.804,65.9923,43.76,41.17,15.02,24.4383,0.334953,2.46818,48.0129,6.9158,3.5201,1.96466,2.16349,0.173454,0.0882872,0.08516722917556763,0.264077,1.4473,0.272777,0.672462,,,5.97877,-0.134111,-0.581005,546.9299926757812,,,,,,,120.69999999999996,1.9467741935483864,133,2.1451612903225805,,,,,,,,,,,,,,,,,,,"Max Scherzer","3137",453286
"Eric Lauer","LAD",1.64997,1.15497,0.586289,5.4021,26,2,0,0.4335,,32.5707,144.009,34.0578,21.02,19.55,6.40932,12.8044,0.680252,1.0839,26.5409,7.33384,3.53814,2.07279,1.77104,0.184301,0.088914,0.09538651257753372,0.26174,1.43878,0.284536,0.682047,,,5.30634,-0.150698,-0.295334,720.5399780273438,,,,,,,94.00000000000003,2.8484848484848495,99,3,,,,,,,,,,,,,,,,,,,"Eric Lauer","19316",641778
"Tejay Antone","CIN",1.17019,1.26057,0,5.53109,38,0,1.303,7.5139,,27.4178,124.751,29.0158,18.08,16.85,4.49115,13.9826,0.691256,1.71469,25.5886,8.39958,4.58986,1.83003,1.47424,0.205118,0.112085,0.09303370863199234,0.26607,1.56827,0.310543,0.678776,,,5.07916,-0.161651,-0.405899,999,,,,,,,116.20000000000002,4.303703703703705,124,4.592592592592593,,,,,,,,,,,,,,,,,,,"Tejay Antone","16233",622088
"Joey Estes","ATH",1.22237,1.85754,0.941607,6.11963,17,3,0,0.422,,28.5459,128.137,32.5019,20.78,19.41,6.46214,9.91671,0.578987,1.60118,18.931,5.96861,3.12656,1.909,2.0374,0.14774,0.0773912,0.07034873962402344,0.278701,1.48598,0.285441,0.648414,,,5.92572,-0.180239,-0.442415,999,,,,,,,57.000000000000014,1.965517241379311,69,2.3793103448275863,,,,,,,,,,,,,,,,,,,"Joey Estes","26257",683155
"Albert Suárez","BAL",0.999436,0.927442,0,5.84797,29,0,0,0.4162,,19.7453,89.6989,21.658,13.8,12.83,3.51826,9.10066,0.512785,0.979254,13.8541,6.31475,4.14812,1.52232,1.60364,0.154451,0.101458,0.05299307405948639,0.27202,1.55777,0.291417,0.65647,,,5.54328,-0.186557,-0.367905,999,,,,,,,39.599999999999994,1.9799999999999998,46,2.3,,,,,,,,,,,,,,,,,,,"Albert Suarez","6175",544150
"Sam Aldegheri","LAA",1.48962,2.03799,0.601658,5.40549,33,2,0,0.4034,,42.0406,189.972,43.8659,27.06,25.25,6.50888,20.2057,1.2126,2.78225,32.0473,6.86066,4.32562,1.58605,1.39341,0.168695,0.106362,0.06233343482017517,0.262695,1.52404,0.29088,0.673439,,,5.22724,-0.19196,-0.424203,999,,,,,,,105.30000000000001,2.5071428571428576,114,2.7142857142857144,,,,,,,,,,,,,,,,,,,"Sam Aldegheri","26443",691951
"Keegan Thompson","COL",1.0458,1.17934,0,5.97914,33,0,0,5.4275,,25.303,116.604,28.2036,18.06,16.81,4.14227,12.7993,0.602508,1.49079,21.0435,7.48495,4.55259,1.64411,1.47336,0.18047,0.109768,0.07070236653089523,0.275658,1.62048,0.311967,0.651718,,,5.25786,-0.199855,-0.509462,999,,,,,,,83.00000000000001,3.3200000000000007,93,3.72,,,,,,,,,,,,,,,,,,,"Keegan Thompson","19795",624522
"Antonio Senzatela","COL",1.50388,2.03511,0.307815,6.20534,43,1,9.716,4.7795,,51.4444,237.553,65.5069,38.03,35.47,7.30438,19.9981,1.30369,2.52361,32.156,5.62557,3.49859,1.60795,1.27787,0.135364,0.0841838,0.05117979645729065,0.304639,1.66209,0.331505,0.630655,,,5.00776,-0.231622,-1.1029,999,,,,,,,184.70000000000007,3.6215686274509817,229,4.490196078431373,,,,,,,,,,,,,,,,,,,"Antonio Senzatela","15488",622608
"Tyron Guerrero","BOS",1.19412,1.18291,0,5.78156,34,0,0,4.5917,,24.8445,114.399,25.5807,17.16,15.96,4.26119,14.4898,0.449198,1.81129,23.5093,8.5163,5.24899,1.62246,1.54363,0.205502,0.12666,0.07884153723716736,0.260766,1.61285,0.303145,0.671767,,,5.40426,-0.248681,-0.409266,999,,,,,,,88.20000000000002,3.5280000000000005,93,3.72,,,,,,,,,,,,,,,,,,,"Tyron Guerrero","11691",594027
"Tim Hill","NYY",1.53305,1.1587,0,5.25101,41,0,0.68,10.7715,,29.4972,131.567,34.7672,18.59,17.21,4.11064,9.95759,0.607924,1.21175,12.7447,3.8886,3.0382,1.2799,1.25421,0.0968686,0.0756844,0.02118423581123352,0.288769,1.51624,0.296077,0.67064,,,5.18219,-0.263004,-0.402347,999,,,,,,,116.40000000000003,4.013793103448277,135,4.655172413793103,,,,,,,,,,,,,,,,,,,"Tim Hill","16814",657612
"Tomoyuki Sugano","COL",3.55113,8.30091,6.56666,6.76983,18,18,0,0,,89.856,409.592,117.531,71.99,67.59,19.8492,27.2469,0.376093,3.34989,54.1096,5.41963,2.72906,1.9859,1.9881,0.132106,0.0665221,0.06558405607938766,0.310114,1.61123,0.320232,0.622179,,,5.78758,-0.325823,-1.41053,999,,,,,,,131.2,1.4577777777777776,208,2.311111111111111,,,,,,,,,,,,,,,,,,,"Tomoyuki Sugano","35321",608372