Name,Team,W,L,QS,ERA,G,GS,SV,HLD,BS,IP,TBF,H,R,ER,HR,BB,IBB,HBP,SO,K/9,BB/9,K/BB,HR/9,K%,BB%,K-BB%,AVG,WHIP,BABIP,LOB%,GB%,HR/FB,FIP,WAR,RA9-WAR,ADP,InterSD,InterSK,IntraSD,Vol,Skew,Dim,FPTS,FPTS/IP,SPTS,SPTS/IP,P10,P20,P30,P40,P50,P60,P70,P80,P90,TT10,TT20,TT30,TT40,TT50,TT60,TT70,TT80,TT90,NameASCII,PlayerId,MLBAMID
"Tarik Skubal","LAD",3,1,4,2.88311,6,6,0,0,,35,138,28,12,11,4,7,,1,43,10.9566,1.81845,6.02523,0.952364,0.309281,0.0513309,0.25794975459575653,0.213025,0.989754,0.287171,0.762293,,,2.74134,1.09831,1.04051,7.019999980926514,,,,,,,199,5.685714285714286,185,5.285714285714286,,,,,,,,,,,,,,,,,,,"Tarik Skubal","22267",669373
"Cristopher Sánchez","PHI",3,1,4,3.0414,6,6,0,0,,39,158,34,14,13,3,9,,1,40,9.24004,2.13632,4.32521,0.735754,0.252331,0.0583396,0.19399144500494003,0.233683,1.12475,0.299607,0.74971,,,2.90848,1.08648,1.12496,24.75,,,,,,,213.30000000000004,5.46923076923077,206,5.282051282051282,,,,,,,,,,,,,,,,,,,"Cristopher Sanchez","20778",650911
"Paul Skenes","PIT",2,2,4,2.84244,6,6,0,0,,34,138,27,12,11,3,9,,1,41,10.713,2.33496,4.5881,0.780023,0.296876,0.0647055,0.232169970870018,0.214963,1.05627,0.292269,0.7626,,,2.73915,1.03448,1.00249,9.649999618530273,,,,,,,196.50000000000006,5.779411764705884,183,5.382352941176471,,,,,,,,,,,,,,,,,,,"Paul Skenes","33677",694973
"Chris Sale","ATL",3,2,4,3.08769,6,6,0,0,,34,138,28,13,12,3,9,,2,42,11.0247,2.28049,4.83438,0.876062,0.302769,0.0626284,0.24014081060886383,0.219357,1.07195,0.299344,0.747099,,,2.84314,0.942974,0.867755,39.36000061035156,,,,,,,192.90000000000003,5.673529411764707,182,5.352941176470588,,,,,,,,,,,,,,,,,,,"Chris Sale","10603",519242
"Zack Wheeler","PHI",3,2,4,3.27883,6,6,0,0,,37,148,30,15,13,4,10,,2,42,10.4392,2.39826,4.35281,1.03743,0.287741,0.0661046,0.22163626551628113,0.216856,1.07309,0.282829,0.742663,,,3.19824,0.934382,0.869017,110.48999786376953,,,,,,,194.60000000000002,5.25945945945946,181,4.891891891891892,,,,,,,,,,,,,,,,,,,"Zack Wheeler","10310",554430
"Logan Webb","SFG",3,2,4,3.41967,6,6,0,0,,41,170,40,17,16,3,10,,1,37,8.09757,2.15223,3.76241,0.71946,0.216932,0.0576577,0.15927400812506676,0.249569,1.20608,0.306415,0.724826,,,3.14392,0.931696,0.845569,57.189998626708984,,,,,,,203.50000000000006,4.963414634146343,207,5.048780487804878,,,,,,,,,,,,,,,,,,,"Logan Webb","17995",657277
"Jesús Luzardo","PHI",2,2,4,3.45558,6,6,0,0,,37,152,31,16,14,4,11,,1,42,10.1983,2.761,3.69369,0.968385,0.276886,0.0749618,0.20192375034093857,0.223804,1.14583,0.291612,0.732009,,,3.24765,0.902501,0.759113,70.58999633789062,,,,,,,192.00000000000003,5.18918918918919,181,4.891891891891892,,,,,,,,,,,,,,,,,,,"Jesus Luzardo","19959",666200
"Dylan Cease","TOR",2,2,4,3.44713,6,6,0,0,,35,145,28,15,13,4,14,,1,45,11.5052,3.56666,3.22576,0.954461,0.309911,0.0960741,0.2138374149799347,0.213376,1.18565,0.29517,0.741753,,,3.18356,0.892985,0.706705,74.7699966430664,,,,,,,182,5.2,168,4.8,,,,,,,,,,,,,,,,,,,"Dylan Cease","18525",656302
"Yoshinobu Yamamoto","LAD",3,1,4,3.34819,6,6,0,0,,34,138,28,14,13,3,9,,1,36,9.43278,2.48661,3.79343,0.922361,0.258437,0.0681276,0.19030966609716415,0.220109,1.10159,0.27812,0.727702,,,3.23899,0.860965,0.740343,26.639999389648438,,,,,,,183.90000000000003,5.408823529411766,173,5.088235294117647,,,,,,,,,,,,,,,,,,,"Yoshinobu Yamamoto","33825",808967
"Jacob deGrom","TEX",2,2,4,3.369,6,6,0,0,,34,135,28,14,13,4,8,,1,39,10.3393,2.14118,4.82878,1.15136,0.287296,0.0594966,0.22779928147792816,0.220615,1.06162,0.283188,0.741896,,,3.2454,0.815221,0.736621,50.0099983215332,,,,,,,180.60000000000002,5.311764705882354,169,4.970588235294118,,,,,,,,,,,,,,,,,,,"Jacob deGrom","10954",594798
"Jacob Misiorowski","MIL",2,1,4,3.32148,6,6,0,0,,32,129,23,13,12,4,12,,2,42,11.91,3.29183,3.61806,0.994794,0.325929,0.090084,0.2358454391360283,0.199108,1.08921,0.278651,0.73632,,,3.15546,0.789295,0.712083,114.13999938964844,,,,,,,169.8,5.30625,150,4.6875,,,,,,,,,,,,,,,,,,,"Jacob Misiorowski","31623",694819
"Ranger Suarez","BOS",2,2,3,3.56761,6,6,0,0,,35,147,33,15,14,3,10,,1,33,8.45883,2.5597,3.30462,0.857024,0.225739,0.0683099,0.1574285924434662,0.243837,1.22279,0.299704,0.726881,,,3.38862,0.78833,0.78286,183.97999572753906,,,,,,,169.3,4.837142857142857,169,4.828571428571428,,,,,,,,,,,,,,,,,,,"Ranger Suarez","17277",624133
"Drew Rasmussen","TBR",2,2,3,3.4538,6,6,0,0,,33,136,29,14,13,4,8,,1,32,8.68999,2.08442,4.16902,0.948953,0.238256,0.057149,0.181106586009264,0.230787,1.10469,0.283046,0.718402,,,3.33311,0.754728,0.704013,132.36000061035156,,,,,,,156.60000000000005,4.745454545454547,150,4.545454545454546,,,,,,,,,,,,,,,,,,,"Drew Rasmussen","25385",656876
"Blake Snell","LAD",2,2,3,3.42352,6,6,0,0,,32,133,25,13,12,3,14,,1,40,11.1516,3.84065,2.90357,0.934053,0.298524,0.102813,0.1957111656665802,0.213265,1.21557,0.290769,0.749436,,,3.31145,0.752446,0.715683,178.41000366210938,,,,,,,169.9,5.309375,156,4.875,,,,,,,,,,,,,,,,,,,"Blake Snell","13543",605483
"Max Fried","NYY",2,1,3,3.30936,5,5,0,0,,34,139,29,13,12,3,10,,1,32,8.53295,2.6946,3.16669,0.802359,0.229934,0.0726103,0.15732407569885254,0.230596,1.17155,0.285257,0.737403,,,3.3714,0.750026,0.858585,50.04999923706055,,,,,,,170.3,5.008823529411765,162,4.764705882352941,,,,,,,,,,,,,,,,,,,"Max Fried","13743",608331
"Chase Burns","CIN",2,2,3,3.62148,6,6,0,0,,30,122,25,13,12,4,10,,1,35,10.5235,3.01806,3.48685,1.1673,0.285047,0.0817491,0.2032974660396576,0.221986,1.16563,0.286973,0.740057,,,3.51783,0.729867,0.654699,109.72000122070312,,,,,,,144.8,4.826666666666667,135,4.5,,,,,,,,,,,,,,,,,,,"Chase Burns","35333",695505
"Cam Schlittler","NYY",2,2,3,3.55947,6,6,0,0,,35,146,30,15,14,4,12,,2,39,9.83522,2.9471,3.33726,1.03281,0.264803,0.0793474,0.18545524775981903,0.224341,1.1691,0.285718,0.733026,,,3.51682,0.729248,0.698024,116.62999725341797,,,,,,,167.8,4.7942857142857145,159,4.542857142857143,,,,,,,,,,,,,,,,,,,"Cam Schlittler","32095",693645
"Sonny Gray","BOS",3,2,3,3.87372,6,6,0,0,,36,148,33,17,15,4,9,,1,36,9.14456,2.3603,3.87432,1.07049,0.245161,0.0632784,0.1818825975060463,0.243545,1.19915,0.301616,0.708201,,,3.49186,0.715741,0.641303,138.08999633789062,,,,,,,173.40000000000003,4.816666666666667,170,4.722222222222222,,,,,,,,,,,,,,,,,,,"Sonny Gray","12768",543243
"Gerrit Cole","NYY",2,2,3,3.96633,6,6,0,0,,39,159,35,19,17,5,11,,1,39,9.13515,2.50962,3.64005,1.2642,0.246309,0.0676665,0.17864271253347397,0.237259,1.18277,0.287623,0.713653,,,3.81419,0.708357,0.533344,232.89999389648438,,,,,,,178.10000000000002,4.566666666666667,172,4.410256410256411,,,,,,,,,,,,,,,,,,,"Gerrit Cole","13125",543037
"Tyler Glasnow","LAD",2,1,3,3.646,5,5,0,0,,31,125,24,13,12,4,11,,1,37,10.7693,3.36825,3.1973,1.06542,0.292102,0.0913591,0.20074324309825897,0.213676,1.16502,0.281829,0.725197,,,3.41786,0.698038,0.649832,113.73999786376953,,,,,,,155.79999999999998,5.025806451612903,141,4.548387096774194,,,,,,,,,,,,,,,,,,,"Tyler Glasnow","14374",607192
"Logan Gilbert","SEA",2,2,3,3.50458,6,6,0,0,,35,140,29,15,14,5,8,,1,39,9.9397,2.05363,4.84006,1.19867,0.275499,0.0569205,0.2185782790184021,0.222394,1.06043,0.279107,0.729056,,,3.40711,0.690371,0.604136,37.150001525878906,,,,,,,173.1,4.945714285714286,161,4.6,,,,,,,,,,,,,,,,,,,"Logan Gilbert","22250",669302
"Braxton Ashcraft","PIT",2,2,3,3.64541,6,6,0,0,,32,132,29,14,13,3,9,,1,31,8.9061,2.60026,3.42508,0.927791,0.236947,0.06918,0.1677669957280159,0.242608,1.22138,0.3015,0.725228,,,3.44452,0.687213,0.64188,239.36000061035156,,,,,,,156.5,4.890625,153,4.78125,,,,,,,,,,,,,,,,,,,"Braxton Ashcraft","23793",677952
"Hunter Brown","HOU",2,2,3,3.60513,6,6,0,0,,35,146,30,15,14,4,13,,1,38,9.75179,3.29058,2.96355,0.989225,0.260011,0.0877365,0.1722748950123787,0.226036,1.21549,0.288321,0.734814,,,3.56894,0.666759,0.707172,36.189998626708984,,,,,,,165.8,4.7371428571428575,157,4.485714285714286,,,,,,,,,,,,,,,,,,,"Hunter Brown","25880",686613
"Nolan McLean","NYM",2,2,3,3.58341,6,6,0,0,,34,140,29,15,13,3,12,,2,35,9.52256,3.31482,2.87273,0.922237,0.252397,0.0878598,0.1645374521613121,0.226321,1.21956,0.287913,0.731142,,,3.59337,0.642945,0.583547,87.29000091552734,,,,,,,167.3,4.920588235294118,159,4.676470588235294,,,,,,,,,,,,,,,,,,,"Nolan McLean","33703",690997
"Framber Valdez","DET",2,2,3,3.75957,6,6,0,0,,37,159,35,17,16,3,13,,2,33,7.90714,3.06336,2.5812,0.788078,0.206977,0.0801863,0.12679052352905273,0.244218,1.28069,0.295666,0.713787,,,3.64954,0.64185,0.639302,81.13999938964844,,,,,,,166.90000000000003,4.510810810810812,167,4.513513513513513,,,,,,,,,,,,,,,,,,,"Framber Valdez","17295",664285
"Kevin Gausman","CHC",2,2,3,3.83009,6,6,0,0,,35,146,32,16,15,4,10,,1,35,8.81889,2.61284,3.37522,1.12203,0.236855,0.0701748,0.16668038815259933,0.239143,1.20495,0.290418,0.720468,,,3.68312,0.632261,0.566586,112.94999694824219,,,,,,,163.60000000000002,4.674285714285715,160,4.571428571428571,,,,,,,,,,,,,,,,,,,"Kevin Gausman","14107",592332
"George Kirby","SEA",2,2,3,3.81791,6,6,0,0,,35,143,33,16,15,4,7,,1,32,8.41681,1.82795,4.60451,1.09567,0.227406,0.0493877,0.17801829800009727,0.247596,1.16066,0.297394,0.706467,,,3.53239,0.624883,0.492107,64.58000183105469,,,,,,,164,4.685714285714286,163,4.6571428571428575,,,,,,,,,,,,,,,,,,,"George Kirby","25436",669923
"Eury Pérez","MIA",2,2,3,3.8723,6,6,0,0,,31,127,25,14,13,4,11,,1,35,10.0831,3.1119,3.24017,1.17212,0.272063,0.0839655,0.18809707462787628,0.219525,1.16427,0.277759,0.709412,,,3.70574,0.613775,0.567309,78.6500015258789,,,,,,,149.2,4.812903225806451,137,4.419354838709677,,,,,,,,,,,,,,,,,,,"Eury Perez","27768",691587
"Payton Tolle","BOS",2,2,3,3.89672,6,6,0,0,,32,133,28,15,14,4,10,,1,34,9.42969,2.75955,3.41712,1.21125,0.253845,0.0742863,0.17955885082483292,0.23245,1.1879,0.286207,0.717653,,,3.74769,0.611697,0.580925,673,,,,,,,149.8,4.68125,143,4.46875,,,,,,,,,,,,,,,,,,,"Payton Tolle","35466",801139
"Gavin Williams","CLE",2,2,3,3.71876,6,6,0,0,,34,141,29,15,14,4,13,,1,38,10.178,3.36196,3.02739,1.07801,0.271473,0.0896724,0.1818009465932846,0.225922,1.22286,0.290808,0.733281,,,3.59959,0.610226,0.630178,144.74000549316406,,,,,,,161.00000000000003,4.73529411764706,152,4.470588235294118,,,,,,,,,,,,,,,,,,,"Gavin Williams","30122",668909
"Parker Messick","CLE",2,2,3,3.81426,6,6,0,0,,33,137,30,15,14,4,10,,1,31,8.55354,2.79129,3.06437,1.01352,0.226594,0.0739445,0.15264899283647537,0.2426,1.24223,0.294873,0.720627,,,3.70469,0.606793,0.563982,294.17999267578125,,,,,,,146.00000000000006,4.424242424242426,142,4.303030303030303,,,,,,,,,,,,,,,,,,,"Parker Messick","31986",800048
"Sandy Alcantara","MIA",2,2,3,4.18578,6,6,0,0,,37,156,36,19,17,4,10,,2,31,7.44667,2.54501,2.92599,1.07027,0.196322,0.067096,0.1292259618639946,0.251105,1.25922,0.291451,0.68973,,,3.954,0.585477,0.440881,144.57000732421875,,,,,,,157.00000000000003,4.243243243243244,159,4.297297297297297,,,,,,,,,,,,,,,,,,,"Sandy Alcantara","18684",645261
"Kyle Bradish","BAL",2,2,3,3.82025,6,6,0,0,,34,141,30,15,14,4,12,,1,34,9.11332,3.26334,2.79264,1.0001,0.24089,0.0862589,0.15463073551654816,0.233474,1.24894,0.29006,0.720303,,,3.72599,0.577728,0.625904,72.95999908447266,,,,,,,153.40000000000003,4.511764705882354,147,4.323529411764706,,,,,,,,,,,,,,,,,,,"Kyle Bradish","24586",680694
"MacKenzie Gore","TEX",2,2,3,3.95762,6,6,0,0,,33,139,29,16,15,4,12,,1,36,9.92356,3.4036,2.91561,1.11625,0.261725,0.0897669,0.17195836454629898,0.232689,1.26064,0.295593,0.720024,,,3.75335,0.567045,0.45459,164.82000732421875,,,,,,,152.60000000000005,4.624242424242426,146,4.424242424242424,,,,,,,,,,,,,,,,,,,"MacKenzie Gore","22201",669022
"Reid Detmers","LAA",2,2,3,4.11637,6,6,0,0,,31,129,27,15,14,4,11,,1,34,10.0062,3.1006,3.22719,1.19025,0.26661,0.0826136,0.1839963123202324,0.230342,1.21541,0.291168,0.697167,,,3.74837,0.551874,0.47027,350.4599914550781,,,,,,,142,4.580645161290323,135,4.354838709677419,,,,,,,,,,,,,,,,,,,"Reid Detmers","27468",672282
"Cade Cavalli","WSN",2,2,3,3.89605,6,6,0,0,,32,137,31,15,14,3,11,,2,31,8.66488,2.96237,2.92498,0.977504,0.226147,0.0773156,0.14883137494325638,0.246538,1.28132,0.302265,0.717975,,,3.75664,0.548628,0.506709,305.2200012207031,,,,,,,142.3,4.446875,144,4.5,,,,,,,,,,,,,,,,,,,"Cade Cavalli","27473",676917
"Shane McClanahan","TBR",2,2,3,3.78207,5,5,0,0,,30,124,27,14,13,4,10,,1,30,8.96695,2.96456,3.02472,1.08135,0.240756,0.0795962,0.161159910261631,0.233326,1.21141,0.286017,0.723387,,,3.72872,0.546723,0.504624,182.99000549316406,,,,,,,129.60000000000002,4.320000000000001,125,4.166666666666667,,,,,,,,,,,,,,,,,,,"Shane McClanahan","21483",663556
"Logan Henderson","MIL",2,2,2,3.91379,7,5,0,0,,30,122,25,14,13,4,9,,1,32,9.76728,2.6513,3.68396,1.35698,0.265308,0.0720171,0.19329100102186203,0.227116,1.14971,0.278497,0.721301,,,3.85081,0.541676,0.446409,413.3999938964844,,,,,,,141.8,4.7266666666666675,132,4.4,,,,,,,,,,,,,,,,,,,"Logan Henderson","31475",701656
"Trevor Rogers","BAL",2,2,3,4.06567,6,6,0,0,,34,141,32,16,15,4,10,,1,29,7.6635,2.81061,2.72663,1.08131,0.202347,0.0742113,0.1281357780098915,0.246989,1.26677,0.288415,0.706146,,,3.97475,0.533646,0.51868,146.07000732421875,,,,,,,144.20000000000005,4.241176470588236,143,4.205882352941177,,,,,,,,,,,,,,,,,,,"Trevor Rogers","22286",669432
"Matthew Boyd","CHC",2,2,3,3.93862,6,6,0,0,,34,142,32,16,15,4,10,,2,31,8.13752,2.61302,3.11422,1.15739,0.216127,0.0694001,0.14672710001468658,0.2435,1.227,0.287169,0.717621,,,3.95894,0.533024,0.501418,212.75999450683594,,,,,,,145.20000000000005,4.270588235294119,144,4.235294117647059,,,,,,,,,,,,,,,,,,,"Matthew Boyd","15440",571510
"Freddy Peralta","TBR",2,2,3,4.00954,6,6,0,0,,34,143,30,17,15,5,13,,2,36,9.48546,3.36485,2.81898,1.26382,0.251038,0.0890527,0.16198508441448212,0.229669,1.24147,0.281497,0.724705,,,4.06481,0.525191,0.45473,56.36000061035156,,,,,,,139.10000000000002,4.091176470588236,132,3.8823529411764706,,,,,,,,,,,,,,,,,,,"Freddy Peralta","18679",642547
"Michael King","SDP",2,2,3,3.90046,6,6,0,0,,34,141,30,16,15,4,12,,2,33,8.91504,3.33973,2.66939,1.17308,0.234946,0.0880149,0.146931454539299,0.233852,1.2593,0.283074,0.731998,,,4.05195,0.513185,0.46692,129.55999755859375,,,,,,,148.40000000000003,4.3647058823529425,142,4.176470588235294,,,,,,,,,,,,,,,,,,,"Michael King","19853",650633
"Bryan Woo","SEA",2,2,2,3.45607,7,4,0,0,,29,118,25,12,11,4,6,,1,29,9.04342,1.89671,4.76794,1.15907,0.249951,0.0524234,0.19752804562449455,0.22311,1.05157,0.270218,0.727868,,,3.50382,0.511885,0.479404,34.77000045776367,,,,,,,137.40000000000003,4.737931034482759,130,4.482758620689655,,,,,,,,,,,,,,,,,,,"Bryan Woo","30279",693433
"José Soriano","TOR",2,2,3,3.67335,5,5,0,0,,31,134,27,14,13,3,14,,2,30,8.7411,3.95659,2.20925,0.816399,0.227589,0.103017,0.12457291781902313,0.229912,1.30841,0.286391,0.731977,,,3.78781,0.508194,0.548769,321.80999755859375,,,,,,,134.29999999999995,4.332258064516128,128,4.129032258064516,,,,,,,,,,,,,,,,,,,"Jose Soriano","22100",667755
"Aaron Nola","PHI",2,2,3,4.33687,6,6,0,0,,34,144,33,18,17,5,10,,1,34,8.93654,2.69151,3.32027,1.41421,0.236185,0.0711341,0.16505048424005508,0.24963,1.26639,0.297323,0.709684,,,4.12893,0.507879,0.355884,205.52999877929688,,,,,,,139.3,4.097058823529412,140,4.117647058823529,,,,,,,,,,,,,,,,,,,"Aaron Nola","16149",605400
"Jared Jones","PIT",2,2,2,3.99199,7,5,0,0,,28,116,25,13,12,3,9,,1,29,9.36831,2.99859,3.12424,1.13744,0.248732,0.0796136,0.16911856085062027,0.236039,1.23098,0.292612,0.710461,,,3.78991,0.497465,0.338306,714.77001953125,,,,,,,133.30000000000004,4.760714285714287,129,4.607142857142857,,,,,,,,,,,,,,,,,,,"Jared Jones","27863",683003
"Shota Imanaga","CHC",2,2,3,3.98321,6,6,0,0,,35,141,32,17,15,6,7,,1,32,8.45036,1.93784,4.3607,1.5505,0.230677,0.0528991,0.17777801677584648,0.239288,1.1317,0.273728,0.730632,,,4.16882,0.494837,0.460235,157.92999267578125,,,,,,,142,4.057142857142857,137,3.914285714285714,,,,,,,,,,,,,,,,,,,"Shota Imanaga","33829",684007
"Luis Castillo","CHW",2,2,3,4.26333,6,6,0,0,,36,150,34,18,17,5,11,,1,32,7.97926,2.68029,2.97702,1.33328,0.210623,0.0707497,0.13987335562705994,0.248171,1.25837,0.286484,0.707419,,,4.25399,0.493241,0.470113,171.0500030517578,,,,,,,144.50000000000003,4.013888888888889,143,3.9722222222222223,,,,,,,,,,,,,,,,,,,"Luis Castillo","15689",622491
"Mason Miller","SDP",1,0,0,2.25933,13,0,6,0,,13,51,7,4,3,1,5,,1,21,14.2909,3.44209,4.1518,0.669713,0.406957,0.0980194,0.30893753468990326,0.163311,0.95045,0.27184,0.800669,,,2.14807,0.490987,0.421882,27.860000610351562,,,,,,,119.69999999999997,9.207692307692305,106,8.153846153846153,,,,,,,,,,,,,,,,,,,"Mason Miller","31757",695243
"Carlos Rodón","NYY",3,2,3,4.11049,6,6,0,0,,35,147,30,17,16,5,14,,1,37,9.52884,3.52566,2.70271,1.26877,0.252154,0.0932969,0.15885741263628006,0.226986,1.24623,0.278199,0.714861,,,4.10324,0.479482,0.483957,202.3000030517578,,,,,,,148.5,4.242857142857143,139,3.9714285714285715,,,,,,,,,,,,,,,,,,,"Carlos Rodon","16137",607074
"Casey Mize","SDP",2,2,3,3.99347,5,5,0,0,,29,120,27,14,13,4,8,,1,26,8.22727,2.47215,3.32799,1.2195,0.219453,0.0659415,0.15351107716560364,0.246038,1.22429,0.289722,0.71718,,,3.93602,0.477897,0.360486,289.6499938964844,,,,,,,120.20000000000003,4.1448275862068975,118,4.068965517241379,,,,,,,,,,,,,,,,,,,"Casey Mize","20492",663554
"Foster Griffin","CLE",2,2,3,4.06559,6,6,0,0,,31,130,30,15,14,4,9,,2,29,8.36043,2.50422,3.33854,1.12816,0.221487,0.0663425,0.15514489263296127,0.247053,1.23306,0.295127,0.701653,,,3.84447,0.473171,0.433681,999,,,,,,,127.19999999999999,4.103225806451612,128,4.129032258064516,,,,,,,,,,,,,,,,,,,"Foster Griffin","16432",656492
"Michael Wacha","KCR",2,2,3,4.34844,6,6,0,0,,34,143,33,18,16,4,10,,1,26,7.0187,2.63082,2.66788,1.15086,0.184562,0.0691791,0.11538254469633102,0.254258,1.28447,0.28863,0.686867,,,4.1575,0.470245,0.391312,609.2899780273438,,,,,,,135.60000000000002,3.9882352941176475,137,4.029411764705882,,,,,,,,,,,,,,,,,,,"Michael Wacha","14078",608379
"Taj Bradley","MIN",2,2,3,4.34695,6,6,0,0,,33,140,30,17,16,5,13,,1,34,9.19422,3.43068,2.68,1.23807,0.241075,0.0899535,0.15112172067165375,0.239471,1.29747,0.291968,0.69915,,,4.06408,0.468358,0.388703,492.4599914550781,,,,,,,130.70000000000005,3.960606060606062,126,3.8181818181818183,,,,,,,,,,,,,,,,,,,"Taj Bradley","22543",671737
"Christian Scott","NYM",1,1,3,3.94167,6,6,0,0,,29,123,26,14,13,4,10,,1,31,9.32737,3.08344,3.02498,1.16854,0.248063,0.0820045,0.16605795919895172,0.231341,1.21842,0.284767,0.71613,,,3.87631,0.468335,0.367279,748.5700073242188,,,,,,,126.80000000000004,4.3724137931034495,122,4.206896551724138,,,,,,,,,,,,,,,,,,,"Christian Scott","30107",681035
"Sean Burke","CHW",2,2,3,4.35007,6,6,0,0,,34,145,31,18,16,5,13,,1,35,9.12843,3.47087,2.63001,1.3178,0.238712,0.0907649,0.1479475498199463,0.238156,1.29533,0.287049,0.706166,,,4.24763,0.461298,0.343154,748.5599975585938,,,,,,,137.50000000000003,4.044117647058824,133,3.911764705882353,,,,,,,,,,,,,,,,,,,"Sean Burke","29878",680732
"Landen Roupp","SFG",2,2,3,3.97973,6,6,0,0,,31,132,28,15,14,3,13,,1,29,8.48825,3.83343,2.21427,0.843502,0.219639,0.0991925,0.12044639885425568,0.240836,1.3491,0.296621,0.713084,,,3.79972,0.452066,0.403869,690.0999755859375,,,,,,,135.7,4.377419354838709,132,4.258064516129032,,,,,,,,,,,,,,,,,,,"Landen Roupp","30076",694738
"Nick Lodolo","CIN",2,2,2,4.23845,5,5,0,0,,30,126,28,15,14,4,8,,3,28,8.65941,2.57097,3.36814,1.29875,0.226183,0.0671537,0.15902966260910034,0.244738,1.23423,0.290412,0.699806,,,4.17073,0.446538,0.450774,127.94999694824219,,,,,,,123.00000000000001,4.1000000000000005,121,4.033333333333333,,,,,,,,,,,,,,,,,,,"Nick Lodolo","26378",666157
"Troy Melton","DET",2,2,2,4.0595,7,5,0,0,,34,141,31,17,15,4,11,,1,30,7.89323,2.87191,2.74842,1.18818,0.209845,0.0763511,0.13349416106939316,0.239293,1.23497,0.278123,0.709135,,,4.10316,0.44462,0.418291,743.22998046875,,,,,,,145.80000000000004,4.288235294117648,142,4.176470588235294,,,,,,,,,,,,,,,,,,,"Troy Melton","31807",675512
"Clay Holmes","CHC",2,2,3,3.78212,6,6,0,0,,31,134,30,14,13,3,12,,2,26,7.43924,3.4111,2.18089,0.800167,0.192471,0.0882532,0.10421755909919739,0.245382,1.32564,0.291515,0.723347,,,3.89802,0.443929,0.520055,330.6300048828125,,,,,,,124.49999999999997,4.016129032258063,126,4.064516129032258,,,,,,,,,,,,,,,,,,,"Clay Holmes","13649",605280
"Sean Manaea","NYM",2,2,3,4.25864,6,6,0,0,,32,136,29,17,15,5,10,,2,33,9.08828,2.83585,3.20478,1.31274,0.240828,0.0751466,0.16568175703287125,0.237439,1.22119,0.285756,0.695055,,,4.09247,0.441785,0.243898,423.3599853515625,,,,,,,129.9,4.059375,125,3.90625,,,,,,,,,,,,,,,,,,,"Sean Manaea","15873",640455
"Andrew Abbott","CIN",2,2,3,4.3445,6,6,0,0,,32,135,31,17,15,5,11,,1,28,7.81127,3.15263,2.4777,1.37971,0.204718,0.0826242,0.12209365516901016,0.249109,1.31308,0.284659,0.717717,,,4.46604,0.441703,0.38227,221.92999267578125,,,,,,,114.70000000000002,3.5843750000000005,115,3.59375,,,,,,,,,,,,,,,,,,,"Andrew Abbott","29911",671096
"Patrick Sandoval","BOS",1,2,2,4.23983,7,5,0,0,,28,122,27,14,13,3,12,,1,26,8.2745,3.93671,2.10188,0.93691,0.210843,0.100312,0.11053156852722168,0.251164,1.41344,0.304599,0.711039,,,4.02301,0.43527,0.391577,999,,,,,,,113.10000000000004,4.0392857142857155,114,4.071428571428571,,,,,,,,,,,,,,,,,,,"Patrick Sandoval","19447",663776
"Shane Baz","BAL",2,2,3,4.19466,6,6,0,0,,34,143,32,17,16,5,11,,2,32,8.45176,3.02333,2.79551,1.21542,0.222004,0.0794144,0.14258935302495956,0.244444,1.27666,0.290408,0.708038,,,4.10708,0.432275,0.414223,186.92999267578125,,,,,,,131.90000000000003,3.8794117647058832,130,3.823529411764706,,,,,,,,,,,,,,,,,,,"Shane Baz","22264",669358
"Gage Jump","ATH",2,2,3,4.27278,6,6,0,0,,30,130,29,16,14,4,12,,1,30,8.97732,3.56361,2.51916,1.14373,0.231914,0.0920599,0.13985393196344376,0.245631,1.34348,0.300203,0.709908,,,4.07273,0.431252,0.330735,999,,,,,,,118.4,3.9466666666666668,119,3.966666666666667,,,,,,,,,,,,,,,,,,,"Gage Jump","35418",695611
"Dustin May","MIL",2,2,3,4.09264,6,6,0,0,,31,133,28,16,14,4,11,,2,30,8.67788,3.26801,2.6554,1.15213,0.227542,0.0856901,0.14185142517089844,0.23623,1.26316,0.284062,0.709339,,,4.10313,0.424446,0.327215,414.6700134277344,,,,,,,128.39999999999998,4.141935483870967,124,4,,,,,,,,,,,,,,,,,,,"Dustin May","19716",669160
"Tanner Bibee","CLE",2,2,3,4.15389,6,6,0,0,,33,140,32,17,15,5,10,,2,30,8.07293,2.60479,3.09927,1.26252,0.213755,0.0689696,0.14478574693202972,0.246319,1.24047,0.287122,0.707602,,,4.12053,0.424048,0.355351,188.6300048828125,,,,,,,123.50000000000004,3.7424242424242435,124,3.757575757575758,,,,,,,,,,,,,,,,,,,"Tanner Bibee","30134",676440
"Brady Singer","CIN",2,2,3,4.62271,6,6,0,0,,33,143,33,19,17,5,11,,2,30,7.98813,2.98285,2.67802,1.32697,0.206216,0.0770031,0.1292126253247261,0.256029,1.33287,0.296897,0.687621,,,4.4045,0.422527,0.253914,388.25,,,,,,,117.90000000000005,3.572727272727274,121,3.6666666666666665,,,,,,,,,,,,,,,,,,,"Brady Singer","25377",663903
"Jhoan Duran","PHI",1,1,0,2.68342,13,0,6,0,,13,53,10,4,4,1,4,,1,16,10.8942,2.54021,4.2887,0.607972,0.299912,0.0699307,0.2299812138080597,0.212886,1.06929,0.297432,0.764537,,,2.55931,0.411283,0.456716,41.84000015258789,,,,,,,104.89999999999998,8.069230769230767,99,7.615384615384615,,,,,,,,,,,,,,,,,,,"Jhoan Duran","21029",661395
"Yusei Kikuchi","LAA",1,2,2,4.20732,5,5,0,0,,29,124,28,15,14,4,11,,1,29,9.15639,3.29559,2.77837,1.29952,0.238515,0.0858469,0.1526680588722229,0.247368,1.32261,0.300238,0.726914,,,4.12439,0.409202,0.341741,506.57000732421875,,,,,,,114.60000000000004,3.951724137931036,115,3.9655172413793105,,,,,,,,,,,,,,,,,,,"Yusei Kikuchi","20633",579328
"Will Warren","NYY",2,2,3,4.33657,9,6,0,0,,35,148,34,18,17,5,12,,1,34,8.91294,3.19299,2.79141,1.27855,0.231622,0.0829768,0.14864536374807358,0.249792,1.3237,0.301057,0.711192,,,4.14118,0.407048,0.309277,285.04998779296875,,,,,,,138.1,3.9457142857142857,139,3.9714285714285715,,,,,,,,,,,,,,,,,,,"Will Warren","30182",701542
"Noah Cameron","KCR",2,2,3,4.19781,5,5,0,0,,32,135,31,16,15,4,10,,1,27,7.76445,2.93934,2.64156,1.17867,0.203336,0.0769756,0.12636006623506546,0.250799,1.30073,0.291709,0.710364,,,4.13812,0.40699,0.461841,298,,,,,,,128.00000000000003,4.000000000000001,129,4.03125,,,,,,,,,,,,,,,,,,,"Noah Cameron","30184",702070
"Jake Bennett","BOS",2,2,2,4.16049,7,5,0,0,,28,121,29,14,13,3,8,,1,22,6.8281,2.44903,2.78808,1.01009,0.179076,0.064229,0.11484656482934952,0.257887,1.28335,0.294724,0.693357,,,3.97285,0.404046,0.456869,999,,,,,,,111.9,3.9964285714285714,118,4.214285714285714,,,,,,,,,,,,,,,,,,,"Jake Bennett","31959",687562
"Kyle Harrison","MIL",2,1,2,4.1239,5,5,0,0,,28,116,24,14,13,4,10,,1,30,9.67591,3.24675,2.98019,1.29863,0.255502,0.0857335,0.16976824402809143,0.233965,1.24953,0.28863,0.717384,,,4.03763,0.399549,0.341778,446.55999755859375,,,,,,,122.60000000000005,4.378571428571431,115,4.107142857142857,,,,,,,,,,,,,,,,,,,"Kyle Harrison","27758",690986
"Nick Martinez","TBR",2,2,3,4.41721,6,6,0,0,,35,145,36,18,17,5,8,,1,24,6.28607,2.0425,3.07763,1.31698,0.166162,0.0539901,0.1121717281639576,0.261117,1.25532,0.28512,0.687169,,,4.38558,0.399235,0.417535,738.3400268554688,,,,,,,124.9,3.568571428571429,131,3.742857142857143,,,,,,,,,,,,,,,,,,,"Nick Martinez","12730",607259
"Cade Smith","CLE",1,1,0,2.92507,13,0,6,0,,13,54,10,5,4,1,4,,1,17,11.7421,2.6348,4.45653,0.723684,0.324654,0.0728489,0.2518045902252197,0.20811,1.05751,0.298884,0.745279,,,2.55268,0.396802,0.285191,39.90999984741211,,,,,,,106.89999999999998,8.22307692307692,101,7.769230769230769,,,,,,,,,,,,,,,,,,,"Cade Smith","27867",671922
"Joey Cantillo","CLE",2,2,2,4.04692,8,5,0,0,,30,127,27,15,13,4,13,,1,31,9.48318,3.85656,2.45897,1.07506,0.246749,0.100346,0.14640279114246368,0.236981,1.33231,0.297027,0.724029,,,3.89989,0.395248,0.384545,270.80999755859375,,,,,,,122.60000000000001,4.086666666666667,118,3.933333333333333,,,,,,,,,,,,,,,,,,,"Joey Cantillo","23335",676282
"Janson Junk","MIA",1,2,2,4.66255,8,5,0,0,,32,135,34,18,16,4,8,,1,23,6.52778,2.26299,2.88458,1.24629,0.169666,0.0588181,0.11084771528840065,0.270996,1.33319,0.301561,0.67591,,,4.28408,0.392621,0.236558,999,,,,,,,118.20000000000002,3.6937500000000005,127,3.96875,,,,,,,,,,,,,,,,,,,"Janson Junk","23301",676083
"Shane Bieber","TOR",2,1,3,4.19256,5,5,0,0,,30,129,30,15,14,4,9,,1,26,7.82041,2.67345,2.92521,1.2783,0.205425,0.0702257,0.13519935309886932,0.254504,1.29049,0.294353,0.718315,,,4.17302,0.390601,0.378557,474.0400085449219,,,,,,,116.80000000000001,3.8933333333333335,120,4,,,,,,,,,,,,,,,,,,,"Shane Bieber","19427",669456
"Grayson Rodriguez","LAA",2,2,2,4.2999,5,5,0,0,,28,119,26,14,13,4,10,,1,27,8.86967,3.20499,2.76746,1.19443,0.231021,0.0834778,0.1475435569882393,0.246552,1.30836,0.298662,0.7029,,,4.05024,0.38963,0.378639,397.1099853515625,,,,,,,111.40000000000006,3.978571428571431,109,3.892857142857143,,,,,,,,,,,,,,,,,,,"Grayson Rodriguez","24492",680570
"Grant Taylor","CHW",1,1,0,3.2524,15,0,4,2,,15,63,12,6,5,1,6,,0,19,11.0175,3.36018,3.27886,0.724784,0.297792,0.0908218,0.20697034895420074,0.216616,1.17714,0.300612,0.736885,,,2.88411,0.38748,0.306313,506.67999267578125,,,,,,,115.49999999999999,7.699999999999999,110,7.333333333333333,,,,,,,,,,,,,,,,,,,"Grant Taylor","33927",691799
"Ian Seymour","TBR",2,2,2,4.06332,7,4,0,0,,26,110,23,13,12,4,9,,1,27,9.13602,2.92458,3.12388,1.27584,0.243444,0.07793,0.1655137836933136,0.232734,1.20764,0.281101,0.710383,,,4.02898,0.386057,0.321694,521.1400146484375,,,,,,,107.39999999999999,4.13076923076923,102,3.923076923076923,,,,,,,,,,,,,,,,,,,"Ian Seymour","27932",693855
"Andrew Alvarez","WSN",1,1,3,4.09904,5,5,0,0,,27,116,26,13,12,3,11,,1,22,7.24128,3.6911,1.96182,0.89414,0.185846,0.0947314,0.09111452847719193,0.248757,1.3737,0.291022,0.711679,,,4.13455,0.384904,0.391554,999,,,,,,,103.30000000000001,3.8259259259259264,104,3.8518518518518516,,,,,,,,,,,,,,,,,,,"Andrew Alvarez","29914",674841
"Bubba Chandler","PIT",2,1,2,4.23822,5,5,0,0,,27,114,25,14,13,3,11,,1,25,8.34287,3.55729,2.34528,1.08638,0.216032,0.0921136,0.12391892075538635,0.240807,1.3199,0.287934,0.702088,,,4.15372,0.381346,0.315677,150.00999450683594,,,,,,,111.9,4.144444444444445,110,4.074074074074074,,,,,,,,,,,,,,,,,,,"Bubba Chandler","29868",696149
"Dean Kremer","MIN",2,2,3,4.39037,6,6,0,0,,31,131,30,16,15,4,10,,1,28,8.02026,2.89598,2.76944,1.2831,0.210406,0.0759741,0.13443179428577423,0.250932,1.2966,0.291906,0.698594,,,4.20759,0.378745,0.362096,999,,,,,,,125.19999999999999,4.038709677419354,126,4.064516129032258,,,,,,,,,,,,,,,,,,,"Dean Kremer","19350",665152
"Carmen Mlodzinski","PIT",1,1,2,4.11221,8,4,0,0,,28,121,28,14,13,3,10,,1,23,7.33275,3.08828,2.37438,0.9791,0.190578,0.0802644,0.1103135272860527,0.252709,1.32721,0.294653,0.706921,,,4.013,0.377553,0.376504,745.6199951171875,,,,,,,110.50000000000001,3.946428571428572,114,4.071428571428571,,,,,,,,,,,,,,,,,,,"Carmen Mlodzinski","27572",669387
"Roki Sasaki","LAD",2,1,2,4.33558,7,5,0,0,,28,120,26,15,13,4,11,,2,28,8.88006,3.64584,2.43567,1.20665,0.229641,0.0942825,0.13535849004983902,0.24117,1.32994,0.291359,0.705911,,,4.23978,0.371034,0.219469,289.7200012207031,,,,,,,107.40000000000006,3.835714285714288,105,3.75,,,,,,,,,,,,,,,,,,,"Roki Sasaki","35323",808963
"Eduardo Rodriguez","ARI",2,2,3,4.4979,6,6,0,0,,33,144,34,18,17,4,12,,1,27,7.41966,3.19439,2.32272,1.19554,0.190787,0.0821396,0.10864732414484024,0.261966,1.38784,0.301465,0.702753,,,4.29757,0.368125,0.282271,738.219970703125,,,,,,,121.60000000000005,3.6848484848484864,128,3.878787878787879,,,,,,,,,,,,,,,,,,,"Eduardo Rodriguez","13164",593958
"Connor Prielipp","MIN",1,2,2,4.08852,8,5,0,0,,27,116,26,13,12,3,10,,1,27,8.93771,3.50143,2.55259,1.01186,0.230893,0.0904545,0.140438474714756,0.24654,1.34123,0.304626,0.715852,,,3.87694,0.368015,0.241709,999,,,,,,,116.30000000000001,4.307407407407408,117,4.333333333333333,,,,,,,,,,,,,,,,,,,"Connor Prielipp","31857",687570
"Bailey Ober","MIN",2,2,3,4.55957,6,6,0,0,,34,142,34,19,17,6,8,,1,28,7.48231,2.17999,3.43227,1.56859,0.198944,0.057963,0.14098146930336952,0.254349,1.23485,0.282482,0.690497,,,4.51675,0.366892,0.253972,494.3399963378906,,,,,,,118.4,3.4823529411764707,121,3.5588235294117645,,,,,,,,,,,,,,,,,,,"Bailey Ober","21224",641927
"Brandon Pfaadt","ARI",2,2,3,4.60397,6,6,0,0,,33,141,35,18,17,5,8,,1,27,7.30704,2.20939,3.30727,1.2779,0.190809,0.0576938,0.13311504572629929,0.26601,1.30012,0.303128,0.67562,,,4.17817,0.3623,0.282271,588.5999755859375,,,,,,,118.70000000000005,3.5969696969696985,127,3.8484848484848486,,,,,,,,,,,,,,,,,,,"Brandon Pfaadt","27782",694297
"Kyle Leahy","STL",2,1,2,4.38572,5,5,0,0,,30,127,29,16,14,4,10,,1,25,7.68329,3.1118,2.46908,1.10615,0.198955,0.0805785,0.11837636679410934,0.254765,1.34057,0.297761,0.693959,,,4.13366,0.36146,0.241931,733.6699829101562,,,,,,,114.4,3.8133333333333335,115,3.8333333333333335,,,,,,,,,,,,,,,,,,,"Kyle Leahy","24763",681517
"Kyle Freeland","COL",1,3,2,5.14221,6,6,0,0,,34,150,40,21,20,6,9,,1,26,6.82654,2.29543,2.97397,1.50624,0.17389,0.0584706,0.11541925370693207,0.284495,1.4121,0.31507,0.671646,,,4.62843,0.36136,0.281066,999,,,,,,,95.80000000000001,2.8176470588235296,114,3.3529411764705883,,,,,,,,,,,,,,,,,,,"Kyle Freeland","16256",607536
"Rhett Lowder","CIN",1,2,2,4.52656,6,5,0,0,,28,122,28,15,14,4,10,,1,22,7.12472,3.1431,2.26678,1.21438,0.183484,0.0809448,0.10253958404064178,0.257697,1.35946,0.292384,0.69435,,,4.43849,0.355697,0.261013,552.219970703125,,,,,,,96.2,3.435714285714286,99,3.5357142857142856,,,,,,,,,,,,,,,,,,,"Rhett Lowder","33876",695076
"Bryce Miller","SEA",2,2,2,4.10122,7,5,0,0,,30,124,27,15,14,4,8,,1,28,8.42547,2.53322,3.326,1.31529,0.226784,0.0681854,0.15859907865524292,0.236775,1.18457,0.277085,0.703341,,,4.05402,0.354981,0.262037,341.6000061035156,,,,,,,131.60000000000002,4.386666666666668,127,4.233333333333333,,,,,,,,,,,,,,,,,,,"Bryce Miller","29837",682243
"Tyler Mahle","ATL",2,2,3,4.10089,5,5,0,0,,28,119,27,14,13,4,10,,1,25,7.9705,3.10321,2.56847,1.15456,0.209409,0.0815305,0.12787818908691406,0.24496,1.2889,0.287239,0.715427,,,4.10645,0.353593,0.359531,322.7200012207031,,,,,,,104.80000000000005,3.7428571428571447,105,3.75,,,,,,,,,,,,,,,,,,,"Tyler Mahle","16358",641816
"Joe Ryan","MIN",1,1,2,3.81197,3,3,0,0,,18,73,16,8,8,3,4,,1,20,9.79649,2.05063,4.77731,1.30858,0.268057,0.0561104,0.21194642037153244,0.231278,1.10335,0.286136,0.714574,,,3.62373,0.353481,0.34415,78.52999877929688,,,,,,,79.70000000000002,4.427777777777779,76,4.222222222222222,,,,,,,,,,,,,,,,,,,"Joe Ryan","21390",657746
"Kumar Rocker","TEX",1,2,2,4.36161,7,5,0,0,,29,124,28,15,14,4,10,,1,26,8.00426,3.14461,2.54539,1.17019,0.208562,0.0819371,0.12662475556135178,0.248901,1.31373,0.292231,0.695382,,,4.16634,0.346722,0.27834,720.72998046875,,,,,,,111.60000000000004,3.848275862068967,112,3.8620689655172415,,,,,,,,,,,,,,,,,,,"Kumar Rocker","31843",677958
"Michael McGreevy","STL",2,2,3,4.32205,6,6,0,0,,32,137,34,17,16,4,8,,1,22,6.22496,2.2252,2.79748,1.1466,0.163368,0.0583981,0.10496951639652252,0.264714,1.29489,0.293204,0.692238,,,4.18623,0.345973,0.264502,715.3800048828125,,,,,,,116.20000000000002,3.6312500000000005,125,3.90625,,,,,,,,,,,,,,,,,,,"Michael McGreevy","29869",700241
"Drew Anderson","DET",2,2,2,4.18342,7,4,0,0,,25,106,23,13,12,3,10,,1,26,9.42356,3.59531,2.62107,1.11766,0.244597,0.0933195,0.15127769112586975,0.239306,1.31493,0.298119,0.709584,,,3.97116,0.340737,0.303429,999,,,,,,,107.3,4.292,105,4.2,,,,,,,,,,,,,,,,,,,"Drew Anderson","15130",623454
"Matthew Liberatore","STL",1,2,3,4.39765,6,6,0,0,,30,127,30,16,15,4,9,,1,26,7.85772,2.85887,2.74854,1.21818,0.204418,0.0743734,0.13004467636346817,0.255871,1.31877,0.298112,0.697485,,,4.17377,0.339746,0.241509,410.2300109863281,,,,,,,116.80000000000001,3.8933333333333335,120,4,,,,,,,,,,,,,,,,,,,"Matthew Liberatore","22294",669461
"Joe Musgrove","SDP",1,1,2,4.03233,4,4,0,0,,23,96,22,11,10,3,6,,1,22,8.44478,2.44167,3.45861,1.23594,0.224181,0.0648185,0.1593630015850067,0.245469,1.21728,0.291079,0.712456,,,3.98875,0.338133,0.296935,385.6199951171875,,,,,,,99.10000000000001,4.308695652173913,99,4.304347826086956,,,,,,,,,,,,,,,,,,,"Joe Musgrove","12970",605397
"Davis Martin","CHW",1,2,2,4.3609,5,5,0,0,,27,116,27,14,13,3,9,,1,22,7.39937,3.07522,2.40613,1.16073,0.191607,0.079633,0.11197438836097717,0.253407,1.3294,0.291435,0.698722,,,4.29662,0.337422,0.301919,999,,,,,,,106.7,3.951851851851852,110,4.074074074074074,,,,,,,,,,,,,,,,,,,"Davis Martin","21448",663436
"Anthony Kay","CHW",2,2,2,4.43952,5,5,0,0,,29,126,28,16,14,4,11,,2,23,7.17915,3.41931,2.09959,1.13829,0.183598,0.0874448,0.0961533710360527,0.252607,1.36346,0.288632,0.697311,,,4.48737,0.327618,0.228929,717.8599853515625,,,,,,,99.60000000000004,3.4344827586206907,100,3.4482758620689653,,,,,,,,,,,,,,,,,,,"Anthony Kay","20387",641743
"David Peterson","CHC",2,1,2,3.96577,7,4,0,0,,26,112,25,12,11,2,10,,1,23,7.88415,3.58887,2.19683,0.860623,0.202452,0.0921563,0.11029573529958725,0.25116,1.37354,0.30217,0.721632,,,3.91383,0.325225,0.335833,452.0400085449219,,,,,,,115.80000000000001,4.453846153846154,117,4.5,,,,,,,,,,,,,,,,,,,"David Peterson","20302",656849
"Jack Flaherty","DET",1,2,2,4.20043,4,4,0,0,,20,86,18,10,10,3,8,,1,22,9.93776,3.40221,2.92097,1.22227,0.260364,0.089136,0.17122770845890045,0.237478,1.28431,0.299065,0.710131,,,3.91615,0.321501,0.261102,209,,,,,,,81.3,4.0649999999999995,78,3.9,,,,,,,,,,,,,,,,,,,"Jack Flaherty","17479",656427
"Merrill Kelly","ARI",2,2,3,4.54433,6,6,0,0,,34,148,35,19,17,5,11,,1,28,7.32739,2.98124,2.45784,1.28358,0.190311,0.0774304,0.11288087069988251,0.257731,1.34166,0.292814,0.694251,,,4.38352,0.31723,0.246546,284.17999267578125,,,,,,,119.10000000000002,3.502941176470589,125,3.676470588235294,,,,,,,,,,,,,,,,,,,"Merrill Kelly","11156",518876
"Robert Gasser","MIL",1,1,2,4.15686,7,4,0,0,,25,105,23,12,11,3,8,,2,23,8.44141,2.8586,2.95299,1.24846,0.220905,0.0748072,0.14609742164611816,0.242171,1.24754,0.286328,0.707756,,,4.23033,0.312801,0.284219,748.5800170898438,,,,,,,104.3,4.172,102,4.08,,,,,,,,,,,,,,,,,,,"Robert Gasser","29812",688107
"Seth Lugo","KCR",2,2,3,4.45305,6,6,0,0,,33,142,33,18,16,5,11,,1,27,7.32604,2.99395,2.44695,1.27,0.189645,0.0775026,0.11214213818311691,0.257784,1.34213,0.293281,0.702725,,,4.42037,0.312791,0.328193,493.1000061035156,,,,,,,114.90000000000005,3.4818181818181833,118,3.5757575757575757,,,,,,,,,,,,,,,,,,,"Seth Lugo","12447",607625
"Gabriel Hughes","COL",1,2,2,4.89054,10,5,0,0,,30,131,32,18,16,4,11,,1,25,7.37312,3.23881,2.27649,1.26465,0.186914,0.082106,0.10480775684118271,0.269279,1.43224,0.308294,0.681168,,,4.47498,0.311966,0.241552,999,,,,,,,103.60000000000001,3.4533333333333336,112,3.7333333333333334,,,,,,,,,,,,,,,,,,,"Gabriel Hughes","31614",687312
"Shohei Ohtani","LAD",1,1,1,3.2395,6,2,0,0,,15,61,12,6,5,2,5,,1,17,10.4734,2.71232,3.8614,0.915376,0.28641,0.0741726,0.21223747730255127,0.216105,1.1036,0.2863,0.741106,,,3.13231,0.310779,0.315212,1.2699999809265137,,,,,,,71.2,4.746666666666667,65,4.333333333333333,,,,,,,,,,,,,,,,,,,"Shohei Ohtani","19755",660271
"Chris Bassitt","BAL",2,2,3,4.46995,6,6,0,0,,31,133,31,16,15,4,11,,2,26,7.59446,3.15539,2.40682,1.18777,0.193956,0.0805858,0.11336994171142578,0.259142,1.36848,0.300096,0.700025,,,4.38121,0.308698,0.326441,359.3599853515625,,,,,,,112.6,3.6322580645161286,116,3.7419354838709675,,,,,,,,,,,,,,,,,,,"Chris Bassitt","12304",605135
"J.T. Ginn","ATH",1,2,2,4.51834,5,5,0,0,,29,124,28,16,14,4,11,,2,26,8.12708,3.52428,2.30603,1.20796,0.208714,0.0905077,0.11820576339960098,0.248169,1.35214,0.291648,0.692683,,,4.39179,0.304578,0.267964,748.3499755859375,,,,,,,105.60000000000004,3.6413793103448286,106,3.6551724137931036,,,,,,,,,,,,,,,,,,,"J.T. Ginn","27889",669372
"Aroldis Chapman","BOS",1,1,0,3.09294,12,0,6,0,,12,50,9,5,4,1,5,,0,16,11.9748,3.90619,3.06559,0.774913,0.325483,0.106173,0.21930987387895584,0.19763,1.15078,0.285348,0.754424,,,2.92658,0.299231,0.243264,64.55000305175781,,,,,,,100.10000000000002,8.341666666666669,94,7.833333333333333,,,,,,,,,,,,,,,,,,,"Aroldis Chapman","10233",547973
"Nathan Eovaldi","TEX",1,1,1,3.6799,2,2,0,0,,15,62,13,7,6,2,4,,1,15,8.79764,2.2066,3.98697,1.06867,0.239299,0.0600204,0.17927895858883858,0.233201,1.13018,0.283931,0.711398,,,3.5433,0.292381,0.235584,132.50999450683594,,,,,,,67.60000000000001,4.506666666666667,64,4.266666666666667,,,,,,,,,,,,,,,,,,,"Nathan Eovaldi","9132",543135
"Cody Bradford","TEX",1,1,1,4.28587,8,3,0,0,,24,101,23,13,12,3,6,,1,20,7.48579,2.13229,3.51068,1.28327,0.200963,0.0572433,0.1437194123864174,0.247916,1.19617,0.282103,0.680902,,,4.08388,0.289501,0.165627,999,,,,,,,99.90000000000002,4.1625000000000005,100,4.166666666666667,,,,,,,,,,,,,,,,,,,"Cody Bradford","27597",674003
"Keider Montero","DET",2,2,2,4.57428,5,5,0,0,,29,124,29,16,15,4,9,,1,22,6.926,2.86176,2.42019,1.3182,0.179757,0.0742738,0.10548312962055206,0.257211,1.32564,0.286909,0.689988,,,4.54021,0.287557,0.228829,999,,,,,,,104.00000000000003,3.586206896551725,107,3.689655172413793,,,,,,,,,,,,,,,,,,,"Keider Montero","22630",672456
"David Bednar","NYY",1,1,0,3.31957,13,0,7,0,,13,53,10,5,5,1,4,,1,15,10.4091,2.95847,3.51842,0.885525,0.283535,0.080586,0.20294929295778275,0.214833,1.12494,0.284681,0.733419,,,3.16959,0.284126,0.285637,64.05999755859375,,,,,,,107.9,8.3,102,7.846153846153846,,,,,,,,,,,,,,,,,,,"David Bednar","19569",670280
"Robbie Ray","SDP",2,2,3,4.43009,6,6,0,0,,34,146,30,18,17,5,15,,1,34,8.97007,3.87893,2.31251,1.41298,0.233666,0.101044,0.13262203335762024,0.233589,1.31791,0.276145,0.712927,,,4.53797,0.283244,0.257314,166.44000244140625,,,,,,,132.10000000000002,3.8852941176470597,125,3.676470588235294,,,,,,,,,,,,,,,,,,,"Robbie Ray","11486",592662
"Adrian Morejon","SDP",1,1,0,3.17096,13,0,0,3,,13,53,11,5,5,1,4,,0,14,9.55541,2.78138,3.43549,0.722564,0.258872,0.0753522,0.18351945281028748,0.225159,1.15465,0.292823,0.740401,,,3.04234,0.278149,0.240683,735.8499755859375,,,,,,,83.30000000000001,6.407692307692309,80,6.153846153846154,,,,,,,,,,,,,,,,,,,"Adrian Morejon","20039",670970
"Jack Perkins","ATH",1,2,2,4.54586,7,5,0,0,,28,122,26,16,14,4,12,,2,28,8.92106,3.76287,2.37082,1.30504,0.230613,0.0972717,0.13334167748689651,0.23766,1.32529,0.284298,0.691691,,,4.43067,0.276557,0.240708,999,,,,,,,104.40000000000006,3.728571428571431,102,3.642857142857143,,,,,,,,,,,,,,,,,,,"Jack Perkins","31468",678022
"Zebby Matthews","MIN",1,2,2,4.31308,7,4,0,0,,24,102,24,13,12,4,7,,1,23,8.50479,2.49338,3.41095,1.38721,0.224125,0.0657076,0.1584177315235138,0.254345,1.27125,0.298981,0.710917,,,4.12093,0.270756,0.215146,488.6400146484375,,,,,,,88.00000000000003,3.666666666666668,90,3.75,,,,,,,,,,,,,,,,,,,"Zebby Matthews","31827",805673
"Peter Lambert","HOU",2,1,2,4.5814,7,5,0,0,,30,131,29,17,15,4,12,,1,28,8.29435,3.58972,2.31058,1.30732,0.214144,0.0926796,0.12146426737308502,0.24538,1.3451,0.287155,0.693497,,,4.47227,0.270743,0.154907,999,,,,,,,114.4,3.8133333333333335,115,3.8333333333333335,,,,,,,,,,,,,,,,,,,"Peter Lambert","17969",663567
"Blade Tidwell","SFG",1,2,2,4.53916,7,4,0,0,,27,118,27,15,14,3,11,,1,22,7.42612,3.59346,2.06656,1.1191,0.18992,0.0919013,0.09801851212978363,0.252755,1.38358,0.292024,0.690677,,,4.40204,0.269346,0.131591,999,,,,,,,100.7,3.72962962962963,104,3.8518518518518516,,,,,,,,,,,,,,,,,,,"Blade Tidwell","31701",694918
"Michael Soroka","ARI",1,1,2,4.21923,4,4,0,0,,21,90,20,11,10,3,7,,2,20,8.61512,2.92932,2.941,1.13627,0.225626,0.0767176,0.14890887588262558,0.24267,1.25793,0.29221,0.692172,,,4.01215,0.268763,0.224652,710.3599853515625,,,,,,,79.5,3.7857142857142856,79,3.761904761904762,,,,,,,,,,,,,,,,,,,"Michael Soroka","18383",647336
"Walbert Ureña","LAA",2,2,2,4.54025,5,5,0,0,,28,125,27,16,14,3,15,,2,23,7.35988,4.62769,1.5904,0.923856,0.184427,0.115963,0.06846418976783752,0.246697,1.46717,0.288977,0.694265,,,4.49721,0.265801,0.181455,999,,,,,,,95.10000000000001,3.396428571428572,96,3.4285714285714284,,,,,,,,,,,,,,,,,,,"Walbert Urena","29357",700712
"Griffin Jax","TBR",1,1,1,3.4795,5,2,0,0,,14,57,12,6,5,2,4,,1,16,10.5157,2.74917,3.82505,0.996738,0.28499,0.0745062,0.2104840651154518,0.227576,1.15956,0.300481,0.73601,,,3.22834,0.265478,0.215379,149.2100067138672,,,,,,,64.80000000000003,4.628571428571431,61,4.357142857142857,,,,,,,,,,,,,,,,,,,"Griffin Jax","20253",643377
"Trevor Megill","MIL",1,1,0,3.33868,12,0,4,1,,12,50,10,5,5,1,4,,0,15,10.6637,2.97063,3.58971,0.948001,0.292014,0.0813474,0.21066609770059586,0.214827,1.12503,0.286119,0.738374,,,3.15582,0.262863,0.201084,137.6999969482422,,,,,,,92.50000000000001,7.708333333333335,89,7.416666666666667,,,,,,,,,,,,,,,,,,,"Trevor Megill","17722",656730
"Tanner Scott","LAD",1,1,0,3.34725,12,0,6,1,,12,50,10,5,5,1,4,,1,14,10.5648,3.17187,3.33079,0.919864,0.284774,0.0854974,0.19927635043859482,0.21777,1.16256,0.289652,0.743821,,,3.27185,0.262523,0.20303,712.8099975585938,,,,,,,97.50000000000001,8.125000000000002,94,7.833333333333333,,,,,,,,,,,,,,,,,,,"Tanner Scott","17586",656945
"Jack Leiter","TEX",1,1,2,4.29475,4,4,0,0,,22,95,20,12,11,3,9,,1,22,8.71635,3.61127,2.41365,1.27384,0.227832,0.0943929,0.13343876600265503,0.233427,1.28947,0.277051,0.706283,,,4.32527,0.26251,0.167338,230.7100067138672,,,,,,,87.9,3.9954545454545456,85,3.8636363636363638,,,,,,,,,,,,,,,,,,,"Jack Leiter","30146",683004
"Josh Hader","HOU",1,1,0,3.17744,12,0,7,0,,12,50,9,5,4,2,5,,1,17,12.0753,3.37429,3.57862,1.12695,0.333423,0.0931708,0.24025235325098038,0.192324,1.06785,0.265781,0.76646,,,3.29266,0.260292,0.207683,124.38999938964844,,,,,,,91.80000000000001,7.650000000000001,85,7.083333333333333,,,,,,,,,,,,,,,,,,,"Josh Hader","14212",623352
"Andrés Muñoz","SEA",1,1,0,2.93818,12,0,6,1,,12,49,9,4,4,1,5,,1,15,11.7462,3.65602,3.21284,0.71966,0.318877,0.0992508,0.2196260243654251,0.197949,1.12442,0.284533,0.760088,,,2.90834,0.254108,0.324334,41.189998626708984,,,,,,,99.10000000000002,8.258333333333335,93,7.75,,,,,,,,,,,,,,,,,,,"Andres Munoz","20373",662253
"Bryce Elder","ATL",2,2,2,4.74574,5,5,0,0,,29,126,30,17,15,4,10,,1,24,7.3635,3.076,2.39385,1.26065,0.189255,0.0790586,0.1101960614323616,0.262542,1.37777,0.299864,0.680912,,,4.4009,0.253835,0.126049,740.5499877929688,,,,,,,102.40000000000003,3.531034482758622,108,3.7241379310344827,,,,,,,,,,,,,,,,,,,"Bryce Elder","27779",693821
"Adrian Houser","SFG",1,2,2,4.49109,8,5,0,0,,31,133,32,17,15,3,10,,1,21,6.2477,3.04606,2.05108,1.01831,0.159914,0.0779657,0.08194806426763535,0.264095,1.38277,0.295893,0.686368,,,4.3276,0.253731,0.23025,743.219970703125,,,,,,,118.29999999999997,3.8161290322580634,125,4.032258064516129,,,,,,,,,,,,,,,,,,,"Adrian Houser","12718",605288
"Ryan Feltner","COL",1,2,2,5.42078,8,5,0,0,,30,134,33,20,18,5,12,,1,24,7.02504,3.67981,1.90908,1.39972,0.175675,0.0920209,0.08365410566329956,0.272347,1.49803,0.304803,0.658711,,,4.87779,0.250019,0.148251,999,,,,,,,83.7,2.79,94,3.1333333333333333,,,,,,,,,,,,,,,,,,,"Ryan Feltner","21446",663372
"Jacob Lopez","ATH",2,2,2,4.63216,8,5,0,0,,28,122,26,16,15,4,12,,2,27,8.61827,3.85962,2.23293,1.40495,0.221633,0.0992566,0.122376449406147,0.24013,1.34845,0.281119,0.698299,,,4.67213,0.247559,0.290599,409.239990234375,,,,,,,102.40000000000006,3.6571428571428592,100,3.5714285714285716,,,,,,,,,,,,,,,,,,,"Jacob Lopez","25098",682052
"Grant Holmes","ATL",2,2,2,4.46283,9,5,0,0,,30,130,29,16,15,4,12,,1,28,8.39555,3.63878,2.30724,1.23454,0.215835,0.0935467,0.1222880482673645,0.248481,1.36647,0.294412,0.704581,,,4.35205,0.246949,0.233898,369.45001220703125,,,,,,,114.4,3.8133333333333335,115,3.8333333333333335,,,,,,,,,,,,,,,,,,,"Grant Holmes","16944",656550
"Ryan Gusto","MIA",1,2,1,4.70916,9,4,0,0,,25,110,26,14,13,4,9,,1,22,7.6799,3.1315,2.45247,1.29478,0.197239,0.0804248,0.11681430786848068,0.261081,1.37613,0.300687,0.687305,,,4.41302,0.243564,0.117134,999,,,,,,,82.20000000000002,3.2880000000000007,87,3.48,,,,,,,,,,,,,,,,,,,"Ryan Gusto","26440",687473
"Hayden Wesneski","HOU",2,1,2,4.40228,8,5,0,0,,29,123,28,16,14,5,9,,1,26,8.12087,2.86343,2.83606,1.4501,0.214322,0.0755704,0.1387520655989647,0.244772,1.2613,0.280323,0.704454,,,4.44579,0.236264,0.212648,999,,,,,,,102.30000000000003,3.5275862068965527,102,3.5172413793103448,,,,,,,,,,,,,,,,,,,"Hayden Wesneski","27581",669713
"Emerson Hancock","SEA",1,1,2,4.36788,7,5,0,0,,30,129,30,16,15,4,9,,2,25,7.41933,2.76389,2.68438,1.28804,0.194205,0.0723464,0.12185847759246826,0.251141,1.28301,0.285358,0.697815,,,4.37354,0.228759,0.157529,733.4199829101562,,,,,,,111.80000000000001,3.726666666666667,115,3.8333333333333335,,,,,,,,,,,,,,,,,,,"Emerson Hancock","27470",676106
"Andrew Painter","PHI",1,2,2,4.78081,5,5,0,0,,25,110,26,15,13,4,9,,1,21,7.47352,3.31891,2.2518,1.37293,0.191369,0.0849848,0.10638424009084702,0.260276,1.39267,0.295277,0.691437,,,4.62326,0.226019,0.0909132,999,,,,,,,80.20000000000002,3.2080000000000006,85,3.4,,,,,,,,,,,,,,,,,,,"Andrew Painter","30091",691725
"Max Scherzer","TOR",1,2,2,4.768,6,4,0,0,,24,103,24,14,13,5,7,,1,23,8.49679,2.62339,3.23886,1.65664,0.223834,0.0691088,0.15472504496574402,0.252216,1.27216,0.288616,0.68639,,,4.57844,0.222169,0.140858,546.9299926757812,,,,,,,75.70000000000002,3.1541666666666672,77,3.2083333333333335,,,,,,,,,,,,,,,,,,,"Max Scherzer","3137",453286
"Jake Irvin","WSN",1,2,2,4.75673,5,5,0,0,,30,127,30,17,16,5,10,,1,24,7.27123,3.13241,2.32129,1.44066,0.187732,0.0808737,0.10685787349939346,0.25568,1.34766,0.2854,0.688148,,,4.73194,0.219145,0.17858,999,,,,,,,97.5,3.25,100,3.3333333333333335,,,,,,,,,,,,,,,,,,,"Jake Irvin","21504",663623
"Robert Stock","NYM",1,2,2,4.50829,8,4,0,0,,24,106,23,13,12,3,11,,2,22,8.25186,3.98483,2.07082,1.16323,0.20933,0.101086,0.10824443399906158,0.247672,1.40075,0.293687,0.701975,,,4.46756,0.216949,0.112664,999,,,,,,,85.90000000000002,3.5791666666666675,86,3.5833333333333335,,,,,,,,,,,,,,,,,,,"Robert Stock","6576",476594
"Brayan Bello","BOS",2,1,1,4.23728,9,3,0,0,,21,89,21,11,10,2,7,,1,17,7.36541,2.9848,2.46764,0.945667,0.190785,0.0773147,0.11347010731697083,0.254278,1.32519,0.297759,0.690477,,,3.96087,0.213825,0.28037,421.4100036621094,,,,,,,86.20000000000002,4.104761904761905,89,4.238095238095238,,,,,,,,,,,,,,,,,,,"Brayan Bello","23920",678394
"Mitch Bratt","ARI",1,2,2,4.42385,7,4,0,0,,24,103,24,13,12,4,7,,1,20,7.57635,2.67503,2.83225,1.31809,0.19756,0.0697536,0.12780587375164032,0.258783,1.3132,0.295987,0.702891,,,4.31056,0.212177,0.188721,999,,,,,,,82.00000000000003,3.416666666666668,84,3.5,,,,,,,,,,,,,,,,,,,"Mitch Bratt","30003",683352
"Louis Varland","TOR",1,1,0,3.57204,12,0,6,0,,12,51,11,5,5,1,4,,0,13,9.50754,2.63045,3.61442,0.975665,0.25579,0.0707694,0.1850210502743721,0.23585,1.1902,0.298789,0.730715,,,3.34958,0.211197,0.207461,999,,,,,,,91.9,7.658333333333334,91,7.583333333333333,,,,,,,,,,,,,,,,,,,"Louis Varland","27691",686973
"Zac Thornton","NYM",0,0,2,4.54796,5,5,0,0,,20,86,19,11,10,3,8,,1,19,8.42376,3.51806,2.39443,1.29649,0.215578,0.0900329,0.12554459273815155,0.23964,1.32535,0.280345,0.701379,,,4.4126,0.210528,0.113624,999,,,,,,,72.69999999999999,3.6349999999999993,72,3.6,,,,,,,,,,,,,,,,,,,"Zac Thornton","33891",804267
"Brandon Young","BAL",1,2,2,4.64319,6,4,0,0,,25,105,25,14,13,4,8,,1,20,7.33725,2.92574,2.50783,1.34672,0.191116,0.0762078,0.11490848660469055,0.255857,1.32562,0.288867,0.685268,,,4.46532,0.210287,0.129901,999,,,,,,,83.80000000000001,3.3520000000000003,86,3.44,,,,,,,,,,,,,,,,,,,"Brandon Young","27819",687064
"Tyler Phillips","MIA",1,2,2,4.69992,7,5,0,0,,30,132,32,17,16,4,11,,1,22,6.47151,3.33674,1.93947,1.19156,0.164878,0.085012,0.07986611127853394,0.264107,1.41513,0.293911,0.689155,,,4.58827,0.204562,0.160365,999,,,,,,,97.60000000000001,3.2533333333333334,106,3.533333333333333,,,,,,,,,,,,,,,,,,,"Tyler Phillips","20629",663969
"Jeffrey Springs","ATH",1,2,2,4.94234,6,6,0,0,,30,128,30,18,16,5,10,,1,25,7.59835,3.11488,2.43937,1.64556,0.196783,0.0806695,0.11611348390579224,0.257942,1.35762,0.286304,0.690531,,,4.87973,0.20383,0.139427,722.25,,,,,,,99.5,3.316666666666667,102,3.4,,,,,,,,,,,,,,,,,,,"Jeffrey Springs","17677",605488
"Tatsuya Imai","HOU",1,1,1,4.10945,10,3,0,0,,23,98,20,11,10,3,11,,1,24,9.58801,4.14869,2.31109,1.14546,0.248387,0.107476,0.14091118425130844,0.228892,1.32534,0.285285,0.722681,,,4.14689,0.203381,0.187759,999,,,,,,,93.30000000000001,4.056521739130435,88,3.8260869565217392,,,,,,,,,,,,,,,,,,,"Tatsuya Imai","37124",837227
"Brad Lord","WSN",1,1,1,4.0945,8,2,0,0,,19,79,18,9,8,2,6,,1,16,7.61134,3.06039,2.48705,0.956589,0.198785,0.079928,0.11885657906532288,0.246647,1.29277,0.2908,0.697806,,,3.95023,0.203343,0.0986414,999,,,,,,,80.2,4.221052631578948,80,4.2105263157894735,,,,,,,,,,,,,,,,,,,"Brad Lord","31972",695418
"Bryan Abreu","HOU",1,1,0,3.33942,12,0,0,3,,12,51,9,5,4,1,6,,1,16,11.9791,4.15169,2.88535,0.935478,0.317327,0.109979,0.20734844356775284,0.205839,1.2177,0.291307,0.759562,,,3.33336,0.203242,0.193083,181.6999969482422,,,,,,,76.10000000000002,6.341666666666669,70,5.833333333333333,,,,,,,,,,,,,,,,,,,"Bryan Abreu","16609",650556
"Jeff Hoffman","MIN",1,1,0,3.60092,12,0,2,2,,12,50,10,5,5,1,5,,1,15,11.3323,3.42835,3.30548,1.02465,0.302622,0.0915517,0.21107061207294464,0.218248,1.19334,0.297333,0.733541,,,3.36189,0.202807,0.202668,99.63999938964844,,,,,,,80.50000000000001,6.708333333333335,77,6.416666666666667,,,,,,,,,,,,,,,,,,,"Jeff Hoffman","17432",656546
"Pete Fairbanks","MIA",1,1,0,3.72781,12,0,5,1,,12,49,10,5,5,1,4,,1,13,9.97285,3.37405,2.95575,1.03003,0.265715,0.0898975,0.17581698298454285,0.223687,1.21338,0.286642,0.724645,,,3.62186,0.201704,0.217404,111.45999908447266,,,,,,,90.50000000000001,7.541666666666668,87,7.25,,,,,,,,,,,,,,,,,,,"Pete Fairbanks","17998",664126
"Tanner Gordon","COL",1,2,1,5.37399,9,4,0,0,,27,115,31,17,16,5,6,,1,21,7.0258,2.09592,3.35214,1.74067,0.180028,0.0537055,0.1263226568698883,0.284479,1.38985,0.311537,0.661987,,,4.84579,0.199159,0.0817007,999,,,,,,,78.70000000000002,2.9148148148148154,91,3.3703703703703702,,,,,,,,,,,,,,,,,,,"Tanner Gordon","27669",685299
"Raisel Iglesias","ATL",1,1,0,3.61492,13,0,6,1,,13,52,11,6,5,2,3,,1,13,9.60961,2.48955,3.85998,1.09634,0.26109,0.0676402,0.19344940036535263,0.230565,1.146,0.289631,0.727264,,,3.48977,0.196911,0.138206,100.62000274658203,,,,,,,91,7,87,6.6923076923076925,,,,,,,,,,,,,,,,,,,"Raisel Iglesias","17130",628452
"Justin Martinez","ARI",1,1,0,3.46413,11,0,4,1,,11,50,9,5,4,1,6,,1,14,10.9884,4.94731,2.2211,0.625342,0.282658,0.127261,0.15539748966693878,0.211759,1.33146,0.296617,0.739831,,,3.42953,0.194843,0.132726,999,,,,,,,76.70000000000002,6.972727272727274,73,6.636363636363637,,,,,,,,,,,,,,,,,,,"Justin Martinez","24453",679885
"Bryan Baker","TBR",1,1,0,3.69106,13,0,6,1,,13,53,11,6,5,2,5,,0,14,9.95563,3.21469,3.09692,1.1259,0.269663,0.0870746,0.18258823454380035,0.217799,1.16746,0.275281,0.727266,,,3.64435,0.192932,0.147884,999,,,,,,,90,6.923076923076923,86,6.615384615384615,,,,,,,,,,,,,,,,,,,"Bryan Baker","19804",641329
"Reynaldo López","ATL",1,1,1,4.14486,9,3,0,0,,21,89,20,10,10,3,8,,1,20,8.53924,3.36116,2.54056,1.2121,0.222731,0.0876699,0.1350608766078949,0.24528,1.3192,0.292562,0.724019,,,4.15059,0.189233,0.24554,302.9100036621094,,,,,,,79.5,3.7857142857142856,79,3.761904761904762,,,,,,,,,,,,,,,,,,,"Reynaldo Lopez","16400",625643
"Jackson Kent","WSN",0,0,2,4.54796,4,4,0,0,,17,73,16,9,8,2,7,,1,16,8.42376,3.51806,2.39443,1.29649,0.215578,0.0900329,0.12554462254047394,0.23964,1.32535,0.280345,0.701379,,,4.4126,0.187807,0.163213,999,,,,,,,67.60000000000002,3.9764705882352955,67,3.9411764705882355,,,,,,,,,,,,,,,,,,,"Jackson Kent","35462",800600
"Jacob Latz","TEX",1,0,0,3.71963,13,0,5,0,,13,53,10,6,5,1,5,,0,13,9.09151,3.79169,2.39775,0.948871,0.242518,0.101144,0.14137400686740875,0.217319,1.22929,0.269967,0.721149,,,3.77724,0.187618,0.126739,730.9299926757812,,,,,,,93.9,7.223076923076923,88,6.769230769230769,,,,,,,,,,,,,,,,,,,"Jacob Latz","21306",656641
"Carson Whisenhunt","SFG",2,2,2,4.55554,5,5,0,0,,25,110,25,14,13,3,10,,1,20,7.01164,3.66381,1.91376,1.18904,0.178747,0.0934011,0.08534607291221619,0.256006,1.40841,0.289722,0.70148,,,4.5859,0.185771,0.130919,999,,,,,,,90.1,3.6039999999999996,93,3.72,,,,,,,,,,,,,,,,,,,"Carson Whisenhunt","31676",687931
"Martín Pérez","ATL",1,1,2,4.47706,4,4,0,0,,22,96,22,12,11,3,9,,1,17,6.99724,3.45183,2.02711,1.17746,0.179443,0.0885215,0.09092126786708832,0.256104,1.38537,0.289994,0.702592,,,4.49339,0.185121,0.182128,999,,,,,,,72.7,3.3045454545454547,75,3.409090909090909,,,,,,,,,,,,,,,,,,,"Martin Perez","6902",527048
"Abner Uribe","MIL",1,0,0,3.2287,10,0,1,2,,10,40,8,4,3,1,4,,1,11,10.1879,3.83384,2.65736,0.725133,0.271459,0.102154,0.16930529475212097,0.213155,1.21204,0.285025,0.74788,,,3.31525,0.180232,0.180181,167.27999877929688,,,,,,,60.900000000000006,6.090000000000001,57,5.7,,,,,,,,,,,,,,,,,,,"Abner Uribe","25327",682842
"Quinn Mathews","STL",1,2,2,4.36541,6,5,0,0,,26,115,23,14,13,3,15,,1,24,8.49355,5.26456,1.61334,1.02608,0.212986,0.132015,0.0809706449508667,0.234369,1.47574,0.283181,0.720687,,,4.57008,0.179029,0.157618,999,,,,,,,95.7,3.680769230769231,91,3.5,,,,,,,,,,,,,,,,,,,"Quinn Mathews","33851",687273
"Ryan Johnson","LAA",1,2,1,4.80747,8,4,0,0,,24,106,25,14,13,4,9,,1,21,7.81089,3.31971,2.35289,1.41143,0.19984,0.0849342,0.11490625143051147,0.259889,1.3907,0.297549,0.691705,,,4.62098,0.17608,0.0764796,999,,,,,,,75.40000000000003,3.141666666666668,80,3.3333333333333335,,,,,,,,,,,,,,,,,,,"Ryan Johnson","35325",696270
"Mason Montgomery","PIT",1,1,0,3.62471,12,0,1,2,,12,50,10,5,5,1,5,,1,14,10.751,3.94558,2.72482,0.877046,0.282233,0.103579,0.17865467816591263,0.223866,1.27775,0.301913,0.735975,,,3.41218,0.175721,0.206,748.4400024414062,,,,,,,73.50000000000001,6.125000000000001,70,5.833333333333333,,,,,,,,,,,,,,,,,,,"Mason Montgomery","29770",682254
"Brock Stewart","LAD",0,0,0,3.87995,12,0,0,3,,12,49,10,5,5,1,5,,1,13,10.2309,3.56541,2.8695,1.08396,0.271248,0.0945283,0.17672017961740494,0.223609,1.23427,0.288117,0.718503,,,3.70544,0.17174,0.160161,999,,,,,,,70.50000000000001,5.875000000000001,67,5.583333333333333,,,,,,,,,,,,,,,,,,,"Brock Stewart","16727",592779
"Jeremiah Estrada","SDP",1,1,0,3.41461,12,0,0,3,,12,49,9,5,5,2,5,,0,16,11.7597,3.83305,3.06797,1.17644,0.317944,0.103633,0.21431053429841995,0.205545,1.17878,0.27956,0.769638,,,3.51125,0.171693,0.139058,623.5800170898438,,,,,,,69.80000000000001,5.816666666666667,63,5.25,,,,,,,,,,,,,,,,,,,"Jeremiah Estrada","22210",669093
"George Klassen","LAA",1,2,2,4.68767,4,4,0,0,,21,93,20,12,11,3,10,,1,18,7.83111,4.38039,1.78777,1.15077,0.197528,0.110489,0.08703925460577011,0.247432,1.44347,0.288937,0.693834,,,4.62187,0.170865,0.135898,999,,,,,,,69.5,3.3095238095238093,69,3.2857142857142856,,,,,,,,,,,,,,,,,,,"George Klassen","33464",691946
"Aaron Ashby","MIL",1,1,0,3.43723,13,0,0,3,,13,54,11,5,5,1,6,,1,14,10.2132,4.21443,2.42339,0.702025,0.26549,0.109553,0.155936598777771,0.224929,1.31277,0.301568,0.745821,,,3.389,0.170373,0.224194,999,,,,,,,74.30000000000001,5.715384615384616,71,5.461538461538462,,,,,,,,,,,,,,,,,,,"Aaron Ashby","23550",676879
"Dylan Lee","ATL",1,1,0,3.32006,12,0,0,3,,12,49,10,5,5,2,3,,0,14,10.4197,2.49136,4.18234,1.14604,0.288862,0.0690669,0.21979475766420364,0.219049,1.09041,0.282511,0.755849,,,3.30615,0.169838,0.166304,999,,,,,,,69.20000000000002,5.766666666666668,65,5.416666666666667,,,,,,,,,,,,,,,,,,,"Dylan Lee","19996",669276
"Max Meyer","MIA",1,1,1,4.07821,2,2,0,0,,11,48,11,6,5,2,4,,1,11,8.93933,3.09897,2.88461,1.19151,0.23465,0.0813453,0.15330450981855392,0.24248,1.27581,0.294235,0.718294,,,3.9939,0.166807,0.0961798,281.45001220703125,,,,,,,35.2,3.2,36,3.272727272727273,,,,,,,,,,,,,,,,,,,"Max Meyer","27474",676974
"Tomoyuki Sugano","COL",2,2,2,5.46461,6,6,0,0,,34,148,40,22,20,7,8,,1,21,5.64461,2.25372,2.50458,1.76373,0.14322,0.057183,0.08603649213910103,0.288212,1.42871,0.300852,0.665944,,,5.25078,0.166659,0.195128,999,,,,,,,76.50000000000003,2.250000000000001,94,2.764705882352941,,,,,,,,,,,,,,,,,,,"Tomoyuki Sugano","35321",608372
"Garrett Cleavinger","TBR",1,1,0,3.44471,12,0,0,3,,12,51,9,5,5,1,5,,1,15,11.0262,3.49128,3.15822,1.01964,0.296084,0.0937503,0.20233339071273804,0.207505,1.15222,0.277632,0.740927,,,3.4711,0.161907,0.172855,505.4800109863281,,,,,,,77.10000000000002,6.425000000000002,71,5.916666666666667,,,,,,,,,,,,,,,,,,,"Garrett Cleavinger","17897",664076
"Gregory Soto","PIT",1,1,0,3.75356,12,0,1,2,,12,50,10,5,5,1,5,,1,13,9.82529,3.70034,2.65524,0.792133,0.256232,0.0965007,0.15973154455423355,0.227816,1.26968,0.297633,0.712064,,,3.52191,0.160966,0.174955,728.4099731445312,,,,,,,71.50000000000001,5.958333333333335,68,5.666666666666667,,,,,,,,,,,,,,,,,,,"Gregory Soto","19677",642397
"Connelly Early","WSN",1,1,1,3.92413,2,2,0,0,,10,41,9,5,4,1,4,,1,10,9.03537,3.40171,2.65613,1.03528,0.236492,0.0890364,0.14745548367500305,0.235183,1.2728,0.290334,0.718566,,,3.89329,0.159928,0.125878,266.4800109863281,,,,,,,43.300000000000004,4.33,42,4.2,,,,,,,,,,,,,,,,,,,"Connelly Early","33666",813349
"Cristian Javier","HOU",1,2,1,4.80134,9,4,0,0,,27,116,25,16,14,4,12,,1,24,8.06772,3.9332,2.05119,1.46239,0.207373,0.101099,0.10627368092536926,0.243607,1.37423,0.277846,0.692705,,,4.83104,0.15868,0.141485,470.2799987792969,,,,,,,94.60000000000002,3.5037037037037044,92,3.4074074074074074,,,,,,,,,,,,,,,,,,,"Cristian Javier","17606",664299
"Kodai Senga","NYM",1,1,0,3.96421,13,1,3,2,,18,75,15,8,8,2,8,,1,19,9.83736,4.22149,2.3303,1.09129,0.255417,0.109607,0.1458105370402336,0.226464,1.321,0.286809,0.731582,,,4.02765,0.156258,0.0837401,223.52000427246094,,,,,,,103.60000000000002,5.755555555555556,98,5.444444444444445,,,,,,,,,,,,,,,,,,,"Kodai Senga","31838",673540
"Fernando Cruz","NYY",1,1,0,3.85096,13,0,0,3,,13,54,10,6,5,2,7,,1,17,11.7306,4.56436,2.57005,1.15764,0.30742,0.119616,0.18780382722616196,0.209107,1.27654,0.285117,0.74006,,,3.83159,0.155843,0.11991,999,,,,,,,67.6,5.199999999999999,61,4.6923076923076925,,,,,,,,,,,,,,,,,,,"Fernando Cruz","7048",518585
"Orion Kerkering","PHI",1,1,0,3.64064,12,0,0,3,,12,50,10,5,5,1,5,,1,13,9.62364,3.64325,2.6415,0.913411,0.253555,0.095989,0.15756579488515854,0.223674,1.24323,0.285895,0.729733,,,3.6721,0.155195,0.173302,999,,,,,,,70.50000000000001,5.875000000000001,67,5.583333333333333,,,,,,,,,,,,,,,,,,,"Orion Kerkering","31776",689147
"José A. Ferrer","SEA",1,1,0,3.56734,13,0,1,3,,13,53,12,5,5,1,3,,1,11,8.00748,2.48119,3.22728,0.743973,0.213226,0.0660698,0.14715591073036194,0.242103,1.20526,0.29538,0.710785,,,3.37945,0.153625,0.223575,999,,,,,,,79.7,6.130769230769231,79,6.076923076923077,,,,,,,,,,,,,,,,,,,"Jose A. Ferrer","24017",678606
"Kevin Kelly","TBR",1,1,0,3.77323,13,0,0,3,,13,52,12,6,5,1,3,,1,11,7.67408,2.08008,3.68933,0.966048,0.206624,0.0560058,0.15061789751052856,0.242485,1.16263,0.286022,0.698297,,,3.63062,0.151527,0.137208,999,,,,,,,74.7,5.746153846153846,74,5.6923076923076925,,,,,,,,,,,,,,,,,,,"Kevin Kelly","25679",687330
"Spencer Miles","TOR",1,0,0,3.54134,12,0,0,3,,13,55,12,6,5,1,4,,0,13,8.57226,2.75527,3.11123,0.867668,0.229294,0.0736987,0.15559480339288712,0.238,1.21504,0.293316,0.728973,,,3.43847,0.150985,0.09644,999,,,,,,,78.7,6.053846153846154,78,6,,,,,,,,,,,,,,,,,,,"Spencer Miles","31621",693686
"Daniel Lynch IV","KCR",1,1,1,4.42448,7,3,0,0,,21,89,21,11,10,3,7,,1,15,6.60308,3.08989,2.137,1.15605,0.1707,0.0798784,0.09082165360450745,0.255155,1.34017,0.285215,0.694464,,,4.46104,0.149932,0.198315,999,,,,,,,69.9,3.3285714285714287,72,3.4285714285714284,,,,,,,,,,,,,,,,,,,"Daniel Lynch IV","21537",663738
"Hunter Dobbins","STL",1,1,1,4.449,5,2,0,0,,16,69,16,9,8,2,5,,1,12,6.77725,3.04323,2.22699,1.0997,0.17477,0.078478,0.09629181772470474,0.258712,1.35374,0.292885,0.690316,,,4.31663,0.148929,0.175821,999,,,,,,,58.20000000000001,3.6375000000000006,60,3.75,,,,,,,,,,,,,,,,,,,"Hunter Dobbins","30240",690928
"Walker Buehler","SDP",1,2,2,4.80538,8,5,0,0,,27,119,28,16,14,4,11,,2,23,7.46357,3.68826,2.0236,1.31741,0.188424,0.0931133,0.09531097859144211,0.260386,1.43429,0.296776,0.694615,,,4.72934,0.147818,0.0338388,740.9299926757812,,,,,,,84.80000000000003,3.1407407407407417,90,3.3333333333333335,,,,,,,,,,,,,,,,,,,"Walker Buehler","19374",621111
"Ben Joyce","LAA",1,1,0,3.69304,12,0,5,1,,12,50,10,5,5,1,5,,1,13,9.71415,4.0054,2.42526,0.894852,0.25485,0.105082,0.14976878464221954,0.220649,1.26892,0.28353,0.72841,,,3.7229,0.147033,0.221135,738.6500244140625,,,,,,,87.50000000000001,7.291666666666668,84,7,,,,,,,,,,,,,,,,,,,"Ben Joyce","31461",690829
"Sean Newcomb","CHW",0,1,0,3.83123,13,0,1,2,,13,54,11,6,5,1,5,,1,12,8.5201,3.59188,2.37205,0.856536,0.222055,0.093613,0.12844152748584747,0.235667,1.29634,0.290039,0.716732,,,3.79691,0.146214,0.131902,999,,,,,,,74.30000000000001,5.715384615384616,71,5.461538461538462,,,,,,,,,,,,,,,,,,,"Sean Newcomb","16943",656794
"Shane Drohan","MIL",1,1,1,4.16127,7,2,0,0,,16,66,14,8,7,2,6,,1,15,8.67027,3.34131,2.59487,1.25391,0.227472,0.087662,0.139809750020504,0.239248,1.28642,0.284976,0.718228,,,4.19922,0.144612,0.171449,999,,,,,,,66.4,4.15,63,3.9375,,,,,,,,,,,,,,,,,,,"Shane Drohan","27814",675660
"Corbin Burnes","ARI",1,0,1,3.74696,2,2,0,0,,9,38,8,4,4,1,3,,0,9,8.5892,2.9486,2.91298,0.981644,0.227952,0.0782541,0.14969821274280548,0.239902,1.24608,0.292722,0.725776,,,3.66876,0.143781,0.169841,738.0999755859375,,,,,,,42.500000000000014,4.722222222222224,41,4.555555555555555,,,,,,,,,,,,,,,,,,,"Corbin Burnes","19361",669203
"Sam Hentges","SFG",1,1,0,3.6552,12,0,1,2,,12,53,11,5,5,1,6,,1,12,8.93852,4.01256,2.22763,0.704841,0.232487,0.104365,0.12812169641256332,0.230071,1.31541,0.292182,0.724817,,,3.59385,0.143517,0.174569,999,,,,,,,63.90000000000001,5.325000000000001,63,5.25,,,,,,,,,,,,,,,,,,,"Sam Hentges","18548",656529
"Emilio Pagán","CIN",1,1,0,4.13701,12,0,5,1,,12,51,11,6,6,2,4,,1,13,9.69779,3.0499,3.17971,1.44192,0.260419,0.0819004,0.17851890623569489,0.228456,1.19732,0.277093,0.717026,,,4.153,0.143456,0.0956566,111.94000244140625,,,,,,,75.60000000000002,6.300000000000002,74,6.166666666666667,,,,,,,,,,,,,,,,,,,"Emilio Pagan","14771",641941
"Ethan Pecko","HOU",0,0,1,4.54796,3,3,0,0,,14,59,13,7,7,2,5,,1,13,8.42376,3.51806,2.39443,1.29649,0.215578,0.0900329,0.12554462254047394,0.23964,1.32535,0.280345,0.701379,,,4.4126,0.139487,0.176863,999,,,,,,,53.20000000000003,3.800000000000002,52,3.7142857142857144,,,,,,,,,,,,,,,,,,,"Ethan Pecko","33515",814490
"Randy Dobnak","KCR",2,2,2,4.83041,5,5,0,0,,30,134,33,18,16,4,12,,1,18,5.48631,3.67397,1.49329,1.06607,0.136987,0.0917347,0.0452519953250885,0.271495,1.4927,0.295743,0.685311,,,4.77221,0.138184,0.143942,999,,,,,,,84.00000000000001,2.8000000000000003,95,3.1666666666666665,,,,,,,,,,,,,,,,,,,"Randy Dobnak","23798",677976
"Yennier Cano","BAL",1,1,0,3.67448,12,0,3,2,,12,52,11,6,5,1,4,,1,11,8.2988,3.06213,2.71014,0.840659,0.218756,0.0807175,0.13803809881210327,0.239638,1.25736,0.292968,0.722163,,,3.61918,0.137072,0.0449482,999,,,,,,,77.9,6.491666666666667,77,6.416666666666667,,,,,,,,,,,,,,,,,,,"Yennier Cano","25911",666974
"Edgardo Henriquez","LAD",1,1,0,3.97303,12,0,1,3,,12,51,10,6,5,1,6,,1,13,9.508,4.23532,2.24493,0.963749,0.24639,0.109754,0.1366361379623413,0.226725,1.32381,0.287008,0.718953,,,3.93758,0.13553,0.0437417,999,,,,,,,72.50000000000001,6.041666666666668,69,5.75,,,,,,,,,,,,,,,,,,,"Edgardo Henriquez","26944",683618
"Justin Verlander","DET",1,1,1,4.6084,2,2,0,0,,12,53,12,7,6,2,4,,1,10,7.39159,2.96271,2.49487,1.32168,0.191626,0.076808,0.11481811851263046,0.25555,1.32812,0.289744,0.687334,,,4.48236,0.132897,0.0582644,658.8499755859375,,,,,,,38.000000000000014,3.166666666666668,39,3.25,,,,,,,,,,,,,,,,,,,"Justin Verlander","8700",434378
"Tyler Rogers","TOR",1,1,0,3.66895,13,0,0,3,,13,56,13,6,5,1,3,,1,9,5.80836,2.15529,2.69493,0.808033,0.153891,0.0571037,0.09678687155246735,0.255188,1.2365,0.286028,0.714247,,,3.82145,0.131642,0.124488,743.280029296875,,,,,,,68.10000000000001,5.238461538461539,70,5.384615384615385,,,,,,,,,,,,,,,,,,,"Tyler Rogers","15541",643511
"Jackson Jobe","DET",1,1,2,4.7113,7,4,0,0,,25,111,25,14,13,3,11,,1,21,7.28597,4.03509,1.80565,1.22146,0.184971,0.10244,0.0825311541557312,0.251058,1.42382,0.285613,0.69283,,,4.70366,0.131279,0.0762226,999,,,,,,,89.1,3.5639999999999996,92,3.68,,,,,,,,,,,,,,,,,,,"Jackson Jobe","30203",695549
"Luke Weaver","PIT",1,1,0,3.87987,12,0,4,1,,12,50,11,6,5,2,4,,1,12,9.21082,2.84121,3.24186,1.16962,0.246035,0.0758933,0.17014214396476746,0.235419,1.20973,0.288957,0.721107,,,3.81363,0.128364,0.0695838,733.510009765625,,,,,,,68.60000000000002,5.716666666666669,67,5.583333333333333,,,,,,,,,,,,,,,,,,,"Luke Weaver","16918",596133
"Erik Miller","BOS",1,1,0,3.51319,13,0,0,3,,13,55,10,5,5,1,7,,1,14,10.2731,5.12196,2.0057,0.715835,0.263042,0.131148,0.1318947970867157,0.21711,1.37591,0.291476,0.752525,,,3.70602,0.126912,0.303217,999,,,,,,,73.9,5.684615384615385,68,5.230769230769231,,,,,,,,,,,,,,,,,,,"Erik Miller","26252",669062
"Daniel Palencia","CHC",1,1,0,3.76346,12,0,4,1,,12,49,10,5,5,1,5,,1,13,9.97115,3.78542,2.63409,1.03631,0.261606,0.0993156,0.162290558218956,0.226757,1.27292,0.290721,0.736154,,,3.79495,0.125212,0.192752,91.05999755859375,,,,,,,82.50000000000001,6.875000000000001,79,6.583333333333333,,,,,,,,,,,,,,,,,,,"Daniel Palencia","27914",694037
"Brent Headrick","NYY",1,0,0,3.66308,12,0,0,3,,12,52,11,6,5,2,4,,1,14,9.90262,3.01532,3.28411,1.16439,0.265643,0.0808876,0.18475574254989624,0.226479,1.18705,0.285364,0.740265,,,3.70619,0.124699,0.0360661,999,,,,,,,60.600000000000016,5.050000000000002,59,4.916666666666667,,,,,,,,,,,,,,,,,,,"Brent Headrick","27702",687396
"Alex Vesia","LAD",1,1,0,3.55543,11,0,0,3,,11,48,9,5,5,1,5,,1,15,11.3755,4.1909,2.71434,1.14307,0.303063,0.111653,0.19141023606061935,0.203912,1.21103,0.27308,0.7565,,,3.75378,0.122824,0.0773108,743.4199829101562,,,,,,,69.70000000000002,6.336363636363638,66,6,,,,,,,,,,,,,,,,,,,"Alex Vesia","25007",681911
"Spencer Arrighetti","TOR",1,2,1,4.76925,7,3,0,0,,20,89,19,12,11,3,10,,2,20,8.8808,4.30584,2.0625,1.36628,0.225649,0.109406,0.11624366790056229,0.237954,1.38709,0.282399,0.690553,,,4.74785,0.122538,0.0667867,728.3099975585938,,,,,,,65.69999999999999,3.2849999999999993,65,3.25,,,,,,,,,,,,,,,,,,,"Spencer Arrighetti","29921",681293
"Jordan Romano","COL",1,1,0,4.83121,12,0,5,1,,12,51,11,7,6,2,5,,1,12,9.37804,3.73507,2.5108,1.28442,0.240467,0.0957729,0.14469409734010696,0.248364,1.37402,0.304975,0.673247,,,4.27201,0.122051,0.0287462,688.9600219726562,,,,,,,70.60000000000002,5.8833333333333355,69,5.75,,,,,,,,,,,,,,,,,,,"Jordan Romano","16122",605447
"Kade Anderson","SEA",0,0,2,4.6004,6,4,0,0,,18,77,17,10,9,3,7,,1,17,8.42095,3.59629,2.34156,1.30063,0.213943,0.0913676,0.12257543951272964,0.240278,1.34181,0.280763,0.699025,,,4.44843,0.121412,0.0440081,999,,,,,,,62.10000000000001,3.4500000000000006,61,3.388888888888889,,,,,,,,,,,,,,,,,,,"Kade Anderson","37238",807739
"Hunter Barco","PIT",1,1,1,4.40036,6,2,0,0,,15,64,14,8,7,2,7,,1,12,7.56093,4.07891,1.85367,1.00006,0.191344,0.103224,0.08811915665864944,0.250386,1.42521,0.293738,0.703949,,,4.37497,0.117783,0.0395133,999,,,,,,,50.00000000000001,3.333333333333334,49,3.2666666666666666,,,,,,,,,,,,,,,,,,,"Hunter Barco","33174",682995
"Devin Williams","NYM",0,0,0,3.34026,6,0,3,1,,6,25,5,2,2,1,3,,0,8,11.368,4.00869,2.83585,0.832719,0.305348,0.107674,0.19767390936613083,0.20501,1.19403,0.285758,0.742714,,,3.21661,0.117456,0.171003,59.470001220703125,,,,,,,45.10000000000001,7.516666666666668,43,7.166666666666667,,,,,,,,,,,,,,,,,,,"Devin Williams","15816",642207
"Steven Okert","HOU",1,1,0,3.8361,12,0,0,3,,12,49,10,5,5,2,4,,1,13,9.87051,2.88864,3.41701,1.27445,0.267054,0.0781541,0.18889952450990677,0.220138,1.14239,0.272682,0.719269,,,3.85837,0.116719,0.163883,999,,,,,,,61.20000000000002,5.100000000000001,57,4.75,,,,,,,,,,,,,,,,,,,"Steven Okert","13580",595345
"Robert Suarez","ATL",1,0,0,3.53791,8,0,1,2,,8,33,7,3,3,1,2,,0,8,9.06127,2.633,3.44143,1.02708,0.246812,0.0717178,0.17509382218122482,0.228706,1.15228,0.282623,0.730467,,,3.51536,0.115937,0.178959,214.39999389648438,,,,,,,51.7,6.4625,50,6.25,,,,,,,,,,,,,,,,,,,"Robert Suarez","30115",663158
"José Alvarado","PHI",1,1,0,3.64309,11,0,0,2,,11,48,10,5,5,1,4,,1,13,10.3625,3.47378,2.98308,0.910776,0.27333,0.0916269,0.18170330673456192,0.230299,1.25491,0.3046,0.732032,,,3.41594,0.113674,0.0684838,746.0700073242188,,,,,,,62.10000000000001,5.645454545454546,61,5.545454545454546,,,,,,,,,,,,,,,,,,,"Jose Alvarado","17780",621237
"Tobias Myers","NYM",1,1,1,4.41205,10,2,0,0,,18,77,18,10,9,3,6,,1,14,7.18116,2.77403,2.58871,1.33007,0.186746,0.0721384,0.11460717767477036,0.258132,1.32075,0.290491,0.707361,,,4.46085,0.113638,0.105213,999,,,,,,,56.500000000000014,3.1388888888888897,58,3.2222222222222223,,,,,,,,,,,,,,,,,,,"Tobias Myers","22191",668964
"Shane Smith","CHW",0,1,1,4.19288,2,2,0,0,,9,38,8,4,4,1,4,,1,9,8.7893,3.59848,2.4425,1.14681,0.22794,0.0933224,0.13461779057979584,0.233699,1.29014,0.281963,0.704974,,,4.21263,0.113622,0.169517,245.5399932861328,,,,,,,36.500000000000014,4.055555555555557,35,3.888888888888889,,,,,,,,,,,,,,,,,,,"Shane Smith","31687",681343
"Kenley Jansen","DET",1,1,0,4.06511,12,0,5,1,,12,50,10,6,5,2,5,,0,12,9.35872,3.56428,2.6257,1.2173,0.248885,0.0947882,0.15409702062606812,0.223308,1.23385,0.272655,0.711249,,,4.04224,0.113419,0.0606248,133.02000427246094,,,,,,,76.20000000000002,6.350000000000001,72,6,,,,,,,,,,,,,,,,,,,"Kenley Jansen","3096",445276
"Mike Burrows","HOU",1,1,1,4.53807,6,3,0,0,,18,76,17,10,9,3,6,,1,16,8.11905,3.19589,2.54046,1.46003,0.210708,0.0829407,0.12776709347963333,0.25063,1.32836,0.287712,0.708549,,,4.58397,0.112762,0.124076,237.9499969482422,,,,,,,63.10000000000001,3.505555555555556,62,3.4444444444444446,,,,,,,,,,,,,,,,,,,"Mike Burrows","24728",681347
"Erik Sabrowski","CLE",1,1,0,3.69121,12,0,0,3,,12,51,9,5,5,1,7,,1,15,11.4839,5.19839,2.20912,0.932073,0.296887,0.134392,0.16249537467956543,0.2055,1.33028,0.28431,0.746215,,,3.78491,0.112524,0.160058,999,,,,,,,71.10000000000002,5.925000000000002,65,5.416666666666667,,,,,,,,,,,,,,,,,,,"Erik Sabrowski","24978",681870
"Brandyn Garcia","ARI",1,1,0,3.85017,12,0,1,2,,12,52,11,6,5,1,5,,1,12,8.68437,3.79641,2.28752,0.670679,0.223034,0.0975001,0.12553346157073975,0.2397,1.33926,0.302338,0.707945,,,3.62074,0.110678,0.056615,999,,,,,,,66.9,5.575,66,5.5,,,,,,,,,,,,,,,,,,,"Brandyn Garcia","33568",805299
"Cal Quantrill","TEX",1,1,1,4.8782,8,2,0,0,,18,78,19,11,10,3,6,,1,14,6.73901,2.91342,2.3131,1.33252,0.173879,0.0751716,0.09870753437280655,0.25905,1.3411,0.286856,0.663199,,,4.64896,0.110643,-0.00283163,999,,,,,,,53.90000000000001,2.9944444444444454,58,3.2222222222222223,,,,,,,,,,,,,,,,,,,"Cal Quantrill","19312",615698
"Jacob Webb","CHC",1,1,0,3.92476,13,0,3,2,,13,53,11,6,6,2,5,,1,13,9.03032,3.37666,2.67434,1.08067,0.238736,0.0892693,0.14946701377630234,0.230287,1.24581,0.282463,0.716157,,,3.9058,0.109259,0.108203,999,,,,,,,74,5.6923076923076925,70,5.384615384615385,,,,,,,,,,,,,,,,,,,"Jacob Webb","19274",657097
"Didier Fuentes","ATL",1,1,0,3.97307,12,0,0,3,,12,50,11,6,5,2,4,,1,13,9.91497,2.90206,3.41653,1.14079,0.262564,0.0768509,0.18571270257234573,0.236815,1.22542,0.300329,0.711457,,,3.67793,0.108643,0.0340762,600.4400024414062,,,,,,,58.600000000000016,4.883333333333335,57,4.75,,,,,,,,,,,,,,,,,,,"Didier Fuentes","30661",800311
"Jonathan Bowlan","PHI",1,1,0,3.8782,12,0,0,2,,12,51,11,6,5,2,4,,1,13,9.23122,3.02079,3.0559,1.20144,0.244869,0.08013,0.16473906487226486,0.235784,1.23347,0.288575,0.731037,,,3.91173,0.108209,0.0619044,999,,,,,,,54.600000000000016,4.550000000000002,53,4.416666666666667,,,,,,,,,,,,,,,,,,,"Jonathan Bowlan","24607",680742
"A.J. Minter","MIN",1,1,0,3.75124,11,0,0,3,,11,47,10,5,5,1,4,,0,12,9.03027,2.83518,3.18508,1.05419,0.242892,0.0762594,0.1666327565908432,0.232164,1.19489,0.285737,0.719603,,,3.62405,0.1053,0.0871631,999,,,,,,,67.10000000000001,6.1000000000000005,66,6,,,,,,,,,,,,,,,,,,,"A.J. Minter","18655",621345
"Will Dion","WSN",1,1,0,4.01447,11,0,0,3,,11,48,11,5,5,1,4,,0,10,8.33175,2.91185,2.86133,1.03096,0.217882,0.0761471,0.14173458516597748,0.254529,1.31711,0.306999,0.719498,,,3.75852,0.104917,0.097909,999,,,,,,,60.50000000000001,5.500000000000001,62,5.636363636363637,,,,,,,,,,,,,,,,,,,"Will Dion","30061",702021
"Randy Vásquez","SDP",1,1,1,4.78876,10,3,0,0,,24,105,25,14,13,4,8,,1,17,6.2419,3.13827,1.98896,1.32213,0.159136,0.0800096,0.07912633568048477,0.263844,1.39166,0.28789,0.68576,,,4.82329,0.103763,0.0546946,721.1699829101562,,,,,,,70.40000000000003,2.933333333333335,75,3.125,,,,,,,,,,,,,,,,,,,"Randy Vasquez","24719",681190
"Evan Phillips","LAD",1,0,0,3.63111,11,0,0,3,,11,46,10,5,4,1,4,,1,12,9.53145,2.86624,3.32542,1.13564,0.255766,0.0769123,0.17885368317365646,0.229017,1.18287,0.285119,0.739734,,,3.70613,0.103402,0.0597745,999,,,,,,,64.10000000000001,5.827272727272728,63,5.7272727272727275,,,,,,,,,,,,,,,,,,,"Evan Phillips","17734",623465
"Andrew Morris","MIN",1,1,0,3.9084,12,0,0,3,,12,50,12,6,5,1,4,,1,10,7.94519,2.76649,2.87194,0.952125,0.208269,0.0725188,0.13575054705142975,0.250753,1.28129,0.299832,0.714148,,,3.75919,0.103177,0.0499107,999,,,,,,,62.30000000000001,5.191666666666667,64,5.333333333333333,,,,,,,,,,,,,,,,,,,"Andrew Morris","31891",702193
"Jameson Taillon","TOR",1,1,1,4.82253,5,2,0,0,,15,63,15,9,8,3,4,,0,12,7.41427,2.39887,3.09073,1.66713,0.195252,0.0631733,0.13207826763391495,0.259986,1.2889,0.28636,0.68618,,,4.706,0.102583,0.0377937,504.4700012207031,,,,,,,47.099999999999994,3.1399999999999997,48,3.2,,,,,,,,,,,,,,,,,,,"Jameson Taillon","11674",592791
"Brandon Sproat","MIL",0,1,1,4.35655,4,2,0,0,,12,51,11,6,6,1,5,,1,11,8.27706,3.7894,2.18427,1.14352,0.213084,0.0975539,0.11553002893924713,0.241137,1.34573,0.286097,0.701782,,,4.34137,0.10249,0.0593174,528.2000122070312,,,,,,,51.90000000000001,4.325000000000001,51,4.25,,,,,,,,,,,,,,,,,,,"Brandon Sproat","33850",687075
"Juan Morillo","ARI",1,1,0,3.82911,12,0,1,3,,12,51,11,5,5,1,5,,1,12,8.97021,4.07981,2.19868,0.769298,0.231243,0.105173,0.1260695829987526,0.235352,1.34898,0.297482,0.721159,,,3.71621,0.101083,0.169475,999,,,,,,,70.9,5.908333333333334,70,5.833333333333333,,,,,,,,,,,,,,,,,,,"Juan Morillo","21924",666661
"Andrew Kittredge","BAL",1,1,0,3.86982,12,0,2,2,,12,50,11,6,5,2,3,,0,11,8.52288,2.40757,3.54004,1.16701,0.228397,0.0645182,0.16387859731912613,0.245277,1.21323,0.293642,0.722945,,,3.74823,0.100387,0.0411974,745.8499755859375,,,,,,,66.60000000000002,5.550000000000002,65,5.416666666666667,,,,,,,,,,,,,,,,,,,"Andrew Kittredge","12828",552640
"Gabe Speier","SEA",1,1,0,3.52651,11,0,0,3,,11,47,9,5,4,1,4,,1,13,10.2168,2.7619,3.69921,1.03656,0.277905,0.0751255,0.2027791142463684,0.217792,1.11712,0.281419,0.723117,,,3.40571,0.100144,0.0476716,999,,,,,,,68.70000000000002,6.245454545454547,65,5.909090909090909,,,,,,,,,,,,,,,,,,,"Gabe Speier","17170",642100
"Steven Cruz","KCR",1,1,0,4.18428,12,0,3,2,,12,50,11,6,5,1,5,,1,11,8.76471,3.68151,2.38074,1.02424,0.227932,0.0957402,0.1321922466158867,0.236862,1.31226,0.289629,0.699876,,,3.99481,0.0984683,0.0851406,999,,,,,,,74.9,6.241666666666667,74,6.166666666666667,,,,,,,,,,,,,,,,,,,"Steven Cruz","23165",674444
"Tyler Holton","DET",1,1,0,3.60729,12,0,1,3,,12,50,11,5,5,1,3,,1,10,7.35209,2.14974,3.41999,1.03588,0.198573,0.0580625,0.14051085337996483,0.240921,1.16245,0.278638,0.725836,,,3.78818,0.0972637,0.168999,999,,,,,,,72.9,6.075,72,6,,,,,,,,,,,,,,,,,,,"Tyler Holton","26231",663947
"Matt Wilkinson","SFG",0,0,1,4.71896,7,3,0,0,,16,71,15,9,8,2,7,,1,15,8.41459,3.77317,2.23011,1.30999,0.210333,0.0943151,0.11601811647415161,0.241693,1.37902,0.281685,0.693935,,,4.52944,0.0964644,0.119166,999,,,,,,,60.80000000000001,3.8000000000000007,60,3.75,,,,,,,,,,,,,,,,,,,"Matt Wilkinson","33760",683363
"Edward Cabrera","CHC",1,1,0,4.18332,6,1,0,0,,12,50,10,6,5,1,5,,1,12,9.31998,3.64181,2.55916,1.12556,0.243246,0.0950489,0.1481967270374298,0.235292,1.30002,0.291259,0.70652,,,3.99525,0.0964441,0.119139,174.72000122070312,,,,,,,56.500000000000014,4.708333333333335,53,4.416666666666667,,,,,,,,,,,,,,,,,,,"Edward Cabrera","21690",665795
"Tyler Wells","TBR",1,1,0,3.807,12,0,0,3,,12,48,10,5,5,2,3,,0,12,8.81218,2.37042,3.71757,1.32848,0.240926,0.0648075,0.17611874639987946,0.226418,1.1151,0.267218,0.72136,,,3.95254,0.0960966,0.14216,748.469970703125,,,,,,,65.20000000000002,5.4333333333333345,61,5.083333333333333,,,,,,,,,,,,,,,,,,,"Tyler Wells","20000",669330
"Jack Dreyer","LAD",1,1,0,3.64422,10,0,0,2,,10,42,9,5,4,1,3,,0,11,9.41301,2.88426,3.26358,1.00945,0.254751,0.0780588,0.17669255286455154,0.226684,1.17349,0.284401,0.721488,,,3.47884,0.0956512,0.0135119,999,,,,,,,59.300000000000004,5.930000000000001,58,5.8,,,,,,,,,,,,,,,,,,,"Jack Dreyer","30249",676263
"Kevin Ginkel","ARI",1,1,0,4.0286,11,0,1,2,,11,48,11,6,5,1,4,,0,12,9.08379,3.14771,2.88584,0.927598,0.239626,0.0830352,0.15659087151288986,0.23965,1.26692,0.299881,0.695133,,,3.56079,0.0955339,-0.0164634,556.52001953125,,,,,,,65.5,5.954545454545454,67,6.090909090909091,,,,,,,,,,,,,,,,,,,"Kevin Ginkel","19876",656464
"Brooks Raley","PHI",1,1,0,3.82999,12,0,0,2,,12,49,10,5,5,1,4,,1,11,8.74355,3.18835,2.74234,1.03669,0.231511,0.0844209,0.14709040522575378,0.230121,1.22408,0.280206,0.71651,,,3.88903,0.0952374,0.142532,999,,,,,,,65.50000000000001,5.458333333333335,62,5.166666666666667,,,,,,,,,,,,,,,,,,,"Brooks Raley","10061",548384
"Andre Pallante","STL",1,1,1,4.34661,2,2,0,0,,8,36,9,4,4,1,3,,0,6,6.42699,3.23536,1.98648,0.876072,0.164915,0.0830186,0.08189652115106583,0.259828,1.381,0.296204,0.687742,,,4.11814,0.0928459,0.0917544,999,,,,,,,26.500000000000007,3.312500000000001,30,3.75,,,,,,,,,,,,,,,,,,,"Andre Pallante","26108",669467
"AJ Smith-Shawver","ATL",1,1,0,4.13938,8,1,0,0,,14,58,12,7,6,2,6,,0,14,9.30237,3.80666,2.44371,1.14241,0.242485,0.0992283,0.14325714111328125,0.236584,1.32478,0.292266,0.719096,,,4.02002,0.0927517,0.129247,999,,,,,,,57.800000000000026,4.128571428571431,54,3.857142857142857,,,,,,,,,,,,,,,,,,,"AJ Smith-Shawver","29960",700363
"Jakob Junis","TEX",1,0,0,3.92279,12,0,1,2,,12,50,11,6,5,1,3,,1,10,7.54948,2.26651,3.33089,1.1114,0.201343,0.0604472,0.14089572057127953,0.245627,1.19934,0.284617,0.706873,,,3.93868,0.0926479,0.0415392,999,,,,,,,68.9,5.741666666666667,68,5.666666666666667,,,,,,,,,,,,,,,,,,,"Jakob Junis","13619",596001
"Riley O'Brien","STL",1,1,0,3.78778,12,0,6,1,,12,52,11,6,5,1,5,,1,12,9.18007,3.98571,2.30324,0.797365,0.23596,0.102447,0.13351309299468994,0.23251,1.32307,0.2957,0.721922,,,3.80799,0.0917077,0.0320696,264.0400085449219,,,,,,,87.9,7.325,87,7.25,,,,,,,,,,,,,,,,,,,"Riley O'Brien","20348",676617
"Jordan Montgomery","TEX",1,1,0,4.53689,9,1,0,0,,15,64,15,8,7,2,5,,1,11,6.91629,2.84812,2.42837,1.14453,0.178784,0.073623,0.10516106337308884,0.262661,1.35308,0.298086,0.685207,,,4.25643,0.091207,0.0358263,999,,,,,,,51.400000000000006,3.426666666666667,53,3.533333333333333,,,,,,,,,,,,,,,,,,,"Jordan Montgomery","16511",656756
"Calvin Faucher","MIA",1,1,0,3.96392,12,0,1,2,,12,53,11,6,5,1,6,,1,12,9.22219,4.32212,2.13372,0.853402,0.234988,0.110131,0.12485723942518234,0.239124,1.39491,0.303021,0.725881,,,3.87471,0.0903074,0.0596363,999,,,,,,,63.90000000000001,5.325000000000001,63,5.25,,,,,,,,,,,,,,,,,,,"Calvin Faucher","20116",676534
"Zac Gallen","ARI",1,1,1,4.49768,2,2,0,0,,10,44,10,6,5,1,3,,0,9,7.80698,2.93796,2.65728,1.26569,0.202508,0.0762086,0.12629901617765427,0.256794,1.33191,0.297461,0.694885,,,4.28241,0.089678,0.0328405,222.69000244140625,,,,,,,44.7,4.470000000000001,46,4.6,,,,,,,,,,,,,,,,,,,"Zac Gallen","19291",668678
"Brandon Williamson","CIN",1,1,1,4.93235,7,2,0,0,,16,68,15,9,9,3,7,,1,13,7.4008,3.91262,1.89152,1.45424,0.188146,0.0994679,0.088677778840065,0.250676,1.40823,0.280009,0.687417,,,5.00226,0.0887906,0.10591,748.4500122070312,,,,,,,44.5,2.78125,43,2.6875,,,,,,,,,,,,,,,,,,,"Brandon Williamson","25463",682227
"Chad Patrick","MIL",1,1,0,4.11544,12,1,0,2,,15,63,14,7,7,2,5,,1,15,8.84808,3.15571,2.80383,1.27721,0.232809,0.0830327,0.14977675676345825,0.239707,1.26811,0.286985,0.721014,,,4.14972,0.0870399,0.00591326,288.6499938964844,,,,,,,70,4.666666666666667,69,4.6,,,,,,,,,,,,,,,,,,,"Chad Patrick","30113",694477
"Ryne Nelson","ARI",1,0,1,4.51141,7,2,0,0,,14,59,14,8,7,2,4,,0,11,7.11291,2.51285,2.83061,1.30573,0.18705,0.066081,0.12096886336803436,0.25752,1.2885,0.289627,0.685142,,,4.30809,0.0861237,0.054178,251.42999267578125,,,,,,,52.6,3.757142857142857,54,3.857142857142857,,,,,,,,,,,,,,,,,,,"Ryne Nelson","26253",669194
"Nick Pivetta","SDP",0,0,1,3.89773,1,1,0,0,,5,21,4,2,2,1,2,,0,6,9.99984,2.80356,3.56684,1.34711,0.270678,0.0758873,0.19479097425937653,0.226156,1.16195,0.280344,0.725757,,,3.84181,0.0857387,0.107693,96.01000213623047,,,,,,,20.299999999999997,4.06,18,3.6,,,,,,,,,,,,,,,,,,,"Nick Pivetta","15454",601713
"Manuel Rodríguez","TBR",1,1,0,3.69722,11,0,0,2,,11,45,9,5,4,1,3,,1,10,8.59543,2.92985,2.93375,0.875781,0.228105,0.0777523,0.15035318583250046,0.234106,1.21502,0.288364,0.71237,,,3.60205,0.0854304,0.058341,999,,,,,,,61.70000000000001,5.60909090909091,58,5.2727272727272725,,,,,,,,,,,,,,,,,,,"Manuel Rodriguez","20794",655889
"Jose Quintana","COL",1,1,1,5.22494,2,2,0,0,,11,48,12,7,6,2,4,,0,7,6.01976,3.60656,1.66911,1.35788,0.149706,0.0896918,0.06001404672861099,0.278709,1.52516,0.302846,0.680498,,,5.00885,0.0850962,0.073124,999,,,,,,,27.600000000000005,2.5090909090909097,31,2.8181818181818183,,,,,,,,,,,,,,,,,,,"Jose Quintana","11423",500779
"Trey Yesavage","TOR",0,0,1,4.15424,1,1,0,0,,6,25,5,3,3,1,3,,0,6,9.47517,4.06022,2.33366,1.21201,0.248467,0.106471,0.14199572801589966,0.226103,1.30133,0.278118,0.718559,,,4.161,0.0825517,0.0757113,194.2899932861328,,,,,,,22.10000000000001,3.683333333333335,20,3.3333333333333335,,,,,,,,,,,,,,,,,,,"Trey Yesavage","35456",702056
"Cade Povich","BAL",1,1,1,4.57703,4,2,0,0,,11,45,10,6,5,2,4,,0,9,8.08183,3.27374,2.46868,1.3431,0.209765,0.0849706,0.12479472905397415,0.252421,1.34631,0.292875,0.69768,,,4.394,0.0802211,-0.00186522,999,,,,,,,36.800000000000004,3.3454545454545457,35,3.1818181818181817,,,,,,,,,,,,,,,,,,,"Cade Povich","30055",700249
"Jovani Morán","BOS",1,0,0,3.80141,12,0,0,3,,12,50,10,5,5,1,5,,0,13,9.68946,4.02528,2.40715,0.886837,0.254791,0.105847,0.1489434540271759,0.224168,1.28807,0.288187,0.720762,,,3.63666,0.0798171,0.124461,999,,,,,,,73.50000000000001,6.125000000000001,70,5.833333333333333,,,,,,,,,,,,,,,,,,,"Jovani Moran","20422",663558
"Noah Schultz","CHW",0,1,1,4.62796,2,2,0,0,,9,39,8,5,5,1,4,,1,8,7.87774,4.25384,1.85191,1.16289,0.198766,0.10733,0.0914357379078865,0.246648,1.42539,0.288125,0.696231,,,4.63698,0.0789389,0.0674776,999,,,,,,,34.500000000000014,3.833333333333335,33,3.6666666666666665,,,,,,,,,,,,,,,,,,,"Noah Schultz","32056",702273
"Dylan Smith","SFG",1,1,0,3.9742,13,0,4,1,,13,54,11,6,6,1,6,,1,12,8.26131,3.97438,2.07864,0.94552,0.213039,0.10249,0.11054955422878265,0.234377,1.33242,0.28287,0.719158,,,4.13851,0.0760656,0.110962,999,,,,,,,82.30000000000001,6.330769230769231,79,6.076923076923077,,,,,,,,,,,,,,,,,,,"Dylan Smith","30145",681916
"Emmet Sheehan","LAD",1,0,0,3.89469,4,1,0,0,,7,29,6,3,3,1,2,,0,8,10.4657,2.75404,3.80015,1.25324,0.282835,0.0744274,0.2084077224135399,0.222949,1.14093,0.284786,0.70885,,,3.66904,0.075867,-0.0123678,111.20999908447266,,,,,,,33.90000000000001,4.842857142857144,32,4.571428571428571,,,,,,,,,,,,,,,,,,,"Emmet Sheehan","29839",686218
"Slade Cecconi","CLE",1,1,1,4.54721,7,2,0,0,,14,60,15,8,7,2,4,,1,12,7.55258,2.36046,3.19963,1.37937,0.197688,0.0617847,0.13590308278799057,0.261293,1.29159,0.297281,0.689317,,,4.31596,0.0736552,-0.000388088,584.5599975585938,,,,,,,49,3.5,53,3.7857142857142856,,,,,,,,,,,,,,,,,,,"Slade Cecconi","27500",677944
"Bryan Hudson","CHW",1,1,0,3.98049,12,0,1,2,,12,51,11,6,5,1,5,,1,11,8.47098,3.62879,2.33438,0.917534,0.220282,0.0943643,0.12591798603534698,0.236258,1.30338,0.288483,0.708779,,,3.91567,0.0732378,0.0366844,999,,,,,,,64.9,5.408333333333334,64,5.333333333333333,,,,,,,,,,,,,,,,,,,"Bryan Hudson","19924",663542
"Michael Petersen","MIA",0,0,0,4.08987,11,0,0,2,,11,49,10,6,5,1,5,,1,12,9.33864,3.73691,2.49903,1.14031,0.243203,0.097319,0.1458836868405342,0.23391,1.30372,0.2892,0.718944,,,4.06085,0.0725357,-0.0143202,999,,,,,,,57.10000000000001,5.190909090909091,56,5.090909090909091,,,,,,,,,,,,,,,,,,,"Michael Petersen","20827",656848
"Drew Rom","ATH",1,1,0,4.13268,11,0,0,2,,11,48,10,6,5,1,5,,1,12,9.47059,3.62461,2.61285,0.945781,0.245814,0.0940788,0.15173550695180893,0.238694,1.31512,0.302924,0.698633,,,3.72185,0.0724452,-0.00363912,999,,,,,,,57.10000000000001,5.190909090909091,56,5.090909090909091,,,,,,,,,,,,,,,,,,,"Drew Rom","24602",680723
"Elmer Rodríguez","NYY",0,0,0,4.06971,4,1,0,0,,7,30,7,3,3,1,3,,0,6,8.04083,3.87987,2.07245,0.822439,0.207348,0.100049,0.10729808360338211,0.242177,1.36104,0.293704,0.705155,,,3.89274,0.0714287,0.0342756,748.5700073242188,,,,,,,24.3,3.4714285714285715,25,3.5714285714285716,,,,,,,,,,,,,,,,,,,"Elmer Rodriguez","31811",695684
"Tyron Guerrero","BOS",0,1,0,4.24613,12,0,0,3,,12,54,12,6,6,1,5,,1,12,8.42352,3.45055,2.44121,0.930442,0.216147,0.0885409,0.12760622799396515,0.250862,1.35786,0.306166,0.696584,,,3.89406,0.0698667,0.0739083,999,,,,,,,63.30000000000001,5.275000000000001,65,5.416666666666667,,,,,,,,,,,,,,,,,,,"Tyron Guerrero","11691",594027
"Jimmy Herget","COL",0,1,0,4.77728,12,0,1,2,,12,54,13,7,7,2,5,,1,11,8.30148,3.31048,2.50764,1.38339,0.211936,0.084516,0.12741948664188385,0.259087,1.38542,0.302956,0.690851,,,4.51228,0.0695261,0.0260756,999,,,,,,,47.40000000000002,3.9500000000000015,51,4.25,,,,,,,,,,,,,,,,,,,"Jimmy Herget","17556",623474
"Jordan Hicks","CHW",1,1,0,4.23043,12,0,1,3,,12,54,11,6,6,1,6,,1,12,8.64339,4.35281,1.9857,0.842597,0.218686,0.11013,0.10855601727962494,0.24151,1.41022,0.299345,0.703043,,,4.0463,0.0682644,0.046284,999,,,,,,,67.9,5.658333333333334,67,5.583333333333333,,,,,,,,,,,,,,,,,,,"Jordan Hicks","19618",663855
"Logan Allen","CLE",0,1,0,4.29418,8,1,0,0,,12,54,13,6,6,2,5,,1,11,8.05929,3.39302,2.37526,1.15626,0.206017,0.0867344,0.11928217858076096,0.258258,1.3902,0.305156,0.720111,,,4.23445,0.0675862,-0.00309511,999,,,,,,,34.40000000000002,2.8666666666666685,38,3.1666666666666665,,,,,,,,,,,,,,,,,,,"Logan Allen","27589",671106
"Tejay Antone","CIN",0,0,0,4.49226,12,0,0,2,,12,50,11,6,6,2,4,,1,11,8.47382,3.43121,2.46963,1.19931,0.220011,0.0890865,0.13092438876628876,0.242368,1.31216,0.288367,0.683739,,,4.24999,0.0672686,0.06,999,,,,,,,50.600000000000016,4.216666666666668,49,4.083333333333333,,,,,,,,,,,,,,,,,,,"Tejay Antone","16233",622088
"Jonah Tong","NYM",0,0,0,4.19724,2,1,0,0,,6,26,5,3,3,1,3,,0,6,9.23044,4.19588,2.19988,1.1321,0.238897,0.108596,0.13030152022838593,0.234073,1.35553,0.28835,0.719516,,,4.15029,0.0664075,-0.0117671,722.8099975585938,,,,,,,22.10000000000001,3.683333333333335,20,3.3333333333333335,,,,,,,,,,,,,,,,,,,"Jonah Tong","32157",804636
"Bennett Sousa","HOU",1,1,0,3.73643,11,0,0,2,,11,48,10,5,5,1,4,,0,13,9.88377,3.35535,2.94567,1.10516,0.265362,0.0900855,0.17527680099010468,0.222014,1.20324,0.280869,0.729141,,,3.67908,0.0663712,0.0622108,999,,,,,,,65.10000000000001,5.918181818181819,64,5.818181818181818,,,,,,,,,,,,,,,,,,,"Bennett Sousa","21345",656986
"Hunter Gaddis","CLE",1,1,0,3.93656,13,0,0,3,,13,53,11,6,6,2,4,,1,12,8.63812,2.92797,2.95021,1.24218,0.228858,0.0775734,0.15128429979085922,0.237475,1.2316,0.282604,0.728227,,,4.09236,0.065717,0.119416,999,,,,,,,63.99999999999999,4.9230769230769225,60,4.615384615384615,,,,,,,,,,,,,,,,,,,"Hunter Gaddis","25636",683769
"Jason Foley","SFG",1,1,0,3.87478,12,0,0,2,,12,51,12,6,5,1,4,,1,9,6.97454,2.78844,2.50123,0.80555,0.18102,0.0723724,0.10864781588315964,0.25773,1.32023,0.301346,0.713236,,,3.78046,0.065202,0.016022,999,,,,,,,56.30000000000001,4.691666666666667,58,4.833333333333333,,,,,,,,,,,,,,,,,,,"Jason Foley","19531",671345
"Clayton Beeter","WSN",1,1,0,4.01461,12,0,6,1,,12,51,10,6,5,1,6,,1,13,9.93793,4.86945,2.04087,0.97164,0.255634,0.125257,0.13037674129009247,0.220619,1.36414,0.283934,0.724886,,,4.04606,0.0651047,0.0522351,307.1400146484375,,,,,,,89.50000000000001,7.458333333333335,86,7.166666666666667,,,,,,,,,,,,,,,,,,,"Clayton Beeter","27494",690925
"Colin Holderman","CLE",1,1,0,3.99006,11,0,0,3,,11,49,10,6,5,1,5,,1,11,8.66893,3.6188,2.39553,0.870058,0.224525,0.0937269,0.13079848885536194,0.238071,1.31134,0.294481,0.705316,,,3.82754,0.0647723,-0.0258245,999,,,,,,,59.10000000000001,5.372727272727274,58,5.2727272727272725,,,,,,,,,,,,,,,,,,,"Colin Holderman","22361",670059
"Camilo Doval","PIT",1,1,0,3.9563,11,0,0,2,,11,47,9,5,5,1,5,,1,11,9.50241,4.4101,2.15469,0.753288,0.243588,0.11305,0.13053809851408005,0.231108,1.36468,0.299026,0.710914,,,3.71078,0.0645772,0.06958,663.6500244140625,,,,,,,57.70000000000001,5.245454545454546,54,4.909090909090909,,,,,,,,,,,,,,,,,,,"Camilo Doval","21992",666808
"Caleb Thielbar","CHC",1,1,0,3.96229,11,0,0,2,,11,46,10,5,5,2,4,,0,12,9.741,3.07797,3.16475,1.21901,0.26197,0.0827775,0.1791924387216568,0.227977,1.20131,0.2837,0.714425,,,3.7677,0.0643753,0.0543252,999,,,,,,,50.80000000000001,4.618181818181819,49,4.454545454545454,,,,,,,,,,,,,,,,,,,"Caleb Thielbar","10078",573204
"Javier Assad","CHC",1,1,0,4.24526,5,1,0,0,,12,50,12,6,6,2,4,,1,9,7.11132,3.11076,2.28604,1.18697,0.183987,0.0804827,0.10350386053323746,0.252926,1.33083,0.287004,0.713772,,,4.41737,0.0641221,0.0926358,999,,,,,,,36.000000000000014,3.0000000000000013,37,3.0833333333333335,,,,,,,,,,,,,,,,,,,"Javier Assad","21741",665871
"Mason Fluharty","TOR",1,0,0,3.99406,11,0,0,2,,11,48,10,5,5,1,5,,1,12,9.53107,3.76878,2.52895,1.08037,0.249475,0.0986475,0.15082726627588272,0.229851,1.28725,0.287927,0.719156,,,3.92687,0.0640253,0.0802095,999,,,,,,,57.10000000000001,5.190909090909091,56,5.090909090909091,,,,,,,,,,,,,,,,,,,"Mason Fluharty","31553",689254
"Bradgley Rodriguez","SDP",1,0,0,3.78299,12,0,0,3,,12,50,10,5,5,1,5,,1,11,8.74212,3.676,2.37816,0.923961,0.227255,0.0955589,0.13169576227664948,0.227966,1.26771,0.280716,0.721386,,,3.99189,0.0625628,0.113997,999,,,,,,,66.50000000000001,5.541666666666668,63,5.25,,,,,,,,,,,,,,,,,,,"Bradgley Rodriguez","29107",699134
"Brennan Bernardino","COL",1,1,0,4.45197,12,0,0,3,,12,54,12,7,6,1,5,,1,11,7.80135,3.57182,2.18414,1.06785,0.198282,0.0907828,0.10749916732311249,0.255699,1.39658,0.301295,0.698028,,,4.27958,0.060934,0.0207343,999,,,,,,,61.30000000000001,5.108333333333334,63,5.25,,,,,,,,,,,,,,,,,,,"Brennan Bernardino","16835",657514
"Luis Perales","WSN",1,1,1,4.64061,2,2,0,0,,12,52,11,7,6,2,6,,1,10,7.35907,4.70707,1.56341,1.22465,0.185048,0.118362,0.06668610125780106,0.243949,1.46196,0.277313,0.709028,,,4.92787,0.0605979,0.0522631,999,,,,,,,34.60000000000001,2.883333333333334,33,2.75,,,,,,,,,,,,,,,,,,,"Luis Perales","sa3014677",691384
"Erick Fedde","CHW",1,1,1,5.0428,7,2,0,0,,17,76,18,11,10,3,7,,1,12,6.43487,3.48875,1.84446,1.38915,0.164083,0.0889595,0.07512310892343521,0.262439,1.42026,0.286514,0.673683,,,4.92982,0.0600561,0.0444611,999,,,,,,,42.10000000000001,2.4764705882352946,46,2.7058823529411766,,,,,,,,,,,,,,,,,,,"Erick Fedde","17425",607200
"Mason Adams","COL",0,1,0,5.04055,4,1,0,0,,10,43,11,6,5,1,4,,1,7,6.60387,3.33217,1.98185,1.23401,0.164631,0.0830694,0.08156192302703857,0.277236,1.48645,0.3103,0.678018,,,4.6923,0.0600086,0.0170826,999,,,,,,,32.1,3.21,36,3.6,,,,,,,,,,,,,,,,,,,"Mason Adams","sa3020388",690279
"Yohan Ramírez","PIT",1,1,0,4.00588,11,0,0,2,,11,49,10,5,5,1,5,,1,12,9.46426,4.15647,2.277,0.85594,0.240562,0.105649,0.13491293042898178,0.232235,1.34205,0.296996,0.709939,,,3.96162,0.0591599,0.0895676,999,,,,,,,57.10000000000001,5.190909090909091,56,5.090909090909091,,,,,,,,,,,,,,,,,,,"Yohan Ramirez","19444",670990
"Trevor Williams","WSN",1,1,0,4.57947,11,1,0,1,,15,64,16,8,8,2,4,,1,12,7.30935,2.57969,2.83342,1.29342,0.189008,0.0667068,0.12230156362056732,0.267333,1.34842,0.30441,0.693279,,,4.30428,0.0589052,0.0147216,999,,,,,,,57.800000000000004,3.8533333333333335,62,4.133333333333334,,,,,,,,,,,,,,,,,,,"Trevor Williams","16977",592866
"Tommy Nance","MIN",1,1,0,3.99841,11,0,0,2,,11,48,11,5,5,1,4,,1,11,8.66275,3.16072,2.74075,0.918257,0.22554,0.0822913,0.14324872940778732,0.246751,1.30446,0.304153,0.707253,,,3.69947,0.0580902,0.0676564,999,,,,,,,55.50000000000001,5.045454545454546,57,5.181818181818182,,,,,,,,,,,,,,,,,,,"Tommy Nance","19178",667297
"Drew Thorpe","CHW",0,0,0,4.63614,1,1,0,0,,6,27,6,4,3,1,2,,0,5,7.0263,3.42598,2.05089,1.25144,0.182656,0.0890622,0.09359419345855713,0.24734,1.33695,0.277355,0.680244,,,4.55479,0.0580185,-0.016554,999,,,,,,,20.500000000000007,3.416666666666668,21,3.5,,,,,,,,,,,,,,,,,,,"Drew Thorpe","31967",689672
"Dylan Dodd","ATL",1,0,0,4.02802,11,0,0,3,,11,48,11,6,5,1,3,,0,11,8.45122,2.67375,3.16081,1.1383,0.22435,0.0709788,0.15337158739566803,0.24683,1.25076,0.29562,0.711827,,,3.8167,0.0573888,-0.0177321,999,,,,,,,65.5,5.954545454545454,67,6.090909090909091,,,,,,,,,,,,,,,,,,,"Dylan Dodd","29928",689266
"Drew Sommers","DET",0,1,0,4.00482,12,0,0,2,,12,51,11,6,5,1,5,,1,12,9.0058,3.78401,2.37996,0.795767,0.230208,0.0967278,0.13348063826560974,0.240992,1.3444,0.304395,0.705158,,,3.77134,0.0559164,0.0270537,999,,,,,,,61.90000000000001,5.158333333333334,61,5.083333333333333,,,,,,,,,,,,,,,,,,,"Drew Sommers","32026",805427
"José Urquidy","CHW",0,0,0,4.59389,5,1,0,0,,7,28,6,4,3,1,2,,0,6,7.64799,3.24332,2.35808,1.05156,0.198555,0.084202,0.11435268074274063,0.250351,1.33218,0.293282,0.665207,,,4.09834,0.0550858,0.0931456,999,,,,,,,29.9,4.271428571428571,28,4,,,,,,,,,,,,,,,,,,,"Jose Urquidy","18413",664353
"Alan Rangel","PHI",0,1,0,4.68725,4,1,0,0,,9,41,9,5,5,2,3,,0,8,7.64564,3.32283,2.30094,1.54405,0.197944,0.0860274,0.11191675066947937,0.253038,1.35498,0.283236,0.707653,,,4.80398,0.0543184,-0.0278499,999,,,,,,,25.60000000000001,2.8444444444444454,26,2.888888888888889,,,,,,,,,,,,,,,,,,,"Alan Rangel","19524",660604
"Justin Wrobleski","LAD",1,0,0,4.47702,5,1,0,0,,8,35,8,4,4,1,2,,0,7,7.69228,2.71272,2.83563,1.32797,0.201845,0.0711818,0.13066332787275314,0.253477,1.28948,0.290252,0.691452,,,4.30281,0.0534631,0.0494987,650.3499755859375,,,,,,,34.10000000000001,4.262500000000001,35,4.375,,,,,,,,,,,,,,,,,,,"Justin Wrobleski","31204",680736
"Tim Mayza","PHI",1,1,0,3.89917,10,0,0,2,,10,44,10,5,4,1,3,,0,9,8.04615,2.82635,2.84683,0.966812,0.212046,0.0744849,0.13756125420331955,0.247639,1.27186,0.29668,0.714195,,,3.7384,0.0530784,0.0210797,999,,,,,,,52.7,5.2700000000000005,54,5.4,,,,,,,,,,,,,,,,,,,"Tim Mayza","15042",641835
"Kyle Finnegan","DET",1,1,0,4.153,12,0,1,2,,12,53,12,6,6,2,5,,0,11,8.18168,3.5326,2.31605,1.09063,0.212794,0.091878,0.1209159791469574,0.243615,1.33098,0.289613,0.714193,,,4.10163,0.0525,0.0558289,639.030029296875,,,,,,,53.000000000000014,4.416666666666668,54,4.5,,,,,,,,,,,,,,,,,,,"Kyle Finnegan","15009",640448
"Huascar Brazobán","CHW",1,1,0,4.03163,12,0,0,2,,12,50,10,6,5,1,5,,1,11,8.42475,4.0023,2.10498,0.8934,0.2187,0.103896,0.11480320990085602,0.229341,1.31069,0.279761,0.703053,,,4.01597,0.0522718,0.0270849,999,,,,,,,62.500000000000014,5.208333333333335,59,4.916666666666667,,,,,,,,,,,,,,,,,,,"Huascar Brazoban","6107",623211
"Matt Waldron","WSN",1,1,0,4.74985,7,1,0,0,,12,50,12,7,6,2,4,,1,10,7.41412,2.98005,2.48792,1.35601,0.190899,0.0767302,0.11416865140199661,0.260073,1.35394,0.294809,0.682662,,,4.5436,0.0516373,0.0762253,999,,,,,,,38.000000000000014,3.166666666666668,39,3.25,,,,,,,,,,,,,,,,,,,"Matt Waldron","25550",663362
"Lucas Braun","KCR",0,0,0,4.54796,1,1,0,0,,5,21,4,3,2,1,2,,0,4,8.42376,3.51806,2.39443,1.29649,0.215578,0.0900329,0.12554460763931274,0.23964,1.32535,0.280345,0.701379,,,4.4126,0.0502597,0.0237729,999,,,,,,,16.299999999999997,3.2599999999999993,14,2.8,,,,,,,,,,,,,,,,,,,"Lucas Braun","sa3022996",814351
"Braydon Fisher","TOR",1,1,0,3.83593,11,0,0,2,,11,46,9,5,5,1,5,,1,12,9.68894,4.02794,2.40544,1.03256,0.254388,0.105755,0.1486324816942215,0.219689,1.26683,0.277601,0.726402,,,3.93126,0.0501451,0.0620935,999,,,,,,,59.70000000000001,5.427272727272729,56,5.090909090909091,,,,,,,,,,,,,,,,,,,"Braydon Fisher","24609",680755
"Ronel Blanco","HOU",1,1,0,4.45729,6,1,0,0,,12,50,11,6,6,2,5,,0,11,8.6426,3.85961,2.23924,1.42712,0.225123,0.100535,0.12458743155002594,0.235608,1.32579,0.274684,0.713421,,,4.60184,0.0493974,0.0244084,999,,,,,,,42.600000000000016,3.550000000000001,41,3.4166666666666665,,,,,,,,,,,,,,,,,,,"Ronel Blanco","19407",669854
"Cam Booser","TBR",0,1,0,4.00673,11,0,0,3,,11,48,10,6,5,2,5,,0,13,10.151,3.80646,2.66678,1.36068,0.267174,0.100186,0.16698815673589706,0.227137,1.27816,0.283183,0.744733,,,4.1636,0.0490391,-0.0126965,999,,,,,,,53.80000000000001,4.8909090909090915,52,4.7272727272727275,,,,,,,,,,,,,,,,,,,"Cam Booser","16061",592155
"Mason Molina","STL",0,0,0,4.54796,1,1,0,0,,5,21,4,3,2,1,2,,0,4,8.42376,3.51806,2.39443,1.29649,0.215578,0.0900329,0.12554460763931274,0.23964,1.32535,0.280345,0.701379,,,4.4126,0.048739,0.00734194,999,,,,,,,16.299999999999997,3.2599999999999993,14,2.8,,,,,,,,,,,,,,,,,,,"Mason Molina","sa3025586",695766
"Brycen Mautz","STL",1,1,0,4.54084,6,1,0,0,,11,48,11,6,6,1,5,,1,9,7.54632,3.82744,1.97164,1.14061,0.192337,0.097552,0.09478500485420227,0.250502,1.39787,0.289939,0.696026,,,4.48606,0.0473929,0.0521713,999,,,,,,,40.50000000000001,3.6818181818181825,42,3.8181818181818183,,,,,,,,,,,,,,,,,,,"Brycen Mautz","31910",802408
"Daniel Duarte","NYM",1,0,0,4.20118,12,0,1,3,,12,51,11,6,6,1,5,,1,11,8.12074,4.02577,2.01719,1.03271,0.207964,0.103096,0.10486802458763123,0.241712,1.3749,0.288189,0.714438,,,4.27553,0.0472474,0.0143644,999,,,,,,,68.9,5.741666666666667,68,5.666666666666667,,,,,,,,,,,,,,,,,,,"Daniel Duarte","17480",650960
"Eduard Bazardo","SEA",1,1,0,3.95928,12,0,0,3,,12,49,10,6,5,2,4,,1,12,8.97438,2.95837,3.03355,1.19924,0.239595,0.0789817,0.1606133133172989,0.231773,1.20665,0.280219,0.714122,,,3.94456,0.0469544,-0.00655109,999,,,,,,,59.20000000000002,4.9333333333333345,55,4.583333333333333,,,,,,,,,,,,,,,,,,,"Eduard Bazardo","20997",660825
"Garrett Whitlock","BOS",1,0,0,3.28002,10,0,0,1,,10,40,8,4,4,1,3,,0,11,9.91813,2.36754,4.18922,0.85273,0.271814,0.0648841,0.20692947506904602,0.22595,1.11187,0.294571,0.730919,,,3.00566,0.0463417,0.0379734,624.97998046875,,,,,,,57.900000000000006,5.790000000000001,54,5.4,,,,,,,,,,,,,,,,,,,"Garrett Whitlock","20191",676477
"Tyler Alexander","TEX",1,1,0,4.37391,12,0,0,2,,14,57,13,7,7,2,4,,1,11,7.51049,2.39689,3.13343,1.22911,0.198109,0.0632243,0.1348845511674881,0.254726,1.26092,0.292492,0.684915,,,4.11451,0.0455276,0.024553,999,,,,,,,60.2,4.3,59,4.214285714285714,,,,,,,,,,,,,,,,,,,"Tyler Alexander","17735",641302
"DJ Herz","WSN",0,0,0,4.03692,2,1,0,0,,4,19,4,2,2,1,2,,0,5,9.8054,4.24664,2.30898,1.11958,0.252989,0.109568,0.14342175424098969,0.234345,1.36252,0.296225,0.736281,,,4.04054,0.0454225,0.0763787,999,,,,,,,10.9,2.725,11,2.75,,,,,,,,,,,,,,,,,,,"DJ Herz","26389",687792
"Greg Weissert","BOS",1,1,0,4.08774,12,0,0,3,,12,52,11,6,6,1,4,,1,11,8.14482,3.08514,2.64001,1.10152,0.213408,0.0808358,0.1325717493891716,0.243755,1.28075,0.289148,0.709448,,,4.04408,0.044821,0.0597048,999,,,,,,,66.9,5.575,66,5.5,,,,,,,,,,,,,,,,,,,"Greg Weissert","20375",669711
"Mason Barnett","ATH",1,1,1,5.15928,6,2,0,0,,14,61,14,9,8,2,6,,1,11,7.42412,4.12248,1.80089,1.4106,0.186552,0.103589,0.0829630121588707,0.257073,1.46499,0.289649,0.675911,,,4.9874,0.0432801,0.0197726,999,,,,,,,43.6,3.1142857142857143,45,3.2142857142857144,,,,,,,,,,,,,,,,,,,"Mason Barnett","31741",686930
"Jonathan Santucci","NYM",0,0,0,4.54796,1,1,0,0,,4,16,3,2,2,1,1,,0,3,8.42376,3.51806,2.39443,1.29649,0.215578,0.0900329,0.12554460018873215,0.23964,1.32535,0.280345,0.701379,,,4.4126,0.0421056,0.0433831,999,,,,,,,12.5,3.125,10,2.5,,,,,,,,,,,,,,,,,,,"Jonathan Santucci","sa3041559",695558
"Jake Bird","WSN",0,0,0,4.26503,10,0,0,2,,10,45,10,5,5,1,4,,1,10,9.04753,3.62151,2.49828,1.04941,0.232853,0.0932052,0.13964734226465225,0.243038,1.3367,0.300361,0.700153,,,4.00902,0.0418447,0.0188161,999,,,,,,,48.7,4.87,50,5,,,,,,,,,,,,,,,,,,,"Jake Bird","21267",656234
"Jesse Scholtens","TBR",1,1,0,4.55226,9,1,0,0,,12,52,12,7,6,2,4,,1,10,7.67973,2.87033,2.67555,1.37474,0.19991,0.0747173,0.12519266456365585,0.254797,1.3139,0.290532,0.694614,,,4.45447,0.0416816,0.0415589,999,,,,,,,38.000000000000014,3.166666666666668,39,3.25,,,,,,,,,,,,,,,,,,,"Jesse Scholtens","19205",669947
"Peyton Gray","TEX",1,1,0,3.96608,11,0,0,2,,11,47,10,5,5,1,4,,1,11,8.96268,3.22037,2.78312,1.15847,0.235783,0.084719,0.15106400102376938,0.236742,1.26042,0.2879,0.723399,,,3.9996,0.0411645,0.0587489,999,,,,,,,58.10000000000001,5.281818181818182,57,5.181818181818182,,,,,,,,,,,,,,,,,,,"Peyton Gray","25310",682608
"Simeon Woods Richardson","TOR",0,1,1,4.69739,6,2,0,0,,13,59,13,8,7,2,6,,1,11,7.55496,4.00178,1.8879,1.54748,0.191703,0.101543,0.0901600793004036,0.252986,1.43015,0.282084,0.725416,,,5.09135,0.0409939,0.126687,664.0399780273438,,,,,,,38.8,2.9846153846153842,40,3.076923076923077,,,,,,,,,,,,,,,,,,,"Simeon Woods Richardson","24494",680573
"Jace Beck","MIA",0,0,0,4.72423,2,1,0,0,,5,23,5,3,3,1,2,,0,5,8.41431,3.78103,2.2254,1.31041,0.210176,0.0944439,0.11573172360658646,0.241756,1.38067,0.281725,0.693716,,,4.53304,0.0409404,0.0537772,999,,,,,,,15.7,3.1399999999999997,16,3.2,,,,,,,,,,,,,,,,,,,"Jace Beck","sa3011811",689476
"JR Ritchie","ATL",0,1,0,4.58696,5,1,0,0,,10,43,9,5,5,1,5,,1,8,7.83581,4.31678,1.8152,1.12275,0.197637,0.108879,0.08875792473554611,0.246409,1.43115,0.28846,0.698106,,,4.59671,0.0397401,0.0778105,999,,,,,,,36.300000000000004,3.6300000000000003,35,3.5,,,,,,,,,,,,,,,,,,,"JR Ritchie","31760",702275
"Jonathan Cannon","CHW",0,1,1,4.99207,5,2,0,0,,12,53,13,7,7,2,4,,1,9,6.76741,3.27625,2.0656,1.55333,0.172146,0.0833397,0.08880659937858582,0.263772,1.40661,0.287309,0.689884,,,5.07105,0.039412,0.0685063,999,,,,,,,33.40000000000002,2.783333333333335,37,3.0833333333333335,,,,,,,,,,,,,,,,,,,"Jonathan Cannon","31730",686563
"Tyler Kinley",,0,0,0,4.33054,7,0,0,0,,7,28,6,3,3,1,3,,0,7,9.39318,3.80834,2.46647,1.21476,0.24564,0.0995916,0.14604845643043518,0.232027,1.29949,0.285335,0.699197,,,4.16807,0.0390688,0.0789194,999,,,,,,,28.900000000000013,4.128571428571431,27,3.857142857142857,,,,,,,,,,,,,,,,,,,"Tyler Kinley","18297",641755
"Jake Brooks","COL",0,0,0,4.89947,4,1,0,0,,6,28,6,4,3,1,3,,0,6,8.40492,4.04247,2.07916,1.32424,0.205056,0.0986245,0.1064312532544136,0.243782,1.43567,0.28303,0.686755,,,4.65278,0.0388297,0.11254,999,,,,,,,19.500000000000007,3.2500000000000013,20,3.3333333333333335,,,,,,,,,,,,,,,,,,,"Jake Brooks","sa3023205",694860
"Sean Sullivan","COL",0,1,0,5.66874,1,1,0,0,,7,33,8,5,5,1,2,,0,5,6.29275,2.85391,2.20495,1.66819,0.158437,0.0718549,0.08658188581466675,0.283807,1.47025,0.304472,0.648869,,,5.146,0.0384435,0.00218333,999,,,,,,,22.7,3.242857142857143,26,3.7142857142857144,,,,,,,,,,,,,,,,,,,"Sean Sullivan","33502",807743
"Colin Rea","CHC",1,1,0,4.37509,8,1,0,0,,11,49,12,6,6,2,3,,1,9,7.37064,2.62828,2.80435,1.33942,0.191938,0.068443,0.12349529564380646,0.258132,1.30456,0.292312,0.70805,,,4.41454,0.0384104,0.0453362,748.260009765625,,,,,,,31.600000000000005,2.872727272727273,35,3.1818181818181817,,,,,,,,,,,,,,,,,,,"Colin Rea","12317",607067
"Tony Santillan","CIN",0,1,0,4.49168,12,0,1,2,,12,52,11,7,6,2,5,,1,12,8.99272,4.0776,2.20539,1.32871,0.230202,0.104381,0.12582077831029892,0.239497,1.36948,0.286902,0.711225,,,4.54808,0.0379774,-0.0478055,718.1199951171875,,,,,,,54.600000000000016,4.550000000000002,53,4.416666666666667,,,,,,,,,,,,,,,,,,,"Tony Santillan","19926",663574
"Pete Hansen","STL",0,1,0,4.5,4,1,0,0,,8,33,9,4,4,1,3,,0,5,5.625,3.375,1.66667,1.125,0.147059,0.0882353,0.05882353335618973,0.290323,1.5,0.32,0.754717,,,4.58497,0.0366418,0.126652,999,,,,,,,24.500000000000007,3.062500000000001,28,3.5,,,,,,,,,,,,,,,,,,,"Pete Hansen","sa3020798",677337
"Jacob Waguespack","DET",1,1,0,4.36256,13,0,0,3,,13,56,12,7,6,1,6,,1,12,8.33045,3.9658,2.10057,1.03481,0.213713,0.10174,0.1119723692536354,0.241065,1.36496,0.289699,0.696088,,,4.21875,0.0363224,-0.0109782,999,,,,,,,67.7,5.207692307692308,67,5.153846153846154,,,,,,,,,,,,,,,,,,,"Jacob Waguespack","18318",621097
"Wilber Dotel","PIT",0,1,0,4.6172,5,1,0,0,,9,38,9,5,4,1,4,,0,7,7.54755,3.74569,2.01499,1.13726,0.190268,0.094426,0.0958416685461998,0.260175,1.43955,0.302184,0.698469,,,4.47306,0.0361871,0.0412605,999,,,,,,,32.90000000000001,3.655555555555557,34,3.7777777777777777,,,,,,,,,,,,,,,,,,,"Wilber Dotel","28901",696062
"Victor Vodnik","MIA",1,1,0,4.04122,11,0,0,2,,11,49,10,5,5,1,5,,0,10,8.38945,4.4267,1.89519,0.79494,0.212234,0.111985,0.10024852305650711,0.244838,1.43614,0.301789,0.722348,,,3.97505,0.0361595,0.0673963,496.760009765625,,,,,,,56.10000000000001,5.1000000000000005,55,5,,,,,,,,,,,,,,,,,,,"Victor Vodnik","24614",680767
"Blake Weiman","LAA",1,1,0,4.36674,12,0,0,3,,12,51,12,6,6,2,4,,0,10,7.70436,2.90485,2.65224,1.2454,0.200565,0.075621,0.12494425475597382,0.256954,1.32907,0.297046,0.70612,,,4.22728,0.0361507,0.0529276,999,,,,,,,53.000000000000014,4.416666666666668,54,4.5,,,,,,,,,,,,,,,,,,,"Blake Weiman","20257",676620
"Cooper Hjerpe","STL",0,0,0,4.75333,3,1,0,0,,5,24,5,3,3,1,2,,0,5,8.41275,3.82444,2.19973,1.3127,0.209309,0.0951518,0.11415684223175049,0.242097,1.38981,0.281947,0.692517,,,4.55292,0.0356514,0.0454378,999,,,,,,,15.7,3.1399999999999997,16,3.2,,,,,,,,,,,,,,,,,,,"Cooper Hjerpe","sa3020736",687309
"Joe Whitman","SFG",0,0,0,4.54796,1,1,0,0,,4,17,4,2,2,1,2,,0,4,8.42376,3.51806,2.39443,1.29649,0.215578,0.0900329,0.12554460763931274,0.23964,1.32535,0.280345,0.701379,,,4.4126,0.0353979,0.0453507,999,,,,,,,8.9,2.225,9,2.25,,,,,,,,,,,,,,,,,,,"Joe Whitman","sa3023131",802126
"Jaden Hill","COL",0,1,0,4.63082,11,0,0,2,,11,49,11,6,6,1,5,,1,11,8.77542,4.03494,2.17486,1.0899,0.221627,0.101904,0.11972303688526154,0.248279,1.40944,0.302711,0.685671,,,4.29429,0.0349506,0.0392462,999,,,,,,,52.50000000000001,4.772727272727273,54,4.909090909090909,,,,,,,,,,,,,,,,,,,"Jaden Hill","30250",677955
"Enyel De Los Santos","HOU",1,1,0,4.23922,12,0,0,3,,12,49,11,6,5,2,4,,1,11,8.64128,3.03812,2.84429,1.33224,0.227618,0.0800262,0.1475914567708969,0.239887,1.25595,0.283195,0.709409,,,4.25858,0.0346922,0.031595,999,,,,,,,54.600000000000016,4.550000000000002,53,4.416666666666667,,,,,,,,,,,,,,,,,,,"Enyel De Los Santos","18403",660853
"Kade Morris","ATH",0,0,0,4.96126,9,1,0,0,,12,54,12,7,6,2,5,,1,11,8.40161,4.13465,2.032,1.32912,0.203307,0.100053,0.10325437784194946,0.24448,1.45507,0.283475,0.684441,,,4.695,0.0345794,0.0328903,999,,,,,,,37.000000000000014,3.0833333333333344,38,3.1666666666666665,,,,,,,,,,,,,,,,,,,"Kade Morris","33787",695034
"Juan Mejia","COL",1,1,0,4.67574,11,0,0,2,,11,47,10,6,6,1,5,,1,11,8.89775,4.43454,2.00647,1.06633,0.223131,0.111206,0.1119251698255539,0.2506,1.46263,0.308129,0.692441,,,4.32921,0.0344569,0.0330441,748.510009765625,,,,,,,55.10000000000001,5.00909090909091,54,4.909090909090909,,,,,,,,,,,,,,,,,,,"Juan Mejia","23237",675848
"Pierce Johnson","CIN",1,1,0,4.38872,11,0,0,2,,11,47,10,6,5,2,4,,0,12,9.36487,3.62804,2.58125,1.32082,0.243467,0.0943216,0.1491456776857376,0.242718,1.33581,0.295977,0.712851,,,4.2052,0.0343234,0.00121184,999,,,,,,,50.80000000000001,4.618181818181819,49,4.454545454545454,,,,,,,,,,,,,,,,,,,"Pierce Johnson","13435",572955
"Matt Festa","CLE",1,1,0,4.21333,11,0,0,2,,11,47,10,6,5,1,4,,1,11,8.89108,3.17361,2.80156,1.11799,0.233074,0.0831942,0.14987967163324356,0.238619,1.26463,0.290707,0.692912,,,3.97372,0.0339484,-0.0211882,999,,,,,,,58.10000000000001,5.281818181818182,57,5.181818181818182,,,,,,,,,,,,,,,,,,,"Matt Festa","19330",670036
"Seranthony Domínguez","SEA",1,1,0,3.78988,11,0,0,2,,11,48,9,5,5,1,6,,1,13,10.1105,4.39156,2.30226,1.06714,0.264321,0.114809,0.14951162785291672,0.214998,1.28495,0.27522,0.739295,,,4.00897,0.0336639,0.0360632,194.19000244140625,,,,,,,58.70000000000001,5.336363636363637,55,5,,,,,,,,,,,,,,,,,,,"Seranthony Dominguez","19249",622554
"Riley Cornelio","WSN",0,1,0,4.8272,3,1,0,0,,7,32,7,4,4,1,4,,0,6,7.91694,4.55628,1.73759,1.24397,0.198816,0.114421,0.08439560979604721,0.251824,1.48571,0.292954,0.698586,,,4.72758,0.0335451,0.0137906,999,,,,,,,21.3,3.042857142857143,22,3.142857142857143,,,,,,,,,,,,,,,,,,,"Riley Cornelio","31953",683000
"Brock Burke","CIN",1,0,0,4.26498,11,0,0,2,,11,49,11,6,5,2,5,,1,11,8.40915,3.60664,2.33158,1.18792,0.218057,0.0935235,0.12453367561101913,0.241597,1.32775,0.286941,0.711008,,,4.2758,0.0330915,0.00286644,999,,,,,,,40.20000000000001,3.6545454545454557,41,3.727272727272727,,,,,,,,,,,,,,,,,,,"Brock Burke","17968",656271
"Ryan Watson","LAA",1,1,0,4.40043,12,0,0,3,,12,52,12,6,6,2,4,,1,10,7.61582,2.9894,2.54761,1.19752,0.196804,0.0772504,0.11955345422029495,0.256508,1.33612,0.296761,0.699808,,,4.27959,0.0328141,0.0636344,999,,,,,,,50.000000000000014,4.166666666666668,51,4.25,,,,,,,,,,,,,,,,,,,"Ryan Watson","27853",670245
"Carson Seymour","SFG",1,1,0,4.40429,9,1,0,0,,14,62,14,7,7,2,6,,1,11,6.96829,3.7661,1.85027,1.04493,0.176445,0.095362,0.08108323067426682,0.257127,1.42568,0.294404,0.707573,,,4.45835,0.032656,0.0659609,999,,,,,,,43.6,3.1142857142857143,45,3.2142857142857144,,,,,,,,,,,,,,,,,,,"Carson Seymour","30084",693313
"Jonathan Loáisiga","ARI",1,1,0,3.81,11,0,0,2,,11,47,11,5,5,1,3,,1,9,7.41892,2.68721,2.76082,0.962413,0.193991,0.0702656,0.12372531741857529,0.253405,1.28628,0.296909,0.726865,,,3.88126,0.0323277,0.0659476,999,,,,,,,54.50000000000001,4.954545454545455,56,5.090909090909091,,,,,,,,,,,,,,,,,,,"Jonathan Loaisiga","19753",642528
"Trey Gibson","BAL",0,1,0,4.62066,3,1,0,0,,6,28,6,4,3,1,3,,0,5,7.61706,3.89395,1.95612,1.12633,0.192505,0.0984113,0.09409336000680923,0.254293,1.425,0.295883,0.693674,,,4.50159,0.0322118,-0.0470287,999,,,,,,,17.500000000000007,2.916666666666668,18,3,,,,,,,,,,,,,,,,,,,"Trey Gibson","33794",694346
"Félix Bautista","BAL",0,0,0,3.26042,7,0,0,0,,7,27,5,3,2,1,3,,0,9,12.3362,4.61117,2.67529,0.818203,0.329233,0.123064,0.2061687782406807,0.19657,1.22432,0.287479,0.757081,,,3.14939,0.0316427,0.0155396,999,,,,,,,35.500000000000014,5.071428571428574,31,4.428571428571429,,,,,,,,,,,,,,,,,,,"Felix Bautista","20666",642585
"Taylor Rogers","MIN",1,1,0,4.16558,11,0,0,2,,11,46,10,5,5,1,5,,1,11,8.91391,3.88711,2.2932,1.07986,0.228716,0.0997367,0.12897932529449463,0.240361,1.35422,0.29424,0.717503,,,4.14343,0.0315519,0.057903,415.510009765625,,,,,,,55.10000000000001,5.00909090909091,54,4.909090909090909,,,,,,,,,,,,,,,,,,,"Taylor Rogers","13449",573124
"Eiberson Castellano","COL",1,1,0,5.09438,9,1,0,0,,12,54,13,7,7,2,5,,1,10,7.37328,3.92282,1.87959,1.15635,0.181777,0.096711,0.08506589382886887,0.271714,1.52155,0.314047,0.67549,,,4.65045,0.0312849,0.0161092,999,,,,,,,32.40000000000002,2.7000000000000015,36,3,,,,,,,,,,,,,,,,,,,"Eiberson Castellano","28040",682769
"Hogan Harris","ATH",1,1,0,4.20246,12,0,4,1,,12,54,11,6,6,1,6,,1,13,9.48659,4.68706,2.024,1.06219,0.240729,0.118938,0.1217915415763855,0.233978,1.41095,0.293323,0.725209,,,4.23355,0.0308831,0.0834339,618.1699829101562,,,,,,,76.9,6.408333333333334,76,6.333333333333333,,,,,,,,,,,,,,,,,,,"Hogan Harris","21520",663687
"Brent Suter","ATL",0,0,0,4.04311,11,0,0,2,,11,45,11,5,5,1,3,,0,9,7.29902,2.59189,2.8161,1.04316,0.191877,0.0681355,0.12374124675989151,0.255597,1.28716,0.296173,0.710169,,,3.92228,0.0304622,0.0545689,999,,,,,,,57.50000000000001,5.2272727272727275,59,5.363636363636363,,,,,,,,,,,,,,,,,,,"Brent Suter","13942",608718
"Dax Fulton","MIA",0,1,0,4.49004,8,1,0,0,,10,47,11,6,5,1,6,,1,9,7.70397,4.9352,1.56102,0.839013,0.189121,0.121152,0.06796932220458984,0.256776,1.55373,0.30752,0.710682,,,4.41728,0.0304407,-0.0218368,999,,,,,,,30.1,3.0100000000000002,34,3.4,,,,,,,,,,,,,,,,,,,"Dax Fulton","27757",690978
"Karson Milbrandt","MIA",0,0,0,5.00677,1,1,0,0,,6,27,6,4,3,1,3,,0,5,7.31365,4.78324,1.52901,1.21917,0.181902,0.118967,0.06293504685163498,0.254322,1.52396,0.290084,0.688953,,,4.91549,0.0299977,-0.014936,999,,,,,,,17.500000000000007,2.916666666666668,18,3,,,,,,,,,,,,,,,,,,,"Karson Milbrandt","sa3020659",703596
"Paul Blackburn","NYY",1,1,0,4.3436,12,0,0,3,,12,51,12,6,6,1,4,,1,10,7.66416,3.09003,2.48029,1.12983,0.198941,0.080209,0.11873218417167664,0.251866,1.32301,0.29326,0.695938,,,4.18636,0.0298457,0.020273,999,,,,,,,62.30000000000001,5.191666666666667,64,5.333333333333333,,,,,,,,,,,,,,,,,,,"Paul Blackburn","14739",621112
"Justin Bruihl","STL",0,1,0,4.21202,11,0,0,3,,11,48,11,6,5,1,4,,1,9,7.38345,3.35897,2.19813,0.88945,0.189265,0.086103,0.10316240787506104,0.251836,1.35274,0.296499,0.695039,,,4.0641,0.0296351,-0.0359248,999,,,,,,,55.50000000000001,5.045454545454546,57,5.181818181818182,,,,,,,,,,,,,,,,,,,"Justin Bruihl","23779",677865
"Yerry De los Santos","NYY",0,0,0,3.98661,10,0,0,1,,10,42,10,5,4,1,4,,0,8,7.50615,3.2571,2.30455,0.93882,0.195251,0.0847239,0.11052673310041428,0.249026,1.32687,0.293075,0.715932,,,3.96266,0.0292105,0.00702351,999,,,,,,,43.7,4.37,45,4.5,,,,,,,,,,,,,,,,,,,"Yerry De los Santos","21420",660787
"Andrew Sears","DET",0,0,0,4.95482,9,1,0,0,,12,54,12,7,6,2,5,,1,11,8.40195,4.12504,2.03682,1.32861,0.203488,0.0999048,0.10358288884162903,0.244408,1.45305,0.283429,0.684678,,,4.6906,0.029176,0.0240609,999,,,,,,,37.000000000000014,3.0833333333333344,38,3.1666666666666665,,,,,,,,,,,,,,,,,,,"Andrew Sears","33664",808825
"Grant Wolfram","BAL",1,1,0,4.19195,10,0,0,1,,10,41,9,5,4,1,4,,0,9,8.74126,3.70699,2.35804,0.967741,0.225267,0.0955312,0.12973566353321075,0.243927,1.35072,0.300105,0.703599,,,3.92848,0.0290521,0.00620051,999,,,,,,,48.300000000000004,4.83,47,4.7,,,,,,,,,,,,,,,,,,,"Grant Wolfram","21623",664991
"Sam Moll","CIN",0,1,0,4.2776,10,0,0,1,,10,41,8,5,5,1,4,,1,9,8.8817,4.11997,2.15576,1.02474,0.228993,0.106224,0.12276962399482727,0.233356,1.34354,0.286416,0.698334,,,4.13276,0.028617,0.0202862,999,,,,,,,47.900000000000006,4.790000000000001,44,4.4,,,,,,,,,,,,,,,,,,,"Sam Moll","14874",594580
"Michael Lorenzen",,0,1,1,5.30745,2,2,0,0,,8,37,9,5,5,1,3,,0,6,6.77908,3.29579,2.05689,1.52453,0.169307,0.0823118,0.08699481189250946,0.279476,1.49492,0.307863,0.67892,,,5.01119,0.0283643,0.00424674,999,,,,,,,26.500000000000007,3.312500000000001,30,3.75,,,,,,,,,,,,,,,,,,,"Michael Lorenzen","14843",547179
"Kody Funderburk","MIN",1,0,0,3.86023,10,0,0,1,,10,43,9,5,4,1,4,,1,9,8.28772,3.97806,2.08336,0.725222,0.212374,0.101938,0.11043545603752136,0.240856,1.364,0.297682,0.71755,,,3.81488,0.0282137,0.0118307,748.510009765625,,,,,,,45.300000000000004,4.53,44,4.4,,,,,,,,,,,,,,,,,,,"Kody Funderburk","24993",681892
"Jefry Yan","NYM",1,1,0,4.12225,11,0,0,2,,11,47,9,5,5,1,7,,1,12,10.6119,5.73494,1.85039,0.869341,0.265612,0.143544,0.12206858396530151,0.221799,1.46661,0.297438,0.727631,,,4.08184,0.0281413,0.0404742,999,,,,,,,53.70000000000001,4.881818181818183,50,4.545454545454546,,,,,,,,,,,,,,,,,,,"Jefry Yan","27902",642376
"Matt Brash","SEA",1,0,0,3.18144,9,0,0,0,,9,37,7,3,3,1,3,,1,10,10.6222,3.55538,2.98764,0.755652,0.28282,0.0946636,0.18815669417381287,0.216363,1.1985,0.29376,0.753286,,,3.19498,0.027872,0.0418621,733.280029296875,,,,,,,44.10000000000001,4.900000000000001,40,4.444444444444445,,,,,,,,,,,,,,,,,,,"Matt Brash","25756",666374
"John Schreiber","KCR",1,1,0,4.35365,11,0,0,3,,11,49,11,6,5,1,4,,1,10,7.954,3.56468,2.23134,1.08101,0.204567,0.091679,0.11288776248693466,0.248256,1.35707,0.293287,0.699184,,,4.2266,0.027284,0.0010827,999,,,,,,,57.50000000000001,5.2272727272727275,59,5.363636363636363,,,,,,,,,,,,,,,,,,,"John Schreiber","20020",670167
"JoJo Romero","MIL",1,1,0,3.66695,9,0,0,1,,9,39,8,4,4,1,4,,0,9,9.00432,3.62845,2.48159,0.926759,0.235025,0.0947077,0.14031754434108734,0.236405,1.30141,0.294966,0.741881,,,3.79458,0.0271285,0.0315821,479.0799865722656,,,,,,,43.500000000000014,4.833333333333335,42,4.666666666666667,,,,,,,,,,,,,,,,,,,"JoJo Romero","19574",668941
"Tanner Banks","PHI",0,0,0,4.1263,9,0,0,1,,9,39,9,5,4,1,3,,0,8,8.28744,2.77043,2.99139,1.19589,0.216934,0.0725196,0.14441479742527008,0.255635,1.3072,0.30343,0.721436,,,3.97677,0.0269553,-0.0139943,999,,,,,,,41.90000000000001,4.655555555555557,43,4.777777777777778,,,,,,,,,,,,,,,,,,,"Tanner Banks","16990",621383
"Luis Morales","ATH",1,1,0,4.89231,6,1,0,0,,10,45,10,6,6,2,5,,0,9,7.70754,3.98554,1.93387,1.4205,0.195499,0.101092,0.09440723061561584,0.254188,1.43463,0.288809,0.695226,,,4.8603,0.0269366,0.0116334,735.3200073242188,,,,,,,26.4,2.6399999999999997,27,2.7,,,,,,,,,,,,,,,,,,,"Luis Morales","32227",806960
"Kris Bubic","LAD",1,0,0,3.48677,7,0,0,0,,7,31,6,3,3,1,3,,0,8,9.59171,3.1989,2.99844,0.865725,0.256731,0.0856215,0.17110919207334518,0.227809,1.21393,0.292457,0.734598,,,3.35213,0.0265904,0.0158037,190.69000244140625,,,,,,,30.900000000000013,4.414285714285716,29,4.142857142857143,,,,,,,,,,,,,,,,,,,"Kris Bubic","21455",663460
"Chase Petty","CIN",1,1,0,5.2744,8,1,0,0,,13,59,14,8,8,2,6,,1,10,6.77977,3.91714,1.7308,1.48208,0.16892,0.0975965,0.07132332026958466,0.266404,1.492,0.292604,0.677785,,,5.19754,0.026393,-0.0116146,999,,,,,,,34.199999999999996,2.6307692307692303,38,2.923076923076923,,,,,,,,,,,,,,,,,,,"Chase Petty","30170",695534
"Danny Coulombe",,0,0,0,4.00376,5,0,0,0,,5,23,5,3,2,1,2,,0,5,7.91383,3.66218,2.16096,1.02262,0.206063,0.0953572,0.1107059121131897,0.241007,1.33094,0.285244,0.723115,,,4.10301,0.026204,-0.0396086,999,,,,,,,15.7,3.1399999999999997,16,3.2,,,,,,,,,,,,,,,,,,,"Danny Coulombe","13293",543056
"Eric Lauer","LAD",1,1,0,4.9536,6,1,0,0,,9,39,9,5,5,2,3,,0,8,7.5428,3.01134,2.5048,1.69268,0.195203,0.0779317,0.11727160215377808,0.260141,1.35778,0.287273,0.693957,,,4.93447,0.0261694,0.0342216,720.5399780273438,,,,,,,25.60000000000001,2.8444444444444454,26,2.888888888888889,,,,,,,,,,,,,,,,,,,"Eric Lauer","19316",641778
"Edwin Díaz","LAD",0,0,0,3.37168,6,0,0,0,,6,25,5,2,2,1,2,,0,8,12.1178,3.32931,3.63974,0.985842,0.328601,0.0902815,0.2383195236325264,0.206169,1.12513,0.292544,0.738772,,,3.11932,0.0261049,0.0315158,33,,,,,,,29.10000000000001,4.850000000000001,27,4.5,,,,,,,,,,,,,,,,,,,"Edwin Diaz","14710",621242
"Chase Silseth","TEX",1,1,0,4.00362,12,0,0,3,,12,51,10,6,5,1,6,,1,12,9.17698,4.45457,2.06013,1.05298,0.235837,0.114477,0.12135998159646988,0.228127,1.355,0.282166,0.731589,,,4.22726,0.0259372,0.0339888,999,,,,,,,65.50000000000001,5.458333333333335,62,5.166666666666667,,,,,,,,,,,,,,,,,,,"Chase Silseth","30074",681217
"Anthony Molina","SFG",0,0,0,4.72009,6,1,0,0,,9,39,10,5,5,1,3,,0,7,6.68342,3.12041,2.14184,1.14332,0.169724,0.0792421,0.09048200398683548,0.272371,1.436,0.307463,0.688266,,,4.37942,0.0257711,0.0284643,999,,,,,,,33.30000000000001,3.700000000000001,37,4.111111111111111,,,,,,,,,,,,,,,,,,,"Anthony Molina","26952",683627
"Ryan Zeferjahn","CHC",1,1,0,4.01342,12,0,0,2,,12,51,9,6,5,1,6,,1,14,10.583,4.93307,2.14532,1.04769,0.271691,0.126644,0.1450471132993698,0.211824,1.33019,0.277385,0.724354,,,4.15444,0.0252632,0.0198953,999,,,,,,,68.10000000000002,5.675000000000002,62,5.166666666666667,,,,,,,,,,,,,,,,,,,"Ryan Zeferjahn","25420",666171
"Shelby Miller","CHC",0,0,0,3.96,9,0,0,1,,9,38,8,4,4,1,3,,0,10,9.6534,3.3543,2.87791,1.1656,0.256521,0.0891342,0.1673865094780922,0.22698,1.22716,0.282923,0.716071,,,3.87405,0.0250354,0.0293699,999,,,,,,,48.500000000000014,5.38888888888889,47,5.222222222222222,,,,,,,,,,,,,,,,,,,"Shelby Miller","10197",571946
"Ben Brown","CHC",0,0,0,3.70576,7,0,0,0,,8,35,7,4,3,1,3,,0,9,9.87052,2.93575,3.36218,0.915517,0.264402,0.0786401,0.18576185405254364,0.231473,1.20391,0.299216,0.712536,,,3.28222,0.0243427,0.0126871,733.6500244140625,,,,,,,37.7,4.7125,36,4.5,,,,,,,,,,,,,,,,,,,"Ben Brown","23590",676962
"Mitch Spence","KCR",0,0,0,4.8494,3,1,0,0,,6,26,6,3,3,1,2,,0,4,6.65599,3.11683,2.1355,1.22822,0.168611,0.0789562,0.08965496718883514,0.27332,1.44083,0.306232,0.684246,,,4.52489,0.0243281,-0.0175068,999,,,,,,,18.500000000000007,3.0833333333333344,19,3.1666666666666665,,,,,,,,,,,,,,,,,,,"Mitch Spence","27707",687765
"Steven Matz","TBR",1,1,0,4.10846,10,0,0,1,,12,49,11,6,5,2,3,,1,10,7.70193,2.48179,3.10338,1.18854,0.203589,0.0656025,0.13798672705888748,0.25072,1.24948,0.290642,0.707584,,,4.04927,0.0243221,-0.0161188,712.989990234375,,,,,,,47.600000000000016,3.966666666666668,46,3.8333333333333335,,,,,,,,,,,,,,,,,,,"Steven Matz","13361",571927
"Brendan Beck","NYY",0,0,0,5.00999,9,1,0,0,,11,50,11,7,6,2,5,,1,10,8.399,4.20734,1.99627,1.33297,0.201948,0.101162,0.10078516602516174,0.245023,1.47036,0.28382,0.682664,,,4.7283,0.0241559,0.0603437,999,,,,,,,30.200000000000003,2.7454545454545456,31,2.8181818181818183,,,,,,,,,,,,,,,,,,,"Brendan Beck","33043",694341
"Mason Black","KCR",1,1,1,5.17528,6,2,0,0,,14,61,14,8,8,2,6,,1,10,6.86218,4.00555,1.71317,1.38755,0.170715,0.0996486,0.07106596976518631,0.266569,1.50272,0.296125,0.682025,,,5.06025,0.023766,-0.0390255,999,,,,,,,41.6,2.9714285714285715,43,3.0714285714285716,,,,,,,,,,,,,,,,,,,"Mason Black","30171",696131
"Ryne Stanek","STL",1,1,0,4.39745,11,0,1,3,,11,49,10,6,6,2,6,,0,12,9.39414,4.50716,2.08427,1.2061,0.24118,0.115714,0.12546557188034058,0.23347,1.38764,0.28726,0.713775,,,4.32747,0.0236613,-0.0410357,745.9000244140625,,,,,,,53.80000000000001,4.8909090909090915,52,4.7272727272727275,,,,,,,,,,,,,,,,,,,"Ryne Stanek","15947",592773
"Khristian Curtis","PIT",0,0,0,4.9833,10,1,0,1,,13,59,13,8,7,2,6,,1,12,8.40043,4.16753,2.01569,1.33086,0.20269,0.100556,0.10213370621204376,0.244726,1.46198,0.283632,0.683632,,,4.71006,0.0236217,-0.00859699,999,,,,,,,44.8,3.446153846153846,46,3.5384615384615383,,,,,,,,,,,,,,,,,,,"Khristian Curtis","33865",694753
"Jack Wenninger","NYM",0,0,0,4.65989,1,1,0,0,,3,14,3,2,2,0,1,,0,2,7.00758,3.55116,1.97332,1.24618,0.179673,0.091051,0.08862205594778061,0.255072,1.39099,0.287005,0.691817,,,4.60913,0.0235167,-0.0180505,999,,,,,,,15.400000000000002,5.133333333333334,16,5.333333333333333,,,,,,,,,,,,,,,,,,,"Jack Wenninger","sa3023282",811307
"Michael Grove","TBR",0,0,0,4.13416,8,0,0,0,,8,36,8,4,4,1,3,,0,9,9.2405,3.00371,3.07636,1.13116,0.244207,0.0793819,0.1648251935839653,0.240923,1.25735,0.297597,0.700999,,,3.77755,0.0225738,0.00281102,999,,,,,,,35.10000000000001,4.387500000000001,36,4.5,,,,,,,,,,,,,,,,,,,"Michael Grove","23221",675627
"Eduardo Rivera","BOS",0,0,0,4.96126,6,1,0,0,,8,37,8,5,4,1,4,,0,8,8.40161,4.13465,2.032,1.32912,0.203307,0.100053,0.10325435549020767,0.24448,1.45507,0.283475,0.684441,,,4.695,0.0225574,0.101275,999,,,,,,,30.100000000000005,3.7625000000000006,31,3.875,,,,,,,,,,,,,,,,,,,"Eduardo Rivera","31280",700842
"Justin Slaten","BOS",1,0,0,3.81539,8,0,0,0,,8,33,7,4,3,1,2,,0,8,9.0442,2.69404,3.35711,0.999547,0.242739,0.0723061,0.17043312638998032,0.237109,1.20378,0.294011,0.708754,,,3.49526,0.0220844,0.00666148,999,,,,,,,38.7,4.8375,37,4.625,,,,,,,,,,,,,,,,,,,"Justin Slaten","25648",686580
"Yoendrys Gómez","MIN",1,0,0,4.4606,12,0,4,1,,12,54,11,7,6,2,6,,1,12,8.80591,4.05533,2.17144,1.20644,0.226207,0.104173,0.12203323841094971,0.236634,1.35265,0.284494,0.698665,,,4.41077,0.020938,-0.0856009,999,,,,,,,62.600000000000016,5.216666666666668,61,5.083333333333333,,,,,,,,,,,,,,,,,,,"Yoendrys Gomez","22872",672782
"Brady Basso","ATH",1,1,0,4.15244,10,0,0,2,,10,44,10,5,5,1,3,,0,9,7.7159,3.01707,2.55742,1.13936,0.200967,0.0785818,0.12238480150699615,0.254599,1.32917,0.297033,0.718501,,,4.10223,0.0207625,0.0274184,999,,,,,,,52.7,5.2700000000000005,54,5.4,,,,,,,,,,,,,,,,,,,"Brady Basso","25582",669620
"Ryan Gallagher","MIN",0,0,0,4.54796,1,1,0,0,,2,11,2,1,1,0,1,,0,2,8.42376,3.51806,2.39443,1.29649,0.215578,0.0900329,0.12554459273815155,0.23964,1.32535,0.280345,0.701379,,,4.4126,0.0203835,0.0266191,999,,,,,,,10.600000000000001,5.300000000000001,11,5.5,,,,,,,,,,,,,,,,,,,"Ryan Gallagher","sa3031857",801594
"Garrett Crochet","BOS",1,0,0,3.06573,5,0,0,0,,6,25,5,2,2,1,2,,0,8,11.1243,2.32619,4.7822,0.942667,0.309705,0.064762,0.24494285881519318,0.214926,1.05512,0.292455,0.753853,,,2.82759,0.0201229,0.00144521,12.239999771118164,,,,,,,29.10000000000001,4.850000000000001,27,4.5,,,,,,,,,,,,,,,,,,,"Garrett Crochet","27463",676979
"Ryan Ramsey","KCR",0,0,0,4.54796,1,1,0,0,,2,10,2,1,1,0,1,,0,2,8.42376,3.51806,2.39443,1.29649,0.215578,0.0900329,0.12554460763931274,0.23964,1.32535,0.280345,0.701379,,,4.4126,0.0200622,0.0288377,999,,,,,,,10.600000000000001,5.300000000000001,11,5.5,,,,,,,,,,,,,,,,,,,"Ryan Ramsey","sa3020605",687547
"Josh Walker","BAL",1,1,0,4.43093,12,0,0,2,,12,51,11,6,6,2,5,,1,11,8.53538,3.80345,2.24412,1.23036,0.218326,0.0972881,0.12103775143623352,0.246497,1.37457,0.293587,0.70947,,,4.41108,0.0197833,0.0261944,999,,,,,,,47.600000000000016,3.966666666666668,46,3.8333333333333335,,,,,,,,,,,,,,,,,,,"Josh Walker","23617",677020
"Brendon Little","TOR",0,1,0,3.74915,10,0,0,1,,10,42,8,4,4,1,6,,0,11,10.1486,5.19153,1.95484,0.695746,0.257205,0.131574,0.12563148140907288,0.225289,1.42308,0.301388,0.73794,,,3.71839,0.019672,0.0322305,748.52001953125,,,,,,,48.900000000000006,4.890000000000001,45,4.5,,,,,,,,,,,,,,,,,,,"Brendon Little","21574",663893
"Rico Garcia","BAL",1,1,0,4.32157,12,0,1,3,,12,50,11,6,6,2,5,,0,12,9.10545,3.76709,2.4171,1.40071,0.238423,0.09864,0.1397828534245491,0.233737,1.30622,0.278302,0.720635,,,4.42194,0.0193799,0.0336959,999,,,,,,,61.600000000000016,5.133333333333335,60,5,,,,,,,,,,,,,,,,,,,"Rico Garcia","20023",670329
"Samy Natera Jr.","LAA",0,1,0,4.01784,10,0,0,1,,10,41,8,5,4,1,5,,1,12,11.0779,5.0456,2.19555,1.11189,0.284739,0.129689,0.15504953265190125,0.21473,1.35635,0.285878,0.736109,,,4.08055,0.0193515,0.0128782,999,,,,,,,50.900000000000006,5.090000000000001,47,4.7,,,,,,,,,,,,,,,,,,,"Samy Natera Jr.","31936",696519
"Kyle Hurt","LAD",0,0,0,4.06333,10,0,0,1,,10,41,8,5,4,1,5,,0,11,9.88631,4.54607,2.17469,1.0592,0.254224,0.116901,0.13732299953699112,0.230074,1.3747,0.293317,0.730584,,,4.04195,0.0191959,0.000403592,999,,,,,,,51.900000000000006,5.19,48,4.8,,,,,,,,,,,,,,,,,,,"Kyle Hurt","27514",669165
"DL Hall","MIL",1,1,0,4.01304,11,0,0,2,,11,48,10,5,5,1,6,,1,11,8.79463,4.52233,1.94471,0.940501,0.225976,0.1162,0.10977544635534286,0.228282,1.36329,0.281246,0.721964,,,4.14953,0.0186843,0.0501035,999,,,,,,,52.10000000000001,4.736363636363637,51,4.636363636363637,,,,,,,,,,,,,,,,,,,"DL Hall","22207",669084
"Sammy Peralta","LAA",1,0,0,4.41795,10,0,0,1,,10,44,10,6,5,1,3,,1,9,7.64598,2.8514,2.68148,1.07821,0.198018,0.0738465,0.12417170405387878,0.257871,1.32797,0.301968,0.684683,,,4.05066,0.0183937,-0.0260554,999,,,,,,,45.7,4.57,47,4.7,,,,,,,,,,,,,,,,,,,"Sammy Peralta","25589",671111
"Caden Dana","LAA",0,0,0,5.00296,1,1,0,0,,7,29,6,4,4,1,3,,0,6,7.63566,4.17228,1.83009,1.47481,0.193733,0.10586,0.0878731906414032,0.247259,1.41946,0.277546,0.685048,,,5.05861,0.0183352,0.0456189,999,,,,,,,26.9,3.8428571428571425,25,3.5714285714285716,,,,,,,,,,,,,,,,,,,"Caden Dana","31508",702674
"Joe Mantiply","TOR",0,0,0,4.02562,9,0,0,0,,9,37,9,4,4,1,3,,0,8,7.69825,2.54059,3.0301,0.966248,0.202861,0.0669487,0.1359124556183815,0.254821,1.27739,0.301708,0.701991,,,3.70409,0.0181405,0.0165645,999,,,,,,,37.90000000000001,4.211111111111112,39,4.333333333333333,,,,,,,,,,,,,,,,,,,"Joe Mantiply","14857",573009
"Dedniel Núñez","NYM",0,0,0,4.18681,10,0,0,1,,10,42,9,5,5,1,4,,0,10,9.38256,3.66937,2.557,1.19474,0.245313,0.0959382,0.14937524497509003,0.23704,1.3118,0.292304,0.71597,,,4.0325,0.0180678,-0.00407815,999,,,,,,,50.300000000000004,5.03,49,4.9,,,,,,,,,,,,,,,,,,,"Dedniel Nunez","23055",673380
"Paul Sewald","TOR",1,1,0,4.4578,10,0,0,2,,10,42,9,5,5,2,3,,1,10,9.4396,2.77133,3.40616,1.62399,0.251296,0.073777,0.17751942574977875,0.236852,1.21108,0.279701,0.701854,,,4.41479,0.017993,0.0155002,389.9100036621094,,,,,,,42.00000000000001,4.200000000000001,40,4,,,,,,,,,,,,,,,,,,,"Paul Sewald","13892",623149
"Evan Sisk","PIT",0,0,0,3.73613,6,0,0,0,,6,27,6,3,3,0,3,,0,6,9.20829,4.29865,2.14214,0.689148,0.234355,0.109403,0.12495264410972595,0.23735,1.38327,0.305262,0.730404,,,3.68453,0.0171075,0.00243312,999,,,,,,,31.800000000000004,5.300000000000001,33,5.5,,,,,,,,,,,,,,,,,,,"Evan Sisk","24995",681895
"Germán Márquez","MIN",0,0,0,5.44343,1,1,0,0,,5,22,6,3,3,1,2,,0,4,6.46787,3.47977,1.8587,1.50902,0.162995,0.0876928,0.07530223578214645,0.277276,1.49387,0.302409,0.664308,,,5.07475,0.0170485,0.0175503,743.3200073242188,,,,,,,11.1,2.2199999999999998,14,2.8,,,,,,,,,,,,,,,,,,,"German Marquez","15038",608566
"Dennis Santana","ARI",0,0,0,4.22986,9,0,0,1,,9,39,9,5,4,1,3,,0,8,8.17153,3.35286,2.43718,1.06144,0.213959,0.0877897,0.12616954743862152,0.244599,1.31029,0.291962,0.698091,,,4.03145,0.0160661,-0.0155554,150.50999450683594,,,,,,,41.90000000000001,4.655555555555557,43,4.777777777777778,,,,,,,,,,,,,,,,,,,"Dennis Santana","17878",642701
"Yuki Matsui","SDP",1,1,0,4.18429,11,0,0,2,,11,46,9,5,5,1,5,,0,11,9.20235,4.30254,2.13882,1.24656,0.239497,0.111976,0.1275203824043274,0.227471,1.33491,0.275663,0.727046,,,4.34795,0.0159583,0.0387697,999,,,,,,,60.70000000000001,5.518181818181819,57,5.181818181818182,,,,,,,,,,,,,,,,,,,"Yuki Matsui","33826",673513
"Luis Mey","CIN",1,1,0,4.43104,12,0,0,3,,12,52,10,6,6,1,7,,1,12,9.10974,5.62641,1.6191,1.00076,0.225921,0.139535,0.08638623356819153,0.231798,1.50322,0.287791,0.718395,,,4.58283,0.015729,0.0742626,999,,,,,,,62.500000000000014,5.208333333333335,59,4.916666666666667,,,,,,,,,,,,,,,,,,,"Luis Mey","25620",682825
"Alex Lange","KCR",1,1,0,4.21304,11,0,0,2,,11,49,10,6,5,1,6,,1,11,9.18152,4.80952,1.90903,0.914949,0.231276,0.121149,0.11012779176235199,0.236676,1.43667,0.297577,0.716847,,,4.16252,0.0156759,-0.000826153,999,,,,,,,52.10000000000001,4.736363636363637,51,4.636363636363637,,,,,,,,,,,,,,,,,,,"Alex Lange","19883",656638
"Lake Bachar","PIT",1,1,0,4.26406,10,0,0,2,,10,43,9,5,5,1,4,,1,10,8.94312,3.57696,2.50021,1.26948,0.232957,0.0931752,0.13978192955255508,0.237172,1.30219,0.28496,0.712588,,,4.28358,0.0156414,0.0220323,999,,,,,,,51.300000000000004,5.130000000000001,50,5,,,,,,,,,,,,,,,,,,,"Lake Bachar","19222",669199
"Graham Ashcraft","CIN",0,0,0,4.0468,6,0,0,0,,6,27,6,3,3,1,2,,0,6,8.17304,3.27756,2.49364,0.883058,0.214036,0.0858328,0.12820302695035934,0.242461,1.29556,0.293906,0.696614,,,3.74858,0.0151942,0.0050404,999,,,,,,,22.500000000000007,3.7500000000000013,23,3.8333333333333335,,,,,,,,,,,,,,,,,,,"Graham Ashcraft","27552",668933
"Jared Koenig","MIL",1,0,0,3.73049,8,0,0,0,,8,32,7,3,3,1,3,,0,8,8.90536,3.45619,2.57664,0.990172,0.233243,0.0905222,0.1427210122346878,0.237899,1.29241,0.293639,0.739529,,,3.80794,0.0150637,0.0312599,748.489990234375,,,,,,,35.7,4.4625,34,4.25,,,,,,,,,,,,,,,,,,,"Jared Koenig","27517",657649
"Caleb Ferguson","STL",0,0,0,4.16207,10,0,0,1,,10,42,9,5,4,1,4,,1,9,8.1777,3.65405,2.23798,0.77861,0.209432,0.0935809,0.11585160344839096,0.247427,1.36274,0.303046,0.692702,,,3.80781,0.01495,-0.00219718,999,,,,,,,45.300000000000004,4.53,44,4.4,,,,,,,,,,,,,,,,,,,"Caleb Ferguson","19349",657571
"Lucas Erceg","KCR",1,1,0,4.0284,9,0,0,0,,9,37,8,4,4,1,4,,1,8,8.0034,3.69845,2.16399,0.793983,0.204902,0.0946874,0.11021500825881958,0.245345,1.35835,0.29791,0.706025,,,3.88847,0.0148234,0.0209147,490.70001220703125,,,,,,,34.500000000000014,3.833333333333335,33,3.6666666666666665,,,,,,,,,,,,,,,,,,,"Lucas Erceg","19360",668674
"Owen Murphy","ATL",0,0,0,4.89947,4,1,0,0,,6,27,6,4,3,1,3,,0,6,8.40492,4.04247,2.07916,1.32424,0.205056,0.0986245,0.10643124580383301,0.243782,1.43567,0.28303,0.686755,,,4.65278,0.0146865,0.0111523,999,,,,,,,19.500000000000007,3.2500000000000013,20,3.3333333333333335,,,,,,,,,,,,,,,,,,,"Owen Murphy","31761",702566
"Ryan Fernandez","STL",1,1,0,4.22239,9,0,0,1,,9,40,8,5,4,1,4,,0,9,9.12645,4.30189,2.1215,0.964926,0.234605,0.110585,0.12402001768350601,0.237305,1.3834,0.296272,0.708222,,,3.97154,0.0146526,-0.0236517,999,,,,,,,43.500000000000014,4.833333333333335,42,4.666666666666667,,,,,,,,,,,,,,,,,,,"Ryan Fernandez","24862",681676
"Joe Boyle","TBR",0,0,0,4.04097,7,0,0,0,,9,39,7,4,4,1,5,,0,10,10.0629,5.01827,2.00525,0.828479,0.257255,0.128291,0.12896457314491272,0.222274,1.38926,0.292166,0.715036,,,3.85922,0.0145203,0.0158164,713.1400146484375,,,,,,,41.10000000000001,4.566666666666667,37,4.111111111111111,,,,,,,,,,,,,,,,,,,"Joe Boyle","29608",671212
"Tim Herrin","CLE",1,1,0,4.09755,11,0,0,3,,11,49,10,6,5,1,6,,1,11,8.82585,4.44565,1.98528,0.933918,0.2248,0.113233,0.11156626790761948,0.234165,1.38373,0.289466,0.717716,,,4.16034,0.0145118,-0.0227336,999,,,,,,,56.10000000000001,5.1000000000000005,55,5,,,,,,,,,,,,,,,,,,,"Tim Herrin","25139",682120
"Anthony Nunez","BAL",1,1,0,4.20713,11,0,0,2,,11,47,10,6,5,1,5,,1,11,9.40248,3.98928,2.35693,1.132,0.242916,0.103065,0.13985180109739304,0.230612,1.31548,0.285806,0.7086,,,4.18619,0.0140683,-0.0223172,999,,,,,,,55.10000000000001,5.00909090909091,54,4.909090909090909,,,,,,,,,,,,,,,,,,,"Anthony Nunez","25796",689296
"Franco Aleman","CLE",0,1,0,4.04406,9,0,0,1,,9,40,8,4,4,1,4,,1,10,10.2452,4.38654,2.33559,1.08416,0.262993,0.112602,0.15039103478193283,0.22892,1.35132,0.2956,0.729625,,,4.03783,0.0137973,0.0320531,999,,,,,,,42.500000000000014,4.722222222222224,41,4.555555555555555,,,,,,,,,,,,,,,,,,,"Franco Aleman","30195",680916
"Ryan Helsley","BAL",0,0,0,3.58108,4,0,0,0,,4,18,4,2,2,0,2,,0,5,10.3488,3.55762,2.90892,0.919426,0.275483,0.0947028,0.18078001588582993,0.224745,1.2389,0.296392,0.735849,,,3.37452,0.0127928,-0.000020298,85.58999633789062,,,,,,,23.200000000000003,5.800000000000001,24,6,,,,,,,,,,,,,,,,,,,"Ryan Helsley","18138",664854
"Reiver Sanmartin","SFG",1,1,0,4.10217,11,0,0,2,,11,48,11,5,5,1,4,,0,9,6.92302,3.02912,2.28549,0.919049,0.178288,0.0780086,0.10027898102998734,0.26017,1.3599,0.300856,0.710366,,,4.01758,0.0125408,0.0439626,999,,,,,,,54.50000000000001,4.954545454545455,56,5.090909090909091,,,,,,,,,,,,,,,,,,,"Reiver Sanmartin","19754",665665
"Kirby Yates","PIT",1,1,0,3.95887,10,0,0,1,,10,41,8,5,4,1,4,,1,11,10.2441,4.14283,2.47272,1.13832,0.268085,0.108417,0.1596679836511612,0.220283,1.28137,0.282053,0.72738,,,4.00825,0.012532,0.00405519,269.42999267578125,,,,,,,51.900000000000006,5.19,48,4.8,,,,,,,,,,,,,,,,,,,"Kirby Yates","9073",489446
"Luis Gastelum","STL",1,1,0,4.16876,10,0,0,2,,10,43,9,5,5,1,3,,1,9,8.38625,3.14007,2.67072,1.18725,0.218602,0.0818515,0.13675088435411453,0.243777,1.28697,0.289531,0.710791,,,4.17974,0.0124254,0.00744342,999,,,,,,,52.300000000000004,5.23,51,5.1,,,,,,,,,,,,,,,,,,,"Luis Gastelum","33027",703725
"Jason Adam","SDP",1,0,0,3.74158,9,0,0,0,,9,38,8,4,4,1,3,,1,9,8.68038,3.06944,2.828,1.08932,0.231425,0.0818333,0.14959120750427246,0.225853,1.19003,0.272285,0.723263,,,3.95536,0.0123181,0.0116632,999,,,,,,,39.500000000000014,4.38888888888889,38,4.222222222222222,,,,,,,,,,,,,,,,,,,"Jason Adam","11861",592094
"Trent Harris","SFG",1,1,0,4.63252,12,0,0,2,,13,56,14,7,7,2,4,,0,11,7.45891,3.16304,2.35814,1.08488,0.19045,0.0807627,0.10968731343746185,0.267005,1.41147,0.311011,0.685586,,,4.13933,0.0122376,-0.033017,999,,,,,,,53.199999999999996,4.092307692307692,57,4.384615384615385,,,,,,,,,,,,,,,,,,,"Trent Harris","33214",805345
"Tyler Davis","CHW",0,1,0,4.82073,8,0,0,0,,8,35,7,5,4,1,5,,0,8,8.59804,5.18166,1.65932,0.768376,0.217643,0.131164,0.08647902309894562,0.236968,1.47947,0.295114,0.659775,,,4.01139,0.0121344,-0.0281486,999,,,,,,,29.700000000000006,3.712500000000001,28,3.5,,,,,,,,,,,,,,,,,,,"Tyler Davis","34847",699823
"Luis Medina","ATH",1,1,0,4.51713,12,0,1,3,,14,60,13,7,7,2,7,,1,14,9.22448,4.3747,2.1086,1.14539,0.233416,0.110697,0.12271861732006073,0.243188,1.42115,0.299981,0.70444,,,4.32749,0.0119627,0.0625989,999,,,,,,,66.20000000000003,4.72857142857143,65,4.642857142857143,,,,,,,,,,,,,,,,,,,"Luis Medina","21649",665622
"George Soriano","STL",1,1,0,4.52206,12,0,1,3,,12,50,11,6,6,2,5,,1,11,8.51212,3.74894,2.27054,1.17207,0.219032,0.0964667,0.12256517261266708,0.241948,1.34534,0.289042,0.687175,,,4.32419,0.0118722,0.0291774,999,,,,,,,56.600000000000016,4.716666666666668,55,4.583333333333333,,,,,,,,,,,,,,,,,,,"George Soriano","21863",666277
"Justin Steele","CHC",0,0,0,3.34769,3,0,0,0,,3,11,2,1,1,0,1,,0,3,9.25522,2.50613,3.69304,0.792998,0.250544,0.0678422,0.18270155787467957,0.231139,1.15328,0.29483,0.727208,,,3.13275,0.0112118,0.0153413,605.5,,,,,,,20.000000000000004,6.666666666666668,18,6,,,,,,,,,,,,,,,,,,,"Justin Steele","17312",657006
"Ryan Walker","SFG",1,1,0,3.85173,9,0,0,0,,9,38,8,4,4,1,3,,1,8,8.50475,3.26314,2.60631,0.883774,0.220776,0.0847082,0.13606733083724976,0.243693,1.29942,0.299388,0.717965,,,3.77912,0.01113,0.0134465,144.55999755859375,,,,,,,37.500000000000014,4.166666666666668,36,4,,,,,,,,,,,,,,,,,,,"Ryan Walker","20423",676254
"Blake Treinen","LAD",1,0,0,3.96274,6,0,0,0,,6,25,5,3,3,1,2,,0,6,9.72494,3.89446,2.49712,1.06494,0.251128,0.100567,0.1505608707666397,0.236793,1.33558,0.300129,0.732516,,,3.9319,0.0111204,0.000242155,999,,,,,,,25.10000000000001,4.1833333333333345,23,3.8333333333333335,,,,,,,,,,,,,,,,,,,"Blake Treinen","12572",595014
"Isaac Mattson","PIT",0,0,0,4.25744,8,0,0,0,,8,34,7,4,4,1,4,,0,7,8.48264,4.08861,2.0747,0.969286,0.216584,0.104393,0.11219107359647751,0.241223,1.37941,0.293519,0.704219,,,4.14986,0.0110403,0.00324416,999,,,,,,,30.700000000000006,3.837500000000001,29,3.625,,,,,,,,,,,,,,,,,,,"Isaac Mattson","20385",676755
"Anthony Bender","MIA",0,0,0,3.64935,5,0,0,0,,5,23,5,2,2,1,2,,0,5,9.11912,3.32142,2.74555,0.900199,0.240936,0.0877551,0.15318052470684052,0.228404,1.23045,0.286434,0.724224,,,3.66083,0.0107279,0.0169104,999,,,,,,,15.7,3.1399999999999997,16,3.2,,,,,,,,,,,,,,,,,,,"Anthony Bender","19742",669622
"Nick Frasso","COL",1,0,0,5.08903,9,0,0,1,,9,43,10,6,5,1,4,,1,9,8.17683,4.19702,1.94825,1.11603,0.201261,0.103304,0.09795764833688736,0.270393,1.54479,0.322895,0.67837,,,4.45722,0.0104063,-0.0319814,999,,,,,,,35.30000000000001,3.9222222222222234,39,4.333333333333333,,,,,,,,,,,,,,,,,,,"Nick Frasso","27861",693308
"Clarke Schmidt","NYY",0,0,0,3.76756,5,0,0,0,,7,28,6,3,3,1,2,,0,7,9.02711,3.21996,2.80349,1.11341,0.239032,0.0852622,0.1537693589925766,0.233733,1.2454,0.286015,0.737157,,,3.88276,0.0103582,0.0138996,999,,,,,,,31.900000000000013,4.557142857142859,30,4.285714285714286,,,,,,,,,,,,,,,,,,,"Clarke Schmidt","19899",657376
"Cade Gibson","MIA",1,1,0,4.03862,10,0,0,1,,10,45,10,5,5,1,4,,1,9,7.44209,3.61483,2.05877,0.779754,0.19,0.0922881,0.09771164506673813,0.248979,1.36637,0.296532,0.705672,,,3.98962,0.0102885,0.00324191,999,,,,,,,42.7,4.2700000000000005,44,4.4,,,,,,,,,,,,,,,,,,,"Cade Gibson","31815",806188
"Bryan King","HOU",1,1,0,3.86117,9,0,0,0,,9,37,8,4,4,1,3,,1,8,8.54105,2.73715,3.12041,1.17038,0.22581,0.0723654,0.15344471484422684,0.241179,1.22903,0.288425,0.728486,,,3.98082,0.0101679,0.0165997,748.469970703125,,,,,,,37.500000000000014,4.166666666666668,36,4,,,,,,,,,,,,,,,,,,,"Bryan King","25890",687911
"Trevor Richards","CHW",0,0,0,4.62932,10,0,0,1,,10,43,9,6,5,2,4,,0,10,8.78961,3.47152,2.53192,1.38569,0.230653,0.091098,0.13955461978912354,0.23847,1.29698,0.28145,0.682323,,,4.37205,0.00982283,-0.0276914,999,,,,,,,38,3.8,36,3.6,,,,,,,,,,,,,,,,,,,"Trevor Richards","19309",670950
"David Morgan","SDP",0,0,0,4.00671,10,0,0,1,,10,41,9,5,4,1,4,,1,9,8.84768,3.89334,2.27252,1.04186,0.227568,0.100139,0.12742896378040314,0.239067,1.34685,0.29298,0.728359,,,4.11073,0.00959084,-0.00172056,999,,,,,,,45.300000000000004,4.53,44,4.4,,,,,,,,,,,,,,,,,,,"David Morgan","31616",688158
"Brandon Eisert","PIT",0,0,0,4.10645,7,0,0,0,,7,31,7,4,3,1,3,,0,7,8.68696,3.30319,2.62987,1.08791,0.226991,0.0863129,0.1406785547733307,0.244593,1.30925,0.29693,0.71341,,,3.92595,0.00954346,-0.0121788,999,,,,,,,26.300000000000015,3.7571428571428593,27,3.857142857142857,,,,,,,,,,,,,,,,,,,"Brandon Eisert","27668",685126
"Tyler Samaniego","BOS",0,0,0,4.24879,8,0,0,0,,8,36,8,4,4,1,3,,0,7,7.3623,3.50388,2.10118,0.842105,0.187965,0.0894567,0.09850837290287018,0.25509,1.38583,0.301493,0.695463,,,4.0019,0.0094853,0.00666148,999,,,,,,,31.100000000000005,3.8875000000000006,32,4,,,,,,,,,,,,,,,,,,,"Tyler Samaniego","30081",701719
"Jonathan Pintaro","NYM",0,0,0,4.17662,11,0,0,2,,11,48,10,6,5,1,5,,1,11,8.9401,4.41313,2.0258,1.07439,0.228078,0.112587,0.11549104750156403,0.234384,1.38121,0.286995,0.722179,,,4.31346,0.00924319,-0.0367901,999,,,,,,,55.10000000000001,5.00909090909091,54,4.909090909090909,,,,,,,,,,,,,,,,,,,"Jonathan Pintaro","33980",702752
"Michael Fulmer","LAA",0,0,0,3.6,3,0,0,0,,3,13,3,2,1,0,1,,0,3,9,3.6,2.5,0.9,0.243902,0.097561,0.1463414654135704,0.243243,1.3,0.307692,0.689655,,,3.58497,0.00873595,-0.0137443,999,,,,,,,17.400000000000002,5.800000000000001,18,6,,,,,,,,,,,,,,,,,,,"Michael Fulmer","13218",605242
"Spencer Strider","ATL",0,0,0,3.80312,3,0,0,0,,3,11,2,1,1,0,1,,0,3,11.0416,3.36643,3.27991,1.11967,0.295773,0.0901771,0.20559576898813248,0.219415,1.19202,0.291817,0.719858,,,3.50845,0.00866826,0.016069,124.86000061035156,,,,,,,20.000000000000004,6.666666666666668,18,6,,,,,,,,,,,,,,,,,,,"Spencer Strider","27498",675911
"Cade Winquest","STL",0,0,0,4.49459,7,0,0,0,,7,31,7,4,4,1,3,,0,6,7.5354,3.25177,2.31732,0.880381,0.192494,0.0830674,0.1094265952706337,0.259868,1.38304,0.308315,0.67428,,,3.93564,0.00864465,-0.0171262,999,,,,,,,24.3,3.4714285714285715,25,3.5714285714285716,,,,,,,,,,,,,,,,,,,"Cade Winquest","sa3020805",685464
"Alex Hoppe","BAL",0,1,0,4.5583,11,0,0,2,,11,50,11,6,6,1,6,,1,10,8.17617,4.49288,1.8198,0.928267,0.204364,0.1123,0.09206398576498032,0.252537,1.48238,0.3054,0.696467,,,4.26532,0.00851419,-0.0240239,999,,,,,,,47.50000000000001,4.318181818181819,49,4.454545454545454,,,,,,,,,,,,,,,,,,,"Alex Hoppe","31880",695380
"Matt Svanson","STL",0,0,0,3.87295,7,0,0,0,,7,32,7,3,3,1,3,,0,7,8.41725,3.46938,2.42615,0.932792,0.218874,0.0902142,0.1286594346165657,0.242011,1.31008,0.295139,0.723045,,,3.9195,0.00841574,0.0142258,528.7999877929688,,,,,,,26.300000000000015,3.7571428571428593,27,3.857142857142857,,,,,,,,,,,,,,,,,,,"Matt Svanson","29629",694335
"Hunter Harvey","CHC",0,0,0,3.43959,2,0,0,0,,2,10,2,1,1,0,1,,0,3,9.83216,2.77063,3.5487,0.876485,0.267074,0.0752595,0.19181415438652039,0.224992,1.15155,0.291521,0.725113,,,3.18781,0.00836,-0.000325104,748.530029296875,,,,,,,12.600000000000001,6.300000000000001,13,6.5,,,,,,,,,,,,,,,,,,,"Hunter Harvey","15507",640451
"Tim Hill","NYY",1,1,0,4.25549,12,0,0,3,,12,52,13,6,6,1,3,,1,7,5.03473,2.49989,2.01398,0.944038,0.129981,0.0645392,0.06544167548418045,0.268153,1.34401,0.290268,0.693358,,,4.3125,0.00827287,0.0281696,999,,,,,,,56.70000000000002,4.725000000000001,61,5.083333333333333,,,,,,,,,,,,,,,,,,,"Tim Hill","16814",657612
"Ty Madden","DET",0,1,0,4.40175,10,0,0,1,,12,51,11,6,6,1,5,,1,11,8.07876,3.68052,2.195,1.14017,0.207283,0.0944341,0.11284909397363663,0.247831,1.36776,0.29254,0.702409,,,4.32167,0.00820432,0.00866959,999,,,,,,,55.90000000000001,4.658333333333334,55,4.583333333333333,,,,,,,,,,,,,,,,,,,"Ty Madden","30140",680744
"Cole Sulser","TBR",0,0,0,3.99447,5,0,0,0,,5,21,5,2,2,1,2,,0,5,8.41602,2.95198,2.85098,1.17155,0.224216,0.0786455,0.14557085186243057,0.237522,1.2345,0.282178,0.714727,,,3.96923,0.00806872,0.0170324,999,,,,,,,15.7,3.1399999999999997,16,3.2,,,,,,,,,,,,,,,,,,,"Cole Sulser","15256",642121
"Nick Raquet","BAL",1,0,0,4.44326,6,0,0,0,,6,25,6,3,3,1,2,,0,5,7.26536,3.18092,2.28405,1.01908,0.187633,0.0821496,0.10548374056816101,0.25709,1.36047,0.298277,0.685423,,,4.09838,0.00805801,-0.000030447,999,,,,,,,20.500000000000007,3.416666666666668,21,3.5,,,,,,,,,,,,,,,,,,,"Nick Raquet","20333",675919
"Hoby Milner","CHC",0,0,0,4.09218,10,0,0,1,,10,41,10,5,4,1,3,,1,7,6.96566,2.67097,2.60791,1.00081,0.181693,0.0696699,0.11202307790517807,0.25584,1.29722,0.293938,0.703434,,,4.03049,0.00805085,-0.00162552,999,,,,,,,41.7,4.17,43,4.3,,,,,,,,,,,,,,,,,,,"Hoby Milner","13346",571948
"Ricky Tiedemann","TOR",0,0,0,4.06518,7,0,0,0,,7,31,6,3,3,1,4,,0,8,10.001,4.63787,2.15637,1.04624,0.256021,0.118728,0.13729340583086014,0.229726,1.38319,0.294708,0.731068,,,4.06115,0.00803031,0.0163322,999,,,,,,,27.900000000000013,3.9857142857142875,26,3.7142857142857144,,,,,,,,,,,,,,,,,,,"Ricky Tiedemann","30165",694357
"Ryan Thompson","ARI",1,0,0,4.07019,7,0,0,0,,7,31,7,4,3,1,2,,0,6,7.07423,2.81642,2.51178,0.878389,0.182513,0.0726629,0.10985027998685837,0.260375,1.33736,0.303798,0.704403,,,3.89846,0.00802326,-0.0132494,748.4299926757812,,,,,,,27.3,3.9,28,4,,,,,,,,,,,,,,,,,,,"Ryan Thompson","16647",657044
"Derek Law","ARI",0,0,0,3.61666,4,0,0,0,,4,18,4,2,2,0,2,,0,4,7.61466,3.13135,2.43175,0.784821,0.201761,0.0829694,0.11879133433103561,0.237018,1.25191,0.283534,0.721451,,,3.66486,0.00791613,0.00108096,999,,,,,,,21.200000000000003,5.300000000000001,22,5.5,,,,,,,,,,,,,,,,,,,"Derek Law","13133",571882
"Ryan Weathers","NYY",0,0,0,3.84882,5,0,0,0,,7,29,6,3,3,1,2,,0,7,9.14307,2.87769,3.17723,1.1725,0.243305,0.0765778,0.16672716289758682,0.237437,1.22582,0.290572,0.729312,,,3.82477,0.00789511,0.0138996,232.55999755859375,,,,,,,31.900000000000013,4.557142857142859,30,4.285714285714286,,,,,,,,,,,,,,,,,,,"Ryan Weathers","23796",677960
"Robert Garcia","TEX",0,0,0,3.67603,3,0,0,0,,3,13,3,1,1,0,1,,0,3,9.51697,3.39366,2.80434,0.888628,0.252908,0.0901846,0.16272375732660294,0.229433,1.2414,0.293211,0.722859,,,3.49531,0.00788066,0.0156889,232.1199951171875,,,,,,,17.400000000000002,5.800000000000001,18,6,,,,,,,,,,,,,,,,,,,"Robert Garcia","23363",676395
"Tom Cosgrove","WSN",0,1,0,4.70955,11,0,0,2,,11,48,10,6,6,1,5,,1,9,7.80789,4.14846,1.88212,1.11348,0.197539,0.104956,0.09258335828781128,0.246346,1.41213,0.288323,0.680707,,,4.54996,0.00764757,-0.0225754,999,,,,,,,51.10000000000001,4.645454545454546,50,4.545454545454546,,,,,,,,,,,,,,,,,,,"Tom Cosgrove","23443",676680
"Aaron Civale","CHC",0,1,0,4.16888,8,0,0,0,,8,35,8,4,4,1,2,,0,8,8.27693,2.65754,3.11451,1.32401,0.218943,0.0702977,0.14864517003297806,0.247595,1.25288,0.289373,0.715805,,,4.15668,0.00748352,-0.00130042,748.5800170898438,,,,,,,36.10000000000001,4.512500000000001,37,4.625,,,,,,,,,,,,,,,,,,,"Aaron Civale","19479",650644
"Angel Bastardo","BOS",0,0,0,4.17276,5,0,0,0,,5,20,4,2,2,0,2,,0,5,9.00189,4.09684,2.19728,0.947261,0.232326,0.105734,0.12659231573343277,0.237954,1.36387,0.296114,0.706866,,,3.91242,0.00745441,0.0189867,999,,,,,,,30.6,6.12,29,5.8,,,,,,,,,,,,,,,,,,,"Angel Bastardo","sa3009716",682785
"Enmanuel De Jesus","DET",0,0,0,4.28131,11,0,0,1,,11,48,10,6,5,1,5,,1,10,7.92749,3.89958,2.03291,0.946896,0.201396,0.0990678,0.10232800990343094,0.249067,1.39846,0.297656,0.704459,,,4.18642,0.00709213,-0.0123769,999,,,,,,,49.10000000000001,4.463636363636365,48,4.363636363636363,,,,,,,,,,,,,,,,,,,"Enmanuel De Jesus","18554",646241
"Kyle Hart","SDP",1,1,0,4.25234,11,0,0,2,,11,48,10,6,5,1,4,,1,10,8.06608,3.42522,2.35491,1.14688,0.20918,0.0888273,0.12035298347473145,0.244225,1.32093,0.287587,0.706648,,,4.25154,0.00706149,-0.0390942,999,,,,,,,56.10000000000001,5.1000000000000005,55,5,,,,,,,,,,,,,,,,,,,"Kyle Hart","19646",606996
"Chase Shugart","PHI",0,0,0,4.40323,10,0,0,1,,10,43,9,5,5,1,4,,1,9,8.1666,3.46169,2.35914,1.22222,0.212048,0.0898835,0.12216413766145706,0.242758,1.31753,0.284707,0.696942,,,4.3446,0.00698699,0.00364694,999,,,,,,,45.300000000000004,4.53,44,4.4,,,,,,,,,,,,,,,,,,,"Chase Shugart","21544",663767
"Kervin Castro","NYY",0,0,0,4.12649,6,0,0,0,,6,25,5,3,3,1,2,,0,6,8.59593,3.54818,2.42263,1.08121,0.225656,0.0931449,0.13251061737537384,0.237566,1.30097,0.286921,0.708521,,,3.98405,0.00679978,0.000265833,999,,,,,,,25.10000000000001,4.1833333333333345,23,3.8333333333333335,,,,,,,,,,,,,,,,,,,"Kervin Castro","21656",665645
"Daniel Espino","CLE",1,1,0,4.21809,8,0,0,0,,8,36,7,4,4,1,4,,0,9,9.8901,4.44273,2.22613,1.10058,0.25476,0.114441,0.14031922817230225,0.233286,1.37905,0.29645,0.719974,,,4.03106,0.0067551,0.000284241,999,,,,,,,34.7,4.3375,33,4.125,,,,,,,,,,,,,,,,,,,"Daniel Espino","25625",682982
"Nolan Hoffman","KCR",0,0,0,4.70601,6,0,0,0,,6,27,6,3,3,1,3,,0,5,7.96213,4.56055,1.74587,0.809919,0.197576,0.113168,0.08440868556499481,0.254802,1.50173,0.308842,0.678449,,,4.20349,0.00649227,0.00398879,999,,,,,,,17.500000000000007,2.916666666666668,18,3,,,,,,,,,,,,,,,,,,,"Nolan Hoffman","23381",676510
"Bradley Hanner","NYY",1,1,0,4.48078,10,0,0,1,,10,44,9,6,5,1,4,,1,10,8.90941,3.90042,2.28422,1.11306,0.230776,0.101031,0.12974559515714645,0.230594,1.30552,0.280478,0.675007,,,4.2352,0.00626587,-0.0302071,999,,,,,,,47.300000000000004,4.73,46,4.6,,,,,,,,,,,,,,,,,,,"Bradley Hanner","26097",690440
"Joey Estes","ATH",0,1,0,5.44321,4,1,0,0,,9,41,10,6,6,2,3,,1,7,6.4525,2.83779,2.27377,1.78797,0.165184,0.0726473,0.09253621846437454,0.263999,1.35911,0.278171,0.649148,,,5.39317,0.00624999,-0.0205339,999,,,,,,,18.000000000000007,2.000000000000001,21,2.3333333333333335,,,,,,,,,,,,,,,,,,,"Joey Estes","26257",683155
"Raymond Burgos","BOS",0,0,0,4.45028,7,0,0,0,,7,29,7,4,3,1,2,,0,5,6.78719,3.09869,2.19035,0.96404,0.173752,0.0793263,0.0944257527589798,0.266365,1.40085,0.305747,0.690211,,,4.09039,0.00618988,-0.00880886,999,,,,,,,25.3,3.6142857142857143,26,3.7142857142857144,,,,,,,,,,,,,,,,,,,"Raymond Burgos","22370",670103
"Keaton Winn","SFG",0,0,0,4.1221,4,0,0,0,,4,17,4,2,2,0,1,,0,3,7.70387,3.16281,2.43576,0.873737,0.200169,0.0821792,0.11798995733261108,0.248165,1.31195,0.295958,0.692252,,,3.85241,0.00602024,-0.00103754,999,,,,,,,22.200000000000003,5.550000000000001,23,5.75,,,,,,,,,,,,,,,,,,,"Keaton Winn","23499",676775
"José Suarez","ATH",0,0,0,4.23795,6,0,0,0,,6,25,6,3,3,1,2,,0,5,8.50331,3.29648,2.57951,1.1989,0.221159,0.0857368,0.1354224607348442,0.24814,1.32668,0.296231,0.714665,,,4.13217,0.00576974,0.00381812,999,,,,,,,20.500000000000007,3.416666666666668,21,3.5,,,,,,,,,,,,,,,,,,,"Jose Suarez","19911",660761
"Zach McCambley","CIN",0,0,0,4.46412,8,0,0,0,,8,35,7,4,4,1,4,,1,8,8.89158,4.39136,2.02479,1.13553,0.224637,0.110943,0.11369363963603973,0.242785,1.42096,0.295672,0.70867,,,4.41419,0.00561617,0.00672053,999,,,,,,,29.700000000000006,3.712500000000001,28,3.5,,,,,,,,,,,,,,,,,,,"Zach McCambley","27666",685112
"Cionel Pérez","NYM",0,0,0,4.09689,5,0,0,0,,5,20,4,2,2,0,2,,0,4,8.24616,4.3984,1.87481,0.755024,0.209296,0.111636,0.097660131752491,0.243107,1.42337,0.29909,0.711051,,,3.94228,0.00545042,0.0139364,999,,,,,,,28.6,5.720000000000001,27,5.4,,,,,,,,,,,,,,,,,,,"Cionel Perez","19614",672335
"Brenan Hanifee","DET",0,0,0,4.14884,9,0,0,0,,9,38,9,4,4,1,3,,0,6,6.35651,2.60775,2.43755,0.942923,0.164173,0.0673516,0.096821129322052,0.265151,1.33975,0.300172,0.702959,,,4.06056,0.00544491,0.0176184,999,,,,,,,33.90000000000001,3.766666666666668,35,3.888888888888889,,,,,,,,,,,,,,,,,,,"Brenan Hanifee","22304",669724
"Spencer Bivens","SFG",0,1,0,4.11038,11,0,0,1,,11,46,11,5,5,1,4,,1,8,6.90707,2.95556,2.33697,0.978796,0.179131,0.0766511,0.10248029232025146,0.253808,1.31819,0.29139,0.704817,,,4.11739,0.0054084,0.0129152,999,,,,,,,45.50000000000001,4.136363636363637,47,4.2727272727272725,,,,,,,,,,,,,,,,,,,"Spencer Bivens","30226",702352
"Braxton Garrett","CHC",0,0,0,3.90798,3,0,0,0,,4,18,4,2,2,0,1,,0,4,8.53371,2.82426,3.02158,0.965924,0.224714,0.0743699,0.15034445375204086,0.245495,1.26064,0.299683,0.710259,,,3.67192,0.00531323,-0.00221063,604.1099853515625,,,,,,,24.200000000000003,6.050000000000001,25,6.25,,,,,,,,,,,,,,,,,,,"Braxton Garrett","21844",666129
"Kyle Backhus","PHI",0,0,0,4.19041,5,0,0,0,,5,23,5,3,2,1,2,,0,5,8.24067,3.36641,2.44791,1.01,0.211509,0.0864039,0.125105082988739,0.249981,1.34395,0.300725,0.70596,,,4.05999,0.00530164,-0.013199,999,,,,,,,15.7,3.1399999999999997,16,3.2,,,,,,,,,,,,,,,,,,,"Kyle Backhus","29615",679775
"Brant Hurter","DET",0,0,0,3.69671,3,0,0,0,,3,11,2,1,1,0,1,,0,2,7.68661,3.06321,2.50933,0.793662,0.201057,0.0801236,0.12093333154916763,0.239646,1.25752,0.28735,0.71518,,,3.78541,0.00523955,0.0162125,999,,,,,,,18.000000000000004,6.000000000000001,16,5.333333333333333,,,,,,,,,,,,,,,,,,,"Brant Hurter","30133",676428
"Eric Orze","MIN",0,0,0,4.38444,8,0,0,0,,8,35,7,4,4,1,4,,0,7,8.26429,4.10344,2.01399,1.07559,0.211355,0.104944,0.10641167312860489,0.241631,1.38124,0.288645,0.701622,,,4.34769,0.00507652,0.00266187,999,,,,,,,30.700000000000006,3.837500000000001,29,3.625,,,,,,,,,,,,,,,,,,,"Eric Orze","27626",679358
"Justin Topa","NYY",0,0,0,3.91935,2,0,0,0,,2,10,2,1,1,0,1,,0,2,7.40323,2.75806,2.68421,0.870968,0.194656,0.0725191,0.1221373900771141,0.254167,1.29032,0.300546,0.698324,,,3.76239,0.00477044,0.0000886109,999,,,,,,,10.600000000000001,5.300000000000001,11,5.5,,,,,,,,,,,,,,,,,,,"Justin Topa","15145",623437
"Edwin Uceta","TBR",0,0,0,3.70127,2,0,0,0,,2,8,2,1,1,0,1,,0,2,10.5445,3.42703,3.07687,1.16065,0.282141,0.0916975,0.1904434636235237,0.215487,1.18036,0.278265,0.733483,,,3.74426,0.00458594,0.000702754,572.6900024414062,,,,,,,10.600000000000001,5.300000000000001,11,5.5,,,,,,,,,,,,,,,,,,,"Edwin Uceta","20539",670955
"Sam Aldegheri","LAA",0,1,0,5.0409,4,1,0,0,,7,32,7,4,4,1,3,,1,5,6.70788,4.15755,1.61342,1.36162,0.166777,0.103369,0.06340838968753815,0.259124,1.47973,0.28586,0.686893,,,5.18467,0.00458153,-0.00658103,999,,,,,,,19.3,2.757142857142857,20,2.857142857142857,,,,,,,,,,,,,,,,,,,"Sam Aldegheri","26443",691951
"Matt Bowman","MIN",0,0,0,4.47819,5,0,0,0,,5,20,5,2,2,1,2,,0,4,7.37636,3.20754,2.29969,1.12792,0.189332,0.0823292,0.10700271278619766,0.259936,1.37849,0.300207,0.696276,,,4.26537,0.00457777,0.0169567,999,,,,,,,13.7,2.7399999999999998,14,2.8,,,,,,,,,,,,,,,,,,,"Matt Bowman","13528",621199
"Luke Little","KCR",0,0,0,4.12774,5,0,0,0,,5,23,4,3,2,0,3,,0,5,9.20016,5.68346,1.61876,0.719511,0.227856,0.140759,0.08709640800952911,0.226472,1.48348,0.290262,0.718134,,,4.25287,0.004564,-0.0114363,999,,,,,,,27.6,5.5200000000000005,26,5.2,,,,,,,,,,,,,,,,,,,"Luke Little","28036",681432
"Shawn Armstrong","CLE",0,0,0,3.97467,3,0,0,0,,3,11,2,1,1,0,1,,0,3,8.8288,3.18663,2.77057,1.03445,0.232541,0.0839325,0.14860859513282776,0.235908,1.25251,0.288846,0.70766,,,3.84743,0.00449904,0.0157597,748.469970703125,,,,,,,20.000000000000004,6.666666666666668,18,6,,,,,,,,,,,,,,,,,,,"Shawn Armstrong","12857",542888
"Jeff Criswell","COL",0,0,0,4.9411,8,0,0,0,,8,35,8,5,4,1,4,,0,8,8.80833,4.07497,2.16157,1.43979,0.220085,0.101817,0.11826752871274948,0.265147,1.50275,0.315457,0.708485,,,4.66817,0.00447781,-0.0111623,999,,,,,,,30.100000000000005,3.7625000000000006,31,3.875,,,,,,,,,,,,,,,,,,,"Jeff Criswell","27608",676105
"Will Klein","LAD",0,0,0,4.12509,3,0,0,0,,3,12,3,1,1,0,1,,0,3,9.85275,4.92865,1.99908,0.87972,0.245334,0.122724,0.12261050939559937,0.245201,1.49296,0.318301,0.733537,,,3.98704,0.00445877,0.0157579,999,,,,,,,17.400000000000002,5.800000000000001,18,6,,,,,,,,,,,,,,,,,,,"Will Klein","27787",694361
"Hunter Stratton","SDP",0,0,0,4.17867,5,0,0,0,,5,21,5,3,2,1,2,,0,4,8.04748,3.45616,2.32845,1.08731,0.209258,0.0898704,0.1193879246711731,0.242282,1.3145,0.286557,0.70705,,,4.16481,0.00438603,-0.0181914,999,,,,,,,13.7,2.7399999999999998,14,2.8,,,,,,,,,,,,,,,,,,,"Hunter Stratton","23455",676702
"Elvis Alvarado","ATH",1,1,0,4.28276,12,0,2,2,,12,52,10,6,6,2,6,,1,13,9.80606,4.42619,2.21546,1.24945,0.252116,0.113799,0.13831777125597,0.229909,1.35844,0.286416,0.722629,,,4.36714,0.00408106,0.0771174,748.52001953125,,,,,,,61.20000000000002,5.100000000000001,57,4.75,,,,,,,,,,,,,,,,,,,"Elvis Alvarado","21662",665660
"Joel Kuhnel","MIL",0,0,0,4.24462,6,0,0,0,,6,25,6,3,3,1,2,,0,4,6.26207,2.65868,2.35533,1.13954,0.161977,0.0687705,0.0932065024971962,0.264811,1.34358,0.293884,0.71245,,,4.35165,0.00385665,0.0000116177,999,,,,,,,18.500000000000007,3.0833333333333344,19,3.1666666666666665,,,,,,,,,,,,,,,,,,,"Joel Kuhnel","19995",669270
"Gavin Stone","LAD",0,0,0,4.3151,2,0,0,0,,2,11,2,1,1,0,1,,0,2,8.26088,2.85607,2.8924,1.14093,0.216907,0.074992,0.14191469550132751,0.249807,1.28634,0.29715,0.690071,,,3.95523,0.00379981,0.0000807183,999,,,,,,,10.600000000000001,5.300000000000001,11,5.5,,,,,,,,,,,,,,,,,,,"Gavin Stone","27792",694813
"Carlos Lagrange","NYY",0,0,0,4.07299,4,0,0,0,,4,15,3,2,2,0,2,,0,4,10.0695,4.72463,2.13127,1.0915,0.259428,0.121725,0.13770326226949692,0.221983,1.35524,0.283581,0.728273,,,4.14112,0.00376728,0.000177222,999,,,,,,,23.8,5.95,22,5.5,,,,,,,,,,,,,,,,,,,"Carlos Lagrange","sa3019390",801739
"Chris Murphy","CHW",0,0,0,4.24551,7,0,0,0,,7,28,6,3,3,1,3,,1,6,8.28458,4.18465,1.97976,1.04822,0.211267,0.106713,0.10455313324928284,0.236928,1.36849,0.283468,0.70991,,,4.38874,0.00370914,0.0171306,999,,,,,,,23.9,3.414285714285714,22,3.142857142857143,,,,,,,,,,,,,,,,,,,"Chris Murphy","26214",669684
"Austin Peterson","CLE",0,0,0,4.3373,5,0,0,0,,6,27,7,3,3,1,2,,0,5,7.40844,2.56977,2.88292,1.10079,0.192343,0.0667183,0.12562481313943863,0.265533,1.33759,0.308211,0.697695,,,3.98144,0.0035696,-0.00174341,999,,,,,,,17.90000000000001,2.9833333333333347,21,3.5,,,,,,,,,,,,,,,,,,,"Austin Peterson","sa3020868",804926
"Josh Fleming","STL",0,0,0,4.5,4,0,0,0,,4,18,4,2,2,0,1,,0,2,5.4,2.7,2,0.9,0.139535,0.0697674,0.06976743787527084,0.275,1.4,0.30303,0.714286,,,4.08497,0.00356672,-0.000878872,999,,,,,,,20.200000000000003,5.050000000000001,21,5.25,,,,,,,,,,,,,,,,,,,"Josh Fleming","20418",676596
"Miguel Ullola","HOU",1,1,0,4.27288,10,0,0,1,,10,42,8,5,5,1,6,,1,11,10.2464,5.26683,1.94546,1.05433,0.26001,0.13365,0.12636055052280426,0.219622,1.40416,0.283753,0.716132,,,4.27993,0.00348958,0.00845075,999,,,,,,,45.900000000000006,4.590000000000001,42,4.2,,,,,,,,,,,,,,,,,,,"Miguel Ullola","29036",699044
"Eddy Yean","WSN",0,0,0,4.43398,8,0,0,0,,8,34,8,4,4,1,3,,0,6,7.17859,3.9546,1.81525,0.940045,0.182152,0.100345,0.08180659264326096,0.253895,1.42966,0.295448,0.696691,,,4.28347,0.0033947,0.000931,999,,,,,,,29.100000000000005,3.6375000000000006,30,3.75,,,,,,,,,,,,,,,,,,,"Eddy Yean","24248",678868
"Phil Maton","CHC",0,0,0,3.9113,2,0,0,0,,2,7,1,1,1,0,1,,0,2,9.53214,3.73063,2.5551,0.879118,0.24748,0.0968572,0.15062253177165985,0.229878,1.28314,0.294049,0.707229,,,3.73964,0.00334955,-0.000325104,743.3800048828125,,,,,,,13.200000000000001,6.6000000000000005,11,5.5,,,,,,,,,,,,,,,,,,,"Phil Maton","18064",664208
"Yaramil Hiraldo","BAL",0,0,0,4.31013,8,0,0,0,,8,34,7,4,4,1,3,,0,8,9.50028,3.79599,2.50271,1.44697,0.249635,0.0997459,0.14988934248685837,0.231723,1.29947,0.278814,0.724994,,,4.38632,0.0032516,-0.000040596,999,,,,,,,35.7,4.4625,34,4.25,,,,,,,,,,,,,,,,,,,"Yaramil Hiraldo","25215",682274
"Zach Franklin","NYM",0,0,0,4.11972,5,0,0,0,,5,22,5,3,2,1,2,,0,5,9.17905,4.0006,2.29442,1.19524,0.236936,0.103266,0.13366951048374176,0.241699,1.37204,0.296005,0.737272,,,4.17263,0.00323001,-0.0177631,999,,,,,,,15.7,3.1399999999999997,16,3.2,,,,,,,,,,,,,,,,,,,"Zach Franklin","sa3022735",702103
"Justin Hagenman","NYM",0,0,0,4.07418,2,0,0,0,,2,8,2,1,1,0,1,,0,2,8.19124,2.41624,3.39008,1.27654,0.218856,0.0645577,0.154297836124897,0.243989,1.20762,0.285042,0.709153,,,4.03701,0.00320522,-0.00081563,999,,,,,,,10.600000000000001,5.300000000000001,11,5.5,,,,,,,,,,,,,,,,,,,"Justin Hagenman","21546",663795
"James Karinchak","ATL",0,0,0,4.3688,9,0,0,0,,9,38,7,5,4,1,5,,0,10,10.7018,4.94502,2.16416,1.33588,0.273648,0.126446,0.14720289409160614,0.225801,1.39817,0.289234,0.731319,,,4.3962,0.00318783,-0.0135033,999,,,,,,,41.10000000000001,4.566666666666667,37,4.111111111111111,,,,,,,,,,,,,,,,,,,"James Karinchak","20151",675916
"Jack Anderson","MIN",0,1,0,4.41692,9,0,0,0,,9,37,9,5,4,1,3,,0,7,7.42913,2.63696,2.81731,1.27566,0.194076,0.068887,0.12518920749425888,0.260519,1.31819,0.29766,0.70082,,,4.23092,0.00315772,-0.0121188,999,,,,,,,35.90000000000001,3.9888888888888903,37,4.111111111111111,,,,,,,,,,,,,,,,,,,"Jack Anderson","30086",681252
"Paul Gervase","LAD",0,0,0,4.57824,8,0,0,0,,8,35,7,4,4,1,4,,0,8,9.44253,4.60939,2.04854,1.27069,0.241856,0.118062,0.12379340082406998,0.231529,1.38889,0.283299,0.701767,,,4.47587,0.00309888,0.000322873,999,,,,,,,32.7,4.0875,31,3.875,,,,,,,,,,,,,,,,,,,"Paul Gervase","31571",801434
"Robby Ahlstrom","TEX",0,0,0,4.37198,10,0,0,2,,10,45,10,5,5,1,5,,1,9,7.97559,4.13256,1.92994,1.05468,0.203954,0.105679,0.09827493876218796,0.240842,1.38237,0.284826,0.701262,,,4.37142,0.0030575,0.0125942,999,,,,,,,43.7,4.37,45,4.5,,,,,,,,,,,,,,,,,,,"Robby Ahlstrom","30167",695239
"Caleb Kilian","PHI",0,0,0,4.32562,3,0,0,0,,3,15,3,2,2,0,1,,0,3,8.11419,3.68273,2.20331,1.02646,0.208586,0.0946692,0.11391641944646835,0.248462,1.37125,0.296877,0.700601,,,4.1153,0.00289948,-0.0138536,999,,,,,,,17.400000000000002,5.800000000000001,18,6,,,,,,,,,,,,,,,,,,,"Caleb Kilian","26213",668873
"Henry Williams","KCR",0,0,0,5.54353,1,1,0,0,,6,25,6,4,3,1,2,,0,3,5.59246,3.77061,1.48317,1.41886,0.138617,0.0934597,0.045157186686992645,0.276676,1.53205,0.294521,0.657757,,,5.27062,0.00288837,-0.00706269,999,,,,,,,16.500000000000007,2.7500000000000013,17,2.8333333333333335,,,,,,,,,,,,,,,,,,,"Henry Williams","sa3020901",689275
"Sawyer Gipson-Long","DET",0,0,0,4.26934,2,0,0,0,,2,10,2,1,1,0,1,,0,2,7.93884,2.87075,2.76543,1.09276,0.208759,0.0754889,0.1332699880003929,0.247204,1.27456,0.291456,0.687086,,,3.97871,0.00284263,0.000512404,999,,,,,,,10.600000000000001,5.300000000000001,11,5.5,,,,,,,,,,,,,,,,,,,"Sawyer Gipson-Long","26048",687830
"Tayler Saucedo","LAA",0,0,0,4.34186,11,0,0,2,,11,47,10,6,5,1,5,,1,10,8.33406,4.07756,2.04388,1.04827,0.211522,0.10349,0.10803157836198807,0.245768,1.40129,0.295393,0.7082,,,4.30594,0.00278679,-0.0111763,999,,,,,,,53.10000000000001,4.827272727272728,52,4.7272727272727275,,,,,,,,,,,,,,,,,,,"Tayler Saucedo","17888",642048
"Noah Murdock","PIT",0,0,0,4.46571,4,0,0,0,,4,20,4,2,2,0,3,,0,4,8.29798,5.20863,1.59312,0.682727,0.201803,0.126671,0.0751313865184784,0.251679,1.55744,0.312312,0.701541,,,4.26745,0.00278055,0.00162208,999,,,,,,,18.200000000000003,4.550000000000001,19,4.75,,,,,,,,,,,,,,,,,,,"Noah Murdock","27908",668716
"Wandy Peralta","SDP",1,1,0,3.95971,10,0,0,1,,10,45,10,5,5,1,4,,1,8,7.12563,3.6729,1.94006,0.892072,0.183096,0.0943765,0.08871939033269882,0.245783,1.35641,0.286168,0.721216,,,4.18761,0.00277139,-0.00480339,999,,,,,,,40.7,4.07,42,4.2,,,,,,,,,,,,,,,,,,,"Wandy Peralta","14295",593974
"Mason Englert","TBR",0,0,0,4.29299,4,0,0,0,,5,23,5,3,3,1,2,,0,5,8.04974,2.64541,3.04291,1.35458,0.211415,0.0694781,0.14193742722272873,0.254964,1.28978,0.295478,0.714788,,,4.22703,0.00273022,-0.000480019,999,,,,,,,15.7,3.1399999999999997,16,3.2,,,,,,,,,,,,,,,,,,,"Mason Englert","22288",669438
"Jhony Brito","SDP",0,0,0,4.25203,5,0,0,0,,5,23,5,3,3,1,2,,0,4,7.02583,2.86118,2.45557,1.05983,0.182917,0.0744909,0.1084265410900116,0.257892,1.32917,0.295583,0.700537,,,4.09403,0.00266749,-0.0181914,999,,,,,,,13.7,2.7399999999999998,14,2.8,,,,,,,,,,,,,,,,,,,"Jhony Brito","25386",666745
"Austin Warren","NYM",1,1,0,4.23511,9,0,0,1,,9,39,8,5,4,1,4,,1,9,8.47268,3.64716,2.32309,1.16492,0.219748,0.0945928,0.12515492737293243,0.238599,1.31714,0.284424,0.709245,,,4.27125,0.00255766,-0.0267593,999,,,,,,,40.500000000000014,4.500000000000002,39,4.333333333333333,,,,,,,,,,,,,,,,,,,"Austin Warren","24937",681810
"Adam Macko","TEX",0,1,0,4.43632,9,0,0,1,,9,41,9,5,5,1,4,,1,8,8.27391,4.37375,1.89172,1.00457,0.207869,0.109884,0.0979854017496109,0.248467,1.44806,0.29934,0.706206,,,4.34891,0.00246979,-0.0200231,999,,,,,,,35.90000000000001,3.9888888888888903,37,4.111111111111111,,,,,,,,,,,,,,,,,,,"Adam Macko","25590",671936
"Kendry Rojas","MIN",0,1,0,4.3027,6,0,0,0,,8,34,8,4,4,1,4,,0,7,8.5579,4.33354,1.9748,0.98381,0.215523,0.109136,0.10638656467199326,0.25066,1.45492,0.30607,0.718398,,,4.18991,0.00244923,0.000110879,999,,,,,,,28.100000000000005,3.5125000000000006,29,3.625,,,,,,,,,,,,,,,,,,,"Kendry Rojas","29423",696070
"Nate Pearson","KCR",1,1,0,4.63453,12,0,3,2,,12,52,11,7,6,1,6,,1,11,8.17642,4.46511,1.83118,1.12112,0.206265,0.112641,0.09362445026636124,0.244079,1.43573,0.289375,0.694506,,,4.55201,0.00244327,-0.0592223,999,,,,,,,71.9,5.991666666666667,71,5.916666666666667,,,,,,,,,,,,,,,,,,,"Nate Pearson","20160",663878
"Paxton Schultz","WSN",0,0,0,4.37869,4,0,0,0,,4,17,4,2,2,1,1,,0,4,8.11792,3.30428,2.45679,1.2756,0.210408,0.0856437,0.12476462125778198,0.251901,1.347,0.294479,0.712339,,,4.31453,0.00241302,0.0004655,999,,,,,,,11.9,2.975,12,3,,,,,,,,,,,,,,,,,,,"Paxton Schultz","25501",687606
"Matt Gage","SFG",0,0,0,4.22349,7,0,0,0,,7,31,7,4,3,1,3,,0,6,7.33925,3.48809,2.10409,0.952101,0.189739,0.0901767,0.09956279397010803,0.249317,1.35404,0.291242,0.699834,,,4.09343,0.00233993,-0.01744,999,,,,,,,24.3,3.4714285714285715,25,3.5714285714285716,,,,,,,,,,,,,,,,,,,"Matt Gage","17381",657424
"Johan Oviedo","BOS",0,0,0,4.16122,3,0,0,0,,5,22,4,3,2,1,2,,0,5,8.85749,3.9297,2.25399,1.09602,0.227814,0.101071,0.126742422580719,0.235383,1.33246,0.286697,0.714217,,,4.24243,0.00233699,-0.013924,536.780029296875,,,,,,,18.299999999999997,3.6599999999999993,16,3.2,,,,,,,,,,,,,,,,,,,"Johan Oviedo","22487",670912
"Dylan Ross","NYM",0,0,0,4.14772,3,0,0,0,,3,12,2,1,1,0,2,,0,3,9.31932,5.51851,1.68874,0.800394,0.234135,0.138645,0.09549002349376678,0.227717,1.47122,0.290931,0.720484,,,4.13373,0.00233531,0.0148377,999,,,,,,,17.000000000000004,5.666666666666668,15,5,,,,,,,,,,,,,,,,,,,"Dylan Ross","sa3025659",697811
"John King","MIA",0,0,0,4.12192,3,0,0,0,,3,13,3,2,1,0,1,,0,2,6.29287,2.75073,2.28771,0.933349,0.163013,0.0712561,0.0917569175362587,0.261884,1.33811,0.295827,0.704399,,,4.07513,0.00221833,-0.0140116,999,,,,,,,15.400000000000002,5.133333333333334,16,5.333333333333333,,,,,,,,,,,,,,,,,,,"John King","22051",667463
"Seth Halvorsen","LAD",1,0,0,4.40715,8,0,0,1,,8,37,8,4,4,1,4,,0,8,8.36549,4.30997,1.94096,1.21211,0.213133,0.109808,0.10332530736923218,0.243852,1.41734,0.288684,0.720283,,,4.51477,0.00221442,0.00556619,712.510009765625,,,,,,,34.10000000000001,4.262500000000001,35,4.375,,,,,,,,,,,,,,,,,,,"Seth Halvorsen","33294",678020
"Codi Heuer","BAL",0,0,0,4.32727,8,0,0,0,,8,33,8,4,4,1,3,,0,7,7.68312,3.46997,2.21417,1.11007,0.195592,0.0883362,0.1072554811835289,0.257129,1.39279,0.300623,0.713191,,,4.32315,0.00220085,-0.000040596,999,,,,,,,31.100000000000005,3.8875000000000006,32,4,,,,,,,,,,,,,,,,,,,"Codi Heuer","23293",676051
"Connor Phillips","CIN",0,0,0,4.56707,3,0,0,0,,3,15,3,2,2,0,2,,0,4,9.58837,4.88452,1.96301,1.12593,0.245015,0.124816,0.1201992854475975,0.224984,1.38749,0.280647,0.689498,,,4.36087,0.00216962,-0.0119985,999,,,,,,,16.400000000000002,5.466666666666668,17,5.666666666666667,,,,,,,,,,,,,,,,,,,"Connor Phillips","27649",683175
"Yariel Rodríguez","TOR",0,0,0,4.19713,3,0,0,0,,3,11,2,1,1,0,1,,0,3,9.00898,4.514,1.99579,1.0842,0.231345,0.115917,0.1154281422495842,0.229763,1.36961,0.28141,0.718354,,,4.29547,0.00200721,0.0159445,999,,,,,,,20.000000000000004,6.666666666666668,18,6,,,,,,,,,,,,,,,,,,,"Yariel Rodriguez","33838",684320
"Rob Zastryzny","MIL",0,0,0,4.11025,3,0,0,0,,3,15,3,2,2,0,1,,0,3,8.28072,3.44874,2.40109,1.20526,0.216688,0.0902458,0.1264422908425331,0.237418,1.28917,0.279532,0.719593,,,4.2761,0.00199308,-0.0152684,999,,,,,,,17.400000000000002,5.800000000000001,18,6,,,,,,,,,,,,,,,,,,,"Rob Zastryzny","15094",642239
"Hayden Harris","ATL",0,0,0,4.04652,8,0,0,0,,8,35,7,4,4,1,4,,1,9,9.7061,4.75781,2.04003,0.98476,0.247824,0.121481,0.12634383141994476,0.225953,1.37811,0.287777,0.726084,,,4.12718,0.0019803,0.00153577,999,,,,,,,31.700000000000006,3.962500000000001,30,3.75,,,,,,,,,,,,,,,,,,,"Hayden Harris","31913",802686
"Jordan Wicks","CHC",0,0,0,4.12181,2,0,0,0,,2,8,2,1,1,0,1,,0,2,7.64948,3.02611,2.52783,1.04018,0.199383,0.0788753,0.12050788104534149,0.252556,1.3195,0.296368,0.709771,,,3.99636,0.00193707,-0.000325104,999,,,,,,,10.600000000000001,5.300000000000001,11,5.5,,,,,,,,,,,,,,,,,,,"Jordan Wicks","30094",696136
"Tanner McDougal","CHW",0,0,0,4.3705,7,0,0,0,,7,31,7,4,3,1,3,,0,7,8.6725,4.25513,2.03813,1.11527,0.220642,0.108257,0.11238465458154678,0.239878,1.39112,0.289847,0.708984,,,4.38563,0.0019172,-0.0133641,999,,,,,,,26.300000000000015,3.7571428571428593,27,3.857142857142857,,,,,,,,,,,,,,,,,,,"Tanner McDougal","29887",701780
"Taylor Rashi","ATH",0,0,0,4.20231,8,0,0,0,,8,33,7,4,4,1,3,,0,7,8.21135,4.06356,2.02073,1.12547,0.21006,0.103953,0.10610733181238174,0.246396,1.40295,0.29263,0.729246,,,4.33171,0.00182182,0.00509083,999,,,,,,,33.7,4.2125,32,4,,,,,,,,,,,,,,,,,,,"Taylor Rashi","26344",688497
"Tyler Uberstine","ATL",0,0,0,4.5,2,0,0,0,,2,10,3,1,1,0,1,,0,2,7.875,3.375,2.33333,1.125,0.194444,0.0833333,0.1111111119389534,0.272727,1.5,0.32,0.660377,,,4.08497,0.00182144,0.000383942,999,,,,,,,8,4,11,5.5,,,,,,,,,,,,,,,,,,,"Tyler Uberstine","29961",700413
"Ryan Weiss","HOU",0,0,0,4.26923,2,0,0,0,,2,7,1,1,1,0,1,,0,1,8.76923,3.46154,2.53333,1.15385,0.228228,0.0900901,0.13813813775777817,0.240803,1.30769,0.29108,0.704545,,,4.11061,0.00172399,0.00025988,725.9600219726562,,,,,,,11.200000000000001,5.6000000000000005,9,4.5,,,,,,,,,,,,,,,,,,,"Ryan Weiss","24621",680802
"Chad Dallas","TOR",0,0,0,4.36563,5,0,0,0,,5,22,5,3,3,1,2,,0,5,8.03116,3.5005,2.29429,1.19317,0.206411,0.0899672,0.11644367128610611,0.253157,1.37534,0.297348,0.71284,,,4.30407,0.00164969,-0.0146234,999,,,,,,,15.7,3.1399999999999997,16,3.2,,,,,,,,,,,,,,,,,,,"Chad Dallas","30158",689149
"Coleman Crow","MIL",0,0,0,4.27483,3,0,0,0,,5,19,4,2,2,1,2,,0,4,7.79046,2.99843,2.59818,1.20216,0.204944,0.0788799,0.1260642558336258,0.245576,1.2804,0.284693,0.698848,,,4.18934,0.00164092,-0.0171539,999,,,,,,,16.299999999999997,3.2599999999999993,14,2.8,,,,,,,,,,,,,,,,,,,"Coleman Crow","27926",689441
"Taylor Clarke","ARI",0,1,0,4.23137,10,0,0,1,,10,42,10,5,5,1,3,,0,8,6.79827,2.32327,2.92616,1.25531,0.179528,0.0613526,0.11817501112818718,0.254413,1.25111,0.283728,0.700935,,,4.30108,0.0016092,0.0027024,999,,,,,,,46.7,4.67,48,4.8,,,,,,,,,,,,,,,,,,,"Taylor Clarke","17611",664199
"Scott Blewett","ATH",1,0,0,4.60244,11,0,0,2,,11,50,12,6,6,2,4,,0,9,7.30271,3.33332,2.19082,1.18119,0.186595,0.085171,0.10142368823289871,0.262333,1.40524,0.300986,0.695365,,,4.37929,0.00159613,-0.0019563,999,,,,,,,39.60000000000001,3.600000000000001,43,3.909090909090909,,,,,,,,,,,,,,,,,,,"Scott Blewett","16427",656240
"AJ Blubaugh","HOU",1,1,0,4.40071,11,0,0,2,,11,46,10,6,5,2,5,,0,10,8.64179,3.90413,2.2135,1.2938,0.224139,0.10126,0.12287908792495728,0.238507,1.34523,0.282498,0.711332,,,4.4209,0.00159406,-0.0185632,748.5399780273438,,,,,,,43.80000000000001,3.981818181818183,42,3.8181818181818183,,,,,,,,,,,,,,,,,,,"AJ Blubaugh","31764",805123
"Hunter Bigge","TBR",0,0,0,4.42271,4,0,0,0,,4,19,4,2,2,1,2,,0,4,8.26689,3.96491,2.08501,1.18909,0.213403,0.102351,0.1110522523522377,0.239768,1.35832,0.282904,0.702414,,,4.39491,0.00152796,0.00140551,999,,,,,,,8.9,2.225,9,2.25,,,,,,,,,,,,,,,,,,,"Hunter Bigge","26259",685801
"Jaden Woods","CHW",0,0,0,5,2,0,0,0,,2,7,2,1,1,0,1,,0,1,7,4,1.75,1,0.175,0.1,0.07499999552965164,0.25,1.44444,0.285714,0.689655,,,4.30719,0.00140009,0.000514353,999,,,,,,,8.600000000000001,4.300000000000001,9,4.5,,,,,,,,,,,,,,,,,,,"Jaden Woods","sa3023064",692243
"Angel Chivilli","NYY",0,0,0,4.6522,8,0,0,0,,8,34,8,4,4,1,3,,1,7,7.99406,3.26355,2.4495,1.22432,0.206112,0.0841445,0.12196730077266693,0.250092,1.33309,0.292149,0.674954,,,4.3639,0.00125294,0.000354443,999,,,,,,,28.100000000000005,3.5125000000000006,29,3.625,,,,,,,,,,,,,,,,,,,"Angel Chivilli","26790",683409
"Jordan Leasure","CHW",0,0,0,4.16479,2,0,0,0,,2,10,2,1,1,0,1,,0,3,9.87487,3.78691,2.60764,1.52638,0.259835,0.0996439,0.16019117832183838,0.223624,1.26159,0.269225,0.740706,,,4.48349,0.0012247,0.000514353,717.510009765625,,,,,,,12.600000000000001,6.300000000000001,13,6.5,,,,,,,,,,,,,,,,,,,"Jordan Leasure","29950",673929
"Bradley Blalock","MIA",0,0,0,5.14812,4,1,0,0,,6,28,7,4,4,1,3,,0,4,6.35155,3.84518,1.65182,1.35713,0.15833,0.0958516,0.06247799098491669,0.272483,1.51715,0.298758,0.685579,,,5.0061,0.00121444,-0.0230259,999,,,,,,,12.900000000000006,2.150000000000001,16,2.6666666666666665,,,,,,,,,,,,,,,,,,,"Bradley Blalock","26419",687134
"Tyler Ferguson","CHC",0,0,0,4.19423,4,0,0,0,,4,16,3,2,2,0,2,,0,4,8.91943,4.45099,2.00392,1.02663,0.230404,0.114977,0.11542760580778122,0.225513,1.34188,0.276469,0.7066,,,4.21784,0.00112184,-0.000650208,999,,,,,,,23.8,5.95,22,5.5,,,,,,,,,,,,,,,,,,,"Tyler Ferguson","19481",621053
"Tyler Gilbert","CHW",0,0,0,4.4136,5,0,0,0,,5,20,4,3,2,1,2,,0,4,7.87748,3.58419,2.19784,1.23112,0.204084,0.0928565,0.11122716963291168,0.244545,1.34022,0.283526,0.702681,,,4.42319,0.00110211,-0.0138457,999,,,,,,,16.299999999999997,3.2599999999999993,14,2.8,,,,,,,,,,,,,,,,,,,"Tyler Gilbert","17964",656457
"Craig Yoho","CLE",1,0,0,4.29927,10,0,0,2,,10,43,9,5,5,1,4,,1,10,8.76109,4.0539,2.16115,1.07966,0.22634,0.104731,0.1216089278459549,0.229876,1.31905,0.278807,0.694823,,,4.26427,0.00109951,0.000355302,999,,,,,,,51.300000000000004,5.130000000000001,50,5,,,,,,,,,,,,,,,,,,,"Craig Yoho","33248",684974
"Tristan Beck","SFG",0,0,0,4.26026,4,0,0,0,,4,15,3,2,2,0,1,,0,3,7.11329,3.19522,2.22623,1.07343,0.185242,0.083209,0.10203322023153305,0.249445,1.32216,0.285716,0.69914,,,4.22332,0.00109737,-0.00103754,999,,,,,,,24.8,6.2,23,5.75,,,,,,,,,,,,,,,,,,,"Tristan Beck","21584",663941
"Tanner Houck","BOS",0,0,0,4.76471,4,0,0,0,,4,15,4,2,2,0,1,,0,3,6.88235,3.17647,2.16667,1.05882,0.180556,0.0833333,0.0972222313284874,0.261538,1.35294,0.3,0.643564,,,4.32027,0.00109407,0.00333074,999,,,,,,,22.200000000000003,5.550000000000001,23,5.75,,,,,,,,,,,,,,,,,,,"Tanner Houck","19879",656557
"Duncan Davitt","ATL",0,0,0,4.46678,5,0,0,0,,5,20,5,2,2,1,2,,0,4,7.72679,3.07175,2.51543,1.19604,0.197433,0.0784887,0.11894446611404419,0.266701,1.39967,0.310881,0.708792,,,4.23582,0.00108905,0.0163734,999,,,,,,,13.7,2.7399999999999998,14,2.8,,,,,,,,,,,,,,,,,,,"Duncan Davitt","31886",701474
"Grant Holman","PHI",0,0,0,4.25013,2,0,0,0,,2,7,1,1,1,0,1,,0,1,7.67401,3.99379,1.92149,1.06095,0.19742,0.102743,0.09467682987451553,0.239568,1.36053,0.279702,0.708685,,,4.38894,0.00100333,0.000729388,999,,,,,,,11.200000000000001,5.6000000000000005,9,4.5,,,,,,,,,,,,,,,,,,,"Grant Holman","30002",680880
"Nick Mears","KCR",0,0,0,4.369,3,0,0,0,,3,13,3,2,1,0,1,,0,3,8.322,3.68335,2.25935,1.14776,0.21603,0.0956159,0.1204143837094307,0.240826,1.33237,0.286087,0.69743,,,4.23497,0.0009976079,-0.0126938,999,,,,,,,17.400000000000002,5.800000000000001,18,6,,,,,,,,,,,,,,,,,,,"Nick Mears","25376",683232
"Woo-Suk Go","MIN",0,0,0,4.78617,5,0,0,0,,5,23,5,3,3,1,2,,0,5,7.85849,3.77958,2.0792,1.08965,0.200458,0.0964113,0.10404694080352783,0.253811,1.40977,0.298992,0.670605,,,4.28067,0.000907232,-0.0133992,999,,,,,,,15.7,3.1399999999999997,16,3.2,,,,,,,,,,,,,,,,,,,"Woo-Suk Go","33827",808970
"Ricky Vanasco","DET",0,0,0,4.43706,4,0,0,0,,4,19,4,2,2,0,3,,0,4,8.77684,5.35868,1.63787,0.948209,0.217486,0.132786,0.08470025658607483,0.244511,1.53722,0.301832,0.720535,,,4.40074,0.000890644,0.00102481,999,,,,,,,18.200000000000003,4.550000000000001,19,4.75,,,,,,,,,,,,,,,,,,,"Ricky Vanasco","23391",676568
"Joe Rock","ATH",0,0,0,4.2211,5,0,0,0,,5,20,5,2,2,1,2,,0,4,7.86891,3.78528,2.07882,1.03673,0.198303,0.095392,0.10291097313165665,0.260035,1.4432,0.308322,0.728125,,,4.26307,0.000818047,0.0181896,999,,,,,,,13.7,2.7399999999999998,14,2.8,,,,,,,,,,,,,,,,,,,"Joe Rock","30016",697812
"Gus Varland","WSN",0,0,0,4.5296,3,0,0,0,,3,14,3,2,2,0,1,,0,3,8.3901,3.87888,2.16302,1.1767,0.21328,0.0986029,0.11467728018760681,0.254328,1.42351,0.303491,0.706552,,,4.32543,0.000771773,-0.0148221,999,,,,,,,17.400000000000002,5.800000000000001,18,6,,,,,,,,,,,,,,,,,,,"Gus Varland","24737",681402
"Landon Knack","LAD",0,0,0,4.75341,5,0,0,0,,5,20,4,3,2,1,2,,0,4,8.49115,3.56644,2.38084,1.47704,0.220296,0.0925286,0.12776754796504974,0.245172,1.34145,0.284272,0.690273,,,4.61408,0.000705274,-0.0151156,999,,,,,,,16.299999999999997,3.2599999999999993,14,2.8,,,,,,,,,,,,,,,,,,,"Landon Knack","27487",689017
"Eric Cerantola","SFG",0,0,0,4.5,2,0,0,0,,2,9,2,1,1,0,1,,0,2,9,5.25,1.71429,0.75,0.218182,0.127273,0.09090909361839294,0.234043,1.5,0.294118,0.662651,,,4.1683,0.000690611,-0.00051877,999,,,,,,,10.600000000000001,5.300000000000001,11,5.5,,,,,,,,,,,,,,,,,,,"Eric Cerantola","30128",672021
"Mitch Farris","LAA",0,0,0,4.57649,6,0,0,0,,6,25,5,3,3,1,3,,0,6,8.73959,3.98196,2.19479,1.18376,0.224415,0.102249,0.12216610461473465,0.244674,1.38508,0.294944,0.693094,,,4.27611,0.0006539,0.00237351,999,,,,,,,22.10000000000001,3.683333333333335,20,3.3333333333333335,,,,,,,,,,,,,,,,,,,"Mitch Farris","33628",815083
"Parker Mushinski","COL",0,0,0,4.94041,2,0,0,0,,2,7,2,1,1,0,1,,0,1,7.2461,4.67462,1.55009,1.04997,0.177753,0.114672,0.06308052688837051,0.262023,1.55262,0.30335,0.688086,,,4.75004,0.000593754,0.00396848,999,,,,,,,8.600000000000001,4.300000000000001,9,4.5,,,,,,,,,,,,,,,,,,,"Parker Mushinski","21324",656786
"Kai-Wei Teng","HOU",1,1,0,4.51199,10,0,0,1,,12,51,11,6,6,1,5,,1,12,9.17053,3.94187,2.32644,1.13022,0.233499,0.100367,0.13313129544258118,0.237459,1.34417,0.29218,0.684076,,,4.32254,0.000588015,-0.0310807,999,,,,,,,57.90000000000001,4.825000000000001,57,4.75,,,,,,,,,,,,,,,,,,,"Kai-Wei Teng","24282",678906
"Ryan Yarbrough","NYY",1,1,0,4.35207,11,0,0,2,,11,46,10,6,5,2,4,,1,9,7.05957,2.90152,2.43306,1.29511,0.184254,0.0757291,0.10852447897195816,0.247471,1.27935,0.276677,0.699272,,,4.55749,0.000489329,-0.0209442,999,,,,,,,41.80000000000001,3.800000000000001,40,3.6363636363636362,,,,,,,,,,,,,,,,,,,"Ryan Yarbrough","16502",642232
"Andrew Walters","CLE",0,0,0,4.28782,5,0,0,0,,5,20,4,2,2,1,2,,0,5,10.1583,4.50646,2.25417,1.22708,0.263495,0.116892,0.1466028019785881,0.226838,1.35448,0.287117,0.718999,,,4.15949,0.000281054,0.0157495,999,,,,,,,18.299999999999997,3.6599999999999993,16,3.2,,,,,,,,,,,,,,,,,,,"Andrew Walters","33834",689958
"Cole Winn","TEX",1,0,0,4.34964,10,0,0,1,,10,41,9,5,5,1,4,,1,9,8.02763,3.80461,2.10997,1.07563,0.207049,0.0981289,0.10892057418823242,0.240197,1.34004,0.284165,0.694728,,,4.32167,0.000233345,0.0000102806,999,,,,,,,45.300000000000004,4.53,44,4.4,,,,,,,,,,,,,,,,,,,"Cole Winn","22113",668390
"Griffin Canning","SDP",1,1,0,4.26422,9,0,0,0,,10,43,9,5,5,1,4,,0,10,8.62022,3.58842,2.40223,1.23329,0.222915,0.0927947,0.13012001663446426,0.243959,1.33962,0.291049,0.718449,,,4.27049,0.000205813,-0.00572824,999,,,,,,,46.300000000000004,4.630000000000001,45,4.5,,,,,,,,,,,,,,,,,,,"Griffin Canning","19867",656288
"Zak Kent","WSN",0,0,0,4.40866,2,0,0,0,,2,10,2,1,1,0,1,,0,2,7.58336,3.77738,2.00757,1.0898,0.194264,0.0967657,0.09749847650527954,0.248066,1.37973,0.288657,0.700116,,,4.37599,0.000170486,0.00023275,999,,,,,,,10.600000000000001,5.300000000000001,11,5.5,,,,,,,,,,,,,,,,,,,"Zak Kent","25703",687849
"Travis Adams","MIN",1,1,0,4.58569,10,0,0,1,,10,45,10,6,5,1,4,,0,9,7.85584,3.45353,2.27472,1.13549,0.201693,0.0886668,0.1130257323384285,0.25552,1.38249,0.299891,0.687199,,,4.23628,0.00014004,-0.0267983,999,,,,,,,45.7,4.57,47,4.7,,,,,,,,,,,,,,,,,,,"Travis Adams","30180",701519
"Connor Thomas","KCR",0,0,0,4.79279,10,0,0,2,,10,45,11,6,5,1,3,,0,7,6.35512,3.07814,2.0646,1.19214,0.159605,0.0773055,0.08229928463697433,0.278956,1.46783,0.310692,0.693231,,,4.55987,0.000116786,-0.0407994,999,,,,,,,46.1,4.61,50,5,,,,,,,,,,,,,,,,,,,"Connor Thomas","25873",671162
"José Leclerc","SDP",0,0,0,4.20286,3,0,0,0,,3,15,3,2,2,0,2,,0,4,9.3974,4.20315,2.2358,1.26596,0.243658,0.10898,0.13467757403850555,0.228679,1.32976,0.27902,0.725764,,,4.36305,0.000100869,-0.0171479,999,,,,,,,16.400000000000002,5.466666666666668,17,5.666666666666667,,,,,,,,,,,,,,,,,,,"Jose Leclerc","14524",600917
"David Sandlin","CHW",0,1,0,4.51039,6,0,0,0,,6,26,6,3,3,1,3,,0,5,8.06061,3.72607,2.1633,1.27011,0.20701,0.0956919,0.1113182082772255,0.249873,1.38335,0.291361,0.707231,,,4.46972,-0.0000258589,0.00154306,999,,,,,,,17.500000000000007,2.916666666666668,18,3,,,,,,,,,,,,,,,,,,,"David Sandlin","31743",689818
"Albert Suárez","BAL",0,0,0,4.5658,1,0,0,0,,1,5,1,1,1,0,0,,0,1,7.05804,3.14794,2.24211,1.26577,0.181705,0.0810421,0.10066315531730652,0.260199,1.37326,0.29344,0.698624,,,4.49216,-0.0000842305,-0.0149166,999,,,,,,,6.800000000000001,6.800000000000001,7,7,,,,,,,,,,,,,,,,,,,"Albert Suarez","6175",544150
"Easton McGee","KCR",0,0,0,4.45994,7,0,0,0,,7,32,8,4,4,1,3,,0,6,7.27058,3.19698,2.2742,1.0512,0.18632,0.0819279,0.10439243912696838,0.258181,1.36801,0.298847,0.688565,,,4.22663,-0.000160348,-0.0101379,999,,,,,,,21.7,3.1,25,3.5714285714285716,,,,,,,,,,,,,,,,,,,"Easton McGee","22176",668834
"Chuck King","PHI",0,0,,4.54796,0,0,0,0,,1,5,1,1,1,0,0,,0,1,8.42376,3.51806,2.39443,1.29649,0.215578,0.0900329,0.12554459273815155,0.23964,1.32535,0.280345,0.701379,,,4.4126,-0.000247158,-0.000942763,999,,,,,,,6.800000000000001,6.800000000000001,7,7,,,,,,,,,,,,,,,,,,,"Chuck King","sa3023436",666155
"Nestor German","BAL",0,0,,4.54796,0,0,0,0,,1,5,1,1,1,0,0,,0,1,8.42376,3.51806,2.39443,1.29649,0.215578,0.0900329,0.12554459273815155,0.23964,1.32535,0.280345,0.701379,,,4.4126,-0.000247158,-0.000942763,999,,,,,,,6.800000000000001,6.800000000000001,7,7,,,,,,,,,,,,,,,,,,,"Nestor German","sa3023517",815148
"Ryan Sloan","SEA",0,0,,4.54796,0,0,0,0,,1,5,1,1,1,0,0,,0,1,8.42376,3.51806,2.39443,1.29649,0.215578,0.0900329,0.12554459273815155,0.23964,1.32535,0.280345,0.701379,,,4.4126,-0.000247158,-0.000942763,999,,,,,,,6.800000000000001,6.800000000000001,7,7,,,,,,,,,,,,,,,,,,,"Ryan Sloan","sa3067131",815549
"Blake Wehunt","BOS",0,0,,4.54796,0,0,0,0,,1,6,1,1,1,0,1,,0,1,8.42376,3.51806,2.39443,1.29649,0.215578,0.0900329,0.12554460018873215,0.23964,1.32535,0.280345,0.701379,,,4.4126,-0.000247158,-0.000942763,999,,,,,,,3.8000000000000003,3.8000000000000003,4,4,,,,,,,,,,,,,,,,,,,"Blake Wehunt","sa3023220",687762
"Tucker Davidson","PHI",0,0,,4.5,0,0,0,0,,1,5,1,1,1,0,0,,0,1,7.5,3,2.5,1.5,0.2,0.08,0.12000000476837158,0.26087,1.33333,0.294118,0.757576,,,4.58497,-0.000247158,-0.000942763,999,,,,,,,6.800000000000001,6.800000000000001,7,7,,,,,,,,,,,,,,,,,,,"Tucker Davidson","19871",656353
"Kade Strowd","ARI",0,0,0,4.214,6,0,0,0,,6,26,6,3,3,1,3,,0,5,8.06751,4.71191,1.71215,0.810414,0.201456,0.117662,0.08379360288381577,0.25187,1.50324,0.306432,0.721988,,,4.14239,-0.000277123,0.00162144,999,,,,,,,17.500000000000007,2.916666666666668,18,3,,,,,,,,,,,,,,,,,,,"Kade Strowd","26191",669704
"Prelander Berroa","CHW",0,0,0,4.37303,3,0,0,0,,3,12,2,1,1,0,2,,0,3,9.02476,5.16583,1.74701,1.07136,0.226998,0.129935,0.09706288576126099,0.232823,1.45711,0.286032,0.719875,,,4.49994,-0.000312606,0.0162145,999,,,,,,,17.000000000000004,5.666666666666668,15,5,,,,,,,,,,,,,,,,,,,"Prelander Berroa","22932",672860
"Bobby Miller","LAD",0,0,0,4.85314,2,0,0,0,,2,10,2,1,1,0,1,,0,2,8.69521,4.00858,2.16915,1.27009,0.220367,0.101591,0.118775375187397,0.2495,1.41281,0.298284,0.680263,,,4.50768,-0.000491532,0.0000807183,999,,,,,,,10.600000000000001,5.300000000000001,11,5.5,,,,,,,,,,,,,,,,,,,"Bobby Miller","27483",676272
"Spencer Schwellenbach","ATL",0,0,,3.64027,0,0,0,0,,2,8,2,1,1,0,0,,0,2,8.72704,1.92487,4.53382,1.08213,0.237836,0.0524581,0.1853777840733528,0.241155,1.13679,0.293253,0.719847,,,3.45873,-0.000494316,-0.00188553,743.1900024414062,,,,,,,13.600000000000001,6.800000000000001,14,7,,,,,,,,,,,,,,,,,,,"Spencer Schwellenbach","31846",680885
"River Ryan","DET",0,0,,4.17378,0,0,0,0,,2,8,2,1,1,0,1,,0,2,7.5717,3.44473,2.19805,1.03163,0.196423,0.0893623,0.10706073045730591,0.246713,1.33582,0.288408,0.707656,,,4.1526,-0.000494316,-0.00188553,675.5399780273438,,,,,,,10.600000000000001,5.300000000000001,11,5.5,,,,,,,,,,,,,,,,,,,"River Ryan","29514",689981
"Ethan Roberts","CHC",0,0,0,4.46675,3,0,0,0,,3,15,3,2,2,0,2,,0,3,8.00789,3.96066,2.02186,1.17741,0.204289,0.101041,0.1032489761710167,0.24429,1.38076,0.28616,0.702481,,,4.52034,-0.000580952,-0.0159096,999,,,,,,,14.400000000000002,4.800000000000001,15,5,,,,,,,,,,,,,,,,,,,"Ethan Roberts","24930",681799
"Max Lazar","PHI",0,0,0,4.5499,4,0,0,0,,4,18,4,2,2,1,1,,0,3,6.77799,2.91211,2.32752,1.24933,0.176481,0.0758237,0.10065744817256927,0.257213,1.33124,0.287156,0.687604,,,4.43241,-0.000701644,0.00145878,999,,,,,,,9.9,2.475,10,2.5,,,,,,,,,,,,,,,,,,,"Max Lazar","23426",676661
"Beau Brieske","DET",0,0,0,4.64378,6,0,0,0,,6,24,5,3,3,1,2,,0,5,7.66256,3.8521,1.98919,1.25849,0.19698,0.0990249,0.09795482456684113,0.246897,1.38202,0.283411,0.692243,,,4.57472,-0.000740398,0.00153721,999,,,,,,,23.10000000000001,3.8500000000000014,21,3.5,,,,,,,,,,,,,,,,,,,"Beau Brieske","26079",689225
"Yosver Zulueta","BAL",0,0,0,4.24625,3,0,0,0,,3,13,3,2,1,0,1,,0,3,7.98476,4.40292,1.81351,0.913849,0.202486,0.111654,0.09083222597837448,0.240631,1.41134,0.288595,0.707941,,,4.27873,-0.000756237,-0.0153068,999,,,,,,,17.400000000000002,5.800000000000001,18,6,,,,,,,,,,,,,,,,,,,"Yosver Zulueta","27765",691172
"Burch Smith","DET",0,0,0,4.98283,2,0,0,0,,2,7,2,1,1,0,1,,0,1,8.04247,2.99907,2.68165,1.30368,0.204978,0.076437,0.128540500998497,0.266639,1.39126,0.31171,0.664277,,,4.35539,-0.0007942,0.000512404,999,,,,,,,8.600000000000001,4.300000000000001,9,4.5,,,,,,,,,,,,,,,,,,,"Burch Smith","12784",572143
"Garrett Acton","MIN",0,0,0,4.43127,5,0,0,0,,5,21,4,3,2,1,2,,0,5,8.90905,4.16784,2.13757,1.29796,0.230927,0.108032,0.12289438396692276,0.232774,1.34598,0.277823,0.708697,,,4.4612,-0.000839684,-0.0133992,999,,,,,,,18.299999999999997,3.6599999999999993,16,3.2,,,,,,,,,,,,,,,,,,,"Garrett Acton","27583",670183
"Chris Roycroft","TBR",0,0,0,4.64964,2,0,0,0,,2,7,2,1,1,0,1,,0,1,7.0344,3.98344,1.76591,1.05617,0.176629,0.100022,0.07660765200853348,0.257046,1.4494,0.294728,0.690877,,,4.57223,-0.000875938,0.000702754,999,,,,,,,8.600000000000001,4.300000000000001,9,4.5,,,,,,,,,,,,,,,,,,,"Chris Roycroft","31261",688297
"Troy Taylor","SEA",0,0,0,4.49959,4,0,0,0,,4,18,4,2,2,0,2,,0,4,8.16063,4.29819,1.89862,1.01658,0.20796,0.109532,0.09842789173126221,0.240804,1.40058,0.287934,0.689891,,,4.32132,-0.000915943,-0.00337421,999,,,,,,,21.200000000000003,5.300000000000001,22,5.5,,,,,,,,,,,,,,,,,,,"Troy Taylor","31883",700187
"Kohl Drake","ARI",0,0,0,4.48146,3,0,0,0,,5,20,5,3,2,1,2,,0,4,7.96143,3.47444,2.29143,1.18046,0.203842,0.0889586,0.11488376557826996,0.257828,1.39697,0.302828,0.705267,,,4.27703,-0.000995349,0.0143441,999,,,,,,,13.7,2.7399999999999998,14,2.8,,,,,,,,,,,,,,,,,,,"Kohl Drake","32070",684442
"Josh Ekness","MIA",1,1,0,4.46061,11,0,0,2,,11,47,10,6,5,1,5,,1,10,8.47015,4.32391,1.95891,1.09838,0.214153,0.109323,0.10483063757419586,0.242553,1.41229,0.291436,0.703678,,,4.44766,-0.000999584,-0.0131352,999,,,,,,,53.10000000000001,4.827272727272728,52,4.7272727272727275,,,,,,,,,,,,,,,,,,,"Josh Ekness","33785",694795
"Guillo Zuñiga","NYM",0,0,0,4.73879,2,0,0,0,,2,10,2,1,1,0,1,,0,2,7.9979,4.59084,1.74214,1.18314,0.200717,0.115213,0.08550438284873962,0.246433,1.46173,0.28864,0.696111,,,4.71394,-0.00102411,-0.00081563,999,,,,,,,10.600000000000001,5.300000000000001,11,5.5,,,,,,,,,,,,,,,,,,,"Guillo Zuniga","19588",670871
"Zack Littell","ARI",0,0,0,4.51665,2,0,0,0,,2,7,2,1,1,0,0,,0,1,6.61648,2.16464,3.05662,1.41744,0.173101,0.0566315,0.11646928638219833,0.265519,1.2925,0.291429,0.696831,,,4.51721,-0.00120031,0.00054048,709.4099731445312,,,,,,,11.600000000000001,5.800000000000001,12,6,,,,,,,,,,,,,,,,,,,"Zack Littell","15823",641793
"Kyle Nicolas","WSN",0,0,0,4.6446,3,0,0,0,,3,12,3,2,1,0,2,,0,3,8.68717,5.00357,1.73619,1.10974,0.217686,0.125381,0.09230506420135498,0.238155,1.46563,0.287929,0.699679,,,4.60068,-0.00125757,-0.0148221,999,,,,,,,14.400000000000002,4.800000000000001,15,5,,,,,,,,,,,,,,,,,,,"Kyle Nicolas","27775",693312
"Josh Simpson","SEA",0,0,0,4.29166,6,0,0,0,,6,28,6,3,3,1,3,,0,6,8.87752,4.47991,1.98163,0.977643,0.226413,0.114256,0.11215703189373016,0.233095,1.38224,0.287408,0.702284,,,4.21073,-0.00132099,-0.00506132,999,,,,,,,19.500000000000007,3.2500000000000013,20,3.3333333333333335,,,,,,,,,,,,,,,,,,,"Josh Simpson","25957",681006
"Emiliano Teodo","TEX",0,0,0,4.59374,7,0,0,0,,7,29,6,4,3,1,4,,0,7,9.18711,6.03825,1.52148,0.880769,0.227267,0.149372,0.07789517939090729,0.231809,1.54904,0.292289,0.704119,,,4.42601,-0.00136068,-0.015391,999,,,,,,,25.900000000000013,3.700000000000002,24,3.4285714285714284,,,,,,,,,,,,,,,,,,,"Emiliano Teodo","27999",693713
"Kent Emanuel","CIN",0,0,0,5.15255,3,0,0,0,,3,13,3,2,2,0,1,,0,2,8.39136,4.42004,1.89848,1.34423,0.198068,0.10433,0.09373851865530014,0.246583,1.51511,0.284805,0.677695,,,4.82571,-0.00137616,-0.0119985,999,,,,,,,15.400000000000002,5.133333333333334,16,5.333333333333333,,,,,,,,,,,,,,,,,,,"Kent Emanuel","15849",592288
"JP Sears","SDP",0,0,0,4.58843,3,0,0,0,,4,18,4,2,2,1,1,,0,4,7.75154,2.56322,3.02414,1.48708,0.203698,0.0673572,0.1363404169678688,0.254264,1.27699,0.287568,0.691263,,,4.48858,-0.0013809,0.0128032,999,,,,,,,11.9,2.975,12,3,,,,,,,,,,,,,,,,,,,"JP Sears","23429",676664
"Luis Curvelo","TEX",0,0,0,4.89049,3,0,0,0,,3,12,3,2,1,0,1,,0,2,7.5951,4.32898,1.75448,1.21929,0.192893,0.109943,0.08294975012540817,0.245664,1.4287,0.282186,0.676382,,,4.71018,-0.00143412,-0.015283,999,,,,,,,15.400000000000002,5.133333333333334,16,5.333333333333333,,,,,,,,,,,,,,,,,,,"Luis Curvelo","24710",681168
"Jake Cousins","LAD",0,0,0,5.15255,2,0,0,0,,2,7,2,1,1,0,1,,0,1,8.39136,4.42004,1.89848,1.34423,0.198068,0.10433,0.09373851865530014,0.246583,1.51511,0.284805,0.677695,,,4.82571,-0.00158839,0.0000807183,999,,,,,,,8.600000000000001,4.300000000000001,9,4.5,,,,,,,,,,,,,,,,,,,"Jake Cousins","21620",664776
"Wikelman González","MIA",0,0,0,4.5064,5,0,0,0,,5,22,4,3,2,1,3,,0,5,8.93495,5.05687,1.76689,1.01676,0.225945,0.127877,0.09806814789772034,0.231369,1.43783,0.284672,0.698289,,,4.39179,-0.00164336,-0.0134384,999,,,,,,,15.299999999999999,3.0599999999999996,13,2.6,,,,,,,,,,,,,,,,,,,"Wikelman Gonzalez","26641",682790
"Grant Anderson","MIL",0,1,0,4.44509,10,0,0,1,,10,43,9,5,5,1,4,,1,9,8.58756,3.6256,2.36859,1.34948,0.222485,0.0939312,0.128553569316864,0.240493,1.32428,0.282875,0.706622,,,4.49772,-0.0016727,0.0000193628,999,,,,,,,45.300000000000004,4.53,44,4.4,,,,,,,,,,,,,,,,,,,"Grant Anderson","20546",681982
"Andrew Baker","COL",0,0,0,5.15255,4,0,0,0,,4,20,4,3,2,1,2,,0,4,8.39136,4.42004,1.89848,1.34423,0.198068,0.10433,0.09373851120471954,0.246583,1.51511,0.284805,0.677695,,,4.82571,-0.00170158,-0.0188738,999,,,,,,,8.9,2.225,9,2.25,,,,,,,,,,,,,,,,,,,"Andrew Baker","sa3017196",687900
"Cameron Foster","BAL",0,0,0,4.776,4,0,0,0,,4,17,4,2,2,0,2,,0,3,7.81249,4.02023,1.94329,1.11657,0.194592,0.100135,0.09445678442716599,0.267095,1.50719,0.314411,0.697696,,,4.43288,-0.00174806,-0.000020298,999,,,,,,,19.200000000000003,4.800000000000001,20,5,,,,,,,,,,,,,,,,,,,"Cameron Foster","31942",671382
"Sam Bachman","LAA",0,0,0,4.30486,7,0,0,0,,7,30,6,4,3,1,3,,0,6,8.25594,4.52339,1.82517,0.971325,0.208672,0.114331,0.09434176236391068,0.23893,1.41616,0.287902,0.708462,,,4.3707,-0.00174888,-0.0122687,999,,,,,,,26.9,3.8428571428571425,25,3.5714285714285716,,,,,,,,,,,,,,,,,,,"Sam Bachman","29754",696147
"Tony Gonsolin","KCR",0,0,0,4.79678,2,0,0,0,,3,13,3,2,2,0,1,,0,3,8.92458,3.89404,2.29185,1.47485,0.228027,0.0994946,0.12853259593248367,0.240939,1.35635,0.283703,0.689512,,,4.77709,-0.00178405,-0.0155585,999,,,,,,,17.400000000000002,5.800000000000001,18,6,,,,,,,,,,,,,,,,,,,"Tony Gonsolin","19388",664062
"Ben Casparius","LAD",0,0,0,4.5585,2,0,0,0,,2,8,2,1,1,0,1,,0,2,8.53896,4.32093,1.97619,1.44059,0.21693,0.109772,0.10715806484222412,0.244034,1.41948,0.284365,0.726907,,,4.84104,-0.00187753,0.0000807183,999,,,,,,,10.600000000000001,5.300000000000001,11,5.5,,,,,,,,,,,,,,,,,,,"Ben Casparius","30085",676508
"Brian Keller","PHI",0,0,0,5.15255,2,0,0,0,,2,11,2,1,1,0,1,,0,2,8.39136,4.42004,1.89848,1.34423,0.198068,0.10433,0.09373853355646133,0.246583,1.51511,0.284805,0.677695,,,4.82571,-0.00195628,0.000729388,999,,,,,,,10.600000000000001,5.300000000000001,11,5.5,,,,,,,,,,,,,,,,,,,"Brian Keller","19593",662144
"Ryan Lambert","NYM",0,0,0,4.36981,3,0,0,0,,3,14,3,2,1,0,2,,0,3,10.0632,5.75908,1.74736,1.14056,0.251372,0.143858,0.10751381516456604,0.226245,1.49078,0.287817,0.733253,,,4.55791,-0.00198222,-0.0168654,999,,,,,,,14.400000000000002,4.800000000000001,15,5,,,,,,,,,,,,,,,,,,,"Ryan Lambert","sa3025613",822038
"Casey Legumina","TBR",1,1,0,4.51299,10,0,0,2,,10,44,10,6,5,1,4,,1,9,7.6074,3.37699,2.25272,1.25052,0.19524,0.0866688,0.1085713803768158,0.252929,1.36043,0.290713,0.699356,,,4.50322,-0.00198663,-0.026578,999,,,,,,,46.7,4.67,48,4.8,,,,,,,,,,,,,,,,,,,"Casey Legumina","25921",668984
"Rolddy Muñoz","ATL",0,0,0,4.5,2,0,0,0,,2,7,1,1,1,0,1,,0,1,7.875,4.5,1.75,1.125,0.2,0.114286,0.08571428060531616,0.245902,1.4375,0.288889,0.693069,,,4.64747,-0.002045,0.000383942,999,,,,,,,11.200000000000001,5.6000000000000005,9,4.5,,,,,,,,,,,,,,,,,,,"Rolddy Munoz","27407",691548
"Brandan Bidois","MIA",0,0,0,4.73444,8,0,0,0,,8,35,7,5,4,1,5,,0,8,9.25579,5.04358,1.83516,1.14353,0.233674,0.127331,0.10634241998195648,0.23484,1.45352,0.289339,0.691207,,,4.47381,-0.00214545,-0.0274686,999,,,,,,,29.700000000000006,3.712500000000001,28,3.5,,,,,,,,,,,,,,,,,,,"Brandan Bidois","28052",684049
"Braden Nett","ATH",0,0,0,5.04219,2,0,0,0,,2,7,2,1,1,0,1,,0,1,8.1799,4.82462,1.69545,1.15007,0.198596,0.117135,0.08146137744188309,0.267364,1.59803,0.318256,0.696955,,,4.7421,-0.00220265,0.00127271,999,,,,,,,8.600000000000001,4.300000000000001,9,4.5,,,,,,,,,,,,,,,,,,,"Braden Nett","sa3020336",804556
"Luis Gil","NYY",0,0,0,4.41389,7,0,0,0,,7,29,6,4,3,1,4,,0,7,8.74863,4.69291,1.86422,1.25004,0.223318,0.119792,0.10352670401334763,0.228594,1.38377,0.27183,0.715275,,,4.68797,-0.00227383,-0.0150486,376.5,,,,,,,25.900000000000013,3.700000000000002,24,3.4285714285714284,,,,,,,,,,,,,,,,,,,"Luis Gil","21052",661563
"Michael Rucker","SEA",0,0,0,4.25512,10,0,0,1,,10,42,9,5,5,1,4,,1,9,8.70095,3.64249,2.38874,1.14907,0.223279,0.0934714,0.12980717420578003,0.247481,1.36173,0.299122,0.716684,,,4.19985,-0.00232912,-0.00843554,999,,,,,,,45.300000000000004,4.53,44,4.4,,,,,,,,,,,,,,,,,,,"Michael Rucker","19454",621074
"Julian Aguiar","CIN",0,0,0,4.85662,2,0,0,0,,4,17,4,2,2,1,1,,0,3,6.94612,3.27422,2.12146,1.48859,0.17836,0.0840745,0.09428583830595016,0.257082,1.37079,0.282432,0.688395,,,4.92204,-0.00234882,-0.000205395,999,,,,,,,9.9,2.475,10,2.5,,,,,,,,,,,,,,,,,,,"Julian Aguiar","30031",687924
"Yerry Rodríguez","NYY",0,0,0,5.15255,2,0,0,0,,2,7,2,1,1,0,1,,0,1,8.39136,4.42004,1.89848,1.34423,0.198068,0.10433,0.09373851865530014,0.246583,1.51511,0.284805,0.677695,,,4.82571,-0.00234915,0.0000886109,999,,,,,,,8.600000000000001,4.300000000000001,9,4.5,,,,,,,,,,,,,,,,,,,"Yerry Rodriguez","21955",666720
"Carlos Duran","KCR",0,0,0,4.84489,8,0,0,0,,8,36,7,5,4,1,5,,1,8,8.74108,6.01964,1.45209,0.871394,0.211019,0.14532,0.0656985342502594,0.247445,1.62567,0.307279,0.698293,,,4.60846,-0.00241417,-0.024148,999,,,,,,,26.700000000000006,3.337500000000001,25,3.125,,,,,,,,,,,,,,,,,,,"Carlos Duran","24458",679922
"Brooks Kriske","ATH",0,0,0,5.15255,2,0,0,0,,2,11,2,1,1,0,1,,0,2,8.39136,4.42004,1.89848,1.34423,0.198068,0.10433,0.09373853355646133,0.246583,1.51511,0.284805,0.677695,,,4.82571,-0.00242532,0.00127271,999,,,,,,,10.600000000000001,5.300000000000001,11,5.5,,,,,,,,,,,,,,,,,,,"Brooks Kriske","21189",621139
"T.J. Brock","TOR",0,0,0,5.15255,2,0,0,0,,2,10,2,1,1,0,1,,0,2,8.39136,4.42004,1.89848,1.34423,0.198068,0.10433,0.09373851120471954,0.246583,1.51511,0.284805,0.677695,,,4.82571,-0.00249362,0.000251147,999,,,,,,,10.600000000000001,5.300000000000001,11,5.5,,,,,,,,,,,,,,,,,,,"T.J. Brock","sa3020079",697813
"Carter Baumler","TEX",0,0,0,4.75331,4,0,0,0,,4,19,4,2,2,0,2,,0,4,7.84365,4.67326,1.67841,1.05645,0.197096,0.11743,0.07966580986976624,0.24576,1.46744,0.289551,0.68557,,,4.55875,-0.00256618,0.00000411224,999,,,,,,,21.200000000000003,5.300000000000001,22,5.5,,,,,,,,,,,,,,,,,,,"Carter Baumler","30231",691945
"Shaun Anderson","LAA",0,0,0,5.00368,3,0,0,0,,3,15,4,2,2,1,1,,0,3,6.91456,2.99508,2.30864,1.43378,0.176939,0.0766423,0.10029705613851547,0.268377,1.40024,0.297767,0.676119,,,4.71328,-0.00261039,-0.0137443,999,,,,,,,2.5000000000000018,0.8333333333333339,5,1.6666666666666667,,,,,,,,,,,,,,,,,,,"Shaun Anderson","19453",641312
"Brandon Neeck","PIT",0,0,0,5.15255,2,0,0,0,,2,10,2,1,1,0,1,,0,2,8.39136,4.42004,1.89848,1.34423,0.198068,0.10433,0.09373851120471954,0.246583,1.51511,0.284805,0.677695,,,4.82571,-0.00271985,0.000811039,999,,,,,,,10.600000000000001,5.300000000000001,11,5.5,,,,,,,,,,,,,,,,,,,"Brandon Neeck","sa3021978",677957
"Anthony Veneziano","TEX",0,0,0,5.15255,2,0,0,0,,2,11,2,1,1,0,1,,0,2,8.39136,4.42004,1.89848,1.34423,0.198068,0.10433,0.09373853355646133,0.246583,1.51511,0.284805,0.677695,,,4.82571,-0.00273961,0.00000205612,999,,,,,,,10.600000000000001,5.300000000000001,11,5.5,,,,,,,,,,,,,,,,,,,"Anthony Veneziano","27453",685107
"Logan VanWey","HOU",0,0,0,4.63124,5,0,0,0,,5,20,5,3,2,1,2,,0,4,8.29788,4.15717,1.99604,1.21434,0.209122,0.104768,0.10435378551483154,0.265905,1.49889,0.3173,0.717227,,,4.52207,-0.00277808,-0.0145976,999,,,,,,,13.7,2.7399999999999998,14,2.8,,,,,,,,,,,,,,,,,,,"Logan VanWey","31884",701121
"Matt Seelinger","NYM",0,0,0,5.15255,2,0,0,0,,2,12,3,2,1,0,1,,0,2,8.39136,4.42004,1.89848,1.34423,0.198068,0.10433,0.09373852610588074,0.246583,1.51511,0.284805,0.677695,,,4.82571,-0.00279049,-0.0313037,999,,,,,,,8,4,11,5.5,,,,,,,,,,,,,,,,,,,"Matt Seelinger","23563",676910
"Bryse Wilson","MIL",0,0,0,4.4989,7,0,0,0,,7,28,7,4,3,1,2,,0,5,7.13038,2.72953,2.61231,1.33741,0.185075,0.0708472,0.11422794312238693,0.261532,1.33387,0.294024,0.702172,,,4.45279,-0.00285366,-0.0153725,999,,,,,,,25.3,3.6142857142857143,26,3.7142857142857144,,,,,,,,,,,,,,,,,,,"Bryse Wilson","19990",669060
"Drey Jameson","ARI",0,0,0,4.3504,8,0,0,0,,8,35,8,4,4,1,4,,0,7,7.63831,4.10457,1.86093,1.02359,0.193075,0.103752,0.0893232449889183,0.25528,1.45357,0.300087,0.717089,,,4.33063,-0.00285847,0.00216192,999,,,,,,,28.100000000000005,3.5125000000000006,29,3.625,,,,,,,,,,,,,,,,,,,"Drey Jameson","26260",686753
"Gage Ziehl","BOS",0,0,0,5.15255,2,0,0,0,,2,7,2,1,1,0,1,,0,1,8.39136,4.42004,1.89848,1.34423,0.198068,0.10433,0.09373851865530014,0.246583,1.51511,0.284805,0.677695,,,4.82571,-0.00286815,0.00166537,999,,,,,,,8.600000000000001,4.300000000000001,9,4.5,,,,,,,,,,,,,,,,,,,"Gage Ziehl","sa3045855",695721
"Johan Moreno","SDP",0,0,0,5.15255,2,0,0,0,,2,7,2,1,1,0,1,,0,1,8.39136,4.42004,1.89848,1.34423,0.198068,0.10433,0.09373851865530014,0.246583,1.51511,0.284805,0.677695,,,4.82571,-0.00287905,-0.000960678,999,,,,,,,8.600000000000001,4.300000000000001,9,4.5,,,,,,,,,,,,,,,,,,,"Johan Moreno","sa3020999",808052
"TJ Shook","COL",0,0,0,5.15255,7,0,0,0,,7,32,7,4,4,1,3,,0,6,8.39136,4.42004,1.89848,1.34423,0.198068,0.10433,0.09373851865530014,0.246583,1.51511,0.284805,0.677695,,,4.82571,-0.00297776,0.000322703,999,,,,,,,24.3,3.4714285714285715,25,3.5714285714285716,,,,,,,,,,,,,,,,,,,"TJ Shook","27567",669298
"C.J. Culpepper","MIN",0,0,0,5.15255,2,0,0,0,,2,9,2,1,1,0,1,,0,2,8.39136,4.42004,1.89848,1.34423,0.198068,0.10433,0.09373851865530014,0.246583,1.51511,0.284805,0.677695,,,4.82571,-0.00299159,0.000665468,999,,,,,,,10.600000000000001,5.300000000000001,11,5.5,,,,,,,,,,,,,,,,,,,"C.J. Culpepper","sa3020563",690217
"Aaron Rozek","MIN",0,0,0,5.15255,2,0,0,0,,2,7,2,1,1,0,1,,0,1,8.39136,4.42004,1.89848,1.34423,0.198068,0.10433,0.09373851865530014,0.246583,1.51511,0.284805,0.677695,,,4.82571,-0.00299159,0.000665468,999,,,,,,,8.600000000000001,4.300000000000001,9,4.5,,,,,,,,,,,,,,,,,,,"Aaron Rozek","sa3015224",702065
"Marco Raya","MIN",0,0,0,4.61558,7,0,0,0,,7,32,7,4,4,1,4,,0,6,7.80424,4.35582,1.79168,1.07175,0.19555,0.109143,0.0864066407084465,0.256221,1.48643,0.30188,0.703936,,,4.46449,-0.00310215,-0.0127662,999,,,,,,,21.3,3.042857142857143,22,3.142857142857143,,,,,,,,,,,,,,,,,,,"Marco Raya","30166",694397
"Colton Gordon","MIL",0,0,0,4.53918,5,0,0,0,,6,27,7,3,3,1,2,,0,5,7.5117,2.6415,2.84373,1.62293,0.194749,0.0684839,0.1262655109167099,0.26543,1.345,0.29566,0.729298,,,4.73247,-0.00312185,-0.00187778,999,,,,,,,17.90000000000001,2.9833333333333347,21,3.5,,,,,,,,,,,,,,,,,,,"Colton Gordon","31312",676467
"Blake Walston","ARI",0,0,0,5,4,0,0,0,,4,18,4,3,2,0,2,,0,4,9,5,1.8,1,0.209302,0.116279,0.09302327036857605,0.27027,1.66667,0.333333,0.661765,,,4.52942,-0.00348397,-0.0287976,999,,,,,,,21.200000000000003,5.300000000000001,22,5.5,,,,,,,,,,,,,,,,,,,"Blake Walston","26270",686796
"Lucas Giolito","SDP",0,0,0,4.6365,3,0,0,0,,4,17,4,2,2,1,2,,0,3,7.62881,4.10231,1.85964,1.43951,0.195206,0.10497,0.0902361050248146,0.246408,1.40732,0.277359,0.716037,,,4.91139,-0.0035477,-0.0028462,728.47998046875,,,,,,,6.9,1.725,7,1.75,,,,,,,,,,,,,,,,,,,"Lucas Giolito","15474",608337
"Carson Palmquist","WSN",0,0,0,4.75571,4,0,0,0,,4,18,4,2,2,1,2,,0,4,8.33821,4.62434,1.80311,1.21434,0.208485,0.115625,0.09285983443260193,0.244764,1.45692,0.289491,0.696011,,,4.75824,-0.0036151,0.0004655,999,,,,,,,8.9,2.225,9,2.25,,,,,,,,,,,,,,,,,,,"Carson Palmquist","31612",687223
"Ben Lively","CLE",0,0,0,4.88199,2,0,0,0,,3,13,3,2,2,0,1,,0,3,8.40586,4.01639,2.09289,1.32286,0.205556,0.0982163,0.10733938217163086,0.243584,1.43019,0.282903,0.687422,,,4.64084,-0.00367332,-0.000871703,999,,,,,,,17.400000000000002,5.800000000000001,18,6,,,,,,,,,,,,,,,,,,,"Ben Lively","14932",594902
"Philip Abner","SFG",0,0,0,4.38289,10,0,0,1,,10,45,10,5,5,1,4,,1,9,7.65374,3.55214,2.15469,1.04257,0.195867,0.0909027,0.10496402531862259,0.253152,1.38106,0.297099,0.698775,,,4.22636,-0.00382927,0.00196201,999,,,,,,,42.7,4.2700000000000005,44,4.4,,,,,,,,,,,,,,,,,,,"Philip Abner","33821",691769
"Valente Bellozo","COL",0,0,0,5.37642,3,0,0,0,,3,12,3,2,2,1,1,,0,2,5.93359,2.92068,2.03158,1.63951,0.149526,0.0736007,0.07592493295669556,0.278973,1.45043,0.295431,0.670158,,,5.25445,-0.00394463,-0.00752759,999,,,,,,,3.1000000000000023,1.033333333333334,3,1,,,,,,,,,,,,,,,,,,,"Valente Bellozo","23899",678368
"Jason Alexander","HOU",0,0,0,4.7266,7,0,0,0,,8,35,8,5,4,1,3,,0,6,6.87318,3.07169,2.23759,1.23285,0.176184,0.0787382,0.09744542092084885,0.264407,1.38729,0.297517,0.682924,,,4.47421,-0.00403201,-0.0314463,999,,,,,,,29.100000000000005,3.6375000000000006,30,3.75,,,,,,,,,,,,,,,,,,,"Jason Alexander","19666",669920
"Beau Burrows","PIT",0,0,0,5.15255,3,0,0,0,,3,12,3,2,1,0,1,,0,2,8.39136,4.42004,1.89848,1.34423,0.198068,0.10433,0.09373854100704193,0.246583,1.51511,0.284805,0.677695,,,4.82571,-0.00407977,-0.0136944,999,,,,,,,15.400000000000002,5.133333333333334,16,5.333333333333333,,,,,,,,,,,,,,,,,,,"Beau Burrows","18873",663366
"Winston Santos","TEX",0,0,0,5.15255,3,0,0,0,,3,16,4,2,2,1,2,,0,3,8.39136,4.42004,1.89848,1.34423,0.198068,0.10433,0.09373852610588074,0.246583,1.51511,0.284805,0.677695,,,4.82571,-0.00410942,-0.015283,999,,,,,,,-0.4999999999999982,-0.16666666666666607,2,0.6666666666666666,,,,,,,,,,,,,,,,,,,"Winston Santos","28489",692437
"Chase Solesky","CIN",0,0,0,5.0469,5,0,0,0,,6,27,7,4,3,1,2,,0,5,6.68362,3.48981,1.91518,1.42689,0.168768,0.0881211,0.08064692467451096,0.269261,1.46003,0.296559,0.686957,,,4.91476,-0.00411027,-0.0273883,999,,,,,,,17.90000000000001,2.9833333333333347,21,3.5,,,,,,,,,,,,,,,,,,,"Chase Solesky","25480",686678
"Jhonathan Díaz","SEA",0,0,0,4.5,3,0,0,0,,3,11,2,1,1,0,1,,0,2,7.5,3,2.5,1.5,0.208333,0.0833333,0.1250000074505806,0.227273,1.16667,0.25,0.714286,,,4.58497,-0.00425171,0.013954,999,,,,,,,18.000000000000004,6.000000000000001,16,5.333333333333333,,,,,,,,,,,,,,,,,,,"Jhonathan Diaz","20298",646242
"Mark Manfredi","COL",0,0,0,5.15255,10,0,0,1,,10,48,11,6,6,2,5,,1,10,8.39136,4.42004,1.89848,1.34423,0.198068,0.10433,0.09373851865530014,0.246583,1.51511,0.284805,0.677695,,,4.82571,-0.00425394,-0.00723932,999,,,,,,,26.799999999999997,2.6799999999999997,30,3,,,,,,,,,,,,,,,,,,,"Mark Manfredi","33603",815081
"Peter Strzelecki","STL",0,0,0,4.95641,8,0,0,0,,8,36,9,5,4,1,3,,1,7,7.65134,3.66929,2.08524,1.0565,0.191689,0.0919266,0.09976228326559067,0.264375,1.45352,0.31069,0.663152,,,4.34842,-0.00426545,-0.0328044,999,,,,,,,25.500000000000007,3.187500000000001,29,3.625,,,,,,,,,,,,,,,,,,,"Peter Strzelecki","21367",657265
"Chayce McDermott","NYM",1,1,0,4.54386,9,0,0,0,,9,39,8,5,4,1,5,,1,9,9.34126,5.30686,1.76022,1.20423,0.233972,0.132922,0.10105027258396149,0.231112,1.46434,0.283541,0.716957,,,4.70274,-0.00426749,-0.0194495,999,,,,,,,33.500000000000014,3.7222222222222237,32,3.5555555555555554,,,,,,,,,,,,,,,,,,,"Chayce McDermott","29866",694646
"Hunter Parks","CIN",0,0,0,5.31927,3,0,0,0,,3,14,3,2,2,0,2,,0,3,8.46926,5.69408,1.48738,1.22836,0.205359,0.138068,0.0672914981842041,0.249909,1.6022,0.297301,0.680151,,,5.08569,-0.00434827,-0.0119985,999,,,,,,,14.400000000000002,4.800000000000001,15,5,,,,,,,,,,,,,,,,,,,"Hunter Parks","sa3017640",688609
"Mike Paredes","MIN",0,0,0,5.15255,3,0,0,0,,3,13,3,2,2,0,1,,0,2,8.39136,4.42004,1.89848,1.34423,0.198068,0.10433,0.09373851865530014,0.246583,1.51511,0.284805,0.677695,,,4.82571,-0.00448739,-0.0139894,999,,,,,,,15.400000000000002,5.133333333333334,16,5.333333333333333,,,,,,,,,,,,,,,,,,,"Mike Paredes","30187",702474
"Zach Maxwell","CIN",0,1,0,4.86676,9,0,0,0,,9,38,8,5,5,1,5,,0,8,8.82967,5.29589,1.66727,1.29036,0.219842,0.131858,0.08798438310623169,0.242348,1.51925,0.289888,0.706452,,,4.85213,-0.00458056,-0.00707591,999,,,,,,,34.500000000000014,3.833333333333335,33,3.6666666666666665,,,,,,,,,,,,,,,,,,,"Zach Maxwell","31610",687209
"Carlos Estévez","KCR",0,0,0,5.74319,2,0,0,0,,2,8,2,1,1,0,1,,0,2,8.21614,5.30316,1.54929,1.40629,0.201511,0.130067,0.0714443027973175,0.252935,1.57449,0.293335,0.649734,,,5.19563,-0.00458253,0.0013296,120.08999633789062,,,,,,,10.600000000000001,5.300000000000001,11,5.5,,,,,,,,,,,,,,,,,,,"Carlos Estevez","14542",608032
"Cam Sanders","BAL",0,0,0,4.68627,10,0,0,1,,10,46,9,6,5,1,6,,1,11,9.24013,5.21919,1.77042,1.09638,0.231387,0.130696,0.10069073736667633,0.232266,1.46028,0.287127,0.693405,,,4.55537,-0.00458487,-0.0307906,999,,,,,,,43.300000000000004,4.33,42,4.2,,,,,,,,,,,,,,,,,,,"Cam Sanders","23479",676742
"Julian Garcia","CIN",0,0,0,5.15255,10,0,0,1,,10,49,11,7,6,2,5,,1,10,8.39136,4.42004,1.89848,1.34423,0.198068,0.10433,0.09373853355646133,0.246583,1.51511,0.284805,0.677695,,,4.82571,-0.0045872,-0.0495341,999,,,,,,,26.799999999999997,2.6799999999999997,30,3,,,,,,,,,,,,,,,,,,,"Julian Garcia","22362",670062
"Austin Love","STL",0,0,0,4.76831,4,0,0,0,,4,20,5,3,2,1,2,,0,4,7.70042,4.41896,1.74258,1.16053,0.192268,0.110335,0.08193282783031464,0.258186,1.50381,0.300812,0.701232,,,4.63181,-0.00464709,-0.031627,999,,,,,,,6.300000000000001,1.5750000000000002,9,2.25,,,,,,,,,,,,,,,,,,,"Austin Love","sa3017609",676153
"Brody Hopkins","TBR",0,0,0,3.85714,3,0,0,0,,3,13,3,2,1,0,1,,0,3,7.71429,3.85714,2,1.28571,0.206897,0.103448,0.10344827175140381,0.24,1.28571,0.277778,0.657895,,,4.94211,-0.00475552,-0.0139167,999,,,,,,,17.400000000000002,5.800000000000001,18,6,,,,,,,,,,,,,,,,,,,"Brody Hopkins","sa3023515",811315
"Jose Franco","CIN",0,0,0,4.9057,5,0,0,0,,5,20,4,3,3,1,2,,0,4,8.13548,4.69772,1.73179,1.36805,0.205496,0.118661,0.08683516085147858,0.242167,1.45187,0.27942,0.693584,,,4.92995,-0.00476262,-0.0103888,999,,,,,,,16.299999999999997,3.2599999999999993,14,2.8,,,,,,,,,,,,,,,,,,,"Jose Franco","27014",683742
"Blake Burkhalter","ATL",0,0,0,5.15255,3,0,0,0,,3,14,3,2,2,0,2,,0,3,8.39136,4.42004,1.89848,1.34423,0.198068,0.10433,0.09373851865530014,0.246583,1.51511,0.284805,0.677695,,,4.82571,-0.0048936,-0.0145273,999,,,,,,,14.400000000000002,4.800000000000001,15,5,,,,,,,,,,,,,,,,,,,"Blake Burkhalter","sa3020382",686628
"Jared Shuster","STL",0,0,0,5.15255,3,0,0,0,,3,16,3,2,2,0,2,,0,3,8.39136,4.42004,1.89848,1.34423,0.198068,0.10433,0.09373853355646133,0.246583,1.51511,0.284805,0.677695,,,4.82571,-0.00495941,-0.0161324,999,,,,,,,14.400000000000002,4.800000000000001,15,5,,,,,,,,,,,,,,,,,,,"Jared Shuster","27472",694363
"Tyler Schweitzer","CHW",1,1,0,4.54818,9,0,0,1,,9,39,9,5,4,1,3,,0,6,6.22312,3.40257,1.82895,1.16677,0.158911,0.0868867,0.07202468067407608,0.262708,1.41494,0.290243,0.70181,,,4.60042,-0.0050567,-0.0157901,999,,,,,,,37.90000000000001,4.211111111111112,39,4.333333333333333,,,,,,,,,,,,,,,,,,,"Tyler Schweitzer","31920",805326
"Luis De León","BAL",0,0,0,4.96126,3,0,0,0,,4,18,4,2,2,1,2,,0,4,8.40161,4.13465,2.032,1.32912,0.203307,0.100053,0.10325435549020767,0.24448,1.45507,0.283475,0.684441,,,4.695,-0.00505761,-0.0162496,999,,,,,,,8.9,2.225,9,2.25,,,,,,,,,,,,,,,,,,,"Luis De Leon","sa3019283",801725
"Cole Henry","WSN",0,0,0,4.77909,4,0,0,0,,4,17,3,2,2,1,2,,0,3,8.14733,4.54007,1.79454,1.28391,0.202568,0.112881,0.08968765288591385,0.243471,1.44161,0.283625,0.696056,,,4.98826,-0.00507032,0.0004655,736.2100219726562,,,,,,,9.5,2.375,7,1.75,,,,,,,,,,,,,,,,,,,"Cole Henry","27570",669371
"Trenton Denholm","CLE",0,0,0,5.15255,3,0,0,0,,3,16,4,2,2,1,2,,0,3,8.39136,4.42004,1.89848,1.34423,0.198068,0.10433,0.09373852610588074,0.246583,1.51511,0.284805,0.677695,,,4.82571,-0.00513925,-0.0151485,999,,,,,,,-0.4999999999999982,-0.16666666666666607,2,0.6666666666666666,,,,,,,,,,,,,,,,,,,"Trenton Denholm","sa3018139",671143
"Cole Wilcox","SEA",0,0,0,4.28281,7,0,0,0,,7,31,7,4,3,1,3,,0,6,7.73448,4.04471,1.91225,0.990741,0.196849,0.102941,0.09390787780284882,0.250047,1.41966,0.29551,0.713062,,,4.25366,-0.00544303,-0.0220716,999,,,,,,,24.3,3.4714285714285715,25,3.5714285714285716,,,,,,,,,,,,,,,,,,,"Cole Wilcox","27481",677961
"Thomas Harrington","PIT",0,0,0,4.81899,3,0,0,0,,5,21,5,3,3,1,2,,0,4,7.17764,3.14339,2.28341,1.47044,0.183063,0.0801709,0.10289186984300613,0.267534,1.41214,0.29864,0.701482,,,4.76482,-0.00547348,-0.0155799,999,,,,,,,13.7,2.7399999999999998,14,2.8,,,,,,,,,,,,,,,,,,,"Thomas Harrington","31989",802419
"Cooper Criswell","SEA",0,0,0,4.0673,8,0,0,0,,10,43,10,5,4,1,3,,1,8,7.21684,3.08842,2.33674,1.0463,0.185071,0.0792006,0.10587063431739807,0.257105,1.35026,0.297051,0.723402,,,4.23955,-0.00556329,-0.00863395,999,,,,,,,39.7,3.97,41,4.1,,,,,,,,,,,,,,,,,,,"Cooper Criswell","24975",681867
"Jose Cabrera","ARI",0,0,0,5.15255,3,0,0,0,,3,15,3,2,2,0,2,,0,3,8.39136,4.42004,1.89848,1.34423,0.198068,0.10433,0.09373853355646133,0.246583,1.51511,0.284805,0.677695,,,4.82571,-0.00569357,-0.0142221,999,,,,,,,14.400000000000002,4.800000000000001,15,5,,,,,,,,,,,,,,,,,,,"Jose Cabrera","30412",703615
"Garrett Hawkins","SDP",0,0,0,4.62157,4,0,0,0,,4,18,4,2,2,1,2,,0,4,8.24864,4.76162,1.73232,1.29435,0.208713,0.120482,0.08823088556528091,0.242076,1.4585,0.282688,0.716172,,,4.77708,-0.00577848,-0.00192136,999,,,,,,,8.9,2.225,9,2.25,,,,,,,,,,,,,,,,,,,"Garrett Hawkins","sa3017383",678184
"Josiah Gray","WSN",0,0,0,6.32706,2,0,0,0,,2,8,2,1,1,0,1,,0,2,8.35271,4.32342,1.93197,1.74039,0.203429,0.105296,0.09813261032104492,0.280883,1.61701,0.32246,0.633501,,,5.28935,-0.00586595,0.00023275,999,,,,,,,10.600000000000001,5.300000000000001,11,5.5,,,,,,,,,,,,,,,,,,,"Josiah Gray","24580",680686
"Kevin Herget","NYM",0,0,0,3.6,2,0,0,0,,2,7,2,1,1,0,1,,0,1,7.2,3.6,2,1.8,0.173913,0.0869565,0.08695652335882187,0.238095,1.4,0.25,0.714286,,,5.28497,-0.00587224,-0.00081563,999,,,,,,,8.600000000000001,4.300000000000001,9,4.5,,,,,,,,,,,,,,,,,,,"Kevin Herget","15369",643361
"Trent Baker","MIN",0,0,0,5.15255,4,0,0,0,,4,20,4,3,2,1,2,,0,4,8.39136,4.42004,1.89848,1.34423,0.198068,0.10433,0.09373852610588074,0.246583,1.51511,0.284805,0.677695,,,4.82571,-0.00598319,-0.0284584,999,,,,,,,8.9,2.225,9,2.25,,,,,,,,,,,,,,,,,,,"Trent Baker","sa3017504",694536
"Max Kranick","WSN",0,1,0,4.86181,10,0,0,2,,10,43,10,6,5,2,3,,0,7,6.4886,3.05589,2.12331,1.3677,0.166751,0.0785334,0.0882173627614975,0.263826,1.38242,0.28926,0.67989,,,4.73067,-0.00630289,-0.0558734,999,,,,,,,36.4,3.6399999999999997,37,3.7,,,,,,,,,,,,,,,,,,,"Max Kranick","22175",668820
"Najer Victor","LAA",0,0,0,5.15255,5,0,0,0,,5,23,5,3,3,1,2,,0,5,8.39136,4.42004,1.89848,1.34423,0.198068,0.10433,0.09373852610588074,0.246583,1.51511,0.284805,0.677695,,,4.82571,-0.00634574,-0.0130277,999,,,,,,,15.7,3.1399999999999997,16,3.2,,,,,,,,,,,,,,,,,,,"Najer Victor","sa3025330",695402
"Ben Peoples","TEX",1,1,0,4.26991,8,0,0,0,,8,36,7,4,4,1,4,,1,7,7.64483,4.08405,1.87187,1.1534,0.198275,0.105923,0.09235148876905441,0.227123,1.30894,0.2608,0.702288,,,4.60895,-0.00648306,0.00000822448,999,,,,,,,27.700000000000006,3.462500000000001,26,3.25,,,,,,,,,,,,,,,,,,,"Ben Peoples","26406",687239
"Gordon Graceffo","STL",1,1,0,4.52099,11,0,0,2,,11,46,11,6,5,1,4,,0,8,6.95353,3.32914,2.08869,1.05023,0.178844,0.0856252,0.09321893751621246,0.254731,1.36454,0.291159,0.68144,,,4.30296,-0.00653011,-0.0308139,999,,,,,,,52.50000000000001,4.772727272727273,54,4.909090909090909,,,,,,,,,,,,,,,,,,,"Gordon Graceffo","29519",700669
"Connor Seabold","KCR",0,0,0,5.02076,2,0,0,0,,2,10,2,1,1,0,1,,0,2,7.0819,4.06889,1.7405,1.61181,0.174669,0.100355,0.0743132084608078,0.27318,1.54584,0.301093,0.725395,,,5.34308,-0.00668637,0.0013296,999,,,,,,,10.600000000000001,5.300000000000001,11,5.5,,,,,,,,,,,,,,,,,,,"Connor Seabold","19695",657756
"Troy Watson","SEA",0,0,0,5.15255,3,0,0,0,,3,16,4,2,2,1,2,,0,3,8.39136,4.42004,1.89848,1.34423,0.198068,0.10433,0.09373852610588074,0.246583,1.51511,0.284805,0.677695,,,4.82571,-0.00679214,-0.0185736,999,,,,,,,-0.4999999999999982,-0.16666666666666607,2,0.6666666666666666,,,,,,,,,,,,,,,,,,,"Troy Watson","sa3007249",681890
"Alex McFarlane","PHI",0,0,0,5.15255,7,0,0,0,,7,32,7,4,4,1,3,,0,6,8.39136,4.42004,1.89848,1.34423,0.198068,0.10433,0.09373852610588074,0.246583,1.51511,0.284805,0.677695,,,4.82571,-0.00684699,-0.0125019,999,,,,,,,24.3,3.4714285714285715,25,3.5714285714285716,,,,,,,,,,,,,,,,,,,"Alex McFarlane","31773",686934
"Alex Cook","TBR",0,0,0,5.15255,6,0,0,0,,6,28,6,4,3,1,3,,0,6,8.39136,4.42004,1.89848,1.34423,0.198068,0.10433,0.09373851865530014,0.246583,1.51511,0.284805,0.677695,,,4.82571,-0.0071929,-0.0278334,999,,,,,,,19.500000000000007,3.2500000000000013,20,3.3333333333333335,,,,,,,,,,,,,,,,,,,"Alex Cook","32015",702047
"Robinson Ortiz","SEA",0,0,0,4.30127,5,0,0,0,,5,20,4,2,2,1,3,,0,4,8.68038,5.25094,1.65311,1.10422,0.218394,0.132111,0.08628317713737488,0.238135,1.49301,0.287983,0.736832,,,4.54105,-0.00719571,0.0121767,999,,,,,,,13.299999999999999,2.6599999999999997,11,2.2,,,,,,,,,,,,,,,,,,,"Robinson Ortiz","sa3004006",673662
"CJ Van Eyk","TOR",0,0,0,5.15255,6,0,0,0,,6,28,6,4,3,1,3,,0,6,8.39136,4.42004,1.89848,1.34423,0.198068,0.10433,0.09373851865530014,0.246583,1.51511,0.284805,0.677695,,,4.82571,-0.00748086,-0.0295948,999,,,,,,,19.500000000000007,3.2500000000000013,20,3.3333333333333335,,,,,,,,,,,,,,,,,,,"CJ Van Eyk","27568",669310
"Juan Burgos","ARI",0,0,0,4.64764,7,0,0,0,,7,29,7,4,3,1,3,,0,5,6.82423,3.68476,1.85201,1.19842,0.171775,0.0927501,0.07902450114488602,0.260283,1.43335,0.292775,0.699351,,,4.74032,-0.00758076,-0.0132494,999,,,,,,,22.3,3.185714285714286,23,3.2857142857142856,,,,,,,,,,,,,,,,,,,"Juan Burgos","27271",686228
"Antoine Kelly","CHC",0,0,0,4.29819,6,0,0,0,,6,26,5,3,3,1,3,,1,5,8.00041,5.1084,1.56613,0.966445,0.197836,0.126322,0.07151412963867188,0.240861,1.49089,0.287598,0.724913,,,4.68309,-0.00758855,-0.000975313,999,,,,,,,17.100000000000005,2.850000000000001,15,2.5,,,,,,,,,,,,,,,,,,,"Antoine Kelly","25611",681520
"Blas Castaño","COL",0,0,0,5.51435,6,0,0,0,,6,27,7,4,4,1,2,,1,4,6.48232,3.54289,1.82967,1.25308,0.158435,0.0865923,0.07184305042028427,0.281592,1.53427,0.313804,0.648292,,,4.94079,-0.00762845,-0.0150552,999,,,,,,,12.900000000000006,2.150000000000001,16,2.6666666666666665,,,,,,,,,,,,,,,,,,,"Blas Castano","26117",680604
"Ryan Rolison","CHC",1,0,0,4.33578,11,0,0,2,,11,46,11,6,5,1,4,,0,9,7.7499,3.77508,2.05291,1.14521,0.198683,0.0967813,0.10190216451883316,0.25228,1.40129,0.294331,0.71753,,,4.34356,-0.00785407,-0.0266691,999,,,,,,,54.50000000000001,4.954545454545455,56,5.090909090909091,,,,,,,,,,,,,,,,,,,"Ryan Rolison","22200",669020
"Hagen Smith","CHW",0,0,0,4.42518,11,0,0,2,,13,58,10,7,6,1,9,,1,14,9.9137,6.51363,1.52199,0.948445,0.244841,0.160869,0.08397255837917328,0.217006,1.53024,0.279376,0.720182,,,4.59917,-0.00795402,-0.0169107,999,,,,,,,63.900000000000006,4.915384615384616,58,4.461538461538462,,,,,,,,,,,,,,,,,,,"Hagen Smith","35205",696146
"Cameron Weston","BAL",0,0,0,5.02402,5,0,0,0,,6,27,6,4,3,1,3,,0,5,8.39825,4.22828,1.98621,1.33408,0.201559,0.101479,0.1000799685716629,0.245179,1.47476,0.283919,0.68216,,,4.73789,-0.00826458,-0.0163381,999,,,,,,,17.500000000000007,2.916666666666668,18,3,,,,,,,,,,,,,,,,,,,"Cameron Weston","31696",687721
"Antwone Kelly","PIT",0,0,0,5.04516,6,0,0,0,,7,31,7,4,4,1,3,,0,6,8.39711,4.25982,1.97124,1.33575,0.200977,0.101955,0.09902235865592957,0.245412,1.4814,0.284067,0.681407,,,4.75233,-0.0084067,-0.0283315,999,,,,,,,24.3,3.4714285714285715,25,3.5714285714285716,,,,,,,,,,,,,,,,,,,"Antwone Kelly","29000",699008
"Yunior Tur","ATH",0,0,0,5.15255,7,0,0,0,,7,31,7,4,4,1,3,,0,6,8.39136,4.42004,1.89848,1.34423,0.198068,0.10433,0.09373853355646133,0.246583,1.51511,0.284805,0.677695,,,4.82571,-0.0084886,-0.0103631,999,,,,,,,24.3,3.4714285714285715,25,3.5714285714285716,,,,,,,,,,,,,,,,,,,"Yunior Tur","33026",814305
"Wyatt Mills","WSN",0,0,0,5.15255,7,0,0,0,,7,33,7,4,4,1,3,,0,7,8.39136,4.42004,1.89848,1.34423,0.198068,0.10433,0.09373852610588074,0.246583,1.51511,0.284805,0.677695,,,4.82571,-0.00857664,-0.014467,999,,,,,,,26.300000000000015,3.7571428571428593,27,3.857142857142857,,,,,,,,,,,,,,,,,,,"Wyatt Mills","20010",670090
"Josh White","MIA",0,0,0,5.65766,4,0,0,0,,4,18,3,3,2,0,3,,0,4,9.47885,7.60987,1.2456,0.947483,0.223541,0.179465,0.044076547026634216,0.237246,1.75066,0.301074,0.665744,,,5.03615,-0.00860643,-0.0284858,999,,,,,,,20.8,5.2,19,4.75,,,,,,,,,,,,,,,,,,,"Josh White","31738",687985
"Yovanny Cruz","WSN",0,1,0,4.74905,9,0,0,0,,9,38,8,5,4,1,5,,1,8,8.92667,5.26314,1.69608,1.13701,0.219932,0.129671,0.09026096761226654,0.24551,1.5317,0.299619,0.707205,,,4.70232,-0.00882485,-0.0142528,999,,,,,,,31.50000000000001,3.5000000000000013,30,3.3333333333333335,,,,,,,,,,,,,,,,,,,"Yovanny Cruz","22622",672442
"Alek Jacob","SDP",0,0,0,4.76935,5,0,0,0,,5,20,4,3,2,1,2,,0,4,7.72455,4.03939,1.91231,1.45329,0.193835,0.101362,0.09247320890426636,0.251389,1.42602,0.284477,0.708371,,,5.08973,-0.00912266,-0.0181914,999,,,,,,,16.299999999999997,3.2599999999999993,14,2.8,,,,,,,,,,,,,,,,,,,"Alek Jacob","29628",689690
"Gavin Collyer","TEX",0,1,0,4.71698,7,0,0,0,,7,30,6,4,4,1,4,,1,7,8.89347,5.60464,1.5868,1.06669,0.219509,0.138334,0.08117493987083435,0.232714,1.50532,0.284472,0.698555,,,4.77676,-0.0096164,-0.015391,999,,,,,,,22.900000000000013,3.271428571428573,21,3,,,,,,,,,,,,,,,,,,,"Gavin Collyer","26349",686560
"Yilber Díaz","DET",0,0,0,4.60897,7,0,0,0,,7,32,6,4,4,1,5,,0,7,8.69604,6.06581,1.43362,1.10839,0.211008,0.147186,0.06382229924201965,0.243777,1.61205,0.2954,0.73311,,,4.94661,-0.00967407,-0.0133718,999,,,,,,,22.900000000000013,3.271428571428573,21,3,,,,,,,,,,,,,,,,,,,"Yilber Diaz","29271",700270
"Lyon Richardson","MIL",0,0,0,5.04936,2,0,0,0,,2,7,2,1,1,0,1,,0,1,7.28299,4.86375,1.4974,1.77739,0.180968,0.120855,0.06011321395635605,0.253106,1.52655,0.272942,0.73334,,,5.76034,-0.00970618,0.00000387256,999,,,,,,,8.600000000000001,4.300000000000001,9,4.5,,,,,,,,,,,,,,,,,,,"Lyon Richardson","24581",680689
"Jose Cuas","KCR",0,1,0,4.69458,10,0,0,1,,10,43,9,5,5,1,5,,1,9,8.51864,4.66395,1.82648,1.05716,0.210007,0.114979,0.09502813220024109,0.252563,1.50152,0.306023,0.698946,,,4.56026,-0.00974706,0.00664799,999,,,,,,,42.300000000000004,4.23,41,4.1,,,,,,,,,,,,,,,,,,,"Jose Cuas","17701",621016
"Jack Weisenburger","NYM",0,0,0,5.15255,7,0,0,0,,7,32,7,4,4,1,3,,0,6,8.39136,4.42004,1.89848,1.34423,0.198068,0.10433,0.09373852610588074,0.246583,1.51511,0.284805,0.677695,,,4.82571,-0.0097667,-0.0186142,999,,,,,,,24.3,3.4714285714285715,25,3.5714285714285716,,,,,,,,,,,,,,,,,,,"Jack Weisenburger","26333",674073
"Hancel Rincon","STL",0,0,0,5.15255,6,0,0,0,,6,28,6,4,3,1,3,,0,6,8.39136,4.42004,1.89848,1.34423,0.198068,0.10433,0.09373851865530014,0.246583,1.51511,0.284805,0.677695,,,4.82571,-0.00991881,-0.0322648,999,,,,,,,19.500000000000007,3.2500000000000013,20,3.3333333333333335,,,,,,,,,,,,,,,,,,,"Hancel Rincon","sa3009629",684516
"Brendan Cellucci","TOR",0,0,0,5.15255,8,0,0,0,,8,38,8,5,5,1,4,,1,8,8.39136,4.42004,1.89848,1.34423,0.198068,0.10433,0.09373851865530014,0.246583,1.51511,0.284805,0.677695,,,4.82571,-0.00997448,-0.0294399,999,,,,,,,27.100000000000005,3.3875000000000006,28,3.5,,,,,,,,,,,,,,,,,,,"Brendan Cellucci","sa3011710",676454
"Garrett Stallings","MIL",0,0,0,5.15255,8,0,0,0,,8,40,9,5,5,1,4,,1,8,8.39136,4.42004,1.89848,1.34423,0.198068,0.10433,0.09373852610588074,0.246583,1.51511,0.284805,0.677695,,,4.82571,-0.0100668,-0.0306304,999,,,,,,,24.500000000000007,3.062500000000001,28,3.5,,,,,,,,,,,,,,,,,,,"Garrett Stallings","27485",668831
"Trevor Martin","LAA",0,0,0,5.15255,8,0,0,0,,8,40,9,5,5,1,4,,1,8,8.39136,4.42004,1.89848,1.34423,0.198068,0.10433,0.09373852610588074,0.246583,1.51511,0.284805,0.677695,,,4.82571,-0.0101532,-0.0267904,999,,,,,,,24.500000000000007,3.062500000000001,28,3.5,,,,,,,,,,,,,,,,,,,"Trevor Martin","31878",694680
"Victor Mederos","ATL",1,1,0,4.78932,9,0,0,1,,9,41,9,5,5,1,4,,1,7,7.2766,3.91518,1.85856,1.14761,0.182343,0.0981099,0.08423342555761337,0.257164,1.44244,0.295133,0.683602,,,4.67537,-0.0101602,-0.0168489,999,,,,,,,33.90000000000001,3.766666666666668,35,3.888888888888889,,,,,,,,,,,,,,,,,,,"Victor Mederos","31533",682989
"Brett Kerry","LAA",0,1,0,4.87964,8,0,0,0,,10,43,11,6,5,2,3,,0,8,7.05769,2.93449,2.40508,1.50878,0.180387,0.0750025,0.105384461581707,0.270615,1.40572,0.30022,0.697161,,,4.76871,-0.0104644,-0.028676,999,,,,,,,27.799999999999997,2.78,31,3.1,,,,,,,,,,,,,,,,,,,"Brett Kerry","29826",695049
"Chase Lee","TOR",0,0,0,4.4151,9,0,0,1,,9,40,9,5,5,1,4,,1,8,7.89383,3.50489,2.25223,1.34851,0.203822,0.0904978,0.11332448571920395,0.245002,1.33375,0.280995,0.712223,,,4.62534,-0.0108359,-0.017965,999,,,,,,,35.90000000000001,3.9888888888888903,37,4.111111111111111,,,,,,,,,,,,,,,,,,,"Chase Lee","29574",695445
"Seth Johnson","ATH",1,1,0,4.88955,10,0,0,1,,10,42,9,6,5,1,5,,0,9,8.57539,4.76924,1.79806,1.22678,0.215023,0.119586,0.09543720632791519,0.248044,1.48982,0.296176,0.692305,,,4.63537,-0.0118551,-0.0323966,999,,,,,,,45.300000000000004,4.53,44,4.4,,,,,,,,,,,,,,,,,,,"Seth Johnson","26020",686751
"Yorman Gómez","CLE",0,0,0,5.15255,7,0,0,0,,7,32,7,4,4,1,3,,0,6,8.39136,4.42004,1.89848,1.34423,0.198068,0.10433,0.09373852610588074,0.246583,1.51511,0.284805,0.677695,,,4.82571,-0.0119916,-0.015118,999,,,,,,,24.3,3.4714285714285715,25,3.5714285714285716,,,,,,,,,,,,,,,,,,,"Yorman Gomez","sa3015931",691414
"JT Brubaker","SFG",0,0,0,4.42863,12,0,1,3,,12,52,12,6,6,1,5,,1,9,7.03324,3.63072,1.93715,1.05222,0.180303,0.0930763,0.08722645789384842,0.249442,1.37053,0.285424,0.692439,,,4.4132,-0.0120141,0.021489,999,,,,,,,62.30000000000001,5.191666666666667,64,5.333333333333333,,,,,,,,,,,,,,,,,,,"JT Brubaker","17578",664141
"Alimber Santa","HOU",0,0,0,5.15255,8,0,0,0,,8,38,8,5,5,1,4,,1,7,8.39136,4.42004,1.89848,1.34423,0.198068,0.10433,0.09373853355646133,0.246583,1.51511,0.284805,0.677695,,,4.82571,-0.0126108,-0.029397,999,,,,,,,25.100000000000005,3.1375000000000006,26,3.25,,,,,,,,,,,,,,,,,,,"Alimber Santa","28846",695001
"Tyler Zuber","MIA",0,1,0,4.57485,12,0,0,3,,12,52,12,7,6,2,5,,1,12,9.17014,4.16119,2.20373,1.3127,0.231101,0.104868,0.1262330487370491,0.253077,1.44834,0.307601,0.720031,,,4.48207,-0.0127602,-0.0711255,999,,,,,,,51.000000000000014,4.250000000000001,52,4.333333333333333,,,,,,,,,,,,,,,,,,,"Tyler Zuber","20379",676604
"Tanner Rainey","DET",0,0,0,4.52695,11,0,0,2,,11,49,10,6,6,1,6,,1,11,9.12531,4.9541,1.84197,1.13559,0.231133,0.125481,0.10565142333507538,0.232329,1.43114,0.284658,0.704992,,,4.48562,-0.013609,-0.0150523,999,,,,,,,52.10000000000001,4.736363636363637,51,4.636363636363637,,,,,,,,,,,,,,,,,,,"Tanner Rainey","17610",663432
"Hayden Juenger","ATH",1,1,0,4.98473,10,0,0,1,,10,44,10,6,6,1,4,,1,8,7.17463,3.76672,1.90474,1.31283,0.180028,0.0945155,0.08551213145256042,0.262225,1.45282,0.296018,0.6814,,,4.83835,-0.0142126,-0.023209,999,,,,,,,40.7,4.07,42,4.2,,,,,,,,,,,,,,,,,,,"Hayden Juenger","29640",696522
"Carlos Vargas","SEA",1,1,0,4.15717,10,0,0,2,,10,45,10,5,5,1,4,,1,8,7.10868,3.32067,2.14073,1.01549,0.182482,0.0852426,0.09723925590515137,0.252671,1.35283,0.291202,0.712012,,,4.27565,-0.0166624,-0.00711274,999,,,,,,,44.7,4.470000000000001,46,4.6,,,,,,,,,,,,,,,,,,,"Carlos Vargas","22915",672841
"Erik Tolman","WSN",0,0,0,5.15255,9,0,0,1,,9,42,9,6,5,1,4,,1,8,8.39136,4.42004,1.89848,1.34423,0.198068,0.10433,0.09373851120471954,0.246583,1.51511,0.284805,0.677695,,,4.82571,-0.0168956,-0.0684541,999,,,,,,,35.90000000000001,3.9888888888888903,37,4.111111111111111,,,,,,,,,,,,,,,,,,,"Erik Tolman","32065",680899
"Zach Brzykcy","MIA",0,1,0,5.08718,9,0,0,0,,9,40,8,5,5,1,5,,1,8,8.29219,5.08425,1.63095,1.20078,0.204397,0.125323,0.07907330989837646,0.248854,1.529,0.294633,0.681416,,,4.87752,-0.0176045,-0.0121922,999,,,,,,,31.50000000000001,3.5000000000000013,30,3.3333333333333335,,,,,,,,,,,,,,,,,,,"Zach Brzykcy","27783",694350
"Ray Kerr","ATL",0,0,0,5.15255,11,0,0,2,,11,50,11,7,6,2,5,,1,10,8.39136,4.42004,1.89848,1.34423,0.198068,0.10433,0.09373852610588074,0.246583,1.51511,0.284805,0.677695,,,4.82571,-0.0179432,-0.0433019,999,,,,,,,38.20000000000001,3.4727272727272736,39,3.5454545454545454,,,,,,,,,,,,,,,,,,,"Ray Kerr","23809",678061
"Trent Thornton","CHC",1,0,0,4.38424,12,0,0,3,,12,51,11,6,6,2,4,,1,9,7.09201,3.13196,2.2644,1.22096,0.18425,0.0813681,0.10288212448358536,0.247738,1.30633,0.279376,0.695834,,,4.49798,-0.0188608,0.026137,999,,,,,,,50.600000000000016,4.216666666666668,49,4.083333333333333,,,,,,,,,,,,,,,,,,,"Trent Thornton","17948",663423
"Jack Ralston","MIA",0,0,0,5.15255,10,0,0,1,,10,47,10,6,6,1,5,,1,9,8.39136,4.42004,1.89848,1.34423,0.198068,0.10433,0.09373852610588074,0.246583,1.51511,0.284805,0.677695,,,4.82571,-0.0197037,-0.0385096,999,,,,,,,39.7,3.97,41,4.1,,,,,,,,,,,,,,,,,,,"Jack Ralston","26104",667652
"Craig Kimbrel","KCR",0,1,0,4.54738,11,0,0,2,,11,48,10,6,6,1,6,,1,12,9.54449,4.84044,1.97182,1.1924,0.240898,0.12217,0.11872778832912445,0.234934,1.43142,0.291543,0.708078,,,4.48238,-0.0199089,-0.002735,999,,,,,,,54.10000000000001,4.918181818181819,53,4.818181818181818,,,,,,,,,,,,,,,,,,,"Craig Kimbrel","6655",518886
"Wyatt Olds","BOS",0,0,0,5.15255,9,0,0,1,,9,43,9,6,5,1,4,,1,8,8.39136,4.42004,1.89848,1.34423,0.198068,0.10433,0.09373851865530014,0.246583,1.51511,0.284805,0.677695,,,4.82571,-0.0200281,-0.0545358,999,,,,,,,35.90000000000001,3.9888888888888903,37,4.111111111111111,,,,,,,,,,,,,,,,,,,"Wyatt Olds","29922",681544
"Xzavion Curry","NYM",0,0,0,4.80361,6,0,0,0,,6,25,6,3,3,1,3,,0,4,5.80437,3.96578,1.46361,1.68413,0.146568,0.100141,0.04642673581838608,0.261118,1.46903,0.270821,0.736407,,,5.61323,-0.0211888,-0.00244689,999,,,,,,,15.500000000000005,2.5833333333333344,16,2.6666666666666665,,,,,,,,,,,,,,,,,,,"Xzavion Curry","25595",675540
"Beck Way","KCR",0,0,0,5.15255,9,0,0,1,,9,43,9,6,5,1,4,,1,8,8.39136,4.42004,1.89848,1.34423,0.198068,0.10433,0.09373851120471954,0.246583,1.51511,0.284805,0.677695,,,4.82571,-0.0217367,-0.0578124,999,,,,,,,35.90000000000001,3.9888888888888903,37,4.111111111111111,,,,,,,,,,,,,,,,,,,"Beck Way","27877",694360
"Antonio Senzatela","MIL",1,1,0,4.65304,12,0,0,2,,12,52,13,7,6,2,4,,1,9,6.64939,2.99914,2.2171,1.27229,0.169824,0.0765971,0.0932265967130661,0.266526,1.39066,0.296724,0.694781,,,4.59437,-0.0247858,-0.0760052,999,,,,,,,41.40000000000002,3.4500000000000015,45,3.75,,,,,,,,,,,,,,,,,,,"Antonio Senzatela","15488",622608
"Nestor Cortes","PHI",1,1,0,4.51646,8,0,0,0,,10,41,9,5,5,2,3,,0,8,7.73383,2.89967,2.66714,2.09777,0.20509,0.0768952,0.12819480895996094,0.238293,1.23255,0.248273,0.758179,,,5.50518,-0.0265324,0.00103202,999,,,,,,,33,3.3,31,3.1,,,,,,,,,,,,,,,,,,,"Nestor Cortes","17874",641482
"Orlando Ribalta","WSN",0,1,0,4.66721,11,0,1,2,,11,51,11,6,6,2,6,,1,11,8.26928,4.42565,1.86849,1.29003,0.207807,0.111217,0.09659043699502945,0.248075,1.4518,0.290866,0.709862,,,4.76489,-0.031116,-0.0274574,999,,,,,,,42.20000000000001,3.8363636363636373,43,3.909090909090909,,,,,,,,,,,,,,,,,,,"Orlando Ribalta","26247",687377
"Nick Davila","SEA",0,0,0,5.15255,9,0,0,1,,9,43,9,6,5,1,5,,1,9,8.39136,4.42004,1.89848,1.34423,0.198068,0.10433,0.09373853355646133,0.246583,1.51511,0.284805,0.677695,,,4.82571,-0.0324777,-0.0872114,999,,,,,,,34.90000000000001,3.877777777777779,36,4,,,,,,,,,,,,,,,,,,,"Nick Davila","27741",689546
"Luke Murphy","LAA",0,0,0,5.15255,11,0,0,2,,11,52,11,7,6,2,5,,1,10,8.39136,4.42004,1.89848,1.34423,0.198068,0.10433,0.09373851865530014,0.246583,1.51511,0.284805,0.677695,,,4.82571,-0.0326971,-0.0908309,999,,,,,,,38.20000000000001,3.4727272727272736,39,3.5454545454545454,,,,,,,,,,,,,,,,,,,"Luke Murphy","29952",684665
"Alec Gamboa","BOS",0,0,0,5.15255,11,0,0,2,,11,51,11,7,6,2,5,,1,10,8.39136,4.42004,1.89848,1.34423,0.198068,0.10433,0.09373852610588074,0.246583,1.51511,0.284805,0.677695,,,4.82571,-0.0331829,-0.0667804,999,,,,,,,38.20000000000001,3.4727272727272736,39,3.5454545454545454,,,,,,,,,,,,,,,,,,,"Alec Gamboa","26227",687941
"Zach Agnos","COL",0,1,0,5.04372,13,0,0,2,,13,58,13,8,7,2,5,,1,10,6.67359,3.60884,1.84924,1.34301,0.169428,0.0916206,0.07780754566192627,0.258749,1.41677,0.28552,0.668644,,,4.89411,-0.036571,-0.0206875,743.47998046875,,,,,,,47.8,3.6769230769230767,49,3.769230769230769,,,,,,,,,,,,,,,,,,,"Zach Agnos","31552",688642
"José Fermin","LAA",0,0,0,5.15255,12,0,0,3,,12,55,12,7,7,2,6,,1,11,8.39136,4.42004,1.89848,1.34423,0.198068,0.10433,0.09373852610588074,0.246583,1.51511,0.284805,0.677695,,,4.82571,-0.0438455,-0.0579419,999,,,,,,,46.000000000000014,3.8333333333333344,47,3.9166666666666665,,,,,,,,,,,,,,,,,,,"Jose Fermin","33908",820862
"Nate Lavender","NYM",0,0,0,5.15255,11,0,0,2,,11,53,12,7,6,2,6,,1,11,8.39136,4.42004,1.89848,1.34423,0.198068,0.10433,0.09373851865530014,0.246583,1.51511,0.284805,0.677695,,,4.82571,-0.0448152,-0.147547,999,,,,,,,34.60000000000001,3.1454545454545464,38,3.4545454545454546,,,,,,,,,,,,,,,,,,,"Nate Lavender","30109",681320
"Gerardo Carrillo","ARI",0,0,0,5.15255,11,0,0,2,,11,50,11,7,6,2,5,,1,10,8.39136,4.42004,1.89848,1.34423,0.198068,0.10433,0.09373852610588074,0.246583,1.51511,0.284805,0.677695,,,4.82571,-0.0450867,-0.0847062,999,,,,,,,38.20000000000001,3.4727272727272736,39,3.5454545454545454,,,,,,,,,,,,,,,,,,,"Gerardo Carrillo","22754",672629