Name,Team,G,PA,AB,H,1B,2B,3B,HR,R,RBI,BB,IBB,SO,HBP,SF,SH,GDP,SB,CS,AVG,BB%,K%,BB/K,OBP,SLG,wOBA,OPS,ISO,Spd,BABIP,UBR,wSB,wRC,wRAA,wRC+,BsR,Fld,Off,Def,WAR,ADP,InterSD,InterSK,IntraSD,Vol,Skew,Dim,FPTS,FPTS/G,SPTS,SPTS/G,P10,P20,P30,P40,P50,P60,P70,P80,P90,TT10,TT20,TT30,TT40,TT50,TT60,TT70,TT80,TT90,NameASCII,PlayerId,MLBAMID
"Bobby Witt Jr.","KCR",29,126,113,34,20,7,1,6,20,19,10,1,21,1,1,0,,7,2,0.298568,0.0821996,0.166501,0.493689,0.360231,0.528959,0.380422,0.88919,0.230392,6.79362,0.321189,0.203301,0.491314,21.3847,6.51721,143.561,0.694615,2.33941,7.045152842998505,3.686637043952942,1.547,3.0999999046325684,,,,,,,200.5,6.913793103,200.5,6.913793103,,,,,,,,,,,,,,,,,,,"Bobby Witt Jr.","25764",677951
"Yordan Alvarez","HOU",28,121,102,31,18,6,0,7,19,21,16,1,21,2,1,0,,1,0,0.305611,0.129356,0.172394,0.750353,0.402571,0.586688,0.420319,0.989259,0.281077,3.20244,0.31783,-0.109117,-0.112702,24.387,10.1326,175.003,-0.221819,0.069606,10.261693388223648,-2.7146531268954277,1.20365,33.38999938964844,,,,,,,210.7,7.525,210.7,7.525,,,,,,,,,,,,,,,,,,,"Yordan Alvarez","19556",670541
"Pete Crow-Armstrong","CHC",30,129,116,30,17,6,1,5,19,17,10,0,32,2,1,0,,7,2,0.258234,0.0768815,0.251901,0.305205,0.32501,0.470233,0.343089,0.795242,0.211999,7.47286,0.31114,0.111236,0.465338,17.993,2.78831,118.223,0.576574,2.80652,3.400197684764862,3.2657840251922607,1.10388,32.939998626708984,,,,,,,165.8,5.526666666,165.8,5.526666666,,,,,,,,,,,,,,,,,,,"Pete Crow-Armstrong","27769",691718
"Gunnar Henderson","BAL",30,130,115,31,18,6,1,5,20,18,13,1,28,1,1,0,,4,1,0.269095,0.0997961,0.217098,0.459682,0.347693,0.476419,0.356648,0.824112,0.207324,6.49873,0.313728,0.165183,0.207803,19.6031,4.24002,131.541,0.372986,-0.294806,5.124425023794174,1.0973233580589294,1.10231,12.510000228881836,,,,,,,175.5,5.85,175.5,5.85,,,,,,,,,,,,,,,,,,,"Gunnar Henderson","26289",683002
"Shohei Ohtani","LAD",29,126,108,31,16,5,1,9,22,22,16,1,30,1,1,0,,3,1,0.285668,0.127852,0.239053,0.534827,0.380462,0.594675,0.41183,0.975137,0.309007,6.11751,0.316383,0.00852395,0.11938,24.6077,9.71974,163.027,0.127904,0,9.690610602498055,-3.1478395462036133,1.08248,1.2699999809265137,,,,,,,224.3,7.734482758,224.3,7.734482758,,,,,,,,,,,,,,,,,,,"Shohei Ohtani","19755",660271
"Fernando Tatis Jr.","SDP",30,130,115,32,20,6,0,6,18,18,13,1,25,1,1,0,,6,2,0.276999,0.0993437,0.19504,0.50935,0.353403,0.486779,0.362973,0.840182,0.209779,5.17839,0.307132,0.0666815,0.341607,20.2668,4.90367,133.464,0.408289,1.70023,5.647590667009354,0.30809569358825684,1.03589,14.010000228881836,,,,,,,185.8,6.193333333,185.8,6.193333333,,,,,,,,,,,,,,,,,,,"Fernando Tatis Jr.","19709",665487
"Julio Rodríguez","SEA",30,130,118,32,21,6,0,5,17,18,10,1,28,2,1,0,,5,1,0.274517,0.0748085,0.216625,0.345336,0.336091,0.466633,0.347283,0.802724,0.192116,5.45242,0.316763,0.0612767,0.351721,18.6205,3.25741,130.193,0.412998,0.191347,4.96139332652092,0.5788464993238449,1.03284,9.489999771118164,,,,,,,168.3,5.61,168.3,5.61,,,,,,,,,,,,,,,,,,,"Julio Rodriguez","23697",677594
"Junior Caminero","TBR",31,133,120,33,20,6,1,7,18,21,11,1,25,1,1,0,,1,0,0.278566,0.0820367,0.191564,0.428246,0.339854,0.518992,0.367056,0.858846,0.240426,3.97615,0.295668,-0.00800451,-0.0908526,21.1426,5.44736,136.423,-0.0988571,-0.654547,5.50672560185194,-0.29899123311042786,1.00906,16.479999542236328,,,,,,,191.6,6.180645161,191.6,6.180645161,,,,,,,,,,,,,,,,,,,"Junior Caminero","28163",691406
"Corey Seager","TEX",26,111,98,26,15,5,0,6,15,16,12,1,22,1,1,0,,1,0,0.265612,0.105619,0.200508,0.526758,0.347519,0.489941,0.361531,0.83746,0.224329,2.57337,0.287544,-0.113613,-0.0961884,17.2122,4.06641,134.902,-0.209801,0.465608,4.2891028970479965,1.274095594882965,0.967627,95.08999633789062,,,,,,,159.4,6.13076923,159.4,6.13076923,,,,,,,,,,,,,,,,,,,"Corey Seager","13624",608369
"Elly De La Cruz","CIN",30,129,115,30,18,6,1,6,19,18,12,1,35,1,1,0,,7,2,0.264574,0.0944253,0.273968,0.344659,0.336086,0.483694,0.353018,0.81978,0.21912,7.26924,0.331927,0.208728,0.41408,19.024,3.8193,118.309,0.622808,0.598785,3.45979106426239,1.833044171333313,0.963892,8.449999809265137,,,,,,,179.2,5.973333333,179.2,5.973333333,,,,,,,,,,,,,,,,,,,"Elly De La Cruz","26668",682829
"Corbin Carroll","ARI",29,123,107,28,16,6,2,5,22,16,13,1,26,2,1,0,,5,1,0.262794,0.106308,0.211409,0.502854,0.350262,0.488341,0.361263,0.838603,0.225547,8.37298,0.304784,0.265425,0.467208,19.0519,4.48066,127.669,0.732632,1.22429,4.841327905654907,-0.07694506645202637,0.892338,14.100000381469727,,,,,,,177.3,6.113793103,177.3,6.113793103,,,,,,,,,,,,,,,,,,,"Corbin Carroll","25878",682998
"Cal Raleigh","SEA",27,108,94,21,12,4,0,6,14,16,12,0,30,1,1,0,,1,0,0.227097,0.115373,0.275399,0.418929,0.321891,0.451944,0.336298,0.773835,0.224847,3.46083,0.264794,-0.144057,-0.0324244,14.4785,1.74453,122.541,-0.176481,0.397522,2.6381109207868576,1.9044666588306427,0.851033,18.729999542236328,,,,,,,132.5,4.907407407,132.5,4.907407407,,,,,,,,,,,,,,,,,,,"Cal Raleigh","21534",663728
"Wyatt Langford","TEX",29,125,109,28,17,6,1,5,16,16,13,0,28,1,1,0,,4,1,0.253278,0.104681,0.224841,0.465578,0.336063,0.443592,0.340077,0.779655,0.190314,5.53646,0.296206,0.0659579,0.281034,17.1277,2.3981,119.959,0.346992,1.80657,3.229694038629532,0.6823387145996094,0.847547,37.75,,,,,,,164.7,5.679310344,164.7,5.679310344,,,,,,,,,,,,,,,,,,,"Wyatt Langford","33333",694671
"José Ramírez","CLE",29,125,110,28,18,6,0,4,16,15,13,0,16,1,1,0,,7,1,0.25799,0.101705,0.12529,0.811762,0.336459,0.426669,0.334171,0.763128,0.168678,5.96829,0.268198,-0.00856836,0.764489,16.5336,1.80402,115.621,0.755921,0.791152,3.012093484401703,0.8533435463905334,0.842796,6.28000020980835,,,,,,,154.3,5.320689655,154.3,5.320689655,,,,,,,,,,,,,,,,,,,"Jose Ramirez","13510",608070
"Adley Rutschman","BOS",27,107,94,24,16,6,0,3,13,13,12,0,17,1,1,0,,0,0,0.261122,0.112689,0.155065,0.726723,0.347021,0.419313,0.33762,0.766335,0.158192,2.97186,0.287966,-0.0457687,-0.144439,14.5664,1.8561,112.55,-0.190208,1.5681,1.3738781213760376,2.990322709083557,0.832128,148.92999267578125,,,,,,,125,4.629629629,125,4.629629629,,,,,,,,,,,,,,,,,,,"Adley Rutschman","26288",668939
"Francisco Lindor","NYM",30,130,115,29,18,5,0,5,17,16,12,0,25,2,1,0,,4,1,0.250918,0.089951,0.188714,0.476653,0.327973,0.432197,0.332283,0.760171,0.18128,5.21989,0.276542,-0.0594142,0.216117,17.0466,1.68349,112.466,0.156703,0.535241,2.108384385704994,1.8316911458969116,0.830402,25.350000381469727,,,,,,,155.7,5.19,155.7,5.19,,,,,,,,,,,,,,,,,,,"Francisco Lindor","12916",596019
"Vladimir Guerrero Jr.","TOR",28,122,107,32,20,6,0,5,17,17,13,1,16,1,1,0,,2,1,0.295694,0.105892,0.135182,0.783329,0.3744,0.496896,0.376873,0.871297,0.201203,3.39736,0.30772,-0.0468407,-0.12095,20.3741,5.96644,144.772,-0.167791,-0.136468,6.1574320793151855,-2.34017214179039,0.828079,18.049999237060547,,,,,,,179.6,6.414285714,179.6,6.414285714,,,,,,,,,,,,,,,,,,,"Vladimir Guerrero Jr.","19611",665489
"Byron Buxton","MIN",25,110,99,26,14,5,1,6,16,17,8,0,28,2,1,0,,3,0,0.259273,0.0756164,0.257543,0.293607,0.324871,0.509871,0.35688,0.834742,0.250598,6.01352,0.299061,0.0938845,0.329027,16.5923,3.60489,129.462,0.422912,0.117938,4.174827039241791,0.05096250772476196,0.826458,73.4800033569336,,,,,,,158.9,6.356,158.9,6.356,,,,,,,,,,,,,,,,,,,"Byron Buxton","14161",621439
"Ronald Acuña Jr.","ATL",28,122,105,29,18,5,0,6,18,18,15,1,27,2,1,0,,6,2,0.277264,0.123174,0.217591,0.566084,0.373472,0.49654,0.37668,0.870012,0.219276,5.36435,0.317805,0.155579,0.268233,20.3624,5.94955,138.506,0.423812,-0.459949,6.079653799533844,-1.9764610826969147,0.820512,5.260000228881836,,,,,,,185.1,6.610714285,185.1,6.610714285,,,,,,,,,,,,,,,,,,,"Ronald Acuna Jr.","18401",660670
"Mike Trout","LAA",26,113,95,24,14,4,0,6,16,16,16,1,31,1,1,0,,2,0,0.248782,0.140529,0.274499,0.511945,0.362097,0.476958,0.365074,0.839055,0.228177,4.45276,0.304238,-0.0624194,0.100884,17.7415,4.43738,134.741,0.0384644,-0.373936,4.570690914988518,-0.6227017641067505,0.807787,178.44000244140625,,,,,,,162.2,6.238461538,162.2,6.238461538,,,,,,,,,,,,,,,,,,,"Mike Trout","10155",545361
"Wilyer Abreu","BOS",29,124,110,28,17,6,0,5,16,17,13,0,28,1,1,0,,2,1,0.25814,0.104444,0.223996,0.466276,0.337236,0.458147,0.345565,0.795384,0.200007,4.42805,0.300594,-0.00167143,-0.0258283,17.6614,2.94719,118.083,-0.0274997,1.79001,2.581636857241392,0.4171719551086426,0.75398,199.89999389648438,,,,,,,154.2,5.317241379,154.2,5.317241379,,,,,,,,,,,,,,,,,,,"Wilyer Abreu","23772",677800
"Kevin McGonigle","DET",28,122,106,28,19,5,1,3,16,14,14,0,19,0,1,0,,2,1,0.263724,0.11338,0.1552,0.730544,0.348142,0.422953,0.339025,0.771096,0.15923,4.83255,0.289417,-0.0103024,0.0403154,16.6262,2.23899,117.541,0.0300129,-0.54469,2.5046563912183046,0.47259408235549927,0.74182,999,,,,,,,142.2,5.078571428,142.2,5.078571428,,,,,,,,,,,,,,,,,,,"Kevin McGonigle","33572",805808
"Mookie Betts","LAD",29,125,111,29,18,6,0,4,16,16,12,0,16,1,1,0,,2,0,0.259037,0.0943675,0.132393,0.712784,0.333022,0.435748,0.335753,0.76877,0.176711,4.02225,0.267026,-0.0282981,-0.0313335,16.6928,1.96319,112.043,-0.0596315,0.200567,1.7481941543519497,1.4874496906995773,0.740909,60.58000183105469,,,,,,,149.2,5.144827586,149.2,5.144827586,,,,,,,,,,,,,,,,,,,"Mookie Betts","13611",605141
"Gabriel Moreno","ARI",26,103,91,25,17,5,0,3,13,12,10,0,17,1,1,0,,1,0,0.279405,0.0962464,0.165368,0.582014,0.353177,0.430383,0.343984,0.78356,0.150978,3.62891,0.315538,0.0446337,-0.0915908,14.4257,2.29815,116.09,-0.0469572,0.40007,1.9416032619774342,1.9261503517627716,0.732738,181.22000122070312,,,,,,,126.6,4.869230769,126.6,4.869230769,,,,,,,,,,,,,,,,,,,"Gabriel Moreno","22664",672515
"Juan Soto","NYM",19,82,67,19,11,3,0,5,13,13,14,1,13,0,1,0,,2,1,0.284013,0.171979,0.164123,1.04787,0.40845,0.542765,0.408197,0.951215,0.258752,4.6152,0.29154,-0.0437538,0.0269994,15.7291,6.06777,163.34,-0.0167544,-0.0367164,6.219669077545404,-1.6967472210526466,0.730707,4.650000095367432,,,,,,,138.1,7.268421052,138.1,7.268421052,,,,,,,,,,,,,,,,,,,"Juan Soto","20123",665742
"Michael Harris II","ATL",28,121,113,32,20,6,1,5,16,17,6,0,24,1,1,0,,3,1,0.281383,0.0467589,0.19562,0.239029,0.318554,0.472168,0.339995,0.790722,0.190785,5.33657,0.316036,0.0629538,0.129043,16.5672,2.31281,113.921,0.191997,0.64165,2.2143175452947617,0.9956621527671814,0.725033,99.06999969482422,,,,,,,160.2,5.721428571,160.2,5.721428571,,,,,,,,,,,,,,,,,,,"Michael Harris II","25931",671739
"William Contreras","MIL",29,114,100,27,18,5,0,4,14,14,12,0,20,1,1,0,,1,0,0.268544,0.10436,0.177789,0.586987,0.347995,0.434549,0.342901,0.782544,0.166005,3.09446,0.300989,-0.0611573,-0.121235,15.9407,2.45558,117.075,-0.182393,-0.294112,2.164147228002548,1.217616617679596,0.721078,56.560001373291016,,,,,,,144.2,4.972413793,144.2,4.972413793,,,,,,,,,,,,,,,,,,,"William Contreras","20503",661388
"Miguel Vargas","CHW",30,130,113,28,17,6,0,5,16,17,15,0,24,1,1,0,,3,1,0.249204,0.113812,0.183048,0.621762,0.341145,0.437956,0.341047,0.779101,0.188753,4.28115,0.27382,-0.00770048,0.051306,17.9722,2.60396,118.943,0.0436056,-0.624553,2.898302063345909,-0.43689870834350586,0.719116,303.0899963378906,,,,,,,159.1,5.303333333,159.1,5.303333333,,,,,,,,,,,,,,,,,,,"Miguel Vargas","20178",678246
"Zach Neto","LAA",29,127,113,28,16,6,0,5,16,16,10,0,34,3,1,0,,5,2,0.245542,0.0783545,0.267172,0.293274,0.320239,0.439697,0.331321,0.759936,0.194155,5.41813,0.302489,0.0581611,0.0546335,16.5962,1.54991,111.232,0.112795,-0.574298,1.7699675559997559,0.7412887215614319,0.714392,32.29999923706055,,,,,,,151.1,5.210344827,151.1,5.210344827,,,,,,,,,,,,,,,,,,,"Zach Neto","31347",687263
"Pete Alonso","BAL",30,130,114,29,17,6,0,7,17,21,12,1,30,2,1,0,,1,0,0.257722,0.0938458,0.231917,0.404652,0.339296,0.496612,0.35992,0.835908,0.23889,3.22246,0.286438,-0.158221,-0.0699985,19.9465,4.58335,133.82,-0.228219,-0.105631,4.866548851132393,-2.4928226098418236,0.710021,24.440000534057617,,,,,,,175.5,5.85,175.5,5.85,,,,,,,,,,,,,,,,,,,"Pete Alonso","19251",624413
"Matt Olson","ATL",30,131,115,29,16,6,0,7,18,20,14,1,32,1,1,0,,1,0,0.255966,0.108737,0.24412,0.445426,0.341074,0.487753,0.357506,0.828826,0.231787,2.84602,0.294427,-0.106836,-0.102139,19.8962,4.37471,125.657,-0.208976,1.11729,3.849426820874214,-1.226841926574707,0.700508,48.0099983215332,,,,,,,177.5,5.916666666,177.5,5.916666666,,,,,,,,,,,,,,,,,,,"Matt Olson","14344",621566
"Dillon Dingler","DET",28,113,102,25,16,5,0,4,13,14,7,0,27,2,1,0,,0,0,0.247488,0.0641823,0.237755,0.269951,0.309068,0.424499,0.319976,0.733566,0.177011,3.24292,0.293661,0.0074331,-0.110931,13.691,0.340788,104.274,-0.103498,1.05593,0.45595987886190414,2.399135112762451,0.697775,254.6199951171875,,,,,,,117.1,4.182142857,117.1,4.182142857,,,,,,,,,,,,,,,,,,,"Dillon Dingler","27464",693307
"Bryce Harper","PHI",29,126,108,29,16,6,0,6,18,19,16,1,27,1,1,0,,2,1,0.266244,0.130344,0.214923,0.606468,0.364872,0.488854,0.369769,0.853727,0.22261,3.97925,0.302279,0.0218273,-0.0574211,20.331,5.44301,132.753,-0.0355938,-0.41933,4.93384001404047,-2.170255422592163,0.697204,47.900001525878906,,,,,,,180.2,6.213793103,180.2,6.213793103,,,,,,,,,,,,,,,,,,,"Bryce Harper","11579",547180
"Colson Montgomery","CHW",30,129,114,26,15,5,0,5,15,16,11,0,39,2,1,1,,1,0,0.226058,0.0856651,0.304395,0.281427,0.305783,0.410062,0.314329,0.715845,0.184004,3.80852,0.293796,-0.00390295,-0.110555,15.0065,-0.19825,100.334,-0.114458,1.09559,-0.06463831290602684,2.335091233253479,0.694668,254.75,,,,,,,134,4.466666666,134,4.466666666,,,,,,,,,,,,,,,,,,,"Colson Montgomery","29712",695657
"Jeremy Peña","HOU",28,121,110,29,20,6,0,3,15,14,7,0,23,2,1,0,,3,1,0.265952,0.0618944,0.190588,0.324756,0.322526,0.415251,0.323072,0.737777,0.149299,5.12944,0.306544,0.082584,0.128628,14.9197,0.66527,107.27,0.211212,0.014113,1.227422520518303,1.3057796023786068,0.692504,122.9800033569336,,,,,,,127.9,4.567857142,127.9,4.567857142,,,,,,,,,,,,,,,,,,,"Jeremy Pena","21636",665161
"Munetaka Murakami","CHW",29,126,104,24,13,4,0,7,16,17,20,1,42,1,1,0,,1,1,0.230309,0.155666,0.329854,0.471924,0.356499,0.474482,0.361809,0.830981,0.244173,3.26128,0.301188,-0.0167213,-0.208428,19.5082,4.63049,133.404,-0.225149,-0.0763797,4.648078218102455,-2.3430463820695877,0.688232,999,,,,,,,169.9,5.858620689,169.9,5.858620689,,,,,,,,,,,,,,,,,,,"Munetaka Murakami","37120",808959
"Ceddanne Rafaela","BOS",29,127,118,31,20,7,1,4,16,15,6,0,27,2,1,0,,4,2,0.261087,0.0448183,0.211964,0.211443,0.301797,0.424193,0.314972,0.72599,0.163106,6.05688,0.307172,0.0791004,0.12384,14.9111,-0.130135,96.7747,0.20294,1.9522,-0.2727641612291336,2.4065166413784027,0.675751,125.02999877929688,,,,,,,145.2,5.006896551,145.2,5.006896551,,,,,,,,,,,,,,,,,,,"Ceddanne Rafaela","24262",678882
"Geraldo Perdomo","ARI",29,126,108,27,19,5,1,2,16,12,15,0,17,1,1,0,,4,1,0.252568,0.120221,0.137714,0.872977,0.348885,0.37463,0.324256,0.723514,0.122062,5.68027,0.281492,0.0388186,0.0637477,15.7032,0.815257,102.868,0.102566,0.626564,0.5377699881792068,1.9756382703781128,0.671699,76.7699966430664,,,,,,,135,4.655172413,135,4.655172413,,,,,,,,,,,,,,,,,,,"Geraldo Perdomo","22799",672695
"Jazz Chisholm Jr.","NYY",26,111,98,23,14,4,0,5,14,14,11,0,30,1,1,0,,7,2,0.237093,0.0958474,0.27382,0.350038,0.314301,0.428658,0.324296,0.742959,0.191565,6.24876,0.291031,0.0824782,0.541698,13.7991,0.719793,108.686,0.624176,0.520003,1.7381135821342468,0.9150645732879639,0.668937,19.520000457763672,,,,,,,133.1,5.119230769,133.1,5.119230769,,,,,,,,,,,,,,,,,,,"Jazz Chisholm Jr.","20454",665862
"Drake Baldwin","ATL",28,116,103,27,18,4,0,5,15,15,11,0,23,1,1,0,,1,0,0.265706,0.0935228,0.200269,0.466985,0.339831,0.450057,0.344206,0.789887,0.184351,3.0052,0.298121,-0.0294207,-0.122606,16.2927,2.61299,116.743,-0.152027,0.562022,2.1821904480457306,0.6146458387374878,0.666876,78.62999725341797,,,,,,,144.7,5.167857142,144.7,5.167857142,,,,,,,,,,,,,,,,,,,"Drake Baldwin","31539",686948
"JJ Wetherholt","STL",27,118,103,26,18,5,0,3,13,12,12,0,20,3,1,0,,3,0,0.249628,0.0998818,0.173669,0.575128,0.339054,0.389669,0.324542,0.728724,0.140041,4.17051,0.281336,0,0.13671,14.7389,0.790995,106.143,0.13671,1.24983,1.0098707973957062,1.6896481812000275,0.664438,999,,,,,,,136,5.037037037,136,5.037037037,,,,,,,,,,,,,,,,,,,"JJ Wetherholt","34985",802139
"Isaac Paredes","HOU",29,127,110,27,18,5,0,4,16,15,14,0,20,3,1,0,,0,0,0.248033,0.106633,0.153809,0.693283,0.343287,0.405022,0.331923,0.748309,0.156989,2.8326,0.268422,-0.0375367,-0.187408,16.6581,1.61179,113.435,-0.224945,0.113661,1.7572802156209946,0.24282751977443695,0.662282,243.60000610351562,,,,,,,144.3,4.975862068,144.3,4.975862068,,,,,,,,,,,,,,,,,,,"Isaac Paredes","20036",670623
"Manny Machado","SDP",29,126,113,29,18,5,0,5,15,17,11,0,26,0,1,0,,2,0,0.252905,0.0877934,0.205493,0.427233,0.319431,0.439942,0.330183,0.759373,0.187037,3.22147,0.281214,-0.0560147,-0.0228021,16.3058,1.41788,111.489,-0.0788168,0.804755,1.6643069237470627,0.64210045337677,0.650596,37.52000045776367,,,,,,,147.7,5.093103448,147.7,5.093103448,,,,,,,,,,,,,,,,,,,"Manny Machado","11493",592518
"Freddie Freeman","LAD",30,129,113,31,20,7,0,5,17,18,13,1,23,1,1,0,,2,0,0.277045,0.0995885,0.181461,0.548815,0.354971,0.459896,0.354877,0.814868,0.182851,3.72315,0.310444,-0.0989597,-0.00157808,19.2171,4.01236,124.859,-0.100538,0.753955,3.7514483630657196,-1.55190908908844,0.648541,67.87999725341797,,,,,,,173.7,5.79,173.7,5.79,,,,,,,,,,,,,,,,,,,"Freddie Freeman","5361",518692
"Jackson Merrill","SDP",29,126,116,30,19,6,1,5,16,16,8,0,27,1,1,0,,3,1,0.255706,0.0631035,0.216472,0.291509,0.304438,0.439234,0.321501,0.743672,0.183527,5.67666,0.29293,0.135201,0.189199,15.4231,0.535152,105.671,0.3244,0.658148,1.1848003566265106,1.069567859172821,0.645291,70.79000091552734,,,,,,,152,5.24137931,152,5.24137931,,,,,,,,,,,,,,,,,,,"Jackson Merrill","29490",701538
"Alejandro Kirk","TOR",19,74,65,18,12,3,0,2,9,8,8,0,9,0,1,0,,0,0,0.271079,0.102221,0.121304,0.842681,0.348328,0.418003,0.337547,0.766331,0.146924,2.18491,0.284448,-0.123814,-0.092733,9.98293,1.26824,117.381,-0.216547,1.07761,1.2687093019485474,2.4016817808151245,0.639672,160.25,,,,,,,87.3,4.594736842,87.3,4.594736842,,,,,,,,,,,,,,,,,,,"Alejandro Kirk","22581",672386
"Samuel Basallo","BAL",24,98,89,23,13,4,0,5,13,14,8,0,24,1,1,0,,0,0,0.25576,0.0796878,0.245954,0.323994,0.318363,0.466442,0.33893,0.784805,0.210682,3.20396,0.298317,-0.00170282,-0.104806,13.4061,1.79888,119.2,-0.106509,0.0616371,2.078759551048279,0.6261433064937592,0.629362,160.94000244140625,,,,,,,125.4,5.225,125.4,5.225,,,,,,,,,,,,,,,,,,,"Samuel Basallo","28824",694212
"Andrés Giménez","TOR",26,113,102,25,18,5,0,2,12,11,6,0,21,3,1,1,,5,1,0.247118,0.0558161,0.183029,0.304957,0.307763,0.366142,0.299378,0.673905,0.119025,5.92503,0.288435,0.00048513,0.466234,11.7992,-1.53555,90.796,0.466719,1.53724,-0.7367625534534454,2.7455732822418213,0.611028,412.2200012207031,,,,,,,105,4.038461538,105,4.038461538,,,,,,,,,,,,,,,,,,,"Andres Gimenez","19950",665926
"Otto Lopez","MIA",28,121,111,30,21,6,1,2,15,12,7,0,18,1,1,0,,4,1,0.271953,0.0621232,0.148882,0.417264,0.32079,0.399956,0.316022,0.720746,0.128003,5.65184,0.303816,0.0541193,0.210692,14.2334,-0.0210366,96.9991,0.264811,0.970038,-0.17112040519714355,2.261704921722412,0.610914,229.16000366210938,,,,,,,127.7,4.560714285,127.7,4.560714285,,,,,,,,,,,,,,,,,,,"Otto Lopez","19608",672640
"Riley Greene","DET",23,98,87,24,14,4,1,4,14,14,10,0,26,1,1,0,,1,0,0.27045,0.0985616,0.267102,0.369003,0.346024,0.48446,0.358515,0.830484,0.21401,4.39819,0.335874,0.000483404,-0.0738551,14.9596,3.35166,131.117,-0.0733717,0.184993,3.46841449290514,-0.9458710253238678,0.610793,78.4800033569336,,,,,,,137.2,5.965217391,137.2,5.965217391,,,,,,,,,,,,,,,,,,,"Riley Greene","25976",682985
"Jackson Chourio","MIL",29,123,113,30,18,6,0,5,16,17,9,0,27,1,1,0,,4,1,0.264992,0.0697998,0.221352,0.315335,0.318521,0.457522,0.335143,0.776042,0.19253,5.19562,0.306915,0.121538,0.157323,16.4525,1.88131,111.876,0.27886,1.2189,2.042350709438324,-0.04405796527862549,0.610345,19.3799991607666,,,,,,,154.2,5.317241379,154.2,5.317241379,,,,,,,,,,,,,,,,,,,"Jackson Chourio","28806",694192
"Nico Hoerner","CHC",30,130,117,31,24,6,0,1,14,11,9,0,13,2,1,1,,5,1,0.266786,0.0689602,0.0994207,0.69362,0.325823,0.354971,0.303816,0.680795,0.0881848,5.30594,0.288627,0.100607,0.410908,14.0597,-1.30339,91.9031,0.511515,1.37672,-0.7561895847320557,2.510515809059143,0.607573,101.93000030517578,,,,,,,123.1,4.103333333,123.1,4.103333333,,,,,,,,,,,,,,,,,,,"Nico Hoerner","21479",663538
"Austin Riley","ATL",27,118,106,27,16,5,0,5,15,17,9,0,33,2,1,0,,1,0,0.257608,0.0760927,0.276862,0.274839,0.323177,0.464105,0.340626,0.787282,0.206497,3.89076,0.318857,-0.00936478,-0.0982744,16.2591,2.32146,114.344,-0.107639,-0.240754,1.9297901764512062,0.18023325502872467,0.604056,59.36000061035156,,,,,,,141.6,5.244444444,141.6,5.244444444,,,,,,,,,,,,,,,,,,,"Austin Riley","18360",663586
"Masyn Winn","STL",28,119,108,27,18,5,1,2,14,12,9,0,23,1,1,1,,3,1,0.248237,0.0759142,0.195763,0.387787,0.310441,0.371747,0.302191,0.682188,0.12351,5.17635,0.295326,0.120919,0.0974463,12.7483,-1.35288,91.1638,0.218365,1.82266,-1.0514423251152039,3.100438356399536,0.602397,364.7799987792969,,,,,,,115.1,4.110714285,115.1,4.110714285,,,,,,,,,,,,,,,,,,,"Masyn Winn","27479",691026
"Kyle Tucker","LAD",29,125,108,28,17,6,0,5,17,16,15,0,20,1,1,0,,3,0,0.256147,0.119782,0.164126,0.729818,0.347625,0.449048,0.347747,0.796673,0.192901,5.15303,0.273293,0.00306935,0.288311,17.8993,3.16971,120.081,0.291381,-0.129536,3.305722653865814,-1.4642582088708878,0.598777,13.130000114440918,,,,,,,166.9,5.755172413,166.9,5.755172413,,,,,,,,,,,,,,,,,,,"Kyle Tucker","18345",663656
"Willson Contreras","BOS",30,129,111,28,17,6,0,5,17,17,12,1,33,4,1,0,,1,1,0.254999,0.094942,0.258197,0.367711,0.348549,0.457221,0.35205,0.80577,0.202222,3.6567,0.31249,-0.0846092,-0.156173,18.9235,3.71882,122.6,-0.240782,0.444121,3.128716856241226,-1.8916813135147095,0.589315,168.1999969482422,,,,,,,157.3,5.243333333,157.3,5.243333333,,,,,,,,,,,,,,,,,,,"Willson Contreras","11609",575929
"Cody Bellinger","NYY",29,126,112,28,18,5,1,4,16,15,12,0,21,1,1,0,,3,1,0.24955,0.0942086,0.163493,0.576222,0.321869,0.411101,0.32152,0.73297,0.161552,5.10693,0.271732,0.0245333,0.0520296,15.4144,0.536707,106.752,0.0765629,1.47142,1.0616092756390572,0.2714186906814575,0.589139,80.98999786376953,,,,,,,144.5,4.98275862,144.5,4.98275862,,,,,,,,,,,,,,,,,,,"Cody Bellinger","15998",641355
"Trent Grisham","NYY",28,120,104,24,14,5,0,5,16,16,15,0,26,1,1,0,,2,1,0.232535,0.121569,0.216558,0.561367,0.330419,0.427236,0.332563,0.757655,0.194701,4.48544,0.260341,-0.0163505,0.0184513,15.8097,1.58588,114.444,0.00210081,-0.944574,2.016613823827356,-0.5149446129798889,0.586409,253.82000732421875,,,,,,,140.9,5.032142857,140.9,5.032142857,,,,,,,,,,,,,,,,,,,"Trent Grisham","18564",663757
"Gleyber Torres","DET",30,129,112,29,20,5,0,4,15,14,14,0,23,1,1,0,,1,0,0.257762,0.112712,0.176265,0.639445,0.344338,0.39979,0.329985,0.744128,0.142028,2.76202,0.292257,-0.0971546,-0.160698,16.6322,1.42753,111.245,-0.257853,-0.357193,1.4187219738960266,-0.2139827311038971,0.586022,261.510009765625,,,,,,,149.4,4.98,149.4,4.98,,,,,,,,,,,,,,,,,,,"Gleyber Torres","16997",650402
"Ryan Jeffers","MIN",24,95,83,21,13,5,0,3,12,12,10,0,19,2,1,0,,1,0,0.256373,0.102284,0.197281,0.51847,0.34259,0.433963,0.340596,0.776554,0.177591,3.19176,0.292328,-0.0511168,-0.108143,13.0895,1.86697,118.12,-0.159259,-0.34327,1.834750935435295,0.5561130344867706,0.585629,298.05999755859375,,,,,,,115.2,4.8,115.2,4.8,,,,,,,,,,,,,,,,,,,"Ryan Jeffers","24618",680777
"Steven Kwan","CLE",28,121,106,28,22,5,1,1,15,10,13,0,12,1,1,0,,3,1,0.267166,0.104227,0.0980915,1.06255,0.346974,0.356715,0.316208,0.703689,0.089548,5.17774,0.289379,0.0689413,0.0950639,14.2515,-0.00294692,103.109,0.164005,1.05339,0.5986225306987762,0.871602863073349,0.584137,169.60000610351562,,,,,,,125.3,4.475,125.3,4.475,,,,,,,,,,,,,,,,,,,"Steven Kwan","24610",680757
"Oneil Cruz","PIT",25,109,96,23,14,4,1,5,14,15,11,0,33,1,1,0,,6,1,0.24424,0.100807,0.305319,0.33017,0.324822,0.455838,0.338703,0.78066,0.211598,6.72633,0.316629,0.0452813,0.601233,14.8503,1.97537,111.665,0.646514,-0.277585,2.1770771145820618,0.00019246339797973633,0.581256,92.93000030517578,,,,,,,141.7,5.668,141.7,5.668,,,,,,,,,,,,,,,,,,,"Oneil Cruz","21711",665833
"Colt Keith","DET",27,116,105,28,18,5,1,3,15,14,10,0,23,1,1,0,,1,0,0.264837,0.0823568,0.198969,0.413917,0.327428,0.426897,0.329231,0.754325,0.16206,4.71995,0.307419,0.0915462,-0.0422695,14.9519,1.2186,110.72,0.0492767,0.947158,1.4928252585232258,0.09777563810348511,0.580533,502.489990234375,,,,,,,135.1,5.003703703,135.1,5.003703703,,,,,,,,,,,,,,,,,,,"Colt Keith","27899",690993
"Xander Bogaerts","SDP",28,119,106,27,19,5,0,3,13,12,11,0,22,1,1,0,,3,1,0.250691,0.0922953,0.183022,0.504285,0.32483,0.378754,0.312586,0.703585,0.128063,4.24676,0.288534,0.0497489,0.27472,13.7444,-0.351609,99.6961,0.324468,0.191366,0.280807014554739,1.4686807245016098,0.571721,237.1999969482422,,,,,,,126.8,4.528571428,126.8,4.528571428,,,,,,,,,,,,,,,,,,,"Xander Bogaerts","12161",593428
"Kyle Schwarber","PHI",31,135,114,27,14,4,0,8,19,21,19,1,40,1,1,0,,1,0,0.234877,0.139213,0.298419,0.466502,0.34791,0.4971,0.364756,0.84501,0.262223,3.32865,0.278036,-0.176336,-0.104356,21.2973,5.30064,129.393,-0.280693,0.0567128,4.511100679636002,-3.2872686609625816,0.57117,24.690000534057617,,,,,,,185.9,5.996774193,185.9,5.996774193,,,,,,,,,,,,,,,,,,,"Kyle Schwarber","16478",656941
"Kazuma Okamoto","TOR",27,118,104,24,14,5,0,5,14,16,11,0,31,1,1,0,,0,0,0.23432,0.0955818,0.263415,0.362857,0.314578,0.441442,0.329189,0.756019,0.207121,2.54865,0.277024,-0.0334645,-0.143644,15.1815,1.23367,111.56,-0.177109,-0.00973925,1.4038939625024796,0.004149656742811203,0.568459,999,,,,,,,127.9,4.737037037,127.9,4.737037037,,,,,,,,,,,,,,,,,,,"Kazuma Okamoto","37123",672960
"Bo Bichette","NYM",29,126,116,32,22,6,0,4,16,15,8,0,23,1,1,0,,1,0,0.27421,0.0667143,0.179121,0.372454,0.324752,0.426529,0.327374,0.75128,0.152318,3.62411,0.310261,0.0308745,-0.094438,16.0203,1.13232,109.176,-0.0635635,0.032096,1.32865871489048,0.1373428851366043,0.564919,92.86000061035156,,,,,,,147.1,5.072413793,147.1,5.072413793,,,,,,,,,,,,,,,,,,,"Bo Bichette","19612",666182
"Ketel Marte","ARI",21,90,80,21,13,4,0,4,12,12,8,0,15,1,1,0,,1,0,0.2661,0.0944519,0.165193,0.571766,0.340941,0.4625,0.348485,0.803441,0.1964,4.28246,0.285015,-0.00800676,-0.0360027,12.9487,2.33703,119.105,-0.0440095,0.445174,2.0221316665410995,0.5743402242660522,0.560831,32.63999938964844,,,,,,,115.7,5.509523809,115.7,5.509523809,,,,,,,,,,,,,,,,,,,"Ketel Marte","13613",606466
"Alex Bregman","CHC",30,130,114,28,19,5,0,3,15,14,13,0,19,2,1,0,,1,0,0.244131,0.102352,0.14921,0.68596,0.32939,0.385207,0.31759,0.714597,0.141076,2.92477,0.265065,-0.0834306,-0.155733,15.5049,0.141782,101.133,-0.239164,0.820132,-0.06169727444648743,1.284175455570221,0.553352,119.16999816894531,,,,,,,132.4,4.413333333,132.4,4.413333333,,,,,,,,,,,,,,,,,,,"Alex Bregman","17678",608324
"Ezequiel Duran","TEX",27,115,106,26,17,6,1,3,13,13,7,0,28,1,1,1,,3,1,0.249795,0.0624136,0.238819,0.261342,0.30192,0.398396,0.306452,0.700316,0.148601,5.2823,0.308474,-0.0316784,0.0564829,12.7105,-0.910419,96.5387,0.0248046,1.41879,-0.43749047443270683,1.7919403910636902,0.553034,999,,,,,,,117.8,4.362962962,117.8,4.362962962,,,,,,,,,,,,,,,,,,,"Ezequiel Duran","23733",677649
"Royce Lewis","MIN",26,114,103,26,16,5,0,5,13,15,9,0,26,1,1,0,,3,0,0.252386,0.0769706,0.228661,0.336614,0.313304,0.44115,0.327476,0.754453,0.188764,4.67422,0.293047,-0.0267061,0.227077,14.4957,1.03321,108.981,0.200371,1.55971,1.3859792947769165,-0.004641294479370117,0.550951,193.64999389648438,,,,,,,139.8,5.376923076,139.8,5.376923076,,,,,,,,,,,,,,,,,,,"Royce Lewis","20437",668904
"Jarren Duran","BOS",27,115,103,26,16,6,1,3,17,14,9,0,28,1,1,0,,5,1,0.255925,0.0769657,0.246392,0.312371,0.320024,0.438644,0.329736,0.758668,0.182719,7.75901,0.318535,0.193034,0.404447,14.8207,1.25092,107.058,0.597481,1.11209,1.5366398096084595,-0.19654977321624756,0.550014,64.04000091552734,,,,,,,130.6,4.837037037,130.6,4.837037037,,,,,,,,,,,,,,,,,,,"Jarren Duran","24617",680776
"Trea Turner","PHI",29,127,117,31,21,6,1,3,16,14,8,0,25,1,1,0,,5,1,0.266347,0.0627998,0.199655,0.314541,0.316485,0.412833,0.318691,0.729318,0.146486,5.70591,0.311219,0.184145,0.499448,15.2984,0.252035,98.5224,0.683593,-0.592751,0.45701219141483307,0.7706746459007263,0.545044,26.780000686645508,,,,,,,141.6,4.88275862,141.6,4.88275862,,,,,,,,,,,,,,,,,,,"Trea Turner","16252",607208
"Colton Cowser","BAL",21,92,81,19,12,4,0,4,12,12,10,0,28,1,1,0,,2,1,0.240087,0.104062,0.297655,0.349606,0.327602,0.425925,0.330884,0.753528,0.185839,4.91193,0.31415,0.0229247,0.10669,12.0215,1.09312,113.596,0.129615,0.181318,1.5865241587162018,0.4348675608634949,0.539001,251.72000122070312,,,,,,,108.6,5.171428571,108.6,5.171428571,,,,,,,,,,,,,,,,,,,"Colton Cowser","29591",681297
"Liam Hicks","TBR",21,86,74,18,13,3,0,2,9,8,9,0,13,2,1,0,,0,0,0.24437,0.101756,0.148695,0.684325,0.336195,0.354457,0.311687,0.690653,0.110088,2.63668,0.272745,-0.0167306,-0.0867944,9.81238,-0.314761,97.8584,-0.103525,1.32019,-0.31619778275489807,2.520191192626953,0.533207,748.5399780273438,,,,,,,87.3,4.157142857,87.3,4.157142857,,,,,,,,,,,,,,,,,,,"Liam Hicks","29844",689414
"Daulton Varsho","HOU",25,110,99,23,14,5,1,4,14,14,9,0,25,1,1,0,,2,1,0.237423,0.0814122,0.23036,0.353413,0.303192,0.417021,0.314183,0.720213,0.179598,5.48093,0.277613,0.0214847,0.100852,12.805,-0.182323,101.079,0.122337,0.681477,0.25976040214300156,1.0737611949443817,0.531601,192.2100067138672,,,,,,,118.6,4.744,118.6,4.744,,,,,,,,,,,,,,,,,,,"Daulton Varsho","19918",662139
"Brandon Nimmo","TEX",29,125,111,28,18,5,1,4,16,15,11,0,27,2,1,0,,2,0,0.255267,0.0884339,0.214201,0.412855,0.330066,0.425923,0.331148,0.755989,0.170655,4.69713,0.298876,-0.0195235,-0.00642593,16.2295,1.49992,113.74,-0.0259494,0.265248,1.9585744831711054,-1.2034246921539307,0.525713,145.4600067138672,,,,,,,146.4,5.048275862,146.4,5.048275862,,,,,,,,,,,,,,,,,,,"Brandon Nimmo","12927",607043
"Chase Meidroth","CHW",29,124,108,27,20,5,0,2,14,11,13,0,23,2,1,0,,2,1,0.245751,0.105767,0.18833,0.561604,0.334699,0.345984,0.307841,0.680683,0.100232,3.54575,0.294238,-0.0395847,-0.110696,13.8703,-0.843921,95.8148,-0.150281,1.02533,-0.7541336417198181,1.4895278215408325,0.523232,646.8699951171875,,,,,,,122.5,4.224137931,122.5,4.224137931,,,,,,,,,,,,,,,,,,,"Chase Meidroth","31580",805367
"Seiya Suzuki","CHC",27,118,104,27,16,5,0,5,16,16,12,0,30,1,1,0,,1,0,0.255753,0.10404,0.253402,0.410574,0.336554,0.45575,0.344223,0.792304,0.199997,3.9953,0.310168,-0.0433576,-0.143488,16.6015,2.66387,118.982,-0.186846,0.743837,2.5093981325626373,-1.2080153226852417,0.521618,113.43000030517578,,,,,,,149.6,5.54074074,149.6,5.54074074,,,,,,,,,,,,,,,,,,,"Seiya Suzuki","30116",673548
"Brice Turang","MIL",28,119,106,26,18,5,0,3,14,12,12,0,26,0,1,0,,5,1,0.249372,0.101736,0.220781,0.460799,0.326276,0.383392,0.31469,0.709668,0.13402,5.3818,0.304034,0.0529045,0.342496,13.947,-0.14906,98.169,0.395401,0.672924,0.1323646605014801,1.1178317666053772,0.520819,48.18000030517578,,,,,,,125,4.464285714,125,4.464285714,,,,,,,,,,,,,,,,,,,"Brice Turang","22186",668930
"Ben Rice","NYY",27,117,102,25,14,5,0,6,16,18,13,0,27,2,1,0,,1,0,0.245624,0.107598,0.227261,0.473455,0.335423,0.477997,0.351713,0.81342,0.232372,3.78127,0.26982,-0.0315797,-0.0897811,17.2115,3.35672,127.781,-0.121361,0.00135194,3.6528733000159264,-2.6900059073232114,0.520238,53.189998626708984,,,,,,,155.8,5.77037037,155.8,5.77037037,,,,,,,,,,,,,,,,,,,"Ben Rice","29576",700250
"Max Muncy","LAD",23,99,85,20,11,4,0,5,13,14,12,0,25,1,1,0,,1,0,0.230524,0.12584,0.248868,0.505649,0.33478,0.445518,0.341163,0.780298,0.214994,3.17335,0.264167,-0.0957235,-0.0807457,13.7154,1.99513,115.669,-0.176469,-0.104086,1.695039838552475,0.1925194039940834,0.519499,234.3699951171875,,,,,,,126.5,5.5,126.5,5.5,,,,,,,,,,,,,,,,,,,"Max Muncy","13301",571970
"Kaelen Culpepper","MIN",25,107,97,24,16,4,0,3,12,12,7,0,25,2,1,1,,3,1,0.243562,0.0696523,0.230797,0.301791,0.307782,0.39802,0.310396,0.705801,0.154458,5.32269,0.292156,0,0.139081,12.165,-0.50559,97.0851,0.139081,0.337539,-0.22307148575782776,1.4856874644756317,0.514722,999,,,,,,,107.1,4.284,107.1,4.284,,,,,,,,,,,,,,,,,,,"Kaelen Culpepper","35111",701785
"Caleb Durbin","BOS",29,124,111,28,19,6,0,2,14,13,9,0,16,3,1,1,,5,1,0.252479,0.0711979,0.129435,0.550066,0.324342,0.374883,0.311439,0.699225,0.122404,5.09105,0.274337,0.0418576,0.365394,14.232,-0.482267,94.3145,0.407251,0.555218,-0.41307276487350464,0.9996624290943146,0.508062,219.8300018310547,,,,,,,124.7,4.3,124.7,4.3,,,,,,,,,,,,,,,,,,,"Caleb Durbin","29646",702332
"Austin Wells","NYY",23,90,79,18,11,4,0,3,10,11,9,0,22,1,1,0,,1,0,0.224666,0.0948721,0.243545,0.389546,0.304843,0.396995,0.309215,0.701838,0.172329,3.84775,0.266214,-0.0152504,-0.00293173,10.1039,-0.509051,98.1816,-0.0181821,0.247583,-0.2074135560542345,2.000669926404953,0.506134,246.13999938964844,,,,,,,93.5,4.065217391,93.5,4.065217391,,,,,,,,,,,,,,,,,,,"Austin Wells","27562",669224
"Iván Herrera","STL",27,113,98,25,17,5,0,3,14,12,12,0,22,3,1,0,,2,0,0.258651,0.10329,0.191153,0.540354,0.35206,0.407392,0.337198,0.759451,0.148741,4.04358,0.300354,0.03564,-0.000226062,15.3037,1.91639,114.625,0.0354139,0.381263,2.0306703597307205,-0.8131813704967499,0.497708,178.42999267578125,,,,,,,133.5,4.944444444,133.5,4.944444444,,,,,,,,,,,,,,,,,,,"Ivan Herrera","20599",671056
"Randy Arozarena","SEA",29,123,107,26,16,5,0,4,15,15,12,0,30,4,1,0,,5,2,0.243197,0.0961671,0.242616,0.396376,0.336145,0.411337,0.330342,0.747482,0.16814,5.07619,0.29765,-0.0794554,0.0906374,15.9747,1.40355,118.393,0.011182,-0.523072,2.6391794262453914,-2.130479574203491,0.495763,89.37999725341797,,,,,,,142.6,4.917241379,142.6,4.917241379,,,,,,,,,,,,,,,,,,,"Randy Arozarena","19290",668227
"Willy Adames","SFG",29,124,111,26,16,6,0,5,14,16,12,0,32,1,1,0,,2,1,0.233971,0.0934762,0.256756,0.364066,0.308287,0.41037,0.314887,0.718657,0.1764,3.71964,0.284183,0.00999184,-0.0406895,14.5784,-0.135807,99.9139,-0.0306977,-0.484763,-0.04360917583107948,0.848569929599762,0.492681,133.92999267578125,,,,,,,139,4.793103448,139,4.793103448,,,,,,,,,,,,,,,,,,,"Willy Adames","15986",642715
"Max Clark","DET",26,112,99,24,16,4,1,3,13,11,11,0,24,1,1,1,,2,0,0.239812,0.097126,0.215079,0.451582,0.31643,0.373975,0.306678,0.690405,0.134163,5.45081,0.289221,0,0.139312,12.3781,-0.86469,95.0115,0.139312,0.981892,-0.5084679573774338,1.38189235329628,0.492478,999,,,,,,,120.7,4.642307692,120.7,4.642307692,,,,,,,,,,,,,,,,,,,"Max Clark","33381",703601
"Luis Robert Jr.","NYM",26,113,101,25,15,5,0,4,13,15,9,0,29,1,1,0,,4,1,0.243429,0.0801053,0.25992,0.308192,0.31036,0.422579,0.31997,0.732938,0.179149,5.09951,0.296197,-0.0752017,0.257032,13.6432,0.339085,104.214,0.181831,0.183538,0.7531662136316299,0.3940315246582031,0.48822,105.63999938964844,,,,,,,125.9,4.842307692,125.9,4.842307692,,,,,,,,,,,,,,,,,,,"Luis Robert Jr.","20043",673357
"Jackson Holliday","BAL",26,114,99,24,16,5,1,3,15,13,13,0,26,1,1,0,,3,1,0.244479,0.111993,0.229649,0.487673,0.332529,0.3929,0.321879,0.72543,0.148422,5.00631,0.300433,-0.00364526,-0.073313,13.9811,0.518636,107.324,-0.0769583,-0.579405,0.8898246213793755,-0.16320118308067322,0.484205,203.14999389648438,,,,,,,128.7,4.95,128.7,4.95,,,,,,,,,,,,,,,,,,,"Jackson Holliday","31781",702616
"Josh Naylor","SEA",29,125,112,29,20,6,0,4,14,15,10,0,19,1,1,0,,5,1,0.260117,0.0800227,0.148642,0.538357,0.324031,0.405359,0.320469,0.729389,0.145242,4.58676,0.281412,-0.0742086,0.412219,15.1552,0.425643,111.517,0.33801,0.527585,2.0014057755470276,-1.6969521045684814,0.479766,67.45999908447266,,,,,,,145.1,5.003448275,145.1,5.003448275,,,,,,,,,,,,,,,,,,,"Josh Naylor","18839",647304
"CJ Abrams","WSN",29,124,112,29,18,6,1,4,16,15,9,0,26,3,1,0,,6,1,0.259561,0.0702602,0.205968,0.341123,0.32567,0.437971,0.332859,0.763641,0.17841,6.45523,0.299763,0.0827364,0.457355,16.3845,1.6703,109.622,0.540092,-1.75554,1.9830036163330078,-1.3573888838291168,0.474397,65,,,,,,,155.7,5.368965517,155.7,5.368965517,,,,,,,,,,,,,,,,,,,"CJ Abrams","25768",682928
"Evan Carter","TEX",22,96,84,20,13,4,1,2,12,10,10,0,22,1,1,0,,4,1,0.234448,0.107471,0.227841,0.471695,0.325885,0.382298,0.315176,0.708183,0.14785,6.26536,0.286937,0.0338687,0.1522,11.3208,-0.0827703,102.615,0.186069,0.366377,0.47847238183021545,0.7108214795589447,0.468647,280.4800109863281,,,,,,,101.9,4.631818181,101.9,4.631818181,,,,,,,,,,,,,,,,,,,"Evan Carter","27790",694497
"Luke Keaschall","MIN",24,103,90,23,16,5,0,2,12,11,10,0,18,3,1,0,,4,1,0.259185,0.0954903,0.171499,0.556796,0.347211,0.384871,0.32707,0.732082,0.125687,5.0619,0.299951,0.00409889,0.172525,13.0976,0.902179,108.699,0.176624,0.0897466,1.2168610990047455,-0.26904965192079544,0.468154,114.8499984741211,,,,,,,115.9,4.829166666,115.9,4.829166666,,,,,,,,,,,,,,,,,,,"Luke Keaschall","33321",807712
"Zack Gelof","ATH",27,115,103,25,15,5,0,4,14,14,10,0,32,1,1,0,,4,1,0.243702,0.0882313,0.27454,0.321378,0.314465,0.42347,0.322619,0.737936,0.179769,5.23903,0.307093,0.021328,0.315536,14.2145,0.593586,103.502,0.336864,0.392842,0.8045555353164673,-0.32475098967552185,0.463867,999,,,,,,,126.9,4.7,126.9,4.7,,,,,,,,,,,,,,,,,,,"Zack Gelof","29766",680869
"James Wood","WSN",19,82,70,19,11,4,0,4,11,11,10,0,23,1,0,0,,2,1,0.26375,0.126453,0.282196,0.448103,0.360097,0.490481,0.368005,0.850578,0.226732,4.9903,0.33484,0.0235749,0.0556771,13.0702,3.41398,133.176,0.079252,-0.0631033,3.3440053835511208,-1.4381032660603523,0.463768,37.790000915527344,,,,,,,119.6,6.294736842,119.6,6.294736842,,,,,,,,,,,,,,,,,,,"James Wood","29518",695578
"Luis Arraez","PHI",29,126,116,34,26,6,1,1,16,12,7,0,7,1,1,0,,2,1,0.293451,0.057278,0.0572312,1.00082,0.336566,0.389948,0.319882,0.726513,0.0964967,4.67535,0.301581,0.0441767,-0.100601,15.2585,0.370519,99.3208,-0.0564239,0.143128,-0.15948176756501198,0.5928189754486084,0.459643,280.04998779296875,,,,,,,131.9,4.548275862,131.9,4.548275862,,,,,,,,,,,,,,,,,,,"Luis Arraez","18568",650333
"Taylor Ward","SEA",28,121,104,24,15,5,0,4,15,14,14,0,29,1,1,0,,1,0,0.230982,0.118496,0.239309,0.49516,0.328419,0.393189,0.320296,0.721608,0.162207,3.50154,0.278849,-0.0797143,-0.144041,14.6494,0.395001,111.396,-0.223755,0.378464,1.3690714538097382,-1.1236962378025055,0.459268,148.42999267578125,,,,,,,129.4,4.621428571,129.4,4.621428571,,,,,,,,,,,,,,,,,,,"Taylor Ward","17548",621493
"Henry Bolte","ATH",24,106,94,24,15,5,1,3,14,12,8,0,32,2,1,1,,6,1,0.251885,0.0787416,0.306043,0.25729,0.322779,0.412672,0.323055,0.735451,0.160787,7.16839,0.349086,0,0.41529,13.0948,0.582549,103.806,0.41529,-0.319776,0.8821913003921509,-0.1523379683494568,0.455584,999,,,,,,,127.4,5.308333333,127.4,5.308333333,,,,,,,,,,,,,,,,,,,"Henry Bolte","31448",703607
"Brayan Rocchio","CLE",26,111,100,24,16,5,0,2,12,11,8,0,19,2,1,1,,3,1,0.242035,0.0747017,0.171159,0.436445,0.30891,0.362378,0.298635,0.671289,0.120343,4.96294,0.278383,-0.0143965,-0.0337824,11.5653,-1.58045,90.8697,-0.048179,0.54053,-1.2251009494066238,1.7317339777946472,0.452127,999,,,,,,,100.6,3.869230769,100.6,3.869230769,,,,,,,,,,,,,,,,,,,"Brayan Rocchio","23690",677587
"Garrett Mitchell","MIL",22,95,83,20,13,4,1,3,12,11,10,0,29,1,1,0,,3,1,0.242271,0.104613,0.300218,0.348456,0.327365,0.409506,0.324373,0.73687,0.167235,6.11183,0.329558,0.0152498,0.176758,11.8699,0.624736,104.658,0.192008,0.265376,0.725818857550621,0.6050367951393127,0.449485,691.1699829101562,,,,,,,110.4,5.018181818,110.4,5.018181818,,,,,,,,,,,,,,,,,,,"Garrett Mitchell","27555",669003
"Bryson Stott","PHI",24,104,93,24,16,5,0,2,13,11,10,0,18,1,1,0,,4,1,0.255221,0.0915927,0.169227,0.541241,0.325588,0.392141,0.316974,0.717729,0.13692,5.91163,0.289367,0.0353468,0.42781,12.4159,0.0620645,97.3717,0.463157,0.427877,0.13225331902503967,0.8297291994094849,0.442819,181.44000244140625,,,,,,,112.5,4.6875,112.5,4.6875,,,,,,,,,,,,,,,,,,,"Bryson Stott","26294",681082
"Brandon Lowe","PIT",26,111,100,24,14,5,0,5,13,15,10,0,30,1,1,0,,1,0,0.243444,0.0864113,0.264879,0.326229,0.313736,0.441589,0.328283,0.755326,0.198145,3.41858,0.294189,-0.0384232,-0.0454228,14.2658,1.0843,104.682,-0.083846,0.10124,0.5450590699911118,0.09198037534952164,0.432789,187.57000732421875,,,,,,,130.8,5.03076923,130.8,5.03076923,,,,,,,,,,,,,,,,,,,"Brandon Lowe","18882",664040
"George Lombard Jr.","NYY",28,122,105,22,15,5,0,2,13,12,13,0,33,2,1,1,,4,1,0.213224,0.110274,0.271092,0.406779,0.309786,0.336396,0.292678,0.646182,0.123172,4.8393,0.283045,0,0.0624214,12.0722,-2.31508,86.6631,0.0624214,0.446318,-1.8190990686416626,1.750021755695343,0.431258,999,,,,,,,101.3,3.617857142,101.3,3.617857142,,,,,,,,,,,,,,,,,,,"George Lombard Jr.","33433",806146
"Yandy Díaz","TBR",30,130,116,32,22,6,0,4,16,15,12,1,20,1,1,0,,1,0,0.279398,0.0902089,0.150414,0.599738,0.350082,0.431622,0.342698,0.781704,0.152224,2.82587,0.30568,-0.0951059,-0.1884,18.1454,2.77718,119.457,-0.283506,0.00255316,2.648596405982971,-3.039422098780051,0.42834,138.63999938964844,,,,,,,159.1,5.303333333,159.1,5.303333333,,,,,,,,,,,,,,,,,,,"Yandy Diaz","16578",650490
"Cam Smith","HOU",26,113,101,25,15,5,1,4,14,13,9,0,28,1,1,0,,2,0,0.243504,0.0805769,0.248936,0.323685,0.312369,0.416212,0.318657,0.728581,0.172709,5.78539,0.297651,0.0295045,0.107095,13.5239,0.219728,104.195,0.1366,0.693796,0.6838728040456772,-0.5117597579956055,0.422849,341.8699951171875,,,,,,,130.6,5.023076923,130.6,5.023076923,,,,,,,,,,,,,,,,,,,"Cam Smith","35108",701358
"Roman Anthony","BOS",20,86,74,19,12,4,0,2,12,10,11,0,21,1,1,0,,1,0,0.261058,0.127298,0.241551,0.527003,0.358258,0.433375,0.348311,0.791633,0.172317,4.81903,0.328928,0.0283543,-0.0552184,12.3568,2.22035,119.996,-0.026864,0.565906,1.960599908605218,-0.925452470779419,0.414332,50.75,,,,,,,100.7,5.035,100.7,5.035,,,,,,,,,,,,,,,,,,,"Roman Anthony","31812",701350
"Carter Jensen","KCR",24,97,85,20,12,4,1,3,12,11,10,0,25,0,1,0,,1,0,0.234521,0.104932,0.260605,0.402646,0.316087,0.405684,0.31752,0.721771,0.171163,4.56116,0.294084,0.0019659,-0.0750828,11.5387,0.100116,99.7493,-0.0731169,0.457166,-0.10123503766953945,0.7303138375282288,0.412602,999,,,,,,,104.4,4.35,104.4,4.35,,,,,,,,,,,,,,,,,,,"Carter Jensen","29478",695600
"J.P. Crawford","SEA",24,103,89,21,15,4,0,2,12,10,12,0,20,1,1,0,,1,0,0.236063,0.116216,0.195219,0.595312,0.331092,0.348459,0.306887,0.679551,0.112396,3.20846,0.28236,-0.00967703,-0.144929,11.4166,-0.778889,102.056,-0.154606,-0.540783,0.09131161868572235,0.286840558052063,0.410079,748.5399780273438,,,,,,,99.9,4.1625,99.9,4.1625,,,,,,,,,,,,,,,,,,,"J.P. Crawford","15491",641487
"Jac Caglianone","KCR",27,118,107,28,17,5,1,5,15,16,8,0,28,1,1,0,,1,0,0.261248,0.0678511,0.234737,0.289051,0.318485,0.465279,0.338399,0.783765,0.204031,4.3156,0.303793,0.00519425,-0.0491819,16.0589,2.11104,114.292,-0.0439877,-0.748034,1.910689316689968,-2.1045153737068176,0.405154,164.58999633789062,,,,,,,145.9,5.403703703,145.9,5.403703703,,,,,,,,,,,,,,,,,,,"Jac Caglianone","35041",695506
"Aaron Judge","NYY",7,32,26,8,4,1,0,2,5,6,5,0,8,0,0,0,,1,0,0.293788,0.160089,0.249887,0.640647,0.41098,0.628361,0.437166,1.03934,0.334573,4.05233,0.326684,-0.0347454,0.00994247,6.86594,3.10563,187.3,-0.024803,0.143123,3.1941437255591154,-0.3556426167488098,0.403931,1.850000023841858,,,,,,,57.4,8.2,57.4,8.2,,,,,,,,,,,,,,,,,,,"Aaron Judge","15640",592450
"Jose Altuve","HOU",28,122,109,28,19,5,0,3,14,13,10,0,22,1,1,0,,2,1,0.252947,0.0827955,0.184482,0.4488,0.319349,0.389918,0.313212,0.709267,0.136971,4.00914,0.289392,-0.0448991,-0.00209218,14.1149,-0.297947,100.403,-0.0469913,-0.292726,0.009901866316795349,-0.35491764545440674,0.403905,116.5199966430664,,,,,,,124.5,4.446428571,124.5,4.446428571,,,,,,,,,,,,,,,,,,,"Jose Altuve","5417",514888
"Rafael Devers","SFG",31,133,116,29,17,6,0,6,17,18,15,1,33,1,1,0,,0,0,0.247789,0.111128,0.246347,0.451103,0.336042,0.446481,0.341227,0.782523,0.198691,2.80291,0.29533,-0.0752219,-0.157567,18.3738,2.67857,117.566,-0.232789,-0.234527,2.576866179704666,-2.920946568250656,0.402915,61.619998931884766,,,,,,,168.2,5.425806451,168.2,5.425806451,,,,,,,,,,,,,,,,,,,"Rafael Devers","17350",646240
"Ian Happ","CHC",28,121,104,24,15,5,0,4,15,15,14,0,32,1,1,0,,1,0,0.232398,0.118375,0.262636,0.450719,0.328464,0.405502,0.324371,0.733966,0.173104,3.83916,0.29085,-0.030471,-0.0484118,15.0461,0.791716,105.678,-0.0788828,0.616174,0.7459415793418884,-0.7137641906738281,0.401066,184.86000061035156,,,,,,,129.4,4.621428571,129.4,4.621428571,,,,,,,,,,,,,,,,,,,"Ian Happ","17919",664023
"Xavier Edwards","MIA",29,123,110,30,23,5,1,1,15,10,11,0,18,0,1,0,,5,1,0.273115,0.0924022,0.143849,0.642358,0.340703,0.362842,0.314373,0.703545,0.0897265,5.96972,0.313647,0.0889153,0.292073,14.3855,-0.185652,95.8937,0.380988,-0.277653,-0.22877824306488037,0.16247037053108215,0.399866,182.42999267578125,,,,,,,127.3,4.389655172,127.3,4.389655172,,,,,,,,,,,,,,,,,,,"Xavier Edwards","22266",669364
"Francisco Alvarez","NYM",21,87,76,18,11,3,0,4,11,11,8,0,23,1,1,0,,0,0,0.237039,0.0964934,0.265418,0.363552,0.319326,0.436053,0.329665,0.755379,0.199014,2.62176,0.28391,-0.0229818,-0.0984733,11.1747,0.938668,110.711,-0.121455,-0.498545,0.9959031194448471,0.1185842752456665,0.399266,165.25,,,,,,,98.1,4.671428571,98.1,4.671428571,,,,,,,,,,,,,,,,,,,"Francisco Alvarez","26121",682626
"Dominic Canzone","SEA",27,117,106,26,16,5,0,5,14,15,9,0,26,1,1,0,,1,0,0.249968,0.0772241,0.224077,0.344632,0.311388,0.43776,0.325107,0.749148,0.187792,3.59387,0.285903,-0.0466084,-0.0581477,14.6139,0.834576,114.747,-0.104756,0.240896,1.8877181634306908,-2.1367271691560745,0.394392,477.1600036621094,,,,,,,133,4.925925925,133,4.925925925,,,,,,,,,,,,,,,,,,,"Dominic Canzone","26438",686527
"Matt McLain","CIN",28,121,106,24,15,5,0,4,14,14,12,0,33,1,1,1,,4,1,0.228705,0.0988887,0.272246,0.363232,0.313396,0.392547,0.312462,0.705943,0.163842,4.88752,0.289801,0.019341,0.245202,13.8868,-0.367604,91.13,0.264543,0.502196,-1.023980438709259,0.9805912375450134,0.393363,144.3000030517578,,,,,,,124.3,4.439285714,124.3,4.439285714,,,,,,,,,,,,,,,,,,,"Matt McLain","29695",680574
"Carson Benge","NYM",25,108,97,24,16,4,1,3,13,12,9,0,24,1,1,0,,3,1,0.248608,0.0816144,0.220558,0.370036,0.317417,0.398869,0.315273,0.716286,0.150261,5.41533,0.296919,0,0.140507,12.7444,-0.0845475,101.066,0.140507,1.12754,0.27991490066051483,0.0033124685287475586,0.386882,999,,,,,,,115.8,4.632,115.8,4.632,,,,,,,,,,,,,,,,,,,"Carson Benge","35177",701807
"Cole Young","SEA",28,121,107,26,18,5,1,3,15,12,10,0,22,2,1,0,,2,1,0.241426,0.0849433,0.182264,0.466045,0.315506,0.372636,0.305599,0.688142,0.13121,4.51083,0.278124,0.00416053,-0.180944,13.2186,-1.03578,101.159,-0.176783,-0.893061,-0.014740988612174988,-0.46250566840171814,0.385599,704.2899780273438,,,,,,,124,4.428571428,124,4.428571428,,,,,,,,,,,,,,,,,,,"Cole Young","31680",702284
"Sam Antonacci","CHW",27,116,99,25,18,5,0,2,14,10,11,0,20,5,1,0,,5,1,0.248518,0.0921337,0.176061,0.523305,0.347934,0.367689,0.322861,0.715623,0.119171,5.83419,0.290607,0,0.230429,14.3544,0.621122,106.276,0.230429,-0.258237,1.075614869594574,-1.4236687421798706,0.382894,999,,,,,,,129,4.777777777,129,4.777777777,,,,,,,,,,,,,,,,,,,"Sam Antonacci","35101",803011
"Michael Busch","CHC",29,126,110,27,16,5,0,5,16,16,13,0,31,2,1,0,,1,0,0.243862,0.103759,0.242897,0.427173,0.332148,0.431167,0.334563,0.763316,0.187306,3.1183,0.290871,-0.0860853,-0.12898,16.7513,1.8633,112.509,-0.215065,0.231564,1.6828156262636185,-2.0168924778699875,0.381407,106.45999908447266,,,,,,,149.6,5.158620689,149.6,5.158620689,,,,,,,,,,,,,,,,,,,"Michael Busch","26319",683737
"Brendan Donovan","SEA",16,70,62,16,11,3,0,2,8,7,6,0,11,1,1,0,,1,0,0.255833,0.084521,0.16218,0.521155,0.331638,0.3842,0.317987,0.715838,0.128366,3.28679,0.288094,-0.0173696,-0.109312,8.33424,0.0983531,109.788,-0.126682,0.52859,0.6637479215860367,0.5955652743577957,0.379284,268.5799865722656,,,,,,,78,4.875,78,4.875,,,,,,,,,,,,,,,,,,,"Brendan Donovan","24679",680977
"Alec Burleson","STL",27,117,106,29,19,6,0,4,14,15,8,0,18,1,1,0,,1,0,0.271584,0.0726915,0.156376,0.46485,0.327845,0.439806,0.333836,0.767651,0.168222,3.05429,0.292483,-0.0793698,-0.0893856,15.4526,1.65797,112.372,-0.168755,0.484728,1.5704817920923233,-1.6449012458324432,0.377367,175.19000244140625,,,,,,,140.3,5.196296296,140.3,5.196296296,,,,,,,,,,,,,,,,,,,"Alec Burleson","27615",676475
"George Springer","TOR",26,113,100,25,16,4,0,4,14,14,11,0,21,1,1,0,,3,0,0.2527,0.0977187,0.189372,0.516014,0.331405,0.427012,0.332334,0.758416,0.174312,5.05519,0.281153,0.0343057,0.235795,14.8007,1.46587,113.75,0.270101,0.135287,2.068035900592804,-2.3693425953388214,0.375519,94.37999725341797,,,,,,,130.9,5.034615384,130.9,5.034615384,,,,,,,,,,,,,,,,,,,"George Springer","12856",543807
"Jonathan Aranda","TBR",30,130,114,29,20,5,0,4,15,15,13,0,32,2,1,0,,0,0,0.253434,0.0982472,0.245996,0.399386,0.337422,0.406426,0.328841,0.743847,0.152991,2.15683,0.314949,-0.184035,-0.178839,16.6909,1.32273,109.806,-0.362874,0.444327,1.1147823631763458,-2.044561356306076,0.373396,195.60000610351562,,,,,,,145.5,4.85,145.5,4.85,,,,,,,,,,,,,,,,,,,"Jonathan Aranda","21837",666018
"Jake Burger","TEX",29,123,113,28,17,5,0,6,15,17,8,0,31,2,1,0,,1,0,0.246891,0.0635815,0.254952,0.249386,0.302735,0.448806,0.324945,0.751542,0.201915,3.30204,0.289542,-0.0175776,-0.104039,15.4376,0.866419,109.419,-0.121616,0.31398,1.2241914123296738,-1.924909383058548,0.372467,236.72000122070312,,,,,,,146.6,5.055172413,146.6,5.055172413,,,,,,,,,,,,,,,,,,,"Jake Burger","22275",669394
"Jordan Walker","STL",28,123,112,29,18,6,1,4,15,15,9,0,30,1,1,0,,3,1,0.263371,0.0738496,0.246673,0.299382,0.323232,0.44567,0.333868,0.768903,0.182299,5.06229,0.321566,0.0155348,0.0602708,16.3142,1.75324,112.393,0.0758057,-0.891429,1.9148224592208862,-2.2479103207588196,0.372383,511.7200012207031,,,,,,,144,5.142857142,144,5.142857142,,,,,,,,,,,,,,,,,,,"Jordan Walker","27475",691023
"Christian Walker","HOU",29,126,113,26,16,5,0,5,15,16,10,0,31,2,1,0,,1,0,0.23468,0.0812853,0.243161,0.334285,0.30623,0.418826,0.317045,0.725056,0.184146,2.78071,0.274351,-0.0778935,-0.115164,14.97,0.0820585,103.073,-0.193058,1.15654,0.2555389702320099,-1.0919214487075806,0.368287,212.94000244140625,,,,,,,132,4.551724137,132,4.551724137,,,,,,,,,,,,,,,,,,,"Christian Walker","13419",572233
"Joe Mack","MIA",23,91,81,19,12,4,0,3,10,10,7,0,24,1,1,0,,0,0,0.23527,0.0797619,0.267686,0.297968,0.301849,0.398346,0.307656,0.700196,0.163076,2.91746,0.293771,0,-0.0906179,10.0876,-0.628093,91.3924,-0.0906179,-0.0945567,-1.0306062623858452,1.6755050420761108,0.364779,999,,,,,,,89.2,3.878260869,89.2,3.878260869,,,,,,,,,,,,,,,,,,,"Joe Mack","29780",691788
"Ernie Clement","TOR",26,113,105,28,20,6,0,2,12,11,5,0,12,1,1,1,,2,1,0.264542,0.0462191,0.107207,0.43112,0.300691,0.375541,0.296804,0.676232,0.110999,4.05783,0.2826,0.057242,-0.0635433,11.5649,-1.76989,89.0038,-0.00630123,0.477928,-1.4441267945803702,0.9732982516288757,0.358237,337.67999267578125,,,,,,,107,4.115384615,107,4.115384615,,,,,,,,,,,,,,,,,,,"Ernie Clement","20352",676391
"Joey Ortiz","MIL",20,84,76,19,13,4,0,2,10,8,7,0,16,1,1,0,,2,1,0.245111,0.0773943,0.185176,0.417949,0.307415,0.375246,0.301583,0.682661,0.130135,5.23339,0.285481,0.0343639,0.0132909,8.97939,-0.998705,89.3853,0.0476547,1.3684,-1.031730193644762,1.8133113384246826,0.35813,743.4400024414062,,,,,,,85.8,4.29,85.8,4.29,,,,,,,,,,,,,,,,,,,"Joey Ortiz","25493",687401
"Will Smith","LAD",13,53,46,12,7,2,0,2,7,7,6,0,10,1,0,0,,0,0,0.258325,0.11002,0.188626,0.583273,0.35076,0.456019,0.352318,0.806779,0.197694,3.24192,0.282538,-0.0561019,-0.0508596,7.77794,1.53767,123.144,-0.106961,-0.554109,1.364885687828064,0.41703277826309204,0.355802,95.69000244140625,,,,,,,66.8,5.138461538,66.8,5.138461538,,,,,,,,,,,,,,,,,,,"Will Smith","19197",669257
"Patrick Bailey","CLE",20,78,71,16,11,3,0,2,8,8,6,0,20,0,1,1,,1,0,0.223314,0.0794119,0.25155,0.31569,0.287708,0.348431,0.283019,0.636139,0.125118,3.53178,0.281514,-0.0314795,-0.0211929,7.16505,-2.10259,79.9934,-0.0526724,1.05419,-1.8707783482968807,2.5850518941879272,0.355151,747.8900146484375,,,,,,,66,3.3,66,3.3,,,,,,,,,,,,,,,,,,,"Patrick Bailey","27478",672275
"Cole Carrigg","COL",29,124,112,29,19,5,2,3,18,12,9,0,30,2,1,1,,8,2,0.258395,0.0716629,0.238112,0.300963,0.319269,0.422531,0.323824,0.7418,0.164137,8.39546,0.323466,0,0.504021,15.4766,0.762307,90.1094,0.504021,-0.13311,-0.9791192412376404,0.4101000428199768,0.352608,999,,,,,,,147.1,5.072413793,147.1,5.072413793,,,,,,,,,,,,,,,,,,,"Cole Carrigg","33253",694249
"Vinnie Pasquantino","KCR",27,115,103,27,17,6,0,4,14,15,10,0,17,1,1,0,,1,0,0.259148,0.0890926,0.148632,0.599417,0.329398,0.434891,0.333493,0.764288,0.175743,3.38691,0.274322,-0.114596,-0.0672801,15.2489,1.60757,110.875,-0.181876,0.181772,1.2727689743041992,-1.943227544426918,0.347224,77.0999984741211,,,,,,,138.1,5.114814814,138.1,5.114814814,,,,,,,,,,,,,,,,,,,"Vinnie Pasquantino","27676",686469
"Josh Jung","TEX",19,83,76,19,13,4,0,3,9,10,6,0,19,1,1,0,,1,0,0.256128,0.0669079,0.223853,0.298892,0.311784,0.41365,0.31707,0.725433,0.157522,3.30623,0.304359,-0.0658852,-0.0862876,9.87547,0.05575,103.934,-0.152173,-0.0830314,0.22664368152618408,0.21357354521751404,0.344031,610.5,,,,,,,93.1,4.9,93.1,4.9,,,,,,,,,,,,,,,,,,,"Josh Jung","26299",673962
"Kyle Stowers","MIA",24,104,93,23,13,5,1,4,14,14,9,0,30,1,1,0,,1,0,0.246208,0.0895624,0.291527,0.307218,0.322805,0.455599,0.337672,0.778404,0.209391,4.40244,0.313762,0.0216825,-0.109034,14.1623,1.80845,111.508,-0.087351,0.522878,1.3615223094820976,-1.3811341524124146,0.342749,164.42999267578125,,,,,,,125.5,5.229166666,125.5,5.229166666,,,,,,,,,,,,,,,,,,,"Kyle Stowers","26151",669065
"Ezequiel Tovar","COL",27,115,106,27,17,6,0,3,13,14,6,0,28,1,1,1,,2,1,0.252869,0.0539993,0.243949,0.221355,0.296791,0.416195,0.310274,0.712986,0.163326,4.62788,0.309757,0.0559209,-0.0405811,13.0171,-0.552727,81.0289,0.0153398,1.00076,-2.6081882510334253,2.230385899543762,0.340165,209.22999572753906,,,,,,,112.8,4.177777777,112.8,4.177777777,,,,,,,,,,,,,,,,,,,"Ezequiel Tovar","24064",678662
"Sal Stewart","CIN",30,130,116,29,18,6,0,5,15,17,12,0,28,1,1,0,,2,1,0.253434,0.0892008,0.214068,0.416693,0.324177,0.440825,0.33334,0.765002,0.187391,3.46587,0.288287,0.00372662,0.00520522,17.1575,1.79444,105.122,0.00893184,0.6322,0.8108200076967478,-1.6975837349891663,0.338322,161.8699951171875,,,,,,,150.8,5.026666666,150.8,5.026666666,,,,,,,,,,,,,,,,,,,"Sal Stewart","31505",701398
"Joshua Báez","STL",23,101,92,22,13,5,1,4,13,13,7,0,30,2,1,0,,5,1,0.24299,0.0658889,0.299483,0.220009,0.304417,0.445094,0.324652,0.749511,0.202104,6.86724,0.312381,0,0.500153,12.6423,0.687007,106.217,0.500153,-0.140224,1.257588505744934,-1.2235571891069412,0.337096,999,,,,,,,122.7,5.334782608,122.7,5.334782608,,,,,,,,,,,,,,,,,,,"Joshua Baez","29596",695491
"Hunter Goodman","COL",18,72,66,17,9,3,0,4,9,11,5,0,21,1,0,0,,1,0,0.255783,0.066959,0.284229,0.235582,0.311762,0.495093,0.345763,0.806855,0.23931,3.88116,0.309272,-0.0103522,-0.0967447,10.2608,1.72186,104.812,-0.107097,-0.0257197,0.311686247587204,0.6458851862698793,0.33591,67.36000061035156,,,,,,,95.4,5.3,95.4,5.3,,,,,,,,,,,,,,,,,,,"Hunter Goodman","29715",696100
"Travis Bazzana","CLE",25,107,93,21,14,5,1,2,13,10,12,0,26,1,1,0,,4,1,0.229233,0.112783,0.238333,0.473214,0.323396,0.362065,0.307386,0.685461,0.132832,5.88595,0.289834,0,0.233154,11.9046,-0.766023,96.965,0.233154,-0.236805,-0.14392295479774475,-0.35161979496479034,0.335484,999,,,,,,,107.4,4.296,107.4,4.296,,,,,,,,,,,,,,,,,,,"Travis Bazzana","34967",683953
"Michael Massey","KCR",24,104,96,24,16,5,0,3,11,12,5,0,18,1,1,1,,1,0,0.252851,0.0516195,0.1769,0.291801,0.295857,0.399788,0.303762,0.695646,0.146937,3.65313,0.282991,0.0034491,-0.0338635,11.2171,-1.04481,90.167,-0.0304144,0.602046,-1.2126876320689917,0.8242681175470352,0.333953,999,,,,,,,101,4.208333333,101,4.208333333,,,,,,,,,,,,,,,,,,,"Michael Massey","27684",686681
"Lawrence Butler","ATH",27,117,104,25,16,5,0,4,14,15,11,0,30,0,1,0,,4,1,0.2447,0.0939342,0.255536,0.367596,0.315543,0.418953,0.321263,0.734496,0.174253,5.21704,0.302039,0.0632758,0.2457,14.2521,0.472856,102.557,0.308975,-0.320535,0.6544728875160217,-1.511739194393158,0.332382,157.22000122070312,,,,,,,125.9,4.662962962,125.9,4.662962962,,,,,,,,,,,,,,,,,,,"Lawrence Butler","22542",671732
"Nathan Lukes","TOR",21,91,82,21,15,4,0,2,10,9,6,0,15,1,1,0,,1,0,0.255776,0.0708003,0.164658,0.429984,0.313277,0.374743,0.304365,0.68802,0.118967,3.52784,0.290851,-0.000372781,-0.0973542,9.85907,-0.870062,94.2695,-0.097727,1.19624,-0.7006067708134651,0.6869804263114929,0.325468,999,,,,,,,88.9,4.233333333,88.9,4.233333333,,,,,,,,,,,,,,,,,,,"Nathan Lukes","18123",664770
"Brandon Marsh","PHI",23,99,89,23,15,4,1,3,13,12,8,0,27,1,1,0,,2,1,0.258443,0.0842223,0.268081,0.314167,0.323397,0.42778,0.327897,0.751176,0.169337,5.43446,0.329654,0.0330606,0.101993,12.6536,0.933249,104.692,0.135054,0.292699,0.6954862475395203,-0.7119304239749908,0.325392,609.72998046875,,,,,,,113.3,4.926086956,113.3,4.926086956,,,,,,,,,,,,,,,,,,,"Brandon Marsh","20202",669016
"Jesús Sánchez","TOR",20,84,76,19,12,4,0,3,11,11,7,0,20,1,1,0,,1,0,0.253714,0.0793205,0.237378,0.334153,0.318628,0.443009,0.330764,0.761637,0.189296,4.50192,0.300465,-0.00676,-0.0115285,10.9512,0.98838,112.657,-0.0182885,-0.09622,1.218189125880599,-1.0175163373351097,0.323968,617.4299926757812,,,,,,,96.1,4.805,96.1,4.805,,,,,,,,,,,,,,,,,,,"Jesus Sanchez","19913",660821
"Yainer Diaz","HOU",17,67,63,17,11,3,0,2,8,9,3,0,11,0,1,0,,0,0,0.269201,0.0467524,0.170728,0.273842,0.305014,0.434886,0.32014,0.7399,0.165685,3.02066,0.294015,0.000900755,-0.0758881,8.17662,0.212242,105.228,-0.0749874,-0.861345,0.3333354592323303,0.45424097776412964,0.322921,113.04000091552734,,,,,,,68.7,4.04117647,68.7,4.04117647,,,,,,,,,,,,,,,,,,,"Yainer Diaz","23003",673237
"Luis García Jr.","NYY",21,93,86,23,14,4,0,4,12,13,5,0,16,0,1,0,,2,1,0.265003,0.0592426,0.173412,0.341629,0.308531,0.461801,0.331331,0.770332,0.196798,4.79854,0.282929,-0.00299984,-0.0513905,12.0831,1.12913,113.586,-0.0543903,0.162881,1.4048404432833195,-1.521070048213005,0.321856,261.8500061035156,,,,,,,108,5.142857142,108,5.142857142,,,,,,,,,,,,,,,,,,,"Luis Garcia Jr.","20391",671277
"Maikel Garcia","KCR",13,57,51,14,9,3,0,1,7,6,5,0,9,0,0,0,,2,1,0.267045,0.0841049,0.150588,0.55851,0.328027,0.395447,0.318651,0.723475,0.128402,5.91163,0.301046,0.0321807,0.108793,6.85517,0.111146,100.537,0.140974,0.734573,0.17651398852467537,0.9382771253585815,0.319102,63.150001525878906,,,,,,,61.5,4.73076923,61.5,4.73076923,,,,,,,,,,,,,,,,,,,"Maikel Garcia","22715",672580
"J.T. Realmuto","PHI",25,98,88,22,14,4,0,3,11,11,7,0,23,2,1,0,,1,0,0.243904,0.0690416,0.232533,0.296911,0.307368,0.392837,0.308325,0.700206,0.148933,4.48248,0.295862,-0.0338896,0.0235601,10.9584,-0.626135,91.5751,-0.0103295,-1.00596,-1.0049618324264884,0.907618522644043,0.313356,212.27000427246094,,,,,,,103.9,4.156,103.9,4.156,,,,,,,,,,,,,,,,,,,"J.T. Realmuto","11739",592663
"Brooks Lee","MIN",26,113,103,26,17,5,0,3,13,12,8,0,19,1,1,1,,1,1,0.249711,0.0673837,0.172296,0.391092,0.302264,0.392476,0.304683,0.69474,0.142765,4.14892,0.279284,-0.058671,-0.0738375,12.2542,-1.04995,93.1062,-0.132509,-0.323149,-1.03184574842453,0.12654241919517517,0.31301,542.5700073242188,,,,,,,111.4,4.284615384,111.4,4.284615384,,,,,,,,,,,,,,,,,,,"Brooks Lee","31595",686797
"Isaac Collins","KCR",24,104,90,22,14,5,1,2,14,10,12,0,21,1,1,0,,3,1,0.24186,0.112619,0.204327,0.551172,0.3358,0.375868,0.318182,0.711668,0.134007,5.98445,0.294301,0.0195,0.0400811,12.4247,0.162809,100.211,0.0595811,0.425604,0.084925826638937,-0.6855075061321259,0.312324,666.1699829101562,,,,,,,114.1,4.754166666,114.1,4.754166666,,,,,,,,,,,,,,,,,,,"Isaac Collins","25477",686555
"Bryan Reynolds","PIT",28,122,107,27,17,6,1,4,16,15,12,0,29,2,1,0,,1,0,0.254257,0.0985329,0.239061,0.412167,0.336277,0.42581,0.334427,0.762087,0.171552,4.49509,0.311224,-0.0029894,-0.0279588,16.1975,1.7898,108.8,-0.0309482,-0.423707,1.2610926199704409,-2.155189037322998,0.310913,204.72000122070312,,,,,,,148.8,5.314285714,148.8,5.314285714,,,,,,,,,,,,,,,,,,,"Bryan Reynolds","19326",668804
"Teoscar Hernández","LAD",28,119,109,27,17,5,0,5,15,17,8,0,32,1,1,0,,1,0,0.252696,0.0691691,0.269109,0.25703,0.309371,0.455641,0.330709,0.765012,0.202945,3.69989,0.30577,-0.0809375,-0.0602789,15.4892,1.39311,108.663,-0.141216,-0.653406,1.1032133251428604,-1.9498569965362549,0.307054,125.41999816894531,,,,,,,132.6,4.735714285,132.6,4.735714285,,,,,,,,,,,,,,,,,,,"Teoscar Hernandez","13066",606192
"Jacob Young","WSN",25,106,96,23,17,4,0,1,11,9,7,0,19,2,1,1,,5,1,0.240526,0.0686443,0.178772,0.383978,0.303235,0.338877,0.287622,0.642112,0.0983516,5.61332,0.283036,0.0761376,0.290451,10.112,-2.45642,79.3057,0.366588,1.45399,-2.284054696559906,1.8336210548877716,0.304816,746.0700073242188,,,,,,,87.5,3.5,87.5,3.5,,,,,,,,,,,,,,,,,,,"Jacob Young","29931",696285
"Jung Hoo Lee","SFG",30,130,118,32,22,7,1,2,17,14,9,0,16,1,1,0,,2,1,0.270927,0.0681867,0.126769,0.537883,0.326663,0.405703,0.321042,0.732366,0.134776,5.64283,0.296274,0.102322,-0.00901297,15.8724,0.504194,104.039,0.0933094,-0.602529,0.7258608713746071,-1.9556158781051636,0.303498,339.44000244140625,,,,,,,137,4.566666666,137,4.566666666,,,,,,,,,,,,,,,,,,,"Jung Hoo Lee","33824",808982
"Tyler O'Neill","BAL",20,87,77,18,11,3,0,4,11,12,8,0,24,1,1,0,,1,0,0.236232,0.095567,0.279652,0.341736,0.316522,0.43319,0.327299,0.749712,0.196958,3.84522,0.289939,0.0030225,0.00598433,11.0725,0.777656,111.098,0.00900683,-0.149584,1.1293630339205265,-1.2355406135320663,0.302803,477.6400146484375,,,,,,,99,4.95,99,4.95,,,,,,,,,,,,,,,,,,,"Tyler O'Neill","15711",641933
"Salvador Perez","KCR",26,108,99,25,16,4,0,5,12,15,5,0,22,2,1,0,,0,0,0.250081,0.0485192,0.200015,0.242577,0.298197,0.437551,0.319002,0.735748,0.18747,2.046,0.272505,-0.242768,-0.100715,12.9975,0.240804,100.782,-0.343483,-0.34655,-0.2456904724240303,-0.6011794805526733,0.302291,91.13999938964844,,,,,,,120.6,4.638461538,120.6,4.638461538,,,,,,,,,,,,,,,,,,,"Salvador Perez","7304",521692
"Coby Mayo","BAL",20,84,75,18,10,4,0,4,11,11,7,0,24,1,1,0,,1,0,0.239791,0.0839271,0.289599,0.289804,0.311203,0.444626,0.327859,0.755829,0.204836,4.48161,0.30332,0.0056916,-0.050892,10.77,0.791942,111.489,-0.0452004,-0.113154,1.078897137194872,-1.1034316346049309,0.301476,459.1600036621094,,,,,,,100.9,5.045,100.9,5.045,,,,,,,,,,,,,,,,,,,"Coby Mayo","28312",691723
"Jonah Heim","ATH",21,85,77,18,12,4,0,2,9,9,6,0,16,0,1,1,,0,0,0.232381,0.0757388,0.191634,0.395226,0.293274,0.372574,0.29409,0.665848,0.140193,2.64649,0.263913,-0.0260572,-0.0559231,8.50717,-1.51618,83.6311,-0.0819803,0.741256,-1.6908064484596252,1.650206744670868,0.301217,999,,,,,,,72.2,3.438095238,72.2,3.438095238,,,,,,,,,,,,,,,,,,,"Jonah Heim","16930",641680
"Ty France","SDP",27,118,105,27,18,5,0,3,13,13,8,0,23,4,1,0,,1,0,0.254037,0.0642729,0.193156,0.332751,0.325051,0.39951,0.320216,0.724561,0.145473,2.89799,0.292284,-0.0219186,-0.130404,14.3163,0.378616,104.809,-0.152322,0.6465,0.5307812839746475,-1.4775742292404175,0.292424,999,,,,,,,126.8,4.696296296,126.8,4.696296296,,,,,,,,,,,,,,,,,,,"Ty France","17982",664034
"Dylan Beavers","BAL",22,95,83,20,13,4,0,3,12,11,11,0,23,1,1,0,,3,1,0.240054,0.110865,0.238497,0.464848,0.327364,0.393744,0.319568,0.721107,0.15369,5.33186,0.296345,-0.00309688,0.0738189,11.5009,0.255708,105.714,0.070722,-0.171971,0.7007642015814781,-1.2100887894630432,0.290653,505.0400085449219,,,,,,,107.7,4.895454545,107.7,4.895454545,,,,,,,,,,,,,,,,,,,"Dylan Beavers","31695",687637
"Josh Lowe","LAA",23,99,89,22,13,4,0,3,12,12,8,0,28,0,1,0,,4,0,0.240575,0.0835271,0.279065,0.29931,0.305486,0.410931,0.313183,0.716417,0.170356,5.84875,0.307159,-0.0265244,0.423754,11.4757,-0.244586,98.5988,0.397229,0.21236,0.23619599640369415,-0.8879489004611969,0.290608,297.0899963378906,,,,,,,105.6,4.591304347,105.6,4.591304347,,,,,,,,,,,,,,,,,,,"Josh Lowe","19953",666139
"Jo Adell","CLE",27,115,105,25,15,5,0,5,14,15,7,0,30,2,1,0,,1,0,0.242653,0.0610714,0.257327,0.23733,0.300993,0.437896,0.320173,0.73889,0.195244,4.46658,0.28955,-0.0165038,-0.0526466,13.9869,0.366001,105.871,-0.0691504,-0.73201,0.7149676010012627,-1.966269075870514,0.287387,120.33000183105469,,,,,,,125.4,4.644444444,125.4,4.644444444,,,,,,,,,,,,,,,,,,,"Jo Adell","20220",666176
"Marcus Semien","NYM",25,107,96,22,15,4,0,3,12,12,9,0,20,1,1,1,,2,0,0.229706,0.0856292,0.186677,0.458702,0.298741,0.367755,0.295478,0.666496,0.138049,4.4956,0.258595,0.0300954,0.0986823,10.8741,-1.79651,87.8002,0.128778,0.391306,-1.4465451538562775,0.7740216255187988,0.285026,266.25,,,,,,,100.8,4.032,100.8,4.032,,,,,,,,,,,,,,,,,,,"Marcus Semien","12533",543760
"JJ Bleday","CIN",28,121,105,25,14,5,0,5,15,15,14,0,28,1,1,0,,1,1,0.235346,0.115409,0.231474,0.498582,0.325859,0.426819,0.329823,0.752679,0.191473,3.77455,0.273928,-0.0294658,-0.171224,15.5769,1.32251,102.764,-0.200689,0.0160976,0.2008976936340332,-1.3138407357037067,0.284325,748.5800170898438,,,,,,,140.6,5.021428571,140.6,5.021428571,,,,,,,,,,,,,,,,,,,"JJ Bleday","26368",668709
"Sean Murphy","ATL",15,59,52,12,7,2,0,2,7,7,5,0,16,1,0,0,,0,0,0.226441,0.0889028,0.267341,0.332544,0.310273,0.400572,0.313774,0.710845,0.174131,2.70777,0.278533,-0.0102621,-0.0549671,6.8738,-0.11766,96.349,-0.0652292,0.221664,-0.3253655210137367,1.1975901424884796,0.284025,746.0599975585938,,,,,,,57.8,3.853333333,57.8,3.853333333,,,,,,,,,,,,,,,,,,,"Sean Murphy","19352",669221
"Spencer Torkelson","DET",29,124,109,25,15,5,0,5,15,16,13,0,34,1,1,0,,0,0,0.232096,0.107552,0.269332,0.399328,0.32175,0.421386,0.326228,0.743136,0.18929,2.49799,0.285386,0.0103359,-0.166277,15.7182,1.00393,108.628,-0.155941,-0.464115,1.0890014469623566,-2.7060904800891876,0.283404,188.35000610351562,,,,,,,134.5,4.637931034,134.5,4.637931034,,,,,,,,,,,,,,,,,,,"Spencer Torkelson","27465",679529
"Chase DeLauter","CLE",22,95,85,22,15,5,0,3,11,11,9,0,16,0,1,0,,1,0,0.260617,0.0951335,0.16346,0.582,0.331071,0.41405,0.327065,0.745121,0.153433,3.68669,0.288256,-0.00509988,-0.00864713,12.0767,0.831497,110.671,-0.013747,0.0938294,1.1629395196214318,-1.7479916587471962,0.282933,999,,,,,,,109.8,4.99090909,109.8,4.99090909,,,,,,,,,,,,,,,,,,,"Chase DeLauter","32127",800050
"Jake McCarthy","COL",26,111,101,27,19,5,1,2,15,11,7,0,19,2,1,0,,5,1,0.272775,0.0641377,0.175934,0.364556,0.328539,0.418841,0.327046,0.747379,0.146066,7.45117,0.315656,0.0635497,0.44657,14.0447,0.965407,92.2685,0.51012,0.584409,-0.5204260349273682,-0.30447959899902344,0.280897,506.760009765625,,,,,,,122.9,4.726923076,122.9,4.726923076,,,,,,,,,,,,,,,,,,,"Jake McCarthy","21622",664983
"Jakob Marsee","MIA",23,99,85,19,13,4,1,2,12,9,12,0,22,2,1,0,,6,2,0.222994,0.118418,0.220357,0.537393,0.326404,0.350976,0.306188,0.67738,0.127983,6.71103,0.274558,0.0518306,0.317357,10.9158,-0.804505,90.4084,0.369187,-0.0326367,-0.7764542698860168,0.32137565314769745,0.280675,137.0800018310547,,,,,,,105.3,4.578260869,105.3,4.578260869,,,,,,,,,,,,,,,,,,,"Jakob Marsee","31370",805300
"Ozzie Albies","ATL",29,125,113,28,19,6,0,3,14,14,9,0,19,1,1,1,,2,1,0.250785,0.0727115,0.151664,0.479424,0.310285,0.396002,0.310337,0.706287,0.145217,4.10102,0.27247,0.023761,-0.0337851,14.1359,-0.593671,94.0454,-0.0100241,-0.830109,-0.9038642747327685,-0.3852013647556305,0.27963,150.5,,,,,,,120.4,4.151724137,120.4,4.151724137,,,,,,,,,,,,,,,,,,,"Ozzie Albies","16556",645277
"Ryan McMahon","NYY",17,72,63,14,8,3,0,3,8,9,7,0,22,0,0,0,,1,0,0.217706,0.102033,0.302592,0.337196,0.301374,0.383411,0.303192,0.684785,0.165705,3.20763,0.284952,0.00687158,-0.0920451,7.74404,-0.757529,93.9862,-0.0851735,0.484659,-0.5865083113312721,0.7414491474628448,0.274791,732.8599853515625,,,,,,,75.2,4.423529411,75.2,4.423529411,,,,,,,,,,,,,,,,,,,"Ryan McMahon","15112",641857
"Braden Montgomery","CHW",28,120,107,25,16,5,1,3,14,12,11,0,32,1,1,1,,1,1,0.23023,0.0910803,0.26656,0.341687,0.307548,0.369741,0.301044,0.677289,0.139511,4.37165,0.299587,0,-0.211133,12.7478,-1.47599,91.0813,-0.211133,1.18599,-1.4550599157810211,-0.10289406776428223,0.274491,999,,,,,,,116.5,4.160714285,116.5,4.160714285,,,,,,,,,,,,,,,,,,,"Braden Montgomery","35423",695731
"Brett Baty","NYM",19,82,73,18,12,3,0,3,9,10,7,0,21,1,1,0,,1,0,0.241522,0.0863078,0.257237,0.335519,0.31185,0.401746,0.313724,0.713597,0.160225,3.77863,0.298767,-0.0103305,-0.0324476,9.49543,-0.165903,100.028,-0.0427781,0.581705,-0.0400229599326849,0.06982266902923584,0.272649,292.9200134277344,,,,,,,90.6,4.768421052,90.6,4.768421052,,,,,,,,,,,,,,,,,,,"Brett Baty","26123",683146
"Jake Bauers","MIL",24,102,88,21,12,4,0,4,13,13,13,0,28,1,1,0,,2,1,0.238503,0.123068,0.275684,0.446411,0.336651,0.439054,0.339479,0.775706,0.200551,4.88419,0.295714,-0.0727287,0.0686405,13.9477,1.91061,114.782,-0.00408823,-0.891369,1.8091981974430382,-2.4509370923042297,0.270485,999,,,,,,,121.8,5.075,121.8,5.075,,,,,,,,,,,,,,,,,,,"Jake Bauers","15194",641343
"Luis Torrens","NYM",15,59,53,12,8,3,0,2,6,7,4,0,13,1,0,0,,0,0,0.233957,0.0709071,0.217779,0.325592,0.294326,0.379423,0.296877,0.673749,0.145465,2.9587,0.274432,-0.00797143,-0.0521787,6.03161,-0.919115,88.7376,-0.0601502,0.432745,-0.8579256683588028,1.5808929204940796,0.267672,999,,,,,,,56.7,3.78,56.7,3.78,,,,,,,,,,,,,,,,,,,"Luis Torrens","15905",620443
"Heliot Ramos","NYY",24,105,95,23,15,4,0,4,13,13,8,0,27,1,1,0,,1,0,0.243883,0.0759669,0.259292,0.292978,0.309811,0.422352,0.319715,0.732164,0.178469,4.07404,0.296988,-0.0232588,-0.0875672,12.7204,0.295064,105.495,-0.110826,-0.414015,0.5586754083633423,-1.6584592461585999,0.266412,218.8000030517578,,,,,,,111.9,4.6625,111.9,4.6625,,,,,,,,,,,,,,,,,,,"Heliot Ramos","22515",671218
"Jake Cronenworth","SDP",26,111,97,22,15,4,0,2,13,11,11,0,23,2,1,0,,1,0,0.228312,0.099519,0.204468,0.48672,0.318326,0.352948,0.301831,0.671273,0.124636,4.2858,0.27317,0.0106732,-0.0607668,11.8522,-1.29355,92.4881,-0.0500937,-0.060385,-1.0564569346606731,0.06878161430358887,0.266157,738.2999877929688,,,,,,,97.5,3.75,97.5,3.75,,,,,,,,,,,,,,,,,,,"Jake Cronenworth","18036",630105
"Nolan Arenado","ARI",25,108,98,24,16,5,0,3,11,12,8,0,19,1,1,1,,1,0,0.239799,0.0746148,0.173895,0.429079,0.301863,0.378138,0.30041,0.680001,0.138339,3.10327,0.267951,-0.0224343,-0.0813974,11.4422,-1.38682,86.8877,-0.103832,0.558318,-1.818146288394928,0.9075463116168976,0.265175,638.0599975585938,,,,,,,108,4.32,108,4.32,,,,,,,,,,,,,,,,,,,"Nolan Arenado","9777",571448
"Konnor Griffin","PIT",14,62,56,15,10,3,0,2,8,6,4,0,16,1,0,0,,4,1,0.259126,0.0639122,0.257884,0.247833,0.320881,0.404167,0.318689,0.725048,0.145041,6.78277,0.333276,-0.00583784,0.346972,7.48028,0.123154,98.2525,0.341134,-0.0727214,0.21011370420455933,0.3624637722969055,0.263681,999,,,,,,,75.3,5.378571428,75.3,5.378571428,,,,,,,,,,,,,,,,,,,"Konnor Griffin","35376",804606
"A.J. Ewing","NYM",25,108,96,22,16,4,1,2,13,10,10,0,28,0,1,1,,6,1,0.233184,0.0947348,0.255262,0.371128,0.307999,0.34802,0.293581,0.656019,0.114836,6.41554,0.304611,0,0.421295,10.8438,-1.98521,86.5287,0.421295,1.23731,-1.3399608433246613,0.40011441707611084,0.262193,999,,,,,,,101.9,4.076,101.9,4.076,,,,,,,,,,,,,,,,,,,"A.J. Ewing","33656",805999
"José Caballero","NYY",15,65,57,13,9,3,0,1,7,6,6,0,16,1,0,0,,6,1,0.223636,0.0896294,0.245888,0.364513,0.306275,0.342467,0.292126,0.648742,0.118831,5.98887,0.28401,-0.000911515,0.492845,6.41868,-1.26543,86.2787,0.491933,0.547178,-0.5419337451457977,0.799030065536499,0.260302,200.02999877929688,,,,,,,63.5,4.233333333,63.5,4.233333333,,,,,,,,,,,,,,,,,,,"Jose Caballero","23401",676609
"Luis Campusano","SDP",17,67,59,15,10,3,0,2,7,8,6,0,14,1,0,0,,0,0,0.245738,0.0968975,0.205739,0.470972,0.323289,0.398655,0.318705,0.721945,0.152918,2.01101,0.28411,0.00791892,-0.0805188,8.06174,0.133568,103.797,-0.0725999,-0.72094,0.23417039960622787,0.11146771907806396,0.256481,999,,,,,,,73.5,4.323529411,73.5,4.323529411,,,,,,,,,,,,,,,,,,,"Luis Campusano","22217",669134
"Trevor Story","BOS",25,108,99,23,15,5,0,3,11,12,7,0,30,1,1,1,,4,1,0.233956,0.0628054,0.278909,0.225183,0.288437,0.376918,0.292992,0.665355,0.142961,4.89946,0.302565,0.0237274,0.366246,10.7277,-2.02467,81.4655,0.389973,-0.625454,-1.927678108215332,0.5301018953323364,0.246015,111.33000183105469,,,,,,,101.3,4.052,101.3,4.052,,,,,,,,,,,,,,,,,,,"Trevor Story","12564",596115
"Griffin Conine","MIA",25,107,95,22,13,4,0,5,13,14,10,0,34,1,1,0,,1,0,0.236386,0.0946262,0.313595,0.301747,0.314831,0.432272,0.326116,0.747103,0.195886,3.5207,0.310476,-0.0300356,-0.102213,13.5253,0.854734,103.763,-0.132248,0.0528531,0.3536900579929352,-1.430171638727188,0.243844,999,,,,,,,121.7,4.868,121.7,4.868,,,,,,,,,,,,,,,,,,,"Griffin Conine","21626",665052
"Christian Encarnacion-Strand","BAL",16,71,66,16,9,3,0,3,8,10,3,0,21,1,0,0,,0,0,0.241865,0.0426551,0.28935,0.147417,0.281461,0.442474,0.311612,0.723935,0.200609,3.71204,0.298621,0.00205375,-0.0563764,8.12906,-0.265216,100.173,-0.0543227,0.454442,-0.04010587092489004,-0.07657629251480103,0.243831,999,,,,,,,72.5,4.53125,72.5,4.53125,,,,,,,,,,,,,,,,,,,"Christian Encarnacion-Strand","30011",687952
"Ke'Bryan Hayes","CIN",22,96,88,21,15,4,0,2,10,9,7,0,19,1,1,1,,2,0,0.239916,0.0677314,0.197712,0.342576,0.295603,0.362803,0.291434,0.658406,0.122887,4.55743,0.281453,0.0198919,0.0287424,9.47175,-1.93179,77.0379,0.0486343,1.52987,-2.619892619550228,1.874317228794098,0.24222,999,,,,,,,87.8,3.99090909,87.8,3.99090909,,,,,,,,,,,,,,,,,,,"Ke'Bryan Hayes","18577",663647
"Joc Pederson","TEX",20,87,75,18,11,3,0,4,11,11,9,0,20,1,1,0,,1,0,0.238118,0.107648,0.227415,0.473354,0.331279,0.430112,0.334109,0.761391,0.191994,3.66988,0.27275,-0.0312855,-0.0933852,11.5514,1.25649,115.802,-0.124671,0,1.4705225303769112,-2.1766974925994873,0.241635,999,,,,,,,104,5.2,104,5.2,,,,,,,,,,,,,,,,,,,"Joc Pederson","11899",592626
"Kody Clemens","MIN",22,95,87,21,12,4,1,4,12,12,6,0,22,1,1,0,,2,0,0.236376,0.0668045,0.235972,0.283103,0.292452,0.435077,0.314654,0.727529,0.198701,5.58267,0.270907,0.00893739,0.0318892,11.1235,-0.121654,100.051,0.0408266,-1.1846,0.04647296667098999,-1.0554286986589432,0.239718,700.7000122070312,,,,,,,110.3,5.013636363,110.3,5.013636363,,,,,,,,,,,,,,,,,,,"Kody Clemens","20572",665019
"Tyler Stephenson","CIN",22,88,78,19,12,4,0,3,10,11,8,0,23,1,1,0,,0,0,0.244216,0.0965921,0.264075,0.365776,0.323493,0.420386,0.326531,0.743879,0.17617,2.3991,0.303382,-0.0244507,-0.109281,11.1251,0.730663,100.558,-0.133732,-1.01088,-0.07460978999733925,-0.42724043130874634,0.238906,294.75,,,,,,,95.2,4.327272727,95.2,4.327272727,,,,,,,,,,,,,,,,,,,"Tyler Stephenson","17988",663886
"Trevor Larnach","MIN",19,83,73,18,12,4,0,2,10,10,8,0,18,1,1,0,,1,0,0.249361,0.100105,0.218615,0.457907,0.32948,0.405693,0.324286,0.735173,0.156332,3.47251,0.296841,-0.0239163,-0.105707,10.3595,0.539742,106.76,-0.129624,-0.150139,0.5212820321321487,-1.1164973676204681,0.238472,748.52001953125,,,,,,,87.1,4.584210526,87.1,4.584210526,,,,,,,,,,,,,,,,,,,"Trevor Larnach","21501",663616
"Carson Kelly","CHC",17,68,60,14,10,2,0,2,7,7,6,0,13,1,1,0,,0,0,0.237498,0.0940173,0.191499,0.490953,0.315745,0.369924,0.305419,0.685669,0.132426,2.72314,0.272766,-0.0648459,-0.0683322,7.43871,-0.593545,92.9769,-0.133178,-0.185477,-0.7080667614936829,0.8430729061365128,0.237913,591.9099731445312,,,,,,,64,3.764705882,64,3.764705882,,,,,,,,,,,,,,,,,,,"Carson Kelly","13620",608348
"Tommy Edman","LAD",27,115,104,25,17,5,0,3,13,12,8,0,23,1,1,1,,3,0,0.236613,0.0678919,0.197424,0.343889,0.296027,0.367113,0.293371,0.66314,0.1305,5.43643,0.276245,0.0285334,0.199543,11.4937,-2.12722,83.6405,0.228077,0.24539,-2.042816787958145,0.6376742571592331,0.236857,730.1199951171875,,,,,,,111.4,4.125925925,111.4,4.125925925,,,,,,,,,,,,,,,,,,,"Tommy Edman","19470",669242
"Nick Gonzales","PIT",27,117,106,28,19,6,1,2,14,12,8,0,23,2,1,0,,1,0,0.263509,0.0655525,0.198074,0.330949,0.320759,0.38551,0.311683,0.706269,0.122,4.39286,0.318148,0.0219375,-0.180523,13.3654,-0.429171,93.5572,-0.158586,-0.466362,-1.0643329620361328,-0.42006608471274376,0.233625,999,,,,,,,124.6,4.614814814,124.6,4.614814814,,,,,,,,,,,,,,,,,,,"Nick Gonzales","27490",693304
"Pedro Ramírez","CHC",20,84,77,19,13,4,1,2,10,8,6,0,18,1,1,0,,3,1,0.250889,0.0656125,0.209858,0.312652,0.304447,0.378345,0.300804,0.682792,0.127456,6.0018,0.302697,0,0.141856,8.92628,-1.05182,89.8843,0.141856,1.04215,-0.8867847770452499,0.4441586136817932,0.233326,999,,,,,,,89.4,4.47,89.4,4.47,,,,,,,,,,,,,,,,,,,"Pedro Ramirez","29218",699393
"Jonny DeLuca","TBR",14,59,54,13,8,3,0,2,7,7,4,0,12,1,0,0,,2,1,0.242821,0.0678057,0.205257,0.330344,0.300425,0.403356,0.307595,0.703781,0.160535,6.60831,0.281539,0.00479381,0.191549,6.61513,-0.415007,95.0078,0.196343,0.635491,-0.1477954238653183,0.3342565596103668,0.233178,999,,,,,,,62.3,4.45,62.3,4.45,,,,,,,,,,,,,,,,,,,"Jonny DeLuca","26365",676356
"Lars Nootbaar","ARI",21,90,78,19,12,4,0,3,12,10,11,0,18,1,1,0,,1,0,0.24453,0.119695,0.204674,0.584808,0.337729,0.406005,0.328701,0.743734,0.161476,4.20577,0.285538,0.0343538,-0.101603,11.5149,0.903225,105.847,-0.0672488,0.202354,0.5650871768593788,-1.1993433237075806,0.231469,745.989990234375,,,,,,,106.1,5.052380952,106.1,5.052380952,,,,,,,,,,,,,,,,,,,"Lars Nootbaar","21454",663457
"Christian Moore","LAA",17,74,64,15,9,3,1,2,9,7,8,0,22,1,0,0,,2,1,0.225911,0.10787,0.302375,0.356741,0.3147,0.374694,0.30692,0.689394,0.148783,5.52075,0.310543,-0.00181383,-0.01936,8.15667,-0.554363,94.237,-0.0211739,0.00564257,-0.5134367272257805,0.1539450348354876,0.228728,748.3499755859375,,,,,,,81.2,4.776470588,81.2,4.776470588,,,,,,,,,,,,,,,,,,,"Christian Moore","34979",695681
"Eduardo Valencia","DET",12,50,45,11,7,2,0,2,5,6,3,0,12,1,0,0,,0,0,0.240985,0.0628732,0.241203,0.260665,0.29568,0.417327,0.310592,0.713007,0.176342,2.07949,0.281613,-0.000454579,-0.0529146,5.63629,-0.226056,97.7379,-0.0533691,0.489593,-0.18340330943465233,0.667370930314064,0.227932,999,,,,,,,53.2,4.433333333,53.2,4.433333333,,,,,,,,,,,,,,,,,,,"Eduardo Valencia","24574",680664
"Nasim Nuñez","WSN",22,96,85,19,15,3,0,1,9,6,10,0,21,0,1,1,,8,2,0.22434,0.0994488,0.215583,0.461302,0.303044,0.29107,0.272202,0.594114,0.0667295,6.22785,0.284835,-0.0119452,0.806763,7.93101,-3.41122,68.9722,0.794818,0.945412,-2.7916765809059143,1.9176338911056519,0.227412,583.0999755859375,,,,,,,79.1,3.595454545,79.1,3.595454545,,,,,,,,,,,,,,,,,,,"Nasim Nunez","25979",683083
"Kyle Teel","CHW",13,53,46,11,8,2,0,1,6,5,6,0,14,0,0,0,,1,0,0.238529,0.106258,0.263497,0.403262,0.324451,0.372461,0.311262,0.696912,0.133932,3.01501,0.308072,-0.0111984,-0.0358721,6.00151,-0.211168,98.1975,-0.0470705,-0.128117,-0.15687654539942741,0.5286727100610733,0.227169,266.8800048828125,,,,,,,50.7,3.9,50.7,3.9,,,,,,,,,,,,,,,,,,,"Kyle Teel","33549",691019
"Cedric Mullins","TBR",23,101,90,20,13,4,0,2,11,10,9,0,22,1,1,1,,5,1,0.225369,0.0867335,0.218,0.39786,0.2994,0.358322,0.292812,0.657722,0.132952,6.06955,0.27113,-0.0407757,0.342812,10.0254,-1.90953,84.7114,0.302036,-0.222996,-1.4871831238269806,0.13749811053276062,0.225994,321.5,,,,,,,89.1,3.873913043,89.1,3.873913043,,,,,,,,,,,,,,,,,,,"Cedric Mullins","17929",656775
"Victor Caratini","MIN",16,63,56,14,10,2,0,2,7,6,5,0,12,1,0,0,,0,0,0.24248,0.0821166,0.194427,0.422353,0.318637,0.369973,0.307274,0.68861,0.127493,2.44403,0.281738,-0.0619119,-0.0693028,6.98821,-0.455766,94.9105,-0.131215,0.0964382,-0.5027109533548355,0.48872215300798416,0.22535,681.02001953125,,,,,,,65,4.0625,65,4.0625,,,,,,,,,,,,,,,,,,,"Victor Caratini","14968",605170
"Spencer Horwitz","PIT",24,102,89,23,15,5,0,2,12,11,11,0,18,1,1,0,,0,0,0.257591,0.111862,0.174133,0.642393,0.347717,0.398236,0.33148,0.745952,0.140645,2.50311,0.295108,-0.0422156,-0.126535,13.369,1.26045,106.824,-0.16875,0.0781968,0.6733685284852982,-1.7782845869660378,0.225262,738.1500244140625,,,,,,,109.1,4.545833333,109.1,4.545833333,,,,,,,,,,,,,,,,,,,"Spencer Horwitz","26477",687462
"Taylor Trammell","HOU",17,74,64,15,9,3,0,3,9,9,8,0,22,1,0,0,,2,1,0.228923,0.107363,0.292463,0.367099,0.31955,0.415764,0.323236,0.735314,0.186841,5.30568,0.295808,-0.0060354,0.0251135,9.12734,0.416299,107.384,0.0190781,-0.331602,0.6498414538800716,-1.0444110035896301,0.225152,999,,,,,,,84.9,4.994117647,84.9,4.994117647,,,,,,,,,,,,,,,,,,,"Taylor Trammell","19960",666211
"Denzer Guzman","LAA",23,99,90,21,14,4,0,3,11,11,7,0,28,1,1,1,,1,1,0.231025,0.0690059,0.281993,0.244708,0.286852,0.379183,0.292731,0.666035,0.148158,4.58275,0.299886,0.000592,-0.0766203,9.83864,-1.88166,84.3541,-0.0760283,0.161302,-1.8741365671157837,0.5344505161046982,0.220476,999,,,,,,,90.5,3.934782608,90.5,3.934782608,,,,,,,,,,,,,,,,,,,"Denzer Guzman","28816",694203
"Abimelec Ortiz","WSN",20,87,78,19,11,4,0,4,10,11,7,0,21,1,1,0,,0,0,0.245467,0.0763982,0.238884,0.319812,0.309755,0.443437,0.32671,0.753192,0.19797,3.07537,0.285981,-0.00149314,-0.101076,11.0038,0.734479,105.502,-0.102569,0.495228,0.4732125326991081,-1.1297720968723297,0.219643,999,,,,,,,101.6,5.08,101.6,5.08,,,,,,,,,,,,,,,,,,,"Abimelec Ortiz","29539",694673
"Angel Genao","CLE",19,80,73,18,12,4,0,1,9,8,6,0,16,0,1,0,,1,0,0.246419,0.0770426,0.202625,0.380222,0.306039,0.36215,0.296365,0.668189,0.11573,3.98717,0.297217,0,-0.058882,8.21315,-1.2898,89.2889,-0.058882,-0.0741578,-1.0569696761667728,0.36596570163965225,0.219056,999,,,,,,,68.7,3.615789473,68.7,3.615789473,,,,,,,,,,,,,,,,,,,"Angel Genao","28811",694197
"Kyle Isbel","KCR",20,88,80,19,13,4,1,1,11,8,6,0,17,1,1,1,,2,1,0.241281,0.0657623,0.196464,0.33473,0.297379,0.36102,0.291402,0.658399,0.11974,5.77341,0.288849,0.060047,0.00890239,8.65467,-1.76792,81.5582,0.0689493,0.518816,-1.8158132955431938,0.8336309194564819,0.217388,999,,,,,,,75.1,3.755,75.1,3.755,,,,,,,,,,,,,,,,,,,"Kyle Isbel","21614",664728
"Moisés Ballesteros","LAA",24,103,93,23,15,4,0,3,11,12,9,0,20,0,1,0,,0,0,0.246001,0.0825868,0.195384,0.42269,0.309972,0.389275,0.308094,0.699248,0.143274,2.45525,0.282328,-0.0139616,-0.11139,11.5213,-0.678638,95.0542,-0.125351,0.490192,-0.7170167565345764,-0.8062587380409241,0.216373,594.3599853515625,,,,,,,102.6,4.275,102.6,4.275,,,,,,,,,,,,,,,,,,,"Moises Ballesteros","28820",694208
"Owen Caissie","MIA",20,87,77,19,11,4,0,3,11,11,8,0,28,1,1,0,,1,0,0.244932,0.0938617,0.317968,0.295193,0.320929,0.427847,0.32736,0.748775,0.182914,4.2037,0.336446,0.00491463,-0.0906229,11.0768,0.781956,104.597,-0.0857082,0.000564438,0.39660120010375977,-1.1236640395363793,0.213168,528.5,,,,,,,98.1,4.905,98.1,4.905,,,,,,,,,,,,,,,,,,,"Owen Caissie","27496",683357
"Willi Castro","COL",25,106,94,24,16,5,1,3,13,11,9,0,25,2,1,0,,3,1,0.254973,0.0813438,0.236705,0.34365,0.329289,0.406448,0.324659,0.735737,0.151475,5.76801,0.317893,0.042696,0.00681099,13.3128,0.723976,90.6689,0.049507,-0.401712,-1.147621512413025,-0.21899597346782684,0.211984,256.3399963378906,,,,,,,124.7,4.988,124.7,4.988,,,,,,,,,,,,,,,,,,,"Willi Castro","17338",650489
"Matt Shaw","CHC",11,47,42,10,7,2,0,1,6,5,4,0,9,1,0,0,,2,0,0.243288,0.0860568,0.2004,0.429425,0.315951,0.402737,0.3159,0.718688,0.159449,5.87618,0.279881,0.00553571,0.0630311,5.5306,-0.0127911,100.001,0.0685668,0.467505,0.06865129973448347,0.4914245754480362,0.211792,336.67999267578125,,,,,,,48,4.363636363,48,4.363636363,,,,,,,,,,,,,,,,,,,"Matt Shaw","33322",807713
"Spencer Jones","NYY",10,44,40,9,5,2,0,2,6,6,4,0,16,0,0,0,,2,0,0.23568,0.0859682,0.353548,0.243158,0.306322,0.440609,0.324138,0.746931,0.204929,6.01803,0.331921,-0.000672701,0.107589,5.51399,0.282257,108.575,0.106917,0.375332,0.5468316823244095,-0.03948262333869934,0.211104,999,,,,,,,50.8,5.08,50.8,5.08,,,,,,,,,,,,,,,,,,,"Spencer Jones","31532",682987
"Nick Loftin","KCR",19,82,72,17,12,4,0,2,9,8,8,0,13,1,1,0,,1,0,0.239782,0.0928071,0.154445,0.600909,0.319264,0.360457,0.304186,0.67972,0.120674,4.41103,0.269242,-0.00399296,-0.014758,8.86137,-0.79485,90.4621,-0.0187509,0.261171,-0.9218543320894241,0.08061560988426208,0.20841,999,,,,,,,82.5,4.342105263,82.5,4.342105263,,,,,,,,,,,,,,,,,,,"Nick Loftin","27630",679845
"Marcelo Mayer","SFG",20,84,76,19,12,4,0,2,10,9,6,0,20,0,1,0,,1,0,0.243479,0.0754455,0.241577,0.312304,0.303234,0.391718,0.305153,0.694951,0.148239,4.23592,0.301607,0.0177752,-0.0239296,9.21791,-0.755076,93.3903,-0.00615438,-0.33174,-0.6779349646531045,-0.010752290487289429,0.208098,589.5399780273438,,,,,,,80.7,4.035,80.7,4.035,,,,,,,,,,,,,,,,,,,"Marcelo Mayer","29668",691785
"Mauricio Dubón","ATL",27,117,107,28,20,6,0,2,12,11,7,0,16,1,1,1,,1,0,0.257707,0.058993,0.135642,0.434917,0.303902,0.363546,0.295095,0.667449,0.105839,3.8842,0.285414,-0.00122591,-0.0789512,11.7895,-1.98981,83.8305,-0.0801771,0.550217,-2.3507874235510826,0.6124087646603584,0.207305,743.3800048828125,,,,,,,111.9,4.144444444,111.9,4.144444444,,,,,,,,,,,,,,,,,,,"Mauricio Dubon","16530",643289
"Blaze Alexander","BAL",18,78,69,16,11,3,0,2,9,8,6,0,22,2,1,0,,2,1,0.232829,0.0789785,0.279449,0.282622,0.308304,0.371718,0.302424,0.680022,0.138889,5.15731,0.307654,0.00789873,-0.0354232,8.31948,-0.866701,93.773,-0.0275245,-0.327016,-0.588430754840374,-0.12608958780765533,0.207009,745.9099731445312,,,,,,,73.1,4.061111111,73.1,4.061111111,,,,,,,,,,,,,,,,,,,"Blaze Alexander","23789",677942
"Jose Siri","LAA",15,63,57,13,8,2,0,3,7,8,4,0,21,1,0,0,,2,0,0.228173,0.0667433,0.32944,0.202596,0.287021,0.420161,0.307387,0.707183,0.191989,5.75479,0.303779,0.00629424,0.120586,6.99398,-0.45,94.5621,0.126881,0.348333,-0.27005183696746826,0.0756477415561676,0.206958,999,,,,,,,68.6,4.573333333,68.6,4.573333333,,,,,,,,,,,,,,,,,,,"Jose Siri","17452",642350
"Cooper Pratt","MIL",24,102,90,20,14,4,0,2,11,9,9,0,21,1,1,1,,4,1,0.222296,0.0879375,0.210878,0.417007,0.298121,0.332956,0.283885,0.631077,0.11066,5.57515,0.269018,0,0.351985,9.37734,-2.65973,77.5247,0.351985,0.00185004,-2.4050706923007965,1.0925908407662064,0.202105,999,,,,,,,87.2,3.633333333,87.2,3.633333333,,,,,,,,,,,,,,,,,,,"Cooper Pratt","33530",806198
"Alan Roden","MIN",15,64,56,14,9,3,0,1,7,6,6,0,12,1,0,0,,1,0,0.24493,0.0961809,0.185639,0.518108,0.331095,0.370803,0.314138,0.701898,0.125873,3.84214,0.286349,-0.00132688,-0.0275443,7.49331,-0.109047,99.6917,-0.0288712,0.449507,-0.05185595341026783,-0.23938214778900146,0.201911,999,,,,,,,63.4,4.226666666,63.4,4.226666666,,,,,,,,,,,,,,,,,,,"Alan Roden","31564",702176
"Kyle Karros","COL",20,87,77,19,13,4,0,2,10,9,8,0,19,1,1,0,,1,0,0.253119,0.093423,0.222739,0.419429,0.330265,0.384638,0.317906,0.714903,0.131519,3.74175,0.313384,-0.00601263,-0.0575233,10.4173,0.117325,86.1435,-0.063536,0.342964,-1.5180236548185349,0.6540749371051788,0.199356,999,,,,,,,88.7,4.435,88.7,4.435,,,,,,,,,,,,,,,,,,,"Kyle Karros","33252",691720
"Zach McKinstry","DET",19,82,73,17,12,3,1,1,11,8,7,0,16,1,1,0,,2,1,0.236929,0.0884343,0.195197,0.453051,0.309793,0.366743,0.30052,0.676536,0.129814,6.52116,0.282221,0.0457375,0.0126355,8.61046,-1.03554,90.7222,0.0583729,0.627349,-0.8191744647920132,-0.10845309495925903,0.199292,510.30999755859375,,,,,,,71,3.736842105,71,3.736842105,,,,,,,,,,,,,,,,,,,"Zach McKinstry","19392",656716
"Heriberto Hernández","MIA",24,102,90,21,12,4,0,4,12,12,10,0,29,1,1,0,,2,1,0.2334,0.0977858,0.283043,0.34548,0.314721,0.417075,0.320748,0.731797,0.183675,4.57248,0.29634,-0.0253526,-0.0659857,12.4078,0.370767,100.166,-0.0913383,0.5285,-0.07092710584402084,-1.270265519618988,0.199178,999,,,,,,,110.8,4.616666666,110.8,4.616666666,,,,,,,,,,,,,,,,,,,"Heriberto Hernandez","24878",681715
"Andrew Vaughn","MIL",21,92,83,21,14,4,0,3,11,12,8,0,17,1,1,0,,0,0,0.257299,0.0819936,0.187601,0.437065,0.325233,0.42996,0.329753,0.755193,0.17266,2.67792,0.287803,-0.080233,-0.107041,11.9371,1.0087,108.264,-0.187274,-0.248212,0.7330675423145294,-1.7742925733327866,0.19882,272.2699890136719,,,,,,,101.4,4.828571428,101.4,4.828571428,,,,,,,,,,,,,,,,,,,"Andrew Vaughn","26197",683734
"Henry Davis","PIT",16,63,55,13,8,3,0,2,7,7,5,0,15,2,0,0,,1,0,0.227565,0.0840516,0.239058,0.351595,0.309833,0.37481,0.304693,0.684643,0.147245,3.94377,0.277323,-0.0160988,-0.0467811,6.84156,-0.585626,88.8729,-0.0628798,-0.415995,-0.9051004201173782,0.8108565211296082,0.197656,999,,,,,,,68.2,4.2625,68.2,4.2625,,,,,,,,,,,,,,,,,,,"Henry Davis","29617",680779
"Sal Frelick","MIL",20,84,76,19,14,4,0,1,10,8,7,0,12,1,1,0,,2,1,0.25743,0.0821587,0.136693,0.601043,0.324079,0.362587,0.306019,0.686666,0.105156,4.99093,0.287109,0.0431883,0.0559304,9.28169,-0.696411,92.3581,0.0991187,0.762217,-0.6779722273349762,-0.1228134036064148,0.196813,216.39999389648438,,,,,,,76.4,3.82,76.4,3.82,,,,,,,,,,,,,,,,,,,"Sal Frelick","29622",686217
"Josh Bell","MIN",25,107,95,24,15,4,0,4,12,13,10,0,22,1,1,0,,0,0,0.248327,0.0937526,0.200656,0.46723,0.322544,0.418372,0.324868,0.740916,0.170045,2.45519,0.280575,-0.11282,-0.157726,13.4174,0.746786,107.165,-0.270545,-0.10788,0.6196779012680054,-2.5094231367111206,0.193349,636.3300170898438,,,,,,,121.6,4.864,121.6,4.864,,,,,,,,,,,,,,,,,,,"Josh Bell","13145",605137
"Tristan Peters","CHW",19,80,72,17,11,4,0,1,9,7,7,0,16,1,1,0,,1,1,0.232042,0.0836463,0.203074,0.411901,0.301142,0.352515,0.291361,0.653657,0.120473,4.67114,0.278511,-0.00155748,-0.0786136,7.8714,-1.61112,84.3367,-0.0801711,0.464046,-1.5365769490599632,0.5924408882856369,0.192628,999,,,,,,,67.3,3.542105263,67.3,3.542105263,,,,,,,,,,,,,,,,,,,"Tristan Peters","30063",671976
"Richie Palacios","TBR",19,82,71,16,11,3,0,1,9,7,9,0,16,1,1,0,,3,1,0.228078,0.10436,0.200013,0.521764,0.315459,0.337591,0.294937,0.65305,0.109512,5.33414,0.275401,-0.00320837,0.198184,8.2427,-1.4033,86.1917,0.194976,-0.126899,-1.1110889464616776,0.1051996648311615,0.191313,999,,,,,,,69.6,3.663157894,69.6,3.663157894,,,,,,,,,,,,,,,,,,,"Richie Palacios","24589",680700
"Dylan Crews","WSN",25,106,96,22,15,4,0,3,12,11,7,0,25,2,1,1,,3,1,0.234151,0.0674127,0.237708,0.283594,0.297805,0.388541,0.302098,0.686345,0.154389,5.55172,0.28232,0.024846,0.171576,11.3546,-1.21378,89.0073,0.196422,0.551984,-1.2115870267152786,-0.36468303203582764,0.190041,282.2200012207031,,,,,,,96.9,3.876,96.9,3.876,,,,,,,,,,,,,,,,,,,"Dylan Crews","33541",686611
"Chandler Simpson","TBR",24,105,98,27,22,4,1,0,12,7,6,0,12,0,1,1,,9,2,0.277417,0.0536714,0.115457,0.464861,0.314516,0.341559,0.291483,0.656075,0.0641427,7.04234,0.31071,0.0601367,0.888502,10.3246,-2.10078,83.7857,0.948638,0.258298,-1.0268895030021667,-0.8478750288486481,0.187406,180.19000244140625,,,,,,,100,4.166666666,100,4.166666666,,,,,,,,,,,,,,,,,,,"Chandler Simpson","31912",802415
"Darell Hernaiz","ATH",22,94,85,21,15,4,0,1,10,8,7,0,16,1,1,1,,2,0,0.245838,0.0755459,0.167351,0.451422,0.306489,0.338729,0.288828,0.645218,0.0928909,4.21725,0.287224,-0.0071927,0.0129687,9.01132,-2.07546,79.9663,0.00577598,-0.0979045,-2.1721541401930153,0.696231298148632,0.187287,999,,,,,,,81.4,3.7,81.4,3.7,,,,,,,,,,,,,,,,,,,"Darell Hernaiz","26224",687231
"Denzel Clarke","ATH",9,38,34,8,5,2,0,1,5,4,3,0,12,1,0,0,,1,0,0.236695,0.0789306,0.312432,0.252633,0.307493,0.395021,0.309346,0.702514,0.158326,7.1584,0.33047,0.00371337,0.104852,4.22595,-0.208756,94.2568,0.108566,0.493904,-0.14117903262376785,0.6278545558452606,0.184716,728.3300170898438,,,,,,,39.9,4.433333333,39.9,4.433333333,,,,,,,,,,,,,,,,,,,"Denzel Clarke","29858",672016
"Freddy Fermin","SDP",16,64,58,13,10,2,0,1,6,6,5,0,13,0,0,0,,0,0,0.231557,0.0725917,0.205024,0.354065,0.291735,0.343247,0.283091,0.634982,0.11169,2.5259,0.274976,0.0085436,-0.0736002,5.8253,-1.70466,79.9298,-0.0650566,0.0794776,-1.6052144318819046,1.3233047351241112,0.181392,735.3099975585938,,,,,,,45,2.8125,45,2.8125,,,,,,,,,,,,,,,,,,,"Freddy Fermin","21840",666023
"Nolan Schanuel","LAA",17,74,64,17,12,3,0,1,9,7,8,0,10,1,1,0,,1,0,0.25986,0.102396,0.140055,0.73111,0.344276,0.370306,0.320138,0.714582,0.110446,3.30973,0.289823,-0.0665272,-0.0568517,8.94305,0.232013,103.443,-0.123379,0.343199,0.1707342267036438,-1.001090556383133,0.180725,594.6599731445312,,,,,,,78.2,4.6,78.2,4.6,,,,,,,,,,,,,,,,,,,"Nolan Schanuel","33189",694384
"Alec Bohm","PHI",26,114,104,28,19,5,0,3,13,13,7,0,18,1,1,0,,1,0,0.265786,0.0642239,0.155227,0.413741,0.318414,0.406889,0.317779,0.725303,0.141103,3.27467,0.29322,-0.0276726,-0.104789,13.6042,0.141673,97.9113,-0.132462,-0.178343,-0.41902314126491547,-1.49392931163311,0.180668,239.8699951171875,,,,,,,121.4,4.669230769,121.4,4.669230769,,,,,,,,,,,,,,,,,,,"Alec Bohm","21618",664761
"Esteury Ruiz","MIA",17,72,64,15,10,3,0,2,8,7,6,0,18,2,0,0,,8,2,0.239186,0.0821441,0.244994,0.33529,0.320929,0.378462,0.311396,0.69939,0.139276,7.00532,0.302693,-0.00251647,0.760495,8.26982,-0.282833,93.899,0.757979,-0.454603,0.22620898485183716,-0.8086153566837311,0.179297,748.530029296875,,,,,,,81.1,4.770588235,81.1,4.770588235,,,,,,,,,,,,,,,,,,,"Esteury Ruiz","21780",665923
"Brandon Valenzuela","TOR",14,58,52,11,7,2,0,2,6,6,5,0,16,0,0,0,,0,0,0.219043,0.0864838,0.267893,0.322829,0.288869,0.359224,0.287827,0.648093,0.14018,2.7097,0.277623,-0.000615385,-0.0497625,5.51659,-1.32816,82.751,-0.0503779,0.308418,-1.2080871537327766,0.9195295572280884,0.179104,999,,,,,,,49.2,3.514285714,49.2,3.514285714,,,,,,,,,,,,,,,,,,,"Brandon Valenzuela","23813",678218
"Vaughn Grissom","LAA",24,102,92,23,16,5,0,2,11,10,7,0,20,2,1,0,,1,0,0.250569,0.0723805,0.1968,0.367786,0.315289,0.377441,0.307126,0.69273,0.126872,3.7238,0.295135,0.0126862,-0.00989737,11.288,-0.749087,94.3805,0.00278878,0.15972,-0.6604868764989078,-1.1797863394021988,0.179093,999,,,,,,,99,4.125,99,4.125,,,,,,,,,,,,,,,,,,,"Vaughn Grissom","26031",687093
"Miguel Amaya","CHC",16,64,57,13,9,3,0,2,7,6,5,0,15,1,0,0,,0,0,0.227808,0.0825699,0.227754,0.36254,0.307244,0.361259,0.29866,0.668502,0.133451,2.88775,0.276351,-0.0340916,-0.0685035,6.66178,-0.908902,88.4475,-0.102595,-0.404551,-0.9939126893877983,0.667054295539856,0.177946,745.969970703125,,,,,,,61.3,3.83125,61.3,3.83125,,,,,,,,,,,,,,,,,,,"Miguel Amaya","21693",665804
"Brett Bateman","TOR",15,64,55,13,10,2,0,1,7,5,7,0,14,0,0,0,,2,0,0.231667,0.113614,0.217553,0.522235,0.320398,0.303762,0.286368,0.62416,0.0720951,4.61183,0.296842,0,0.074902,5.97823,-1.53217,81.7346,0.074902,0.545068,-1.270240157842636,0.7534013539552689,0.17611,999,,,,,,,57.8,3.853333333,57.8,3.853333333,,,,,,,,,,,,,,,,,,,"Brett Bateman","33312",703520
"Daylen Lile","WSN",27,115,106,27,18,5,1,3,15,12,7,0,22,1,1,0,,3,1,0.254574,0.0610056,0.192195,0.317416,0.306584,0.405054,0.31084,0.711638,0.150479,6.62223,0.296407,0.0811512,0.0204645,13.1383,-0.502982,94.8656,0.101616,0.198242,-0.612172082066536,-1.4082389771938324,0.174703,206.50999450683594,,,,,,,120.5,4.462962962,120.5,4.462962962,,,,,,,,,,,,,,,,,,,"Daylen Lile","29995",695734
"Dansby Swanson","CHC",8,33,30,7,5,1,0,1,4,4,3,0,8,0,0,0,,1,0,0.236082,0.0864645,0.244726,0.353312,0.304861,0.400125,0.309436,0.704986,0.164043,5.11324,0.28406,0.0237256,0.0731856,3.7756,-0.183966,95.6689,0.0969112,0.342785,-0.0778576210141182,0.7015814483165741,0.174083,152.30999755859375,,,,,,,32.4,4.05,32.4,4.05,,,,,,,,,,,,,,,,,,,"Dansby Swanson","18314",621020
"Nathaniel Lowe","CLE",17,75,66,16,11,3,0,2,9,8,8,0,18,0,1,0,,0,0,0.246969,0.103161,0.234625,0.439682,0.327495,0.392986,0.318941,0.720481,0.146017,2.91553,0.303924,-0.0362296,-0.0759302,9.03314,0.163724,105.013,-0.11216,0.112841,0.32382672280073166,-1.2840721681714058,0.172308,999,,,,,,,75.1,4.417647058,75.1,4.417647058,,,,,,,,,,,,,,,,,,,"Nathaniel Lowe","19566",663993
"John Rave","KCR",12,53,47,11,7,2,0,1,7,5,5,0,12,0,0,0,,2,0,0.239559,0.093496,0.228085,0.409918,0.31223,0.391432,0.310248,0.703662,0.151872,6.37913,0.291566,-0.00283224,0.0802566,6.02713,-0.257082,94.6847,0.0774244,0.591026,-0.25010767579078674,0.05861854553222656,0.171923,999,,,,,,,48.6,4.05,48.6,4.05,,,,,,,,,,,,,,,,,,,"John Rave","26284",670231
"Carlos Narváez","BAL",13,50,44,9,6,2,0,1,5,5,4,0,14,1,0,0,,0,0,0.212507,0.0888577,0.283585,0.313338,0.291584,0.34472,0.285156,0.636304,0.132213,2.90932,0.279002,-0.0202205,-0.0389885,4.67674,-1.26034,81.7458,-0.0592089,0.043428,-1.121911570429802,1.0241378284990788,0.170902,443.010009765625,,,,,,,36.6,2.815384615,36.6,2.815384615,,,,,,,,,,,,,,,,,,,"Carlos Narvaez","19722",665966
"Danny Jansen","TEX",15,58,50,11,7,2,0,2,6,6,6,0,14,1,0,0,,0,0,0.216835,0.0996318,0.239263,0.416412,0.306019,0.370743,0.301782,0.676762,0.153908,2.9806,0.259535,-0.0403606,-0.0479814,6.13394,-0.67198,93.286,-0.088342,-0.954256,-0.5364081934094429,0.16997230052947998,0.169982,999,,,,,,,57.2,3.813333333,57.2,3.813333333,,,,,,,,,,,,,,,,,,,"Danny Jansen","16535",643376
"Christian Yelich","MIL",23,99,87,21,14,4,0,3,12,11,10,0,25,1,1,0,,3,1,0.24632,0.103479,0.251746,0.411044,0.328859,0.405823,0.324035,0.734681,0.159502,5.06443,0.306271,0.0795253,0.204702,12.3444,0.624089,104.432,0.284227,0.0465642,0.8135499954223633,-2.3549789115786552,0.169925,127.22000122070312,,,,,,,106.3,4.62173913,106.3,4.62173913,,,,,,,,,,,,,,,,,,,"Christian Yelich","11477",592885
"Mickey Moniak","COL",23,98,91,24,14,5,1,4,14,13,5,0,25,1,1,0,,1,0,0.264909,0.0550215,0.250281,0.219839,0.310035,0.480641,0.339159,0.790676,0.215732,5.80736,0.315651,-0.0186924,-0.0559812,13.425,1.81711,100.386,-0.0746736,0.220319,-0.028969019651412964,-1.5031375288963318,0.167739,245.8300018310547,,,,,,,121.1,5.265217391,121.1,5.265217391,,,,,,,,,,,,,,,,,,,"Mickey Moniak","19956",666160
"Andruw Monasterio","BOS",16,71,63,15,11,3,0,1,7,7,6,0,16,1,1,0,,2,1,0.244018,0.0850653,0.221583,0.383899,0.313819,0.366814,0.302951,0.680633,0.122796,4.25706,0.30014,-0.0011741,0.00732087,7.5814,-0.756677,88.4022,0.00614676,-0.261159,-0.9420962571166456,0.08945804834365845,0.167091,999,,,,,,,61.1,3.81875,61.1,3.81875,,,,,,,,,,,,,,,,,,,"Andruw Monasterio","19455",655316
"Brenton Doyle","CHW",15,64,58,13,9,2,0,2,6,7,4,0,18,0,0,0,,2,1,0.223861,0.0650961,0.283799,0.229374,0.27706,0.366385,0.283281,0.643445,0.142525,5.16732,0.287499,0.0184144,0.203814,5.82783,-1.69278,78.7092,0.222228,0.494184,-1.347852811217308,0.7213442474603653,0.165241,166.25,,,,,,,52.4,3.493333333,52.4,3.493333333,,,,,,,,,,,,,,,,,,,"Brenton Doyle","25479",686668
"Jordan Lawlar","ARI",17,72,65,15,9,3,0,2,9,8,6,0,19,1,0,0,,3,1,0.23334,0.0785661,0.267023,0.29423,0.304234,0.38434,0.304203,0.688574,0.151,6.69447,0.301224,0.0165709,0.269809,7.84966,-0.702994,89.4296,0.28638,-0.350993,-0.6349423825740814,-0.09265950322151184,0.164495,261.6499938964844,,,,,,,70.4,4.14117647,70.4,4.14117647,,,,,,,,,,,,,,,,,,,"Jordan Lawlar","29976",691783
"Esmerlyn Valdez","PIT",25,106,94,22,13,5,0,4,12,13,10,0,32,1,1,0,,0,0,0.229931,0.0977963,0.299998,0.32599,0.313611,0.408794,0.317595,0.722405,0.178863,2.6781,0.30145,0,-0.123421,12.6849,0.116434,97.519,-0.123421,0.0219965,-0.44120071828365326,-1.413188735023141,0.161687,999,,,,,,,114.3,4.572,114.3,4.572,,,,,,,,,,,,,,,,,,,"Esmerlyn Valdez","29005",699013
"Kerry Carpenter","DET",15,65,59,15,9,3,0,3,8,9,4,0,16,1,0,0,,0,0,0.247579,0.0665405,0.246593,0.269839,0.306974,0.450665,0.327653,0.757639,0.203086,3.98579,0.288752,-0.0123738,-0.0927901,8.28316,0.599055,109.621,-0.105164,-0.00446473,0.6197526305913925,-1.332859736867249,0.161393,236.22000122070312,,,,,,,76.9,5.126666666,76.9,5.126666666,,,,,,,,,,,,,,,,,,,"Kerry Carpenter","25961",681481
"Javier Sanoja","MIA",21,92,86,22,15,5,1,1,11,9,5,0,10,0,1,1,,2,1,0.258998,0.0540018,0.113056,0.477653,0.298345,0.376998,0.296015,0.675344,0.118,5.24208,0.279132,0.0156566,-0.154432,9.41899,-1.5094,83.5911,-0.138776,0.350174,-1.9662634879350662,0.5367478430271149,0.159235,999,,,,,,,82.8,3.942857142,82.8,3.942857142,,,,,,,,,,,,,,,,,,,"Javier Sanoja","28253",691594
"Connor Norby","COL",19,80,72,18,12,4,0,3,9,9,6,0,20,1,1,0,,2,1,0.253092,0.0792619,0.254643,0.311267,0.319645,0.41834,0.323634,0.737985,0.165248,4.20571,0.315971,-0.0270177,-0.0105122,9.96149,0.478979,89.9822,-0.0375299,-0.177463,-1.0056165121495724,-0.0786973387002945,0.154078,728.1400146484375,,,,,,,90.6,4.768421052,90.6,4.768421052,,,,,,,,,,,,,,,,,,,"Connor Norby","29592",681393
"Justin Crawford","PHI",24,102,94,24,18,4,1,1,12,9,6,0,21,0,1,1,,5,1,0.259043,0.0623467,0.204607,0.304714,0.307041,0.363372,0.296411,0.670414,0.104329,6.41552,0.317213,-0.00311982,0.356878,10.407,-1.63003,83.5909,0.353758,-0.498862,-1.6591612696647644,-0.13528206944465637,0.152971,999,,,,,,,91.8,3.825,91.8,3.825,,,,,,,,,,,,,,,,,,,"Justin Crawford","31791",702222
"Drew Gilbert","SFG",20,87,77,18,12,4,0,2,10,8,7,0,17,1,1,0,,1,0,0.230488,0.0824652,0.197667,0.417194,0.305808,0.362171,0.29769,0.667979,0.131684,4.16972,0.269726,0.00116029,-0.116582,8.99518,-1.30479,88.3892,-0.115422,-0.0991942,-1.334181621670723,0.014386095106601715,0.152884,999,,,,,,,80.1,4.005,80.1,4.005,,,,,,,,,,,,,,,,,,,"Drew Gilbert","31545",687551
"Oswald Peraza","LAA",15,63,57,13,9,2,0,2,7,6,4,0,17,1,0,0,,2,1,0.228933,0.0667681,0.264395,0.252531,0.291889,0.367451,0.292116,0.659341,0.138518,5.51829,0.28967,0.00407613,0.187765,6.21759,-1.22638,83.9257,0.191842,0.0501385,-0.9814742356538773,0.25584837421774864,0.152801,999,,,,,,,56.4,3.76,56.4,3.76,,,,,,,,,,,,,,,,,,,"Oswald Peraza","22823",672724
"Ryan Waldschmidt","ARI",13,58,50,12,8,3,0,1,7,5,6,0,15,1,0,0,,1,1,0.233321,0.0977306,0.252427,0.387163,0.323103,0.362648,0.307708,0.685751,0.129328,5.50317,0.303595,0,-0.00131475,6.41368,-0.39677,91.7784,-0.00131475,0.229117,-0.5719385673291981,0.20519718527793884,0.152665,999,,,,,,,55.4,4.261538461,55.4,4.261538461,,,,,,,,,,,,,,,,,,,"Ryan Waldschmidt","35061",814439
"Taylor Walls","TBR",27,118,103,22,15,5,1,1,12,9,12,0,28,1,1,1,,5,1,0.211748,0.10167,0.24037,0.422973,0.294689,0.310767,0.274773,0.605456,0.0990188,5.98581,0.274197,0.0206582,0.403924,9.9613,-3.93549,72.1474,0.424582,-0.568626,-3.3708152770996094,0.6906333565711975,0.150122,999,,,,,,,95.5,3.537037037,95.5,3.537037037,,,,,,,,,,,,,,,,,,,"Taylor Walls","22458",670764
"Carlos Cortes","ATH",21,91,82,20,12,4,0,3,10,11,8,0,18,1,1,0,,0,0,0.239512,0.0860263,0.199381,0.431468,0.308329,0.395363,0.30978,0.703692,0.155851,2.89753,0.274377,-0.00961,-0.0832283,10.295,-0.475057,94.5591,-0.0928383,0.304452,-0.6674400120973587,-1.092461884021759,0.148686,999,,,,,,,96.8,4.609523809,96.8,4.609523809,,,,,,,,,,,,,,,,,,,"Carlos Cortes","21842",666126
"Keibert Ruiz","WSN",17,69,63,16,11,3,0,2,7,7,4,0,8,1,1,0,,1,0,0.255161,0.0560975,0.11928,0.470301,0.30247,0.383225,0.30148,0.685695,0.128064,2.86274,0.269815,-0.0514435,-0.0588885,7.30859,-0.819275,88.5928,-0.110332,-1.06291,-1.0552108883857727,0.2796797752380371,0.147755,720.3499755859375,,,,,,,71,4.176470588,71,4.176470588,,,,,,,,,,,,,,,,,,,"Keibert Ruiz","19610",660688
"Jared Young","NYM",20,84,75,18,12,3,0,3,10,10,7,0,19,1,1,0,,1,0,0.241113,0.083104,0.222396,0.373677,0.314842,0.406367,0.316898,0.721209,0.165254,4.47676,0.283473,-0.00337336,-0.0519606,10.0231,0.0449658,102.155,-0.055334,0.102638,0.16381967067718506,-1.4521455466747284,0.14711,999,,,,,,,88.6,4.43,88.6,4.43,,,,,,,,,,,,,,,,,,,"Jared Young","20404",676724
"Victor Mesa Jr.","TBR",15,64,58,14,9,3,0,2,7,7,4,0,15,0,0,0,,1,1,0.236999,0.0676336,0.23534,0.287387,0.290297,0.386279,0.296355,0.676576,0.14928,5.15349,0.286785,0.000428738,-0.0659588,6.49934,-1.02127,87.1793,-0.0655301,0.78796,-1.0109880790114403,0.20524412393569946,0.146968,999,,,,,,,59,3.933333333,59,3.933333333,,,,,,,,,,,,,,,,,,,"Victor Mesa Jr.","25999",683748
"Leody Taveras","BAL",16,67,61,15,10,3,0,2,8,7,5,0,15,0,0,0,,2,1,0.241929,0.0771376,0.225045,0.342766,0.301188,0.382679,0.300997,0.683867,0.140749,6.36464,0.29381,0.00232948,0.145812,7.09479,-0.824337,92.7791,0.148141,-0.256724,-0.41257961094379425,-0.5150572657585144,0.146682,999,,,,,,,66.5,4.15625,66.5,4.15625,,,,,,,,,,,,,,,,,,,"Leody Taveras","18900",665750
"Jimmy Crooks","STL",11,44,39,9,6,2,0,1,5,5,3,0,12,1,0,0,,0,0,0.227791,0.0780718,0.27785,0.280985,0.29801,0.368885,0.296016,0.666895,0.141094,2.50588,0.295307,-0.000951429,-0.0501544,4.46892,-0.716101,87.026,-0.0511058,-0.110562,-0.7366619035601616,0.7459195852279663,0.145638,999,,,,,,,38.6,3.509090909,38.6,3.509090909,,,,,,,,,,,,,,,,,,,"Jimmy Crooks","31354",699625
"Javier Báez","DET",19,80,74,17,12,3,0,2,8,8,4,0,19,1,1,1,,1,0,0.235401,0.0455027,0.231572,0.196495,0.279266,0.36035,0.281638,0.639616,0.124949,4.76466,0.287943,0.0260817,0.0523374,7.24171,-2.2408,77.5712,0.0784191,0.00948888,-2.0070673152804375,0.5823283744975924,0.143632,740.6500244140625,,,,,,,65.6,3.452631578,65.6,3.452631578,,,,,,,,,,,,,,,,,,,"Javier Baez","12979",595879
"Agustín Ramírez","MIA",11,46,42,10,6,2,0,1,5,6,3,0,10,0,0,0,,2,0,0.244544,0.0754645,0.219518,0.343773,0.306824,0.410445,0.31359,0.717269,0.165901,5.36218,0.287963,-0.0197341,0.112752,5.37204,-0.09894,95.3694,0.0930177,0.238339,-0.1651630625128746,0.07568493485450745,0.143552,86.8499984741211,,,,,,,42,3.818181818,42,3.818181818,,,,,,,,,,,,,,,,,,,"Agustin Ramirez","26546",682663
"Drew Cavanaugh","SFG",19,73,63,13,9,3,0,1,7,6,7,0,22,2,0,0,,1,0,0.212159,0.101425,0.295512,0.343217,0.308633,0.322729,0.288108,0.631362,0.11057,2.96283,0.294371,0,-0.0692883,7.00409,-1.66564,81.9677,-0.0692883,-0.763542,-1.6625133752822876,0.668556272983551,0.140608,999,,,,,,,56.8,2.989473684,56.8,2.989473684,,,,,,,,,,,,,,,,,,,"Drew Cavanaugh","33380",701852
"Paul Goldschmidt","NYY",11,47,42,10,7,2,0,2,6,6,4,0,11,0,0,0,,0,0,0.247197,0.0850932,0.238259,0.357146,0.314244,0.419319,0.320762,0.733562,0.172122,3.5822,0.293918,-0.0350804,0.0114371,5.73044,0.171726,106.224,-0.0236432,0.278945,0.3155942540615797,-0.6198202669620514,0.138328,748.3599853515625,,,,,,,50.6,4.6,50.6,4.6,,,,,,,,,,,,,,,,,,,"Paul Goldschmidt","9218",502671
"Alika Williams","ATH",19,83,76,18,13,4,0,1,9,8,5,0,17,1,1,1,,0,0,0.238302,0.0590949,0.209419,0.282185,0.290144,0.347318,0.282925,0.637462,0.109016,3.56484,0.289959,-0.00540066,-0.105562,7.58552,-2.2342,75.8543,-0.110963,0.137762,-2.435922920703888,0.8170826435089111,0.134117,999,,,,,,,63.8,3.357894736,63.8,3.357894736,,,,,,,,,,,,,,,,,,,"Alika Williams","27604",675961
"Jared Triolo","PIT",13,54,48,11,8,2,0,1,6,5,5,0,12,0,0,0,,1,0,0.238035,0.0950288,0.218628,0.43466,0.315689,0.342011,0.295943,0.6577,0.103976,4.76516,0.297265,-0.00886027,0.0947748,5.54519,-0.892292,83.009,0.0859145,0.225871,-1.028779223561287,0.5684640854597092,0.132718,735.5399780273438,,,,,,,45.7,3.515384615,45.7,3.515384615,,,,,,,,,,,,,,,,,,,"Jared Triolo","25807",669707
"Tyler Heineman","LAA",11,45,40,9,7,2,0,1,5,4,3,0,9,1,0,0,,1,0,0.223188,0.0750637,0.193282,0.388363,0.295387,0.313892,0.275856,0.609279,0.090704,4.45256,0.268455,-0.0180052,-0.00756188,3.88016,-1.4777,72.6004,-0.0255671,0.2627,-1.4650697149336338,1.1477304100990295,0.130872,999,,,,,,,39.5,3.59090909,39.5,3.59090909,,,,,,,,,,,,,,,,,,,"Tyler Heineman","13897",623168
"Eugenio Suárez","CIN",25,110,97,22,12,4,0,5,12,15,10,0,34,2,1,0,,0,0,0.222899,0.0877221,0.306317,0.286377,0.302284,0.424461,0.317754,0.726745,0.201562,2.26493,0.280004,-0.136082,-0.128415,13.1218,0.134442,94.6763,-0.264497,0.56549,-0.969115287065506,-1.3193870186805725,0.129122,97.91999816894531,,,,,,,120.8,4.832,120.8,4.832,,,,,,,,,,,,,,,,,,,"Eugenio Suarez","12552",553993
"Jeff McNeil","ATH",23,99,89,23,16,5,0,1,11,10,7,0,13,2,1,0,,1,0,0.254762,0.0744073,0.129521,0.57448,0.320796,0.365003,0.305594,0.685799,0.110241,4.27688,0.280829,-0.103547,0.0397407,10.8683,-0.852025,91.6437,-0.0638067,-0.0381921,-1.0241593569517136,-1.2628835067152977,0.123896,440.5199890136719,,,,,,,92.6,4.026086956,92.6,4.026086956,,,,,,,,,,,,,,,,,,,"Jeff McNeil","15362",643446
"Brady House","WSN",21,92,86,21,14,4,0,3,10,10,4,0,25,1,1,1,,1,0,0.242856,0.045375,0.273917,0.165652,0.283353,0.390106,0.294158,0.673459,0.14725,3.62226,0.309497,0.00517409,-0.0551912,9.24132,-1.64109,83.6862,-0.0500171,-0.0474867,-1.8592775985598564,0.08677254617214203,0.122985,710.1199951171875,,,,,,,88.3,4.204761904,88.3,4.204761904,,,,,,,,,,,,,,,,,,,"Brady House","29993",691781
"Ramón Urías","STL",13,56,50,12,8,2,0,2,6,6,4,0,12,1,0,0,,0,0,0.241949,0.0742328,0.217659,0.34105,0.307719,0.383892,0.305639,0.691612,0.141943,3.49266,0.287567,-0.0172977,-0.0523247,6.11366,-0.477094,93.4749,-0.0696224,-0.178639,-0.5078907161951065,-0.09067589044570923,0.122901,999,,,,,,,56.8,4.369230769,56.8,4.369230769,,,,,,,,,,,,,,,,,,,"Ramon Urias","18795",602104
"Gary Sánchez","MIL",9,35,31,7,4,1,0,1,4,4,4,0,9,1,0,0,,0,0,0.22446,0.104877,0.245333,0.427487,0.31824,0.406956,0.320114,0.725196,0.182496,2.56475,0.262603,-0.0158634,-0.0349451,4.30127,0.110925,101.804,-0.0508086,-0.0806393,0.026234496384859085,0.024607636034488678,0.12212,999,,,,,,,35.5,3.944444444,35.5,3.944444444,,,,,,,,,,,,,,,,,,,"Gary Sanchez","11442",596142
"Alek Thomas","LAD",14,60,56,13,8,3,0,2,7,7,3,0,14,0,0,0,,1,0,0.235627,0.0576941,0.22422,0.257311,0.284345,0.385697,0.293198,0.670042,0.150071,4.90888,0.279881,0.0704412,-0.0178898,6.00569,-1.12153,83.5242,0.0525514,0.136513,-1.1441507004201412,0.3517906963825226,0.118115,746.030029296875,,,,,,,55.2,3.942857142,55.2,3.942857142,,,,,,,,,,,,,,,,,,,"Alek Thomas","23792",677950
"Mike Yastrzemski","ATL",19,82,72,16,10,3,0,3,10,10,8,0,20,1,1,0,,1,0,0.226249,0.100784,0.240278,0.419448,0.310478,0.389422,0.309536,0.6999,0.163173,3.99243,0.272545,-0.00259041,-0.0472836,9.21909,-0.442246,93.5087,-0.049874,0.323972,-0.6890046335756779,-0.8193920850753784,0.115835,656.0999755859375,,,,,,,83.4,4.389473684,83.4,4.389473684,,,,,,,,,,,,,,,,,,,"Mike Yastrzemski","14854",573262
"David Hamilton","MIL",19,80,72,16,11,3,1,2,9,7,7,0,20,0,1,1,,7,1,0.219662,0.0880748,0.245451,0.358829,0.290766,0.344067,0.28329,0.634833,0.124405,7.39511,0.275701,0.018,0.680516,7.3645,-2.13845,77.1255,0.698516,-0.30887,-1.5167683959007263,0.03557434678077698,0.114188,743.3300170898438,,,,,,,82.3,4.331578947,82.3,4.331578947,,,,,,,,,,,,,,,,,,,"David Hamilton","27531",666152
"Nick Fortes","TBR",13,51,46,11,8,2,0,1,5,5,3,0,8,1,0,0,,0,0,0.236315,0.0556594,0.159088,0.349867,0.292426,0.347635,0.284869,0.640061,0.11132,3.28707,0.265624,0.00818605,-0.0486662,4.69816,-1.28097,79.1795,-0.0404802,-0.394914,-1.2611717209219933,0.5927404761314392,0.114006,999,,,,,,,42.8,3.292307692,42.8,3.292307692,,,,,,,,,,,,,,,,,,,"Nick Fortes","21538",663743
"Dane Myers","CIN",22,94,84,20,14,3,0,3,10,9,8,0,24,1,1,1,,3,1,0.237236,0.0806149,0.25243,0.319356,0.307131,0.370213,0.301113,0.677343,0.132976,4.50175,0.298129,-0.0109873,0.178413,9.94148,-1.1453,83.5239,0.167426,-0.567967,-1.69414521753788,-0.23309004306793213,0.112914,999,,,,,,,94.8,4.309090909,94.8,4.309090909,,,,,,,,,,,,,,,,,,,"Dane Myers","22054",667472
"Josh Smith","TOR",10,45,40,9,6,2,0,1,5,4,4,0,9,1,0,0,,1,0,0.23483,0.0925214,0.205485,0.450259,0.321011,0.357218,0.304564,0.678229,0.122388,5.00811,0.282847,-0.000980545,0.0388206,4.93684,-0.427728,94.4084,0.0378401,-0.177157,-0.25629735738039017,-0.2466011941432953,0.11216,428.9100036621094,,,,,,,42.5,4.25,42.5,4.25,,,,,,,,,,,,,,,,,,,"Josh Smith","26396",669701
"Andy Pages","LAD",5,20,18,5,3,1,0,1,3,3,1,0,4,0,0,0,,0,0,0.25676,0.074463,0.214234,0.347577,0.322244,0.446978,0.334327,0.769223,0.190219,4.18387,0.292873,0.00645549,-0.0252104,2.66924,0.293507,111.088,-0.0187549,0.11617,0.24969324842095375,0.18792904913425446,0.110912,133.4199981689453,,,,,,,25.3,5.06,25.3,5.06,,,,,,,,,,,,,,,,,,,"Andy Pages","24816",681624
"Luis Rengifo","SDP",15,66,59,15,11,3,0,1,7,6,5,0,11,1,1,0,,2,1,0.248417,0.0749772,0.165427,0.453233,0.309905,0.364424,0.299332,0.674329,0.116007,4.71665,0.281667,0.03353,-0.0277351,6.86462,-0.89612,90.8133,0.00579492,0.122764,-0.7207804592326283,-0.33171141147613525,0.109274,644.9299926757812,,,,,,,62.1,4.14,62.1,4.14,,,,,,,,,,,,,,,,,,,"Luis Rengifo","19858",650859
"Cody Freeman","TEX",14,60,56,13,9,2,0,1,6,6,3,0,11,0,0,0,,1,0,0.230727,0.0564071,0.186249,0.302858,0.277533,0.356034,0.27937,0.633568,0.125307,2.94656,0.261414,-0.00277319,-0.0513433,5.3326,-1.79461,77.6765,-0.0541165,0.45296,-1.614240624010563,0.5151513144373894,0.105078,999,,,,,,,42.9,3.064285714,42.9,3.064285714,,,,,,,,,,,,,,,,,,,"Cody Freeman","25629",683227
"Ha-Seong Kim","ATL",9,40,35,8,6,2,0,1,4,4,4,0,8,0,0,0,,1,0,0.231145,0.106022,0.199551,0.531305,0.317336,0.343887,0.298087,0.661223,0.112742,4.87039,0.276768,0.001674,0.0680051,4.16243,-0.589046,85.8357,0.0696791,-0.110685,-0.6161959767341614,0.3198702335357666,0.102386,748.3800048828125,,,,,,,38.9,4.322222222,38.9,4.322222222,,,,,,,,,,,,,,,,,,,"Ha-Seong Kim","27506",673490
"Jake Rogers","CHW",8,32,28,6,4,1,0,1,3,3,3,0,9,0,0,0,,0,0,0.219401,0.0900464,0.275266,0.327125,0.295033,0.379913,0.298283,0.674946,0.160512,3.68718,0.275929,-0.00294118,-0.0182272,3.27868,-0.458271,89.1576,-0.0211683,-0.321263,-0.41846977174282074,0.2960212826728821,0.101361,999,,,,,,,26.9,3.3625,26.9,3.3625,,,,,,,,,,,,,,,,,,,"Jake Rogers","19452",668670
"Endy Rodríguez","PIT",14,56,50,12,8,3,0,1,6,6,5,0,13,0,0,0,,1,0,0.237804,0.0922371,0.226908,0.406495,0.311065,0.379323,0.305743,0.690388,0.141519,3.97033,0.290231,-0.00291094,-0.0394146,6.14271,-0.474325,89.5761,-0.0423255,-0.509091,-0.74525535851717,-0.12020254135131836,0.0964253,999,,,,,,,52.2,3.728571428,52.2,3.728571428,,,,,,,,,,,,,,,,,,,"Endy Rodriguez","25332",682848
"Pedro Pagés","STL",10,38,34,8,5,1,0,1,4,4,3,0,10,0,0,0,,0,0,0.228253,0.0689703,0.253346,0.272237,0.287245,0.357357,0.285708,0.644602,0.129104,3.2166,0.286786,-0.0206182,-0.0266673,3.54931,-0.935036,80.1179,-0.0472855,-0.0774998,-0.9559047259390354,0.6632409244775772,0.0953046,748.2899780273438,,,,,,,32.1,3.21,32.1,3.21,,,,,,,,,,,,,,,,,,,"Pedro Pages","25782",686780
"Myles Straw","TOR",11,49,44,10,8,2,0,0,5,4,4,0,8,0,0,0,,2,0,0.234058,0.0790274,0.169673,0.465762,0.296255,0.317821,0.276199,0.614076,0.0837623,5.65297,0.276717,0.0141174,0.194887,4.23167,-1.59272,74.6519,0.209004,0.478766,-1.2386753559112549,0.43247006833553314,0.0952468,999,,,,,,,33.6,3.054545454,33.6,3.054545454,,,,,,,,,,,,,,,,,,,"Myles Straw","17620",664702
"Amed Rosario","NYY",10,41,38,10,7,2,0,1,5,5,2,0,9,0,0,0,,1,0,0.254621,0.0585278,0.206303,0.283698,0.301862,0.394924,0.30487,0.696787,0.140303,5.4718,0.30001,0.0375111,0.0366673,4.52393,-0.38082,95.155,0.0741784,-0.527582,-0.15883769094944,-0.37943390011787415,0.0945454,999,,,,,,,41.1,4.11,41.1,4.11,,,,,,,,,,,,,,,,,,,"Amed Rosario","15518",642708
"Christian Franklin","BAL",9,39,33,8,5,1,0,1,5,3,4,0,10,1,0,0,,1,0,0.226151,0.111945,0.266902,0.419424,0.323052,0.343731,0.301562,0.666782,0.117579,5.57919,0.304177,-0.00107343,0.00459646,4.13269,-0.460402,93.1724,0.00352303,0.137388,-0.3039822180289775,-0.14486536383628845,0.0941674,999,,,,,,,41,4.555555555,41,4.555555555,,,,,,,,,,,,,,,,,,,"Christian Franklin","29896",681047
"Everson Pereira","STL",9,40,36,9,5,2,0,2,5,5,3,0,12,1,0,0,,1,0,0.239796,0.0777908,0.293569,0.264983,0.307611,0.422599,0.318819,0.730211,0.182804,4.99055,0.308852,-0.00558,0.00687872,4.83522,0.083746,102.308,0.00129872,-0.105137,0.1130353381158784,-0.49865512549877167,0.0932827,999,,,,,,,52.9,5.877777777,52.9,5.877777777,,,,,,,,,,,,,,,,,,,"Everson Pereira","23695",677592
"Colt Emerson","SEA",10,43,38,8,5,2,0,1,5,4,3,0,12,1,0,0,,1,0,0.214987,0.0762072,0.283616,0.268698,0.286493,0.341466,0.280789,0.627959,0.126479,4.93553,0.284878,-0.00289557,0.021077,3.84119,-1.22705,83.8793,0.0181814,-0.29332,-0.7829740382730961,0.16593942046165466,0.0914964,999,,,,,,,35.9,3.59,35.9,3.59,,,,,,,,,,,,,,,,,,,"Colt Emerson","33575",806068
"Jorge Mateo","TBR",12,50,46,10,7,2,0,1,5,5,3,0,13,0,0,0,,4,1,0.223431,0.0625166,0.260032,0.240419,0.276069,0.362002,0.280929,0.638071,0.138571,6.7777,0.28168,0.02178,0.381634,4.46634,-1.41935,76.4348,0.403414,-0.193744,-0.9566077291965485,0.09267619252204895,0.0912295,999,,,,,,,39,3.25,39,3.25,,,,,,,,,,,,,,,,,,,"Jorge Mateo","17273",622761
"Leo Jiménez","MIA",14,62,53,12,9,2,0,1,6,5,5,0,13,2,0,0,,0,0,0.230862,0.0822759,0.20946,0.3928,0.323781,0.339987,0.301462,0.663768,0.109125,3.20999,0.282554,-0.00909496,-0.0641093,6.55033,-0.73526,87.2412,-0.0732042,-0.276911,-1.0205217599868774,-0.08555296063423157,0.0905523,999,,,,,,,50.4,3.6,50.4,3.6,,,,,,,,,,,,,,,,,,,"Leo Jimenez","23782",677870
"Luis Lara","MIL",9,40,35,8,6,2,0,1,4,3,4,0,8,0,0,0,,2,0,0.233044,0.0960303,0.204548,0.469476,0.314402,0.330083,0.291526,0.644485,0.0970392,5.70143,0.286568,0,0.0832619,3.94953,-0.801948,82.6452,0.0832619,0.408201,-0.7571048066020012,0.3412257879972458,0.0901979,999,,,,,,,40.8,4.533333333,40.8,4.533333333,,,,,,,,,,,,,,,,,,,"Luis Lara","30675",800325
"Travis d'Arnaud","LAA",11,44,40,9,6,2,0,1,4,5,3,0,12,1,0,0,,0,0,0.221981,0.0689759,0.266084,0.259226,0.286045,0.378546,0.293157,0.664591,0.156565,2.38425,0.273716,-0.0310954,-0.0374529,4.39126,-0.821788,84.6505,-0.0685483,-0.686119,-0.8531728163361549,0.17499202489852905,0.0896743,999,,,,,,,37.6,3.418181818,37.6,3.418181818,,,,,,,,,,,,,,,,,,,"Travis d'Arnaud","7739",518595
"Harry Ford","WSN",11,44,37,8,5,2,0,1,4,4,5,0,11,1,0,0,,1,0,0.213282,0.12097,0.249001,0.48582,0.320841,0.32784,0.296562,0.64868,0.114557,3.34599,0.274316,0,-0.0178088,4.48822,-0.696797,85.2969,-0.0178088,-0.619612,-0.794732240960002,0.2368694543838501,0.0878217,725.52001953125,,,,,,,42.9,3.9,42.9,3.9,,,,,,,,,,,,,,,,,,,"Harry Ford","29958",695670
"Ryan Kreidler","MIN",10,44,39,9,5,2,0,1,5,4,4,0,13,1,0,0,,1,0,0.220514,0.0937553,0.285975,0.327845,0.30191,0.363083,0.296456,0.664992,0.142568,5.62148,0.294215,0.000914878,0.00484514,4.52045,-0.706171,87.3757,0.00576002,-0.283975,-0.6412430922500789,-0.07826483249664307,0.0858747,999,,,,,,,43.5,4.35,43.5,4.35,,,,,,,,,,,,,,,,,,,"Ryan Kreidler","25867",668952
"Andrés Chaparro","WSN",14,58,52,13,8,3,0,2,7,7,5,0,13,1,0,0,,0,0,0.241565,0.0819453,0.229689,0.356766,0.310312,0.424768,0.320776,0.73508,0.183203,2.43362,0.27997,-0.0114828,-0.0633425,7.11105,0.213751,101.525,-0.0748252,0.122257,0.03233863413333893,-1.086076244711876,0.0850521,999,,,,,,,66.3,4.735714285,66.3,4.735714285,,,,,,,,,,,,,,,,,,,"Andres Chaparro","21797",665953
"Sung-Mun Song","SDP",10,44,39,9,6,2,0,1,4,4,4,0,10,0,0,0,,2,1,0.223257,0.0887054,0.236579,0.374951,0.295905,0.331247,0.281921,0.627151,0.10799,4.94067,0.28057,-0.00813285,0.0634006,4.00161,-1.22501,79.1452,0.0552677,0.208739,-1.0555605664849281,0.4527208209037781,0.0843974,999,,,,,,,39.6,3.96,39.6,3.96,,,,,,,,,,,,,,,,,,,"Sung-Mun Song","37122",823550
"Tim Tawa","ARI",23,99,90,21,13,4,0,3,11,11,8,0,24,1,1,1,,2,1,0.232231,0.0775424,0.238346,0.325335,0.294933,0.394276,0.30238,0.689208,0.162045,5.00781,0.278239,-0.000477917,-0.0031168,10.611,-1.10934,88.2074,-0.00359471,0.184145,-1.4121286435984075,-0.9735706597566605,0.0838546,748.489990234375,,,,,,,95.4,4.147826086,95.4,4.147826086,,,,,,,,,,,,,,,,,,,"Tim Tawa","29571",694374
"Bryce Eldridge","SFG",29,124,111,26,16,5,0,4,14,15,12,0,37,1,1,0,,0,0,0.233272,0.0926652,0.298406,0.310534,0.306888,0.399361,0.31061,0.706248,0.166088,1.86431,0.305573,-0.00387097,-0.139646,14.1486,-0.565651,97.0474,-0.143517,0.137705,-0.5862729102373123,-2.6277275383472443,0.0829614,999,,,,,,,125.7,4.334482758,125.7,4.334482758,,,,,,,,,,,,,,,,,,,"Bryce Eldridge","33390",805811
"Andrew Benintendi","CHW",24,102,92,23,15,4,0,3,12,11,9,0,20,0,1,0,,1,0,0.247476,0.084568,0.194074,0.435752,0.313081,0.394746,0.311545,0.707827,0.14727,3.31757,0.283565,-0.0296515,-0.103854,11.7106,-0.387784,98.3951,-0.133505,-0.00658286,-0.3238992691040039,-2.485595108009875,0.0821518,735.8099975585938,,,,,,,105.5,4.395833333,105.5,4.395833333,,,,,,,,,,,,,,,,,,,"Andrew Benintendi","17901",643217
"Hunter Feduccia","LAD",10,39,34,8,5,1,0,1,4,4,4,0,10,0,0,0,,0,0,0.218685,0.104548,0.24923,0.419485,0.302194,0.345332,0.290602,0.647526,0.126647,3.13148,0.276309,-0.0092841,-0.042522,3.8225,-0.811324,81.7845,-0.0518061,-0.344415,-0.9120065122842789,0.4210166335105896,0.0792573,999,,,,,,,35.1,3.51,35.1,3.51,,,,,,,,,,,,,,,,,,,"Hunter Feduccia","23372",676439
"Ryan Vilade","TBR",9,40,36,9,6,2,0,1,5,4,3,0,9,0,0,0,,1,0,0.246869,0.0770502,0.235353,0.327381,0.310718,0.397319,0.310954,0.708037,0.15045,5.40614,0.304306,-0.000782651,-0.0221974,4.57014,-0.171121,97.3473,-0.0229801,-0.125676,-0.1463055368512869,-0.49604615569114685,0.0789541,999,,,,,,,40.5,4.5,40.5,4.5,,,,,,,,,,,,,,,,,,,"Ryan Vilade","22165",668723
"José Fermín","STL",13,57,50,12,8,3,0,1,6,5,5,0,8,1,0,0,,2,0,0.240245,0.0962928,0.133541,0.721073,0.324508,0.352386,0.304516,0.676895,0.112141,4.12947,0.263792,-0.00278873,0.0489304,6.20409,-0.539936,92.722,0.0461417,-0.530022,-0.4540652893483639,-0.6226146295666695,0.078436,999,,,,,,,57.1,4.392307692,57.1,4.392307692,,,,,,,,,,,,,,,,,,,"Jose Fermin","21746",665877
"Justin Foscue","TEX",9,38,33,7,5,2,0,1,4,4,3,0,8,1,0,0,,0,0,0.223216,0.0876364,0.213322,0.410818,0.301248,0.37493,0.300074,0.676178,0.151714,2.88742,0.258287,-0.000445128,-0.0333973,3.94513,-0.489582,92.0966,-0.0338424,0.461339,-0.3775230944156647,-0.17971035838127136,0.0782928,999,,,,,,,33.4,3.711111111,33.4,3.711111111,,,,,,,,,,,,,,,,,,,"Justin Foscue","27501",679822
"Tyrone Taylor","CHC",9,39,35,8,5,2,0,1,4,4,2,0,8,1,0,0,,1,0,0.235962,0.0583267,0.218139,0.267383,0.291873,0.390768,0.29919,0.682641,0.154806,5.47326,0.277716,0.0184212,0.0467754,4.0583,-0.534796,88.8027,0.0651967,0.325967,-0.4589313566684723,-0.03282979130744934,0.0780421,999,,,,,,,35.9,3.988888888,35.9,3.988888888,,,,,,,,,,,,,,,,,,,"Tyrone Taylor","13675",621438
"Andrew Knizner","SFG",10,38,34,8,5,2,0,1,4,4,3,0,8,1,0,0,,0,0,0.230769,0.0785029,0.210262,0.373357,0.30494,0.346876,0.292363,0.651816,0.116107,2.37005,0.278079,-0.00167442,-0.0447492,3.75313,-0.731211,84.8194,-0.0464236,-0.470742,-0.7401807829737663,0.2699982523918152,0.0772072,999,,,,,,,38,3.8,38,3.8,,,,,,,,,,,,,,,,,,,"Andrew Knizner","19514",668800
"Nick Sogard","BOS",14,59,52,12,9,3,0,1,6,5,7,0,12,0,0,0,,1,0,0.233915,0.112891,0.206786,0.545929,0.324152,0.327796,0.296511,0.651948,0.0938809,3.7982,0.291669,-0.00560593,-0.0353403,6.08297,-0.947169,83.917,-0.0409462,-0.360128,-1.1496316231787205,-0.19716517627239227,0.0768678,999,,,,,,,56.2,4.014285714,56.2,4.014285714,,,,,,,,,,,,,,,,,,,"Nick Sogard","25483",686765
"Max Kepler","ARI",17,72,64,15,10,3,0,2,8,8,7,0,14,1,1,0,,0,0,0.233825,0.0901597,0.19928,0.452426,0.308915,0.384102,0.306427,0.693017,0.150277,3.36548,0.268117,-0.022359,-0.0452654,7.97956,-0.573095,90.92,-0.0676244,0.387056,-0.8590481281280518,-0.7323883771896362,0.0764301,999,,,,,,,71.5,4.205882352,71.5,4.205882352,,,,,,,,,,,,,,,,,,,"Max Kepler","12144",596146
"Miguel Rojas","LAD",10,43,39,9,7,2,0,1,4,4,3,0,6,0,0,0,,1,0,0.23925,0.0677713,0.141296,0.479641,0.295722,0.342029,0.28427,0.637751,0.102779,3.47354,0.265482,-0.00418844,-0.008292,3.96166,-1.10658,77.5407,-0.0124804,0.381384,-1.1725193923339248,0.5344704687595367,0.0763881,999,,,,,,,37.5,3.75,37.5,3.75,,,,,,,,,,,,,,,,,,,"Miguel Rojas","7802",500743
"Randal Grichuk","CHW",11,48,45,11,7,2,0,2,5,6,3,0,10,0,0,0,,0,0,0.24753,0.0579843,0.215047,0.269636,0.295968,0.425516,0.312911,0.721484,0.177986,2.99904,0.28262,0.00343358,-0.0557669,5.59216,-0.130049,99.3461,-0.0523333,0.0592175,-0.0890229269862175,-0.8741158545017242,0.076135,999,,,,,,,50.2,4.563636363,50.2,4.563636363,,,,,,,,,,,,,,,,,,,"Randal Grichuk","10243",545341
"Hao-Yu Lee","DET",8,36,32,8,5,1,0,1,4,4,3,0,8,0,0,0,,1,0,0.239937,0.0743608,0.224847,0.330717,0.304174,0.383502,0.30329,0.687676,0.143565,5.15917,0.289247,0,-0.00504762,3.87488,-0.375901,92.652,-0.00504762,-0.344995,-0.3113235547207296,-0.2165994495153427,0.0756777,999,,,,,,,36,4.5,36,4.5,,,,,,,,,,,,,,,,,,,"Hao-Yu Lee","30080",701678
"Blaze Jordan","STL",13,56,52,13,9,3,0,1,6,6,3,0,9,0,0,0,,0,0,0.255274,0.0486113,0.153236,0.317232,0.294982,0.399858,0.302889,0.69484,0.144584,3.09846,0.279152,0,-0.0551978,5.98988,-0.600872,91.6321,-0.0551978,-0.185994,-0.6172444373369217,-0.4498828053474426,0.0751326,999,,,,,,,47.9,3.684615384,47.9,3.684615384,,,,,,,,,,,,,,,,,,,"Blaze Jordan","28199",691458
"Michael Conforto","CHC",17,72,63,14,9,3,0,2,8,8,7,0,19,1,0,0,,0,0,0.225039,0.102734,0.257999,0.398196,0.314316,0.385827,0.310819,0.700143,0.160789,2.90239,0.278385,-0.0074772,-0.0515672,8.23609,-0.316569,96.5959,-0.0590444,0.0231796,-0.3557477816939354,-1.2684870306402445,0.0730864,999,,,,,,,66.9,3.935294117,66.9,3.935294117,,,,,,,,,,,,,,,,,,,"Michael Conforto","16376",624424
"Brian Serven","ATH",13,51,46,10,7,2,0,1,5,5,4,0,15,1,0,0,,0,0,0.212405,0.0770964,0.286904,0.268718,0.282766,0.335407,0.276749,0.618173,0.123002,2.40528,0.282862,-0.00152182,-0.0530555,4.44159,-1.64029,71.5527,-0.0545773,-0.354794,-1.7510852627456188,0.6498354077339172,0.0730126,999,,,,,,,40.2,3.092307692,40.2,3.092307692,,,,,,,,,,,,,,,,,,,"Brian Serven","19422",661531
"Austin Martin","MIN",9,38,32,8,6,2,0,0,4,3,4,0,7,1,0,0,,1,0,0.237213,0.110354,0.180757,0.61051,0.336383,0.326824,0.303402,0.663207,0.0896104,4.77111,0.286633,0.00789566,0.052217,4.04592,-0.388795,92.2136,0.0601127,-0.00340877,-0.27847887948155403,-0.33828530507162213,0.0722239,748.5599975585938,,,,,,,35.5,3.944444444,35.5,3.944444444,,,,,,,,,,,,,,,,,,,"Austin Martin","27462",668885
"Matt Wallner","MIN",5,21,19,4,2,1,0,1,3,3,2,0,7,1,0,0,,0,0,0.234523,0.0924692,0.315908,0.292709,0.323265,0.44635,0.335523,0.769615,0.211827,4.51896,0.308745,-0.00685582,-0.0203139,2.86789,0.333772,114.587,-0.0271698,-0.136421,0.3352894727140665,-0.38518673181533813,0.0721137,340.5899963378906,,,,,,,24.7,4.94,24.7,4.94,,,,,,,,,,,,,,,,,,,"Matt Wallner","26466",670242
"Tyler Tolbert","KCR",13,56,50,11,8,2,0,1,6,4,4,0,13,1,0,0,,5,1,0.225123,0.0676201,0.234837,0.287945,0.285135,0.323348,0.272419,0.608482,0.0982248,7.82397,0.287829,-0.00765677,0.665057,4.61833,-1.97243,68.3364,0.6574,-0.00640773,-1.3889126777648926,0.08155523566529155,0.067503,999,,,,,,,48.5,3.73076923,48.5,3.73076923,,,,,,,,,,,,,,,,,,,"Tyler Tolbert","25779",686475
"Jim Jarvis","ATL",12,52,47,11,8,2,0,1,6,5,4,0,10,1,0,0,,2,1,0.231593,0.0719,0.200001,0.359498,0.293322,0.328386,0.278587,0.621708,0.0967932,5.45307,0.281482,0,0.0604394,4.58853,-1.58839,72.7676,0.0604394,0.0757178,-1.6538263447582722,0.6163042485713959,0.0666021,999,,,,,,,45.8,3.816666666,45.8,3.816666666,,,,,,,,,,,,,,,,,,,"Jim Jarvis","33492",805347
"Connor Wong","BOS",8,33,30,7,5,2,0,1,4,3,2,0,8,0,0,0,,1,0,0.244112,0.0721238,0.243973,0.295622,0.307111,0.375915,0.302376,0.683027,0.131803,4.1204,0.307671,-0.00847797,-0.0204497,3.51848,-0.367952,88.0017,-0.0289276,-0.666658,-0.48616965487599373,-0.024682819843292236,0.0663182,999,,,,,,,32.3,4.0375,32.3,4.0375,,,,,,,,,,,,,,,,,,,"Connor Wong","19896",657136
"Nick Allen","HOU",8,36,33,8,6,1,0,0,3,3,3,0,7,0,0,0,,1,0,0.230288,0.0761632,0.195962,0.388663,0.292702,0.311223,0.272393,0.603925,0.0809352,4.05284,0.280828,0.0011597,-0.0121596,2.99579,-1.28054,71.9724,-0.0109999,0.341998,-1.186258079484105,0.5572755187749863,0.0661532,999,,,,,,,25.6,3.2,25.6,3.2,,,,,,,,,,,,,,,,,,,"Nick Allen","22277",669397
"Leo Rivas","SEA",6,24,20,4,3,1,0,0,3,2,3,0,6,0,0,0,,1,0,0.203885,0.138107,0.259269,0.532678,0.322709,0.289968,0.285944,0.612677,0.0860833,5.02321,0.274704,-0.000991184,0.0616293,2.26104,-0.589843,87.4698,0.0606381,-0.0767051,-0.2896398827433586,0.07638133317232132,0.0651096,999,,,,,,,16.2,2.7,16.2,2.7,,,,,,,,,,,,,,,,,,,"Leo Rivas","21009",660844
"Joey Bart","CHW",4,16,14,3,2,1,0,0,2,2,1,0,5,0,0,0,,0,0,0.236902,0.0880688,0.274723,0.320573,0.320109,0.381007,0.312142,0.701116,0.144105,2.63394,0.308122,-0.00947848,-0.0193887,1.88885,-0.0543682,98.8106,-0.0288672,-0.215032,-0.05153108946979046,0.10595566034317017,0.0647473,999,,,,,,,8.7,2.175,8.7,2.175,,,,,,,,,,,,,,,,,,,"Joey Bart","21524",663698
"Luisangel Acuña","CHW",9,40,37,9,7,2,0,1,4,3,2,0,8,0,0,0,,3,1,0.246975,0.0570698,0.199663,0.285831,0.291057,0.343432,0.281226,0.634489,0.0964572,5.98402,0.298223,0.0142266,0.191577,3.6075,-1.13376,77.2773,0.205804,-0.214719,-0.850601002573967,0.06676287949085236,0.06453,395.510009765625,,,,,,,37.5,4.166666666,37.5,4.166666666,,,,,,,,,,,,,,,,,,,"Luisangel Acuna","26548",682668
"Braxton Fulford","COL",5,19,17,4,2,1,0,1,2,2,1,0,5,0,0,0,,0,0,0.231729,0.0783374,0.277399,0.2824,0.309308,0.382682,0.307219,0.69199,0.150953,4.93907,0.303907,0.000488889,0.00319153,2.10405,-0.138124,78.981,0.00368042,0.112515,-0.4766067767050117,0.48288584500551224,0.0632105,999,,,,,,,20.7,4.14,20.7,4.14,,,,,,,,,,,,,,,,,,,"Braxton Fulford","29704",690924
"Ali Sánchez","NYY",7,27,24,5,4,1,0,1,3,3,2,0,6,0,0,0,,0,0,0.220628,0.0688153,0.243603,0.282489,0.277813,0.333611,0.272428,0.611425,0.112983,2.25355,0.273771,-0.000995556,-0.0317475,2.1998,-0.939238,72.559,-0.0327431,0.0402901,-0.877386037260294,0.5588085912168026,0.0631511,999,,,,,,,22.3,3.185714285,22.3,3.185714285,,,,,,,,,,,,,,,,,,,"Ali Sanchez","18551",645305
"Max Muncy","ATH",14,60,54,13,8,3,0,2,7,7,4,0,18,1,0,0,,1,0,0.23436,0.0681081,0.296578,0.229647,0.298122,0.393973,0.304413,0.692095,0.159613,4.19237,0.311727,0.00320164,-0.0520086,6.5516,-0.575609,90.8211,-0.0488069,-0.427957,-0.6902907155454159,-0.825024425983429,0.0626452,672.719970703125,,,,,,,63.2,4.514285714,63.2,4.514285714,,,,,,,,,,,,,,,,,,,"Max Muncy","29779",691777
"Jorbit Vivas","WSN",10,45,40,9,7,2,0,1,5,4,4,0,7,1,0,0,,1,0,0.230724,0.0919046,0.147045,0.625011,0.318678,0.321839,0.292073,0.640518,0.0911152,3.75316,0.261833,-0.0021,-0.034514,4.4792,-0.885364,82.2891,-0.036614,0.242369,-1.00487919151783,0.14514724910259247,0.0620577,999,,,,,,,42.5,4.25,42.5,4.25,,,,,,,,,,,,,,,,,,,"Jorbit Vivas","23917",678391
"Victor Robles","SEA",6,25,23,5,4,1,0,0,3,2,2,0,6,1,0,0,,1,0,0.234977,0.0705362,0.218197,0.323268,0.305851,0.340952,0.290244,0.646803,0.105976,6.05066,0.292211,0.00111781,0.105067,2.47501,-0.534256,90.4642,0.106185,0.0602305,-0.1751965433359146,-0.11677568405866623,0.06191,727.5399780273438,,,,,,,18.8,3.133333333,18.8,3.133333333,,,,,,,,,,,,,,,,,,,"Victor Robles","18363",645302
"Charles McAdoo","TOR",9,38,34,8,5,1,0,1,4,4,3,0,10,0,0,0,,1,0,0.237089,0.0762256,0.266001,0.286561,0.299841,0.391303,0.303928,0.691144,0.154214,5.22383,0.298986,0,0.0420435,4.07123,-0.373696,93.9657,0.0420435,-0.338444,-0.2209627702832222,-0.500481054186821,0.0618635,999,,,,,,,34,3.777777777,34,3.777777777,,,,,,,,,,,,,,,,,,,"Charles McAdoo","33323",807727
"Christopher Morel","NYM",7,32,29,7,4,1,0,1,4,4,3,0,9,0,0,0,,0,0,0.230327,0.0875011,0.293118,0.298518,0.303716,0.420476,0.316086,0.724193,0.19015,4.86595,0.29152,0.0169287,-0.0205112,3.79724,-0.00394413,101.611,-0.00358255,-0.0931134,0.058830603025853634,-0.49496523290872574,0.0616138,999,,,,,,,31.5,4.5,31.5,4.5,,,,,,,,,,,,,,,,,,,"Christopher Morel","21897",666624
"Derek Hill","PHI",8,33,31,7,5,1,0,1,4,4,2,0,10,0,0,0,,2,0,0.230476,0.061124,0.295981,0.206513,0.283516,0.378085,0.290621,0.661602,0.147609,6.3671,0.304549,0.00143277,0.104349,3.26681,-0.692755,79.711,0.105782,0.224984,-0.7129239216446877,0.22976813465356827,0.06124,999,,,,,,,30.3,3.7875,30.3,3.7875,,,,,,,,,,,,,,,,,,,"Derek Hill","16947",656537
"Nicky Lopez","TEX",13,58,52,12,10,2,0,0,6,4,4,0,9,1,0,0,,1,0,0.232969,0.0740349,0.164904,0.448956,0.29623,0.297197,0.269264,0.593426,0.0642276,5.14301,0.277896,0.00828924,0.00523502,4.62553,-2.18492,70.6375,0.0135243,0.274825,-1.947330866008997,0.5092386901378632,0.0608678,999,,,,,,,37.9,2.915384615,37.9,2.915384615,,,,,,,,,,,,,,,,,,,"Nicky Lopez","19339",670032
"Jhonny Pereda","SEA",7,27,24,5,4,1,0,0,3,2,2,0,6,0,0,0,,0,0,0.226923,0.0865022,0.227378,0.380433,0.297339,0.316124,0.277281,0.613463,0.0892009,2.51662,0.286619,-0.000962824,-0.0260702,2.33814,-0.847616,81.436,-0.027033,-0.292847,-0.6069441232830286,0.23338714241981506,0.0589692,999,,,,,,,12.9,1.842857142,12.9,1.842857142,,,,,,,,,,,,,,,,,,,"Jhonny Pereda","19802",640902
"Turner Hill","SFG",14,62,56,14,10,3,0,1,7,5,5,0,10,1,0,0,,2,1,0.242458,0.0772295,0.161985,0.476769,0.307906,0.337142,0.289193,0.645048,0.0946844,6.04615,0.283446,0,0.0883115,5.99819,-1.35893,82.6949,0.0883115,0.121773,-1.2091740146279335,-0.228844553232193,0.0587078,999,,,,,,,59.5,4.25,59.5,4.25,,,,,,,,,,,,,,,,,,,"Turner Hill","32053",806367
"Graham Pauley","MIA",6,27,24,5,3,1,0,1,3,3,2,0,6,0,0,0,,0,0,0.227923,0.081365,0.233422,0.348575,0.296191,0.378322,0.297954,0.674513,0.150399,4.16167,0.274844,-0.00444783,-0.00213563,2.77209,-0.395558,84.8906,-0.00658345,0.252169,-0.49434083653613925,0.19476208090782166,0.0578559,999,,,,,,,22.3,3.716666666,22.3,3.716666666,,,,,,,,,,,,,,,,,,,"Graham Pauley","31363",688363
"Gavin Sheets","SDP",21,90,80,19,12,4,0,3,10,10,8,0,19,1,1,0,,1,0,0.234778,0.0904906,0.206952,0.437254,0.309253,0.386646,0.307415,0.695899,0.151867,3.11589,0.27146,-0.0524111,-0.0684177,9.97217,-0.639453,96.2307,-0.120829,-0.231872,-0.5284557640552521,-1.8153599351644516,0.0571855,684.8099975585938,,,,,,,95.1,4.528571428,95.1,4.528571428,,,,,,,,,,,,,,,,,,,"Gavin Sheets","19901",657757
"Héctor Rodríguez","CIN",19,83,78,20,13,4,1,3,10,10,4,0,18,0,1,0,,1,0,0.254542,0.0460654,0.215219,0.21404,0.291191,0.43133,0.311961,0.722521,0.176788,4.94491,0.29249,-0.000257987,-0.0545731,9.53282,-0.286896,90.7937,-0.0548311,-0.166773,-0.9761388711631298,-1.1522670537233353,0.0570466,999,,,,,,,93.4,4.915789473,93.4,4.915789473,,,,,,,,,,,,,,,,,,,"Hector Rodriguez","29189",699302
"Elias Díaz","TEX",9,34,31,7,5,1,0,1,3,3,2,0,8,0,0,0,,0,0,0.221731,0.06108,0.237697,0.256966,0.274281,0.346315,0.274732,0.620595,0.124584,2.41379,0.270396,-0.00649045,-0.0356655,2.90522,-1.14937,74.4461,-0.042156,-0.265146,-1.058127973228693,0.4046074151992798,0.0568966,999,,,,,,,26.5,2.944444444,26.5,2.944444444,,,,,,,,,,,,,,,,,,,"Elias Diaz","11680",553869
"José Tena","WSN",10,43,39,10,7,2,0,1,5,4,3,0,11,0,0,0,,1,0,0.250745,0.0715807,0.260551,0.274729,0.307679,0.387665,0.306111,0.695344,0.13692,5.05743,0.324088,-0.00207209,-0.0160134,4.70817,-0.349854,91.6965,-0.0180855,-0.0898963,-0.4461032375693321,-0.3908221870660782,0.0558282,999,,,,,,,43.1,4.31,43.1,4.31,,,,,,,,,,,,,,,,,,,"Jose Tena","23691",677588
"Christian Vázquez","HOU",14,54,49,11,8,2,0,1,5,5,4,0,10,0,0,0,,0,0,0.221211,0.0691779,0.193088,0.358271,0.278787,0.311303,0.264968,0.59009,0.0900918,2.81972,0.262938,-0.037324,-0.0609485,4.14044,-2.23106,66.8006,-0.0982725,-0.239429,-2.172467403113842,0.8130398243665695,0.0555151,999,,,,,,,39.8,2.842857142,39.8,2.842857142,,,,,,,,,,,,,,,,,,,"Christian Vazquez","9774",543877
"Daniel Schneemann","CLE",7,29,26,6,4,1,0,1,3,3,3,0,8,0,0,0,,1,0,0.215996,0.0963922,0.261075,0.369212,0.293216,0.342454,0.284688,0.63567,0.126458,4.36029,0.276451,-0.00582195,0.0177352,2.7336,-0.750814,81.1557,0.0119133,0.186302,-0.6319407979026437,0.1288945972919464,0.0548669,999,,,,,,,30.8,4.4,30.8,4.4,,,,,,,,,,,,,,,,,,,"Daniel Schneemann","25180",682177
"Zac Veen","COL",21,93,84,21,13,4,1,3,12,10,7,0,23,1,1,1,,3,1,0.247564,0.0760877,0.251964,0.301979,0.308178,0.412858,0.315219,0.721036,0.165294,6.49506,0.309461,-0.00209564,0.182669,10.8777,-0.0762589,84.3426,0.180573,0.394353,-1.5672963857650757,-0.8945358395576477,0.0547067,743.6599731445312,,,,,,,106,5.047619047,106,5.047619047,,,,,,,,,,,,,,,,,,,"Zac Veen","27770",691728
"Gabriel Arias","CHC",4,19,17,4,3,1,0,1,2,2,1,0,6,0,0,0,,0,0,0.231063,0.0661634,0.304799,0.217073,0.288903,0.389799,0.297535,0.678702,0.158737,5.38772,0.307833,0.00614338,0.00626573,1.93411,-0.283242,87.6936,0.0124091,0.184884,-0.26568271312862635,0.1944522112607956,0.0546161,748.3800048828125,,,,,,,20.7,5.175,20.7,5.175,,,,,,,,,,,,,,,,,,,"Gabriel Arias","22563",672356
"Christian Koss","SFG",20,87,81,19,13,4,0,2,9,8,4,0,21,1,1,1,,2,0,0.2299,0.0469746,0.238139,0.197257,0.274616,0.342127,0.272754,0.616743,0.112226,4.88931,0.287639,0.00424421,0.0608999,7.24105,-3.05892,71.678,0.0651441,0.29184,-2.9077524319291115,0.6227045953273773,0.0544796,999,,,,,,,74.6,3.73,74.6,3.73,,,,,,,,,,,,,,,,,,,"Christian Koss","27653",683766
"Wade Meckler","LAA",16,68,61,14,11,2,0,1,7,5,7,0,15,0,0,0,,1,0,0.238687,0.0978125,0.22366,0.437327,0.314742,0.327807,0.290464,0.642549,0.0891198,4.05013,0.302507,0,0.00792702,6.65561,-1.42189,82.775,0.00792702,0.13114,-1.3563832435756922,-0.5242610722780228,0.0543513,999,,,,,,,55.5,3.46875,55.5,3.46875,,,,,,,,,,,,,,,,,,,"Wade Meckler","31490",685133
"Angel Martínez","CLE",13,56,52,12,8,3,0,1,6,6,3,0,12,1,0,0,,1,0,0.237677,0.0569065,0.211165,0.269488,0.287682,0.376745,0.291854,0.664428,0.139069,4.84686,0.281548,0.0187762,-0.00921516,5.54426,-1.10781,86.1469,0.00956104,0.0588879,-0.8940490065142512,-0.5630256608128548,0.0541075,748.5800170898438,,,,,,,47.2,3.63076923,47.2,3.63076923,,,,,,,,,,,,,,,,,,,"Angel Martinez","26540",682657
"Rhys Hoskins","CLE",11,47,41,9,5,2,0,2,5,5,5,0,13,1,0,0,,0,0,0.217237,0.112034,0.28008,0.400007,0.312276,0.387739,0.310525,0.700015,0.170502,2.97325,0.273948,-0.0417083,-0.0374284,5.32709,-0.216299,99.1513,-0.0791367,-0.034358,-0.12527146190404892,-1.0054999627172947,0.0535978,737.989990234375,,,,,,,52,4.727272727,52,4.727272727,,,,,,,,,,,,,,,,,,,"Rhys Hoskins","16472",656555
"Lane Thomas","ATL",16,68,61,14,9,3,0,2,8,8,6,0,18,1,0,0,,2,1,0.23299,0.0918742,0.266265,0.345048,0.309647,0.384933,0.307341,0.69458,0.151944,5.03026,0.297574,0.0148585,-0.00199071,7.58669,-0.490815,92.038,0.0128678,-0.370996,-0.6425556959584355,-1.0455325841903687,0.0533172,726.6699829101562,,,,,,,66.9,4.18125,66.9,4.18125,,,,,,,,,,,,,,,,,,,"Lane Thomas","16939",657041
"Andrew Pinckney","WSN",9,38,34,8,6,1,0,1,4,4,2,0,12,1,0,0,,1,0,0.239576,0.0608281,0.311639,0.195188,0.296177,0.376563,0.296844,0.67274,0.136986,6.15895,0.331296,-0.000327068,0.0591728,3.85615,-0.588775,85.486,0.0588457,0.188492,-0.5986192859709263,-0.10317479074001312,0.0524953,999,,,,,,,34,3.777777777,34,3.777777777,,,,,,,,,,,,,,,,,,,"Andrew Pinckney","33357",687605
"LaMonte Wade Jr.","HOU",11,48,41,9,6,2,0,1,6,5,7,0,11,0,0,0,,0,0,0.219669,0.135057,0.237112,0.569592,0.332149,0.352339,0.310199,0.684488,0.13267,2.94991,0.272949,-0.02232,-0.0541779,5.46659,-0.235176,98.3044,-0.0764979,-0.472602,-0.17129697650671005,-1.01797217130661,0.0524592,999,,,,,,,45.6,4.145454545,45.6,4.145454545,,,,,,,,,,,,,,,,,,,"LaMonte Wade Jr.","18126",664774
"Jose Trevino","CIN",14,55,51,12,8,2,0,1,5,5,3,0,10,0,0,0,,0,0,0.233964,0.0596902,0.17431,0.342437,0.282585,0.345994,0.278393,0.628578,0.11203,2.60668,0.266258,-0.0169826,-0.0532681,4.83202,-1.68428,68.2979,-0.0702507,-0.174223,-2.17552749812603,0.9021659642457962,0.0520301,999,,,,,,,40.4,2.885714285,40.4,2.885714285,,,,,,,,,,,,,,,,,,,"Jose Trevino","16725",624431
"Isiah Kiner-Falefa","BOS",6,25,23,6,4,1,0,0,3,2,1,0,4,0,0,0,,1,0,0.254603,0.0592008,0.16867,0.350985,0.305873,0.33593,0.286898,0.641803,0.0813271,5.31969,0.300434,0.00827784,0.0504019,2.35314,-0.589712,77.221,0.0586797,0.058474,-0.5986439287662506,0.22637524083256721,0.0517007,746.1500244140625,,,,,,,18.4,3.066666666,18.4,3.066666666,,,,,,,,,,,,,,,,,,,"Isiah Kiner-Falefa","16512",643396
"Buddy Kennedy","SFG",5,22,19,5,3,1,0,0,2,2,2,0,4,0,0,0,,0,0,0.235684,0.0912125,0.202599,0.450211,0.316276,0.352226,0.29996,0.668503,0.116542,3.88971,0.284181,-0.0000867797,-0.0192288,2.32505,-0.290813,89.9107,-0.0193155,0.0135372,-0.28828039579093456,0.06291996501386166,0.050024,999,,,,,,,17.9,3.58,17.9,3.58,,,,,,,,,,,,,,,,,,,"Buddy Kennedy","22505",671083
"Jake Meyers","HOU",5,20,18,4,3,1,0,0,2,2,1,0,4,0,0,0,,0,0,0.237762,0.0730345,0.222084,0.32886,0.300791,0.360867,0.293946,0.661658,0.123104,4.75239,0.289804,0.00477624,-0.00078627,2.01404,-0.361702,86.9842,0.00398997,0.103066,-0.29922189377248287,0.0791463851928711,0.0499395,738.1500244140625,,,,,,,10.3,2.06,10.3,2.06,,,,,,,,,,,,,,,,,,,"Jake Meyers","20308",676694
"Nolan Gorman","STL",7,32,29,6,4,1,0,1,3,4,3,0,10,0,0,0,,0,0,0.215396,0.100983,0.320353,0.315226,0.296824,0.389386,0.302823,0.68621,0.17399,2.70331,0.284778,-0.0360065,-0.0259873,3.48076,-0.351074,91.5878,-0.0619938,0.106816,-0.39049486443400383,-0.1755911260843277,0.0492212,653.1400146484375,,,,,,,25.9,3.7,25.9,3.7,,,,,,,,,,,,,,,,,,,"Nolan Gorman","22263",669357
"Austin Hedges","CLE",11,42,37,8,6,1,0,1,4,3,3,0,9,0,0,0,,0,0,0.205411,0.0798117,0.221482,0.360353,0.275739,0.293172,0.258343,0.568911,0.0877608,3.20385,0.254379,-0.0123141,-0.0186464,2.97667,-1.94676,62.8062,-0.0309605,0.0201724,-1.8265864197164774,0.8334439396858215,0.0487421,999,,,,,,,29.1,2.645454545,29.1,2.645454545,,,,,,,,,,,,,,,,,,,"Austin Hedges","12976",595978
"Seaver King","WSN",5,23,21,5,4,1,0,1,3,2,1,0,6,0,0,0,,1,0,0.240837,0.0562933,0.237863,0.236663,0.291468,0.368944,0.29121,0.660412,0.128107,5.61636,0.29893,0,0.0178497,2.28732,-0.471597,81.7106,0.0178497,-0.0390384,-0.4963817149400711,0.21096158400177956,0.0478932,999,,,,,,,24.2,4.84,24.2,4.84,,,,,,,,,,,,,,,,,,,"Seaver King","sa3025414",814409
"Cam Cauley","TEX",5,23,21,4,3,1,0,1,3,2,2,0,7,0,0,0,,1,0,0.215351,0.0749706,0.289606,0.258871,0.275483,0.356456,0.278978,0.631939,0.141104,6.8503,0.283891,0,0.112811,2.00732,-0.685187,77.4029,0.112811,0.046401,-0.48379315435886383,0.13729609549045563,0.0467014,999,,,,,,,21.6,4.32,21.6,4.32,,,,,,,,,,,,,,,,,,,"Cam Cauley","29710",695508
"David Fry","CLE",6,27,24,5,3,1,0,1,3,3,2,0,7,0,0,0,,0,0,0.220415,0.0897032,0.261927,0.342474,0.300288,0.371268,0.29832,0.671556,0.150853,3.27866,0.27539,-0.00615664,-0.0193308,2.75618,-0.384317,90.6505,-0.0254874,0.207006,-0.31340125761926174,-0.18527758121490479,0.0448349,999,,,,,,,22.3,3.716666666,22.3,3.716666666,,,,,,,,,,,,,,,,,,,"David Fry","24934",681807
"Jake Fraley","TBR",7,32,28,7,5,1,0,1,3,3,3,0,7,0,0,0,,1,0,0.233825,0.0907615,0.226603,0.400531,0.309544,0.358431,0.29819,0.667975,0.124606,4.49422,0.287223,-0.00894586,0.042096,3.29678,-0.463523,88.457,0.0331502,0.0429742,-0.39246615022420883,-0.29776656255126,0.0441887,999,,,,,,,34.4,4.914285714,34.4,4.914285714,,,,,,,,,,,,,,,,,,,"Jake Fraley","19260",641584
"Romy Gonzalez","BOS",6,28,25,6,4,1,0,1,3,3,2,0,7,0,0,0,,1,0,0.252866,0.063538,0.255732,0.248455,0.305508,0.415985,0.314531,0.721493,0.163118,5.40628,0.315241,-0.00704865,0.00450066,3.23171,-0.0381246,96.4679,-0.00254799,-0.273054,-0.11579646589234471,-0.43107910454273224,0.0438615,999,,,,,,,28.8,4.8,28.8,4.8,,,,,,,,,,,,,,,,,,,"Romy Gonzalez","21562",663853
"Johnathan Rodríguez","ATH",4,19,17,4,3,1,0,1,2,2,2,0,5,0,0,0,,0,0,0.263952,0.0867392,0.25857,0.335458,0.33024,0.438812,0.335259,0.769052,0.174861,3.38778,0.331972,-0.000838069,-0.021811,2.5054,0.288049,112.306,-0.0226491,-0.162332,0.24490495771169662,-0.4780731499195099,0.0437797,999,,,,,,,23.7,5.925,23.7,5.925,,,,,,,,,,,,,,,,,,,"Johnathan Rodriguez","22530",671286
"Mark Vientos","NYM",10,42,38,9,6,2,0,2,5,6,3,0,11,0,0,0,,0,0,0.240361,0.0716211,0.256378,0.279357,0.300402,0.431256,0.31773,0.731659,0.190895,2.64409,0.284534,-0.0249042,-0.0415626,4.95987,0.0500093,102.712,-0.0664668,-0.168064,0.06925395876169205,-0.9861198514699936,0.0435438,652.5700073242188,,,,,,,46,4.6,46,4.6,,,,,,,,,,,,,,,,,,,"Mark Vientos","22184",668901
"Ryan Ritter","COL",5,24,21,5,3,1,0,1,3,2,2,0,6,1,0,0,,0,0,0.241225,0.0761135,0.26166,0.290887,0.314033,0.383188,0.309308,0.697221,0.141963,5.46787,0.312699,0.000911908,0.00861652,2.64781,-0.13155,80.3814,0.00952843,0.0876918,-0.5461620409041643,0.21114860475063324,0.0434077,999,,,,,,,28.3,5.66,28.3,5.66,,,,,,,,,,,,,,,,,,,"Ryan Ritter","31500",690022
"Bryan Torres","STL",5,22,19,5,4,1,0,0,2,2,2,0,4,0,0,0,,1,0,0.247806,0.104473,0.183835,0.5683,0.328082,0.338526,0.30104,0.666608,0.0907194,4.62545,0.297748,-0.00102,0.0222722,2.33517,-0.270474,90.3924,0.0212522,0.214272,-0.23387175612151623,-0.05887633562088013,0.0428689,999,,,,,,,19.8,3.96,19.8,3.96,,,,,,,,,,,,,,,,,,,"Bryan Torres","21464",663494
"Alex Call","LAD",6,24,21,5,3,1,0,1,3,2,3,0,5,0,0,0,,0,0,0.22762,0.11089,0.191576,0.578827,0.324001,0.352274,0.305087,0.676274,0.124653,3.80619,0.266361,-0.0028644,-0.017888,2.63376,-0.217127,91.4917,-0.0207524,-0.0286082,-0.2679497357457876,-0.0955834612250328,0.0424962,999,,,,,,,28.3,4.716666666,28.3,4.716666666,,,,,,,,,,,,,,,,,,,"Alex Call","19296",669743
"Brett Callahan","DET",5,21,19,4,3,1,0,1,2,2,1,0,5,0,0,0,,1,0,0.236123,0.0624538,0.264255,0.236339,0.295624,0.383696,0.299051,0.67932,0.147573,6.07583,0.300156,0,0.0368965,2.1645,-0.287875,89.6991,0.0368965,0.0704486,-0.21081043779850006,-0.11226747930049896,0.0417735,999,,,,,,,20.6,4.12,20.6,4.12,,,,,,,,,,,,,,,,,,,"Brett Callahan","33514",814430
"Kyle Higashioka","TEX",4,15,13,3,2,1,0,1,2,2,1,0,4,0,0,0,,0,0,0.225471,0.0731383,0.247062,0.296032,0.285406,0.385091,0.294455,0.670497,0.159621,2.90615,0.268512,-0.0146044,-0.0119212,1.47916,-0.25852,88.183,-0.0265257,-0.179979,-0.22787649370729923,0.10705828666687012,0.0406205,999,,,,,,,19.1,4.775,19.1,4.775,,,,,,,,,,,,,,,,,,,"Kyle Higashioka","5517",543309
"Eli White","BOS",4,15,14,3,2,1,0,0,2,2,1,0,4,0,0,0,,1,0,0.240518,0.0684846,0.254208,0.269404,0.299846,0.383218,0.300933,0.683064,0.1427,6.17446,0.302213,-0.00209083,0.053607,1.61041,-0.187994,86.9964,0.0515162,0.18009,-0.1777961626648903,0.03687967360019684,0.0404215,999,,,,,,,10.6,2.65,10.6,2.65,,,,,,,,,,,,,,,,,,,"Eli White","19346",642201
"Rafael Marchán","PHI",4,17,15,3,2,1,0,0,2,2,1,0,3,0,0,0,,0,0,0.226669,0.075634,0.172885,0.437481,0.295459,0.336867,0.283522,0.632326,0.110198,2.85923,0.258973,-0.00570804,-0.0179593,1.57431,-0.452985,74.9534,-0.0236673,0.047814,-0.5411392338573933,0.38269053772091866,0.0404207,999,,,,,,,7.7,1.925,7.7,1.925,,,,,,,,,,,,,,,,,,,"Rafael Marchan","21646",665561
"TJ Rumfield","COL",26,113,101,26,18,5,0,3,12,11,10,0,20,2,1,0,,0,0,0.258667,0.0871227,0.178507,0.488063,0.332215,0.391097,0.320931,0.723312,0.13243,2.07506,0.29771,-0.00988754,-0.151003,13.8359,0.429634,88.1704,-0.160891,0.592547,-1.7771085053682327,-1.5012799501419067,0.0398979,999,,,,,,,123.3,4.742307692,123.3,4.742307692,,,,,,,,,,,,,,,,,,,"TJ Rumfield","29805",681198
"Kyle Manzardo","CLE",6,27,24,5,3,1,0,1,3,3,3,0,7,0,0,0,,0,0,0.22579,0.0968587,0.257676,0.375893,0.308367,0.405746,0.314079,0.714113,0.179956,2.43217,0.271697,-0.000993074,-0.0274408,3.12093,-0.046721,101.626,-0.0284339,-0.0341291,0.02208160050213337,-0.5794994235038757,0.0396738,253.4600067138672,,,,,,,25.3,4.216666666,25.3,4.216666666,,,,,,,,,,,,,,,,,,,"Kyle Manzardo","29794",700932
"Walker Jenkins","MIN",2,11,10,2,2,0,0,0,1,1,1,0,2,0,0,0,,0,0,0.249954,0.0920307,0.214529,0.428989,0.324605,0.395113,0.317801,0.719718,0.145159,5.53068,0.301975,-0.0001984,0.00666542,1.28058,0.0135193,102.243,0.00646702,-0.0110124,0.03433004533872008,-0.030148208141326904,0.0390266,999,,,,,,,4.2,2.1,4.2,2.1,,,,,,,,,,,,,,,,,,,"Walker Jenkins","sa3022894",805805
"Carson Williams","TBR",4,15,14,3,2,1,0,1,2,2,1,0,5,0,0,0,,0,0,0.210642,0.0830099,0.345642,0.240161,0.282594,0.38269,0.292582,0.665284,0.172048,7.05831,0.297801,-0.00179034,0.00271777,1.50785,-0.290557,84.5515,0.000927422,0.0315692,-0.27150031604105607,0.11551981791853905,0.0388858,724.5499877929688,,,,,,,18.1,4.525,18.1,4.525,,,,,,,,,,,,,,,,,,,"Carson Williams","30038",700246
"Ben Malgeri","DET",8,36,32,7,5,1,0,1,4,4,3,0,10,1,0,0,,0,0,0.224625,0.0811823,0.271975,0.298491,0.299305,0.361841,0.294364,0.661146,0.137216,4.93678,0.293337,-0.0000784906,-0.0220263,3.61573,-0.635054,86.4346,-0.0221047,0.0835676,-0.5875334795564413,-0.3016175776720047,0.0388517,999,,,,,,,31.5,3.9375,31.5,3.9375,,,,,,,,,,,,,,,,,,,"Ben Malgeri","29577",701162
"Carlos Correa","HOU",2,8,7,2,1,0,0,0,1,1,1,0,2,0,0,0,,0,0,0.263949,0.0969652,0.192647,0.50333,0.337651,0.424529,0.334194,0.76218,0.16058,2.86842,0.302667,-0.000223817,-0.0107367,1.06683,0.116538,115.017,-0.0109605,0.0149323,0.1289740726351738,-0.032907252199947834,0.0387439,281.2300109863281,,,,,,,7.2,3.6,7.2,3.6,,,,,,,,,,,,,,,,,,,"Carlos Correa","14162",621043
"Daz Cameron","TOR",4,17,15,4,2,1,0,1,2,2,1,0,4,0,0,0,,1,0,0.244698,0.0796734,0.245569,0.324444,0.311674,0.418948,0.319341,0.730622,0.17425,5.93167,0.297062,-0.0000375,0.0516886,2.03478,0.0422285,104.701,0.0516511,-0.18028,0.1434991918504238,-0.360835537314415,0.0385453,999,,,,,,,24.6,6.15,24.6,6.15,,,,,,,,,,,,,,,,,,,"Daz Cameron","18353",663662
"Brice Matthews","HOU",4,19,17,4,2,1,0,1,2,2,2,0,6,0,0,0,,1,0,0.218505,0.0885833,0.313878,0.282222,0.296359,0.377943,0.298575,0.674302,0.159438,6.13832,0.294559,0.000159559,0.0346063,1.94987,-0.267488,90.2083,0.0347659,0.0150256,-0.17813089862465858,-0.10935715585947037,0.038242,740.969970703125,,,,,,,25.6,6.4,25.6,6.4,,,,,,,,,,,,,,,,,,,"Brice Matthews","33280",694728
"Gavin Lux","TBR",3,14,12,3,2,1,0,0,2,1,1,0,3,0,0,0,,0,0,0.24105,0.105568,0.232136,0.454767,0.322833,0.358951,0.304998,0.681784,0.1179,4.19388,0.306176,0.00116226,-0.0106632,1.5094,-0.125514,93.1988,-0.00950096,-0.047957,-0.11853344831615686,0.00142567977309227,0.037868,745.989990234375,,,,,,,10.7,3.566666666,10.7,3.566666666,,,,,,,,,,,,,,,,,,,"Gavin Lux","19955",666158
"Austin Hays","SDP",9,40,37,9,6,2,0,1,5,5,2,0,10,0,0,0,,0,0,0.239475,0.0609884,0.247149,0.246768,0.292703,0.396719,0.301537,0.689422,0.157244,4.03018,0.291702,-0.000993204,-0.0378226,4.27441,-0.477069,92.2915,-0.0388158,0.180455,-0.41208217293024063,-0.5180018544197083,0.0377764,572.469970703125,,,,,,,34.6,3.844444444,34.6,3.844444444,,,,,,,,,,,,,,,,,,,"Austin Hays","19363",669720
"Patrick Wisdom","SEA",3,13,12,3,1,0,0,1,2,2,1,0,5,0,0,0,,0,0,0.217466,0.0813969,0.342342,0.237765,0.288468,0.447984,0.317879,0.736452,0.230518,3.8085,0.275628,-0.00092735,-0.00336872,1.60157,0.0177477,109.712,-0.00429607,-0.144311,0.14654332166537642,-0.24955780804157257,0.0377483,999,,,,,,,17.2,5.733333333,17.2,5.733333333,,,,,,,,,,,,,,,,,,,"Patrick Wisdom","13602",621550
"Nathan Church","STL",18,79,73,17,13,3,0,1,8,7,4,0,14,1,1,0,,2,1,0.239668,0.0568993,0.171766,0.33126,0.289858,0.34784,0.282945,0.637698,0.108172,4.72672,0.274027,-0.000634682,-0.011748,7.22368,-2.12599,78.2657,-0.0123827,-0.352183,-2.0832981169223785,-0.1068122535943985,0.0376391,999,,,,,,,56.3,3.127777777,56.3,3.127777777,,,,,,,,,,,,,,,,,,,"Nathan Church","31357",701675
"Logan O'Hoppe","TEX",5,20,18,4,3,1,0,1,2,2,1,0,5,0,0,0,,0,0,0.233213,0.0730303,0.251234,0.290687,0.29789,0.39941,0.306077,0.6973,0.166197,2.57763,0.278682,-0.0209345,-0.0241029,2.19402,-0.163613,96.278,-0.0450373,-0.422567,-0.1310841664671898,-0.21207290887832642,0.0368404,246.50999450683594,,,,,,,19.7,3.94,19.7,3.94,,,,,,,,,,,,,,,,,,,"Logan O'Hoppe","24729",681351
"Weston Wilson","SEA",5,21,19,4,3,1,0,1,2,2,2,0,6,0,0,0,,1,0,0.210877,0.0930382,0.297203,0.313046,0.287877,0.368043,0.29068,0.65592,0.157166,4.82647,0.27135,-0.00125078,0.0317407,2.09178,-0.442344,90.7683,0.0304899,-0.280542,-0.1989071760326624,-0.2039983570575714,0.0361257,999,,,,,,,23.6,4.72,23.6,4.72,,,,,,,,,,,,,,,,,,,"Weston Wilson","19358",642215
"Jacob Melton","TBR",3,12,11,3,2,1,0,0,1,1,1,0,4,0,0,0,,1,0,0.228097,0.0778963,0.284775,0.273536,0.291199,0.38766,0.297977,0.678859,0.159563,6.63405,0.295597,0.00071424,0.0958434,1.28791,-0.183518,88.3087,0.0965576,0.0599964,-0.07212765514850616,-0.014077626168727875,0.0360378,727.5700073242188,,,,,,,13.6,4.533333333,13.6,4.533333333,,,,,,,,,,,,,,,,,,,"Jacob Melton","31661",689200
"Jahmai Jones","BOS",6,25,22,5,3,1,0,1,3,3,2,0,6,0,0,0,,1,0,0.239722,0.0945658,0.260444,0.363095,0.324133,0.400809,0.320288,0.724942,0.161087,5.96345,0.305715,-0.000117551,0.0173519,3.02424,0.0813908,100.478,0.0172343,-0.00469169,0.031013555824756622,-0.5676546348258853,0.0349435,999,,,,,,,26.2,4.366666666,26.2,4.366666666,,,,,,,,,,,,,,,,,,,"Jahmai Jones","18872",663330
"Edmundo Sosa","PHI",11,48,44,11,7,2,0,1,6,5,2,0,11,1,0,0,,1,0,0.246417,0.0483589,0.220217,0.219597,0.298095,0.395759,0.304042,0.693855,0.149343,5.21563,0.294174,0.0229722,-0.0167809,5.22684,-0.474929,88.7054,0.00619135,-0.223894,-0.6501076444983482,-0.5683381408452988,0.034898,999,,,,,,,43.7,3.972727272,43.7,3.972727272,,,,,,,,,,,,,,,,,,,"Edmundo Sosa","17022",624641
"Jacob Gonzalez","PIT",13,57,52,12,8,3,0,1,6,6,4,0,11,1,0,0,,1,0,0.22914,0.0701119,0.198294,0.353575,0.289839,0.363665,0.289285,0.653504,0.134525,3.86333,0.264985,0,-0.00803777,5.50256,-1.24147,78.5467,-0.00803777,-0.513576,-1.48250194452703,-0.022835522890090942,0.0347358,999,,,,,,,50.2,3.861538461,50.2,3.861538461,,,,,,,,,,,,,,,,,,,"Jacob Gonzalez","33225",694378
"Matt Vierling","DET",4,17,15,4,2,1,0,0,2,2,1,0,3,0,0,0,,0,0,0.243553,0.0774121,0.201354,0.384457,0.306231,0.378581,0.302342,0.684812,0.135028,5.10368,0.287081,0.00606426,-0.00555135,1.7757,-0.186204,91.9913,0.000512915,0.0360697,-0.15355627064127475,-0.1022019125521183,0.0336945,999,,,,,,,13.3,3.325,13.3,3.325,,,,,,,,,,,,,,,,,,,"Matt Vierling","21558",663837
"Ryan O'Hearn","PIT",6,25,22,6,4,1,0,1,3,3,2,0,5,0,0,0,,0,0,0.257229,0.0839876,0.202764,0.414214,0.325556,0.407665,0.322505,0.733221,0.150436,3.20438,0.300267,-0.0137457,-0.0208592,3.03684,0.124647,100.81,-0.0346049,0.0653203,-0.010568497702479362,-0.4578278511762619,0.0335167,285.44000244140625,,,,,,,29.9,4.983333333,29.9,4.983333333,,,,,,,,,,,,,,,,,,,"Ryan O'Hearn","16442",656811
"Jonatan Clase","TOR",4,18,16,4,2,1,0,0,2,2,2,0,5,0,0,0,,1,0,0.221467,0.08669,0.279338,0.310341,0.292212,0.361523,0.290141,0.653734,0.140056,6.69041,0.291074,0.000392806,0.0989201,1.76336,-0.382468,84.3626,0.0993129,0.0912709,-0.22971852868795395,-0.08465500175952911,0.0333221,999,,,,,,,17.2,4.3,17.2,4.3,,,,,,,,,,,,,,,,,,,"Jonatan Clase","26599",682729
"Drew Romo","CHW",6,25,23,5,4,1,0,1,2,2,1,0,6,0,0,0,,0,0,0.220659,0.0567157,0.239969,0.236346,0.271261,0.344275,0.272337,0.615536,0.123616,3.6841,0.270012,-0.0000646465,-0.0168143,2.09319,-0.896372,71.0862,-0.0168789,-0.197412,-0.864474780857563,0.2964148372411728,0.0331635,999,,,,,,,20.3,3.383333333,20.3,3.383333333,,,,,,,,,,,,,,,,,,,"Drew Romo","27763",691011
"Emmanuel Rodriguez","MIN",2,7,6,1,1,0,0,0,1,1,1,0,2,0,0,0,,0,0,0.229155,0.149921,0.322025,0.465557,0.35196,0.407489,0.337848,0.759448,0.178334,5.76023,0.328231,0,-0.00410901,0.90879,0.116878,116.206,-0.00410901,0.0351821,0.12173359328880906,-0.03657712787389755,0.0328066,999,,,,,,,2.6,1.3,2.6,1.3,,,,,,,,,,,,,,,,,,,"Emmanuel Rodriguez","sa3014693",691181
"Jonah Cox","SFG",7,30,28,6,5,1,0,0,4,2,2,0,8,0,0,0,,2,1,0.231874,0.0568651,0.279086,0.203755,0.281143,0.33933,0.27481,0.620473,0.107456,8.59916,0.315789,0,0.223266,2.57912,-1.01769,73.0558,0.223266,-0.0151831,-0.7643843591213226,0.09345892071723938,0.0319747,999,,,,,,,15.5,2.214285714,15.5,2.214285714,,,,,,,,,,,,,,,,,,,"Jonah Cox","33270",813841
"Jesus Rodriguez","SFG",4,15,14,3,3,1,0,0,2,1,1,0,3,0,0,0,,0,0,0.247006,0.0745986,0.178833,0.417141,0.307862,0.348771,0.293095,0.656634,0.101766,4.26985,0.289068,-0.000112117,-0.00387219,1.51021,-0.283526,85.3095,-0.00398431,-0.204773,-0.27252832474187016,0.09152284264564514,0.0316034,999,,,,,,,8.7,2.175,8.7,2.175,,,,,,,,,,,,,,,,,,,"Jesus Rodriguez","26991",683679
"TJ Friedl","CIN",18,76,67,15,11,3,0,1,9,7,7,0,15,2,1,0,,1,0,0.229735,0.0909652,0.191998,0.473782,0.315006,0.347254,0.298222,0.66226,0.117519,5.17785,0.271043,0.0209268,0.0318332,7.91695,-1.11086,81.5864,0.05276,-0.180847,-1.6413446925580502,-0.5205076634883881,0.0315376,265.1499938964844,,,,,,,64,3.555555555,64,3.555555555,,,,,,,,,,,,,,,,,,,"TJ Friedl","19522",670770
"Joshua Kuroda-Grauer","ATH",8,33,31,8,6,2,0,0,3,3,1,0,5,0,0,0,,1,0,0.257355,0.0392457,0.148023,0.265133,0.293984,0.354069,0.286156,0.648052,0.0967132,4.57315,0.291994,0,0.00384281,3.14606,-0.813506,78.1049,0.00384281,0.11355,-0.8462607464753091,-0.03475248068571091,0.0308095,999,,,,,,,24.5,3.0625,24.5,3.0625,,,,,,,,,,,,,,,,,,,"Joshua Kuroda-Grauer","35121",811965
"Anthony Volpe","NYY",2,7,6,1,1,0,0,0,1,1,1,0,2,0,0,0,,0,0,0.233491,0.0840325,0.232642,0.361209,0.303731,0.394821,0.307007,0.698552,0.16133,6.1665,0.281088,0.00460625,0.0147838,0.765921,-0.0515376,96.6437,0.01939,0.018694,-0.007513528689742088,0.06313839368522167,0.0305742,641.989990234375,,,,,,,2.6,1.3,2.6,1.3,,,,,,,,,,,,,,,,,,,"Anthony Volpe","27647",683011
"Blake Perkins","CLE",4,16,14,3,2,1,0,0,2,1,2,0,4,0,0,0,,1,0,0.219715,0.102245,0.251675,0.406257,0.303294,0.331539,0.286508,0.634833,0.111824,5.52212,0.285186,0.00215652,0.0234504,1.51467,-0.385917,82.423,0.0256069,-0.00218974,-0.30196791514754295,0.016946064773947,0.0288434,999,,,,,,,13.6,3.4,13.6,3.4,,,,,,,,,,,,,,,,,,,"Blake Perkins","19921",663368
"Donovan Walton","ATH",17,72,64,15,10,3,0,1,7,7,6,0,13,1,1,0,,1,0,0.230747,0.0889431,0.183068,0.485848,0.308141,0.343323,0.29289,0.651464,0.112576,3.11004,0.267792,-0.000436696,-0.0953578,7.18885,-1.36381,82.7953,-0.0957945,-1.09077,-1.5386532321572304,-0.7367532253265381,0.0285818,999,,,,,,,61,3.588235294,61,3.588235294,,,,,,,,,,,,,,,,,,,"Donovan Walton","19314",622268
"Brock Rodden","SEA",5,21,19,4,3,1,0,1,2,2,1,0,7,0,0,0,,0,0,0.205417,0.068763,0.304698,0.225676,0.265983,0.339525,0.26866,0.605508,0.134108,4.83417,0.274448,0,0.0055544,1.71066,-0.823457,75.4309,0.0055544,-0.0750714,-0.6049563093110919,0.1258544772863388,0.0283577,999,,,,,,,18.7,3.74,18.7,3.74,,,,,,,,,,,,,,,,,,,"Brock Rodden","33191",801126
"Shay Whitcomb","SFG",4,19,18,4,3,1,0,1,2,2,1,0,6,0,0,0,,1,0,0.223456,0.0594378,0.294174,0.20205,0.275905,0.378751,0.287353,0.654655,0.155295,4.33321,0.285211,-0.000422029,0.0462449,1.83733,-0.451552,81.4614,0.0458229,-0.0623678,-0.38661184534430504,0.03639760613441467,0.0281707,999,,,,,,,21.6,5.4,21.6,5.4,,,,,,,,,,,,,,,,,,,"Shay Whitcomb","27789",694376
"Tommy Troy","ARI",4,17,16,4,2,1,0,0,2,2,1,0,4,0,0,0,,0,0,0.231717,0.0833583,0.243709,0.34204,0.301544,0.35917,0.294035,0.660714,0.127453,5.44607,0.293778,-0.000122121,0.0125921,1.74674,-0.31223,82.6151,0.01247,0.0172211,-0.35232026129961014,0.06027662009000778,0.0276851,999,,,,,,,12.3,3.075,12.3,3.075,,,,,,,,,,,,,,,,,,,"Tommy Troy","33279",694371
"Anthony Seigler","BOS",3,11,10,2,1,1,0,0,1,1,1,0,2,0,0,0,,0,0,0.227709,0.118138,0.201335,0.58677,0.322478,0.349453,0.303115,0.671931,0.121744,4.35786,0.273984,-0.0000232727,0.0111704,1.19071,-0.117224,88.5168,0.0111471,-0.0399199,-0.13612631894648075,-0.00041368231177330017,0.0259256,999,,,,,,,7.1,2.366666666,7.1,2.366666666,,,,,,,,,,,,,,,,,,,"Anthony Seigler","23802",678011
"Alejandro Osuna","TEX",5,20,18,4,3,1,0,0,2,2,2,0,4,0,0,0,,1,0,0.243522,0.0866783,0.195346,0.443716,0.320373,0.358869,0.30413,0.679242,0.115347,4.60544,0.290599,0.0010252,-0.0100142,2.17928,-0.196461,94.9218,-0.00898897,-0.152321,-0.12728858459740877,-0.32932670414447784,0.0258251,999,,,,,,,15.2,3.04,15.2,3.04,,,,,,,,,,,,,,,,,,,"Alejandro Osuna","27915",696030
"Luis Urías","TOR",2,9,8,2,1,0,0,0,1,1,1,0,2,0,0,0,,0,0,0.238096,0.0877482,0.176156,0.498127,0.317949,0.37153,0.307554,0.689479,0.133435,2.7637,0.268396,-0.000223771,-0.0092011,1.00928,-0.0636361,96.4909,-0.00942487,-0.0650193,-0.046342821791768074,-0.02335263043642044,0.0255805,999,,,,,,,6.2,3.1,6.2,3.1,,,,,,,,,,,,,,,,,,,"Luis Urias","16622",649966
"Heston Kjerstad","BAL",7,28,26,6,4,1,0,1,3,3,2,0,7,0,0,0,,0,0,0.237488,0.0551559,0.263542,0.209286,0.291008,0.392196,0.299533,0.683204,0.154708,4.07187,0.297844,-0.00106721,-0.0283683,2.94655,-0.379478,91.7594,-0.0294355,-0.0565901,-0.29819522611796856,-0.45365797728300095,0.0246768,999,,,,,,,25.9,3.7,25.9,3.7,,,,,,,,,,,,,,,,,,,"Heston Kjerstad","31166",677008
"Victor Scott II","STL",7,29,26,6,4,1,0,0,3,2,2,0,6,0,0,0,,2,0,0.216835,0.0727482,0.216797,0.335559,0.284739,0.305183,0.266822,0.589922,0.088348,6.60237,0.270686,0.00831012,0.191791,2.23396,-1.13805,67.4609,0.200101,0.132815,-0.9180871695280075,0.2346666306257248,0.0244275,391.1300048828125,,,,,,,20.3,2.9,20.3,2.9,,,,,,,,,,,,,,,,,,,"Victor Scott II","31349",687363
"Masataka Yoshida","BOS",3,11,10,3,2,1,0,0,1,1,1,0,1,0,0,0,,0,0,0.274381,0.0824943,0.134232,0.614564,0.34251,0.414837,0.333435,0.757347,0.140456,3.80615,0.298724,-0.00394971,-0.00139844,1.46155,0.153616,109.635,-0.00534816,0,0.1182183064520359,-0.27654320001602173,0.0237047,748.3300170898438,,,,,,,12.7,4.233333333,12.7,4.233333333,,,,,,,,,,,,,,,,,,,"Masataka Yoshida","31837",807799
"Kevin Alcántara","CHC",2,9,8,2,1,0,0,0,1,1,1,0,3,0,0,0,,0,0,0.238811,0.0791644,0.3079,0.25711,0.300673,0.407436,0.309426,0.70811,0.168625,4.72898,0.319673,0.0000336434,-0.0045254,1.05709,-0.0515833,95.6625,-0.00449176,0.0634559,-0.0534998825751245,-0.017871305346488953,0.0236629,999,,,,,,,6.2,3.1,6.2,3.1,,,,,,,,,,,,,,,,,,,"Kevin Alcantara","25971",682634
"Edwin Arroyo","CIN",4,19,17,4,3,1,0,0,2,2,1,0,4,0,0,0,,0,0,0.238196,0.0522676,0.230312,0.226942,0.285178,0.371585,0.28855,0.656763,0.133389,5.61656,0.291262,-0.0000936691,0.00506287,1.79805,-0.419304,75.105,0.0049692,0.087378,-0.5575890927575529,0.17348910123109818,0.0227201,999,,,,,,,11.3,2.825,11.3,2.825,,,,,,,,,,,,,,,,,,,"Edwin Arroyo","29957",695490
"Parks Harber","SFG",3,12,11,3,2,1,0,0,1,1,1,0,3,0,0,0,,0,0,0.2376,0.079317,0.279707,0.283571,0.303922,0.382201,0.302792,0.686123,0.144601,3.45752,0.31361,0,-0.0126334,1.3363,-0.135129,91.8082,-0.0126334,0.0252952,-0.13547322247177362,-0.048778899013996124,0.0222779,999,,,,,,,11.7,3.9,11.7,3.9,,,,,,,,,,,,,,,,,,,"Parks Harber","sa3025308",692238
"Petey Halpin","CLE",8,33,31,7,5,1,0,1,3,3,2,0,8,0,0,0,,1,0,0.222876,0.0642026,0.252876,0.25389,0.275267,0.34184,0.273226,0.617107,0.118964,5.59396,0.284076,0,0.0219891,2.79639,-1.16318,73.1719,0.0219891,-0.0703772,-1.0196424089372158,0.049221575260162354,0.0216947,999,,,,,,,28.4,3.55,28.4,3.55,,,,,,,,,,,,,,,,,,,"Petey Halpin","27931",690984
"Alex Freeland","LAD",2,11,9,2,1,0,0,0,1,1,1,0,3,0,0,0,,0,0,0.213843,0.107427,0.276443,0.388605,0.304519,0.347935,0.293437,0.652453,0.134091,4.57582,0.279211,-0.000072093,0.0104437,1.06974,-0.197317,83.6842,0.0103716,0.014562,-0.20030991826206446,0.0624014800414443,0.0212995,999,,,,,,,5.2,2.6,5.2,2.6,,,,,,,,,,,,,,,,,,,"Alex Freeland","31665",690976
"Gustavo Campero","LAA",11,45,41,9,6,2,0,1,5,5,3,0,10,1,0,0,,1,0,0.234331,0.0600259,0.218205,0.275089,0.301322,0.377179,0.300552,0.678501,0.142848,5.37388,0.277247,-0.000103333,0.0750446,4.75961,-0.571095,89.8014,0.0749412,-0.594996,-0.458151213824749,-0.9298723936080933,0.0208925,999,,,,,,,38.5,3.5,38.5,3.5,,,,,,,,,,,,,,,,,,,"Gustavo Campero","22707",672569
"Curtis Mead","BOS",2,8,7,2,1,0,0,0,1,1,1,0,2,0,0,0,,0,0,0.257187,0.0785329,0.207246,0.378936,0.3273,0.416945,0.326632,0.744245,0.159758,4.76378,0.303032,0.000389774,-0.00411635,1.05058,0.0696314,104.896,-0.00372658,-0.0500282,0.04336766479536891,-0.13891711831092834,0.0201431,999,,,,,,,7.2,3.6,7.2,3.6,,,,,,,,,,,,,,,,,,,"Curtis Mead","23986",678554
"Mike Tauchman",,5,20,17,4,3,1,0,0,2,2,2,0,5,0,0,0,,0,0,0.221406,0.112503,0.228872,0.491552,0.316027,0.332444,0.29434,0.648471,0.111038,3.10577,0.27595,-0.00593769,-0.0214157,2.02042,-0.355313,84.8469,-0.0273534,0.115105,-0.3872932754456997,-0.10017304122447968,0.019641,999,,,,,,,14.3,2.86,14.3,2.86,,,,,,,,,,,,,,,,,,,"Mike Tauchman","15274",643565
"Jorge Soler",,6,27,24,5,3,1,0,1,3,3,3,0,8,0,0,0,,0,0,0.22362,0.10011,0.284606,0.351751,0.308982,0.413003,0.317082,0.721985,0.189383,2.35881,0.277434,-0.029081,-0.0306526,3.18589,0.0182449,100.381,-0.0597336,0,-0.04765785112977028,-0.6697530746459961,0.0193112,634.8099975585938,,,,,,,25.3,4.216666666,25.3,4.216666666,,,,,,,,,,,,,,,,,,,"Jorge Soler","14221",624585
"Ben Rortvedt","LAD",8,31,27,6,4,1,0,1,3,3,2,0,8,0,0,0,,0,0,0.209483,0.0801184,0.253195,0.31643,0.282554,0.323452,0.272724,0.606006,0.11397,2.75462,0.26568,-0.00266162,-0.0237274,2.54429,-1.07588,69.8032,-0.026389,-0.26195,-1.1404523588716984,0.33604365587234497,0.0190183,999,,,,,,,24.9,3.1125,24.9,3.1125,,,,,,,,,,,,,,,,,,,"Ben Rortvedt","20287",666163
"Davis Schneider","TOR",1,5,4,1,1,0,0,0,1,1,1,0,1,0,0,0,,0,0,0.215275,0.139647,0.275826,0.506286,0.333585,0.386506,0.322309,0.720091,0.17123,3.92546,0.273266,-0.00106061,-0.000592617,0.638511,0.0254178,106.768,-0.00165322,-0.0246319,0.03903214761521667,-0.04315038025379181,0.0182577,999,,,,,,,4.6,4.6,4.6,4.6,,,,,,,,,,,,,,,,,,,"Davis Schneider","23565",676914
"Enrique Hernández","LAD",15,64,58,13,8,3,0,2,7,7,5,0,14,0,0,0,,0,0,0.220139,0.0738299,0.224905,0.328271,0.281425,0.357053,0.282691,0.638478,0.136913,2.83137,0.261118,0.0128164,-0.0582691,5.86052,-1.74184,76.4828,-0.0454528,-0.1463,-1.8674804605543613,-0.0410531610250473,0.017584,999,,,,,,,57.3,3.82,57.3,3.82,,,,,,,,,,,,,,,,,,,"Enrique Hernandez","10472",571771
"Ryan Mountcastle","BAL",2,7,6,2,1,0,0,0,1,1,0,0,2,0,0,0,,0,0,0.2572,0.0685457,0.241345,0.284015,0.311881,0.440143,0.326185,0.752024,0.182943,3.53062,0.306199,0.000759396,-0.00395912,0.845707,0.0537947,110.322,-0.00319972,0.00710008,0.07695654546841979,-0.15077030193060637,0.0166001,748.0900268554688,,,,,,,5.2,2.6,5.2,2.6,,,,,,,,,,,,,,,,,,,"Ryan Mountcastle","18373",663624
"Ronny Mauricio","NYM",2,7,6,2,1,0,0,0,1,1,0,0,2,0,0,0,,0,0,0.241665,0.0464084,0.251978,0.184177,0.280985,0.405103,0.298017,0.686088,0.163438,5.16633,0.29099,-0.0000424658,0.00699681,0.693362,-0.0985508,89.5016,0.00695434,-0.0116152,-0.07777198357507586,0.021872487850487232,0.0164005,999,,,,,,,5.2,2.6,5.2,2.6,,,,,,,,,,,,,,,,,,,"Ronny Mauricio","23698",677595
"Osleivis Basabe","SFG",14,59,55,13,9,3,0,1,6,6,3,0,11,1,0,0,,1,0,0.243207,0.0486459,0.1894,0.256843,0.285082,0.354185,0.281861,0.639268,0.110978,5.06608,0.287464,0,0.00117789,5.37955,-1.65059,77.781,0.00117789,-0.415704,-1.5906976674450561,-0.17372888326644897,0.0163068,999,,,,,,,49.8,3.557142857,49.8,3.557142857,,,,,,,,,,,,,,,,,,,"Osleivis Basabe","23985",678545
"Jake Mangum","PIT",17,74,68,18,13,3,0,1,8,6,4,0,14,1,1,0,,3,1,0.260778,0.0476773,0.189326,0.251826,0.303591,0.349703,0.289843,0.653294,0.0889254,5.81692,0.316542,0.00701792,0.108776,7.16165,-1.57494,78.921,0.115794,0.0428052,-1.760975144803524,-0.47108370810747147,0.0162535,672.4199829101562,,,,,,,68.8,4.047058823,68.8,4.047058823,,,,,,,,,,,,,,,,,,,"Jake Mangum","26202",663968
"Alex Jackson","MIN",2,7,7,2,1,0,0,0,1,1,0,0,2,0,0,0,,0,0,0.223835,0.0620093,0.312824,0.198224,0.282356,0.398497,0.297716,0.680854,0.174662,3.71531,0.295645,-0.000290625,-0.00545928,0.770787,-0.111629,88.2534,-0.00574991,-0.0992487,-0.1073898496106267,-0.0035696476697921753,0.0155704,999,,,,,,,4.2,2.1,4.2,2.1,,,,,,,,,,,,,,,,,,,"Alex Jackson","17276",656577
"Yohendrick Piñango","TOR",5,21,19,4,3,1,0,1,2,2,2,0,5,0,0,0,,0,0,0.238417,0.0763184,0.242712,0.31444,0.29805,0.380234,0.298645,0.678284,0.141817,3.62751,0.2968,0,-0.0175849,2.1577,-0.294675,90.2855,-0.0175849,-0.0549728,-0.25118985399603844,-0.3327505774796009,0.0151794,999,,,,,,,21.7,4.34,21.7,4.34,,,,,,,,,,,,,,,,,,,"Yohendrick Pinango","26664",682818
"Michael Stefanic","ATH",5,21,19,5,4,1,0,0,2,2,2,0,3,0,0,0,,0,0,0.24702,0.0903475,0.147548,0.612327,0.329481,0.318973,0.296174,0.648454,0.071953,3.01636,0.286613,-0.000289333,-0.031757,2.18685,-0.347267,85.0822,-0.0320463,-0.102169,-0.4027358591556549,-0.20741575956344604,0.0149976,999,,,,,,,17.9,3.58,17.9,3.58,,,,,,,,,,,,,,,,,,,"Michael Stefanic","25353",683021
"Edgar Quero","CHW",2,9,8,2,1,0,0,0,1,1,1,0,2,0,0,0,,0,0,0.239652,0.086556,0.194222,0.445656,0.316438,0.3502,0.299425,0.666638,0.110548,2.19813,0.283599,-0.00495547,-0.0112903,0.926197,-0.120149,89.9535,-0.0162458,-0.221784,-0.1193236168473959,-0.04894442856311798,0.014722,475.1000061035156,,,,,,,6.2,3.1,6.2,3.1,,,,,,,,,,,,,,,,,,,"Edgar Quero","28022",700337
"Mickey Gasper","BOS",3,11,10,2,2,1,0,0,1,1,1,0,2,0,0,0,,0,0,0.248455,0.102106,0.184948,0.55208,0.336261,0.38578,0.321827,0.722042,0.137325,3.33922,0.288968,-0.000391837,-0.00823108,1.34331,0.0493866,101.549,-0.00862291,-0.0567542,0.011036043986678123,-0.2542851120233536,0.0146201,999,,,,,,,7.1,2.366666666,7.1,2.366666666,,,,,,,,,,,,,,,,,,,"Mickey Gasper","24759",681508
"Josh Rojas","KCR",3,13,12,3,2,1,0,0,1,1,1,0,3,0,0,0,,0,0,0.231843,0.0805239,0.201301,0.400018,0.295185,0.339436,0.283425,0.634621,0.107593,4.25352,0.27944,-0.00211017,0.0054955,1.18924,-0.343494,76.002,0.00338533,-0.0175235,-0.3572918502613902,0.038032062351703644,0.0141464,999,,,,,,,10.7,3.566666666,10.7,3.566666666,,,,,,,,,,,,,,,,,,,"Josh Rojas","19734",668942
"Jeremiah Jackson","BAL",2,11,10,2,1,1,0,0,1,1,0,0,3,0,0,0,,0,0,0.236239,0.0461296,0.241187,0.191261,0.27466,0.396986,0.292016,0.671647,0.160748,4.26101,0.28093,-0.000458728,-0.00398072,1.05744,-0.209615,86.5235,-0.00443945,-0.0526246,-0.1718759867362678,-0.07176040858030319,0.0137624,999,,,,,,,4.1,2.05,4.1,2.05,,,,,,,,,,,,,,,,,,,"Jeremiah Jackson","22239",669236
"Jase Bowen","SDP",6,27,25,5,3,1,0,1,3,3,2,0,8,0,0,0,,1,0,0.215024,0.0569219,0.306387,0.185784,0.268599,0.358136,0.276105,0.626735,0.143113,6.06234,0.286895,-0.000258333,0.0496708,2.2994,-0.868253,75.2476,0.0494125,0.225876,-0.7496387474238873,0.015382349491119385,0.0135419,999,,,,,,,23.2,3.866666666,23.2,3.866666666,,,,,,,,,,,,,,,,,,,"Jase Bowen","26047",687749
"Thomas Saggese","STL",2,6,6,1,1,0,0,0,1,1,0,0,2,0,0,0,,0,0,0.240381,0.0619741,0.253128,0.244833,0.294109,0.375842,0.295313,0.669951,0.135462,4.38534,0.303009,0.00031701,-0.00234805,0.656844,-0.109523,86.5548,-0.00203104,-0.0263961,-0.10703927557915449,0.02452983148396015,0.0129748,999,,,,,,,-0.4,-0.2,-0.4,-0.2,,,,,,,,,,,,,,,,,,,"Thomas Saggese","27883",695336
"Wenceel Pérez","DET",1,6,5,1,1,0,0,0,1,1,0,0,1,0,0,0,,0,0,0.239472,0.0801458,0.201777,0.3972,0.30371,0.392589,0.305744,0.696299,0.153117,6.37787,0.278765,0.00305934,0.00458552,0.607096,-0.0468703,94.3613,0.00764486,0.0145927,-0.028513834811747074,-0.0446665259078145,0.0124622,748.5399780273438,,,,,,,0.6,0.6,0.6,0.6,,,,,,,,,,,,,,,,,,,"Wenceel Perez","22857",672761
"Drew Millas","WSN",2,6,5,1,1,0,0,0,1,1,0,0,1,0,0,0,,0,0,0.233479,0.0787268,0.193592,0.406663,0.297045,0.339378,0.284407,0.636422,0.105899,4.83511,0.277932,0.000590164,0.00225385,0.548352,-0.152326,77.1514,0.00284402,-0.0273753,-0.16031011007726192,0.08836544118821621,0.0122187,999,,,,,,,0.6,0.3,0.6,0.3,,,,,,,,,,,,,,,,,,,"Drew Millas","25643",686452
"James McCann","ARI",7,28,26,6,4,1,0,1,3,3,2,0,7,0,0,0,,0,0,0.236422,0.0561395,0.246549,0.227701,0.285964,0.373084,0.290076,0.659048,0.136662,2.76208,0.291909,-0.0226378,-0.0256741,2.73544,-0.595116,79.9618,-0.0483119,-0.614324,-0.7284491695463657,-0.06416958570480347,0.0121382,999,,,,,,,25.9,3.7,25.9,3.7,,,,,,,,,,,,,,,,,,,"James McCann","12859",543510
"Yohandy Morales","WSN",3,13,12,3,2,1,0,0,1,1,1,0,4,0,0,0,,0,0,0.244933,0.068858,0.270698,0.254372,0.302326,0.394546,0.305933,0.696872,0.149613,3.47766,0.315092,-0.000108696,-0.0139015,1.42485,-0.107882,91.5771,-0.0140102,0.0990818,-0.14557820558547974,-0.16017743945121765,0.0116019,999,,,,,,,10.7,3.566666666,10.7,3.566666666,,,,,,,,,,,,,,,,,,,"Yohandy Morales","sa3022672",691002
"Adrian Del Castillo","ARI",1,5,5,1,1,0,0,0,1,1,0,0,1,0,0,0,,0,0,0.227123,0.0846879,0.264686,0.319956,0.29637,0.379321,0.298166,0.675691,0.152198,3.13721,0.288112,-0.000720294,-0.00516647,0.531536,-0.074843,85.3839,-0.00588676,0.0605304,-0.09620911348611116,0.04139461740851402,0.0113335,999,,,,,,,0.6,0.6,0.6,0.6,,,,,,,,,,,,,,,,,,,"Adrian Del Castillo","29554",680728
"Jace Jung","DET",1,4,4,1,1,0,0,0,0,0,0,0,1,0,0,0,,0,0,0.226086,0.116332,0.258553,0.449936,0.318072,0.389597,0.313718,0.707669,0.163511,2.62991,0.280504,0.0000515436,-0.00530188,0.482033,-0.0084421,99.9151,-0.00525033,-0.016416,-0.005658730835421011,-0.031230812892317772,0.0111813,999,,,,,,,1.6,1.6,1.6,1.6,,,,,,,,,,,,,,,,,,,"Jace Jung","31437",690291
"Luke Maile","KCR",2,6,5,1,1,0,0,0,1,1,1,0,2,0,0,0,,0,0,0.219921,0.0899317,0.255362,0.352174,0.299989,0.331621,0.285085,0.63161,0.1117,2.79565,0.283837,-0.000225,-0.00426106,0.551596,-0.149082,77.1582,-0.00448606,-0.0541344,-0.16142324544489384,0.06160634383559227,0.0111698,999,,,,,,,3.6,1.8,3.6,1.8,,,,,,,,,,,,,,,,,,,"Luke Maile","13355",571912
"Yohel Pozo","BAL",1,5,5,1,1,0,0,0,0,1,0,0,1,0,0,0,,0,0,0.24824,0.0282082,0.163312,0.172726,0.270565,0.386569,0.28515,0.657133,0.138329,2.44467,0.271522,-0.00183048,-0.00371563,0.456245,-0.122983,81.7418,-0.00554611,-0.0512272,-0.1092472868040204,0.04445185884833336,0.0110402,999,,,,,,,0.6,0.6,0.6,0.6,,,,,,,,,,,,,,,,,,,"Yohel Pozo","18848",650968
"Tristan Gray","MIN",2,11,10,2,1,0,0,0,1,1,1,0,3,0,0,0,,0,0,0.220575,0.0574778,0.294701,0.195038,0.27103,0.37855,0.284305,0.64958,0.157975,3.91643,0.285055,-0.0011651,-0.00811037,0.990718,-0.276342,78.9125,-0.00927547,-0.0682428,-0.27127412613481283,-0.0012675076723098755,0.0108156,999,,,,,,,4.2,2.1,4.2,2.1,,,,,,,,,,,,,,,,,,,"Tristan Gray","19877",656484
"Ben Williamson","TBR",2,7,6,2,1,0,0,0,1,1,0,0,1,0,0,0,,0,0,0.242768,0.0718666,0.209733,0.342658,0.303416,0.342284,0.288477,0.6457,0.0995154,5.19762,0.30041,-0.000496842,0.00631191,0.662468,-0.15499,81.6923,0.00581507,-0.0343151,-0.14093411108478904,0.00025276467204093933,0.0105614,999,,,,,,,5.2,2.6,5.2,2.6,,,,,,,,,,,,,,,,,,,"Ben Williamson","33197",810938
"Marcell Ozuna",,3,13,12,3,2,1,0,0,1,2,1,0,3,0,0,0,,0,0,0.235356,0.105997,0.246442,0.430111,0.319548,0.399221,0.317323,0.71877,0.163865,1.85172,0.284079,-0.0108309,-0.0161547,1.59556,0.0117338,100.546,-0.0269856,0,-0.01833636872470379,-0.33487653732299805,0.0102155,377.510009765625,,,,,,,10.7,3.566666666,10.7,3.566666666,,,,,,,,,,,,,,,,,,,"Marcell Ozuna","10324",542303
"Ivan Johnson","CIN",4,17,15,3,2,1,0,1,2,2,2,0,5,0,0,0,,1,0,0.220495,0.0875521,0.305694,0.286405,0.297593,0.377973,0.299236,0.675566,0.157478,5.45805,0.296273,-0.0000428723,0.0260235,1.81989,-0.239085,82.2664,0.0259806,0.00965225,-0.3461263421922922,-0.1195144085213542,0.00998748,999,,,,,,,22,5.5,22,5.5,,,,,,,,,,,,,,,,,,,"Ivan Johnson","27593",671155
"Nate Furman","SFG",3,11,10,2,2,0,0,0,1,1,1,0,2,0,0,0,,0,0,0.236394,0.0842494,0.185493,0.454191,0.310544,0.326825,0.288294,0.637369,0.0904312,4.37984,0.28135,0,0.0124112,1.05831,-0.249619,82.0924,0.0124112,-0.0735303,-0.22628328297287226,-0.034024111926555634,0.00996191,999,,,,,,,4.2,1.4,4.2,1.4,,,,,,,,,,,,,,,,,,,"Nate Furman","31988",801501
"Jasson Domínguez","NYY",1,4,4,1,1,0,0,0,0,0,0,0,1,0,0,0,,0,0,0.245953,0.087005,0.23903,0.363992,0.314151,0.39749,0.313121,0.711641,0.151537,5.62222,0.300872,0.0000324324,0.0158418,0.480031,-0.0104438,100.902,0.0158742,-0.0253482,0.020210855174809694,-0.06979268789291382,0.00988734,421.5400085449219,,,,,,,1.6,1.6,1.6,1.6,,,,,,,,,,,,,,,,,,,"Jasson Dominguez","28080",691176
"Rece Hinds","BAL",2,7,6,1,1,0,0,0,1,1,0,0,2,0,0,0,,0,0,0.229336,0.0577998,0.328283,0.176067,0.280759,0.418322,0.303047,0.699082,0.188986,6.18225,0.3083,0.0000809702,0.00744211,0.720567,-0.0713452,94.207,0.00752308,0.00450027,-0.03746053483337164,-0.1055305995978415,0.0095477,999,,,,,,,-0.4,-0.2,-0.4,-0.2,,,,,,,,,,,,,,,,,,,"Rece Hinds","27493",677956
"Nacho Alvarez Jr.","LAA",1,4,4,1,1,0,0,0,0,0,0,0,1,0,0,0,,0,0,0.233456,0.0922567,0.214175,0.430755,0.31662,0.33878,0.296138,0.655401,0.105325,3.79287,0.287031,-0.000192414,-0.0000296469,0.409919,-0.065229,86.7268,-0.000222061,-0.00203832,-0.062063745979685336,0.012313529383391142,0.00940323,999,,,,,,,1.6,1.6,1.6,1.6,,,,,,,,,,,,,,,,,,,"Nacho Alvarez Jr.","31765",805373
"Matthew Lugo","KCR",5,22,20,5,3,1,0,1,3,2,1,0,6,0,0,0,,0,0,0.234407,0.0539321,0.265249,0.203326,0.283396,0.388555,0.293734,0.671951,0.154148,6.15419,0.299254,-0.000304478,-0.00705427,2.20517,-0.400478,83.1825,-0.00735874,-0.093086,-0.43704752577468753,-0.2551230192184448,0.00881512,999,,,,,,,23.3,4.66,23.3,4.66,,,,,,,,,,,,,,,,,,,"Matthew Lugo","25980",683090
"Corey Julks","DET",4,19,18,4,3,1,0,0,2,2,1,0,5,0,0,0,,0,0,0.233528,0.0730475,0.232761,0.31383,0.292779,0.364855,0.291095,0.657634,0.131327,4.11535,0.284386,-0.000296198,0.0156087,1.89583,-0.393051,84.1579,0.0153125,-0.0518551,-0.34024812933057547,-0.2592625021934509,0.00861142,999,,,,,,,10.3,2.575,10.3,2.575,,,,,,,,,,,,,,,,,,,"Corey Julks","20311",667452
"Brandon Lockridge","MIL",2,11,10,2,2,0,0,0,1,1,1,0,3,0,0,0,,1,0,0.230669,0.0816294,0.267848,0.304761,0.298255,0.330161,0.282209,0.628416,0.0994916,6.26129,0.310415,-0.000362044,0.0613614,0.97258,-0.29448,76.4011,0.0609994,-0.00118452,-0.24372568354010582,-0.020320322480984032,0.00844016,999,,,,,,,6.1,3.05,6.1,3.05,,,,,,,,,,,,,,,,,,,"Brandon Lockridge","21496",663604
"Mitch Garver","NYY",1,4,3,1,0,0,0,0,0,0,0,0,1,0,0,0,,0,0,0.205136,0.112687,0.289256,0.389576,0.302192,0.349224,0.29302,0.651416,0.144088,3.00855,0.266683,-0.00234105,-0.00314332,0.377325,-0.0711094,86.9017,-0.00548437,-0.0643988,-0.06308027124032378,0.009675249457359314,0.00821683,999,,,,,,,2.6,2.6,2.6,2.6,,,,,,,,,,,,,,,,,,,"Mitch Garver","15161",641598
"J.C. Escarra","NYY",1,3,2,1,0,0,0,0,0,0,0,0,0,0,0,0,,0,0,0.2235,0.0807685,0.188563,0.428336,0.29579,0.348216,0.287759,0.644006,0.124716,3.23575,0.258377,-0.000362171,-0.00217178,0.240807,-0.0581489,83.2371,-0.00253395,-0.00834201,-0.05167378508485854,0.04104070831090212,0.00802352,999,,,,,,,3.6,3.6,3.6,3.6,,,,,,,,,,,,,,,,,,,"J.C. Escarra","20084",641555
"Garrett Stubbs","PHI",2,7,7,1,1,0,0,0,1,1,1,0,2,0,0,0,,0,0,0.220532,0.0815426,0.239492,0.340481,0.294436,0.328063,0.280385,0.622498,0.107531,4.34168,0.278639,-0.000509286,0.00426969,0.65609,-0.212751,72.8511,0.00376041,-0.0663277,-0.23662782297469676,0.07719084620475769,0.00799195,999,,,,,,,1.6,0.8,1.6,0.8,,,,,,,,,,,,,,,,,,,"Garrett Stubbs","18067",596117
"Bo Naylor","MIL",1,2,2,0,0,0,0,0,0,0,0,0,1,0,0,0,,0,0,0.213215,0.105886,0.271649,0.38979,0.300239,0.379699,0.301287,0.679938,0.166484,3.96695,0.265044,-0.000254009,-0.000964536,0.26004,-0.0295734,89.1867,-0.00121854,-0.019514,-0.033133661723695695,0.028325488790869713,0.00759183,574.2899780273438,,,,,,,-2,-2,-2,-2,,,,,,,,,,,,,,,,,,,"Bo Naylor","21865",666310
"Ryan Ward","LAD",1,5,5,1,1,0,0,0,1,1,0,0,1,0,0,0,,0,0,0.223509,0.0781686,0.254324,0.307359,0.286039,0.419384,0.306645,0.705424,0.195875,3.99976,0.255768,-0.000120556,-0.00307102,0.59202,-0.0415099,92.5357,-0.00319157,0.0168873,-0.051383719546720386,-0.050088051706552505,0.00733468,999,,,,,,,0.6,0.6,0.6,0.6,,,,,,,,,,,,,,,,,,,"Ryan Ward","27449",669899
"Joey Loperfido","HOU",1,4,4,1,1,0,0,0,0,0,0,0,1,0,0,0,,0,0,0.233002,0.075811,0.273263,0.277429,0.302899,0.374617,0.300314,0.677516,0.141615,4.82281,0.303562,-0.000226938,0.00135002,0.423472,-0.0516756,91.4195,0.00112308,0.0112096,-0.03885447978973389,-0.03184598684310913,0.00726742,746.02001953125,,,,,,,1.6,1.6,1.6,1.6,,,,,,,,,,,,,,,,,,,"Joey Loperfido","29630",694388
"Jordan Beck","COL",10,43,39,10,6,2,0,1,5,5,3,0,12,0,0,0,,1,0,0.245668,0.0747934,0.273896,0.273072,0.304001,0.4111,0.312597,0.715101,0.165432,5.92315,0.316921,0.00623543,0.0289293,4.9422,-0.126045,82.5854,0.0351647,0.0635886,-0.8643117323517799,-0.454929880797863,0.00694282,232.9199981689453,,,,,,,43.1,4.31,43.1,4.31,,,,,,,,,,,,,,,,,,,"Jordan Beck","31431",687597
"Sean Keys","TOR",1,4,3,1,0,0,0,0,0,0,0,0,1,0,0,0,,0,0,0.227533,0.0982388,0.275836,0.35615,0.317677,0.412242,0.321296,0.729919,0.184709,3.62476,0.28447,0,-0.00408688,0.475703,0.0158826,106.062,-0.00408688,0,0.023246340919286013,-0.0972222238779068,0.00646657,999,,,,,,,2.6,2.6,2.6,2.6,,,,,,,,,,,,,,,,,,,"Sean Keys","35094",815873
"Ralphy Velazquez","CLE",2,8,7,2,1,0,0,0,1,1,1,0,2,0,0,0,,0,0,0.2311,0.0737174,0.243932,0.302205,0.293268,0.397097,0.302247,0.690365,0.165997,3.39002,0.2778,0,-0.00852686,0.859487,-0.0908076,93.3854,-0.00852686,0.00086368,-0.07016352284699678,-0.15222274366533384,0.00627867,999,,,,,,,7.2,3.6,7.2,3.6,,,,,,,,,,,,,,,,,,,"Ralphy Velazquez","sa3023013",806252
"Junior Perez","CHW",2,7,6,1,1,0,0,0,1,1,1,0,2,0,0,0,,0,0,0.206342,0.0871734,0.350784,0.24851,0.276895,0.361208,0.282167,0.638103,0.154867,6.35914,0.299127,-0.0000441379,0.0181387,0.627238,-0.19022,77.933,0.0180946,0.0283947,-0.1587882973253727,-0.02592632919549942,0.00607236,999,,,,,,,2.6,1.3,2.6,1.3,,,,,,,,,,,,,,,,,,,"Junior Perez","23989",678577
"Yoán Moncada","LAA",1,5,5,1,1,0,0,0,1,1,1,0,1,0,0,0,,0,0,0.235508,0.100053,0.277464,0.360598,0.319806,0.398909,0.317476,0.718715,0.163401,3.91043,0.30356,-0.00225326,-0.00442414,0.638884,0.00535426,101.589,-0.0066774,0,0.003193260170519352,-0.1339506208896637,0.00596986,746.1500244140625,,,,,,,3.6,3.6,3.6,3.6,,,,,,,,,,,,,,,,,,,"Yoan Moncada","17232",660162
"Jose Fernandez","ARI",6,25,24,6,4,1,0,1,3,3,1,0,6,0,0,0,,1,0,0.238886,0.0449389,0.254979,0.176246,0.274947,0.369853,0.281755,0.6448,0.130967,5.96642,0.304247,0,0.0120086,2.30055,-0.708715,74.3856,0.0120086,0.252123,-0.773525781929493,0.008141487836837769,0.00594871,999,,,,,,,26.8,4.466666666,26.8,4.466666666,,,,,,,,,,,,,,,,,,,"Jose Fernandez","28020",699912
"Gage Workman","SDP",1,5,5,1,1,0,0,0,1,1,0,0,2,0,0,0,,0,0,0.21224,0.0729731,0.346428,0.210644,0.271888,0.362521,0.279395,0.634409,0.150281,6.16928,0.305462,-0.0000312605,0.00777016,0.474116,-0.159414,77.4526,0.0077389,0.0124966,-0.1378349382430315,0.022064536809921265,0.00587698,999,,,,,,,0.6,0.6,0.6,0.6,,,,,,,,,,,,,,,,,,,"Gage Workman","27573",669398
"Zach Dezenzo","HOU",1,4,4,1,1,0,0,0,0,0,0,0,1,0,0,0,,0,0,0.232924,0.0868821,0.288525,0.301125,0.307196,0.379119,0.304154,0.686314,0.146194,4.57846,0.308899,0.0000845454,0.00476812,0.435933,-0.0392145,94.0941,0.00485266,-0.0100088,-0.02266381634399295,-0.0626322366297245,0.00577945,999,,,,,,,1.6,1.6,1.6,1.6,,,,,,,,,,,,,,,,,,,"Zach Dezenzo","31562",701305
"Brewer Hicklen","ATL",1,3,2,1,0,0,0,0,0,0,0,0,1,0,0,0,,0,0,0.227355,0.0764941,0.308863,0.247663,0.299966,0.399268,0.307404,0.699234,0.171913,7.07575,0.302089,-0.0000350943,0.0164303,0.297652,-0.0191128,92.0797,0.0163952,0.00476889,-0.009172849357128143,-0.023934809491038322,0.00546448,999,,,,,,,3.6,3.6,3.6,3.6,,,,,,,,,,,,,,,,,,,"Brewer Hicklen","20450",676551
"Parker Meadows","DET",0,1,1,0,0,0,0,0,0,0,0,0,0,0,0,0,,0,0,0.233575,0.0875785,0.243453,0.359735,0.304386,0.387767,0.304817,0.692153,0.154192,6.89596,0.289853,0.000671712,0.00221067,0.150739,-0.0127528,93.7156,0.00288238,0.00651158,-0.007192483637481928,0.011449848767369986,0.0054147,745.6900024414062,,,,,,,-1,,-1,,,,,,,,,,,,,,,,,,,,"Parker Meadows","23800",678009
"Eric Haase",,1,4,3,1,0,0,0,0,0,0,0,0,1,0,0,0,,0,0,0.219928,0.0712741,0.302487,0.235627,0.280199,0.364927,0.284985,0.645126,0.144998,2.92939,0.29036,-0.000224483,-0.00246567,0.341692,-0.0927281,78.4565,-0.00269016,-0.047998,-0.09626431646756828,0.023761272430419922,0.00528725,999,,,,,,,2.6,2.6,2.6,2.6,,,,,,,,,,,,,,,,,,,"Eric Haase","14111",606992
"Tyler Freeman","COL",3,14,12,3,2,1,0,0,2,1,1,0,2,0,0,0,,0,0,0.266059,0.0654916,0.13133,0.49868,0.338374,0.369702,0.317199,0.708076,0.103643,5.1929,0.296837,0.00162775,0.00204226,1.64564,0.0107277,85.6696,0.00367,-0.0718536,-0.2350963840726763,-0.16074244678020477,0.00526978,745.8599853515625,,,,,,,10.7,3.566666666,10.7,3.566666666,,,,,,,,,,,,,,,,,,,"Tyler Freeman","22532",671289
"Brian Navarreto","MIA",2,10,9,2,1,0,0,0,1,1,1,0,2,0,0,0,,0,0,0.217943,0.0555276,0.246741,0.225044,0.268947,0.336359,0.268266,0.605306,0.118416,3.85025,0.272888,-0.0000381538,-0.00571886,0.778905,-0.37955,64.9948,-0.00575702,-0.0382925,-0.4190255543217063,0.153065524995327,0.00521428,999,,,,,,,5.2,2.6,5.2,2.6,,,,,,,,,,,,,,,,,,,"Brian Navarreto","16398",640459
"Noelvi Marte","CIN",3,13,12,3,2,1,0,0,1,2,1,0,3,0,0,0,,0,0,0.25116,0.0608194,0.226002,0.26911,0.300943,0.406642,0.309115,0.707584,0.155482,4.67876,0.298169,0.00221848,0.0120087,1.50677,-0.077055,88.8866,0.0142271,-0.0751784,-0.16515229921787977,-0.21869691461324692,0.00506632,147.7100067138672,,,,,,,10.7,3.566666666,10.7,3.566666666,,,,,,,,,,,,,,,,,,,"Noelvi Marte","26517",682622
"Jarred Kelenic","TEX",1,3,2,1,0,0,0,0,0,0,0,0,1,0,0,0,,0,0,0.230456,0.0869073,0.279569,0.310862,0.29968,0.398671,0.306482,0.698351,0.168215,5.05715,0.29378,0.000270704,-0.0011666,0.295658,-0.0211066,96.56,-0.000895899,-0.00613865,-0.011580997030250728,-0.03484235284850001,0.00491736,999,,,,,,,3.6,3.6,3.6,3.6,,,,,,,,,,,,,,,,,,,"Jarred Kelenic","22558",672284
"Jack Suwinski","TBR",1,3,2,1,0,0,0,0,0,0,0,0,1,0,0,0,,0,0,0.220707,0.097504,0.303551,0.321211,0.303609,0.409183,0.312684,0.712792,0.188477,4.58903,0.283603,-0.0000862411,0.00047832,0.319046,-0.00793698,98.5526,0.000392079,-0.0174208,-0.004248684883350506,-0.04705042950809002,0.00473159,999,,,,,,,3.6,3.6,3.6,3.6,,,,,,,,,,,,,,,,,,,"Jack Suwinski","22244",669261
"Max Schuemann","NYY",1,3,2,1,0,0,0,0,0,0,0,0,1,0,0,0,,0,0,0.212328,0.104938,0.230994,0.45429,0.311376,0.31634,0.287379,0.627716,0.104012,5.11572,0.267716,-0.0000781679,0.00625154,0.262535,-0.064448,82.9727,0.00617337,0.00678245,-0.04842098010703921,-0.0030940910801291466,0.00470957,999,,,,,,,3.6,3.6,3.6,3.6,,,,,,,,,,,,,,,,,,,"Max Schuemann","24488",680474
"Jared Oliva",,1,3,2,1,0,0,0,0,0,0,0,0,1,0,0,0,,0,0,0.221179,0.063604,0.249107,0.255328,0.280538,0.342873,0.277084,0.62341,0.121694,7.51474,0.279099,-0.00034,0.0260899,0.232057,-0.0847077,73.0593,0.0257499,0.00416088,-0.05957472883164883,0.013728785794228315,0.00457104,999,,,,,,,3.6,3.6,3.6,3.6,,,,,,,,,,,,,,,,,,,"Jared Oliva","19968",666931
"Owen Ayers","CHC",0,1,1,0,0,0,0,0,0,0,0,0,0,0,0,0,,0,0,0.22933,0.0905802,0.28192,0.321297,0.306157,0.398862,0.310154,0.705019,0.169532,3.91706,0.293587,0,-0.00108592,0.13879,-0.00601698,96.1507,-0.00108592,-0.0127213,-0.006766559090465307,0.01119841355830431,0.00449281,999,,,,,,,-1,,-1,,,,,,,,,,,,,,,,,,,,"Owen Ayers","sa3025449",689196
"Sterlin Thompson","COL",1,4,4,1,1,0,0,0,1,0,0,0,1,0,0,0,,0,0,0.256455,0.0873547,0.234153,0.373067,0.335807,0.412229,0.329983,0.748036,0.155774,5.904,0.319158,-0.0000443077,-0.00032767,0.536517,0.0460421,94.237,-0.000371978,0.00226205,-0.029178129421779886,-0.0619354706723243,0.00439854,999,,,,,,,1.6,1.6,1.6,1.6,,,,,,,,,,,,,,,,,,,"Sterlin Thompson","31443",694514
"Jhostynxon Garcia","PIT",1,5,5,1,1,0,0,0,1,1,0,0,1,0,0,0,,0,0,0.234773,0.059223,0.273405,0.216612,0.287663,0.384668,0.294766,0.672331,0.149895,4.57464,0.301681,0,-0.00280191,0.523184,-0.0899091,82.2201,-0.00280191,0.0261121,-0.11389218899421394,-0.010924974456429482,0.00438439,999,,,,,,,0.6,0.6,0.6,0.6,,,,,,,,,,,,,,,,,,,"Jhostynxon Garcia","28142",691373
"Nick Yorke","PIT",5,21,19,5,3,1,0,0,2,2,1,0,5,0,0,0,,1,0,0.241279,0.0709858,0.234106,0.30322,0.299962,0.353571,0.290606,0.653533,0.112291,4.69536,0.303942,0.000325926,-0.0137862,2.02305,-0.42932,79.4319,-0.0134603,-0.139191,-0.5275048911571503,-0.1021539494395256,0.00424472,999,,,,,,,16.8,3.36,16.8,3.36,,,,,,,,,,,,,,,,,,,"Nick Yorke","27504",694377
"Tanner Murray","CHW",1,4,4,1,1,0,0,0,0,0,0,0,1,0,0,0,,0,0,0.237339,0.0506051,0.239135,0.211617,0.282288,0.36951,0.286388,0.651798,0.13217,3.71509,0.293736,-0.000107413,-0.00375201,0.390481,-0.0999934,80.8728,-0.00385943,-0.0345499,-0.09585056127980351,-0.009858537465333939,0.00416535,999,,,,,,,1.6,1.6,1.6,1.6,,,,,,,,,,,,,,,,,,,"Tanner Murray","28848",695020
"Samad Taylor","SDP",6,27,24,5,4,1,0,0,3,2,2,0,7,0,0,0,,1,0,0.225529,0.084848,0.258484,0.328252,0.295952,0.328795,0.280916,0.624747,0.103266,5.85055,0.294164,-0.000405229,0.081435,2.40347,-0.764176,78.4716,0.0810298,0.0152617,-0.613943912088871,-0.21436790749430656,0.00395331,999,,,,,,,14.8,2.466666666,14.8,2.466666666,,,,,,,,,,,,,,,,,,,"Samad Taylor","22274",669392
"Gabriel Rincones Jr.","PHI",1,3,2,1,0,0,0,0,0,0,0,0,1,0,0,0,,0,0,0.225803,0.09244,0.277321,0.333333,0.305507,0.386831,0.306156,0.692338,0.161028,5.28761,0.290473,-0.0000390551,0.00276464,0.294952,-0.0218125,90.1218,0.00272559,0.00788827,-0.02916306909173727,-0.020815430209040642,0.00374455,999,,,,,,,3.6,3.6,3.6,3.6,,,,,,,,,,,,,,,,,,,"Gabriel Rincones Jr.","31958",687282
"Billy Cook","PIT",3,14,13,3,2,1,0,0,2,1,1,0,4,0,0,0,,1,0,0.225611,0.0674136,0.27924,0.241418,0.28589,0.361093,0.286319,0.646983,0.135481,6.13374,0.295658,-0.000908696,0.0446839,1.34149,-0.344515,76.5593,0.0437752,0.0402154,-0.3589884266257286,-0.06626607105135918,0.00369671,999,,,,,,,11.6,3.866666666,11.6,3.866666666,,,,,,,,,,,,,,,,,,,"Billy Cook","29573",695257
"Rodolfo Durán","SDP",1,2,2,0,0,0,0,0,0,0,0,0,1,0,0,0,,0,0,0.220286,0.0530575,0.255711,0.20749,0.267324,0.362774,0.276598,0.630098,0.142488,3.72321,0.270739,-0.000062,-0.00134313,0.211206,-0.0784079,75.578,-0.00140513,-0.0192512,-0.07348602928686887,0.028588276356458664,0.00350483,999,,,,,,,-2,-2,-2,-2,,,,,,,,,,,,,,,,,,,"Rodolfo Duran","20958",660710
"Max Anderson","DET",0,1,1,0,0,0,0,0,0,0,0,0,0,0,0,0,,0,0,0.250765,0.054827,0.186485,0.294003,0.296542,0.394091,0.30215,0.690633,0.143326,3.09648,0.284186,-0.00000484848,-0.00142978,0.147761,-0.0157305,91.8581,-0.00143463,-0.00510966,-0.01448723895009607,-0.00017138803377747536,0.00348628,999,,,,,,,-1,,-1,,,,,,,,,,,,,,,,,,,,"Max Anderson","sa3022567",801194
"Kahlil Watson","CLE",0,1,1,0,0,0,0,0,0,0,0,0,0,0,0,0,,0,0,0.218026,0.0840673,0.303577,0.276922,0.292121,0.378657,0.296447,0.670778,0.160631,5.71654,0.288536,0,0.0021934,0.136974,-0.0214081,89.3459,0.0021934,0.0145958,-0.014352882048115134,0.00024391431361436844,0.00338667,999,,,,,,,-1,,-1,,,,,,,,,,,,,,,,,,,,"Kahlil Watson","29905",696135
"Bryan Lavastida","ATH",1,2,2,0,0,0,0,0,0,0,0,0,1,0,0,0,,0,0,0.22182,0.0731974,0.224261,0.326394,0.287661,0.336189,0.279004,0.62385,0.114369,4.88006,0.2718,-0.00000659575,0.00165928,0.215966,-0.073648,73.1237,0.00165269,-0.0266684,-0.07467210956383497,0.021171128377318382,0.00336867,999,,,,,,,-2,-2,-2,-2,,,,,,,,,,,,,,,,,,,"Bryan Lavastida","24765",681526
"Kenny Piper","TBR",0,1,1,0,0,0,0,0,0,0,0,0,0,0,0,0,,0,0,0.206023,0.0817133,0.300714,0.271731,0.2859,0.362756,0.288593,0.648655,0.156732,4.49425,0.270271,-0.00000390244,0.000147069,0.121256,-0.0282225,81.7731,0.000143167,-0.0109655,-0.02657251781783998,0.01372585166245699,0.00324409,999,,,,,,,-1,,-1,,,,,,,,,,,,,,,,,,,,"Kenny Piper","29962",700652
"Tyler Austin","CHC",1,3,2,1,0,0,0,0,0,0,0,0,1,0,0,0,,0,0,0.247788,0.08,0.224,0.357143,0.312,0.433628,0.322189,0.745628,0.185841,3.26135,0.283951,-0.00392,0.00108738,0.329639,0.0128737,104.216,-0.00283262,0,0.010776858776807785,-0.06697531044483185,0.00311045,999,,,,,,,3.6,3.6,3.6,3.6,,,,,,,,,,,,,,,,,,,"Tyler Austin","11850",592122
"Oswaldo Cabrera","NYY",0,1,1,0,0,0,0,0,0,0,0,0,0,0,0,0,,0,0,0.230944,0.0694702,0.222285,0.312528,0.286788,0.355412,0.28443,0.6422,0.124468,3.75554,0.277144,-0.000111746,-0.000487454,0.127974,-0.0355176,80.9182,-0.0005992,0.0072464,-0.031190039531793445,0.012184672057628632,0.00304315,999,,,,,,,-1,,-1,,,,,,,,,,,,,,,,,,,,"Oswaldo Cabrera","21707",665828
"Jorge Barrosa","ARI",2,8,7,2,1,0,0,0,1,1,1,0,2,0,0,0,,0,0,0.219557,0.0826359,0.227985,0.362462,0.289181,0.326299,0.276311,0.61548,0.106741,4.57783,0.276237,-0.000199286,-0.00457897,0.69116,-0.259135,70.7374,-0.00477826,0.0864717,-0.28817226691171527,0.05776797980070114,0.00303013,999,,,,,,,7.2,3.6,7.2,3.6,,,,,,,,,,,,,,,,,,,"Jorge Barrosa","23968",678489
"Grant McCray","SFG",2,10,9,2,1,0,0,0,1,1,1,0,3,0,0,0,,0,0,0.214692,0.0844847,0.308529,0.27383,0.285166,0.347114,0.281464,0.63228,0.132422,6.85461,0.298117,-0.0000845283,0.0321268,0.872637,-0.271804,77.5149,0.0320423,-0.0303678,-0.23020346090197563,-0.055059200152754784,0.00285538,999,,,,,,,5.2,2.6,5.2,2.6,,,,,,,,,,,,,,,,,,,"Grant McCray","25690",687529
"Nolan Jones","SEA",0,1,1,0,0,0,0,0,0,0,0,0,0,0,0,0,,0,0,0.217301,0.103213,0.300657,0.343292,0.30388,0.357967,0.295735,0.661847,0.140667,4.59146,0.295615,-0.000053609,0.000144116,0.136204,-0.0221781,94.2893,0.0000905067,0.00351903,-0.008778418537986,-0.010832822415977716,0.00282573,999,,,,,,,-1,,-1,,,,,,,,,,,,,,,,,,,,"Nolan Jones","20529",666134
"Bryce Teodosio","LAA",5,20,18,4,3,1,0,0,2,2,1,0,6,0,0,0,,1,0,0.207275,0.053902,0.315873,0.170645,0.262589,0.314535,0.257675,0.577124,0.10726,7.2009,0.294189,0.000621974,0.0978084,1.42551,-0.950223,59.9373,0.0984304,0.271935,-0.8348562493920326,0.1523360088467598,0.00279486,999,,,,,,,12.2,2.44,12.2,2.44,,,,,,,,,,,,,,,,,,,"Bryce Teodosio","29524",669326
"Kameron Misner","PHI",0,1,1,0,0,0,0,0,0,0,0,0,0,0,0,0,,0,0,0.216778,0.101239,0.324234,0.312239,0.300141,0.38216,0.301943,0.682301,0.165382,6.34688,0.300492,-0.0000985271,0.0038667,0.142919,-0.0154634,87.2985,0.00376817,-0.00467609,-0.016733241034671664,0.00010785786435008049,0.00272494,999,,,,,,,-1,,-1,,,,,,,,,,,,,,,,,,,,"Kameron Misner","26374",670224
"Collin Price","HOU",0,1,1,0,0,0,0,0,0,0,0,0,0,0,0,0,,0,0,0.206907,0.0869824,0.324687,0.267896,0.284698,0.367867,0.289523,0.652566,0.16096,3.73141,0.279579,0,-0.000422029,0.118386,-0.0264212,83.9033,-0.000422029,-0.0184108,-0.023278152686543763,0.005508977919816971,0.00259995,999,,,,,,,-1,,-1,,,,,,,,,,,,,,,,,,,,"Collin Price","31415",805672
"Edouard Julien","COL",0,1,1,0,0,0,0,0,0,0,0,0,0,0,0,0,,0,0,0.236706,0.133516,0.269628,0.495187,0.344369,0.377014,0.324239,0.721383,0.140308,3.95013,0.313357,-0.000443077,-0.000357932,0.172426,0.00893398,90.3878,-0.000801009,-0.00782342,-0.016816441377159208,-0.0028851451352238655,0.00255391,746.0499877929688,,,,,,,-1,,-1,,,,,,,,,,,,,,,,,,,,"Edouard Julien","27534",666397
"Nelson Rada","LAA",1,5,5,1,1,0,0,0,1,0,0,0,1,0,0,0,,0,0,0.21911,0.090797,0.244967,0.37065,0.300118,0.286559,0.269616,0.586676,0.0674484,5.9202,0.292196,-0.000156867,0.0128198,0.431804,-0.201726,68.2543,0.0126629,0.0393887,-0.18454681150615215,0.020252931863069534,0.00255093,999,,,,,,,0.6,0.6,0.6,0.6,,,,,,,,,,,,,,,,,,,"Nelson Rada","sa3018421",703185
"Jett Williams","MIL",0,1,1,0,0,0,0,0,0,0,0,0,0,0,0,0,,0,0,0.217059,0.104921,0.268646,0.390556,0.307795,0.359801,0.29857,0.667597,0.142742,6.7631,0.282243,-0.0000174375,0.0035298,0.139271,-0.0191115,87.3661,0.00351236,-0.00630086,-0.016879796283319592,-0.0015169065445661545,0.00254436,999,,,,,,,-1,,-1,,,,,,,,,,,,,,,,,,,,"Jett Williams","sa3020134",702518
"Carlos Pérez","DET",0,1,1,0,0,0,0,0,0,0,0,0,0,0,0,0,,0,0,0.216551,0.072727,0.228033,0.318932,0.281156,0.390005,0.294508,0.67116,0.173454,1.93362,0.244121,-0.0000548571,-0.00123875,0.127294,-0.0221844,86.535,-0.0012936,-0.0242055,-0.021029648603871465,0.00048584677278995514,0.00245939,999,,,,,,,-1,,-1,,,,,,,,,,,,,,,,,,,,"Carlos Perez","10642",542208
"Jonathon Long","MIA",2,9,8,2,1,0,0,0,1,1,1,0,2,0,0,0,,0,0,0.243984,0.0931778,0.238595,0.390527,0.320315,0.377525,0.3101,0.69784,0.133541,2.75788,0.305951,-0.0000305634,-0.0120942,1.0622,-0.0464805,93.0301,-0.0121248,-0.00281181,-0.0908749783411622,-0.18938587978482246,0.00236727,999,,,,,,,6.2,3.1,6.2,3.1,,,,,,,,,,,,,,,,,,,"Jonathon Long","sa3022864",675085
"Willie MacIver","SEA",0,1,1,0,0,0,0,0,0,0,0,0,0,0,0,0,,0,0,0.210785,0.0731737,0.295412,0.247701,0.280064,0.332343,0.274131,0.612407,0.121558,4.79679,0.285798,-0.0000133333,-0.0000264864,0.103163,-0.0416441,79.2414,-0.0000398197,-0.0151354,-0.029515529113268713,0.008784342557191849,0.00229798,999,,,,,,,-1,,-1,,,,,,,,,,,,,,,,,,,,"Willie MacIver","24641",680862
"Lourdes Gurriel Jr.","ARI",17,74,68,17,11,4,0,2,8,8,4,0,13,1,1,0,,1,0,0.250962,0.0598546,0.17962,0.333229,0.301532,0.391921,0.304301,0.693453,0.140959,3.6762,0.283894,-0.00942857,-0.0732716,8.00087,-0.71017,89.4954,-0.0827002,0.207648,-1.015241414308548,-1.3471363484859467,0.00225505,689.0700073242188,,,,,,,74.5,4.382352941,74.5,4.382352941,,,,,,,,,,,,,,,,,,,"Lourdes Gurriel Jr.","19238",666971
"Dalton Rushing","LAD",1,3,2,1,0,0,0,0,0,0,0,0,1,0,0,0,,0,0,0.227137,0.0994972,0.275082,0.3617,0.317827,0.407882,0.320268,0.725709,0.180745,2.14445,0.281202,-0.000216783,-0.00301955,0.325483,0.00871781,101.666,-0.00323634,0,0.0021403322461992502,-0.06697531044483185,0.00222998,745.8300170898438,,,,,,,3.6,3.6,3.6,3.6,,,,,,,,,,,,,,,,,,,"Dalton Rushing","31382",687221
"Rikuu Nishida","CHW",0,1,1,0,0,0,0,0,0,0,0,0,0,0,0,0,,0,0,0.22551,0.111685,0.196124,0.569461,0.323232,0.274745,0.279371,0.597977,0.0492351,5.08607,0.284682,0,0.00160689,0.122325,-0.0411663,75.9854,0.00160689,0.0044719,-0.03689198347274214,0.009410170372575521,0.002179,999,,,,,,,-1,,-1,,,,,,,,,,,,,,,,,,,,"Rikuu Nishida","33795",807747
"Colby Thomas","PHI",1,4,4,1,1,0,0,0,0,1,0,0,1,0,0,0,,0,0,0.232738,0.0489686,0.307237,0.159384,0.282575,0.410498,0.301442,0.693074,0.17776,5.2278,0.306168,-0.000027193,-0.00141781,0.427133,-0.0480145,86.963,-0.00144501,-0.0013941,-0.06457361823413521,-0.04444965778384358,0.00214498,748.5900268554688,,,,,,,1.6,1.6,1.6,1.6,,,,,,,,,,,,,,,,,,,"Colby Thomas","31855",687515
"José Barrero","BAL",0,1,1,0,0,0,0,0,0,0,0,0,0,0,0,0,,0,0,0.211312,0.0650692,0.294683,0.220811,0.27673,0.356127,0.280721,0.632856,0.144814,5.01411,0.275442,-0.00000295238,0.0013804,0.119964,-0.038419,78.657,0.00137745,-0.00156592,-0.0317692297976464,0.0032180272974073887,0.00191433,999,,,,,,,-1,,-1,,,,,,,,,,,,,,,,,,,,"Jose Barrero","23378",676480
"Adael Amador","COL",1,4,4,1,1,0,0,0,0,0,0,0,1,0,0,0,,0,0,0.235944,0.10081,0.178051,0.566185,0.316735,0.360038,0.303026,0.676773,0.124094,4.04678,0.269932,-0.000580144,-0.00385402,0.446218,-0.0442573,76.1716,-0.00443416,-0.00695221,-0.12353969505056739,0.007862607017159462,0.00189437,999,,,,,,,1.6,1.6,1.6,1.6,,,,,,,,,,,,,,,,,,,"Adael Amador","27962",691182
"LuJames Groover","ARI",1,4,4,1,1,0,0,0,0,0,0,0,1,0,0,0,,0,0,0.233434,0.081793,0.201756,0.405405,0.302724,0.33739,0.287353,0.640114,0.103956,2.56076,0.281749,0,-0.00445789,0.38141,-0.0937374,78.1369,-0.00445789,0.0696057,-0.11032467195764184,-0.002153530716896057,0.00179276,999,,,,,,,1.6,1.6,1.6,1.6,,,,,,,,,,,,,,,,,,,"LuJames Groover","33552",694410
"Oliver Dunn","TBR",0,1,1,0,0,0,0,0,0,0,0,0,0,0,0,0,,0,0,0.202338,0.0906258,0.337267,0.268707,0.283317,0.330382,0.27576,0.613699,0.128044,6.08109,0.296535,-0.00000507937,0.0018903,0.118293,-0.0451981,72.8346,0.00188522,0.003617,-0.04166479327250272,0.00855527096427977,0.00160527,999,,,,,,,-1,,-1,,,,,,,,,,,,,,,,,,,,"Oliver Dunn","26295",686554
"Chad Stevens","COL",0,1,1,0,0,0,0,0,0,0,0,0,0,0,0,0,,0,0,0.240877,0.0715231,0.299482,0.238822,0.30299,0.384837,0.303212,0.687827,0.143959,6.07959,0.332396,-0.00000251969,0.00032068,0.148947,-0.0145447,76.2962,0.00031816,0.00371505,-0.03917599644046277,0.008653320604935288,0.00145074,999,,,,,,,-1,,-1,,,,,,,,,,,,,,,,,,,,"Chad Stevens","29614",677060
"Jair Camargo","ATL",0,1,1,0,0,0,0,0,0,0,0,0,0,0,0,0,,0,0,0.225521,0.0427539,0.356455,0.119942,0.265234,0.379611,0.281193,0.644846,0.15409,4.78649,0.3253,-0.00000397436,-0.000675229,0.110148,-0.0346591,74.5144,-0.000679203,-0.0113471,-0.03828925732523203,0.012572637759149075,0.00141928,999,,,,,,,-1,,-1,,,,,,,,,,,,,,,,,,,,"Jair Camargo","21730",665856
"Lucas Spence","HOU",0,1,1,0,0,0,0,0,0,0,0,0,0,0,0,0,,0,0,0.208296,0.0866274,0.296848,0.291824,0.291331,0.326334,0.278815,0.617664,0.118038,5.80437,0.289984,0,0.000504635,0.117901,-0.0404814,76.445,0.000504635,-0.00308539,-0.03607739170547575,0.001698564039543271,0.00132023,999,,,,,,,-1,,-1,,,,,,,,,,,,,,,,,,,,"Lucas Spence","35126",828599
"C.J. Stubbs","TOR",0,1,1,0,0,0,0,0,0,0,0,0,0,0,0,0,,0,0,0.189311,0.0793199,0.370705,0.213971,0.269955,0.333369,0.270653,0.603324,0.144058,3.56853,0.27996,0,-0.000803264,0.0965062,-0.0436295,70.7888,-0.000803264,-0.0114376,-0.04094300256110728,0.011710597202181816,0.00128901,999,,,,,,,-1,,-1,,,,,,,,,,,,,,,,,,,,"C.J. Stubbs","25814",667690
"Kristian Campbell","BOS",4,15,13,3,2,1,0,0,2,1,2,0,4,0,0,0,,0,0,0.234278,0.1056,0.275374,0.383477,0.328286,0.35563,0.308393,0.683915,0.121351,3.70597,0.318716,0.000418,-0.017113,1.70204,-0.0963648,92.1924,-0.016695,-0.0111545,-0.15437791123986244,-0.37164830043911934,0.00116088,746.1400146484375,,,,,,,12.7,3.175,12.7,3.175,,,,,,,,,,,,,,,,,,,"Kristian Campbell","33644",692225
"Joey Wiemer","CHW",0,1,1,0,0,0,0,0,0,0,0,0,0,0,0,0,,0,0,0.210236,0.0846487,0.292848,0.289053,0.285005,0.340675,0.279988,0.62568,0.13044,4.315,0.280173,-0.000127152,0.000844653,0.123015,-0.0404768,76.4155,0.0007175,0.0138956,-0.03709184913896024,-0.0009191753342747688,0.00110558,999,,,,,,,-1,,-1,,,,,,,,,,,,,,,,,,,,"Joey Wiemer","27690",686894
"Will Wagner","SDP",1,3,2,1,0,0,0,0,0,0,0,0,1,0,0,0,,0,0,0.225758,0.0981701,0.203925,0.481403,0.307293,0.320295,0.284742,0.627588,0.094537,3.20957,0.275931,-0.000186549,-0.00267794,0.248626,-0.0681393,81.036,-0.00286449,0.0166702,-0.06408356269821525,-0.012033496052026749,0.00107981,999,,,,,,,3.6,3.6,3.6,3.6,,,,,,,,,,,,,,,,,,,"Will Wagner","29634",695238
"Michael Helman","TEX",0,1,1,0,0,0,0,0,0,0,0,0,0,0,0,0,,0,0,0.208177,0.0612103,0.250482,0.24437,0.264333,0.342373,0.268602,0.606707,0.134196,4.92228,0.253826,-0.000062,0.00295143,0.106854,-0.0515287,70.176,0.00288943,0.00103305,-0.04342854558490217,0.005817001918330789,0.000990663,999,,,,,,,-1,,-1,,,,,,,,,,,,,,,,,,,,"Michael Helman","24605",680737
"Christian Bethancourt","PIT",1,2,2,0,0,0,0,0,0,0,0,0,1,0,0,0,,0,0,0.223893,0.0422791,0.254989,0.165807,0.25998,0.369445,0.274619,0.629424,0.145552,3.58619,0.270958,-0.0000759494,0.000320173,0.200605,-0.0796659,68.7184,0.000244224,-0.0243058,-0.08910447993548587,0.02199050784111023,0.0009792499,999,,,,,,,-2,-2,-2,-2,,,,,,,,,,,,,,,,,,,"Christian Bethancourt","10028",542194
"Jack Brannigan","PIT",0,1,1,0,0,0,0,0,0,0,0,0,0,0,0,0,,0,0,0.20793,0.0828045,0.32198,0.257173,0.284595,0.347968,0.282465,0.632563,0.140038,4.3954,0.289762,0,-0.000254815,0.117919,-0.0353547,73.976,-0.000254815,-0.00622433,-0.04090481388266198,0.0076645552180707455,0.000888538,999,,,,,,,-1,,-1,,,,,,,,,,,,,,,,,,,,"Jack Brannigan","31471",687394
"Kemp Alderman","MIA",0,1,1,0,0,0,0,0,0,0,0,0,0,0,0,0,,0,0,0.241491,0.0523681,0.301722,0.173564,0.28851,0.409648,0.303764,0.698158,0.168157,5.36804,0.318582,0,-0.000426995,0.144889,-0.0134937,88.784,-0.000426995,-0.00184632,-0.018530678789829835,-0.016198175959289074,0.000879356,999,,,,,,,-1,,-1,,,,,,,,,,,,,,,,,,,,"Kemp Alderman","sa3022562",694580
"Miguel Andujar","SDP",7,28,26,7,5,1,0,1,3,3,2,0,5,0,0,0,,0,0,0.260218,0.0539163,0.161,0.334883,0.302843,0.389163,0.303072,0.692006,0.128945,3.92777,0.291221,-0.00792688,-0.026065,3.02695,-0.299083,93.3201,-0.0339919,0.0231115,-0.2604129835963249,-0.641857635229826,0.000833309,722.9099731445312,,,,,,,31.5,4.5,31.5,4.5,,,,,,,,,,,,,,,,,,,"Miguel Andujar","15878",609280
"Raynel Delgado","HOU",4,19,17,4,3,1,0,0,2,2,1,0,5,0,0,0,,1,0,0.223533,0.0709753,0.244175,0.290673,0.285456,0.313655,0.269502,0.599111,0.090122,5.93519,0.290232,-0.0000352846,0.0275212,1.50959,-0.707762,69.959,0.027486,-0.105793,-0.6256854571402073,-0.029250040650367737,0.000781997,999,,,,,,,13.2,3.3,13.2,3.3,,,,,,,,,,,,,,,,,,,"Raynel Delgado","22272",669384
"Trey Lipscomb","WSN",2,8,7,2,1,0,0,0,1,1,0,0,2,0,0,0,,0,0,0.242946,0.0397726,0.236935,0.167863,0.273975,0.376869,0.283836,0.650843,0.133923,4.17233,0.296076,-0.000401439,-0.000886767,0.716126,-0.203514,76.7688,-0.00128821,-0.0179935,-0.21901384077500552,-0.0272527989000082,0.000557566,999,,,,,,,4.2,2.1,4.2,2.1,,,,,,,,,,,,,,,,,,,"Trey Lipscomb","31567",702358
"Gabriel Gonzalez","MIN",0,1,1,0,0,0,0,0,0,0,0,0,0,0,0,0,,0,0,0.239445,0.0521831,0.206845,0.252281,0.289891,0.368367,0.29045,0.658258,0.128923,2.86674,0.283174,-0.00000885714,-0.00165883,0.130487,-0.0278958,83.1925,-0.00166769,-0.000525442,-0.027770537766627967,-0.014877294597681612,0.00047723,999,,,,,,,-1,,-1,,,,,,,,,,,,,,,,,,,,"Gabriel Gonzalez","28833",694224
"Andrew Pintar","MIA",0,1,1,0,0,0,0,0,0,0,0,0,0,0,0,0,,0,0,0.225254,0.0724922,0.268224,0.270268,0.288213,0.337909,0.279485,0.626122,0.112655,5.89829,0.297968,-0.0000182353,0.0034617,0.118626,-0.0397564,72.513,0.00344346,-0.00259942,-0.04092290275730193,0.0021845311857759953,0.000470599,999,,,,,,,-1,,-1,,,,,,,,,,,,,,,,,,,,"Andrew Pintar","sa3020715",801464
"Scott Bandura","SFG",1,3,2,1,0,0,0,0,0,0,0,0,1,0,0,0,,0,0,0.230366,0.0806773,0.257829,0.31291,0.29858,0.331997,0.283083,0.630577,0.101631,5.84875,0.305045,0,0.00928082,0.252941,-0.0740422,78.6001,0.00928082,0.00651485,-0.06203041225671768,-0.02311477856710553,0.000444578,999,,,,,,,3.6,3.6,3.6,3.6,,,,,,,,,,,,,,,,,,,"Scott Bandura","sa3022699",814154
"Eliezer Alfonzo","LAD",0,1,1,0,0,0,0,0,0,0,0,0,0,0,0,0,,0,0,0.231954,0.0555817,0.152906,0.363503,0.276695,0.331791,0.269965,0.608486,0.0998376,2.29958,0.259123,-0.00000360465,-0.00122187,0.0990427,-0.0457641,67.954,-0.00122548,-0.0110051,-0.048516976297833025,0.012914679013192654,0.000411467,999,,,,,,,-1,,-1,,,,,,,,,,,,,,,,,,,,"Eliezer Alfonzo","22741",672613
"Pavin Smith","ARI",0,1,1,0,0,0,0,0,0,0,0,0,0,0,0,0,,0,0,0.229407,0.11376,0.240682,0.472656,0.318898,0.367475,0.306662,0.686372,0.138068,3.28404,0.284987,-0.000884133,-0.00112321,0.148024,-0.010359,91.0772,-0.00200735,0.000474525,-0.01640945253893733,-0.023445228318450972,0.000356795,999,,,,,,,-1,,-1,,,,,,,,,,,,,,,,,,,,"Pavin Smith","19892",656976
"Hayden Senger","NYM",0,1,1,0,0,0,0,0,0,0,0,0,0,0,0,0,,0,0,0.204186,0.0567127,0.304523,0.186235,0.260734,0.319066,0.25864,0.5798,0.11488,3.71732,0.278325,-0.0000373494,-0.00101668,0.0878428,-0.0569641,63.1126,-0.00105403,-0.00492859,-0.055490195169113576,0.018991165794432163,0.000320049,999,,,,,,,-1,,-1,,,,,,,,,,,,,,,,,,,,"Hayden Senger","21489",663584
"Jared Serna","MIA",0,1,1,0,0,0,0,0,0,0,0,0,0,0,0,0,,0,0,0.223527,0.0653589,0.204211,0.320056,0.28106,0.337008,0.275269,0.618068,0.11348,4.19678,0.264555,-0.00000704545,-0.0000865643,0.114066,-0.0443163,69.688,-0.0000936097,0.00271087,-0.04901988495112164,0.007494822843000293,0.000186505,999,,,,,,,-1,,-1,,,,,,,,,,,,,,,,,,,,"Jared Serna","sa3015579",691858
"Chad Wallach","ATH",0,1,1,0,0,0,0,0,0,0,0,0,0,0,0,0,,0,0,0.206679,0.068969,0.293074,0.23533,0.270105,0.337057,0.270336,0.607162,0.130379,3.05482,0.271519,-0.0000081579,-0.00110463,0.0994099,-0.045397,67.086,-0.00111279,-0.0181313,-0.04784821264911443,0.005788471549749374,0.00012361,999,,,,,,,-1,,-1,,,,,,,,,,,,,,,,,,,,"Chad Wallach","17161",595453
"Logan Driscoll","MIA",0,1,1,0,0,0,0,0,0,0,0,0,0,0,0,0,,0,0,0.212263,0.0661714,0.277297,0.23863,0.274531,0.32139,0.266859,0.595921,0.109127,3.06769,0.282966,-0.000516667,-0.00131795,0.0959716,-0.0488353,64.0518,-0.00183461,-0.00857519,-0.054884722689166665,0.015344567596912384,0.0000100162,999,,,,,,,-1,,-1,,,,,,,,,,,,,,,,,,,,"Logan Driscoll","25475",686482
"Bryce Johnson","SDP",0,1,1,0,0,0,0,0,0,0,0,0,0,0,0,0,,0,0,0.212164,0.082103,0.275132,0.298413,0.286181,0.298311,0.265722,0.584492,0.0861468,6.24683,0.291295,-0.0001085,0.00632189,0.103739,-0.0546434,68.2897,0.00621339,-0.00331307,-0.04496990004554391,0.0014708831440657377,-0.0000147325,999,,,,,,,-1,,-1,,,,,,,,,,,,,,,,,,,,"Bryce Johnson","20002",669369
"Tyler Locklear","ARI",3,13,12,3,2,1,0,0,1,1,1,0,3,0,0,0,,0,0,0.23799,0.0796387,0.256459,0.310533,0.313704,0.386912,0.310501,0.700616,0.148922,4.22237,0.300314,-0.000506918,-0.000901845,1.52177,-0.0620594,93.6503,-0.00140876,-0.090876,-0.10389930021483451,-0.3300734981894493,-0.0000436096,999,,,,,,,10.7,3.566666666,10.7,3.566666666,,,,,,,,,,,,,,,,,,,"Tyler Locklear","31396",682988
"César Prieto","STL",1,5,5,1,1,0,0,0,1,0,0,0,1,0,0,0,,0,0,0.245082,0.0391251,0.158339,0.247097,0.282276,0.348685,0.278345,0.630961,0.103603,3.61421,0.278371,-0.000131387,-0.0107306,0.454425,-0.158668,75.1833,-0.010862,-0.0314294,-0.16591862589120865,-0.003651617094874382,-0.000178034,999,,,,,,,0.6,0.6,0.6,0.6,,,,,,,,,,,,,,,,,,,"Cesar Prieto","30163",693409
"Maximo Acosta","MIA",1,3,2,1,0,0,0,0,0,0,0,0,1,0,0,0,,0,0,0.221702,0.0631098,0.257376,0.245205,0.276391,0.335732,0.27208,0.612123,0.114029,5.67367,0.284795,0.0000506122,0.0052702,0.221233,-0.0955322,67.5507,0.00532081,-0.00821836,-0.09943131590262055,0.010917442850768566,-0.000184,999,,,,,,,3.6,3.6,3.6,3.6,,,,,,,,,,,,,,,,,,,"Maximo Acosta","27963",691185
"Hyeseong Kim","LAD",1,3,2,1,0,0,0,0,0,0,0,0,1,0,0,0,,0,0,0.217261,0.0630228,0.285653,0.220627,0.270889,0.321356,0.26404,0.592245,0.104095,5.8763,0.293343,-0.000155,0.00860423,0.203839,-0.112926,63.9835,0.00844923,0.00678742,-0.10781834926456213,0.01635532407090068,-0.000484656,740.77001953125,,,,,,,3.6,3.6,3.6,3.6,,,,,,,,,,,,,,,,,,,"Hyeseong Kim","35322",808975
"James Triantos","CHC",0,1,1,0,0,0,0,0,0,0,0,0,0,0,0,0,,0,0,0.240925,0.0435291,0.168433,0.258435,0.279422,0.34066,0.273923,0.620083,0.0997357,5.64876,0.277881,0,0.00298836,0.11261,-0.0457728,71.8696,0.00298836,-0.0106046,-0.04241654300130904,-0.005820640362799168,-0.000497773,999,,,,,,,-1,,-1,,,,,,,,,,,,,,,,,,,,"James Triantos","29795",701649
"DaShawn Keirsey Jr.","ATL",0,1,1,0,0,0,0,0,0,0,0,0,0,0,0,0,,0,0,0.223093,0.0551646,0.294906,0.187058,0.271065,0.332216,0.267333,0.60328,0.109123,7.34779,0.306651,-0.0000176423,0.00838762,0.105481,-0.052901,65.2258,0.00836998,-0.00768148,-0.04775867331773043,-0.002897534053772688,-0.000744384,999,,,,,,,-1,,-1,,,,,,,,,,,,,,,,,,,,"DaShawn Keirsey Jr.","24496",680577
"Tim Elko","CHW",1,4,4,1,1,0,0,0,0,0,0,0,1,0,0,0,,0,0,0.229867,0.0575724,0.337756,0.170456,0.278039,0.390217,0.292083,0.668255,0.16035,2.78195,0.317631,-0.0000721804,-0.004132,0.409558,-0.0809169,84.8392,-0.00420418,-0.00577684,-0.07711885822936893,-0.07985091954469681,-0.0010605,999,,,,,,,1.6,1.6,1.6,1.6,,,,,,,,,,,,,,,,,,,"Tim Elko","31522",671284
"Tommy Pham","PHI",1,3,2,1,0,0,0,0,0,0,0,0,1,0,0,0,,0,0,0.220976,0.0995578,0.249289,0.399367,0.302055,0.350284,0.292068,0.652339,0.129308,4.10919,0.27744,-0.00151262,-0.00137453,0.264475,-0.0522898,80.6808,-0.00288716,-0.00495763,-0.06525309872813523,-0.03366133151575923,-0.0012443,999,,,,,,,3.6,3.6,3.6,3.6,,,,,,,,,,,,,,,,,,,"Tommy Pham","2967",502054
"Robert Hassell III","PIT",0,1,1,0,0,0,0,0,0,0,0,0,0,0,0,0,,0,0,0.227009,0.0793462,0.2538,0.312633,0.290086,0.322079,0.274925,0.612165,0.0950704,4.20094,0.296675,0.0000337079,0.00125293,0.110027,-0.0432468,68.9235,0.00128664,0.00675369,-0.047255464480258524,-0.007135199382901192,-0.00126767,999,,,,,,,-1,,-1,,,,,,,,,,,,,,,,,,,,"Robert Hassell III","27482",690987
"Santiago Espinal","ARI",2,7,6,1,1,0,0,0,1,1,0,0,1,0,0,0,,0,0,0.236407,0.0687564,0.154942,0.443755,0.292694,0.317845,0.274166,0.610539,0.0814378,3.73422,0.272244,0.000817466,-0.00209255,0.564363,-0.22755,69.2996,-0.00127508,-0.0223336,-0.24904065113514662,0.011154025793075562,-0.00215251,999,,,,,,,-0.4,-0.2,-0.4,-0.2,,,,,,,,,,,,,,,,,,,"Santiago Espinal","19997",669289
"Jack Winkler","ATH",1,3,2,0,0,0,0,0,0,0,0,0,1,0,0,0,,0,0,0.201231,0.0586031,0.284601,0.205913,0.258753,0.305172,0.252805,0.563925,0.103941,4.75276,0.269177,-0.0000163158,0.00590837,0.179533,-0.137232,54.8759,0.00589206,-0.0157448,-0.1342675043269992,0.012958921492099762,-0.00271693,999,,,,,,,-2,-2,-2,-2,,,,,,,,,,,,,,,,,,,"Jack Winkler","29830",676466
"Jared Dickey","ATH",1,3,2,1,0,0,0,0,0,0,0,0,1,0,0,0,,0,0,0.222901,0.085342,0.215506,0.396008,0.294641,0.328594,0.280143,0.623236,0.105694,4.07726,0.27395,0,-0.00243867,0.238677,-0.078088,73.9171,-0.00243867,-0.0118153,-0.08345442451536655,-0.04051899630576372,-0.00298861,999,,,,,,,3.6,3.6,3.6,3.6,,,,,,,,,,,,,,,,,,,"Jared Dickey","sa3022688",801406
"Michael Chavis","CIN",2,8,7,2,1,0,0,0,1,1,0,0,2,0,0,0,,0,0,0.236119,0.0579433,0.261397,0.221668,0.287614,0.409208,0.30368,0.696822,0.173089,3.60203,0.286865,0,-0.00756075,0.868788,-0.0815075,85.2443,-0.00756075,-0.0265413,-0.15046288957819343,-0.14135611057281494,-0.00323089,999,,,,,,,4.2,2.1,4.2,2.1,,,,,,,,,,,,,,,,,,,"Michael Chavis","17321",656308
"Gavin Cross","KCR",2,8,7,2,1,0,0,0,1,1,0,0,2,0,0,0,,0,0,0.230297,0.0560688,0.279911,0.200309,0.277756,0.386621,0.290135,0.664377,0.156324,6.92938,0.29636,-0.0000156522,0.0260604,0.755689,-0.163951,80.6756,0.0260447,-0.0216306,-0.14821630343794823,-0.1605195440351963,-0.00345826,999,,,,,,,4.2,2.1,4.2,2.1,,,,,,,,,,,,,,,,,,,"Gavin Cross","sa3019985",688457
"Eric Wagaman","NYM",2,8,7,2,1,0,0,0,1,1,1,0,2,0,0,0,,0,0,0.231923,0.0745811,0.22973,0.324647,0.291405,0.371251,0.292233,0.662657,0.139329,4.28557,0.280714,-0.00116544,-0.00430349,0.794492,-0.155803,85.6251,-0.00546894,0.0227411,-0.1446827962063253,-0.1494811698794365,-0.00346995,748.2100219726562,,,,,,,7.2,3.6,7.2,3.6,,,,,,,,,,,,,,,,,,,"Eric Wagaman","23395",676572
"Ronny Simon","PIT",3,12,10,3,2,1,0,0,1,1,1,0,2,0,0,0,,0,0,0.244913,0.0813036,0.204183,0.39819,0.309741,0.36169,0.298555,0.671431,0.116778,5.74859,0.296611,0.000135,0.022983,1.21286,-0.166601,84.7591,0.023118,-0.0101292,-0.19114083237946033,-0.2277217386290431,-0.0042062,999,,,,,,,12.7,4.233333333,12.7,4.233333333,,,,,,,,,,,,,,,,,,,"Ronny Simon","25346",682927
"Andrew McCutchen",,2,7,6,1,1,0,0,0,1,1,1,0,2,0,0,0,,0,0,0.219207,0.110413,0.244587,0.451427,0.309887,0.358897,0.299759,0.668784,0.139689,2.6754,0.268385,-0.00547119,-0.00692637,0.702786,-0.0891263,88.5488,-0.0123976,0,-0.1030661091208458,-0.16743826866149902,-0.00446481,999,,,,,,,2.6,1.3,2.6,1.3,,,,,,,,,,,,,,,,,,,"Andrew McCutchen","9847",457705
"Bryan De La Cruz","PHI",11,46,42,10,7,2,0,1,5,5,3,0,12,0,0,0,,0,0,0.240747,0.0647571,0.254555,0.254393,0.292237,0.391014,0.299484,0.683251,0.150267,2.47302,0.295868,-0.0065875,-0.0406534,4.76883,-0.616175,85.6508,-0.0472409,-0.215332,-0.8347098492085934,-0.6841593682765961,-0.00456885,999,,,,,,,38.2,3.472727272,38.2,3.472727272,,,,,,,,,,,,,,,,,,,"Bryan De La Cruz","19600",650559
"Andrew Velazquez",,2,11,10,2,2,0,0,0,1,1,1,0,3,0,0,0,,1,0,0.218645,0.0562324,0.272903,0.206052,0.264455,0.325791,0.261665,0.590247,0.107147,5.65629,0.287422,-0.0000641379,0.0596422,0.7948,-0.47226,62.527,0.059578,-0.0638609,-0.41514987125992775,-0.006453521549701691,-0.00600153,999,,,,,,,6.1,3.05,6.1,3.05,,,,,,,,,,,,,,,,,,,"Andrew Velazquez","14196",623205
"Rafael Flores Jr.","PIT",8,34,30,7,5,1,0,1,4,3,3,0,9,0,0,0,,0,0,0.234901,0.092216,0.279765,0.329619,0.30917,0.375375,0.303611,0.684545,0.140475,2.39813,0.309588,-0.00109038,-0.0404601,3.63744,-0.343291,88.1479,-0.0415505,-0.520842,-0.5223675779998302,-0.6273230761289597,-0.00612028,999,,,,,,,30.5,3.8125,30.5,3.8125,,,,,,,,,,,,,,,,,,,"Rafael Flores Jr.","31991",804668
"Jonathan Ornelas","MIL",2,8,7,2,1,0,0,0,1,1,1,0,2,0,0,0,,0,0,0.218531,0.0670708,0.279559,0.239916,0.278219,0.32092,0.268283,0.599139,0.102389,4.8711,0.293024,-0.000075,-0.00166831,0.639052,-0.311243,67.0684,-0.00174331,-0.0390534,-0.32067017653025687,-0.0007818229496479034,-0.00625188,999,,,,,,,7.2,3.6,7.2,3.6,,,,,,,,,,,,,,,,,,,"Jonathan Ornelas","24597",680716
"Will Banfield","CIN",1,5,5,1,1,0,0,0,0,0,0,0,1,0,0,0,,0,0,0.215136,0.0386263,0.276563,0.139665,0.249644,0.337526,0.257631,0.587169,0.122389,2.22575,0.275782,-0.0000590476,-0.00438364,0.347378,-0.231849,54.3837,-0.00444269,-0.0435101,-0.2737136725336313,0.05216894671320915,-0.00642173,999,,,,,,,0.6,0.6,0.6,0.6,,,,,,,,,,,,,,,,,,,"Will Banfield","23790",677943
"Michael Toglia","CIN",3,15,13,3,2,1,0,1,2,2,1,0,5,0,0,0,,0,0,0.216221,0.0953835,0.31918,0.298839,0.292502,0.408778,0.306943,0.70128,0.192556,3.39401,0.28057,-0.000432254,-0.0115799,1.6316,-0.110603,87.4312,-0.0120122,-0.0452746,-0.23517166636884212,-0.30839188024401665,-0.00679617,999,,,,,,,19.1,6.366666666,19.1,6.366666666,,,,,,,,,,,,,,,,,,,"Michael Toglia","25845",669911
"Tyler Callihan","PIT",2,6,6,1,1,0,0,0,1,1,1,0,2,0,0,0,,0,0,0.214297,0.0794804,0.28391,0.279949,0.27942,0.331734,0.272849,0.611154,0.117437,5.33617,0.287711,-0.000152778,0.00709491,0.539267,-0.2271,67.5322,0.00694213,-0.0461285,-0.2466345657594502,-0.04149885196238756,-0.00798788,999,,,,,,,2.6,1.3,2.6,1.3,,,,,,,,,,,,,,,,,,,"Tyler Callihan","27497",682997
"Victor Bericoto","SFG",25,106,99,24,16,4,0,3,12,11,6,0,28,0,1,1,,0,0,0.242942,0.0553567,0.261495,0.211693,0.285146,0.386244,0.2934,0.671389,0.143302,3.48105,0.305819,-0.000752366,-0.121433,10.6252,-1.9636,85.5141,-0.122185,-0.268753,-1.9806457459926605,-1.54776531457901,-0.00840319,999,,,,,,,93.2,3.728,93.2,3.728,,,,,,,,,,,,,,,,,,,"Victor Bericoto","26468",682674
"Ildemaro Vargas","ARI",16,70,64,16,11,3,0,1,8,6,4,0,9,0,1,0,,1,0,0.243326,0.0571115,0.124317,0.459401,0.2898,0.350542,0.283088,0.640342,0.107216,4.44694,0.26552,0.000833793,-0.0462536,6.37121,-1.86468,75.2787,-0.0454198,0.163741,-2.120339300483465,-0.23811078071594238,-0.0106041,999,,,,,,,57.6,3.6,57.6,3.6,,,,,,,,,,,,,,,,,,,"Ildemaro Vargas","13324",545121
"Carlos Santana",,2,8,7,1,1,0,0,0,1,1,1,0,2,0,0,0,,0,0,0.209699,0.100706,0.197523,0.509845,0.294058,0.316537,0.277005,0.610595,0.106838,2.94519,0.245872,-0.00745,-0.00198912,0.69566,-0.254635,73.0054,-0.00943912,0.0279732,-0.2659251829609275,-0.11554532311856747,-0.011155,999,,,,,,,1.6,0.8,1.6,0.8,,,,,,,,,,,,,,,,,,,"Carlos Santana","2396",467793
"Charlie Condon","COL",5,24,21,5,3,1,0,1,3,2,2,0,7,1,0,0,,0,0,0.237349,0.0839124,0.288958,0.290397,0.317676,0.403962,0.31846,0.721638,0.166613,5.49491,0.315671,0,-0.0185154,2.82152,0.0421676,86.5145,-0.0185154,0.0531422,-0.40048785880208015,-0.49500593915581703,-0.0137314,999,,,,,,,28.3,5.66,28.3,5.66,,,,,,,,,,,,,,,,,,,"Charlie Condon","sa3025257",809707
"Juan Brito","CIN",3,15,13,3,2,1,0,0,1,1,1,0,3,0,0,0,,0,0,0.216819,0.100197,0.216069,0.463728,0.30058,0.341819,0.288771,0.642399,0.125,3.23698,0.260978,-0.000246776,-0.0197893,1.41538,-0.326832,75.2526,-0.0200361,-0.101255,-0.45942481607198715,-0.16344676166772842,-0.0148814,999,,,,,,,9.7,3.233333333,9.7,3.233333333,,,,,,,,,,,,,,,,,,,"Juan Brito","26693",682877
"Deyvison De Los Santos","MIA",8,33,31,8,5,1,0,1,4,4,2,0,8,0,0,0,,1,0,0.247187,0.0470761,0.250249,0.188117,0.286663,0.403333,0.300219,0.689996,0.156146,4.56298,0.301456,0,0.00517679,3.52636,-0.433198,86.4085,0.00517679,0.00685285,-0.5432701045647264,-0.7346595129929483,-0.0197845,999,,,,,,,34,4.25,34,4.25,,,,,,,,,,,,,,,,,,,"Deyvison De Los Santos","27969",691277
"Cristian Pache","NYM",4,19,17,3,2,1,0,0,2,2,1,0,6,0,0,0,,0,0,0.197068,0.0631488,0.320426,0.197078,0.253966,0.297454,0.247247,0.55142,0.100386,5.24797,0.281513,0.000170196,-0.00367705,1.17256,-1.0448,55.4774,-0.00350686,0.148015,-1.0095940404571593,0.061903998255729675,-0.034736,999,,,,,,,5.7,1.425,5.7,1.425,,,,,,,,,,,,,,,,,,,"Cristian Pache","19948",665506
"Dominic Smith","ATL",9,39,35,8,6,2,0,1,4,4,3,0,8,0,0,0,,0,0,0.242708,0.07449,0.201039,0.370524,0.306406,0.367234,0.299156,0.67364,0.124526,2.89426,0.284847,-0.0237673,-0.038067,4.05723,-0.535859,86.5525,-0.0618343,0.0310926,-0.6912947371602058,-0.9209135491400957,-0.0361837,999,,,,,,,34,3.777777777,34,3.777777777,,,,,,,,,,,,,,,,,,,"Dominic Smith","15653",642086
"Troy Johnston","COL",11,47,42,11,7,2,0,1,5,5,3,0,9,1,0,0,,1,0,0.253287,0.0678545,0.198554,0.341744,0.314447,0.383161,0.308601,0.697607,0.129874,5.25987,0.301324,-0.00871752,0.0399109,5.26877,-0.289942,79.9076,0.0311934,0.0186205,-1.1070287879556417,-0.7912560999393463,-0.0384014,748.4099731445312,,,,,,,48.7,4.427272727,48.7,4.427272727,,,,,,,,,,,,,,,,,,,"Troy Johnston","26143",687859
"Adam Frazier","LAA",9,40,36,8,6,2,0,0,4,3,3,0,8,1,0,0,,1,0,0.226687,0.0701218,0.192882,0.363548,0.289278,0.30992,0.270277,0.599198,0.083233,4.46002,0.274846,-0.00172635,-0.0388547,3.25997,-1.4915,68.7146,-0.040581,-0.0655422,-1.4982104785740376,-0.3525792509317398,-0.0439308,999,,,,,,,28.5,3.166666666,28.5,3.166666666,,,,,,,,,,,,,,,,,,,"Adam Frazier","15223",624428
"Tommy White","ATH",23,100,94,23,16,4,0,2,10,10,4,0,20,1,1,1,,0,0,0.241103,0.0394718,0.195266,0.202144,0.277059,0.363734,0.281183,0.640793,0.122631,2.65196,0.279541,0,-0.104444,9.03475,-2.84394,74.6414,-0.104444,1.02938,-3.0581778064370155,-0.9368267059326172,-0.0453997,999,,,,,,,80.2,3.486956521,80.2,3.486956521,,,,,,,,,,,,,,,,,,,"Tommy White","35107",695720
"Brett Sullivan","COL",13,52,47,11,7,2,0,1,6,5,3,0,9,0,0,0,,1,0,0.230602,0.0633379,0.181553,0.348867,0.28282,0.356099,0.28197,0.638919,0.125497,4.75131,0.266005,-0.00743467,-0.0336894,4.69424,-1.43436,62.0602,-0.041124,-0.902047,-2.4107307605445385,0.1102982759475708,-0.0634957,999,,,,,,,40.7,3.13076923,40.7,3.13076923,,,,,,,,,,,,,,,,,,,"Brett Sullivan","18217",664954