Name,Team,G,PA,AB,H,1B,2B,3B,HR,R,RBI,BB,IBB,SO,HBP,SF,SH,GDP,SB,CS,AVG,BB%,K%,BB/K,OBP,SLG,wOBA,OPS,ISO,Spd,BABIP,UBR,wSB,wRC,wRAA,wRC+,BsR,Fld,Off,Def,WAR,ADP,InterSD,InterSK,IntraSD,Vol,Skew,Dim,FPTS,FPTS/G,SPTS,SPTS/G,P10,P20,P30,P40,P50,P60,P70,P80,P90,TT10,TT20,TT30,TT40,TT50,TT60,TT70,TT80,TT90,NameASCII,PlayerId,MLBAMID
"Bobby Witt Jr.","KCR",12,50,45,13,8,3,1,2,8,7,4,1,8,0,0,0,,3,1,0.290223,0.0849308,0.167911,0.50581,0.354714,0.498365,0.364851,0.853079,0.208142,7.05794,0.317748,0.31089,0.210875,7.93284,1.95954,132.587,0.521766,0.633392,2.4313725233078003,1.1722806692123413,0.546868,3.0999999046325684,,,,,,,75.9,6.325,75.9,6.325,,,,,,,,,,,,,,,,,,,"Bobby Witt Jr.","25764",677951
"Aaron Judge","NYY",11,45,37,11,6,2,0,3,8,8,8,1,11,0,0,0,,1,0,0.28523,0.173125,0.251806,0.687533,0.41166,0.60669,0.428801,1.01835,0.32146,3.64319,0.319779,-0.0900964,0.00196774,9.53045,4.12677,179.637,-0.0881287,0.0322367,4.133532427251339,-0.5194608755409718,0.530685,1.850000023841858,,,,,,,84.5,7.681818181,84.5,7.681818181,,,,,,,,,,,,,,,,,,,"Aaron Judge","15640",592450
"Fernando Tatis Jr.","SDP",13,54,48,13,8,2,0,2,8,7,6,0,10,1,0,0,,2,1,0.276849,0.103146,0.187772,0.549316,0.356406,0.469232,0.357907,0.825639,0.192384,5.37823,0.308654,0.208779,0.135502,8.28784,1.81677,130.377,0.344281,1.30839,2.3463584184646606,0.7727416157722473,0.497446,14.010000228881836,,,,,,,71.4,5.492307692,71.4,5.492307692,,,,,,,,,,,,,,,,,,,"Fernando Tatis Jr.","19709",665487
"Pete Crow-Armstrong","CHC",12,50,44,11,6,2,0,2,7,7,4,0,12,1,0,1,,3,1,0.251599,0.0835401,0.245279,0.340592,0.322998,0.471169,0.341002,0.794167,0.21957,7.40236,0.295617,0.27084,0.2387,6.89063,0.978914,116.961,0.509541,1.44842,1.5307469367980957,1.6261965185403824,0.485679,32.939998626708984,,,,,,,60.1,5.008333333,60.1,5.008333333,,,,,,,,,,,,,,,,,,,"Pete Crow-Armstrong","27769",691718
"Konnor Griffin","PIT",11,47,43,11,8,2,0,1,6,5,3,0,12,1,0,0,,2,1,0.264968,0.0652807,0.246948,0.26435,0.32863,0.400125,0.322506,0.728755,0.135157,6.17522,0.338062,0.196758,0.160946,5.82566,0.221844,99.2776,0.357704,2.15446,0.3164735622704029,2.60445898771286,0.453112,999,,,,,,,46.8,4.254545454,46.8,4.254545454,,,,,,,,,,,,,,,,,,,"Konnor Griffin","35376",804606
"Ben Williamson","TBR",1,6,6,1,1,0,0,0,1,0,0,0,1,0,0,0,,0,0,0.247621,0.0590117,0.208116,0.283552,0.294352,0.304718,0.269744,0.59907,0.0570965,4.96885,0.311442,0.00421773,-0.00422516,0.499129,-0.234704,68.3973,-0.00000742378,4.27936,-0.22751769724118276,4.313465710729361,0.437277,999,,,,,,,-0.4,-0.4,-0.4,-0.4,,,,,,,,,,,,,,,,,,,"Ben Williamson","33197",810938
"Julio Rodríguez","SEA",12,50,46,12,8,2,0,2,7,7,4,0,11,1,0,0,,2,0,0.270231,0.0737298,0.21603,0.341295,0.331251,0.461057,0.342306,0.792308,0.190826,5.38108,0.309228,0.123903,0.14031,7.01549,1.04219,126.595,0.264213,0.483353,1.8226643800735474,0.6629830300807953,0.433297,9.489999771118164,,,,,,,64.6,5.383333333,64.6,5.383333333,,,,,,,,,,,,,,,,,,,"Julio Rodriguez","23697",677594
"Francisco Lindor","NYM",13,54,48,12,8,2,0,2,8,7,5,0,10,1,0,0,,2,0,0.25369,0.0941709,0.183935,0.511978,0.333963,0.439489,0.339306,0.773452,0.185799,5.16769,0.278363,0.0232459,0.0770948,7.46784,0.996768,115.702,0.100341,0.696248,1.1351980715990067,1.2399207949638367,0.421869,25.350000381469727,,,,,,,65.6,5.046153846,65.6,5.046153846,,,,,,,,,,,,,,,,,,,"Francisco Lindor","12916",596019
"Gunnar Henderson","BAL",11,49,43,11,7,2,0,2,7,6,5,0,10,1,0,0,,1,0,0.256255,0.0987618,0.213429,0.462739,0.335702,0.455237,0.343387,0.79094,0.198982,6.08616,0.294735,0.151012,0.0781341,6.84113,1.05257,122.366,0.229146,0.365048,1.4992236346006393,0.8872697651386261,0.417633,12.510000228881836,,,,,,,63.1,5.736363636,63.1,5.736363636,,,,,,,,,,,,,,,,,,,"Gunnar Henderson","26289",683002
"Cal Raleigh","SEA",11,45,38,8,4,1,0,3,6,7,6,0,12,0,0,0,,0,0,0.221121,0.126138,0.275237,0.458288,0.326216,0.477082,0.344802,0.803298,0.255962,3.19871,0.241682,-0.121448,0.000292665,6.32672,1.01673,128.328,-0.121155,0.561624,1.3545110151171684,1.1116241812705994,0.411238,18.729999542236328,,,,,,,55.9,5.081818181,55.9,5.081818181,,,,,,,,,,,,,,,,,,,"Cal Raleigh","21534",663728
"Will Smith","LAD",10,41,35,9,6,2,0,1,5,5,5,0,8,1,0,0,,0,0,0.259458,0.117176,0.18773,0.624175,0.356044,0.437282,0.348757,0.793325,0.177824,2.74702,0.290921,-0.126009,-0.065024,5.90581,1.0587,120.392,-0.191034,1.10338,0.8156658113002777,1.7754476070404053,0.398489,95.69000244140625,,,,,,,48.6,4.86,48.6,4.86,,,,,,,,,,,,,,,,,,,"Will Smith","19197",669257
"Zach Neto","LAA",12,54,48,12,7,2,0,2,7,6,4,0,14,1,0,0,,2,1,0.243313,0.0784807,0.265749,0.295319,0.319614,0.431712,0.328887,0.751327,0.188399,5.44324,0.300329,0.0877028,0.0872669,6.93632,0.531955,110.788,0.17497,0.602979,0.85274538397789,1.1606950759887695,0.398375,32.29999923706055,,,,,,,59.8,4.983333333,59.8,4.983333333,,,,,,,,,,,,,,,,,,,"Zach Neto","31347",687263
"Jackson Merrill","SDP",12,54,49,13,8,3,0,2,7,7,4,0,11,0,0,0,,1,0,0.261266,0.0673438,0.211557,0.318324,0.314362,0.446456,0.328861,0.760818,0.18519,5.80909,0.30175,0.171636,0.0489538,6.93519,0.530824,110.95,0.22059,1.04875,0.9348155856132507,1.2252926528453827,0.398166,70.79000091552734,,,,,,,65.2,5.433333333,65.2,5.433333333,,,,,,,,,,,,,,,,,,,"Jackson Merrill","29490",701538
"Yordan Alvarez","HOU",11,47,39,12,7,2,0,3,7,7,6,1,8,1,1,0,,0,0,0.297783,0.138838,0.169035,0.821353,0.400631,0.557946,0.406336,0.958577,0.260164,2.02315,0.309614,-0.146515,-0.0663574,8.92663,3.3844,165.061,-0.212873,-0.0954526,3.3245465010404587,-1.180637739598751,0.385534,33.38999938964844,,,,,,,83.2,7.563636363,83.2,7.563636363,,,,,,,,,,,,,,,,,,,"Yordan Alvarez","19556",670541
"Juan Soto","NYM",12,51,41,11,6,2,0,3,8,8,9,1,8,0,0,0,,1,0,0.275187,0.184364,0.166741,1.10569,0.408857,0.532394,0.403128,0.941251,0.257206,4.02916,0.279907,-0.0372445,0.0169126,9.53934,3.53525,158.389,-0.0203318,-0.658117,3.550253890454769,-1.48064786195755,0.377802,4.650000095367432,,,,,,,83.5,6.958333333,83.5,6.958333333,,,,,,,,,,,,,,,,,,,"Juan Soto","20123",665742
"Kevin McGonigle","DET",12,53,46,12,8,2,0,1,7,6,6,0,8,0,0,0,,1,0,0.256269,0.116544,0.143957,0.809574,0.344834,0.418569,0.336411,0.763402,0.162299,5.12158,0.276034,0.0387229,-0.00109171,7.1889,0.851251,114.703,0.0376312,0.445492,0.9517900235950947,0.7885470688343048,0.368613,999,,,,,,,56.3,4.691666666,56.3,4.691666666,,,,,,,,,,,,,,,,,,,"Kevin McGonigle","33572",805808
"Corbin Carroll","ARI",11,49,43,11,6,2,1,2,8,6,5,0,10,1,0,0,,2,0,0.255124,0.110528,0.207087,0.533725,0.344408,0.483089,0.35644,0.827498,0.227965,7.92979,0.289791,0.370346,0.188628,7.43409,1.58395,124.603,0.558973,0.504745,2.0249099135398865,-0.023032546043395996,0.366625,14.100000381469727,,,,,,,70.7,6.427272727,70.7,6.427272727,,,,,,,,,,,,,,,,,,,"Corbin Carroll","25878",682998
"Jeremy Peña","HOU",11,47,43,12,8,2,0,1,7,5,3,0,9,1,0,0,,1,0,0.272509,0.0582607,0.189125,0.308054,0.327371,0.430154,0.331535,0.757525,0.157645,5.21756,0.310957,0.0952305,0.0598884,6.10254,0.560305,113.12,0.155119,0.497413,0.8684482723474503,0.9974132180213928,0.357289,122.9800033569336,,,,,,,53.3,4.845454545,53.3,4.845454545,,,,,,,,,,,,,,,,,,,"Jeremy Pena","21636",665161
"José Ramírez","CLE",11,48,42,11,7,3,0,2,7,6,5,1,6,0,0,0,,3,1,0.267715,0.105122,0.116185,0.904783,0.348464,0.452372,0.343923,0.800837,0.184657,5.72843,0.271483,0.209449,0.228853,6.78927,1.06229,121.269,0.438302,0.0360551,1.6332488059997559,0.06012916937470436,0.345359,6.28000020980835,,,,,,,65,5.909090909,65,5.909090909,,,,,,,,,,,,,,,,,,,"Jose Ramirez","13510",608070
"William Contreras","MIL",11,44,39,10,7,2,0,1,6,6,5,0,7,0,0,0,,0,0,0.269379,0.107363,0.168549,0.63698,0.351017,0.417004,0.33715,0.768021,0.147624,3.31166,0.302305,-0.098869,-0.0282015,5.97374,0.730609,113.436,-0.12707,0.77914,0.5904271006584167,1.3643254041671753,0.344897,56.560001373291016,,,,,,,47.2,4.29090909,47.2,4.29090909,,,,,,,,,,,,,,,,,,,"William Contreras","20503",661388
"Gabriel Moreno","ARI",11,44,39,11,8,2,0,1,5,6,4,0,7,0,0,0,,0,0,0.282919,0.0997259,0.161396,0.617894,0.357632,0.425537,0.34446,0.783169,0.142618,3.41712,0.318791,-0.0330483,-0.0298537,6.18671,0.984046,116.59,-0.062902,0.624367,0.8161881640553474,1.1336263418197632,0.343266,181.22000122070312,,,,,,,49.8,4.527272727,49.8,4.527272727,,,,,,,,,,,,,,,,,,,"Gabriel Moreno","22664",672515
"Corey Seager","TEX",10,43,37,10,6,2,0,2,6,6,5,1,9,0,0,0,,0,0,0.257913,0.111907,0.197803,0.565751,0.346425,0.458499,0.346602,0.804924,0.200586,2.14815,0.282821,-0.112568,-0.0558165,6.15252,1.04135,124.539,-0.168385,0.335103,1.0620305091142654,0.6480662226676941,0.328419,95.08999633789062,,,,,,,58.6,5.86,58.6,5.86,,,,,,,,,,,,,,,,,,,"Corey Seager","13624",608369
"Isaac Paredes","HOU",11,49,42,10,7,2,0,2,6,6,5,0,8,1,0,0,,0,0,0.245084,0.10878,0.153821,0.707186,0.341514,0.423523,0.338039,0.765037,0.178439,1.99986,0.256117,-0.103934,-0.0743205,6.70077,0.850633,117.636,-0.178255,0.568418,0.833903580904007,0.6332332044839859,0.326105,243.60000610351562,,,,,,,56.6,5.145454545,56.6,5.145454545,,,,,,,,,,,,,,,,,,,"Isaac Paredes","20036",670623
"Geraldo Perdomo","ARI",12,50,42,11,8,2,0,1,6,5,6,0,6,1,1,1,,2,0,0.261969,0.126064,0.126211,0.998834,0.362375,0.388155,0.336024,0.75053,0.126185,5.85381,0.287599,0.047966,0.0320086,6.69016,0.778439,110.948,0.0799746,0.256419,0.7391536012291908,0.7897522747516632,0.320297,76.7699966430664,,,,,,,59.6,4.966666666,59.6,4.966666666,,,,,,,,,,,,,,,,,,,"Geraldo Perdomo","22799",672695
"Ketel Marte","ARI",11,48,42,11,7,2,0,2,7,7,5,0,7,1,0,0,,0,0,0.270416,0.0994136,0.153593,0.647252,0.348652,0.473341,0.35461,0.821993,0.202925,3.753,0.282222,-0.0397751,-0.0176929,7.12872,1.46332,123.379,-0.057468,0.253615,1.291563767939806,0.2017628699541092,0.309809,32.63999938964844,,,,,,,62.2,5.654545454,62.2,5.654545454,,,,,,,,,,,,,,,,,,,"Ketel Marte","13613",606466
"Mike Trout","LAA",11,47,40,10,6,2,0,2,6,6,7,1,13,1,0,0,,1,0,0.241271,0.145367,0.276538,0.525668,0.360137,0.44276,0.350315,0.802897,0.201489,3.76212,0.304959,-0.0686651,-0.00749716,6.88728,1.28346,125.667,-0.0761622,0.132652,1.3348880857229233,0.028330862522125244,0.308093,178.44000244140625,,,,,,,66.5,6.045454545,66.5,6.045454545,,,,,,,,,,,,,,,,,,,"Mike Trout","10155",545361
"Kyle Tucker","LAD",12,52,44,11,7,2,0,2,7,7,7,0,8,0,0,0,,2,0,0.256456,0.132982,0.157808,0.842682,0.358583,0.44732,0.351682,0.805903,0.190865,4.77569,0.270665,0.0463183,0.135557,7.68297,1.47874,122.348,0.181876,0.280035,1.5940507352352142,-0.27968698740005493,0.306667,13.130000114440918,,,,,,,67,5.583333333,67,5.583333333,,,,,,,,,,,,,,,,,,,"Kyle Tucker","18345",663656
"Mookie Betts","LAD",12,52,46,12,8,2,0,2,7,7,5,0,6,0,0,0,,1,0,0.264967,0.100509,0.112868,0.890505,0.343152,0.431696,0.339481,0.774849,0.16673,4.03372,0.270009,-0.0589161,-0.0181235,7.16728,0.963054,114.187,-0.0770396,-0.132855,0.8194521442055702,0.4268667846918106,0.299754,60.58000183105469,,,,,,,62.7,5.225,62.7,5.225,,,,,,,,,,,,,,,,,,,"Mookie Betts","13611",605141
"Junior Caminero","TBR",13,54,49,13,8,2,0,3,7,9,5,0,10,0,0,0,,0,0,0.270082,0.0851458,0.188797,0.450991,0.336327,0.508514,0.360767,0.844841,0.238433,3.27678,0.280722,-0.0712552,-0.0142136,8.4139,1.94282,131.603,-0.0854689,-1.08475,1.9207855686545372,-0.9222548305988312,0.297296,16.479999542236328,,,,,,,72.8,5.6,72.8,5.6,,,,,,,,,,,,,,,,,,,"Junior Caminero","28163",691406
"Walker Jenkins","MIN",11,46,41,10,7,2,0,1,6,5,4,0,10,1,0,0,,1,0,0.247277,0.0931398,0.208434,0.446855,0.324245,0.391609,0.316775,0.715854,0.144332,5.56114,0.29644,0.0631249,0.0425112,5.47341,0.0030171,101.751,0.105636,0.943297,0.19962067902088165,1.0757042467594147,0.295126,999,,,,,,,47.1,4.281818181,47.1,4.281818181,,,,,,,,,,,,,,,,,,,"Walker Jenkins","33571",805805
"Alex Bregman","CHC",12,50,44,11,7,2,0,2,6,6,5,0,7,1,0,0,,0,0,0.251014,0.104523,0.144768,0.722006,0.335724,0.413466,0.330219,0.74919,0.162452,2.64079,0.264964,-0.100581,-0.0677917,6.52364,0.55034,109.748,-0.168373,0.634897,0.42470015585422516,0.8145262002944946,0.292589,119.16999816894531,,,,,,,60.2,5.016666666,60.2,5.016666666,,,,,,,,,,,,,,,,,,,"Alex Bregman","17678",608324
"Trea Turner","PHI",11,49,45,12,8,2,0,1,7,5,3,0,9,0,0,0,,2,0,0.26881,0.065268,0.192148,0.339675,0.321294,0.41442,0.322324,0.735714,0.145609,5.90409,0.310476,0.249749,0.134185,6.07448,0.22434,99.0826,0.383934,0.412755,0.32927291840314865,0.9405325055122375,0.292258,26.780000686645508,,,,,,,50.2,4.563636363,50.2,4.563636363,,,,,,,,,,,,,,,,,,,"Trea Turner","16252",607208
"Masyn Winn","STL",10,44,40,10,7,2,0,1,5,4,3,0,8,1,0,0,,1,0,0.250538,0.0736602,0.187123,0.393645,0.31186,0.36253,0.299712,0.674391,0.111992,4.9695,0.295107,0.0694236,0.0495566,4.6288,-0.605531,89.1395,0.11898,1.40483,-0.46001236885786057,1.8770487308502197,0.290029,364.7799987792969,,,,,,,45.1,4.51,45.1,4.51,,,,,,,,,,,,,,,,,,,"Masyn Winn","27479",691026
"Dillon Dingler","DET",11,45,41,10,6,2,0,2,5,6,3,0,11,1,0,0,,0,0,0.245348,0.0602576,0.236357,0.254943,0.303252,0.417565,0.314804,0.720818,0.172217,2.89143,0.290646,-0.0342806,-0.0519146,5.31152,-0.0692945,99.6991,-0.0861952,0.690661,-0.10207951813936234,1.2503833174705505,0.279511,254.6199951171875,,,,,,,51.6,4.69090909,51.6,4.69090909,,,,,,,,,,,,,,,,,,,"Dillon Dingler","27464",693307
"Xander Bogaerts","SDP",12,52,46,12,9,2,0,1,6,5,5,0,9,0,1,0,,2,0,0.260378,0.0936686,0.17131,0.546777,0.333958,0.385622,0.319072,0.71958,0.125244,4.65303,0.296599,0.108005,0.121954,6.23692,0.0993995,104.402,0.229959,-0.0544301,0.5051186382770538,0.4992735907435417,0.273317,237.1999969482422,,,,,,,55.2,4.6,55.2,4.6,,,,,,,,,,,,,,,,,,,"Xander Bogaerts","12161",593428
"Bryce Harper","PHI",11,49,41,11,7,3,0,2,7,7,7,0,10,0,0,0,,1,0,0.271291,0.135274,0.21044,0.642814,0.372943,0.484244,0.370388,0.857187,0.212952,3.33048,0.310673,-0.0443393,-0.0736896,7.90585,2.11729,131.23,-0.118029,0.0415085,1.7231967598199844,-0.6362692900002003,0.271962,47.900001525878906,,,,,,,71,6.454545454,71,6.454545454,,,,,,,,,,,,,,,,,,,"Bryce Harper","11579",547180
"Wyatt Langford","TEX",11,49,43,11,6,2,0,2,7,6,5,0,11,0,0,0,,2,0,0.247653,0.111697,0.225027,0.496371,0.338614,0.437421,0.340699,0.776035,0.189768,5.16956,0.289245,0.0819612,0.115144,6.73515,0.946592,120.44,0.197105,0.0259857,1.357822984457016,-0.4147549979388714,0.271004,37.75,,,,,,,62,5.636363636,62,5.636363636,,,,,,,,,,,,,,,,,,,"Wyatt Langford","33333",694671
"Elly De La Cruz","CIN",12,52,46,12,7,2,0,2,7,6,5,0,14,0,0,0,,3,1,0.252725,0.0984534,0.274306,0.358918,0.327405,0.441466,0.333664,0.768871,0.188741,7.18466,0.322707,0.295384,0.24342,6.92143,0.717206,107.995,0.538804,-0.578429,1.0440340042114258,-0.09895390272140503,0.269153,8.449999809265137,,,,,,,63.7,5.308333333,63.7,5.308333333,,,,,,,,,,,,,,,,,,,"Elly De La Cruz","26668",682829
"Freddie Freeman","LAD",12,52,46,13,8,3,0,2,7,7,6,1,9,1,0,0,,1,0,0.284459,0.106941,0.175052,0.61091,0.366208,0.458052,0.357889,0.82426,0.173593,3.49733,0.319981,-0.0948847,-0.0208598,7.94529,1.74106,126.5,-0.115745,0.268407,1.558755487203598,-0.6765005588531494,0.262771,67.87999725341797,,,,,,,77.2,6.433333333,77.2,6.433333333,,,,,,,,,,,,,,,,,,,"Freddie Freeman","5361",518692
"Vladimir Guerrero Jr.","TOR",11,49,42,12,8,2,0,2,7,6,5,1,6,1,0,0,,0,0,0.288327,0.109673,0.127467,0.860404,0.371164,0.460938,0.361157,0.832102,0.17261,2.90678,0.30211,-0.085064,-0.0529562,7.54186,1.7533,133.329,-0.13802,-0.030099,1.7546211630105972,-0.904173044487834,0.261595,18.049999237060547,,,,,,,67.8,6.163636363,67.8,6.163636363,,,,,,,,,,,,,,,,,,,"Vladimir Guerrero Jr.","19611",665489
"Brice Turang","MIL",11,46,41,10,7,2,0,1,6,5,5,0,10,0,0,0,,2,0,0.255392,0.103912,0.223219,0.465517,0.333729,0.396346,0.32351,0.730075,0.140954,5.31702,0.312678,0.131917,0.133476,5.73513,0.254469,104.313,0.265393,0.373703,0.5061573535203934,0.5459257066249847,0.25983,48.18000030517578,,,,,,,49,4.454545454,49,4.454545454,,,,,,,,,,,,,,,,,,,"Brice Turang","22186",668930
"Matt Olson","ATL",12,50,44,11,6,2,0,2,7,7,6,0,12,0,0,0,,0,0,0.248228,0.111555,0.243569,0.458004,0.336974,0.472538,0.349106,0.809512,0.22431,2.17634,0.28454,-0.10114,-0.0710498,7.29217,1.31887,120.156,-0.172189,0.681396,1.054075002670288,-0.21675217151641846,0.251762,48.0099983215332,,,,,,,60.2,5.016666666,60.2,5.016666666,,,,,,,,,,,,,,,,,,,"Matt Olson","14344",621566
"Steven Kwan","CLE",11,47,41,11,9,2,0,0,6,4,5,0,4,0,0,0,,1,0,0.273116,0.10498,0.0919189,1.14209,0.354067,0.353334,0.31924,0.707401,0.0802175,4.28881,0.294475,0.0555969,0.00429294,5.63836,0.0961266,104.129,0.0598898,0.552136,0.28439469635486603,0.4817657470703125,0.245578,169.60000610351562,,,,,,,43.3,3.936363636,43.3,3.936363636,,,,,,,,,,,,,,,,,,,"Steven Kwan","24610",680757
"Cody Bellinger","NYY",12,51,45,12,8,2,0,2,6,7,5,0,8,0,1,0,,1,0,0.258619,0.0925093,0.150303,0.615485,0.326289,0.429524,0.329419,0.755814,0.170905,4.34138,0.273066,0.0189712,-0.00597323,6.52453,0.520439,110.626,0.012998,0.370933,0.6388708716258407,-0.014252573251724243,0.245178,80.98999786376953,,,,,,,63.7,5.308333333,63.7,5.308333333,,,,,,,,,,,,,,,,,,,"Cody Bellinger","15998",641355
"Ronald Acuña Jr.","ATL",11,47,40,11,7,2,0,2,7,5,6,0,10,1,0,0,,2,1,0.265498,0.131455,0.219341,0.599319,0.368866,0.457009,0.362152,0.825875,0.191511,5.05865,0.309763,0.167291,0.109305,7.33914,1.73532,128.882,0.276596,-0.493106,1.9250456094741821,-1.0579211115837097,0.244478,5.260000228881836,,,,,,,68.2,6.2,68.2,6.2,,,,,,,,,,,,,,,,,,,"Ronald Acuna Jr.","18401",660670
"Josh Jung","TEX",10,45,42,11,7,2,0,1,5,5,3,0,10,0,0,0,,0,0,0.257228,0.0655073,0.230432,0.28428,0.312683,0.409759,0.317423,0.722442,0.152531,2.65279,0.311344,-0.113364,-0.0497865,5.38409,0.0265919,104.277,-0.16315,0.557545,0.061622217297554016,0.7186564207077026,0.24142,610.5,,,,,,,43.8,4.38,43.8,4.38,,,,,,,,,,,,,,,,,,,"Josh Jung","26299",673962
"Kody Clemens","MIN",10,43,39,9,5,2,0,2,5,6,3,0,10,1,0,0,,1,0,0.230493,0.070575,0.232935,0.302981,0.293215,0.448004,0.320422,0.741219,0.217511,5.32497,0.257891,0.0163824,0.00496208,5.19888,0.128763,104.284,0.0213445,0.503876,0.23441861011087894,0.6081969663500786,0.239055,700.7000122070312,,,,,,,49.9,4.99,49.9,4.99,,,,,,,,,,,,,,,,,,,"Kody Clemens","20572",665019
"Riley Greene","DET",12,51,45,11,7,2,0,2,6,7,5,0,14,1,0,0,,0,0,0.256772,0.098709,0.273367,0.361087,0.335203,0.453044,0.342648,0.788246,0.196272,3.11068,0.320298,-0.054008,-0.0468774,7.06561,1.06151,119.034,-0.100885,0.157809,1.0202254205942154,-0.5042278319597244,0.234144,78.4800033569336,,,,,,,59.2,4.933333333,59.2,4.933333333,,,,,,,,,,,,,,,,,,,"Riley Greene","25976",682985
"Andrés Giménez","TOR",10,44,40,10,7,2,0,1,5,4,2,0,8,1,0,0,,2,0,0.244935,0.049247,0.176511,0.279002,0.299605,0.361392,0.292367,0.660996,0.116457,5.18139,0.280741,0.0999125,0.117146,4.36689,-0.867445,85.561,0.217059,0.754964,-0.5243822336196899,1.2271862626075745,0.229822,412.2200012207031,,,,,,,44,4.4,44,4.4,,,,,,,,,,,,,,,,,,,"Andres Gimenez","19950",665926
"Maikel Garcia","KCR",9,39,35,9,7,2,0,1,5,4,3,0,6,0,0,0,,1,0,0.267964,0.0848165,0.148661,0.570536,0.330165,0.398244,0.321767,0.728409,0.130279,5.79139,0.300542,0.0811708,0.0942213,4.77812,0.159593,102.67,0.175392,0.444107,0.29637469351291656,0.5829956978559494,0.22912,63.150001525878906,,,,,,,41.5,4.611111111,41.5,4.611111111,,,,,,,,,,,,,,,,,,,"Maikel Garcia","22715",672580
"Pete Alonso","BAL",12,50,44,11,6,2,0,3,6,7,5,0,12,1,0,0,,0,0,0.249044,0.0996026,0.233689,0.426218,0.336094,0.47533,0.34963,0.811424,0.226286,2.75686,0.27722,-0.16005,-0.0460267,7.31351,1.34021,126.701,-0.206077,0.0492433,1.3585893362760544,-0.8859418481588364,0.228809,24.440000534057617,,,,,,,69.6,5.8,69.6,5.8,,,,,,,,,,,,,,,,,,,"Pete Alonso","19251",624413
"Wilyer Abreu","BOS",11,47,41,10,6,2,0,2,6,6,5,0,11,0,0,0,,1,0,0.24901,0.101897,0.225863,0.451145,0.325254,0.446533,0.334624,0.771787,0.197522,3.8009,0.285935,-0.028822,-0.0535783,6.21918,0.676944,111.374,-0.0824003,0.562691,0.536021925508976,0.04787653684616089,0.227063,199.89999389648438,,,,,,,56.5,5.136363636,56.5,5.136363636,,,,,,,,,,,,,,,,,,,"Wilyer Abreu","23772",677800
"J.P. Crawford","SEA",11,46,39,9,7,2,0,1,5,4,6,0,9,0,0,0,,0,0,0.24057,0.122851,0.193625,0.634478,0.340331,0.366117,0.318174,0.706448,0.125547,3.10899,0.282758,-0.0607406,-0.0178031,5.47369,0.0546128,109.837,-0.0785438,-0.307052,0.4444340616464615,0.16331791877746582,0.225758,748.5399780273438,,,,,,,44.6,4.054545454,44.6,4.054545454,,,,,,,,,,,,,,,,,,,"J.P. Crawford","15491",641487
"Brandon Lowe","PIT",10,43,38,9,6,2,0,2,6,6,4,0,11,0,0,0,,0,0,0.241254,0.0871501,0.264644,0.32931,0.311362,0.434466,0.324534,0.745828,0.193212,3.07677,0.290573,-0.0539198,-0.0368191,5.38415,0.272979,100.635,-0.0907389,0.862661,-0.05770716071128845,0.868216797709465,0.224978,187.57000732421875,,,,,,,49,4.9,49,4.9,,,,,,,,,,,,,,,,,,,"Brandon Lowe","18882",664040
"JJ Wetherholt","STL",8,33,29,7,5,1,0,1,4,3,3,0,6,1,0,0,,1,0,0.255587,0.10177,0.168896,0.602562,0.345448,0.391732,0.329125,0.737181,0.136145,4.59752,0.290772,0.0555871,0.0535174,4.27488,0.333736,108.812,0.109105,0.527591,0.46282296627759933,0.6498127952218056,0.223016,999,,,,,,,36.4,4.55,36.4,4.55,,,,,,,,,,,,,,,,,,,"JJ Wetherholt","34985",802139
"Manny Machado","SDP",12,53,48,12,8,2,0,2,7,7,5,0,10,0,1,0,,1,0,0.256005,0.0931279,0.195027,0.477514,0.324277,0.444954,0.333305,0.769231,0.188949,3.30176,0.280296,-0.0865616,-0.00662569,7.0548,0.717147,113.922,-0.0931873,-0.367386,0.8054507598280907,-0.3693920373916626,0.221169,37.52000045776367,,,,,,,60.7,5.058333333,60.7,5.058333333,,,,,,,,,,,,,,,,,,,"Manny Machado","11493",592518
"Ryan Jeffers","MIN",10,41,36,9,6,2,0,1,5,5,4,0,8,1,0,0,,0,0,0.251894,0.104284,0.194008,0.537526,0.341153,0.422307,0.33738,0.763461,0.170413,2.4818,0.286954,-0.09446,-0.0573248,5.54537,0.68492,116.059,-0.151785,-0.242279,0.6139594912528992,0.10679502785205841,0.220329,298.05999755859375,,,,,,,44.6,4.46,44.6,4.46,,,,,,,,,,,,,,,,,,,"Ryan Jeffers","24618",680777
"Randy Arozarena","SEA",11,47,40,10,6,2,0,2,7,5,5,0,11,1,0,0,,2,0,0.251177,0.101377,0.238479,0.425099,0.347616,0.427212,0.342616,0.774828,0.176034,5.15698,0.304731,-0.00318959,0.0664272,6.52091,0.978674,126.81,0.0632376,-0.457955,1.5209208950400352,-1.032029539346695,0.217412,89.37999725341797,,,,,,,62.4,5.672727272,62.4,5.672727272,,,,,,,,,,,,,,,,,,,"Randy Arozarena","19290",668227
"Willson Contreras","BOS",11,46,39,10,6,2,0,2,6,6,5,0,11,1,0,0,,0,0,0.254149,0.100468,0.250155,0.401623,0.350744,0.448252,0.351516,0.798995,0.194103,2.83069,0.310725,-0.11213,-0.0637995,6.70456,1.28549,123.104,-0.175929,0.285776,1.0523351281881332,-0.5438534021377563,0.215674,168.1999969482422,,,,,,,59.6,5.418181818,59.6,5.418181818,,,,,,,,,,,,,,,,,,,"Willson Contreras","11609",575929
"Miguel Vargas","CHW",12,53,46,11,6,3,0,2,7,6,6,0,10,1,0,0,,1,0,0.241315,0.117072,0.183481,0.638063,0.33611,0.428736,0.335453,0.764846,0.187421,4.33098,0.263935,-0.00937131,0.0108183,7.07228,0.801338,114.976,0.00144696,-0.748511,0.9227577416459098,-0.6722762733697891,0.215249,303.0899963378906,,,,,,,66,5.5,66,5.5,,,,,,,,,,,,,,,,,,,"Miguel Vargas","20178",678246
"Kaelen Culpepper","MIN",11,49,44,11,8,2,0,1,6,5,3,0,10,1,1,0,,1,0,0.244022,0.0672718,0.209782,0.320675,0.303236,0.372695,0.298992,0.67593,0.128672,4.89842,0.287443,0.0173575,0.0839142,5.10405,-0.699909,89.4026,0.101272,0.353508,-0.5021231919527054,0.877119392156601,0.213763,999,,,,,,,46.7,4.245454545,46.7,4.245454545,,,,,,,,,,,,,,,,,,,"Kaelen Culpepper","35111",701785
"Max Muncy","LAD",10,42,36,8,5,2,0,2,6,6,6,0,10,1,0,0,,0,0,0.230433,0.136658,0.242703,0.563068,0.344462,0.447746,0.346683,0.792207,0.217313,2.74558,0.26233,-0.0976714,-0.0478629,6.02554,1.02213,119.004,-0.145534,-0.2097,0.8229144811630249,-0.09534844756126404,0.213545,234.3699951171875,,,,,,,54.4,5.44,54.4,5.44,,,,,,,,,,,,,,,,,,,"Max Muncy","13301",571970
"Roman Anthony","BOS",10,45,39,10,6,2,0,1,6,5,6,0,11,0,0,0,,1,0,0.262637,0.124275,0.246536,0.504085,0.361559,0.435962,0.352048,0.797521,0.173325,5.38186,0.335876,0.00658641,0.020777,6.64778,1.29028,123.473,0.0273634,0.024465,1.2610703259706497,-0.7699794862419367,0.212043,50.75,,,,,,,52.1,5.21,52.1,5.21,,,,,,,,,,,,,,,,,,,"Roman Anthony","31812",701350
"Trevor Story","BOS",10,45,41,10,6,2,0,1,5,5,3,0,12,0,0,0,,1,0,0.237976,0.0582183,0.278321,0.209177,0.288524,0.388813,0.295953,0.677338,0.150838,5.42347,0.304094,0.112196,0.137668,4.54763,-0.748282,84.5209,0.249864,0.581716,-0.5543394684791565,1.0594933032989502,0.211608,111.33000183105469,,,,,,,41.1,4.11,41.1,4.11,,,,,,,,,,,,,,,,,,,"Trevor Story","12564",596115
"Kazuma Okamoto","TOR",11,47,41,10,6,2,0,2,6,6,4,0,11,1,0,0,,0,0,0.235892,0.0921284,0.22816,0.403787,0.313569,0.437162,0.326926,0.750731,0.20127,1.97361,0.264465,-0.0923553,-0.0573092,5.92853,0.386291,109.559,-0.149664,-0.0317665,0.37004226446151733,0.05712239444255829,0.211141,999,,,,,,,54.6,4.963636363,54.6,4.963636363,,,,,,,,,,,,,,,,,,,"Kazuma Okamoto","37123",672960
"Ben Rice","NYY",12,51,45,11,6,2,0,3,7,7,5,0,11,1,0,0,,0,0,0.249939,0.105782,0.222725,0.474947,0.339029,0.475853,0.354006,0.814882,0.225914,3.66393,0.277173,-0.0711642,-0.0270298,7.59234,1.53869,127.699,-0.098194,-0.117026,1.5468017384409904,-1.2906373590230942,0.209249,53.189998626708984,,,,,,,68.6,5.716666666,68.6,5.716666666,,,,,,,,,,,,,,,,,,,"Ben Rice","29576",700250
"Xavier Edwards","MIA",11,47,42,11,9,2,0,0,5,4,4,0,7,0,0,0,,2,1,0.274125,0.0957498,0.142009,0.674252,0.344485,0.357577,0.314303,0.702061,0.0834518,6.20935,0.319078,0.139057,0.0699961,5.45196,-0.0902814,95.7521,0.209053,0.399155,-0.030731797218322754,0.5658213943243027,0.20903,182.42999267578125,,,,,,,38.4,3.49090909,38.4,3.49090909,,,,,,,,,,,,,,,,,,,"Xavier Edwards","22266",669364
"Kyle Karros","COL",10,45,40,10,7,2,0,1,6,5,4,0,10,1,0,0,,0,0,0.260393,0.0967977,0.222758,0.434543,0.340581,0.387668,0.323848,0.728249,0.127275,3.93865,0.325404,-0.0278083,-0.0138049,5.59707,0.2601,90.7893,-0.0416132,0.942143,-0.5422760508954525,1.1026369631290436,0.205869,999,,,,,,,46.2,4.62,46.2,4.62,,,,,,,,,,,,,,,,,,,"Kyle Karros","33252",691720
"Alejandro Kirk","TOR",7,29,26,7,5,1,0,1,3,4,3,0,4,0,0,0,,0,0,0.266552,0.100647,0.124153,0.810673,0.341695,0.413507,0.331966,0.755202,0.146955,1.62372,0.279023,-0.124076,-0.042021,3.86553,0.364248,113.058,-0.166097,0.148387,0.28243544697761536,0.6780169159173965,0.203541,160.25,,,,,,,34.5,4.928571428,34.5,4.928571428,,,,,,,,,,,,,,,,,,,"Alejandro Kirk","22581",672386
"Alex Jackson","MIN",1,4,3,1,0,0,0,0,1,0,0,0,1,0,0,0,,0,0,0.204282,0.0542864,0.330316,0.164347,0.254698,0.330088,0.259097,0.584786,0.125806,3.82228,0.284611,-0.00293637,-0.00377424,0.259434,-0.167524,61.6995,-0.00671061,1.97042,-0.16713425051420927,2.0406314060091972,0.20324,999,,,,,,,2.6,2.6,2.6,2.6,,,,,,,,,,,,,,,,,,,"Alex Jackson","17276",656577
"J.T. Realmuto","PHI",10,38,34,9,6,2,0,1,4,4,3,0,9,1,0,0,,0,0,0.24807,0.0687976,0.226699,0.303476,0.308314,0.390838,0.307444,0.699152,0.142768,4.38751,0.298482,-0.0264875,0.000164743,4.22034,-0.28383,89.1304,-0.0263228,0.537508,-0.5249623879790306,1.2782484889030457,0.202225,212.27000427246094,,,,,,,43.6,4.36,43.6,4.36,,,,,,,,,,,,,,,,,,,"J.T. Realmuto","11739",592663
"CJ Abrams","WSN",10,45,40,10,6,2,0,2,6,5,3,0,9,1,0,0,,2,1,0.247114,0.0726798,0.20796,0.34949,0.316175,0.428438,0.32442,0.744613,0.181324,6.72339,0.283119,0.174928,0.139277,5.64487,0.28224,101.882,0.314206,-0.215868,0.41699283570051193,0.09817555546760559,0.201994,65,,,,,,,53.6,5.36,53.6,5.36,,,,,,,,,,,,,,,,,,,"CJ Abrams","25768",682928
"Bryson Stott","PHI",9,40,36,9,6,2,0,1,5,4,4,0,7,0,0,0,,2,0,0.255353,0.0919688,0.168124,0.54703,0.325023,0.400301,0.319937,0.725324,0.144948,6.41345,0.289395,0.17014,0.177306,4.90938,0.106108,97.4864,0.347446,0.281327,0.22447968274354935,0.43688246607780457,0.201234,181.44000244140625,,,,,,,45.4,5.044444444,45.4,5.044444444,,,,,,,,,,,,,,,,,,,"Bryson Stott","26294",681082
"Jared Serna","MIA",1,6,5,1,1,0,0,0,0,1,0,0,1,0,0,0,,0,0,0.202794,0.0638295,0.178182,0.358227,0.256575,0.283216,0.242756,0.53979,0.0804217,3.68099,0.240463,-0.00216587,-0.00254203,0.336197,-0.341188,47.8978,-0.0047079,2.09254,-0.36416863929480314,2.131425578147173,0.198429,999,,,,,,,0.6,0.6,0.6,0.6,,,,,,,,,,,,,,,,,,,"Jared Serna","28326",691858
"Nico Hoerner","CHC",12,50,46,13,10,2,0,0,6,5,3,0,5,1,0,0,,2,0,0.274594,0.0657603,0.0922055,0.713193,0.329606,0.359025,0.307044,0.688631,0.0844308,5.57403,0.294262,0.183155,0.137821,5.5806,-0.3927,94.2475,0.320975,-0.0207746,-0.028991788625717163,0.3329290598630905,0.197579,101.93000030517578,,,,,,,48.4,4.033333333,48.4,4.033333333,,,,,,,,,,,,,,,,,,,"Nico Hoerner","21479",663538
"Ian Happ","CHC",10,45,39,9,5,2,0,2,6,5,6,0,12,0,0,0,,0,0,0.230809,0.125249,0.257016,0.48732,0.334282,0.40742,0.328862,0.741703,0.176611,3.68224,0.286011,-0.0535647,-0.00947233,5.80158,0.44408,108.841,-0.063037,0.535789,0.41937100142240524,0.037641048431396484,0.195943,184.86000061035156,,,,,,,54,5.4,54,5.4,,,,,,,,,,,,,,,,,,,"Ian Happ","17919",664023
"Munetaka Murakami","CHW",12,51,43,9,5,2,0,3,7,7,8,1,16,1,0,0,,1,0,0.217844,0.149367,0.318401,0.469117,0.341463,0.445604,0.342795,0.787067,0.22776,3.00706,0.274666,-0.0747452,-0.0773772,7.15023,1.07942,120.075,-0.152122,-0.00604887,1.0434444397687912,-0.9268822227604687,0.195587,999,,,,,,,70.3,5.858333333,70.3,5.858333333,,,,,,,,,,,,,,,,,,,"Munetaka Murakami","37120",808959
"Adley Rutschman","BOS",9,36,32,8,5,2,0,1,4,4,4,0,6,0,0,0,,0,0,0.249741,0.107497,0.155667,0.690558,0.330084,0.402736,0.322948,0.73282,0.152995,1.95985,0.271872,-0.0810098,-0.0521684,4.45759,0.182148,103.266,-0.133178,0.171367,0.0038242340087890625,0.6435889452695847,0.195172,148.92999267578125,,,,,,,40,4.444444444,40,4.444444444,,,,,,,,,,,,,,,,,,,"Adley Rutschman","26288",668939
"Evan Carter","TEX",9,37,33,7,5,2,0,1,4,4,4,0,9,1,0,0,,2,0,0.224533,0.098696,0.231186,0.426911,0.313219,0.382862,0.309112,0.696081,0.158328,6.67468,0.273201,0.098929,0.106772,4.20478,-0.229015,98.5056,0.205701,0.291227,0.14069748669862747,0.42456041276454926,0.19162,280.4800109863281,,,,,,,40.2,4.466666666,40.2,4.466666666,,,,,,,,,,,,,,,,,,,"Evan Carter","27790",694497
"Carson Benge","NYM",11,49,44,11,8,2,0,1,6,5,4,0,11,1,0,0,,1,0,0.255699,0.0814838,0.215017,0.378964,0.324072,0.400794,0.319744,0.724867,0.145095,5.7191,0.308625,0.0588826,0.0309115,5.92453,0.120575,102.618,0.0897941,0.536275,0.2445317581295967,0.04476267099380493,0.191365,999,,,,,,,49.7,4.518181818,49.7,4.518181818,,,,,,,,,,,,,,,,,,,"Carson Benge","35177",701807
"Austin Wells","NYY",10,39,35,7,5,2,0,1,4,5,4,0,10,1,0,0,,0,0,0.214847,0.0902605,0.248468,0.363269,0.294902,0.379672,0.298223,0.674574,0.164825,3.45593,0.254583,-0.0288681,-0.00246689,4.05223,-0.583306,88.9633,-0.031335,0.269472,-0.5332386009395123,1.0318173468112946,0.190952,246.13999938964844,,,,,,,34.4,3.44,34.4,3.44,,,,,,,,,,,,,,,,,,,"Austin Wells","27562",669224
"Ryan McMahon","NYY",8,37,32,7,4,1,0,1,4,4,4,0,11,0,0,0,,0,0,0.220703,0.108539,0.308173,0.3522,0.307064,0.380806,0.305283,0.68787,0.160103,2.60695,0.294806,-0.041072,-0.0493827,3.99921,-0.337081,93.8661,-0.0904547,0.798577,-0.35138873010873795,0.9289786666631699,0.189921,732.8599853515625,,,,,,,31.5,3.9375,31.5,3.9375,,,,,,,,,,,,,,,,,,,"Ryan McMahon","15112",641857
"Ty France","SDP",12,53,48,12,8,2,0,2,6,6,4,0,10,2,1,0,,0,0,0.259327,0.065759,0.18844,0.348966,0.328518,0.408236,0.325045,0.736754,0.148909,1.89032,0.294754,-0.116289,-0.0797578,6.6982,0.360544,108.397,-0.196047,0.735269,0.34598851203918457,-0.21766293048858643,0.189908,999,,,,,,,61.8,5.15,61.8,5.15,,,,,,,,,,,,,,,,,,,"Ty France","17982",664034
"Oneil Cruz","PIT",11,48,42,10,6,2,0,2,7,6,5,0,15,0,0,0,,3,1,0.241708,0.107626,0.30499,0.352885,0.328842,0.431319,0.331549,0.760161,0.189611,6.09581,0.319301,0.242055,0.256483,6.23868,0.573281,105.326,0.498538,-0.678229,0.8058541119098663,-0.507858544588089,0.188382,92.93000030517578,,,,,,,56.5,5.136363636,56.5,5.136363636,,,,,,,,,,,,,,,,,,,"Oneil Cruz","21711",665833
"Luis Robert Jr.","BAL",6,27,24,6,4,1,0,1,3,3,2,0,7,0,0,0,,1,0,0.235611,0.0807846,0.272138,0.296852,0.304753,0.402899,0.310734,0.707651,0.167287,5.11366,0.293683,0.0059868,0.064898,3.07217,-0.130011,99.6917,0.0708848,0.828239,0.06119972653687,0.7763873487710953,0.182006,105.63999938964844,,,,,,,29.8,4.966666666,29.8,4.966666666,,,,,,,,,,,,,,,,,,,"Luis Robert Jr.","20043",673357
"Brendan Donovan","SEA",7,30,27,7,5,1,0,1,4,3,3,0,4,1,0,0,,0,0,0.267848,0.0900116,0.140109,0.642439,0.345664,0.395733,0.329742,0.741397,0.127885,2.97802,0.296276,-0.0498265,-0.0438192,3.88914,0.317472,117.871,-0.0936456,0.122356,0.5325213819742203,0.18161499127745628,0.180649,268.5799865722656,,,,,,,36.5,5.214285714,36.5,5.214285714,,,,,,,,,,,,,,,,,,,"Brendan Donovan","24679",680977
"Shohei Ohtani","LAD",5,23,19,5,3,1,0,1,4,4,3,0,5,0,0,0,,1,0,0.279959,0.137992,0.235483,0.585996,0.38369,0.565377,0.400403,0.949067,0.285419,6.19139,0.315763,0.0304985,0.0167121,4.29491,1.55971,154.935,0.0472106,0,1.5775771401822567,-0.5757716298103333,0.178102,1.2699999809265137,,,,,,,32.2,6.44,32.2,6.44,,,,,,,,,,,,,,,,,,,"Shohei Ohtani","19755",660271
"Caleb Durbin","BOS",11,47,41,10,7,2,0,1,6,5,3,0,5,1,0,0,,2,0,0.249961,0.0709717,0.11753,0.603861,0.321142,0.376016,0.309995,0.697158,0.126055,5.0272,0.264628,0.0857399,0.081361,5.28932,-0.252916,94.2719,0.167101,0.0690002,-0.14433728158473969,0.23566686362028122,0.177026,219.8300018310547,,,,,,,46,4.181818181,46,4.181818181,,,,,,,,,,,,,,,,,,,"Caleb Durbin","29646",702332
"Brett Bateman","TOR",10,45,39,10,8,2,0,0,5,3,5,0,10,0,0,0,,1,0,0.253415,0.1049,0.221407,0.473787,0.333532,0.311184,0.295118,0.644716,0.0577691,4.89552,0.333294,0.0468487,0.0770693,4.51752,-0.778393,87.4715,0.123918,0.579711,-0.526988297700882,0.6871188431978226,0.176559,999,,,,,,,39.7,3.97,39.7,3.97,,,,,,,,,,,,,,,,,,,"Brett Bateman","33312",703520
"Otto Lopez","MIA",11,48,44,12,8,2,0,1,6,5,3,0,7,0,0,0,,2,0,0.273292,0.0594999,0.142685,0.417002,0.320397,0.407015,0.318125,0.727412,0.133723,6.0258,0.301618,0.119203,0.0588344,5.7206,0.0552059,98.3082,0.178037,-0.411867,0.08041713386774063,0.099244624376297,0.176362,229.16000366210938,,,,,,,51.2,4.654545454,51.2,4.654545454,,,,,,,,,,,,,,,,,,,"Otto Lopez","19608",672640
"Yandy Díaz","TBR",12,53,47,13,10,2,0,2,6,6,5,0,8,1,0,0,,0,0,0.285594,0.0912952,0.147068,0.620769,0.355645,0.435133,0.346109,0.790777,0.149539,2.203,0.311046,-0.130089,-0.0834333,7.5275,1.25656,121.425,-0.213523,-0.00330222,1.1045149862766266,-1.2391047505661845,0.176132,138.63999938964844,,,,,,,68.4,5.7,68.4,5.7,,,,,,,,,,,,,,,,,,,"Yandy Diaz","16578",650490
"Gleyber Torres","DET",11,47,40,10,7,2,0,1,6,5,5,0,8,0,0,0,,0,0,0.253455,0.117225,0.175117,0.669408,0.345149,0.379849,0.324362,0.724998,0.126393,2.97674,0.289414,-0.149593,-0.0611781,5.82633,0.289223,106.336,-0.210771,-0.13268,0.1334128975868225,-0.06246417760848999,0.1748,261.510009765625,,,,,,,46.2,4.2,46.2,4.2,,,,,,,,,,,,,,,,,,,"Gleyber Torres","16997",650402
"Drake Baldwin","ATL",11,45,41,11,7,2,0,2,6,6,4,0,9,0,0,0,,0,0,0.261003,0.0911135,0.189197,0.481581,0.33571,0.437128,0.339187,0.772838,0.176125,2.26215,0.290021,-0.072448,-0.0647193,6.22302,0.826818,113.522,-0.137167,-0.320512,0.6059949398040771,-0.3797716498374939,0.173579,78.62999725341797,,,,,,,57.2,5.2,57.2,5.2,,,,,,,,,,,,,,,,,,,"Drake Baldwin","31539",686948
"Lawrence Butler","ATH",10,45,40,9,6,2,0,2,5,5,4,0,12,0,0,0,,1,0,0.235579,0.0966528,0.260969,0.370361,0.309255,0.399894,0.312137,0.709149,0.164315,4.42547,0.290891,0.0605331,0.0352676,5.13152,-0.164402,90.7824,0.0958007,0.972043,-0.38309141993522644,0.5090803802013397,0.173091,157.22000122070312,,,,,,,48.9,4.89,48.9,4.89,,,,,,,,,,,,,,,,,,,"Lawrence Butler","22542",671732
"Joe Mack","MIA",9,35,32,7,5,1,0,1,4,4,3,0,9,0,0,0,,0,0,0.219423,0.0753602,0.267955,0.281242,0.287523,0.360664,0.287939,0.648187,0.141241,2.58643,0.275597,-0.0299808,-0.0345207,3.35023,-0.816129,78.1187,-0.0645016,0.858468,-0.9930190294981003,1.5436528325080872,0.172211,999,,,,,,,28.5,3.166666666,28.5,3.166666666,,,,,,,,,,,,,,,,,,,"Joe Mack","29780",691788
"Brandon Nimmo","TEX",11,49,43,11,7,2,0,2,6,6,4,0,11,1,0,0,,1,0,0.255818,0.0871182,0.215596,0.404081,0.327653,0.421358,0.328286,0.749011,0.165541,4.50922,0.300456,-0.0196636,0.00352786,6.24567,0.45711,111.82,-0.0161357,-0.128179,0.6551004685461521,-0.6874386966228485,0.171919,145.4600067138672,,,,,,,60.1,5.463636363,60.1,5.463636363,,,,,,,,,,,,,,,,,,,"Brandon Nimmo","12927",607043
"Nathan Lukes","TOR",9,41,37,10,7,2,0,1,5,4,3,0,6,0,0,1,,0,0,0.26021,0.0740642,0.154248,0.480162,0.320782,0.380134,0.310428,0.700916,0.119924,3.42692,0.292147,-0.0545396,-0.0215676,4.65717,-0.207683,98.1022,-0.0761072,0.787659,-0.16668105870485306,0.40802955627441406,0.171763,999,,,,,,,43.2,4.8,43.2,4.8,,,,,,,,,,,,,,,,,,,"Nathan Lukes","18123",664770
"Kyle Schwarber","PHI",12,52,44,10,5,2,0,3,7,8,8,0,15,1,0,0,,0,0,0.22687,0.148626,0.295453,0.503046,0.348389,0.482361,0.358699,0.83075,0.25549,3.3074,0.265124,-0.162982,-0.0216061,7.99933,1.77971,123.412,-0.184588,-0.0226292,1.2984966933727264,-1.3170736208558083,0.171691,24.690000534057617,,,,,,,73,6.083333333,73,6.083333333,,,,,,,,,,,,,,,,,,,"Kyle Schwarber","16478",656941
"Kyle Stowers","MIA",10,44,38,9,5,2,0,2,5,6,4,0,13,1,0,0,,0,0,0.239193,0.100712,0.290227,0.34701,0.324827,0.44845,0.336671,0.773277,0.209257,4.34515,0.305079,-0.0215507,-0.0321663,5.87669,0.703932,110.713,-0.053717,0.570484,0.5106778889894485,-0.2443307638168335,0.171419,164.42999267578125,,,,,,,52,5.2,52,5.2,,,,,,,,,,,,,,,,,,,"Kyle Stowers","26151",669065
"Joshua Báez","STL",9,40,36,8,5,2,0,2,5,5,3,0,11,1,0,0,,2,0,0.233555,0.0770629,0.280717,0.274521,0.304023,0.414078,0.313807,0.718101,0.180524,5.62975,0.294679,0.0803572,0.156673,4.64842,-0.0932727,98.5665,0.23703,0.643767,0.16779842972755432,0.2159893810749054,0.171319,999,,,,,,,49.2,5.466666666,49.2,5.466666666,,,,,,,,,,,,,,,,,,,"Joshua Baez","29596",695491
"Michael Harris II","ATL",11,48,45,12,8,2,0,2,6,6,2,0,9,0,0,0,,1,0,0.268779,0.0420277,0.19645,0.213936,0.303766,0.439481,0.321054,0.743247,0.170703,5.15845,0.303604,0.0708505,0.0553063,5.89705,0.170073,101.394,0.126157,-0.279827,0.20744583010673523,-0.12241965532302856,0.168467,99.06999969482422,,,,,,,54.7,4.972727272,54.7,4.972727272,,,,,,,,,,,,,,,,,,,"Michael Harris II","25931",671739
"Alex Call","LAD",4,16,14,3,2,1,0,0,2,2,2,0,3,0,0,0,,0,0,0.233487,0.113564,0.185018,0.613799,0.326592,0.331589,0.299617,0.65818,0.098102,3.75998,0.280482,-0.0158811,-0.0209864,1.70959,-0.22506,87.5248,-0.0368675,1.485,-0.2826833911240101,1.4067562967538834,0.16818,999,,,,,,,11.7,2.925,11.7,2.925,,,,,,,,,,,,,,,,,,,"Alex Call","19296",669743
"James Wood","WSN",10,44,37,10,6,2,0,2,6,6,6,0,13,0,0,0,,1,0,0.256957,0.139076,0.287445,0.483835,0.362906,0.470123,0.36044,0.833028,0.213166,4.20292,0.331706,0.0437987,-0.00424902,6.81417,1.56444,125.974,0.0395497,-0.472079,1.4283117912709713,-1.217294603586197,0.167946,37.790000915527344,,,,,,,63.5,6.35,63.5,6.35,,,,,,,,,,,,,,,,,,,"James Wood","29518",695578
"Carson Kelly","CHC",7,26,23,6,4,1,0,1,3,3,3,0,5,0,0,0,,0,0,0.241421,0.0962076,0.190701,0.504495,0.324752,0.380774,0.315063,0.705526,0.139353,2.68306,0.276604,-0.0783106,-0.0288432,3.0883,-0.0347109,99.6111,-0.107154,0.501402,-0.11952268984168768,0.8995499908924103,0.166396,591.9099731445312,,,,,,,31.9,4.557142857,31.9,4.557142857,,,,,,,,,,,,,,,,,,,"Carson Kelly","13620",608348
"Jorge Barrosa","HOU",2,7,6,1,1,0,0,0,1,1,0,0,2,0,0,0,,0,0,0.204664,0.0712687,0.241921,0.294595,0.264017,0.282357,0.246988,0.546374,0.0776927,4.4446,0.263393,-0.00145049,-0.00513045,0.420401,-0.380144,54.4103,-0.00658093,1.78079,-0.36462171329185367,1.760421983897686,0.166021,999,,,,,,,-0.4,-0.2,-0.4,-0.2,,,,,,,,,,,,,,,,,,,"Jorge Barrosa","23968",678489
"Yohandy Morales","WSN",5,24,22,5,4,1,0,1,3,3,2,0,7,0,0,0,,0,0,0.243134,0.0779427,0.278282,0.280085,0.304452,0.370749,0.29853,0.675201,0.127615,2.57824,0.322644,-0.0221416,-0.0371037,2.47319,-0.349247,84.5652,-0.0592453,1.79947,-0.5029408149421215,1.3615109026432037,0.165986,999,,,,,,,24.3,4.86,24.3,4.86,,,,,,,,,,,,,,,,,,,"Yohandy Morales","33361",691002
"Jonathan Aranda","TBR",12,53,46,12,8,2,0,2,6,7,5,0,13,1,0,0,,0,0,0.258751,0.101067,0.239203,0.422517,0.342777,0.419888,0.33555,0.762666,0.161137,1.96413,0.316551,-0.201265,-0.0721629,7.07642,0.80548,114.092,-0.273428,0.177204,0.5935253500938416,-0.8339067548513412,0.165385,195.60000610351562,,,,,,,63.8,5.316666666,63.8,5.316666666,,,,,,,,,,,,,,,,,,,"Jonathan Aranda","21837",666018
"Samuel Basallo","BAL",9,37,33,8,5,1,0,1,4,5,3,0,9,0,0,0,,0,0,0.234695,0.0795092,0.254164,0.312827,0.304048,0.415166,0.314576,0.719214,0.18047,2.42575,0.280388,-0.0647844,-0.0333086,4.27617,-0.0626106,102.359,-0.098093,0.116628,0.0023311376571655273,0.3295905590057373,0.165041,160.94000244140625,,,,,,,33.1,3.677777777,33.1,3.677777777,,,,,,,,,,,,,,,,,,,"Samuel Basallo","28824",694212
"George Springer","TOR",10,44,38,10,7,2,0,2,6,5,4,0,8,1,0,0,,1,0,0.259485,0.100897,0.186656,0.540552,0.342101,0.436557,0.342482,0.778658,0.177073,4.88796,0.289542,0.0456042,0.0782421,6.08145,0.908699,120.361,0.123846,-0.0672261,1.1570664271712303,-1.089448243379593,0.163434,94.37999725341797,,,,,,,59.5,5.95,59.5,5.95,,,,,,,,,,,,,,,,,,,"George Springer","12856",543807
"Garrett Mitchell","MIL",8,36,32,8,5,2,0,1,4,4,4,0,11,0,0,0,,1,0,0.237565,0.104339,0.300914,0.346739,0.326256,0.382905,0.315823,0.709161,0.14534,5.62575,0.331591,0.0531111,0.0325117,4.28505,-0.0255819,99.1718,0.0856229,0.23728,0.04926174879074097,0.3669099658727646,0.162578,691.1699829101562,,,,,,,41.9,5.2375,41.9,5.2375,,,,,,,,,,,,,,,,,,,"Garrett Mitchell","27555",669003
"Nolan Arenado","ARI",11,46,42,10,7,2,0,2,5,6,3,0,7,0,0,0,,0,0,0.246274,0.0747251,0.159565,0.468306,0.309587,0.402285,0.312164,0.711873,0.156011,3.01008,0.264725,-0.0720722,-0.0379429,5.25182,-0.167259,94.9889,-0.110015,0.383208,-0.38659580796957016,0.4869117736816406,0.161427,638.0599975585938,,,,,,,47.6,4.327272727,47.6,4.327272727,,,,,,,,,,,,,,,,,,,"Nolan Arenado","9777",571448
"Ryan Waldschmidt","ARI",9,38,33,8,6,2,0,1,5,4,4,0,9,1,0,0,,1,0,0.244847,0.0927661,0.239601,0.387168,0.327098,0.369939,0.312241,0.697037,0.125092,5.37777,0.312725,0.0223409,0.026346,4.359,-0.136368,95.0409,0.048687,0.67134,-0.1783684752881527,0.5324508547782898,0.161427,999,,,,,,,43.9,4.877777777,43.9,4.877777777,,,,,,,,,,,,,,,,,,,"Ryan Waldschmidt","35061",814439
"Jackson Chourio","MIL",11,48,44,12,7,2,0,2,7,6,3,0,10,0,0,0,,2,0,0.269996,0.0691274,0.210973,0.32766,0.321782,0.456419,0.335038,0.778201,0.186423,5.27683,0.30996,0.110915,0.078462,6.37336,0.707963,112.024,0.189377,-0.36172,0.8831729888916016,-0.8506089448928833,0.161419,19.3799991607666,,,,,,,60.6,5.509090909,60.6,5.509090909,,,,,,,,,,,,,,,,,,,"Jackson Chourio","28806",694192
"Denzel Clarke","ATH",5,21,19,4,3,1,0,0,2,2,1,0,7,0,0,0,,1,0,0.225121,0.0714773,0.326832,0.218698,0.296772,0.35923,0.292844,0.656002,0.134109,6.02376,0.324541,0.0370962,0.0704252,2.06301,-0.40021,77.385,0.107521,1.21896,-0.4389632120728493,1.29303877055645,0.161315,728.3300170898438,,,,,,,11.2,2.24,11.2,2.24,,,,,,,,,,,,,,,,,,,"Denzel Clarke","29858",672016
"Tommy Edman","LAD",11,49,45,11,7,2,0,1,6,5,3,0,9,1,0,0,,1,0,0.241213,0.0668631,0.185797,0.359871,0.303292,0.375991,0.300314,0.679283,0.134777,5.20414,0.276309,0.0529638,0.0523309,5.21558,-0.655091,87.9906,0.105295,0.406795,-0.612779513001442,0.5833385288715363,0.160849,730.1199951171875,,,,,,,45.7,4.154545454,45.7,4.154545454,,,,,,,,,,,,,,,,,,,"Tommy Edman","19470",669242
"Tristan Peters","CHW",9,37,34,8,6,2,0,1,4,4,3,0,8,0,0,0,,0,0,0.243004,0.0802003,0.222041,0.361196,0.310623,0.370085,0.302599,0.680708,0.127082,4.14211,0.299423,-0.0122688,-0.0526444,3.98022,-0.422781,92.1623,-0.0649132,0.605835,-0.40345798432826996,0.6740453764796257,0.160754,999,,,,,,,35,3.888888888,35,3.888888888,,,,,,,,,,,,,,,,,,,"Tristan Peters","30063",671976
"Sam Antonacci","CHW",11,47,41,11,8,2,0,1,6,4,4,0,8,1,0,0,,2,0,0.261223,0.0885539,0.165349,0.535559,0.348992,0.369273,0.323215,0.718265,0.10805,6.40688,0.308937,0.0995041,0.0773056,5.85273,0.248915,106.478,0.17681,-0.115329,0.5329345464706421,-0.6208846792578697,0.160678,999,,,,,,,54.6,4.963636363,54.6,4.963636363,,,,,,,,,,,,,,,,,,,"Sam Antonacci","35101",803011
"Luke Keaschall","MIN",11,45,40,11,7,2,0,1,6,5,4,0,7,1,0,0,,2,0,0.267721,0.0925355,0.161306,0.573664,0.350172,0.399505,0.333125,0.749677,0.131784,5.25656,0.3035,0.0985281,0.101743,6.00852,0.604842,113.105,0.200271,-0.52117,0.8949712812900543,-0.9444726705551147,0.158526,114.8499984741211,,,,,,,55.6,5.054545454,55.6,5.054545454,,,,,,,,,,,,,,,,,,,"Luke Keaschall","33321",807712
"José Caballero","NYY",6,25,22,5,3,1,0,0,3,2,2,0,6,0,0,0,,3,1,0.23066,0.100099,0.244862,0.408796,0.322653,0.349697,0.304021,0.67235,0.119037,6.72353,0.296749,0.136695,0.239872,2.68192,-0.253411,92.9899,0.376567,0.392452,0.17470170557498932,0.5007851272821426,0.157463,200.02999877929688,,,,,,,17.8,2.966666666,17.8,2.966666666,,,,,,,,,,,,,,,,,,,"Jose Caballero","23401",676609
"Michael Busch","CHC",11,49,42,10,6,2,0,2,6,6,5,0,12,1,0,0,,0,0,0.24508,0.110914,0.24114,0.459955,0.337355,0.443963,0.341874,0.781318,0.198883,2.67606,0.287638,-0.118952,-0.0493214,6.78147,0.992907,117.544,-0.168273,-0.0386073,0.8660453855991364,-0.9089776426553726,0.157187,106.45999908447266,,,,,,,56.6,5.145454545,56.6,5.145454545,,,,,,,,,,,,,,,,,,,"Michael Busch","26319",683737
"Brenton Doyle","CHW",5,22,20,5,3,1,0,1,3,2,1,0,6,0,0,0,,1,0,0.232618,0.0664838,0.274751,0.241978,0.284916,0.377951,0.291524,0.662867,0.145333,5.87178,0.295616,0.0561378,0.0959151,2.15566,-0.446109,84.4722,0.152053,0.935673,-0.24427971243858337,1.013914093375206,0.156931,166.25,,,,,,,25.2,5.04,25.2,5.04,,,,,,,,,,,,,,,,,,,"Brenton Doyle","25479",686668
"Patrick Bailey","CLE",8,30,27,6,4,1,0,1,3,3,2,0,8,0,0,0,,0,0,0.223722,0.0814085,0.257082,0.316664,0.288487,0.337428,0.279684,0.625915,0.113705,2.55366,0.287358,-0.0537344,-0.0377497,2.69486,-0.908473,76.6615,-0.0914841,0.765638,-0.9164908975362778,1.3582301139831543,0.153936,747.8900146484375,,,,,,,24.9,3.1125,24.9,3.1125,,,,,,,,,,,,,,,,,,,"Patrick Bailey","27478",672275
"Ke'Bryan Hayes","CIN",9,40,37,9,6,1,0,1,4,4,3,0,8,0,0,0,,1,0,0.229646,0.0670543,0.202218,0.331594,0.283941,0.340604,0.277681,0.624545,0.110958,4.53823,0.271215,0.0112469,0.0555336,3.52671,-1.27656,70.5511,0.0667805,1.42321,-1.3738923594355583,1.5676574558019638,0.153734,999,,,,,,,36.6,4.066666666,36.6,4.066666666,,,,,,,,,,,,,,,,,,,"Ke'Bryan Hayes","18577",663647
"Ernie Clement","TOR",10,45,42,11,8,2,0,1,5,4,2,0,5,0,0,0,,1,0,0.26574,0.0405771,0.100092,0.405398,0.299387,0.371442,0.29437,0.670829,0.105703,4.06875,0.281079,0.0053826,-0.00902817,4.54274,-0.814759,86.9518,-0.00364557,0.400721,-0.6894354575779289,0.6062770187854767,0.153709,337.67999267578125,,,,,,,42.7,4.27,42.7,4.27,,,,,,,,,,,,,,,,,,,"Ernie Clement","20352",676391
"Cooper Pratt","MIL",9,39,34,8,6,1,0,1,4,4,3,0,8,0,0,0,,1,0,0.240998,0.0871003,0.192981,0.451342,0.313388,0.336534,0.291716,0.649922,0.0955361,5.26026,0.287898,0.0838519,0.112616,3.83267,-0.785863,83.0481,0.196468,0.426799,-0.6009445190429688,0.8434656858444214,0.153531,999,,,,,,,34,3.777777777,34,3.777777777,,,,,,,,,,,,,,,,,,,"Cooper Pratt","33530",806198
"Yainer Diaz","HOU",7,26,25,7,4,1,0,1,3,3,1,0,4,0,0,0,,0,0,0.266865,0.0418939,0.169465,0.247212,0.298787,0.43211,0.316733,0.730898,0.165246,2.1212,0.289718,-0.0360393,-0.0323667,3.09744,0.00082557,102.842,-0.0684061,0.0603577,0.01791854202747345,0.5696169920265675,0.15341,113.04000091552734,,,,,,,29.5,4.214285714,29.5,4.214285714,,,,,,,,,,,,,,,,,,,"Yainer Diaz","23003",673237
"Kyle Teel","CHW",8,31,27,7,5,1,0,1,4,3,3,0,8,0,0,0,,0,0,0.246415,0.106884,0.263186,0.406114,0.330771,0.390348,0.321275,0.721119,0.143933,3.69455,0.316725,-0.0317733,-0.00660467,3.79742,0.114907,105.131,-0.0383779,-0.244674,0.1469813957810402,0.26088128983974457,0.152892,266.8800048828125,,,,,,,33.5,4.1875,33.5,4.1875,,,,,,,,,,,,,,,,,,,"Kyle Teel","33549",691019
"Sal Frelick","MIL",7,32,29,7,6,1,0,0,4,3,3,0,4,0,0,0,,1,0,0.260184,0.0839752,0.135018,0.621954,0.331309,0.362893,0.310874,0.694202,0.102709,5.28241,0.291187,0.0442644,0.0975841,3.66659,-0.151392,95.8612,0.141848,0.812273,-0.019091293215751648,0.47523555159568787,0.15289,216.39999389648438,,,,,,,24,3.428571428,24,3.428571428,,,,,,,,,,,,,,,,,,,"Sal Frelick","29622",686217
"Max Clark","DET",10,45,40,10,6,2,0,1,6,5,4,0,9,0,0,0,,1,0,0.241539,0.0951824,0.19809,0.4805,0.318532,0.388783,0.312032,0.707315,0.147244,5.97331,0.283088,0.0171062,0.0485112,5.16746,-0.169513,97.7742,0.0656175,-0.204636,-0.05092071741819382,-0.044142112135887146,0.151878,999,,,,,,,45.1,4.51,45.1,4.51,,,,,,,,,,,,,,,,,,,"Max Clark","33381",703601
"Luis Torrens","NYM",6,24,22,5,4,1,0,1,3,3,2,0,5,0,0,0,,0,0,0.234503,0.0686315,0.216088,0.31761,0.29039,0.362733,0.289049,0.653123,0.12823,2.73305,0.28072,-0.024751,-0.0242836,2.32683,-0.539883,82.0871,-0.0490346,0.804701,-0.5720435865223408,1.2761520147323608,0.151531,999,,,,,,,24.3,4.05,24.3,4.05,,,,,,,,,,,,,,,,,,,"Luis Torrens","15905",620443
"Colson Montgomery","CHW",12,52,46,10,6,2,0,2,6,7,4,0,16,1,0,0,,0,0,0.217895,0.0841929,0.301133,0.279587,0.296834,0.404541,0.307398,0.701374,0.186645,2.34749,0.272824,-0.0788118,-0.0656715,5.81132,-0.392912,95.4947,-0.144483,-0.445863,-0.418698713183403,0.057686299085617065,0.151112,254.75,,,,,,,49.6,4.133333333,49.6,4.133333333,,,,,,,,,,,,,,,,,,,"Colson Montgomery","29712",695657
"Marcus Semien","NYM",10,45,40,9,6,2,0,1,5,5,4,0,8,0,1,0,,1,0,0.232603,0.0885027,0.177491,0.498632,0.301862,0.375303,0.299363,0.677165,0.1427,4.16171,0.256168,0.030966,0.029833,4.70688,-0.630089,88.9862,0.0607991,0.398657,-0.5378756634891033,0.5591508150100708,0.151106,266.25,,,,,,,39.5,3.95,39.5,3.95,,,,,,,,,,,,,,,,,,,"Marcus Semien","12533",543760
"Seiya Suzuki","CHC",11,46,40,10,6,2,0,2,6,6,5,0,11,0,0,0,,0,0,0.258072,0.113232,0.248218,0.45618,0.344545,0.459379,0.349637,0.803924,0.201307,4.00356,0.310206,-0.101307,-0.0177348,6.63518,1.2161,122.736,-0.119042,-0.394066,1.1358268857002258,-1.1496212184429169,0.149835,113.43000030517578,,,,,,,55.6,5.054545454,55.6,5.054545454,,,,,,,,,,,,,,,,,,,"Seiya Suzuki","30116",673548
"Iván Herrera","STL",11,45,38,10,7,2,0,1,6,5,5,0,8,1,0,0,,1,0,0.263872,0.103841,0.186815,0.555848,0.357285,0.398541,0.336797,0.755827,0.134669,3.80235,0.307187,-0.0386773,-0.0152987,6.02915,0.726192,113.943,-0.053976,-0.04855,0.6991027519106865,-0.700401846319437,0.147864,178.42999267578125,,,,,,,53.1,4.827272727,53.1,4.827272727,,,,,,,,,,,,,,,,,,,"Ivan Herrera","20599",671056
"Dustin Harris","SDP",8,33,30,7,5,1,0,1,4,3,3,0,7,0,0,0,,1,0,0.240526,0.0785878,0.217661,0.361057,0.308229,0.350738,0.29464,0.658967,0.110212,5.36599,0.296637,0.0681407,0.0562103,3.28799,-0.581312,88.0609,0.124351,1.07117,-0.3461552932858467,0.730116069316864,0.146989,999,,,,,,,32.4,4.05,32.4,4.05,,,,,,,,,,,,,,,,,,,"Dustin Harris","25705",687957
"Daulton Varsho","HOU",10,43,39,9,5,2,0,2,5,5,3,0,10,0,0,0,,1,0,0.225788,0.0796997,0.237918,0.334988,0.294665,0.412199,0.308783,0.706863,0.18641,4.35115,0.259122,0.0154869,0.0244644,4.8357,-0.275475,97.3205,0.0399513,-0.149045,-0.09440221637487411,0.00465865433216095,0.145585,192.2100067138672,,,,,,,46.9,4.69,46.9,4.69,,,,,,,,,,,,,,,,,,,"Daulton Varsho","19918",662139
"Cole Young","SEA",11,46,41,10,7,2,0,1,5,5,4,0,8,1,0,0,,0,0,0.241447,0.0826621,0.173736,0.47579,0.311771,0.366771,0.30185,0.678541,0.125324,3.77777,0.274143,-0.033307,-0.0593546,4.87109,-0.547982,98.5024,-0.0926616,-0.19756,-0.17227904498577118,-0.016078457236289978,0.144886,704.2899780273438,,,,,,,45.2,4.109090909,45.2,4.109090909,,,,,,,,,,,,,,,,,,,"Cole Young","31680",702284
"Jakob Marsee","MIA",10,44,38,9,6,2,0,1,5,4,5,0,9,1,0,0,,2,1,0.231005,0.115006,0.212821,0.540391,0.330608,0.361882,0.311913,0.69249,0.130878,6.94057,0.286124,0.105208,0.166892,5.06385,-0.170491,94.1534,0.2721,-0.1305,-0.03958934545516968,0.02690783143043518,0.144793,137.0800018310547,,,,,,,46.6,4.66,46.6,4.66,,,,,,,,,,,,,,,,,,,"Jakob Marsee","31370",805300
"Jorge Mateo","TBR",8,37,34,8,5,2,0,1,5,4,2,0,10,0,0,0,,3,1,0.222922,0.0610843,0.274525,0.222509,0.27183,0.362647,0.278938,0.634478,0.139725,7.52169,0.287276,0.257584,0.351857,3.22098,-1.11531,74.7814,0.609441,0.238051,-0.4633583426475525,0.5851192474365234,0.143616,999,,,,,,,34.9,4.3625,34.9,4.3625,,,,,,,,,,,,,,,,,,,"Jorge Mateo","17273",622761
"Dominic Canzone","SEA",10,41,38,9,6,2,0,2,5,6,3,0,9,0,0,0,,0,0,0.248309,0.0809943,0.22176,0.365234,0.314656,0.429319,0.324449,0.743975,0.18101,3.6076,0.285502,-0.0659995,-0.000986349,5.18668,0.260243,114.195,-0.0669859,0.0509403,0.619043692946434,-0.6898003965616226,0.141922,477.1600036621094,,,,,,,46,4.6,46,4.6,,,,,,,,,,,,,,,,,,,"Dominic Canzone","26438",686527
"Josh Naylor","SEA",11,48,43,12,8,2,0,1,6,6,4,0,7,0,0,0,,2,0,0.265482,0.0806487,0.136888,0.589157,0.330143,0.413731,0.324334,0.743874,0.148249,4.37656,0.282044,-0.00219437,0.0881921,6.02502,0.298041,114.115,0.0859978,-0.328577,0.8790149688720703,-1.1896885931491852,0.14178,67.45999908447266,,,,,,,55.2,5.018181818,55.2,5.018181818,,,,,,,,,,,,,,,,,,,"Josh Naylor","18839",647304
"Ozzie Albies","ATL",11,48,44,11,7,2,0,1,6,6,3,0,7,1,0,0,,1,0,0.24891,0.071903,0.147816,0.486437,0.308243,0.401199,0.310826,0.709442,0.152289,4.0889,0.264566,-0.0173295,-0.012882,5.49805,-0.22893,94.5531,-0.0302116,-0.00942123,-0.34792517125606537,0.1628009919077158,0.141024,150.5,,,,,,,46.7,4.245454545,46.7,4.245454545,,,,,,,,,,,,,,,,,,,"Ozzie Albies","16556",645277
"Jackson Holliday","BAL",11,46,40,10,7,2,0,1,6,4,5,0,10,0,0,0,,1,0,0.239746,0.100332,0.228821,0.438475,0.320264,0.368755,0.306641,0.689019,0.12901,4.67563,0.294423,0.00781295,-0.00111094,5.04796,-0.371122,96.8494,0.00670201,-0.262411,-0.1607918948866427,-0.08833710849285126,0.138713,203.14999389648438,,,,,,,48.1,4.372727272,48.1,4.372727272,,,,,,,,,,,,,,,,,,,"Jackson Holliday","31781",702616
"Colt Keith","DET",10,45,40,10,7,2,0,1,6,5,4,0,9,0,0,0,,0,0,0.255891,0.0855473,0.202153,0.423182,0.324802,0.416246,0.324923,0.741048,0.160355,4.43498,0.298212,0.0366677,-0.0266049,5.63612,0.299148,106.725,0.0100628,0.0162879,0.3621862484142184,-0.589576305821538,0.138436,502.489990234375,,,,,,,43.2,4.32,43.2,4.32,,,,,,,,,,,,,,,,,,,"Colt Keith","27899",690993
"Luis Campusano","SDP",8,33,29,7,5,1,0,1,4,4,3,0,8,0,0,0,,0,0,0.239784,0.0997771,0.229127,0.435467,0.318061,0.378861,0.310502,0.696922,0.139076,2.50237,0.291766,-0.0371033,-0.0360308,3.73164,-0.164346,98.67,-0.073134,0.274967,-0.12591061741113663,0.41539907455444336,0.138137,999,,,,,,,31.5,3.9375,31.5,3.9375,,,,,,,,,,,,,,,,,,,"Luis Campusano","22217",669134
"Sean Murphy","ATL",6,25,22,5,3,1,0,1,3,3,2,0,7,1,0,0,,0,0,0.218033,0.0933324,0.280181,0.333115,0.306288,0.39533,0.310754,0.701618,0.177297,2.24976,0.271186,-0.035346,-0.0292322,2.82949,-0.119334,94.5046,-0.0645782,0.378298,-0.22962651401758194,0.7708901464939117,0.13728,746.0599975585938,,,,,,,27.3,4.55,27.3,4.55,,,,,,,,,,,,,,,,,,,"Sean Murphy","19352",669221
"Bryan Reynolds","PIT",11,49,43,11,7,2,0,1,6,6,5,0,11,1,0,0,,0,0,0.257388,0.103527,0.231977,0.446279,0.341463,0.401486,0.328899,0.74295,0.144099,3.93292,0.319917,-0.0280148,-0.0338183,6.26982,0.481265,103.554,-0.0618331,0.252782,0.1476849429309368,-0.38795867562294006,0.13714,204.72000122070312,,,,,,,51.8,4.709090909,51.8,4.709090909,,,,,,,,,,,,,,,,,,,"Bryan Reynolds","19326",668804
"Chandler Simpson","TBR",10,45,42,12,10,1,0,0,5,3,2,0,4,0,0,1,,4,1,0.286596,0.0504666,0.0999814,0.50476,0.320959,0.342862,0.294557,0.663821,0.0562661,7.40715,0.316634,0.33981,0.386203,4.53213,-0.804844,85.627,0.726013,0.245081,-0.02651345729827881,-0.2283756583929062,0.135643,180.19000244140625,,,,,,,38.9,3.89,38.9,3.89,,,,,,,,,,,,,,,,,,,"Chandler Simpson","31912",802415
"Jose Altuve","HOU",11,47,42,11,7,2,0,1,6,5,4,0,8,0,0,0,,1,0,0.25789,0.0816992,0.18019,0.453405,0.324039,0.412071,0.323108,0.736109,0.154181,3.87345,0.288929,-0.0491895,-0.042682,5.7844,0.242157,107.268,-0.0918714,-0.613244,0.3033096119761467,-0.6243554651737213,0.135135,116.5199966430664,,,,,,,48.7,4.427272727,48.7,4.427272727,,,,,,,,,,,,,,,,,,,"Jose Altuve","5417",514888
"Colton Cowser","BAL",8,33,29,6,4,1,0,1,4,4,3,0,10,0,0,0,,1,0,0.221569,0.100293,0.311939,0.321514,0.310202,0.3951,0.312402,0.705302,0.173531,4.39105,0.293953,0.038419,0.0384261,3.82592,-0.115227,100.85,0.0768451,-0.0448143,0.10971083119511604,0.02925976738333702,0.133405,251.72000122070312,,,,,,,27.8,3.475,27.8,3.475,,,,,,,,,,,,,,,,,,,"Colton Cowser","29591",681297
"Luis Arraez","PHI",11,49,45,13,10,2,0,0,6,5,3,0,2,0,0,1,,1,0,0.299945,0.0520757,0.043262,1.20373,0.340469,0.389865,0.321011,0.730334,0.0899202,4.73774,0.305822,-0.00149427,-0.0241584,5.95878,0.170216,98.2046,-0.0256526,-0.3512,-0.1315006222575903,-0.17712585628032684,0.130197,280.04998779296875,,,,,,,44.5,4.045454545,44.5,4.045454545,,,,,,,,,,,,,,,,,,,"Luis Arraez","18568",650333
"Brayan Rocchio","CLE",10,43,39,9,6,2,0,1,5,4,3,0,8,1,0,0,,1,0,0.240429,0.0693654,0.174521,0.397461,0.302482,0.35758,0.293184,0.660062,0.117152,4.67557,0.276109,-0.00199021,0.00249738,4.2926,-0.818579,86.0359,0.000507164,-0.0107114,-0.6996784926741384,0.45039965864270926,0.129378,999,,,,,,,40.5,4.05,40.5,4.05,,,,,,,,,,,,,,,,,,,"Brayan Rocchio","23690",677587
"Carter Jensen","KCR",10,39,35,8,5,2,0,1,5,5,4,0,10,0,0,0,,0,0,0.233982,0.102589,0.254104,0.403729,0.312594,0.40586,0.315218,0.718454,0.171878,3.80099,0.285443,-0.0054082,-0.000340786,4.6104,-0.0468436,98.1226,-0.00574898,-0.120353,-0.0915264068171382,-0.02405627816915512,0.12922,999,,,,,,,37,3.7,37,3.7,,,,,,,,,,,,,,,,,,,"Carter Jensen","29478",695600
"Michael Massey","KCR",9,38,35,9,6,2,0,1,4,4,2,0,7,0,0,0,,0,0,0.248686,0.0494004,0.174385,0.283284,0.287737,0.396525,0.297556,0.684261,0.147838,3.51418,0.275215,-0.0356529,-0.0044268,3.90929,-0.586079,85.8583,-0.0400797,0.49287,-0.6637389324605465,0.583610475063324,0.127923,999,,,,,,,36.6,4.066666666,36.6,4.066666666,,,,,,,,,,,,,,,,,,,"Michael Massey","27684",686681
"Cam Smith","HOU",10,42,38,9,6,2,0,1,5,5,3,0,11,1,0,0,,1,0,0.239021,0.0799441,0.255039,0.313459,0.306953,0.400394,0.310259,0.707347,0.161373,5.63054,0.298137,0.0602321,0.019458,4.76934,-0.218672,98.3457,0.0796902,0.193555,-0.0012599900364875793,-0.2564452290534973,0.124795,341.8699951171875,,,,,,,41.5,4.15,41.5,4.15,,,,,,,,,,,,,,,,,,,"Cam Smith","35108",701358
"Brandon Valenzuela","TOR",5,21,19,4,3,1,0,1,2,2,2,0,5,0,0,0,,0,0,0.217375,0.0865024,0.258263,0.334939,0.286812,0.353511,0.284569,0.640323,0.136136,2.00101,0.272999,-0.020972,-0.0283245,1.95577,-0.547918,80.146,-0.0492965,0.719105,-0.5369444563984871,1.0154008865356445,0.124383,999,,,,,,,21.7,4.34,21.7,4.34,,,,,,,,,,,,,,,,,,,"Brandon Valenzuela","23813",678218
"Ceddanne Rafaela","BOS",7,31,29,7,5,2,0,1,4,4,1,0,7,0,0,0,,1,0,0.255692,0.0414967,0.211185,0.196495,0.292914,0.412469,0.305914,0.705383,0.156777,6.4044,0.301064,0.0496116,0.044723,3.42348,-0.271343,91.4377,0.0943346,0.22318,-0.2160227745771408,0.33429089933633804,0.123846,125.02999877929688,,,,,,,30.3,4.328571428,30.3,4.328571428,,,,,,,,,,,,,,,,,,,"Ceddanne Rafaela","24262",678882
"Chase Meidroth","CHW",12,51,44,11,9,2,0,1,6,4,5,0,9,1,0,0,,1,0,0.256146,0.0983252,0.173135,0.567911,0.337651,0.356062,0.312864,0.693713,0.0999155,3.89956,0.301225,-0.0510252,-0.0277746,5.84742,-0.156666,99.2904,-0.0787998,-0.648708,-0.12059836834669113,-0.4601278603076935,0.122735,646.8699951171875,,,,,,,52.7,4.391666666,52.7,4.391666666,,,,,,,,,,,,,,,,,,,"Chase Meidroth","31580",805367
"Jacob Young","WSN",9,39,35,9,6,2,0,0,4,3,3,0,7,1,0,1,,2,0,0.245458,0.0700903,0.17841,0.392861,0.310526,0.338615,0.291725,0.649141,0.0931567,5.63633,0.293584,0.13366,0.0718976,3.84146,-0.78733,80.0139,0.205557,0.523427,-0.7366686165332794,0.6626243591308594,0.12166,746.0700073242188,,,,,,,37,4.111111111,37,4.111111111,,,,,,,,,,,,,,,,,,,"Jacob Young","29931",696285
"Vinnie Pasquantino","KCR",11,47,41,10,7,2,0,2,5,6,4,0,7,0,1,0,,0,0,0.253936,0.0932617,0.147663,0.631584,0.328731,0.429319,0.329522,0.75805,0.175383,3.0157,0.2662,-0.124902,-0.0207366,6.02654,0.484303,108.055,-0.145639,0.106532,0.29233239591121674,-0.752727746963501,0.120979,77.0999984741211,,,,,,,51.6,4.69090909,51.6,4.69090909,,,,,,,,,,,,,,,,,,,"Vinnie Pasquantino","27676",686469
"Liam Hicks","TBR",9,35,31,8,6,1,0,1,4,4,4,0,5,1,0,0,,0,0,0.251611,0.0994654,0.133978,0.742402,0.3371,0.378852,0.3191,0.715953,0.127241,2.46376,0.268643,-0.103644,-0.0476129,4.26787,0.0688162,102.67,-0.151257,-0.496159,-0.04127795994281769,-0.02270182967185974,0.120594,748.5399780273438,,,,,,,41.1,4.566666666,41.1,4.566666666,,,,,,,,,,,,,,,,,,,"Liam Hicks","29844",689414
"David Hamilton","MIL",8,33,30,6,5,1,0,1,4,3,3,0,8,0,0,0,,3,1,0.216997,0.0836775,0.241027,0.347171,0.285151,0.329605,0.275623,0.614756,0.112607,6.53745,0.273293,0.201148,0.250772,2.83848,-1.10267,72.2842,0.45192,0.623027,-0.6606058478355408,0.7637680619955063,0.12047,743.3300170898438,,,,,,,27.8,3.475,27.8,3.475,,,,,,,,,,,,,,,,,,,"David Hamilton","27531",666152
"Dansby Swanson","CHC",6,25,22,5,3,1,0,1,3,3,2,0,6,0,0,0,,1,0,0.240096,0.0918433,0.248876,0.369032,0.311117,0.414938,0.318549,0.726055,0.174842,5.21021,0.288694,0.0727413,0.065385,2.9932,0.0373418,101.943,0.138126,-0.0961302,0.1966143734753132,0.17053652554750443,0.119789,152.30999755859375,,,,,,,26.2,4.366666666,26.2,4.366666666,,,,,,,,,,,,,,,,,,,"Dansby Swanson","18314",621020
"Salvador Perez","KCR",10,43,40,10,6,2,0,2,4,6,2,0,9,1,0,0,,0,0,0.244114,0.04647,0.198527,0.234074,0.292635,0.420047,0.307189,0.712682,0.175933,1.32041,0.266675,-0.19799,-0.0515582,4.79339,-0.331859,92.5476,-0.249549,0.371157,-0.6242540776729584,0.2693049758672714,0.11907,91.13999938964844,,,,,,,49.6,4.96,49.6,4.96,,,,,,,,,,,,,,,,,,,"Salvador Perez","7304",521692
"Javier Sanoja","MIA",10,44,41,11,7,2,0,1,5,5,2,0,5,0,0,0,,1,0,0.259646,0.0569283,0.108042,0.526911,0.302496,0.387672,0.302209,0.690168,0.128027,5.42755,0.279114,-0.014057,-0.0169237,4.66234,-0.51042,87.6632,-0.0309807,0.374422,-0.6809373460710049,0.4151626378297806,0.117364,999,,,,,,,43.7,4.37,43.7,4.37,,,,,,,,,,,,,,,,,,,"Javier Sanoja","28253",691594
"Nick Gonzales","PIT",10,45,41,11,8,2,0,1,5,5,3,0,8,1,0,0,,0,0,0.273428,0.0656608,0.185869,0.353264,0.328955,0.387207,0.317218,0.716162,0.113779,4.09696,0.327359,-0.0328301,-0.0632426,5.3148,0.0188829,95.7408,-0.0960727,0.0678245,-0.32580945640802383,0.00486157089471817,0.115196,999,,,,,,,47.8,4.78,47.8,4.78,,,,,,,,,,,,,,,,,,,"Nick Gonzales","27490",693304
"Sal Stewart","CIN",13,54,49,12,8,2,0,2,7,8,5,0,12,0,0,0,,1,0,0.254371,0.0854366,0.213782,0.399643,0.322686,0.447043,0.33403,0.769729,0.192672,3.88071,0.286271,-0.038962,-0.00169044,7.23529,0.764217,108.241,-0.0406524,-0.197893,0.5024711936712265,-1.1468125730752945,0.115141,161.8699951171875,,,,,,,59.7,4.592307692,59.7,4.592307692,,,,,,,,,,,,,,,,,,,"Sal Stewart","31505",701398
"Joey Ortiz","MIL",8,34,30,7,5,1,0,1,4,3,3,0,6,0,0,0,,1,0,0.243499,0.0779102,0.176453,0.441536,0.304222,0.361087,0.294694,0.665309,0.117587,5.18289,0.280671,0.0294868,0.000886153,3.40285,-0.599881,85.0398,0.030373,0.429743,-0.5795175861567259,0.6130760610103607,0.115118,743.4400024414062,,,,,,,32.4,4.05,32.4,4.05,,,,,,,,,,,,,,,,,,,"Joey Ortiz","25493",687401
"Freddy Fermin","SDP",5,20,18,4,3,1,0,0,2,2,1,0,4,0,0,0,,0,0,0.236099,0.0690409,0.196826,0.350771,0.291724,0.357199,0.287572,0.648924,0.1211,2.69009,0.275414,-0.0170826,-0.024246,1.85795,-0.459815,83.3333,-0.0413286,0.541808,-0.4347699247300625,0.9229807257652283,0.114279,735.3099975585938,,,,,,,10.3,2.06,10.3,2.06,,,,,,,,,,,,,,,,,,,"Freddy Fermin","21840",666023
"Francisco Alvarez","NYM",9,35,31,7,4,1,0,2,4,5,3,0,9,0,0,0,,0,0,0.227944,0.0945856,0.268889,0.351765,0.311166,0.414691,0.31938,0.725857,0.186747,2.12471,0.275094,-0.0567979,-0.0413791,4.24871,0.0763406,102.374,-0.098177,-0.345198,0.0027223825454711914,-0.03424149751663208,0.113241,165.25,,,,,,,38.9,4.322222222,38.9,4.322222222,,,,,,,,,,,,,,,,,,,"Francisco Alvarez","26121",682626
"George Lombard Jr.","NYY",10,45,40,9,6,2,0,1,5,5,4,0,11,1,0,0,,1,0,0.22361,0.0788512,0.24698,0.319262,0.293184,0.354221,0.287949,0.647405,0.130611,4.54709,0.278682,0,-0.00559722,4.29189,-1.04508,81.8292,-0.00559722,0,-0.956962033174932,0.48148149251937866,0.113234,999,,,,,,,42.5,4.25,42.5,4.25,,,,,,,,,,,,,,,,,,,"George Lombard Jr.","33433",806146
"Travis Bazzana","CLE",10,41,36,8,6,2,0,1,5,4,5,0,10,0,0,0,,1,0,0.233938,0.109595,0.239934,0.456771,0.324541,0.361306,0.307415,0.685847,0.127368,4.73825,0.294699,0.0724409,0.0228257,4.61503,-0.3114,95.9179,0.0952665,-0.2089,-0.1020197942852974,-0.25334423780441284,0.11301,999,,,,,,,40.9,4.09,40.9,4.09,,,,,,,,,,,,,,,,,,,"Travis Bazzana","34967",683953
"Chase DeLauter","CLE",8,34,30,8,5,2,0,1,4,4,3,0,5,0,0,0,,0,0,0.268088,0.0960081,0.162229,0.591806,0.339245,0.414941,0.332793,0.754186,0.146853,3.44842,0.301803,-0.0262734,-0.0185595,4.44169,0.438962,113.54,-0.0448329,0.0873426,0.4868466481566429,-0.5848797038197517,0.111193,999,,,,,,,39,4.875,39,4.875,,,,,,,,,,,,,,,,,,,"Chase DeLauter","32127",800050
"Dylan Crews","WSN",9,37,34,8,5,2,0,1,4,4,3,0,9,1,0,0,,1,0,0.230409,0.0725576,0.230017,0.315445,0.296418,0.372329,0.29624,0.668747,0.14192,5.45462,0.27792,0.0583525,0.0537443,3.78949,-0.613507,83.0336,0.112097,0.810766,-0.6487499698996544,0.5289759635925293,0.110713,282.2200012207031,,,,,,,39.9,4.433333333,39.9,4.433333333,,,,,,,,,,,,,,,,,,,"Dylan Crews","33541",686611
"Bo Bichette","NYM",12,53,49,13,10,2,0,1,6,6,3,0,9,0,0,0,,0,0,0.276079,0.0649681,0.168173,0.386316,0.323617,0.40577,0.319887,0.729387,0.129691,3.38214,0.312467,-0.0533624,-0.0309886,6.40731,0.13637,102.713,-0.0843509,-0.767822,0.08893006294965744,-0.7236858196556568,0.11053,92.86000061035156,,,,,,,48,4,48,4,,,,,,,,,,,,,,,,,,,"Bo Bichette","19612",666182
"Brandon Marsh","PHI",9,38,35,9,6,2,0,1,5,4,3,0,10,0,0,0,,1,0,0.259782,0.0876765,0.26924,0.325645,0.325954,0.408675,0.322554,0.73463,0.148894,4.74438,0.338206,0.0396903,0.0664246,4.73886,0.181907,99.2368,0.106115,0.151776,0.07069448009133339,-0.24452050030231476,0.109518,609.72998046875,,,,,,,41.5,4.611111111,41.5,4.611111111,,,,,,,,,,,,,,,,,,,"Brandon Marsh","20202",669016
"Ezequiel Duran","TEX",10,44,40,10,6,2,0,1,5,5,3,0,10,0,0,0,,1,0,0.241189,0.06201,0.236721,0.261954,0.294145,0.369654,0.292601,0.663799,0.128466,5.07636,0.299258,-0.00722561,0.026053,4.32377,-0.848989,87.0405,0.0188274,0.00356242,-0.6388147957623005,0.17393278749659657,0.10934,999,,,,,,,42.1,4.21,42.1,4.21,,,,,,,,,,,,,,,,,,,"Ezequiel Duran","23733",677649
"Alec Bohm","PHI",10,44,40,11,8,2,0,1,5,6,3,0,7,0,0,0,,0,0,0.266447,0.0661722,0.150859,0.438635,0.320022,0.398839,0.315694,0.718861,0.132392,2.64511,0.29279,-0.0728149,-0.0498592,5.19867,-0.0356645,94.6485,-0.122674,0.545251,-0.4079711511731148,0.03599125146865845,0.108294,239.8699951171875,,,,,,,45.8,4.58,45.8,4.58,,,,,,,,,,,,,,,,,,,"Alec Bohm","21618",664761
"Jake McCarthy","COL",11,49,45,12,8,2,1,1,6,5,3,0,8,1,0,1,,2,1,0.267163,0.0593586,0.167807,0.353732,0.319963,0.401425,0.31651,0.721388,0.134261,6.93241,0.306757,0.253215,0.142894,5.8633,-0.00736574,85.8811,0.39611,0.300572,-0.44809484481811523,-0.10066238045692444,0.108095,506.760009765625,,,,,,,56.1,5.1,56.1,5.1,,,,,,,,,,,,,,,,,,,"Jake McCarthy","21622",664983
"Nathan Church","STL",7,29,26,6,5,1,0,1,3,3,2,0,5,0,0,0,,1,0,0.244297,0.0592782,0.176435,0.335978,0.299555,0.357461,0.29147,0.657017,0.113164,4.73643,0.280474,0.0162564,0.0272177,2.85593,-0.592572,83.6264,0.0434741,0.541191,-0.5316135548055172,0.6374873965978622,0.106997,999,,,,,,,27.8,3.971428571,27.8,3.971428571,,,,,,,,,,,,,,,,,,,"Nathan Church","31357",701675
"Austin Riley","ATL",11,47,42,10,6,2,0,2,6,6,4,0,13,1,0,0,,0,0,0.241177,0.0780532,0.279689,0.279071,0.307259,0.417198,0.316648,0.724457,0.176021,3.60488,0.30353,-0.0334396,-0.0255148,5.60205,-0.00176987,98.4469,-0.0589544,-0.509676,-0.1475985273718834,-0.34115734696388245,0.106743,59.36000061035156,,,,,,,53.6,4.872727272,53.6,4.872727272,,,,,,,,,,,,,,,,,,,"Austin Riley","18360",663586
"JJ Bleday","CIN",12,50,44,10,6,2,0,2,6,6,6,0,12,0,0,0,,0,0,0.224212,0.117751,0.233168,0.505006,0.315625,0.418431,0.321736,0.734056,0.19422,3.14665,0.253732,-0.0646308,-0.0557815,6.14129,0.203911,100.017,-0.120412,0.13412,-0.11936036520637572,-0.4657261222600937,0.106266,748.5800170898438,,,,,,,54.6,4.55,54.6,4.55,,,,,,,,,,,,,,,,,,,"JJ Bleday","26368",668709
"Braxton Fulford","COL",0,2,1,0,0,0,0,0,0,0,0,0,0,0,0,0,,0,0,0.239057,0.0695619,0.290398,0.23954,0.297271,0.366938,0.293876,0.66421,0.127881,3.30969,0.322394,-0.000538759,-0.00182961,0.154538,-0.0284435,70.7421,-0.00236837,1.01104,-0.05689518735744059,1.0411293469369411,0.105089,999,,,,,,,-1,,-1,,,,,,,,,,,,,,,,,,,,"Braxton Fulford","29704",690924
"Graham Pauley","MIA",6,24,22,5,3,1,0,1,3,3,2,0,6,0,0,0,,0,0,0.211998,0.077232,0.2318,0.333184,0.275368,0.344554,0.275348,0.619922,0.132556,4.19466,0.2566,-0.0120048,0.0193849,2.07908,-0.815203,69.697,0.0073801,1.13363,-0.8858973071910441,1.124374594539404,0.104999,999,,,,,,,24.3,4.05,24.3,4.05,,,,,,,,,,,,,,,,,,,"Graham Pauley","31363",688363
"Taylor Ward","SEA",6,24,21,5,3,1,0,1,3,3,3,0,6,0,0,0,,0,0,0.236971,0.128646,0.235109,0.547176,0.344158,0.399593,0.331947,0.743751,0.162622,3.03126,0.288096,-0.0615217,-0.0278365,3.19501,0.300734,119.402,-0.0893582,-0.0188512,0.46152519434690475,-0.29477718099951744,0.104541,148.42999267578125,,,,,,,28.3,4.716666666,28.3,4.716666666,,,,,,,,,,,,,,,,,,,"Taylor Ward","17548",621493
"Jarren Duran","BOS",10,45,40,10,6,2,0,1,6,5,3,0,11,1,0,0,,2,0,0.244818,0.0750229,0.242825,0.308959,0.309478,0.420556,0.317802,0.730034,0.175738,7.04723,0.300601,0.221949,0.119319,5.33587,0.0399485,99.6926,0.341268,-0.43188,0.32529527321457863,-0.8948428332805634,0.102436,64.04000091552734,,,,,,,47,4.7,47,4.7,,,,,,,,,,,,,,,,,,,"Jarren Duran","24617",680776
"Vaughn Grissom","LAA",9,40,36,9,6,2,0,1,4,4,3,0,8,1,0,0,,0,0,0.246413,0.0656085,0.194075,0.338058,0.303576,0.371068,0.298196,0.674644,0.124655,3.81328,0.286025,-0.00410709,0.00650537,4.13968,-0.59688,89.4756,0.00239829,0.463247,-0.4866347839124501,0.07204318046569824,0.101247,999,,,,,,,41.6,4.622222222,41.6,4.622222222,,,,,,,,,,,,,,,,,,,"Vaughn Grissom","26031",687093
"Shea Langeliers","ATH",9,39,35,9,5,2,0,2,5,6,3,0,9,0,0,0,,0,0,0.253669,0.0742857,0.226667,0.327731,0.312977,0.492663,0.34552,0.80564,0.238994,3.6103,0.276276,-0.00918685,-0.0322797,5.52546,0.906931,113.963,-0.0414666,0,0.5911995880305767,-0.9722222089767456,0.101084,54.04999923706055,,,,,,,49,5.444444444,49,5.444444444,,,,,,,,,,,,,,,,,,,"Shea Langeliers","25816",669127
"Austin Martin","MIN",3,12,10,3,2,1,0,0,1,1,1,0,2,0,0,0,,1,0,0.248577,0.111447,0.178393,0.624732,0.337602,0.340103,0.307901,0.677705,0.0915259,5.65755,0.302128,0.0104324,0.0571025,1.31704,-0.0839172,95.5892,0.0675349,0.680423,0.006914224475622177,0.5620588809251785,0.100201,748.5599975585938,,,,,,,14.6,4.866666666,14.6,4.866666666,,,,,,,,,,,,,,,,,,,"Austin Martin","27462",668885
"Jake Burger","TEX",11,48,44,10,6,2,0,2,5,6,3,0,12,1,0,0,,0,0,0.235771,0.0616906,0.251665,0.245129,0.291647,0.429084,0.313005,0.720731,0.193313,2.33538,0.2733,-0.055936,-0.0586792,5.52302,-0.142375,101.209,-0.114615,0.191064,-0.047419823706150055,-0.6718990653753281,0.0984048,236.72000122070312,,,,,,,48.6,4.418181818,48.6,4.418181818,,,,,,,,,,,,,,,,,,,"Jake Burger","22275",669394
"Brewer Hicklen","ATL",2,10,9,2,2,0,0,0,1,1,1,0,3,0,0,0,,1,0,0.221843,0.0792311,0.319426,0.248042,0.289086,0.314513,0.272283,0.603599,0.0926699,6.31533,0.320063,0.0240374,0.0691984,0.858995,-0.372614,68.7731,0.0932357,0.980698,-0.298471175134182,0.8992168605327606,0.0953979,999,,,,,,,7.1,3.55,7.1,3.55,,,,,,,,,,,,,,,,,,,"Brewer Hicklen","20450",676551
"Alec Burleson","STL",11,49,45,12,8,2,0,2,6,7,4,0,7,0,0,0,,0,0,0.274566,0.0751589,0.14789,0.508208,0.333573,0.435878,0.335488,0.769451,0.161313,3.13577,0.294037,-0.0884968,-0.0158757,6.59913,0.748992,113.068,-0.104373,-0.448074,0.6742805242538452,-1.3425181806087494,0.0953847,175.19000244140625,,,,,,,58.8,5.345454545,58.8,5.345454545,,,,,,,,,,,,,,,,,,,"Alec Burleson","27615",676475
"Leo Bernal","STL",8,30,28,7,5,1,0,1,3,3,2,0,6,0,0,0,,0,0,0.239196,0.0751745,0.21194,0.354696,0.298906,0.358359,0.29186,0.657265,0.119163,4.06706,0.288635,-0.0208285,0.019496,2.96889,-0.604536,83.8875,-0.00133244,0.0527606,-0.5877504725940526,0.5360939130187035,0.0944803,999,,,,,,,29.5,3.6875,29.5,3.6875,,,,,,,,,,,,,,,,,,,"Leo Bernal","29016",699024
"Tyler Stephenson","CIN",9,35,31,7,5,1,0,1,4,4,4,0,10,0,0,0,,0,0,0.231537,0.0998062,0.286777,0.348027,0.316395,0.389556,0.313061,0.705951,0.158019,1.9553,0.30328,-0.0698439,-0.0490957,4.07466,-0.103421,94.215,-0.11894,-0.14109,-0.3651105836033821,0.1457923799753189,0.0943236,294.75,,,,,,,32.5,3.611111111,32.5,3.611111111,,,,,,,,,,,,,,,,,,,"Tyler Stephenson","17988",663886
"Christian Walker","HOU",11,49,44,10,6,2,0,2,6,7,4,0,12,1,0,0,,0,0,0.233798,0.0815232,0.244749,0.333089,0.305284,0.430583,0.32034,0.735867,0.196786,2.40807,0.268293,-0.0912349,-0.0516748,5.93231,0.143745,105.346,-0.14291,-0.0918605,0.160660520195961,-0.962230920791626,0.0937771,212.94000244140625,,,,,,,51.6,4.69090909,51.6,4.69090909,,,,,,,,,,,,,,,,,,,"Christian Walker","13419",572233
"Taylor Trammell","HOU",6,27,24,5,3,1,0,1,3,3,3,0,8,0,0,0,,1,0,0.207954,0.102934,0.30133,0.341597,0.301008,0.376047,0.301531,0.677055,0.168093,4.45393,0.270184,-0.00765219,0.0218166,2.92663,-0.337136,92.285,0.0141645,0.445163,-0.23285701405256987,0.1803477704524994,0.0934509,999,,,,,,,27.2,4.533333333,27.2,4.533333333,,,,,,,,,,,,,,,,,,,"Taylor Trammell","19960",666211
"Brett Baty","NYM",8,34,31,7,5,1,0,1,4,4,3,0,9,0,0,0,,0,0,0.236373,0.0857001,0.255917,0.334874,0.303852,0.388103,0.305644,0.691955,0.15173,3.75253,0.291978,-0.0150538,0.00862658,3.7631,-0.306338,93.1869,-0.00642724,0.26146,-0.28881228994578123,0.0748855471611023,0.0918392,292.9200134277344,,,,,,,29.5,3.6875,29.5,3.6875,,,,,,,,,,,,,,,,,,,"Brett Baty","26123",683146
"Drew Cavanaugh","SFG",8,30,27,6,4,1,0,1,3,3,2,0,7,0,0,0,,0,0,0.22361,0.0788512,0.24698,0.319262,0.293184,0.354221,0.287949,0.647405,0.130611,4.54709,0.278682,0,-0.00371999,2.85245,-0.694579,81.8658,-0.00371999,0,-0.6588423298671842,0.5833333134651184,0.0913207,999,,,,,,,24.9,3.1125,24.9,3.1125,,,,,,,,,,,,,,,,,,,"Drew Cavanaugh","33380",701852
"Ezequiel Tovar","COL",11,48,44,11,7,2,0,1,6,5,3,0,12,0,1,0,,1,0,0.250514,0.0538434,0.246561,0.218377,0.290538,0.40344,0.301796,0.693978,0.152927,4.39671,0.308049,0.023114,-0.0194559,5.09504,-0.575496,76.0397,0.00365804,0.208343,-1.3801479486282915,0.7199172526597977,0.0911855,209.22999572753906,,,,,,,43.7,3.972727272,43.7,3.972727272,,,,,,,,,,,,,,,,,,,"Ezequiel Tovar","24064",678662
"Henry Bolte","ATH",9,39,35,9,6,2,0,1,4,4,3,0,12,1,0,0,,2,0,0.255247,0.0728057,0.310791,0.234259,0.323906,0.384458,0.315169,0.708364,0.12921,6.02134,0.36397,0.112118,0.152504,4.57055,-0.0479823,92.8878,0.264622,-0.423396,-0.05762535333633423,-0.43265480175614357,0.0899856,999,,,,,,,46.4,5.155555555,46.4,5.155555555,,,,,,,,,,,,,,,,,,,"Henry Bolte","31448",703607
"Carlos Narváez","BAL",5,20,18,4,2,1,0,1,2,2,2,0,6,0,0,0,,0,0,0.206279,0.0878829,0.28917,0.303914,0.287566,0.333943,0.279717,0.621509,0.127664,2.47729,0.272366,-0.0353854,-0.021284,1.76903,-0.595657,78.1534,-0.0566694,0.345241,-0.5634707473218441,0.7341295182704926,0.0889087,443.010009765625,,,,,,,22.7,4.54,22.7,4.54,,,,,,,,,,,,,,,,,,,"Carlos Narvaez","19722",665966
"Spencer Torkelson","DET",10,43,37,8,5,2,0,2,5,5,5,0,12,0,0,0,,0,0,0.226044,0.105534,0.275367,0.38325,0.314577,0.420644,0.321781,0.735221,0.1946,2.20436,0.2751,-0.0452283,-0.0529861,5.24582,0.175697,104.544,-0.0982144,0.000969739,0.12780874222517014,-0.7653882791637443,0.0886908,188.35000610351562,,,,,,,47.4,4.74,47.4,4.74,,,,,,,,,,,,,,,,,,,"Spencer Torkelson","27465",679529
"Teoscar Hernández","LAD",11,48,44,11,7,2,0,2,6,7,3,0,13,0,0,0,,0,0,0.254002,0.0693537,0.262805,0.263899,0.311053,0.440834,0.326252,0.751887,0.186832,3.66071,0.308893,-0.0765847,-0.0105052,6.11077,0.373531,105.339,-0.0870899,-0.322923,0.22488896548748016,-0.9287870526313782,0.0886114,125.41999816894531,,,,,,,51.2,4.654545454,51.2,4.654545454,,,,,,,,,,,,,,,,,,,"Teoscar Hernandez","13066",606192
"Andy Pages","LAD",2,8,8,2,1,0,0,0,1,1,1,0,2,0,0,0,,0,0,0.2634,0.0678276,0.21122,0.321123,0.317227,0.47273,0.341255,0.789956,0.209329,3.71043,0.295217,-0.00106092,-0.0114668,1.16811,0.167428,115.374,-0.0125278,0.42145,0.14416437316685915,0.45154302939772606,0.0884414,133.4199981689453,,,,,,,6.2,3.1,6.2,3.1,,,,,,,,,,,,,,,,,,,"Andy Pages","24816",681624
"Ryan Kreidler","MIN",5,21,18,4,3,1,0,0,2,2,2,0,6,0,0,0,,1,0,0.209348,0.0903729,0.295213,0.306128,0.287636,0.333234,0.279435,0.62087,0.123886,5.16156,0.283735,-0.000196415,0.0483631,1.84185,-0.626503,75.8226,0.0481666,0.564301,-0.5372905619442463,0.6545787900686264,0.0866246,999,,,,,,,15.2,3.04,15.2,3.04,,,,,,,,,,,,,,,,,,,"Ryan Kreidler","25867",668952
"Jake Mangum","PIT",10,41,39,11,8,2,0,0,5,4,2,0,7,1,0,0,,2,1,0.273399,0.0490617,0.174659,0.280899,0.319175,0.362267,0.303049,0.681441,0.0888677,5.27435,0.326466,0.0862378,0.067638,4.4685,-0.457939,86.264,0.153876,0.437499,-0.5353369414806366,0.030091851949691772,0.0861631,672.4199829101562,,,,,,,38.4,3.84,38.4,3.84,,,,,,,,,,,,,,,,,,,"Jake Mangum","26202",663968
"Jordan Lawlar","ARI",7,29,26,6,4,1,0,1,4,3,2,0,8,1,0,0,,1,0,0.236589,0.0774198,0.27213,0.284496,0.308554,0.382489,0.306207,0.691042,0.145899,5.52328,0.308289,0.0599266,0.0608111,3.20214,-0.246365,91.0049,0.120738,-0.0112718,-0.19519619643688202,0.09243188705295324,0.0858023,261.6499938964844,,,,,,,30.8,4.4,30.8,4.4,,,,,,,,,,,,,,,,,,,"Jordan Lawlar","29976",691783
"Jake Rogers","CHW",4,15,14,3,2,1,0,1,2,2,1,0,4,0,0,0,,0,0,0.205161,0.093676,0.284264,0.329539,0.282787,0.369806,0.288966,0.652593,0.164644,3.14459,0.256322,-0.0135872,-0.016565,1.48419,-0.34563,82.696,-0.0301522,0.315502,-0.34077547304332256,0.6164282858371735,0.0833854,999,,,,,,,18.1,4.525,18.1,4.525,,,,,,,,,,,,,,,,,,,"Jake Rogers","19452",668670
"Joc Pederson","TEX",8,33,28,7,4,1,0,1,4,4,4,0,7,1,0,0,,0,0,0.229906,0.110184,0.228388,0.482441,0.32897,0.427812,0.332903,0.756782,0.197906,2.7614,0.258211,-0.0530184,-0.0384575,4.30794,0.42837,115.026,-0.091476,0,0.4804045930504799,-0.8166666626930237,0.0832649,999,,,,,,,38.5,4.8125,38.5,4.8125,,,,,,,,,,,,,,,,,,,"Joc Pederson","11899",592626
"Luis García Jr.","NYY",9,37,35,9,6,2,0,2,5,5,2,0,6,0,0,0,,1,0,0.267987,0.0545546,0.160582,0.339731,0.307996,0.457035,0.330325,0.765031,0.189048,4.41028,0.28287,-0.0230162,0.012597,4.81183,0.40883,111.255,-0.0104193,-0.303395,0.47572887782007456,-0.973456859588623,0.0827055,261.8500061035156,,,,,,,47.9,5.322222222,47.9,5.322222222,,,,,,,,,,,,,,,,,,,"Luis Garcia Jr.","20391",671277
"Miguel Rojas","LAD",4,19,18,4,3,1,0,0,2,2,1,0,3,0,0,0,,0,0,0.254041,0.0690224,0.135756,0.508428,0.308161,0.38467,0.305466,0.69283,0.130629,3.42079,0.276395,-0.0181801,-0.0166955,2.09472,-0.173494,91.4366,-0.0348756,0.342958,-0.23270408809185028,0.4191925674676895,0.0822459,999,,,,,,,10.3,2.575,10.3,2.575,,,,,,,,,,,,,,,,,,,"Miguel Rojas","7802",500743
"Dane Myers","CIN",7,32,29,7,5,1,0,1,4,3,3,0,8,0,0,0,,1,0,0.234007,0.0822031,0.255403,0.321856,0.30571,0.354113,0.295427,0.659823,0.120106,4.77008,0.298782,0.0351136,0.0627496,3.25169,-0.5509,82.421,0.0978632,0.226086,-0.5829575285315514,0.3404381573200226,0.0814874,999,,,,,,,33.4,4.771428571,33.4,4.771428571,,,,,,,,,,,,,,,,,,,"Dane Myers","22054",667472
"TJ Friedl","CIN",7,30,26,6,4,1,0,1,3,3,3,0,6,1,0,0,,1,0,0.224221,0.0966964,0.18999,0.508955,0.316096,0.344728,0.299258,0.660823,0.120507,4.39123,0.260695,0.0189615,0.0186057,3.11576,-0.419983,84.9829,0.0375672,0.539283,-0.5032192841172218,0.33264753222465515,0.0813488,265.1499938964844,,,,,,,33.8,4.828571428,33.8,4.828571428,,,,,,,,,,,,,,,,,,,"TJ Friedl","19522",670770
"Josh Smith","TOR",6,26,23,6,4,1,0,1,3,2,3,0,5,1,0,0,,1,0,0.240711,0.097248,0.189256,0.513844,0.332065,0.365951,0.313971,0.698016,0.12524,4.73747,0.282748,0.000809623,0.0318441,3.08234,-0.058263,100.563,0.0326538,-0.0832949,0.049993136897683144,-0.185146726667881,0.0813279,428.9100036621094,,,,,,,36.8,6.133333333,36.8,6.133333333,,,,,,,,,,,,,,,,,,,"Josh Smith","26396",669701
"Jac Caglianone","KCR",10,44,40,10,6,2,0,2,5,6,3,0,10,1,0,0,,0,0,0.254111,0.0710028,0.235322,0.301726,0.314422,0.440815,0.328074,0.755237,0.186703,3.41482,0.298131,-0.00268838,-0.0155326,5.57374,0.400989,107.05,-0.018221,-0.590879,0.3395244162529707,-1.083472102880478,0.080992,164.58999633789062,,,,,,,52.6,5.26,52.6,5.26,,,,,,,,,,,,,,,,,,,"Jac Caglianone","35041",695506
"Christian Yelich","MIL",9,38,33,8,6,2,0,1,5,5,4,0,9,0,0,0,,1,0,0.253322,0.107156,0.242039,0.44272,0.341066,0.401582,0.327232,0.742648,0.14826,4.59545,0.31698,0.0819718,0.0660318,4.81808,0.322706,106.803,0.148004,0.010373,0.4594682455062866,-0.9137010322883725,0.0793149,127.22000122070312,,,,,,,40.9,4.544444444,40.9,4.544444444,,,,,,,,,,,,,,,,,,,"Christian Yelich","11477",592885
"Isaac Collins","KCR",9,40,35,8,5,2,0,1,4,4,5,0,9,1,0,0,,1,0,0.233224,0.111406,0.226196,0.49252,0.32681,0.365584,0.310194,0.692394,0.13236,5.81954,0.293966,-0.0212446,0.00685418,4.59059,-0.212687,94.6342,-0.0143904,0.0373516,-0.2672325558960438,-0.3885742723941803,0.0787624,666.1699829101562,,,,,,,44.9,4.988888888,44.9,4.988888888,,,,,,,,,,,,,,,,,,,"Isaac Collins","25477",686555
"Christian Encarnacion-Strand","BAL",10,41,39,9,5,2,0,2,4,6,2,0,11,1,0,0,,0,0,0.227855,0.0496466,0.272448,0.182224,0.275886,0.411321,0.298615,0.687207,0.183465,2.46698,0.273906,-0.0441624,-0.0452668,4.31969,-0.606748,91.2759,-0.0894292,-0.0704469,-0.5110608041286469,-0.18526174128055573,0.0783744,999,,,,,,,45,4.5,45,4.5,,,,,,,,,,,,,,,,,,,"Christian Encarnacion-Strand","30011",687952
"Nolan Schanuel","LAA",9,41,36,10,7,2,0,1,5,4,4,0,6,1,0,0,,0,0,0.266672,0.104217,0.138573,0.752069,0.354773,0.380415,0.329799,0.735188,0.113743,2.77317,0.297597,-0.0991132,-0.0433312,5.30475,0.434766,111.421,-0.142444,-0.340746,0.40320611000061035,-1.0850358605384827,0.0781381,594.6599731445312,,,,,,,50.2,5.577777777,50.2,5.577777777,,,,,,,,,,,,,,,,,,,"Nolan Schanuel","33189",694384
"Nick Loftin","KCR",6,25,22,5,4,1,0,0,3,3,2,0,4,0,0,0,,0,0,0.237517,0.0942414,0.160917,0.585654,0.318971,0.353406,0.302265,0.672377,0.11589,3.92217,0.271003,-0.0117789,-0.00348194,2.66532,-0.290541,89.1284,-0.0152609,0.337427,-0.3305129213258624,0.21520443260669708,0.0777522,999,,,,,,,14.9,2.483333333,14.9,2.483333333,,,,,,,,,,,,,,,,,,,"Nick Loftin","27630",679845
"Donovan Walton","ATH",7,32,28,7,5,1,0,1,3,3,3,0,5,0,0,1,,0,0,0.236521,0.0834636,0.164505,0.507362,0.312777,0.354398,0.298788,0.667175,0.117877,2.39048,0.267718,-0.0463721,-0.0472136,3.35225,-0.465736,81.5123,-0.0935856,0.234625,-0.786047674715519,0.41240251064300537,0.0776036,999,,,,,,,32.5,4.642857142,32.5,4.642857142,,,,,,,,,,,,,,,,,,,"Donovan Walton","19314",622268
"Jake Bauers","MIL",10,41,35,8,5,2,0,2,5,5,5,0,11,0,0,0,,1,0,0.228519,0.130091,0.275284,0.472572,0.337037,0.410575,0.331207,0.747612,0.182056,4.25314,0.288327,-0.0219592,0.0188611,5.41346,0.487029,109.461,-0.00309809,-0.435842,0.4716117500793189,-1.0617677569389343,0.0775375,999,,,,,,,51.3,5.13,51.3,5.13,,,,,,,,,,,,,,,,,,,"Jake Bauers","15194",641343
"Henry Davis","PIT",7,27,24,5,3,1,0,1,3,3,2,0,6,1,0,0,,0,0,0.214904,0.0826864,0.244788,0.337787,0.294688,0.359857,0.291863,0.654545,0.144953,4.12816,0.261538,-0.0272869,0.0159347,2.61957,-0.533344,78.782,-0.0113522,0.0701672,-0.6927118748426437,0.5886856839060783,0.0774248,999,,,,,,,25.3,3.614285714,25.3,3.614285714,,,,,,,,,,,,,,,,,,,"Henry Davis","29617",680779
"Hao-Yu Lee","DET",4,16,15,4,3,1,0,0,2,2,1,0,4,0,0,0,,0,0,0.250096,0.0745034,0.219201,0.339887,0.308974,0.375424,0.302653,0.684398,0.125328,4.36666,0.305948,-0.0102507,-0.00467267,1.74959,-0.185058,91.2613,-0.0149234,0.297614,-0.18077813368290663,0.35579299181699753,0.0763352,999,,,,,,,13.3,3.325,13.3,3.325,,,,,,,,,,,,,,,,,,,"Hao-Yu Lee","30080",701678
"Zack Gelof","ATH",10,45,40,9,6,2,0,2,6,5,4,0,14,0,0,0,,1,0,0.232982,0.0799156,0.305914,0.261236,0.300022,0.401411,0.308391,0.701433,0.16843,4.78656,0.309284,0.0948732,0.0393986,4.99636,-0.299555,88.181,0.134272,-0.204813,-0.47977352142333984,-0.34925730526447296,0.0760766,999,,,,,,,48.9,4.89,48.9,4.89,,,,,,,,,,,,,,,,,,,"Zack Gelof","29766",680869
"John Peck","DET",8,33,29,7,4,1,0,1,4,3,3,0,8,0,0,0,,1,0,0.22361,0.0788512,0.24698,0.319262,0.293184,0.354221,0.287949,0.647405,0.130611,4.54709,0.278682,0,-0.00405798,3.11162,-0.757686,81.051,-0.00405798,0,-0.7233375650830567,0.31697532534599304,0.0758333,999,,,,,,,33.4,4.175,33.4,4.175,,,,,,,,,,,,,,,,,,,"John Peck","33500",807726
"Bo Naylor","MIL",0,1,1,0,0,0,0,0,0,0,0,0,0,0,0,0,,0,0,0.198674,0.0959587,0.271899,0.35292,0.278182,0.363469,0.28387,0.64165,0.164795,2.84656,0.241402,-0.00137482,-0.000992023,0.131138,-0.0377683,77.8001,-0.00236685,0.70132,-0.04055751767009497,0.7290978897362947,0.0746584,574.2899780273438,,,,,,,-1,,-1,,,,,,,,,,,,,,,,,,,,"Bo Naylor","21865",666310
"LaMonte Wade Jr.","HOU",4,17,14,3,2,1,0,0,2,2,2,0,4,0,0,0,,0,0,0.216865,0.134266,0.239344,0.560974,0.329136,0.350566,0.307409,0.679702,0.133701,2.58811,0.269482,-0.0457285,-0.0220466,1.84593,-0.124639,96.3671,-0.0677751,0.463414,-0.1380055546760559,0.27452485263347626,0.0735119,999,,,,,,,11.7,2.925,11.7,2.925,,,,,,,,,,,,,,,,,,,"LaMonte Wade Jr.","18126",664774
"Tyler Tolbert","KCR",5,20,18,4,3,1,0,0,3,2,1,0,5,0,0,0,,2,0,0.225487,0.065539,0.234611,0.279352,0.290818,0.332389,0.279155,0.623206,0.106902,7.65209,0.286291,0.108915,0.310786,1.78747,-0.614166,73.0803,0.419701,0.170092,-0.21454265713691711,0.21268483251333237,0.0725021,999,,,,,,,14.1,2.82,14.1,2.82,,,,,,,,,,,,,,,,,,,"Tyler Tolbert","25779",686475
"Jacob Melton","TBR",1,3,3,1,0,0,0,0,1,0,0,0,1,0,0,0,,0,0,0.212358,0.0719643,0.298589,0.241014,0.271444,0.302798,0.2586,0.574242,0.0904399,6.17663,0.293641,0.0130313,0.00649234,0.241865,-0.158408,60.6586,0.0195236,0.726155,-0.1349608190357685,0.7141178268939257,0.0709481,727.5700073242188,,,,,,,2.6,2.6,2.6,2.6,,,,,,,,,,,,,,,,,,,"Jacob Melton","31661",689200
"Eduardo Valencia","DET",5,20,19,4,3,1,0,1,2,3,1,0,5,0,0,0,,0,0,0.241622,0.0660431,0.235319,0.280653,0.294529,0.411254,0.307521,0.705783,0.169631,2.23165,0.280664,-0.0247198,-0.0252167,2.24263,-0.149478,94.6421,-0.0499365,0.0883708,-0.17567086219787598,0.16059306263923645,0.0708707,999,,,,,,,18.7,3.74,18.7,3.74,,,,,,,,,,,,,,,,,,,"Eduardo Valencia","24574",680664
"José Fermín","STL",5,22,19,5,3,1,0,0,2,2,2,0,3,0,0,0,,1,0,0.245696,0.0941639,0.137178,0.686438,0.328748,0.3632,0.310731,0.691948,0.117504,4.51765,0.272609,0.00955876,0.0326413,2.48131,-0.105064,96.5094,0.0422,-0.0549186,-0.04975086823105812,0.019155461341142654,0.0690731,999,,,,,,,19.8,3.96,19.8,3.96,,,,,,,,,,,,,,,,,,,"Jose Fermin","21746",665877
"Emmanuel Rodriguez","MIN",7,31,27,6,4,1,0,1,5,3,4,0,10,0,0,0,,0,0,0.213421,0.138536,0.322283,0.429858,0.327702,0.346359,0.306096,0.674061,0.132938,5.22788,0.311611,0.0373534,0.00469691,3.46617,-0.26971,94.336,0.0420503,0,-0.1655358150601387,-0.2728395164012909,0.0685429,748.52001953125,,,,,,,30.9,4.414285714,30.9,4.414285714,,,,,,,,,,,,,,,,,,,"Emmanuel Rodriguez","28084",691181
"Cedric Mullins","TBR",9,40,36,8,5,2,0,1,5,4,4,0,9,0,0,0,,2,0,0.217777,0.0897889,0.216579,0.414577,0.294853,0.368893,0.294118,0.663746,0.151116,5.33067,0.250584,0.0616075,0.0880121,4.06454,-0.73873,85.322,0.14962,-0.359494,-0.5420241802930832,-0.2150498777627945,0.0684753,321.5,,,,,,,39.8,4.422222222,39.8,4.422222222,,,,,,,,,,,,,,,,,,,"Cedric Mullins","17929",656775
"Christian Koss","SFG",10,43,40,9,7,2,0,1,5,4,2,0,10,1,0,1,,1,0,0.230325,0.0485917,0.237937,0.204221,0.277015,0.326164,0.26864,0.603179,0.0958395,4.53997,0.293904,0.0157243,-0.013858,3.438,-1.67317,68.9512,0.00186626,0.410815,-1.6144476773915812,0.8719265162944794,0.0672155,999,,,,,,,36.5,3.65,36.5,3.65,,,,,,,,,,,,,,,,,,,"Christian Koss","27653",683766
"Nasim Nuñez","WSN",6,27,24,5,4,1,0,0,3,2,3,0,6,0,0,0,,2,0,0.22294,0.0949965,0.218839,0.434093,0.298944,0.283291,0.267345,0.582235,0.0603512,6.16754,0.287277,0.157637,0.182613,2.1359,-1.08167,63.7073,0.34025,0.379927,-0.8490962386131287,0.6192784607410431,0.066451,583.0999755859375,,,,,,,19.7,3.283333333,19.7,3.283333333,,,,,,,,,,,,,,,,,,,"Nasim Nunez","25979",683083
"Jonah Heim","ATH",8,31,28,6,4,1,0,1,3,4,2,0,6,0,0,0,,0,0,0.224494,0.071148,0.195839,0.363299,0.281036,0.375301,0.288879,0.656336,0.150807,1.8746,0.249085,-0.064449,-0.0358141,2.93767,-0.686782,74.6316,-0.100263,0.0606773,-1.0022781863808632,0.5754921324551105,0.0663474,999,,,,,,,23.9,2.9875,23.9,2.9875,,,,,,,,,,,,,,,,,,,"Jonah Heim","16930",641680
"Esteury Ruiz","MIA",10,41,37,8,6,2,0,1,6,4,3,0,11,1,0,0,,4,1,0.223828,0.0834929,0.260643,0.320335,0.308008,0.348338,0.295587,0.656345,0.12451,7.24034,0.291154,0.271559,0.390851,4.21807,-0.708365,83.2337,0.66241,-0.16812,-0.17884677648544312,-0.523675337433815,0.066123,748.530029296875,,,,,,,39.8,3.98,39.8,3.98,,,,,,,,,,,,,,,,,,,"Esteury Ruiz","21780",665923
"Matt Shaw","CHC",4,18,16,4,3,1,0,0,2,2,2,0,4,0,0,0,,1,0,0.241291,0.087207,0.1997,0.436689,0.318866,0.38907,0.314222,0.707935,0.147779,5.75852,0.280973,0.0224963,0.0445325,2.11901,-0.0363065,99.0485,0.0670288,0.0540047,0.046141454949975014,0.011412102729082108,0.0659974,336.67999267578125,,,,,,,17.2,4.3,17.2,4.3,,,,,,,,,,,,,,,,,,,"Matt Shaw","33322",807713
"Coby Mayo","BAL",8,34,30,7,4,1,0,1,4,4,3,0,10,0,0,0,,0,0,0.222118,0.0835836,0.295691,0.282672,0.298158,0.40479,0.309224,0.702947,0.182671,3.37254,0.281502,-0.00587971,-0.0292828,3.79904,-0.203685,98.6432,-0.0351625,-0.00677755,-0.08844013884663582,-0.4604812511242926,0.0653899,459.1600036621094,,,,,,,30.5,3.8125,30.5,3.8125,,,,,,,,,,,,,,,,,,,"Coby Mayo","28312",691723
"A.J. Ewing","NYM",11,47,42,9,6,2,0,1,5,5,4,0,12,1,0,0,,1,0,0.22361,0.0788512,0.24698,0.319262,0.293184,0.354221,0.287949,0.647405,0.130611,4.54709,0.278682,0,-0.00587707,4.50648,-1.09734,81.3516,-0.00587707,0,-1.0702313734218478,0.16851851344108582,0.064793,999,,,,,,,40.5,3.681818181,40.5,3.681818181,,,,,,,,,,,,,,,,,,,"A.J. Ewing","33656",805999
"Matt McLain","CIN",12,52,46,10,6,2,0,2,6,5,5,0,15,1,0,0,,2,0,0.220963,0.0970078,0.282294,0.343641,0.304327,0.377451,0.30279,0.681778,0.156488,5.23723,0.283549,0.0691166,0.0820733,5.55618,-0.581332,87.3456,0.15119,-0.637179,-0.6398395001888275,-0.4124878942966461,0.0643875,144.3000030517578,,,,,,,56.4,4.7,56.4,4.7,,,,,,,,,,,,,,,,,,,"Matt McLain","29695",680574
"Denzer Guzman","LAA",9,40,37,8,6,2,0,1,4,4,3,0,12,0,0,0,,1,0,0.227023,0.0682674,0.29375,0.232399,0.28735,0.361797,0.28792,0.649147,0.134774,3.80239,0.30349,-0.0188889,0.0070852,3.86174,-0.941533,82.3399,-0.0118037,-0.11291,-0.8439709953963757,0.03153397887945175,0.0628513,999,,,,,,,33.9,3.766666666,33.9,3.766666666,,,,,,,,,,,,,,,,,,,"Denzer Guzman","28816",694203
"Christian Vázquez","HOU",5,21,19,4,3,1,0,1,2,2,1,0,4,0,0,0,,0,0,0.218723,0.0680232,0.200182,0.339807,0.274221,0.336422,0.271216,0.610643,0.117699,2.63849,0.251873,-0.0552513,-0.0235629,1.70981,-0.767481,71.2345,-0.0788143,0.246992,-0.7778958007693291,0.6543994694948196,0.0624355,999,,,,,,,18.7,3.74,18.7,3.74,,,,,,,,,,,,,,,,,,,"Christian Vazquez","9774",543877
"Josh Lowe","LAA",9,41,37,9,6,2,0,1,5,5,3,0,11,0,0,0,,1,0,0.235469,0.080293,0.271211,0.296054,0.298103,0.385247,0.299742,0.68335,0.149778,5.03512,0.301317,0.0841767,0.155794,4.30757,-0.562414,90.549,0.239971,-0.170945,-0.2115585058927536,-0.6263462901115417,0.0622834,297.0899963378906,,,,,,,39.5,4.388888888,39.5,4.388888888,,,,,,,,,,,,,,,,,,,"Josh Lowe","19953",666139
"Moisés Ballesteros","LAA",10,43,39,10,6,2,0,1,4,5,4,0,8,0,0,0,,0,0,0.248484,0.0826558,0.19386,0.426369,0.311836,0.399916,0.311783,0.711752,0.151432,2.48286,0.281583,-0.0592443,-0.0422561,4.90233,-0.1697,98.9104,-0.1015,-0.211682,-0.15571561083197594,-0.7453239262104034,0.0619852,594.3599853515625,,,,,,,44.2,4.42,44.2,4.42,,,,,,,,,,,,,,,,,,,"Moises Ballesteros","28820",694208
"Daylen Lile","WSN",10,43,39,10,7,2,0,1,5,5,3,0,8,0,0,0,,1,0,0.259204,0.0658546,0.181013,0.363812,0.313833,0.418212,0.318769,0.732045,0.159007,5.76711,0.294332,0.0578703,-0.0211944,5.1522,0.0718152,98.1023,0.0366759,-0.205932,-0.061516646295785904,-0.7321664243936539,0.061159,206.50999450683594,,,,,,,43.1,4.31,43.1,4.31,,,,,,,,,,,,,,,,,,,"Daylen Lile","29995",695734
"Trevor Larnach","MIN",6,28,25,6,4,1,0,1,3,3,3,0,6,0,0,0,,0,0,0.247355,0.102579,0.216966,0.472791,0.326856,0.398197,0.320687,0.725053,0.150842,2.87438,0.294681,-0.0361172,-0.0393068,3.42632,0.0907159,104.467,-0.075424,-0.147083,0.0707598626613617,-0.46405838429927826,0.0610068,748.52001953125,,,,,,,29.9,4.983333333,29.9,4.983333333,,,,,,,,,,,,,,,,,,,"Trevor Larnach","21501",663616
"Tristan Gray","MIN",1,2,2,0,0,0,0,0,0,0,0,0,1,0,0,0,,0,0,0.207861,0.0592333,0.29746,0.19913,0.257269,0.295936,0.24763,0.553205,0.0880753,3.5205,0.284342,-0.00251954,-0.00292001,0.141302,-0.125547,53.737,-0.00543955,0.628993,-0.12654904322698712,0.6410304289311171,0.0603397,999,,,,,,,-2,-2,-2,-2,,,,,,,,,,,,,,,,,,,"Tristan Gray","19877",656484
"Pedro Pagés","STL",2,8,7,2,1,0,0,0,1,1,1,0,2,0,0,0,,0,0,0.224499,0.0641656,0.260399,0.246413,0.276909,0.338153,0.272924,0.615062,0.113654,2.5937,0.289132,-0.0118566,-0.00903357,0.671744,-0.285392,71.222,-0.0208902,0.462855,-0.30142940022051334,0.6202619075775146,0.0591001,748.2899780273438,,,,,,,7.2,3.6,7.2,3.6,,,,,,,,,,,,,,,,,,,"Pedro Pages","25782",686780
"Kyle Isbel","KCR",8,35,31,7,5,2,0,1,4,3,2,0,7,0,0,1,,1,0,0.232887,0.0600636,0.202399,0.296759,0.288793,0.354232,0.284896,0.643025,0.121345,5.8823,0.282426,0.0535956,0.015668,3.23216,-0.89373,77.0673,0.0692636,0.0780588,-0.8589583858847618,0.20213285833597183,0.0581564,999,,,,,,,31.3,3.9125,31.3,3.9125,,,,,,,,,,,,,,,,,,,"Kyle Isbel","21614",664728
"Lars Nootbaar","ARI",9,40,35,9,6,2,0,1,5,4,5,0,8,0,0,0,,0,0,0.24813,0.126568,0.195534,0.647291,0.344881,0.406075,0.332774,0.750956,0.157945,3.73496,0.288302,-0.0195683,-0.0169422,5.26108,0.519391,108.774,-0.0365105,-0.425735,0.3872237913310528,-1.1201794147491455,0.0578756,745.989990234375,,,,,,,45.6,5.066666666,45.6,5.066666666,,,,,,,,,,,,,,,,,,,"Lars Nootbaar","21454",663457
"Jonny DeLuca","TBR",6,25,23,5,4,1,0,1,3,3,1,0,5,0,0,0,,1,0,0.233114,0.0595997,0.211459,0.28185,0.283781,0.361816,0.284841,0.645596,0.128702,5.89372,0.277669,0.0537395,0.0701923,2.29839,-0.636942,78.8804,0.123932,0.277769,-0.4842357933521271,0.17344782501459122,0.0572734,999,,,,,,,22.2,3.7,22.2,3.7,,,,,,,,,,,,,,,,,,,"Jonny DeLuca","26365",676356
"Zach McKinstry","DET",6,24,22,5,3,1,0,0,3,2,2,0,5,0,0,0,,1,0,0.229017,0.0895767,0.20139,0.444792,0.307879,0.35494,0.296058,0.662819,0.125923,6.24923,0.276972,0.0313237,0.0120146,2.46535,-0.403274,86.6817,0.0433383,0.27622,-0.3314620777964592,0.029460877180099487,0.0561468,510.30999755859375,,,,,,,16.8,2.8,16.8,2.8,,,,,,,,,,,,,,,,,,,"Zach McKinstry","19392",656716
"Braden Montgomery","CHW",11,49,44,11,7,2,0,1,6,5,4,0,12,1,0,0,,1,0,0.240817,0.0881637,0.255268,0.345377,0.314477,0.380058,0.307521,0.694535,0.139241,4.88562,0.310523,-0.0543365,-0.0719001,5.44128,-0.362677,95.5805,-0.126237,-0.275393,-0.377874955534935,-0.799004077911377,0.0561178,999,,,,,,,49.7,4.518181818,49.7,4.518181818,,,,,,,,,,,,,,,,,,,"Braden Montgomery","35423",695731
"Jose Siri","LAA",7,29,26,6,3,1,0,1,4,3,2,0,10,0,0,0,,1,0,0.214643,0.0664709,0.360302,0.184486,0.278572,0.390127,0.293528,0.668699,0.175483,5.86265,0.303828,0.0458497,0.0879351,2.86538,-0.536938,86.2341,0.133785,0.0103465,-0.3256855010986328,-0.13610407710075378,0.0560684,999,,,,,,,27.8,3.971428571,27.8,3.971428571,,,,,,,,,,,,,,,,,,,"Jose Siri","17452",642350
"Kameron Misner","PHI",0,1,0,0,0,0,0,0,0,0,0,0,0,0,0,0,,0,0,0.0597664,0.0403803,0.388641,0.103901,0.0993185,0.146721,0.111769,0.24604,0.0869546,5.41887,0.0709225,0,0.00145034,-0.0243856,-0.085966,-41.7468,0.00145034,0.617619,-0.08745250396896154,0.619470591424033,0.055763,999,,,,,,,0,,0,,,,,,,,,,,,,,,,,,,,"Kameron Misner","26374",670224
"Tyrone Taylor","CHC",3,15,14,3,2,1,0,0,2,2,1,0,3,0,0,0,,0,0,0.236656,0.0564851,0.218551,0.258452,0.298075,0.39506,0.304848,0.693135,0.158404,5.78317,0.280667,0.0204642,0.0414836,1.64172,-0.144115,92.7791,0.0619479,0.255833,-0.06939113885164261,0.11694398522377014,0.0546699,999,,,,,,,8.7,2.9,8.7,2.9,,,,,,,,,,,,,,,,,,,"Tyrone Taylor","13675",621438
"Richie Palacios","TBR",8,34,30,7,5,1,0,1,4,3,3,0,7,0,0,0,,1,0,0.221388,0.103104,0.195576,0.527184,0.310511,0.326612,0.289071,0.637123,0.105224,5.07117,0.264051,0.0408787,0.0693786,3.24951,-0.753217,81.8176,0.110257,-0.157507,-0.6037218123674393,-0.053185999393463135,0.0544203,999,,,,,,,32.4,4.05,32.4,4.05,,,,,,,,,,,,,,,,,,,"Richie Palacios","24589",680700
"Harry Ford","WSN",4,16,14,3,2,1,0,0,2,2,2,0,4,0,0,0,,0,0,0.220507,0.10382,0.254797,0.407463,0.314992,0.351968,0.299655,0.666959,0.13146,4.14121,0.27673,-0.00951322,0.00790337,1.68793,-0.221653,85.3178,-0.00160986,-0.0168196,-0.2871642942773178,0.29722362384200096,0.0543147,725.52001953125,,,,,,,11.7,2.925,11.7,2.925,,,,,,,,,,,,,,,,,,,"Harry Ford","29958",695670
"Tyler Heineman","LAA",5,20,18,4,3,1,0,0,2,2,1,0,4,1,0,0,,0,0,0.211896,0.0659071,0.200571,0.328598,0.284418,0.286955,0.261313,0.571374,0.075059,3.66127,0.260849,-0.02151,-0.016369,1.48132,-0.89744,63.864,-0.037879,0.311115,-0.8811570294201374,0.7023182809352875,0.0538315,999,,,,,,,13.3,2.66,13.3,2.66,,,,,,,,,,,,,,,,,,,"Tyler Heineman","13897",623168
"Jordan Walker","STL",11,49,45,12,7,2,0,2,6,6,4,0,13,0,0,0,,1,0,0.257606,0.0730327,0.254078,0.287442,0.316975,0.426295,0.324301,0.74327,0.168689,4.51791,0.31769,0.0282691,0.00746595,6.15328,0.303141,105.585,0.0357351,-0.904453,0.3685375638306141,-1.4470452666282654,0.0537079,511.7200012207031,,,,,,,60.7,5.518181818,60.7,5.518181818,,,,,,,,,,,,,,,,,,,"Jordan Walker","27475",691023
"Brock Rodden","SEA",4,19,17,4,3,1,0,0,2,2,1,0,5,0,0,0,,0,0,0.22361,0.0788512,0.24698,0.319262,0.293184,0.354221,0.287949,0.647405,0.130611,4.54709,0.278682,0,-0.002325,1.78278,-0.434112,88.8493,-0.002325,0,-0.24483303586021066,0.10740740597248077,0.053139,999,,,,,,,11.3,2.825,11.3,2.825,,,,,,,,,,,,,,,,,,,"Brock Rodden","33191",801126
"Victor Mesa Jr.","TBR",7,29,26,6,4,1,0,1,3,3,2,0,6,0,0,0,,0,0,0.22846,0.0733503,0.213259,0.343949,0.287448,0.390832,0.297741,0.678279,0.162372,4.34205,0.260769,0.00702363,0.00265993,2.96304,-0.439282,87.8382,0.00968355,0.183697,-0.3962455363944173,-0.09917309880256653,0.0526522,999,,,,,,,25.9,3.7,25.9,3.7,,,,,,,,,,,,,,,,,,,"Victor Mesa Jr.","25999",683748
"Nolan Gorman","STL",7,30,27,5,3,1,0,1,3,4,3,0,10,0,0,0,,0,0,0.204175,0.102982,0.328095,0.313877,0.287435,0.371695,0.291427,0.65913,0.16752,2.30519,0.273388,-0.083498,-0.0304735,2.9569,-0.614769,83.598,-0.113971,0.277438,-0.7106314525008202,0.24410516396164894,0.0522872,653.1400146484375,,,,,,,22.3,3.185714285,22.3,3.185714285,,,,,,,,,,,,,,,,,,,"Nolan Gorman","22263",669357
"Jhonny Pereda","SEA",2,9,9,2,2,0,0,0,1,1,1,0,2,0,0,0,,0,0,0.246479,0.089339,0.222289,0.401904,0.31636,0.343079,0.295899,0.659439,0.0966002,2.07076,0.312701,-0.0178393,-0.014405,0.966528,-0.159514,94.3702,-0.0322443,0.0819631,-0.09443538263440132,0.2671482786536217,0.051627,999,,,,,,,5.2,2.6,5.2,2.6,,,,,,,,,,,,,,,,,,,"Jhonny Pereda","19802",640902
"Dylan Beavers","BAL",9,37,33,8,5,2,0,1,4,4,4,0,9,0,0,0,,1,0,0.233451,0.107221,0.247558,0.433113,0.317888,0.387234,0.312855,0.705121,0.153783,4.61652,0.290479,0.00940138,0.0111328,4.25786,-0.114354,101.164,0.0205342,-0.437306,0.07047144137322903,-0.8687877953052521,0.0512387,505.0400085449219,,,,,,,40.9,4.544444444,40.9,4.544444444,,,,,,,,,,,,,,,,,,,"Dylan Beavers","31695",687637
"Taylor Walls","TBR",5,22,20,4,3,1,0,0,3,2,2,0,5,0,0,0,,1,0,0.208222,0.0968918,0.240239,0.403314,0.285177,0.297776,0.264561,0.582953,0.0895536,5.77297,0.267332,0.0748534,0.079592,1.72079,-0.947697,64.7978,0.154445,0.235133,-0.7670929431915283,0.4758738726377487,0.0511845,999,,,,,,,13.2,2.64,13.2,2.64,,,,,,,,,,,,,,,,,,,"Taylor Walls","22458",670764
"Brandon Lockridge","MIL",1,4,4,1,1,0,0,0,1,0,0,0,1,0,0,0,,0,0,0.227381,0.0878452,0.254491,0.34518,0.297738,0.284249,0.266372,0.581986,0.0568674,5.46258,0.308304,0.0112353,0.00611137,0.323761,-0.168882,66.0962,0.0173467,0.522946,-0.15276755951344967,0.5155383539386094,0.0506004,999,,,,,,,1.6,1.6,1.6,1.6,,,,,,,,,,,,,,,,,,,"Brandon Lockridge","21496",663604
"Connor Wong","BOS",4,15,13,3,2,1,0,0,2,1,1,0,4,0,0,0,,0,0,0.231484,0.0722345,0.245687,0.29401,0.291907,0.367264,0.29191,0.659171,0.13578,3.64943,0.286949,-0.0209007,-0.0147615,1.45068,-0.294682,81.7134,-0.0356622,0.0390858,-0.3487740084528923,0.32612284272909164,0.0505264,999,,,,,,,9.7,2.425,9.7,2.425,,,,,,,,,,,,,,,,,,,"Connor Wong","19896",657136
"Alika Williams","ATH",9,41,37,9,7,2,0,1,4,4,2,0,9,0,0,1,,0,0,0.24511,0.0536758,0.208844,0.257014,0.294992,0.348214,0.286133,0.643206,0.103103,2.8987,0.302156,-0.0569286,-0.0466827,3.85204,-1.01281,72.7251,-0.103611,0.0149241,-1.405316062271595,0.450109263882041,0.0502121,999,,,,,,,34.6,3.844444444,34.6,3.844444444,,,,,,,,,,,,,,,,,,,"Alika Williams","27604",675961
"Tanner Murray","CHW",0,2,2,0,0,0,0,0,0,0,0,0,0,0,0,0,,0,0,0.242643,0.0469715,0.229171,0.204963,0.281218,0.347847,0.277337,0.629065,0.105204,3.23327,0.302945,-0.000524895,-0.00111938,0.146478,-0.0536584,74.6206,-0.00164428,0.47277,-0.05147374887019396,0.48280048184096813,0.0498733,999,,,,,,,-2,,-2,,,,,,,,,,,,,,,,,,,,"Tanner Murray","28848",695020
"Miguel Amaya","CHC",6,24,22,5,3,1,0,1,3,3,2,0,6,1,0,0,,0,0,0.22503,0.0793706,0.228363,0.347564,0.30236,0.359911,0.296096,0.662271,0.13488,2.72632,0.272701,-0.0559962,-0.0255959,2.47756,-0.404407,86.9249,-0.0815921,-0.273959,-0.4653810039162636,0.15381869673728943,0.0487807,745.969970703125,,,,,,,27.3,4.55,27.3,4.55,,,,,,,,,,,,,,,,,,,"Miguel Amaya","21693",665804
"Max Muncy","ATH",6,24,22,5,3,1,0,1,3,3,2,0,7,0,0,0,,0,0,0.22984,0.0647815,0.294066,0.220296,0.293203,0.378365,0.297069,0.671569,0.148526,3.19836,0.304045,-0.0244751,-0.027443,2.50733,-0.386947,80.3188,-0.0519182,0.224953,-0.6107375957071781,0.22310120053589344,0.0482243,672.719970703125,,,,,,,24.3,4.05,24.3,4.05,,,,,,,,,,,,,,,,,,,"Max Muncy","29779",691777
"Brooks Lee","MIN",11,49,46,11,8,2,0,1,5,6,3,0,8,0,0,0,,0,0,0.240195,0.0631464,0.168686,0.374343,0.292722,0.380936,0.296237,0.673658,0.140741,3.42993,0.263617,-0.0658089,-0.0408325,5.05252,-0.818152,87.4892,-0.106641,-0.636981,-0.8271693214774132,-0.4524133503437042,0.047704,542.5700073242188,,,,,,,39.8,3.618181818,39.8,3.618181818,,,,,,,,,,,,,,,,,,,"Brooks Lee","31595",686797
"Hunter Goodman","COL",11,46,42,10,6,2,0,2,6,7,3,0,13,0,0,0,,0,0,0.248747,0.0688815,0.278987,0.246898,0.306507,0.480704,0.338106,0.787211,0.231956,3.95104,0.293931,-0.0748486,-0.024748,6.22462,0.792345,100.325,-0.0995965,-1.28521,-0.08159912377595901,-0.94215327501297,0.0476082,67.36000061035156,,,,,,,47.6,4.327272727,47.6,4.327272727,,,,,,,,,,,,,,,,,,,"Hunter Goodman","29715",696100
"Paul Goldschmidt","NYY",4,19,17,4,3,1,0,1,2,2,1,0,4,0,0,0,,0,0,0.249862,0.080479,0.222142,0.362286,0.311834,0.403826,0.313878,0.71566,0.153964,3.12684,0.295518,-0.0368976,-0.0174966,2.15926,-0.0422392,99.8342,-0.0543943,0.222315,-0.05797423259355128,-0.1327771544456482,0.047256,748.3599853515625,,,,,,,20.7,5.175,20.7,5.175,,,,,,,,,,,,,,,,,,,"Paul Goldschmidt","9218",502671
"Spencer Horwitz","PIT",9,38,33,8,6,2,0,1,4,4,4,0,7,0,0,0,,0,0,0.255307,0.10945,0.172534,0.634368,0.343803,0.396446,0.328887,0.740248,0.141138,2.06236,0.290041,-0.0905135,-0.0572714,4.93545,0.378496,103.546,-0.147785,-0.111252,0.016782835125923157,-0.8038448914885521,0.0472235,738.1500244140625,,,,,,,39,4.333333333,39,4.333333333,,,,,,,,,,,,,,,,,,,"Spencer Horwitz","26477",687462
"Elias Díaz","TEX",6,22,20,4,3,1,0,1,2,2,1,0,5,0,0,0,,0,0,0.216358,0.0607417,0.243564,0.249387,0.267329,0.348668,0.271573,0.615997,0.13231,1.86771,0.264046,-0.057201,-0.0226343,1.80479,-0.800946,72.4382,-0.0798352,0.111655,-0.784391924738884,0.4709140434861183,0.047024,999,,,,,,,17.7,2.95,17.7,2.95,,,,,,,,,,,,,,,,,,,"Elias Diaz","11680",553869
"Christian Moore","LAA",8,35,32,7,5,1,0,1,4,3,3,0,11,0,0,0,,1,0,0.220146,0.0935932,0.30325,0.308634,0.296213,0.363383,0.293155,0.659597,0.143237,5.78947,0.30275,-0.00755569,0.0158027,3.52891,-0.673958,85.9751,0.00824699,-0.329996,-0.5700158150866628,-0.21965660154819489,0.0469911,748.3499755859375,,,,,,,30.4,3.8,30.4,3.8,,,,,,,,,,,,,,,,,,,"Christian Moore","34979",695681
"Daniel Schneemann","CLE",3,15,14,3,2,1,0,0,2,2,1,0,4,0,0,0,,0,0,0.221504,0.0943538,0.265072,0.355956,0.296311,0.362625,0.293196,0.658936,0.141121,4.51032,0.281424,-0.00787782,0.0280957,1.49997,-0.285861,86.0443,0.0202179,0.16279,-0.2242772150784731,0.14612346701323986,0.046113,999,,,,,,,8.7,2.9,8.7,2.9,,,,,,,,,,,,,,,,,,,"Daniel Schneemann","25180",682177
"Heriberto Hernández","MIA",10,41,37,9,5,2,0,2,5,5,4,0,11,0,0,0,,1,0,0.231725,0.0988601,0.272487,0.362807,0.31508,0.409661,0.319121,0.724741,0.177936,3.78917,0.289134,-0.0351504,-0.0215142,5.00789,0.0814528,98.9748,-0.0566646,-0.185923,-0.10810409486293793,-0.7933301776647568,0.0459167,999,,,,,,,51.9,5.19,51.9,5.19,,,,,,,,,,,,,,,,,,,"Heriberto Hernandez","24878",681715
"Jorbit Vivas","WSN",5,21,18,4,3,1,0,0,2,2,2,0,3,0,0,0,,0,0,0.232783,0.0958675,0.148597,0.645149,0.317427,0.310401,0.287063,0.627827,0.077618,3.18928,0.270221,-0.011625,-0.0246647,1.98239,-0.50135,76.8957,-0.0362897,0.32035,-0.6207545325160027,0.38146110251545906,0.0450084,999,,,,,,,13.3,2.66,13.3,2.66,,,,,,,,,,,,,,,,,,,"Jorbit Vivas","23917",678391
"Lazaro Montes","SEA",6,26,23,5,3,1,0,1,3,3,2,0,9,0,0,0,,0,0,0.216183,0.096183,0.329914,0.29154,0.295378,0.406159,0.306922,0.701537,0.189975,2.93616,0.286472,-0.0223681,-0.0197508,2.87404,-0.204984,102.024,-0.0421189,-0.00251076,0.01901363953948021,-0.4951033645775169,0.0448304,999,,,,,,,23.3,3.883333333,23.3,3.883333333,,,,,,,,,,,,,,,,,,,"Lazaro Montes","30361",703155
"Jake Fraley","TBR",1,6,5,1,1,0,0,0,1,1,0,0,1,0,0,0,,0,0,0.232359,0.0880346,0.219119,0.401767,0.302892,0.337404,0.287238,0.640297,0.105045,4.35256,0.284078,0.0032794,0.00393491,0.533255,-0.133867,80.5448,0.00721431,0.420142,-0.12011271389201283,0.3599565103650093,0.0445561,999,,,,,,,0.6,0.6,0.6,0.6,,,,,,,,,,,,,,,,,,,"Jake Fraley","19260",641584
"Josh Bell","MIN",11,48,42,10,7,2,0,2,5,6,4,0,9,1,0,0,,0,0,0.244765,0.0919543,0.189814,0.484443,0.320481,0.407743,0.320695,0.728223,0.162978,1.94936,0.271906,-0.160267,-0.0756956,5.82509,0.15456,104.473,-0.235963,-0.151155,0.012892752885818481,-1.264581248164177,0.04448,636.3300170898438,,,,,,,53.6,4.872727272,53.6,4.872727272,,,,,,,,,,,,,,,,,,,"Josh Bell","13145",605137
"Austin Hedges","CLE",4,16,14,3,2,0,0,0,2,1,1,0,4,0,0,0,,0,0,0.209944,0.0826667,0.233297,0.354341,0.279524,0.328619,0.272574,0.608143,0.118674,2.67002,0.254555,-0.0277643,-0.0194976,1.33892,-0.575347,71.7241,-0.0472619,0.121273,-0.5782678984105587,0.43608804047107697,0.0434965,999,,,,,,,5.8,1.45,5.8,1.45,,,,,,,,,,,,,,,,,,,"Austin Hedges","12976",595978
"Luke Maile","KCR",1,2,2,0,0,0,0,0,0,0,0,0,1,0,0,0,,0,0,0.208736,0.0735194,0.287179,0.256005,0.273429,0.306335,0.261521,0.579764,0.0975987,4.01173,0.28512,-0.00253934,-0.000138973,0.175705,-0.105806,60.8358,-0.00267831,0.408586,-0.11083736037835479,0.4548826776444912,0.0434699,999,,,,,,,-2,-2,-2,-2,,,,,,,,,,,,,,,,,,,"Luke Maile","13355",571912
"Javier Báez","DET",7,29,28,6,5,1,0,1,3,3,1,0,7,0,0,0,,0,0,0.235561,0.0383395,0.229334,0.167178,0.27505,0.349355,0.275678,0.624405,0.113794,4.7936,0.289763,0.019352,0.018033,2.49975,-0.969284,72.5302,0.037385,0.325568,-0.8974657617509365,0.28945673257112503,0.0432341,740.6500244140625,,,,,,,20.9,2.985714285,20.9,2.985714285,,,,,,,,,,,,,,,,,,,"Javier Baez","12979",595879
"Oswaldo Cabrera","NYY",0,1,1,0,0,0,0,0,0,0,0,0,0,0,0,0,,0,0,0.315524,0.0494759,0.194967,0.253765,0.349731,0.409216,0.334283,0.758947,0.0936921,1.7598,0.379949,0,-0.00117527,0.0747056,0.00799347,114.004,-0.00117527,0.390415,0.007989692850969732,0.39242163277231157,0.0426945,999,,,,,,,-1,,-1,,,,,,,,,,,,,,,,,,,,"Oswaldo Cabrera","21707",665828
"Jake Cronenworth","SDP",12,50,43,10,7,2,0,1,6,5,5,0,10,1,0,0,,0,0,0.231866,0.103743,0.203369,0.510122,0.327178,0.35369,0.307516,0.680868,0.121824,3.7225,0.278544,-0.0357263,-0.0328337,5.56614,-0.371243,96.6726,-0.0685599,-1.04121,-0.2697737291455269,-0.9469189867377281,0.0421052,738.2999877929688,,,,,,,46.2,3.85,46.2,3.85,,,,,,,,,,,,,,,,,,,"Jake Cronenworth","18036",630105
"Pedro Ramírez","CHC",6,24,22,6,4,1,0,0,3,3,2,0,4,0,0,0,,1,0,0.259357,0.069814,0.181971,0.383655,0.32054,0.363559,0.30404,0.684098,0.104201,5.01752,0.308318,0.0210661,0.0199766,2.64477,-0.249506,92.2383,0.0410427,0.0124434,-0.18775765597820282,-0.19681586232036352,0.0417077,999,,,,,,,22.4,3.733333333,22.4,3.733333333,,,,,,,,,,,,,,,,,,,"Pedro Ramirez","29218",699393
"Ha-Seong Kim","ATL",8,34,30,7,5,1,0,1,4,3,4,0,7,0,0,0,,1,0,0.226521,0.106739,0.192953,0.553185,0.312033,0.343478,0.295049,0.655511,0.116957,4.93056,0.26474,0.0405407,0.074956,3.46503,-0.59928,84.0007,0.115497,-0.524931,-0.5467912256717682,-0.1656719148159027,0.0410527,748.3800048828125,,,,,,,35.4,4.425,35.4,4.425,,,,,,,,,,,,,,,,,,,"Ha-Seong Kim","27506",673490
"Jonah Cox","SFG",6,28,25,6,4,1,0,1,3,3,2,0,7,0,0,0,,0,0,0.22361,0.0788512,0.24698,0.319262,0.293184,0.354221,0.287949,0.647405,0.130611,4.54709,0.278682,0,-0.00348749,2.67417,-0.651168,81.8658,-0.00348749,0,-0.617664837744087,0.10000000149011612,0.0402179,999,,,,,,,26.9,4.483333333,26.9,4.483333333,,,,,,,,,,,,,,,,,,,"Jonah Cox","33270",813841
"Bryce Teodosio","LAA",1,3,3,1,0,0,0,0,0,0,0,0,1,0,0,0,,0,0,0.209083,0.0597918,0.311891,0.191707,0.261403,0.278853,0.244513,0.540256,0.0697701,5.89844,0.300726,0.00977208,0.00747428,0.169545,-0.164016,52.1986,0.0172464,0.448681,-0.13917433843016624,0.4346382636576891,0.0401103,999,,,,,,,2.6,2.6,2.6,2.6,,,,,,,,,,,,,,,,,,,"Bryce Teodosio","29524",669326
"Tommy Troy","ARI",3,12,11,3,2,0,0,0,2,1,1,0,3,0,0,0,,0,0,0.237683,0.0857191,0.225693,0.379804,0.305447,0.322297,0.283685,0.627744,0.0846136,4.80313,0.301198,0.00125219,-0.00812183,1.09786,-0.318491,75.9409,-0.00686964,0.447785,-0.3539330316707492,0.3570443093776703,0.0398438,999,,,,,,,8.8,2.933333333,8.8,2.933333333,,,,,,,,,,,,,,,,,,,"Tommy Troy","33279",694371
"Edmundo Sosa","PHI",4,18,17,4,3,1,0,1,2,2,1,0,4,0,0,0,,0,0,0.246,0.0426315,0.222587,0.191527,0.294739,0.39335,0.302267,0.68809,0.147351,4.33163,0.292227,0.0141507,-0.0170546,1.94349,-0.211827,85.6678,-0.00290388,0.240237,-0.317520918790251,0.11245904862880707,0.03932,999,,,,,,,20.7,5.175,20.7,5.175,,,,,,,,,,,,,,,,,,,"Edmundo Sosa","17022",624641
"Andruw Monasterio","BOS",4,19,17,4,3,1,0,0,2,2,2,0,4,0,0,0,,0,0,0.239091,0.0843354,0.218684,0.38565,0.308405,0.372491,0.302776,0.680895,0.1334,4.21163,0.289338,-0.00712095,-0.00566447,2.00671,-0.21019,89.259,-0.0127854,-0.10315,-0.24638418573886156,-0.029076412320137024,0.0391169,999,,,,,,,14.3,3.575,14.3,3.575,,,,,,,,,,,,,,,,,,,"Andruw Monasterio","19455",655316
"Sung-Mun Song","SDP",4,17,16,4,3,1,0,0,2,2,1,0,3,0,0,0,,1,0,0.229859,0.0837592,0.182113,0.459929,0.295054,0.345772,0.285283,0.640826,0.115913,4.812,0.264807,0.0352505,0.0495003,1.62555,-0.44253,81.8021,0.0847508,0.0300201,-0.2985561043024063,0.11227314360439777,0.0387929,999,,,,,,,14.2,3.55,14.2,3.55,,,,,,,,,,,,,,,,,,,"Sung-Mun Song","37122",823550
"Jared Triolo","PIT",4,16,14,3,3,1,0,0,2,1,1,0,3,0,0,0,,0,0,0.245236,0.0949716,0.214695,0.442356,0.320097,0.336496,0.296423,0.656593,0.0912599,4.79698,0.308086,0.0135488,0.0265073,1.59229,-0.255119,81.832,0.0400562,0.115536,-0.30179044231772423,0.17479534074664116,0.0386573,735.5399780273438,,,,,,,8.7,2.175,8.7,2.175,,,,,,,,,,,,,,,,,,,"Jared Triolo","25807",669707
"Victor Scott II","STL",3,15,13,3,2,1,0,0,2,1,1,0,3,0,0,0,,1,0,0.222385,0.0787506,0.228032,0.345349,0.293013,0.298739,0.26923,0.591752,0.0763547,6.27477,0.287657,0.0856605,0.11779,1.2084,-0.577429,68.7511,0.20345,0.222904,-0.3649240881204605,0.2543851360678673,0.0386104,391.1300048828125,,,,,,,11.6,3.866666666,11.6,3.866666666,,,,,,,,,,,,,,,,,,,"Victor Scott II","31349",687363
"Ramón Urías","STL",4,17,15,4,2,1,0,0,2,2,1,0,4,0,0,0,,0,0,0.241122,0.0747554,0.213749,0.349735,0.310612,0.38041,0.306827,0.691023,0.139289,3.12166,0.286836,-0.0224961,-0.0195716,1.83811,-0.132463,93.8978,-0.0420677,-0.0394061,-0.1645396240055561,-0.0023691095411777496,0.0380399,999,,,,,,,13.3,3.325,13.3,3.325,,,,,,,,,,,,,,,,,,,"Ramon Urias","18795",602104
"Tim Tawa","ARI",9,37,33,8,5,2,0,1,4,4,3,0,9,0,0,0,,1,0,0.229212,0.0796966,0.247753,0.321677,0.293937,0.378472,0.296474,0.672409,0.14926,4.69393,0.281465,-0.010258,0.0147509,3.76995,-0.60226,84.4947,0.00449281,0.405828,-0.6859697191976011,-0.14417210221290588,0.0376915,748.489990234375,,,,,,,37.9,4.211111111,37.9,4.211111111,,,,,,,,,,,,,,,,,,,"Tim Tawa","29571",694374
"Drew Gilbert","SFG",7,32,29,7,5,1,0,1,4,3,3,0,6,1,0,0,,0,0,0.226358,0.0846855,0.194385,0.435659,0.303296,0.345226,0.290707,0.648522,0.118868,3.7969,0.265606,-0.0253907,-0.0210747,3.14207,-0.675914,83.7103,-0.0464654,-0.0142039,-0.6799087598919868,-0.0030928384512662888,0.0371712,999,,,,,,,34.5,4.928571428,34.5,4.928571428,,,,,,,,,,,,,,,,,,,"Drew Gilbert","31545",687551
"Eli White","BOS",2,7,7,2,1,0,0,0,1,1,0,0,2,0,0,0,,0,0,0.23577,0.0680757,0.259813,0.262018,0.291783,0.331951,0.278959,0.623734,0.0961807,5.62315,0.307025,0.0125804,0.00216548,0.64051,-0.221616,72.7207,0.0147459,0.313788,-0.21597332321107388,0.32489895913749933,0.0371592,999,,,,,,,4.2,2.1,4.2,2.1,,,,,,,,,,,,,,,,,,,"Eli White","19346",642201
"Danny Jansen","TEX",6,22,19,4,2,1,0,1,2,2,2,0,5,0,0,0,,0,0,0.201965,0.101047,0.244156,0.413864,0.298975,0.363677,0.297167,0.662652,0.161712,2.4521,0.23679,-0.0435535,-0.0266815,2.24537,-0.344525,90.2107,-0.070235,-0.518917,-0.3189568370580673,-0.09299099445343018,0.0365418,999,,,,,,,21.7,3.616666666,21.7,3.616666666,,,,,,,,,,,,,,,,,,,"Danny Jansen","16535",643376
"Kerry Carpenter","DET",4,18,16,4,2,1,0,1,2,3,1,0,4,0,0,0,,0,0,0.239431,0.0682829,0.247606,0.275773,0.305951,0.443591,0.326169,0.749542,0.20416,3.0025,0.27457,-0.0284157,-0.0203861,2.27257,0.137781,107.591,-0.0488018,-0.0395752,0.11016920208930969,-0.3926616758108139,0.0359175,236.22000122070312,,,,,,,21.7,5.425,21.7,5.425,,,,,,,,,,,,,,,,,,,"Kerry Carpenter","25961",681481
"Myles Straw","TOR",6,27,25,6,4,1,0,0,3,2,2,0,5,0,0,0,,1,0,0.239521,0.0775013,0.168923,0.458796,0.300357,0.329238,0.28215,0.629595,0.0897167,5.77005,0.282746,0.076141,0.115669,2.49572,-0.768043,78.4662,0.19181,0.0950161,-0.49766580760478973,-0.1253543123602867,0.0354963,999,,,,,,,19.4,3.233333333,19.4,3.233333333,,,,,,,,,,,,,,,,,,,"Myles Straw","17620",664702
"Jazz Chisholm Jr.","NYY",2,7,6,1,1,0,0,0,1,1,1,0,2,0,0,0,,0,0,0.23598,0.0988759,0.271752,0.363846,0.315747,0.425334,0.323252,0.741081,0.189354,5.91127,0.285604,0.0357459,0.0325448,0.83631,0.0357646,106.344,0.0682908,-0.0313483,0.11811329051852226,-0.007274273782968521,0.0354897,19.520000457763672,,,,,,,2.6,1.3,2.6,1.3,,,,,,,,,,,,,,,,,,,"Jazz Chisholm Jr.","20454",665862
"Alejandro Osuna","TEX",2,10,9,2,2,1,0,0,1,1,1,0,2,0,0,0,,0,0,0.245014,0.0844267,0.19042,0.443371,0.313779,0.33742,0.292102,0.651199,0.0924062,4.6798,0.299609,0.0015205,0.00207532,0.974014,-0.196014,86.6937,0.00359583,0.263099,-0.14913752977736294,0.1427287608385086,0.0347625,999,,,,,,,8.1,4.05,8.1,4.05,,,,,,,,,,,,,,,,,,,"Alejandro Osuna","27915",696030
"Leody Taveras","BAL",5,22,20,4,3,1,0,0,2,2,2,0,5,0,0,0,,1,0,0.221152,0.0757807,0.23297,0.325281,0.281134,0.341255,0.276882,0.622388,0.120102,5.44204,0.271961,0.043023,0.0743542,1.88493,-0.701446,76.1849,0.117377,0.257403,-0.4868828058242798,0.05369904637336731,0.034278,999,,,,,,,13.2,2.64,13.2,2.64,,,,,,,,,,,,,,,,,,,"Leody Taveras","18900",665750
"Blake Perkins","CLE",1,4,3,1,1,0,0,0,1,0,0,0,1,0,0,0,,0,0,0.218731,0.101746,0.259496,0.392091,0.300267,0.296114,0.272953,0.596381,0.0773824,5.10489,0.293115,0.00495954,-0.0007581,0.302616,-0.128447,71.9871,0.00420144,0.324192,-0.11426047189161181,0.3223396586254239,0.0341845,999,,,,,,,2.6,2.6,2.6,2.6,,,,,,,,,,,,,,,,,,,"Blake Perkins","19921",663368
"Keibert Ruiz","WSN",7,27,25,6,4,1,0,1,3,3,1,0,3,0,0,0,,0,0,0.246973,0.0504277,0.116139,0.434202,0.290084,0.368633,0.290047,0.658717,0.12166,2.1858,0.260091,-0.0787762,-0.0396296,2.57673,-0.571498,78.8911,-0.118406,-0.252109,-0.7952550426125526,0.26563766598701477,0.0340607,720.3499755859375,,,,,,,23.9,3.414285714,23.9,3.414285714,,,,,,,,,,,,,,,,,,,"Keibert Ruiz","19610",660688
"TJ Rumfield","COL",11,48,42,11,8,2,0,1,5,6,5,0,8,1,0,0,,0,0,0.25864,0.0962426,0.172084,0.559277,0.33841,0.390641,0.324826,0.729051,0.132001,2.40286,0.297267,-0.141271,-0.0660531,5.98464,0.314108,91.443,-0.207324,0.358727,-0.7015254646539688,-0.5219832956790924,0.0339656,999,,,,,,,52.8,4.8,52.8,4.8,,,,,,,,,,,,,,,,,,,"TJ Rumfield","29805",681198
"Jose Trevino","CIN",6,24,22,5,3,1,0,1,2,2,1,0,4,0,0,0,,0,0,0.226036,0.0531105,0.173412,0.306267,0.268708,0.351094,0.272941,0.619802,0.125059,2.19802,0.250901,-0.0406074,-0.0245698,1.96946,-0.836264,67.381,-0.0651773,0.0988841,-0.9973029419779778,0.5603039041161537,0.0339106,999,,,,,,,21.3,3.55,21.3,3.55,,,,,,,,,,,,,,,,,,,"Jose Trevino","16725",624431
"Jeff McNeil","ATH",9,40,36,9,6,2,0,1,4,4,3,0,5,1,0,0,,0,0,0.256689,0.0710701,0.121929,0.58288,0.31934,0.383788,0.310211,0.703129,0.127099,3.46676,0.272434,-0.0860932,-0.0113659,4.53226,-0.209429,89.4446,-0.0974592,-0.0571238,-0.5884663164615631,-0.4923090189695358,0.0337287,440.5199890136719,,,,,,,41.6,4.622222222,41.6,4.622222222,,,,,,,,,,,,,,,,,,,"Jeff McNeil","15362",643446
"Oswald Peraza","LAA",4,16,15,3,2,1,0,0,2,2,1,0,4,0,0,0,,1,0,0.216457,0.0647117,0.271942,0.237961,0.281738,0.3382,0.277473,0.619938,0.121743,4.93995,0.278344,0.0309762,0.040321,1.41774,-0.516909,75.0857,0.0712972,0.0877725,-0.40156156569719315,0.1539762243628502,0.0334059,999,,,,,,,9.6,2.4,9.6,2.4,,,,,,,,,,,,,,,,,,,"Oswald Peraza","22823",672724
"Randal Grichuk","CHW",5,20,18,5,3,1,0,1,2,3,1,0,4,0,0,0,,0,0,0.249151,0.0578906,0.210718,0.274731,0.295558,0.436034,0.316714,0.731592,0.186883,2.44132,0.282008,-0.0101226,-0.0221139,2.33524,0.000316625,101.964,-0.0322365,-0.0022935,0.012750871479511261,-0.38948485255241394,0.0324016,999,,,,,,,25.3,5.06,25.3,5.06,,,,,,,,,,,,,,,,,,,"Randal Grichuk","10243",545341
"Luisangel Acuña","CHW",4,16,15,4,3,1,0,0,2,1,1,0,3,0,0,0,,1,0,0.247648,0.0573573,0.186764,0.307111,0.292816,0.326186,0.276445,0.619001,0.0785376,6.06724,0.299421,0.056066,0.0535593,1.35578,-0.512164,74.0011,0.109625,-0.00315166,-0.3668020889163017,0.12524340394884348,0.0319989,395.510009765625,,,,,,,15.2,3.8,15.2,3.8,,,,,,,,,,,,,,,,,,,"Luisangel Acuna","26548",682668
"Travis d'Arnaud","LAA",5,18,17,4,2,1,0,1,2,2,1,0,5,0,0,0,,0,0,0.210761,0.0681006,0.285661,0.238396,0.278318,0.353219,0.281136,0.631538,0.142458,2.06337,0.26996,-0.0424222,-0.0232934,1.6639,-0.531882,77.6295,-0.0657156,-0.153269,-0.547602079808712,0.20784224569797516,0.0319461,999,,,,,,,20.7,4.14,20.7,4.14,,,,,,,,,,,,,,,,,,,"Travis d'Arnaud","7739",518595
"Nathaniel Lowe","CLE",7,29,26,6,4,1,0,1,3,4,3,0,7,0,0,0,,0,0,0.24951,0.104732,0.240822,0.434895,0.329393,0.391138,0.319698,0.72053,0.141628,1.90531,0.310354,-0.072194,-0.0417355,3.51907,0.070569,104.447,-0.11393,-0.210778,0.036519333720207214,-0.7515184730291367,0.0317443,999,,,,,,,28.9,4.128571428,28.9,4.128571428,,,,,,,,,,,,,,,,,,,"Nathaniel Lowe","19566",663993
"Andrés Chaparro","WSN",5,19,18,4,2,1,0,1,2,2,2,0,5,0,0,0,,0,0,0.230673,0.087273,0.236065,0.369699,0.3042,0.420734,0.317086,0.724934,0.190061,2.21378,0.265618,-0.0262505,-0.0203285,2.32058,0.00618225,96.9767,-0.046579,0.217017,-0.11784468963742256,-0.20906327664852142,0.0313821,999,,,,,,,22.7,4.54,22.7,4.54,,,,,,,,,,,,,,,,,,,"Andres Chaparro","21797",665953
"Amed Rosario","NYY",5,20,18,5,3,1,0,1,2,2,1,0,4,0,0,0,,0,0,0.258045,0.0521087,0.196443,0.265261,0.298642,0.398706,0.305386,0.697349,0.140661,4.43313,0.298406,0.0335517,-0.0139751,2.15505,-0.179874,93.9374,0.0195766,-0.338444,-0.11929489485919476,-0.2682277634739876,0.0313057,999,,,,,,,25.3,5.06,25.3,5.06,,,,,,,,,,,,,,,,,,,"Amed Rosario","15518",642708
"Austin Hays","SDP",4,16,15,4,2,1,0,1,2,2,1,0,4,0,0,0,,0,0,0.248795,0.0639921,0.248377,0.257641,0.29997,0.409569,0.309405,0.709539,0.160773,3.59149,0.303497,-0.0103064,-0.00920688,1.77519,-0.0927499,97.9365,-0.0195133,0.118081,-0.05877095088362694,-0.14673417061567307,0.0312548,572.469970703125,,,,,,,22.7,5.675,22.7,5.675,,,,,,,,,,,,,,,,,,,"Austin Hays","19363",669720
"Griffin Conine","MIA",10,43,38,9,5,2,0,2,5,5,4,0,13,0,0,0,,0,0,0.224121,0.0973768,0.305316,0.318938,0.308126,0.391658,0.310185,0.699784,0.167537,3.23119,0.296387,-0.0470738,-0.0253228,4.88453,-0.226642,92.9977,-0.0723965,0.00280834,-0.43691423535346985,-0.665710206143558,0.0306349,999,,,,,,,49,4.9,49,4.9,,,,,,,,,,,,,,,,,,,"Griffin Conine","21626",665052
"Jared Young","NYM",8,35,32,8,5,2,0,1,4,4,3,0,8,1,0,0,,0,0,0.239193,0.0809857,0.230844,0.350825,0.311569,0.390185,0.310606,0.701755,0.150993,3.9912,0.288619,-0.0346865,-0.00297215,4.02856,-0.174305,96.5059,-0.0376587,-0.0104335,-0.18722545728087425,-0.670464402064681,0.0301669,999,,,,,,,40,5,40,5,,,,,,,,,,,,,,,,,,,"Jared Young","20404",676724
"Carlos Cortes","ATH",7,32,29,7,4,2,0,1,3,4,3,0,7,0,0,0,,0,0,0.240314,0.0791959,0.203286,0.389579,0.302476,0.400102,0.308525,0.702578,0.159788,2.50558,0.274751,-0.0500314,-0.0313961,3.6055,-0.212485,88.2738,-0.0814275,0.0894911,-0.5206379517912865,-0.33643487095832825,0.0284952,999,,,,,,,34.4,4.914285714,34.4,4.914285714,,,,,,,,,,,,,,,,,,,"Carlos Cortes","21842",666126
"Gary Sánchez","MIL",3,14,12,3,2,0,0,1,2,2,1,0,3,0,0,0,,0,0,0.215735,0.107789,0.247083,0.436248,0.31093,0.39364,0.312945,0.704569,0.177905,2.30626,0.251105,-0.0309192,-0.0157941,1.59277,-0.0417492,97.2466,-0.0467133,-0.095178,-0.0925498679280281,-0.07665944658219814,0.0284276,999,,,,,,,17.2,5.733333333,17.2,5.733333333,,,,,,,,,,,,,,,,,,,"Gary Sanchez","11442",596142
"Brian Navarreto","MIA",1,4,4,1,1,0,0,0,0,0,0,0,1,0,0,0,,0,0,0.20464,0.0538883,0.255363,0.211026,0.249429,0.276954,0.236493,0.526383,0.072314,3.15414,0.263544,-0.00286016,-0.00498514,0.204333,-0.246083,43.7091,-0.0078453,0.341995,-0.2660787906497717,0.416068896651268,0.0278069,999,,,,,,,1.6,1.6,1.6,1.6,,,,,,,,,,,,,,,,,,,"Brian Navarreto","16398",640459
"Andrew Knizner","SFG",4,16,14,3,2,1,0,0,2,2,1,0,3,0,0,0,,0,0,0.224527,0.074293,0.195629,0.379764,0.300718,0.345606,0.290027,0.646324,0.121078,2.55423,0.260806,-0.0271965,-0.0203258,1.56652,-0.347754,83.2557,-0.0475223,-0.193339,-0.3739820756018162,0.12147554755210876,0.0277733,999,,,,,,,8.7,2.175,8.7,2.175,,,,,,,,,,,,,,,,,,,"Andrew Knizner","19514",668800
"Nick Fortes","TBR",5,20,18,4,3,1,0,0,2,2,1,0,3,0,0,0,,0,0,0.230016,0.0502499,0.168469,0.298274,0.285392,0.345579,0.281074,0.630971,0.115563,2.85514,0.258119,-0.0175068,-0.0186239,1.75535,-0.562417,76.2644,-0.0361307,-0.228895,-0.5758265405893326,0.15227819979190826,0.0271268,999,,,,,,,10.3,2.06,10.3,2.06,,,,,,,,,,,,,,,,,,,"Nick Fortes","21538",663743
"Victor Caratini","MIN",6,23,20,5,4,1,0,1,2,3,2,0,4,1,0,0,,0,0,0.239182,0.0835565,0.18727,0.446181,0.317527,0.366172,0.305182,0.683699,0.126989,2.03881,0.271615,-0.0763671,-0.0292265,2.53122,-0.21541,93.7007,-0.105594,-0.470671,-0.27532943338155746,-0.2820907086133957,0.0265081,681.02001953125,,,,,,,29.3,4.883333333,29.3,4.883333333,,,,,,,,,,,,,,,,,,,"Victor Caratini","14968",605170
"Thomas Saggese","STL",4,16,15,4,3,1,0,0,1,2,1,0,4,0,0,0,,0,0,0.252337,0.0593439,0.258869,0.229243,0.299598,0.354561,0.290206,0.654159,0.102224,3.2966,0.333097,-0.00309094,-0.0152051,1.56453,-0.344467,82.7811,-0.018296,-0.0095619,-0.3530836720019579,0.08858625032007694,0.0264079,999,,,,,,,13.3,3.325,13.3,3.325,,,,,,,,,,,,,,,,,,,"Thomas Saggese","27883",695336
"Michael Stefanic","ATH",3,12,11,3,2,1,0,0,1,1,1,0,2,0,0,0,,0,0,0.260366,0.0915798,0.130663,0.700884,0.334177,0.328812,0.301138,0.662989,0.068446,2.47376,0.299323,-0.0182855,-0.0228077,1.26626,-0.150092,83.1447,-0.0410932,0.155058,-0.27529314905405045,0.11246547847986221,0.0263283,999,,,,,,,11.7,3.9,11.7,3.9,,,,,,,,,,,,,,,,,,,"Michael Stefanic","25353",683021
"Jimmy Crooks","STL",0,1,1,0,0,0,0,0,0,0,0,0,0,0,0,0,,0,0,0.228414,0.0777667,0.279296,0.278438,0.29577,0.366744,0.293004,0.662513,0.13833,2.7046,0.298719,-0.00130166,-0.00147297,0.141648,-0.0272584,84.6527,-0.00277463,0.212098,-0.029176696203649044,0.2398762721568346,0.0261175,999,,,,,,,-1,,-1,,,,,,,,,,,,,,,,,,,,"Jimmy Crooks","31354",699625
"Blaze Jordan","STL",1,6,6,2,1,0,0,0,1,1,0,0,1,0,0,0,,0,0,0.262023,0.0525822,0.142503,0.368991,0.302881,0.379185,0.299862,0.682066,0.117162,2.64084,0.292979,-0.00974338,-0.00862259,0.654233,-0.0847326,89.2397,-0.018366,0.14611,-0.0993519201874733,0.1461096853017807,0.025373,999,,,,,,,5.2,5.2,5.2,5.2,,,,,,,,,,,,,,,,,,,"Blaze Jordan","28199",691458
"Ethan Salas","SDP",4,17,15,3,2,1,0,0,2,2,1,0,4,0,0,0,,0,0,0.22361,0.0788512,0.24698,0.319262,0.293184,0.354221,0.287949,0.647405,0.130611,4.54709,0.278682,0,-0.00211894,1.62479,-0.395639,83.5853,-0.00211894,0,-0.3398991806898266,0.03209877014160156,0.0251188,999,,,,,,,7.7,1.925,7.7,1.925,,,,,,,,,,,,,,,,,,,"Ethan Salas","32051",806956
"Jo Adell","CLE",11,46,42,10,6,2,0,2,5,7,3,0,12,1,0,0,,1,0,0.241181,0.0586529,0.253372,0.231489,0.29815,0.436156,0.318501,0.734306,0.194975,3.94653,0.282629,-0.0364658,-0.00171588,5.48576,0.0666864,103.616,-0.0381816,-1.03402,0.15403014048933983,-1.522903949022293,0.0249651,120.33000183105469,,,,,,,52.5,4.772727272,52.5,4.772727272,,,,,,,,,,,,,,,,,,,"Jo Adell","20220",666176
"Ali Sánchez","NYY",2,10,9,2,1,0,0,0,1,1,1,0,2,0,0,0,,0,0,0.217021,0.059534,0.24566,0.242344,0.266111,0.304861,0.255643,0.570972,0.08784,2.43618,0.278439,-0.0148804,-0.0117637,0.676909,-0.481976,59.3959,-0.0266441,0.19555,-0.4882696680724621,0.38613685965538025,0.0247012,999,,,,,,,5.2,2.6,5.2,2.6,,,,,,,,,,,,,,,,,,,"Ali Sanchez","18551",645305
"Eugenio Suárez","CIN",10,44,39,9,5,2,0,2,5,6,4,0,14,1,0,0,,0,0,0.217372,0.0899969,0.315056,0.285654,0.298262,0.428414,0.316709,0.726676,0.211042,2.00333,0.269538,-0.129963,-0.0488694,5.2708,0.000541475,96.6555,-0.178833,-0.0760059,-0.35835734009742737,-0.8523948267102242,0.0240906,97.91999816894531,,,,,,,51,5.1,51,5.1,,,,,,,,,,,,,,,,,,,"Eugenio Suarez","12552",553993
"Garrett Stubbs","PHI",0,2,2,0,0,0,0,0,0,0,0,0,0,0,0,0,,0,0,0.207302,0.0853736,0.208709,0.409056,0.281043,0.28347,0.257694,0.564514,0.0761688,3.82988,0.256803,0.000298558,-0.00169133,0.134693,-0.0905158,55.8554,-0.00139277,0.24,-0.10264904063660651,0.27703703194856644,0.0240001,999,,,,,,,-2,,-2,,,,,,,,,,,,,,,,,,,,"Garrett Stubbs","18067",596117
"Nick Sogard","BOS",7,29,26,6,4,1,0,0,3,2,3,0,6,0,0,0,,1,0,0.235071,0.102884,0.21472,0.479154,0.316179,0.339443,0.295576,0.655623,0.104372,4.16456,0.292179,-0.0334729,0.0198974,2.9524,-0.496106,84.2592,-0.0135755,-0.335784,-0.5460955947637558,-0.2468951940536499,0.0238217,999,,,,,,,21.4,3.057142857,21.4,3.057142857,,,,,,,,,,,,,,,,,,,"Nick Sogard","25483",686765
"James McCann","ARI",3,10,10,2,2,0,0,0,1,1,1,0,3,0,0,0,,0,0,0.244529,0.0552202,0.247597,0.223024,0.289961,0.407245,0.304221,0.697205,0.162715,2.71436,0.295444,-0.0246608,-0.009929,1.1334,-0.105246,89.6768,-0.0345898,-0.145263,-0.16482331976294518,0.0584404319524765,0.0237616,999,,,,,,,4.2,1.4,4.2,1.4,,,,,,,,,,,,,,,,,,,"James McCann","12859",543510
"Petey Halpin","CLE",3,12,11,3,2,1,0,0,2,1,1,0,3,0,0,0,,0,0,0.229433,0.0689154,0.261166,0.263876,0.28422,0.332516,0.275116,0.616736,0.103083,5.49093,0.301704,0.00977627,0.0288045,1.05932,-0.418611,73.4891,0.0385808,0.092473,-0.3457958325743675,0.13691749051213264,0.0235142,999,,,,,,,11.7,3.9,11.7,3.9,,,,,,,,,,,,,,,,,,,"Petey Halpin","27931",690984
"Rafael Marchán","PHI",2,8,7,1,1,0,0,0,1,1,1,0,1,0,0,0,,0,0,0.208912,0.0693014,0.177044,0.391435,0.268876,0.284413,0.250837,0.55329,0.0755016,2.90933,0.244074,-0.0105789,-0.00760867,0.496692,-0.404142,51.2691,-0.0181876,0.300453,-0.465291328728199,0.44860103726387024,0.0234452,999,,,,,,,1.6,0.8,1.6,0.8,,,,,,,,,,,,,,,,,,,"Rafael Marchan","21646",665561
"Blaze Alexander","BAL",2,9,8,2,1,0,0,0,1,1,1,0,2,0,0,0,,0,0,0.239545,0.0754891,0.282747,0.266985,0.31111,0.356903,0.298992,0.668013,0.117358,4.48825,0.3261,0.00366459,-0.0074903,0.920623,-0.126244,91.5378,-0.00382571,-0.0294705,-0.09073226968757808,0.009418439120054245,0.0234256,745.9099731445312,,,,,,,6.2,3.1,6.2,3.1,,,,,,,,,,,,,,,,,,,"Blaze Alexander","23789",677942
"Michael Arroyo","SEA",3,13,12,3,2,1,0,0,1,1,1,0,3,0,0,0,,0,0,0.22361,0.0788512,0.24698,0.319262,0.293184,0.354221,0.287949,0.647405,0.130611,4.54709,0.278682,0,-0.00167916,1.28757,-0.313525,88.8493,-0.00167916,0,-0.1768239262746647,-0.07037036865949631,0.0233497,999,,,,,,,10.7,3.566666666,10.7,3.566666666,,,,,,,,,,,,,,,,,,,"Michael Arroyo","30384",703197
"Jahmai Jones","BOS",3,11,10,2,1,1,0,0,2,1,1,0,3,0,0,0,,0,0,0.237169,0.0982341,0.254227,0.386403,0.327099,0.417089,0.328919,0.744188,0.17992,4.62758,0.292161,-0.0000432881,-0.00188947,1.46759,0.112826,107.413,-0.00193276,-0.0101265,0.09658734570257366,-0.2804969111457467,0.0223229,999,,,,,,,7.1,2.366666666,7.1,2.366666666,,,,,,,,,,,,,,,,,,,"Jahmai Jones","18872",663330
"Cristian Pache","NYM",2,10,9,2,1,0,0,0,1,1,1,0,3,0,0,0,,0,0,0.197554,0.0759648,0.327152,0.2322,0.261528,0.271944,0.2426,0.533473,0.0743906,3.92797,0.295765,-0.00238678,-0.0142083,0.594708,-0.60611,51.0198,-0.0165951,0.560602,-0.615636870265007,0.5004166439175606,0.0218081,999,,,,,,,5.2,2.6,5.2,2.6,,,,,,,,,,,,,,,,,,,"Cristian Pache","19948",665506
"Brady House","WSN",8,33,31,8,5,1,0,1,4,4,2,0,9,0,0,0,,0,0,0.245016,0.0525877,0.272428,0.193034,0.291157,0.383659,0.296248,0.674816,0.138643,3.57846,0.315474,-0.0326581,-0.0217042,3.40103,-0.550378,83.0387,-0.0543623,-0.255553,-0.7369681745767593,-0.13672569394111633,0.0215236,710.1199951171875,,,,,,,32.1,4.0125,32.1,4.0125,,,,,,,,,,,,,,,,,,,"Brady House","29993",691781
"Mickey Moniak","COL",9,41,38,10,5,2,0,2,5,6,2,0,10,0,0,0,,1,0,0.252369,0.0537824,0.246932,0.217802,0.298471,0.471327,0.329872,0.769798,0.218958,5.8623,0.292576,-0.0234252,0.00877605,5.30715,0.43716,94.8179,-0.0146491,-0.143111,-0.2716845367103815,-0.8553028702735901,0.0214288,245.8300018310547,,,,,,,50.5,5.611111111,50.5,5.611111111,,,,,,,,,,,,,,,,,,,"Mickey Moniak","19956",666160
"Rece Hinds","BAL",2,10,9,2,2,0,0,0,1,1,1,0,4,0,0,0,,0,0,0.239184,0.0916629,0.368524,0.24873,0.31156,0.369102,0.304048,0.680662,0.129918,4.12145,0.370473,0,0.0110164,1.06923,-0.100796,95.0488,0.0110164,0,-0.04581430461257696,-0.0981481522321701,0.0207893,999,,,,,,,5.2,2.6,5.2,2.6,,,,,,,,,,,,,,,,,,,"Rece Hinds","27493",677956
"Ryan O'Hearn","PIT",10,43,38,10,7,2,0,1,5,6,4,0,8,0,0,0,,0,0,0.263603,0.0895898,0.194898,0.459675,0.33255,0.412557,0.327728,0.745107,0.148954,2.71649,0.304749,-0.109442,-0.0515146,5.42915,0.379558,102.771,-0.160957,-0.296207,-0.018455058336257935,-1.1665771007537842,0.020545,285.44000244140625,,,,,,,45.2,4.52,45.2,4.52,,,,,,,,,,,,,,,,,,,"Ryan O'Hearn","16442",656811
"Victor Robles","SEA",1,5,4,1,1,0,0,0,1,0,0,0,1,0,0,0,,0,0,0.249593,0.0702574,0.210272,0.334126,0.315564,0.326672,0.290434,0.642237,0.0770791,6.73607,0.3135,0.0139225,0.0374944,0.455079,-0.0991445,90.5751,0.0514169,0.0620645,0.00017339736223220825,0.03428669273853302,0.0202754,727.5399780273438,,,,,,,1.6,1.6,1.6,1.6,,,,,,,,,,,,,,,,,,,"Victor Robles","18363",645302
"David Fry","CLE",2,10,9,2,1,0,0,0,1,1,1,0,3,0,0,0,,0,0,0.219279,0.0996078,0.271769,0.366517,0.302402,0.413413,0.313804,0.715815,0.194134,2.88522,0.264533,-0.0117791,-0.0067797,1.13665,-0.0228259,100.354,-0.0185588,0.00500652,-0.014527139719575644,-0.13388237822800875,0.020018,999,,,,,,,5.2,2.6,5.2,2.6,,,,,,,,,,,,,,,,,,,"David Fry","24934",681807
"Cody Freeman","TEX",4,17,15,4,3,1,0,0,2,2,1,0,3,0,0,0,,0,0,0.236069,0.0585276,0.162798,0.359511,0.28244,0.360671,0.28334,0.643112,0.124602,3.58619,0.262886,-0.0126469,-0.0097015,1.52282,-0.447751,80.6093,-0.0223484,-0.00870855,-0.3972049131989479,0.006106267683207989,0.0199145,999,,,,,,,13.3,3.325,13.3,3.325,,,,,,,,,,,,,,,,,,,"Cody Freeman","25629",683227
"Trent Grisham","NYY",2,7,6,1,1,0,0,0,1,1,1,0,1,0,0,0,,0,0,0.226241,0.125546,0.221007,0.568062,0.328454,0.420949,0.330216,0.749404,0.194708,3.68267,0.25183,-0.00565013,-0.00330788,0.874284,0.0737389,111.179,-0.00895801,-0.148022,0.07883875630795956,-0.1239483393728733,0.0196479,253.82000732421875,,,,,,,2.6,1.3,2.6,1.3,,,,,,,,,,,,,,,,,,,"Trent Grisham","18564",663757
"Brett Sullivan","COL",4,16,15,3,2,1,0,0,2,2,1,0,3,0,0,0,,0,0,0.231121,0.0650375,0.197111,0.329954,0.283748,0.375442,0.288334,0.65919,0.14432,3.02008,0.260692,-0.0111672,-0.0229892,1.57473,-0.377077,67.0358,-0.0341564,0.0213154,-0.6894548423588276,0.3423030376434326,0.0192064,999,,,,,,,7.7,1.925,7.7,1.925,,,,,,,,,,,,,,,,,,,"Brett Sullivan","18217",664954
"Brian Serven","ATH",5,18,17,4,2,1,0,1,2,2,1,0,6,0,0,0,,0,0,0.211291,0.0731185,0.304891,0.239818,0.273196,0.341164,0.273639,0.61436,0.129873,2.21812,0.283643,-0.026932,-0.0211045,1.55176,-0.644027,64.0492,-0.0480365,-0.0184263,-0.8224566280841827,0.34268475510179996,0.0177232,999,,,,,,,20.7,4.14,20.7,4.14,,,,,,,,,,,,,,,,,,,"Brian Serven","19422",661531
"Anthony Santander","TOR",3,15,13,3,2,1,0,1,2,2,1,0,4,0,0,0,,0,0,0.217225,0.0906161,0.244258,0.370985,0.291832,0.408085,0.305206,0.699917,0.19086,2.16354,0.245713,0,-0.013605,1.64607,-0.139764,94.4761,-0.013605,0,-0.11037984304130077,-0.25,0.0174434,748.4199829101562,,,,,,,19.1,6.366666666,19.1,6.366666666,,,,,,,,,,,,,,,,,,,"Anthony Santander","14551",623993
"Charles McAdoo","TOR",3,12,11,2,2,0,0,0,1,1,1,0,3,0,0,0,,0,0,0.22361,0.0788512,0.24698,0.319262,0.293184,0.354221,0.287949,0.647405,0.130611,4.54709,0.278682,0,-0.00148541,1.139,-0.277349,82.493,-0.00148541,0,-0.2447395984781906,-0.005555556155741215,0.0174431,999,,,,,,,3.2,1.066666666,3.2,1.066666666,,,,,,,,,,,,,,,,,,,"Charles McAdoo","33323",807727
"Alan Roden","MIN",1,2,2,0,0,0,0,0,0,0,0,0,0,0,0,0,,0,0,0.244804,0.0875439,0.190725,0.459007,0.317324,0.330106,0.292406,0.647429,0.0853014,3.59439,0.295677,-0.000628414,-0.00239152,0.222697,-0.0441516,84.8295,-0.00301994,0.157027,-0.042734097922220826,0.1329527087509632,0.0172415,999,,,,,,,-2,-2,-2,-2,,,,,,,,,,,,,,,,,,,"Alan Roden","31564",702176
"Mauricio Dubón","ATL",10,45,42,11,8,2,0,1,5,4,2,0,6,0,0,0,,0,0,0.253546,0.0531945,0.125893,0.422538,0.293325,0.356306,0.286646,0.649631,0.10276,3.65721,0.276496,-0.0237551,-0.0113459,4.26083,-1.09666,78.38,-0.035101,-0.0587506,-1.214818812906742,-0.10875062271952629,0.0150648,743.3800048828125,,,,,,,40.8,4.08,40.8,4.08,,,,,,,,,,,,,,,,,,,"Mauricio Dubon","16530",643289
"Austin Wynns","CHC",0,0,0,0,0,0,0,0,0,0,0,0,0,0,0,0,,0,0,0.157573,0.0417544,0.297132,0.140525,0.19781,0.268256,0.206616,0.466066,0.110684,2.44304,0.202378,0,-0.000280791,0.0140827,-0.0422194,27.0769,-0.000280791,0.163219,-0.04209743213141337,0.17247838340699673,0.0148159,999,,,,,,,0,,0,,,,,,,,,,,,,,,,,,,,"Austin Wynns","15271",642851
"Christopher Morel","NYM",3,13,12,3,2,1,0,1,2,2,1,0,4,0,0,0,,0,0,0.217101,0.0923209,0.301777,0.305924,0.293066,0.400406,0.3047,0.693472,0.183305,4.06155,0.276369,0.00437636,-0.00902186,1.47027,-0.130826,92.5553,-0.0046455,0.000428254,-0.12604741100221872,-0.1680902594816871,0.0148039,999,,,,,,,20.1,6.7,20.1,6.7,,,,,,,,,,,,,,,,,,,"Christopher Morel","21897",666624
"Andrew Benintendi","CHW",9,39,35,9,6,2,0,1,4,5,3,0,7,0,0,0,,0,0,0.244936,0.0821556,0.190255,0.431818,0.306267,0.399853,0.308639,0.706119,0.154916,2.45355,0.273332,-0.0674621,-0.0467048,4.4136,-0.256251,96.3567,-0.114167,-0.00017292,-0.28107643872499466,-0.9671482517005643,0.014544,735.8099975585938,,,,,,,39.6,4.4,39.6,4.4,,,,,,,,,,,,,,,,,,,"Andrew Benintendi","17901",643217
"Jacob Gonzalez","PIT",4,19,17,4,3,1,0,0,2,2,1,0,5,0,0,0,,0,0,0.22361,0.0788512,0.24698,0.319262,0.293184,0.354221,0.287949,0.647405,0.130611,4.54709,0.278682,0,-0.00232499,1.78278,-0.434112,76.1643,-0.00232499,0,-0.5405104716774076,0.07407407462596893,0.0144872,999,,,,,,,11.3,2.825,11.3,2.825,,,,,,,,,,,,,,,,,,,"Jacob Gonzalez","33225",694378
"Royce Lewis","MIN",12,51,47,11,7,2,0,2,6,6,4,0,11,0,1,0,,1,0,0.239,0.0759906,0.221734,0.34271,0.29651,0.412452,0.308546,0.708962,0.173452,4.49306,0.273074,0.0532075,0.0873193,5.73383,-0.336976,96.0369,0.140527,-0.855452,-0.0954972356557846,-1.575668215751648,0.0139831,193.64999389648438,,,,,,,53.1,4.425,53.1,4.425,,,,,,,,,,,,,,,,,,,"Royce Lewis","20437",668904
"Tyler O'Neill","BAL",2,9,8,2,1,0,0,0,1,1,1,0,2,0,0,0,,0,0,0.222963,0.102922,0.278378,0.369719,0.308728,0.422714,0.320276,0.731442,0.199751,3.0942,0.266366,-0.00465006,-0.00302607,1.07241,0.0255397,106.317,-0.00767613,-0.0859718,0.05720080342143774,-0.2322680801153183,0.0139018,477.6400146484375,,,,,,,6.2,3.1,6.2,3.1,,,,,,,,,,,,,,,,,,,"Tyler O'Neill","15711",641933
"Derek Hill","PHI",3,14,13,3,2,0,0,0,2,1,1,0,4,0,0,0,,1,0,0.227831,0.0639567,0.304556,0.21,0.281124,0.374326,0.288534,0.65545,0.146495,5.96989,0.304481,0.0329859,0.0422874,1.34372,-0.318956,76.4825,0.0752734,-0.00365823,-0.32297777384519577,0.001897325273603201,0.0137856,999,,,,,,,8.7,2.9,8.7,2.9,,,,,,,,,,,,,,,,,,,"Derek Hill","16947",656537
"Isiah Kiner-Falefa","BOS",3,12,11,3,2,0,0,0,1,1,1,0,2,0,0,0,,0,0,0.251443,0.0589446,0.165111,0.356999,0.299563,0.318498,0.277534,0.618062,0.0670558,4.93698,0.29827,0.0292142,0.0244632,1.03851,-0.377839,71.7307,0.0536774,-0.0173157,-0.33911722153425217,0.051202788949012756,0.0136215,746.1500244140625,,,,,,,8.8,2.933333333,8.8,2.933333333,,,,,,,,,,,,,,,,,,,"Isiah Kiner-Falefa","16512",643396
"Jake Meyers","HOU",0,2,2,0,0,0,0,0,0,0,0,0,0,0,0,0,,0,0,0.234879,0.0753716,0.209995,0.358921,0.29662,0.340668,0.284938,0.637288,0.105789,4.4595,0.287943,0.000339005,-0.000310605,0.193035,-0.0532865,80.7631,0.0000283995,0.109321,-0.046457017084321706,0.10191356064751744,0.013089,738.1500244140625,,,,,,,-2,,-2,,,,,,,,,,,,,,,,,,,,"Jake Meyers","20308",676694
"Jonatan Clase","TOR",0,1,1,0,0,0,0,0,0,0,0,0,0,0,0,0,,0,0,0.204171,0.0795101,0.285562,0.278433,0.270468,0.292841,0.25489,0.563309,0.0886693,5.1927,0.278907,0.00373638,0.000459476,0.071307,-0.0518538,59.5369,0.00419586,0.146375,-0.04469317151233554,0.13526375498622656,0.0129282,999,,,,,,,-1,,-1,,,,,,,,,,,,,,,,,,,,"Jonatan Clase","26599",682729
"Marcelo Mayer","SFG",2,10,9,2,1,0,0,0,1,1,1,0,2,0,0,0,,0,0,0.231371,0.0732652,0.239983,0.305293,0.289107,0.359225,0.286634,0.648331,0.127854,3.31448,0.287749,-0.00332964,-0.00771221,0.930433,-0.239595,80.9863,-0.0110418,0.000222896,-0.23762190155684948,0.04281548812286928,0.0128642,589.5399780273438,,,,,,,5.2,2.6,5.2,2.6,,,,,,,,,,,,,,,,,,,"Marcelo Mayer","29668",691785
"Michael Chavis","CIN",0,2,2,0,0,0,0,0,0,0,0,0,0,0,0,0,,0,0,0.211862,0.0583222,0.282539,0.206422,0.260528,0.29817,0.250306,0.558697,0.0863078,3.99404,0.282843,-0.00164495,-0.00237669,0.109625,-0.0905118,52.2417,-0.00402165,0.188238,-0.10137141589075327,0.17018205299973488,0.0125755,999,,,,,,,-2,,-2,,,,,,,,,,,,,,,,,,,,"Michael Chavis","17321",656308
"Luis Lara","MIL",4,16,14,3,2,1,0,0,2,2,1,0,4,0,0,0,,0,0,0.22361,0.0788512,0.24698,0.319262,0.293184,0.354221,0.287949,0.647405,0.130611,4.54709,0.278682,0,-0.0019375,1.48565,-0.36176,80.5281,-0.0019375,0,-0.3683172339806333,-0.018518520519137383,0.0122617,999,,,,,,,8.7,2.175,8.7,2.175,,,,,,,,,,,,,,,,,,,"Luis Lara","30675",800325
"Christian Franklin","BAL",1,3,3,1,0,0,0,0,0,0,0,0,1,0,0,0,,0,0,0.218299,0.102868,0.266428,0.386102,0.302796,0.292023,0.273576,0.594819,0.0737236,4.33713,0.296825,-0.000120979,-0.000420678,0.260955,-0.108528,73.8892,-0.000541657,0.114173,-0.09518575668334961,0.10306186880916357,0.0119833,999,,,,,,,2.6,2.6,2.6,2.6,,,,,,,,,,,,,,,,,,,"Christian Franklin","29896",681047
"Connor Norby","COL",9,38,34,9,6,2,0,1,5,4,3,0,10,1,0,0,,1,0,0.25371,0.0804036,0.262664,0.306108,0.322985,0.410487,0.323418,0.733472,0.156777,4.68532,0.325252,-0.0212052,0.00725443,4.74419,0.207769,90.5011,-0.0139508,-0.770741,-0.45283022057265043,-0.6824697330594063,0.0112753,728.1400146484375,,,,,,,45.5,5.055555555,45.5,5.055555555,,,,,,,,,,,,,,,,,,,"Connor Norby","29592",681393
"Romy Gonzalez","BOS",1,6,6,1,1,0,0,0,1,1,0,0,2,0,0,0,,0,0,0.252383,0.0605472,0.248509,0.243642,0.299844,0.37082,0.295687,0.670664,0.118437,4.34615,0.324089,-0.00522817,-0.00514397,0.633216,-0.105749,84.3364,-0.0103721,-0.00183555,-0.12392405420541763,0.009275565505959094,0.01072,999,,,,,,,-0.4,-0.4,-0.4,-0.4,,,,,,,,,,,,,,,,,,,"Romy Gonzalez","21562",663853
"Pavin Smith","ARI",4,17,14,3,2,1,0,1,2,2,2,0,4,0,0,0,,0,0,0.235465,0.116751,0.256345,0.455446,0.324873,0.395349,0.318488,0.720222,0.159884,3.2139,0.294872,-0.0185221,-0.0236123,1.99466,0.0240824,99.2192,-0.0421344,-0.00516259,-0.05780535936355591,-0.3792366571724415,0.0105988,999,,,,,,,21.1,5.275,21.1,5.275,,,,,,,,,,,,,,,,,,,"Pavin Smith","19892",656976
"Davis Schneider","TOR",0,2,2,0,0,0,0,0,0,0,0,0,1,0,0,0,,0,0,0.221102,0.130336,0.274268,0.475214,0.328741,0.42264,0.331998,0.751382,0.201539,3.68654,0.269098,-0.00185594,-0.000874995,0.272,0.0256787,113.08,-0.00273094,0,0.02887735888361931,0,0.0103889,999,,,,,,,-2,,-2,,,,,,,,,,,,,,,,,,,,"Davis Schneider","23565",676914
"Gabriel Arias","CHC",1,4,4,1,1,0,0,0,0,0,0,0,1,0,0,0,,0,0,0.221584,0.0626224,0.326823,0.19161,0.273971,0.318573,0.264319,0.592544,0.0969887,4.13772,0.318941,0.00102106,-0.00269352,0.316873,-0.17577,65.6714,-0.00167246,0.136882,-0.1739181107841432,0.1405859796795994,0.0103628,748.3800048828125,,,,,,,1.6,1.6,1.6,1.6,,,,,,,,,,,,,,,,,,,"Gabriel Arias","22563",672356
"Mike Tauchman",,2,8,7,2,1,0,0,0,1,1,1,0,2,0,0,0,,0,0,0.23624,0.118664,0.223328,0.531346,0.330928,0.354351,0.309631,0.685279,0.118111,3.06519,0.297284,-0.0194306,-0.0101703,0.879263,-0.0444436,94.9558,-0.0296009,-0.00362456,-0.07618327811360359,-0.08695789147168398,0.010296,999,,,,,,,7.2,3.6,7.2,3.6,,,,,,,,,,,,,,,,,,,"Mike Tauchman","15274",643565
"Carlos Jorge","CIN",5,22,20,4,3,1,0,1,2,2,2,0,6,0,0,0,,0,0,0.22361,0.0788512,0.24698,0.319262,0.293184,0.354221,0.287949,0.647405,0.130611,4.54709,0.278682,0,-0.0027986,2.14594,-0.522542,77.419,-0.0027986,0,-0.6165135954506695,-0.016049381345510483,0.0102144,999,,,,,,,20.7,4.14,20.7,4.14,,,,,,,,,,,,,,,,,,,"Carlos Jorge","29455",699115
"Matt Wallner","MIN",1,3,3,1,0,0,0,0,0,0,0,0,1,0,0,0,,0,0,0.21788,0.110894,0.311647,0.355833,0.320461,0.436952,0.332296,0.757413,0.219071,3.43857,0.275177,-0.00138688,-0.00110801,0.442814,0.0425412,112.529,-0.00249489,0,0.046702441992238164,-0.06820987910032272,0.00993034,340.5899963378906,,,,,,,2.6,2.6,2.6,2.6,,,,,,,,,,,,,,,,,,,"Matt Wallner","26466",670242
"Lane Thomas","ATL",1,4,4,1,1,0,0,0,0,0,0,0,1,0,0,0,,0,0,0.228567,0.0921734,0.264438,0.348563,0.304998,0.379405,0.303721,0.684403,0.150838,5.15485,0.289444,0.00394355,0.00269615,0.449104,-0.0435392,89.8005,0.00663969,0.0569136,-0.044536775443702936,0.005061730742454529,0.00973876,726.6699829101562,,,,,,,1.6,1.6,1.6,1.6,,,,,,,,,,,,,,,,,,,"Lane Thomas","16939",657041
"Kyle Manzardo","CLE",2,10,9,2,1,0,0,0,1,1,1,0,3,0,0,0,,0,0,0.232232,0.0980033,0.256533,0.38203,0.311008,0.443653,0.328471,0.754661,0.211422,2.29011,0.270336,-0.0148331,-0.00965191,1.33041,0.098803,110.539,-0.024485,-0.168673,0.10284645669162273,-0.37978439033031464,0.00914497,253.4600067138672,,,,,,,5.2,2.6,5.2,2.6,,,,,,,,,,,,,,,,,,,"Kyle Manzardo","29794",700932
"Darell Hernaiz","ATH",1,4,3,1,1,0,0,0,0,0,0,0,1,0,0,0,,0,0,0.24909,0.078475,0.161539,0.485797,0.310911,0.348595,0.294733,0.659506,0.0995049,4.21218,0.286735,-0.00195911,0.000817626,0.366574,-0.0644893,78.6968,-0.00114148,0.025171,-0.09122884075623006,0.04924504831433296,0.00878221,999,,,,,,,2.6,2.6,2.6,2.6,,,,,,,,,,,,,,,,,,,"Darell Hernaiz","26224",687231
"Leo Rivas","SEA",0,1,1,0,0,0,0,0,0,0,0,0,0,0,0,0,,0,0,0.207603,0.132871,0.252397,0.526435,0.317256,0.27833,0.278424,0.595586,0.0707271,4.76367,0.279228,0.00177378,0.000577378,0.0910522,-0.0321086,82.2353,0.00235116,0.0614424,-0.01911282353103161,0.06884977873414755,0.0087802,999,,,,,,,-1,,-1,,,,,,,,,,,,,,,,,,,,"Leo Rivas","21009",660844
"Osleivis Basabe","SFG",7,32,29,7,5,1,0,1,3,3,2,0,6,0,0,0,,1,0,0.232829,0.0526252,0.175136,0.300481,0.283246,0.330244,0.273993,0.61349,0.0974147,4.08416,0.270163,-0.00903057,0.00368434,2.6637,-1.0927,72.5314,-0.00534623,-0.0414186,-1.056264332961291,0.10858138650655746,0.00856526,999,,,,,,,30.4,4.342857142,30.4,4.342857142,,,,,,,,,,,,,,,,,,,"Osleivis Basabe","23985",678545
"Angel Genao","CLE",7,31,29,7,5,2,0,0,4,3,2,0,5,0,0,0,,0,0,0.260759,0.0736831,0.175523,0.419793,0.316793,0.36446,0.302971,0.681252,0.103701,4.00755,0.30791,-0.0071979,0.00715673,3.34942,-0.345408,92.8319,-0.0000411658,-0.931554,-0.259863266182947,-0.7611832320690155,0.00811038,999,,,,,,,22,3.142857142,22,3.142857142,,,,,,,,,,,,,,,,,,,"Angel Genao","28811",694197
"Christian Bethancourt","PIT",0,0,0,0,0,0,0,0,0,0,0,0,0,0,0,0,,0,0,0.231276,0.040538,0.243743,0.166314,0.264711,0.315628,0.257712,0.580339,0.0843517,2.97186,0.292564,-0.000434725,-0.000602061,0.03368,-0.0226221,55.9406,-0.00103679,0.0724442,-0.02630197664257139,0.08170345984399319,0.00719918,999,,,,,,,0,,0,,,,,,,,,,,,,,,,,,,,"Christian Bethancourt","10028",542194
"Carson Williams","TBR",0,1,1,0,0,0,0,0,0,0,0,0,0,0,0,0,,0,0,0.201076,0.0781753,0.346509,0.225609,0.266122,0.303567,0.256715,0.569688,0.102491,5.01125,0.296896,0.00016752,-0.000631719,0.0789084,-0.0545159,59.3498,-0.000464199,0.0705661,-0.05367214034777135,0.08260311000049114,0.0069773,724.5499877929688,,,,,,,-1,,-1,,,,,,,,,,,,,,,,,,,,"Carson Williams","30038",700246
"Brett Callahan","DET",5,20,18,4,3,1,0,0,2,2,2,0,5,0,0,0,,0,0,0.22361,0.0788512,0.24698,0.319262,0.293184,0.354221,0.287949,0.647405,0.130611,4.54709,0.278682,0,-0.00244878,1.8777,-0.457225,81.051,-0.00244878,0,-0.43649677303619683,-0.19459876418113708,0.00656263,999,,,,,,,13.3,2.66,13.3,2.66,,,,,,,,,,,,,,,,,,,"Brett Callahan","33514",814430
"Ryan Ritter","COL",1,4,4,1,1,0,0,0,0,0,0,0,1,0,0,0,,0,0,0.246253,0.0781144,0.270731,0.288532,0.310779,0.337092,0.291066,0.647871,0.0908387,4.55634,0.335168,-0.000665713,-0.00350208,0.385455,-0.0815301,68.8625,-0.0041678,0.0600493,-0.15226456755772233,0.08612959459424019,0.00631446,999,,,,,,,1.6,1.6,1.6,1.6,,,,,,,,,,,,,,,,,,,"Ryan Ritter","31500",690022
"Kevin Alcántara","CHC",0,1,1,0,0,0,0,0,0,0,0,0,0,0,0,0,,0,0,0.234043,0.0784314,0.294118,0.266667,0.294118,0.361702,0.291297,0.65582,0.12766,4.61814,0.322581,-0.000605544,0.00280384,0.101852,-0.0213084,83.7154,0.0021983,0.0495111,-0.01822897745296359,0.04580742330290377,0.00623872,999,,,,,,,-1,,-1,,,,,,,,,,,,,,,,,,,,"Kevin Alcantara","25971",682634
"Edgar Quero","CHW",1,4,4,1,1,0,0,0,0,0,0,0,1,0,0,0,,0,0,0.249771,0.0843162,0.184563,0.456843,0.31991,0.354051,0.301928,0.673961,0.10428,1.75651,0.295017,-0.00692492,-0.00583625,0.438867,-0.0490841,91.6964,-0.0127612,-0.115089,-0.05250999517738819,-0.03484240919351578,0.00589535,475.1000061035156,,,,,,,1.6,1.6,1.6,1.6,,,,,,,,,,,,,,,,,,,"Edgar Quero","28022",700337
"Jorge Soler",,2,10,9,2,1,0,0,0,1,1,1,0,3,0,0,0,,0,0,0.221024,0.103082,0.282197,0.365286,0.306233,0.417045,0.317773,0.723278,0.196021,1.75572,0.27066,-0.0317902,-0.0120798,1.24066,0.0090485,100.503,-0.04387,0,-0.037673229817301035,-0.25925925374031067,0.00566115,634.8099975585938,,,,,,,5.2,2.6,5.2,2.6,,,,,,,,,,,,,,,,,,,"Jorge Soler","14221",624585
"Jasson Domínguez","NYY",0,2,2,0,0,0,0,0,0,0,0,0,0,0,0,0,,0,0,0.244067,0.0835387,0.244698,0.341395,0.310412,0.408505,0.314989,0.718917,0.164438,5.26182,0.297274,0.00569612,0.00466196,0.197811,-0.00232505,100.606,0.0103581,0,0.011547514935955405,-0.01805555447936058,0.00539646,421.5400085449219,,,,,,,-2,,-2,,,,,,,,,,,,,,,,,,,,"Jasson Dominguez","28080",691176
"Kenny Piper","TBR",0,2,1,0,0,0,0,0,0,0,0,0,0,0,0,0,,0,0,0.22361,0.0788512,0.24698,0.319262,0.293184,0.354221,0.287949,0.647405,0.130611,4.54709,0.278682,0,-0.000191904,0.14715,-0.0358315,81.0385,-0.000191904,0,-0.034229624856379814,0.030092593282461166,0.0051181,999,,,,,,,-1,,-1,,,,,,,,,,,,,,,,,,,,"Kenny Piper","29962",700652
"Jim Jarvis","ATL",1,3,2,1,0,0,0,0,0,0,0,0,1,0,0,0,,0,0,0.22361,0.0788512,0.24698,0.319262,0.293184,0.354221,0.287949,0.647405,0.130611,4.54709,0.278682,0,-0.000322916,0.247609,-0.0602933,79.2515,-0.000322916,0,-0.06538957401062362,0.02777777798473835,0.00477224,999,,,,,,,3.6,3.6,3.6,3.6,,,,,,,,,,,,,,,,,,,"Jim Jarvis","33492",805347
"Zach Morgan","SFG",0,1,1,0,0,0,0,0,0,0,0,0,0,0,0,0,,0,0,0.22361,0.0788512,0.24698,0.319262,0.293184,0.354221,0.287949,0.647405,0.130611,4.54709,0.278682,0,-0.000177143,0.135831,-0.0330752,81.8658,-0.000177143,0,-0.03137345548020676,0.02777777798473835,0.0043486,999,,,,,,,-1,,-1,,,,,,,,,,,,,,,,,,,,"Zach Morgan","sa3019968",681439
"Eliezer Alfonzo","LAD",0,2,1,0,0,0,0,0,0,0,0,0,0,0,0,0,,0,0,0.22361,0.0788512,0.24698,0.319262,0.293184,0.354221,0.287949,0.647405,0.130611,4.54709,0.278682,0,-0.000191904,0.14715,-0.0358315,79.7203,-0.000191904,0,-0.03798650189128239,0.030092593282461166,0.0043048,999,,,,,,,-1,,-1,,,,,,,,,,,,,,,,,,,,"Eliezer Alfonzo","22741",672613
"Gavin Sheets","SDP",2,8,8,2,1,0,0,0,1,1,1,0,2,0,0,0,,0,0,0.233696,0.0958525,0.198803,0.482148,0.311715,0.397265,0.313013,0.708979,0.163569,2.56517,0.263452,-0.0175518,-0.0102547,0.975585,-0.0250969,100.349,-0.0278064,0,-0.0242467459756881,-0.21064814925193787,0.00406571,684.8099975585938,,,,,,,6.2,3.1,6.2,3.1,,,,,,,,,,,,,,,,,,,"Gavin Sheets","19901",657757
"Rudy Martin Jr.","TOR",1,4,4,1,1,0,0,0,0,0,0,0,1,0,0,0,,0,0,0.22361,0.0788512,0.24698,0.319262,0.293184,0.354221,0.287949,0.647405,0.130611,4.54709,0.278682,0,-0.000516666,0.396174,-0.0964694,82.493,-0.000516666,0,-0.0851268150145188,-0.02222222276031971,0.00400603,999,,,,,,,1.6,1.6,1.6,1.6,,,,,,,,,,,,,,,,,,,"Rudy Martin Jr.","18582",657675
"Alek Thomas","LAD",1,6,5,1,1,0,0,0,1,1,0,0,1,0,0,0,,0,0,0.23206,0.058406,0.224265,0.260434,0.281915,0.332825,0.273676,0.61474,0.100765,4.21975,0.286159,0.0128016,-0.00383959,0.471622,-0.195499,70.1739,0.008962,0.0291539,-0.1936945552006364,0.04921562597155571,0.00394143,746.030029296875,,,,,,,0.6,0.6,0.6,0.6,,,,,,,,,,,,,,,,,,,"Alek Thomas","23792",677950
"Creed Willems","BAL",0,1,1,0,0,0,0,0,0,0,0,0,0,0,0,0,,0,0,0.22361,0.0788512,0.24698,0.319262,0.293184,0.354221,0.287949,0.647405,0.130611,4.54709,0.278682,0,-0.000118095,0.0905541,-0.0220501,83.8695,-0.000118095,0,-0.017937000433448702,0.018518518656492233,0.00346729,999,,,,,,,-1,,-1,,,,,,,,,,,,,,,,,,,,"Creed Willems","sa3017562",695735
"Johnathan Rodríguez","ATH",0,1,1,0,0,0,0,0,0,0,0,0,0,0,0,0,,0,0,0.238184,0.0906593,0.273243,0.33179,0.309093,0.33765,0.290825,0.646743,0.0994664,3.07475,0.31948,-0.00138124,-0.000944173,0.101457,-0.021704,75.9834,-0.00232541,0.0389992,-0.03134315274655819,0.027888077311217785,0.00337676,999,,,,,,,-1,,-1,,,,,,,,,,,,,,,,,,,,"Johnathan Rodriguez","22530",671286
"Ronny Mauricio","NYM",1,3,3,1,0,0,0,0,0,0,0,0,1,0,0,0,,0,0,0.237647,0.0545177,0.263056,0.207248,0.281583,0.357862,0.280519,0.639445,0.120215,4.9167,0.304248,0.00205322,0.00134312,0.25136,-0.082201,76.382,0.00339634,-0.00070018,-0.07684128335677087,0.013343030179385096,0.00285868,999,,,,,,,2.6,2.6,2.6,2.6,,,,,,,,,,,,,,,,,,,"Ronny Mauricio","23698",677595
"Miguel Andujar","SDP",3,14,13,4,3,1,0,0,2,2,1,0,2,0,0,0,,0,0,0.269734,0.0539786,0.150509,0.35864,0.311127,0.393496,0.308627,0.704623,0.123762,3.24696,0.301654,-0.0196015,-0.0166879,1.57615,-0.0916578,97.4158,-0.0362894,0,-0.08018628507852554,-0.3510802388191223,0.00273568,722.9099731445312,,,,,,,15.3,5.1,15.3,5.1,,,,,,,,,,,,,,,,,,,"Miguel Andujar","15878",609280
"Tommy Pham","CHW",1,4,4,1,1,0,0,0,1,0,0,0,1,0,0,0,,0,0,0.238383,0.0957725,0.229544,0.417229,0.313276,0.359885,0.300457,0.673161,0.121502,3.97938,0.299117,-0.00908796,-0.0026022,0.474665,-0.0590315,90.6753,-0.0116902,-0.0155322,-0.06051123235374689,-0.07170501351356506,0.00272251,999,,,,,,,1.6,1.6,1.6,1.6,,,,,,,,,,,,,,,,,,,"Tommy Pham","2967",502054
"Ben Malgeri","DET",2,11,10,2,1,0,0,0,1,1,1,0,3,0,0,0,,0,0,0.22361,0.0788512,0.24698,0.319262,0.293184,0.354221,0.287949,0.647405,0.130611,4.54709,0.278682,0,-0.00132934,1.01932,-0.248208,81.051,-0.00132934,0,-0.23695536272134632,-0.11435185372829437,0.00267752,999,,,,,,,4.2,2.1,4.2,2.1,,,,,,,,,,,,,,,,,,,"Ben Malgeri","29577",701162
"Mark Vientos","NYM",6,28,26,6,4,1,0,1,3,4,2,0,7,0,0,0,,0,0,0.234782,0.0671061,0.256455,0.261668,0.288858,0.413295,0.306128,0.702153,0.178512,2.23567,0.278911,-0.0609741,-0.0286316,3.0955,-0.240104,93.5104,-0.0896057,0.000391402,-0.31007636338472366,-0.5813987472211011,0.00253132,652.5700073242188,,,,,,,25.9,4.316666666,25.9,4.316666666,,,,,,,,,,,,,,,,,,,"Mark Vientos","22184",668901
"Riley Adams","WSN",0,1,1,0,0,0,0,0,0,0,0,0,0,0,0,0,,0,0,0.224755,0.0721526,0.316165,0.228212,0.291513,0.363165,0.289773,0.654678,0.138411,3.02913,0.309921,0,-0.000616812,0.0842906,-0.0189299,78.7082,-0.000616812,0,-0.02300084673333913,0.01697530783712864,0.0022686,999,,,,,,,-1,,-1,,,,,,,,,,,,,,,,,,,,"Riley Adams","19864",656180
"Nate Eaton","BOS",2,9,8,2,1,0,0,0,1,1,1,0,2,0,0,0,,0,0,0.212586,0.0753449,0.230581,0.326762,0.279454,0.326208,0.271285,0.605662,0.113622,5.54695,0.260792,0,0.035919,0.723029,-0.323839,67.3912,0.035919,0,-0.29897378012537956,0.009259257465600967,0.00225548,999,,,,,,,6.2,3.1,6.2,3.1,,,,,,,,,,,,,,,,,,,"Nate Eaton","25055",681987
"Kahlil Watson","CLE",0,1,0,0,0,0,0,0,0,0,0,0,0,0,0,0,,0,0,0.25,0.0909091,0.318182,0.285714,0.318182,0.45,0.335274,0.768182,0.2,1.60119,0.333333,0.0000190389,-0.000665407,0.0693747,0.0077943,115.263,-0.000646368,-0.000775365,0.008574359468184412,-0.006330920965410769,0.00209176,999,,,,,,,0,,0,,,,,,,,,,,,,,,,,,,,"Kahlil Watson","29905",696135
"Ben Ross","MIN",0,1,1,0,0,0,0,0,0,0,0,0,0,0,0,0,,0,0,0.22361,0.0788512,0.24698,0.319262,0.293184,0.354221,0.287949,0.647405,0.130611,4.54709,0.278682,0,-0.00013993,0.107297,-0.0261271,81.7343,-0.00013993,0,-0.024048314458923414,0.004012345802038908,0.00200305,999,,,,,,,-1,,-1,,,,,,,,,,,,,,,,,,,,"Ben Ross","31710",805346
"Carlos Pérez","DET",0,1,0,0,0,0,0,0,0,0,0,0,0,0,0,0,,0,0,0.22361,0.0788512,0.24698,0.319262,0.293184,0.354221,0.287949,0.647405,0.130611,4.54709,0.278682,0,-0.000063968,0.0490501,-0.0119438,81.051,-0.000063968,0,-0.011402364943933208,0.010030863806605339,0.00170679,999,,,,,,,0,,0,,,,,,,,,,,,,,,,,,,,"Carlos Perez","10642",542208
"Andrew McCutchen",,1,3,2,1,0,0,0,0,0,0,0,0,1,0,0,0,,0,0,0.232207,0.117482,0.230509,0.509664,0.326377,0.38444,0.316662,0.710817,0.152233,2.38559,0.279769,-0.00298441,-0.00285527,0.307834,-0.0000678467,99.7464,-0.00583969,0,-0.00662046013167128,-0.06481481343507767,0.0016995,999,,,,,,,3.6,3.6,3.6,3.6,,,,,,,,,,,,,,,,,,,"Andrew McCutchen","9847",457705
"Curtis Mead","BOS",0,1,1,0,0,0,0,0,0,0,0,0,0,0,0,0,,0,0,0.238883,0.0816892,0.212871,0.38375,0.310641,0.3879,0.30899,0.698541,0.149017,3.91783,0.281617,-0.000937624,-0.000186948,0.116697,-0.00646407,93.5736,-0.00112457,0,-0.008889134624041617,-0.01111111044883728,0.00169604,999,,,,,,,-1,,-1,,,,,,,,,,,,,,,,,,,,"Curtis Mead","23986",678554
"Max Schuemann","NYY",0,1,1,0,0,0,0,0,0,0,0,0,0,0,0,0,,0,0,0.221901,0.0967544,0.211325,0.457847,0.306808,0.341108,0.291869,0.647916,0.119207,4.99583,0.268119,0.000163094,0.000890819,0.11086,-0.022564,84.5514,0.00105391,0,-0.019167117192409933,-0.004012345336377621,0.00168372,999,,,,,,,-1,,-1,,,,,,,,,,,,,,,,,,,,"Max Schuemann","24488",680474
"Collin Price","HOU",0,0,0,0,0,0,0,0,0,0,0,0,0,0,0,0,,0,0,0.22361,0.0788512,0.24698,0.319262,0.293184,0.354221,0.287949,0.647405,0.130611,4.54709,0.278682,0,-0.0000590475,0.045277,-0.0110251,82.8537,-0.0000590475,0,-0.009529589471640065,0.009259259328246117,0.00167665,999,,,,,,,0,,0,,,,,,,,,,,,,,,,,,,,"Collin Price","31415",805672
"Shawn Ross","TOR",0,0,0,0,0,0,0,0,0,0,0,0,0,0,0,0,,0,0,0.22361,0.0788512,0.24698,0.319262,0.293184,0.354221,0.287949,0.647405,0.130611,4.54709,0.278682,0,-0.0000590475,0.045277,-0.0110251,82.493,-0.0000590475,0,-0.00972877981257625,0.009259259328246117,0.00165641,999,,,,,,,0,,0,,,,,,,,,,,,,,,,,,,,"Shawn Ross","32054",676566
"Jack Winkler","ATH",0,1,1,0,0,0,0,0,0,0,0,0,0,0,0,0,,0,0,0.22361,0.0788512,0.24698,0.319262,0.293184,0.354221,0.287949,0.647405,0.130611,4.54709,0.278682,0,-0.000129167,0.0990435,-0.0241173,73.986,-0.000129167,0,-0.031560234376229346,0.011111111380159855,0.00165044,999,,,,,,,-1,,-1,,,,,,,,,,,,,,,,,,,,"Jack Winkler","29830",676466
"Hayden Senger","NYM",0,1,0,0,0,0,0,0,0,0,0,0,0,0,0,0,,0,0,0.22361,0.0788512,0.24698,0.319262,0.293184,0.354221,0.287949,0.647405,0.130611,4.54709,0.278682,0,-0.000063968,0.0490501,-0.0119438,81.3516,-0.000063968,0,-0.01164877799601527,0.010030863806605339,0.00153788,999,,,,,,,0,,0,,,,,,,,,,,,,,,,,,,,"Hayden Senger","21489",663584
"Ryan Mountcastle","BAL",1,3,2,1,0,0,0,0,0,0,0,0,1,0,0,0,,0,0,0.251197,0.0658099,0.248841,0.264466,0.302702,0.394968,0.305966,0.69767,0.14377,3.09888,0.310943,-0.00284873,-0.00241179,0.285399,-0.022503,96.3804,-0.00526052,0.000610917,-0.016193712130188942,-0.06050019047688693,0.00152849,748.0900268554688,,,,,,,3.6,3.6,3.6,3.6,,,,,,,,,,,,,,,,,,,"Ryan Mountcastle","18373",663624
"Nick Madrigal","TBR",2,10,9,2,1,0,0,0,1,1,1,0,2,0,0,0,,0,0,0.213607,0.0658633,0.152711,0.431294,0.28513,0.304194,0.268189,0.589325,0.0905875,4.31588,0.245241,0,0.00174189,0.804031,-0.396787,67.317,0.00174189,0,-0.3832739304052666,0.040123458951711655,0.00148693,999,,,,,,,5.2,2.6,5.2,2.6,,,,,,,,,,,,,,,,,,,"Nick Madrigal","20521",663611
"Nate Furman","SFG",2,10,9,2,2,0,0,0,1,1,1,0,2,0,0,0,,0,0,0.245397,0.0877267,0.165398,0.530397,0.3264,0.342265,0.302679,0.668665,0.0968682,4.26505,0.284285,0.00435781,0.00818372,1.05832,-0.111708,91.7181,0.0125415,-0.257372,-0.08615145087242126,-0.22218644991517067,0.00133124,999,,,,,,,5.2,2.6,5.2,2.6,,,,,,,,,,,,,,,,,,,"Nate Furman","31988",801501
"Logan Driscoll","MIA",0,0,0,0,0,0,0,0,0,0,0,0,0,0,0,0,,0,0,0.22361,0.0788512,0.24698,0.319262,0.293184,0.354221,0.287949,0.647405,0.130611,4.54709,0.278682,0,-0.0000590475,0.045277,-0.0110251,78.1251,-0.0000590475,0,-0.012602885981323197,0.009259259328246117,0.00123163,999,,,,,,,0,,0,,,,,,,,,,,,,,,,,,,,"Logan Driscoll","25475",686482
"Rikuu Nishida","CHW",0,1,1,0,0,0,0,0,0,0,0,0,0,0,0,0,,0,0,0.22361,0.0788512,0.24698,0.319262,0.293184,0.354221,0.287949,0.647405,0.130611,4.54709,0.278682,0,-0.00013993,0.107297,-0.0261271,81.9894,-0.00013993,0,-0.023714418552117422,-0.004012345336377621,0.00122179,999,,,,,,,-1,,-1,,,,,,,,,,,,,,,,,,,,"Rikuu Nishida","33795",807747
"Drew Romo","CHW",0,1,0,0,0,0,0,0,0,0,0,0,0,0,0,0,,0,0,0.205627,0.0651342,0.308642,0.211035,0.260734,0.314397,0.25677,0.575131,0.10877,2.79611,0.285186,-0.000307907,-0.000804155,0.0360953,-0.0248986,60.339,-0.00111206,0.00861823,-0.024843789055012167,0.018649094738066196,0.00121684,999,,,,,,,0,,0,,,,,,,,,,,,,,,,,,,,"Drew Romo","27763",691011
"Bryan Lavastida","ATH",0,0,0,0,0,0,0,0,0,0,0,0,0,0,0,0,,0,0,0.22361,0.0788512,0.24698,0.319262,0.293184,0.354221,0.287949,0.647405,0.130611,4.54709,0.278682,0,-0.0000590475,0.045277,-0.0110251,73.986,-0.0000590475,0,-0.014427536894800141,0.009259259328246117,0.0011791,999,,,,,,,0,,0,,,,,,,,,,,,,,,,,,,,"Bryan Lavastida","24765",681526
"Michael Helman","TEX",0,1,0,0,0,0,0,0,0,0,0,0,0,0,0,0,,0,0,0.217865,0.0686459,0.227197,0.302143,0.278657,0.368322,0.286004,0.646979,0.150458,5.63208,0.260626,0,0.00131339,0.0487058,-0.0128746,82.4592,0.00131339,0,-0.009283311665058136,0.0018518518190830946,0.00110895,999,,,,,,,0,,0,,,,,,,,,,,,,,,,,,,,"Michael Helman","24605",680737
"Seaver King","WSN",1,4,4,1,1,0,0,0,0,0,0,0,1,0,0,0,,0,0,0.243668,0.0589528,0.236219,0.249568,0.291257,0.319454,0.273329,0.610712,0.0757864,3.93837,0.312734,0.000690392,-0.00592106,0.318183,-0.133406,67.7094,-0.00523067,-0.000285646,-0.15374893276020885,0.040455093228956684,0.00109424,999,,,,,,,1.6,1.6,1.6,1.6,,,,,,,,,,,,,,,,,,,"Seaver King","sa3025414",814409
"Andrew Vaughn","MIL",8,35,31,8,5,2,0,1,4,5,3,0,6,0,0,0,,0,0,0.258852,0.0820896,0.182788,0.449098,0.328436,0.409167,0.325558,0.737604,0.150315,1.55387,0.294082,-0.0937253,-0.0486888,4.37501,0.249119,105.683,-0.142414,-0.647418,0.09638769924640656,-1.2196406126022339,0.00104179,272.2699890136719,,,,,,,38,4.75,38,4.75,,,,,,,,,,,,,,,,,,,"Andrew Vaughn","26197",683734
"Lucas Spence","HOU",0,1,0,0,0,0,0,0,0,0,0,0,0,0,0,0,,0,0,0.22361,0.0788512,0.24698,0.319262,0.293184,0.354221,0.287949,0.647405,0.130611,4.54709,0.278682,0,-0.0000645833,0.0495218,-0.0120587,82.8537,-0.0000645833,0,-0.010422985826153308,0.0018518518190830946,0.00099318,999,,,,,,,0,,0,,,,,,,,,,,,,,,,,,,,"Lucas Spence","35126",828599
"Raynel Delgado","HOU",1,3,2,1,0,0,0,0,0,0,0,0,1,0,0,0,,0,0,0.229809,0.0753282,0.242555,0.31056,0.29097,0.294678,0.264919,0.585647,0.0648688,4.60598,0.302777,0.00383728,0.00327795,0.199304,-0.108599,66.8617,0.00711524,-0.00216859,-0.09298196667805314,0.010794371599331498,0.000970418,999,,,,,,,3.6,3.6,3.6,3.6,,,,,,,,,,,,,,,,,,,"Raynel Delgado","22272",669384
"Patrick Wisdom","SEA",0,2,2,0,0,0,0,0,0,0,0,0,1,0,0,0,,0,0,0.22361,0.0788512,0.24698,0.319262,0.293184,0.354221,0.287949,0.647405,0.130611,4.54709,0.278682,0,-0.000258333,0.198087,-0.0482347,88.8493,-0.000258333,0,-0.027203685836866498,-0.03703703731298447,0.00092966,999,,,,,,,-2,,-2,,,,,,,,,,,,,,,,,,,,"Patrick Wisdom","13602",621550
"Gage Workman","SDP",0,1,1,0,0,0,0,0,0,0,0,0,0,0,0,0,,0,0,0.22361,0.0788512,0.24698,0.319262,0.293184,0.354221,0.287949,0.647405,0.130611,4.54709,0.278682,0,-0.0000699652,0.0536486,-0.0130636,83.5853,-0.0000699652,0,-0.011223080116906203,0.002006172901019454,0.000925526,999,,,,,,,-1,,-1,,,,,,,,,,,,,,,,,,,,"Gage Workman","27573",669398
"Hyeseong Kim","LAD",0,1,1,0,0,0,0,0,0,0,0,0,0,0,0,0,,0,0,0.243225,0.0644157,0.251793,0.255828,0.295055,0.341028,0.283258,0.636083,0.0978027,5.50589,0.318077,0.00244961,0.00179755,0.0515169,-0.0151953,76.5829,0.00424716,0,-0.011663833633065224,0.002006172901019454,0.000880752,740.77001953125,,,,,,,-1,,-1,,,,,,,,,,,,,,,,,,,,"Hyeseong Kim","35322",808975
"Marcell Ozuna",,1,5,5,1,1,0,0,0,1,1,1,0,1,0,0,0,,0,0,0.233529,0.122196,0.254581,0.479989,0.329572,0.368528,0.313442,0.6981,0.134998,1.52318,0.293443,-0.0151677,-0.00818827,0.602163,-0.0136417,97.5526,-0.0233559,0,-0.03842344135046005,-0.12962962687015533,0.00084087,377.510009765625,,,,,,,3.6,3.6,3.6,3.6,,,,,,,,,,,,,,,,,,,"Marcell Ozuna","10324",542303
"Colby Thomas","PHI",0,2,1,0,0,0,0,0,0,0,0,0,0,0,0,0,,0,0,0.225717,0.0612124,0.304795,0.200831,0.279409,0.414593,0.301455,0.694003,0.188876,4.57092,0.286971,0.000277217,0.00111731,0.165563,-0.019178,85.125,0.00139453,0,-0.0265940505778417,-0.01666666753590107,0.000761206,748.5900268554688,,,,,,,-1,,-1,,,,,,,,,,,,,,,,,,,,"Colby Thomas","31855",687515
"Junior Perez","CHW",0,1,1,0,0,0,0,0,0,0,0,0,0,0,0,0,,0,0,0.205128,0.0930233,0.348837,0.266667,0.27907,0.333333,0.274761,0.612403,0.128205,5.75836,0.304348,-0.0021634,0.00912304,0.0953102,-0.038114,72.8315,0.00695964,0.000249727,-0.028601794503629208,-0.0037626182893291116,0.000750684,999,,,,,,,-1,,-1,,,,,,,,,,,,,,,,,,,,"Junior Perez","23989",678577
"Ethan Murray","MIL",0,1,0,0,0,0,0,0,0,0,0,0,0,0,0,0,,0,0,0.22361,0.0788512,0.24698,0.319262,0.293184,0.354221,0.287949,0.647405,0.130611,4.54709,0.278682,0,-0.0000645833,0.0495218,-0.0120587,80.5281,-0.0000645833,0,-0.012277240690309554,0.0018518518190830946,0.000659547,999,,,,,,,0,,0,,,,,,,,,,,,,,,,,,,,"Ethan Murray","sa3017051",696140
"Kyle Farmer","ATL",0,2,2,0,0,0,0,0,0,0,0,0,0,0,0,0,,0,0,0.229025,0.0630495,0.227803,0.276772,0.287492,0.348116,0.282695,0.635608,0.119091,3.20399,0.279921,-0.00139888,-0.00253514,0.185215,-0.0558287,75.7372,-0.00393402,0,-0.06349955033510923,0.003703703638166189,0.000652795,999,,,,,,,-2,,-2,,,,,,,,,,,,,,,,,,,,"Kyle Farmer","14813",571657
"Nick Yorke","PIT",0,2,1,0,0,0,0,0,0,0,0,0,0,0,0,0,,0,0,0.244128,0.0690734,0.22172,0.311535,0.298245,0.346942,0.286682,0.645187,0.102814,3.82033,0.306865,-0.000444311,-0.00154852,0.146971,-0.0377702,75.3171,-0.00199283,-0.0021419,-0.04843577090650797,0.00341365416534245,0.000582277,999,,,,,,,-1,,-1,,,,,,,,,,,,,,,,,,,,"Nick Yorke","27504",694377
"Vimael Machín","COL",2,8,7,2,1,0,0,0,1,1,1,0,1,0,0,0,,0,0,0.252746,0.0955673,0.179669,0.531907,0.326855,0.338876,0.301274,0.665732,0.0861298,2.65702,0.305759,0,-0.0121165,0.83586,-0.0981101,75.6904,-0.0121165,0,-0.24336005561053753,-0.008024691604077816,0.000528791,999,,,,,,,7.2,3.6,7.2,3.6,,,,,,,,,,,,,,,,,,,"Vimael Machin","17684",605353
"Joey Loperfido","HOU",0,1,0,0,0,0,0,0,0,0,0,0,0,0,0,0,,0,0,0.233645,0.0649718,0.279661,0.232323,0.295455,0.367601,0.292704,0.663056,0.133956,5.16287,0.310185,-0.000147858,-0.0000972357,0.0515166,-0.0100639,86.1557,-0.000245094,0.000940589,-0.008608680916950107,-0.004614966630470008,0.000520561,746.02001953125,,,,,,,0,,0,,,,,,,,,,,,,,,,,,,,"Joey Loperfido","29630",694388
"James Triantos","CHC",0,1,0,0,0,0,0,0,0,0,0,0,0,0,0,0,,0,0,0.263393,0.0428364,0.163402,0.262155,0.302332,0.317537,0.278381,0.619869,0.0541446,5.70965,0.316535,0,0.00190576,0.045508,-0.0160724,75.0765,0.00190576,0,-0.013726111501455307,0.0018518518190830946,0.000512366,999,,,,,,,0,,0,,,,,,,,,,,,,,,,,,,,"James Triantos","29795",701649
"Andrew Pintar","MIA",0,1,0,0,0,0,0,0,0,0,0,0,0,0,0,0,,0,0,0.22361,0.0788512,0.24698,0.319262,0.293184,0.354221,0.287949,0.647405,0.130611,4.54709,0.278682,0,-0.0000645833,0.0495218,-0.0120587,78.1251,-0.0000645833,0,-0.013784404669422656,0.0018518518190830946,0.000506444,999,,,,,,,0,,0,,,,,,,,,,,,,,,,,,,,"Andrew Pintar","sa3020715",801464
"Yoán Moncada","LAA",1,2,2,0,0,0,0,0,0,0,0,0,1,0,0,0,,0,0,0.237263,0.0888127,0.274611,0.323412,0.31062,0.377552,0.305292,0.688173,0.140289,2.13321,0.309334,-0.00207142,-0.00239383,0.246121,-0.0207276,94.4031,-0.00446525,0,-0.019116969779133797,-0.05617284029722214,0.000428543,746.1500244140625,,,,,,,-2,-2,-2,-2,,,,,,,,,,,,,,,,,,,"Yoan Moncada","17232",660162
"Willie MacIver","SEA",0,0,0,0,0,0,0,0,0,0,0,0,0,0,0,0,,0,0,0.214286,0.0666667,0.266667,0.25,0.266667,0.25,0.236976,0.516667,0.0357143,1.86161,0.3,-0.0000739063,-0.000624596,0.025727,-0.0305751,53.4541,-0.000698502,0.00409247,-0.026407482742797583,0.013351726811379194,0.000377856,999,,,,,,,0,,0,,,,,,,,,,,,,,,,,,,,"Willie MacIver","24641",680862
"Ivan Johnson","CIN",1,2,2,0,0,0,0,0,0,0,0,0,1,0,0,0,,0,0,0.22361,0.0788512,0.24698,0.319262,0.293184,0.354221,0.287949,0.647405,0.130611,4.54709,0.278682,0,-0.000279861,0.214594,-0.0522542,77.4191,-0.000279861,0,-0.06165132863679901,-0.008024690672755241,0.000369305,999,,,,,,,-2,-2,-2,-2,,,,,,,,,,,,,,,,,,,"Ivan Johnson","27593",671155
"Jake Cave","CHW",0,1,1,0,0,0,0,0,0,0,0,0,0,0,0,0,,0,0,0.22361,0.0788512,0.24698,0.319262,0.293184,0.354221,0.287949,0.647405,0.130611,4.54709,0.278682,0,-0.0000699652,0.0536486,-0.0130636,81.9894,-0.0000699652,0,-0.011857209276058711,-0.006018518470227718,0.000203307,999,,,,,,,-1,,-1,,,,,,,,,,,,,,,,,,,,"Jake Cave","14477",595909
"Gabriel Gonzalez","MIN",0,1,1,0,0,0,0,0,0,0,0,0,0,0,0,0,,0,0,0.249449,0.0627539,0.188575,0.332779,0.301387,0.350952,0.290378,0.652339,0.101503,3.48343,0.299,-0.000494454,-0.000544131,0.0547525,-0.0119596,83.4211,-0.00103859,-0.0000989247,-0.01188882498536259,-0.006117443212133367,0.000190047,999,,,,,,,-1,,-1,,,,,,,,,,,,,,,,,,,,"Gabriel Gonzalez","28833",694224
"Mason McCoy","SDP",1,3,3,1,0,0,0,0,0,0,0,0,1,0,0,0,,0,0,0.196721,0.0757576,0.318182,0.238095,0.257576,0.278689,0.243548,0.536264,0.0819672,5.2744,0.282051,-0.00305853,0.0136581,0.167351,-0.16621,53.8877,0.0105995,0.0422056,-0.14605780877172947,0.05624884180724621,0.000185938,999,,,,,,,2.6,2.6,2.6,2.6,,,,,,,,,,,,,,,,,,,"Mason McCoy","22232",669200
"Corey Julks","DET",0,1,1,0,0,0,0,0,0,0,0,0,0,0,0,0,,0,0,0.22361,0.0788512,0.24698,0.319262,0.293184,0.354221,0.287949,0.647405,0.130611,4.54709,0.278682,0,-0.0000699652,0.0536486,-0.0130636,81.051,-0.0000699652,0,-0.01247132990101818,-0.006018518470227718,0.000140923,999,,,,,,,-1,,-1,,,,,,,,,,,,,,,,,,,,"Corey Julks","20311",667452
"César Prieto","STL",0,1,0,0,0,0,0,0,0,0,0,0,0,0,0,0,,0,0,0.251119,0.0473798,0.212357,0.223113,0.29075,0.35075,0.282421,0.6415,0.0996309,2.94284,0.313097,-0.000657747,-0.000649182,0.0472028,-0.0143776,77.5742,-0.00130693,-0.0026318,-0.015372285153716803,-0.0007799516897648573,0.0000777927,999,,,,,,,0,,0,,,,,,,,,,,,,,,,,,,,"Cesar Prieto","30163",693409
"Parks Harber","SFG",1,3,3,1,0,0,0,0,0,0,0,0,1,0,0,0,,0,0,0.22361,0.0788512,0.24698,0.319262,0.293184,0.354221,0.287949,0.647405,0.130611,4.54709,0.278682,0,-0.000387499,0.297131,-0.072352,81.8658,-0.000387499,0,-0.06862942315638065,-0.03333333507180214,-0.0000461741,999,,,,,,,2.6,2.6,2.6,2.6,,,,,,,,,,,,,,,,,,,"Parks Harber","sa3025308",692238
"Jace Jung","DET",0,1,0,0,0,0,0,0,0,0,0,0,0,0,0,0,,0,0,0.208955,0.118421,0.276316,0.428571,0.302632,0.343284,0.2918,0.645915,0.134328,1.30357,0.272727,0.000147948,-0.00075121,0.0553988,-0.0113133,83.7253,-0.000603262,0.000751542,-0.01125440705800429,-0.0092793217045255,-0.0000667022,999,,,,,,,0,,0,,,,,,,,,,,,,,,,,,,,"Jace Jung","31437",690291
"Jack Suwinski","TBR",0,1,0,0,0,0,0,0,0,0,0,0,0,0,0,0,,0,0,0.181695,0.106984,0.306724,0.348794,0.279772,0.347116,0.279184,0.626889,0.165421,4.55705,0.231331,0,0.00118614,0.0496652,-0.017047,74.9519,0.00118614,0,-0.015206859330646694,-0.006018518470227718,-0.000136962,999,,,,,,,0,,0,,,,,,,,,,,,,,,,,,,,"Jack Suwinski","22244",669261
"Kemp Alderman","MIA",0,1,0,0,0,0,0,0,0,0,0,0,0,0,0,0,,0,0,0.22361,0.0788512,0.24698,0.319262,0.293184,0.354221,0.287949,0.647405,0.130611,4.54709,0.278682,0,-0.0000645833,0.0495218,-0.0120587,78.1251,-0.0000645833,0,-0.013784404669422656,-0.0055555556900799274,-0.000246028,999,,,,,,,0,,0,,,,,,,,,,,,,,,,,,,,"Kemp Alderman","sa3022562",694580
"Josh Rojas","KCR",1,5,5,1,1,0,0,0,1,1,0,0,1,0,0,0,,0,0,0.230309,0.0854465,0.214676,0.398025,0.297253,0.337876,0.284321,0.635129,0.107567,3.62433,0.283893,-0.00468306,-0.00210842,0.479999,-0.135806,76.6679,-0.00679148,-0.0607276,-0.14774514408782125,-0.038505347445607185,-0.000281338,999,,,,,,,0.6,0.6,0.6,0.6,,,,,,,,,,,,,,,,,,,"Josh Rojas","19734",668942
"Ryan Ward","LAD",0,1,1,0,0,0,0,0,0,0,0,0,0,0,0,0,,0,0,0.22361,0.0788512,0.24698,0.319262,0.293184,0.354221,0.287949,0.647405,0.130611,4.54709,0.278682,0,-0.00013993,0.107297,-0.0261271,79.7203,-0.00013993,0,-0.027698480553226545,-0.012037036940455437,-0.000312855,999,,,,,,,-1,,-1,,,,,,,,,,,,,,,,,,,,"Ryan Ward","27449",669899
"Edwin Arroyo","CIN",1,4,4,1,1,0,0,0,0,0,0,0,1,0,0,0,,0,0,0.243245,0.0555389,0.219227,0.25334,0.288372,0.32989,0.274835,0.618262,0.0866446,4.19211,0.30472,-0.00152223,-0.000537068,0.333821,-0.133164,68.6476,-0.0020593,0.00163201,-0.15117859817110002,0.019687567371875048,-0.000324654,999,,,,,,,1.6,1.6,1.6,1.6,,,,,,,,,,,,,,,,,,,"Edwin Arroyo","29957",695490
"Gabriel Rincones Jr.","PHI",0,1,1,0,0,0,0,0,0,0,0,0,0,0,0,0,,0,0,0.216435,0.0869102,0.270783,0.320959,0.291462,0.354472,0.287144,0.645934,0.138037,4.20117,0.2782,0.00230566,0.00137177,0.0983686,-0.0247922,75.5531,0.00367744,0,-0.026988518424332142,-0.011111111380159855,-0.000433108,999,,,,,,,-1,,-1,,,,,,,,,,,,,,,,,,,,"Gabriel Rincones Jr.","31958",687282
"Michael Conforto","CHC",6,27,24,5,3,1,0,1,3,3,3,0,7,0,0,0,,0,0,0.220492,0.107097,0.257551,0.415829,0.316269,0.386352,0.312398,0.702622,0.165861,2.25344,0.270105,-0.0343697,-0.0358522,3.16825,-0.0955147,97.829,-0.0702219,-0.272468,-0.14238762855529785,-0.7595046162605286,-0.000531924,999,,,,,,,25.3,4.216666666,25.3,4.216666666,,,,,,,,,,,,,,,,,,,"Michael Conforto","16376",624424
"Sean Keys","TOR",1,3,3,1,0,0,0,0,0,0,0,0,1,0,0,0,,0,0,0.22361,0.0788512,0.24698,0.319262,0.293184,0.354221,0.287949,0.647405,0.130611,4.54709,0.278682,0,-0.0003875,0.297131,-0.072352,82.493,-0.0003875,0,-0.06384510773932561,-0.051851850003004074,-0.00056972,999,,,,,,,2.6,2.6,2.6,2.6,,,,,,,,,,,,,,,,,,,"Sean Keys","35094",815873
"LuJames Groover","ARI",0,1,0,0,0,0,0,0,0,0,0,0,0,0,0,0,,0,0,0.22361,0.0788512,0.24698,0.319262,0.293184,0.354221,0.287949,0.647405,0.130611,4.54709,0.278682,0,-0.0000645833,0.0495218,-0.0120587,78.7929,-0.0000645833,0,-0.013365545135457069,-0.009259259328246117,-0.000579715,999,,,,,,,0,,0,,,,,,,,,,,,,,,,,,,,"LuJames Groover","33552",694410
"Tim Elko","CHW",0,2,2,0,0,0,0,0,0,0,0,0,0,0,0,0,,0,0,0.22361,0.0788512,0.24698,0.319262,0.293184,0.354221,0.287949,0.647405,0.130611,4.54709,0.278682,0,-0.000209896,0.160946,-0.0391907,81.9894,-0.000209896,0,-0.03557165116944816,-0.030092593282461166,-0.000612847,999,,,,,,,-2,,-2,,,,,,,,,,,,,,,,,,,,"Tim Elko","31522",671284
"Tyler Callihan","PIT",0,1,1,0,0,0,0,0,0,0,0,0,0,0,0,0,,0,0,0.215823,0.0835031,0.256517,0.325527,0.285744,0.336645,0.277991,0.62239,0.120822,4.29179,0.277474,0.000291364,0.000195577,0.0906888,-0.032472,69.504,0.000486941,-0.0060967,-0.037766947905765846,-0.0023929914459586143,-0.000642402,999,,,,,,,-1,,-1,,,,,,,,,,,,,,,,,,,,"Tyler Callihan","27497",682997
"Jordan Beck","COL",4,19,17,4,3,1,0,1,2,2,1,0,5,0,0,0,,1,0,0.239942,0.0775108,0.283526,0.273381,0.300858,0.39654,0.306645,0.697399,0.156599,5.5544,0.312808,0.0125576,0.0386588,2.05079,-0.150708,79.2829,0.0512165,-0.00616447,-0.41330645978450775,-0.20477557694539428,-0.00134723,232.9199981689453,,,,,,,22.6,5.65,22.6,5.65,,,,,,,,,,,,,,,,,,,"Jordan Beck","31431",687597
"MJ Melendez","NYM",1,2,2,0,0,0,0,0,0,0,0,0,1,0,0,0,,0,0,0.196039,0.0934581,0.302457,0.308996,0.277291,0.355862,0.281353,0.633153,0.159823,3.67921,0.253664,0.00000670317,-0.000480236,0.202604,-0.0642442,76.94,-0.000473532,0,-0.06314700425718911,-0.024074073880910873,-0.00141299,999,,,,,,,-2,-2,-2,-2,,,,,,,,,,,,,,,,,,,"MJ Melendez","22197",669004
"Willi Castro","COL",1,2,2,1,0,0,0,0,0,0,0,0,1,0,0,0,,0,0,0.252014,0.0824312,0.240048,0.343395,0.327899,0.39988,0.322722,0.727779,0.147866,5.0124,0.314582,0.000345097,-0.0000264211,0.277806,0.0109572,90.0359,0.000318676,-0.0714074,-0.02676219749264419,-0.06338270101696253,-0.00171,256.3399963378906,,,,,,,3.6,3.6,3.6,3.6,,,,,,,,,,,,,,,,,,,"Willi Castro","17338",650489
"Andrew Pinckney","WSN",1,3,3,1,0,0,0,0,0,0,0,0,1,0,0,0,,0,0,0.222991,0.0621547,0.311149,0.199759,0.275106,0.302385,0.260222,0.577491,0.0793944,5.23596,0.316709,0.00223204,0.000267561,0.208398,-0.130294,58.9433,0.0024996,0.0510644,-0.1391283655539155,0.02729897014796734,-0.00190776,999,,,,,,,2.6,2.6,2.6,2.6,,,,,,,,,,,,,,,,,,,"Andrew Pinckney","33357",687605
"Eric Wagaman","NYM",0,1,1,0,0,0,0,0,0,0,0,0,0,0,0,0,,0,0,0.23096,0.06597,0.21187,0.31137,0.283414,0.355973,0.282638,0.639386,0.125013,3.19866,0.274816,-0.00201816,-0.000538454,0.10247,-0.0309545,77.7992,-0.00255662,0,-0.03272576513700187,-0.024074073880910873,-0.00204631,748.2100219726562,,,,,,,-1,,-1,,,,,,,,,,,,,,,,,,,,"Eric Wagaman","23395",676572
"Gavin Cross","KCR",1,3,2,1,0,0,0,0,0,0,0,0,1,0,0,0,,0,0,0.22361,0.0788512,0.24698,0.319262,0.293184,0.354221,0.287949,0.647405,0.130611,4.54709,0.278682,0,-0.000322916,0.247609,-0.0602933,79.1871,-0.000322916,0,-0.06319027452263981,-0.05000000074505806,-0.00217895,999,,,,,,,3.6,3.6,3.6,3.6,,,,,,,,,,,,,,,,,,,"Gavin Cross","sa3019985",688457
"Ralphy Velazquez","CLE",1,4,4,1,1,0,0,0,0,0,0,0,1,0,0,0,,0,0,0.22361,0.0788512,0.24698,0.319262,0.293184,0.354221,0.287949,0.647405,0.130611,4.54709,0.278682,0,-0.000516666,0.396174,-0.0964694,82.4004,-0.000516666,0,-0.08557461021700874,-0.08518518507480621,-0.00243547,999,,,,,,,1.6,1.6,1.6,1.6,,,,,,,,,,,,,,,,,,,"Ralphy Velazquez","sa3023013",806252
"Joey Bart","CHW",1,3,2,1,0,0,0,0,0,0,0,0,1,0,0,0,,0,0,0.233981,0.0907218,0.273153,0.332129,0.311819,0.334704,0.29259,0.646523,0.100723,2.54866,0.313441,-0.00641371,-0.00343635,0.254892,-0.0500774,85.2121,-0.00985006,-0.110921,-0.05409294366836548,-0.060766324400901794,-0.00243725,999,,,,,,,3.6,3.6,3.6,3.6,,,,,,,,,,,,,,,,,,,"Joey Bart","21524",663698
"Brett Harris","SFG",6,27,24,5,3,1,0,1,3,3,2,0,6,0,0,0,,0,0,0.215618,0.0864329,0.228086,0.378948,0.29611,0.341038,0.285907,0.637148,0.12542,4.36973,0.262467,0,-0.0274155,2.5306,-0.671585,80.5003,-0.0274155,0,-0.6633798833936453,-0.24814815819263458,-0.00322936,999,,,,,,,22.3,3.716666666,22.3,3.716666666,,,,,,,,,,,,,,,,,,,"Brett Harris","29788",695391
"Will Banfield","CIN",0,2,1,0,0,0,0,0,0,0,0,0,0,0,0,0,,0,0,0.190476,0.0454546,0.318182,0.142857,0.227273,0.238095,0.210466,0.465368,0.0476191,2.01786,0.285714,0.000143888,-0.00158177,0.0505677,-0.132414,25.595,-0.00143788,0.0273633,-0.14010385412257165,0.05745592154562473,-0.003289,999,,,,,,,-1,,-1,,,,,,,,,,,,,,,,,,,,"Will Banfield","23790",677943
"Turner Hill","SFG",7,32,28,6,4,1,0,1,3,3,2,0,8,0,0,0,,1,0,0.22361,0.0788512,0.24698,0.319262,0.293184,0.354221,0.287949,0.647405,0.130611,4.54709,0.278682,0,-0.00393958,3.02083,-0.735579,81.8658,-0.00393958,0,-0.6977325179614127,-0.36851853132247925,-0.00347933,999,,,,,,,25.8,3.685714285,25.8,3.685714285,,,,,,,,,,,,,,,,,,,"Turner Hill","32053",806367
"Carlos Santana",,1,3,3,1,0,0,0,0,0,0,0,0,1,0,0,0,,0,0,0.217005,0.104133,0.194699,0.534842,0.300802,0.321126,0.281622,0.621928,0.104121,3.43043,0.253209,-0.00899526,-0.00250278,0.281205,-0.0882773,75.8705,-0.011498,0.0156157,-0.10063087474554777,-0.03993983194231987,-0.0035323,999,,,,,,,2.6,2.6,2.6,2.6,,,,,,,,,,,,,,,,,,,"Carlos Santana","2396",467793
"Logan O'Hoppe","TEX",0,1,1,0,0,0,0,0,0,0,0,0,0,0,0,0,,0,0,0.220646,0.0705046,0.277014,0.254517,0.279699,0.35056,0.279989,0.630259,0.129914,2.48507,0.281215,-0.00435187,-0.00169331,0.126672,-0.0422345,78.2823,-0.00604518,-0.072681,-0.04203160759061575,-0.04490317963063717,-0.00371884,246.50999450683594,,,,,,,-1,,-1,,,,,,,,,,,,,,,,,,,,"Logan O'Hoppe","24729",681351
"Jonathon Long","MIA",1,3,3,1,0,0,0,0,0,0,0,0,1,0,0,0,,0,0,0.22361,0.0788512,0.24698,0.319262,0.293184,0.354221,0.287949,0.647405,0.130611,4.54709,0.278682,0,-0.0003875,0.297131,-0.072352,78.1251,-0.0003875,0,-0.08270643133437261,-0.06296296417713165,-0.00448606,999,,,,,,,2.6,2.6,2.6,2.6,,,,,,,,,,,,,,,,,,,"Jonathon Long","sa3022864",675085
"Enrique Hernández","LAD",7,30,27,6,4,1,0,1,3,3,2,0,7,0,0,0,,0,0,0.222262,0.0728838,0.236206,0.308561,0.279703,0.35819,0.28199,0.637893,0.135928,2.76179,0.268281,-0.0141816,-0.0329797,2.69986,-0.835885,75.735,-0.0471613,-0.0885076,-0.9209795147180557,-0.09853850957006216,-0.00489032,999,,,,,,,24.9,3.557142857,24.9,3.557142857,,,,,,,,,,,,,,,,,,,"Enrique Hernandez","10472",571771
"Sebastián Rivero","LAA",0,1,1,0,0,0,0,0,0,0,0,0,0,0,0,0,,0,0,0.190476,0.0454546,0.227273,0.2,0.227273,0.238095,0.210466,0.465368,0.0476191,2.01786,0.25,-0.000376092,-0.00105451,0.0337118,-0.0882761,28.5565,-0.0014306,-0.0179306,-0.0869291607523337,0.002131156623363495,-0.00492186,999,,,,,,,-1,,-1,,,,,,,,,,,,,,,,,,,,"Sebastian Rivero","21735",665861
"BJ Murray Jr.","CHC",1,6,5,1,1,0,0,0,1,1,0,0,1,0,0,0,,0,0,0.22361,0.0788512,0.24698,0.319262,0.293184,0.354221,0.287949,0.647405,0.130611,4.54709,0.278682,0,-0.000710415,0.544739,-0.132645,81.4761,-0.000710415,0,-0.12850974744651467,-0.10925926268100739,-0.00524889,999,,,,,,,0.6,0.6,0.6,0.6,,,,,,,,,,,,,,,,,,,"BJ Murray Jr.","29767",681230
"Trey Lipscomb","WSN",0,1,1,0,0,0,0,0,0,0,0,0,0,0,0,0,,0,0,0.227273,0.0434783,0.217391,0.2,0.26087,0.272727,0.24002,0.533597,0.0454545,1.60119,0.294118,-0.000263439,-0.00175031,0.0808934,-0.0884527,45.4311,-0.00201375,-0.00438893,-0.09613341744989157,-0.006086464272812009,-0.00565773,999,,,,,,,-1,,-1,,,,,,,,,,,,,,,,,,,,"Trey Lipscomb","31567",702358
"Spencer Jones","NYY",9,40,37,8,5,2,0,2,5,5,3,0,15,0,0,0,,1,0,0.227647,0.0848898,0.368771,0.230196,0.295606,0.407727,0.307947,0.703333,0.18008,5.50047,0.33242,0.0495322,0.118708,4.51705,-0.286224,95.7158,0.16824,-1.5697,-0.03363676369190216,-1.4653778225183487,-0.00689377,999,,,,,,,43.3,4.811111111,43.3,4.811111111,,,,,,,,,,,,,,,,,,,"Spencer Jones","31532",682987
"Heliot Ramos","NYY",7,30,27,7,4,1,0,1,4,4,2,0,8,0,0,0,,0,0,0.248625,0.0765756,0.247384,0.309541,0.315992,0.412212,0.319987,0.728204,0.163587,4.03873,0.304678,-0.0309123,-0.00254148,3.68327,0.0808138,104.077,-0.0334538,-0.903094,0.11062062531709671,-1.252168446779251,-0.0069264,218.8000030517578,,,,,,,30.5,4.357142857,30.5,4.357142857,,,,,,,,,,,,,,,,,,,"Heliot Ramos","22515",671218
"Nicky Lopez","TEX",4,17,15,4,3,1,0,0,2,1,1,0,3,0,0,0,,0,0,0.234159,0.06894,0.160046,0.430751,0.292962,0.27702,0.260451,0.569982,0.0428603,4.39458,0.281913,0.0134427,0.0104781,1.21557,-0.755007,64.7154,0.0239208,-0.0686495,-0.6581925991922617,0.0017208307981491089,-0.00704307,999,,,,,,,13.3,3.325,13.3,3.325,,,,,,,,,,,,,,,,,,,"Nicky Lopez","19339",670032
"Dominic Smith","ATL",4,17,16,4,3,1,0,0,2,2,1,0,3,0,0,0,,0,0,0.244982,0.0787734,0.197615,0.398621,0.308093,0.380623,0.304426,0.688715,0.135641,2.77856,0.283295,-0.043911,-0.0167371,1.86232,-0.169834,90.2723,-0.060648,0.0479869,-0.26198624446988106,-0.3723834753036499,-0.00772794,999,,,,,,,12.3,3.075,12.3,3.075,,,,,,,,,,,,,,,,,,,"Dominic Smith","15653",642086
"Kyle Higashioka","TEX",2,6,6,1,1,0,0,0,1,1,0,0,2,0,0,0,,0,0,0.220715,0.0728752,0.246924,0.295133,0.279073,0.333794,0.273563,0.612867,0.113078,2.76874,0.273001,-0.0168608,-0.00572748,0.53551,-0.222809,73.8204,-0.0225883,-0.0988425,-0.21734565868973732,-0.08958325535058975,-0.00822678,999,,,,,,,-0.4,-0.2,-0.4,-0.2,,,,,,,,,,,,,,,,,,,"Kyle Higashioka","5517",543309
"Nick Morabito","NYM",3,15,13,3,2,0,0,0,2,1,1,0,4,0,0,0,,1,0,0.233886,0.0727752,0.255465,0.284874,0.293758,0.304533,0.270734,0.598291,0.0706473,5.5791,0.313331,0.0309977,0.069408,1.19146,-0.543056,69.8377,0.100406,-0.0175136,-0.4324410706758499,-0.12584691308438778,-0.00830582,999,,,,,,,8.7,2.9,8.7,2.9,,,,,,,,,,,,,,,,,,,"Nick Morabito","32119",703492
"Kyren Paris","LAA",3,13,12,2,2,0,0,0,1,1,1,0,4,0,0,0,,1,0,0.200499,0.0911501,0.334942,0.272137,0.276632,0.276601,0.25426,0.553233,0.076102,5.38594,0.297973,0.0245292,0.0843588,0.881784,-0.652595,58.9667,0.108888,-0.00907363,-0.5087710618972778,-0.03916621766984463,-0.00922013,999,,,,,,,4.1,1.366666666,4.1,1.366666666,,,,,,,,,,,,,,,,,,,"Kyren Paris","26420",677347
"Luis Vázquez","BAL",0,1,0,0,0,0,0,0,0,0,0,0,0,0,0,0,,0,0,0.17799,0.0224287,0.286016,0.0784176,0.201076,0.245599,0.197493,0.446676,0.0676089,5.24299,0.232514,0,0.000735796,0.0115758,-0.0500046,21.0575,0.000735796,-0.0706912,-0.04695483070099726,-0.0651356871239841,-0.0095227,999,,,,,,,0,,0,,,,,,,,,,,,,,,,,,,,"Luis Vazquez","23442",676679
"DaShawn Keirsey Jr.","ATL",1,3,3,1,0,0,0,0,0,0,0,0,1,0,0,0,,0,0,0.2,0.0740741,0.296296,0.25,0.259259,0.24,0.230337,0.499259,0.04,6.61554,0.294118,-0.00601646,0.0421868,0.152121,-0.217362,40.7176,0.0361704,0.00268174,-0.18691933900117874,-0.00842937408015132,-0.00953267,999,,,,,,,2.6,2.6,2.6,2.6,,,,,,,,,,,,,,,,,,,"DaShawn Keirsey Jr.","24496",680577
"Bryan Torres","STL",4,17,15,4,3,1,0,0,2,1,2,0,3,0,0,0,,1,0,0.266145,0.0980643,0.176398,0.555926,0.34011,0.335726,0.306128,0.675836,0.0695808,4.59741,0.324919,0.00326993,0.0371143,1.88589,-0.146268,93.4308,0.0403842,-0.321513,-0.0955808162689209,-0.5566984266042709,-0.00954725,999,,,,,,,18.2,4.55,18.2,4.55,,,,,,,,,,,,,,,,,,,"Bryan Torres","21464",663494
"Justin Crawford","PHI",9,39,36,10,7,2,0,0,5,3,3,0,8,0,0,0,,2,0,0.267832,0.0661655,0.194007,0.341047,0.318533,0.365818,0.303608,0.684351,0.097986,6.8586,0.329991,0.105503,0.139213,4.20682,-0.411717,86.5649,0.244716,-1.11845,-0.38726426661014557,-0.9795618802309036,-0.0099525,999,,,,,,,38.6,4.288888888,38.6,4.288888888,,,,,,,,,,,,,,,,,,,"Justin Crawford","31791",702222
"Heston Kjerstad","BAL",5,22,21,5,3,1,0,1,2,2,1,0,6,0,0,0,,0,0,0.22784,0.0612324,0.270902,0.226032,0.281695,0.394804,0.295049,0.676499,0.166964,2.34398,0.28136,-0.0213112,-0.0261608,2.25751,-0.390443,88.8,-0.047472,-0.292895,-0.338415265083313,-0.5540056228637695,-0.0105091,999,,,,,,,22.3,4.46,22.3,4.46,,,,,,,,,,,,,,,,,,,"Heston Kjerstad","31166",677008
"Andrew Velazquez",,1,5,4,1,1,0,0,0,1,0,0,0,1,0,0,0,,0,0,0.206148,0.0568355,0.304407,0.186709,0.253469,0.26576,0.235268,0.519229,0.0596117,4.58995,0.294481,0.016332,-0.00144711,0.246802,-0.307422,44.2861,0.0148849,0.00349269,-0.29382065776735544,0.02756676240824163,-0.010926,999,,,,,,,1.6,1.6,1.6,1.6,,,,,,,,,,,,,,,,,,,"Andrew Velazquez","14196",623205
"Rhys Hoskins","CLE",4,18,16,3,2,1,0,1,2,2,2,0,5,0,0,0,,0,0,0.214378,0.120542,0.277966,0.433658,0.315886,0.389249,0.313614,0.705136,0.174871,2.56954,0.266167,-0.0513916,-0.0214764,2.11009,-0.0452298,100.222,-0.0728681,-0.306118,-0.06817299127578735,-0.6820435225963593,-0.0109744,737.989990234375,,,,,,,19.1,4.775,19.1,4.775,,,,,,,,,,,,,,,,,,,"Rhys Hoskins","16472",656555
"Cam Cauley","TEX",1,3,3,1,0,0,0,0,0,0,0,0,1,0,0,0,,0,0,0.218082,0.067868,0.279635,0.242702,0.272461,0.374009,0.283752,0.64647,0.155926,6.16133,0.275794,0.00787726,0.0156843,0.286568,-0.0829143,80.8959,0.0235615,-0.191119,-0.04568515531718731,-0.17630414105951786,-0.0113673,999,,,,,,,2.6,2.6,2.6,2.6,,,,,,,,,,,,,,,,,,,"Cam Cauley","29710",695508
"Bryce Eldridge","SFG",11,49,43,10,7,2,0,2,5,6,5,0,14,0,0,0,,0,0,0.23597,0.101909,0.292609,0.348277,0.316736,0.398046,0.313808,0.714782,0.162076,2.18477,0.309063,-0.106787,-0.0477703,5.73511,-0.115033,99.1616,-0.154557,-0.594757,-0.20451320707798004,-1.5225344896316528,-0.0121732,999,,,,,,,52.6,4.781818181,52.6,4.781818181,,,,,,,,,,,,,,,,,,,"Bryce Eldridge","33390",805811
"Everson Pereira","STL",2,10,9,2,1,0,0,0,1,1,1,0,3,0,0,0,,0,0,0.227133,0.0778018,0.313054,0.248525,0.290936,0.388723,0.299163,0.679659,0.16159,4.22204,0.303392,-0.00540169,-0.00082726,1.03029,-0.139735,88.7718,-0.00622895,-0.192172,-0.1400318294763565,-0.3051347881555557,-0.0125683,999,,,,,,,5.2,2.6,5.2,2.6,,,,,,,,,,,,,,,,,,,"Everson Pereira","23695",677592
"Adam Frazier","LAA",2,10,9,2,2,0,0,0,1,1,1,0,2,0,0,0,,0,0,0.233113,0.0703791,0.194859,0.361179,0.292018,0.314193,0.272139,0.606212,0.0810801,3.79326,0.285059,-0.00870474,-0.0113562,0.836349,-0.364469,71.3821,-0.020061,-0.0123764,-0.3571888841688633,-0.12472208682447672,-0.0126089,999,,,,,,,5.2,2.6,5.2,2.6,,,,,,,,,,,,,,,,,,,"Adam Frazier","15223",624428
"Angel Martínez","CLE",5,23,21,5,3,1,0,1,3,3,1,0,5,0,0,0,,0,0,0.239426,0.0538885,0.210339,0.256198,0.290638,0.373355,0.292832,0.663993,0.133929,4.89825,0.28478,0.0241605,0.0208676,2.26908,-0.440458,85.7909,0.0450281,-0.350254,-0.3326667323708534,-0.6021055579185486,-0.0129475,748.5800170898438,,,,,,,22.3,4.46,22.3,4.46,,,,,,,,,,,,,,,,,,,"Angel Martinez","26540",682657
"Ronny Simon","PIT",3,13,12,3,2,0,0,0,1,1,1,0,3,0,0,0,,0,0,0.22361,0.0788512,0.24698,0.319262,0.293184,0.354221,0.287949,0.647405,0.130611,4.54709,0.278682,0,-0.00161458,1.23804,-0.301467,76.1643,-0.00161458,0,-0.37535444740206003,-0.17592592537403107,-0.0130362,999,,,,,,,7.8,2.6,7.8,2.6,,,,,,,,,,,,,,,,,,,"Ronny Simon","25346",682927
"Samad Taylor","SDP",4,16,14,3,3,1,0,0,2,1,1,0,4,0,0,0,,1,0,0.239759,0.0827136,0.234252,0.353097,0.305849,0.315186,0.281061,0.621035,0.0754272,5.89156,0.314284,0.0322377,0.0533384,1.41451,-0.453426,78.9784,0.0855761,-0.162893,-0.31435777246952057,-0.33141152560710907,-0.0134689,999,,,,,,,10.6,2.65,10.6,2.65,,,,,,,,,,,,,,,,,,,"Samad Taylor","22274",669392
"Jose Fernandez","ARI",1,6,6,1,1,0,0,0,1,1,0,0,1,0,0,0,,0,0,0.244805,0.048073,0.236346,0.203401,0.282581,0.327568,0.271263,0.610149,0.0827627,4.67868,0.312425,0.00414041,-0.0105331,0.510266,-0.228699,67.6328,-0.00639265,-0.105499,-0.249998917337507,-0.08698072656989098,-0.0136085,999,,,,,,,-0.4,-0.4,-0.4,-0.4,,,,,,,,,,,,,,,,,,,"Jose Fernandez","28020",699912
"Noelvi Marte","CIN",1,4,4,1,1,0,0,0,0,0,0,0,1,0,0,0,,0,0,0.242543,0.06114,0.239586,0.255191,0.291328,0.347882,0.283921,0.63921,0.105339,4.14136,0.303296,0.00396229,-0.00202738,0.362727,-0.104258,74.7251,0.00193491,-0.110018,-0.11827837454620749,-0.15214769542217255,-0.0144382,147.7100067138672,,,,,,,1.6,1.6,1.6,1.6,,,,,,,,,,,,,,,,,,,"Noelvi Marte","26517",682622
"Yohendrick Piñango","TOR",1,6,6,1,1,0,0,0,1,1,0,0,1,0,0,0,,0,0,0.234087,0.078007,0.23425,0.333008,0.295223,0.371051,0.294158,0.666274,0.136964,2.11414,0.289551,-0.00396223,-0.00867828,0.625517,-0.113448,86.8045,-0.0126405,-0.190828,-0.10829994268715382,-0.2574941888451576,-0.0147923,999,,,,,,,-0.4,-0.4,-0.4,-0.4,,,,,,,,,,,,,,,,,,,"Yohendrick Pinango","26664",682818
"Ildemaro Vargas","ARI",8,35,33,8,6,1,0,1,4,4,2,0,4,0,0,0,,0,0,0.245565,0.0552398,0.117091,0.471766,0.291119,0.361345,0.287229,0.652464,0.115781,4.54961,0.265042,-0.0152979,-0.0335672,3.34695,-0.840523,78.3115,-0.0488651,0.0247394,-0.9738640487194061,-0.3271124046295881,-0.0152934,999,,,,,,,30.1,3.7625,30.1,3.7625,,,,,,,,,,,,,,,,,,,"Ildemaro Vargas","13324",545121
"Weston Wilson","SEA",2,9,8,2,1,0,0,0,1,1,1,0,3,0,0,0,,0,0,0.206534,0.0920403,0.292361,0.314817,0.282001,0.328215,0.27413,0.610216,0.12168,4.48261,0.272858,0.000910423,-0.000897564,0.787049,-0.321398,79.2538,0.0000128592,-0.293754,-0.22558358358674013,-0.26042064651846886,-0.0158205,999,,,,,,,6.2,3.1,6.2,3.1,,,,,,,,,,,,,,,,,,,"Weston Wilson","19358",642215
"Gustavo Campero","LAA",1,3,3,1,1,0,0,0,0,0,0,0,1,0,0,0,,0,0,0.24814,0.0615559,0.209481,0.29385,0.303807,0.337665,0.286701,0.641473,0.0895254,5.10245,0.304061,0.00191735,0.00165227,0.265407,-0.068154,81.4934,0.00356963,-0.169639,-0.056989534525200725,-0.19973143562674522,-0.0159827,999,,,,,,,2.6,2.6,2.6,2.6,,,,,,,,,,,,,,,,,,,"Gustavo Campero","22707",672569
"Nick Allen","HOU",3,13,12,3,2,0,0,0,1,1,1,0,3,0,0,0,,0,0,0.227561,0.0716888,0.208248,0.344248,0.285212,0.297174,0.263429,0.582386,0.0696131,3.96808,0.285528,-0.00472979,-0.0123338,0.980895,-0.558615,65.8273,-0.0170636,-0.168416,-0.5331723056733608,-0.08878675103187561,-0.0165842,999,,,,,,,7.8,2.6,7.8,2.6,,,,,,,,,,,,,,,,,,,"Nick Allen","22277",669397
"Cole Carrigg","COL",12,52,46,10,7,2,0,1,6,5,4,0,13,1,0,0,,1,0,0.22361,0.0788512,0.24698,0.319262,0.293184,0.354221,0.287949,0.647405,0.130611,4.54709,0.278682,0,-0.0064368,4.93567,-1.20185,66.7779,-0.0064368,0,-2.0831603757105768,0.23271605372428894,-0.0166882,999,,,,,,,42.1,3.508333333,42.1,3.508333333,,,,,,,,,,,,,,,,,,,"Cole Carrigg","33253",694249
"Mike Yastrzemski","ATL",7,32,28,6,4,1,0,1,4,3,3,0,8,0,0,0,,0,0,0.227171,0.104241,0.234078,0.445327,0.317052,0.388166,0.312886,0.705218,0.160995,3.31415,0.273769,-0.0219737,-0.0331565,3.71894,-0.0990462,95.9308,-0.0551302,-0.559567,-0.21336550638079643,-1.000307321548462,-0.0167364,656.0999755859375,,,,,,,26.9,3.842857142,26.9,3.842857142,,,,,,,,,,,,,,,,,,,"Mike Yastrzemski","14854",573262
"Hunter Feduccia","LAD",3,12,10,2,2,0,0,0,1,1,1,0,3,0,0,0,,0,0,0.223901,0.10413,0.250807,0.415181,0.306289,0.360173,0.297876,0.666462,0.136272,2.87026,0.280397,-0.0191594,-0.0096122,1.22302,-0.179842,86.3597,-0.0287716,-0.57475,-0.22366463020443916,-0.3440403640270233,-0.0185183,999,,,,,,,4.2,1.4,4.2,1.4,,,,,,,,,,,,,,,,,,,"Hunter Feduccia","23372",676439
"Troy Johnston","COL",6,25,23,6,4,1,0,1,3,3,2,0,5,1,0,0,,1,0,0.258833,0.0732713,0.193083,0.379481,0.329693,0.400246,0.323425,0.729939,0.141413,4.62438,0.305256,-0.0136706,0.0305909,3.1397,0.137654,90.5063,0.0169203,-0.306577,-0.27335498109459877,-0.7338919043540955,-0.0185383,748.4099731445312,,,,,,,33.8,5.633333333,33.8,5.633333333,,,,,,,,,,,,,,,,,,,"Troy Johnston","26143",687859
"Tyler Freeman","COL",0,1,1,0,0,0,0,0,0,0,0,0,0,0,0,0,,0,0,0.286668,0.0627441,0.130292,0.481564,0.341622,0.363801,0.315982,0.705423,0.077133,4.28689,0.32301,-0.00011857,-0.000710393,0.0663882,-0.000323902,85.5276,-0.000828963,-0.198619,-0.01066239457577467,-0.2046376010403037,-0.0200092,745.8599853515625,,,,,,,-1,,-1,,,,,,,,,,,,,,,,,,,,"Tyler Freeman","22532",671289
"Scott Bandura","SFG",7,32,29,6,4,1,0,1,3,3,3,0,8,0,0,0,,1,0,0.22361,0.0788512,0.24698,0.319262,0.293184,0.354221,0.287949,0.647405,0.130611,4.54709,0.278682,0,-0.00400416,3.07035,-0.747637,81.8658,-0.00400416,0,-0.7091705552302301,-0.5370370149612427,-0.0200414,999,,,,,,,27.8,3.971428571,27.8,3.971428571,,,,,,,,,,,,,,,,,,,"Scott Bandura","33398",814154
"Sterlin Thompson","COL",1,3,3,1,1,0,0,0,0,0,0,0,1,0,0,0,,0,0,0.208333,0.0769231,0.230769,0.333333,0.269231,0.25,0.239196,0.519231,0.0416667,2.19643,0.277778,0.00225556,-0.00439169,0.188954,-0.211319,34.1694,-0.00213613,-0.00211313,-0.27051209518685937,-0.046248929807916284,-0.0210069,999,,,,,,,2.6,2.6,2.6,2.6,,,,,,,,,,,,,,,,,,,"Sterlin Thompson","31443",694514
"Tommy White","ATH",9,38,34,8,5,1,0,1,4,4,3,0,9,0,0,0,,1,0,0.22361,0.0788512,0.24698,0.319262,0.293184,0.354221,0.287949,0.647405,0.130611,4.54709,0.278682,0,-0.00471457,3.61509,-0.880283,73.986,-0.00471457,0,-1.1519485372118652,-0.39814814925193787,-0.0214022,999,,,,,,,34,3.777777777,34,3.777777777,,,,,,,,,,,,,,,,,,,"Tommy White","35107",695720
"José Tena","WSN",3,11,10,2,2,1,0,0,1,1,1,0,3,0,0,0,,0,0,0.234691,0.0788573,0.260417,0.302811,0.296981,0.344716,0.28645,0.641696,0.110025,4.14383,0.309476,-0.000758532,-0.00816775,1.03083,-0.267495,76.4854,-0.00892628,-0.277935,-0.31986812874674797,-0.24907700344920158,-0.0215618,999,,,,,,,7.1,2.366666666,7.1,2.366666666,,,,,,,,,,,,,,,,,,,"Jose Tena","23691",677588
"Abimelec Ortiz","WSN",7,29,26,6,4,1,0,1,3,3,2,0,7,0,0,0,,0,0,0.221144,0.0788115,0.242619,0.324836,0.292958,0.382993,0.297901,0.675951,0.161849,2.39642,0.262397,-0.0348273,-0.0366091,2.95331,-0.433618,84.1442,-0.0714364,0.0117269,-0.6183929666876793,-0.5246928008273244,-0.0215961,999,,,,,,,25.9,3.7,25.9,3.7,,,,,,,,,,,,,,,,,,,"Abimelec Ortiz","29539",694673
"Shay Whitcomb","SFG",8,36,33,7,5,1,0,1,4,4,2,0,10,0,0,0,,1,0,0.211493,0.0619364,0.289875,0.213666,0.268845,0.341157,0.270774,0.610002,0.129664,4.14196,0.275005,0.013551,0.000965629,2.91988,-1.32917,70.3787,0.0145166,-0.236848,-1.2673867428675294,-0.1238849014043808,-0.0227474,999,,,,,,,26.4,3.3,26.4,3.3,,,,,,,,,,,,,,,,,,,"Shay Whitcomb","27789",694376
"Mickey Gasper","BOS",3,13,11,3,2,1,0,0,2,1,1,0,2,0,0,0,,0,0,0.24718,0.10328,0.194011,0.53234,0.334426,0.392797,0.323709,0.727224,0.145617,2.97559,0.28649,-0.0138411,-0.0162413,1.59095,0.0725553,103.794,-0.0300824,-0.530547,0.026439694687724113,-0.7212876975536346,-0.0246276,999,,,,,,,11.7,3.9,11.7,3.9,,,,,,,,,,,,,,,,,,,"Mickey Gasper","24759",681508
"Rafael Flores Jr.","PIT",6,26,23,5,4,1,0,1,3,3,2,0,7,0,0,0,,0,0,0.233693,0.0858903,0.286653,0.299631,0.301433,0.36892,0.29745,0.670354,0.135228,2.81717,0.310507,-0.0283942,-0.0198036,2.63868,-0.398119,82.519,-0.0481978,-0.796043,-0.5888803899288177,-0.494191437959671,-0.0252711,999,,,,,,,23.3,3.883333333,23.3,3.883333333,,,,,,,,,,,,,,,,,,,"Rafael Flores Jr.","31991",804668
"Justin Foscue","TEX",4,17,16,3,2,1,0,1,2,2,1,0,4,0,0,0,,0,0,0.223229,0.080612,0.217147,0.371232,0.289642,0.381992,0.296476,0.671634,0.158763,2.62451,0.256753,-0.0125158,-0.0215282,1.75227,-0.279885,89.7314,-0.0340441,-0.449655,-0.23875755444169044,-0.6478030532598495,-0.0285525,999,,,,,,,16.1,4.025,16.1,4.025,,,,,,,,,,,,,,,,,,,"Justin Foscue","27501",679822
"Jhostynxon Garcia","PIT",0,1,0,0,0,0,0,0,0,0,0,0,0,0,0,0,,0,0,0.207233,0.0622088,0.32786,0.189742,0.260096,0.327051,0.260598,0.587147,0.119819,3.55553,0.293247,-0.000279278,-0.000271329,0.038048,-0.0235324,57.8706,-0.000550607,-0.266307,-0.026973942352924496,-0.27186249243095517,-0.0286383,999,,,,,,,0,,0,,,,,,,,,,,,,,,,,,,,"Jhostynxon Garcia","28142",691373
"Ryan Vilade","TBR",5,21,19,5,3,1,0,1,2,3,2,0,5,0,0,0,,0,0,0.232025,0.0796241,0.253878,0.313631,0.29548,0.376777,0.296487,0.672257,0.144752,4.83913,0.290329,-0.00819452,0.0279737,2.1861,-0.34896,86.9676,0.0197792,-0.529173,-0.30433020927011967,-0.7338030636310577,-0.0287282,999,,,,,,,27.3,5.46,27.3,5.46,,,,,,,,,,,,,,,,,,,"Ryan Vilade","22165",668723
"Gavin Lux","TBR",1,4,4,1,1,0,0,0,0,0,0,0,1,0,0,0,,0,0,0.239742,0.104045,0.225908,0.460566,0.319871,0.31617,0.289813,0.636041,0.0764283,2.85744,0.309667,-0.00387228,-0.00625098,0.435967,-0.0977303,82.3331,-0.0101233,-0.358964,-0.10262182634323835,-0.3429144937545061,-0.0291057,745.989990234375,,,,,,,1.6,1.6,1.6,1.6,,,,,,,,,,,,,,,,,,,"Gavin Lux","19955",666158
"Bryan De La Cruz","PHI",4,19,17,4,3,1,0,1,2,2,1,0,5,0,0,0,,0,0,0.24026,0.0642002,0.267859,0.239679,0.290609,0.374318,0.293174,0.664927,0.134058,2.81774,0.306476,-0.0283108,-0.017298,1.86169,-0.355209,79.5856,-0.0456089,-0.203478,-0.5065448358654976,-0.39607028663158417,-0.0298215,999,,,,,,,20.7,5.175,20.7,5.175,,,,,,,,,,,,,,,,,,,"Bryan De La Cruz","19600",650559
"Santiago Espinal","ARI",0,1,0,0,0,0,0,0,0,0,0,0,0,0,0,0,,0,0,0.278051,0.0610365,0.135682,0.44985,0.323737,0.355202,0.302257,0.678939,0.0771515,2.80342,0.315999,-0.000282957,-0.000695164,0.0555239,-0.00605649,88.3628,-0.000978122,-0.305017,-0.008276910055428743,-0.3031652618665248,-0.0299189,999,,,,,,,0,,0,,,,,,,,,,,,,,,,,,,,"Santiago Espinal","19997",669289
"Wade Meckler","LAA",10,44,39,10,7,2,0,0,5,4,4,0,10,0,0,0,,1,0,0.247658,0.0999296,0.218569,0.457199,0.324963,0.324549,0.294555,0.649512,0.0768904,3.98184,0.318327,-0.00381151,0.0153446,4.41876,-0.784784,86.9475,0.0115331,-0.7677,-0.6547709219157696,-1.2050460577011108,-0.0314303,999,,,,,,,36.7,3.67,36.7,3.67,,,,,,,,,,,,,,,,,,,"Wade Meckler","31490",685133
"Zac Veen","COL",7,31,28,7,4,1,0,1,4,3,2,0,8,0,0,0,,1,0,0.242871,0.0753098,0.256243,0.2939,0.307386,0.402296,0.31228,0.709682,0.159425,5.06319,0.304818,0.0233801,0.00112845,3.55883,-0.110335,83.0518,0.0245085,-0.296221,-0.6088507827371359,-0.7476094961166382,-0.0353945,743.6599731445312,,,,,,,31.4,4.485714285,31.4,4.485714285,,,,,,,,,,,,,,,,,,,"Zac Veen","27770",691728
"Héctor Rodríguez","CIN",9,39,37,9,6,2,0,1,5,4,2,0,8,0,0,0,,1,0,0.241517,0.0551639,0.206023,0.267757,0.285804,0.395438,0.297189,0.681242,0.153921,4.00176,0.274559,-0.0140057,-0.0120207,4.04936,-0.62049,83.5995,-0.0260264,-0.347701,-0.8060687035322189,-0.8572685122489929,-0.038641,999,,,,,,,36.5,4.055555555,36.5,4.055555555,,,,,,,,,,,,,,,,,,,"Hector Rodriguez","29189",699302
"Billy Cook","PIT",1,6,5,1,1,0,0,0,1,1,0,0,2,0,0,0,,0,0,0.222194,0.0696822,0.26342,0.264528,0.279442,0.305454,0.263061,0.584895,0.0832594,3.98855,0.29403,0.00546611,-0.00505651,0.429895,-0.247489,59.5182,0.000409603,-0.250147,-0.2788800005801022,-0.2890363819897175,-0.0387865,999,,,,,,,0.6,0.6,0.6,0.6,,,,,,,,,,,,,,,,,,,"Billy Cook","29573",695257
"Josue De Paula","LAD",6,26,24,5,4,1,0,1,3,3,2,0,7,0,0,0,,0,0,0.22361,0.0788512,0.24698,0.319262,0.293184,0.354221,0.287949,0.647405,0.130611,4.54709,0.278682,0,-0.00328836,2.52148,-0.613987,79.7203,-0.00328836,0,-0.6509144064038992,-0.6038580536842346,-0.0399592,999,,,,,,,22.3,3.716666666,22.3,3.716666666,,,,,,,,,,,,,,,,,,,"Josue De Paula","30871",800543
"Deyvison De Los Santos","MIA",4,16,15,3,2,1,0,1,2,2,1,0,4,0,0,0,,0,0,0.233229,0.0537771,0.239042,0.224969,0.276704,0.4039,0.295529,0.680603,0.170671,3.16152,0.272893,-0.000131068,-0.0163877,1.58105,-0.266365,83.195,-0.0165187,-0.25561,-0.33271862752735615,-0.5778317749500275,-0.0409392,999,,,,,,,17.1,4.275,17.1,4.275,,,,,,,,,,,,,,,,,,,"Deyvison De Los Santos","27969",691277
"Nelson Velázquez","HOU",2,7,6,1,1,0,0,0,1,1,1,0,2,0,0,0,,0,0,0.217429,0.0868176,0.293817,0.295482,0.288046,0.437438,0.314527,0.725484,0.220009,3.30789,0.260233,0.00184211,-0.00610554,0.788727,-0.0118182,101.31,-0.00426344,-0.588227,0.00602176645770669,-0.6604490205645561,-0.0422489,748.5599975585938,,,,,,,2.6,1.3,2.6,1.3,,,,,,,,,,,,,,,,,,,"Nelson Velazquez","23359",676369
"John Rave","KCR",6,25,22,5,3,1,0,1,3,2,2,0,6,0,0,0,,1,0,0.223353,0.0921011,0.245945,0.374478,0.296966,0.357353,0.291549,0.654319,0.134,5.15808,0.2806,0.0234317,0.0608883,2.44953,-0.506329,81.6868,0.08432,-0.624943,-0.446719691157341,-0.8990167379379272,-0.0472393,999,,,,,,,26.2,4.366666666,26.2,4.366666666,,,,,,,,,,,,,,,,,,,"John Rave","26284",670231
"Jung Hoo Lee","SFG",11,47,43,12,8,2,0,1,5,4,3,0,5,0,0,0,,1,0,0.267967,0.0651115,0.109,0.597356,0.320618,0.378617,0.308608,0.699235,0.11065,5.1909,0.290657,0.0271547,-0.00778676,5.29513,-0.308692,95.6836,0.019368,-1.24854,-0.2269878275692463,-1.8133587837219238,-0.0508737,339.44000244140625,,,,,,,50.3,4.572727272,50.3,4.572727272,,,,,,,,,,,,,,,,,,,"Jung Hoo Lee","33824",808982
"Victor Bericoto","SFG",6,24,23,5,4,1,0,1,2,3,1,0,6,0,0,0,,0,0,0.235816,0.0576882,0.248732,0.231929,0.280692,0.357104,0.281371,0.637796,0.121288,2.2247,0.295379,-0.0334861,-0.0380179,2.19783,-0.696447,77.4663,-0.071504,-0.160409,-0.7357554510235786,-0.5696682780981064,-0.0518357,999,,,,,,,20.3,3.383333333,20.3,3.383333333,,,,,,,,,,,,,,,,,,,"Victor Bericoto","26468",682674
"Jett Williams","MIL",0,1,0,0,0,0,0,0,0,0,0,0,0,0,0,0,,0,0,0.0600265,0.0347551,0.34218,0.101569,0.0947366,0.145355,0.108288,0.240092,0.0853289,6.12118,0.0725429,0,0.00114407,-0.0258458,-0.0874262,-39.638,0.00114407,-0.442764,-0.08643614314496517,-0.4409119237679988,-0.0518514,999,,,,,,,0,,0,,,,,,,,,,,,,,,,,,,,"Jett Williams","sa3020134",702518
"Agustín Ramírez","MIA",5,21,19,4,3,1,0,1,2,2,2,0,4,0,0,0,,1,0,0.237637,0.0786848,0.204096,0.385528,0.304093,0.39927,0.309009,0.703363,0.161633,4.60205,0.273351,0.00422252,0.0320777,2.30758,-0.127484,92.2112,0.0363003,-0.9068,-0.1568703018128872,-1.045689046382904,-0.0542022,86.8499984741211,,,,,,,23.6,4.72,23.6,4.72,,,,,,,,,,,,,,,,,,,"Agustin Ramirez","26546",682663
"Grant McCray","SFG",2,10,9,2,1,0,0,0,1,1,1,0,3,0,0,0,,0,0,0.20729,0.0833579,0.310262,0.268669,0.275287,0.302823,0.260352,0.578109,0.0955325,5.54446,0.297964,0.0155882,0.0364965,0.720957,-0.449071,63.408,0.0520848,-0.42566,-0.38397083058953285,-0.47195637226104736,-0.0542949,999,,,,,,,5.2,2.6,5.2,2.6,,,,,,,,,,,,,,,,,,,"Grant McCray","25690",687529
"Matthew Lugo","KCR",2,7,7,2,1,0,0,0,1,1,0,0,2,0,0,0,,0,0,0.224231,0.0559737,0.295558,0.189383,0.271229,0.359113,0.277449,0.630342,0.134883,4.50458,0.301753,-0.00246911,-0.00442562,0.631638,-0.230488,71.8959,-0.00689472,-0.489225,-0.24458993831649423,-0.5595955848693848,-0.055598,999,,,,,,,4.2,2.1,4.2,2.1,,,,,,,,,,,,,,,,,,,"Matthew Lugo","25980",683090
"Mitch Garver","NYY",0,1,1,0,0,0,0,0,0,0,0,0,0,0,0,0,,0,0,0.223857,0.103971,0.285634,0.363999,0.308539,0.364936,0.300889,0.673475,0.141079,2.01223,0.291513,-0.00100097,-0.000925288,0.108854,-0.013134,90.8151,-0.00192625,-0.652468,-0.012918071704916656,-0.6324058808386326,-0.0618622,999,,,,,,,-1,,-1,,,,,,,,,,,,,,,,,,,,"Mitch Garver","15161",641598
"Maximo Acosta","MIA",0,1,1,0,0,0,0,0,0,0,0,0,0,0,0,0,,0,0,0.151089,0.0511362,0.291333,0.175525,0.197852,0.249585,0.201115,0.447437,0.0984958,2.90552,0.19277,0,-0.00267587,0.0261903,-0.0969705,20.0465,-0.00267587,-0.660078,-0.10296868276782334,-0.6563747623004019,-0.0736997,999,,,,,,,-1,,-1,,,,,,,,,,,,,,,,,,,,"Maximo Acosta","27963",691185
"Yohel Pozo","BAL",0,1,1,0,0,0,0,0,0,0,0,0,0,0,0,0,,0,0,0.236181,0.0384936,0.167052,0.230429,0.267276,0.339548,0.266727,0.606824,0.103367,1.62288,0.266804,-0.00116287,-0.000907541,0.111412,-0.0574941,69.1328,-0.00207041,-0.822046,-0.05321764433756471,-0.7942677270621061,-0.0809784,999,,,,,,,-1,,-1,,,,,,,,,,,,,,,,,,,,"Yohel Pozo","18848",650968
"Zach Dezenzo","HOU",0,1,1,0,0,0,0,0,0,0,0,0,0,0,0,0,,0,0,0.195817,0.0698982,0.312211,0.223881,0.255417,0.312063,0.253886,0.56748,0.116246,3.29738,0.268103,0.000268139,-0.000494358,0.0704647,-0.0526961,59.2004,-0.000226219,-0.862404,-0.049521819048095495,-0.8772184457629919,-0.090414,999,,,,,,,-1,,-1,,,,,,,,,,,,,,,,,,,,"Zach Dezenzo","31562",701305
"Anthony Volpe","NYY",8,35,32,7,5,1,0,1,5,4,3,0,8,0,0,0,,1,0,0.229508,0.0768849,0.240956,0.319083,0.290815,0.350312,0.285264,0.641127,0.120804,5.80538,0.28436,0.0840311,0.0112026,3.25057,-0.885579,79.9651,0.0952338,-1.60585,-0.7177126631140709,-1.4212811291217804,-0.0920971,641.989990234375,,,,,,,30.4,3.8,30.4,3.8,,,,,,,,,,,,,,,,,,,"Anthony Volpe","27647",683011
"Adrian Del Castillo","ARI",0,1,1,0,0,0,0,0,0,0,0,0,0,0,0,0,,0,0,0.23375,0.0752615,0.271136,0.277579,0.293406,0.384623,0.297774,0.678029,0.150873,2.33978,0.297139,-0.00226642,-0.000958787,0.098091,-0.0145132,85.3646,-0.00322521,-1.0885,-0.02001005574129522,-1.0699813850224018,-0.107583,999,,,,,,,-1,,-1,,,,,,,,,,,,,,,,,,,,"Adrian Del Castillo","29554",680728
"Jase Bowen","SDP",2,7,7,1,1,0,0,0,1,1,0,0,2,0,0,0,,0,0,0.214878,0.0547463,0.310917,0.17608,0.261275,0.296521,0.249456,0.557796,0.0816425,5.42727,0.302602,0.0116809,0.00419241,0.470017,-0.39724,57.8394,0.0158733,-1.07619,-0.35653118789196014,-1.130352608859539,-0.12684,999,,,,,,,-1.4,-0.7,-1.4,-0.7,,,,,,,,,,,,,,,,,,,"Jase Bowen","26047",687749
"Carlos Correa","HOU",2,9,8,2,2,0,0,0,1,1,1,0,2,0,0,0,,0,0,0.26936,0.101852,0.199044,0.511708,0.345044,0.377952,0.322837,0.722997,0.108592,2.32298,0.32481,-0.00963543,-0.0148251,1.09067,0.0438043,107.08,-0.0244605,-1.6341,0.0482482984662056,-1.6470648329705,-0.130728,281.2300109863281,,,,,,,6.2,3.1,6.2,3.1,,,,,,,,,,,,,,,,,,,"Carlos Correa","14162",621043
"Brice Matthews","HOU",1,6,5,1,1,0,0,0,1,1,1,0,2,0,0,0,,0,0,0.211139,0.0890661,0.326611,0.272698,0.286002,0.315989,0.272374,0.601992,0.10485,4.8348,0.304406,0.00771393,-0.00118872,0.47287,-0.204514,72.0387,0.00652521,-1.8229,-0.17928633885458112,-1.8543814197182655,-0.186085,740.969970703125,,,,,,,3.6,3.6,3.6,3.6,,,,,,,,,,,,,,,,,,,"Brice Matthews","33280",694728
"Juan Brito","CIN",3,12,11,2,1,1,0,0,1,1,1,0,3,0,0,0,,0,0,0.211388,0.09297,0.21767,0.427115,0.287224,0.313592,0.270963,0.600816,0.102203,3.10693,0.263462,-0.0109172,-0.0115125,0.964512,-0.436442,66.058,-0.0224296,-1.84078,-0.5067375935614109,-1.8788978978991508,-0.203244,999,,,,,,,6.1,2.033333333,6.1,2.033333333,,,,,,,,,,,,,,,,,,,"Juan Brito","26693",682877
"Alex Freeland","LAD",5,20,17,4,3,1,0,0,2,2,2,0,6,0,0,0,,0,0,0.220537,0.103147,0.282702,0.364862,0.304218,0.340781,0.290563,0.644999,0.120244,4.33743,0.295576,0.00776832,0.0166081,1.91928,-0.41564,81.4689,0.0243764,-2.93008,-0.4163143243640661,-2.8558529689908028,-0.267235,999,,,,,,,14.3,2.86,14.3,2.86,,,,,,,,,,,,,,,,,,,"Alex Freeland","31665",690976
"Jeremiah Jackson","BAL",2,9,8,1,1,0,0,0,0,1,0,0,2,0,0,0,,0,0,0.161963,0.0413658,0.282773,0.146286,0.199072,0.270594,0.208166,0.469665,0.10863,2.5298,0.205069,0,-0.0158711,0.2729,-0.773968,28.4684,-0.0158711,-3.31025,-0.7505013700574636,-3.30099412240088,-0.37988,999,,,,,,,-2.4,-1.2,-2.4,-1.2,,,,,,,,,,,,,,,,,,,"Jeremiah Jackson","22239",669236
"Adael Amador","COL",5,24,21,5,4,1,0,0,2,3,2,0,4,0,0,0,,0,0,0.241039,0.0834762,0.17668,0.472472,0.307118,0.347448,0.292808,0.654567,0.10641,3.45088,0.283714,-0.0249959,-0.0412071,2.34599,-0.455921,70.028,-0.066203,-3.77968,-0.9215237945318222,-3.7756717205047607,-0.398962,999,,,,,,,15.9,3.18,15.9,3.18,,,,,,,,,,,,,,,,,,,"Adael Amador","27962",691182