Name,Team,W,L,QS,ERA,G,GS,SV,HLD,BS,IP,TBF,H,R,ER,HR,BB,IBB,HBP,SO,K/9,BB/9,K/BB,HR/9,K%,BB%,K-BB%,AVG,WHIP,BABIP,LOB%,GB%,HR/FB,FIP,WAR,RA9-WAR,ADP,InterSD,InterSK,IntraSD,Vol,Skew,Dim,FPTS,FPTS/IP,SPTS,SPTS/IP,P10,P20,P30,P40,P50,P60,P70,P80,P90,TT10,TT20,TT30,TT40,TT50,TT60,TT70,TT80,TT90,NameASCII,PlayerId,MLBAMID
"Tarik Skubal","LAD",0,0,1.06057,2.91032,3,3,0,0,,16.359,64.9863,13.3436,5.69,5.29,1.50489,3.16424,0.0419966,0.468341,18.6029,10.2345,1.74083,5.87911,0.827922,0.286259,0.0486909,0.23756813257932663,0.217486,1.0091,0.287027,0.751187,,,2.6909,0.528125,0.425541,7.019999980926514,,,,,,,89.00000000000001,5.562500000000001,83,5.1875,,,,,,,,,,,,,,,,,,,"Tarik Skubal","22267",669373
"Blake Snell","LAD",0,0,1.10504,3.1012,3,3,0,0,,16.542,66.7143,12.1561,6.12,5.7,1.59628,5.57876,0.057587,0.459632,20.796,11.3145,3.03524,3.7277,0.868487,0.311717,0.0836218,0.22809536755084991,0.200345,1.07211,0.275832,0.749343,,,2.93844,0.520162,0.496266,178.41000366210938,,,,,,,94.00000000000001,5.529411764705883,83,4.882352941176471,,,,,,,,,,,,,,,,,,,"Blake Snell","13543",605483
"Dylan Cease","TOR",0,0,1.41287,3.37062,3,3,0,0,,18.237,74.8587,13.0847,7.29,6.83,2.16815,7.58146,0.0628736,0.495052,24.464,12.073,3.74147,3.22682,1.06999,0.326802,0.101277,0.22552531957626343,0.195931,1.1332,0.271894,0.758683,,,3.29442,0.46876,0.451984,74.7699966430664,,,,,,,98.80000000000003,5.488888888888891,88,4.888888888888889,,,,,,,,,,,,,,,,,,,"Dylan Cease","18525",656302
"Yoshinobu Yamamoto","LAD",0,0,1.26606,3.1484,3,3,0,0,,17.466,70.4868,14.1192,6.57,6.11,1.69228,4.75331,0.0435877,0.516455,18.493,9.52921,2.44932,3.89055,0.872007,0.262361,0.0674355,0.19492580741643906,0.216495,1.08053,0.275959,0.745456,,,3.1503,0.450432,0.382781,26.639999389648438,,,,,,,82.80000000000001,4.870588235294118,77,4.529411764705882,,,,,,,,,,,,,,,,,,,"Yoshinobu Yamamoto","33825",808967
"Cristopher Sánchez","PHI",0,0,1.2025,3.1712,3,3,0,0,,17.085,69.5722,15.4808,6.53,6.02,1.28993,4.15104,0.0496404,0.584891,16.3053,8.58926,2.18667,3.928,0.679505,0.234365,0.0596652,0.17469973489642143,0.238768,1.14907,0.300394,0.734988,,,3.00756,0.448879,0.382781,24.75,,,,,,,91.5,5.382352941176471,89,5.235294117647059,,,,,,,,,,,,,,,,,,,"Cristopher Sanchez","20778",650911
"Tyler Glasnow","LAD",0,0,1.17568,3.6525,3,3,0,0,,16.731,69.1824,13.4304,7.22,6.79,1.78816,6.38365,0.0487612,0.279369,19.5212,10.5009,3.43392,3.058,0.961895,0.28217,0.0922727,0.18989726155996323,0.214819,1.18427,0.282509,0.727533,,,3.35378,0.402456,0.382781,113.73999786376953,,,,,,,89.40000000000002,5.258823529411766,81,4.764705882352941,,,,,,,,,,,,,,,,,,,"Tyler Glasnow","14374",607192
"Cam Schlittler","NYY",0,0,1.21706,3.61886,3,3,0,0,,16.986,70.0336,14.1435,7.3,6.83,2.05982,5.41156,0.0385759,0.571033,19.1572,10.1504,2.8673,3.54005,1.09139,0.273543,0.0772709,0.19627203047275543,0.220816,1.15124,0.282104,0.735098,,,3.48062,0.402171,0.382781,116.62999725341797,,,,,,,84.80000000000001,4.988235294117648,79,4.647058823529412,,,,,,,,,,,,,,,,,,,"Cam Schlittler","32095",693645
"Zack Wheeler","PHI",0,0,1.32697,3.59123,3,3,0,0,,17.643,72.7839,14.4721,7.56,7.04,2.18079,5.91183,0.0505715,0.711228,19.0906,9.73844,3.01573,3.22922,1.11246,0.262291,0.0812244,0.18106690049171448,0.218741,1.15535,0.273813,0.739949,,,3.67214,0.392037,0.341445,110.48999786376953,,,,,,,89.20000000000002,4.955555555555557,81,4.5,,,,,,,,,,,,,,,,,,,"Zack Wheeler","10310",554430
"Logan Gilbert","SEA",0,0,1.22113,3.81113,3,3,0,0,,16.932,69.4617,14.3083,7.71,7.17,2.40209,4.67113,0.0591619,0.762554,19.5862,10.4108,2.48288,4.19304,1.2768,0.281972,0.0672475,0.21472421288490295,0.223469,1.12092,0.283213,0.721635,,,3.59667,0.374019,0.275153,37.150001525878906,,,,,,,86.80000000000001,5.105882352941177,81,4.764705882352941,,,,,,,,,,,,,,,,,,,"Logan Gilbert","22250",669302
"George Kirby","SEA",0,0,1.22848,4.23139,3,3,0,0,,16.803,70.6067,16.7653,8.47,7.9,2.11331,4.08314,0.0586913,0.588462,15.7711,8.44732,2.18701,3.8625,1.13193,0.223366,0.0578294,0.1655367873609066,0.25427,1.24076,0.304928,0.691927,,,3.69508,0.358834,0.275153,64.58000183105469,,,,,,,74.00000000000001,4.352941176470589,76,4.470588235294118,,,,,,,,,,,,,,,,,,,"George Kirby","25436",669923
"Chris Sale","ATL",0,0,0.850161,3.34365,2,2,0,0,,11.628,47.472,9.50205,4.61,4.32,1.14884,2.94358,0.0326026,0.863763,14.1743,10.9708,2.27831,4.81533,0.889198,0.298583,0.0620067,0.2365763820707798,0.217614,1.07032,0.294735,0.723028,,,2.9319,0.3525,0.263988,39.36000061035156,,,,,,,66.50000000000001,5.541666666666668,63,5.25,,,,,,,,,,,,,,,,,,,"Chris Sale","10603",519242
"Drew Rasmussen","TBR",0,0,1.15822,3.80909,3,3,0,0,,16.563,67.8278,14.4233,7.5,7.01,2.20483,4.33419,0.0495884,0.530775,16.6089,9.02494,2.35511,3.83207,1.19806,0.244869,0.0638999,0.18096879124641418,0.229076,1.13249,0.276755,0.718377,,,3.70935,0.34827,0.275153,132.36000061035156,,,,,,,83.80000000000001,4.929411764705883,78,4.588235294117647,,,,,,,,,,,,,,,,,,,"Drew Rasmussen","25385",656876
"Taj Bradley","MIN",0,0,1.30846,3.93824,3,3,0,0,,17.391,73.2938,14.973,8.14,7.61,2.18667,6.76848,0.0468505,0.443355,19.3738,10.0261,3.50275,2.86236,1.13162,0.264331,0.0923473,0.17198356240987778,0.226583,1.25016,0.287195,0.728125,,,3.75378,0.337627,0.275153,492.4599914550781,,,,,,,79.20000000000002,4.658823529411766,76,4.470588235294118,,,,,,,,,,,,,,,,,,,"Taj Bradley","22543",671737
"Jacob Misiorowski","MIL",0,0,0.742523,3.12647,2,2,0,0,,11.054,44.9895,8.10227,4.12,3.84,1.27337,3.5988,0.0308488,0.720798,15.6332,12.7283,2.93009,4.344,1.03676,0.347486,0.079992,0.26749370992183685,0.19922,1.05854,0.287372,0.764348,,,2.94453,0.324822,0.307136,114.13999938964844,,,,,,,65.30000000000001,5.936363636363637,59,5.363636363636363,,,,,,,,,,,,,,,,,,,"Jacob Misiorowski","31623",694819
"Reid Detmers","LAA",0,0,1.22385,4.00747,3,3,0,0,,16.866,70.1642,14.6786,8.04,7.51,2.57057,4.89032,0.0528353,0.884245,18.5446,9.89574,2.60956,3.79211,1.3717,0.264303,0.0696982,0.1946049928665161,0.227965,1.16026,0.279796,0.721905,,,3.91262,0.312559,0.275153,350.4599914550781,,,,,,,69.9,4.111764705882353,66,3.8823529411764706,,,,,,,,,,,,,,,,,,,"Reid Detmers","27468",672282
"Jesús Luzardo","PHI",0,0,0.876174,3.42974,2,2,0,0,,11.756,48.4897,9.93131,4.84,4.48,1.11271,3.57886,0.0354064,0.763424,13.0213,9.9687,2.73986,3.6384,0.851857,0.268538,0.0738067,0.19473150372505188,0.224958,1.14921,0.293822,0.725393,,,3.22648,0.308321,0.263988,70.58999633789062,,,,,,,61.500000000000014,5.125000000000001,58,4.833333333333333,,,,,,,,,,,,,,,,,,,"Jesus Luzardo","19959",666200
"Max Fried","NYY",0,0,1.12673,3.74109,3,3,0,0,,16.407,68.7018,14.7058,7.35,6.82,1.71353,5.34584,0.0533404,0.787181,14.4321,7.91667,2.93244,2.69969,0.939952,0.210069,0.0778122,0.13225648552179337,0.235035,1.22214,0.279867,0.71953,,,3.82304,0.306879,0.315083,50.04999923706055,,,,,,,64.80000000000001,4.050000000000001,64,4,,,,,,,,,,,,,,,,,,,"Max Fried","13743",608331
"Nolan McLean","NYM",0,0,1.26262,3.94848,3,3,0,0,,17.118,72.6635,15.1848,8.05,7.51,2.02208,6.39432,0.060606,1.24308,17.9741,9.45011,3.36189,2.81095,1.06313,0.247361,0.0879991,0.15936192870140076,0.233518,1.26061,0.29231,0.721622,,,3.87728,0.300891,0.275153,87.29000091552734,,,,,,,77.20000000000002,4.541176470588236,74,4.352941176470588,,,,,,,,,,,,,,,,,,,"Nolan McLean","33703",690997
"Paul Skenes","PIT",0,0,0.810044,3.65317,2,2,0,0,,11.308,46.8538,9.88634,4.92,4.59,1.21583,3.16858,0.0270498,0.599091,12.0055,9.55513,2.52186,3.78892,0.967673,0.256233,0.0676269,0.1886061131954193,0.229456,1.15449,0.290326,0.716559,,,3.37713,0.289384,0.196634,9.649999618530273,,,,,,,55.10000000000001,5.00909090909091,54,4.909090909090909,,,,,,,,,,,,,,,,,,,"Paul Skenes","33677",694973
"Christian Scott","NYM",0,0,1.0091,4.15011,3,3,0,0,,15.549,65.3943,13.464,7.66,7.17,2.40271,5.23922,0.0586079,0.885529,16.9273,9.79781,3.03254,3.23089,1.39073,0.25885,0.0801174,0.1787330061197281,0.227165,1.20286,0.27695,0.719924,,,4.11642,0.288692,0.210252,748.5700073242188,,,,,,,76.00000000000001,4.750000000000001,70,4.375,,,,,,,,,,,,,,,,,,,"Christian Scott","30107",681035
"Logan Webb","SFG",0,0,1.29701,4.23191,3,3,0,0,,17.205,73.0861,17.1384,8.63,8.09,1.80905,5.14951,0.0610031,0.660856,13.6483,7.13946,2.69373,2.6504,0.94632,0.186742,0.0704582,0.11628421396017075,0.254748,1.29543,0.295828,0.691356,,,3.89668,0.284563,0.172938,57.189998626708984,,,,,,,67.00000000000001,3.941176470588236,69,4.0588235294117645,,,,,,,,,,,,,,,,,,,"Logan Webb","17995",657277
"Gavin Williams","CLE",0,0,0.858519,3.59814,2,2,0,0,,11.606,47.9614,9.51143,4.99,4.64,1.44012,4.04837,0.0264386,0.368152,14.1655,10.9848,3.13935,3.49906,1.11676,0.295352,0.0844088,0.21094313263893127,0.218428,1.16834,0.288888,0.742383,,,3.41682,0.278992,0.263988,144.74000549316406,,,,,,,66.50000000000001,5.541666666666668,63,5.25,,,,,,,,,,,,,,,,,,,"Gavin Williams","30122",668909
"José Soriano","TOR",0,0,1.21283,3.64183,3,3,0,0,,16.953,71.1238,14.0873,7.31,6.86,1.8616,7.12323,0.052626,0.688321,17.2304,9.14729,3.78158,2.41891,0.988284,0.24226,0.100153,0.14210720360279083,0.222504,1.25113,0.276472,0.747167,,,3.8803,0.27516,0.382781,321.80999755859375,,,,,,,74.80000000000001,4.4,69,4.0588235294117645,,,,,,,,,,,,,,,,,,,"Jose Soriano","22100",667755
"Jacob deGrom","TEX",0,0,0.738598,3.28389,2,2,0,0,,10.99,43.9498,8.47595,4.27,4.01,1.34894,2.93207,0.0377821,0.154499,11.7458,9.61897,2.40115,4.00599,1.10468,0.267256,0.0667141,0.20054176449775696,0.207423,1.03804,0.256659,0.749831,,,3.40384,0.271179,0.307136,50.0099983215332,,,,,,,63.30000000000001,5.754545454545456,57,5.181818181818182,,,,,,,,,,,,,,,,,,,"Jacob deGrom","10954",594798
"MacKenzie Gore","TEX",0,0,1.29544,4.31044,3,3,0,0,,17.163,73.3229,16.0351,8.8,8.22,2.14179,6.29004,0.0606313,0.738008,15.9133,8.34469,3.2984,2.52992,1.12312,0.217031,0.0857855,0.13124530017375946,0.241875,1.30077,0.288005,0.699818,,,4.09956,0.26993,0.172938,164.82000732421875,,,,,,,70.60000000000002,4.1529411764705895,70,4.117647058823529,,,,,,,,,,,,,,,,,,,"MacKenzie Gore","22201",669022
"Gerrit Cole","NYY",0,0,1.03301,4.28243,3,3,0,0,,15.636,65.3228,14.5122,7.93,7.44,2.50488,4.3211,0.0447717,0.363633,14.9659,8.61429,2.4872,3.46345,1.4418,0.229107,0.0661499,0.16295676678419113,0.239326,1.20449,0.278159,0.711404,,,4.17033,0.263472,0.210252,232.89999389648438,,,,,,,60.5,3.78125,59,3.6875,,,,,,,,,,,,,,,,,,,"Gerrit Cole","13125",543037
"Joe Ryan","MIN",0,0,0.836382,3.92851,2,2,0,0,,11.386,46.8655,9.83694,5.32,4.97,1.65406,2.86579,0.0305253,0.520758,12.8056,10.1221,2.26525,4.46844,1.30744,0.273242,0.0611493,0.21209277212619781,0.226246,1.11565,0.281981,0.710763,,,3.63464,0.256596,0.196634,78.52999877929688,,,,,,,44.80000000000001,4.072727272727274,43,3.909090909090909,,,,,,,,,,,,,,,,,,,"Joe Ryan","21390",657746
"Sean Burke","CHW",0,0,1.17167,4.30918,3,3,0,0,,16.437,69.3566,14.4689,8.43,7.87,2.37996,5.90048,0.0363657,0.612026,16.0569,8.79189,3.23078,2.72129,1.30314,0.231513,0.0850745,0.14643805474042892,0.230235,1.23924,0.272229,0.700773,,,4.22037,0.256064,0.210252,748.5599975585938,,,,,,,68.4,4.275,65,4.0625,,,,,,,,,,,,,,,,,,,"Sean Burke","29878",680732
"Bryan Woo","SEA",0,0,0.740503,3.82753,3,2,0,0.0512,,11.8745,48.8529,10.4393,5.42,5.05,1.68402,2.83626,0.0640235,0.599335,12.477,9.45667,2.14967,4.39912,1.27636,0.2554,0.058057,0.19734282791614532,0.229852,1.11799,0.280112,0.719509,,,3.7133,0.249584,0.251454,34.77000045776367,,,,,,,50.20000000000002,4.1833333333333345,46,3.8333333333333335,,,,,,,,,,,,,,,,,,,"Bryan Woo","30279",693433
"Framber Valdez","DET",0,0,1.13597,3.95822,3,3,0,0,,16.371,69.6412,15.4117,7.78,7.2,1.47958,5.75957,0.0464222,1.23079,12.7391,7.00333,3.16634,2.21181,0.813402,0.182924,0.0827035,0.10022081434726715,0.245993,1.29322,0.287662,0.701118,,,4.00279,0.238188,0.210252,81.13999938964844,,,,,,,72.10000000000001,4.5062500000000005,72,4.5,,,,,,,,,,,,,,,,,,,"Framber Valdez","17295",664285
"Will Warren","NYY",0,0,1.057,4.24134,4,3,0,0.0574,,16.7636,71.2047,15.5264,8.45,7.9,2.27321,6.04796,0.062541,0.485497,15.5912,8.37061,3.24702,2.57793,1.22044,0.218964,0.0849376,0.13402599096298218,0.240082,1.28698,0.283147,0.713596,,,4.17513,0.237734,0.264274,285.04998779296875,,,,,,,73.60000000000002,4.329411764705884,73,4.294117647058823,,,,,,,,,,,,,,,,,,,"Will Warren","30182",701542
"Parker Messick","CLE",0,0,0.807275,3.92316,2,2,0,0,,11.218,47.0589,10.3204,5.25,4.89,1.34179,3.23372,0.0409651,0.677714,10.946,8.78178,2.59436,3.38495,1.0765,0.232602,0.0687164,0.1638854816555977,0.239188,1.20825,0.290948,0.711236,,,3.75264,0.232328,0.196634,294.17999267578125,,,,,,,53.10000000000001,4.827272727272728,52,4.7272727272727275,,,,,,,,,,,,,,,,,,,"Parker Messick","31986",800048
"Connor Prielipp","MIN",0,0,0.671919,3.97011,4,2,0,0.0562,,12.1735,51.5884,11.2348,5.78,5.37,1.33356,4.07226,0.101128,0.642256,12.7468,9.4239,3.01067,3.13016,0.985918,0.247087,0.0789375,0.16814983636140823,0.239681,1.25741,0.301927,0.708854,,,3.59492,0.229801,0.137678,999,,,,,,,58.90000000000001,4.908333333333334,58,4.833333333333333,,,,,,,,,,,,,,,,,,,"Connor Prielipp","31857",687570
"Dean Kremer","MIN",0,0,0.918225,4.35114,3,3,0,0,,14.934,63.4465,13.9046,7.73,7.22,2.1385,5.28956,0.0423557,0.327067,13.9083,8.38186,3.18776,2.62939,1.28877,0.219213,0.0833704,0.13584274053573608,0.240439,1.28526,0.281599,0.707652,,,4.23039,0.22502,0.146688,999,,,,,,,63.00000000000001,4.2,62,4.133333333333334,,,,,,,,,,,,,,,,,,,"Dean Kremer","19350",665152
"Eduardo Rodriguez","ARI",0,0,1.36933,4.76051,3,3,0,0,,17.412,74.8809,17.7336,9.85,9.21,2.515,5.68367,0.0890589,0.463681,13.4538,6.95407,2.9378,2.3671,1.29997,0.17967,0.0759029,0.10376666486263275,0.258005,1.34489,0.288424,0.6819,,,4.49472,0.222508,0.0757392,738.219970703125,,,,,,,50.10000000000001,2.9470588235294124,54,3.176470588235294,,,,,,,,,,,,,,,,,,,"Eduardo Rodriguez","13164",593958
"Matthew Liberatore","STL",0,0,0.712461,4.41109,2,2,0,0,,10.528,44.9377,10.5231,5.53,5.16,1.1646,3.11381,0.0302651,0.502172,9.69522,8.28808,2.66188,3.11362,0.995578,0.215748,0.0692917,0.14645622670650482,0.254662,1.2953,0.307219,0.675212,,,3.72983,0.222503,0.0944164,410.2300109863281,,,,,,,48.50000000000001,4.40909090909091,50,4.545454545454546,,,,,,,,,,,,,,,,,,,"Matthew Liberatore","22294",669461
"Jared Jones","PIT",0,0,0.506799,4.02851,3,2,0,0.0473,,10.9023,46.1482,9.91894,5.24,4.88,1.30042,3.76951,0.0687227,0.405741,11.4494,9.45162,3.11178,3.03737,1.07351,0.248101,0.0816827,0.16641779243946075,0.236318,1.25556,0.294922,0.711876,,,3.70236,0.222277,0.186188,714.77001953125,,,,,,,53.10000000000001,4.827272727272728,52,4.7272727272727275,,,,,,,,,,,,,,,,,,,"Jared Jones","27863",683003
"Cade Cavalli","WSN",0,0,0.737227,3.98776,2,2,0,0,,10.788,45.8301,10.1029,5.13,4.78,1.15646,3.49295,0.0338564,0.75528,10.9997,9.17661,2.91403,3.14911,0.964785,0.24001,0.0762153,0.16379506140947342,0.242965,1.26028,0.304036,0.706854,,,3.63889,0.22143,0.196634,305.2200012207031,,,,,,,53.10000000000001,4.827272727272728,52,4.7272727272727275,,,,,,,,,,,,,,,,,,,"Cade Cavalli","27473",676917
"Chase Burns","CIN",0,0,0.78186,3.96365,2,2,0,0,,11.058,46.2111,9.20955,5.18,4.87,1.51113,4.21319,0.0388903,0.194805,12.1254,9.86878,3.42908,2.87797,1.2299,0.262392,0.0911728,0.17121952027082443,0.220308,1.21385,0.273318,0.728985,,,3.88251,0.219646,0.196634,109.72000122070312,,,,,,,45.40000000000001,4.127272727272729,41,3.727272727272727,,,,,,,,,,,,,,,,,,,"Chase Burns","35333",695505
"Payton Tolle","BOS",0,0,0.657374,3.92705,2,2,0,0,,10.336,42.6646,9.04611,4.85,4.51,1.53622,2.72159,0.0397663,0.389875,10.6309,9.25677,2.36981,3.90613,1.33765,0.249173,0.0637904,0.1853829249739647,0.228708,1.13852,0.274223,0.719321,,,3.88138,0.213843,0.131406,673,,,,,,,39,3.9,37,3.7,,,,,,,,,,,,,,,,,,,"Payton Tolle","35466",801139
"Bryce Miller","SEA",0,0,0.727347,4.04192,3,2,0,0.0512,,11.7345,48.8739,10.4088,5.65,5.27,1.6842,3.57617,0.0687374,0.351811,12.0767,9.26241,2.74281,3.37698,1.29173,0.247098,0.0731714,0.17392686754465103,0.231586,1.19178,0.27977,0.716859,,,3.91491,0.212808,0.146774,341.6000061035156,,,,,,,50.20000000000002,4.1833333333333345,46,3.8333333333333335,,,,,,,,,,,,,,,,,,,"Bryce Miller","29837",682243
"Troy Melton","DET",0,0,1.08828,4.50284,3,3,0,0,,15.87,67.7656,15.4134,8.51,7.94,2.30241,5.31609,0.0438054,0.582252,13.5382,7.67762,3.01479,2.54665,1.30571,0.19978,0.0784482,0.12133165448904037,0.249138,1.30621,0.284858,0.698013,,,4.39807,0.211352,0.110627,743.22998046875,,,,,,,64.80000000000001,4.050000000000001,64,4,,,,,,,,,,,,,,,,,,,"Troy Melton","31807",675512
"Kade Anderson","SEA",0,0,0.381938,3.90922,3,2,0,0.0512,,9.73851,40.6184,9.00479,4.55,4.23,1.25712,2.66802,0.0742069,0.264221,10.1596,9.38918,2.46569,3.80793,1.16179,0.250123,0.0656849,0.1844385266304016,0.238941,1.19862,0.294931,0.718544,,,3.59813,0.203698,0.122309,999,,,,,,,49.300000000000004,4.930000000000001,48,4.8,,,,,,,,,,,,,,,,,,,"Kade Anderson","37238",807739
"Kevin Gausman","CHC",0,0,0.865506,4.15782,2,2,0,0,,11.494,47.7859,10.3307,5.68,5.31,1.70042,3.4822,0.0373054,0.169526,11.4803,8.98928,2.72662,3.29686,1.33146,0.240245,0.0728709,0.16737422347068787,0.234075,1.20175,0.278815,0.711396,,,3.9819,0.201644,0.0944164,112.94999694824219,,,,,,,43.80000000000001,3.981818181818183,42,3.8181818181818183,,,,,,,,,,,,,,,,,,,"Kevin Gausman","14107",592332
"Ranger Suarez","BOS",0,0,0.708868,4.03846,2,2,0,0,,10.608,44.4839,10.086,5.11,4.76,1.22993,3.00712,0.0344868,0.443774,8.68194,7.3659,2.55129,2.88713,1.04349,0.19517,0.0676001,0.1275702491402626,0.245802,1.23427,0.284567,0.702045,,,3.94951,0.200467,0.196634,183.97999572753906,,,,,,,52.10000000000001,4.736363636363637,51,4.636363636363637,,,,,,,,,,,,,,,,,,,"Ranger Suarez","17277",624133
"Kyle Leahy","STL",0,0,0.640317,4.22789,2,2,0,0,,10.154,43.2631,10.1695,5.1,4.77,1.01196,3.15005,0.0289771,0.377161,8.89435,7.88351,2.79205,2.82356,0.896952,0.205587,0.0728116,0.1327759400010109,0.255928,1.31176,0.306996,0.690557,,,3.689,0.196057,0.131406,733.6699829101562,,,,,,,44.7,4.470000000000001,46,4.6,,,,,,,,,,,,,,,,,,,"Kyle Leahy","24763",681517
"Logan Henderson","MIL",0,0,0.764321,4.03255,2,2,0,0,,10.936,44.7934,9.22216,5.25,4.9,1.98282,2.91544,0.0325523,0.265173,12.0604,9.92538,2.39932,4.13674,1.6318,0.269246,0.0650864,0.20415957272052765,0.221618,1.10988,0.262585,0.735725,,,4.1271,0.194079,0.196634,413.3999938964844,,,,,,,48.40000000000001,4.400000000000001,44,4,,,,,,,,,,,,,,,,,,,"Logan Henderson","31475",701656
"Nick Pivetta","SDP",0,0,0.842844,4.11941,3,2,0,0.0559,,12.2129,50.8746,10.4299,5.99,5.59,1.94867,4.03294,0.0597535,0.266269,12.4013,9.1388,2.97198,3.07499,1.43603,0.243761,0.0792722,0.16448912769556046,0.223936,1.18423,0.263184,0.722033,,,4.20266,0.19274,0.146774,96.01000213623047,,,,,,,50.20000000000002,4.1833333333333345,46,3.8333333333333335,,,,,,,,,,,,,,,,,,,"Nick Pivetta","15454",601713
"Casey Mize","SDP",0,0,1.13943,4.61023,3,3,0,0,,16.125,68.4637,15.7207,8.91,8.26,2.56378,4.80464,0.054133,0.469861,12.9676,7.23775,2.68166,2.69898,1.43095,0.189409,0.0701779,0.11923111230134964,0.248787,1.27289,0.27607,0.685835,,,4.54302,0.191886,0.110627,289.6499938964844,,,,,,,50.9,3.18125,52,3.25,,,,,,,,,,,,,,,,,,,"Casey Mize","20492",663554
"Ian Seymour","TBR",0,0,0.946692,4.45219,3,3,0,0,,15.06,63.782,13.2587,7.99,7.45,2.60734,4.19288,0.0651316,2.04747,15.5579,9.29755,2.50571,3.71055,1.55817,0.243923,0.0657377,0.17818532139062881,0.230419,1.1588,0.2705,0.685557,,,4.53085,0.191439,0.146688,521.1400146484375,,,,,,,54.3,3.6199999999999997,50,3.3333333333333335,,,,,,,,,,,,,,,,,,,"Ian Seymour","27932",693855
"Michael King","SDP",0,0,1.30906,4.71105,3,3,0,0,,17.079,73.8967,16.6907,9.6,8.94,2.47725,6.68261,0.0507219,0.672152,14.1986,7.48214,3.52149,2.12471,1.30542,0.192141,0.0904318,0.10170941799879074,0.25083,1.36854,0.285032,0.691947,,,4.61799,0.189689,0.0757392,129.55999755859375,,,,,,,61.000000000000014,3.588235294117648,63,3.7058823529411766,,,,,,,,,,,,,,,,,,,"Michael King","19853",650633
"Corbin Burnes","ARI",0,0,0.802676,4.15813,4,2,0,0.0511,,13.3113,56.4658,12.1476,6.58,6.15,1.52778,4.824,0.0677182,0.623705,11.8867,8.03684,3.26159,2.46408,1.03296,0.210512,0.0854322,0.12507998198270798,0.238104,1.27498,0.282416,0.700587,,,4.03703,0.189514,0.0986664,738.0999755859375,,,,,,,46.39999999999999,3.5692307692307685,45,3.4615384615384617,,,,,,,,,,,,,,,,,,,"Corbin Burnes","19361",669203
"Sean Manaea","NYM",0,0,1.21877,4.75231,3,3,0,0,,16.533,70.4535,16.4125,9.38,8.73,2.95889,4.33563,0.045418,1.13597,14.9832,8.15632,2.36017,3.45582,1.61072,0.212667,0.0615389,0.15112853050231934,0.25257,1.25495,0.286005,0.684593,,,4.61011,0.187914,0.172938,423.3599853515625,,,,,,,62.300000000000004,3.6647058823529415,61,3.588235294117647,,,,,,,,,,,,,,,,,,,"Sean Manaea","15873",640455
"Aaron Nola","PHI",0,0,1.20216,4.59902,3,3,0,0,,16.497,70.1546,15.8511,9.07,8.43,2.73844,5.67895,0.0710659,0.380829,15.4577,8.43303,3.09818,2.72193,1.49397,0.220338,0.0809492,0.13938911259174347,0.247308,1.30509,0.285688,0.704108,,,4.48911,0.18756,0.110627,205.52999877929688,,,,,,,51.9,3.24375,53,3.3125,,,,,,,,,,,,,,,,,,,"Aaron Nola","16149",605400
"Griffin Jax","TBR",0,0,0.470523,3.84196,4,2,0,0.0605,,11.3614,47.1433,9.69665,5.2,4.85,1.47154,3.75029,0.0714712,0.419857,12.0316,9.53092,2.97082,3.20818,1.16569,0.255214,0.0795509,0.17566267400979996,0.225644,1.18356,0.279101,0.724255,,,3.77011,0.187088,0.177635,149.2100067138672,,,,,,,55.10000000000001,5.00909090909091,54,4.909090909090909,,,,,,,,,,,,,,,,,,,"Griffin Jax","20253",643377
"Michael Soroka","ARI",0,0,0.773278,4.39691,3,2,0,0.0511,,11.9948,50.7248,11.2508,6.28,5.86,1.67355,3.67612,0.0470576,0.598726,11.001,8.25434,2.75829,2.99256,1.25571,0.216877,0.0724718,0.14440473169088364,0.242214,1.24445,0.283558,0.68714,,,4.15186,0.185714,0.146774,710.3599853515625,,,,,,,42.600000000000016,3.550000000000001,41,3.4166666666666665,,,,,,,,,,,,,,,,,,,"Michael Soroka","18383",647336
"Andre Pallante","STL",0,0,0.773395,4.32264,2,2,0,0,,10.91,46.7322,11.2577,5.61,5.24,0.871667,3.66483,0.0294107,0.328959,7.43147,6.13045,3.02323,2.02778,0.719066,0.159022,0.0784219,0.08060051500797272,0.263409,1.36778,0.30161,0.679638,,,3.87771,0.185579,0.0944164,999,,,,,,,42.50000000000001,3.863636363636364,44,4,,,,,,,,,,,,,,,,,,,"Andre Pallante","26108",669467
"Roki Sasaki","LAD",0,0,0.706024,4.09104,3,2,0,0.0618,,11.4396,48.388,10.1807,5.56,5.2,1.36902,4.23455,0.0423897,0.525315,11.5446,9.08255,3.33148,2.72628,1.07706,0.238583,0.0875124,0.15107081830501556,0.233351,1.26011,0.286889,0.708497,,,3.88885,0.185576,0.0841913,289.7200012207031,,,,,,,52.10000000000001,4.736363636363637,51,4.636363636363637,,,,,,,,,,,,,,,,,,,"Roki Sasaki","35323",808963
"Davis Martin","CHW",0,0,1.12596,4.71228,3,3,0,0,,16.005,69.0259,16.3289,8.97,8.38,2.16632,5.12983,0.043474,0.815064,11.931,6.70911,2.88463,2.32582,1.21817,0.172849,0.0743175,0.09853126853704453,0.258857,1.34075,0.289129,0.677782,,,4.48617,0.184155,0.110627,999,,,,,,,58.20000000000001,3.6375000000000006,60,3.75,,,,,,,,,,,,,,,,,,,"Davis Martin","21448",663436
"Robert Gasser","MIL",0,0,0.676643,4.48177,3,2,0,0.046,,11.5669,49.4599,11.2048,6.18,5.76,1.69232,3.48098,0.0674201,0.794838,10.9252,8.50074,2.7085,3.13854,1.31676,0.22089,0.0703798,0.15051038563251495,0.247982,1.26964,0.292094,0.690599,,,4.22511,0.180197,0.146774,748.5800170898438,,,,,,,45.600000000000016,3.800000000000001,44,3.6666666666666665,,,,,,,,,,,,,,,,,,,"Robert Gasser","29812",688107
"Patrick Sandoval","BOS",0,0,0.692203,4.15126,3,2,0,0.0526,,12.0759,51.6947,11.1819,6.03,5.57,1.37701,4.86361,0.114751,0.426029,10.0265,7.47265,3.62479,2.06154,1.02627,0.193956,0.0940832,0.09987282007932663,0.240963,1.32873,0.280127,0.70943,,,4.23909,0.179678,0.146774,999,,,,,,,52.90000000000001,4.408333333333334,52,4.333333333333333,,,,,,,,,,,,,,,,,,,"Patrick Sandoval","19447",663776
"Yusei Kikuchi","LAA",0,0,1.13209,4.59903,3,3,0,0,,16.086,69.3246,15.4261,8.83,8.22,2.58424,6.27202,0.0691481,0.566401,15.5886,8.72172,3.50915,2.48542,1.44587,0.224864,0.0904732,0.1343909502029419,0.246873,1.34888,0.289797,0.711726,,,4.52885,0.178349,0.110627,506.57000732421875,,,,,,,53.5,3.34375,52,3.25,,,,,,,,,,,,,,,,,,,"Yusei Kikuchi","20633",579328
"Dustin May","MIL",0,0,0.76586,4.28729,2,2,0,0,,10.874,46.3746,10.2173,5.57,5.18,1.39483,3.74608,0.049819,0.611241,10.4129,8.61834,3.10049,2.77967,1.15445,0.224538,0.0807787,0.14375964552164078,0.243168,1.2841,0.292041,0.698829,,,4.05767,0.177692,0.0944164,414.6700134277344,,,,,,,48.10000000000001,4.372727272727274,47,4.2727272727272725,,,,,,,,,,,,,,,,,,,"Dustin May","19716",669160
"Noah Cameron","KCR",0,0,0.848067,4.32235,2,2,0,0,,11.348,48.2081,10.8336,5.83,5.45,1.54051,3.58145,0.0427507,0.443114,9.95145,7.89241,2.84042,2.77861,1.22176,0.206427,0.0742916,0.13213546574115753,0.245196,1.27027,0.284266,0.700344,,,4.17803,0.176539,0.0944164,298,,,,,,,36.20000000000001,3.290909090909092,37,3.3636363636363638,,,,,,,,,,,,,,,,,,,"Noah Cameron","30184",702070
"Trevor Rogers","BAL",0,0,0.76428,4.30031,2,2,0,0,,10.862,45.6847,10.3374,5.57,5.19,1.63126,3.16337,0.045158,0.320591,9.63667,7.98472,2.62109,3.04633,1.35163,0.210939,0.0692436,0.14169526100158691,0.244958,1.24293,0.281453,0.707031,,,4.24339,0.174968,0.0944164,146.07000732421875,,,,,,,41.80000000000001,3.800000000000001,40,3.6363636363636362,,,,,,,,,,,,,,,,,,,"Trevor Rogers","22286",669432
"Sonny Gray","BOS",0,0,0.657756,4.07184,2,2,0,0,,10.3,42.9093,9.54028,5,4.66,1.32273,2.81347,0.027743,0.376602,9.09695,7.94879,2.45837,3.23336,1.15578,0.212004,0.0655679,0.1464363932609558,0.240193,1.19939,0.280467,0.700229,,,3.9354,0.174894,0.131406,138.08999633789062,,,,,,,44.7,4.470000000000001,46,4.6,,,,,,,,,,,,,,,,,,,"Sonny Gray","12768",543243
"Freddy Peralta","TBR",0,0,1.25954,4.65822,3,3,0,0,,16.809,71.8139,15.0692,9.27,8.7,2.8988,6.67126,0.043783,0.802522,16.1033,8.62215,3.57198,2.41383,1.5521,0.224237,0.0928965,0.13134006410837173,0.234212,1.29338,0.268438,0.705258,,,4.76296,0.17389,0.172938,56.36000061035156,,,,,,,57.900000000000006,3.405882352941177,54,3.176470588235294,,,,,,,,,,,,,,,,,,,"Freddy Peralta","18679",642547
"Nick Martinez","TBR",0,0,0.925998,4.82045,3,3,0,0,,14.787,62.5641,15.3084,8.44,7.92,2.44074,3.45874,0.041892,0.390561,10.1599,6.18377,2.10514,2.93746,1.48554,0.162392,0.0552831,0.10710905864834785,0.260724,1.26916,0.279039,0.672773,,,4.65574,0.172812,0.146688,738.3400268554688,,,,,,,58.400000000000006,3.8933333333333335,60,4,,,,,,,,,,,,,,,,,,,"Nick Martinez","12730",607259
"Drew Anderson","DET",0,0,0.755132,4.23192,3,2,0,0.0513,,11.8244,50.3874,10.5805,5.97,5.56,1.62559,4.67494,0.0528359,0.623564,12.3703,9.41548,3.55827,2.64608,1.2373,0.245504,0.0927801,0.15272372215986252,0.234659,1.29016,0.288004,0.715387,,,4.14236,0.171743,0.146774,999,,,,,,,41.600000000000016,3.466666666666668,40,3.3333333333333335,,,,,,,,,,,,,,,,,,,"Drew Anderson","15130",623454
"Hunter Brown","HOU",0,0,0.858595,4.18239,2,2,0,0,,11.448,48.351,10.5755,5.69,5.32,1.56646,4.04932,0.033004,0.346078,11.2369,8.83406,3.18343,2.77501,1.23149,0.232403,0.0837485,0.14865468442440033,0.240595,1.2775,0.289194,0.718708,,,4.07072,0.171221,0.0944164,36.189998626708984,,,,,,,38.20000000000001,3.4727272727272736,39,3.5454545454545454,,,,,,,,,,,,,,,,,,,"Hunter Brown","25880",686613
"Quinn Mathews","STL",0,0,0.599427,4.42034,3,2,0,0.0528,,11.3815,49.6059,10.7263,5.98,5.59,1.1454,5.1839,0.092096,0.571216,10.5267,8.32408,4.09921,2.03065,0.905738,0.212206,0.104502,0.10770490020513535,0.244609,1.3979,0.29774,0.694097,,,4.07864,0.170917,0.0841913,999,,,,,,,44.50000000000001,4.045454545454546,46,4.181818181818182,,,,,,,,,,,,,,,,,,,"Quinn Mathews","33851",687273
"Carmen Mlodzinski","PIT",0,0,0.567193,4.56683,4,2,0,0.0473,,12.2777,53.1435,12.9765,6.68,6.23,1.28094,3.96997,0.0676526,0.430408,8.94224,6.555,2.91014,2.25247,0.93898,0.168266,0.0747029,0.09356298297643661,0.266221,1.38026,0.303622,0.677513,,,4.07804,0.170144,0.0376775,745.6199951171875,,,,,,,48.70000000000002,4.0583333333333345,53,4.416666666666667,,,,,,,,,,,,,,,,,,,"Carmen Mlodzinski","27572",669387
"Foster Griffin","CLE",0,0,0.848724,4.40071,2,2,0,0,,11.33,48.42,11.1156,5.97,5.54,1.45586,3.28329,0.0339579,0.984834,10.0078,7.94974,2.60809,3.04811,1.15647,0.206688,0.0678085,0.13887949287891388,0.251758,1.27087,0.295512,0.681912,,,4.13715,0.169397,0.0944164,999,,,,,,,48.50000000000001,4.40909090909091,50,4.545454545454546,,,,,,,,,,,,,,,,,,,"Foster Griffin","16432",656492
"Joey Cantillo","CLE",0,0,0.705118,4.39552,3,2,0,0.0568,,12.0805,52.3223,11.0458,6.36,5.9,1.5296,5.27725,0.0698734,0.747077,12.3706,9.21615,3.93157,2.34414,1.13956,0.236431,0.10086,0.1355704963207245,0.238581,1.35119,0.293731,0.702534,,,4.19723,0.166398,0.146774,270.80999755859375,,,,,,,41.600000000000016,3.466666666666668,40,3.3333333333333335,,,,,,,,,,,,,,,,,,,"Joey Cantillo","23335",676282
"Michael Wacha","KCR",0,0,0.863485,4.48736,2,2,0,0,,11.392,48.431,11.083,6.08,5.68,1.65774,3.46756,0.0456703,0.40136,9.29535,7.34359,2.73947,2.68066,1.30966,0.19193,0.071598,0.12033183872699738,0.248708,1.27726,0.280437,0.69262,,,4.38186,0.165147,0.0944164,609.2899780273438,,,,,,,37.20000000000001,3.3818181818181827,38,3.4545454545454546,,,,,,,,,,,,,,,,,,,"Michael Wacha","14078",608379
"Carlos Rodón","NYY",0,0,1.02259,4.57104,3,3,0,0,,15.456,66.2384,13.5478,8.37,7.85,2.37085,6.77459,0.0517755,0.615394,14.4787,8.43094,3.94483,2.13721,1.38054,0.218585,0.102276,0.11630938947200775,0.230215,1.31485,0.266125,0.702949,,,4.65815,0.162924,0.146688,202.3000030517578,,,,,,,54.00000000000001,3.6000000000000005,53,3.533333333333333,,,,,,,,,,,,,,,,,,,"Carlos Rodon","16137",607074
"Jake Bennett","BOS",0,0,0.483115,4.2814,3,2,0,0.0526,,10.7839,45.3801,10.6198,5.51,5.13,1.44078,2.70516,0.100854,0.469765,7.92072,6.61049,2.25768,2.928,1.20244,0.174542,0.0596112,0.11493044346570969,0.251623,1.23564,0.279476,0.691108,,,4.2543,0.160913,0.0841913,999,,,,,,,47.50000000000001,4.318181818181819,49,4.454545454545454,,,,,,,,,,,,,,,,,,,"Jake Bennett","31959",687562
"Jack Flaherty","DET",0,0,0.757137,4.50672,3,2,0,0.0513,,11.7624,50.7074,10.72,6.31,5.89,1.77564,4.8737,0.0640662,0.55394,12.5653,9.61432,3.7291,2.57818,1.35863,0.2478,0.0961143,0.15168602019548416,0.236751,1.32572,0.289099,0.708258,,,4.31344,0.158323,0.146774,209,,,,,,,43.600000000000016,3.6333333333333346,42,3.5,,,,,,,,,,,,,,,,,,,"Jack Flaherty","17479",656427
"Michael McGreevy","STL",0,0,0.756954,4.56364,2,2,0,0,,10.748,46.1022,11.5727,5.83,5.45,1.20472,2.99751,0.0289709,0.271537,7.11205,5.95538,2.51001,2.37265,1.00879,0.154267,0.0650188,0.08924813568592072,0.270182,1.35562,0.300379,0.678399,,,4.14936,0.157084,0.0944164,715.3800048828125,,,,,,,42.900000000000006,3.9000000000000004,47,4.2727272727272725,,,,,,,,,,,,,,,,,,,"Michael McGreevy","29869",700241
"Andrew Alvarez","WSN",0,0,0.573463,4.30595,2,2,0,0,,9.74,42.0062,9.56435,4.99,4.66,0.96378,3.78403,0.0240453,0.394708,7.91917,7.31751,3.49654,2.09279,0.890556,0.188524,0.0900828,0.09844113886356354,0.252841,1.37047,0.29714,0.696585,,,4.05052,0.156242,0.131406,999,,,,,,,39.7,3.97,41,4.1,,,,,,,,,,,,,,,,,,,"Andrew Alvarez","29914",674841
"Landen Roupp","SFG",0,0,0.812207,4.36893,2,2,0,0,,11.124,48.2863,10.4466,5.76,5.4,1.13501,5.06617,0.0487107,0.403837,9.53546,7.71477,4.09884,1.88218,0.91829,0.197477,0.104919,0.09255807846784592,0.243987,1.39453,0.289668,0.700441,,,4.1904,0.155189,0.0944164,690.0999755859375,,,,,,,48.10000000000001,4.372727272727274,47,4.2727272727272725,,,,,,,,,,,,,,,,,,,"Landen Roupp","30076",694738
"Shane Drohan","MIL",0,0,0.691962,4.59481,3,2,0,0.046,,11.6349,50.2114,11.4535,6.39,5.94,1.65036,4.08754,0.066671,0.522137,10.9329,8.45701,3.16186,2.67469,1.27661,0.217738,0.0814067,0.13633115589618683,0.251164,1.33573,0.296899,0.69166,,,4.25643,0.155121,0.146774,999,,,,,,,42.600000000000016,3.550000000000001,41,3.4166666666666665,,,,,,,,,,,,,,,,,,,"Shane Drohan","27814",675660
"Bubba Chandler","PIT",0,0,0.674306,4.44056,2,2,0,0,,10.296,44.4199,9.70896,5.45,5.08,1.25928,4.13404,0.0318936,0.447468,9.02952,7.89293,3.61367,2.18419,1.10077,0.203276,0.0930673,0.1102088913321495,0.243708,1.3445,0.285949,0.694785,,,4.27414,0.154802,0.131406,150.00999450683594,,,,,,,41.7,4.17,43,4.3,,,,,,,,,,,,,,,,,,,"Bubba Chandler","29868",696149
"Tanner Bibee","CLE",0,0,0.832,4.58855,2,2,0,0,,11.18,47.7097,11.1233,6.14,5.7,1.67904,3.41282,0.0313084,0.439872,9.14209,7.35946,2.74735,2.67875,1.35164,0.191619,0.0715329,0.1200859323143959,0.253627,1.30019,0.28588,0.689028,,,4.45393,0.152744,0.0944164,188.6300048828125,,,,,,,37.20000000000001,3.3818181818181827,38,3.4545454545454546,,,,,,,,,,,,,,,,,,,"Tanner Bibee","30134",676440
"Matthew Boyd","CHC",0,0,0.831434,4.49036,2,2,0,0,,11.204,47.6534,10.6726,6,5.59,1.79826,3.5554,0.0304177,0.562381,9.81338,7.88294,2.856,2.76013,1.44452,0.205932,0.0746095,0.13132274895906448,0.245145,1.2699,0.277982,0.70262,,,4.54053,0.147489,0.0944164,212.75999450683594,,,,,,,33.2,3.0181818181818185,34,3.090909090909091,,,,,,,,,,,,,,,,,,,"Matthew Boyd","15440",571510
"Tyler Mahle","ATL",0,0,0.709634,4.32232,2,2,0,0,,10.536,44.5641,9.54113,5.4,5.06,1.56994,3.81829,0.037766,0.285807,9.60332,8.20329,3.26163,2.51509,1.34106,0.215495,0.0856808,0.12981396168470383,0.235817,1.26798,0.272178,0.713113,,,4.38591,0.145923,0.196634,322.7200012207031,,,,,,,38.80000000000001,3.5272727272727282,37,3.3636363636363638,,,,,,,,,,,,,,,,,,,"Tyler Mahle","16358",641816
"Eury Pérez","MIA",0,0,0.810793,4.52764,2,2,0,0,,11.072,47.275,9.26929,5.94,5.57,1.66931,4.96027,0.0330276,0.533839,10.7627,8.74856,4.03201,2.16978,1.35691,0.227661,0.104924,0.12273731827735901,0.221855,1.28518,0.258953,0.697039,,,4.60769,0.145665,0.0944164,78.6500015258789,,,,,,,37.400000000000006,3.4000000000000004,33,3,,,,,,,,,,,,,,,,,,,"Eury Perez","27768",691587
"Kyle Harrison","MIL",0,0,0.367457,4.00564,4,1,0,0.046,,8.94238,37.6405,7.85226,4.29,3.98,1.30906,2.88632,0.117965,0.442277,10.6278,10.6963,2.90492,3.68213,1.31749,0.28235,0.0766812,0.20566873997449875,0.228849,1.20086,0.292433,0.724079,,,3.74596,0.145418,0.13591,446.55999755859375,,,,,,,46.500000000000014,5.166666666666668,45,5,,,,,,,,,,,,,,,,,,,"Kyle Harrison","27758",690986
"Bailey Ober","MIN",0,0,1.02724,5.01078,3,3,0,0,,15.303,65.5614,15.6093,9.09,8.52,2.81595,4.30798,0.0430971,0.540135,11.2567,6.6203,2.53361,2.61299,1.65612,0.171697,0.0657091,0.10598815977573395,0.257098,1.30153,0.274295,0.677766,,,4.9746,0.138307,0.0495566,494.3399963378906,,,,,,,39.49999999999999,2.633333333333333,43,2.8666666666666667,,,,,,,,,,,,,,,,,,,"Bailey Ober","21224",641927
"Gage Jump","ATH",0,0,0.666764,4.71311,2,2,0,0,,10.178,44.0117,10.1494,5.72,5.33,1.50472,3.61504,0.0590165,0.399562,9.56446,8.45747,3.19664,2.64574,1.33057,0.217317,0.0821383,0.13517818599939346,0.253755,1.35238,0.298837,0.690047,,,4.329,0.137062,0.0330377,999,,,,,,,31.4,3.1399999999999997,32,3.2,,,,,,,,,,,,,,,,,,,"Gage Jump","35418",695611
"Emmet Sheehan","LAD",0,0,0.336346,3.53104,3,1,0,0.0618,,7.00927,28.5928,5.41385,2.95,2.75,0.941326,2.18844,0.048971,0.326593,7.86451,10.0981,2.80998,3.59366,1.20868,0.275052,0.076538,0.19851385802030563,0.207604,1.0846,0.258947,0.740288,,,3.68146,0.136618,0.123551,111.20999908447266,,,,,,,36.500000000000014,5.214285714285716,32,4.571428571428571,,,,,,,,,,,,,,,,,,,"Emmet Sheehan","29839",686218
"Brandon Pfaadt","ARI",0,0,0.766493,4.8601,2,2,0,0,,10.722,45.9287,11.4468,6.19,5.79,1.67722,2.66125,0.0317571,0.389528,7.94083,6.6655,2.23384,2.98387,1.40785,0.172895,0.0579431,0.11495183035731316,0.266963,1.31581,0.293736,0.673307,,,4.50912,0.135602,0.0944164,588.5999755859375,,,,,,,35.2,3.2,36,3.272727272727273,,,,,,,,,,,,,,,,,,,"Brandon Pfaadt","27782",694297
"Luis Castillo","CHW",0,0,0.869831,4.7815,2,2,0,0,,11.35,48.5604,11.4468,6.47,6.03,1.78489,3.39628,0.0332173,0.418162,8.76568,6.95076,2.69309,2.58096,1.41533,0.180511,0.0699393,0.11057141423225403,0.255817,1.30776,0.282549,0.678298,,,4.61116,0.134467,0.0944164,171.0500030517578,,,,,,,37.20000000000001,3.3818181818181827,38,3.4545454545454546,,,,,,,,,,,,,,,,,,,"Luis Castillo","15689",622491
"Clay Holmes","CHC",0,0,0.753535,4.04048,2,2,0,0,,10.87,46.2859,10.0731,5.24,4.88,1.15143,4.30083,0.0247409,0.464582,8.33882,6.90427,3.56094,1.93889,0.95335,0.180159,0.0929187,0.0872403159737587,0.242606,1.32235,0.278539,0.715717,,,4.26116,0.133092,0.196634,330.6300048828125,,,,,,,47.10000000000001,4.281818181818182,46,4.181818181818182,,,,,,,,,,,,,,,,,,,"Clay Holmes","13649",605280
"Janson Junk","MIA",0,0,0.661391,4.57867,2,2,0,0,,10.182,43.1138,10.3036,5.55,5.18,1.50714,2.60183,0.0299591,0.295748,6.48957,5.73622,2.29979,2.49423,1.33218,0.150522,0.060348,0.09017403796315193,0.256204,1.26747,0.273015,0.681345,,,4.60646,0.129924,0.0330377,999,,,,,,,26.4,2.6399999999999997,27,2.7,,,,,,,,,,,,,,,,,,,"Janson Junk","23301",676083
"Shane Baz","BAL",0,0,0.8765,4.43651,2,2,0,0,,11.482,49.2763,10.7177,6.06,5.66,1.61513,4.60581,0.0387278,0.359747,10.0502,7.87768,3.6102,2.18206,1.266,0.203955,0.093469,0.11048620194196701,0.241876,1.33457,0.278831,0.709178,,,4.47865,0.129264,0.0944164,186.92999267578125,,,,,,,33.2,3.0181818181818185,34,3.090909090909091,,,,,,,,,,,,,,,,,,,"Shane Baz","22264",669358
"Shota Imanaga","CHC",0,0,0.80389,4.25369,2,2,0,0,,11.108,45.792,9.77035,5.63,5.25,2.19311,2.78599,0.0286367,0.418869,10.2318,8.29009,2.25729,3.67259,1.77692,0.223441,0.0608402,0.16260099783539772,0.22942,1.13039,0.251216,0.730166,,,4.69315,0.125513,0.0944164,157.92999267578125,,,,,,,41.80000000000001,3.800000000000001,40,3.6363636363636362,,,,,,,,,,,,,,,,,,,"Shota Imanaga","33829",684007
"Andrew Painter","PHI",0,0,0.689226,4.5661,2,2,0,0,,10.348,44.4783,10.2723,5.63,5.25,1.47102,3.72392,0.0322847,0.303746,8.28174,7.20291,3.23881,2.22393,1.27939,0.186197,0.0837243,0.1024729385972023,0.253945,1.35255,0.286705,0.700876,,,4.51821,0.125441,0.0330377,999,,,,,,,39.7,3.97,41,4.1,,,,,,,,,,,,,,,,,,,"Andrew Painter","30091",691725
"Jack Perkins","ATH",0,0,0.547741,4.74188,3,2,0,0.0484,,10.8185,47.1988,10.3336,6.11,5.7,1.56414,4.61534,0.0900513,0.579913,10.4047,8.65575,3.83954,2.25437,1.30123,0.220444,0.0977851,0.12265881896018982,0.246016,1.38179,0.291976,0.692753,,,4.49989,0.124017,0.0841913,999,,,,,,,32.800000000000004,2.9818181818181824,31,2.8181818181818183,,,,,,,,,,,,,,,,,,,"Jack Perkins","31468",678022
"Zebby Matthews","MIN",0,0,0.749877,4.8048,3,2,0,0.0562,,11.5197,49.6795,11.8421,6.57,6.15,1.83455,3.71868,0.0553715,0.348896,9.88919,7.72611,2.90529,2.65933,1.43327,0.19906,0.0748535,0.12420628219842911,0.259627,1.35079,0.295311,0.692003,,,4.51584,0.123013,0.0472886,488.6400146484375,,,,,,,41.000000000000014,3.416666666666668,42,3.5,,,,,,,,,,,,,,,,,,,"Zebby Matthews","31827",805673
"Anthony Kay","CHW",0,0,0.718217,4.67677,2,2,0,0,,10.488,45.3987,10.5319,5.86,5.45,1.39057,3.54373,0.037525,0.771282,8.10996,6.95935,3.04096,2.28854,1.19328,0.178638,0.078058,0.10058048367500305,0.256353,1.34207,0.289437,0.677364,,,4.51456,0.122924,0.0330377,717.8599853515625,,,,,,,34.1,3.41,38,3.8,,,,,,,,,,,,,,,,,,,"Anthony Kay","20387",641743
"Cody Bradford","TEX",0,0,0.662797,4.65069,3,2,0,0.0484,,11.3016,47.8807,11.5618,6.26,5.84,1.78616,2.62745,0.0612835,0.37905,7.1666,5.70712,2.09237,2.72759,1.42241,0.149676,0.0548748,0.09480125084519386,0.25765,1.25552,0.27214,0.678374,,,4.6876,0.121505,0.0841913,999,,,,,,,30.600000000000005,2.781818181818182,34,3.090909090909091,,,,,,,,,,,,,,,,,,,"Cody Bradford","27597",674003
"Kumar Rocker","TEX",0,0,0.772896,4.68906,2,2,0,0.0484,,10.806,46.6992,10.5561,6.01,5.63,1.45279,4.16173,0.0276583,0.448381,8.69098,7.23846,3.46618,2.08831,1.20998,0.186106,0.0891179,0.09698785096406937,0.250804,1.362,0.284965,0.686524,,,4.52226,0.120282,0.0944164,720.72998046875,,,,,,,46.50000000000001,4.2272727272727275,48,4.363636363636363,,,,,,,,,,,,,,,,,,,"Kumar Rocker","31843",677958
"Sandy Alcantara","MIA",0,0,0.982143,4.8998,2,2,0,0,,11.976,51.8377,12.0076,6.95,6.52,1.7033,4.11027,0.0334315,0.767603,8.1992,6.16172,3.08888,1.99481,1.28004,0.158171,0.0792911,0.07887948304414749,0.255699,1.34585,0.278063,0.667567,,,4.80476,0.110276,0.0592206,144.57000732421875,,,,,,,34.000000000000014,2.8333333333333344,35,2.9166666666666665,,,,,,,,,,,,,,,,,,,"Sandy Alcantara","18684",645261
"Cristian Javier","HOU",0,0,0.609581,4.76533,3,2,0,0.0512,,10.9352,46.7418,9.82451,6.18,5.79,1.97923,4.28801,0.0494359,0.359672,10.141,8.34629,3.52915,2.36496,1.62896,0.216957,0.0917382,0.12521880120038986,0.233394,1.29055,0.261737,0.699418,,,4.87645,0.109868,0.0841913,470.2799987792969,,,,,,,38.80000000000001,3.5272727272727282,37,3.3636363636363638,,,,,,,,,,,,,,,,,,,"Cristian Javier","17606",664299
"Reynaldo López","ATL",0,0,0.610712,4.98229,5,2,0,0.0519,,13.3854,58.4553,12.9065,7.91,7.41,2.047,5.90028,0.132787,0.313091,12.4043,8.34034,3.96719,2.10233,1.37635,0.212202,0.100937,0.1112653911113739,0.247052,1.40502,0.287359,0.683569,,,4.6304,0.109713,-0.00856259,302.9100036621094,,,,,,,43.8,3.369230769230769,45,3.4615384615384617,,,,,,,,,,,,,,,,,,,"Reynaldo Lopez","16400",625643
"Cal Quantrill","TEX",0,0,0.701625,4.57861,2,2,0,0,,10.418,44.1692,10.1329,5.65,5.3,1.52756,3.07258,0.0257227,0.380045,7.36705,6.36432,2.65437,2.39768,1.31964,0.166791,0.0695637,0.09722777456045151,0.248864,1.26756,0.270421,0.68271,,,4.58927,0.109551,0.0330377,999,,,,,,,28.4,2.84,29,2.9,,,,,,,,,,,,,,,,,,,"Cal Quantrill","19312",615698
"AJ Smith-Shawver","ATL",0,0,0.48225,4.76735,5,2,0,0.0519,,12.6674,54.7478,11.375,7.16,6.71,2.003,5.60874,0.177113,0.528529,12.296,8.73609,3.98492,2.19229,1.4231,0.224593,0.102447,0.12214603275060654,0.234003,1.34074,0.273145,0.692812,,,4.67089,0.108787,0.0902691,999,,,,,,,45.99999999999999,3.538461538461538,42,3.230769230769231,,,,,,,,,,,,,,,,,,,"AJ Smith-Shawver","29960",700363
"Hayden Wesneski","HOU",0,0,0.585197,4.51523,3,2,0,0.0512,,10.8632,46.3384,10.3696,5.83,5.45,1.67757,3.69401,0.0495619,0.51137,8.925,7.39421,3.06042,2.41607,1.38984,0.192605,0.0797181,0.11288661509752274,0.246115,1.2946,0.275669,0.702825,,,4.62894,0.108526,0.0841913,999,,,,,,,33.800000000000004,3.072727272727273,32,2.909090909090909,,,,,,,,,,,,,,,,,,,"Hayden Wesneski","27581",669713
"Walbert Ureña","LAA",0,0,0.788705,4.29233,2,2,0,0,,11.008,47.5113,10.0351,5.62,5.25,1.29602,4.94611,0.0337815,0.615474,9.03749,7.38894,4.04388,1.82719,1.05961,0.190218,0.104104,0.0861138328909874,0.239217,1.36094,0.276411,0.710971,,,4.50743,0.107504,0.0944164,999,,,,,,,43.10000000000001,3.918181818181819,42,3.8181818181818183,,,,,,,,,,,,,,,,,,,"Walbert Urena","29357",700712
"Jackson Jobe","DET",0,0,0.58143,4.67941,3,2,0,0.0513,,10.6744,46.3533,10.003,5.94,5.55,1.50179,4.79456,0.0571729,0.446009,9.43151,7.95205,4.04247,1.96713,1.26622,0.20347,0.103435,0.10003488510847092,0.243307,1.38626,0.281689,0.697718,,,4.63788,0.106781,0.0841913,999,,,,,,,33.800000000000004,3.072727272727273,32,2.909090909090909,,,,,,,,,,,,,,,,,,,"Jackson Jobe","30203",695549
"Seth Lugo","KCR",0,0,0.807567,4.89774,2,2,0,0,,10.952,47.5323,11.0997,6.37,5.96,1.66694,3.86917,0.045301,0.458855,9.01264,7.4063,3.17956,2.32935,1.36984,0.189611,0.0814008,0.10821016132831573,0.256913,1.36677,0.29002,0.680552,,,4.62154,0.106253,0.0944164,493.1000061035156,,,,,,,34.2,3.1090909090909093,35,3.1818181818181817,,,,,,,,,,,,,,,,,,,"Seth Lugo","12447",607625
"Cade Smith","CLE",0,0,0,3.15543,6,0,2.491,0.1835,,5.21958,21.293,3.99729,1.98,1.83,0.50369,1.60401,0.0859784,0.249459,6.59744,11.3758,2.76575,4.1131,0.868501,0.309841,0.0753303,0.23451101034879684,0.205627,1.07313,0.283149,0.739624,,,2.89502,0.100151,0.0668571,39.90999984741211,,,,,,,32.300000000000004,6.460000000000001,30,6,,,,,,,,,,,,,,,,,,,"Cade Smith","27867",671922
"Grayson Rodriguez","LAA",0,0,0.802411,4.76277,2,2,0,0,,10.96,47.3802,10.7259,6.2,5.8,1.79627,3.98238,0.0387202,0.51407,9.51556,7.81388,3.2702,2.38942,1.47504,0.200834,0.0840515,0.116782546043396,0.250115,1.342,0.282834,0.697771,,,4.72815,0.0994231,0.0944164,397.1099853515625,,,,,,,33.2,3.0181818181818185,34,3.090909090909091,,,,,,,,,,,,,,,,,,,"Grayson Rodriguez","24492",680570
"Chris Bassitt","BAL",0,0,0.784731,5.0139,2,2,0,0,,10.788,47.2821,11.2516,6.44,6.01,1.648,4.01402,0.0326992,0.601347,8.67779,7.23954,3.34874,2.16187,1.37486,0.183532,0.084895,0.09863721579313278,0.263708,1.41505,0.296948,0.681071,,,4.76378,0.0982279,0.0944164,359.3599853515625,,,,,,,31.200000000000003,2.8363636363636364,32,2.909090909090909,,,,,,,,,,,,,,,,,,,"Chris Bassitt","12304",605135
"Jonah Tong","NYM",0,0,0.6616,4.78141,3,2,0,0.058,,11.1243,48.2207,10.557,6.33,5.91,1.8122,4.7249,0.0884908,0.328797,10.4455,8.45078,3.82262,2.21073,1.46614,0.216618,0.0979848,0.11863318830728531,0.244562,1.37374,0.282919,0.702396,,,4.70586,0.0975052,0.0841913,722.8099975585938,,,,,,,33.2,3.0181818181818185,34,3.090909090909091,,,,,,,,,,,,,,,,,,,"Jonah Tong","32157",804636
"Peter Lambert","HOU",0,0,0.854554,4.81991,3,2,0,0.0512,,12.3612,53.4099,11.9328,7.07,6.62,2.00838,4.68307,0.0497721,0.586198,10.454,7.61135,3.40966,2.23229,1.46227,0.195731,0.0876818,0.10804925113916397,0.247873,1.34419,0.278164,0.691521,,,4.80275,0.0970403,0.0472886,999,,,,,,,35.000000000000014,2.916666666666668,36,3,,,,,,,,,,,,,,,,,,,"Peter Lambert","17969",663567
"Martín Pérez","ATL",0,0,0.590986,4.8443,2,2,0,0,,9.698,42.292,9.81708,5.59,5.22,1.39153,3.72498,0.0348326,0.516474,7.5306,6.9886,3.45688,2.02165,1.29138,0.178062,0.0880778,0.0899844765663147,0.258001,1.39638,0.289256,0.685882,,,4.72755,0.0959355,0.0330377,999,,,,,,,36.7,3.6700000000000004,38,3.8,,,,,,,,,,,,,,,,,,,"Martin Perez","6902",527048
"Walker Buehler","SDP",0,0,1.04982,5.25924,3,3,0,0,,15.333,67.3028,15.7872,9.58,8.96,2.57197,6.28097,0.0605567,0.501679,12.0881,7.09535,3.68674,1.92456,1.50967,0.179608,0.0933241,0.08628372102975845,0.260858,1.43926,0.288163,0.676226,,,5.03414,0.0951413,-0.0429244,740.9299926757812,,,,,,,35.49999999999999,2.3666666666666663,39,2.6,,,,,,,,,,,,,,,,,,,"Walker Buehler","19374",621111
"Grant Taylor","CHW",0,0,0,3.14457,7,0,1.664,0.5626,,5.12311,20.9977,4.08189,1.93,1.79,0.43245,1.70112,0.0668945,0.116536,6.04562,10.6206,2.98843,3.55392,0.759704,0.287919,0.0810146,0.2069043293595314,0.21282,1.12881,0.287314,0.744172,,,2.90478,0.0945508,0.0668037,506.67999267578125,,,,,,,46.6,9.32,45,9,,,,,,,,,,,,,,,,,,,"Grant Taylor","33927",691799
"David Peterson","CHC",0,0,0.740571,4.68829,3,2,0,0.0478,,12.0172,52.8641,12.0188,6.76,6.26,1.41621,4.33508,0.0717938,1.91405,9.53122,7.1382,3.24666,2.19863,1.06064,0.180297,0.0820041,0.09829247742891312,0.25783,1.36087,0.29726,0.667576,,,4.609,0.091339,0.0472886,452.0400085449219,,,,,,,47.30000000000001,3.9416666666666678,49,4.083333333333333,,,,,,,,,,,,,,,,,,,"David Peterson","20302",656849
"Keider Montero","DET",0,0,0.596017,4.96801,2,2,0,0,,9.692,41.9605,10.1419,5.73,5.35,1.60497,3.02028,0.0321346,0.459928,6.96299,6.46584,2.80464,2.30541,1.49037,0.165942,0.0719791,0.0939624086022377,0.263562,1.35805,0.2854,0.680902,,,4.89633,0.0912682,0.0330377,999,,,,,,,28.4,2.84,29,2.9,,,,,,,,,,,,,,,,,,,"Keider Montero","22630",672456
"Zac Thornton","NYM",0,0,0.6209,4.86117,2,2,0,0,,9.868,42.2751,10.2254,5.72,5.33,1.72477,2.65775,0.0284419,0.44862,7.52781,6.86566,2.42397,2.83241,1.57306,0.178067,0.0628679,0.11519956588745117,0.26106,1.30555,0.284148,0.684259,,,4.79405,0.0912228,0.0330377,999,,,,,,,30.4,3.04,31,3.1,,,,,,,,,,,,,,,,,,,"Zac Thornton","33891",804267
"Andrew Abbott","CIN",0,0,1.23674,5.3025,3,3,0,0,,16.413,71.9773,16.9991,10.29,9.67,2.94584,6.41939,0.0538722,0.414324,11.8371,6.49085,3.52005,1.84397,1.61534,0.164457,0.0891863,0.07527019083499908,0.260948,1.42683,0.279052,0.680433,,,5.24312,0.0910515,0.0158312,221.92999267578125,,,,,,,43.3,2.70625,47,2.9375,,,,,,,,,,,,,,,,,,,"Andrew Abbott","29911",671096
"Ryan Gusto","MIA",0,0,0.618056,4.89095,4,2,0,0.0494,,12.0713,52.4663,12.1662,7.04,6.56,1.86062,4.35908,0.0975609,0.522074,8.97628,6.69246,3.25001,2.05921,1.38723,0.171087,0.0830835,0.08800321072340012,0.255672,1.36898,0.280438,0.681394,,,4.83282,0.0908773,0.0376775,999,,,,,,,36.000000000000014,3.0000000000000013,37,3.0833333333333335,,,,,,,,,,,,,,,,,,,"Ryan Gusto","26440",687473
"Jacob Lopez","ATH",0,0,0.7392,5.36548,3,2,0,0.0484,,11.7585,51.6655,11.9306,7.51,7.01,2.20828,4.40255,0.0917542,0.834073,10.3637,7.93244,3.36973,2.35403,1.69022,0.200593,0.0852126,0.11538001894950867,0.256964,1.38905,0.287158,0.666321,,,5.1179,0.0907941,-0.0473778,409.239990234375,,,,,,,38.000000000000014,3.166666666666668,39,3.25,,,,,,,,,,,,,,,,,,,"Jacob Lopez","25098",682052
"Brandon Young","BAL",0,0,0.766551,4.77972,3,2,0,0.0491,,12.1827,52.664,12.0652,6.92,6.47,1.95794,4.67172,0.0698598,0.313166,9.48827,7.00947,3.45124,2.031,1.44643,0.180166,0.088708,0.0914580449461937,0.25305,1.37382,0.278953,0.701419,,,4.86234,0.085805,0.0472886,999,,,,,,,36.000000000000014,3.0000000000000013,37,3.0833333333333335,,,,,,,,,,,,,,,,,,,"Brandon Young","27819",687064
"Mason Montgomery","PIT",0,0,0,3.10335,5,0,0.545,0.7913,,4.35014,18.0309,3.2922,1.62,1.5,0.357638,1.68999,0.115557,0.182682,5.92584,12.26,3.49641,3.50644,0.739918,0.328649,0.0937273,0.23492205888032913,0.203748,1.1453,0.297179,0.750238,,,2.73897,0.084781,0.012556,748.4400024414062,,,,,,,36.800000000000004,9.200000000000001,35,8.75,,,,,,,,,,,,,,,,,,,"Mason Montgomery","29770",682254
"Jackson Kent","WSN",0,0,0.557114,4.94088,2,2,0,0,,9.472,41.3434,9.84986,5.57,5.2,1.32841,3.63396,0.0270404,0.271427,6.957,6.61032,3.45288,1.91444,1.26222,0.168274,0.0878971,0.08037646114826202,0.263098,1.42355,0.292305,0.680815,,,4.69435,0.0832098,-0.0265485,999,,,,,,,30.30000000000001,3.366666666666668,34,3.7777777777777777,,,,,,,,,,,,,,,,,,,"Jackson Kent","35462",800600
"Emerson Hancock","SEA",0,0,0.40985,4.59749,2,1,0,0.0512,,6.57751,28.2381,6.49209,3.6,3.36,0.978231,1.99301,0.0512378,0.486022,6.03418,8.25657,2.72703,3.02767,1.33851,0.21369,0.0705788,0.14311077445745468,0.252032,1.29002,0.294126,0.686536,,,4.33248,0.0830905,0.0302869,733.4199829101562,,,,,,,29.9,4.271428571428571,28,4,,,,,,,,,,,,,,,,,,,"Emerson Hancock","27470",676106
"Mason Miller","SDP",0,0,0,2.43128,6,0,2.634,0.1317,,3.47964,13.7774,2.0462,1.01,0.94,0.288221,1.33873,0.068927,0.096076,5.55971,14.38,3.46258,4.15298,0.745476,0.403539,0.0971686,0.3063708171248436,0.165784,0.972779,0.270682,0.796576,,,2.22145,0.0807434,0.0605605,27.860000610351562,,,,,,,41,13.666666666666666,39,13,,,,,,,,,,,,,,,,,,,"Mason Miller","31757",695243
"Cesar Perdomo","SFG",0,0,0.663413,5.00213,3,2,0,0.0506,,11.1193,48.5153,11.5055,6.6,6.18,1.71309,3.94943,0.0791776,0.425912,7.72073,6.2492,3.19669,1.9549,1.38659,0.15914,0.0814059,0.07773412019014359,0.26066,1.38993,0.282153,0.678197,,,4.8978,0.0803603,-0.012806,999,,,,,,,29.600000000000005,2.6909090909090914,33,3,,,,,,,,,,,,,,,,,,,"Cesar Perdomo","30334",702885
"Spencer Arrighetti","TOR",0,0,0.779267,4.86548,3,2,0,0.0512,,11.709,51.0316,10.1927,6.74,6.33,1.97095,5.66361,0.0549722,0.834436,11.6392,8.94632,4.35327,2.05508,1.51495,0.228078,0.110982,0.11709555238485336,0.228878,1.3542,0.265876,0.696063,,,4.96825,0.0795218,0.0472886,728.3099975585938,,,,,,,41.20000000000002,3.433333333333335,37,3.0833333333333335,,,,,,,,,,,,,,,,,,,"Spencer Arrighetti","29921",681293
"Wilber Dotel","PIT",0,0,0.321257,4.79785,3,1,0,0.0473,,7.63467,33.3031,7.81456,4.36,4.07,0.990507,2.86213,0.0832757,0.337038,6.13605,7.23337,3.37397,2.14387,1.16764,0.184248,0.0859418,0.0983065515756607,0.259586,1.39845,0.29699,0.679947,,,4.43946,0.0775963,0.0822606,999,,,,,,,29.100000000000005,3.6375000000000006,30,3.75,,,,,,,,,,,,,,,,,,,"Wilber Dotel","28901",696062
"Merrill Kelly","ARI",0,0,0.821031,5.05278,2,2,0,0,,10.99,47.5358,11.1802,6.61,6.17,1.8419,3.92044,0.0315636,0.267556,8.12782,6.65609,3.21055,2.07319,1.50838,0.170983,0.0824734,0.0885099396109581,0.257918,1.37403,0.279773,0.678057,,,4.94604,0.0771677,-0.000413588,284.17999267578125,,,,,,,32.2,2.9272727272727277,33,3,,,,,,,,,,,,,,,,,,,"Merrill Kelly","11156",518876
"Trey Yesavage","TOR",0,0,0.411708,4.23228,1,1,0,0,,5.614,23.7139,4.59733,2.81,2.64,0.916637,2.44035,0.0162034,0.171079,5.94067,9.5237,3.91222,2.43435,1.46949,0.250514,0.102908,0.14760618656873703,0.217857,1.2536,0.258382,0.734688,,,4.5049,0.0765933,0.0788458,194.2899932861328,,,,,,,25.10000000000001,4.1833333333333345,23,3.8333333333333335,,,,,,,,,,,,,,,,,,,"Trey Yesavage","35456",702056
"Jake Irvin","WSN",0,0,0.732721,5.05348,2,2,0,0,,10.472,45.6989,10.5954,6.29,5.88,1.74536,3.92126,0.0302491,0.513,8.4206,7.23695,3.37007,2.14742,1.50002,0.184262,0.0858064,0.0984560176730156,0.256767,1.38624,0.284579,0.681401,,,4.93199,0.076276,0.0330377,999,,,,,,,21.799999999999997,2.1799999999999997,25,2.5,,,,,,,,,,,,,,,,,,,"Jake Irvin","21504",663623
"Anthony Molina","SFG",0,0,0.769271,5.06426,3,2,0,0.0506,,11.7293,51.2692,12.2787,7.03,6.6,1.83795,4.15197,0.0790292,0.439549,8.1608,6.26188,3.18586,1.96552,1.41028,0.159175,0.0809837,0.07819167524576187,0.263053,1.40083,0.284653,0.67838,,,4.9231,0.07376,0.0472886,999,,,,,,,37.000000000000014,3.0833333333333344,38,3.1666666666666665,,,,,,,,,,,,,,,,,,,"Anthony Molina","26952",683627
"Connelly Early","WSN",0,0,0.385662,4.40235,1,1,0,0,,5.438,23.196,5.21836,2.85,2.66,0.755425,1.77294,0.0138772,0.310785,5.04317,8.34654,2.93426,2.84452,1.25024,0.217415,0.0764331,0.1409820392727852,0.247172,1.28564,0.291434,0.697929,,,4.20384,0.0734276,0.0165189,266.4800109863281,,,,,,,15.7,3.1399999999999997,16,3.2,,,,,,,,,,,,,,,,,,,"Connelly Early","33666",813349
"Brayan Bello","BOS",0,0,0.382348,4.43842,4,1,0,0.0526,,9.36821,40.409,9.38874,4.98,4.62,1.0544,3.326,0.116946,0.415165,6.49261,6.23742,3.19528,1.95208,1.01295,0.160672,0.0823084,0.07836392521858215,0.256049,1.35722,0.286199,0.688231,,,4.37829,0.0721663,0.0340733,421.4100036621094,,,,,,,33.90000000000001,3.766666666666668,35,3.888888888888889,,,,,,,,,,,,,,,,,,,"Brayan Bello","23920",678394
"Jordan Montgomery","TEX",0,0,0.341677,4.60017,4,1,0,0.0484,,8.53012,36.6828,8.5634,4.68,4.36,1.08926,2.8772,0.123661,0.322027,6.06438,6.39844,3.03569,2.10774,1.14926,0.165319,0.0784345,0.0868847519159317,0.255749,1.3412,0.283864,0.681812,,,4.4665,0.0703591,0.0340733,999,,,,,,,33.90000000000001,3.766666666666668,35,3.888888888888889,,,,,,,,,,,,,,,,,,,"Jordan Montgomery","16511",656756
"Ethan Pecko","HOU",0,0,0.655637,5.13103,2,2,0,0,,9.998,43.398,10.2078,6.1,5.7,1.81208,3.55437,0.0268116,0.388055,8.10787,7.29854,3.19957,2.2811,1.6312,0.186826,0.0819016,0.1049242690205574,0.258717,1.37649,0.284258,0.682583,,,5.02042,0.0697059,0.0330377,999,,,,,,,27.4,2.7399999999999998,28,2.8,,,,,,,,,,,,,,,,,,,"Ethan Pecko","33515",814490
"Aroldis Chapman","BOS",0,0,0,3.149,5,0,2.353,0.1128,,4.48713,18.2825,3.14726,1.69,1.57,0.454238,1.68818,0.0718984,0.229293,5.64585,11.3241,3.38604,3.34434,0.91108,0.308811,0.0923386,0.21647289395332336,0.192316,1.07762,0.262351,0.749003,,,3.18471,0.0690282,0.012556,64.55000305175781,,,,,,,37.800000000000004,9.450000000000001,36,9,,,,,,,,,,,,,,,,,,,"Aroldis Chapman","10233",547973
"Trevor Megill","MIL",0,0,0,3.45573,5,0,1.742,0.3055,,4.08886,16.8587,3.26409,1.69,1.57,0.440577,1.32635,0.104782,0.139943,5.00623,11.0192,2.91942,3.77445,0.969756,0.296952,0.0786741,0.21827760338783264,0.212058,1.12267,0.283895,0.729922,,,3.13104,0.0675167,0.012556,137.6999969482422,,,,,,,38.800000000000004,9.700000000000001,37,9.25,,,,,,,,,,,,,,,,,,,"Trevor Megill","17722",656730
"Tanner Scott","LAD",0,0,0,3.25392,6,0,1.813,0.6844,,3.62332,14.8329,2.89201,1.41,1.31,0.372214,1.05948,0.0875961,0.190943,4.22451,10.4933,2.63166,3.98733,0.924546,0.284807,0.071428,0.21337902545928955,0.212923,1.09057,0.280423,0.740875,,,3.14211,0.0670542,0.11552,712.8099975585938,,,,,,,40.800000000000004,10.200000000000001,39,9.75,,,,,,,,,,,,,,,,,,,"Tanner Scott","17586",656945
"Brad Lord","WSN",0,0,0.355973,4.76861,4,1,0,0.2851,,8.56854,37.4073,8.80008,4.88,4.54,1.16856,3.12077,0.0953963,0.513114,6.88477,7.23145,3.27791,2.20612,1.2274,0.184049,0.0834267,0.10062230378389359,0.260563,1.39123,0.296715,0.684583,,,4.54139,0.0661428,0.0340733,999,,,,,,,32.90000000000001,3.655555555555557,34,3.7777777777777777,,,,,,,,,,,,,,,,,,,"Brad Lord","31972",695418
"Blade Tidwell","SFG",0,0,0.761753,5.30263,2,2,0,0,,10.574,46.8394,10.732,6.63,6.23,1.76081,4.55698,0.0475765,0.581969,7.87539,6.70309,3.87865,1.7282,1.4987,0.168136,0.0972895,0.07084638625383377,0.257358,1.4459,0.279786,0.675224,,,5.2364,0.0661014,-0.000413588,999,,,,,,,26.200000000000003,2.3818181818181823,27,2.4545454545454546,,,,,,,,,,,,,,,,,,,"Blade Tidwell","31701",694918
"Josh Hader","HOU",0,0,0,3.28271,5,0,2.555,0.1536,,3.81087,15.3879,2.62519,1.49,1.39,0.549114,1.205,0.0602692,0.252903,5.32839,12.5839,2.84581,4.42189,1.29682,0.346271,0.0783085,0.26796281337738037,0.188456,1.00507,0.257818,0.764411,,,3.32765,0.06566,0.1158,124.38999938964844,,,,,,,31.499999999999996,7.874999999999999,29,7.25,,,,,,,,,,,,,,,,,,,"Josh Hader","14212",623352
"Zac Gallen","ARI",0,0,0.377554,4.59729,4,1,0,0.0511,,8.61378,36.9034,8.65529,4.73,4.4,1.18212,2.74305,0.0703873,0.264805,6.46211,6.75186,2.86605,2.35581,1.23512,0.175109,0.0743306,0.10077808052301407,0.255352,1.32327,0.284678,0.684397,,,4.43441,0.0641737,0.0340733,222.69000244140625,,,,,,,33.90000000000001,3.766666666666668,35,3.888888888888889,,,,,,,,,,,,,,,,,,,"Zac Gallen","19291",668678
"Riley Cornelio","WSN",0,0,0.219865,4.82524,3,1,0,0.0445,,6.65874,29.2086,6.38493,3.82,3.57,0.936671,3.01991,0.0978003,0.236574,6.15271,8.31605,4.08174,2.03738,1.26601,0.210647,0.103391,0.10725586861371994,0.246027,1.41241,0.288837,0.69004,,,4.55102,0.0638674,0.0216983,999,,,,,,,26.9,3.8428571428571425,25,3.5714285714285716,,,,,,,,,,,,,,,,,,,"Riley Cornelio","31953",683000
"Drew Thorpe","CHW",0,0,0.333835,4.40008,1,1,0,0,,5.134,21.7447,4.77263,2.69,2.51,0.701643,1.74234,0.0128797,0.190199,3.69688,6.48069,3.05435,2.12179,1.22999,0.170013,0.0801271,0.08988595008850098,0.240895,1.26899,0.264117,0.691342,,,4.56894,0.0626775,0.0165189,999,,,,,,,13.7,2.7399999999999998,14,2.8,,,,,,,,,,,,,,,,,,,"Drew Thorpe","31967",689672
"Jhoan Duran","PHI",0,0,0,3.33161,5,0,2.29,0.1139,,3.51182,14.4544,2.95863,1.4,1.3,0.335521,1.06192,0.0964058,0.180726,4.07529,10.444,2.72145,3.83768,0.859865,0.281941,0.0734666,0.2084742859005928,0.223939,1.14486,0.298048,0.738012,,,3.08585,0.0621553,0.1158,41.84000015258789,,,,,,,36.800000000000004,9.200000000000001,35,8.75,,,,,,,,,,,,,,,,,,,"Jhoan Duran","21029",661395
"Garrett Whitlock","BOS",0,0,0,3.44986,5,0,0.164,1.0296,,4.48713,18.4115,3.7372,1.85,1.72,0.471281,1.24363,0.0810692,0.194997,4.76651,9.56036,2.4944,3.83274,0.945266,0.258888,0.0675466,0.1913418099284172,0.220187,1.11002,0.278305,0.724555,,,3.30588,0.0620947,0.012556,624.97998046875,,,,,,,30.200000000000003,7.550000000000001,31,7.75,,,,,,,,,,,,,,,,,,,"Garrett Whitlock","20191",676477
"Dylan Lee","ATL",0,0,0,3.28458,5,0,0.077,1.2199,,4.13752,16.6755,3.16177,1.62,1.51,0.528772,1.19027,0.0819029,0.0653104,4.90859,10.6773,2.5891,4.12392,1.15019,0.294359,0.0713785,0.2229807749390602,0.205045,1.05185,0.26376,0.75643,,,3.30224,0.0613631,0.012556,999,,,,,,,20.5,5.125,18,4.5,,,,,,,,,,,,,,,,,,,"Dylan Lee","19996",669276
"Gabriel Hughes","COL",0,0,0.535019,5.74387,3,2,0,0.0485,,10.3415,46.5346,12.0115,7.08,6.6,1.56849,3.99408,0.0773774,0.45013,7.92854,6.90007,3.47598,1.98507,1.36503,0.170379,0.0858305,0.08454899489879608,0.285374,1.54771,0.320403,0.646328,,,4.83079,0.0600983,-0.0717083,999,,,,,,,22.2,2.2199999999999998,28,2.8,,,,,,,,,,,,,,,,,,,"Gabriel Hughes","31614",687312
"Daniel Lynch IV","KCR",0,0,0.600899,5.1676,2,2,0,0.0504,,9.666,42.8009,10.1344,5.93,5.55,1.33164,3.20866,0.0321044,1.39389,6.40412,5.96287,2.98758,1.99589,1.23989,0.149626,0.0749671,0.07465877383947372,0.26531,1.38041,0.288969,0.645806,,,4.99753,0.0599479,0.0330377,999,,,,,,,35.7,3.5700000000000003,37,3.7,,,,,,,,,,,,,,,,,,,"Daniel Lynch IV","21537",663738
"Andrés Muñoz","SEA",0,0,0,3.38805,5,0,2.21,0.2199,,3.50644,14.6736,2.69062,1.42,1.32,0.329464,1.4619,0.0871693,0.242677,4.51947,11.6002,3.75228,3.0915,0.845638,0.307999,0.0996278,0.20837154984474182,0.207464,1.18426,0.290778,0.740266,,,3.20523,0.0589201,0.1158,41.189998626708984,,,,,,,38.800000000000004,9.700000000000001,37,9.25,,,,,,,,,,,,,,,,,,,"Andres Munoz","20373",662253
"Grant Holmes","ATL",0,0,0.628451,5.06558,4,2,0,0.0519,,12.2948,54.3019,12.2921,7.38,6.92,1.9533,5.62689,0.127262,0.429933,10.8338,7.93053,4.119,1.92535,1.42986,0.19951,0.103622,0.09588736295700073,0.254785,1.45745,0.29158,0.69407,,,4.8841,0.0580487,0.0376775,369.45001220703125,,,,,,,37.000000000000014,3.0833333333333344,38,3.1666666666666665,,,,,,,,,,,,,,,,,,,"Grant Holmes","16944",656550
"Dax Fulton","MIA",0,0,0.250868,4.68484,4,1,0,0.0494,,7.91489,34.9737,7.7571,4.42,4.12,0.846911,3.81135,0.177253,0.392079,6.25785,7.11578,4.33387,1.6419,0.963021,0.17893,0.108978,0.06995254009962082,0.252097,1.46161,0.291994,0.688491,,,4.50616,0.0572932,0.0751157,999,,,,,,,26.100000000000005,3.2625000000000006,27,3.375,,,,,,,,,,,,,,,,,,,"Dax Fulton","27757",690978
"David Sandlin","CHW",0,0,0.318933,4.79937,3,1,0,0.0487,,7.08843,30.7803,7.01558,4.05,3.78,1.051,2.72762,0.0758637,0.246898,5.83729,7.41146,3.46319,2.14006,1.33443,0.189644,0.088616,0.10102798044681549,0.252307,1.37452,0.285149,0.688267,,,4.6426,0.0562928,0.0216983,999,,,,,,,24.3,3.4714285714285715,25,3.5714285714285716,,,,,,,,,,,,,,,,,,,"David Sandlin","31743",689818
"Justin Verlander","DET",0,0,0.430882,5.08647,1,1,0,0,,5.609,24.481,5.55522,3.4,3.17,0.934072,2.15245,0.0194167,0.301506,4.60366,7.38687,3.45375,2.1388,1.49878,0.188051,0.0879235,0.10012707859277725,0.2522,1.37416,0.280252,0.673077,,,4.93907,0.055819,0.0788458,658.8499755859375,,,,,,,20.500000000000007,3.416666666666668,21,3.5,,,,,,,,,,,,,,,,,,,"Justin Verlander","8700",434378
"Gabe Speier","SEA",0,0,0,3.67039,5,0,0,0.9405,,3.50644,14.498,2.97078,1.54,1.43,0.424672,0.911951,0.0977801,0.262545,4.01781,10.3125,2.34071,4.40572,1.09001,0.277128,0.0629017,0.2142258882522583,0.222972,1.10731,0.286689,0.712468,,,3.39083,0.0556495,0.012556,999,,,,,,,30.8,7.7,29,7.25,,,,,,,,,,,,,,,,,,,"Gabe Speier","17170",642100
"Matt Svanson","STL",0,0,0,3.8745,4,0,0,0.0528,,3.60047,15.4201,3.34136,1.66,1.55,0.263795,1.33691,0.0794549,0.216126,3.52217,8.80429,3.34184,2.63457,0.659401,0.228414,0.0866989,0.14171504974365234,0.240956,1.29935,0.30528,0.700464,,,3.39317,0.0549421,0.0125564,528.7999877929688,,,,,,,26.8,6.7,25,6.25,,,,,,,,,,,,,,,,,,,"Matt Svanson","29629",694335
"Erick Fedde","CHW",0,0,0.34801,4.91625,3,1,0,0.0487,,7.24943,31.5222,7.35679,4.23,3.96,0.98409,2.77953,0.0585819,0.169519,4.98611,6.19014,3.45072,1.79387,1.22173,0.158178,0.0881768,0.07000090181827545,0.257472,1.39822,0.281941,0.674346,,,4.7127,0.0532992,0.0216983,999,,,,,,,22.3,3.185714285714286,23,3.2857142857142856,,,,,,,,,,,,,,,,,,,"Erick Fedde","17425",607200
"Aaron Ashby","MIL",0,0,0,3.21361,5,0,0.143,1.1149,,4.08886,17.345,3.26763,1.58,1.46,0.273562,1.92122,0.0771592,0.266553,4.78686,10.5364,4.2288,2.49157,0.602137,0.275979,0.110765,0.16521412134170532,0.215582,1.26902,0.296536,0.750926,,,3.23669,0.0526696,0.012556,999,,,,,,,29.8,7.45,28,7,,,,,,,,,,,,,,,,,,,"Aaron Ashby","23550",676879
"Khristian Curtis","PIT",0,0,0.211786,5.00742,3,1,0,0.0473,,6.95567,30.7469,7.03745,4.14,3.87,0.956677,3.02696,0.0987289,0.327462,5.56646,7.20249,3.91661,1.83896,1.23785,0.181042,0.0984478,0.08259391784667969,0.256912,1.44694,0.291374,0.679011,,,4.73741,0.0522448,0.0216983,999,,,,,,,24.3,3.4714285714285715,25,3.5714285714285716,,,,,,,,,,,,,,,,,,,"Khristian Curtis","33865",694753
"Nick Lodolo","CIN",0,0,1.15993,5.3519,3,3,0,0,,15.942,70.0285,16.6223,10.15,9.48,2.99545,5.26255,0.0634263,1.64707,13.0359,7.35936,2.97095,2.4771,1.69107,0.186151,0.0751487,0.11100246012210846,0.263349,1.37278,0.289393,0.663314,,,5.21069,0.0522257,0.0158312,127.94999694824219,,,,,,,42.3,2.64375,46,2.875,,,,,,,,,,,,,,,,,,,"Nick Lodolo","26378",666157
"Hunter Barco","PIT",0,0,0.29314,5.15247,2,1,0,0.0473,,6.25331,27.8086,6.63055,3.84,3.58,0.803405,2.59896,0.0771921,0.359275,4.8738,7.01456,3.74052,1.87529,1.15629,0.175262,0.0934588,0.08180347084999084,0.266819,1.47594,0.303922,0.664982,,,4.63379,0.0514188,-0.0293239,999,,,,,,,14.90000000000001,2.4833333333333347,18,3,,,,,,,,,,,,,,,,,,,"Hunter Barco","33174",682995
"Tyler Phillips","MIA",0,0,0.450798,4.94245,3,2,0,0.0494,,9.96065,43.4484,9.95668,5.84,5.47,1.48435,4.10269,0.0518693,0.334731,7.3488,6.64005,3.70701,1.79122,1.34119,0.169139,0.0944267,0.07471193373203278,0.255228,1.41149,0.280747,0.686018,,,4.90138,0.0509951,0.0228935,999,,,,,,,37.7,3.7700000000000005,39,3.9,,,,,,,,,,,,,,,,,,,"Tyler Phillips","20629",663969
"Brent Headrick","NYY",0,0,0,3.70473,6,0,0.181,1.1591,,4.03268,16.7638,3.34414,1.79,1.66,0.530698,1.29751,0.0979308,0.141128,4.58615,10.2352,2.89574,3.53457,1.18439,0.273575,0.0773998,0.19617503881454468,0.218213,1.15101,0.275604,0.731441,,,3.60972,0.0507685,0.0125558,999,,,,,,,20.5,5.125,18,4.5,,,,,,,,,,,,,,,,,,,"Brent Headrick","27702",687396
"Robbie Ray","SDP",0,0,1.32039,5.37067,3,3,0,0,,16.875,74.2215,16.2243,10.81,10.07,3.19099,8.01002,0.0485075,0.496683,14.2058,7.57644,4.27201,1.77351,1.70186,0.191398,0.10792,0.08347722887992859,0.24689,1.43611,0.269741,0.679131,,,5.39008,0.0499154,-0.0168043,166.44000244140625,,,,,,,51.300000000000004,3.01764705882353,50,2.9411764705882355,,,,,,,,,,,,,,,,,,,"Robbie Ray","11486",592662
"Hancel Rincon","STL",0,0,0,3.6009,3,0,0,0.0528,,2.7993,11.6221,2.48563,1.21,1.12,0.262876,0.736216,0.0910418,0.124892,2.68305,8.62625,2.367,3.64438,0.845172,0.230858,0.0633464,0.167511947453022,0.230986,1.15095,0.284421,0.704967,,,3.32989,0.0492357,0.0609175,999,,,,,,,20.000000000000004,6.666666666666668,18,6,,,,,,,,,,,,,,,,,,,"Hancel Rincon","27144",684516
"Javier Assad","CHC",0,0,0.330085,4.68545,4,1,0,0.0478,,8.64379,37.3563,8.56795,4.83,4.5,1.20705,3.28255,0.0797713,0.329147,6.28677,6.54585,3.41782,1.91521,1.25679,0.168292,0.0878713,0.08042062819004059,0.253906,1.37098,0.280407,0.690951,,,4.71743,0.0491467,0.0340733,999,,,,,,,33.90000000000001,3.766666666666668,35,3.888888888888889,,,,,,,,,,,,,,,,,,,"Javier Assad","21741",665871
"José Alvarado","PHI",0,0,0,3.86979,5,0,0,0.888,,3.51182,15.0879,3.14616,1.64,1.51,0.282639,1.5008,0.0801321,0.226028,3.82002,9.78986,3.84621,2.54533,0.724341,0.253184,0.09947,0.153713621199131,0.235471,1.32323,0.309287,0.707309,,,3.44909,0.0489836,0.012556,746.0700073242188,,,,,,,27.8,6.95,26,6.5,,,,,,,,,,,,,,,,,,,"Jose Alvarado","17780",621237
"Camilo Doval","PIT",0,0,0,3.7654,5,0,0,0.8538,,4.35014,18.6595,3.74011,1.96,1.82,0.310623,1.95447,0.0945642,0.268458,4.52616,9.36417,4.0436,2.3158,0.642648,0.242565,0.104744,0.13782160729169846,0.227548,1.30906,0.29565,0.710036,,,3.48353,0.0489638,0.012556,663.6500244140625,,,,,,,27.200000000000003,6.800000000000001,28,7,,,,,,,,,,,,,,,,,,,"Camilo Doval","21992",666808
"Bryan Abreu","HOU",0,0,0,3.66058,5,0,0.174,1.0028,,3.81087,16.0827,2.9628,1.67,1.55,0.443631,1.73383,0.03397,0.158748,4.92678,11.6354,4.09473,2.84156,1.04771,0.306341,0.107807,0.19853371381759644,0.208793,1.23243,0.28563,0.742632,,,3.52077,0.0488974,0.012556,181.6999969482422,,,,,,,29.8,7.45,28,7,,,,,,,,,,,,,,,,,,,"Bryan Abreu","16609",650556
"Didier Fuentes","ATL",0,0,0,3.87189,5,0,0.232,0.9996,,4.13752,17.4505,3.51555,1.92,1.78,0.547594,1.44765,0.136359,0.186171,4.95577,10.7799,3.14896,3.42331,1.19114,0.28399,0.0829576,0.20103224366903305,0.222268,1.19956,0.287778,0.725164,,,3.61283,0.0486925,0.012556,600.4400024414062,,,,,,,17.9,4.475,18,4.5,,,,,,,,,,,,,,,,,,,"Didier Fuentes","30661",800311
"Will Dion","WSN",0,0,0,3.8913,5,0,0.237,0.9665,,4.64883,19.584,4.00907,2.16,2.01,0.558119,1.63107,0.0885051,0.192006,4.54544,8.79983,3.1577,2.78679,1.0805,0.232099,0.0832855,0.14881347864866257,0.225723,1.21324,0.272642,0.716259,,,3.88486,0.046264,0.066932,999,,,,,,,22.300000000000004,4.460000000000001,20,4,,,,,,,,,,,,,,,,,,,"Will Dion","30061",702021
"David Bednar","NYY",0,0,0,3.72705,6,0,2.708,0.131,,4.03268,16.7123,3.30414,1.79,1.67,0.486739,1.35804,0.0783523,0.130349,4.23879,9.45999,3.03083,3.12126,1.08629,0.253633,0.0812601,0.1723734363913536,0.217036,1.1561,0.268366,0.721518,,,3.67729,0.0461603,0.0125558,64.05999755859375,,,,,,,41.800000000000004,10.450000000000001,40,10,,,,,,,,,,,,,,,,,,,"David Bednar","19569",670280
"Ryne Stanek","STL",0,0,0,4.04849,5,0,0.256,1.0019,,4.40164,18.8015,3.85277,2.12,1.98,0.472129,1.82896,0.0718732,0.123987,4.58953,9.38418,3.73967,2.50936,0.965358,0.244104,0.0972774,0.1468268781900406,0.228671,1.29082,0.286813,0.709403,,,3.74328,0.04569,0.012556,745.9000244140625,,,,,,,27.200000000000003,6.800000000000001,28,7,,,,,,,,,,,,,,,,,,,"Ryne Stanek","15947",592773
"Randy Dobnak","KCR",0,0,0.70398,5.37392,2,2,0,0,,10.216,45.5873,11.3867,6.5,6.1,1.35216,4.1174,0.0377798,0.562421,6.08314,5.35907,3.62731,1.47742,1.19121,0.133439,0.0903192,0.04312020540237427,0.278354,1.51763,0.299789,0.661529,,,5.00718,0.045604,0.0330377,999,,,,,,,30.1,3.0100000000000002,34,3.4,,,,,,,,,,,,,,,,,,,"Randy Dobnak","23798",677976
"Jeffrey Springs","ATH",0,0,0.718376,5.53833,2,2,0,0,,10.254,45.0765,11.0777,6.77,6.31,2.05728,3.5455,0.0381925,0.304718,7.54607,6.62323,3.11191,2.12835,1.80569,0.167406,0.0786553,0.08875073492527008,0.268705,1.4261,0.285249,0.668755,,,5.36602,0.0449683,-0.0583494,722.25,,,,,,,24.799999999999997,2.4799999999999995,28,2.8,,,,,,,,,,,,,,,,,,,"Jeffrey Springs","17677",605488
"Tatsuya Imai","HOU",0,0,0.446105,4.91692,5,1,0,0.0512,,10.1039,44.7668,9.2105,5.9,5.52,1.59673,5.41055,0.128558,0.591181,10.9895,9.78885,4.81943,2.03112,1.42228,0.245483,0.120861,0.12462235987186432,0.237598,1.44707,0.290837,0.704127,,,4.7643,0.0446306,-0.0133204,999,,,,,,,30,3,28,2.8,,,,,,,,,,,,,,,,,,,"Tatsuya Imai","37124",837227
"Gregory Soto","PIT",0,0,0,3.88953,5,0,0.467,0.9555,,4.35014,18.8074,3.92389,2.03,1.88,0.342694,1.71158,0.102522,0.488393,4.50695,9.32444,3.54108,2.63322,0.708999,0.239637,0.0910053,0.14863134920597076,0.236272,1.29547,0.304579,0.699317,,,3.57237,0.044438,0.012556,728.4099731445312,,,,,,,27.200000000000003,6.800000000000001,28,7,,,,,,,,,,,,,,,,,,,"Gregory Soto","19677",642397
"Nathan Eovaldi","TEX",0,0,0,3.45101,4,0,0,0.3096,,3.9119,16.0603,3.36456,1.62,1.5,0.420843,1.02572,0.0700208,0.166632,3.60712,8.2988,2.35986,3.51666,0.968221,0.224598,0.0638671,0.16073143482208252,0.226296,1.12229,0.271561,0.72881,,,3.57195,0.0443428,0.0125564,132.50999450683594,,,,,,,26.8,6.7,25,6.25,,,,,,,,,,,,,,,,,,,"Nathan Eovaldi","9132",543135
"Alex Vesia","LAD",0,0,0,3.33838,5,0,0,1.1149,,3.01943,12.284,2.13583,1.21,1.12,0.399598,1.09422,0.0779648,0.12045,3.69672,11.0188,3.26155,3.37839,1.19108,0.300937,0.0890771,0.21186012029647827,0.19295,1.06976,0.248992,0.7564,,,3.58187,0.0438097,0.0606315,743.4199829101562,,,,,,,26.000000000000004,8.666666666666668,24,8,,,,,,,,,,,,,,,,,,,"Alex Vesia","25007",681911
"Seranthony Domínguez","SEA",0,0,0,3.79873,5,0,0.081,1.2046,,3.50644,14.9256,2.72817,1.59,1.48,0.373922,1.69017,0.0645763,0.229874,4.22864,10.8537,4.33816,2.50191,0.959748,0.283314,0.113239,0.17007499188184738,0.209769,1.26006,0.280167,0.726174,,,3.72028,0.0434895,0.012556,194.19000244140625,,,,,,,27.8,6.95,26,6.5,,,,,,,,,,,,,,,,,,,"Seranthony Dominguez","19249",622554
"Gordon Graceffo","STL",0,0,0,4.45204,5,0,0.256,1.1465,,6.00399,26.0872,5.98515,3.19,2.97,0.567574,2.34339,0.129467,0.19001,4.84389,7.26102,3.51276,2.06704,0.850795,0.185681,0.0898292,0.09585162252187729,0.254105,1.38717,0.298615,0.682053,,,3.98441,0.0431612,0.018835,999,,,,,,,24.500000000000007,4.083333333333335,25,4.166666666666667,,,,,,,,,,,,,,,,,,,"Gordon Graceffo","29519",700669
"Justin Bruihl","STL",0,0,0,4.07447,4,0,0,0.5495,,3.60047,15.4818,3.46691,1.76,1.63,0.245147,1.11678,0.127116,0.417719,2.97362,7.43308,2.79159,2.66267,0.612789,0.192072,0.0721352,0.11993718147277832,0.248573,1.27308,0.3003,0.665889,,,3.61511,0.0425624,0.0125564,999,,,,,,,28.8,7.2,27,6.75,,,,,,,,,,,,,,,,,,,"Justin Bruihl","23779",677865
"Andrew Morris","MIN",0,0,0,3.78417,5,0,0.083,1.071,,3.06804,12.9602,2.89362,1.39,1.29,0.255977,0.908395,0.0850538,0.138091,2.83149,8.30607,2.66475,3.11702,0.750901,0.218475,0.070091,0.14838406443595886,0.242881,1.23923,0.29884,0.700425,,,3.3653,0.0425532,0.0606315,999,,,,,,,21.400000000000002,7.133333333333334,22,7.333333333333333,,,,,,,,,,,,,,,,,,,"Andrew Morris","31891",702193
"Orion Kerkering","PHI",0,0,0,3.79291,5,0,0.076,1.1373,,3.51182,14.8287,3.05116,1.6,1.48,0.360306,1.27234,0.0700351,0.184711,3.42988,8.79002,3.26071,2.69574,0.923384,0.2313,0.0858023,0.14549817889928818,0.228181,1.23113,0.280839,0.713131,,,3.72832,0.0417697,0.012556,999,,,,,,,28.8,7.2,27,6.75,,,,,,,,,,,,,,,,,,,"Orion Kerkering","31776",689147
"Adrian Morejon","SDP",0,0,0,3.62106,6,0,0.176,1.1654,,3.47964,14.4957,3.19146,1.52,1.4,0.313392,0.937677,0.0908151,0.168838,3.32718,8.60564,2.42528,3.54832,0.810581,0.229529,0.0646867,0.16484219580888748,0.238361,1.18665,0.295229,0.707009,,,3.31565,0.0416805,-0.0410816,735.8499755859375,,,,,,,21.400000000000002,7.133333333333334,22,7.333333333333333,,,,,,,,,,,,,,,,,,,"Adrian Morejon","20039",670970
"JoJo Romero","MIL",0,0,0,3.67584,5,0,0.072,0.8462,,4.08886,17.2548,3.6544,1.81,1.67,0.397748,1.43015,0.0827413,0.201968,4.04597,8.90559,3.1479,2.82906,0.875485,0.234483,0.0828837,0.1515994668006897,0.233916,1.24351,0.291319,0.723226,,,3.58623,0.0415607,0.012556,479.0799865722656,,,,,,,28.200000000000003,7.050000000000001,29,7.25,,,,,,,,,,,,,,,,,,,"JoJo Romero","19574",668941
"Tommy Nance","MIN",0,0,0,3.7255,5,0,0,1.0322,,3.06804,12.9035,2.76495,1.37,1.27,0.270074,1.01179,0.0697045,0.14366,3.23038,9.47622,2.96805,3.19274,0.792254,0.250349,0.078412,0.1719372645020485,0.235354,1.23099,0.302498,0.708149,,,3.27155,0.0410931,0.0606315,999,,,,,,,21.400000000000002,7.133333333333334,22,7.333333333333333,,,,,,,,,,,,,,,,,,,"Tommy Nance","19178",667297
"Kyle Freeland","COL",0,0,0.721828,6.08949,2,2,0,0,,10.124,45.3706,12.4073,7.37,6.85,1.95929,2.85072,0.0444727,0.582476,7.24354,6.43934,2.53422,2.54095,1.74176,0.159653,0.0628319,0.09682101756334305,0.295853,1.50711,0.319173,0.630284,,,5.20544,0.0403702,-0.0583494,999,,,,,,,20.2,2.02,26,2.6,,,,,,,,,,,,,,,,,,,"Kyle Freeland","16256",607536
"A.J. Minter","MIN",0,0,0,3.90151,5,0,0.166,1.2811,,3.06804,12.9447,2.65465,1.44,1.33,0.330081,1.05876,0.0795851,0.175854,3.33763,9.79083,3.10584,3.15239,0.968282,0.257837,0.081791,0.1760464310646057,0.226697,1.21035,0.28904,0.699232,,,3.53331,0.0402979,0.0606315,999,,,,,,,21.400000000000002,7.133333333333334,22,7.333333333333333,,,,,,,,,,,,,,,,,,,"A.J. Minter","18655",621345
"Raisel Iglesias","ATL",0,0,0,3.93715,5,0,2.27,0.1581,,4.13752,17.2832,3.68027,1.94,1.81,0.564352,1.18232,0.108944,0.156194,4.27752,9.30455,2.57181,3.6179,1.22759,0.247496,0.0684088,0.17908720672130585,0.230815,1.17524,0.280642,0.717641,,,3.77921,0.0398995,0.012556,100.62000274658203,,,,,,,21.9,5.475,22,5.5,,,,,,,,,,,,,,,,,,,"Raisel Iglesias","17130",628452
"Hagen Smith","CHW",0,0,0,3.77115,5,0,0.245,1.0744,,4.39124,18.7803,3.4078,1.98,1.84,0.498083,2.18136,0.178851,0.254735,5.44955,11.169,4.47078,2.49823,1.02084,0.290174,0.116152,0.17402207851409912,0.208502,1.2728,0.279873,0.737791,,,3.76001,0.0395821,0.012556,999,,,,,,,29.8,7.45,28,7,,,,,,,,,,,,,,,,,,,"Hagen Smith","35205",696146
"Yunior Marte","SFG",0,0,0.272249,5.28738,2,1,0,0.0506,,5.70226,25.2782,6.14857,3.57,3.35,0.824035,2.21701,0.0884906,0.22246,4.0404,6.37705,3.49915,1.82246,1.30059,0.159837,0.0877044,0.07213298976421356,0.269217,1.46706,0.29623,0.664951,,,4.84811,0.0392501,-0.0293239,999,,,,,,,18.500000000000007,3.0833333333333344,19,3.1666666666666665,,,,,,,,,,,,,,,,,,,"Yunior Marte","31097",805074
"Jeff Hoffman","MIN",0,0,0,3.78417,5,0,0.717,0.8671,,3.06804,12.8627,2.48011,1.39,1.29,0.346964,1.13202,0.0583966,0.202558,3.60925,10.5876,3.32073,3.18834,1.01781,0.280598,0.0880077,0.19259069114923477,0.215135,1.17734,0.281718,0.710767,,,3.52552,0.0388132,0.0606315,99.63999938964844,,,,,,,31.000000000000004,10.333333333333334,29,9.666666666666666,,,,,,,,,,,,,,,,,,,"Jeff Hoffman","17432",656546
"Max Scherzer","TOR",0,0,0.663122,5.32432,2,2,0,0,,9.99,43.2902,9.66868,6.27,5.91,2.25178,3.7576,0.0300079,0.357057,8.86499,7.98648,3.38522,2.35922,2.02863,0.20478,0.0868001,0.11798021197319031,0.246804,1.34397,0.264334,0.696557,,,5.49428,0.0386885,0.0330377,546.9299926757812,,,,,,,29.4,2.94,30,3,,,,,,,,,,,,,,,,,,,"Max Scherzer","3137",453286
"Jacob Latz","TEX",0,0,0,3.68108,5,0,2.132,0.1842,,3.9119,16.3781,3.05065,1.72,1.6,0.455945,1.6761,0.0947225,0.105988,3.97717,9.15017,3.85615,2.37287,1.04898,0.242834,0.102338,0.1404966115951538,0.209006,1.2083,0.255311,0.73543,,,3.95167,0.0382372,0.012556,730.9299926757812,,,,,,,33.800000000000004,8.450000000000001,32,8,,,,,,,,,,,,,,,,,,,"Jacob Latz","21306",656641
"Brycen Mautz","STL",0,0,0,4.12446,3,0,0,0.0528,,3.60047,15.6274,3.38438,1.78,1.65,0.31375,1.4595,0.152134,0.247679,3.52254,8.80521,3.64827,2.41353,0.784273,0.225408,0.0933934,0.13201452046632767,0.243127,1.34535,0.304507,0.695604,,,3.70177,0.0381239,0.0125569,999,,,,,,,26.8,6.7,25,6.25,,,,,,,,,,,,,,,,,,,"Brycen Mautz","31910",802408
"Brendon Little","TOR",0,0,0,3.14579,4,0,0,0.5321,,2.54626,10.7265,1.8312,0.96,0.89,0.230097,1.26231,0.073846,0.202664,3.48537,12.3194,4.46176,2.7611,0.813301,0.324931,0.117681,0.2072492316365242,0.197721,1.21492,0.288692,0.769838,,,3.26634,0.0380239,0.0607384,748.52001953125,,,,,,,24.000000000000004,8.000000000000002,22,7.333333333333333,,,,,,,,,,,,,,,,,,,"Brendon Little","21574",663893
"José A. Ferrer","SEA",0,0,0,4.02973,5,0,0.323,0.9843,,3.50644,15.0114,3.5235,1.7,1.57,0.319592,1.04238,0.0931235,0.254388,3.15094,8.08754,2.67549,3.02282,0.820299,0.209904,0.0694396,0.14046397805213928,0.256916,1.30214,0.312757,0.695864,,,3.6003,0.0379569,0.012556,999,,,,,,,26.200000000000003,6.550000000000001,27,6.75,,,,,,,,,,,,,,,,,,,"Jose A. Ferrer","24017",678606
"Brady Basso","ATH",0,0,0.268029,5.31872,4,1,0,0.0484,,8.34223,36.6943,9.39649,5.28,4.93,1.358,2.55566,0.164928,0.314557,5.94053,6.40893,2.75716,2.32446,1.46507,0.161893,0.0696473,0.09224525094032288,0.277805,1.43273,0.303047,0.663832,,,4.82737,0.0377576,-0.0247796,999,,,,,,,26.500000000000007,3.312500000000001,30,3.75,,,,,,,,,,,,,,,,,,,"Brady Basso","25582",669620
"Evan Phillips","LAD",0,0,0,3.57683,5,0,0.396,1.2965,,3.01943,12.4799,2.48001,1.29,1.2,0.323169,0.935716,0.0532899,0.145675,3.00007,8.9423,2.78908,3.20618,0.963268,0.240392,0.0749777,0.16541408747434616,0.217572,1.13125,0.267091,0.717353,,,3.58183,0.0370429,0.0606315,999,,,,,,,24.000000000000004,8.000000000000002,22,7.333333333333333,,,,,,,,,,,,,,,,,,,"Evan Phillips","17734",623465
"Riley O'Brien","STL",0,0,0,4.13028,5,0,2.336,0.2378,,4.40164,19.1611,4.03116,2.17,2.02,0.330116,1.85933,0.114594,0.513189,4.35517,8.90497,3.80176,2.34233,0.674985,0.227292,0.0970371,0.13025536388158798,0.240114,1.33825,0.305789,0.685384,,,3.7163,0.0368122,0.012556,264.0400085449219,,,,,,,28.200000000000003,7.050000000000001,29,7.25,,,,,,,,,,,,,,,,,,,"Riley O'Brien","20348",676617
"Shane Bieber","TOR",0,0,0.367882,4.60339,3,1,0,0.0512,,7.13604,30.3478,6.69908,3.91,3.65,1.26054,2.43655,0.0616428,0.240342,6.10914,7.70488,3.07298,2.5073,1.5898,0.201305,0.0802875,0.12101704627275467,0.242098,1.28021,0.267892,0.708956,,,4.81273,0.0365098,0.0216983,474.0400085449219,,,,,,,27.3,3.9,28,4,,,,,,,,,,,,,,,,,,,"Shane Bieber","19427",669456
"Luke Weaver","PIT",0,0,0,4.09642,5,0,1.505,0.4968,,4.35014,18.3867,3.91816,2.13,1.98,0.566158,1.45104,0.0648467,0.118327,4.2215,8.73387,3.00206,2.9093,1.17132,0.229596,0.0789181,0.15067794919013977,0.232984,1.23426,0.278646,0.707778,,,3.93652,0.0357873,0.012556,733.510009765625,,,,,,,21.9,5.475,22,5.5,,,,,,,,,,,,,,,,,,,"Luke Weaver","16918",596133
"Tony Gonsolin","KCR",0,0,0.322276,4.87605,1,1,0,0.0504,,5.002,21.7307,4.72648,2.89,2.71,0.792633,2.13909,0.0207016,0.230394,3.97762,7.15686,3.84882,1.85949,1.42617,0.183041,0.0984362,0.08460504561662674,0.24412,1.37256,0.269607,0.690696,,,4.99391,0.035769,0.0165189,999,,,,,,,13.7,2.7399999999999998,14,2.8,,,,,,,,,,,,,,,,,,,"Tony Gonsolin","19388",664062
"Rhett Lowder","CIN",0,0,0.843286,5.41925,3,2,0,0.0546,,11.9906,52.9144,12.894,7.67,7.22,2.06981,4.48785,0.0795458,0.455289,8.4627,6.352,3.36853,1.88569,1.55358,0.159932,0.0848133,0.07511845976114273,0.268786,1.44962,0.289117,0.670517,,,5.17243,0.0356057,-0.0473778,552.219970703125,,,,,,,34.40000000000002,2.8666666666666685,38,3.1666666666666665,,,,,,,,,,,,,,,,,,,"Rhett Lowder","33876",695076
"Pete Fairbanks","MIA",0,0,0,4.0493,5,0,2.043,0.2393,,3.86734,16.3885,3.34195,1.87,1.74,0.450377,1.51687,0.0679032,0.156318,3.88618,9.04386,3.53003,2.56197,1.04811,0.237129,0.092557,0.1445716917514801,0.227107,1.25637,0.278605,0.706862,,,3.90531,0.0355927,0.012556,111.45999908447266,,,,,,,33.800000000000004,8.450000000000001,32,8,,,,,,,,,,,,,,,,,,,"Pete Fairbanks","17998",664126
"Jovani Morán","BOS",0,0,0,3.89394,4,0,0,0.5256,,3.67494,15.6605,2.97139,1.71,1.59,0.386951,1.73079,0.0840367,0.165904,3.70928,9.08409,4.23872,2.14312,0.947649,0.236856,0.110519,0.1263366937637329,0.215884,1.27952,0.267331,0.719196,,,4.00166,0.0354333,0.0125564,999,,,,,,,27.8,6.95,26,6.5,,,,,,,,,,,,,,,,,,,"Jovani Moran","20422",663558
"Brandon Eisert","PIT",0,0,0,4.19219,4,0,0,0.4921,,3.5423,15.1183,3.37399,1.79,1.65,0.411939,1.15454,0.10799,0.170584,3.45703,8.78337,2.93338,2.99428,1.04662,0.228666,0.0763675,0.15229833126068115,0.244614,1.27842,0.298468,0.692981,,,3.78537,0.0353013,0.0125564,999,,,,,,,24.8,6.2,23,5.75,,,,,,,,,,,,,,,,,,,"Brandon Eisert","27668",685126
"Randy Vásquez","SDP",0,0,0.359192,5.17245,4,1,0,0.0559,,7.69074,33.707,8.09344,4.74,4.42,1.17676,2.74439,0.0870926,0.332105,5.04486,5.90369,3.2116,1.83824,1.37709,0.149668,0.081419,0.06824874132871628,0.264228,1.40921,0.283367,0.663503,,,4.98047,0.0341834,-0.0247796,721.1699829101562,,,,,,,27.100000000000005,3.3875000000000006,28,3.5,,,,,,,,,,,,,,,,,,,"Randy Vasquez","24719",681190
"Tyler Holton","DET",0,0,0,3.46289,5,0,0.227,0.9725,,3.45665,14.1899,3.03983,1.44,1.33,0.35954,0.873911,0.0482387,0.12313,2.95276,7.68804,2.27538,3.37879,0.936126,0.208088,0.0615867,0.14650174975395203,0.230414,1.13223,0.271268,0.725355,,,3.61224,0.0341079,0.0606315,999,,,,,,,21.400000000000002,7.133333333333334,22,7.333333333333333,,,,,,,,,,,,,,,,,,,"Tyler Holton","26231",663947
"Tim Mayza","PHI",0,0,0,3.7801,4,0,0,0.7184,,2.80945,11.792,2.76889,1.28,1.18,0.262398,0.76074,0.0738837,0.0655145,2.46872,7.90848,2.43701,3.24516,0.840586,0.209355,0.0645131,0.1448422223329544,0.252503,1.25634,0.304384,0.711397,,,3.44222,0.0336891,0.0607384,999,,,,,,,19.400000000000002,6.466666666666668,20,6.666666666666667,,,,,,,,,,,,,,,,,,,"Tim Mayza","15042",641835
"Juan Morillo","ARI",0,0,0,4.10046,5,0,0.93,0.7913,,3.75324,16.1422,3.41162,1.85,1.71,0.388418,1.6086,0.0576328,0.127159,3.64379,8.73754,3.85731,2.26519,0.931398,0.22573,0.0996519,0.12607838213443756,0.236812,1.33757,0.291414,0.708202,,,3.89427,0.0335999,0.012556,999,,,,,,,32.800000000000004,8.200000000000001,31,7.75,,,,,,,,,,,,,,,,,,,"Juan Morillo","21924",666661
"Ryan Johnson","LAA",0,0,0.69563,5.11004,4,2,0,0.0558,,12.3991,54.3048,12.4865,7.53,7.04,2.2762,4.52155,0.0845785,0.940267,9.76509,7.08807,3.282,2.15968,1.6522,0.17982,0.0832626,0.09655766189098358,0.255645,1.37171,0.27744,0.685752,,,5.23606,0.0333425,-0.0586479,999,,,,,,,35.000000000000014,2.916666666666668,36,3,,,,,,,,,,,,,,,,,,,"Ryan Johnson","35325",696270
"Manuel Rodríguez","TBR",0,0,0,3.56795,4,0,0,0.387,,2.92605,12.184,2.50222,1.25,1.16,0.2954,0.959008,0.0657963,0.166363,2.90209,8.9263,2.94973,3.02614,0.908597,0.238189,0.0787106,0.15947847068309784,0.226269,1.1829,0.280726,0.725548,,,3.58579,0.0330989,0.0607384,999,,,,,,,17.400000000000002,5.800000000000001,18,6,,,,,,,,,,,,,,,,,,,"Manuel Rodriguez","20794",655889
"Mason Adams","COL",0,0,0.741255,5.8814,3,2,0,0.0485,,11.5075,51.8596,13.6917,8.07,7.52,1.98825,3.99322,0.0806315,0.788113,8.78347,6.86956,3.1231,2.19959,1.55501,0.16937,0.0770006,0.09236950427293777,0.290828,1.53682,0.32235,0.645237,,,5.06924,0.0329231,-0.0473778,999,,,,,,,30.80000000000002,2.566666666666668,37,3.0833333333333335,,,,,,,,,,,,,,,,,,,"Mason Adams","31663",690279
"Yohan Ramírez","PIT",0,0,0,4.24125,5,0,0.078,0.9162,,4.35014,18.8828,3.93442,2.2,2.05,0.458644,1.76731,0.120255,0.423265,4.48587,9.28082,3.6564,2.53824,0.948889,0.237564,0.0935939,0.14396992325782776,0.235704,1.3107,0.295868,0.692092,,,3.92209,0.0326809,0.012556,999,,,,,,,25.200000000000003,6.300000000000001,26,6.5,,,,,,,,,,,,,,,,,,,"Yohan Ramirez","19444",670990
"Sean Newcomb","CHW",0,0,0,4.13186,5,0,0.164,0.9141,,3.65937,15.6302,3.43304,1.82,1.68,0.411866,1.2563,0.0963695,0.193977,3.37294,8.29556,3.08979,2.68483,1.01296,0.215796,0.0803762,0.13542024791240692,0.242106,1.28146,0.290634,0.697673,,,3.91184,0.0326684,0.012556,999,,,,,,,28.8,7.2,27,6.75,,,,,,,,,,,,,,,,,,,"Sean Newcomb","16943",656794
"Ryan Helsley","BAL",0,0,0,3.62959,4,0,0.307,0.2878,,3.49626,14.6414,2.89342,1.52,1.41,0.401567,1.38089,0.0814286,0.0649305,3.84815,9.90582,3.55466,2.78671,1.0337,0.262827,0.0943144,0.16851284354925156,0.219272,1.22254,0.278549,0.741978,,,3.63562,0.0326415,-0.0409358,85.58999633789062,,,,,,,19.400000000000002,6.466666666666668,20,6.666666666666667,,,,,,,,,,,,,,,,,,,"Ryan Helsley","18138",664854
"Louis Varland","TOR",0,0,0,3.73253,5,0,2.411,0.1582,,3.18283,13.2982,2.76403,1.42,1.32,0.413388,1.02529,0.0647054,0.098717,3.59886,10.1764,2.89919,3.51009,1.16893,0.270629,0.0771002,0.1935284063220024,0.227041,1.19055,0.288001,0.737973,,,3.58965,0.0325984,0.0606315,999,,,,,,,29.400000000000002,9.8,30,10,,,,,,,,,,,,,,,,,,,"Louis Varland","27691",686973
"Spencer Miles","TOR",0,0,0,3.6477,5,0,0.082,1.2029,,3.18283,13.2329,2.72792,1.39,1.29,0.354103,0.961072,0.0618303,0.186859,3.21249,9.08388,2.7176,3.34261,1.00129,0.242766,0.0726276,0.17013803869485855,0.225728,1.15903,0.27867,0.719954,,,3.61284,0.0324838,0.0606315,999,,,,,,,21.400000000000002,7.133333333333334,22,7.333333333333333,,,,,,,,,,,,,,,,,,,"Spencer Miles","31621",693686
"Pete Hansen","STL",0,0,0,3.95456,2,0,0,0,,2.7993,12.0326,2.72993,1.33,1.23,0.232357,0.962287,0.128015,0.111327,2.49956,8.0363,3.09384,2.59752,0.747051,0.207732,0.0799733,0.12775862216949463,0.249104,1.31898,0.303579,0.701596,,,3.547,0.0322986,0.0612794,999,,,,,,,15.400000000000002,5.133333333333334,16,5.333333333333333,,,,,,,,,,,,,,,,,,,"Pete Hansen","sa3020798",677337
"Eduard Bazardo","SEA",0,0,0,4.3634,5,0,0.081,0.976,,3.50644,15.0202,3.39018,1.83,1.7,0.448933,1.18392,0.0741929,0.123231,3.43165,8.80805,3.03878,2.89855,1.15228,0.22847,0.0788221,0.1496475636959076,0.247224,1.30449,0.299138,0.695485,,,3.9286,0.0322733,0.012556,999,,,,,,,28.8,7.2,27,6.75,,,,,,,,,,,,,,,,,,,"Eduard Bazardo","20997",660825
"Ryan Fernandez","STL",0,0,0,4.14747,3,0,0,0.0528,,2.7993,12.0308,2.5927,1.39,1.29,0.269028,1.12299,0.0869588,0.0948294,2.77091,8.90873,3.61053,2.46743,0.864951,0.230317,0.0933429,0.13697417080402374,0.239775,1.32737,0.298938,0.696512,,,3.67798,0.0322451,0.0609175,999,,,,,,,17.400000000000002,5.800000000000001,18,6,,,,,,,,,,,,,,,,,,,"Ryan Fernandez","24862",681676
"Austin Peterson","CLE",0,0,0,4.18705,2,0,0,0.0568,,2.83732,12.0708,2.70185,1.43,1.32,0.342598,0.856712,0.091,0.138076,2.69151,8.5375,2.7175,3.14168,1.08672,0.222978,0.0709741,0.1520034670829773,0.243938,1.2542,0.293371,0.691333,,,3.8275,0.0321714,0.0612794,999,,,,,,,17.400000000000002,5.800000000000001,18,6,,,,,,,,,,,,,,,,,,,"Austin Peterson","31994",804926
"Hunter Gaddis","CLE",0,0,0,3.96566,5,0,0.17,1.1655,,4.42549,18.5779,3.83551,2.1,1.95,0.584639,1.46647,0.0672781,0.221888,4.12338,8.38561,2.98231,2.81178,1.18896,0.221951,0.078936,0.14301487058401108,0.227094,1.19805,0.266869,0.714172,,,4.10162,0.031642,0.012556,999,,,,,,,15.9,3.975,16,4,,,,,,,,,,,,,,,,,,,"Hunter Gaddis","25636",683769
"Jonathan Loáisiga","ARI",0,0,0,3.95658,5,0,0.493,0.8228,,3.75324,15.885,3.66644,1.78,1.65,0.349188,1.04309,0.0603292,0.236106,2.86599,6.87243,2.50126,2.74759,0.837327,0.180421,0.065665,0.11475551128387451,0.251025,1.25479,0.291225,0.694092,,,3.80792,0.03155,0.012556,999,,,,,,,26.200000000000003,6.550000000000001,27,6.75,,,,,,,,,,,,,,,,,,,"Jonathan Loaisiga","19753",642528
"George Soriano","STL",0,0,0,4.39609,5,0,0,0.9534,,4.40164,19.0963,4.2098,2.31,2.15,0.425457,1.72154,0.0959786,0.343385,4.08591,8.35442,3.52003,2.3734,0.869928,0.213964,0.0901509,0.1238129511475563,0.24718,1.34753,0.302265,0.6787,,,3.91059,0.0313681,0.012556,999,,,,,,,25.200000000000003,6.300000000000001,26,6.5,,,,,,,,,,,,,,,,,,,"George Soriano","21863",666277
"Bennett Sousa","HOU",0,0,0,4.20376,5,0,0,0.9556,,3.81087,16.2312,3.49326,1.92,1.78,0.510768,1.39088,0.0858975,0.0972412,3.95513,9.34068,3.2848,2.84361,1.20626,0.243675,0.0856922,0.15798285603523254,0.236943,1.28163,0.290207,0.710985,,,3.94134,0.0307803,0.012556,999,,,,,,,18.5,4.625,16,4,,,,,,,,,,,,,,,,,,,"Bennett Sousa","21345",656986
"Drew Rom","ATH",0,0,0,4.22058,3,0,0,0.0484,,2.64419,11.5102,2.63272,1.34,1.24,0.248605,0.986249,0.103532,0.125439,2.58715,8.80588,3.35689,2.62322,0.846176,0.22477,0.0856848,0.13908552378416061,0.253182,1.36865,0.315244,0.696736,,,3.62986,0.0305291,0.0609175,999,,,,,,,17.400000000000002,5.800000000000001,18,6,,,,,,,,,,,,,,,,,,,"Drew Rom","24602",680723
"Caleb Thielbar","CHC",0,0,0,3.88778,5,0,0.085,0.8362,,4.0743,16.9252,3.39627,1.9,1.76,0.597406,1.31141,0.07819,0.17303,4.1067,9.07156,2.89687,3.1315,1.31965,0.242638,0.0774829,0.16515492647886276,0.219955,1.15546,0.260683,0.725253,,,4.08647,0.0304504,0.012556,999,,,,,,,18.5,4.625,16,4,,,,,,,,,,,,,,,,,,,"Caleb Thielbar","10078",573204
"Braydon Fisher","TOR",0,0,0,3.56287,5,0,0,0.9392,,3.18283,13.3422,2.40756,1.35,1.26,0.373166,1.40066,0.115213,0.135991,3.69576,10.4504,3.96061,2.63858,1.05519,0.276997,0.104979,0.17201773822307587,0.203934,1.19649,0.262955,0.748137,,,3.75342,0.030164,0.0606315,999,,,,,,,26.000000000000004,8.666666666666668,24,8,,,,,,,,,,,,,,,,,,,"Braydon Fisher","24609",680755
"Daniel Palencia","CHC",0,0,0,4.10868,5,0,1.045,0.7062,,4.0743,17.3464,3.45263,2,1.86,0.538051,1.67967,0.059668,0.204698,4.36785,9.64843,3.71033,2.60043,1.18854,0.251802,0.096831,0.1549709141254425,0.223298,1.25968,0.276104,0.715296,,,4.06336,0.0298681,0.012556,91.05999755859375,,,,,,,20.5,5.125,18,4.5,,,,,,,,,,,,,,,,,,,"Daniel Palencia","27914",694037
"Brock Stewart","LAD",0,0,0,3.99413,5,0,0.099,1.1769,,3.01943,12.8002,2.5983,1.44,1.34,0.369225,1.10045,0.0606548,0.218741,3.28735,9.79857,3.28012,2.98726,1.10055,0.25682,0.0859717,0.17084836214780807,0.226313,1.22498,0.284887,0.709889,,,3.82611,0.0297535,0.0606315,999,,,,,,,21.400000000000002,7.133333333333334,22,7.333333333333333,,,,,,,,,,,,,,,,,,,"Brock Stewart","16727",592779
"George Klassen","LAA",0,0,0.368402,4.94205,1,1,0,0,,5.263,23.136,5.13018,3.09,2.89,0.808626,2.36867,0.0143428,0.305997,4.27555,7.31142,4.05054,1.80505,1.38279,0.184801,0.10238,0.0824209526181221,0.250726,1.42482,0.281038,0.692478,,,5.00039,0.0297462,0.0165189,999,,,,,,,13.7,2.7399999999999998,14,2.8,,,,,,,,,,,,,,,,,,,"George Klassen","33464",691946
"Tyler Wells","TBR",0,0,0,4.01907,6,0,0.195,1.2033,,4.38908,18.0747,3.60761,2.1,1.96,0.752612,1.24779,0.0827106,0.18231,4.46033,9.1461,2.55865,3.57458,1.54327,0.246772,0.0690352,0.17773669213056564,0.216744,1.10625,0.249745,0.724773,,,4.27737,0.0295529,0.0125558,748.469970703125,,,,,,,15.9,3.975,16,4,,,,,,,,,,,,,,,,,,,"Tyler Wells","20000",669330
"Kris Bubic","LAD",0,0,0,3.35328,4,0,0,0.0618,,2.41554,10.0487,2.04785,0.97,0.9,0.205287,0.816193,0.06632,0.106622,2.54165,9.46985,3.04103,3.11403,0.764871,0.252932,0.0812234,0.17170888930559158,0.224399,1.18567,0.288849,0.735082,,,3.24968,0.0294107,0.0062778,190.69000244140625,,,,,,,12.600000000000001,6.300000000000001,13,6.5,,,,,,,,,,,,,,,,,,,"Kris Bubic","21455",663460
"Andrew Kittredge","BAL",0,0,0,3.91395,5,0,1.099,0.6882,,4.3,17.9244,3.99877,2.02,1.87,0.53183,1.21345,0.0851599,0.0862869,3.82417,8.00407,2.53978,3.15149,1.11313,0.21335,0.0676982,0.14565163105726242,0.240533,1.21215,0.282585,0.714518,,,3.83915,0.0293359,0.012556,745.8499755859375,,,,,,,20.9,5.225,21,5.25,,,,,,,,,,,,,,,,,,,"Andrew Kittredge","12828",552640
"Robert Garcia","TEX",0,0,0,4.04919,5,0,0.15,0.9175,,3.9119,16.5045,3.55659,1.89,1.76,0.491207,1.25903,0.0801998,0.186798,3.65715,8.4139,2.89661,2.90474,1.13011,0.221585,0.0762838,0.14530102908611298,0.236182,1.23102,0.280961,0.708737,,,3.97459,0.0283972,0.012556,232.1199951171875,,,,,,,28.200000000000003,7.050000000000001,29,7.25,,,,,,,,,,,,,,,,,,,"Robert Garcia","23363",676395
"Devin Williams","NYM",0,0,0,3.32541,3,0,0.847,0.5139,,2.11102,8.70378,1.51133,0.84,0.78,0.23269,0.888104,0.0509647,0.0978288,2.71074,11.5568,3.78629,3.05227,0.992038,0.311443,0.102037,0.20940674096345901,0.195823,1.13663,0.267811,0.752018,,,3.36907,0.028031,0.00627792,59.470001220703125,,,,,,,21.6,10.8,22,11,,,,,,,,,,,,,,,,,,,"Devin Williams","15816",642207
"Evan Sisk","PIT",0,0,0,4.31923,4,0,0,0.3154,,3.5423,15.5934,3.26372,1.84,1.7,0.330817,1.62794,0.130146,0.367558,3.56393,9.05496,4.13614,2.18923,0.840514,0.228554,0.104399,0.12415456026792526,0.240017,1.38093,0.302263,0.689093,,,3.99505,0.0277505,0.0125564,999,,,,,,,23.8,5.95,22,5.5,,,,,,,,,,,,,,,,,,,"Evan Sisk","24995",681895
"Shawn Armstrong","CLE",0,0,0,4.41151,4,0,0,0.0568,,3.63141,15.6088,3.46133,1.92,1.78,0.459292,1.28882,0.0399878,0.167818,3.34289,8.28495,3.1942,2.59375,1.1383,0.214166,0.0825701,0.13159622251987457,0.244579,1.30807,0.290051,0.68908,,,4.10966,0.0277229,0.0125564,748.469970703125,,,,,,,24.8,6.2,23,5.75,,,,,,,,,,,,,,,,,,,"Shawn Armstrong","12857",542888
"Jonathan Bowlan","PHI",0,0,0,4.12607,5,0,0.153,0.9626,,3.51182,15.0323,3.20294,1.74,1.61,0.449402,1.39903,0.112658,0.102533,3.53556,9.06086,3.58541,2.52714,1.15172,0.235198,0.0930686,0.14212922751903534,0.236716,1.31043,0.288457,0.72039,,,4.03598,0.0277207,0.012556,999,,,,,,,30.8,7.7,29,7.25,,,,,,,,,,,,,,,,,,,"Jonathan Bowlan","24607",680742
"Cade Povich","BAL",0,0,0.63666,5.3126,3,2,0,0.0491,,11.2487,49.7645,11.6337,7.12,6.64,2.01411,4.77056,0.138124,0.551798,8.65667,6.92612,3.81688,1.8146,1.61147,0.173953,0.0958627,0.07809016108512878,0.261773,1.45832,0.284846,0.683446,,,5.31118,0.0276537,-0.012806,999,,,,,,,25.600000000000005,2.3272727272727276,29,2.6363636363636362,,,,,,,,,,,,,,,,,,,"Cade Povich","30055",700249
"Ryan Zeferjahn","CHC",0,0,0,4.02032,5,0,0.508,0.9495,,4.0743,17.5049,3.13145,1.94,1.82,0.500071,2.08374,0.0844451,0.352055,4.8545,10.7234,4.60291,2.32971,1.10464,0.277323,0.119037,0.15828518569469452,0.207806,1.28002,0.27087,0.725387,,,4.10932,0.0271071,0.012556,999,,,,,,,22.5,5.625,20,5,,,,,,,,,,,,,,,,,,,"Ryan Zeferjahn","25420",666171
"Edwin Díaz","LAD",0,0,0,3.83764,4,0,0.297,0.3598,,2.41554,10.1438,1.92864,1.11,1.03,0.279201,0.888909,0.0317381,0.218748,3.06762,11.4296,3.31196,3.451,1.04027,0.302414,0.087631,0.21478328853845596,0.213437,1.16642,0.28992,0.70366,,,3.44155,0.0269568,0.0062778,33,,,,,,,12.600000000000001,6.300000000000001,13,6.5,,,,,,,,,,,,,,,,,,,"Edwin Diaz","14710",621242
"Ryne Nelson","ARI",0,0,0,4.26831,4,0,0,0.0511,,3.75324,15.851,3.53358,1.92,1.78,0.539873,1.04596,0.0679083,0.119519,3.27063,7.84275,2.50813,3.12693,1.29458,0.206336,0.0659869,0.14034944027662277,0.240616,1.22015,0.275283,0.695537,,,4.16187,0.0268618,0.0125564,251.42999267578125,,,,,,,9.9,2.475,10,2.5,,,,,,,,,,,,,,,,,,,"Ryne Nelson","26253",669194
"Justin Martinez","ARI",0,0,0,4.17239,5,0,0.082,0.8944,,3.75324,16.461,3.23714,1.87,1.74,0.363643,2.0102,0.0853335,0.280524,4.18121,10.0262,4.82031,2.08,0.87199,0.254007,0.122119,0.1318882256746292,0.228446,1.39808,0.298532,0.712784,,,3.96567,0.0266391,0.012556,999,,,,,,,27.8,6.95,26,6.5,,,,,,,,,,,,,,,,,,,"Justin Martinez","24453",679885
"Clarke Schmidt","NYY",0,0,0,4.08413,4,0,0,0.0574,,2.68846,11.3927,2.36978,1.31,1.22,0.331754,0.952346,0.0500242,0.13944,2.62893,8.80072,3.18812,2.76048,1.11059,0.230755,0.0835923,0.1471623331308365,0.230054,1.2357,0.277649,0.704114,,,3.96996,0.0263798,0.0607384,999,,,,,,,20.000000000000004,6.666666666666668,18,6,,,,,,,,,,,,,,,,,,,"Clarke Schmidt","19899",657376
"Kendry Rojas","MIN",0,0,0,3.61794,3,0,0,0.0562,,1.84082,7.83349,1.59461,0.8,0.74,0.161145,0.7547,0.0656914,0.0732281,1.97201,9.64138,3.68981,2.61297,0.787854,0.251741,0.0963427,0.15539806336164474,0.227621,1.27623,0.294201,0.729531,,,3.44794,0.0257468,0.00627792,999,,,,,,,10.600000000000001,5.300000000000001,11,5.5,,,,,,,,,,,,,,,,,,,"Kendry Rojas","29423",696070
"Justin Steele","CHC",0,0,0,3.494,2,0,0,0.0478,,1.82885,7.58662,1.54783,0.77,0.71,0.181761,0.597573,0.0446262,0.0777066,1.81197,8.91696,2.94073,3.03222,0.894468,0.238838,0.0787667,0.16007143259048462,0.223955,1.17309,0.277792,0.727365,,,3.52136,0.0257449,0.00627818,605.5,,,,,,,10.600000000000001,5.300000000000001,11,5.5,,,,,,,,,,,,,,,,,,,"Justin Steele","17312",657006
"Zack Littell",,0.438302,0.157615,0.307149,5.25926,1,1,0,0,,4.86,21.0788,5.23806,3.04,2.84,0.924084,1.3926,0.0163489,0.177047,3.15331,5.83947,2.57888,2.26434,1.71127,0.149597,0.0660663,0.08353030681610107,0.268493,1.36433,0.279552,0.672793,,,5.24627,0.0255715,0.0165189,709.4099731445312,,,,,,,14.7,2.94,15,3,,,,,,,,,,,,,,,,,,,"Zack Littell","15823",641793
"Bryan Baker","TBR",0,0,0,4.18311,6,0,2.563,0.3223,,4.38908,18.5585,3.75838,2.19,2.04,0.624121,1.71322,0.0699701,0.119246,4.48871,9.20429,3.51303,2.62004,1.27979,0.241869,0.0923147,0.1495537906885147,0.224703,1.24664,0.269888,0.713728,,,4.15888,0.0255363,0.0125558,999,,,,,,,23.9,5.975,24,6,,,,,,,,,,,,,,,,,,,"Bryan Baker","19804",641329
"Shelby Miller","CHC",0,0,0,3.78854,4,0,0.254,0.2782,,3.32582,13.7731,2.56246,1.51,1.4,0.467149,1.21828,0.0651806,0.161092,3.75515,10.1618,3.2968,3.08232,1.26415,0.272643,0.0884537,0.18418913334608078,0.206754,1.13679,0.256418,0.726235,,,3.91525,0.0255049,-0.0409358,999,,,,,,,19.400000000000002,6.466666666666668,20,6.666666666666667,,,,,,,,,,,,,,,,,,,"Shelby Miller","10197",571946
"Robert Stock","NYM",0,0,0.268328,5.37785,3,1,0,0.058,,6.66065,29.8979,6.84469,4.25,3.98,1.02653,3.1524,0.0963305,0.499964,5.82532,7.87128,4.25959,1.8479,1.38706,0.19484,0.105439,0.08940145373344421,0.260794,1.50092,0.300003,0.671393,,,5.00259,0.0254233,0.0216983,999,,,,,,,24.3,3.4714285714285715,25,3.5714285714285716,,,,,,,,,,,,,,,,,,,"Robert Stock","6576",476594
"Luke Murphy","LAA",0,0,0,4.21674,5,0,0,0.8595,,3.7778,16.261,3.33236,1.9,1.77,0.478203,1.51809,0.0829561,0.277674,3.7732,8.98904,3.6166,2.4855,1.13924,0.232039,0.0933573,0.13868197053670883,0.23037,1.28393,0.279439,0.705686,,,4.17723,0.0249531,0.012556,999,,,,,,,27.8,6.95,26,6.5,,,,,,,,,,,,,,,,,,,"Luke Murphy","29952",684665
"Dylan Dodd","ATL",0,0,0,4.37219,5,0,0,1.019,,4.13752,17.6218,3.91858,2.16,2.01,0.608693,1.26857,0.0986261,0.203717,4.15187,9.03123,2.75941,3.27288,1.32404,0.23561,0.0719885,0.16362140327692032,0.242644,1.25369,0.290623,0.698308,,,4.07626,0.0247714,0.012556,999,,,,,,,15.9,3.975,16,4,,,,,,,,,,,,,,,,,,,"Dylan Dodd","29928",689266
"Mason Barnett","ATH",0,0,0.335607,5.49235,3,1,0,0.0484,,7.52137,33.8693,8.01725,4.91,4.59,1.13095,3.63445,0.150802,0.357758,5.59609,6.69623,4.34895,1.53974,1.35329,0.165226,0.107308,0.05791790038347244,0.268341,1.54915,0.297463,0.669592,,,5.16222,0.0246364,-0.0170851,999,,,,,,,26.100000000000005,3.2625000000000006,27,3.375,,,,,,,,,,,,,,,,,,,"Mason Barnett","31741",686930
"Robert Suarez","ATL",0,0,0,3.91138,3,0,0,0.0519,,2.53108,10.5689,2.24339,1.18,1.1,0.338003,0.779541,0.0658083,0.0568582,2.37685,8.45162,2.77189,3.04904,1.20187,0.224891,0.0737581,0.15113326162099838,0.230505,1.19433,0.271514,0.722795,,,3.95244,0.024504,0.0609175,214.39999389648438,,,,,,,18.000000000000004,6.000000000000001,16,5.333333333333333,,,,,,,,,,,,,,,,,,,"Robert Suarez","30115",663158
"Luis Perales","WSN",0,0,0,4.17377,5,0,0.158,0.8084,,3.88138,16.8725,3.26245,1.93,1.8,0.432614,1.99287,0.144627,0.224336,3.79204,8.79285,4.62099,1.90281,1.00313,0.224747,0.118113,0.10663369297981262,0.222612,1.35398,0.2713,0.715174,,,4.3119,0.0242029,0.012556,999,,,,,,,27.8,6.95,26,6.5,,,,,,,,,,,,,,,,,,,"Luis Perales","28148",691384
"Andrew Sears","DET",0,0,0,3.82741,3,0,0,0.0513,,3.45665,14.7968,2.94148,1.59,1.47,0.360939,1.43324,0.13698,0.250665,3.47331,9.04338,3.7317,2.4234,0.939769,0.234735,0.0968618,0.13787280023097992,0.22432,1.2656,0.278117,0.719676,,,3.91244,0.0241696,-0.0407908,999,,,,,,,17.400000000000002,5.800000000000001,18,6,,,,,,,,,,,,,,,,,,,"Andrew Sears","33664",808825
"Graham Ashcraft","CIN",0,0,0,3.84848,5,0,0.086,0.989,,3.36757,14.3954,2.98481,1.54,1.44,0.321438,1.40033,0.0899983,0.158951,3.06426,8.18939,3.74245,2.18824,0.85906,0.212864,0.0972764,0.1155877411365509,0.232533,1.30217,0.281827,0.723011,,,3.91327,0.0241637,-0.0410232,999,,,,,,,21.400000000000002,7.133333333333334,22,7.333333333333333,,,,,,,,,,,,,,,,,,,"Graham Ashcraft","27552",668933
"Tyler Rogers","TOR",0,0,0,3.7938,6,0,0.164,1.1454,,3.81939,15.7196,3.68721,1.74,1.61,0.452861,0.710324,0.0690371,0.120226,2.42127,5.70546,1.67381,3.40868,1.06712,0.154028,0.0451871,0.10884112864732742,0.247645,1.15137,0.269194,0.706128,,,4.02906,0.0241333,0.0125558,743.280029296875,,,,,,,24.200000000000003,6.050000000000001,25,6.25,,,,,,,,,,,,,,,,,,,"Tyler Rogers","15541",643511
"Kevin Ginkel","ARI",0,0,0,4.46015,5,0,0.493,1.0156,,3.75324,16.1575,3.5609,2,1.86,0.475323,1.364,0.03781,0.161149,3.47389,8.33015,3.27077,2.54685,1.13979,0.215002,0.0844189,0.13058315962553024,0.243358,1.31217,0.288827,0.686685,,,4.11747,0.024007,0.012556,556.52001953125,,,,,,,26.200000000000003,6.550000000000001,27,6.75,,,,,,,,,,,,,,,,,,,"Kevin Ginkel","19876",656464
"Kevin Kelly","TBR",0,0,0,4.47839,5,0,0.195,1.3776,,3.65756,15.561,3.78377,1.96,1.82,0.467483,0.84714,0.0668206,0.220359,2.8873,7.10466,2.08452,3.4083,1.15031,0.185548,0.0544401,0.1311079077422619,0.261067,1.26612,0.297727,0.671684,,,4.06151,0.0235897,0.012556,999,,,,,,,26.200000000000003,6.550000000000001,27,6.75,,,,,,,,,,,,,,,,,,,"Kevin Kelly","25679",687330
"Tanner Banks","PHI",0,0,0,4.35672,4,0,0,0.5031,,3.51182,14.9828,3.47345,1.84,1.7,0.470105,1.02327,0.0721524,0.162981,2.99659,7.6796,2.62242,2.92844,1.20477,0.200002,0.0682963,0.13170552998781204,0.251762,1.28045,0.290743,0.692111,,,4.1502,0.0230023,0.0125564,999,,,,,,,28.8,7.2,27,6.75,,,,,,,,,,,,,,,,,,,"Tanner Banks","16990",621383
"Kody Funderburk","MIN",0,0,0,4.16552,5,0,0,0.866,,3.06804,13.2908,2.88763,1.53,1.42,0.275705,1.25337,0.0719705,0.208601,2.80215,8.22,3.67673,2.23568,0.808772,0.210833,0.0943038,0.11652941256761551,0.244118,1.34972,0.298472,0.695338,,,3.87429,0.0225844,-0.0410232,748.510009765625,,,,,,,21.400000000000002,7.133333333333334,22,7.333333333333333,,,,,,,,,,,,,,,,,,,"Kody Funderburk","24993",681892
"Chad Patrick","MIL",0,0,0,4.67153,4,0,0,0.4781,,4.87421,21.3418,4.81721,2.73,2.53,0.67851,1.93751,0.141844,0.220388,4.66652,8.61651,3.57752,2.40852,1.25284,0.218656,0.0907846,0.12787160277366638,0.251107,1.38581,0.299063,0.693342,,,4.32621,0.0222605,-0.0346835,288.6499938964844,,,,,,,15.7,3.1399999999999997,16,3.2,,,,,,,,,,,,,,,,,,,"Chad Patrick","30113",694477
"Coleman Crow","MIL",0,0,0,4.21736,2,0,0,0.046,,2.51816,10.7878,2.38231,1.28,1.18,0.318585,0.830496,0.0994759,0.133704,2.32879,8.32316,2.96822,2.80409,1.13863,0.215871,0.0769844,0.13888683915138245,0.242508,1.27585,0.287576,0.698574,,,4.04698,0.0210895,0.0612794,999,,,,,,,18.000000000000004,6.000000000000001,16,5.333333333333333,,,,,,,,,,,,,,,,,,,"Coleman Crow","27926",689441
"Brant Hurter","DET",0,0,0,4.13334,4,0,0,0.3419,,2.76532,11.9963,2.64201,1.37,1.27,0.242772,0.940101,0.0784157,0.366727,2.43434,7.92279,3.05965,2.58944,0.790124,0.202924,0.0783659,0.12455808371305466,0.24716,1.29537,0.299441,0.68228,,,3.90159,0.021015,0.0607384,999,,,,,,,15.400000000000002,5.133333333333334,16,5.333333333333333,,,,,,,,,,,,,,,,,,,"Brant Hurter","30133",676428
"Justin Wrobleski","LAD",0,0,0,3.83764,3,0,0,0.0618,,2.41554,10.1633,2.16863,1.11,1.03,0.266798,0.759653,0.0625858,0.122903,2.38052,8.8695,2.83036,3.13369,0.994055,0.234226,0.0747445,0.15948191285133362,0.233669,1.21226,0.286703,0.711722,,,3.66414,0.0206959,0.00627792,650.3499755859375,,,,,,,10.600000000000001,5.300000000000001,11,5.5,,,,,,,,,,,,,,,,,,,"Justin Wrobleski","31204",680736
"Lake Bachar","PIT",0,0,0,4.49708,4,0,0,0.7156,,3.5423,15.3816,3.26427,1.91,1.77,0.47769,1.52443,0.0667146,0.149043,3.51687,8.93539,3.87316,2.307,1.21368,0.228641,0.0991073,0.12953341007232666,0.238126,1.35186,0.286874,0.698725,,,4.28791,0.0204822,0.0125564,999,,,,,,,27.8,6.95,26,6.5,,,,,,,,,,,,,,,,,,,"Lake Bachar","19222",669199
"Jordan Hicks","CHW",0,0,0,4.37781,5,0,0.082,0.8673,,3.65937,16.0669,3.48339,1.92,1.78,0.350805,1.57351,0.0655411,0.371104,3.32087,8.16749,3.86995,2.11049,0.862786,0.20669,0.0979349,0.10875546932220459,0.246659,1.3819,0.299752,0.687047,,,4.12865,0.0204565,0.012556,999,,,,,,,25.8,6.45,24,6,,,,,,,,,,,,,,,,,,,"Jordan Hicks","19618",663855
"Sammy Peralta","LAA",0,0,0,4.04997,4,0,0,0.3721,,3.02224,12.848,2.75184,1.46,1.36,0.372914,0.96722,0.0949619,0.188914,2.71147,8.07454,2.88031,2.80336,1.11051,0.211042,0.0752818,0.13576030731201172,0.235364,1.23056,0.276379,0.706623,,,4.06053,0.0202795,0.0607384,999,,,,,,,17.400000000000002,5.800000000000001,18,6,,,,,,,,,,,,,,,,,,,"Sammy Peralta","25589",671111
"Connor Brogdon","CLE",0,0,0,4.46108,4,0,0,0.3635,,3.63141,15.5733,3.33276,1.94,1.8,0.524007,1.42227,0.0794713,0.11043,3.57171,8.85205,3.52493,2.51127,1.29869,0.229348,0.0913274,0.1380200833082199,0.237365,1.30942,0.282431,0.700009,,,4.27815,0.0202189,0.0125564,999,,,,,,,14.5,3.625,12,3,,,,,,,,,,,,,,,,,,,"Connor Brogdon","21205",641401
"Tyler Kinley","DET",0,0,0,4.08777,5,0,0,0.7898,,3.45665,14.6834,2.89091,1.68,1.57,0.431625,1.42088,0.0802287,0.192631,3.4325,8.93711,3.69953,2.41575,1.12381,0.233766,0.0967678,0.1369984969496727,0.221188,1.24739,0.267145,0.709853,,,4.1408,0.0200506,-0.0410232,999,,,,,,,21.400000000000002,7.133333333333334,22,7.333333333333333,,,,,,,,,,,,,,,,,,,"Tyler Kinley","18297",641755
"Matt Festa","CLE",0,0,0,4.61644,5,0,0,0.9059,,4.42549,19.1625,4.22829,2.45,2.27,0.594244,1.55998,0.0842827,0.382321,4.0219,8.17923,3.17248,2.57818,1.2085,0.209884,0.0814079,0.12847652286291122,0.245543,1.30794,0.288324,0.673536,,,4.34785,0.01995,0.012556,999,,,,,,,12.9,3.225,13,3.25,,,,,,,,,,,,,,,,,,,"Matt Festa","19330",670036
"Trey Gibson","BAL",0,0,0.27879,5.11203,2,1,0,0.0491,,6.12673,27.1779,6.39893,3.72,3.48,0.904096,2.64823,0.0669324,0.376002,4.67076,6.86123,3.89017,1.76373,1.32809,0.171859,0.0974403,0.0744183361530304,0.264925,1.47667,0.295757,0.684599,,,4.97766,0.0199392,-0.0293239,999,,,,,,,17.500000000000007,2.916666666666668,18,3,,,,,,,,,,,,,,,,,,,"Trey Gibson","33794",694346
"Grant Wolfram","BAL",0,0,0,4.27314,4,0,0,0.5298,,3.49626,15.1817,3.33539,1.79,1.66,0.390314,1.42159,0.131593,0.172243,3.35633,8.6398,3.65943,2.36097,1.00474,0.221077,0.0936386,0.12743885815143585,0.245469,1.36059,0.29926,0.704656,,,4.00212,0.0199223,-0.0409358,999,,,,,,,21.400000000000002,7.133333333333334,22,7.333333333333333,,,,,,,,,,,,,,,,,,,"Grant Wolfram","21623",664991
"Logan Allen","CLE",0,0,0,4.38673,2,0,0,0.0568,,3.63141,15.7608,3.41357,1.92,1.77,0.46459,1.50444,0.128801,0.190471,3.46688,8.59225,3.72858,2.30443,1.15143,0.219968,0.0954546,0.12451392412185669,0.242684,1.3543,0.290986,0.702507,,,4.25718,0.0198502,0.0125579,999,,,,,,,21.8,5.45,20,5,,,,,,,,,,,,,,,,,,,"Logan Allen","27589",671106
"Chad Dallas","TOR",0,0,0,3.84564,3,0,0,0.0512,,3.18283,13.5801,2.61536,1.46,1.36,0.376768,1.42039,0.0961638,0.154851,3.30228,9.33778,4.0164,2.32492,1.06538,0.243171,0.104593,0.13857727497816086,0.217858,1.26798,0.268873,0.734192,,,4.05175,0.0198432,0.0609175,999,,,,,,,17.400000000000002,5.800000000000001,18,6,,,,,,,,,,,,,,,,,,,"Chad Dallas","30158",689149
"Slade Cecconi","CLE",0,0,0,4.41307,3,0,0,0.0568,,4.42549,18.9193,4.38375,2.35,2.17,0.606859,1.31886,0.101899,0.181513,3.62515,7.37236,2.68213,2.7487,1.23415,0.191611,0.0697097,0.12190127372741699,0.251666,1.28858,0.286412,0.690832,,,4.26463,0.0197382,0.0125569,584.5599975585938,,,,,,,11.9,2.975,12,3,,,,,,,,,,,,,,,,,,,"Slade Cecconi","27500",677944
"Ryan Feltner","COL",0,0,0.669344,6.42196,2,2,0,0,,9.726,44.6347,11.4783,7.38,6.94,1.63628,4.54773,0.0341152,0.388036,6.76567,6.26064,4.20826,1.4877,1.51414,0.151579,0.101888,0.0496908575296402,0.289133,1.64775,0.314471,0.629477,,,5.42147,0.0196877,-0.0583494,999,,,,,,,19.799999999999997,1.9799999999999998,23,2.3,,,,,,,,,,,,,,,,,,,"Ryan Feltner","21446",663372
"Tyler Alexander","TEX",0,0,0,4.23324,5,0,0,0.8729,,3.9119,16.5247,3.6941,1.98,1.84,0.521206,1.07356,0.0817705,0.219498,2.97482,6.84409,2.4699,2.771,1.19912,0.180023,0.0649668,0.11505602300167084,0.242528,1.21876,0.270365,0.690361,,,4.30597,0.0196523,0.012556,999,,,,,,,13.9,3.475,14,3.5,,,,,,,,,,,,,,,,,,,"Tyler Alexander","17735",641302
"Steven Cruz","KCR",0,0,0,4.33802,5,0,1.322,0.6231,,3.83816,16.6164,3.46004,1.98,1.85,0.474273,1.67577,0.0960563,0.193639,3.6796,8.6282,3.92946,2.19577,1.11211,0.221443,0.10085,0.12059348821640015,0.234626,1.33809,0.281858,0.705709,,,4.25336,0.0195671,0.012556,999,,,,,,,32.800000000000004,8.200000000000001,31,7.75,,,,,,,,,,,,,,,,,,,"Steven Cruz","23165",674444
"Carlos Vargas","SEA",0,0,0,4.19555,4,0,0,0.7609,,2.81012,12.1459,2.80683,1.42,1.31,0.267255,0.963619,0.0778921,0.22755,2.35427,7.54003,3.08619,2.44315,0.85594,0.193831,0.0793367,0.11449471861124039,0.25622,1.34174,0.304752,0.692063,,,3.93564,0.0195633,0.0607384,999,,,,,,,19.400000000000002,6.466666666666668,20,6.666666666666667,,,,,,,,,,,,,,,,,,,"Carlos Vargas","22915",672841
"Alan Rangel","PHI",0,0,0.31601,5.56149,1,1,0,0.0484,,4.871,21.3898,5.14364,3.22,3.01,0.97265,1.78717,0.0156395,0.170369,3.61928,6.68724,3.30209,2.02515,1.79714,0.169206,0.0835521,0.08565367758274078,0.264695,1.42287,0.281057,0.666321,,,5.41862,0.01934,0.0165189,999,,,,,,,13.7,2.7399999999999998,14,2.8,,,,,,,,,,,,,,,,,,,"Alan Rangel","19524",660604
"Dedniel Núñez","NYM",0,0,0,4.70673,5,0,0.272,1.2789,,3.51837,15.354,3.40459,1.98,1.84,0.518627,1.41446,0.165903,0.144726,3.52624,9.02015,3.61819,2.493,1.32665,0.229663,0.0921231,0.1375396028161049,0.246802,1.36968,0.295998,0.69364,,,4.34444,0.0193136,0.012556,999,,,,,,,18.5,4.625,16,4,,,,,,,,,,,,,,,,,,,"Dedniel Nunez","23055",673380
"Jake Bird","WSN",0,0,0,4.10402,3,0,0,0.0445,,2.34648,10.0774,2.14843,1.15,1.07,0.242757,0.869963,0.0503588,0.161055,2.33956,8.97346,3.33677,2.68926,0.931103,0.232159,0.0863282,0.14583119750022888,0.23749,1.28635,0.29481,0.697543,,,3.77218,0.0191315,0.00627792,999,,,,,,,10.600000000000001,5.300000000000001,11,5.5,,,,,,,,,,,,,,,,,,,"Jake Bird","21267",656234
"Tyler Samaniego","BOS",0,0,0,3.92979,3,0,0,0.0526,,2.86275,12.1952,2.56506,1.35,1.25,0.278685,1.09761,0.0930363,0.153813,2.25344,7.08444,3.4507,2.05305,0.876139,0.184781,0.0900032,0.09477751702070236,0.234385,1.27942,0.27181,0.706696,,,4.10582,0.0190542,0.0609175,999,,,,,,,15.400000000000002,5.133333333333334,16,5.333333333333333,,,,,,,,,,,,,,,,,,,"Tyler Samaniego","30081",701719
"Cooper Criswell","SEA",0,0,0,4.4404,4,0,0,0.5226,,3.50644,15.1965,3.55766,1.87,1.73,0.413103,1.18967,0.0965918,0.219965,2.95013,7.57212,3.05355,2.47978,1.06032,0.194132,0.078286,0.11584603041410446,0.258047,1.35389,0.301675,0.690175,,,4.1581,0.0190035,0.0125564,999,,,,,,,26.200000000000003,6.550000000000001,27,6.75,,,,,,,,,,,,,,,,,,,"Cooper Criswell","24975",681867
"Raymond Burgos","BOS",0,0,0,4.2368,4,0,0,0.3224,,3.67494,15.8482,3.62504,1.87,1.73,0.371232,1.30148,0.141836,0.16842,2.72357,6.67007,3.18735,2.09267,0.909154,0.171853,0.0821214,0.08973169326782227,0.252118,1.34057,0.288368,0.693592,,,4.1341,0.0187213,0.0125564,999,,,,,,,22.200000000000003,5.550000000000001,23,5.75,,,,,,,,,,,,,,,,,,,"Raymond Burgos","22370",670103
"Enyel De Los Santos","HOU",0,0,0,4.36908,5,0,0.087,0.9914,,3.81087,16.2194,3.52683,1.98,1.85,0.563211,1.31064,0.0546509,0.139399,3.51359,8.29791,3.09529,2.68082,1.33012,0.216628,0.0808067,0.1358216404914856,0.238793,1.26939,0.277166,0.705727,,,4.32198,0.0186699,0.012556,999,,,,,,,15.9,3.975,16,4,,,,,,,,,,,,,,,,,,,"Enyel De Los Santos","18403",660853
"Brooks Raley","PHI",0,0,0,4.613,5,0,0,0.9658,,3.51182,15.2265,3.51037,1.95,1.8,0.467035,1.12747,0.0765139,0.295827,3.00307,7.69619,2.88945,2.66355,1.19691,0.197226,0.0740464,0.12317997217178345,0.254316,1.32064,0.294523,0.67466,,,4.33764,0.018553,0.012556,999,,,,,,,26.200000000000003,6.550000000000001,27,6.75,,,,,,,,,,,,,,,,,,,"Brooks Raley","10061",548384
"Jared Koenig","MIL",0,0,0,4.30451,4,0,0,0.046,,3.30351,14.3264,3.24537,1.71,1.58,0.37587,1.19691,0.0946194,0.200146,3.10906,8.47023,3.26084,2.59756,1.02401,0.217016,0.0835461,0.1334698721766472,0.251009,1.34472,0.303831,0.697712,,,3.96874,0.0184838,-0.0409358,748.489990234375,,,,,,,17.400000000000002,5.800000000000001,18,6,,,,,,,,,,,,,,,,,,,"Jared Koenig","27517",657649
"Miguel Ullola","HOU",0,0,0,4.06933,4,0,0,0.5427,,3.0521,13.1053,2.28568,1.47,1.38,0.416027,1.66559,0.081337,0.156589,3.58596,10.5742,4.91149,2.15296,1.22678,0.273627,0.127093,0.14653341472148895,0.202576,1.29461,0.256782,0.736538,,,4.31644,0.0182191,0.0607384,999,,,,,,,23.000000000000004,7.666666666666668,21,7,,,,,,,,,,,,,,,,,,,"Miguel Ullola","29036",699044
"Ryan Weathers","NYY",0,0,0,3.794,2,0,0,0.0574,,2.01634,8.53625,1.79993,0.92,0.85,0.225986,0.739157,0.0661433,0.0784332,2.01365,8.98798,3.29925,2.72425,1.00869,0.235894,0.0865904,0.14930345863103867,0.233192,1.25926,0.287267,0.728431,,,3.7793,0.0181966,0.00627818,232.55999755859375,,,,,,,10.600000000000001,5.300000000000001,11,5.5,,,,,,,,,,,,,,,,,,,"Ryan Weathers","23796",677960
"Blake Treinen","LAD",0,0,0,4.0612,4,0,0,0.6179,,2.41554,10.2295,2.16764,1.17,1.09,0.257078,0.856452,0.0435195,0.122598,2.27782,8.48685,3.19103,2.6596,0.95784,0.222672,0.083724,0.1389482021331787,0.234329,1.25193,0.284499,0.695932,,,3.8167,0.0181564,0.0062778,999,,,,,,,14.600000000000001,7.300000000000001,15,7.5,,,,,,,,,,,,,,,,,,,"Blake Treinen","12572",595014
"Kodai Senga","NYM",0,0,0,4.39977,5,0,1.633,0.5558,,3.51837,15.4296,3.14869,1.85,1.72,0.432812,1.82415,0.113658,0.132325,3.81544,9.7599,4.66619,2.09162,1.10714,0.24728,0.118224,0.1290556862950325,0.233701,1.4134,0.294407,0.715116,,,4.20174,0.017998,0.012556,223.52000427246094,,,,,,,37.800000000000004,9.450000000000001,36,9,,,,,,,,,,,,,,,,,,,"Kodai Senga","31838",673540
"Justin Hagenman","NYM",0,0,0,4.22071,2,0,0,0.058,,2.81469,11.9672,2.65786,1.42,1.32,0.389921,0.857911,0.0894555,0.133645,2.51239,8.03337,2.74318,2.92849,1.24678,0.209939,0.0716885,0.1382509097456932,0.24216,1.24908,0.280917,0.705675,,,4.17572,0.0177402,0.0612794,999,,,,,,,17.400000000000002,5.800000000000001,18,6,,,,,,,,,,,,,,,,,,,"Justin Hagenman","21546",663795
"Kyle Hurt","LAD",0,0,0,4.02394,3,0,0,0.0618,,1.81166,7.84466,1.5185,0.87,0.81,0.18486,0.918815,0.0315668,0.10567,2.11815,10.5226,4.56451,2.30531,0.918353,0.270012,0.117126,0.15288590639829636,0.222649,1.34535,0.295239,0.719444,,,3.78782,0.0176117,0.00627792,999,,,,,,,10.600000000000001,5.300000000000001,11,5.5,,,,,,,,,,,,,,,,,,,"Kyle Hurt","27514",669165
"Cole Sulser","TBR",0,0,0,4.25693,5,0,0.097,0.871,,3.65756,15.4189,3.16249,1.86,1.73,0.565088,1.35302,0.0854409,0.105271,3.59061,8.83524,3.32932,2.65377,1.39049,0.232871,0.0877512,0.14511985331773758,0.22653,1.23457,0.264909,0.713006,,,4.3444,0.0175962,0.012556,999,,,,,,,18.5,4.625,16,4,,,,,,,,,,,,,,,,,,,"Cole Sulser","15256",642121
"Jonathan Pintaro","NYM",0,0,0,4.25268,4,0,0,0.6031,,2.81469,12.2791,2.51682,1.43,1.33,0.318194,1.34056,0.0810924,0.182185,2.8618,9.15063,4.28646,2.13477,1.01743,0.233063,0.109174,0.1238882839679718,0.233985,1.37045,0.290196,0.711444,,,4.16233,0.0174002,0.0607384,999,,,,,,,21.400000000000002,7.133333333333334,22,7.333333333333333,,,,,,,,,,,,,,,,,,,"Jonathan Pintaro","33980",702752
"Rob Zastryzny","MIL",0,0,0,4.28884,3,0,0,0.046,,2.51816,10.7983,2.33088,1.3,1.2,0.355846,0.89337,0.0658942,0.133661,2.45395,8.7705,3.19294,2.74685,1.27181,0.227254,0.0827328,0.14452145993709564,0.238546,1.2804,0.283712,0.705871,,,4.21478,0.017189,0.0609175,999,,,,,,,18.000000000000004,6.000000000000001,16,5.333333333333333,,,,,,,,,,,,,,,,,,,"Rob Zastryzny","15094",642239
"Daniel Duarte","NYM",0,0,0,4.27187,5,0,0.091,0.9975,,3.51837,15.2224,3.10143,1.79,1.67,0.43422,1.59,0.121479,0.196161,3.37588,8.63551,4.06723,2.12319,1.11074,0.221771,0.104452,0.11731935292482376,0.230826,1.33341,0.277081,0.710521,,,4.31158,0.0170791,0.012556,999,,,,,,,25.8,6.45,24,6,,,,,,,,,,,,,,,,,,,"Daniel Duarte","17480",650960
"Colton Gordon","MIL",0,0,0,4.21736,3,0,0,0.046,,2.51816,10.7304,2.35337,1.28,1.18,0.355593,0.808885,0.110001,0.111829,2.29552,8.20428,2.89099,2.83788,1.2709,0.213927,0.0753828,0.13854467868804932,0.239903,1.25578,0.279076,0.70644,,,4.21265,0.0170383,0.0609175,999,,,,,,,18.000000000000004,6.000000000000001,16,5.333333333333333,,,,,,,,,,,,,,,,,,,"Colton Gordon","31312",676467
"Joe Mantiply","TOR",0,0,0,4.27686,4,0,0,0.3411,,2.54626,10.8099,2.4937,1.31,1.21,0.349874,0.680615,0.0678392,0.130551,2.33667,8.2592,2.4057,3.43318,1.23666,0.21616,0.0629621,0.15319816768169403,0.249402,1.24666,0.293185,0.694476,,,4.00981,0.0168905,0.0607384,999,,,,,,,18.000000000000004,6.000000000000001,16,5.333333333333333,,,,,,,,,,,,,,,,,,,"Joe Mantiply","14857",573009
"Brendan Beck","NYY",0,0,0,4.01718,3,0,0,0.0574,,2.01634,8.54971,1.76464,0.97,0.9,0.239132,0.741583,0.0636123,0.0912774,1.89377,8.45289,3.31008,2.55368,1.06737,0.221501,0.0867378,0.13476309925317764,0.228673,1.24295,0.273195,0.707468,,,4.00569,0.0165736,0.00627792,999,,,,,,,10.600000000000001,5.300000000000001,11,5.5,,,,,,,,,,,,,,,,,,,"Brendan Beck","33043",694341
"Nick Frasso","COL",0,0,0,5.00887,4,0,0,0.5046,,3.28817,14.6577,3.28484,1.97,1.83,0.395747,1.48734,0.0945112,0.221512,3.27952,8.97635,4.07099,2.20495,1.08319,0.223741,0.101472,0.12226912379264832,0.253679,1.45132,0.311541,0.664318,,,4.23215,0.0164263,-0.0409358,999,,,,,,,21.400000000000002,7.133333333333334,22,7.333333333333333,,,,,,,,,,,,,,,,,,,"Nick Frasso","27861",693308
"Ryan Watson","LAA",0,0,0,4.50262,5,0,0.16,1.292,,3.7778,16.3301,3.60177,2.03,1.89,0.525901,1.35425,0.111269,0.229275,3.43223,8.17672,3.22629,2.5344,1.25287,0.210178,0.0829301,0.12724807113409042,0.244245,1.31188,0.285108,0.69341,,,4.35334,0.0163689,0.012556,999,,,,,,,13.9,3.475,14,3.5,,,,,,,,,,,,,,,,,,,"Ryan Watson","27853",670245
"Nolan Hoffman","KCR",0,0,0,4.54272,4,0,0,0.3294,,3.09066,13.6448,2.96383,1.67,1.56,0.303762,1.44226,0.0926784,0.193761,2.88173,8.39161,4.19986,1.99807,0.884554,0.211197,0.105701,0.10549616813659668,0.246806,1.42561,0.301483,0.687317,,,4.1041,0.0162674,-0.0409358,999,,,,,,,17.400000000000002,5.800000000000001,18,6,,,,,,,,,,,,,,,,,,,"Nolan Hoffman","23381",676510
"Taylor Rogers","MIN",0,0,0,4.66421,5,0,0,0.6073,,3.06804,13.4805,2.92958,1.71,1.59,0.361204,1.30197,0.095234,0.2293,2.95557,8.67007,3.8193,2.27007,1.05958,0.219248,0.0965821,0.12266599386930466,0.245169,1.37924,0.297526,0.67677,,,4.20432,0.0161021,-0.0410232,415.510009765625,,,,,,,21.400000000000002,7.133333333333334,22,7.333333333333333,,,,,,,,,,,,,,,,,,,"Taylor Rogers","13449",573124
"Luis De León","BAL",0,0,0,3.7437,3,0,0,0.0491,,2.69252,11.8204,2.36209,1.2,1.12,0.180546,1.52585,0.184038,0.130302,2.53847,8.48507,5.1003,1.66364,0.603491,0.214753,0.129086,0.08566702902317047,0.232392,1.44398,0.293012,0.739426,,,3.9346,0.0159103,0.0609175,999,,,,,,,17.000000000000004,5.666666666666668,15,5,,,,,,,,,,,,,,,,,,,"Luis De Leon","30944",801725
"Dennis Santana","ARI",0,0,0,4.36625,4,0,0,0.7729,,3.00945,12.822,2.82043,1.58,1.46,0.407071,1.00054,0.0576575,0.112707,2.72579,8.15168,2.99218,2.72433,1.21738,0.212587,0.078033,0.1345544084906578,0.240883,1.26965,0.281413,0.689301,,,4.15988,0.0158846,-0.0409358,150.50999450683594,,,,,,,21.400000000000002,7.133333333333334,22,7.333333333333333,,,,,,,,,,,,,,,,,,,"Dennis Santana","17878",642701
"AJ Blubaugh","HOU",0,0,0,4.251,5,0,0.087,1.2035,,3.81087,16.26,3.31175,1.94,1.8,0.556302,1.57411,0.0716007,0.120031,3.68281,8.69756,3.71753,2.33961,1.3138,0.226494,0.0968088,0.1296856924891472,0.227363,1.28209,0.266825,0.717272,,,4.40177,0.0158144,0.012556,748.5399780273438,,,,,,,15.5,3.875,13,3.25,,,,,,,,,,,,,,,,,,,"AJ Blubaugh","31764",805123
"Elmer Rodríguez","NYY",0,0,0,3.74936,2,0,0,0.0574,,2.01634,8.67138,1.70517,0.9,0.84,0.155978,0.964164,0.0628463,0.11616,1.78195,7.95376,4.30358,1.84818,0.696212,0.205497,0.111189,0.09430801868438721,0.224629,1.32385,0.274041,0.721893,,,3.94867,0.0157559,0.00627818,748.5700073242188,,,,,,,10.600000000000001,5.300000000000001,11,5.5,,,,,,,,,,,,,,,,,,,"Elmer Rodriguez","31811",695684
"Travis Adams","MIN",0,0,0,4.29019,4,0,0,0.3899,,2.45443,10.6204,2.31878,1.26,1.17,0.268188,0.997087,0.054089,0.0906625,2.37513,8.70921,3.65615,2.38207,0.983402,0.223638,0.093884,0.12975425273180008,0.243246,1.35097,0.297647,0.699179,,,3.9178,0.0156541,0.0062778,999,,,,,,,10.600000000000001,5.300000000000001,11,5.5,,,,,,,,,,,,,,,,,,,"Travis Adams","30180",701519
"Steven Matz","TBR",0,0,0,4.65064,5,0,0,0.6289,,3.65756,15.7564,3.75542,2.03,1.89,0.519683,1.10327,0.0882417,0.149519,3.07055,7.55556,2.71476,2.78314,1.27876,0.194876,0.0700203,0.12485598027706146,0.25893,1.32839,0.296492,0.684725,,,4.29883,0.0155677,0.012556,712.989990234375,,,,,,,13.9,3.475,14,3.5,,,,,,,,,,,,,,,,,,,"Steven Matz","13361",571927
"Chase Silseth","TEX",0,0,0,4.04919,5,0,0.075,0.9521,,3.9119,16.7548,3.22912,1.89,1.76,0.445018,1.7987,0.0826462,0.250518,3.60745,8.29957,4.13822,2.00559,1.02384,0.215308,0.107354,0.1079542487859726,0.219585,1.28526,0.261342,0.712365,,,4.30924,0.0155526,0.012556,999,,,,,,,27.8,6.95,26,6.5,,,,,,,,,,,,,,,,,,,"Chase Silseth","30074",681217
"Seth Halvorsen","LAD",0,0,0,4.12329,3,0,0,0.0618,,1.81166,7.80661,1.6842,0.9,0.83,0.183052,0.760805,0.0424885,0.0691449,1.75772,8.73203,3.77954,2.31034,0.90937,0.225158,0.0974565,0.127701073884964,0.241404,1.34959,0.298089,0.70589,,,3.85061,0.0154057,0.00627792,712.510009765625,,,,,,,10.600000000000001,5.300000000000001,11,5.5,,,,,,,,,,,,,,,,,,,"Seth Halvorsen","33294",678020
"Jakob Junis","TEX",0,0,0,4.34827,5,0,0.15,1.1021,,3.9119,16.5719,3.82697,2.03,1.89,0.514446,0.994294,0.06388,0.203818,2.79402,6.42813,2.28754,2.81006,1.18357,0.1686,0.0599989,0.10860135778784752,0.248928,1.23246,0.27455,0.680623,,,4.30314,0.0153392,0.012556,999,,,,,,,13.9,3.475,14,3.5,,,,,,,,,,,,,,,,,,,"Jakob Junis","13619",596001
"Tanner Gordon","COL",0,0,0.58851,6.43872,3,2,0,0.0485,,10.4695,47.0427,13.3675,8,7.49,2.32784,2.69726,0.068566,0.298399,7.80445,6.70904,2.31868,2.89348,2.00111,0.165901,0.0573364,0.1085650734603405,0.303484,1.53444,0.325514,0.629776,,,5.36118,0.015176,-0.161838,999,,,,,,,22.6,2.2600000000000002,31,3.1,,,,,,,,,,,,,,,,,,,"Tanner Gordon","27669",685299
"Josh Fleming","STL",0,0,0,4.18893,2,0,0,0.0528,,1.99812,8.65836,2.12927,1.01,0.93,0.151199,0.643472,0.0946182,0.0867342,1.37478,6.19233,2.89834,2.13651,0.681037,0.158781,0.0743179,0.08446304500102997,0.26857,1.38767,0.308968,0.688285,,,3.80716,0.0150309,0.00627818,999,,,,,,,8.600000000000001,4.300000000000001,9,4.5,,,,,,,,,,,,,,,,,,,"Josh Fleming","20418",676596
"Easton McGee","KCR",0,0,0,4.63008,4,0,0,0.0504,,3.09066,13.4125,3.09279,1.71,1.59,0.412389,1.02094,0.0906559,0.17118,2.75183,8.01333,2.97298,2.69538,1.20088,0.205169,0.0761188,0.12905050814151764,0.253085,1.33102,0.295976,0.679714,,,4.2142,0.014988,-0.0409358,999,,,,,,,17.400000000000002,5.800000000000001,18,6,,,,,,,,,,,,,,,,,,,"Easton McGee","22176",668834
"David Morgan","SDP",0,0,0,4.37631,5,0,0,0.8616,,2.8997,12.5867,2.6402,1.52,1.41,0.350696,1.26345,0.0874402,0.174971,2.8567,8.86652,3.92145,2.26103,1.08848,0.226963,0.10038,0.12658237665891647,0.236826,1.34622,0.28832,0.698469,,,4.19326,0.0145825,-0.0410232,999,,,,,,,21.400000000000002,7.133333333333334,22,7.333333333333333,,,,,,,,,,,,,,,,,,,"David Morgan","31616",688158
"Félix Bautista","BAL",0,0,0,4.22165,4,0,0.153,0.0461,,3.49626,15.0445,2.83232,1.76,1.64,0.471035,1.81433,0.0579227,0.147086,3.93885,10.1393,4.67041,2.17097,1.21253,0.261813,0.120597,0.1412157118320465,0.216487,1.32903,0.27225,0.723979,,,4.28444,0.0144129,-0.0409358,999,,,,,,,16.400000000000002,5.466666666666668,17,5.666666666666667,,,,,,,,,,,,,,,,,,,"Felix Bautista","20666",642585
"Kyle Hart","SDP",0,0,0,4.40735,5,0,0,1.1169,,2.8997,12.5848,2.79647,1.54,1.42,0.344493,1.14178,0.0610337,0.136191,2.69875,8.37627,3.54381,2.36364,1.06923,0.214445,0.0907267,0.12371829152107239,0.247326,1.35815,0.296721,0.693946,,,4.1084,0.0143317,-0.0410232,999,,,,,,,21.400000000000002,7.133333333333334,22,7.333333333333333,,,,,,,,,,,,,,,,,,,"Kyle Hart","19646",606996
"Angel Bastardo","BOS",0,0,0,4.08182,2,0,0,0,,2.05056,8.84516,1.75784,1,0.93,0.212113,0.972595,0.0581889,0.0984463,2.02125,8.87138,4.26877,2.07821,0.930974,0.228515,0.109958,0.11855744570493698,0.226114,1.33156,0.278974,0.711096,,,4.04345,0.0141798,0.00627818,999,,,,,,,10.600000000000001,5.300000000000001,11,5.5,,,,,,,,,,,,,,,,,,,"Angel Bastardo","sa3009716",682785
"Jack Sinclair","WSN",0,0,0,4.42206,4,0,0.474,0.7248,,3.11393,13.7155,2.81871,1.64,1.53,0.32784,1.55779,0.140689,0.224153,2.88587,8.34084,4.50238,1.85254,0.947536,0.21041,0.113579,0.0968305766582489,0.236201,1.40546,0.285656,0.698528,,,4.33507,0.0140917,-0.0409358,999,,,,,,,18.400000000000002,6.133333333333334,19,6.333333333333333,,,,,,,,,,,,,,,,,,,"Jack Sinclair","29945",695378
"Noah Murdock","PIT",0,0,0,4.4433,3,0,0,0.0473,,2.73446,12.2682,2.62945,1.45,1.35,0.191772,1.54351,0.0634393,0.211396,2.44595,8.05043,5.0802,1.58467,0.631185,0.199373,0.125814,0.07355938851833344,0.250108,1.52607,0.309525,0.697394,,,4.15124,0.0139648,0.0609175,999,,,,,,,12.400000000000002,4.133333333333334,13,4.333333333333333,,,,,,,,,,,,,,,,,,,"Noah Murdock","27908",668716
"Trevor Williams","TEX",0,0,0,4.3079,4,0,0,0.4837,,3.13377,13.423,2.94172,1.62,1.5,0.419951,1.06998,0.0688136,0.152208,2.6862,7.7146,3.0729,2.51053,1.20607,0.20012,0.0797123,0.12040743231773376,0.241109,1.28015,0.277281,0.698558,,,4.30094,0.0138233,-0.0409358,999,,,,,,,17.400000000000002,5.800000000000001,18,6,,,,,,,,,,,,,,,,,,,"Trevor Williams","16977",592866
"Shane McClanahan","TBR",0,0,0,4.01907,2,0,0,0.0605,,2.19454,9.28985,1.98651,1.05,0.98,0.255644,0.80009,0.0690444,0.0811799,2.09401,8.58771,3.28124,2.61721,1.04842,0.225408,0.0861253,0.13928276300430298,0.236249,1.26979,0.285673,0.715034,,,3.91391,0.0136668,0.00627818,182.99000549316406,,,,,,,10.600000000000001,5.300000000000001,11,5.5,,,,,,,,,,,,,,,,,,,"Shane McClanahan","21483",663556
"José Urquidy","CHW",0,0,0,4.48848,3,0,0,0.0487,,2.92749,12.4495,2.81613,1.57,1.46,0.421267,0.8507,0.064538,0.129843,2.25868,6.94386,2.61531,2.65508,1.2951,0.181427,0.0683318,0.1130947694182396,0.245543,1.25255,0.272483,0.681441,,,4.43563,0.0136318,-0.0407908,999,,,,,,,15.400000000000002,5.133333333333334,16,5.333333333333333,,,,,,,,,,,,,,,,,,,"Jose Urquidy","18413",664353
"Tim Herrin","CLE",0,0,0,4.39273,5,0,0.085,1.0818,,4.42549,19.4073,4.03386,2.33,2.16,0.46446,2.00877,0.0943184,0.47658,4.12496,8.38882,4.08518,2.05347,0.94456,0.212546,0.103506,0.10904070734977722,0.23838,1.36542,0.289429,0.688495,,,4.28816,0.0135612,0.012556,999,,,,,,,25.200000000000003,6.300000000000001,26,6.5,,,,,,,,,,,,,,,,,,,"Tim Herrin","25139",682120
"Brandon Sproat","MIL",0,0,0,4.39607,2,0,0,0.046,,2.51816,10.9718,2.29474,1.33,1.23,0.314543,1.15553,0.0690529,0.143521,2.63751,9.42657,4.1299,2.28252,1.12419,0.240391,0.105318,0.13507243245840073,0.237238,1.37015,0.294643,0.704429,,,4.17983,0.0135373,0.0612794,528.2000122070312,,,,,,,20.000000000000004,6.666666666666668,18,6,,,,,,,,,,,,,,,,,,,"Brandon Sproat","33850",687075
"Alec Gamboa","BOS",0,0,0,4.04088,4,0,0,0.795,,3.67494,15.868,3.2383,1.78,1.65,0.332884,1.70546,0.117107,0.163422,2.76287,6.76632,4.17669,1.62002,0.815238,0.174116,0.107478,0.0666382759809494,0.231322,1.34526,0.26647,0.706556,,,4.30276,0.0134918,0.0125564,999,,,,,,,25.8,6.45,24,6,,,,,,,,,,,,,,,,,,,"Alec Gamboa","26227",687941
"Rico Garcia","BAL",0,0,0,4.16512,5,0,0.614,0.7769,,4.3,18.2191,3.59218,2.14,1.99,0.692455,1.84781,0.129877,0.079196,4.47564,9.36762,3.8675,2.42214,1.44932,0.245656,0.101421,0.14423487335443497,0.220486,1.26511,0.260672,0.738161,,,4.45938,0.0132425,0.012556,999,,,,,,,17.9,4.475,18,4.5,,,,,,,,,,,,,,,,,,,"Rico Garcia","20023",670329
"Grant Anderson","MIL",0,0,0,4.25897,2,0,0,0.046,,1.73281,7.40481,1.55956,0.88,0.82,0.240464,0.646039,0.0436956,0.0890289,1.76751,9.18021,3.35544,2.73592,1.24894,0.238698,0.0872459,0.15145161002874374,0.233827,1.27285,0.282961,0.709276,,,4.13978,0.0129743,0.00627818,999,,,,,,,10.600000000000001,5.300000000000001,11,5.5,,,,,,,,,,,,,,,,,,,"Grant Anderson","20546",681982
"Marco Raya","MIN",0,0,0,4.15575,3,0,0,0.0562,,1.84082,7.94741,1.63694,0.92,0.85,0.213792,0.791495,0.0468265,0.109523,1.82928,8.94353,3.86971,2.31117,1.04526,0.230172,0.0995915,0.13058087974786758,0.232308,1.31921,0.28444,0.708476,,,4.09394,0.0128641,0.00627792,999,,,,,,,10.600000000000001,5.300000000000001,11,5.5,,,,,,,,,,,,,,,,,,,"Marco Raya","30166",694397
"Jacob Webb","CHC",0,0,0,4.08659,5,0,0.763,0.7614,,4.0743,17.148,3.28408,1.99,1.85,0.609914,1.66468,0.0558692,0.181678,3.91363,8.64508,3.67723,2.35098,1.34728,0.228226,0.0970772,0.13114893436431885,0.214622,1.21463,0.24811,0.722551,,,4.48764,0.0127001,0.012556,999,,,,,,,20.5,5.125,18,4.5,,,,,,,,,,,,,,,,,,,"Jacob Webb","19274",657097
"Kenley Jansen","DET",0,0,0,4.29607,5,0,2.071,0.213,,3.45665,14.6722,2.88415,1.77,1.65,0.481438,1.38078,0.0636135,0.190758,3.18897,8.30305,3.5951,2.30955,1.25351,0.217348,0.0941085,0.12323962897062302,0.220154,1.23383,0.254789,0.694789,,,4.43261,0.0126018,-0.0410232,133.02000427246094,,,,,,,27.400000000000002,9.133333333333335,28,9.333333333333334,,,,,,,,,,,,,,,,,,,"Kenley Jansen","3096",445276
"Joe Boyle","TBR",0,0,0,4.18311,2,0,0,0.0605,,2.19454,9.59705,1.72879,1.09,1.02,0.224141,1.31324,0.0661992,0.131989,2.47494,10.15,5.38571,1.88461,0.919222,0.257886,0.136838,0.12104788422584534,0.212074,1.38618,0.275944,0.715492,,,4.15107,0.0122722,0.00627818,713.1400146484375,,,,,,,10.600000000000001,5.300000000000001,11,5.5,,,,,,,,,,,,,,,,,,,"Joe Boyle","29608",671212
"Sam Bachman","LAA",0,0,0,4.04998,5,0,0,0.6028,,3.7778,16.3469,3.25024,1.83,1.7,0.407512,1.83898,0.0780337,0.248247,3.54456,8.44434,4.38108,1.92746,0.970831,0.216834,0.112497,0.10433643311262131,0.227933,1.34714,0.27579,0.721274,,,4.28647,0.0122291,0.012556,999,,,,,,,27.8,6.95,26,6.5,,,,,,,,,,,,,,,,,,,"Sam Bachman","29754",696147
"Chase Lee","TOR",0,0,0,4.27686,4,0,0,0.0512,,2.54626,10.9402,2.34657,1.3,1.21,0.344032,0.924385,0.0993452,0.152248,2.34262,8.28023,3.26733,2.53425,1.21601,0.214131,0.0844946,0.12963610887527466,0.237903,1.28461,0.279026,0.70661,,,4.28808,0.0119599,0.0607384,999,,,,,,,18.000000000000004,6.000000000000001,16,5.333333333333333,,,,,,,,,,,,,,,,,,,"Chase Lee","29574",695445
"Austin Love","STL",0,0,0,4.63935,2,0,0,0,,1.99812,8.81198,1.96538,1.11,1.03,0.197538,0.895346,0.04626,0.12028,1.81117,8.1579,4.03284,2.02287,0.889755,0.205535,0.101605,0.10392908751964569,0.25209,1.43171,0.305451,0.67748,,,4.10038,0.0118128,0.00627818,999,,,,,,,10.600000000000001,5.300000000000001,11,5.5,,,,,,,,,,,,,,,,,,,"Austin Love","sa3017609",676153
"Kade Morris","ATH",0,0,0.294645,5.61251,2,1,0,0.0484,,6.0775,27.068,6.97276,4.07,3.79,1.00713,2.09597,0.088606,0.408632,3.6349,5.38282,3.10386,1.73423,1.49143,0.134288,0.0774336,0.05685433745384216,0.283868,1.49218,0.299459,0.652682,,,5.29762,0.0117909,-0.0293239,999,,,,,,,15.90000000000001,2.6500000000000017,19,3.1666666666666665,,,,,,,,,,,,,,,,,,,"Kade Morris","33787",695034
"Cole Wilcox","SEA",0,0,0,4.6835,3,0,0,0.0512,,2.1138,9.36668,2.17099,1.19,1.1,0.21057,0.879309,0.0588958,0.172756,1.9346,8.23702,3.74386,2.20014,0.896552,0.206541,0.0938763,0.1126646175980568,0.261106,1.44304,0.317764,0.675122,,,4.06089,0.0116844,0.00627792,999,,,,,,,10.600000000000001,5.300000000000001,11,5.5,,,,,,,,,,,,,,,,,,,"Cole Wilcox","27481",677961
"Nestor Cortes","PHI",0,0,0,4.29265,3,0,0,0.0484,,2.80945,12.0309,2.50154,1.44,1.34,0.390532,1.14826,0.0832118,0.131043,2.52672,8.09427,3.67841,2.20048,1.25106,0.210019,0.0954423,0.11457646638154984,0.232667,1.29912,0.269455,0.712137,,,4.47761,0.0116302,0.0609175,999,,,,,,,17.400000000000002,5.800000000000001,18,6,,,,,,,,,,,,,,,,,,,"Nestor Cortes","17874",641482
"Colin Holderman","CLE",0,0,0,4.31669,2,0,0,0.0568,,2.04323,8.82651,1.90365,1.06,0.98,0.228585,0.778079,0.030981,0.170889,1.82739,8.04925,3.42727,2.34859,1.00687,0.207034,0.0881525,0.1188814714550972,0.241655,1.31249,0.287734,0.686676,,,4.16216,0.0116031,0.00627818,999,,,,,,,10.600000000000001,5.300000000000001,11,5.5,,,,,,,,,,,,,,,,,,,"Colin Holderman","22361",670059
"Steven Okert","HOU",0,0,0,4.31687,3,0,0,0.0512,,2.29333,9.55538,1.96549,1.18,1.1,0.426868,0.676377,0.0384358,0.103706,2.42884,9.5318,2.65439,3.59095,1.67521,0.254185,0.0707849,0.18340043723583221,0.22398,1.15198,0.25992,0.715111,,,4.42522,0.0115868,0.00627792,999,,,,,,,10.600000000000001,5.300000000000001,11,5.5,,,,,,,,,,,,,,,,,,,"Steven Okert","13580",595345
"Bryan King","HOU",0,0,0,4.48216,4,0,0,0.7884,,3.0521,13.0689,2.97839,1.64,1.52,0.471115,0.894066,0.0519512,0.19659,2.70855,7.98695,2.63641,3.02947,1.38922,0.207251,0.0684116,0.13883953541517258,0.248649,1.26878,0.284962,0.694842,,,4.407,0.0115199,-0.0409358,748.469970703125,,,,,,,21.400000000000002,7.133333333333334,22,7.333333333333333,,,,,,,,,,,,,,,,,,,"Bryan King","25890",687911
"Ethan Roberts","CHC",0,0,0,4.08454,2,0,0,0.0478,,1.82885,7.78626,1.56361,0.89,0.83,0.210197,0.725023,0.0364848,0.121766,1.58306,7.79044,3.56793,2.18346,1.03441,0.203315,0.0931157,0.11019884049892426,0.225322,1.25141,0.262993,0.701296,,,4.25517,0.0114482,0.00627818,999,,,,,,,10.600000000000001,5.300000000000001,11,5.5,,,,,,,,,,,,,,,,,,,"Ethan Roberts","24930",681799
"Blake Walston","ARI",0,0,0,4.19877,2,0,0,0.0511,,1.52187,6.6066,1.404,0.77,0.71,0.158664,0.645323,0.0675294,0.0714796,1.37372,8.12385,3.81629,2.12873,0.938299,0.207931,0.0976785,0.110252745449543,0.238379,1.34658,0.285798,0.700158,,,4.0662,0.0112689,0.00627818,999,,,,,,,11.200000000000001,5.6000000000000005,9,4.5,,,,,,,,,,,,,,,,,,,"Blake Walston","26270",686796
"Yuki Matsui","SDP",0,0,0,4.34527,5,0,0,1.0095,,2.8997,12.4251,2.52785,1.51,1.4,0.4294,1.22165,0.080025,0.0791517,2.75063,8.53732,3.79172,2.25157,1.33276,0.221376,0.0983208,0.12305541336536407,0.227236,1.29306,0.264145,0.711327,,,4.47689,0.0112675,-0.0410232,999,,,,,,,21.400000000000002,7.133333333333334,22,7.333333333333333,,,,,,,,,,,,,,,,,,,"Yuki Matsui","33826",673513
"Mason Englert","TBR",0,0,0,4.34716,3,0,0,0.0605,,2.19454,9.29502,2.0795,1.14,1.06,0.324276,0.638109,0.0579663,0.0943842,2.04847,8.40097,2.61694,3.21022,1.32988,0.220384,0.0686507,0.15173334628343582,0.24286,1.23835,0.283568,0.69694,,,4.15858,0.0111394,0.00627792,999,,,,,,,10.600000000000001,5.300000000000001,11,5.5,,,,,,,,,,,,,,,,,,,"Mason Englert","22288",669438
"Garrett Cleavinger","TBR",0,0,0,3.69098,2,0,0,0.0605,,1.46303,6.13478,1.17302,0.65,0.6,0.173776,0.527133,0.0262236,0.12301,1.76911,10.8829,3.24273,3.3561,1.06901,0.288375,0.0859255,0.20244920253753662,0.213875,1.16208,0.282135,0.720831,,,3.56202,0.011135,-0.04673,505.4800109863281,,,,,,,5.800000000000001,5.800000000000001,6,6,,,,,,,,,,,,,,,,,,,"Garrett Cleavinger","17897",664076
"Jason Adam","SDP",0,0,0,4.11249,4,0,0,0.373,,2.31976,9.77271,1.97987,1.14,1.06,0.291644,0.838677,0.0443338,0.129525,2.04299,7.92621,3.25382,2.43597,1.13149,0.209051,0.0858182,0.12323250621557236,0.22487,1.21501,0.260936,0.696421,,,4.22829,0.011055,0.0062778,999,,,,,,,10.600000000000001,5.300000000000001,11,5.5,,,,,,,,,,,,,,,,,,,"Jason Adam","11861",592094
"Yennier Cano","BAL",0,0,0,4.45814,5,0,0.307,1.0462,,4.3,18.5996,4.33549,2.3,2.13,0.499178,1.60942,0.0736981,0.168804,3.54698,7.42392,3.36855,2.20389,1.04479,0.190702,0.0865295,0.10417235642671585,0.257736,1.38254,0.300292,0.69479,,,4.20319,0.0109968,0.012556,999,,,,,,,25.200000000000003,6.300000000000001,26,6.5,,,,,,,,,,,,,,,,,,,"Yennier Cano","25911",666974
"Kirby Yates","PIT",0,0,0,4.57797,2,0,0,0.0473,,1.92662,8.36485,1.67999,1.05,0.98,0.250466,0.897568,0.0357946,0.108452,2.07774,9.70596,4.1929,2.31485,1.17002,0.248389,0.107302,0.14108692854642868,0.228296,1.33787,0.284164,0.685955,,,4.20285,0.0109429,0.00627818,269.42999267578125,,,,,,,10.600000000000001,5.300000000000001,11,5.5,,,,,,,,,,,,,,,,,,,"Kirby Yates","9073",489446
"Michael Fulmer","NYY",0,0,0,4.88756,4,0,0,0.3824,,2.68846,11.9118,2.62674,1.56,1.46,0.360943,1.19356,0.0622189,0.170064,2.5849,8.65334,3.9956,2.16571,1.20831,0.217004,0.1002,0.11680413782596588,0.249024,1.421,0.298041,0.681844,,,4.44719,0.0108172,-0.0409358,999,,,,,,,17.400000000000002,5.800000000000001,18,6,,,,,,,,,,,,,,,,,,,"Michael Fulmer","13218",605242
"Fernando Cruz","NYY",0,0,0,3.61546,1,0,0,0.0574,,0.672114,2.81722,0.482852,0.29,0.27,0.0813944,0.322597,0.00865893,0.0380404,0.890013,11.9178,4.31976,2.7589,1.08992,0.315918,0.114509,0.20140966773033142,0.196554,1.19838,0.27031,0.745411,,,3.63882,0.0108077,0.0559998,999,,,,,,,9.4,9.4,7,7,,,,,,,,,,,,,,,,,,,"Fernando Cruz","7048",518585
"Craig Yoho","CLE",0,0,0,4.45374,5,0,0,1.0425,,4.42549,19.188,3.968,2.36,2.19,0.594663,1.96617,0.0849229,0.329289,4.43878,9.02703,3.99855,2.25758,1.20935,0.231331,0.102469,0.12886203825473785,0.234896,1.34091,0.28445,0.700592,,,4.40009,0.0107914,0.012556,999,,,,,,,12.9,3.225,13,3.25,,,,,,,,,,,,,,,,,,,"Craig Yoho","33248",684974
"Ryan Walker","SFG",0,0,0,4.74317,4,0,0,0.0506,,2.9221,13.0041,3.01307,1.65,1.54,0.296391,1.18437,0.0765897,0.277684,2.41497,7.43804,3.64784,2.03903,0.912879,0.185709,0.091077,0.09463151544332504,0.261053,1.43645,0.307642,0.673482,,,4.26992,0.0107465,-0.0409358,144.55999755859375,,,,,,,15.400000000000002,5.133333333333334,16,5.333333333333333,,,,,,,,,,,,,,,,,,,"Ryan Walker","20423",676254
"Ryan Yarbrough","NYY",0,0,0,4.39211,5,0,0,0.8675,,3.36057,14.3242,3.15805,1.77,1.64,0.466493,0.99736,0.084509,0.287773,2.64521,7.08418,2.67105,2.65221,1.24932,0.184667,0.0696275,0.11503927409648895,0.242199,1.23652,0.271124,0.681094,,,4.48075,0.0107191,-0.0410232,999,,,,,,,21.400000000000002,7.133333333333334,22,7.333333333333333,,,,,,,,,,,,,,,,,,,"Ryan Yarbrough","16502",642232
"Bradley Hanner","NYY",0,0,0,4.41889,3,0,0,0.0574,,2.01634,8.7958,1.7931,1.06,0.99,0.24758,0.92602,0.0461452,0.142995,2.0118,8.97971,4.13332,2.17252,1.10508,0.228722,0.10528,0.12344259023666382,0.232063,1.34854,0.282679,0.699311,,,4.29444,0.0103809,0.00627792,999,,,,,,,10.600000000000001,5.300000000000001,11,5.5,,,,,,,,,,,,,,,,,,,"Bradley Hanner","26097",690440
"Yoendrys Gómez","MIN",0,0,0,4.62021,6,0,1.793,0.492,,3.68165,16.2835,3.33873,2.03,1.89,0.414824,1.87221,0.0915002,0.293213,3.28183,8.02262,4.57672,1.75292,1.01406,0.201543,0.114975,0.08656743168830872,0.236485,1.41538,0.280565,0.687,,,4.54963,0.0101477,0.0125558,999,,,,,,,31.8,7.95,30,7.5,,,,,,,,,,,,,,,,,,,"Yoendrys Gomez","22872",672782
"Yerry De los Santos","NYY",0,0,0,4.32962,3,0,0,0.0574,,2.01634,8.72086,1.95557,1.04,0.97,0.196207,0.795237,0.0367887,0.098977,1.60102,7.14621,3.54956,2.01327,0.875773,0.183585,0.0911879,0.0923975333571434,0.249861,1.36426,0.291797,0.690924,,,4.11059,0.0100818,0.00627792,999,,,,,,,10.600000000000001,5.300000000000001,11,5.5,,,,,,,,,,,,,,,,,,,"Yerry De los Santos","21420",660787
"Adam Macko","TEX",0,0,0,4.24087,3,0,0,0.0484,,2.35565,10.2368,2.1275,1.19,1.11,0.243523,1.04024,0.0795049,0.145557,2.18219,8.33727,3.97432,2.09778,0.930402,0.21317,0.101617,0.11155334860086441,0.235056,1.34474,0.28436,0.699637,,,4.10452,0.0100218,0.00627792,999,,,,,,,10.600000000000001,5.300000000000001,11,5.5,,,,,,,,,,,,,,,,,,,"Adam Macko","25590",671936
"Troy Taylor","SEA",0,0,0,4.51319,3,0,0,0.0512,,2.1138,9.28067,2.00738,1.14,1.06,0.23333,0.935569,0.056417,0.158121,2.04399,8.70276,3.9834,2.18476,0.993456,0.220242,0.100808,0.11943341046571732,0.245192,1.39225,0.300195,0.689125,,,4.15644,0.00997321,0.00627792,999,,,,,,,10.600000000000001,5.300000000000001,11,5.5,,,,,,,,,,,,,,,,,,,"Troy Taylor","31883",700187
"Austin Warren","NYM",0,0,0,4.57883,5,0,0,0.8771,,3.51837,15.353,3.37762,1.93,1.79,0.458007,1.47753,0.109435,0.179164,3.22315,8.24483,3.77952,2.18145,1.17158,0.209936,0.0962371,0.11369924247264862,0.246608,1.37994,0.291519,0.69416,,,4.37589,0.00992595,0.012556,999,,,,,,,28.8,7.2,27,6.75,,,,,,,,,,,,,,,,,,,"Austin Warren","24937",681810
"Peter Strzelecki","STL",0,0,0,5.13482,2,0,0,0.0528,,1.99812,8.85142,2.0724,1.22,1.14,0.237221,0.776754,0.0458537,0.142216,1.79652,8.09192,3.49867,2.31285,1.0685,0.202964,0.0877547,0.11520897597074509,0.261256,1.42591,0.311115,0.647249,,,4.22811,0.00988947,0.00627818,999,,,,,,,10.600000000000001,5.300000000000001,11,5.5,,,,,,,,,,,,,,,,,,,"Peter Strzelecki","21367",657265
"Gavin Stone","LAD",0,0,0,4.02394,2,0,0,0.0618,,1.20777,5.11985,1.12091,0.58,0.54,0.131872,0.398796,0.0244583,0.0473972,1.15181,8.58301,2.97172,2.88823,0.982678,0.22497,0.0778922,0.14707817137241364,0.239836,1.25827,0.291754,0.703855,,,3.72358,0.00984615,-0.04673,999,,,,,,,6.800000000000001,6.800000000000001,7,7,,,,,,,,,,,,,,,,,,,"Gavin Stone","27792",694813
"Eddy Yean","WSN",0,0,0,4.41086,3,0,0,0.0445,,2.34648,10.298,2.33984,1.24,1.15,0.221766,0.996047,0.0922901,0.126815,1.87706,7.19951,3.82037,1.88451,0.850591,0.182274,0.0967223,0.08555149286985397,0.25502,1.42166,0.299319,0.692761,,,4.16751,0.00977545,0.00627792,999,,,,,,,10.600000000000001,5.300000000000001,11,5.5,,,,,,,,,,,,,,,,,,,"Eddy Yean","24248",678868
"Eric Orze","MIN",0,0,0,4.4002,4,0,0,0.0562,,2.45443,10.5942,2.23927,1.29,1.2,0.288102,1.03731,0.0538736,0.128257,2.17931,7.99118,3.80364,2.10093,1.05642,0.205709,0.0979133,0.10779564827680588,0.237498,1.33496,0.280294,0.691409,,,4.27796,0.00975326,0.0062778,999,,,,,,,10.600000000000001,5.300000000000001,11,5.5,,,,,,,,,,,,,,,,,,,"Eric Orze","27626",679358
"Jack Anderson","MIN",0,0,0,4.62021,4,0,0,0.0562,,2.45443,10.5765,2.49192,1.36,1.26,0.35775,0.731241,0.0867351,0.0997235,2.19093,8.03377,2.68134,2.99618,1.31181,0.207151,0.0691383,0.13801264017820358,0.255699,1.3132,0.296543,0.684404,,,4.2284,0.00975069,0.0062778,999,,,,,,,10.600000000000001,5.300000000000001,11,5.5,,,,,,,,,,,,,,,,,,,"Jack Anderson","30086",681252
"Jason Foley","SFG",0,0,0,4.73085,5,0,0.25,0.905,,3.65262,16.0331,3.97018,2.06,1.92,0.368168,1.20318,0.10095,0.197156,2.38405,5.87426,2.96462,1.98145,0.907158,0.148696,0.0750437,0.07365190982818604,0.271321,1.41634,0.303186,0.668401,,,4.25827,0.00973927,0.012556,999,,,,,,,24.200000000000003,6.050000000000001,25,6.25,,,,,,,,,,,,,,,,,,,"Jason Foley","19531",671345
"Kai-Wei Teng","HOU",0,0,0,4.57062,3,0,0,0.0512,,3.0521,13.4256,2.77909,1.66,1.55,0.401138,1.3955,0.0642547,0.287214,3.11912,9.19764,4.11503,2.23513,1.18287,0.232327,0.103943,0.12838374078273773,0.236662,1.36778,0.289197,0.695985,,,4.42184,0.00964868,-0.0407908,999,,,,,,,17.400000000000002,5.800000000000001,18,6,,,,,,,,,,,,,,,,,,,"Kai-Wei Teng","24282",678906
"Calvin Faucher","MIA",0,0,0,4.65437,5,0,0.233,0.9365,,3.86734,17.0748,3.67092,2.14,2,0.430638,1.92872,0.0870614,0.18809,3.5177,8.18633,4.48848,1.82385,1.00217,0.206017,0.112957,0.09306017309427261,0.245415,1.44793,0.294313,0.692378,,,4.37365,0.0096437,0.012556,999,,,,,,,25.200000000000003,6.300000000000001,26,6.5,,,,,,,,,,,,,,,,,,,"Calvin Faucher","20116",676534
"Robby Ahlstrom","TEX",0,0,0,4.33662,4,0,0,0.7183,,3.13377,13.5378,2.88379,1.62,1.51,0.394761,1.25983,0.0880464,0.163826,2.83997,8.15621,3.61815,2.25425,1.13373,0.209781,0.0930602,0.11672047525644302,0.238052,1.32225,0.280315,0.702772,,,4.29118,0.00953909,-0.0409358,999,,,,,,,21.400000000000002,7.133333333333334,22,7.333333333333333,,,,,,,,,,,,,,,,,,,"Robby Ahlstrom","30167",695239
"Hoby Milner","SEA",0,0,0,4.6119,4,0,0,0.0512,,2.81012,12.1128,2.92732,1.56,1.44,0.36842,0.736334,0.0617954,0.216178,2.15654,6.90679,2.35826,2.92876,1.17994,0.178039,0.0607898,0.1172490231692791,0.262298,1.30373,0.29633,0.668279,,,4.28958,0.009533,-0.0409358,999,,,,,,,15.400000000000002,5.133333333333334,16,5.333333333333333,,,,,,,,,,,,,,,,,,,"Hoby Milner","13346",571948
"Joe Musgrove","SDP",0,0,0,4.46166,2,0,0,0.0559,,2.31976,9.93902,2.27138,1.24,1.15,0.333583,0.656322,0.0609729,0.161355,2.04985,7.95281,2.54633,3.12324,1.2942,0.206242,0.0660348,0.14020755141973495,0.249019,1.26207,0.287597,0.685867,,,4.26275,0.00950155,0.00627818,385.6199951171875,,,,,,,10.600000000000001,5.300000000000001,11,5.5,,,,,,,,,,,,,,,,,,,"Joe Musgrove","12970",605397
"Tanner Houck","BOS",0,0,0,4.03793,2,0,0,0.0526,,2.05056,8.7828,1.89251,0.99,0.92,0.191315,0.766133,0.0492032,0.143065,1.55032,6.80444,3.3626,2.02357,0.83969,0.176518,0.0872311,0.08928679674863815,0.240362,1.29655,0.277431,0.697943,,,4.13414,0.00936641,0.00627818,999,,,,,,,10.600000000000001,5.300000000000001,11,5.5,,,,,,,,,,,,,,,,,,,"Tanner Houck","19879",656557
"Reiver Sanmartin","SFG",0,0,0,4.37357,4,0,0.083,0.7565,,2.9221,12.7977,2.99214,1.53,1.42,0.285239,1.15282,0.0683544,0.127489,2.19579,6.76298,3.55066,1.90471,0.878531,0.171576,0.0900799,0.08149643242359161,0.259792,1.41849,0.299555,0.698137,,,4.18373,0.00931984,-0.0409358,999,,,,,,,19.400000000000002,6.466666666666668,20,6.666666666666667,,,,,,,,,,,,,,,,,,,"Reiver Sanmartin","19754",665665
"Antwone Kelly","PIT",0,0,0,4.84123,4,0,0,0.0473,,4.35014,19.214,4.38324,2.52,2.34,0.530632,1.813,0.145699,0.245346,3.35416,6.93942,3.75091,1.85006,1.09782,0.174568,0.0943579,0.08021018654108047,0.255498,1.42438,0.290305,0.674124,,,4.56634,0.00929888,-0.0872339,999,,,,,,,6.9,1.725,7,1.75,,,,,,,,,,,,,,,,,,,"Antwone Kelly","29000",699008
"Braxton Garrett","CHC",0,0,0,4.13375,1,0,0,0.0478,,1.82885,7.78732,1.63424,0.91,0.84,0.243432,0.687534,0.0651288,0.105171,1.77799,8.74971,3.38345,2.58604,1.19796,0.228318,0.0882889,0.14002947509288788,0.233643,1.26953,0.279661,0.712668,,,4.18952,0.00922798,0.00627893,604.1099853515625,,,,,,,10.600000000000001,5.300000000000001,11,5.5,,,,,,,,,,,,,,,,,,,"Braxton Garrett","21844",666129
"JR Ritchie","ATL",0,0,0,4.30252,2,0,0,0.0519,,2.53108,11.0459,2.21719,1.3,1.21,0.298649,1.2645,0.11126,0.15601,2.53857,9.02664,4.49631,2.00757,1.06194,0.229819,0.114477,0.11534274369478226,0.230347,1.37558,0.282629,0.712137,,,4.31485,0.00913424,0.0612794,999,,,,,,,20.000000000000004,6.666666666666668,18,6,,,,,,,,,,,,,,,,,,,"JR Ritchie","31760",702275
"Thomas Harrington","PIT",0,0,0,5.2003,2,0,0,0.0473,,2.73446,12.1378,2.94141,1.7,1.58,0.38167,1.01328,0.0807456,0.12103,2.13807,7.0371,3.33504,2.11005,1.2562,0.17615,0.0834814,0.09266868233680725,0.267317,1.44624,0.301723,0.659198,,,4.59836,0.00888972,-0.0405036,999,,,,,,,15.400000000000002,5.133333333333334,16,5.333333333333333,,,,,,,,,,,,,,,,,,,"Thomas Harrington","31989",802419
"Carlos Duran","KCR",0,0,0,4.53234,3,0,0,0.0504,,2.34316,10.4718,2.11077,1.26,1.18,0.235983,1.34548,0.083317,0.161133,2.44826,9.40368,5.16795,1.81961,0.906404,0.233795,0.128486,0.10530896484851837,0.23544,1.47504,0.298487,0.702604,,,4.25168,0.00885931,0.00627792,999,,,,,,,10.600000000000001,5.300000000000001,11,5.5,,,,,,,,,,,,,,,,,,,"Carlos Duran","24458",679922
"Garrett Acton","MIN",0,0,0,4.54687,3,0,0,0.0562,,1.84082,7.99096,1.67956,1,0.93,0.253688,0.761345,0.0675849,0.10426,1.81341,8.86596,3.7223,2.38185,1.24031,0.226933,0.0952758,0.13165684789419174,0.235715,1.32598,0.281889,0.690835,,,4.3352,0.00881509,0.00627792,999,,,,,,,10.600000000000001,5.300000000000001,11,5.5,,,,,,,,,,,,,,,,,,,"Garrett Acton","27583",670183
"C.J. Culpepper","MIN",0,0,0,4.10686,1,0,0,0,,0.613608,2.65209,0.554035,0.3,0.28,0.0526166,0.269803,0.0175567,0.0404785,0.587879,8.62263,3.9573,2.17892,0.771745,0.221667,0.101732,0.1199340969324112,0.236584,1.34261,0.294725,0.698288,,,3.81879,0.00875488,0.0559998,999,,,,,,,6.800000000000001,6.800000000000001,7,7,,,,,,,,,,,,,,,,,,,"C.J. Culpepper","sa3020563",690217
"Richard Lovelady","WSN",0,0,0,4.62438,4,0,0.079,0.6416,,3.11393,13.6409,3.02971,1.72,1.6,0.371133,1.1927,0.0615466,0.319257,2.66847,7.7125,3.44718,2.23734,1.07266,0.195623,0.0874353,0.10818730294704437,0.249792,1.35597,0.292494,0.675811,,,4.39533,0.00865749,-0.0409358,999,,,,,,,21.400000000000002,7.133333333333334,22,7.333333333333333,,,,,,,,,,,,,,,,,,,"Richard Lovelady","19337",663992
"DL Hall","MIL",0,0,0,4.42422,5,0,0,0.7332,,4.08886,17.9299,3.77803,2.16,2.01,0.496995,1.94462,0.0806904,0.211891,3.84247,8.45767,4.28031,1.97595,1.09394,0.214306,0.108457,0.10584858059883118,0.23952,1.39957,0.286958,0.708723,,,4.38607,0.00865064,0.012556,999,,,,,,,25.200000000000003,6.300000000000001,26,6.5,,,,,,,,,,,,,,,,,,,"DL Hall","22207",669084
"Hunter Harvey","CHC",0,0,0,3.83205,1,0,0,0.0478,,1.08036,4.49898,0.919846,0.5,0.46,0.138609,0.349575,0.015514,0.0487552,1.1145,9.28439,2.91214,3.18816,1.15468,0.247723,0.077701,0.17002234607934952,0.224317,1.175,0.274356,0.715495,,,3.81396,0.00858809,0.0559998,748.530029296875,,,,,,,6.800000000000001,6.800000000000001,7,7,,,,,,,,,,,,,,,,,,,"Hunter Harvey","15507",640451
"Greg Weissert","BOS",0,0,0,4.53296,5,0,0,1.0493,,4.48713,19.3175,4.26275,2.44,2.26,0.592669,1.6641,0.0950683,0.198943,3.49069,7.00139,3.33775,2.09764,1.18874,0.180701,0.0861448,0.09455571323633194,0.244221,1.32086,0.274478,0.684084,,,4.50997,0.00855473,0.012556,999,,,,,,,10.9,2.725,11,2.75,,,,,,,,,,,,,,,,,,,"Greg Weissert","20375",669711
"Huascar Brazobán","CHW",0,0,0,4.45774,4,0,0,0.4969,,2.92749,12.7083,2.80835,1.56,1.45,0.314805,1.18834,0.0359303,0.177481,2.23376,6.86726,3.65331,1.87973,0.967805,0.175772,0.0935091,0.08226314932107925,0.247596,1.36523,0.283554,0.68524,,,4.37471,0.00853599,-0.0409358,999,,,,,,,15.400000000000002,5.133333333333334,16,5.333333333333333,,,,,,,,,,,,,,,,,,,"Huascar Brazoban","6107",623211
"Brody Hopkins","TBR",0,0,0,4.30615,3,0,0,0.0605,,2.19454,9.66863,1.76683,1.12,1.05,0.233588,1.31586,0.0808301,0.171017,2.42455,9.94328,5.39647,1.84255,0.957965,0.250764,0.136096,0.11466817557811737,0.215947,1.40471,0.277578,0.712237,,,4.3099,0.008534,0.00627792,999,,,,,,,10.600000000000001,5.300000000000001,11,5.5,,,,,,,,,,,,,,,,,,,"Brody Hopkins","33903",811315
"Paul Blackburn","NYY",0,0,0,4.76705,5,0,0.09,1.3701,,3.36057,14.6897,3.47831,1.92,1.78,0.409292,1.28257,0.0589043,0.109642,2.61902,7.01404,3.43488,2.042,1.09613,0.178289,0.087311,0.09097838401794434,0.261576,1.41669,0.298857,0.678359,,,4.37065,0.00829385,-0.0410232,999,,,,,,,21.400000000000002,7.133333333333334,22,7.333333333333333,,,,,,,,,,,,,,,,,,,"Paul Blackburn","14739",621112
"Connor Thomas","KCR",0,0,0,4.5725,5,0,0.081,0.8977,,3.83816,16.8292,3.99179,2.1,1.95,0.425911,1.34702,0.106242,0.2929,2.88014,6.75357,3.15858,2.13816,0.998708,0.17114,0.0800405,0.0910993441939354,0.262804,1.39098,0.300077,0.682928,,,4.32677,0.00820261,0.012556,999,,,,,,,26.200000000000003,6.550000000000001,27,6.75,,,,,,,,,,,,,,,,,,,"Connor Thomas","25873",671162
"Cam Booser","TBR",0,0,0,4.62603,5,0,0.097,1.1518,,3.65756,15.8254,3.37635,2.02,1.88,0.602533,1.45995,0.0746017,0.155177,3.78454,9.31245,3.59243,2.59224,1.48262,0.239144,0.0922535,0.1468900814652443,0.237599,1.32227,0.282374,0.705353,,,4.50007,0.00807966,0.012556,999,,,,,,,18.5,4.625,16,4,,,,,,,,,,,,,,,,,,,"Cam Booser","16061",592155
"Wyatt Mills","WSN",0,0,0,4.50276,2,0,0,0.0445,,1.57903,6.96864,1.45618,0.85,0.79,0.171883,0.763847,0.0570915,0.11447,1.52061,8.66701,4.3537,1.99072,0.979684,0.218207,0.109612,0.10859521478414536,0.239098,1.40594,0.29203,0.692146,,,4.26099,0.00800485,0.00627818,999,,,,,,,13.200000000000001,6.6000000000000005,11,5.5,,,,,,,,,,,,,,,,,,,"Wyatt Mills","20010",670090
"Prelander Berroa","CHW",0,0,0,4.05808,2,0,0,0.0487,,1.46375,6.34913,1.19087,0.71,0.66,0.152256,0.783825,0.0297569,0.0821226,1.5489,9.52357,4.81943,1.97608,0.936162,0.243955,0.123454,0.12050081044435501,0.217186,1.34907,0.274619,0.71795,,,4.11386,0.00794547,-0.04673,999,,,,,,,5.800000000000001,5.800000000000001,6,6,,,,,,,,,,,,,,,,,,,"Prelander Berroa","22932",672860
"Michael Rucker","SEA",0,0,0,4.90014,4,0,0,0.3279,,2.81012,12.3408,2.85312,1.65,1.53,0.438081,1.07681,0.0576879,0.176914,2.90786,9.31303,3.44871,2.70044,1.40304,0.23563,0.087256,0.14837348461151123,0.257337,1.39849,0.311974,0.687426,,,4.39868,0.00793518,-0.0409358,999,,,,,,,17.400000000000002,5.800000000000001,18,6,,,,,,,,,,,,,,,,,,,"Michael Rucker","19454",621074
"Winston Santos","TEX",0,0,0,4.05301,1,0,0,0.0484,,0.799405,3.38987,0.70513,0.39,0.36,0.0999181,0.268234,0.0250408,0.0561952,0.758377,8.53809,3.01988,2.8273,1.12492,0.223718,0.079128,0.14459039270877838,0.230025,1.21761,0.274205,0.699915,,,4.04822,0.00777663,0.0559998,999,,,,,,,6.800000000000001,6.800000000000001,7,7,,,,,,,,,,,,,,,,,,,"Winston Santos","28489",692437
"Yovanny Cruz","WSN",0,0,0,4.62438,4,0,0.158,0.7294,,3.11393,13.7641,2.88488,1.72,1.6,0.391649,1.51343,0.107486,0.22296,3.12976,9.04575,4.37416,2.068,1.13196,0.227385,0.109954,0.11743085086345673,0.239852,1.41246,0.293103,0.695664,,,4.40092,0.00776958,-0.0409358,999,,,,,,,18.400000000000002,6.133333333333334,19,6.333333333333333,,,,,,,,,,,,,,,,,,,"Yovanny Cruz","22622",672442
"John King","TEX",0,0,0,3.93654,2,0,0,0.0484,,1.57753,6.70206,1.56472,0.75,0.69,0.134046,0.498354,0.0265787,0.0556521,0.938394,5.35366,2.84318,1.88299,0.76475,0.140016,0.0743584,0.06565743684768677,0.254506,1.30779,0.281871,0.700153,,,4.07168,0.00776863,0.00627818,999,,,,,,,11.600000000000001,5.800000000000001,12,6,,,,,,,,,,,,,,,,,,,"John King","22051",667463
"Danny Coulombe",,0.112173,0.12582,0,4.32,2,0,0,0,,2,8.55274,1.84439,1.03,0.96,0.248319,0.783548,0.037411,0.0840602,1.61923,7.28655,3.52597,2.06654,1.11744,0.189323,0.0916137,0.09770964831113815,0.239995,1.31397,0.274353,0.700761,,,4.39944,0.0076264,0.00627818,999,,,,,,,10.600000000000001,5.300000000000001,11,5.5,,,,,,,,,,,,,,,,,,,"Danny Coulombe","13293",543056
"Emilio Pagán","CIN",0,0,0,4.32063,6,0,2.45,0.2048,,4.04108,17.0926,3.35272,2.07,1.94,0.714864,1.57506,0.0854351,0.128189,4.02921,8.97356,3.50787,2.55812,1.59209,0.235729,0.0921491,0.1435796543955803,0.21786,1.21942,0.247796,0.727731,,,4.6732,0.00758112,0.0125558,111.94000244140625,,,,,,,21.5,5.375,19,4.75,,,,,,,,,,,,,,,,,,,"Emilio Pagan","14771",641941
"Aaron Civale","CHC",0,0,0,4.51919,4,0,0,0.4778,,3.32582,14.1808,3.15392,1.8,1.67,0.535706,1.069,0.0616572,0.146767,2.9501,7.98328,2.89282,2.75968,1.44967,0.208035,0.0753835,0.13265106827020645,0.243263,1.26974,0.276205,0.697658,,,4.51976,0.0075235,-0.0409358,748.5800170898438,,,,,,,5.100000000000002,1.7000000000000008,5,1.6666666666666667,,,,,,,,,,,,,,,,,,,"Aaron Civale","19479",650644
"Elvis Alvarado","ATH",0,0,0,4.83426,5,0,0.638,0.7668,,4.30055,19.0883,4.03407,2.49,2.31,0.593061,2.09862,0.145087,0.340539,4.32108,9.04295,4.3919,2.059,1.24113,0.226373,0.109943,0.11643029749393463,0.242299,1.42602,0.293227,0.686988,,,4.58791,0.00746405,0.012556,748.52001953125,,,,,,,17.9,4.475,18,4.5,,,,,,,,,,,,,,,,,,,"Elvis Alvarado","21662",665660
"Ben Casparius","LAD",0,0,0,4.32201,1,0,0,0.0618,,0.603886,2.59599,0.534024,0.31,0.29,0.0694866,0.255961,0.00978944,0.0252279,0.574026,8.55499,3.81471,2.24263,1.03559,0.22112,0.0985987,0.12252172827720642,0.2307,1.30817,0.277952,0.692915,,,4.09483,0.00743409,0.0559998,999,,,,,,,6.800000000000001,6.800000000000001,7,7,,,,,,,,,,,,,,,,,,,"Ben Casparius","30085",676508
"Edwin Uceta","TBR",0,0,0,4.18311,1,0,0,0.0605,,0.731513,3.11361,0.60483,0.37,0.34,0.106737,0.290874,0.0193258,0.0559263,0.847499,10.427,3.5787,2.91363,1.31321,0.272192,0.0934202,0.17877180129289627,0.218602,1.22445,0.274799,0.70444,,,4.10519,0.00740771,0.0559998,572.6900024414062,,,,,,,6.800000000000001,6.800000000000001,7,7,,,,,,,,,,,,,,,,,,,"Edwin Uceta","20539",670955
"Gerardo Carrillo","ARI",0,0,0,4.0484,1,0,0,0.0511,,0.778085,3.44077,0.665502,0.38,0.35,0.0633654,0.428821,0.0240323,0.077475,0.835965,9.66949,4.96011,1.94945,0.732939,0.242959,0.124629,0.118329256772995,0.226788,1.40643,0.29587,0.710337,,,3.96518,0.00740566,0.0559998,999,,,,,,,6.800000000000001,6.800000000000001,7,7,,,,,,,,,,,,,,,,,,,"Gerardo Carrillo","22754",672629
"Bobby Miller","LAD",0,0,0,4.17297,2,0,0,0.0618,,1.20777,5.18323,1.09228,0.6,0.56,0.1352,0.466209,0.0257336,0.0805128,1.14098,8.50231,3.47407,2.44736,1.00747,0.22013,0.0899457,0.13018421083688736,0.235581,1.29038,0.284816,0.70003,,,4.02703,0.00735753,-0.04673,999,,,,,,,6.800000000000001,6.800000000000001,7,7,,,,,,,,,,,,,,,,,,,"Bobby Miller","27483",676272
"Trent Baker","MIN",0,0,0,4.4002,2,0,0,0,,1.22722,5.31836,1.17162,0.65,0.6,0.151325,0.465688,0.0349653,0.0620187,1.17323,8.60405,3.4152,2.51934,1.10977,0.220599,0.0875622,0.13303686678409576,0.244565,1.33417,0.294365,0.692628,,,4.08417,0.00735677,-0.04673,999,,,,,,,6.800000000000001,6.800000000000001,7,7,,,,,,,,,,,,,,,,,,,"Trent Baker","sa3017504",694536
"Garrett Stallings","MIL",0,0,0,4.87663,4,0,0,0.2942,,3.30351,14.4909,3.3657,1.93,1.79,0.496571,1.20771,0.123092,0.151154,3.01555,8.21548,3.29024,2.49692,1.35285,0.2081,0.0833426,0.1247572973370552,0.256297,1.38441,0.29825,0.681605,,,4.46565,0.00729258,-0.0409358,999,,,,,,,17.400000000000002,5.800000000000001,18,6,,,,,,,,,,,,,,,,,,,"Garrett Stallings","27485",668831
"James Karinchak","ATL",0,0,0,4.63581,2,0,0,0.0519,,1.72785,7.63478,1.34864,0.95,0.89,0.241842,1.07617,0.055918,0.107807,2.20554,11.4882,5.60554,2.04943,1.2597,0.288881,0.140957,0.1479240357875824,0.209065,1.40337,0.276463,0.706926,,,4.42552,0.00711911,0.00627818,999,,,,,,,13.200000000000001,6.6000000000000005,11,5.5,,,,,,,,,,,,,,,,,,,"James Karinchak","20151",675916
"Juan Burgos","ARI",0,0,0,4.49446,2,0,0,0.0511,,1.52187,6.65164,1.47133,0.82,0.76,0.152834,0.657685,0.0242345,0.0894268,1.21014,7.15647,3.8894,1.84,0.903824,0.181931,0.0988757,0.08305517584085464,0.249187,1.39894,0.290318,0.683542,,,4.29113,0.00702058,0.00627818,999,,,,,,,11.200000000000001,5.6000000000000005,9,4.5,,,,,,,,,,,,,,,,,,,"Juan Burgos","27271",686228
"Kyle Finnegan","DET",0,0,0,4.68662,5,0,0.152,1.1684,,3.45665,14.8724,3.37758,1.94,1.8,0.491992,1.28671,0.0583008,0.0738528,2.94613,7.67077,3.35017,2.28967,1.28099,0.198094,0.0865163,0.11157739162445068,0.249972,1.34937,0.286447,0.68527,,,4.4297,0.00697371,-0.0410232,639.030029296875,,,,,,,21.400000000000002,7.133333333333334,22,7.333333333333333,,,,,,,,,,,,,,,,,,,"Kyle Finnegan","15009",640448
"Jack Leiter","TEX",0,0,0,4.35548,2,0,0,0.0484,,2.35565,10.1617,2.02945,1.22,1.14,0.312901,1.05159,0.0478983,0.141035,2.23456,8.53737,4.0177,2.12494,1.19547,0.219901,0.103486,0.11641547828912735,0.226273,1.30794,0.26731,0.704145,,,4.45162,0.00696129,0.00627818,230.7100067138672,,,,,,,10.600000000000001,5.300000000000001,11,5.5,,,,,,,,,,,,,,,,,,,"Jack Leiter","30146",683004
"Griffin Canning","SDP",0,0,0,4.43838,4,0,0,0.0559,,2.8997,12.5526,2.69455,1.54,1.43,0.393219,1.20455,0.0715529,0.147227,2.66247,8.26369,3.73864,2.21035,1.22046,0.212104,0.0959598,0.11614467203617096,0.240566,1.34465,0.282538,0.704504,,,4.42823,0.00690937,-0.0409358,999,,,,,,,17.400000000000002,5.800000000000001,18,6,,,,,,,,,,,,,,,,,,,"Griffin Canning","19867",656288
"Tobias Myers","NYM",0,0,0,4.68968,5,0,0,0.3711,,4.22204,18.1733,4.11755,2.37,2.2,0.686477,1.44416,0.131189,0.138613,3.4812,7.42077,3.07848,2.41053,1.46334,0.191556,0.0794664,0.11208967864513397,0.248187,1.3173,0.276191,0.693753,,,4.69249,0.00686274,0.012556,999,,,,,,,9.9,2.475,10,2.5,,,,,,,,,,,,,,,,,,,"Tobias Myers","22191",668964
"Enmanuel De Jesus","DET",0,0,0,4.8602,3,0,0,0.0513,,2.07399,9.2707,2.08968,1.2,1.12,0.21367,0.961406,0.051995,0.159117,1.83742,7.97344,4.17199,1.91118,0.927213,0.198197,0.103704,0.09449318051338196,0.256397,1.47112,0.307589,0.672646,,,4.29144,0.00669123,0.00627792,999,,,,,,,10.600000000000001,5.300000000000001,11,5.5,,,,,,,,,,,,,,,,,,,"Enmanuel De Jesus","18554",646241
"Sam Hentges","SFG",0,0,0,4.31197,2,0,0,0.0506,,1.46105,6.39371,1.41653,0.75,0.7,0.136211,0.634153,0.0274684,0.0728917,1.32117,8.13834,3.90636,2.08336,0.839055,0.206636,0.0991839,0.10745174437761307,0.249097,1.40357,0.302728,0.699297,,,3.95842,0.00664453,-0.04673,999,,,,,,,3.8000000000000003,3.8000000000000003,4,4,,,,,,,,,,,,,,,,,,,"Sam Hentges","18548",656529
"Taylor Clarke","ARI",0,0,0,4.54568,4,0,0,0.5315,,3.00945,12.8968,3.00406,1.64,1.52,0.435331,0.918491,0.0348706,0.0962676,2.27383,6.80007,2.74682,2.47562,1.30189,0.17631,0.0712187,0.10509146004915237,0.252825,1.30341,0.280037,0.68895,,,4.48414,0.00664247,-0.0409358,999,,,,,,,19.400000000000002,6.466666666666668,20,6.666666666666667,,,,,,,,,,,,,,,,,,,"Taylor Clarke","17611",664199
"Mike Paredes","MIN",0,0,0,4.4002,1,0,0,0.0562,,0.613608,2.62382,0.589413,0.32,0.3,0.0741089,0.2008,0.0169917,0.0275054,0.505569,7.41535,2.94521,2.51777,1.08698,0.192684,0.0765297,0.11615421622991562,0.246048,1.28781,0.283783,0.684982,,,4.14162,0.00662744,0.0559998,999,,,,,,,6.800000000000001,6.800000000000001,7,7,,,,,,,,,,,,,,,,,,,"Mike Paredes","30187",702474
"Michael Lorenzen","TOR",0,0,0.397488,5.08265,4,1,0,0.0512,,8.16306,35.5208,8.16512,4.93,4.61,1.52872,3.06785,0.0738359,0.286253,6.55007,7.22163,3.3824,2.13506,1.68545,0.184401,0.0863678,0.09803295135498047,0.253838,1.37607,0.275507,0.693185,,,5.16559,0.00660882,-0.0247796,999,,,,,,,18.8,2.35,19,2.375,,,,,,,,,,,,,,,,,,,"Michael Lorenzen","14843",547179
"Jhonathan Díaz","SEA",0,0,0,4.24313,1,0,0,0.0512,,0.721166,3.14282,0.697239,0.37,0.34,0.0720544,0.290788,0.0406587,0.0443413,0.671173,8.3761,3.62897,2.30812,0.899224,0.213558,0.0925247,0.12103315442800522,0.248332,1.37004,0.302832,0.696643,,,3.93482,0.00660709,0.0559998,999,,,,,,,6.800000000000001,6.800000000000001,7,7,,,,,,,,,,,,,,,,,,,"Jhonathan Diaz","20298",646242
"Luke Little","KCR",0,0,0,4.23022,2,0,0,0.0504,,1.59566,7.1162,1.35773,0.8,0.75,0.123955,0.934903,0.0447959,0.192913,1.55102,8.74821,5.27312,1.65902,0.699143,0.217956,0.131377,0.08657953143119812,0.226728,1.43679,0.286034,0.704373,,,4.28941,0.00651903,0.00627818,999,,,,,,,13.200000000000001,6.6000000000000005,11,5.5,,,,,,,,,,,,,,,,,,,"Luke Little","28036",681432
"Josh Simpson","SEA",0,0,0,4.00004,2,0,0,0.0512,,1.41748,6.13102,1.20726,0.68,0.63,0.150897,0.645744,0.0578122,0.132775,1.55197,9.85387,4.10001,2.40338,0.958089,0.253134,0.105324,0.14780950546264648,0.225552,1.30725,0.289445,0.714486,,,3.94502,0.0064614,-0.04673,999,,,,,,,5.800000000000001,5.800000000000001,6,6,,,,,,,,,,,,,,,,,,,"Josh Simpson","25957",681006
"Alex Cook","TBR",0,0,0,4.47019,3,0,0,0.0605,,2.19454,9.36217,1.97711,1.17,1.09,0.352608,0.793732,0.0536644,0.109096,2.15288,8.82917,3.25517,2.71236,1.44608,0.229956,0.0847808,0.14517486095428467,0.23372,1.26261,0.27285,0.70299,,,4.46411,0.00644513,0.00627792,999,,,,,,,10.600000000000001,5.300000000000001,11,5.5,,,,,,,,,,,,,,,,,,,"Alex Cook","32015",702047
"Owen Murphy","ATL",0,0,0,4.28278,1,0,0,0.0519,,0.924634,3.9809,0.800867,0.47,0.44,0.125281,0.390488,0.0459203,0.0489053,0.940598,9.15538,3.80085,2.40877,1.21944,0.236277,0.0980904,0.13818705826997757,0.226137,1.28846,0.272894,0.710022,,,4.25569,0.00644022,0.0559998,999,,,,,,,6.800000000000001,6.800000000000001,7,7,,,,,,,,,,,,,,,,,,,"Owen Murphy","31761",702566
"Bryan Hudson","CHW",0,0,0,4.71393,6,0,0.573,0.8146,,4.39124,19.267,4.2159,2.48,2.3,0.552734,1.75345,0.1183,0.41231,3.7306,7.64599,3.59377,2.12757,1.13285,0.193626,0.0910081,0.10261794924736023,0.246526,1.35938,0.285785,0.671608,,,4.52001,0.00625743,0.0125558,999,,,,,,,17.9,4.475,18,4.5,,,,,,,,,,,,,,,,,,,"Bryan Hudson","19924",663542
"Jordan Wicks","CHC",0,0,0,3.99866,1,0,0,0.0478,,1.08036,4.58596,0.989817,0.52,0.48,0.122896,0.397136,0.036912,0.0384672,0.957464,7.97619,3.30835,2.41093,1.02379,0.208781,0.0865981,0.1221834048628807,0.238489,1.28378,0.282385,0.713601,,,4.0191,0.00624294,-0.0458401,999,,,,,,,6.800000000000001,6.800000000000001,7,7,,,,,,,,,,,,,,,,,,,"Jordan Wicks","30094",696136
"Jared Shuster","STL",0,0,0,4.51146,1,0,0,0.0528,,1.19695,5.20855,1.2109,0.65,0.6,0.117597,0.42604,0.0292498,0.0638895,0.922116,6.93348,3.20344,2.16439,0.884222,0.177039,0.0817964,0.09524260461330414,0.256621,1.36759,0.297181,0.670337,,,4.06756,0.0061645,-0.0458401,999,,,,,,,6.800000000000001,6.800000000000001,7,7,,,,,,,,,,,,,,,,,,,"Jared Shuster","27472",694363
"Jake Cousins","LAD",0,0,0,4.17297,1,0,0,0.0618,,0.603886,2.61397,0.504895,0.3,0.28,0.065664,0.302245,0.0100304,0.0441909,0.664584,9.90461,4.5045,2.19882,0.978622,0.254243,0.115627,0.13861612230539322,0.222662,1.33658,0.285718,0.709078,,,4.03676,0.00605214,0.0559998,999,,,,,,,6.800000000000001,6.800000000000001,7,7,,,,,,,,,,,,,,,,,,,"Jake Cousins","21620",664776
"Orlando Ribalta","WSN",0,0,0,4.55976,2,0,0,0.0445,,1.57903,6.93232,1.4573,0.86,0.8,0.200838,0.757404,0.0463075,0.0596383,1.36132,7.75913,4.31698,1.79735,1.14471,0.196373,0.109257,0.0871162936091423,0.238306,1.40258,0.275958,0.700638,,,4.58471,0.0058971,0.00627818,999,,,,,,,11.200000000000001,5.6000000000000005,9,4.5,,,,,,,,,,,,,,,,,,,"Orlando Ribalta","26247",687377
"Spencer Strider","ATL",0,0,0,4.38011,1,0,0,0.0519,,0.924634,3.99043,0.781742,0.48,0.45,0.136875,0.414947,0.0297836,0.0497343,1.08193,10.531,4.03892,2.60739,1.33228,0.271131,0.103986,0.16714562475681305,0.221724,1.29423,0.279533,0.713078,,,4.19503,0.00584638,0.0559998,124.86000061035156,,,,,,,6.800000000000001,6.800000000000001,7,7,,,,,,,,,,,,,,,,,,,"Spencer Strider","27498",675911
"Luis Medina","ATH",0,0,0,4.9389,5,0,0.239,1.0678,,4.30055,19.338,4.10025,2.53,2.36,0.535835,2.36754,0.170781,0.304538,4.43408,9.27944,4.95467,1.87287,1.12137,0.229294,0.122429,0.10686442255973816,0.246026,1.50394,0.304756,0.688711,,,4.52484,0.00576854,-0.0875877,999,,,,,,,12.9,3.225,13,3.25,,,,,,,,,,,,,,,,,,,"Luis Medina","21649",665622
"Brent Suter","ATL",0,0,0,4.66965,4,0,0,0.7849,,3.3343,14.4506,3.40883,1.86,1.73,0.447055,1.05888,0.0486937,0.215523,2.48702,6.71301,2.85816,2.34871,1.2067,0.172105,0.0732762,0.09882864356040955,0.258711,1.33993,0.289176,0.678767,,,4.50105,0.00556232,-0.0409358,999,,,,,,,19.400000000000002,6.466666666666668,20,6.666666666666667,,,,,,,,,,,,,,,,,,,"Brent Suter","13942",608718
"Johan Oviedo","BOS",0,0,0,4.43294,2,0,0,0.0526,,2.05056,8.91921,1.75807,1.09,1.01,0.270294,1.00159,0.0516648,0.134752,1.93531,8.49418,4.39601,1.93225,1.18633,0.216983,0.112295,0.1046871691942215,0.22589,1.34581,0.266758,0.70117,,,4.59166,0.00543911,0.00627818,536.780029296875,,,,,,,10.600000000000001,5.300000000000001,11,5.5,,,,,,,,,,,,,,,,,,,"Johan Oviedo","22487",670912
"Joe Rock","ATH",0,0,0,4.37328,1,0,0,0.0484,,0.987817,4.31447,0.965413,0.52,0.48,0.111953,0.372476,0.0357424,0.0803157,0.940207,8.56622,3.39363,2.52421,1.02,0.21792,0.0863319,0.1315876916050911,0.249998,1.35439,0.303775,0.692448,,,4.04804,0.00542952,-0.0458401,999,,,,,,,6.800000000000001,6.800000000000001,7,7,,,,,,,,,,,,,,,,,,,"Joe Rock","30016",697812
"Matt Bowman","MIN",0,0,0,4.62021,2,0,0,0.0562,,1.22722,5.35505,1.21521,0.68,0.63,0.144276,0.458087,0.0250616,0.0829037,1.13146,8.29773,3.35946,2.46996,1.05807,0.211288,0.085543,0.12574496865272522,0.25243,1.36349,0.302667,0.675111,,,4.11005,0.00542358,-0.04673,999,,,,,,,6.800000000000001,6.800000000000001,7,7,,,,,,,,,,,,,,,,,,,"Matt Bowman","13528",621199
"Yorman Gómez","CLE",0,0,0,4.46706,1,0,0,0,,1.24915,5.42452,1.13198,0.67,0.62,0.156618,0.548614,0.0446449,0.0734815,1.23533,8.90049,3.95273,2.25173,1.12842,0.227731,0.101136,0.1265953853726387,0.235711,1.3454,0.285992,0.691559,,,4.24929,0.00536361,-0.0458401,999,,,,,,,3.8000000000000003,3.8000000000000003,4,4,,,,,,,,,,,,,,,,,,,"Yorman Gomez","sa3015931",691414
"Alex Hoppe","BAL",0,0,0,4.64651,5,0,0,0.7689,,4.3,19.0592,4.21914,2.39,2.22,0.502701,2.11121,0.109929,0.215654,4.01962,8.41315,4.41881,1.90394,1.05216,0.210902,0.110771,0.10013064742088318,0.252155,1.47217,0.304377,0.700311,,,4.37678,0.00529606,0.012556,999,,,,,,,12.9,3.225,13,3.25,,,,,,,,,,,,,,,,,,,"Alex Hoppe","31880",695380
"Dylan Smith","SFG",0,0,0,4.75549,5,0,1.169,0.7231,,3.65262,16.1911,3.49083,2.07,1.93,0.465005,1.67236,0.132373,0.284467,3.19595,7.87477,4.12066,1.91105,1.14576,0.19739,0.103289,0.09410113096237183,0.245242,1.41355,0.286176,0.685519,,,4.61542,0.00528468,0.012556,999,,,,,,,30.8,7.7,29,7.25,,,,,,,,,,,,,,,,,,,"Dylan Smith","30145",681916
"Clayton Beeter","WSN",0,0,0,4.52593,3,0,0,0.0445,,2.34648,10.3598,2.09405,1.27,1.18,0.283086,1.30867,0.0615847,0.07694,2.30926,8.85726,5.01943,1.76459,1.08578,0.222906,0.126322,0.0965845137834549,0.233341,1.45014,0.283768,0.709393,,,4.47477,0.005195,0.00627792,307.1400146484375,,,,,,,10.600000000000001,5.300000000000001,11,5.5,,,,,,,,,,,,,,,,,,,"Clayton Beeter","27494",690925
"Caleb Kilian","PHI",0,0,0,4.35672,1,0,0,0.0484,,0.702363,3.07203,0.655294,0.37,0.34,0.0739581,0.329397,0.028848,0.0357409,0.655559,8.40025,4.22086,1.99018,0.94769,0.213396,0.107225,0.1061713695526123,0.242084,1.40197,0.293994,0.697601,,,4.16496,0.00517424,0.0559998,999,,,,,,,6.800000000000001,6.800000000000001,7,7,,,,,,,,,,,,,,,,,,,"Caleb Kilian","26213",668873
"Brandon Neeck","PIT",0,0,0,4.42447,1,0,0,0,,1.11878,4.94665,0.994621,0.59,0.55,0.118709,0.604578,0.0537276,0.0628694,1.20383,9.68419,4.86352,1.99119,0.954957,0.243362,0.12222,0.12114278972148895,0.232431,1.42942,0.29625,0.704253,,,4.12028,0.00514691,-0.0458401,999,,,,,,,3.8000000000000003,3.8000000000000003,4,4,,,,,,,,,,,,,,,,,,,"Brandon Neeck","sa3021978",677957
"Peyton Gray","TEX",0,0,0,4.27818,1,0,0,0.0484,,0.799405,3.39075,0.711247,0.41,0.38,0.116402,0.273129,0.015454,0.0431482,0.757465,8.52782,3.07499,2.77329,1.3105,0.223391,0.0805512,0.14284028112888336,0.231339,1.23139,0.270309,0.699254,,,4.28798,0.00507988,0.0559998,999,,,,,,,6.800000000000001,6.800000000000001,7,7,,,,,,,,,,,,,,,,,,,"Peyton Gray","25310",682608
"Kade Strowd","ARI",0,0,0,4.67187,2,0,0,0.0511,,1.52187,6.71859,1.52168,0.85,0.79,0.167159,0.708765,0.0211116,0.0626982,1.30868,7.73921,4.19147,1.84642,0.98854,0.194785,0.105493,0.08929166197776794,0.255868,1.46559,0.302937,0.691459,,,4.332,0.00503198,0.00627818,999,,,,,,,8.600000000000001,4.300000000000001,9,4.5,,,,,,,,,,,,,,,,,,,"Kade Strowd","26191",669704
"Nate Pearson","KCR",0,0,0,4.83044,5,0,1.053,0.6511,,3.83816,16.9137,3.57757,2.2,2.06,0.539807,1.73217,0.108173,0.28374,3.50366,8.21565,4.06173,2.0227,1.26578,0.207149,0.102412,0.10473678261041641,0.24014,1.38341,0.279866,0.682858,,,4.68152,0.00495159,0.012556,999,,,,,,,17.9,4.475,18,4.5,,,,,,,,,,,,,,,,,,,"Nate Pearson","20160",663878
"Logan VanWey","HOU",0,0,0,4.45731,2,0,0,0.0512,,1.53456,6.63155,1.35434,0.82,0.76,0.242378,0.662908,0.0416131,0.0903821,1.57508,9.23765,3.88788,2.37601,1.42152,0.237513,0.0999627,0.13754986226558685,0.230397,1.31455,0.273827,0.713531,,,4.57633,0.00493282,0.00627818,999,,,,,,,13.200000000000001,6.6000000000000005,11,5.5,,,,,,,,,,,,,,,,,,,"Logan VanWey","31884",701121
"Landon Knack","LAD",0,0,0,4.322,2,0,0,0.0618,,1.20777,5.15242,1.07753,0.62,0.58,0.172408,0.461824,0.0262274,0.0448972,1.13502,8.45787,3.44139,2.45769,1.28474,0.220289,0.0896324,0.1306563913822174,0.23194,1.27454,0.271133,0.708293,,,4.33804,0.00487089,-0.04673,999,,,,,,,6.800000000000001,6.800000000000001,7,7,,,,,,,,,,,,,,,,,,,"Landon Knack","27487",689017
"Caden Dana","LAA",0,0,0.334759,5.17175,3,1,0,0.0558,,7.18713,31.8606,6.8565,4.4,4.13,1.19004,3.51555,0.090128,0.455636,5.99651,7.50907,4.4023,1.70571,1.49021,0.188211,0.110341,0.07786928862333298,0.245846,1.44314,0.273704,0.68597,,,5.24465,0.00479102,0.0216983,999,,,,,,,21.3,3.042857142857143,22,3.142857142857143,,,,,,,,,,,,,,,,,,,"Caden Dana","31508",702674
"Ronel Blanco","HOU",0,0,0.42988,5.06444,3,1,0,0.0512,,7.80145,33.7305,7.30468,4.7,4.39,1.59047,3.24132,0.0632536,0.228855,6.60587,7.62074,3.73929,2.03802,1.83482,0.195842,0.0960945,0.0997479110956192,0.241394,1.3518,0.258983,0.7027,,,5.39441,0.00475392,-0.0170851,999,,,,,,,21.400000000000002,2.6750000000000003,19,2.375,,,,,,,,,,,,,,,,,,,"Ronel Blanco","19407",669854
"Tanner Rainey","DET",0,0,0,4.16588,1,0,0,0.0513,,0.69133,2.99702,0.552761,0.34,0.32,0.0854782,0.36813,0.0109691,0.0445419,0.756151,9.84386,4.79246,2.05403,1.11279,0.252301,0.122832,0.12946874648332596,0.213888,1.33206,0.268134,0.725007,,,4.31379,0.0046963,0.0559998,999,,,,,,,6.800000000000001,6.800000000000001,7,7,,,,,,,,,,,,,,,,,,,"Tanner Rainey","17610",663432
"Emiliano Teodo","TEX",0,0,0,3.82785,1,0,0,0.0484,,0.799405,3.47882,0.634468,0.37,0.34,0.0745575,0.452444,0.0216245,0.0591623,0.805768,9.07163,5.09378,1.78092,0.839397,0.231621,0.130057,0.10156431794166565,0.213826,1.35965,0.268299,0.729658,,,4.21968,0.00462699,0.0559998,999,,,,,,,6.800000000000001,6.800000000000001,7,7,,,,,,,,,,,,,,,,,,,"Emiliano Teodo","27999",693713
"Antoine Kelly","CHC",0,0,0,4.18296,2,0,0,0.0478,,1.82885,8.02873,1.53139,0.91,0.85,0.174972,1.05132,0.0475987,0.121684,1.78452,8.78185,5.17369,1.6974,0.861062,0.222267,0.130945,0.09132154285907745,0.223374,1.41221,0.277034,0.715522,,,4.31959,0.00455767,0.00627818,999,,,,,,,10.600000000000001,5.300000000000001,11,5.5,,,,,,,,,,,,,,,,,,,"Antoine Kelly","25611",681520
"Daniel Guerra","TOR",0,0,0,4.24152,1,0,0,0,,0.636565,2.73817,0.518941,0.32,0.3,0.0973245,0.294733,0.0288743,0.0319955,0.740001,10.4624,4.16705,2.51075,1.37601,0.270254,0.107639,0.16261517256498337,0.2152,1.27823,0.267844,0.728757,,,4.30558,0.00448868,0.0559998,999,,,,,,,6.800000000000001,6.800000000000001,7,7,,,,,,,,,,,,,,,,,,,"Daniel Guerra","sa3019786",806413
"Spencer Bivens","KCR",0,0,0,4.68144,2,0,0,0.0504,,1.59566,7.01472,1.60861,0.89,0.83,0.185433,0.637811,0.0587369,0.101287,1.24691,7.03291,3.59744,1.95498,1.0459,0.177756,0.0909247,0.08683091402053833,0.256326,1.40783,0.293845,0.68271,,,4.44063,0.00441923,0.00627818,999,,,,,,,8.600000000000001,4.300000000000001,9,4.5,,,,,,,,,,,,,,,,,,,"Spencer Bivens","30226",702352
"Lucas Erceg","KCR",0,0,0,4.53234,3,0,0,0.0504,,2.34316,10.2861,2.27562,1.27,1.18,0.259797,1.01065,0.062396,0.148072,1.86244,7.15358,3.88187,1.84282,0.997872,0.181064,0.0982539,0.0828104093670845,0.249318,1.40249,0.287764,0.6899,,,4.4384,0.00441282,0.00627792,490.70001220703125,,,,,,,10.600000000000001,5.300000000000001,11,5.5,,,,,,,,,,,,,,,,,,,"Lucas Erceg","19360",668674
"Nick Mears","KCR",0,0,0,4.35058,1,0,0,0.0504,,0.848163,3.63727,0.770214,0.44,0.41,0.113629,0.334464,0.0272301,0.0198365,0.775572,8.22972,3.54906,2.31885,1.20573,0.213229,0.0919549,0.12127438932657242,0.234609,1.30244,0.274289,0.702918,,,4.26915,0.0043645,0.0559998,999,,,,,,,6.800000000000001,6.800000000000001,7,7,,,,,,,,,,,,,,,,,,,"Nick Mears","25376",683232
"Garrett Hawkins","SDP",0,0,0,4.42287,2,0,0,0,,1.15988,5.00482,1.04473,0.62,0.57,0.175467,0.470207,0.0378818,0.0542011,1.16125,9.01062,3.64853,2.46965,1.36152,0.232026,0.093951,0.13807536661624908,0.233177,1.30611,0.276509,0.705072,,,4.42383,0.00435626,-0.04673,999,,,,,,,6.800000000000001,6.800000000000001,7,7,,,,,,,,,,,,,,,,,,,"Garrett Hawkins","sa3017383",678184
"Brenan Hanifee","DET",0,0,0,4.49134,2,0,0,0.0513,,1.38266,5.98361,1.45344,0.74,0.69,0.133171,0.446376,0.0270379,0.0729042,0.918969,5.98174,2.90555,2.05873,0.866836,0.153581,0.0745999,0.0789811760187149,0.265987,1.37403,0.299232,0.676918,,,4.1527,0.00427637,-0.04673,999,,,,,,,6.800000000000001,6.800000000000001,7,7,,,,,,,,,,,,,,,,,,,"Brenan Hanifee","22304",669724
"Anthony Bender","MIA",0,0,0,4.26109,1,0,0,0.0494,,0.781491,3.35167,0.68561,0.4,0.37,0.0949384,0.318335,0.0158425,0.048511,0.713882,8.22138,3.66609,2.24255,1.09335,0.212993,0.0949781,0.11801484227180481,0.229699,1.28465,0.271448,0.693368,,,4.26375,0.00423765,0.0559998,999,,,,,,,6.800000000000001,6.800000000000001,7,7,,,,,,,,,,,,,,,,,,,"Anthony Bender","19742",669622
"Tayler Saucedo","LAA",0,0,0,4.33586,5,0,0.08,0.9769,,3.7778,16.4841,3.54026,1.96,1.82,0.440699,1.6805,0.0764302,0.256564,3.2815,7.81764,4.00353,1.95269,1.04989,0.19907,0.101947,0.09712360799312592,0.243367,1.38196,0.286338,0.708279,,,4.42069,0.00423199,0.012556,999,,,,,,,23.200000000000003,5.800000000000001,24,6,,,,,,,,,,,,,,,,,,,"Tayler Saucedo","17888",642048
"Kyle Backhus","PHI",0,0,0,4.613,2,0,0,0.0484,,1.40473,6.20166,1.43688,0.78,0.72,0.151877,0.548334,0.051459,0.128402,1.22297,7.83551,3.51314,2.23034,0.973069,0.197201,0.0884172,0.10878361016511917,0.260072,1.41324,0.309633,0.679918,,,4.21277,0.00416401,-0.04673,999,,,,,,,3.8000000000000003,3.8000000000000003,4,4,,,,,,,,,,,,,,,,,,,"Kyle Backhus","29615",679775
"Paul Gervase","LAD",0,0,0,4.39652,2,0,0,0.0618,,1.20777,5.24689,1.04446,0.63,0.59,0.153891,0.601787,0.0309872,0.0569204,1.25816,9.37544,4.48435,2.0907,1.14675,0.23979,0.114694,0.1250966116786003,0.227641,1.36304,0.280394,0.710265,,,4.31234,0.00414061,-0.04673,999,,,,,,,3.8000000000000003,3.8000000000000003,4,4,,,,,,,,,,,,,,,,,,,"Paul Gervase","31571",801434
"Jhony Brito","SDP",0,0,0,4.70738,3,0,0,0.0559,,1.73982,7.56945,1.77985,0.98,0.91,0.218574,0.605189,0.0574131,0.07638,1.20509,6.23388,3.13061,1.99127,1.13067,0.159205,0.0799515,0.0792534127831459,0.258403,1.37085,0.285727,0.675813,,,4.52631,0.00409709,0.00627792,999,,,,,,,8.600000000000001,4.300000000000001,9,4.5,,,,,,,,,,,,,,,,,,,"Jhony Brito","25386",666745
"Trevor Richards","CHW",0,0,0,4.77132,5,0,0,0.7502,,3.65937,15.7705,3.40275,2.08,1.94,0.644304,1.36505,0.0577079,0.13582,3.32776,8.18445,3.35726,2.43783,1.58463,0.211012,0.0865572,0.12445488572120667,0.238461,1.3029,0.267874,0.695281,,,4.80376,0.00409414,0.012556,999,,,,,,,16.5,4.125,14,3.5,,,,,,,,,,,,,,,,,,,"Trevor Richards","19309",670950
"Jonathan Cannon","CHW",0,0,0,4.71393,3,0,0,0.0487,,2.19562,9.48728,2.11452,1.24,1.15,0.338843,0.775885,0.0609343,0.11245,1.88492,7.72642,3.18041,2.42938,1.38894,0.198679,0.0817816,0.11689698696136475,0.245905,1.31644,0.27853,0.683108,,,4.60623,0.0040178,0.00627792,999,,,,,,,10.600000000000001,5.300000000000001,11,5.5,,,,,,,,,,,,,,,,,,,"Jonathan Cannon","31730",686563
"Victor Vodnik","MIA",0,0,0,4.51473,5,0,0.078,0.8644,,3.86734,17.106,3.68995,2.08,1.94,0.366274,2.10923,0.0910422,0.0671117,3.12126,7.26374,4.90855,1.47981,0.852387,0.182466,0.123303,0.05916254222393036,0.247156,1.49953,0.290477,0.703538,,,4.40849,0.00397395,0.012556,496.760009765625,,,,,,,23.200000000000003,5.800000000000001,24,6,,,,,,,,,,,,,,,,,,,"Victor Vodnik","24614",680767
"Gavin Collyer","TEX",0,0,0,4.50705,2,0,0,0.0484,,1.57753,6.97079,1.33191,0.84,0.79,0.174974,0.876925,0.0376689,0.143153,1.56838,8.94782,5.00297,1.7885,0.998249,0.224993,0.1258,0.09919346868991852,0.223823,1.40018,0.274978,0.697008,,,4.49658,0.00397344,0.00627818,999,,,,,,,13.200000000000001,6.6000000000000005,11,5.5,,,,,,,,,,,,,,,,,,,"Gavin Collyer","26349",686560
"Josh White","MIA",0,0,0,4.26109,1,0,0,0.0494,,0.781491,3.38453,0.667426,0.4,0.37,0.0997065,0.374096,0.0293389,0.045488,0.787057,9.06411,4.30826,2.10389,1.14827,0.232546,0.110531,0.12201443314552307,0.225106,1.33274,0.273181,0.711275,,,4.35825,0.00391882,0.0559998,999,,,,,,,6.800000000000001,6.800000000000001,7,7,,,,,,,,,,,,,,,,,,,"Josh White","31738",687985
"Carlos Lagrange","NYY",0,0,0,4.28499,1,0,0,0,,0.672114,2.92792,0.543478,0.34,0.32,0.0851919,0.361624,0.022065,0.0479244,0.744705,9.97203,4.84235,2.05934,1.14077,0.254346,0.123509,0.1308370903134346,0.215805,1.34665,0.27142,0.719112,,,4.36298,0.00384237,0.0559998,999,,,,,,,6.800000000000001,6.800000000000001,7,7,,,,,,,,,,,,,,,,,,,"Carlos Lagrange","sa3019390",801739
"John Schreiber","NYY",0,0,0,4.65992,5,0,0,1.0706,,3.36057,14.6032,3.22807,1.87,1.74,0.475207,1.30818,0.0597414,0.170573,2.73116,7.31438,3.50345,2.08776,1.27266,0.187025,0.0895816,0.09744364023208618,0.245959,1.34984,0.27756,0.688782,,,4.63614,0.00382281,-0.0410232,999,,,,,,,21.400000000000002,7.133333333333334,22,7.333333333333333,,,,,,,,,,,,,,,,,,,"John Schreiber","20020",670167
"Scott Blewett","ATH",0,0,0,5.14818,5,0,0.159,0.8937,,4.30055,19.0361,4.55876,2.65,2.46,0.638149,1.73076,0.164499,0.124659,3.6671,7.67435,3.62205,2.11879,1.33549,0.192639,0.0909196,0.10171976685523987,0.265342,1.46249,0.304503,0.67447,,,4.62112,0.00369291,-0.0875877,999,,,,,,,10.3,2.575,13,3.25,,,,,,,,,,,,,,,,,,,"Scott Blewett","16427",656240
"Beau Brieske","DET",0,0,0,4.58247,5,0,0,0.5642,,3.45665,15.0922,3.19411,1.89,1.76,0.458015,1.64976,0.0874324,0.100948,2.98714,7.77754,4.29543,1.81065,1.19252,0.197926,0.109312,0.0886143147945404,0.239413,1.40132,0.276477,0.702859,,,4.6168,0.00367563,-0.0410232,999,,,,,,,18.400000000000002,6.133333333333334,19,6.333333333333333,,,,,,,,,,,,,,,,,,,"Beau Brieske","26079",689225
"Gavin Hollowell","CHC",0,0,0,4.33188,1,0,0,0.0478,,1.08036,4.67675,0.904682,0.56,0.52,0.148231,0.53334,0.0314941,0.06398,1.1083,9.23275,4.44301,2.07804,1.23484,0.236981,0.114041,0.1229405403137207,0.221767,1.33105,0.26797,0.713549,,,4.49378,0.0036495,-0.0458401,999,,,,,,,3.8000000000000003,3.8000000000000003,4,4,,,,,,,,,,,,,,,,,,,"Gavin Hollowell","25427",668970
"Ryan Weiss","HOU",0,0,0,4.40844,1,0,0,0.0512,,0.775784,3.3758,0.705339,0.41,0.38,0.10493,0.352945,0.0198837,0.0381573,0.787744,9.13875,4.09458,2.23192,1.2173,0.23335,0.104552,0.12879876792430878,0.236318,1.36415,0.286999,0.711319,,,4.34309,0.00363332,0.0559998,725.9600219726562,,,,,,,6.800000000000001,6.800000000000001,7,7,,,,,,,,,,,,,,,,,,,"Ryan Weiss","24621",680802
"Paxton Schultz","WSN",0,0,0,4.76848,1,0,0,0.0445,,0.811579,3.56436,0.785133,0.46,0.43,0.108453,0.365013,0.0212311,0.0198709,0.727315,8.06555,4.04781,1.99257,1.20269,0.204052,0.102406,0.10164576023817062,0.246938,1.41717,0.288723,0.691314,,,4.47078,0.003613,0.0559998,999,,,,,,,6.800000000000001,6.800000000000001,7,7,,,,,,,,,,,,,,,,,,,"Paxton Schultz","25501",687606
"Matt Wilkinson","SFG",0,0,0.280632,5.29359,4,1,0,0.0506,,7.82078,34.4467,7.92944,4.92,4.6,1.46264,3.09571,0.147165,0.335354,6.29877,7.2485,3.56249,2.03467,1.68318,0.182856,0.0898698,0.09298600256443024,0.25566,1.40973,0.278092,0.680054,,,5.23979,0.00358067,-0.0247796,999,,,,,,,29.100000000000005,3.6375000000000006,30,3.75,,,,,,,,,,,,,,,,,,,"Matt Wilkinson","33760",683363
"Wikelman González","MIA",0,0,0,4.56414,4,0,0,0.0494,,3.09588,13.8311,2.58266,1.67,1.57,0.323261,2.00365,0.0848419,0.209944,3.01895,8.77636,5.8248,1.50672,0.93975,0.218272,0.144865,0.07340647280216217,0.222307,1.48143,0.273029,0.705489,,,4.65534,0.00353579,-0.0409358,999,,,,,,,14.400000000000002,4.800000000000001,15,5,,,,,,,,,,,,,,,,,,,"Wikelman Gonzalez","26641",682790
"Rolddy Muñoz","ATL",0,0,0,4.18544,1,0,0,0.0519,,0.924634,4.04829,0.794846,0.46,0.43,0.0998705,0.485455,0.0392665,0.0742686,0.964171,9.38484,4.72522,1.98612,0.972097,0.238167,0.119916,0.11825120449066162,0.227843,1.38466,0.286643,0.719258,,,4.23784,0.0035203,0.0559998,999,,,,,,,6.800000000000001,6.800000000000001,7,7,,,,,,,,,,,,,,,,,,,"Rolddy Munoz","27407",691548
"Braxton Roxby","SFG",0,0,0,4.55837,3,0,0,0.0506,,2.19157,9.70604,2.00806,1.19,1.11,0.258569,1.07274,0.0956287,0.183268,1.97149,8.09621,4.40535,1.83781,1.06185,0.20312,0.110523,0.09259746968746185,0.23764,1.40575,0.281271,0.695453,,,4.55713,0.00347772,0.00627792,999,,,,,,,10.600000000000001,5.300000000000001,11,5.5,,,,,,,,,,,,,,,,,,,"Braxton Roxby","27793",694820
"Max Lazar","PHI",0,0,0,4.48486,1,0,0,0.0484,,0.702363,3.02326,0.70079,0.38,0.35,0.0904409,0.250056,0.0203058,0.0164305,0.545285,6.98722,3.20419,2.18065,1.1589,0.180363,0.0827106,0.09765245020389557,0.254207,1.35378,0.287758,0.692582,,,4.36267,0.00312228,0.0559998,999,,,,,,,6.800000000000001,6.800000000000001,7,7,,,,,,,,,,,,,,,,,,,"Max Lazar","23426",676661
"Sawyer Gipson-Long","DET",0,0,0,4.68662,1,0,0,0.0513,,0.69133,2.99859,0.680796,0.39,0.36,0.0956859,0.242966,0.0247109,0.0407095,0.61847,8.05147,3.16302,2.5455,1.24568,0.206254,0.0810268,0.1252269670367241,0.250762,1.33621,0.292445,0.675818,,,4.34427,0.00311213,0.0559998,999,,,,,,,6.800000000000001,6.800000000000001,7,7,,,,,,,,,,,,,,,,,,,"Sawyer Gipson-Long","26048",687830
"Yariel Rodríguez","TOR",0,0,0,4.24152,1,0,0,0.0512,,0.636565,2.76984,0.530025,0.32,0.3,0.0786565,0.326337,0.0146031,0.0450806,0.647068,9.1485,4.61388,1.98282,1.11208,0.233612,0.117818,0.11579408496618271,0.220989,1.34529,0.269845,0.71875,,,4.42693,0.00301994,0.0559998,999,,,,,,,6.800000000000001,6.800000000000001,7,7,,,,,,,,,,,,,,,,,,,"Yariel Rodriguez","33838",684320
"Jace Beck","MIA",0,0,0,4.64633,1,0,0,0,,2.32441,10.3323,1.93607,1.29,1.2,0.310151,1.42746,0.0935712,0.148927,2.63316,10.1954,5.52703,1.84465,1.20089,0.254847,0.138155,0.11669251322746277,0.221115,1.44704,0.279722,0.707853,,,4.6067,0.00291901,0.00627893,999,,,,,,,12.600000000000001,6.300000000000001,13,6.5,,,,,,,,,,,,,,,,,,,"Jace Beck","sa3011811",689476
"Jesse Scholtens","TBR",0,0,0,4.85979,2,0,0,0.0605,,2.92605,12.7563,2.91362,1.7,1.58,0.452694,1.11576,0.106076,0.102595,2.42845,7.46947,3.43188,2.17649,1.3924,0.190373,0.0874678,0.10290506482124329,0.252526,1.37707,0.284277,0.685998,,,4.7037,0.00290311,-0.0405036,999,,,,,,,15.400000000000002,5.133333333333334,16,5.333333333333333,,,,,,,,,,,,,,,,,,,"Jesse Scholtens","19205",669947
"Ricky Vanasco","ATL",0,0,0,4.58372,2,0,0,0.0519,,1.72785,7.67338,1.54669,0.94,0.88,0.214984,0.961673,0.066403,0.101311,1.72836,9.00263,5.00914,1.79724,1.1198,0.225241,0.125326,0.0999150425195694,0.233978,1.45172,0.285342,0.710507,,,4.5657,0.00285295,0.00627818,999,,,,,,,10.600000000000001,5.300000000000001,11,5.5,,,,,,,,,,,,,,,,,,,"Ricky Vanasco","23391",676568
"Wandy Peralta","SDP",0,0,0,4.31423,5,0,0,0.6042,,2.8997,12.6003,2.82607,1.5,1.39,0.299413,1.12163,0.058492,0.214017,1.98288,6.1544,3.48129,1.76785,0.929309,0.157368,0.0890163,0.06835132092237473,0.250879,1.36141,0.28129,0.69369,,,4.45972,0.00276862,-0.0410232,999,,,,,,,19.400000000000002,6.466666666666668,20,6.666666666666667,,,,,,,,,,,,,,,,,,,"Wandy Peralta","14295",593974
"Isaac Mattson","PIT",0,0,0,4.83825,3,0,0,0.0473,,2.73446,12.0588,2.5531,1.58,1.47,0.370091,1.34585,0.049117,0.0965051,2.25773,7.43092,4.42964,1.67755,1.21809,0.187226,0.111607,0.0756189376115799,0.240485,1.42586,0.273263,0.685913,,,4.79376,0.00274908,-0.0407908,999,,,,,,,15.400000000000002,5.133333333333334,16,5.333333333333333,,,,,,,,,,,,,,,,,,,"Isaac Mattson","20385",676755
"Derek Law","ARI",0,0,0,5.1737,4,0,0,0.3271,,3.00945,13.3494,3.31441,1.86,1.73,0.396273,1.08848,0.0401877,0.146564,2.31478,6.92254,3.25517,2.12663,1.18509,0.173399,0.0815374,0.09186206758022308,0.273593,1.46302,0.310331,0.660816,,,4.50779,0.00270576,-0.0409358,999,,,,,,,15.400000000000002,5.133333333333334,16,5.333333333333333,,,,,,,,,,,,,,,,,,,"Derek Law","13133",571882
"James McArthur","KCR",0,0,0,4.77503,1,0,0,0.0504,,0.848163,3.72309,0.860147,0.48,0.45,0.108386,0.31744,0.0238752,0.0575253,0.719907,7.63906,3.36841,2.26785,1.15011,0.193363,0.0852627,0.1081002950668335,0.256904,1.3884,0.298338,0.680011,,,4.39315,0.00241621,0.0559998,999,,,,,,,6.800000000000001,6.800000000000001,7,7,,,,,,,,,,,,,,,,,,,"James McArthur","21527",663704
"Chris Murphy","CHW",0,0,0,4.48848,2,0,0,0.0487,,1.46375,6.39324,1.33584,0.78,0.73,0.170964,0.667046,0.0489152,0.0962926,1.25571,7.72089,4.1014,1.8825,1.05119,0.196413,0.104336,0.09207673370838165,0.237276,1.36833,0.277138,0.693428,,,4.47031,0.00236801,-0.04673,999,,,,,,,3.8000000000000003,3.8000000000000003,4,4,,,,,,,,,,,,,,,,,,,"Chris Murphy","26214",669684
"Tyler Gilbert","CHW",0,0,0,4.67294,1,0,0,0.0487,,0.731873,3.17685,0.720402,0.41,0.38,0.0984025,0.251187,0.0197818,0.0515145,0.597259,7.34462,3.0889,2.37774,1.21008,0.188003,0.079068,0.10893537104129791,0.250649,1.32754,0.285519,0.673509,,,4.45973,0.00222887,0.0559998,999,,,,,,,6.800000000000001,6.800000000000001,7,7,,,,,,,,,,,,,,,,,,,"Tyler Gilbert","17964",656457
"Cionel Pérez","NYM",0,0,0,4.41256,2,0,0,0.058,,1.40735,6.19236,1.34003,0.74,0.69,0.138032,0.672395,0.0244371,0.104833,1.20883,7.73049,4.29997,1.7978,0.882718,0.195213,0.108585,0.08662879467010498,0.24746,1.42994,0.295456,0.69945,,,4.31712,0.00221487,-0.04673,999,,,,,,,3.8000000000000003,3.8000000000000003,4,4,,,,,,,,,,,,,,,,,,,"Cionel Perez","19614",672335
"Ben Peoples","TEX",0,0,0,4.39369,3,0,0,0.0484,,2.35565,10.2485,2.0281,1.23,1.15,0.304599,1.15639,0.0623101,0.141212,2.0886,7.97971,4.41811,1.80614,1.16375,0.203797,0.112836,0.09096106886863708,0.226582,1.35185,0.262823,0.708649,,,4.66343,0.002157,0.00627792,999,,,,,,,10.600000000000001,5.300000000000001,11,5.5,,,,,,,,,,,,,,,,,,,"Ben Peoples","26406",687239
"Grant Holman","PHI",0,0,0,4.54893,2,0,0,0.0484,,1.40473,6.11153,1.34591,0.76,0.71,0.172435,0.600275,0.0446878,0.062932,1.18796,7.61122,3.84592,1.97903,1.10478,0.194381,0.0982201,0.09616093337535858,0.247032,1.38545,0.287059,0.695801,,,4.42397,0.0021542,-0.04673,999,,,,,,,3.8000000000000003,3.8000000000000003,4,4,,,,,,,,,,,,,,,,,,,"Grant Holman","30002",680880
"Hunter Bigge","ATH",0,0,0,4.75771,2,0,0,0.0484,,1.816,7.9664,1.7011,1.03,0.96,0.252243,0.853629,0.0526173,0.0864836,1.60164,7.93766,4.23054,1.87628,1.2501,0.20105,0.107154,0.0938963070511818,0.242106,1.40679,0.280114,0.692559,,,4.69801,0.00214679,0.00627818,999,,,,,,,10.600000000000001,5.300000000000001,11,5.5,,,,,,,,,,,,,,,,,,,"Hunter Bigge","26259",685801
"Aaron Rozek","MIN",0,0,0,4.69355,1,0,0,0,,0.613608,2.70708,0.618688,0.35,0.32,0.0775829,0.248211,0.0328253,0.0316661,0.530621,7.7828,3.6406,2.13778,1.13793,0.196012,0.0916897,0.10432271659374237,0.254898,1.41279,0.297474,0.68167,,,4.38571,0.00201069,0.0559998,999,,,,,,,6.800000000000001,6.800000000000001,7,7,,,,,,,,,,,,,,,,,,,"Aaron Rozek","sa3015224",702065
"Casey Legumina","TBR",0,0,0,4.65064,5,0,0.097,1.0584,,3.65756,15.8086,3.47344,2.03,1.89,0.566199,1.32293,0.074656,0.22093,3.09258,7.60978,3.25528,2.33767,1.39322,0.195626,0.0836842,0.11194179952144623,0.243498,1.31136,0.274113,0.690956,,,4.69086,0.00199572,0.012556,999,,,,,,,16.5,4.125,14,3.5,,,,,,,,,,,,,,,,,,,"Casey Legumina","25921",668984
"Blake Weiman","LAA",0,0,0,4.55622,4,0,0,0.0558,,3.02224,12.8936,2.90092,1.65,1.53,0.524171,0.898142,0.0628806,0.143476,2.70507,8.0555,2.6746,3.01185,1.56094,0.209799,0.0696578,0.14014141261577606,0.244762,1.25704,0.275637,0.701112,,,4.60172,0.00197309,-0.0409358,999,,,,,,,5.100000000000002,1.7000000000000008,5,1.6666666666666667,,,,,,,,,,,,,,,,,,,"Blake Weiman","20257",676620
"Cole Winn","TEX",0,0,0,4.27818,1,0,0,0.0484,,0.799405,3.48017,0.726415,0.41,0.38,0.0851372,0.359303,0.0167564,0.0515686,0.619994,6.98012,4.04517,1.72555,0.958506,0.17815,0.103243,0.07490753382444382,0.236671,1.35816,0.271249,0.69912,,,4.47847,0.00184516,0.0559998,999,,,,,,,6.800000000000001,6.800000000000001,7,7,,,,,,,,,,,,,,,,,,,"Cole Winn","22113",668390
"Tristan Beck","SFG",0,0,0,4.80476,1,0,0,0.0506,,0.730525,3.22727,0.757492,0.42,0.39,0.0929333,0.278815,0.023156,0.0345489,0.549676,6.77195,3.43498,1.97147,1.14493,0.170322,0.0863936,0.08392879366874695,0.259958,1.41858,0.29259,0.6801,,,4.53896,0.00182181,0.0559998,999,,,,,,,6.800000000000001,6.800000000000001,7,7,,,,,,,,,,,,,,,,,,,"Tristan Beck","21584",663941
"Lyon Richardson","MIL",0,0,0,4.55955,1,0,0,0.046,,0.947462,4.20514,0.898409,0.52,0.48,0.102442,0.498654,0.0289903,0.0487658,0.884352,8.40052,4.73674,1.77348,0.973099,0.210303,0.118582,0.09172063320875168,0.24562,1.47453,0.298011,0.69961,,,4.37531,0.00180348,-0.0458401,999,,,,,,,6.800000000000001,6.800000000000001,7,7,,,,,,,,,,,,,,,,,,,"Lyon Richardson","24581",680689
"Jose Cabrera","ARI",0,0,0,4.85808,1,0,0,0.0511,,0.778085,3.41981,0.774454,0.45,0.42,0.10517,0.318452,0.0222385,0.0425377,0.68382,7.90966,3.68349,2.14733,1.21649,0.199959,0.0931197,0.1068388894200325,0.253187,1.40461,0.294861,0.679843,,,4.49447,0.00178366,0.0559998,999,,,,,,,6.800000000000001,6.800000000000001,7,7,,,,,,,,,,,,,,,,,,,"Jose Cabrera","30412",703615
"Hunter Stratton","SDP",0,0,0,4.96603,2,0,0,0.0559,,1.15988,5.11079,1.1804,0.69,0.64,0.164148,0.445823,0.0288799,0.0768438,0.979428,7.59979,3.45933,2.1969,1.27369,0.191639,0.0872316,0.10440756380558014,0.257273,1.40206,0.295032,0.670447,,,4.60598,0.00161433,-0.04673,999,,,,,,,6.800000000000001,6.800000000000001,7,7,,,,,,,,,,,,,,,,,,,"Hunter Stratton","23455",676702
"Tyler Zuber","MIA",0,0,0,4.77072,5,0,0.078,0.9407,,3.86734,16.9537,3.58574,2.2,2.05,0.576111,1.81182,0.139851,0.133138,3.46405,8.06149,4.21644,1.91192,1.34071,0.204324,0.106868,0.09745538234710693,0.238909,1.39568,0.274385,0.696483,,,4.75709,0.00153222,0.012556,999,,,,,,,10.9,2.725,11,2.75,,,,,,,,,,,,,,,,,,,"Tyler Zuber","20379",676604
"Cameron Foster","BAL",0,0,0,4.76497,2,0,0,0.0491,,1.88879,8.31929,1.79883,1.08,1,0.270922,0.890221,0.0511579,0.088521,1.7571,8.37252,4.24187,1.97378,1.29094,0.211208,0.107007,0.10420094430446625,0.245053,1.42369,0.287604,0.696631,,,4.66186,0.00138974,0.00627818,999,,,,,,,10.600000000000001,5.300000000000001,11,5.5,,,,,,,,,,,,,,,,,,,"Cameron Foster","31942",671382
"Ty Madden","DET",0,0,0,4.8168,2,0,0,0.0513,,1.38266,6.11418,1.3385,0.8,0.74,0.185713,0.648336,0.0416281,0.0738145,1.25978,8.20017,4.22014,1.9431,1.20884,0.206043,0.106038,0.10000480711460114,0.248237,1.43697,0.292101,0.687289,,,4.5939,0.0013881,-0.04673,999,,,,,,,3.8000000000000003,3.8000000000000003,4,4,,,,,,,,,,,,,,,,,,,"Ty Madden","30140",680744
"Josh Ekness","MIA",0,0,0,4.53507,4,0,0,0.7605,,3.09588,13.6301,2.72794,1.67,1.56,0.375119,1.59621,0.103284,0.221478,2.7675,8.04539,4.64034,1.7338,1.09051,0.203043,0.117109,0.08593396842479706,0.230937,1.39675,0.27138,0.698648,,,4.65189,0.00138556,-0.0409358,999,,,,,,,18.400000000000002,6.133333333333334,19,6.333333333333333,,,,,,,,,,,,,,,,,,,"Josh Ekness","33785",694795
"Tyler Schweitzer","CHW",0,0,0,4.59096,3,0,0,0.0487,,2.19562,9.5474,2.22512,1.21,1.12,0.266531,0.788733,0.0638406,0.0783347,1.50588,6.17269,3.23307,1.90923,1.09253,0.157726,0.0826123,0.07511385530233383,0.25634,1.37266,0.283527,0.683094,,,4.4943,0.00137226,0.00627792,999,,,,,,,10.600000000000001,5.300000000000001,11,5.5,,,,,,,,,,,,,,,,,,,"Tyler Schweitzer","31920",805326
"JP Sears","SDP",0,0,0,4.73324,1,0,0,0.0559,,1.15988,5.03825,1.12503,0.66,0.61,0.170908,0.437615,0.0432392,0.0665643,0.98482,7.64163,3.39564,2.25043,1.32615,0.195468,0.0868585,0.10861000418663025,0.248129,1.34725,0.282424,0.68208,,,4.62464,0.00134106,-0.0458401,999,,,,,,,6.800000000000001,6.800000000000001,7,7,,,,,,,,,,,,,,,,,,,"JP Sears","23429",676664
"Zak Kent","WSN",0,0,0,4.90174,2,0,0,0.0445,,1.57903,7.01704,1.61779,0.92,0.86,0.185924,0.718952,0.043865,0.0662498,1.22061,6.9571,4.09781,1.69776,1.05971,0.173949,0.102458,0.07149121165275574,0.2596,1.47986,0.29674,0.68229,,,4.57965,0.00131425,0.00627818,999,,,,,,,8.600000000000001,4.300000000000001,9,4.5,,,,,,,,,,,,,,,,,,,"Zak Kent","25703",687849
"Carson Palmquist","WSN",0,0,0,4.87938,1,0,0,0.0445,,0.811579,3.61074,0.768428,0.47,0.44,0.105138,0.396842,0.0199014,0.0622293,0.759613,8.42373,4.40077,1.91415,1.16592,0.210376,0.109906,0.10047028213739395,0.243816,1.43581,0.290037,0.682925,,,4.61231,0.00131125,0.0559998,999,,,,,,,6.800000000000001,6.800000000000001,7,7,,,,,,,,,,,,,,,,,,,"Carson Palmquist","31612",687223
"Guillo Zuñiga","NYM",0,0,0,4.60441,1,0,0,0.058,,0.703673,3.07533,0.642228,0.39,0.36,0.106459,0.316279,0.0227031,0.0435884,0.698178,8.92971,4.04522,2.20747,1.36162,0.227025,0.102844,0.12418127059936523,0.236508,1.36215,0.280386,0.702325,,,4.61983,0.00130287,0.0559998,999,,,,,,,6.800000000000001,6.800000000000001,7,7,,,,,,,,,,,,,,,,,,,"Guillo Zuniga","19588",670871
"Gus Varland","WSN",0,0,0,5.32296,1,0,0,0.0445,,0.811579,3.62487,0.839548,0.51,0.48,0.118896,0.348018,0.0203605,0.0474798,0.752988,8.35026,3.85934,2.16365,1.31849,0.207728,0.0960084,0.11171992123126984,0.259973,1.46328,0.305687,0.663557,,,4.61402,0.00124254,-0.0458401,999,,,,,,,6.800000000000001,6.800000000000001,7,7,,,,,,,,,,,,,,,,,,,"Gus Varland","24737",681402
"Kyle Nicolas","WSN",0,0,0,4.76848,1,0,0,0.0445,,0.811579,3.62601,0.763604,0.46,0.43,0.0944762,0.452458,0.0156345,0.0388287,0.765825,8.49262,5.01753,1.69259,1.04769,0.211204,0.124781,0.08642222732305527,0.243596,1.49839,0.294197,0.697606,,,4.54531,0.0012295,0.0559998,999,,,,,,,6.800000000000001,6.800000000000001,7,7,,,,,,,,,,,,,,,,,,,"Kyle Nicolas","27775",693312
"Angel Chivilli","NYY",0,0,0,4.61975,2,0,0,0.0574,,1.34423,5.84931,1.31815,0.74,0.69,0.175652,0.504055,0.0196535,0.0931255,1.09225,7.31296,3.37479,2.16694,1.17604,0.186732,0.0861734,0.1005588099360466,0.250975,1.35558,0.286756,0.686551,,,4.50957,0.00109765,-0.04673,999,,,,,,,3.8000000000000003,3.8000000000000003,4,4,,,,,,,,,,,,,,,,,,,"Angel Chivilli","26790",683409
"Bryse Wilson","MIL",0,0,0,4.93951,1,0,0,0.046,,0.947462,4.13174,1.00441,0.56,0.52,0.14692,0.293854,0.0211807,0.0465719,0.779315,7.40276,2.79134,2.65205,1.3956,0.188617,0.0711212,0.11749565601348877,0.264923,1.37025,0.299289,0.675708,,,4.5519,0.000940769,-0.0458401,999,,,,,,,6.800000000000001,6.800000000000001,7,7,,,,,,,,,,,,,,,,,,,"Bryse Wilson","19990",669060
"Troy Watson","SEA",0,0,0,4.76196,2,0,0,0,,1.41748,6.2673,1.34767,0.81,0.75,0.190363,0.669055,0.0662392,0.0828097,1.30536,8.28812,4.24802,1.95106,1.20867,0.208282,0.106753,0.10152839869260788,0.244346,1.42275,0.287909,0.689472,,,4.5985,0.00081595,-0.04673,999,,,,,,,3.8000000000000003,3.8000000000000003,4,4,,,,,,,,,,,,,,,,,,,"Troy Watson","sa3007249",681890
"Chris Devenski","NYM",0,0,0,4.73231,1,0,0,0.058,,0.703673,3.03065,0.673228,0.4,0.37,0.109978,0.249528,0.0160563,0.0382227,0.602371,7.70434,3.19148,2.41404,1.40662,0.19876,0.0823349,0.11642462015151978,0.245444,1.31134,0.277388,0.679975,,,4.64967,0.000808977,0.0559998,999,,,,,,,6.800000000000001,6.800000000000001,7,7,,,,,,,,,,,,,,,,,,,"Chris Devenski","12763",606965
"Chase Shugart","PHI",0,0,0,4.82656,3,0,0,0.0484,,2.10709,9.30914,2.09762,1.22,1.13,0.278866,0.914471,0.0489733,0.122594,1.75454,7.49415,3.90597,1.91864,1.19112,0.188475,0.0982337,0.09024112671613693,0.253578,1.4295,0.291529,0.683566,,,4.63485,0.000745905,0.00627792,999,,,,,,,10.600000000000001,5.300000000000001,11,5.5,,,,,,,,,,,,,,,,,,,"Chase Shugart","21544",663767
"Brendan Cellucci","TOR",0,0,0,4.3829,2,0,0,0,,1.27313,5.66395,1.08749,0.66,0.62,0.148406,0.778741,0.0321278,0.0771452,1.39079,9.83179,5.50507,1.78595,1.04911,0.245552,0.137491,0.10806122422218323,0.226181,1.46586,0.287283,0.72732,,,4.45053,0.000725716,-0.04673,999,,,,,,,3.8000000000000003,3.8000000000000003,4,4,,,,,,,,,,,,,,,,,,,"Brendan Cellucci","sa3011710",676454
"Mike Burrows","HOU",0,0,0,4.77704,2,0,0,0.0512,,3.0521,13.2254,2.96085,1.74,1.62,0.507849,1.11744,0.0686194,0.148146,2.68039,7.90389,3.2951,2.39868,1.49754,0.20267,0.0844922,0.11817750334739685,0.247567,1.33622,0.279653,0.694411,,,4.75386,0.000683394,-0.0405036,237.9499969482422,,,,,,,5.100000000000002,1.7000000000000008,5,1.6666666666666667,,,,,,,,,,,,,,,,,,,"Mike Burrows","24728",681347
"Paul Sewald","TOR",0,0,0,4.63032,4,0,0,0.7598,,2.54626,10.7407,2.14298,1.4,1.31,0.546966,0.849696,0.0395003,0.152983,2.78777,9.85363,3.00333,3.2809,1.9333,0.259553,0.0791102,0.1804424673318863,0.220064,1.17532,0.249251,0.715191,,,4.88739,0.000670066,0.0607384,389.9100036621094,,,,,,,11.700000000000003,3.900000000000001,9,3,,,,,,,,,,,,,,,,,,,"Paul Sewald","13892",623149
"Mitch Farris","LAA",0,0,0,4.7349,4,0,0,0.0558,,3.02224,13.3213,2.78131,1.7,1.59,0.447359,1.47228,0.0740872,0.167553,3.12797,9.31485,4.38435,2.12457,1.3322,0.23481,0.110521,0.12428875267505646,0.238096,1.40743,0.287924,0.703994,,,4.58528,0.000324468,-0.0409358,999,,,,,,,17.400000000000002,5.800000000000001,18,6,,,,,,,,,,,,,,,,,,,"Mitch Farris","33628",815083
"Johan Moreno","SDP",0,0,0,4.81083,1,0,0,0,,0.579941,2.53605,0.530754,0.33,0.31,0.0897429,0.266416,0.01303,0.0321417,0.553508,8.58979,4.13446,2.07761,1.3927,0.218256,0.105052,0.11320433765649796,0.237209,1.37457,0.276627,0.69568,,,4.75045,0.000207463,0.0559998,999,,,,,,,6.800000000000001,6.800000000000001,7,7,,,,,,,,,,,,,,,,,,,"Johan Moreno","sa3020999",808052
"Colin Rea","CHC",0,0,0,4.57331,4,0,0,0.0478,,3.32582,14.2494,3.16038,1.82,1.69,0.521615,1.19445,0.0570857,0.118844,2.73378,7.39789,3.2323,2.28874,1.41154,0.191853,0.0838247,0.10802792012691498,0.244307,1.3094,0.27258,0.699346,,,4.68274,0.0000791887,-0.0409358,748.260009765625,,,,,,,5.100000000000002,1.7000000000000008,5,1.6666666666666667,,,,,,,,,,,,,,,,,,,"Colin Rea","12317",607067
"Trevor Martin","LAA",0,0,0,4.64556,3,0,0,0.0558,,2.26668,9.8328,2.08528,1.26,1.17,0.354665,0.912959,0.0496576,0.149227,1.99297,7.91323,3.62496,2.18298,1.40822,0.202686,0.0928483,0.10983802378177643,0.237757,1.32274,0.269441,0.694821,,,4.78461,0.0000552028,0.00627792,999,,,,,,,10.600000000000001,5.300000000000001,11,5.5,,,,,,,,,,,,,,,,,,,"Trevor Martin","31878",694680
"Jordan Romano","COL",0,0,0,5.41111,5,0,1.967,0.2687,,4.09158,18.1595,4.1855,2.65,2.46,0.677989,1.64402,0.105896,0.278934,4.02354,8.85034,3.61626,2.44737,1.49133,0.221567,0.0905326,0.1310342326760292,0.257783,1.42476,0.304076,0.651496,,,4.70053,0.0000232055,-0.0875877,688.9600219726562,,,,,,,18.9,4.725,19,4.75,,,,,,,,,,,,,,,,,,,"Jordan Romano","16122",605447
"Seth Johnson","ATH",0,0,0,5.00235,4,0,0,0.3228,,3.47237,15.3521,3.33716,2.07,1.93,0.532823,1.67897,0.15208,0.117136,3.24909,8.42129,4.35172,1.93516,1.38102,0.211638,0.109364,0.10227354615926743,0.246176,1.44459,0.286915,0.689932,,,4.77836,0.0000214887,-0.0409358,999,,,,,,,2.1000000000000023,0.7000000000000007,2,0.6666666666666666,,,,,,,,,,,,,,,,,,,"Seth Johnson","26020",686751
"Najer Victor","LAA",0,0,0,4.52644,2,0,0,0,,1.51112,6.57838,1.29576,0.82,0.76,0.238775,0.714467,0.0346296,0.11496,1.6091,9.58354,4.25525,2.25217,1.42211,0.244604,0.108608,0.13599584996700287,0.225391,1.33029,0.270948,0.710185,,,4.67431,0.0000130784,0.00627818,999,,,,,,,13.200000000000001,6.6000000000000005,11,5.5,,,,,,,,,,,,,,,,,,,"Najer Victor","sa3025330",695402
"Yunior Tur","ATH",0,0,0,5.15786,4,0,0,0.5035,,3.47237,15.536,3.34708,2.14,1.99,0.532716,1.75401,0.126648,0.235716,3.33453,8.64272,4.5462,1.90109,1.38074,0.214632,0.1129,0.10173236578702927,0.247085,1.46905,0.290769,0.679884,,,4.89603,-0.0000735864,-0.0409358,999,,,,,,,6.100000000000002,2.033333333333334,6,2,,,,,,,,,,,,,,,,,,,"Yunior Tur","33026",814305
"Bailey Falter","ATL",0,0,0,4.93958,4,0,0,0.3183,,3.3343,14.5627,3.26256,1.97,1.83,0.528145,1.35849,0.103354,0.128191,2.7421,7.40154,3.66685,2.0185,1.42558,0.188296,0.0932853,0.09501084685325623,0.249507,1.38591,0.278858,0.68297,,,4.85519,-0.000143076,-0.0409358,999,,,,,,,5.100000000000002,1.7000000000000008,5,1.6666666666666667,,,,,,,,,,,,,,,,,,,"Bailey Falter","20070",663559
"Joel Kuhnel","SFG",0,0,0,5.00188,5,0,0.417,1.0265,,3.65262,16.1715,4.06331,2.18,2.03,0.444261,1.22594,0.10542,0.227682,2.34587,5.78019,3.0207,1.91353,1.09465,0.145062,0.0758086,0.0692533329129219,0.276079,1.44807,0.303413,0.66618,,,4.59376,-0.000324393,0.012556,999,,,,,,,24.200000000000003,6.050000000000001,25,6.25,,,,,,,,,,,,,,,,,,,"Joel Kuhnel","19995",669270
"Brock Burke","CIN",0,0,0,4.73042,5,0,0.173,1.0699,,3.36757,14.6363,3.32897,1.91,1.77,0.533294,1.18777,0.129261,0.182247,2.89267,7.73082,3.17437,2.43539,1.42526,0.197637,0.081152,0.11648458242416382,0.250934,1.34125,0.284104,0.69142,,,4.66441,-0.000599052,-0.0410232,999,,,,,,,9.100000000000001,3.0333333333333337,9,3,,,,,,,,,,,,,,,,,,,"Brock Burke","17968",656271
"Tom Cosgrove","WSN",0,0,0,5.43385,1,0,0,0.0445,,0.811579,3.66195,0.861915,0.52,0.49,0.104212,0.376794,0.0147383,0.0511432,0.623691,6.91641,4.17845,1.65526,1.15566,0.170317,0.102894,0.06742231547832489,0.266516,1.52629,0.302342,0.657669,,,4.81735,-0.000816462,-0.0458401,999,,,,,,,6.800000000000001,6.800000000000001,7,7,,,,,,,,,,,,,,,,,,,"Tom Cosgrove","23443",676680
"Beau Burrows","PIT",0,0,0,5.30936,1,0,0,0.0473,,1.11878,5.02362,1.10419,0.71,0.66,0.17048,0.555585,0.0332714,0.0661693,1.00404,8.07697,4.4694,1.80717,1.37143,0.199863,0.110595,0.08926882594823837,0.250847,1.48356,0.289313,0.668337,,,4.95648,-0.000857965,-0.0458401,999,,,,,,,3.8000000000000003,3.8000000000000003,4,4,,,,,,,,,,,,,,,,,,,"Beau Burrows","18873",663366
"Cole Henry","WSN",0,0,0,4.99027,1,0,0,0.0445,,0.811579,3.60355,0.746284,0.48,0.45,0.118545,0.391818,0.0183541,0.0783558,0.69783,7.73858,4.34506,1.781,1.3146,0.193651,0.108731,0.08491956442594528,0.238172,1.40233,0.270927,0.676962,,,5.02036,-0.000891087,0.0559998,736.2100219726562,,,,,,,6.800000000000001,6.800000000000001,7,7,,,,,,,,,,,,,,,,,,,"Cole Henry","27570",669371
"Drey Jameson","ARI",0,0,0,5.12433,3,0,0,0.0511,,2.26566,10.0799,2.41816,1.39,1.29,0.293355,0.926837,0.0396845,0.1226,1.7262,6.85705,3.68172,1.86246,1.16531,0.171251,0.0919491,0.07930228114128113,0.267778,1.47639,0.303071,0.666257,,,4.65219,-0.000944691,0.00627792,999,,,,,,,10.600000000000001,5.300000000000001,11,5.5,,,,,,,,,,,,,,,,,,,"Drey Jameson","26260",686753
"Michael Petersen","MIA",0,0,0,4.81727,5,0,0.155,1.1251,,3.86734,17.0895,3.49026,2.22,2.07,0.536295,2.01618,0.104912,0.210632,3.57503,8.31974,4.69202,1.77317,1.24806,0.209194,0.117978,0.09121669828891754,0.234834,1.42383,0.274753,0.691064,,,4.7845,-0.00100591,0.012556,999,,,,,,,15.5,3.875,13,3.25,,,,,,,,,,,,,,,,,,,"Michael Petersen","20827",656848
"Tanner McDougal","CHW",0,0,0,4.79591,3,0,0,0.0487,,2.19562,9.74473,2.01998,1.26,1.17,0.300243,1.13882,0.0512128,0.155856,2.12446,8.70832,4.66812,1.86549,1.23072,0.218011,0.116866,0.10114561766386032,0.23905,1.43869,0.285417,0.693383,,,4.7147,-0.00100642,0.00627792,999,,,,,,,10.600000000000001,5.300000000000001,11,5.5,,,,,,,,,,,,,,,,,,,"Tanner McDougal","29887",701780
"Ray Kerr","ATL",0,0,0,4.88559,4,0,0,0.4982,,3.3343,14.8078,3.16669,1.94,1.81,0.479352,1.62617,0.0980479,0.211549,3.35491,9.05564,4.3894,2.06307,1.29388,0.226563,0.109818,0.11674457788467407,0.244153,1.43744,0.294153,0.692145,,,4.61322,-0.00113682,-0.0409358,999,,,,,,,14.400000000000002,4.800000000000001,15,5,,,,,,,,,,,,,,,,,,,"Ray Kerr","23809",678061
"JT Brubaker","SFG",0,0,0,4.98957,4,0,0,0.3511,,2.9221,13.0445,3.09626,1.74,1.62,0.346455,1.27981,0.0833075,0.132968,2.17836,6.70932,3.94177,1.70211,1.06707,0.166995,0.0981107,0.06888415664434433,0.266191,1.49758,0.301947,0.677473,,,4.60399,-0.00120652,-0.0409358,999,,,,,,,15.400000000000002,5.133333333333334,16,5.333333333333333,,,,,,,,,,,,,,,,,,,"JT Brubaker","17578",664141
"Josiah Gray","WSN",0,0,0,4.99027,1,0,0,0.0445,,0.811579,3.57449,0.759495,0.48,0.45,0.128476,0.377457,0.0215038,0.0464669,0.685389,7.60062,4.18581,1.8158,1.42473,0.191745,0.105598,0.0861470103263855,0.241066,1.40091,0.270047,0.686409,,,5.03913,-0.00126807,0.0559998,999,,,,,,,6.800000000000001,6.800000000000001,7,7,,,,,,,,,,,,,,,,,,,"Josiah Gray","24580",680686
"Jake Brooks","COL",0,0,0,5.45993,2,0,0,0,,1.68134,7.505,1.92181,1.1,1.02,0.246648,0.53798,0.085033,0.0953145,1.12554,6.02489,2.87974,2.09217,1.32028,0.149972,0.0716828,0.07828954607248306,0.279671,1.463,0.304602,0.643085,,,4.80137,-0.00130473,0.00627818,999,,,,,,,8.600000000000001,4.300000000000001,9,4.5,,,,,,,,,,,,,,,,,,,"Jake Brooks","sa3023205",694860
"Edward Cabrera","CHC",0,0,0,4.55338,5,0,0,0.7357,,4.82279,20.8532,4.12256,2.62,2.44,0.686593,2.3843,0.0892182,0.279222,4.69672,8.76475,4.44944,1.96986,1.28128,0.225228,0.114337,0.11089083552360535,0.226643,1.34919,0.268302,0.700887,,,4.66303,-0.00149323,-0.0347659,174.72000122070312,,,,,,,22.300000000000004,4.460000000000001,20,4,,,,,,,,,,,,,,,,,,,"Edward Cabrera","21690",665795
"Connor Phillips","CIN",0,0,0,4.87741,2,0,0,0.0546,,1.34703,6.08414,1.15317,0.78,0.73,0.171245,0.873304,0.0389993,0.11185,1.38267,9.23813,5.83488,1.58326,1.14415,0.227258,0.143538,0.08372002840042114,0.226158,1.50441,0.276984,0.697629,,,4.89699,-0.00169275,-0.04673,999,,,,,,,3.8000000000000003,3.8000000000000003,4,4,,,,,,,,,,,,,,,,,,,"Connor Phillips","27649",683175
"Jack Ralston","MIA",0,0,0,4.47692,4,0,0,0.5334,,3.09588,13.6838,2.49336,1.64,1.54,0.379435,1.96498,0.0754458,0.175705,3.05857,8.89155,5.71238,1.55654,1.10305,0.223517,0.143598,0.07991838455200195,0.216003,1.44009,0.260812,0.717659,,,4.79497,-0.00183621,-0.0409358,999,,,,,,,21.000000000000004,7.000000000000001,19,6.333333333333333,,,,,,,,,,,,,,,,,,,"Jack Ralston","26104",667652
"Chayce McDermott","NYM",0,0,0,4.92416,2,0,0,0.058,,1.40735,6.31917,1.27117,0.82,0.77,0.204156,0.854649,0.054144,0.0719005,1.43292,9.16354,5.46549,1.67662,1.30558,0.226758,0.135247,0.09151071310043335,0.235725,1.51052,0.284118,0.709684,,,4.92777,-0.00187152,-0.04673,999,,,,,,,3.8000000000000003,3.8000000000000003,4,4,,,,,,,,,,,,,,,,,,,"Chayce McDermott","29866",694646
"Jacob Waguespack","DET",0,0,0,4.90359,6,0,0.076,1.0583,,4.14798,18.549,3.93157,2.42,2.26,0.520176,2.23709,0.0753484,0.29086,3.87586,8.40957,4.85389,1.73254,1.12864,0.208952,0.120604,0.08834774792194366,0.2454,1.48715,0.293452,0.68904,,,4.69298,-0.00200241,0.0125558,999,,,,,,,12.9,3.225,13,3.25,,,,,,,,,,,,,,,,,,,"Jacob Waguespack","18318",621097
"Beck Way","KCR",0,0,0,4.7628,3,0,0,0.0504,,2.34316,10.5499,2.11152,1.33,1.24,0.264674,1.39454,0.112175,0.222003,2.20626,8.47416,5.35638,1.58207,1.0166,0.209126,0.132185,0.07694098353385925,0.236364,1.4963,0.285783,0.694004,,,4.75816,-0.00202884,0.00627792,999,,,,,,,10.600000000000001,5.300000000000001,11,5.5,,,,,,,,,,,,,,,,,,,"Beck Way","27877",694360
"Julian Aguiar","CIN",0,0,0,4.87741,1,0,0,0.0546,,1.34703,5.91552,1.31356,0.78,0.73,0.217815,0.535579,0.0703536,0.0849664,1.07601,7.18922,3.57841,2.00905,1.4553,0.181896,0.090538,0.09135763347148895,0.248077,1.37276,0.273858,0.692359,,,4.98972,-0.00226622,-0.0458401,999,,,,,,,3.8000000000000003,3.8000000000000003,4,4,,,,,,,,,,,,,,,,,,,"Julian Aguiar","30031",687924
"Brooks Kriske","ATH",0,0,0,5.19327,1,0,0,0.0484,,0.987817,4.41632,0.916783,0.61,0.57,0.154314,0.570283,0.0379974,0.0375627,1.00777,9.18177,5.19585,1.76713,1.40596,0.228191,0.129131,0.09906065464019775,0.240721,1.50541,0.288116,0.690045,,,4.93964,-0.00227379,-0.0458401,999,,,,,,,3.8000000000000003,3.8000000000000003,4,4,,,,,,,,,,,,,,,,,,,"Brooks Kriske","21189",621139
"Juan Mejia","COL",0,0,0,5.54309,5,0,0.155,1.1054,,4.09158,18.8849,4.4065,2.71,2.52,0.493254,2.17926,0.141263,0.377116,3.83996,8.44653,4.7936,1.76204,1.08498,0.203335,0.115397,0.08793757855892181,0.269865,1.60959,0.326231,0.657443,,,4.66774,-0.00232199,-0.0875877,748.510009765625,,,,,,,25.200000000000003,6.300000000000001,26,6.5,,,,,,,,,,,,,,,,,,,"Juan Mejia","23237",675848
"Ryan Rolison","CHC",0,0,0,4.63883,5,0,0.169,0.8965,,4.0743,17.7696,4.07499,2.27,2.1,0.537574,1.58876,0.104424,0.165048,3.10048,6.84887,3.50951,1.95152,1.18748,0.174482,0.0894084,0.08507370948791504,0.254435,1.39011,0.285788,0.69103,,,4.58783,-0.00250657,0.012556,999,,,,,,,10.9,2.725,11,2.75,,,,,,,,,,,,,,,,,,,"Ryan Rolison","22200",669020
"Mark Manfredi","COL",0,0,0,5.14573,4,0,0,0.3105,,3.28817,15.0786,3.14341,2.02,1.88,0.390435,2.08403,0.120555,0.255835,3.5644,9.75609,5.70418,1.71034,1.06865,0.236389,0.138212,0.09817729890346527,0.246761,1.58977,0.313413,0.685229,,,4.61358,-0.00262959,-0.0409358,999,,,,,,,16.400000000000002,5.466666666666668,17,5.666666666666667,,,,,,,,,,,,,,,,,,,"Mark Manfredi","33603",815081
"Duncan Davitt","SFG",0,0,0,4.98957,2,0,0,0.0506,,2.9221,12.9863,2.91258,1.74,1.62,0.439039,1.27862,0.144124,0.172415,2.52183,7.76718,3.93812,1.9723,1.35223,0.194192,0.0984594,0.09573252499103546,0.252494,1.43431,0.28848,0.685354,,,4.82009,-0.00271489,-0.0405036,999,,,,,,,17.400000000000002,5.800000000000001,18,6,,,,,,,,,,,,,,,,,,,"Duncan Davitt","31886",701474
"Jack Weisenburger","NYM",0,0,0,4.73231,4,0,0,0.058,,2.81469,12.4745,2.56261,1.59,1.48,0.385359,1.48964,0.136733,0.165551,2.62436,8.3914,4.76313,1.76174,1.23219,0.210377,0.119414,0.0909629538655281,0.236854,1.43968,0.278791,0.700947,,,4.78241,-0.00272288,-0.0409358,999,,,,,,,17.400000000000002,5.800000000000001,18,6,,,,,,,,,,,,,,,,,,,"Jack Weisenburger","26333",674073
"Trent Thornton","CHC",0,0,0,4.91501,1,0,0,0.0478,,1.08036,4.68444,1.07059,0.64,0.59,0.179794,0.383188,0.0160903,0.0596672,0.817684,6.81175,3.19216,2.1339,1.49778,0.174553,0.0818003,0.09275311976671219,0.252404,1.34564,0.27459,0.676983,,,4.98266,-0.00275067,-0.0458401,999,,,,,,,6.800000000000001,6.800000000000001,7,7,,,,,,,,,,,,,,,,,,,"Trent Thornton","17948",663423
"Yosver Zulueta","BAL",0,0,0,4.97674,1,0,0,0.0491,,1.08505,4.86516,1.07408,0.64,0.6,0.132751,0.58787,0.0280036,0.0621577,0.958412,7.94962,4.87613,1.63031,1.10111,0.196995,0.120833,0.07616245746612549,0.254816,1.53169,0.301326,0.692332,,,4.72433,-0.00288163,-0.0458401,999,,,,,,,3.8000000000000003,3.8000000000000003,4,4,,,,,,,,,,,,,,,,,,,"Yosver Zulueta","27765",691172
"Alek Jacob","SDP",0,0,0,5.19881,2,0,0,0.0559,,1.15988,5.13684,1.11215,0.72,0.67,0.205626,0.48328,0.0512653,0.115187,1.0141,7.86886,3.74997,2.09838,1.59554,0.197418,0.0940813,0.10333681106567383,0.245055,1.37551,0.273162,0.669518,,,5.20713,-0.00308927,-0.04673,999,,,,,,,6.800000000000001,6.800000000000001,7,7,,,,,,,,,,,,,,,,,,,"Alek Jacob","29628",689690
"Luis Morales","ATH",0,0,0,5.2097,3,0,0,0.0484,,3.47237,15.5736,3.53659,2.16,2.01,0.506821,1.72754,0.149482,0.149407,2.91631,7.55876,4.47759,1.68813,1.31363,0.18726,0.110928,0.0763327106833458,0.258209,1.51601,0.294911,0.68154,,,4.94253,-0.00326042,-0.0407908,735.3200073242188,,,,,,,-0.4999999999999982,-0.16666666666666607,2,0.6666666666666666,,,,,,,,,,,,,,,,,,,"Luis Morales","32227",806960
"Victor Mederos","ATL",0,0,0,4.93775,5,0,0,0.9041,,4.13752,18.5283,3.93842,2.43,2.27,0.522306,2.1766,0.141923,0.300896,3.68137,8.00779,4.73459,1.69134,1.13613,0.198689,0.117474,0.08121457695960999,0.245372,1.47795,0.28835,0.684466,,,4.76112,-0.00327759,0.012556,999,,,,,,,12.9,3.225,13,3.25,,,,,,,,,,,,,,,,,,,"Victor Mederos","31533",682989
"Cade Gibson","MIA",0,0,0,4.62228,4,0,0,0.3424,,3.09588,13.6871,2.95611,1.71,1.59,0.317684,1.34678,0.0908441,0.36972,2.25537,6.55658,3.91522,1.67464,0.923538,0.164781,0.0983979,0.06638285517692566,0.246948,1.38988,0.280757,0.672059,,,4.64351,-0.00337455,-0.0409358,999,,,,,,,15.400000000000002,5.133333333333334,16,5.333333333333333,,,,,,,,,,,,,,,,,,,"Cade Gibson","31815",806188
"Geoff Hartlieb","ATH",0,0,0,5.10632,5,0,0.08,0.8621,,4.30055,19.2461,4.37351,2.62,2.44,0.601452,2.05448,0.154854,0.226721,3.58765,7.50807,4.29953,1.74625,1.25869,0.186409,0.106748,0.07966111600399017,0.257798,1.49469,0.295251,0.681708,,,4.84417,-0.00350576,-0.0875877,999,,,,,,,12.9,3.225,13,3.25,,,,,,,,,,,,,,,,,,,"Geoff Hartlieb","19558",664129
"Antonio Senzatela","MIL",0,0,0,5.28265,5,0,0.143,0.8768,,4.08886,18.2876,4.61512,2.58,2.4,0.559315,1.4935,0.100666,0.210579,2.92008,6.42739,3.28736,1.95518,1.23111,0.159675,0.0816674,0.07800748199224472,0.278295,1.49397,0.309505,0.66258,,,4.70343,-0.00392398,-0.0875877,999,,,,,,,11.3,2.825,14,3.5,,,,,,,,,,,,,,,,,,,"Antonio Senzatela","15488",622608
"Jose Cuas","KCR",0,0,0,5.12512,4,0,0,0.5244,,3.09066,14.0481,2.99484,1.88,1.76,0.374376,1.74801,0.114591,0.30471,2.9132,8.48323,5.09021,1.66658,1.09018,0.207374,0.124431,0.0829428881406784,0.249667,1.53457,0.300934,0.678606,,,4.78524,-0.0041026,-0.0409358,999,,,,,,,18.400000000000002,6.133333333333334,19,6.333333333333333,,,,,,,,,,,,,,,,,,,"Jose Cuas","17701",621016
"CJ Van Eyk","TOR",0,0,0,5.01913,2,0,0,0.0512,,1.27313,5.64689,1.24312,0.76,0.71,0.202613,0.570898,0.0475614,0.0820069,1.04278,7.37161,4.03579,1.82656,1.43231,0.184664,0.1011,0.0835648700594902,0.248924,1.42485,0.277574,0.688739,,,5.07244,-0.0041057,-0.04673,999,,,,,,,3.8000000000000003,3.8000000000000003,4,4,,,,,,,,,,,,,,,,,,,"CJ Van Eyk","27568",669310
"Carson Seymour","SFG",0,0,0,4.82941,5,0,0.083,0.8865,,3.65262,16.4479,3.72172,2.11,1.96,0.402531,1.91907,0.152566,0.20842,3.02285,7.44824,4.72856,1.57516,0.99183,0.183783,0.116676,0.06710711121559143,0.259888,1.54431,0.30465,0.695414,,,4.62803,-0.00412533,0.012556,999,,,,,,,23.200000000000003,5.800000000000001,24,6,,,,,,,,,,,,,,,,,,,"Carson Seymour","30084",693313
"Ben Joyce","LAA",0,0,0,4.76468,5,0,1.871,0.3993,,3.7778,16.7634,3.71526,2.14,2,0.442546,1.76897,0.0686141,0.279425,3.02524,7.20715,4.21428,1.71017,1.05429,0.180467,0.105525,0.07494150102138519,0.25248,1.4517,0.290979,0.687453,,,4.65112,-0.00418932,0.012556,738.6500244140625,,,,,,,29.200000000000003,7.300000000000001,30,7.5,,,,,,,,,,,,,,,,,,,"Ben Joyce","31461",690829
"Alex Lange","KCR",0,0,0,4.97113,5,0,0.081,0.9603,,3.83816,17.3348,3.61512,2.27,2.12,0.439325,2.24434,0.0748992,0.324839,3.77988,8.86333,5.26269,1.68418,1.03016,0.218051,0.12947,0.08858129382133484,0.244834,1.52663,0.301125,0.684436,,,4.6297,-0.00428559,0.012556,999,,,,,,,25.200000000000003,6.300000000000001,26,6.5,,,,,,,,,,,,,,,,,,,"Alex Lange","19883",656638
"Matt Seelinger","NYM",0,0,0,5.24391,1,0,0,0.058,,0.703673,3.13647,0.661709,0.44,0.41,0.130389,0.364169,0.0272441,0.0326716,0.724602,9.26768,4.65773,1.98974,1.66768,0.231025,0.116108,0.1149168387055397,0.241532,1.45789,0.281922,0.694717,,,5.14443,-0.0043432,0.0559998,999,,,,,,,6.800000000000001,6.800000000000001,7,7,,,,,,,,,,,,,,,,,,,"Matt Seelinger","23563",676910
"Alimber Santa","HOU",0,0,0,4.83601,4,0,0,0.3413,,3.0521,13.4857,2.85615,1.77,1.64,0.433304,1.53477,0.057663,0.184009,2.85615,8.42218,4.5257,1.86097,1.27772,0.21179,0.113807,0.0979836955666542,0.242726,1.43865,0.285797,0.692578,,,4.76662,-0.00434797,-0.0409358,999,,,,,,,14.400000000000002,4.800000000000001,15,5,,,,,,,,,,,,,,,,,,,"Alimber Santa","28846",695001
"Brian Keller","PHI",0,0,0,5.63811,1,0,0,0.0484,,0.702363,3.20769,0.716206,0.47,0.44,0.106418,0.393703,0.0307454,0.0402839,0.609495,7.81,5.04486,1.54811,1.36362,0.190011,0.122737,0.06727340817451477,0.258213,1.58025,0.296331,0.665931,,,5.19099,-0.00461357,0.0559998,999,,,,,,,6.800000000000001,6.800000000000001,7,7,,,,,,,,,,,,,,,,,,,"Brian Keller","19593",662144
"Mason Black","KCR",0,0,0,5.14689,2,0,0,0.0504,,2.34316,10.5165,2.35613,1.44,1.34,0.336365,1.13868,0.0965237,0.145036,1.83391,7.04399,4.37363,1.61056,1.29197,0.174385,0.108276,0.06610884517431259,0.255193,1.4915,0.285986,0.679524,,,5.0476,-0.00482896,0.00627818,999,,,,,,,10.600000000000001,5.300000000000001,11,5.5,,,,,,,,,,,,,,,,,,,"Mason Black","30171",696131
"Parker Mushinski","COL",0,0,0,5.74078,1,0,0,0.0485,,0.877929,4.04437,0.987708,0.6,0.56,0.115246,0.441914,0.0308859,0.0626109,0.683693,7.00881,4.53024,1.54712,1.18144,0.169048,0.109267,0.05978161841630936,0.279026,1.6284,0.318312,0.654133,,,4.97622,-0.00496763,-0.0458401,999,,,,,,,6.800000000000001,6.800000000000001,7,7,,,,,,,,,,,,,,,,,,,"Parker Mushinski","21324",656786
"Sam Aldegheri","LAA",0,0,0,4.70512,2,0,0,0.0558,,1.51112,6.67109,1.39468,0.85,0.79,0.222388,0.726867,0.061478,0.0970247,1.28824,7.67254,4.3291,1.77232,1.32451,0.193108,0.108958,0.08414983749389648,0.238521,1.40395,0.270326,0.702433,,,4.94701,-0.00501643,0.00627818,999,,,,,,,11.200000000000001,5.6000000000000005,9,4.5,,,,,,,,,,,,,,,,,,,"Sam Aldegheri","26443",691951
"Brett Kerry","LAA",0,0,0,4.9632,3,0,0,0.0558,,2.26668,9.96397,2.23749,1.35,1.25,0.398657,0.888375,0.0974459,0.119812,1.9221,7.63181,3.52735,2.16361,1.58289,0.192905,0.0891587,0.10374598205089569,0.249838,1.37905,0.277141,0.691605,,,5.02799,-0.0051873,0.00627792,999,,,,,,,10.600000000000001,5.300000000000001,11,5.5,,,,,,,,,,,,,,,,,,,"Brett Kerry","29826",695049
"Ben Lively","CLE",0,0,0,5.1536,2,0,0,0.0568,,2.04323,8.95034,2.08491,1.26,1.17,0.354344,0.746295,0.0463224,0.115545,1.64658,7.25285,3.28727,2.20635,1.56081,0.183969,0.0833817,0.10058718174695969,0.257762,1.38565,0.284278,0.672857,,,5.01135,-0.00524544,0.00627818,999,,,,,,,10.600000000000001,5.300000000000001,11,5.5,,,,,,,,,,,,,,,,,,,"Ben Lively","14932",594902
"Josh Walker","BAL",0,0,0,4.85581,5,0,0.077,0.9499,,4.3,18.9789,4.00572,2.5,2.32,0.706423,2.08448,0.210282,0.208503,4.34858,9.10169,4.36287,2.08617,1.47856,0.229128,0.109832,0.11929579079151154,0.240066,1.41633,0.283667,0.703794,,,4.81604,-0.00530056,0.012556,999,,,,,,,12.9,3.225,13,3.25,,,,,,,,,,,,,,,,,,,"Josh Walker","23617",677020
"Jeff Criswell","COL",0,0,0,5.67404,2,0,0,0.0485,,1.68134,7.61938,1.73365,1.14,1.06,0.294494,0.825341,0.070239,0.095425,1.67215,8.9508,4.41794,2.02601,1.57639,0.21946,0.108321,0.11113891005516052,0.258807,1.52199,0.304134,0.66101,,,5.03403,-0.00541011,0.00627818,999,,,,,,,10.600000000000001,5.300000000000001,11,5.5,,,,,,,,,,,,,,,,,,,"Jeff Criswell","27608",676105
"Brandan Bidois","MIA",0,0,0,4.9261,2,0,0,0.0494,,1.55295,6.89346,1.37654,0.91,0.85,0.238251,0.852093,0.0522682,0.0907892,1.5417,8.93477,4.93823,1.80931,1.38076,0.223646,0.123609,0.10003743320703506,0.231328,1.43509,0.272929,0.695818,,,4.93358,-0.00543314,0.00627818,999,,,,,,,13.200000000000001,6.6000000000000005,11,5.5,,,,,,,,,,,,,,,,,,,"Brandan Bidois","28052",684049
"Codi Heuer","BAL",0,0,0,5.00322,2,0,0,0.0491,,1.88879,8.33029,1.91947,1.13,1.05,0.281051,0.804534,0.0481226,0.0745554,1.49696,7.13296,3.83358,1.86065,1.3392,0.179701,0.0965794,0.08312118798494339,0.257606,1.4422,0.288801,0.683966,,,4.84876,-0.00553251,0.00627818,999,,,,,,,8.600000000000001,4.300000000000001,9,4.5,,,,,,,,,,,,,,,,,,,"Codi Heuer","23293",676051
"Luis Mey","CIN",0,0,0,4.65024,5,0,0,0.5899,,3.36757,15.3574,3.05005,1.85,1.74,0.320076,2.34688,0.126537,0.23962,3.2051,8.5658,6.27216,1.36569,0.85542,0.208702,0.152818,0.055883511900901794,0.238829,1.60262,0.295271,0.716722,,,4.73946,-0.00568279,-0.0410232,999,,,,,,,18.400000000000002,6.133333333333334,19,6.333333333333333,,,,,,,,,,,,,,,,,,,"Luis Mey","25620",682825
"Eiberson Castellano","COL",0,0,0,5.61424,3,0,0,0.0485,,2.48475,11.3588,2.69649,1.67,1.55,0.328791,1.22096,0.0909439,0.210575,2.09083,7.57316,4.42242,1.71245,1.19091,0.184071,0.10749,0.07658114284276962,0.271625,1.57659,0.315372,0.650089,,,4.86884,-0.00570069,-0.0928594,999,,,,,,,8,4,11,5.5,,,,,,,,,,,,,,,,,,,"Eiberson Castellano","28040",682769
"Brandon Williamson","CIN",0,0,0.3126,5.4249,4,1,0,0.0546,,7.78078,34.858,7.85667,4.99,4.69,1.27728,3.71544,0.128633,0.497347,5.53212,6.39898,4.29764,1.48895,1.47743,0.158704,0.106588,0.052116408944129944,0.256375,1.48727,0.27603,0.672748,,,5.43955,-0.00583854,-0.0247796,748.4500122070312,,,,,,,26.100000000000005,3.2625000000000006,27,3.375,,,,,,,,,,,,,,,,,,,"Brandon Williamson","25463",682227
"Wyatt Olds","BOS",0,0,0,4.87294,3,0,0,0.0526,,2.86275,12.8976,2.42321,1.66,1.55,0.360499,1.80362,0.0782012,0.309102,2.98738,9.39183,5.67029,1.65632,1.13335,0.231623,0.139842,0.09178152680397034,0.224686,1.4765,0.277359,0.689614,,,4.86718,-0.00593191,-0.0407908,999,,,,,,,17.000000000000004,5.666666666666668,15,5,,,,,,,,,,,,,,,,,,,"Wyatt Olds","29922",681544
"Patrick Monteverde","MIA",0,0,0,4.98406,2,0,0,0.0494,,1.55295,6.88876,1.56657,0.93,0.86,0.219908,0.672879,0.0727132,0.07458,1.07997,6.25886,3.89961,1.605,1.27446,0.156772,0.0976778,0.05909472703933716,0.255087,1.44206,0.278153,0.677916,,,4.99715,-0.006565,0.00627818,999,,,,,,,8.600000000000001,4.300000000000001,9,4.5,,,,,,,,,,,,,,,,,,,"Patrick Monteverde","29564",687287
"Jaden Hill","COL",0,0,0,5.34512,5,0,0.078,0.82,,4.09158,18.5077,4.24651,2.61,2.43,0.512041,2.01426,0.090019,0.32966,3.52691,7.75793,4.43064,1.75097,1.12631,0.190565,0.108834,0.08173121511936188,0.262718,1.53016,0.308002,0.658518,,,4.72467,-0.00669536,-0.0875877,999,,,,,,,12.9,3.225,13,3.25,,,,,,,,,,,,,,,,,,,"Jaden Hill","30250",677955
"Alex Faedo","LAA",0,0,0,5.36026,1,0,0,0.0558,,0.75556,3.33652,0.728599,0.48,0.45,0.155169,0.326832,0.014886,0.0485662,0.694909,8.27754,3.89312,2.1262,1.84832,0.208274,0.097956,0.11031774431467056,0.246055,1.39689,0.271634,0.686512,,,5.42407,-0.00698914,0.0559998,999,,,,,,,6.800000000000001,6.800000000000001,7,7,,,,,,,,,,,,,,,,,,,"Alex Faedo","19874",656412
"Blake Adams","COL",0,0,0,6.08511,3,0,0,0.0485,,2.48475,11.3035,2.97698,1.8,1.68,0.40175,0.905493,0.0825258,0.126272,1.76761,6.40245,3.27978,1.9521,1.45517,0.156378,0.0801075,0.07627024501562119,0.289823,1.56252,0.317837,0.627246,,,5.02805,-0.00713116,-0.0928594,999,,,,,,,8,4,11,5.5,,,,,,,,,,,,,,,,,,,"Blake Adams","31492",687060
"Chris Roycroft","ATH",0,0,0,5.33929,4,0,0,0.719,,3.47237,15.7641,3.82127,2.21,2.06,0.389924,1.72743,0.130923,0.19018,2.34141,6.06868,4.4773,1.35543,1.01064,0.148528,0.10958,0.038948096334934235,0.275974,1.59796,0.308709,0.667365,,,4.87114,-0.00721134,-0.0409358,999,,,,,,,13.800000000000002,4.6000000000000005,17,5.666666666666667,,,,,,,,,,,,,,,,,,,"Chris Roycroft","31261",688297
"Connor Seabold","KCR",0,0,0,5.47108,2,0,0,0.0504,,1.59566,7.13128,1.68023,1.04,0.97,0.269698,0.622728,0.0453337,0.120337,1.19109,6.71808,3.51237,1.91269,1.52118,0.167023,0.0873234,0.07969935238361359,0.26302,1.44326,0.286261,0.655953,,,5.20457,-0.00734511,0.00627818,999,,,,,,,8.600000000000001,4.300000000000001,9,4.5,,,,,,,,,,,,,,,,,,,"Connor Seabold","19695",657756
"Jose Franco","CIN",0,0,0,5.41192,2,0,0,0.0546,,1.34703,6.07101,1.28051,0.86,0.81,0.2444,0.74736,0.0566193,0.0800771,1.17239,7.83321,4.99339,1.56871,1.63293,0.193113,0.123103,0.07001049071550369,0.244205,1.50544,0.270752,0.692805,,,5.56395,-0.00737161,-0.04673,999,,,,,,,3.8000000000000003,3.8000000000000003,4,4,,,,,,,,,,,,,,,,,,,"Jose Franco","27014",683742
"Hunter Parks","CIN",0,0,0,5.27829,2,0,0,0,,1.34703,6.21395,1.18207,0.84,0.79,0.191451,0.994543,0.0453897,0.109015,1.35822,9.0748,6.64492,1.36568,1.27916,0.218576,0.16005,0.05852627754211426,0.231307,1.61586,0.278207,0.700317,,,5.39199,-0.00748452,-0.04673,999,,,,,,,3.8000000000000003,3.8000000000000003,4,4,,,,,,,,,,,,,,,,,,,"Hunter Parks","sa3017640",688609
"Luis Gil","NYY",0,0,0,5.08842,4,0,0,0.5965,,2.68846,12.0259,2.46777,1.62,1.52,0.375523,1.49307,0.0557974,0.172884,2.17781,7.29053,4.99826,1.45861,1.25712,0.181094,0.124155,0.05693906545639038,0.238204,1.47328,0.268011,0.681446,,,5.15791,-0.00781686,-0.0409358,376.5,,,,,,,22.000000000000004,7.333333333333335,20,6.666666666666667,,,,,,,,,,,,,,,,,,,"Luis Gil","21052",661563
"Brady Singer","CIN",0,0,1.30919,5.80732,3,3,0,0,,16.629,74.6503,17.5583,11.38,10.73,3.21712,6.98866,0.0583432,1.67687,12.9134,6.98901,3.78242,1.84776,1.74118,0.172985,0.0936186,0.07936621457338333,0.266096,1.47615,0.287662,0.656936,,,5.62843,-0.0078421,-0.0168043,388.25,,,,,,,41.10000000000001,2.4176470588235297,45,2.6470588235294117,,,,,,,,,,,,,,,,,,,"Brady Singer","25377",663903
"Zach Maxwell","CIN",0,0,0,5.24489,4,0,0,0.0546,,2.69405,12.2781,2.57464,1.67,1.57,0.385801,1.66834,0.111814,0.129205,2.63822,8.81348,5.5734,1.58135,1.28884,0.214871,0.135879,0.07899266481399536,0.245658,1.57494,0.293545,0.694863,,,5.00797,-0.00806805,-0.0409358,999,,,,,,,14.400000000000002,4.800000000000001,15,5,,,,,,,,,,,,,,,,,,,"Zach Maxwell","31610",687209
"Jose Quintana","COL",0,0,0.275984,6.55854,1,1,0,0,,4.501,20.675,5.52506,3.49,3.28,0.829716,1.91669,0.01631,0.21256,2.56375,5.12636,3.83253,1.33759,1.65906,0.124003,0.0927058,0.031296730041503906,0.297916,1.65336,0.309878,0.629245,,,5.7796,-0.00808433,0.0165189,999,,,,,,,9.1,1.8199999999999998,12,2.4,,,,,,,,,,,,,,,,,,,"Jose Quintana","11423",500779
"Andrew Baker","COL",0,0,0,5.72757,2,0,0,0,,1.68134,7.83336,1.72824,1.15,1.07,0.231611,1.08804,0.0492912,0.117125,1.79232,9.59406,5.82411,1.6473,1.23978,0.228806,0.138898,0.08990837633609772,0.260741,1.67502,0.325053,0.668645,,,4.91233,-0.00809309,0.00627818,999,,,,,,,10.600000000000001,5.300000000000001,11,5.5,,,,,,,,,,,,,,,,,,,"Andrew Baker","sa3017196",687900
"Hogan Harris","ATH",0,0,0,5.21096,5,0,1.542,0.5006,,4.30055,19.3467,4.31727,2.68,2.49,0.628283,2.13676,0.138348,0.306683,3.86586,8.09029,4.47172,1.80921,1.31484,0.19982,0.110446,0.0893743634223938,0.255411,1.50074,0.297281,0.677025,,,4.90907,-0.00839217,-0.0875877,618.1699829101562,,,,,,,22.9,5.725,23,5.75,,,,,,,,,,,,,,,,,,,"Hogan Harris","21520",663687
"Kent Emanuel","CIN",0,0,0,5.74599,1,0,0,0.0546,,0.673513,3.05709,0.760366,0.46,0.43,0.11521,0.285372,0.0220467,0.0402578,0.494508,6.608,3.81336,1.73285,1.53953,0.161758,0.0933475,0.06841003149747849,0.278373,1.55266,0.304068,0.662267,,,5.30895,-0.00866068,0.0559998,999,,,,,,,4.800000000000001,4.800000000000001,5,5,,,,,,,,,,,,,,,,,,,"Kent Emanuel","15849",592288
"Jason Alexander","HOU",0,0,0,5.37647,3,0,0,0.0512,,2.29333,10.2235,2.45361,1.48,1.37,0.393654,0.929342,0.0771634,0.0990145,1.80922,7.10017,3.64714,1.94678,1.54487,0.176968,0.0909028,0.08606497198343277,0.266838,1.47513,0.294606,0.671985,,,5.10208,-0.00891742,0.00627792,999,,,,,,,10.600000000000001,5.300000000000001,11,5.5,,,,,,,,,,,,,,,,,,,"Jason Alexander","19666",669920
"Xzavion Curry","NYM",0,0,0,5.32918,3,0,0,0.058,,2.11102,9.35321,2.19082,1.34,1.25,0.359081,0.831444,0.0906153,0.100402,1.4209,6.05778,3.54473,1.70895,1.53089,0.151916,0.0888939,0.0630217120051384,0.26015,1.43166,0.275807,0.667684,,,5.29255,-0.00912758,0.00627792,999,,,,,,,8.600000000000001,4.300000000000001,9,4.5,,,,,,,,,,,,,,,,,,,"Xzavion Curry","25595",675540
"Hayden Juenger","ATH",0,0,0,5.54802,3,0,0,0.0484,,2.64419,11.8792,2.86086,1.75,1.63,0.417809,1.10507,0.0958736,0.156799,1.92645,6.55705,3.76131,1.74329,1.42209,0.16217,0.0930251,0.0691445916891098,0.269452,1.49987,0.295301,0.655407,,,5.13186,-0.00949324,-0.0407908,999,,,,,,,15.400000000000002,5.133333333333334,16,5.333333333333333,,,,,,,,,,,,,,,,,,,"Hayden Juenger","29640",696522
"Zach Brzykcy","MIA",0,0,0,5.03353,3,0,0,0.0494,,2.32441,10.3739,2.15186,1.39,1.3,0.341394,1.29444,0.0973984,0.10566,1.84249,7.13403,5.01201,1.42338,1.32186,0.177608,0.124779,0.05282934755086899,0.239793,1.48265,0.266639,0.692742,,,5.23424,-0.00972172,0.00627792,999,,,,,,,10.600000000000001,5.300000000000001,11,5.5,,,,,,,,,,,,,,,,,,,"Zach Brzykcy","27783",694350
"Seth Lonsway","SFG",0,0,0,4.80477,2,0,0,0.0506,,2.19157,10.0428,2.20146,1.25,1.17,0.181787,1.36067,0.0963249,0.16051,1.54608,6.34918,5.58777,1.13626,0.746535,0.15395,0.135488,0.018462032079696655,0.25834,1.62538,0.297286,0.69903,,,4.85289,-0.00990916,0.00627818,999,,,,,,,10.600000000000001,5.300000000000001,11,5.5,,,,,,,,,,,,,,,,,,,"Seth Lonsway","30064",675920
"Cam Sanders","BAL",0,0,0,4.74648,3,0,0,0.0491,,2.69252,12.1118,2.27809,1.51,1.42,0.375237,1.8114,0.113826,0.150872,2.86342,9.57125,6.05478,1.58078,1.25426,0.236416,0.149557,0.0868593156337738,0.224453,1.51883,0.275343,0.723731,,,4.97431,-0.00997279,-0.0407908,999,,,,,,,17.000000000000004,5.666666666666668,15,5,,,,,,,,,,,,,,,,,,,"Cam Sanders","23479",676742
"Tyler Ferguson","CHC",0,0,0,4.88878,3,0,0,0.0478,,2.57733,11.3761,2.28707,1.5,1.4,0.38424,1.31298,0.0413315,0.256907,2.36131,8.24564,4.5849,1.79843,1.34176,0.207568,0.115416,0.09215205907821655,0.233228,1.39681,0.269499,0.685817,,,5.03625,-0.0102302,-0.0407908,999,,,,,,,18.000000000000004,6.000000000000001,16,5.333333333333333,,,,,,,,,,,,,,,,,,,"Tyler Ferguson","19481",621053
"Pierce Johnson","CIN",0,0,0,5.07785,5,0,0,0.8712,,3.36757,14.8406,3.31841,2.03,1.9,0.573513,1.50335,0.0760315,0.0739462,2.88235,7.70325,4.01779,1.91729,1.53274,0.194221,0.1013,0.09292096644639969,0.250195,1.43182,0.279879,0.694668,,,5.01045,-0.0109366,-0.0410232,999,,,,,,,6.100000000000002,2.033333333333334,6,2,,,,,,,,,,,,,,,,,,,"Pierce Johnson","13435",572955
"Anthony Gose","KCR",0,0,0,5.096,4,0,0,0.7626,,3.09066,13.8423,2.87741,1.87,1.75,0.485036,1.669,0.106109,0.181624,2.92138,8.50705,4.86012,1.75038,1.41242,0.211047,0.120572,0.09047478437423706,0.23995,1.47101,0.27866,0.69205,,,5.04923,-0.0110617,-0.0409358,999,,,,,,,18.400000000000002,6.133333333333334,19,6.333333333333333,,,,,,,,,,,,,,,,,,,"Anthony Gose","5097",543238
"Bradley Blalock","MIA",0,0,0.297843,5.65951,3,1,0,0.0494,,6.96527,31.2107,7.59797,4.67,4.38,1.20806,3.06043,0.11805,0.241347,4.53928,5.86532,3.95446,1.48322,1.56097,0.14544,0.0980573,0.047382742166519165,0.272242,1.53022,0.288333,0.667818,,,5.47662,-0.0114822,-0.0751649,999,,,,,,,19.7,2.814285714285714,23,3.2857142857142856,,,,,,,,,,,,,,,,,,,"Bradley Blalock","26419",687134
"Craig Kimbrel","KCR",0,0,0,5.06493,5,0,0.162,1.1301,,3.83816,17.1608,3.38953,2.31,2.16,0.564174,2.19499,0.0915053,0.297367,3.63585,8.52561,5.14697,1.65643,1.32292,0.21187,0.127907,0.08396250009536743,0.231077,1.455,0.269895,0.682949,,,5.06757,-0.0119572,0.012556,999,,,,,,,15.5,3.875,13,3.25,,,,,,,,,,,,,,,,,,,"Craig Kimbrel","6655",518886
"Yilber Díaz","DET",0,0,0,5.40263,4,0,0,0.0513,,2.76532,12.6754,2.68251,1.78,1.66,0.385583,1.78812,0.0761536,0.145941,2.54567,8.28513,5.8196,1.42366,1.25492,0.200835,0.141069,0.05976548790931702,0.249737,1.61668,0.294097,0.684497,,,5.17289,-0.0130985,-0.0409358,999,,,,,,,14.400000000000002,4.800000000000001,15,5,,,,,,,,,,,,,,,,,,,"Yilber Diaz","29271",700270
"TJ Shook","COL",0,0,0,6.1558,2,0,0,0.0485,,1.68134,7.7055,1.87763,1.23,1.15,0.305894,0.769323,0.0407762,0.122237,1.45269,7.77605,4.11809,1.88827,1.63741,0.188526,0.0998408,0.08868526667356491,0.275557,1.57431,0.310905,0.638641,,,5.33112,-0.0131277,0.00627818,999,,,,,,,8.600000000000001,4.300000000000001,9,4.5,,,,,,,,,,,,,,,,,,,"TJ Shook","27567",669298
"Chase Solesky","CIN",0,0,0,5.70145,2,0,0,0.0546,,2.02054,9.17073,2.17295,1.37,1.28,0.347243,0.967663,0.102507,0.0986094,1.57614,7.02054,4.31022,1.62881,1.54671,0.171867,0.105516,0.06635027378797531,0.268118,1.55434,0.29537,0.66703,,,5.36035,-0.013207,0.00627818,999,,,,,,,10.600000000000001,5.300000000000001,11,5.5,,,,,,,,,,,,,,,,,,,"Chase Solesky","25480",686678
"Tejay Antone","CIN",0,0,0,5.31838,5,0,0.086,1.2634,,3.36757,15.1108,3.39067,2.13,1.99,0.573736,1.60933,0.08576,0.232686,3.14076,8.39385,4.30103,1.95159,1.53334,0.207849,0.106502,0.10134664177894592,0.255537,1.48475,0.294834,0.683859,,,5.09367,-0.0133292,-0.0410232,999,,,,,,,6.100000000000002,2.033333333333334,6,2,,,,,,,,,,,,,,,,,,,"Tejay Antone","16233",622088
"Jimmy Herget","COL",0,0,0,6.01227,6,0,0.155,1.0001,,4.89499,22.3004,5.59067,3.52,3.27,0.810829,1.88807,0.132978,0.43838,4.17869,7.683,3.47144,2.2132,1.4908,0.187382,0.0846654,0.10271631181240082,0.279898,1.52784,0.318987,0.624055,,,4.97505,-0.0134344,-0.133964,999,,,,,,,15.1,3.02,18,3.6,,,,,,,,,,,,,,,,,,,"Jimmy Herget","17556",623474
"Hayden Harris","COL",0,0,0,6.33866,3,0,0,0.0485,,2.48475,11.5496,2.89004,1.88,1.75,0.462552,1.22001,0.0621577,0.151593,2.35892,8.54423,4.41898,1.93353,1.6754,0.204243,0.105632,0.09861086308956146,0.28395,1.65411,0.329978,0.644062,,,5.28051,-0.0135729,-0.0928594,999,,,,,,,8,4,11,5.5,,,,,,,,,,,,,,,,,,,"Hayden Harris","31913",802686
"Chase Petty","CIN",0,0,0,5.2382,4,0,0,0.0546,,3.36757,15.1654,3.37629,2.09,1.96,0.486027,1.66626,0.151222,0.236494,2.52942,6.76001,4.45317,1.51802,1.29893,0.166789,0.109872,0.0569162592291832,0.254571,1.49739,0.282053,0.676863,,,5.17227,-0.0143281,-0.0409358,999,,,,,,,14.400000000000002,4.800000000000001,15,5,,,,,,,,,,,,,,,,,,,"Chase Petty","30170",695534
"Joey Estes","ATH",0,0,0,5.52073,2,0,0,0.0484,,3.47237,15.4021,3.67716,2.29,2.13,0.680391,1.25228,0.189434,0.207853,2.52701,6.54973,3.24577,2.01793,1.7635,0.164069,0.0813055,0.08276322484016418,0.263747,1.41962,0.279169,0.663694,,,5.45646,-0.0150448,-0.0405036,999,,,,,,,2.5000000000000018,0.8333333333333339,5,1.6666666666666667,,,,,,,,,,,,,,,,,,,"Joey Estes","26257",683155
"Zach McCambley","CIN",0,0,0,5.21148,4,0,0,0.0546,,2.69405,12.1918,2.52992,1.66,1.56,0.417112,1.57557,0.130944,0.192821,2.57801,8.61233,5.26348,1.63624,1.39344,0.211455,0.129232,0.08222295343875885,0.242716,1.52391,0.284429,0.694438,,,5.17129,-0.0154829,-0.0409358,999,,,,,,,14.400000000000002,4.800000000000001,15,5,,,,,,,,,,,,,,,,,,,"Zach McCambley","27666",685112
"Tony Santillan","CIN",0,0,0,5.45201,5,0,0.086,1.0577,,3.36757,15.1945,3.32846,2.18,2.04,0.595521,1.75505,0.100156,0.191988,3.11627,8.3284,4.69047,1.7756,1.59156,0.205092,0.115506,0.08958637714385986,0.251252,1.50955,0.286601,0.683214,,,5.28587,-0.0180412,-0.0410232,718.1199951171875,,,,,,,6.100000000000002,2.033333333333334,6,2,,,,,,,,,,,,,,,,,,,"Tony Santillan","19926",663574
"Tyron Guerrero","BOS",0,0,0,5.39543,5,0,0,0.9485,,4.48713,20.2486,4.59603,2.89,2.69,0.677146,2.2588,0.0845397,0.322079,3.79019,7.60212,4.53055,1.67797,1.35817,0.187183,0.111553,0.07562962919473648,0.260137,1.52766,0.296876,0.671228,,,5.10115,-0.0197251,-0.0875877,999,,,,,,,10.3,2.575,13,3.25,,,,,,,,,,,,,,,,,,,"Tyron Guerrero","11691",594027
"Brennan Bernardino","COL",0,0,0,6.093,5,0,0.233,0.9201,,4.09158,18.8418,4.85174,2.99,2.77,0.620253,1.68952,0.131504,0.408646,3.19007,7.017,3.71633,1.88815,1.36433,0.169308,0.0896688,0.07963960617780685,0.289767,1.59871,0.327178,0.626003,,,5.05295,-0.0200633,-0.0875877,999,,,,,,,8.3,2.075,11,2.75,,,,,,,,,,,,,,,,,,,"Brennan Bernardino","16835",657514
"Blas Castaño","COL",0,0,0,6.07634,4,0,0,0.0485,,3.28817,15.2237,3.84851,2.39,2.22,0.453616,1.53924,0.0990364,0.314547,2.23848,6.12692,4.21303,1.45428,1.24159,0.147039,0.101108,0.045931145548820496,0.287848,1.63853,0.317938,0.630748,,,5.22637,-0.0205971,-0.0409358,999,,,,,,,9.800000000000002,3.2666666666666675,13,4.333333333333333,,,,,,,,,,,,,,,,,,,"Blas Castano","26117",680604
"Tim Hill","NYY",0,0,0,5.24911,5,0,0,1.145,,3.36057,14.9316,3.94868,2.12,1.96,0.476634,1.09444,0.0817352,0.140683,1.2816,3.43227,2.93104,1.17101,1.27648,0.0858316,0.0732971,0.012534461915493011,0.2883,1.50067,0.290835,0.668015,,,5.28686,-0.0263172,-0.0410232,999,,,,,,,14.800000000000002,4.9333333333333345,18,6,,,,,,,,,,,,,,,,,,,"Tim Hill","16814",657612
"Zach Agnos","COL",0,0,0,6.04901,5,0,0,0.7205,,4.09158,18.7229,4.81766,2.95,2.75,0.641171,1.72082,0.104752,0.240533,2.76937,6.09162,3.78518,1.60933,1.41035,0.147913,0.0919097,0.05600360035896301,0.287423,1.59803,0.312821,0.63616,,,5.22475,-0.0274363,-0.0875877,743.47998046875,,,,,,,8.3,2.075,11,2.75,,,,,,,,,,,,,,,,,,,"Zach Agnos","31552",688642
"Julian Garcia","CIN",0,0,0,6.01324,4,0,0,0.3641,,2.69405,12.3725,2.75487,1.92,1.8,0.557166,1.53974,0.101974,0.13519,2.55286,8.52831,5.1438,1.65798,1.86132,0.206334,0.124449,0.08188460767269135,0.257524,1.59411,0.289647,0.675646,,,5.76172,-0.0309931,-0.0409358,999,,,,,,,2.1000000000000023,0.7000000000000007,2,0.6666666666666666,,,,,,,,,,,,,,,,,,,"Julian Garcia","22362",670062
"Tomoyuki Sugano","COL",0,0,1.06775,6.7118,3,3,0,0,,14.844,67.5542,19.146,11.81,11.07,3.26494,4.64501,0.0606875,0.557409,8.98132,5.44542,2.8163,1.93354,1.97955,0.13295,0.0687598,0.0641900897026062,0.307065,1.60274,0.316953,0.623359,,,5.80386,-0.0443166,-0.21521,999,,,,,,,24.699999999999996,1.6466666666666663,36,2.4,,,,,,,,,,,,,,,,,,,"Tomoyuki Sugano","35321",608372